problem,dim,seed,relation,target_context_size,method,standardized_rmse,ndcg_at_top,spearman,pairwise_accuracy,precision_at_top,normalized_top1_regret,mean_negative_log_likelihood,interval_coverage_95,n_test,effective_mode,gate_accepted,calibration_slope,calibration_raw_slope,cv_target_rmse,cv_transfer_rmse,cv_relative_rmse_gain,context_pairwise_accuracy,gate_rejection_reason,source_fidelity_ndcg,source_fidelity_spearman,source_fidelity_pairwise,n_matching_structures,n_wrong_structures,source_membership_mean,source_membership_min,source_membership_below_0_05,matching_source_data_hash,wrong_source_data_hash,target_context_design_hash,target_test_design_hash,target_test_truth_hash,srmse_delta_vs_target_only,negative_transfer
GMM,2,42,matching,6,Target-Only,0.6253503565618606,0.9933503906639436,0.8136830510414281,0.8216299019607843,0.8846153846153846,0.0033466673129076345,-2.3077471735063106,1.0,256,target_only,False,0.0,0.0,,,,,not_applicable,0.9743895363281806,0.779076304646372,0.8005208333333333,3,3,0.9136796673075795,0.7388604544139821,0.0,f53fa3b3177bd7a1794f7ba795b8f30e4adc7626060c6285b6c794a83877bd4e,9bbb6b78bd36c501474723ea267b7b3c91ad8a3b291c615555163ec2722cee41,a3cfde69c8d04c4363210a06c1c143f0f454fe8abda8162be796dbda0cb8e246,6d7b610c4991f6d294eaa880fdbb7136e38a7d84a6679d5347e3da2d626d262f,faa8c680ab8182914b4de235aa3025a2c0448adbbebcd3b6f16df1e8894be422,0.0,False
GMM,2,42,matching,6,Source-Affine-Only,1.0191460049929097,0.4610216646217378,0.0,0.5,0.11538461538461539,0.6686138786072557,-1.6361989492623121,1.0,256,constant_target_mean,False,0.0,-0.03679148301033582,,,,,not_applicable,0.9743895363281806,0.779076304646372,0.8005208333333333,3,3,0.9136796673075795,0.7388604544139821,0.0,f53fa3b3177bd7a1794f7ba795b8f30e4adc7626060c6285b6c794a83877bd4e,9bbb6b78bd36c501474723ea267b7b3c91ad8a3b291c615555163ec2722cee41,a3cfde69c8d04c4363210a06c1c143f0f454fe8abda8162be796dbda0cb8e246,6d7b610c4991f6d294eaa880fdbb7136e38a7d84a6679d5347e3da2d626d262f,faa8c680ab8182914b4de235aa3025a2c0448adbbebcd3b6f16df1e8894be422,0.3937956484310492,True
GMM,2,42,matching,6,Fixed-Source+Residual,1.9484129889825987,0.3298318245881247,0.4026758125429159,0.6441176470588236,0.0,0.8862700368144836,-1.4813148710651183,0.99609375,256,fixed,False,0.06407307937654211,0.06407307937654211,,,,,not_applicable,0.9743895363281806,0.779076304646372,0.8005208333333333,3,3,0.9136796673075795,0.7388604544139821,0.0,f53fa3b3177bd7a1794f7ba795b8f30e4adc7626060c6285b6c794a83877bd4e,9bbb6b78bd36c501474723ea267b7b3c91ad8a3b291c615555163ec2722cee41,a3cfde69c8d04c4363210a06c1c143f0f454fe8abda8162be796dbda0cb8e246,6d7b610c4991f6d294eaa880fdbb7136e38a7d84a6679d5347e3da2d626d262f,faa8c680ab8182914b4de235aa3025a2c0448adbbebcd3b6f16df1e8894be422,1.3230626324207382,True
GMM,2,42,matching,6,Calibrated-Source+Residual,0.6253503565618606,0.9933503906639436,0.8136830510414281,0.8216299019607843,0.8846153846153846,0.0033466673129076345,-2.3077471735063106,1.0,256,target_only,False,0.0,-0.03679148301033582,,,,,not_applicable,0.9743895363281806,0.779076304646372,0.8005208333333333,3,3,0.9136796673075795,0.7388604544139821,0.0,f53fa3b3177bd7a1794f7ba795b8f30e4adc7626060c6285b6c794a83877bd4e,9bbb6b78bd36c501474723ea267b7b3c91ad8a3b291c615555163ec2722cee41,a3cfde69c8d04c4363210a06c1c143f0f454fe8abda8162be796dbda0cb8e246,6d7b610c4991f6d294eaa880fdbb7136e38a7d84a6679d5347e3da2d626d262f,faa8c680ab8182914b4de235aa3025a2c0448adbbebcd3b6f16df1e8894be422,0.0,False
GMM,2,42,matching,6,Gated-Source+Residual,0.6253503565618606,0.9933503906639436,0.8136830510414281,0.8216299019607843,0.8846153846153846,0.0033466673129076345,-2.3077471735063106,1.0,256,target_only,False,0.0,-0.03679148301033582,0.055368682590722924,0.055368682590722924,0.0,0.2,non_positive_calibrated_slope;insufficient_cv_rmse_gain;insufficient_pairwise_agreement,0.9743895363281806,0.779076304646372,0.8005208333333333,3,3,0.9136796673075795,0.7388604544139821,0.0,f53fa3b3177bd7a1794f7ba795b8f30e4adc7626060c6285b6c794a83877bd4e,9bbb6b78bd36c501474723ea267b7b3c91ad8a3b291c615555163ec2722cee41,a3cfde69c8d04c4363210a06c1c143f0f454fe8abda8162be796dbda0cb8e246,6d7b610c4991f6d294eaa880fdbb7136e38a7d84a6679d5347e3da2d626d262f,faa8c680ab8182914b4de235aa3025a2c0448adbbebcd3b6f16df1e8894be422,0.0,False
GMM,2,42,matching,12,Target-Only,0.32982337847103327,0.996012302036505,0.972763361181048,0.9373468137254902,0.8846153846153846,0.004725345872336989,-3.0449156282080585,0.99609375,256,target_only,False,0.0,0.0,,,,,not_applicable,0.9743895363281806,0.779076304646372,0.8005208333333333,3,3,0.9136796673075795,0.7388604544139821,0.0,f53fa3b3177bd7a1794f7ba795b8f30e4adc7626060c6285b6c794a83877bd4e,9bbb6b78bd36c501474723ea267b7b3c91ad8a3b291c615555163ec2722cee41,a3cfde69c8d04c4363210a06c1c143f0f454fe8abda8162be796dbda0cb8e246,6d7b610c4991f6d294eaa880fdbb7136e38a7d84a6679d5347e3da2d626d262f,faa8c680ab8182914b4de235aa3025a2c0448adbbebcd3b6f16df1e8894be422,0.0,False
GMM,2,42,matching,12,Source-Affine-Only,1.0000358520091452,0.4610216646217378,0.0,0.5,0.11538461538461539,0.6686138786072557,-1.74802079177736,0.99609375,256,constant_target_mean,False,0.0,-0.02139646460992157,,,,,not_applicable,0.9743895363281806,0.779076304646372,0.8005208333333333,3,3,0.9136796673075795,0.7388604544139821,0.0,f53fa3b3177bd7a1794f7ba795b8f30e4adc7626060c6285b6c794a83877bd4e,9bbb6b78bd36c501474723ea267b7b3c91ad8a3b291c615555163ec2722cee41,a3cfde69c8d04c4363210a06c1c143f0f454fe8abda8162be796dbda0cb8e246,6d7b610c4991f6d294eaa880fdbb7136e38a7d84a6679d5347e3da2d626d262f,faa8c680ab8182914b4de235aa3025a2c0448adbbebcd3b6f16df1e8894be422,0.670212473538112,True
GMM,2,42,matching,12,Fixed-Source+Residual,0.6550700811993083,0.7108873135159229,0.8259162565804531,0.8443933823529411,0.7307692307692307,0.7354068713758045,-2.491041367300652,1.0,256,fixed,False,0.05294038176962706,0.05294038176962706,,,,,not_applicable,0.9743895363281806,0.779076304646372,0.8005208333333333,3,3,0.9136796673075795,0.7388604544139821,0.0,f53fa3b3177bd7a1794f7ba795b8f30e4adc7626060c6285b6c794a83877bd4e,9bbb6b78bd36c501474723ea267b7b3c91ad8a3b291c615555163ec2722cee41,a3cfde69c8d04c4363210a06c1c143f0f454fe8abda8162be796dbda0cb8e246,6d7b610c4991f6d294eaa880fdbb7136e38a7d84a6679d5347e3da2d626d262f,faa8c680ab8182914b4de235aa3025a2c0448adbbebcd3b6f16df1e8894be422,0.32524670272827505,True
GMM,2,42,matching,12,Calibrated-Source+Residual,0.32982337847103327,0.996012302036505,0.972763361181048,0.9373468137254902,0.8846153846153846,0.004725345872336989,-3.0449156282080585,0.99609375,256,target_only,False,0.0,-0.02139646460992157,,,,,not_applicable,0.9743895363281806,0.779076304646372,0.8005208333333333,3,3,0.9136796673075795,0.7388604544139821,0.0,f53fa3b3177bd7a1794f7ba795b8f30e4adc7626060c6285b6c794a83877bd4e,9bbb6b78bd36c501474723ea267b7b3c91ad8a3b291c615555163ec2722cee41,a3cfde69c8d04c4363210a06c1c143f0f454fe8abda8162be796dbda0cb8e246,6d7b610c4991f6d294eaa880fdbb7136e38a7d84a6679d5347e3da2d626d262f,faa8c680ab8182914b4de235aa3025a2c0448adbbebcd3b6f16df1e8894be422,0.0,False
GMM,2,42,matching,12,Gated-Source+Residual,0.32982337847103327,0.996012302036505,0.972763361181048,0.9373468137254902,0.8846153846153846,0.004725345872336989,-3.0449156282080585,0.99609375,256,target_only,False,0.0,-0.02139646460992157,0.05030119581713571,0.05030119581713571,0.0,0.3787878787878788,non_positive_calibrated_slope;insufficient_cv_rmse_gain;insufficient_pairwise_agreement,0.9743895363281806,0.779076304646372,0.8005208333333333,3,3,0.9136796673075795,0.7388604544139821,0.0,f53fa3b3177bd7a1794f7ba795b8f30e4adc7626060c6285b6c794a83877bd4e,9bbb6b78bd36c501474723ea267b7b3c91ad8a3b291c615555163ec2722cee41,a3cfde69c8d04c4363210a06c1c143f0f454fe8abda8162be796dbda0cb8e246,6d7b610c4991f6d294eaa880fdbb7136e38a7d84a6679d5347e3da2d626d262f,faa8c680ab8182914b4de235aa3025a2c0448adbbebcd3b6f16df1e8894be422,0.0,False
GMM,2,42,wrong,6,Target-Only,0.6253503565618606,0.9933503906639436,0.8136830510414281,0.8216299019607843,0.8846153846153846,0.0033466673129076345,-2.3077471735063106,1.0,256,target_only,False,0.0,0.0,,,,,not_applicable,0.4693109463580401,0.214818198830702,1.0,3,3,0.8712939233709478,0.5907857137975094,0.0,f53fa3b3177bd7a1794f7ba795b8f30e4adc7626060c6285b6c794a83877bd4e,9bbb6b78bd36c501474723ea267b7b3c91ad8a3b291c615555163ec2722cee41,a3cfde69c8d04c4363210a06c1c143f0f454fe8abda8162be796dbda0cb8e246,6d7b610c4991f6d294eaa880fdbb7136e38a7d84a6679d5347e3da2d626d262f,faa8c680ab8182914b4de235aa3025a2c0448adbbebcd3b6f16df1e8894be422,0.0,False
GMM,2,42,wrong,6,Source-Affine-Only,1.0191460049929097,0.4610216646217378,0.0,0.5,0.11538461538461539,0.6686138786072557,-1.6361989492623121,1.0,256,constant_target_mean,False,0.0,0.0,,,,,not_applicable,0.4693109463580401,0.214818198830702,1.0,3,3,0.8712939233709478,0.5907857137975094,0.0,f53fa3b3177bd7a1794f7ba795b8f30e4adc7626060c6285b6c794a83877bd4e,9bbb6b78bd36c501474723ea267b7b3c91ad8a3b291c615555163ec2722cee41,a3cfde69c8d04c4363210a06c1c143f0f454fe8abda8162be796dbda0cb8e246,6d7b610c4991f6d294eaa880fdbb7136e38a7d84a6679d5347e3da2d626d262f,faa8c680ab8182914b4de235aa3025a2c0448adbbebcd3b6f16df1e8894be422,0.3937956484310492,True
GMM,2,42,wrong,6,Fixed-Source+Residual,0.6253503565618606,0.9933503906639436,0.8136830510414281,0.8216299019607843,0.8846153846153846,0.0033466673129076345,-2.3077471735063106,1.0,256,target_only,False,0.0,0.0,,,,,not_applicable,0.4693109463580401,0.214818198830702,1.0,3,3,0.8712939233709478,0.5907857137975094,0.0,f53fa3b3177bd7a1794f7ba795b8f30e4adc7626060c6285b6c794a83877bd4e,9bbb6b78bd36c501474723ea267b7b3c91ad8a3b291c615555163ec2722cee41,a3cfde69c8d04c4363210a06c1c143f0f454fe8abda8162be796dbda0cb8e246,6d7b610c4991f6d294eaa880fdbb7136e38a7d84a6679d5347e3da2d626d262f,faa8c680ab8182914b4de235aa3025a2c0448adbbebcd3b6f16df1e8894be422,0.0,False
GMM,2,42,wrong,6,Calibrated-Source+Residual,0.6253503565618606,0.9933503906639436,0.8136830510414281,0.8216299019607843,0.8846153846153846,0.0033466673129076345,-2.3077471735063106,1.0,256,target_only,False,0.0,0.0,,,,,not_applicable,0.4693109463580401,0.214818198830702,1.0,3,3,0.8712939233709478,0.5907857137975094,0.0,f53fa3b3177bd7a1794f7ba795b8f30e4adc7626060c6285b6c794a83877bd4e,9bbb6b78bd36c501474723ea267b7b3c91ad8a3b291c615555163ec2722cee41,a3cfde69c8d04c4363210a06c1c143f0f454fe8abda8162be796dbda0cb8e246,6d7b610c4991f6d294eaa880fdbb7136e38a7d84a6679d5347e3da2d626d262f,faa8c680ab8182914b4de235aa3025a2c0448adbbebcd3b6f16df1e8894be422,0.0,False
GMM,2,42,wrong,6,Gated-Source+Residual,0.6253503565618606,0.9933503906639436,0.8136830510414281,0.8216299019607843,0.8846153846153846,0.0033466673129076345,-2.3077471735063106,1.0,256,target_only,False,0.0,0.0,0.06407307937654211,0.06407307937654211,0.0,0.5,expert_score_has_negligible_variance,0.4693109463580401,0.214818198830702,1.0,3,3,0.8712939233709478,0.5907857137975094,0.0,f53fa3b3177bd7a1794f7ba795b8f30e4adc7626060c6285b6c794a83877bd4e,9bbb6b78bd36c501474723ea267b7b3c91ad8a3b291c615555163ec2722cee41,a3cfde69c8d04c4363210a06c1c143f0f454fe8abda8162be796dbda0cb8e246,6d7b610c4991f6d294eaa880fdbb7136e38a7d84a6679d5347e3da2d626d262f,faa8c680ab8182914b4de235aa3025a2c0448adbbebcd3b6f16df1e8894be422,0.0,False
GMM,2,42,wrong,12,Target-Only,0.32982337847103327,0.996012302036505,0.972763361181048,0.9373468137254902,0.8846153846153846,0.004725345872336989,-3.0449156282080585,0.99609375,256,target_only,False,0.0,0.0,,,,,not_applicable,0.4693109463580401,0.214818198830702,1.0,3,3,0.8712939233709478,0.5907857137975094,0.0,f53fa3b3177bd7a1794f7ba795b8f30e4adc7626060c6285b6c794a83877bd4e,9bbb6b78bd36c501474723ea267b7b3c91ad8a3b291c615555163ec2722cee41,a3cfde69c8d04c4363210a06c1c143f0f454fe8abda8162be796dbda0cb8e246,6d7b610c4991f6d294eaa880fdbb7136e38a7d84a6679d5347e3da2d626d262f,faa8c680ab8182914b4de235aa3025a2c0448adbbebcd3b6f16df1e8894be422,0.0,False
GMM,2,42,wrong,12,Source-Affine-Only,1.0000358520091452,0.4610216646217378,0.0,0.5,0.11538461538461539,0.6686138786072557,-1.74802079177736,0.99609375,256,constant_target_mean,False,0.0,0.0,,,,,not_applicable,0.4693109463580401,0.214818198830702,1.0,3,3,0.8712939233709478,0.5907857137975094,0.0,f53fa3b3177bd7a1794f7ba795b8f30e4adc7626060c6285b6c794a83877bd4e,9bbb6b78bd36c501474723ea267b7b3c91ad8a3b291c615555163ec2722cee41,a3cfde69c8d04c4363210a06c1c143f0f454fe8abda8162be796dbda0cb8e246,6d7b610c4991f6d294eaa880fdbb7136e38a7d84a6679d5347e3da2d626d262f,faa8c680ab8182914b4de235aa3025a2c0448adbbebcd3b6f16df1e8894be422,0.670212473538112,True
GMM,2,42,wrong,12,Fixed-Source+Residual,0.32982337847103327,0.996012302036505,0.972763361181048,0.9373468137254902,0.8846153846153846,0.004725345872336989,-3.0449156282080585,0.99609375,256,target_only,False,0.0,0.0,,,,,not_applicable,0.4693109463580401,0.214818198830702,1.0,3,3,0.8712939233709478,0.5907857137975094,0.0,f53fa3b3177bd7a1794f7ba795b8f30e4adc7626060c6285b6c794a83877bd4e,9bbb6b78bd36c501474723ea267b7b3c91ad8a3b291c615555163ec2722cee41,a3cfde69c8d04c4363210a06c1c143f0f454fe8abda8162be796dbda0cb8e246,6d7b610c4991f6d294eaa880fdbb7136e38a7d84a6679d5347e3da2d626d262f,faa8c680ab8182914b4de235aa3025a2c0448adbbebcd3b6f16df1e8894be422,0.0,False
GMM,2,42,wrong,12,Calibrated-Source+Residual,0.32982337847103327,0.996012302036505,0.972763361181048,0.9373468137254902,0.8846153846153846,0.004725345872336989,-3.0449156282080585,0.99609375,256,target_only,False,0.0,0.0,,,,,not_applicable,0.4693109463580401,0.214818198830702,1.0,3,3,0.8712939233709478,0.5907857137975094,0.0,f53fa3b3177bd7a1794f7ba795b8f30e4adc7626060c6285b6c794a83877bd4e,9bbb6b78bd36c501474723ea267b7b3c91ad8a3b291c615555163ec2722cee41,a3cfde69c8d04c4363210a06c1c143f0f454fe8abda8162be796dbda0cb8e246,6d7b610c4991f6d294eaa880fdbb7136e38a7d84a6679d5347e3da2d626d262f,faa8c680ab8182914b4de235aa3025a2c0448adbbebcd3b6f16df1e8894be422,0.0,False
GMM,2,42,wrong,12,Gated-Source+Residual,0.32982337847103327,0.996012302036505,0.972763361181048,0.9373468137254902,0.8846153846153846,0.004725345872336989,-3.0449156282080585,0.99609375,256,target_only,False,0.0,0.0,0.05294038176962706,0.05294038176962706,0.0,0.5,expert_score_has_negligible_variance,0.4693109463580401,0.214818198830702,1.0,3,3,0.8712939233709478,0.5907857137975094,0.0,f53fa3b3177bd7a1794f7ba795b8f30e4adc7626060c6285b6c794a83877bd4e,9bbb6b78bd36c501474723ea267b7b3c91ad8a3b291c615555163ec2722cee41,a3cfde69c8d04c4363210a06c1c143f0f454fe8abda8162be796dbda0cb8e246,6d7b610c4991f6d294eaa880fdbb7136e38a7d84a6679d5347e3da2d626d262f,faa8c680ab8182914b4de235aa3025a2c0448adbbebcd3b6f16df1e8894be422,0.0,False
GMM,2,42,reversed,6,Target-Only,0.6253503565618606,0.9933503906639436,0.8136830510414281,0.8216299019607843,0.8846153846153846,0.0033466673129076345,-2.3077471735063106,1.0,256,target_only,False,0.0,0.0,,,,,not_applicable,0.05562641733121482,-0.779076304646372,0.19947916666666668,3,3,0.9136796673075795,0.7388604544139821,0.0,f53fa3b3177bd7a1794f7ba795b8f30e4adc7626060c6285b6c794a83877bd4e,9bbb6b78bd36c501474723ea267b7b3c91ad8a3b291c615555163ec2722cee41,a3cfde69c8d04c4363210a06c1c143f0f454fe8abda8162be796dbda0cb8e246,6d7b610c4991f6d294eaa880fdbb7136e38a7d84a6679d5347e3da2d626d262f,faa8c680ab8182914b4de235aa3025a2c0448adbbebcd3b6f16df1e8894be422,0.0,False
GMM,2,42,reversed,6,Source-Affine-Only,1.6083840529410622,0.19127641263794518,0.1850151636530098,0.5599264705882353,0.0,1.0449494688928986,-1.2623754031312773,0.90234375,256,calibrated_source_only,False,0.03679148301033582,0.03679148301033582,,,,,not_applicable,0.05562641733121482,-0.779076304646372,0.19947916666666668,3,3,0.9136796673075795,0.7388604544139821,0.0,f53fa3b3177bd7a1794f7ba795b8f30e4adc7626060c6285b6c794a83877bd4e,9bbb6b78bd36c501474723ea267b7b3c91ad8a3b291c615555163ec2722cee41,a3cfde69c8d04c4363210a06c1c143f0f454fe8abda8162be796dbda0cb8e246,6d7b610c4991f6d294eaa880fdbb7136e38a7d84a6679d5347e3da2d626d262f,faa8c680ab8182914b4de235aa3025a2c0448adbbebcd3b6f16df1e8894be422,0.9830336963792017,True
GMM,2,42,reversed,6,Fixed-Source+Residual,1.9612745239269247,0.23360233671614994,0.3709623197528038,0.6394914215686275,0.0,1.0449494688928986,-0.665763730903723,0.73046875,256,fixed,False,0.06407307937654211,0.06407307937654211,,,,,not_applicable,0.05562641733121482,-0.779076304646372,0.19947916666666668,3,3,0.9136796673075795,0.7388604544139821,0.0,f53fa3b3177bd7a1794f7ba795b8f30e4adc7626060c6285b6c794a83877bd4e,9bbb6b78bd36c501474723ea267b7b3c91ad8a3b291c615555163ec2722cee41,a3cfde69c8d04c4363210a06c1c143f0f454fe8abda8162be796dbda0cb8e246,6d7b610c4991f6d294eaa880fdbb7136e38a7d84a6679d5347e3da2d626d262f,faa8c680ab8182914b4de235aa3025a2c0448adbbebcd3b6f16df1e8894be422,1.3359241673650641,True
GMM,2,42,reversed,6,Calibrated-Source+Residual,1.239582226463924,0.2601689035723038,0.48726539253833817,0.6902267156862745,0.0,1.0449494688928986,-1.7753043498975223,0.8984375,256,calibrated,False,0.03679148301033582,0.03679148301033582,,,,,not_applicable,0.05562641733121482,-0.779076304646372,0.19947916666666668,3,3,0.9136796673075795,0.7388604544139821,0.0,f53fa3b3177bd7a1794f7ba795b8f30e4adc7626060c6285b6c794a83877bd4e,9bbb6b78bd36c501474723ea267b7b3c91ad8a3b291c615555163ec2722cee41,a3cfde69c8d04c4363210a06c1c143f0f454fe8abda8162be796dbda0cb8e246,6d7b610c4991f6d294eaa880fdbb7136e38a7d84a6679d5347e3da2d626d262f,faa8c680ab8182914b4de235aa3025a2c0448adbbebcd3b6f16df1e8894be422,0.6142318699020635,True
GMM,2,42,reversed,6,Gated-Source+Residual,0.6253503565618606,0.9933503906639436,0.8136830510414281,0.8216299019607843,0.8846153846153846,0.0033466673129076345,-2.3077471735063106,1.0,256,target_only,False,0.03679148301033582,0.03679148301033582,0.055368682590722924,0.060375164841355,-0.09042083026679992,0.8,insufficient_cv_rmse_gain,0.05562641733121482,-0.779076304646372,0.19947916666666668,3,3,0.9136796673075795,0.7388604544139821,0.0,f53fa3b3177bd7a1794f7ba795b8f30e4adc7626060c6285b6c794a83877bd4e,9bbb6b78bd36c501474723ea267b7b3c91ad8a3b291c615555163ec2722cee41,a3cfde69c8d04c4363210a06c1c143f0f454fe8abda8162be796dbda0cb8e246,6d7b610c4991f6d294eaa880fdbb7136e38a7d84a6679d5347e3da2d626d262f,faa8c680ab8182914b4de235aa3025a2c0448adbbebcd3b6f16df1e8894be422,0.0,False
GMM,2,42,reversed,12,Target-Only,0.32982337847103327,0.996012302036505,0.972763361181048,0.9373468137254902,0.8846153846153846,0.004725345872336989,-3.0449156282080585,0.99609375,256,target_only,False,0.0,0.0,,,,,not_applicable,0.05562641733121482,-0.779076304646372,0.19947916666666668,3,3,0.9136796673075795,0.7388604544139821,0.0,f53fa3b3177bd7a1794f7ba795b8f30e4adc7626060c6285b6c794a83877bd4e,9bbb6b78bd36c501474723ea267b7b3c91ad8a3b291c615555163ec2722cee41,a3cfde69c8d04c4363210a06c1c143f0f454fe8abda8162be796dbda0cb8e246,6d7b610c4991f6d294eaa880fdbb7136e38a7d84a6679d5347e3da2d626d262f,faa8c680ab8182914b4de235aa3025a2c0448adbbebcd3b6f16df1e8894be422,0.0,False
GMM,2,42,reversed,12,Source-Affine-Only,1.1564784050546668,0.19127641263794518,0.1850151636530098,0.5599264705882353,0.0,1.0449494688928986,-1.676574485873505,0.96484375,256,calibrated_source_only,False,0.02139646460992157,0.02139646460992157,,,,,not_applicable,0.05562641733121482,-0.779076304646372,0.19947916666666668,3,3,0.9136796673075795,0.7388604544139821,0.0,f53fa3b3177bd7a1794f7ba795b8f30e4adc7626060c6285b6c794a83877bd4e,9bbb6b78bd36c501474723ea267b7b3c91ad8a3b291c615555163ec2722cee41,a3cfde69c8d04c4363210a06c1c143f0f454fe8abda8162be796dbda0cb8e246,6d7b610c4991f6d294eaa880fdbb7136e38a7d84a6679d5347e3da2d626d262f,faa8c680ab8182914b4de235aa3025a2c0448adbbebcd3b6f16df1e8894be422,0.8266550265836335,True
GMM,2,42,reversed,12,Fixed-Source+Residual,0.7766211357602588,0.7696254577248336,0.7501451991302356,0.8152879901960784,0.8846153846153846,1.3648686759556934,-2.5734531584420144,0.94140625,256,fixed,False,0.05294038176962706,0.05294038176962706,,,,,not_applicable,0.05562641733121482,-0.779076304646372,0.19947916666666668,3,3,0.9136796673075795,0.7388604544139821,0.0,f53fa3b3177bd7a1794f7ba795b8f30e4adc7626060c6285b6c794a83877bd4e,9bbb6b78bd36c501474723ea267b7b3c91ad8a3b291c615555163ec2722cee41,a3cfde69c8d04c4363210a06c1c143f0f454fe8abda8162be796dbda0cb8e246,6d7b610c4991f6d294eaa880fdbb7136e38a7d84a6679d5347e3da2d626d262f,faa8c680ab8182914b4de235aa3025a2c0448adbbebcd3b6f16df1e8894be422,0.44679775728922555,True
GMM,2,42,reversed,12,Calibrated-Source+Residual,0.4587904642058973,0.9947660522560039,0.9168688487067977,0.8982843137254902,0.8846153846153846,0.004725345872336989,-2.998904019640152,0.96484375,256,calibrated,False,0.02139646460992157,0.02139646460992157,,,,,not_applicable,0.05562641733121482,-0.779076304646372,0.19947916666666668,3,3,0.9136796673075795,0.7388604544139821,0.0,f53fa3b3177bd7a1794f7ba795b8f30e4adc7626060c6285b6c794a83877bd4e,9bbb6b78bd36c501474723ea267b7b3c91ad8a3b291c615555163ec2722cee41,a3cfde69c8d04c4363210a06c1c143f0f454fe8abda8162be796dbda0cb8e246,6d7b610c4991f6d294eaa880fdbb7136e38a7d84a6679d5347e3da2d626d262f,faa8c680ab8182914b4de235aa3025a2c0448adbbebcd3b6f16df1e8894be422,0.12896708573486404,True
GMM,2,42,reversed,12,Gated-Source+Residual,0.32982337847103327,0.996012302036505,0.972763361181048,0.9373468137254902,0.8846153846153846,0.004725345872336989,-3.0449156282080585,0.99609375,256,target_only,False,0.02139646460992157,0.02139646460992157,0.05030119581713571,0.05042605906270171,-0.002482311673462399,0.6212121212121212,insufficient_cv_rmse_gain,0.05562641733121482,-0.779076304646372,0.19947916666666668,3,3,0.9136796673075795,0.7388604544139821,0.0,f53fa3b3177bd7a1794f7ba795b8f30e4adc7626060c6285b6c794a83877bd4e,9bbb6b78bd36c501474723ea267b7b3c91ad8a3b291c615555163ec2722cee41,a3cfde69c8d04c4363210a06c1c143f0f454fe8abda8162be796dbda0cb8e246,6d7b610c4991f6d294eaa880fdbb7136e38a7d84a6679d5347e3da2d626d262f,faa8c680ab8182914b4de235aa3025a2c0448adbbebcd3b6f16df1e8894be422,0.0,False
GMM,2,101,matching,6,Target-Only,0.9634231001148906,0.9774331659167212,0.7239278152895398,0.7718137254901961,0.7692307692307693,0.007011023237471369,-1.951602562735295,0.76953125,256,target_only,False,0.0,0.0,,,,,not_applicable,0.9716737571022128,0.8887324044403753,0.8606311274509804,3,3,0.945275765296688,0.7515618661661911,0.0,3d25ec54b6d4d70cbdb7eaba31407e9ced420c865b54f25f52c69e126449ff62,c04232b5a43dc7ee1338c157bb5c61f5fb4a61d5969b2d35fea57e364cad53b0,d9e4996458f2bdf140c96399a7827b1d8dcaa39fcfcf02fd9ba733b8adbda901,4b2662ae282f52b508cb33fff4ea7f838fcd3cdba40587c53b117f4616c7de68,1724ef014e19c1517aa2b08ed6d2299bdb156cb9b7e440973d24b3c1f8a56545,0.0,False
GMM,2,101,matching,6,Source-Affine-Only,1.0960253810397185,0.45519126662830195,0.0,0.5,0.07692307692307693,0.7110827186048446,-1.5865688230621529,0.859375,256,constant_target_mean,False,0.0,-0.004069532553051087,,,,,not_applicable,0.9716737571022128,0.8887324044403753,0.8606311274509804,3,3,0.945275765296688,0.7515618661661911,0.0,3d25ec54b6d4d70cbdb7eaba31407e9ced420c865b54f25f52c69e126449ff62,c04232b5a43dc7ee1338c157bb5c61f5fb4a61d5969b2d35fea57e364cad53b0,d9e4996458f2bdf140c96399a7827b1d8dcaa39fcfcf02fd9ba733b8adbda901,4b2662ae282f52b508cb33fff4ea7f838fcd3cdba40587c53b117f4616c7de68,1724ef014e19c1517aa2b08ed6d2299bdb156cb9b7e440973d24b3c1f8a56545,0.13260228092482784,True
GMM,2,101,matching,6,Fixed-Source+Residual,1.1706944944604039,0.16736930448882534,0.45828064202334623,0.6835171568627451,0.0,1.4313386476845167,-2.0982522152283622,0.875,256,fixed,False,0.030804560204702767,0.030804560204702767,,,,,not_applicable,0.9716737571022128,0.8887324044403753,0.8606311274509804,3,3,0.945275765296688,0.7515618661661911,0.0,3d25ec54b6d4d70cbdb7eaba31407e9ced420c865b54f25f52c69e126449ff62,c04232b5a43dc7ee1338c157bb5c61f5fb4a61d5969b2d35fea57e364cad53b0,d9e4996458f2bdf140c96399a7827b1d8dcaa39fcfcf02fd9ba733b8adbda901,4b2662ae282f52b508cb33fff4ea7f838fcd3cdba40587c53b117f4616c7de68,1724ef014e19c1517aa2b08ed6d2299bdb156cb9b7e440973d24b3c1f8a56545,0.20727139434551323,True
GMM,2,101,matching,6,Calibrated-Source+Residual,0.9634231001148906,0.9774331659167212,0.7239278152895398,0.7718137254901961,0.7692307692307693,0.007011023237471369,-1.951602562735295,0.76953125,256,target_only,False,0.0,-0.004069532553051087,,,,,not_applicable,0.9716737571022128,0.8887324044403753,0.8606311274509804,3,3,0.945275765296688,0.7515618661661911,0.0,3d25ec54b6d4d70cbdb7eaba31407e9ced420c865b54f25f52c69e126449ff62,c04232b5a43dc7ee1338c157bb5c61f5fb4a61d5969b2d35fea57e364cad53b0,d9e4996458f2bdf140c96399a7827b1d8dcaa39fcfcf02fd9ba733b8adbda901,4b2662ae282f52b508cb33fff4ea7f838fcd3cdba40587c53b117f4616c7de68,1724ef014e19c1517aa2b08ed6d2299bdb156cb9b7e440973d24b3c1f8a56545,0.0,False
GMM,2,101,matching,6,Gated-Source+Residual,0.9634231001148906,0.9774331659167212,0.7239278152895398,0.7718137254901961,0.7692307692307693,0.007011023237471369,-1.951602562735295,0.76953125,256,target_only,False,0.0,-0.004069532553051087,0.03618738958366429,0.0387049756125042,-0.06957081065544447,0.5333333333333333,non_positive_calibrated_slope;insufficient_cv_rmse_gain;insufficient_pairwise_agreement,0.9716737571022128,0.8887324044403753,0.8606311274509804,3,3,0.945275765296688,0.7515618661661911,0.0,3d25ec54b6d4d70cbdb7eaba31407e9ced420c865b54f25f52c69e126449ff62,c04232b5a43dc7ee1338c157bb5c61f5fb4a61d5969b2d35fea57e364cad53b0,d9e4996458f2bdf140c96399a7827b1d8dcaa39fcfcf02fd9ba733b8adbda901,4b2662ae282f52b508cb33fff4ea7f838fcd3cdba40587c53b117f4616c7de68,1724ef014e19c1517aa2b08ed6d2299bdb156cb9b7e440973d24b3c1f8a56545,0.0,False
GMM,2,101,matching,12,Target-Only,0.4146721206857573,0.9984060606766828,0.9420626859693292,0.9108455882352942,0.9230769230769231,0.007011023237471369,-3.1652102919836693,0.95703125,256,target_only,False,0.0,0.0,,,,,not_applicable,0.9716737571022128,0.8887324044403753,0.8606311274509804,3,3,0.945275765296688,0.7515618661661911,0.0,3d25ec54b6d4d70cbdb7eaba31407e9ced420c865b54f25f52c69e126449ff62,c04232b5a43dc7ee1338c157bb5c61f5fb4a61d5969b2d35fea57e364cad53b0,d9e4996458f2bdf140c96399a7827b1d8dcaa39fcfcf02fd9ba733b8adbda901,4b2662ae282f52b508cb33fff4ea7f838fcd3cdba40587c53b117f4616c7de68,1724ef014e19c1517aa2b08ed6d2299bdb156cb9b7e440973d24b3c1f8a56545,0.0,False
GMM,2,101,matching,12,Source-Affine-Only,1.002292857360127,0.45519126662830195,0.0,0.5,0.07692307692307693,0.7110827186048446,-1.8159414268639582,0.96484375,256,constant_target_mean,False,0.0,-0.012552038105424757,,,,,not_applicable,0.9716737571022128,0.8887324044403753,0.8606311274509804,3,3,0.945275765296688,0.7515618661661911,0.0,3d25ec54b6d4d70cbdb7eaba31407e9ced420c865b54f25f52c69e126449ff62,c04232b5a43dc7ee1338c157bb5c61f5fb4a61d5969b2d35fea57e364cad53b0,d9e4996458f2bdf140c96399a7827b1d8dcaa39fcfcf02fd9ba733b8adbda901,4b2662ae282f52b508cb33fff4ea7f838fcd3cdba40587c53b117f4616c7de68,1724ef014e19c1517aa2b08ed6d2299bdb156cb9b7e440973d24b3c1f8a56545,0.5876207366743698,True
GMM,2,101,matching,12,Fixed-Source+Residual,0.3485918625586556,0.9997840429701725,0.9573600938429846,0.9231311274509804,1.0,0.0,-2.861319502514838,0.9921875,256,fixed,False,0.03817137862150427,0.03817137862150427,,,,,not_applicable,0.9716737571022128,0.8887324044403753,0.8606311274509804,3,3,0.945275765296688,0.7515618661661911,0.0,3d25ec54b6d4d70cbdb7eaba31407e9ced420c865b54f25f52c69e126449ff62,c04232b5a43dc7ee1338c157bb5c61f5fb4a61d5969b2d35fea57e364cad53b0,d9e4996458f2bdf140c96399a7827b1d8dcaa39fcfcf02fd9ba733b8adbda901,4b2662ae282f52b508cb33fff4ea7f838fcd3cdba40587c53b117f4616c7de68,1724ef014e19c1517aa2b08ed6d2299bdb156cb9b7e440973d24b3c1f8a56545,-0.06608025812710172,False
GMM,2,101,matching,12,Calibrated-Source+Residual,0.4146721206857573,0.9984060606766828,0.9420626859693292,0.9108455882352942,0.9230769230769231,0.007011023237471369,-3.1652102919836693,0.95703125,256,target_only,False,0.0,-0.012552038105424757,,,,,not_applicable,0.9716737571022128,0.8887324044403753,0.8606311274509804,3,3,0.945275765296688,0.7515618661661911,0.0,3d25ec54b6d4d70cbdb7eaba31407e9ced420c865b54f25f52c69e126449ff62,c04232b5a43dc7ee1338c157bb5c61f5fb4a61d5969b2d35fea57e364cad53b0,d9e4996458f2bdf140c96399a7827b1d8dcaa39fcfcf02fd9ba733b8adbda901,4b2662ae282f52b508cb33fff4ea7f838fcd3cdba40587c53b117f4616c7de68,1724ef014e19c1517aa2b08ed6d2299bdb156cb9b7e440973d24b3c1f8a56545,0.0,False
GMM,2,101,matching,12,Gated-Source+Residual,0.4146721206857573,0.9984060606766828,0.9420626859693292,0.9108455882352942,0.9230769230769231,0.007011023237471369,-3.1652102919836693,0.95703125,256,target_only,False,0.0,-0.012552038105424757,0.035517647807430226,0.035574866423576615,-0.0016109911460527122,0.4090909090909091,non_positive_calibrated_slope;insufficient_cv_rmse_gain;insufficient_pairwise_agreement,0.9716737571022128,0.8887324044403753,0.8606311274509804,3,3,0.945275765296688,0.7515618661661911,0.0,3d25ec54b6d4d70cbdb7eaba31407e9ced420c865b54f25f52c69e126449ff62,c04232b5a43dc7ee1338c157bb5c61f5fb4a61d5969b2d35fea57e364cad53b0,d9e4996458f2bdf140c96399a7827b1d8dcaa39fcfcf02fd9ba733b8adbda901,4b2662ae282f52b508cb33fff4ea7f838fcd3cdba40587c53b117f4616c7de68,1724ef014e19c1517aa2b08ed6d2299bdb156cb9b7e440973d24b3c1f8a56545,0.0,False
GMM,2,101,wrong,6,Target-Only,0.9634231001148906,0.9774331659167212,0.7239278152895398,0.7718137254901961,0.7692307692307693,0.007011023237471369,-1.951602562735295,0.76953125,256,target_only,False,0.0,0.0,,,,,not_applicable,0.9830131674654937,0.989675841153582,0.9564031862745098,3,3,0.8867106536332304,0.6992614840102653,0.0,3d25ec54b6d4d70cbdb7eaba31407e9ced420c865b54f25f52c69e126449ff62,c04232b5a43dc7ee1338c157bb5c61f5fb4a61d5969b2d35fea57e364cad53b0,d9e4996458f2bdf140c96399a7827b1d8dcaa39fcfcf02fd9ba733b8adbda901,4b2662ae282f52b508cb33fff4ea7f838fcd3cdba40587c53b117f4616c7de68,1724ef014e19c1517aa2b08ed6d2299bdb156cb9b7e440973d24b3c1f8a56545,0.0,False
GMM,2,101,wrong,6,Source-Affine-Only,1.0273122892426905,0.4565360632651671,0.33376487754634926,0.6208946078431372,0.0,0.5733276011946582,-0.9415226989139371,0.734375,256,calibrated_source_only,False,0.02038672572238557,0.02038672572238557,,,,,not_applicable,0.9830131674654937,0.989675841153582,0.9564031862745098,3,3,0.8867106536332304,0.6992614840102653,0.0,3d25ec54b6d4d70cbdb7eaba31407e9ced420c865b54f25f52c69e126449ff62,c04232b5a43dc7ee1338c157bb5c61f5fb4a61d5969b2d35fea57e364cad53b0,d9e4996458f2bdf140c96399a7827b1d8dcaa39fcfcf02fd9ba733b8adbda901,4b2662ae282f52b508cb33fff4ea7f838fcd3cdba40587c53b117f4616c7de68,1724ef014e19c1517aa2b08ed6d2299bdb156cb9b7e440973d24b3c1f8a56545,0.06388918912779984,True
GMM,2,101,wrong,6,Fixed-Source+Residual,0.9098117018538336,0.611224931718747,0.5902137216754405,0.7272058823529411,0.3076923076923077,0.69233980199983,-1.1710424973485387,0.7109375,256,fixed,False,0.030804560204702767,0.030804560204702767,,,,,not_applicable,0.9830131674654937,0.989675841153582,0.9564031862745098,3,3,0.8867106536332304,0.6992614840102653,0.0,3d25ec54b6d4d70cbdb7eaba31407e9ced420c865b54f25f52c69e126449ff62,c04232b5a43dc7ee1338c157bb5c61f5fb4a61d5969b2d35fea57e364cad53b0,d9e4996458f2bdf140c96399a7827b1d8dcaa39fcfcf02fd9ba733b8adbda901,4b2662ae282f52b508cb33fff4ea7f838fcd3cdba40587c53b117f4616c7de68,1724ef014e19c1517aa2b08ed6d2299bdb156cb9b7e440973d24b3c1f8a56545,-0.053611398261056986,False
GMM,2,101,wrong,6,Calibrated-Source+Residual,0.8582732230581687,0.9245606336782268,0.6796563859006637,0.7635110294117647,0.5769230769230769,0.007011023237471369,-1.2482998483085992,0.69140625,256,calibrated,False,0.02038672572238557,0.02038672572238557,,,,,not_applicable,0.9830131674654937,0.989675841153582,0.9564031862745098,3,3,0.8867106536332304,0.6992614840102653,0.0,3d25ec54b6d4d70cbdb7eaba31407e9ced420c865b54f25f52c69e126449ff62,c04232b5a43dc7ee1338c157bb5c61f5fb4a61d5969b2d35fea57e364cad53b0,d9e4996458f2bdf140c96399a7827b1d8dcaa39fcfcf02fd9ba733b8adbda901,4b2662ae282f52b508cb33fff4ea7f838fcd3cdba40587c53b117f4616c7de68,1724ef014e19c1517aa2b08ed6d2299bdb156cb9b7e440973d24b3c1f8a56545,-0.10514987705672196,False
GMM,2,101,wrong,6,Gated-Source+Residual,0.8582732230581687,0.9245606336782268,0.6796563859006637,0.7635110294117647,0.5769230769230769,0.007011023237471369,-1.2482998483085992,0.69140625,256,calibrated,True,0.02038672572238557,0.02038672572238557,0.03618738958366429,0.033881452514697395,0.0637221168892448,0.7333333333333333,accepted,0.9830131674654937,0.989675841153582,0.9564031862745098,3,3,0.8867106536332304,0.6992614840102653,0.0,3d25ec54b6d4d70cbdb7eaba31407e9ced420c865b54f25f52c69e126449ff62,c04232b5a43dc7ee1338c157bb5c61f5fb4a61d5969b2d35fea57e364cad53b0,d9e4996458f2bdf140c96399a7827b1d8dcaa39fcfcf02fd9ba733b8adbda901,4b2662ae282f52b508cb33fff4ea7f838fcd3cdba40587c53b117f4616c7de68,1724ef014e19c1517aa2b08ed6d2299bdb156cb9b7e440973d24b3c1f8a56545,-0.10514987705672196,False
GMM,2,101,wrong,12,Target-Only,0.4146721206857573,0.9984060606766828,0.9420626859693292,0.9108455882352942,0.9230769230769231,0.007011023237471369,-3.1652102919836693,0.95703125,256,target_only,False,0.0,0.0,,,,,not_applicable,0.9830131674654937,0.989675841153582,0.9564031862745098,3,3,0.8867106536332304,0.6992614840102653,0.0,3d25ec54b6d4d70cbdb7eaba31407e9ced420c865b54f25f52c69e126449ff62,c04232b5a43dc7ee1338c157bb5c61f5fb4a61d5969b2d35fea57e364cad53b0,d9e4996458f2bdf140c96399a7827b1d8dcaa39fcfcf02fd9ba733b8adbda901,4b2662ae282f52b508cb33fff4ea7f838fcd3cdba40587c53b117f4616c7de68,1724ef014e19c1517aa2b08ed6d2299bdb156cb9b7e440973d24b3c1f8a56545,0.0,False
GMM,2,101,wrong,12,Source-Affine-Only,0.9515892252033374,0.4565360632651671,0.33376487754634926,0.6208946078431372,0.0,0.5733276011946582,-1.8686555526907243,0.96875,256,calibrated_source_only,False,0.005345058243148271,0.005345058243148271,,,,,not_applicable,0.9830131674654937,0.989675841153582,0.9564031862745098,3,3,0.8867106536332304,0.6992614840102653,0.0,3d25ec54b6d4d70cbdb7eaba31407e9ced420c865b54f25f52c69e126449ff62,c04232b5a43dc7ee1338c157bb5c61f5fb4a61d5969b2d35fea57e364cad53b0,d9e4996458f2bdf140c96399a7827b1d8dcaa39fcfcf02fd9ba733b8adbda901,4b2662ae282f52b508cb33fff4ea7f838fcd3cdba40587c53b117f4616c7de68,1724ef014e19c1517aa2b08ed6d2299bdb156cb9b7e440973d24b3c1f8a56545,0.5369171045175801,True
GMM,2,101,wrong,12,Fixed-Source+Residual,0.16847800897752468,0.9995066770231633,0.9888447013046461,0.9608455882352941,0.9615384615384616,0.0,-3.1775240045507718,1.0,256,fixed,False,0.03817137862150427,0.03817137862150427,,,,,not_applicable,0.9830131674654937,0.989675841153582,0.9564031862745098,3,3,0.8867106536332304,0.6992614840102653,0.0,3d25ec54b6d4d70cbdb7eaba31407e9ced420c865b54f25f52c69e126449ff62,c04232b5a43dc7ee1338c157bb5c61f5fb4a61d5969b2d35fea57e364cad53b0,d9e4996458f2bdf140c96399a7827b1d8dcaa39fcfcf02fd9ba733b8adbda901,4b2662ae282f52b508cb33fff4ea7f838fcd3cdba40587c53b117f4616c7de68,1724ef014e19c1517aa2b08ed6d2299bdb156cb9b7e440973d24b3c1f8a56545,-0.24619411170823263,False
GMM,2,101,wrong,12,Calibrated-Source+Residual,0.36869792145519054,0.9985985059342283,0.9578879606317234,0.9232843137254902,0.9615384615384616,0.007011023237471369,-3.2245442949220284,0.96875,256,calibrated,False,0.005345058243148271,0.005345058243148271,,,,,not_applicable,0.9830131674654937,0.989675841153582,0.9564031862745098,3,3,0.8867106536332304,0.6992614840102653,0.0,3d25ec54b6d4d70cbdb7eaba31407e9ced420c865b54f25f52c69e126449ff62,c04232b5a43dc7ee1338c157bb5c61f5fb4a61d5969b2d35fea57e364cad53b0,d9e4996458f2bdf140c96399a7827b1d8dcaa39fcfcf02fd9ba733b8adbda901,4b2662ae282f52b508cb33fff4ea7f838fcd3cdba40587c53b117f4616c7de68,1724ef014e19c1517aa2b08ed6d2299bdb156cb9b7e440973d24b3c1f8a56545,-0.04597419923056678,False
GMM,2,101,wrong,12,Gated-Source+Residual,0.4146721206857573,0.9984060606766828,0.9420626859693292,0.9108455882352942,0.9230769230769231,0.007011023237471369,-3.1652102919836693,0.95703125,256,target_only,False,0.005345058243148271,0.005345058243148271,0.035517647807430226,0.035147402260676176,0.01042426989426353,0.5303030303030303,insufficient_pairwise_agreement,0.9830131674654937,0.989675841153582,0.9564031862745098,3,3,0.8867106536332304,0.6992614840102653,0.0,3d25ec54b6d4d70cbdb7eaba31407e9ced420c865b54f25f52c69e126449ff62,c04232b5a43dc7ee1338c157bb5c61f5fb4a61d5969b2d35fea57e364cad53b0,d9e4996458f2bdf140c96399a7827b1d8dcaa39fcfcf02fd9ba733b8adbda901,4b2662ae282f52b508cb33fff4ea7f838fcd3cdba40587c53b117f4616c7de68,1724ef014e19c1517aa2b08ed6d2299bdb156cb9b7e440973d24b3c1f8a56545,0.0,False
GMM,2,101,reversed,6,Target-Only,0.9634231001148906,0.9774331659167212,0.7239278152895398,0.7718137254901961,0.7692307692307693,0.007011023237471369,-1.951602562735295,0.76953125,256,target_only,False,0.0,0.0,,,,,not_applicable,0.03484295358665595,-0.8887324044403753,0.1393688725490196,3,3,0.945275765296688,0.7515618661661911,0.0,3d25ec54b6d4d70cbdb7eaba31407e9ced420c865b54f25f52c69e126449ff62,c04232b5a43dc7ee1338c157bb5c61f5fb4a61d5969b2d35fea57e364cad53b0,d9e4996458f2bdf140c96399a7827b1d8dcaa39fcfcf02fd9ba733b8adbda901,4b2662ae282f52b508cb33fff4ea7f838fcd3cdba40587c53b117f4616c7de68,1724ef014e19c1517aa2b08ed6d2299bdb156cb9b7e440973d24b3c1f8a56545,0.0,False
GMM,2,101,reversed,6,Source-Affine-Only,1.089792044098483,0.16073930481368864,0.03351596475165941,0.5096200980392157,0.0,1.4786669998808866,-1.5864395840826906,0.83984375,256,calibrated_source_only,False,0.004069532553051089,0.004069532553051089,,,,,not_applicable,0.03484295358665595,-0.8887324044403753,0.1393688725490196,3,3,0.945275765296688,0.7515618661661911,0.0,3d25ec54b6d4d70cbdb7eaba31407e9ced420c865b54f25f52c69e126449ff62,c04232b5a43dc7ee1338c157bb5c61f5fb4a61d5969b2d35fea57e364cad53b0,d9e4996458f2bdf140c96399a7827b1d8dcaa39fcfcf02fd9ba733b8adbda901,4b2662ae282f52b508cb33fff4ea7f838fcd3cdba40587c53b117f4616c7de68,1724ef014e19c1517aa2b08ed6d2299bdb156cb9b7e440973d24b3c1f8a56545,0.12636894398359233,True
GMM,2,101,reversed,6,Fixed-Source+Residual,0.9799123635999961,0.5485698480572132,0.5596174753948271,0.7196691176470589,0.5769230769230769,1.4786669998808866,-2.1335838295623493,0.859375,256,fixed,False,0.030804560204702767,0.030804560204702767,,,,,not_applicable,0.03484295358665595,-0.8887324044403753,0.1393688725490196,3,3,0.945275765296688,0.7515618661661911,0.0,3d25ec54b6d4d70cbdb7eaba31407e9ced420c865b54f25f52c69e126449ff62,c04232b5a43dc7ee1338c157bb5c61f5fb4a61d5969b2d35fea57e364cad53b0,d9e4996458f2bdf140c96399a7827b1d8dcaa39fcfcf02fd9ba733b8adbda901,4b2662ae282f52b508cb33fff4ea7f838fcd3cdba40587c53b117f4616c7de68,1724ef014e19c1517aa2b08ed6d2299bdb156cb9b7e440973d24b3c1f8a56545,0.016489263485105488,True
GMM,2,101,reversed,6,Calibrated-Source+Residual,0.9514314924017675,0.9781960656952549,0.7308880750743876,0.7744791666666667,0.7692307692307693,0.007011023237471369,-1.9444634845292201,0.7734375,256,calibrated,False,0.004069532553051089,0.004069532553051089,,,,,not_applicable,0.03484295358665595,-0.8887324044403753,0.1393688725490196,3,3,0.945275765296688,0.7515618661661911,0.0,3d25ec54b6d4d70cbdb7eaba31407e9ced420c865b54f25f52c69e126449ff62,c04232b5a43dc7ee1338c157bb5c61f5fb4a61d5969b2d35fea57e364cad53b0,d9e4996458f2bdf140c96399a7827b1d8dcaa39fcfcf02fd9ba733b8adbda901,4b2662ae282f52b508cb33fff4ea7f838fcd3cdba40587c53b117f4616c7de68,1724ef014e19c1517aa2b08ed6d2299bdb156cb9b7e440973d24b3c1f8a56545,-0.011991607713123131,False
GMM,2,101,reversed,6,Gated-Source+Residual,0.9634231001148906,0.9774331659167212,0.7239278152895398,0.7718137254901961,0.7692307692307693,0.007011023237471369,-1.951602562735295,0.76953125,256,target_only,False,0.004069532553051089,0.004069532553051089,0.03618738958366429,0.0359919351204929,0.0054011760842683125,0.4666666666666667,insufficient_pairwise_agreement,0.03484295358665595,-0.8887324044403753,0.1393688725490196,3,3,0.945275765296688,0.7515618661661911,0.0,3d25ec54b6d4d70cbdb7eaba31407e9ced420c865b54f25f52c69e126449ff62,c04232b5a43dc7ee1338c157bb5c61f5fb4a61d5969b2d35fea57e364cad53b0,d9e4996458f2bdf140c96399a7827b1d8dcaa39fcfcf02fd9ba733b8adbda901,4b2662ae282f52b508cb33fff4ea7f838fcd3cdba40587c53b117f4616c7de68,1724ef014e19c1517aa2b08ed6d2299bdb156cb9b7e440973d24b3c1f8a56545,0.0,False
GMM,2,101,reversed,12,Target-Only,0.4146721206857573,0.9984060606766828,0.9420626859693292,0.9108455882352942,0.9230769230769231,0.007011023237471369,-3.1652102919836693,0.95703125,256,target_only,False,0.0,0.0,,,,,not_applicable,0.03484295358665595,-0.8887324044403753,0.1393688725490196,3,3,0.945275765296688,0.7515618661661911,0.0,3d25ec54b6d4d70cbdb7eaba31407e9ced420c865b54f25f52c69e126449ff62,c04232b5a43dc7ee1338c157bb5c61f5fb4a61d5969b2d35fea57e364cad53b0,d9e4996458f2bdf140c96399a7827b1d8dcaa39fcfcf02fd9ba733b8adbda901,4b2662ae282f52b508cb33fff4ea7f838fcd3cdba40587c53b117f4616c7de68,1724ef014e19c1517aa2b08ed6d2299bdb156cb9b7e440973d24b3c1f8a56545,0.0,False
GMM,2,101,reversed,12,Source-Affine-Only,1.0309831656380166,0.16073930481368864,0.03351596475165941,0.5096200980392157,0.0,1.4786669998808866,-1.7714669520256576,0.94140625,256,calibrated_source_only,False,0.012552038105424757,0.012552038105424757,,,,,not_applicable,0.03484295358665595,-0.8887324044403753,0.1393688725490196,3,3,0.945275765296688,0.7515618661661911,0.0,3d25ec54b6d4d70cbdb7eaba31407e9ced420c865b54f25f52c69e126449ff62,c04232b5a43dc7ee1338c157bb5c61f5fb4a61d5969b2d35fea57e364cad53b0,d9e4996458f2bdf140c96399a7827b1d8dcaa39fcfcf02fd9ba733b8adbda901,4b2662ae282f52b508cb33fff4ea7f838fcd3cdba40587c53b117f4616c7de68,1724ef014e19c1517aa2b08ed6d2299bdb156cb9b7e440973d24b3c1f8a56545,0.6163110449522593,True
GMM,2,101,reversed,12,Fixed-Source+Residual,0.6005760164655553,0.9929638267820805,0.8321133268482489,0.8611519607843138,0.8461538461538461,0.007011023237471369,-2.9631970753775043,0.9296875,256,fixed,False,0.03817137862150427,0.03817137862150427,,,,,not_applicable,0.03484295358665595,-0.8887324044403753,0.1393688725490196,3,3,0.945275765296688,0.7515618661661911,0.0,3d25ec54b6d4d70cbdb7eaba31407e9ced420c865b54f25f52c69e126449ff62,c04232b5a43dc7ee1338c157bb5c61f5fb4a61d5969b2d35fea57e364cad53b0,d9e4996458f2bdf140c96399a7827b1d8dcaa39fcfcf02fd9ba733b8adbda901,4b2662ae282f52b508cb33fff4ea7f838fcd3cdba40587c53b117f4616c7de68,1724ef014e19c1517aa2b08ed6d2299bdb156cb9b7e440973d24b3c1f8a56545,0.18590389577979793,True
GMM,2,101,reversed,12,Calibrated-Source+Residual,0.46771233151548125,0.996123169792306,0.9178044174868389,0.8975796568627451,0.8846153846153846,0.007011023237471369,-3.141474203289939,0.9453125,256,calibrated,False,0.012552038105424757,0.012552038105424757,,,,,not_applicable,0.03484295358665595,-0.8887324044403753,0.1393688725490196,3,3,0.945275765296688,0.7515618661661911,0.0,3d25ec54b6d4d70cbdb7eaba31407e9ced420c865b54f25f52c69e126449ff62,c04232b5a43dc7ee1338c157bb5c61f5fb4a61d5969b2d35fea57e364cad53b0,d9e4996458f2bdf140c96399a7827b1d8dcaa39fcfcf02fd9ba733b8adbda901,4b2662ae282f52b508cb33fff4ea7f838fcd3cdba40587c53b117f4616c7de68,1724ef014e19c1517aa2b08ed6d2299bdb156cb9b7e440973d24b3c1f8a56545,0.05304021082972393,True
GMM,2,101,reversed,12,Gated-Source+Residual,0.4146721206857573,0.9984060606766828,0.9420626859693292,0.9108455882352942,0.9230769230769231,0.007011023237471369,-3.1652102919836693,0.95703125,256,target_only,False,0.012552038105424757,0.012552038105424757,0.035517647807430226,0.03668931481345105,-0.03298830520459504,0.5909090909090909,insufficient_cv_rmse_gain,0.03484295358665595,-0.8887324044403753,0.1393688725490196,3,3,0.945275765296688,0.7515618661661911,0.0,3d25ec54b6d4d70cbdb7eaba31407e9ced420c865b54f25f52c69e126449ff62,c04232b5a43dc7ee1338c157bb5c61f5fb4a61d5969b2d35fea57e364cad53b0,d9e4996458f2bdf140c96399a7827b1d8dcaa39fcfcf02fd9ba733b8adbda901,4b2662ae282f52b508cb33fff4ea7f838fcd3cdba40587c53b117f4616c7de68,1724ef014e19c1517aa2b08ed6d2299bdb156cb9b7e440973d24b3c1f8a56545,0.0,False
GMM,2,2026,matching,6,Target-Only,0.76602452612617,0.9854372744298927,0.740991931792172,0.783639705882353,0.8076923076923077,0.002487206747985427,-2.281338677240705,0.99609375,256,target_only,False,0.0,0.0,,,,,not_applicable,0.9953298432005595,0.8351245994506752,0.8318627450980393,3,3,0.9258727174611721,0.7398432473182518,0.0,02597df9d2f38524fe824a38b0d717215bdb176255db2ff3b9d9e560eb23a588,e6673f75c18acade3166d0c4dc89731df39f57e1fee1c997decf236c3abe1a17,b739d247ad06f88240d65383a92e979027de9f8d129ad4c66d03053d8acd890f,d27383259bbae150bca705dea3532774178a3fce280fcc761b1910f79cf139d3,6aea34b11b93ea15b2c90bcb7087c3b3ba9d4fce21b66beecd50f75ed67c60f4,0.0,False
GMM,2,2026,matching,6,Source-Affine-Only,1.0147282104970565,0.4993511927610958,0.0,0.5,0.07692307692307693,0.17730774595218848,-1.6369483716548228,1.0,256,constant_target_mean,False,0.0,-0.01025120029363284,,,,,not_applicable,0.9953298432005595,0.8351245994506752,0.8318627450980393,3,3,0.9258727174611721,0.7398432473182518,0.0,02597df9d2f38524fe824a38b0d717215bdb176255db2ff3b9d9e560eb23a588,e6673f75c18acade3166d0c4dc89731df39f57e1fee1c997decf236c3abe1a17,b739d247ad06f88240d65383a92e979027de9f8d129ad4c66d03053d8acd890f,d27383259bbae150bca705dea3532774178a3fce280fcc761b1910f79cf139d3,6aea34b11b93ea15b2c90bcb7087c3b3ba9d4fce21b66beecd50f75ed67c60f4,0.24870368437088652,True
GMM,2,2026,matching,6,Fixed-Source+Residual,0.7981829850528412,0.8973544909316976,0.736329823758297,0.7868566176470588,0.7692307692307693,0.002487206747985427,-1.9302486258303073,1.0,256,fixed,False,0.06413912381303914,0.06413912381303914,,,,,not_applicable,0.9953298432005595,0.8351245994506752,0.8318627450980393,3,3,0.9258727174611721,0.7398432473182518,0.0,02597df9d2f38524fe824a38b0d717215bdb176255db2ff3b9d9e560eb23a588,e6673f75c18acade3166d0c4dc89731df39f57e1fee1c997decf236c3abe1a17,b739d247ad06f88240d65383a92e979027de9f8d129ad4c66d03053d8acd890f,d27383259bbae150bca705dea3532774178a3fce280fcc761b1910f79cf139d3,6aea34b11b93ea15b2c90bcb7087c3b3ba9d4fce21b66beecd50f75ed67c60f4,0.03215845892667124,True
GMM,2,2026,matching,6,Calibrated-Source+Residual,0.76602452612617,0.9854372744298927,0.740991931792172,0.783639705882353,0.8076923076923077,0.002487206747985427,-2.281338677240705,0.99609375,256,target_only,False,0.0,-0.01025120029363284,,,,,not_applicable,0.9953298432005595,0.8351245994506752,0.8318627450980393,3,3,0.9258727174611721,0.7398432473182518,0.0,02597df9d2f38524fe824a38b0d717215bdb176255db2ff3b9d9e560eb23a588,e6673f75c18acade3166d0c4dc89731df39f57e1fee1c997decf236c3abe1a17,b739d247ad06f88240d65383a92e979027de9f8d129ad4c66d03053d8acd890f,d27383259bbae150bca705dea3532774178a3fce280fcc761b1910f79cf139d3,6aea34b11b93ea15b2c90bcb7087c3b3ba9d4fce21b66beecd50f75ed67c60f4,0.0,False
GMM,2,2026,matching,6,Gated-Source+Residual,0.76602452612617,0.9854372744298927,0.740991931792172,0.783639705882353,0.8076923076923077,0.002487206747985427,-2.281338677240705,0.99609375,256,target_only,False,0.0,-0.01025120029363284,0.062457107845636115,0.12669118934997908,-1.0284511038054895,0.4666666666666667,non_positive_calibrated_slope;insufficient_cv_rmse_gain;insufficient_pairwise_agreement,0.9953298432005595,0.8351245994506752,0.8318627450980393,3,3,0.9258727174611721,0.7398432473182518,0.0,02597df9d2f38524fe824a38b0d717215bdb176255db2ff3b9d9e560eb23a588,e6673f75c18acade3166d0c4dc89731df39f57e1fee1c997decf236c3abe1a17,b739d247ad06f88240d65383a92e979027de9f8d129ad4c66d03053d8acd890f,d27383259bbae150bca705dea3532774178a3fce280fcc761b1910f79cf139d3,6aea34b11b93ea15b2c90bcb7087c3b3ba9d4fce21b66beecd50f75ed67c60f4,0.0,False
GMM,2,2026,matching,12,Target-Only,0.2786854621279027,0.997763810398146,0.9715567063401235,0.9327205882352941,0.9230769230769231,0.0,-3.074032336796995,0.99609375,256,target_only,False,0.0,0.0,,,,,not_applicable,0.9953298432005595,0.8351245994506752,0.8318627450980393,3,3,0.9258727174611721,0.7398432473182518,0.0,02597df9d2f38524fe824a38b0d717215bdb176255db2ff3b9d9e560eb23a588,e6673f75c18acade3166d0c4dc89731df39f57e1fee1c997decf236c3abe1a17,b739d247ad06f88240d65383a92e979027de9f8d129ad4c66d03053d8acd890f,d27383259bbae150bca705dea3532774178a3fce280fcc761b1910f79cf139d3,6aea34b11b93ea15b2c90bcb7087c3b3ba9d4fce21b66beecd50f75ed67c60f4,0.0,False
GMM,2,2026,matching,12,Source-Affine-Only,1.0022635787834535,0.17229226099342093,0.1465402552071412,0.5491727941176471,0.0,1.2677837560769702,-1.762389666526847,0.9921875,256,calibrated_source_only,False,0.0003437150071227103,0.0003437150071227103,,,,,not_applicable,0.9953298432005595,0.8351245994506752,0.8318627450980393,3,3,0.9258727174611721,0.7398432473182518,0.0,02597df9d2f38524fe824a38b0d717215bdb176255db2ff3b9d9e560eb23a588,e6673f75c18acade3166d0c4dc89731df39f57e1fee1c997decf236c3abe1a17,b739d247ad06f88240d65383a92e979027de9f8d129ad4c66d03053d8acd890f,d27383259bbae150bca705dea3532774178a3fce280fcc761b1910f79cf139d3,6aea34b11b93ea15b2c90bcb7087c3b3ba9d4fce21b66beecd50f75ed67c60f4,0.7235781166555508,True
GMM,2,2026,matching,12,Fixed-Source+Residual,0.38560710861270225,0.9982096260404951,0.9364034962233918,0.9058823529411765,0.9230769230769231,0.0,-2.760989193050114,1.0,256,fixed,False,0.05102278286440163,0.05102278286440163,,,,,not_applicable,0.9953298432005595,0.8351245994506752,0.8318627450980393,3,3,0.9258727174611721,0.7398432473182518,0.0,02597df9d2f38524fe824a38b0d717215bdb176255db2ff3b9d9e560eb23a588,e6673f75c18acade3166d0c4dc89731df39f57e1fee1c997decf236c3abe1a17,b739d247ad06f88240d65383a92e979027de9f8d129ad4c66d03053d8acd890f,d27383259bbae150bca705dea3532774178a3fce280fcc761b1910f79cf139d3,6aea34b11b93ea15b2c90bcb7087c3b3ba9d4fce21b66beecd50f75ed67c60f4,0.10692164648479957,True
GMM,2,2026,matching,12,Calibrated-Source+Residual,0.2788554192734083,0.997763810398146,0.9715316720073243,0.9326593137254902,0.9230769230769231,0.0,-3.0740733007154297,0.99609375,256,calibrated,False,0.0003437150071227103,0.0003437150071227103,,,,,not_applicable,0.9953298432005595,0.8351245994506752,0.8318627450980393,3,3,0.9258727174611721,0.7398432473182518,0.0,02597df9d2f38524fe824a38b0d717215bdb176255db2ff3b9d9e560eb23a588,e6673f75c18acade3166d0c4dc89731df39f57e1fee1c997decf236c3abe1a17,b739d247ad06f88240d65383a92e979027de9f8d129ad4c66d03053d8acd890f,d27383259bbae150bca705dea3532774178a3fce280fcc761b1910f79cf139d3,6aea34b11b93ea15b2c90bcb7087c3b3ba9d4fce21b66beecd50f75ed67c60f4,0.00016995714550560592,False
GMM,2,2026,matching,12,Gated-Source+Residual,0.2786854621279027,0.997763810398146,0.9715567063401235,0.9327205882352941,0.9230769230769231,0.0,-3.074032336796995,0.99609375,256,target_only,False,0.0003437150071227103,0.0003437150071227103,0.046628149490137515,0.06164738722531413,-0.32210666516700154,0.5606060606060606,insufficient_cv_rmse_gain,0.9953298432005595,0.8351245994506752,0.8318627450980393,3,3,0.9258727174611721,0.7398432473182518,0.0,02597df9d2f38524fe824a38b0d717215bdb176255db2ff3b9d9e560eb23a588,e6673f75c18acade3166d0c4dc89731df39f57e1fee1c997decf236c3abe1a17,b739d247ad06f88240d65383a92e979027de9f8d129ad4c66d03053d8acd890f,d27383259bbae150bca705dea3532774178a3fce280fcc761b1910f79cf139d3,6aea34b11b93ea15b2c90bcb7087c3b3ba9d4fce21b66beecd50f75ed67c60f4,0.0,False
GMM,2,2026,wrong,6,Target-Only,0.76602452612617,0.9854372744298927,0.740991931792172,0.783639705882353,0.8076923076923077,0.002487206747985427,-2.281338677240705,0.99609375,256,target_only,False,0.0,0.0,,,,,not_applicable,0.5123899759191575,0.6151523807833785,0.9323254139668826,3,3,0.9106638502390043,0.7660731305229219,0.0,02597df9d2f38524fe824a38b0d717215bdb176255db2ff3b9d9e560eb23a588,e6673f75c18acade3166d0c4dc89731df39f57e1fee1c997decf236c3abe1a17,b739d247ad06f88240d65383a92e979027de9f8d129ad4c66d03053d8acd890f,d27383259bbae150bca705dea3532774178a3fce280fcc761b1910f79cf139d3,6aea34b11b93ea15b2c90bcb7087c3b3ba9d4fce21b66beecd50f75ed67c60f4,0.0,False
GMM,2,2026,wrong,6,Source-Affine-Only,2.1647805853488093,0.5329045581508548,0.4934318402374882,0.8404427645788337,0.07692307692307693,0.17730774595218848,-0.5339373463434012,0.90625,256,calibrated_source_only,False,0.03754644007846958,0.03754644007846958,,,,,not_applicable,0.5123899759191575,0.6151523807833785,0.9323254139668826,3,3,0.9106638502390043,0.7660731305229219,0.0,02597df9d2f38524fe824a38b0d717215bdb176255db2ff3b9d9e560eb23a588,e6673f75c18acade3166d0c4dc89731df39f57e1fee1c997decf236c3abe1a17,b739d247ad06f88240d65383a92e979027de9f8d129ad4c66d03053d8acd890f,d27383259bbae150bca705dea3532774178a3fce280fcc761b1910f79cf139d3,6aea34b11b93ea15b2c90bcb7087c3b3ba9d4fce21b66beecd50f75ed67c60f4,1.3987560592226393,True
GMM,2,2026,wrong,6,Fixed-Source+Residual,3.8182140948755654,0.3671691980845443,0.5574881265735865,0.7109375,0.2692307692307692,0.9598889584033917,3.2991892435568477,0.7890625,256,fixed,False,0.06413912381303914,0.06413912381303914,,,,,not_applicable,0.5123899759191575,0.6151523807833785,0.9323254139668826,3,3,0.9106638502390043,0.7660731305229219,0.0,02597df9d2f38524fe824a38b0d717215bdb176255db2ff3b9d9e560eb23a588,e6673f75c18acade3166d0c4dc89731df39f57e1fee1c997decf236c3abe1a17,b739d247ad06f88240d65383a92e979027de9f8d129ad4c66d03053d8acd890f,d27383259bbae150bca705dea3532774178a3fce280fcc761b1910f79cf139d3,6aea34b11b93ea15b2c90bcb7087c3b3ba9d4fce21b66beecd50f75ed67c60f4,3.0521895687493954,True
GMM,2,2026,wrong,6,Calibrated-Source+Residual,2.0779534626525353,0.9924552208563296,0.8403653582055388,0.8347120098039216,0.8846153846153846,0.002487206747985427,-0.6806269760588848,0.84765625,256,calibrated,False,0.03754644007846958,0.03754644007846958,,,,,not_applicable,0.5123899759191575,0.6151523807833785,0.9323254139668826,3,3,0.9106638502390043,0.7660731305229219,0.0,02597df9d2f38524fe824a38b0d717215bdb176255db2ff3b9d9e560eb23a588,e6673f75c18acade3166d0c4dc89731df39f57e1fee1c997decf236c3abe1a17,b739d247ad06f88240d65383a92e979027de9f8d129ad4c66d03053d8acd890f,d27383259bbae150bca705dea3532774178a3fce280fcc761b1910f79cf139d3,6aea34b11b93ea15b2c90bcb7087c3b3ba9d4fce21b66beecd50f75ed67c60f4,1.3119289365263653,True
GMM,2,2026,wrong,6,Gated-Source+Residual,0.76602452612617,0.9854372744298927,0.740991931792172,0.783639705882353,0.8076923076923077,0.002487206747985427,-2.281338677240705,0.99609375,256,target_only,False,0.03754644007846958,0.03754644007846958,0.062457107845636115,0.06855995038865448,-0.09771253830871661,1.0,insufficient_cv_rmse_gain,0.5123899759191575,0.6151523807833785,0.9323254139668826,3,3,0.9106638502390043,0.7660731305229219,0.0,02597df9d2f38524fe824a38b0d717215bdb176255db2ff3b9d9e560eb23a588,e6673f75c18acade3166d0c4dc89731df39f57e1fee1c997decf236c3abe1a17,b739d247ad06f88240d65383a92e979027de9f8d129ad4c66d03053d8acd890f,d27383259bbae150bca705dea3532774178a3fce280fcc761b1910f79cf139d3,6aea34b11b93ea15b2c90bcb7087c3b3ba9d4fce21b66beecd50f75ed67c60f4,0.0,False
GMM,2,2026,wrong,12,Target-Only,0.2786854621279027,0.997763810398146,0.9715567063401235,0.9327205882352941,0.9230769230769231,0.0,-3.074032336796995,0.99609375,256,target_only,False,0.0,0.0,,,,,not_applicable,0.5123899759191575,0.6151523807833785,0.9323254139668826,3,3,0.9106638502390043,0.7660731305229219,0.0,02597df9d2f38524fe824a38b0d717215bdb176255db2ff3b9d9e560eb23a588,e6673f75c18acade3166d0c4dc89731df39f57e1fee1c997decf236c3abe1a17,b739d247ad06f88240d65383a92e979027de9f8d129ad4c66d03053d8acd890f,d27383259bbae150bca705dea3532774178a3fce280fcc761b1910f79cf139d3,6aea34b11b93ea15b2c90bcb7087c3b3ba9d4fce21b66beecd50f75ed67c60f4,0.0,False
GMM,2,2026,wrong,12,Source-Affine-Only,0.9030572822558901,0.5329045581508548,0.4934318402374882,0.8404427645788337,0.07692307692307693,0.17730774595218848,-1.874183708120139,0.9921875,256,calibrated_source_only,False,0.022071249583958532,0.022071249583958532,,,,,not_applicable,0.5123899759191575,0.6151523807833785,0.9323254139668826,3,3,0.9106638502390043,0.7660731305229219,0.0,02597df9d2f38524fe824a38b0d717215bdb176255db2ff3b9d9e560eb23a588,e6673f75c18acade3166d0c4dc89731df39f57e1fee1c997decf236c3abe1a17,b739d247ad06f88240d65383a92e979027de9f8d129ad4c66d03053d8acd890f,d27383259bbae150bca705dea3532774178a3fce280fcc761b1910f79cf139d3,6aea34b11b93ea15b2c90bcb7087c3b3ba9d4fce21b66beecd50f75ed67c60f4,0.6243718201279874,True
GMM,2,2026,wrong,12,Fixed-Source+Residual,0.5709063047461673,0.7529129961342353,0.8860036621652552,0.8680453431372549,0.5769230769230769,0.47551800239691655,-2.5547275719198344,0.9140625,256,fixed,False,0.05102278286440163,0.05102278286440163,,,,,not_applicable,0.5123899759191575,0.6151523807833785,0.9323254139668826,3,3,0.9106638502390043,0.7660731305229219,0.0,02597df9d2f38524fe824a38b0d717215bdb176255db2ff3b9d9e560eb23a588,e6673f75c18acade3166d0c4dc89731df39f57e1fee1c997decf236c3abe1a17,b739d247ad06f88240d65383a92e979027de9f8d129ad4c66d03053d8acd890f,d27383259bbae150bca705dea3532774178a3fce280fcc761b1910f79cf139d3,6aea34b11b93ea15b2c90bcb7087c3b3ba9d4fce21b66beecd50f75ed67c60f4,0.29222084261826464,True
GMM,2,2026,wrong,12,Calibrated-Source+Residual,0.3002158705883451,0.9945195178456793,0.9634756237125197,0.9217524509803922,0.8461538461538461,0.0,-3.136833852271276,0.99609375,256,calibrated,False,0.022071249583958532,0.022071249583958532,,,,,not_applicable,0.5123899759191575,0.6151523807833785,0.9323254139668826,3,3,0.9106638502390043,0.7660731305229219,0.0,02597df9d2f38524fe824a38b0d717215bdb176255db2ff3b9d9e560eb23a588,e6673f75c18acade3166d0c4dc89731df39f57e1fee1c997decf236c3abe1a17,b739d247ad06f88240d65383a92e979027de9f8d129ad4c66d03053d8acd890f,d27383259bbae150bca705dea3532774178a3fce280fcc761b1910f79cf139d3,6aea34b11b93ea15b2c90bcb7087c3b3ba9d4fce21b66beecd50f75ed67c60f4,0.021530408460442407,True
GMM,2,2026,wrong,12,Gated-Source+Residual,0.2786854621279027,0.997763810398146,0.9715567063401235,0.9327205882352941,0.9230769230769231,0.0,-3.074032336796995,0.99609375,256,target_only,False,0.022071249583958532,0.022071249583958532,0.046628149490137515,0.09882584141691318,-1.1194459247801842,0.9047619047619048,insufficient_cv_rmse_gain,0.5123899759191575,0.6151523807833785,0.9323254139668826,3,3,0.9106638502390043,0.7660731305229219,0.0,02597df9d2f38524fe824a38b0d717215bdb176255db2ff3b9d9e560eb23a588,e6673f75c18acade3166d0c4dc89731df39f57e1fee1c997decf236c3abe1a17,b739d247ad06f88240d65383a92e979027de9f8d129ad4c66d03053d8acd890f,d27383259bbae150bca705dea3532774178a3fce280fcc761b1910f79cf139d3,6aea34b11b93ea15b2c90bcb7087c3b3ba9d4fce21b66beecd50f75ed67c60f4,0.0,False
GMM,2,2026,reversed,6,Target-Only,0.76602452612617,0.9854372744298927,0.740991931792172,0.783639705882353,0.8076923076923077,0.002487206747985427,-2.281338677240705,0.99609375,256,target_only,False,0.0,0.0,,,,,not_applicable,0.22784276446698712,-0.8351245994506752,0.1681372549019608,3,3,0.9258727174611721,0.7398432473182518,0.0,02597df9d2f38524fe824a38b0d717215bdb176255db2ff3b9d9e560eb23a588,e6673f75c18acade3166d0c4dc89731df39f57e1fee1c997decf236c3abe1a17,b739d247ad06f88240d65383a92e979027de9f8d129ad4c66d03053d8acd890f,d27383259bbae150bca705dea3532774178a3fce280fcc761b1910f79cf139d3,6aea34b11b93ea15b2c90bcb7087c3b3ba9d4fce21b66beecd50f75ed67c60f4,0.0,False
GMM,2,2026,reversed,6,Source-Affine-Only,1.054090350705875,0.22326732473166994,-0.1465402552071412,0.4508272058823529,0.0,0.8578313097878199,-1.631923918056263,1.0,256,calibrated_source_only,False,0.010251200293632837,0.010251200293632837,,,,,not_applicable,0.22784276446698712,-0.8351245994506752,0.1681372549019608,3,3,0.9258727174611721,0.7398432473182518,0.0,02597df9d2f38524fe824a38b0d717215bdb176255db2ff3b9d9e560eb23a588,e6673f75c18acade3166d0c4dc89731df39f57e1fee1c997decf236c3abe1a17,b739d247ad06f88240d65383a92e979027de9f8d129ad4c66d03053d8acd890f,d27383259bbae150bca705dea3532774178a3fce280fcc761b1910f79cf139d3,6aea34b11b93ea15b2c90bcb7087c3b3ba9d4fce21b66beecd50f75ed67c60f4,0.288065824579705,True
GMM,2,2026,reversed,6,Fixed-Source+Residual,1.272863884488683,0.15780863854644747,0.3269433794918745,0.6298406862745098,0.038461538461538464,1.4052190552346702,-1.9385726058989996,0.984375,256,fixed,False,0.06413912381303914,0.06413912381303914,,,,,not_applicable,0.22784276446698712,-0.8351245994506752,0.1681372549019608,3,3,0.9258727174611721,0.7398432473182518,0.0,02597df9d2f38524fe824a38b0d717215bdb176255db2ff3b9d9e560eb23a588,e6673f75c18acade3166d0c4dc89731df39f57e1fee1c997decf236c3abe1a17,b739d247ad06f88240d65383a92e979027de9f8d129ad4c66d03053d8acd890f,d27383259bbae150bca705dea3532774178a3fce280fcc761b1910f79cf139d3,6aea34b11b93ea15b2c90bcb7087c3b3ba9d4fce21b66beecd50f75ed67c60f4,0.506839358362513,True
GMM,2,2026,reversed,6,Calibrated-Source+Residual,0.8241341500425874,0.9852983925913347,0.6934159704737924,0.7631433823529412,0.8076923076923077,0.002487206747985427,-2.2697947015356488,0.9921875,256,calibrated,False,0.010251200293632837,0.010251200293632837,,,,,not_applicable,0.22784276446698712,-0.8351245994506752,0.1681372549019608,3,3,0.9258727174611721,0.7398432473182518,0.0,02597df9d2f38524fe824a38b0d717215bdb176255db2ff3b9d9e560eb23a588,e6673f75c18acade3166d0c4dc89731df39f57e1fee1c997decf236c3abe1a17,b739d247ad06f88240d65383a92e979027de9f8d129ad4c66d03053d8acd890f,d27383259bbae150bca705dea3532774178a3fce280fcc761b1910f79cf139d3,6aea34b11b93ea15b2c90bcb7087c3b3ba9d4fce21b66beecd50f75ed67c60f4,0.058109623916417386,True
GMM,2,2026,reversed,6,Gated-Source+Residual,0.76602452612617,0.9854372744298927,0.740991931792172,0.783639705882353,0.8076923076923077,0.002487206747985427,-2.281338677240705,0.99609375,256,target_only,False,0.010251200293632837,0.010251200293632837,0.062457107845636115,0.08747745466167,-0.40060047093234186,0.5333333333333333,insufficient_cv_rmse_gain;insufficient_pairwise_agreement,0.22784276446698712,-0.8351245994506752,0.1681372549019608,3,3,0.9258727174611721,0.7398432473182518,0.0,02597df9d2f38524fe824a38b0d717215bdb176255db2ff3b9d9e560eb23a588,e6673f75c18acade3166d0c4dc89731df39f57e1fee1c997decf236c3abe1a17,b739d247ad06f88240d65383a92e979027de9f8d129ad4c66d03053d8acd890f,d27383259bbae150bca705dea3532774178a3fce280fcc761b1910f79cf139d3,6aea34b11b93ea15b2c90bcb7087c3b3ba9d4fce21b66beecd50f75ed67c60f4,0.0,False
GMM,2,2026,reversed,12,Target-Only,0.2786854621279027,0.997763810398146,0.9715567063401235,0.9327205882352941,0.9230769230769231,0.0,-3.074032336796995,0.99609375,256,target_only,False,0.0,0.0,,,,,not_applicable,0.22784276446698712,-0.8351245994506752,0.1681372549019608,3,3,0.9258727174611721,0.7398432473182518,0.0,02597df9d2f38524fe824a38b0d717215bdb176255db2ff3b9d9e560eb23a588,e6673f75c18acade3166d0c4dc89731df39f57e1fee1c997decf236c3abe1a17,b739d247ad06f88240d65383a92e979027de9f8d129ad4c66d03053d8acd890f,d27383259bbae150bca705dea3532774178a3fce280fcc761b1910f79cf139d3,6aea34b11b93ea15b2c90bcb7087c3b3ba9d4fce21b66beecd50f75ed67c60f4,0.0,False
GMM,2,2026,reversed,12,Source-Affine-Only,1.002345327268056,0.4993511927610958,0.0,0.5,0.07692307692307693,0.17730774595218848,-1.762330780452694,0.9921875,256,constant_target_mean,False,0.0,-0.00034371500712270696,,,,,not_applicable,0.22784276446698712,-0.8351245994506752,0.1681372549019608,3,3,0.9258727174611721,0.7398432473182518,0.0,02597df9d2f38524fe824a38b0d717215bdb176255db2ff3b9d9e560eb23a588,e6673f75c18acade3166d0c4dc89731df39f57e1fee1c997decf236c3abe1a17,b739d247ad06f88240d65383a92e979027de9f8d129ad4c66d03053d8acd890f,d27383259bbae150bca705dea3532774178a3fce280fcc761b1910f79cf139d3,6aea34b11b93ea15b2c90bcb7087c3b3ba9d4fce21b66beecd50f75ed67c60f4,0.7236598651401533,True
GMM,2,2026,reversed,12,Fixed-Source+Residual,0.34832851887923805,0.9974562295593828,0.9520020313572898,0.9127144607843137,0.9230769230769231,0.0,-2.7515077251607676,1.0,256,fixed,False,0.05102278286440163,0.05102278286440163,,,,,not_applicable,0.22784276446698712,-0.8351245994506752,0.1681372549019608,3,3,0.9258727174611721,0.7398432473182518,0.0,02597df9d2f38524fe824a38b0d717215bdb176255db2ff3b9d9e560eb23a588,e6673f75c18acade3166d0c4dc89731df39f57e1fee1c997decf236c3abe1a17,b739d247ad06f88240d65383a92e979027de9f8d129ad4c66d03053d8acd890f,d27383259bbae150bca705dea3532774178a3fce280fcc761b1910f79cf139d3,6aea34b11b93ea15b2c90bcb7087c3b3ba9d4fce21b66beecd50f75ed67c60f4,0.06964305675133536,True
GMM,2,2026,reversed,12,Calibrated-Source+Residual,0.2786854621279027,0.997763810398146,0.9715567063401235,0.9327205882352941,0.9230769230769231,0.0,-3.074032336796995,0.99609375,256,target_only,False,0.0,-0.00034371500712270696,,,,,not_applicable,0.22784276446698712,-0.8351245994506752,0.1681372549019608,3,3,0.9258727174611721,0.7398432473182518,0.0,02597df9d2f38524fe824a38b0d717215bdb176255db2ff3b9d9e560eb23a588,e6673f75c18acade3166d0c4dc89731df39f57e1fee1c997decf236c3abe1a17,b739d247ad06f88240d65383a92e979027de9f8d129ad4c66d03053d8acd890f,d27383259bbae150bca705dea3532774178a3fce280fcc761b1910f79cf139d3,6aea34b11b93ea15b2c90bcb7087c3b3ba9d4fce21b66beecd50f75ed67c60f4,0.0,False
GMM,2,2026,reversed,12,Gated-Source+Residual,0.2786854621279027,0.997763810398146,0.9715567063401235,0.9327205882352941,0.9230769230769231,0.0,-3.074032336796995,0.99609375,256,target_only,False,0.0,-0.00034371500712270696,0.046628149490137515,0.047788999942891354,-0.024895915138115763,0.4393939393939394,non_positive_calibrated_slope;insufficient_cv_rmse_gain;insufficient_pairwise_agreement,0.22784276446698712,-0.8351245994506752,0.1681372549019608,3,3,0.9258727174611721,0.7398432473182518,0.0,02597df9d2f38524fe824a38b0d717215bdb176255db2ff3b9d9e560eb23a588,e6673f75c18acade3166d0c4dc89731df39f57e1fee1c997decf236c3abe1a17,b739d247ad06f88240d65383a92e979027de9f8d129ad4c66d03053d8acd890f,d27383259bbae150bca705dea3532774178a3fce280fcc761b1910f79cf139d3,6aea34b11b93ea15b2c90bcb7087c3b3ba9d4fce21b66beecd50f75ed67c60f4,0.0,False
GMM,2,777,matching,6,Target-Only,0.8652430862309467,0.7913795928982914,0.5291857404440374,0.6856924019607843,0.3076923076923077,0.20390534598723367,-1.589893529448866,0.5859375,256,target_only,False,0.0,0.0,,,,,not_applicable,0.992965093844812,0.9895120450904095,0.9620098039215687,3,2,0.9054865028488227,0.6752420198351698,0.0,25d25d9f41eebf673351ba7ac43fc103778455f300d00eeceb8ca67d053efa5b,60d6a783878ad792597ddee979176377c79fdda92e8eaf2ac2d4730ffc82301e,649ff6487eff90f0e70fbd181012ae3e332cc8ba7c45650b886e20dd515fcce4,8c32ab104b935f050f656a93832cbec44eb9e7eadc2252fca5b170395e239751,b56d66e4c9af59d8e2f98126439ce032f18b6f76b81816fe439700b01145c6b4,0.0,False
GMM,2,777,matching,6,Source-Affine-Only,1.0460012520653779,0.4252979379154142,0.0,0.5,0.07692307692307693,0.5107594983099999,-1.6078944051074102,0.796875,256,constant_target_mean,False,0.0,-3.9637971948732795e-05,,,,,not_applicable,0.992965093844812,0.9895120450904095,0.9620098039215687,3,2,0.9054865028488227,0.6752420198351698,0.0,25d25d9f41eebf673351ba7ac43fc103778455f300d00eeceb8ca67d053efa5b,60d6a783878ad792597ddee979176377c79fdda92e8eaf2ac2d4730ffc82301e,649ff6487eff90f0e70fbd181012ae3e332cc8ba7c45650b886e20dd515fcce4,8c32ab104b935f050f656a93832cbec44eb9e7eadc2252fca5b170395e239751,b56d66e4c9af59d8e2f98126439ce032f18b6f76b81816fe439700b01145c6b4,0.18075816583443116,True
GMM,2,777,matching,6,Fixed-Source+Residual,0.7169123303782431,0.8787427303545678,0.728093528267338,0.7674632352941176,0.46153846153846156,0.1243690325990359,-2.352261573702993,0.9609375,256,fixed,False,0.028396934017197607,0.028396934017197607,,,,,not_applicable,0.992965093844812,0.9895120450904095,0.9620098039215687,3,2,0.9054865028488227,0.6752420198351698,0.0,25d25d9f41eebf673351ba7ac43fc103778455f300d00eeceb8ca67d053efa5b,60d6a783878ad792597ddee979176377c79fdda92e8eaf2ac2d4730ffc82301e,649ff6487eff90f0e70fbd181012ae3e332cc8ba7c45650b886e20dd515fcce4,8c32ab104b935f050f656a93832cbec44eb9e7eadc2252fca5b170395e239751,b56d66e4c9af59d8e2f98126439ce032f18b6f76b81816fe439700b01145c6b4,-0.1483307558527036,False
GMM,2,777,matching,6,Calibrated-Source+Residual,0.8652430862309467,0.7913795928982914,0.5291857404440374,0.6856924019607843,0.3076923076923077,0.20390534598723367,-1.589893529448866,0.5859375,256,target_only,False,0.0,-3.9637971948732795e-05,,,,,not_applicable,0.992965093844812,0.9895120450904095,0.9620098039215687,3,2,0.9054865028488227,0.6752420198351698,0.0,25d25d9f41eebf673351ba7ac43fc103778455f300d00eeceb8ca67d053efa5b,60d6a783878ad792597ddee979176377c79fdda92e8eaf2ac2d4730ffc82301e,649ff6487eff90f0e70fbd181012ae3e332cc8ba7c45650b886e20dd515fcce4,8c32ab104b935f050f656a93832cbec44eb9e7eadc2252fca5b170395e239751,b56d66e4c9af59d8e2f98126439ce032f18b6f76b81816fe439700b01145c6b4,0.0,False
GMM,2,777,matching,6,Gated-Source+Residual,0.8652430862309467,0.7913795928982914,0.5291857404440374,0.6856924019607843,0.3076923076923077,0.20390534598723367,-1.589893529448866,0.5859375,256,target_only,False,0.0,-3.9637971948732795e-05,0.03426498023483148,0.03526643902144748,-0.029226889370797954,0.6,non_positive_calibrated_slope;insufficient_cv_rmse_gain,0.992965093844812,0.9895120450904095,0.9620098039215687,3,2,0.9054865028488227,0.6752420198351698,0.0,25d25d9f41eebf673351ba7ac43fc103778455f300d00eeceb8ca67d053efa5b,60d6a783878ad792597ddee979176377c79fdda92e8eaf2ac2d4730ffc82301e,649ff6487eff90f0e70fbd181012ae3e332cc8ba7c45650b886e20dd515fcce4,8c32ab104b935f050f656a93832cbec44eb9e7eadc2252fca5b170395e239751,b56d66e4c9af59d8e2f98126439ce032f18b6f76b81816fe439700b01145c6b4,0.0,False
GMM,2,777,matching,12,Target-Only,0.4523031561717011,0.9961336578260805,0.9468814373998624,0.9106004901960785,0.8846153846153846,0.0,-2.9437646716737484,0.8984375,256,target_only,False,0.0,0.0,,,,,not_applicable,0.992965093844812,0.9895120450904095,0.9620098039215687,3,2,0.9054865028488227,0.6752420198351698,0.0,25d25d9f41eebf673351ba7ac43fc103778455f300d00eeceb8ca67d053efa5b,60d6a783878ad792597ddee979176377c79fdda92e8eaf2ac2d4730ffc82301e,649ff6487eff90f0e70fbd181012ae3e332cc8ba7c45650b886e20dd515fcce4,8c32ab104b935f050f656a93832cbec44eb9e7eadc2252fca5b170395e239751,b56d66e4c9af59d8e2f98126439ce032f18b6f76b81816fe439700b01145c6b4,0.0,False
GMM,2,777,matching,12,Source-Affine-Only,0.978295943083154,0.16719715209651545,0.1943529697871366,0.5699448529411765,0.0,1.4745042633822059,-1.7774395518521198,0.87890625,256,calibrated_source_only,False,0.0069852781797557825,0.0069852781797557825,,,,,not_applicable,0.992965093844812,0.9895120450904095,0.9620098039215687,3,2,0.9054865028488227,0.6752420198351698,0.0,25d25d9f41eebf673351ba7ac43fc103778455f300d00eeceb8ca67d053efa5b,60d6a783878ad792597ddee979176377c79fdda92e8eaf2ac2d4730ffc82301e,649ff6487eff90f0e70fbd181012ae3e332cc8ba7c45650b886e20dd515fcce4,8c32ab104b935f050f656a93832cbec44eb9e7eadc2252fca5b170395e239751,b56d66e4c9af59d8e2f98126439ce032f18b6f76b81816fe439700b01145c6b4,0.5259927869114529,True
GMM,2,777,matching,12,Fixed-Source+Residual,0.44075302061985405,0.99737853959495,0.9298316262302585,0.910968137254902,0.9230769230769231,0.0,-3.0572640566387417,0.9375,256,fixed,False,0.030967955812067464,0.030967955812067464,,,,,not_applicable,0.992965093844812,0.9895120450904095,0.9620098039215687,3,2,0.9054865028488227,0.6752420198351698,0.0,25d25d9f41eebf673351ba7ac43fc103778455f300d00eeceb8ca67d053efa5b,60d6a783878ad792597ddee979176377c79fdda92e8eaf2ac2d4730ffc82301e,649ff6487eff90f0e70fbd181012ae3e332cc8ba7c45650b886e20dd515fcce4,8c32ab104b935f050f656a93832cbec44eb9e7eadc2252fca5b170395e239751,b56d66e4c9af59d8e2f98126439ce032f18b6f76b81816fe439700b01145c6b4,-0.01155013555184703,False
GMM,2,777,matching,12,Calibrated-Source+Residual,0.44357843005292596,0.9961155450215545,0.9469057564660103,0.9133272058823529,0.8846153846153846,0.0,-2.9719948512394727,0.890625,256,calibrated,False,0.0069852781797557825,0.0069852781797557825,,,,,not_applicable,0.992965093844812,0.9895120450904095,0.9620098039215687,3,2,0.9054865028488227,0.6752420198351698,0.0,25d25d9f41eebf673351ba7ac43fc103778455f300d00eeceb8ca67d053efa5b,60d6a783878ad792597ddee979176377c79fdda92e8eaf2ac2d4730ffc82301e,649ff6487eff90f0e70fbd181012ae3e332cc8ba7c45650b886e20dd515fcce4,8c32ab104b935f050f656a93832cbec44eb9e7eadc2252fca5b170395e239751,b56d66e4c9af59d8e2f98126439ce032f18b6f76b81816fe439700b01145c6b4,-0.008724726118775117,False
GMM,2,777,matching,12,Gated-Source+Residual,0.44357843005292596,0.9961155450215545,0.9469057564660103,0.9133272058823529,0.8846153846153846,0.0,-2.9719948512394727,0.890625,256,calibrated,True,0.0069852781797557825,0.0069852781797557825,0.030978198643310275,0.030842851776106954,0.004369100629824682,0.6060606060606061,accepted,0.992965093844812,0.9895120450904095,0.9620098039215687,3,2,0.9054865028488227,0.6752420198351698,0.0,25d25d9f41eebf673351ba7ac43fc103778455f300d00eeceb8ca67d053efa5b,60d6a783878ad792597ddee979176377c79fdda92e8eaf2ac2d4730ffc82301e,649ff6487eff90f0e70fbd181012ae3e332cc8ba7c45650b886e20dd515fcce4,8c32ab104b935f050f656a93832cbec44eb9e7eadc2252fca5b170395e239751,b56d66e4c9af59d8e2f98126439ce032f18b6f76b81816fe439700b01145c6b4,-0.008724726118775117,False
GMM,2,777,wrong,6,Target-Only,0.8652430862309467,0.7913795928982914,0.5291857404440374,0.6856924019607843,0.3076923076923077,0.20390534598723367,-1.589893529448866,0.5859375,256,target_only,False,0.0,0.0,,,,,not_applicable,0.7520219589911349,0.9331758189496903,0.9447145279819107,3,2,0.9482599012895325,0.8349591527789813,0.0,25d25d9f41eebf673351ba7ac43fc103778455f300d00eeceb8ca67d053efa5b,60d6a783878ad792597ddee979176377c79fdda92e8eaf2ac2d4730ffc82301e,649ff6487eff90f0e70fbd181012ae3e332cc8ba7c45650b886e20dd515fcce4,8c32ab104b935f050f656a93832cbec44eb9e7eadc2252fca5b170395e239751,b56d66e4c9af59d8e2f98126439ce032f18b6f76b81816fe439700b01145c6b4,0.0,False
GMM,2,777,wrong,6,Source-Affine-Only,1.0460012520653779,0.4252979379154142,0.0,0.5,0.07692307692307693,0.5107594983099999,-1.6078944051074102,0.796875,256,constant_target_mean,False,0.0,-0.009902470322781668,,,,,not_applicable,0.7520219589911349,0.9331758189496903,0.9447145279819107,3,2,0.9482599012895325,0.8349591527789813,0.0,25d25d9f41eebf673351ba7ac43fc103778455f300d00eeceb8ca67d053efa5b,60d6a783878ad792597ddee979176377c79fdda92e8eaf2ac2d4730ffc82301e,649ff6487eff90f0e70fbd181012ae3e332cc8ba7c45650b886e20dd515fcce4,8c32ab104b935f050f656a93832cbec44eb9e7eadc2252fca5b170395e239751,b56d66e4c9af59d8e2f98126439ce032f18b6f76b81816fe439700b01145c6b4,0.18075816583443116,True
GMM,2,777,wrong,6,Fixed-Source+Residual,0.5035306836758877,0.9567906293256336,0.9229214351110092,0.8785845588235294,0.6538461538461539,0.02986907779823776,-2.5402941805840564,0.984375,256,fixed,False,0.028396934017197607,0.028396934017197607,,,,,not_applicable,0.7520219589911349,0.9331758189496903,0.9447145279819107,3,2,0.9482599012895325,0.8349591527789813,0.0,25d25d9f41eebf673351ba7ac43fc103778455f300d00eeceb8ca67d053efa5b,60d6a783878ad792597ddee979176377c79fdda92e8eaf2ac2d4730ffc82301e,649ff6487eff90f0e70fbd181012ae3e332cc8ba7c45650b886e20dd515fcce4,8c32ab104b935f050f656a93832cbec44eb9e7eadc2252fca5b170395e239751,b56d66e4c9af59d8e2f98126439ce032f18b6f76b81816fe439700b01145c6b4,-0.361712402555059,False
GMM,2,777,wrong,6,Calibrated-Source+Residual,0.8652430862309467,0.7913795928982914,0.5291857404440374,0.6856924019607843,0.3076923076923077,0.20390534598723367,-1.589893529448866,0.5859375,256,target_only,False,0.0,-0.009902470322781668,,,,,not_applicable,0.7520219589911349,0.9331758189496903,0.9447145279819107,3,2,0.9482599012895325,0.8349591527789813,0.0,25d25d9f41eebf673351ba7ac43fc103778455f300d00eeceb8ca67d053efa5b,60d6a783878ad792597ddee979176377c79fdda92e8eaf2ac2d4730ffc82301e,649ff6487eff90f0e70fbd181012ae3e332cc8ba7c45650b886e20dd515fcce4,8c32ab104b935f050f656a93832cbec44eb9e7eadc2252fca5b170395e239751,b56d66e4c9af59d8e2f98126439ce032f18b6f76b81816fe439700b01145c6b4,0.0,False
GMM,2,777,wrong,6,Gated-Source+Residual,0.8652430862309467,0.7913795928982914,0.5291857404440374,0.6856924019607843,0.3076923076923077,0.20390534598723367,-1.589893529448866,0.5859375,256,target_only,False,0.0,-0.009902470322781668,0.03426498023483148,0.03426498023483148,0.0,0.35714285714285715,non_positive_calibrated_slope;insufficient_cv_rmse_gain;insufficient_pairwise_agreement,0.7520219589911349,0.9331758189496903,0.9447145279819107,3,2,0.9482599012895325,0.8349591527789813,0.0,25d25d9f41eebf673351ba7ac43fc103778455f300d00eeceb8ca67d053efa5b,60d6a783878ad792597ddee979176377c79fdda92e8eaf2ac2d4730ffc82301e,649ff6487eff90f0e70fbd181012ae3e332cc8ba7c45650b886e20dd515fcce4,8c32ab104b935f050f656a93832cbec44eb9e7eadc2252fca5b170395e239751,b56d66e4c9af59d8e2f98126439ce032f18b6f76b81816fe439700b01145c6b4,0.0,False
GMM,2,777,wrong,12,Target-Only,0.4523031561717011,0.9961336578260805,0.9468814373998624,0.9106004901960785,0.8846153846153846,0.0,-2.9437646716737484,0.8984375,256,target_only,False,0.0,0.0,,,,,not_applicable,0.7520219589911349,0.9331758189496903,0.9447145279819107,3,2,0.9482599012895325,0.8349591527789813,0.0,25d25d9f41eebf673351ba7ac43fc103778455f300d00eeceb8ca67d053efa5b,60d6a783878ad792597ddee979176377c79fdda92e8eaf2ac2d4730ffc82301e,649ff6487eff90f0e70fbd181012ae3e332cc8ba7c45650b886e20dd515fcce4,8c32ab104b935f050f656a93832cbec44eb9e7eadc2252fca5b170395e239751,b56d66e4c9af59d8e2f98126439ce032f18b6f76b81816fe439700b01145c6b4,0.0,False
GMM,2,777,wrong,12,Source-Affine-Only,0.9803714014080732,0.4750446819845713,0.18057690068263532,0.5810439042773695,0.038461538461538464,0.5107594983099999,-1.7870778320313547,0.88671875,256,calibrated_source_only,False,0.003703662649055978,0.003703662649055978,,,,,not_applicable,0.7520219589911349,0.9331758189496903,0.9447145279819107,3,2,0.9482599012895325,0.8349591527789813,0.0,25d25d9f41eebf673351ba7ac43fc103778455f300d00eeceb8ca67d053efa5b,60d6a783878ad792597ddee979176377c79fdda92e8eaf2ac2d4730ffc82301e,649ff6487eff90f0e70fbd181012ae3e332cc8ba7c45650b886e20dd515fcce4,8c32ab104b935f050f656a93832cbec44eb9e7eadc2252fca5b170395e239751,b56d66e4c9af59d8e2f98126439ce032f18b6f76b81816fe439700b01145c6b4,0.5280682452363721,True
GMM,2,777,wrong,12,Fixed-Source+Residual,0.38062346308775247,0.9900071207030537,0.9502682249942777,0.9111825980392156,0.8076923076923077,0.0,-3.064875431663558,0.9765625,256,fixed,False,0.030967955812067464,0.030967955812067464,,,,,not_applicable,0.7520219589911349,0.9331758189496903,0.9447145279819107,3,2,0.9482599012895325,0.8349591527789813,0.0,25d25d9f41eebf673351ba7ac43fc103778455f300d00eeceb8ca67d053efa5b,60d6a783878ad792597ddee979176377c79fdda92e8eaf2ac2d4730ffc82301e,649ff6487eff90f0e70fbd181012ae3e332cc8ba7c45650b886e20dd515fcce4,8c32ab104b935f050f656a93832cbec44eb9e7eadc2252fca5b170395e239751,b56d66e4c9af59d8e2f98126439ce032f18b6f76b81816fe439700b01145c6b4,-0.07167969308394861,False
GMM,2,777,wrong,12,Calibrated-Source+Residual,0.4351346200489681,0.9963612376793681,0.9537172407873654,0.9151654411764706,0.8846153846153846,0.0,-2.9885525667790134,0.90234375,256,calibrated,False,0.003703662649055978,0.003703662649055978,,,,,not_applicable,0.7520219589911349,0.9331758189496903,0.9447145279819107,3,2,0.9482599012895325,0.8349591527789813,0.0,25d25d9f41eebf673351ba7ac43fc103778455f300d00eeceb8ca67d053efa5b,60d6a783878ad792597ddee979176377c79fdda92e8eaf2ac2d4730ffc82301e,649ff6487eff90f0e70fbd181012ae3e332cc8ba7c45650b886e20dd515fcce4,8c32ab104b935f050f656a93832cbec44eb9e7eadc2252fca5b170395e239751,b56d66e4c9af59d8e2f98126439ce032f18b6f76b81816fe439700b01145c6b4,-0.017168536122733002,False
GMM,2,777,wrong,12,Gated-Source+Residual,0.4523031561717011,0.9961336578260805,0.9468814373998624,0.9106004901960785,0.8846153846153846,0.0,-2.9437646716737484,0.8984375,256,target_only,False,0.003703662649055978,0.003703662649055978,0.030978198643310275,0.031936459625867324,-0.030933399116929754,0.48333333333333334,insufficient_cv_rmse_gain;insufficient_pairwise_agreement,0.7520219589911349,0.9331758189496903,0.9447145279819107,3,2,0.9482599012895325,0.8349591527789813,0.0,25d25d9f41eebf673351ba7ac43fc103778455f300d00eeceb8ca67d053efa5b,60d6a783878ad792597ddee979176377c79fdda92e8eaf2ac2d4730ffc82301e,649ff6487eff90f0e70fbd181012ae3e332cc8ba7c45650b886e20dd515fcce4,8c32ab104b935f050f656a93832cbec44eb9e7eadc2252fca5b170395e239751,b56d66e4c9af59d8e2f98126439ce032f18b6f76b81816fe439700b01145c6b4,0.0,False
GMM,2,777,reversed,6,Target-Only,0.8652430862309467,0.7913795928982914,0.5291857404440374,0.6856924019607843,0.3076923076923077,0.20390534598723367,-1.589893529448866,0.5859375,256,target_only,False,0.0,0.0,,,,,not_applicable,0.02918888639640612,-0.9895120450904095,0.03799019607843137,3,2,0.9054865028488227,0.6752420198351698,0.0,25d25d9f41eebf673351ba7ac43fc103778455f300d00eeceb8ca67d053efa5b,60d6a783878ad792597ddee979176377c79fdda92e8eaf2ac2d4730ffc82301e,649ff6487eff90f0e70fbd181012ae3e332cc8ba7c45650b886e20dd515fcce4,8c32ab104b935f050f656a93832cbec44eb9e7eadc2252fca5b170395e239751,b56d66e4c9af59d8e2f98126439ce032f18b6f76b81816fe439700b01145c6b4,0.0,False
GMM,2,777,reversed,6,Source-Affine-Only,1.0462370152238378,0.10015007108953518,-0.1943529697871366,0.43005514705882353,0.0,1.3818744155303744,-1.6074265570886705,0.79296875,256,calibrated_source_only,False,3.9637971948732795e-05,3.9637971948732795e-05,,,,,not_applicable,0.02918888639640612,-0.9895120450904095,0.03799019607843137,3,2,0.9054865028488227,0.6752420198351698,0.0,25d25d9f41eebf673351ba7ac43fc103778455f300d00eeceb8ca67d053efa5b,60d6a783878ad792597ddee979176377c79fdda92e8eaf2ac2d4730ffc82301e,649ff6487eff90f0e70fbd181012ae3e332cc8ba7c45650b886e20dd515fcce4,8c32ab104b935f050f656a93832cbec44eb9e7eadc2252fca5b170395e239751,b56d66e4c9af59d8e2f98126439ce032f18b6f76b81816fe439700b01145c6b4,0.18099392899289113,True
GMM,2,777,reversed,6,Fixed-Source+Residual,1.0604072694240791,0.48037465822159464,0.31811698901350416,0.6121936274509804,0.0,0.3789652496465144,-1.7294561035779858,0.77734375,256,fixed,False,0.028396934017197607,0.028396934017197607,,,,,not_applicable,0.02918888639640612,-0.9895120450904095,0.03799019607843137,3,2,0.9054865028488227,0.6752420198351698,0.0,25d25d9f41eebf673351ba7ac43fc103778455f300d00eeceb8ca67d053efa5b,60d6a783878ad792597ddee979176377c79fdda92e8eaf2ac2d4730ffc82301e,649ff6487eff90f0e70fbd181012ae3e332cc8ba7c45650b886e20dd515fcce4,8c32ab104b935f050f656a93832cbec44eb9e7eadc2252fca5b170395e239751,b56d66e4c9af59d8e2f98126439ce032f18b6f76b81816fe439700b01145c6b4,0.19516418319313245,True
GMM,2,777,reversed,6,Calibrated-Source+Residual,0.8654893531281977,0.7913795928982914,0.5289368276493476,0.6855698529411764,0.3076923076923077,0.20390534598723367,-1.58902269152026,0.5859375,256,calibrated,False,3.9637971948732795e-05,3.9637971948732795e-05,,,,,not_applicable,0.02918888639640612,-0.9895120450904095,0.03799019607843137,3,2,0.9054865028488227,0.6752420198351698,0.0,25d25d9f41eebf673351ba7ac43fc103778455f300d00eeceb8ca67d053efa5b,60d6a783878ad792597ddee979176377c79fdda92e8eaf2ac2d4730ffc82301e,649ff6487eff90f0e70fbd181012ae3e332cc8ba7c45650b886e20dd515fcce4,8c32ab104b935f050f656a93832cbec44eb9e7eadc2252fca5b170395e239751,b56d66e4c9af59d8e2f98126439ce032f18b6f76b81816fe439700b01145c6b4,0.0002462668972510462,False
GMM,2,777,reversed,6,Gated-Source+Residual,0.8652430862309467,0.7913795928982914,0.5291857404440374,0.6856924019607843,0.3076923076923077,0.20390534598723367,-1.589893529448866,0.5859375,256,target_only,False,3.9637971948732795e-05,3.9637971948732795e-05,0.03426498023483148,0.04198077920659697,-0.22518031292842033,0.4,insufficient_cv_rmse_gain;insufficient_pairwise_agreement,0.02918888639640612,-0.9895120450904095,0.03799019607843137,3,2,0.9054865028488227,0.6752420198351698,0.0,25d25d9f41eebf673351ba7ac43fc103778455f300d00eeceb8ca67d053efa5b,60d6a783878ad792597ddee979176377c79fdda92e8eaf2ac2d4730ffc82301e,649ff6487eff90f0e70fbd181012ae3e332cc8ba7c45650b886e20dd515fcce4,8c32ab104b935f050f656a93832cbec44eb9e7eadc2252fca5b170395e239751,b56d66e4c9af59d8e2f98126439ce032f18b6f76b81816fe439700b01145c6b4,0.0,False
GMM,2,777,reversed,12,Target-Only,0.4523031561717011,0.9961336578260805,0.9468814373998624,0.9106004901960785,0.8846153846153846,0.0,-2.9437646716737484,0.8984375,256,target_only,False,0.0,0.0,,,,,not_applicable,0.02918888639640612,-0.9895120450904095,0.03799019607843137,3,2,0.9054865028488227,0.6752420198351698,0.0,25d25d9f41eebf673351ba7ac43fc103778455f300d00eeceb8ca67d053efa5b,60d6a783878ad792597ddee979176377c79fdda92e8eaf2ac2d4730ffc82301e,649ff6487eff90f0e70fbd181012ae3e332cc8ba7c45650b886e20dd515fcce4,8c32ab104b935f050f656a93832cbec44eb9e7eadc2252fca5b170395e239751,b56d66e4c9af59d8e2f98126439ce032f18b6f76b81816fe439700b01145c6b4,0.0,False
GMM,2,777,reversed,12,Source-Affine-Only,1.0084493027526527,0.4252979379154142,0.0,0.5,0.07692307692307693,0.5107594983099999,-1.7472310409034526,0.87109375,256,constant_target_mean,False,0.0,-0.006985278179755782,,,,,not_applicable,0.02918888639640612,-0.9895120450904095,0.03799019607843137,3,2,0.9054865028488227,0.6752420198351698,0.0,25d25d9f41eebf673351ba7ac43fc103778455f300d00eeceb8ca67d053efa5b,60d6a783878ad792597ddee979176377c79fdda92e8eaf2ac2d4730ffc82301e,649ff6487eff90f0e70fbd181012ae3e332cc8ba7c45650b886e20dd515fcce4,8c32ab104b935f050f656a93832cbec44eb9e7eadc2252fca5b170395e239751,b56d66e4c9af59d8e2f98126439ce032f18b6f76b81816fe439700b01145c6b4,0.5561461465809516,True
GMM,2,777,reversed,12,Fixed-Source+Residual,0.527015024766781,0.9942978454036326,0.8972133211261157,0.8783700980392157,0.8846153846153846,0.004809009583391826,-2.8056159816861785,0.953125,256,fixed,False,0.030967955812067464,0.030967955812067464,,,,,not_applicable,0.02918888639640612,-0.9895120450904095,0.03799019607843137,3,2,0.9054865028488227,0.6752420198351698,0.0,25d25d9f41eebf673351ba7ac43fc103778455f300d00eeceb8ca67d053efa5b,60d6a783878ad792597ddee979176377c79fdda92e8eaf2ac2d4730ffc82301e,649ff6487eff90f0e70fbd181012ae3e332cc8ba7c45650b886e20dd515fcce4,8c32ab104b935f050f656a93832cbec44eb9e7eadc2252fca5b170395e239751,b56d66e4c9af59d8e2f98126439ce032f18b6f76b81816fe439700b01145c6b4,0.07471186859507989,True
GMM,2,777,reversed,12,Calibrated-Source+Residual,0.4523031561717011,0.9961336578260805,0.9468814373998624,0.9106004901960785,0.8846153846153846,0.0,-2.9437646716737484,0.8984375,256,target_only,False,0.0,-0.006985278179755782,,,,,not_applicable,0.02918888639640612,-0.9895120450904095,0.03799019607843137,3,2,0.9054865028488227,0.6752420198351698,0.0,25d25d9f41eebf673351ba7ac43fc103778455f300d00eeceb8ca67d053efa5b,60d6a783878ad792597ddee979176377c79fdda92e8eaf2ac2d4730ffc82301e,649ff6487eff90f0e70fbd181012ae3e332cc8ba7c45650b886e20dd515fcce4,8c32ab104b935f050f656a93832cbec44eb9e7eadc2252fca5b170395e239751,b56d66e4c9af59d8e2f98126439ce032f18b6f76b81816fe439700b01145c6b4,0.0,False
GMM,2,777,reversed,12,Gated-Source+Residual,0.4523031561717011,0.9961336578260805,0.9468814373998624,0.9106004901960785,0.8846153846153846,0.0,-2.9437646716737484,0.8984375,256,target_only,False,0.0,-0.006985278179755782,0.030978198643310275,0.03401354778721995,-0.09798339725493219,0.3939393939393939,non_positive_calibrated_slope;insufficient_cv_rmse_gain;insufficient_pairwise_agreement,0.02918888639640612,-0.9895120450904095,0.03799019607843137,3,2,0.9054865028488227,0.6752420198351698,0.0,25d25d9f41eebf673351ba7ac43fc103778455f300d00eeceb8ca67d053efa5b,60d6a783878ad792597ddee979176377c79fdda92e8eaf2ac2d4730ffc82301e,649ff6487eff90f0e70fbd181012ae3e332cc8ba7c45650b886e20dd515fcce4,8c32ab104b935f050f656a93832cbec44eb9e7eadc2252fca5b170395e239751,b56d66e4c9af59d8e2f98126439ce032f18b6f76b81816fe439700b01145c6b4,0.0,False
Rastrigin,2,42,matching,6,Target-Only,0.9460652531323227,0.6684491237074389,0.40484736209658956,0.6416666666666667,0.07692307692307693,0.34014291644578487,5.580236104822906,0.3046875,256,target_only,False,0.0,0.0,,,,,not_applicable,0.8752138883101632,0.6049989986266879,0.7089767156862745,1,1,0.9752452922939101,0.9237045519124648,0.0,7e23b477209ef39f8d30f1b0e617a2fcaca5a693561464513b6910405c5ab75f,6c37826beb391d18b820a04bce2da2f6ba2fcac6dec72641c0d260d5ae1f9a48,7ce467ad8a76320b0abcbbef2acb1844f23d83e511b1ea9f29604167710cfd3b,dd751eed3e689953190c5e9424ba417ae3bf2c5a0d6d23cd4bcad08e47827e64,0753bbd8c6cb422e703797f9b9a26f3e45fcc3881a643768524cbb4d216f7022,0.0,False
Rastrigin,2,42,matching,6,Source-Affine-Only,1.01219395469357,0.4535423418030802,0.0,0.5,0.11538461538461539,1.1435286129060698,4.186302425089833,0.67578125,256,constant_target_mean,False,0.0,-1.182709850174661,,,,,not_applicable,0.8752138883101632,0.6049989986266879,0.7089767156862745,1,1,0.9752452922939101,0.9237045519124648,0.0,7e23b477209ef39f8d30f1b0e617a2fcaca5a693561464513b6910405c5ab75f,6c37826beb391d18b820a04bce2da2f6ba2fcac6dec72641c0d260d5ae1f9a48,7ce467ad8a76320b0abcbbef2acb1844f23d83e511b1ea9f29604167710cfd3b,dd751eed3e689953190c5e9424ba417ae3bf2c5a0d6d23cd4bcad08e47827e64,0753bbd8c6cb422e703797f9b9a26f3e45fcc3881a643768524cbb4d216f7022,0.0661287015612474,True
Rastrigin,2,42,matching,6,Fixed-Source+Residual,0.8908371448592927,0.5708740307475355,0.47822513733119704,0.6669424019607844,0.038461538461538464,0.3599600108782998,3.543532275235723,0.6953125,256,fixed,False,4.657276362806488,4.657276362806488,,,,,not_applicable,0.8752138883101632,0.6049989986266879,0.7089767156862745,1,1,0.9752452922939101,0.9237045519124648,0.0,7e23b477209ef39f8d30f1b0e617a2fcaca5a693561464513b6910405c5ab75f,6c37826beb391d18b820a04bce2da2f6ba2fcac6dec72641c0d260d5ae1f9a48,7ce467ad8a76320b0abcbbef2acb1844f23d83e511b1ea9f29604167710cfd3b,dd751eed3e689953190c5e9424ba417ae3bf2c5a0d6d23cd4bcad08e47827e64,0753bbd8c6cb422e703797f9b9a26f3e45fcc3881a643768524cbb4d216f7022,-0.05522810827303004,False
Rastrigin,2,42,matching,6,Calibrated-Source+Residual,0.9460652531323227,0.6684491237074389,0.40484736209658956,0.6416666666666667,0.07692307692307693,0.34014291644578487,5.580236104822906,0.3046875,256,target_only,False,0.0,-1.182709850174661,,,,,not_applicable,0.8752138883101632,0.6049989986266879,0.7089767156862745,1,1,0.9752452922939101,0.9237045519124648,0.0,7e23b477209ef39f8d30f1b0e617a2fcaca5a693561464513b6910405c5ab75f,6c37826beb391d18b820a04bce2da2f6ba2fcac6dec72641c0d260d5ae1f9a48,7ce467ad8a76320b0abcbbef2acb1844f23d83e511b1ea9f29604167710cfd3b,dd751eed3e689953190c5e9424ba417ae3bf2c5a0d6d23cd4bcad08e47827e64,0753bbd8c6cb422e703797f9b9a26f3e45fcc3881a643768524cbb4d216f7022,0.0,False
Rastrigin,2,42,matching,6,Gated-Source+Residual,0.9460652531323227,0.6684491237074389,0.40484736209658956,0.6416666666666667,0.07692307692307693,0.34014291644578487,5.580236104822906,0.3046875,256,target_only,False,0.0,-1.182709850174661,5.32036035087319,5.32036035087319,0.0,0.2,non_positive_calibrated_slope;insufficient_cv_rmse_gain;insufficient_pairwise_agreement,0.8752138883101632,0.6049989986266879,0.7089767156862745,1,1,0.9752452922939101,0.9237045519124648,0.0,7e23b477209ef39f8d30f1b0e617a2fcaca5a693561464513b6910405c5ab75f,6c37826beb391d18b820a04bce2da2f6ba2fcac6dec72641c0d260d5ae1f9a48,7ce467ad8a76320b0abcbbef2acb1844f23d83e511b1ea9f29604167710cfd3b,dd751eed3e689953190c5e9424ba417ae3bf2c5a0d6d23cd4bcad08e47827e64,0753bbd8c6cb422e703797f9b9a26f3e45fcc3881a643768524cbb4d216f7022,0.0,False
Rastrigin,2,42,matching,12,Target-Only,0.3920055677716263,0.9981600507954219,0.9628411821927214,0.9227634803921568,0.9230769230769231,0.00411082614964643,2.1994057899130035,0.98828125,256,target_only,False,0.0,0.0,,,,,not_applicable,0.8752138883101632,0.6049989986266879,0.7089767156862745,1,1,0.9752452922939101,0.9237045519124648,0.0,7e23b477209ef39f8d30f1b0e617a2fcaca5a693561464513b6910405c5ab75f,6c37826beb391d18b820a04bce2da2f6ba2fcac6dec72641c0d260d5ae1f9a48,7ce467ad8a76320b0abcbbef2acb1844f23d83e511b1ea9f29604167710cfd3b,dd751eed3e689953190c5e9424ba417ae3bf2c5a0d6d23cd4bcad08e47827e64,0753bbd8c6cb422e703797f9b9a26f3e45fcc3881a643768524cbb4d216f7022,0.0,False
Rastrigin,2,42,matching,12,Source-Affine-Only,1.000672365390665,0.4535423418030802,0.0,0.5,0.11538461538461539,1.1435286129060698,3.5687606239483496,0.98046875,256,constant_target_mean,False,0.0,-0.28792857865346166,,,,,not_applicable,0.8752138883101632,0.6049989986266879,0.7089767156862745,1,1,0.9752452922939101,0.9237045519124648,0.0,7e23b477209ef39f8d30f1b0e617a2fcaca5a693561464513b6910405c5ab75f,6c37826beb391d18b820a04bce2da2f6ba2fcac6dec72641c0d260d5ae1f9a48,7ce467ad8a76320b0abcbbef2acb1844f23d83e511b1ea9f29604167710cfd3b,dd751eed3e689953190c5e9424ba417ae3bf2c5a0d6d23cd4bcad08e47827e64,0753bbd8c6cb422e703797f9b9a26f3e45fcc3881a643768524cbb4d216f7022,0.6086667976190387,True
Rastrigin,2,42,matching,12,Fixed-Source+Residual,0.27138437335949245,0.9950091800396863,0.97372467956054,0.9339460784313726,0.8461538461538461,0.0,2.3726339634897147,1.0,256,fixed,False,9.009643700199822,9.009643700199822,,,,,not_applicable,0.8752138883101632,0.6049989986266879,0.7089767156862745,1,1,0.9752452922939101,0.9237045519124648,0.0,7e23b477209ef39f8d30f1b0e617a2fcaca5a693561464513b6910405c5ab75f,6c37826beb391d18b820a04bce2da2f6ba2fcac6dec72641c0d260d5ae1f9a48,7ce467ad8a76320b0abcbbef2acb1844f23d83e511b1ea9f29604167710cfd3b,dd751eed3e689953190c5e9424ba417ae3bf2c5a0d6d23cd4bcad08e47827e64,0753bbd8c6cb422e703797f9b9a26f3e45fcc3881a643768524cbb4d216f7022,-0.12062119441213387,False
Rastrigin,2,42,matching,12,Calibrated-Source+Residual,0.3920055677716263,0.9981600507954219,0.9628411821927214,0.9227634803921568,0.9230769230769231,0.00411082614964643,2.1994057899130035,0.98828125,256,target_only,False,0.0,-0.28792857865346166,,,,,not_applicable,0.8752138883101632,0.6049989986266879,0.7089767156862745,1,1,0.9752452922939101,0.9237045519124648,0.0,7e23b477209ef39f8d30f1b0e617a2fcaca5a693561464513b6910405c5ab75f,6c37826beb391d18b820a04bce2da2f6ba2fcac6dec72641c0d260d5ae1f9a48,7ce467ad8a76320b0abcbbef2acb1844f23d83e511b1ea9f29604167710cfd3b,dd751eed3e689953190c5e9424ba417ae3bf2c5a0d6d23cd4bcad08e47827e64,0753bbd8c6cb422e703797f9b9a26f3e45fcc3881a643768524cbb4d216f7022,0.0,False
Rastrigin,2,42,matching,12,Gated-Source+Residual,0.3920055677716263,0.9981600507954219,0.9628411821927214,0.9227634803921568,0.9230769230769231,0.00411082614964643,2.1994057899130035,0.98828125,256,target_only,False,0.0,-0.28792857865346166,7.391167212534312,7.364120439916228,0.0036593371304355356,0.42424242424242425,non_positive_calibrated_slope;insufficient_pairwise_agreement,0.8752138883101632,0.6049989986266879,0.7089767156862745,1,1,0.9752452922939101,0.9237045519124648,0.0,7e23b477209ef39f8d30f1b0e617a2fcaca5a693561464513b6910405c5ab75f,6c37826beb391d18b820a04bce2da2f6ba2fcac6dec72641c0d260d5ae1f9a48,7ce467ad8a76320b0abcbbef2acb1844f23d83e511b1ea9f29604167710cfd3b,dd751eed3e689953190c5e9424ba417ae3bf2c5a0d6d23cd4bcad08e47827e64,0753bbd8c6cb422e703797f9b9a26f3e45fcc3881a643768524cbb4d216f7022,0.0,False
Rastrigin,2,42,wrong,6,Target-Only,0.9460652531323227,0.6684491237074389,0.40484736209658956,0.6416666666666667,0.07692307692307693,0.34014291644578487,5.580236104822906,0.3046875,256,target_only,False,0.0,0.0,,,,,not_applicable,0.960595348994085,0.3477197299153124,0.6407781862745098,1,1,0.9835773617020959,0.9506987055701493,0.0,7e23b477209ef39f8d30f1b0e617a2fcaca5a693561464513b6910405c5ab75f,6c37826beb391d18b820a04bce2da2f6ba2fcac6dec72641c0d260d5ae1f9a48,7ce467ad8a76320b0abcbbef2acb1844f23d83e511b1ea9f29604167710cfd3b,dd751eed3e689953190c5e9424ba417ae3bf2c5a0d6d23cd4bcad08e47827e64,0753bbd8c6cb422e703797f9b9a26f3e45fcc3881a643768524cbb4d216f7022,0.0,False
Rastrigin,2,42,wrong,6,Source-Affine-Only,1.01219395469357,0.4535423418030802,0.0,0.5,0.11538461538461539,1.1435286129060698,4.186302425089833,0.67578125,256,constant_target_mean,False,0.0,-0.6072101692745323,,,,,not_applicable,0.960595348994085,0.3477197299153124,0.6407781862745098,1,1,0.9835773617020959,0.9506987055701493,0.0,7e23b477209ef39f8d30f1b0e617a2fcaca5a693561464513b6910405c5ab75f,6c37826beb391d18b820a04bce2da2f6ba2fcac6dec72641c0d260d5ae1f9a48,7ce467ad8a76320b0abcbbef2acb1844f23d83e511b1ea9f29604167710cfd3b,dd751eed3e689953190c5e9424ba417ae3bf2c5a0d6d23cd4bcad08e47827e64,0753bbd8c6cb422e703797f9b9a26f3e45fcc3881a643768524cbb4d216f7022,0.0661287015612474,True
Rastrigin,2,42,wrong,6,Fixed-Source+Residual,0.8836906354774942,0.7257142733435981,0.5049088750286106,0.6771139705882353,0.11538461538461539,0.2768402119741435,3.66710096179372,0.64453125,256,fixed,False,4.657276362806488,4.657276362806488,,,,,not_applicable,0.960595348994085,0.3477197299153124,0.6407781862745098,1,1,0.9835773617020959,0.9506987055701493,0.0,7e23b477209ef39f8d30f1b0e617a2fcaca5a693561464513b6910405c5ab75f,6c37826beb391d18b820a04bce2da2f6ba2fcac6dec72641c0d260d5ae1f9a48,7ce467ad8a76320b0abcbbef2acb1844f23d83e511b1ea9f29604167710cfd3b,dd751eed3e689953190c5e9424ba417ae3bf2c5a0d6d23cd4bcad08e47827e64,0753bbd8c6cb422e703797f9b9a26f3e45fcc3881a643768524cbb4d216f7022,-0.062374617654828546,False
Rastrigin,2,42,wrong,6,Calibrated-Source+Residual,0.9460652531323227,0.6684491237074389,0.40484736209658956,0.6416666666666667,0.07692307692307693,0.34014291644578487,5.580236104822906,0.3046875,256,target_only,False,0.0,-0.6072101692745323,,,,,not_applicable,0.960595348994085,0.3477197299153124,0.6407781862745098,1,1,0.9835773617020959,0.9506987055701493,0.0,7e23b477209ef39f8d30f1b0e617a2fcaca5a693561464513b6910405c5ab75f,6c37826beb391d18b820a04bce2da2f6ba2fcac6dec72641c0d260d5ae1f9a48,7ce467ad8a76320b0abcbbef2acb1844f23d83e511b1ea9f29604167710cfd3b,dd751eed3e689953190c5e9424ba417ae3bf2c5a0d6d23cd4bcad08e47827e64,0753bbd8c6cb422e703797f9b9a26f3e45fcc3881a643768524cbb4d216f7022,0.0,False
Rastrigin,2,42,wrong,6,Gated-Source+Residual,0.9460652531323227,0.6684491237074389,0.40484736209658956,0.6416666666666667,0.07692307692307693,0.34014291644578487,5.580236104822906,0.3046875,256,target_only,False,0.0,-0.6072101692745323,5.32036035087319,5.379602981423111,-0.01113507857417927,0.6666666666666666,non_positive_calibrated_slope;insufficient_cv_rmse_gain,0.960595348994085,0.3477197299153124,0.6407781862745098,1,1,0.9835773617020959,0.9506987055701493,0.0,7e23b477209ef39f8d30f1b0e617a2fcaca5a693561464513b6910405c5ab75f,6c37826beb391d18b820a04bce2da2f6ba2fcac6dec72641c0d260d5ae1f9a48,7ce467ad8a76320b0abcbbef2acb1844f23d83e511b1ea9f29604167710cfd3b,dd751eed3e689953190c5e9424ba417ae3bf2c5a0d6d23cd4bcad08e47827e64,0753bbd8c6cb422e703797f9b9a26f3e45fcc3881a643768524cbb4d216f7022,0.0,False
Rastrigin,2,42,wrong,12,Target-Only,0.3920055677716263,0.9981600507954219,0.9628411821927214,0.9227634803921568,0.9230769230769231,0.00411082614964643,2.1994057899130035,0.98828125,256,target_only,False,0.0,0.0,,,,,not_applicable,0.960595348994085,0.3477197299153124,0.6407781862745098,1,1,0.9835773617020959,0.9506987055701493,0.0,7e23b477209ef39f8d30f1b0e617a2fcaca5a693561464513b6910405c5ab75f,6c37826beb391d18b820a04bce2da2f6ba2fcac6dec72641c0d260d5ae1f9a48,7ce467ad8a76320b0abcbbef2acb1844f23d83e511b1ea9f29604167710cfd3b,dd751eed3e689953190c5e9424ba417ae3bf2c5a0d6d23cd4bcad08e47827e64,0753bbd8c6cb422e703797f9b9a26f3e45fcc3881a643768524cbb4d216f7022,0.0,False
Rastrigin,2,42,wrong,12,Source-Affine-Only,1.0253336130266772,0.19334147734495463,0.28034232661936365,0.6009191176470589,0.0,0.8539336937943458,3.5905953807356807,0.9609375,256,calibrated_source_only,False,1.845710379595143,1.845710379595143,,,,,not_applicable,0.960595348994085,0.3477197299153124,0.6407781862745098,1,1,0.9835773617020959,0.9506987055701493,0.0,7e23b477209ef39f8d30f1b0e617a2fcaca5a693561464513b6910405c5ab75f,6c37826beb391d18b820a04bce2da2f6ba2fcac6dec72641c0d260d5ae1f9a48,7ce467ad8a76320b0abcbbef2acb1844f23d83e511b1ea9f29604167710cfd3b,dd751eed3e689953190c5e9424ba417ae3bf2c5a0d6d23cd4bcad08e47827e64,0753bbd8c6cb422e703797f9b9a26f3e45fcc3881a643768524cbb4d216f7022,0.6333280452550509,True
Rastrigin,2,42,wrong,12,Fixed-Source+Residual,0.42228958049615967,0.9980991076362585,0.9117346646829937,0.9002144607843138,0.9230769230769231,0.00411082614964643,2.348931949159806,0.9765625,256,fixed,False,9.009643700199822,9.009643700199822,,,,,not_applicable,0.960595348994085,0.3477197299153124,0.6407781862745098,1,1,0.9835773617020959,0.9506987055701493,0.0,7e23b477209ef39f8d30f1b0e617a2fcaca5a693561464513b6910405c5ab75f,6c37826beb391d18b820a04bce2da2f6ba2fcac6dec72641c0d260d5ae1f9a48,7ce467ad8a76320b0abcbbef2acb1844f23d83e511b1ea9f29604167710cfd3b,dd751eed3e689953190c5e9424ba417ae3bf2c5a0d6d23cd4bcad08e47827e64,0753bbd8c6cb422e703797f9b9a26f3e45fcc3881a643768524cbb4d216f7022,0.03028401272453335,True
Rastrigin,2,42,wrong,12,Calibrated-Source+Residual,0.39297869178710104,0.9981600507954219,0.9541156443121993,0.917953431372549,0.9230769230769231,0.00411082614964643,2.1881702045337503,0.9765625,256,calibrated,False,1.845710379595143,1.845710379595143,,,,,not_applicable,0.960595348994085,0.3477197299153124,0.6407781862745098,1,1,0.9835773617020959,0.9506987055701493,0.0,7e23b477209ef39f8d30f1b0e617a2fcaca5a693561464513b6910405c5ab75f,6c37826beb391d18b820a04bce2da2f6ba2fcac6dec72641c0d260d5ae1f9a48,7ce467ad8a76320b0abcbbef2acb1844f23d83e511b1ea9f29604167710cfd3b,dd751eed3e689953190c5e9424ba417ae3bf2c5a0d6d23cd4bcad08e47827e64,0753bbd8c6cb422e703797f9b9a26f3e45fcc3881a643768524cbb4d216f7022,0.0009731240154747245,False
Rastrigin,2,42,wrong,12,Gated-Source+Residual,0.3920055677716263,0.9981600507954219,0.9628411821927214,0.9227634803921568,0.9230769230769231,0.00411082614964643,2.1994057899130035,0.98828125,256,target_only,False,1.845710379595143,1.845710379595143,7.391167212534312,9.966106662240453,-0.3483806245567586,0.7121212121212122,insufficient_cv_rmse_gain,0.960595348994085,0.3477197299153124,0.6407781862745098,1,1,0.9835773617020959,0.9506987055701493,0.0,7e23b477209ef39f8d30f1b0e617a2fcaca5a693561464513b6910405c5ab75f,6c37826beb391d18b820a04bce2da2f6ba2fcac6dec72641c0d260d5ae1f9a48,7ce467ad8a76320b0abcbbef2acb1844f23d83e511b1ea9f29604167710cfd3b,dd751eed3e689953190c5e9424ba417ae3bf2c5a0d6d23cd4bcad08e47827e64,0753bbd8c6cb422e703797f9b9a26f3e45fcc3881a643768524cbb4d216f7022,0.0,False
Rastrigin,2,42,reversed,6,Target-Only,0.9460652531323227,0.6684491237074389,0.40484736209658956,0.6416666666666667,0.07692307692307693,0.34014291644578487,5.580236104822906,0.3046875,256,target_only,False,0.0,0.0,,,,,not_applicable,0.22450107189299437,-0.6049989986266879,0.2910232843137255,1,1,0.9752452922939101,0.9237045519124648,0.0,7e23b477209ef39f8d30f1b0e617a2fcaca5a693561464513b6910405c5ab75f,6c37826beb391d18b820a04bce2da2f6ba2fcac6dec72641c0d260d5ae1f9a48,7ce467ad8a76320b0abcbbef2acb1844f23d83e511b1ea9f29604167710cfd3b,dd751eed3e689953190c5e9424ba417ae3bf2c5a0d6d23cd4bcad08e47827e64,0753bbd8c6cb422e703797f9b9a26f3e45fcc3881a643768524cbb4d216f7022,0.0,False
Rastrigin,2,42,reversed,6,Source-Affine-Only,1.0326357071585375,0.37842104629551465,-0.10464065003433279,0.46262254901960786,0.038461538461538464,1.2275794609290556,4.38117281760412,0.65625,256,calibrated_source_only,False,1.1827098501746611,1.1827098501746611,,,,,not_applicable,0.22450107189299437,-0.6049989986266879,0.2910232843137255,1,1,0.9752452922939101,0.9237045519124648,0.0,7e23b477209ef39f8d30f1b0e617a2fcaca5a693561464513b6910405c5ab75f,6c37826beb391d18b820a04bce2da2f6ba2fcac6dec72641c0d260d5ae1f9a48,7ce467ad8a76320b0abcbbef2acb1844f23d83e511b1ea9f29604167710cfd3b,dd751eed3e689953190c5e9424ba417ae3bf2c5a0d6d23cd4bcad08e47827e64,0753bbd8c6cb422e703797f9b9a26f3e45fcc3881a643768524cbb4d216f7022,0.08657045402621477,True
Rastrigin,2,42,reversed,6,Fixed-Source+Residual,1.0390701218277876,0.7472081251505338,0.2713514248111696,0.5892156862745098,0.23076923076923078,0.2768402119741435,5.177600330065595,0.42578125,256,fixed,False,4.657276362806488,4.657276362806488,,,,,not_applicable,0.22450107189299437,-0.6049989986266879,0.2910232843137255,1,1,0.9752452922939101,0.9237045519124648,0.0,7e23b477209ef39f8d30f1b0e617a2fcaca5a693561464513b6910405c5ab75f,6c37826beb391d18b820a04bce2da2f6ba2fcac6dec72641c0d260d5ae1f9a48,7ce467ad8a76320b0abcbbef2acb1844f23d83e511b1ea9f29604167710cfd3b,dd751eed3e689953190c5e9424ba417ae3bf2c5a0d6d23cd4bcad08e47827e64,0753bbd8c6cb422e703797f9b9a26f3e45fcc3881a643768524cbb4d216f7022,0.09300486869546487,True
Rastrigin,2,42,reversed,6,Calibrated-Source+Residual,0.9664604889101448,0.6777609384362783,0.37078994048981456,0.6287683823529412,0.07692307692307693,0.2768402119741435,6.069902426833386,0.28515625,256,calibrated,False,1.1827098501746611,1.1827098501746611,,,,,not_applicable,0.22450107189299437,-0.6049989986266879,0.2910232843137255,1,1,0.9752452922939101,0.9237045519124648,0.0,7e23b477209ef39f8d30f1b0e617a2fcaca5a693561464513b6910405c5ab75f,6c37826beb391d18b820a04bce2da2f6ba2fcac6dec72641c0d260d5ae1f9a48,7ce467ad8a76320b0abcbbef2acb1844f23d83e511b1ea9f29604167710cfd3b,dd751eed3e689953190c5e9424ba417ae3bf2c5a0d6d23cd4bcad08e47827e64,0753bbd8c6cb422e703797f9b9a26f3e45fcc3881a643768524cbb4d216f7022,0.020395235777822096,True
Rastrigin,2,42,reversed,6,Gated-Source+Residual,0.9460652531323227,0.6684491237074389,0.40484736209658956,0.6416666666666667,0.07692307692307693,0.34014291644578487,5.580236104822906,0.3046875,256,target_only,False,1.1827098501746611,1.1827098501746611,5.32036035087319,9.020803293948873,-0.6955248703160413,0.8,insufficient_cv_rmse_gain,0.22450107189299437,-0.6049989986266879,0.2910232843137255,1,1,0.9752452922939101,0.9237045519124648,0.0,7e23b477209ef39f8d30f1b0e617a2fcaca5a693561464513b6910405c5ab75f,6c37826beb391d18b820a04bce2da2f6ba2fcac6dec72641c0d260d5ae1f9a48,7ce467ad8a76320b0abcbbef2acb1844f23d83e511b1ea9f29604167710cfd3b,dd751eed3e689953190c5e9424ba417ae3bf2c5a0d6d23cd4bcad08e47827e64,0753bbd8c6cb422e703797f9b9a26f3e45fcc3881a643768524cbb4d216f7022,0.0,False
Rastrigin,2,42,reversed,12,Target-Only,0.3920055677716263,0.9981600507954219,0.9628411821927214,0.9227634803921568,0.9230769230769231,0.00411082614964643,2.1994057899130035,0.98828125,256,target_only,False,0.0,0.0,,,,,not_applicable,0.22450107189299437,-0.6049989986266879,0.2910232843137255,1,1,0.9752452922939101,0.9237045519124648,0.0,7e23b477209ef39f8d30f1b0e617a2fcaca5a693561464513b6910405c5ab75f,6c37826beb391d18b820a04bce2da2f6ba2fcac6dec72641c0d260d5ae1f9a48,7ce467ad8a76320b0abcbbef2acb1844f23d83e511b1ea9f29604167710cfd3b,dd751eed3e689953190c5e9424ba417ae3bf2c5a0d6d23cd4bcad08e47827e64,0753bbd8c6cb422e703797f9b9a26f3e45fcc3881a643768524cbb4d216f7022,0.0,False
Rastrigin,2,42,reversed,12,Source-Affine-Only,1.0045882609646575,0.37842104629551465,-0.10464065003433279,0.46262254901960786,0.038461538461538464,1.2275794609290556,3.572248177676014,0.97265625,256,calibrated_source_only,False,0.2879285786534619,0.2879285786534619,,,,,not_applicable,0.22450107189299437,-0.6049989986266879,0.2910232843137255,1,1,0.9752452922939101,0.9237045519124648,0.0,7e23b477209ef39f8d30f1b0e617a2fcaca5a693561464513b6910405c5ab75f,6c37826beb391d18b820a04bce2da2f6ba2fcac6dec72641c0d260d5ae1f9a48,7ce467ad8a76320b0abcbbef2acb1844f23d83e511b1ea9f29604167710cfd3b,dd751eed3e689953190c5e9424ba417ae3bf2c5a0d6d23cd4bcad08e47827e64,0753bbd8c6cb422e703797f9b9a26f3e45fcc3881a643768524cbb4d216f7022,0.6125826931930312,True
Rastrigin,2,42,reversed,12,Fixed-Source+Residual,0.6480816010092801,0.9975433693607605,0.776090066376745,0.8129595588235294,0.9230769230769231,0.00411082614964643,2.6613808675547816,0.9453125,256,fixed,False,9.009643700199822,9.009643700199822,,,,,not_applicable,0.22450107189299437,-0.6049989986266879,0.2910232843137255,1,1,0.9752452922939101,0.9237045519124648,0.0,7e23b477209ef39f8d30f1b0e617a2fcaca5a693561464513b6910405c5ab75f,6c37826beb391d18b820a04bce2da2f6ba2fcac6dec72641c0d260d5ae1f9a48,7ce467ad8a76320b0abcbbef2acb1844f23d83e511b1ea9f29604167710cfd3b,dd751eed3e689953190c5e9424ba417ae3bf2c5a0d6d23cd4bcad08e47827e64,0753bbd8c6cb422e703797f9b9a26f3e45fcc3881a643768524cbb4d216f7022,0.2560760332376538,True
Rastrigin,2,42,reversed,12,Calibrated-Source+Residual,0.3991214989203025,0.9981562091885648,0.959405041199359,0.9199754901960784,0.9230769230769231,0.00411082614964643,2.209150016954413,0.984375,256,calibrated,False,0.2879285786534619,0.2879285786534619,,,,,not_applicable,0.22450107189299437,-0.6049989986266879,0.2910232843137255,1,1,0.9752452922939101,0.9237045519124648,0.0,7e23b477209ef39f8d30f1b0e617a2fcaca5a693561464513b6910405c5ab75f,6c37826beb391d18b820a04bce2da2f6ba2fcac6dec72641c0d260d5ae1f9a48,7ce467ad8a76320b0abcbbef2acb1844f23d83e511b1ea9f29604167710cfd3b,dd751eed3e689953190c5e9424ba417ae3bf2c5a0d6d23cd4bcad08e47827e64,0753bbd8c6cb422e703797f9b9a26f3e45fcc3881a643768524cbb4d216f7022,0.007115931148676202,False
Rastrigin,2,42,reversed,12,Gated-Source+Residual,0.3920055677716263,0.9981600507954219,0.9628411821927214,0.9227634803921568,0.9230769230769231,0.00411082614964643,2.1994057899130035,0.98828125,256,target_only,False,0.2879285786534619,0.2879285786534619,7.391167212534312,8.250416532431187,-0.11625353549568143,0.5757575757575758,insufficient_cv_rmse_gain,0.22450107189299437,-0.6049989986266879,0.2910232843137255,1,1,0.9752452922939101,0.9237045519124648,0.0,7e23b477209ef39f8d30f1b0e617a2fcaca5a693561464513b6910405c5ab75f,6c37826beb391d18b820a04bce2da2f6ba2fcac6dec72641c0d260d5ae1f9a48,7ce467ad8a76320b0abcbbef2acb1844f23d83e511b1ea9f29604167710cfd3b,dd751eed3e689953190c5e9424ba417ae3bf2c5a0d6d23cd4bcad08e47827e64,0753bbd8c6cb422e703797f9b9a26f3e45fcc3881a643768524cbb4d216f7022,0.0,False
Rastrigin,2,101,matching,6,Target-Only,0.5848590654534044,0.955176132959296,0.855037623025864,0.8331188725490196,0.6538461538461539,0.10239040519549436,2.8451735112382712,0.9921875,256,target_only,False,0.0,0.0,,,,,not_applicable,0.2102448533014629,-0.5590631437399862,0.3084558823529412,1,1,0.9836852799397079,0.9513875899741063,0.0,6382e69f0df190c5d2f091f993ef805c68c6aadbc297246f17698cefedf75331,48e91d821880c8cae072e98c652e28de971d88228187e2a3b1332d8cced2fa34,7a45be677e75ac7e589573b897e3ec12cfe9b39259b299712aab779a1ee98107,6ab781dabe800b05bd1ba00cd64f8c686f6771feced1fe2bf9600d1b4bd8df8d,4f1eda2e5eaff81e09dc8a555b82afa208b50f19fe086a9545588ebbf06a8d5a,0.0,False
Rastrigin,2,101,matching,6,Source-Affine-Only,1.0569715953023278,0.46953232870319267,0.0,0.5,0.15384615384615385,0.04538368498167863,3.6228982160384904,0.984375,256,constant_target_mean,False,0.0,-0.5287351348220641,,,,,not_applicable,0.2102448533014629,-0.5590631437399862,0.3084558823529412,1,1,0.9836852799397079,0.9513875899741063,0.0,6382e69f0df190c5d2f091f993ef805c68c6aadbc297246f17698cefedf75331,48e91d821880c8cae072e98c652e28de971d88228187e2a3b1332d8cced2fa34,7a45be677e75ac7e589573b897e3ec12cfe9b39259b299712aab779a1ee98107,6ab781dabe800b05bd1ba00cd64f8c686f6771feced1fe2bf9600d1b4bd8df8d,4f1eda2e5eaff81e09dc8a555b82afa208b50f19fe086a9545588ebbf06a8d5a,0.4721125298489234,True
Rastrigin,2,101,matching,6,Fixed-Source+Residual,0.8491677565108953,0.5292972203964449,0.6509842069123368,0.7480085784313726,0.23076923076923078,0.7208044074850232,3.2568842599539183,0.9609375,256,fixed,False,9.215390132980232,9.215390132980232,,,,,not_applicable,0.2102448533014629,-0.5590631437399862,0.3084558823529412,1,1,0.9836852799397079,0.9513875899741063,0.0,6382e69f0df190c5d2f091f993ef805c68c6aadbc297246f17698cefedf75331,48e91d821880c8cae072e98c652e28de971d88228187e2a3b1332d8cced2fa34,7a45be677e75ac7e589573b897e3ec12cfe9b39259b299712aab779a1ee98107,6ab781dabe800b05bd1ba00cd64f8c686f6771feced1fe2bf9600d1b4bd8df8d,4f1eda2e5eaff81e09dc8a555b82afa208b50f19fe086a9545588ebbf06a8d5a,0.2643086910574909,True
Rastrigin,2,101,matching,6,Calibrated-Source+Residual,0.5848590654534044,0.955176132959296,0.855037623025864,0.8331188725490196,0.6538461538461539,0.10239040519549436,2.8451735112382712,0.9921875,256,target_only,False,0.0,-0.5287351348220641,,,,,not_applicable,0.2102448533014629,-0.5590631437399862,0.3084558823529412,1,1,0.9836852799397079,0.9513875899741063,0.0,6382e69f0df190c5d2f091f993ef805c68c6aadbc297246f17698cefedf75331,48e91d821880c8cae072e98c652e28de971d88228187e2a3b1332d8cced2fa34,7a45be677e75ac7e589573b897e3ec12cfe9b39259b299712aab779a1ee98107,6ab781dabe800b05bd1ba00cd64f8c686f6771feced1fe2bf9600d1b4bd8df8d,4f1eda2e5eaff81e09dc8a555b82afa208b50f19fe086a9545588ebbf06a8d5a,0.0,False
Rastrigin,2,101,matching,6,Gated-Source+Residual,0.5848590654534044,0.955176132959296,0.855037623025864,0.8331188725490196,0.6538461538461539,0.10239040519549436,2.8451735112382712,0.9921875,256,target_only,False,0.0,-0.5287351348220641,13.038493569821426,13.906582854253879,-0.06657895559665804,0.4666666666666667,non_positive_calibrated_slope;insufficient_cv_rmse_gain;insufficient_pairwise_agreement,0.2102448533014629,-0.5590631437399862,0.3084558823529412,1,1,0.9836852799397079,0.9513875899741063,0.0,6382e69f0df190c5d2f091f993ef805c68c6aadbc297246f17698cefedf75331,48e91d821880c8cae072e98c652e28de971d88228187e2a3b1332d8cced2fa34,7a45be677e75ac7e589573b897e3ec12cfe9b39259b299712aab779a1ee98107,6ab781dabe800b05bd1ba00cd64f8c686f6771feced1fe2bf9600d1b4bd8df8d,4f1eda2e5eaff81e09dc8a555b82afa208b50f19fe086a9545588ebbf06a8d5a,0.0,False
Rastrigin,2,101,matching,12,Target-Only,0.3598754655178078,0.9983675157681671,0.9601095788509955,0.9213541666666667,0.9615384615384616,0.0,2.18573252503351,0.9921875,256,target_only,False,0.0,0.0,,,,,not_applicable,0.2102448533014629,-0.5590631437399862,0.3084558823529412,1,1,0.9836852799397079,0.9513875899741063,0.0,6382e69f0df190c5d2f091f993ef805c68c6aadbc297246f17698cefedf75331,48e91d821880c8cae072e98c652e28de971d88228187e2a3b1332d8cced2fa34,7a45be677e75ac7e589573b897e3ec12cfe9b39259b299712aab779a1ee98107,6ab781dabe800b05bd1ba00cd64f8c686f6771feced1fe2bf9600d1b4bd8df8d,4f1eda2e5eaff81e09dc8a555b82afa208b50f19fe086a9545588ebbf06a8d5a,0.0,False
Rastrigin,2,101,matching,12,Source-Affine-Only,1.002845856437386,0.46953232870319267,0.0,0.5,0.15384615384615385,0.04538368498167863,3.572075353935237,0.984375,256,constant_target_mean,False,0.0,-1.9444990949348626,,,,,not_applicable,0.2102448533014629,-0.5590631437399862,0.3084558823529412,1,1,0.9836852799397079,0.9513875899741063,0.0,6382e69f0df190c5d2f091f993ef805c68c6aadbc297246f17698cefedf75331,48e91d821880c8cae072e98c652e28de971d88228187e2a3b1332d8cced2fa34,7a45be677e75ac7e589573b897e3ec12cfe9b39259b299712aab779a1ee98107,6ab781dabe800b05bd1ba00cd64f8c686f6771feced1fe2bf9600d1b4bd8df8d,4f1eda2e5eaff81e09dc8a555b82afa208b50f19fe086a9545588ebbf06a8d5a,0.6429703909195783,True
Rastrigin,2,101,matching,12,Fixed-Source+Residual,0.5935998503572621,0.8622388817485424,0.8297500858319979,0.8563725490196078,0.8461538461538461,0.7208044074850232,2.6687056634859503,0.95703125,256,fixed,False,8.997177098683727,8.997177098683727,,,,,not_applicable,0.2102448533014629,-0.5590631437399862,0.3084558823529412,1,1,0.9836852799397079,0.9513875899741063,0.0,6382e69f0df190c5d2f091f993ef805c68c6aadbc297246f17698cefedf75331,48e91d821880c8cae072e98c652e28de971d88228187e2a3b1332d8cced2fa34,7a45be677e75ac7e589573b897e3ec12cfe9b39259b299712aab779a1ee98107,6ab781dabe800b05bd1ba00cd64f8c686f6771feced1fe2bf9600d1b4bd8df8d,4f1eda2e5eaff81e09dc8a555b82afa208b50f19fe086a9545588ebbf06a8d5a,0.23372438483945435,True
Rastrigin,2,101,matching,12,Calibrated-Source+Residual,0.3598754655178078,0.9983675157681671,0.9601095788509955,0.9213541666666667,0.9615384615384616,0.0,2.18573252503351,0.9921875,256,target_only,False,0.0,-1.9444990949348626,,,,,not_applicable,0.2102448533014629,-0.5590631437399862,0.3084558823529412,1,1,0.9836852799397079,0.9513875899741063,0.0,6382e69f0df190c5d2f091f993ef805c68c6aadbc297246f17698cefedf75331,48e91d821880c8cae072e98c652e28de971d88228187e2a3b1332d8cced2fa34,7a45be677e75ac7e589573b897e3ec12cfe9b39259b299712aab779a1ee98107,6ab781dabe800b05bd1ba00cd64f8c686f6771feced1fe2bf9600d1b4bd8df8d,4f1eda2e5eaff81e09dc8a555b82afa208b50f19fe086a9545588ebbf06a8d5a,0.0,False
Rastrigin,2,101,matching,12,Gated-Source+Residual,0.3598754655178078,0.9983675157681671,0.9601095788509955,0.9213541666666667,0.9615384615384616,0.0,2.18573252503351,0.9921875,256,target_only,False,0.0,-1.9444990949348626,7.169163166063123,7.169163166063123,0.0,0.4393939393939394,non_positive_calibrated_slope;insufficient_cv_rmse_gain;insufficient_pairwise_agreement,0.2102448533014629,-0.5590631437399862,0.3084558823529412,1,1,0.9836852799397079,0.9513875899741063,0.0,6382e69f0df190c5d2f091f993ef805c68c6aadbc297246f17698cefedf75331,48e91d821880c8cae072e98c652e28de971d88228187e2a3b1332d8cced2fa34,7a45be677e75ac7e589573b897e3ec12cfe9b39259b299712aab779a1ee98107,6ab781dabe800b05bd1ba00cd64f8c686f6771feced1fe2bf9600d1b4bd8df8d,4f1eda2e5eaff81e09dc8a555b82afa208b50f19fe086a9545588ebbf06a8d5a,0.0,False
Rastrigin,2,101,wrong,6,Target-Only,0.5848590654534044,0.955176132959296,0.855037623025864,0.8331188725490196,0.6538461538461539,0.10239040519549436,2.8451735112382712,0.9921875,256,target_only,False,0.0,0.0,,,,,not_applicable,0.6379932609114853,-0.25711833371480886,0.42668504901960785,1,1,0.9813988525286608,0.9477125018218333,0.0,6382e69f0df190c5d2f091f993ef805c68c6aadbc297246f17698cefedf75331,48e91d821880c8cae072e98c652e28de971d88228187e2a3b1332d8cced2fa34,7a45be677e75ac7e589573b897e3ec12cfe9b39259b299712aab779a1ee98107,6ab781dabe800b05bd1ba00cd64f8c686f6771feced1fe2bf9600d1b4bd8df8d,4f1eda2e5eaff81e09dc8a555b82afa208b50f19fe086a9545588ebbf06a8d5a,0.0,False
Rastrigin,2,101,wrong,6,Source-Affine-Only,1.0569715953023278,0.46953232870319267,0.0,0.5,0.15384615384615385,0.04538368498167863,3.6228982160384904,0.984375,256,constant_target_mean,False,0.0,-4.165281858758775,,,,,not_applicable,0.6379932609114853,-0.25711833371480886,0.42668504901960785,1,1,0.9813988525286608,0.9477125018218333,0.0,6382e69f0df190c5d2f091f993ef805c68c6aadbc297246f17698cefedf75331,48e91d821880c8cae072e98c652e28de971d88228187e2a3b1332d8cced2fa34,7a45be677e75ac7e589573b897e3ec12cfe9b39259b299712aab779a1ee98107,6ab781dabe800b05bd1ba00cd64f8c686f6771feced1fe2bf9600d1b4bd8df8d,4f1eda2e5eaff81e09dc8a555b82afa208b50f19fe086a9545588ebbf06a8d5a,0.4721125298489234,True
Rastrigin,2,101,wrong,6,Fixed-Source+Residual,1.5858876590796425,0.18944362266448422,0.4220938715953306,0.6589767156862745,0.0,1.1677910593746987,3.694235207779391,0.93359375,256,fixed,False,9.215390132980232,9.215390132980232,,,,,not_applicable,0.6379932609114853,-0.25711833371480886,0.42668504901960785,1,1,0.9813988525286608,0.9477125018218333,0.0,6382e69f0df190c5d2f091f993ef805c68c6aadbc297246f17698cefedf75331,48e91d821880c8cae072e98c652e28de971d88228187e2a3b1332d8cced2fa34,7a45be677e75ac7e589573b897e3ec12cfe9b39259b299712aab779a1ee98107,6ab781dabe800b05bd1ba00cd64f8c686f6771feced1fe2bf9600d1b4bd8df8d,4f1eda2e5eaff81e09dc8a555b82afa208b50f19fe086a9545588ebbf06a8d5a,1.0010285936262382,True
Rastrigin,2,101,wrong,6,Calibrated-Source+Residual,0.5848590654534044,0.955176132959296,0.855037623025864,0.8331188725490196,0.6538461538461539,0.10239040519549436,2.8451735112382712,0.9921875,256,target_only,False,0.0,-4.165281858758775,,,,,not_applicable,0.6379932609114853,-0.25711833371480886,0.42668504901960785,1,1,0.9813988525286608,0.9477125018218333,0.0,6382e69f0df190c5d2f091f993ef805c68c6aadbc297246f17698cefedf75331,48e91d821880c8cae072e98c652e28de971d88228187e2a3b1332d8cced2fa34,7a45be677e75ac7e589573b897e3ec12cfe9b39259b299712aab779a1ee98107,6ab781dabe800b05bd1ba00cd64f8c686f6771feced1fe2bf9600d1b4bd8df8d,4f1eda2e5eaff81e09dc8a555b82afa208b50f19fe086a9545588ebbf06a8d5a,0.0,False
Rastrigin,2,101,wrong,6,Gated-Source+Residual,0.5848590654534044,0.955176132959296,0.855037623025864,0.8331188725490196,0.6538461538461539,0.10239040519549436,2.8451735112382712,0.9921875,256,target_only,False,0.0,-4.165281858758775,13.038493569821426,13.038493569821426,0.0,0.2,non_positive_calibrated_slope;insufficient_cv_rmse_gain;insufficient_pairwise_agreement,0.6379932609114853,-0.25711833371480886,0.42668504901960785,1,1,0.9813988525286608,0.9477125018218333,0.0,6382e69f0df190c5d2f091f993ef805c68c6aadbc297246f17698cefedf75331,48e91d821880c8cae072e98c652e28de971d88228187e2a3b1332d8cced2fa34,7a45be677e75ac7e589573b897e3ec12cfe9b39259b299712aab779a1ee98107,6ab781dabe800b05bd1ba00cd64f8c686f6771feced1fe2bf9600d1b4bd8df8d,4f1eda2e5eaff81e09dc8a555b82afa208b50f19fe086a9545588ebbf06a8d5a,0.0,False
Rastrigin,2,101,wrong,12,Target-Only,0.3598754655178078,0.9983675157681671,0.9601095788509955,0.9213541666666667,0.9615384615384616,0.0,2.18573252503351,0.9921875,256,target_only,False,0.0,0.0,,,,,not_applicable,0.6379932609114853,-0.25711833371480886,0.42668504901960785,1,1,0.9813988525286608,0.9477125018218333,0.0,6382e69f0df190c5d2f091f993ef805c68c6aadbc297246f17698cefedf75331,48e91d821880c8cae072e98c652e28de971d88228187e2a3b1332d8cced2fa34,7a45be677e75ac7e589573b897e3ec12cfe9b39259b299712aab779a1ee98107,6ab781dabe800b05bd1ba00cd64f8c686f6771feced1fe2bf9600d1b4bd8df8d,4f1eda2e5eaff81e09dc8a555b82afa208b50f19fe086a9545588ebbf06a8d5a,0.0,False
Rastrigin,2,101,wrong,12,Source-Affine-Only,1.002845856437386,0.46953232870319267,0.0,0.5,0.15384615384615385,0.04538368498167863,3.572075353935237,0.984375,256,constant_target_mean,False,0.0,-4.395007900681883,,,,,not_applicable,0.6379932609114853,-0.25711833371480886,0.42668504901960785,1,1,0.9813988525286608,0.9477125018218333,0.0,6382e69f0df190c5d2f091f993ef805c68c6aadbc297246f17698cefedf75331,48e91d821880c8cae072e98c652e28de971d88228187e2a3b1332d8cced2fa34,7a45be677e75ac7e589573b897e3ec12cfe9b39259b299712aab779a1ee98107,6ab781dabe800b05bd1ba00cd64f8c686f6771feced1fe2bf9600d1b4bd8df8d,4f1eda2e5eaff81e09dc8a555b82afa208b50f19fe086a9545588ebbf06a8d5a,0.6429703909195783,True
Rastrigin,2,101,wrong,12,Fixed-Source+Residual,0.5916125246347302,0.9907902952619428,0.8222691119249255,0.8355698529411765,0.8846153846153846,0.012440204087469495,2.792236552904446,0.97265625,256,fixed,False,8.997177098683727,8.997177098683727,,,,,not_applicable,0.6379932609114853,-0.25711833371480886,0.42668504901960785,1,1,0.9813988525286608,0.9477125018218333,0.0,6382e69f0df190c5d2f091f993ef805c68c6aadbc297246f17698cefedf75331,48e91d821880c8cae072e98c652e28de971d88228187e2a3b1332d8cced2fa34,7a45be677e75ac7e589573b897e3ec12cfe9b39259b299712aab779a1ee98107,6ab781dabe800b05bd1ba00cd64f8c686f6771feced1fe2bf9600d1b4bd8df8d,4f1eda2e5eaff81e09dc8a555b82afa208b50f19fe086a9545588ebbf06a8d5a,0.23173705911692244,True
Rastrigin,2,101,wrong,12,Calibrated-Source+Residual,0.3598754655178078,0.9983675157681671,0.9601095788509955,0.9213541666666667,0.9615384615384616,0.0,2.18573252503351,0.9921875,256,target_only,False,0.0,-4.395007900681883,,,,,not_applicable,0.6379932609114853,-0.25711833371480886,0.42668504901960785,1,1,0.9813988525286608,0.9477125018218333,0.0,6382e69f0df190c5d2f091f993ef805c68c6aadbc297246f17698cefedf75331,48e91d821880c8cae072e98c652e28de971d88228187e2a3b1332d8cced2fa34,7a45be677e75ac7e589573b897e3ec12cfe9b39259b299712aab779a1ee98107,6ab781dabe800b05bd1ba00cd64f8c686f6771feced1fe2bf9600d1b4bd8df8d,4f1eda2e5eaff81e09dc8a555b82afa208b50f19fe086a9545588ebbf06a8d5a,0.0,False
Rastrigin,2,101,wrong,12,Gated-Source+Residual,0.3598754655178078,0.9983675157681671,0.9601095788509955,0.9213541666666667,0.9615384615384616,0.0,2.18573252503351,0.9921875,256,target_only,False,0.0,-4.395007900681883,7.169163166063123,7.169163166063123,0.0,0.18181818181818182,non_positive_calibrated_slope;insufficient_cv_rmse_gain;insufficient_pairwise_agreement,0.6379932609114853,-0.25711833371480886,0.42668504901960785,1,1,0.9813988525286608,0.9477125018218333,0.0,6382e69f0df190c5d2f091f993ef805c68c6aadbc297246f17698cefedf75331,48e91d821880c8cae072e98c652e28de971d88228187e2a3b1332d8cced2fa34,7a45be677e75ac7e589573b897e3ec12cfe9b39259b299712aab779a1ee98107,6ab781dabe800b05bd1ba00cd64f8c686f6771feced1fe2bf9600d1b4bd8df8d,4f1eda2e5eaff81e09dc8a555b82afa208b50f19fe086a9545588ebbf06a8d5a,0.0,False
Rastrigin,2,101,reversed,6,Target-Only,0.5848590654534044,0.955176132959296,0.855037623025864,0.8331188725490196,0.6538461538461539,0.10239040519549436,2.8451735112382712,0.9921875,256,target_only,False,0.0,0.0,,,,,not_applicable,0.5194892439623569,0.5590631437399862,0.6915441176470588,1,1,0.9836852799397079,0.9513875899741063,0.0,6382e69f0df190c5d2f091f993ef805c68c6aadbc297246f17698cefedf75331,48e91d821880c8cae072e98c652e28de971d88228187e2a3b1332d8cced2fa34,7a45be677e75ac7e589573b897e3ec12cfe9b39259b299712aab779a1ee98107,6ab781dabe800b05bd1ba00cd64f8c686f6771feced1fe2bf9600d1b4bd8df8d,4f1eda2e5eaff81e09dc8a555b82afa208b50f19fe086a9545588ebbf06a8d5a,0.0,False
Rastrigin,2,101,reversed,6,Source-Affine-Only,1.0460899056773787,0.36185511750768173,0.014920462348363467,0.5083333333333333,0.0,0.6900521315407495,3.6128891972958246,0.984375,256,calibrated_source_only,False,0.5287351348220641,0.5287351348220641,,,,,not_applicable,0.5194892439623569,0.5590631437399862,0.6915441176470588,1,1,0.9836852799397079,0.9513875899741063,0.0,6382e69f0df190c5d2f091f993ef805c68c6aadbc297246f17698cefedf75331,48e91d821880c8cae072e98c652e28de971d88228187e2a3b1332d8cced2fa34,7a45be677e75ac7e589573b897e3ec12cfe9b39259b299712aab779a1ee98107,6ab781dabe800b05bd1ba00cd64f8c686f6771feced1fe2bf9600d1b4bd8df8d,4f1eda2e5eaff81e09dc8a555b82afa208b50f19fe086a9545588ebbf06a8d5a,0.4612308402239743,True
Rastrigin,2,101,reversed,6,Fixed-Source+Residual,0.6963770783816043,0.9224321044874655,0.7744778553444722,0.7939644607843137,0.6538461538461539,0.08125777852922306,3.0801310826241437,1.0,256,fixed,False,9.215390132980232,9.215390132980232,,,,,not_applicable,0.5194892439623569,0.5590631437399862,0.6915441176470588,1,1,0.9836852799397079,0.9513875899741063,0.0,6382e69f0df190c5d2f091f993ef805c68c6aadbc297246f17698cefedf75331,48e91d821880c8cae072e98c652e28de971d88228187e2a3b1332d8cced2fa34,7a45be677e75ac7e589573b897e3ec12cfe9b39259b299712aab779a1ee98107,6ab781dabe800b05bd1ba00cd64f8c686f6771feced1fe2bf9600d1b4bd8df8d,4f1eda2e5eaff81e09dc8a555b82afa208b50f19fe086a9545588ebbf06a8d5a,0.11151801292819996,True
Rastrigin,2,101,reversed,6,Calibrated-Source+Residual,0.5797798985301855,0.9563841449466585,0.8574773975738154,0.8356617647058824,0.6538461538461539,0.10239040519549436,2.8367000434399103,0.9921875,256,calibrated,False,0.5287351348220641,0.5287351348220641,,,,,not_applicable,0.5194892439623569,0.5590631437399862,0.6915441176470588,1,1,0.9836852799397079,0.9513875899741063,0.0,6382e69f0df190c5d2f091f993ef805c68c6aadbc297246f17698cefedf75331,48e91d821880c8cae072e98c652e28de971d88228187e2a3b1332d8cced2fa34,7a45be677e75ac7e589573b897e3ec12cfe9b39259b299712aab779a1ee98107,6ab781dabe800b05bd1ba00cd64f8c686f6771feced1fe2bf9600d1b4bd8df8d,4f1eda2e5eaff81e09dc8a555b82afa208b50f19fe086a9545588ebbf06a8d5a,-0.0050791669232188585,False
Rastrigin,2,101,reversed,6,Gated-Source+Residual,0.5848590654534044,0.955176132959296,0.855037623025864,0.8331188725490196,0.6538461538461539,0.10239040519549436,2.8451735112382712,0.9921875,256,target_only,False,0.5287351348220641,0.5287351348220641,13.038493569821426,13.102503032215873,-0.004909268241125756,0.5333333333333333,insufficient_cv_rmse_gain;insufficient_pairwise_agreement,0.5194892439623569,0.5590631437399862,0.6915441176470588,1,1,0.9836852799397079,0.9513875899741063,0.0,6382e69f0df190c5d2f091f993ef805c68c6aadbc297246f17698cefedf75331,48e91d821880c8cae072e98c652e28de971d88228187e2a3b1332d8cced2fa34,7a45be677e75ac7e589573b897e3ec12cfe9b39259b299712aab779a1ee98107,6ab781dabe800b05bd1ba00cd64f8c686f6771feced1fe2bf9600d1b4bd8df8d,4f1eda2e5eaff81e09dc8a555b82afa208b50f19fe086a9545588ebbf06a8d5a,0.0,False
Rastrigin,2,101,reversed,12,Target-Only,0.3598754655178078,0.9983675157681671,0.9601095788509955,0.9213541666666667,0.9615384615384616,0.0,2.18573252503351,0.9921875,256,target_only,False,0.0,0.0,,,,,not_applicable,0.5194892439623569,0.5590631437399862,0.6915441176470588,1,1,0.9836852799397079,0.9513875899741063,0.0,6382e69f0df190c5d2f091f993ef805c68c6aadbc297246f17698cefedf75331,48e91d821880c8cae072e98c652e28de971d88228187e2a3b1332d8cced2fa34,7a45be677e75ac7e589573b897e3ec12cfe9b39259b299712aab779a1ee98107,6ab781dabe800b05bd1ba00cd64f8c686f6771feced1fe2bf9600d1b4bd8df8d,4f1eda2e5eaff81e09dc8a555b82afa208b50f19fe086a9545588ebbf06a8d5a,0.0,False
Rastrigin,2,101,reversed,12,Source-Affine-Only,1.0008498861361494,0.36185511750768173,0.014920462348363467,0.5083333333333333,0.0,0.6900521315407495,3.5684334809235017,0.98046875,256,calibrated_source_only,False,1.9444990949348633,1.9444990949348633,,,,,not_applicable,0.5194892439623569,0.5590631437399862,0.6915441176470588,1,1,0.9836852799397079,0.9513875899741063,0.0,6382e69f0df190c5d2f091f993ef805c68c6aadbc297246f17698cefedf75331,48e91d821880c8cae072e98c652e28de971d88228187e2a3b1332d8cced2fa34,7a45be677e75ac7e589573b897e3ec12cfe9b39259b299712aab779a1ee98107,6ab781dabe800b05bd1ba00cd64f8c686f6771feced1fe2bf9600d1b4bd8df8d,4f1eda2e5eaff81e09dc8a555b82afa208b50f19fe086a9545588ebbf06a8d5a,0.6409744206183416,True
Rastrigin,2,101,reversed,12,Fixed-Source+Residual,0.48746131563041606,0.9980297660946598,0.9044189173723963,0.876501225490196,0.9615384615384616,0.0,2.4609348826547026,0.99609375,256,fixed,False,8.997177098683727,8.997177098683727,,,,,not_applicable,0.5194892439623569,0.5590631437399862,0.6915441176470588,1,1,0.9836852799397079,0.9513875899741063,0.0,6382e69f0df190c5d2f091f993ef805c68c6aadbc297246f17698cefedf75331,48e91d821880c8cae072e98c652e28de971d88228187e2a3b1332d8cced2fa34,7a45be677e75ac7e589573b897e3ec12cfe9b39259b299712aab779a1ee98107,6ab781dabe800b05bd1ba00cd64f8c686f6771feced1fe2bf9600d1b4bd8df8d,4f1eda2e5eaff81e09dc8a555b82afa208b50f19fe086a9545588ebbf06a8d5a,0.12758585011260826,True
Rastrigin,2,101,reversed,12,Calibrated-Source+Residual,0.3533277977595072,0.9985577000913463,0.9543137731746393,0.9184129901960785,0.9615384615384616,0.0,2.1640124614244343,0.98828125,256,calibrated,False,1.9444990949348633,1.9444990949348633,,,,,not_applicable,0.5194892439623569,0.5590631437399862,0.6915441176470588,1,1,0.9836852799397079,0.9513875899741063,0.0,6382e69f0df190c5d2f091f993ef805c68c6aadbc297246f17698cefedf75331,48e91d821880c8cae072e98c652e28de971d88228187e2a3b1332d8cced2fa34,7a45be677e75ac7e589573b897e3ec12cfe9b39259b299712aab779a1ee98107,6ab781dabe800b05bd1ba00cd64f8c686f6771feced1fe2bf9600d1b4bd8df8d,4f1eda2e5eaff81e09dc8a555b82afa208b50f19fe086a9545588ebbf06a8d5a,-0.006547667758300624,False
Rastrigin,2,101,reversed,12,Gated-Source+Residual,0.3598754655178078,0.9983675157681671,0.9601095788509955,0.9213541666666667,0.9615384615384616,0.0,2.18573252503351,0.9921875,256,target_only,False,1.9444990949348633,1.9444990949348633,7.169163166063123,7.218541303706924,-0.006887573416872838,0.5606060606060606,insufficient_cv_rmse_gain,0.5194892439623569,0.5590631437399862,0.6915441176470588,1,1,0.9836852799397079,0.9513875899741063,0.0,6382e69f0df190c5d2f091f993ef805c68c6aadbc297246f17698cefedf75331,48e91d821880c8cae072e98c652e28de971d88228187e2a3b1332d8cced2fa34,7a45be677e75ac7e589573b897e3ec12cfe9b39259b299712aab779a1ee98107,6ab781dabe800b05bd1ba00cd64f8c686f6771feced1fe2bf9600d1b4bd8df8d,4f1eda2e5eaff81e09dc8a555b82afa208b50f19fe086a9545588ebbf06a8d5a,0.0,False
Rastrigin,2,2026,matching,6,Target-Only,0.7840000443838896,0.9667929855887664,0.7501845387960631,0.7821384803921568,0.7307692307692307,0.03287673900116406,2.987430101565219,0.890625,256,target_only,False,0.0,0.0,,,,,not_applicable,0.7253094319089048,0.3918259327077133,0.6420036764705882,1,1,0.9846261895642466,0.9539121784107363,0.0,e37a663d2344da54557ba57ec9654ba66e315cc2bbe7bdc7a807da9b87166264,1e0a38b35231da3c13f1bbccf56ff261a2e3d6bc05defe1841b3c8e139c408db,4df340b3a3950b2640ccc981d082620bb2471479d6a89fb1084d6c9b956b0db7,7ff0495efdad2442bf13da0556935647354895fff46ae029cf759f73dec6d54f,73cb3561f84846c9d3a4fe1038390193668e4ad90c671e79467a7e3e484c0849,0.0,False
Rastrigin,2,2026,matching,6,Source-Affine-Only,0.6117210091542132,0.8772118503789295,0.7949301899748225,0.8048406862745098,0.5384615384615384,0.156985920971623,3.6308878861792118,0.74609375,256,calibrated_source_only,False,6.253641006472649,6.253641006472649,,,,,not_applicable,0.7253094319089048,0.3918259327077133,0.6420036764705882,1,1,0.9846261895642466,0.9539121784107363,0.0,e37a663d2344da54557ba57ec9654ba66e315cc2bbe7bdc7a807da9b87166264,1e0a38b35231da3c13f1bbccf56ff261a2e3d6bc05defe1841b3c8e139c408db,4df340b3a3950b2640ccc981d082620bb2471479d6a89fb1084d6c9b956b0db7,7ff0495efdad2442bf13da0556935647354895fff46ae029cf759f73dec6d54f,73cb3561f84846c9d3a4fe1038390193668e4ad90c671e79467a7e3e484c0849,-0.17227903522967636,False
Rastrigin,2,2026,matching,6,Fixed-Source+Residual,0.3962772493731366,0.9935506515834487,0.9200789654383151,0.886703431372549,0.8461538461538461,0.004826117435098081,3.18236330567239,0.7421875,256,fixed,False,7.776528416098285,7.776528416098285,,,,,not_applicable,0.7253094319089048,0.3918259327077133,0.6420036764705882,1,1,0.9846261895642466,0.9539121784107363,0.0,e37a663d2344da54557ba57ec9654ba66e315cc2bbe7bdc7a807da9b87166264,1e0a38b35231da3c13f1bbccf56ff261a2e3d6bc05defe1841b3c8e139c408db,4df340b3a3950b2640ccc981d082620bb2471479d6a89fb1084d6c9b956b0db7,7ff0495efdad2442bf13da0556935647354895fff46ae029cf759f73dec6d54f,73cb3561f84846c9d3a4fe1038390193668e4ad90c671e79467a7e3e484c0849,-0.387722795010753,False
Rastrigin,2,2026,matching,6,Calibrated-Source+Residual,0.411685216170864,0.9970968272916434,0.9276643682764933,0.8938112745098039,0.9230769230769231,0.004826117435098081,2.8954796083313,0.73046875,256,calibrated,False,6.253641006472649,6.253641006472649,,,,,not_applicable,0.7253094319089048,0.3918259327077133,0.6420036764705882,1,1,0.9846261895642466,0.9539121784107363,0.0,e37a663d2344da54557ba57ec9654ba66e315cc2bbe7bdc7a807da9b87166264,1e0a38b35231da3c13f1bbccf56ff261a2e3d6bc05defe1841b3c8e139c408db,4df340b3a3950b2640ccc981d082620bb2471479d6a89fb1084d6c9b956b0db7,7ff0495efdad2442bf13da0556935647354895fff46ae029cf759f73dec6d54f,73cb3561f84846c9d3a4fe1038390193668e4ad90c671e79467a7e3e484c0849,-0.3723148282130256,False
Rastrigin,2,2026,matching,6,Gated-Source+Residual,0.411685216170864,0.9970968272916434,0.9276643682764933,0.8938112745098039,0.9230769230769231,0.004826117435098081,2.8954796083313,0.73046875,256,calibrated,True,6.253641006472649,6.253641006472649,6.604585040585118,3.6948097309663965,0.4405689822658316,0.8666666666666667,accepted,0.7253094319089048,0.3918259327077133,0.6420036764705882,1,1,0.9846261895642466,0.9539121784107363,0.0,e37a663d2344da54557ba57ec9654ba66e315cc2bbe7bdc7a807da9b87166264,1e0a38b35231da3c13f1bbccf56ff261a2e3d6bc05defe1841b3c8e139c408db,4df340b3a3950b2640ccc981d082620bb2471479d6a89fb1084d6c9b956b0db7,7ff0495efdad2442bf13da0556935647354895fff46ae029cf759f73dec6d54f,73cb3561f84846c9d3a4fe1038390193668e4ad90c671e79467a7e3e484c0849,-0.3723148282130256,False
Rastrigin,2,2026,matching,12,Target-Only,0.3395951380190103,0.9991070548571335,0.9658031013962004,0.9268688725490196,0.9615384615384616,0.0,2.121566907434821,0.9921875,256,target_only,False,0.0,0.0,,,,,not_applicable,0.7253094319089048,0.3918259327077133,0.6420036764705882,1,1,0.9846261895642466,0.9539121784107363,0.0,e37a663d2344da54557ba57ec9654ba66e315cc2bbe7bdc7a807da9b87166264,1e0a38b35231da3c13f1bbccf56ff261a2e3d6bc05defe1841b3c8e139c408db,4df340b3a3950b2640ccc981d082620bb2471479d6a89fb1084d6c9b956b0db7,7ff0495efdad2442bf13da0556935647354895fff46ae029cf759f73dec6d54f,73cb3561f84846c9d3a4fe1038390193668e4ad90c671e79467a7e3e484c0849,0.0,False
Rastrigin,2,2026,matching,12,Source-Affine-Only,0.6023049511179268,0.8772118503789295,0.7949301899748225,0.8048406862745098,0.5384615384615384,0.156985920971623,3.292449359238636,0.82421875,256,calibrated_source_only,False,7.479121266667553,7.479121266667553,,,,,not_applicable,0.7253094319089048,0.3918259327077133,0.6420036764705882,1,1,0.9846261895642466,0.9539121784107363,0.0,e37a663d2344da54557ba57ec9654ba66e315cc2bbe7bdc7a807da9b87166264,1e0a38b35231da3c13f1bbccf56ff261a2e3d6bc05defe1841b3c8e139c408db,4df340b3a3950b2640ccc981d082620bb2471479d6a89fb1084d6c9b956b0db7,7ff0495efdad2442bf13da0556935647354895fff46ae029cf759f73dec6d54f,73cb3561f84846c9d3a4fe1038390193668e4ad90c671e79467a7e3e484c0849,0.2627098130989165,True
Rastrigin,2,2026,matching,12,Fixed-Source+Residual,0.3545390137354458,0.9961737505048152,0.9386079480430303,0.9026654411764706,0.8846153846153846,0.004826117435098081,2.9331113078153583,0.69140625,256,fixed,False,8.76914307795988,8.76914307795988,,,,,not_applicable,0.7253094319089048,0.3918259327077133,0.6420036764705882,1,1,0.9846261895642466,0.9539121784107363,0.0,e37a663d2344da54557ba57ec9654ba66e315cc2bbe7bdc7a807da9b87166264,1e0a38b35231da3c13f1bbccf56ff261a2e3d6bc05defe1841b3c8e139c408db,4df340b3a3950b2640ccc981d082620bb2471479d6a89fb1084d6c9b956b0db7,7ff0495efdad2442bf13da0556935647354895fff46ae029cf759f73dec6d54f,73cb3561f84846c9d3a4fe1038390193668e4ad90c671e79467a7e3e484c0849,0.014943875716435462,True
Rastrigin,2,2026,matching,12,Calibrated-Source+Residual,0.33533951346501306,0.9966056137442848,0.9445203421835657,0.9085171568627451,0.8846153846153846,0.004826117435098081,2.6662017880735585,0.71875,256,calibrated,False,7.479121266667553,7.479121266667553,,,,,not_applicable,0.7253094319089048,0.3918259327077133,0.6420036764705882,1,1,0.9846261895642466,0.9539121784107363,0.0,e37a663d2344da54557ba57ec9654ba66e315cc2bbe7bdc7a807da9b87166264,1e0a38b35231da3c13f1bbccf56ff261a2e3d6bc05defe1841b3c8e139c408db,4df340b3a3950b2640ccc981d082620bb2471479d6a89fb1084d6c9b956b0db7,7ff0495efdad2442bf13da0556935647354895fff46ae029cf759f73dec6d54f,73cb3561f84846c9d3a4fe1038390193668e4ad90c671e79467a7e3e484c0849,-0.00425562455399725,False
Rastrigin,2,2026,matching,12,Gated-Source+Residual,0.33533951346501306,0.9966056137442848,0.9445203421835657,0.9085171568627451,0.8846153846153846,0.004826117435098081,2.6662017880735585,0.71875,256,calibrated,True,7.479121266667553,7.479121266667553,6.93103637414698,2.480991124844535,0.6420461542953774,0.8484848484848485,accepted,0.7253094319089048,0.3918259327077133,0.6420036764705882,1,1,0.9846261895642466,0.9539121784107363,0.0,e37a663d2344da54557ba57ec9654ba66e315cc2bbe7bdc7a807da9b87166264,1e0a38b35231da3c13f1bbccf56ff261a2e3d6bc05defe1841b3c8e139c408db,4df340b3a3950b2640ccc981d082620bb2471479d6a89fb1084d6c9b956b0db7,7ff0495efdad2442bf13da0556935647354895fff46ae029cf759f73dec6d54f,73cb3561f84846c9d3a4fe1038390193668e4ad90c671e79467a7e3e484c0849,-0.00425562455399725,False
Rastrigin,2,2026,wrong,6,Target-Only,0.7840000443838896,0.9667929855887664,0.7501845387960631,0.7821384803921568,0.7307692307692307,0.03287673900116406,2.987430101565219,0.890625,256,target_only,False,0.0,0.0,,,,,not_applicable,0.7978186548835547,0.6104693579766536,0.7222732843137255,1,1,0.9858686850235742,0.9597574068261685,0.0,e37a663d2344da54557ba57ec9654ba66e315cc2bbe7bdc7a807da9b87166264,1e0a38b35231da3c13f1bbccf56ff261a2e3d6bc05defe1841b3c8e139c408db,4df340b3a3950b2640ccc981d082620bb2471479d6a89fb1084d6c9b956b0db7,7ff0495efdad2442bf13da0556935647354895fff46ae029cf759f73dec6d54f,73cb3561f84846c9d3a4fe1038390193668e4ad90c671e79467a7e3e484c0849,0.0,False
Rastrigin,2,2026,wrong,6,Source-Affine-Only,1.0543577210087314,0.48423783463499687,0.0,0.5,0.11538461538461539,0.0952444832845966,3.6460854552477873,0.9140625,256,constant_target_mean,False,0.0,-0.42109047687480716,,,,,not_applicable,0.7978186548835547,0.6104693579766536,0.7222732843137255,1,1,0.9858686850235742,0.9597574068261685,0.0,e37a663d2344da54557ba57ec9654ba66e315cc2bbe7bdc7a807da9b87166264,1e0a38b35231da3c13f1bbccf56ff261a2e3d6bc05defe1841b3c8e139c408db,4df340b3a3950b2640ccc981d082620bb2471479d6a89fb1084d6c9b956b0db7,7ff0495efdad2442bf13da0556935647354895fff46ae029cf759f73dec6d54f,73cb3561f84846c9d3a4fe1038390193668e4ad90c671e79467a7e3e484c0849,0.2703576766248418,True
Rastrigin,2,2026,wrong,6,Fixed-Source+Residual,1.3193035172141638,0.40092781096603386,0.5083807793545433,0.6833333333333333,0.0,0.7178911258746161,3.7389964009911245,0.859375,256,fixed,False,7.776528416098285,7.776528416098285,,,,,not_applicable,0.7978186548835547,0.6104693579766536,0.7222732843137255,1,1,0.9858686850235742,0.9597574068261685,0.0,e37a663d2344da54557ba57ec9654ba66e315cc2bbe7bdc7a807da9b87166264,1e0a38b35231da3c13f1bbccf56ff261a2e3d6bc05defe1841b3c8e139c408db,4df340b3a3950b2640ccc981d082620bb2471479d6a89fb1084d6c9b956b0db7,7ff0495efdad2442bf13da0556935647354895fff46ae029cf759f73dec6d54f,73cb3561f84846c9d3a4fe1038390193668e4ad90c671e79467a7e3e484c0849,0.5353034728302742,True
Rastrigin,2,2026,wrong,6,Calibrated-Source+Residual,0.7840000443838896,0.9667929855887664,0.7501845387960631,0.7821384803921568,0.7307692307692307,0.03287673900116406,2.987430101565219,0.890625,256,target_only,False,0.0,-0.42109047687480716,,,,,not_applicable,0.7978186548835547,0.6104693579766536,0.7222732843137255,1,1,0.9858686850235742,0.9597574068261685,0.0,e37a663d2344da54557ba57ec9654ba66e315cc2bbe7bdc7a807da9b87166264,1e0a38b35231da3c13f1bbccf56ff261a2e3d6bc05defe1841b3c8e139c408db,4df340b3a3950b2640ccc981d082620bb2471479d6a89fb1084d6c9b956b0db7,7ff0495efdad2442bf13da0556935647354895fff46ae029cf759f73dec6d54f,73cb3561f84846c9d3a4fe1038390193668e4ad90c671e79467a7e3e484c0849,0.0,False
Rastrigin,2,2026,wrong,6,Gated-Source+Residual,0.7840000443838896,0.9667929855887664,0.7501845387960631,0.7821384803921568,0.7307692307692307,0.03287673900116406,2.987430101565219,0.890625,256,target_only,False,0.0,-0.42109047687480716,6.604585040585118,7.033491909440612,-0.06494077466182444,0.4666666666666667,non_positive_calibrated_slope;insufficient_cv_rmse_gain;insufficient_pairwise_agreement,0.7978186548835547,0.6104693579766536,0.7222732843137255,1,1,0.9858686850235742,0.9597574068261685,0.0,e37a663d2344da54557ba57ec9654ba66e315cc2bbe7bdc7a807da9b87166264,1e0a38b35231da3c13f1bbccf56ff261a2e3d6bc05defe1841b3c8e139c408db,4df340b3a3950b2640ccc981d082620bb2471479d6a89fb1084d6c9b956b0db7,7ff0495efdad2442bf13da0556935647354895fff46ae029cf759f73dec6d54f,73cb3561f84846c9d3a4fe1038390193668e4ad90c671e79467a7e3e484c0849,0.0,False
Rastrigin,2,2026,wrong,12,Target-Only,0.3395951380190103,0.9991070548571335,0.9658031013962004,0.9268688725490196,0.9615384615384616,0.0,2.121566907434821,0.9921875,256,target_only,False,0.0,0.0,,,,,not_applicable,0.7978186548835547,0.6104693579766536,0.7222732843137255,1,1,0.9858686850235742,0.9597574068261685,0.0,e37a663d2344da54557ba57ec9654ba66e315cc2bbe7bdc7a807da9b87166264,1e0a38b35231da3c13f1bbccf56ff261a2e3d6bc05defe1841b3c8e139c408db,4df340b3a3950b2640ccc981d082620bb2471479d6a89fb1084d6c9b956b0db7,7ff0495efdad2442bf13da0556935647354895fff46ae029cf759f73dec6d54f,73cb3561f84846c9d3a4fe1038390193668e4ad90c671e79467a7e3e484c0849,0.0,False
Rastrigin,2,2026,wrong,12,Source-Affine-Only,1.01973870179954,0.25570438526867284,0.1791578450446326,0.5625,0.0,0.8179529371010559,3.5878346848563933,0.9609375,256,calibrated_source_only,False,1.6592092258385356,1.6592092258385356,,,,,not_applicable,0.7978186548835547,0.6104693579766536,0.7222732843137255,1,1,0.9858686850235742,0.9597574068261685,0.0,e37a663d2344da54557ba57ec9654ba66e315cc2bbe7bdc7a807da9b87166264,1e0a38b35231da3c13f1bbccf56ff261a2e3d6bc05defe1841b3c8e139c408db,4df340b3a3950b2640ccc981d082620bb2471479d6a89fb1084d6c9b956b0db7,7ff0495efdad2442bf13da0556935647354895fff46ae029cf759f73dec6d54f,73cb3561f84846c9d3a4fe1038390193668e4ad90c671e79467a7e3e484c0849,0.6801435637805298,True
Rastrigin,2,2026,wrong,12,Fixed-Source+Residual,0.791303516018346,0.6104982937186175,0.7522430762188143,0.8245404411764706,0.6153846153846154,0.8179529371010559,2.8217815507452553,0.88671875,256,fixed,False,8.76914307795988,8.76914307795988,,,,,not_applicable,0.7978186548835547,0.6104693579766536,0.7222732843137255,1,1,0.9858686850235742,0.9597574068261685,0.0,e37a663d2344da54557ba57ec9654ba66e315cc2bbe7bdc7a807da9b87166264,1e0a38b35231da3c13f1bbccf56ff261a2e3d6bc05defe1841b3c8e139c408db,4df340b3a3950b2640ccc981d082620bb2471479d6a89fb1084d6c9b956b0db7,7ff0495efdad2442bf13da0556935647354895fff46ae029cf759f73dec6d54f,73cb3561f84846c9d3a4fe1038390193668e4ad90c671e79467a7e3e484c0849,0.4517083779993357,True
Rastrigin,2,2026,wrong,12,Calibrated-Source+Residual,0.38392629678385964,0.9993277490417375,0.9386823357747767,0.9097426470588236,0.9615384615384616,0.0,2.159075459293045,0.9765625,256,calibrated,False,1.6592092258385356,1.6592092258385356,,,,,not_applicable,0.7978186548835547,0.6104693579766536,0.7222732843137255,1,1,0.9858686850235742,0.9597574068261685,0.0,e37a663d2344da54557ba57ec9654ba66e315cc2bbe7bdc7a807da9b87166264,1e0a38b35231da3c13f1bbccf56ff261a2e3d6bc05defe1841b3c8e139c408db,4df340b3a3950b2640ccc981d082620bb2471479d6a89fb1084d6c9b956b0db7,7ff0495efdad2442bf13da0556935647354895fff46ae029cf759f73dec6d54f,73cb3561f84846c9d3a4fe1038390193668e4ad90c671e79467a7e3e484c0849,0.04433115876484933,True
Rastrigin,2,2026,wrong,12,Gated-Source+Residual,0.38392629678385964,0.9993277490417375,0.9386823357747767,0.9097426470588236,0.9615384615384616,0.0,2.159075459293045,0.9765625,256,calibrated,True,1.6592092258385356,1.6592092258385356,6.93103637414698,6.748229577683853,0.026375102740046622,0.5757575757575758,accepted,0.7978186548835547,0.6104693579766536,0.7222732843137255,1,1,0.9858686850235742,0.9597574068261685,0.0,e37a663d2344da54557ba57ec9654ba66e315cc2bbe7bdc7a807da9b87166264,1e0a38b35231da3c13f1bbccf56ff261a2e3d6bc05defe1841b3c8e139c408db,4df340b3a3950b2640ccc981d082620bb2471479d6a89fb1084d6c9b956b0db7,7ff0495efdad2442bf13da0556935647354895fff46ae029cf759f73dec6d54f,73cb3561f84846c9d3a4fe1038390193668e4ad90c671e79467a7e3e484c0849,0.04433115876484933,True
Rastrigin,2,2026,reversed,6,Target-Only,0.7840000443838896,0.9667929855887664,0.7501845387960631,0.7821384803921568,0.7307692307692307,0.03287673900116406,2.987430101565219,0.890625,256,target_only,False,0.0,0.0,,,,,not_applicable,0.2481613510435897,-0.3918259327077133,0.35799632352941174,1,1,0.9846261895642466,0.9539121784107363,0.0,e37a663d2344da54557ba57ec9654ba66e315cc2bbe7bdc7a807da9b87166264,1e0a38b35231da3c13f1bbccf56ff261a2e3d6bc05defe1841b3c8e139c408db,4df340b3a3950b2640ccc981d082620bb2471479d6a89fb1084d6c9b956b0db7,7ff0495efdad2442bf13da0556935647354895fff46ae029cf759f73dec6d54f,73cb3561f84846c9d3a4fe1038390193668e4ad90c671e79467a7e3e484c0849,0.0,False
Rastrigin,2,2026,reversed,6,Source-Affine-Only,1.0543577210087314,0.48423783463499687,0.0,0.5,0.11538461538461539,0.0952444832845966,3.6460854552477873,0.9140625,256,constant_target_mean,False,0.0,-6.253641006472649,,,,,not_applicable,0.2481613510435897,-0.3918259327077133,0.35799632352941174,1,1,0.9846261895642466,0.9539121784107363,0.0,e37a663d2344da54557ba57ec9654ba66e315cc2bbe7bdc7a807da9b87166264,1e0a38b35231da3c13f1bbccf56ff261a2e3d6bc05defe1841b3c8e139c408db,4df340b3a3950b2640ccc981d082620bb2471479d6a89fb1084d6c9b956b0db7,7ff0495efdad2442bf13da0556935647354895fff46ae029cf759f73dec6d54f,73cb3561f84846c9d3a4fe1038390193668e4ad90c671e79467a7e3e484c0849,0.2703576766248418,True
Rastrigin,2,2026,reversed,6,Fixed-Source+Residual,1.4325832897051667,0.22927344850680662,0.04177371824216067,0.5198223039215686,0.07692307692307693,1.3111936202121186,3.623422687801546,0.921875,256,fixed,False,7.776528416098285,7.776528416098285,,,,,not_applicable,0.2481613510435897,-0.3918259327077133,0.35799632352941174,1,1,0.9846261895642466,0.9539121784107363,0.0,e37a663d2344da54557ba57ec9654ba66e315cc2bbe7bdc7a807da9b87166264,1e0a38b35231da3c13f1bbccf56ff261a2e3d6bc05defe1841b3c8e139c408db,4df340b3a3950b2640ccc981d082620bb2471479d6a89fb1084d6c9b956b0db7,7ff0495efdad2442bf13da0556935647354895fff46ae029cf759f73dec6d54f,73cb3561f84846c9d3a4fe1038390193668e4ad90c671e79467a7e3e484c0849,0.6485832453212771,True
Rastrigin,2,2026,reversed,6,Calibrated-Source+Residual,0.7840000443838896,0.9667929855887664,0.7501845387960631,0.7821384803921568,0.7307692307692307,0.03287673900116406,2.987430101565219,0.890625,256,target_only,False,0.0,-6.253641006472649,,,,,not_applicable,0.2481613510435897,-0.3918259327077133,0.35799632352941174,1,1,0.9846261895642466,0.9539121784107363,0.0,e37a663d2344da54557ba57ec9654ba66e315cc2bbe7bdc7a807da9b87166264,1e0a38b35231da3c13f1bbccf56ff261a2e3d6bc05defe1841b3c8e139c408db,4df340b3a3950b2640ccc981d082620bb2471479d6a89fb1084d6c9b956b0db7,7ff0495efdad2442bf13da0556935647354895fff46ae029cf759f73dec6d54f,73cb3561f84846c9d3a4fe1038390193668e4ad90c671e79467a7e3e484c0849,0.0,False
Rastrigin,2,2026,reversed,6,Gated-Source+Residual,0.7840000443838896,0.9667929855887664,0.7501845387960631,0.7821384803921568,0.7307692307692307,0.03287673900116406,2.987430101565219,0.890625,256,target_only,False,0.0,-6.253641006472649,6.604585040585118,6.604585040585118,0.0,0.13333333333333333,non_positive_calibrated_slope;insufficient_cv_rmse_gain;insufficient_pairwise_agreement,0.2481613510435897,-0.3918259327077133,0.35799632352941174,1,1,0.9846261895642466,0.9539121784107363,0.0,e37a663d2344da54557ba57ec9654ba66e315cc2bbe7bdc7a807da9b87166264,1e0a38b35231da3c13f1bbccf56ff261a2e3d6bc05defe1841b3c8e139c408db,4df340b3a3950b2640ccc981d082620bb2471479d6a89fb1084d6c9b956b0db7,7ff0495efdad2442bf13da0556935647354895fff46ae029cf759f73dec6d54f,73cb3561f84846c9d3a4fe1038390193668e4ad90c671e79467a7e3e484c0849,0.0,False
Rastrigin,2,2026,reversed,12,Target-Only,0.3395951380190103,0.9991070548571335,0.9658031013962004,0.9268688725490196,0.9615384615384616,0.0,2.121566907434821,0.9921875,256,target_only,False,0.0,0.0,,,,,not_applicable,0.2481613510435897,-0.3918259327077133,0.35799632352941174,1,1,0.9846261895642466,0.9539121784107363,0.0,e37a663d2344da54557ba57ec9654ba66e315cc2bbe7bdc7a807da9b87166264,1e0a38b35231da3c13f1bbccf56ff261a2e3d6bc05defe1841b3c8e139c408db,4df340b3a3950b2640ccc981d082620bb2471479d6a89fb1084d6c9b956b0db7,7ff0495efdad2442bf13da0556935647354895fff46ae029cf759f73dec6d54f,73cb3561f84846c9d3a4fe1038390193668e4ad90c671e79467a7e3e484c0849,0.0,False
Rastrigin,2,2026,reversed,12,Source-Affine-Only,1.0022943974564882,0.48423783463499687,0.0,0.5,0.11538461538461539,0.0952444832845966,3.5706210529247056,0.96875,256,constant_target_mean,False,0.0,-7.479121266667553,,,,,not_applicable,0.2481613510435897,-0.3918259327077133,0.35799632352941174,1,1,0.9846261895642466,0.9539121784107363,0.0,e37a663d2344da54557ba57ec9654ba66e315cc2bbe7bdc7a807da9b87166264,1e0a38b35231da3c13f1bbccf56ff261a2e3d6bc05defe1841b3c8e139c408db,4df340b3a3950b2640ccc981d082620bb2471479d6a89fb1084d6c9b956b0db7,7ff0495efdad2442bf13da0556935647354895fff46ae029cf759f73dec6d54f,73cb3561f84846c9d3a4fe1038390193668e4ad90c671e79467a7e3e484c0849,0.6626992594374779,True
Rastrigin,2,2026,reversed,12,Fixed-Source+Residual,0.5401498452251575,0.9805997907973886,0.8796971560997938,0.8576899509803921,0.7692307692307693,0.016866297843796948,2.7346950154357668,0.9921875,256,fixed,False,8.76914307795988,8.76914307795988,,,,,not_applicable,0.2481613510435897,-0.3918259327077133,0.35799632352941174,1,1,0.9846261895642466,0.9539121784107363,0.0,e37a663d2344da54557ba57ec9654ba66e315cc2bbe7bdc7a807da9b87166264,1e0a38b35231da3c13f1bbccf56ff261a2e3d6bc05defe1841b3c8e139c408db,4df340b3a3950b2640ccc981d082620bb2471479d6a89fb1084d6c9b956b0db7,7ff0495efdad2442bf13da0556935647354895fff46ae029cf759f73dec6d54f,73cb3561f84846c9d3a4fe1038390193668e4ad90c671e79467a7e3e484c0849,0.2005547072061472,True
Rastrigin,2,2026,reversed,12,Calibrated-Source+Residual,0.3395951380190103,0.9991070548571335,0.9658031013962004,0.9268688725490196,0.9615384615384616,0.0,2.121566907434821,0.9921875,256,target_only,False,0.0,-7.479121266667553,,,,,not_applicable,0.2481613510435897,-0.3918259327077133,0.35799632352941174,1,1,0.9846261895642466,0.9539121784107363,0.0,e37a663d2344da54557ba57ec9654ba66e315cc2bbe7bdc7a807da9b87166264,1e0a38b35231da3c13f1bbccf56ff261a2e3d6bc05defe1841b3c8e139c408db,4df340b3a3950b2640ccc981d082620bb2471479d6a89fb1084d6c9b956b0db7,7ff0495efdad2442bf13da0556935647354895fff46ae029cf759f73dec6d54f,73cb3561f84846c9d3a4fe1038390193668e4ad90c671e79467a7e3e484c0849,0.0,False
Rastrigin,2,2026,reversed,12,Gated-Source+Residual,0.3395951380190103,0.9991070548571335,0.9658031013962004,0.9268688725490196,0.9615384615384616,0.0,2.121566907434821,0.9921875,256,target_only,False,0.0,-7.479121266667553,6.93103637414698,6.93103637414698,0.0,0.15151515151515152,non_positive_calibrated_slope;insufficient_cv_rmse_gain;insufficient_pairwise_agreement,0.2481613510435897,-0.3918259327077133,0.35799632352941174,1,1,0.9846261895642466,0.9539121784107363,0.0,e37a663d2344da54557ba57ec9654ba66e315cc2bbe7bdc7a807da9b87166264,1e0a38b35231da3c13f1bbccf56ff261a2e3d6bc05defe1841b3c8e139c408db,4df340b3a3950b2640ccc981d082620bb2471479d6a89fb1084d6c9b956b0db7,7ff0495efdad2442bf13da0556935647354895fff46ae029cf759f73dec6d54f,73cb3561f84846c9d3a4fe1038390193668e4ad90c671e79467a7e3e484c0849,0.0,False
Rastrigin,2,777,matching,6,Target-Only,0.8093793261087345,0.9088424851416392,0.5981281471732661,0.721078431372549,0.5384615384615384,0.08137082825314307,3.092905193706595,0.9296875,256,target_only,False,0.0,0.0,,,,,not_applicable,0.8644684805710026,0.5238803437357644,0.6862342596280523,1,2,0.9848036258157664,0.9575220274795384,0.0,bb48864f5f0eba852ac30ea7708a6805eac770fa4b23545521f3c3ffbd3d153a,892fc06e893f91c248515eeaff7ec522b0b0ae7aeddc76e3cd4a0a970c6b3acc,d76910ebb10b62fe53d34e01a200cd8e9498388a9dd5103e7d22477a9c8a8fa6,871b1c0321ac2d2c5147463b935b07d53a89da1dd5f34f0cafa970fe82dacde6,f3d6161df54ea28af79babf9408e9c887c603baebdaed07c080393dbec1faa6e,0.0,False
Rastrigin,2,777,matching,6,Source-Affine-Only,1.1512237132047227,0.18023236093489875,0.20096099668134415,0.558993841723092,0.0,1.0101095322035343,3.9094808541583053,0.828125,256,calibrated_source_only,False,4.569317984566049,4.569317984566049,,,,,not_applicable,0.8644684805710026,0.5238803437357644,0.6862342596280523,1,2,0.9848036258157664,0.9575220274795384,0.0,bb48864f5f0eba852ac30ea7708a6805eac770fa4b23545521f3c3ffbd3d153a,892fc06e893f91c248515eeaff7ec522b0b0ae7aeddc76e3cd4a0a970c6b3acc,d76910ebb10b62fe53d34e01a200cd8e9498388a9dd5103e7d22477a9c8a8fa6,871b1c0321ac2d2c5147463b935b07d53a89da1dd5f34f0cafa970fe82dacde6,f3d6161df54ea28af79babf9408e9c887c603baebdaed07c080393dbec1faa6e,0.3418443870959882,True
Rastrigin,2,777,matching,6,Fixed-Source+Residual,1.133072502614879,0.28373066442689904,0.44636859121080336,0.6707107843137254,0.15384615384615385,1.0101095322035343,4.192144182520208,0.75390625,256,fixed,False,8.513083177453009,8.513083177453009,,,,,not_applicable,0.8644684805710026,0.5238803437357644,0.6862342596280523,1,2,0.9848036258157664,0.9575220274795384,0.0,bb48864f5f0eba852ac30ea7708a6805eac770fa4b23545521f3c3ffbd3d153a,892fc06e893f91c248515eeaff7ec522b0b0ae7aeddc76e3cd4a0a970c6b3acc,d76910ebb10b62fe53d34e01a200cd8e9498388a9dd5103e7d22477a9c8a8fa6,871b1c0321ac2d2c5147463b935b07d53a89da1dd5f34f0cafa970fe82dacde6,f3d6161df54ea28af79babf9408e9c887c603baebdaed07c080393dbec1faa6e,0.3236931765061444,True
Rastrigin,2,777,matching,6,Calibrated-Source+Residual,0.9231200676558532,0.45184237614473044,0.491123540856031,0.6861825980392157,0.3076923076923077,0.9141088155620565,3.6669673104459037,0.77734375,256,calibrated,False,4.569317984566049,4.569317984566049,,,,,not_applicable,0.8644684805710026,0.5238803437357644,0.6862342596280523,1,2,0.9848036258157664,0.9575220274795384,0.0,bb48864f5f0eba852ac30ea7708a6805eac770fa4b23545521f3c3ffbd3d153a,892fc06e893f91c248515eeaff7ec522b0b0ae7aeddc76e3cd4a0a970c6b3acc,d76910ebb10b62fe53d34e01a200cd8e9498388a9dd5103e7d22477a9c8a8fa6,871b1c0321ac2d2c5147463b935b07d53a89da1dd5f34f0cafa970fe82dacde6,f3d6161df54ea28af79babf9408e9c887c603baebdaed07c080393dbec1faa6e,0.11374074154711866,True
Rastrigin,2,777,matching,6,Gated-Source+Residual,0.8093793261087345,0.9088424851416392,0.5981281471732661,0.721078431372549,0.5384615384615384,0.08137082825314307,3.092905193706595,0.9296875,256,target_only,False,4.569317984566049,4.569317984566049,7.0012741361180115,9.311189787298495,-0.32992789687581925,0.6666666666666666,insufficient_cv_rmse_gain,0.8644684805710026,0.5238803437357644,0.6862342596280523,1,2,0.9848036258157664,0.9575220274795384,0.0,bb48864f5f0eba852ac30ea7708a6805eac770fa4b23545521f3c3ffbd3d153a,892fc06e893f91c248515eeaff7ec522b0b0ae7aeddc76e3cd4a0a970c6b3acc,d76910ebb10b62fe53d34e01a200cd8e9498388a9dd5103e7d22477a9c8a8fa6,871b1c0321ac2d2c5147463b935b07d53a89da1dd5f34f0cafa970fe82dacde6,f3d6161df54ea28af79babf9408e9c887c603baebdaed07c080393dbec1faa6e,0.0,False
Rastrigin,2,777,matching,12,Target-Only,0.5051775304710218,0.9785361330435415,0.8852790970473792,0.8620404411764706,0.7307692307692307,0.004082065335979754,2.4082950840990303,0.9609375,256,target_only,False,0.0,0.0,,,,,not_applicable,0.8644684805710026,0.5238803437357644,0.6862342596280523,1,2,0.9848036258157664,0.9575220274795384,0.0,bb48864f5f0eba852ac30ea7708a6805eac770fa4b23545521f3c3ffbd3d153a,892fc06e893f91c248515eeaff7ec522b0b0ae7aeddc76e3cd4a0a970c6b3acc,d76910ebb10b62fe53d34e01a200cd8e9498388a9dd5103e7d22477a9c8a8fa6,871b1c0321ac2d2c5147463b935b07d53a89da1dd5f34f0cafa970fe82dacde6,f3d6161df54ea28af79babf9408e9c887c603baebdaed07c080393dbec1faa6e,0.0,False
Rastrigin,2,777,matching,12,Source-Affine-Only,1.1839684309690448,0.18023236093489875,0.20096099668134415,0.558993841723092,0.0,1.0101095322035343,4.0651461327456,0.79296875,256,calibrated_source_only,False,4.48124518463506,4.48124518463506,,,,,not_applicable,0.8644684805710026,0.5238803437357644,0.6862342596280523,1,2,0.9848036258157664,0.9575220274795384,0.0,bb48864f5f0eba852ac30ea7708a6805eac770fa4b23545521f3c3ffbd3d153a,892fc06e893f91c248515eeaff7ec522b0b0ae7aeddc76e3cd4a0a970c6b3acc,d76910ebb10b62fe53d34e01a200cd8e9498388a9dd5103e7d22477a9c8a8fa6,871b1c0321ac2d2c5147463b935b07d53a89da1dd5f34f0cafa970fe82dacde6,f3d6161df54ea28af79babf9408e9c887c603baebdaed07c080393dbec1faa6e,0.678790900498023,True
Rastrigin,2,777,matching,12,Fixed-Source+Residual,0.8772287947997848,0.4589529455823163,0.6499713893339435,0.7884191176470589,0.5384615384615384,1.1460571182007575,3.265042874464762,0.84375,256,fixed,False,7.921140975984615,7.921140975984615,,,,,not_applicable,0.8644684805710026,0.5238803437357644,0.6862342596280523,1,2,0.9848036258157664,0.9575220274795384,0.0,bb48864f5f0eba852ac30ea7708a6805eac770fa4b23545521f3c3ffbd3d153a,892fc06e893f91c248515eeaff7ec522b0b0ae7aeddc76e3cd4a0a970c6b3acc,d76910ebb10b62fe53d34e01a200cd8e9498388a9dd5103e7d22477a9c8a8fa6,871b1c0321ac2d2c5147463b935b07d53a89da1dd5f34f0cafa970fe82dacde6,f3d6161df54ea28af79babf9408e9c887c603baebdaed07c080393dbec1faa6e,0.372051264328763,True
Rastrigin,2,777,matching,12,Calibrated-Source+Residual,0.6686196852376723,0.9485401709430522,0.7630579079880979,0.8344056372549019,0.8461538461538461,0.004082065335979754,2.7466334807565875,0.875,256,calibrated,False,4.48124518463506,4.48124518463506,,,,,not_applicable,0.8644684805710026,0.5238803437357644,0.6862342596280523,1,2,0.9848036258157664,0.9575220274795384,0.0,bb48864f5f0eba852ac30ea7708a6805eac770fa4b23545521f3c3ffbd3d153a,892fc06e893f91c248515eeaff7ec522b0b0ae7aeddc76e3cd4a0a970c6b3acc,d76910ebb10b62fe53d34e01a200cd8e9498388a9dd5103e7d22477a9c8a8fa6,871b1c0321ac2d2c5147463b935b07d53a89da1dd5f34f0cafa970fe82dacde6,f3d6161df54ea28af79babf9408e9c887c603baebdaed07c080393dbec1faa6e,0.16344215476665058,True
Rastrigin,2,777,matching,12,Gated-Source+Residual,0.6686196852376723,0.9485401709430522,0.7630579079880979,0.8344056372549019,0.8461538461538461,0.004082065335979754,2.7466334807565875,0.875,256,calibrated,True,4.48124518463506,4.48124518463506,5.10732008942611,3.698101599152292,0.2759213179513419,0.7121212121212122,accepted,0.8644684805710026,0.5238803437357644,0.6862342596280523,1,2,0.9848036258157664,0.9575220274795384,0.0,bb48864f5f0eba852ac30ea7708a6805eac770fa4b23545521f3c3ffbd3d153a,892fc06e893f91c248515eeaff7ec522b0b0ae7aeddc76e3cd4a0a970c6b3acc,d76910ebb10b62fe53d34e01a200cd8e9498388a9dd5103e7d22477a9c8a8fa6,871b1c0321ac2d2c5147463b935b07d53a89da1dd5f34f0cafa970fe82dacde6,f3d6161df54ea28af79babf9408e9c887c603baebdaed07c080393dbec1faa6e,0.16344215476665058,True
Rastrigin,2,777,wrong,6,Target-Only,0.8093793261087345,0.9088424851416392,0.5981281471732661,0.721078431372549,0.5384615384615384,0.08137082825314307,3.092905193706595,0.9296875,256,target_only,False,0.0,0.0,,,,,not_applicable,0.4546285404433731,0.2202062829022659,0.5720281862745098,1,2,0.9738292044259981,0.9235291220033364,0.0,bb48864f5f0eba852ac30ea7708a6805eac770fa4b23545521f3c3ffbd3d153a,892fc06e893f91c248515eeaff7ec522b0b0ae7aeddc76e3cd4a0a970c6b3acc,d76910ebb10b62fe53d34e01a200cd8e9498388a9dd5103e7d22477a9c8a8fa6,871b1c0321ac2d2c5147463b935b07d53a89da1dd5f34f0cafa970fe82dacde6,f3d6161df54ea28af79babf9408e9c887c603baebdaed07c080393dbec1faa6e,0.0,False
Rastrigin,2,777,wrong,6,Source-Affine-Only,1.0004792869583505,0.4955497416582077,0.0,0.5,0.11538461538461539,0.10444300939033181,3.5681555906076277,0.9609375,256,constant_target_mean,False,0.0,-4.336669306692657,,,,,not_applicable,0.4546285404433731,0.2202062829022659,0.5720281862745098,1,2,0.9738292044259981,0.9235291220033364,0.0,bb48864f5f0eba852ac30ea7708a6805eac770fa4b23545521f3c3ffbd3d153a,892fc06e893f91c248515eeaff7ec522b0b0ae7aeddc76e3cd4a0a970c6b3acc,d76910ebb10b62fe53d34e01a200cd8e9498388a9dd5103e7d22477a9c8a8fa6,871b1c0321ac2d2c5147463b935b07d53a89da1dd5f34f0cafa970fe82dacde6,f3d6161df54ea28af79babf9408e9c887c603baebdaed07c080393dbec1faa6e,0.191099960849616,True
Rastrigin,2,777,wrong,6,Fixed-Source+Residual,1.48539443967635,0.32285634788344203,0.12518954566262303,0.5424325980392157,0.0,0.7575790194022323,3.677989420260661,0.95703125,256,fixed,False,8.513083177453009,8.513083177453009,,,,,not_applicable,0.4546285404433731,0.2202062829022659,0.5720281862745098,1,2,0.9738292044259981,0.9235291220033364,0.0,bb48864f5f0eba852ac30ea7708a6805eac770fa4b23545521f3c3ffbd3d153a,892fc06e893f91c248515eeaff7ec522b0b0ae7aeddc76e3cd4a0a970c6b3acc,d76910ebb10b62fe53d34e01a200cd8e9498388a9dd5103e7d22477a9c8a8fa6,871b1c0321ac2d2c5147463b935b07d53a89da1dd5f34f0cafa970fe82dacde6,f3d6161df54ea28af79babf9408e9c887c603baebdaed07c080393dbec1faa6e,0.6760151135676156,True
Rastrigin,2,777,wrong,6,Calibrated-Source+Residual,0.8093793261087345,0.9088424851416392,0.5981281471732661,0.721078431372549,0.5384615384615384,0.08137082825314307,3.092905193706595,0.9296875,256,target_only,False,0.0,-4.336669306692657,,,,,not_applicable,0.4546285404433731,0.2202062829022659,0.5720281862745098,1,2,0.9738292044259981,0.9235291220033364,0.0,bb48864f5f0eba852ac30ea7708a6805eac770fa4b23545521f3c3ffbd3d153a,892fc06e893f91c248515eeaff7ec522b0b0ae7aeddc76e3cd4a0a970c6b3acc,d76910ebb10b62fe53d34e01a200cd8e9498388a9dd5103e7d22477a9c8a8fa6,871b1c0321ac2d2c5147463b935b07d53a89da1dd5f34f0cafa970fe82dacde6,f3d6161df54ea28af79babf9408e9c887c603baebdaed07c080393dbec1faa6e,0.0,False
Rastrigin,2,777,wrong,6,Gated-Source+Residual,0.8093793261087345,0.9088424851416392,0.5981281471732661,0.721078431372549,0.5384615384615384,0.08137082825314307,3.092905193706595,0.9296875,256,target_only,False,0.0,-4.336669306692657,7.0012741361180115,7.0012741361180115,0.0,0.26666666666666666,non_positive_calibrated_slope;insufficient_cv_rmse_gain;insufficient_pairwise_agreement,0.4546285404433731,0.2202062829022659,0.5720281862745098,1,2,0.9738292044259981,0.9235291220033364,0.0,bb48864f5f0eba852ac30ea7708a6805eac770fa4b23545521f3c3ffbd3d153a,892fc06e893f91c248515eeaff7ec522b0b0ae7aeddc76e3cd4a0a970c6b3acc,d76910ebb10b62fe53d34e01a200cd8e9498388a9dd5103e7d22477a9c8a8fa6,871b1c0321ac2d2c5147463b935b07d53a89da1dd5f34f0cafa970fe82dacde6,f3d6161df54ea28af79babf9408e9c887c603baebdaed07c080393dbec1faa6e,0.0,False
Rastrigin,2,777,wrong,12,Target-Only,0.5051775304710218,0.9785361330435415,0.8852790970473792,0.8620404411764706,0.7307692307692307,0.004082065335979754,2.4082950840990303,0.9609375,256,target_only,False,0.0,0.0,,,,,not_applicable,0.4546285404433731,0.2202062829022659,0.5720281862745098,1,2,0.9738292044259981,0.9235291220033364,0.0,bb48864f5f0eba852ac30ea7708a6805eac770fa4b23545521f3c3ffbd3d153a,892fc06e893f91c248515eeaff7ec522b0b0ae7aeddc76e3cd4a0a970c6b3acc,d76910ebb10b62fe53d34e01a200cd8e9498388a9dd5103e7d22477a9c8a8fa6,871b1c0321ac2d2c5147463b935b07d53a89da1dd5f34f0cafa970fe82dacde6,f3d6161df54ea28af79babf9408e9c887c603baebdaed07c080393dbec1faa6e,0.0,False
Rastrigin,2,777,wrong,12,Source-Affine-Only,1.0003812727928103,0.4955497416582077,0.0,0.5,0.11538461538461539,0.10444300939033181,3.574673777322407,0.953125,256,constant_target_mean,False,0.0,-4.220579651945512,,,,,not_applicable,0.4546285404433731,0.2202062829022659,0.5720281862745098,1,2,0.9738292044259981,0.9235291220033364,0.0,bb48864f5f0eba852ac30ea7708a6805eac770fa4b23545521f3c3ffbd3d153a,892fc06e893f91c248515eeaff7ec522b0b0ae7aeddc76e3cd4a0a970c6b3acc,d76910ebb10b62fe53d34e01a200cd8e9498388a9dd5103e7d22477a9c8a8fa6,871b1c0321ac2d2c5147463b935b07d53a89da1dd5f34f0cafa970fe82dacde6,f3d6161df54ea28af79babf9408e9c887c603baebdaed07c080393dbec1faa6e,0.49520374232178854,True
Rastrigin,2,777,wrong,12,Fixed-Source+Residual,1.0779095907371323,0.601157330551211,0.5559710460059509,0.6971813725490196,0.46153846153846156,0.7575790194022323,3.1505261656134955,0.94921875,256,fixed,False,7.921140975984615,7.921140975984615,,,,,not_applicable,0.4546285404433731,0.2202062829022659,0.5720281862745098,1,2,0.9738292044259981,0.9235291220033364,0.0,bb48864f5f0eba852ac30ea7708a6805eac770fa4b23545521f3c3ffbd3d153a,892fc06e893f91c248515eeaff7ec522b0b0ae7aeddc76e3cd4a0a970c6b3acc,d76910ebb10b62fe53d34e01a200cd8e9498388a9dd5103e7d22477a9c8a8fa6,871b1c0321ac2d2c5147463b935b07d53a89da1dd5f34f0cafa970fe82dacde6,f3d6161df54ea28af79babf9408e9c887c603baebdaed07c080393dbec1faa6e,0.5727320602661106,True
Rastrigin,2,777,wrong,12,Calibrated-Source+Residual,0.5051775304710218,0.9785361330435415,0.8852790970473792,0.8620404411764706,0.7307692307692307,0.004082065335979754,2.4082950840990303,0.9609375,256,target_only,False,0.0,-4.220579651945512,,,,,not_applicable,0.4546285404433731,0.2202062829022659,0.5720281862745098,1,2,0.9738292044259981,0.9235291220033364,0.0,bb48864f5f0eba852ac30ea7708a6805eac770fa4b23545521f3c3ffbd3d153a,892fc06e893f91c248515eeaff7ec522b0b0ae7aeddc76e3cd4a0a970c6b3acc,d76910ebb10b62fe53d34e01a200cd8e9498388a9dd5103e7d22477a9c8a8fa6,871b1c0321ac2d2c5147463b935b07d53a89da1dd5f34f0cafa970fe82dacde6,f3d6161df54ea28af79babf9408e9c887c603baebdaed07c080393dbec1faa6e,0.0,False
Rastrigin,2,777,wrong,12,Gated-Source+Residual,0.5051775304710218,0.9785361330435415,0.8852790970473792,0.8620404411764706,0.7307692307692307,0.004082065335979754,2.4082950840990303,0.9609375,256,target_only,False,0.0,-4.220579651945512,5.10732008942611,5.10732008942611,0.0,0.25757575757575757,non_positive_calibrated_slope;insufficient_cv_rmse_gain;insufficient_pairwise_agreement,0.4546285404433731,0.2202062829022659,0.5720281862745098,1,2,0.9738292044259981,0.9235291220033364,0.0,bb48864f5f0eba852ac30ea7708a6805eac770fa4b23545521f3c3ffbd3d153a,892fc06e893f91c248515eeaff7ec522b0b0ae7aeddc76e3cd4a0a970c6b3acc,d76910ebb10b62fe53d34e01a200cd8e9498388a9dd5103e7d22477a9c8a8fa6,871b1c0321ac2d2c5147463b935b07d53a89da1dd5f34f0cafa970fe82dacde6,f3d6161df54ea28af79babf9408e9c887c603baebdaed07c080393dbec1faa6e,0.0,False
Rastrigin,2,777,reversed,6,Target-Only,0.8093793261087345,0.9088424851416392,0.5981281471732661,0.721078431372549,0.5384615384615384,0.08137082825314307,3.092905193706595,0.9296875,256,target_only,False,0.0,0.0,,,,,not_applicable,0.1540045867616683,-0.5238803437357644,0.31376574037194765,1,2,0.9848036258157664,0.9575220274795384,0.0,bb48864f5f0eba852ac30ea7708a6805eac770fa4b23545521f3c3ffbd3d153a,892fc06e893f91c248515eeaff7ec522b0b0ae7aeddc76e3cd4a0a970c6b3acc,d76910ebb10b62fe53d34e01a200cd8e9498388a9dd5103e7d22477a9c8a8fa6,871b1c0321ac2d2c5147463b935b07d53a89da1dd5f34f0cafa970fe82dacde6,f3d6161df54ea28af79babf9408e9c887c603baebdaed07c080393dbec1faa6e,0.0,False
Rastrigin,2,777,reversed,6,Source-Affine-Only,1.0004792869583505,0.4955497416582077,0.0,0.5,0.11538461538461539,0.10444300939033181,3.5681555906076277,0.9609375,256,constant_target_mean,False,0.0,-4.569317984566048,,,,,not_applicable,0.1540045867616683,-0.5238803437357644,0.31376574037194765,1,2,0.9848036258157664,0.9575220274795384,0.0,bb48864f5f0eba852ac30ea7708a6805eac770fa4b23545521f3c3ffbd3d153a,892fc06e893f91c248515eeaff7ec522b0b0ae7aeddc76e3cd4a0a970c6b3acc,d76910ebb10b62fe53d34e01a200cd8e9498388a9dd5103e7d22477a9c8a8fa6,871b1c0321ac2d2c5147463b935b07d53a89da1dd5f34f0cafa970fe82dacde6,f3d6161df54ea28af79babf9408e9c887c603baebdaed07c080393dbec1faa6e,0.191099960849616,True
Rastrigin,2,777,reversed,6,Fixed-Source+Residual,1.0750956877156816,0.30819112104911967,0.4087999256122682,0.6557904411764706,0.19230769230769232,1.1867275931262873,3.3881854855474725,0.95703125,256,fixed,False,8.513083177453009,8.513083177453009,,,,,not_applicable,0.1540045867616683,-0.5238803437357644,0.31376574037194765,1,2,0.9848036258157664,0.9575220274795384,0.0,bb48864f5f0eba852ac30ea7708a6805eac770fa4b23545521f3c3ffbd3d153a,892fc06e893f91c248515eeaff7ec522b0b0ae7aeddc76e3cd4a0a970c6b3acc,d76910ebb10b62fe53d34e01a200cd8e9498388a9dd5103e7d22477a9c8a8fa6,871b1c0321ac2d2c5147463b935b07d53a89da1dd5f34f0cafa970fe82dacde6,f3d6161df54ea28af79babf9408e9c887c603baebdaed07c080393dbec1faa6e,0.2657163616069471,True
Rastrigin,2,777,reversed,6,Calibrated-Source+Residual,0.8093793261087345,0.9088424851416392,0.5981281471732661,0.721078431372549,0.5384615384615384,0.08137082825314307,3.092905193706595,0.9296875,256,target_only,False,0.0,-4.569317984566048,,,,,not_applicable,0.1540045867616683,-0.5238803437357644,0.31376574037194765,1,2,0.9848036258157664,0.9575220274795384,0.0,bb48864f5f0eba852ac30ea7708a6805eac770fa4b23545521f3c3ffbd3d153a,892fc06e893f91c248515eeaff7ec522b0b0ae7aeddc76e3cd4a0a970c6b3acc,d76910ebb10b62fe53d34e01a200cd8e9498388a9dd5103e7d22477a9c8a8fa6,871b1c0321ac2d2c5147463b935b07d53a89da1dd5f34f0cafa970fe82dacde6,f3d6161df54ea28af79babf9408e9c887c603baebdaed07c080393dbec1faa6e,0.0,False
Rastrigin,2,777,reversed,6,Gated-Source+Residual,0.8093793261087345,0.9088424851416392,0.5981281471732661,0.721078431372549,0.5384615384615384,0.08137082825314307,3.092905193706595,0.9296875,256,target_only,False,0.0,-4.569317984566048,7.0012741361180115,7.0012741361180115,0.0,0.3333333333333333,non_positive_calibrated_slope;insufficient_cv_rmse_gain;insufficient_pairwise_agreement,0.1540045867616683,-0.5238803437357644,0.31376574037194765,1,2,0.9848036258157664,0.9575220274795384,0.0,bb48864f5f0eba852ac30ea7708a6805eac770fa4b23545521f3c3ffbd3d153a,892fc06e893f91c248515eeaff7ec522b0b0ae7aeddc76e3cd4a0a970c6b3acc,d76910ebb10b62fe53d34e01a200cd8e9498388a9dd5103e7d22477a9c8a8fa6,871b1c0321ac2d2c5147463b935b07d53a89da1dd5f34f0cafa970fe82dacde6,f3d6161df54ea28af79babf9408e9c887c603baebdaed07c080393dbec1faa6e,0.0,False
Rastrigin,2,777,reversed,12,Target-Only,0.5051775304710218,0.9785361330435415,0.8852790970473792,0.8620404411764706,0.7307692307692307,0.004082065335979754,2.4082950840990303,0.9609375,256,target_only,False,0.0,0.0,,,,,not_applicable,0.1540045867616683,-0.5238803437357644,0.31376574037194765,1,2,0.9848036258157664,0.9575220274795384,0.0,bb48864f5f0eba852ac30ea7708a6805eac770fa4b23545521f3c3ffbd3d153a,892fc06e893f91c248515eeaff7ec522b0b0ae7aeddc76e3cd4a0a970c6b3acc,d76910ebb10b62fe53d34e01a200cd8e9498388a9dd5103e7d22477a9c8a8fa6,871b1c0321ac2d2c5147463b935b07d53a89da1dd5f34f0cafa970fe82dacde6,f3d6161df54ea28af79babf9408e9c887c603baebdaed07c080393dbec1faa6e,0.0,False
Rastrigin,2,777,reversed,12,Source-Affine-Only,1.0003812727928103,0.4955497416582077,0.0,0.5,0.11538461538461539,0.10444300939033181,3.574673777322407,0.953125,256,constant_target_mean,False,0.0,-4.48124518463506,,,,,not_applicable,0.1540045867616683,-0.5238803437357644,0.31376574037194765,1,2,0.9848036258157664,0.9575220274795384,0.0,bb48864f5f0eba852ac30ea7708a6805eac770fa4b23545521f3c3ffbd3d153a,892fc06e893f91c248515eeaff7ec522b0b0ae7aeddc76e3cd4a0a970c6b3acc,d76910ebb10b62fe53d34e01a200cd8e9498388a9dd5103e7d22477a9c8a8fa6,871b1c0321ac2d2c5147463b935b07d53a89da1dd5f34f0cafa970fe82dacde6,f3d6161df54ea28af79babf9408e9c887c603baebdaed07c080393dbec1faa6e,0.49520374232178854,True
Rastrigin,2,777,reversed,12,Fixed-Source+Residual,0.7401402110081644,0.9571874012872514,0.7297450789654382,0.775030637254902,0.6153846153846154,0.029769273723593503,2.941387720722249,0.9609375,256,fixed,False,7.921140975984615,7.921140975984615,,,,,not_applicable,0.1540045867616683,-0.5238803437357644,0.31376574037194765,1,2,0.9848036258157664,0.9575220274795384,0.0,bb48864f5f0eba852ac30ea7708a6805eac770fa4b23545521f3c3ffbd3d153a,892fc06e893f91c248515eeaff7ec522b0b0ae7aeddc76e3cd4a0a970c6b3acc,d76910ebb10b62fe53d34e01a200cd8e9498388a9dd5103e7d22477a9c8a8fa6,871b1c0321ac2d2c5147463b935b07d53a89da1dd5f34f0cafa970fe82dacde6,f3d6161df54ea28af79babf9408e9c887c603baebdaed07c080393dbec1faa6e,0.23496268053714264,True
Rastrigin,2,777,reversed,12,Calibrated-Source+Residual,0.5051775304710218,0.9785361330435415,0.8852790970473792,0.8620404411764706,0.7307692307692307,0.004082065335979754,2.4082950840990303,0.9609375,256,target_only,False,0.0,-4.48124518463506,,,,,not_applicable,0.1540045867616683,-0.5238803437357644,0.31376574037194765,1,2,0.9848036258157664,0.9575220274795384,0.0,bb48864f5f0eba852ac30ea7708a6805eac770fa4b23545521f3c3ffbd3d153a,892fc06e893f91c248515eeaff7ec522b0b0ae7aeddc76e3cd4a0a970c6b3acc,d76910ebb10b62fe53d34e01a200cd8e9498388a9dd5103e7d22477a9c8a8fa6,871b1c0321ac2d2c5147463b935b07d53a89da1dd5f34f0cafa970fe82dacde6,f3d6161df54ea28af79babf9408e9c887c603baebdaed07c080393dbec1faa6e,0.0,False
Rastrigin,2,777,reversed,12,Gated-Source+Residual,0.5051775304710218,0.9785361330435415,0.8852790970473792,0.8620404411764706,0.7307692307692307,0.004082065335979754,2.4082950840990303,0.9609375,256,target_only,False,0.0,-4.48124518463506,5.10732008942611,5.10732008942611,0.0,0.2878787878787879,non_positive_calibrated_slope;insufficient_cv_rmse_gain;insufficient_pairwise_agreement,0.1540045867616683,-0.5238803437357644,0.31376574037194765,1,2,0.9848036258157664,0.9575220274795384,0.0,bb48864f5f0eba852ac30ea7708a6805eac770fa4b23545521f3c3ffbd3d153a,892fc06e893f91c248515eeaff7ec522b0b0ae7aeddc76e3cd4a0a970c6b3acc,d76910ebb10b62fe53d34e01a200cd8e9498388a9dd5103e7d22477a9c8a8fa6,871b1c0321ac2d2c5147463b935b07d53a89da1dd5f34f0cafa970fe82dacde6,f3d6161df54ea28af79babf9408e9c887c603baebdaed07c080393dbec1faa6e,0.0,False
