problem,dim,seed,panel,point_index,chart_point,clean_target_y,observed_target_y
GMM,2,42,context,0,"[0.005198521539568901, -0.013689534738659859]",-1.0001723611505409,-1.0001723611505409
GMM,2,42,context,1,"[-0.99705595895648, 0.9576525446027517]",-0.8263769927384401,-0.8263769927384401
GMM,2,42,context,2,"[-0.36670037917792797, -0.7407205067574978]",-0.9344488688842245,-0.9344488688842245
GMM,2,42,context,3,"[0.638850025832653, 0.2937967889010906]",-0.9518766494775127,-0.9518766494775127
GMM,2,42,context,4,"[0.9371442180126905, -0.7584768161177635]",-0.8652774356432185,-0.8652774356432185
GMM,2,42,context,5,"[-0.06840619072318077, 0.20510998368263245]",-0.9954950723393708,-0.9954950723393708
GMM,2,42,context,6,"[-0.7006233464926481, -0.4851910453289747]",-0.9303523807644165,-0.9303523807644165
GMM,2,42,context,7,"[0.3016311302781105, 0.5414565298706293]",-0.9624087066777547,-0.9624087066777547
GMM,2,42,context,8,"[0.49699446000158787, -0.5145391412079334]",-0.950479805372178,-0.950479805372178
GMM,2,42,context,9,"[-0.5051379799842834, 0.4572950340807438]",-0.9548242311141297,-0.9548242311141297
GMM,2,42,context,10,"[-0.1389105711132288, -0.24081646837294102]",-0.9925606428192246,-0.9925606428192246
GMM,2,42,context,11,"[0.8667618744075298, 0.7932087313383818]",-0.8711184595379786,-0.8711184595379786
GMM,2,42,test,0,"[0.14003358036279678, -0.8875755146145821]",-0.9230214980522627,-0.9230214980522627
GMM,2,42,test,1,"[-0.43551130220294, 0.7479439117014408]",-0.927989399093478,-0.927989399093478
GMM,2,42,test,2,"[-0.6478411871939898, -0.21197568997740746]",-0.9549149685436816,-0.9549149685436816
GMM,2,42,test,3,"[0.9120557922869921, 0.41414543241262436]",-0.9046325014574587,-0.9046325014574587
GMM,2,42,test,4,"[0.5259651336818933, -0.4664220120757818]",-0.9521271345944948,-0.9521271345944948
GMM,2,42,test,5,"[-0.7890806291252375, 0.16854908131062984]",-0.9372556423307097,-0.9372556423307097
GMM,2,42,test,6,"[-0.00250915065407753, -0.6332283709198236]",-0.9611098997347267,-0.9611098997347267
GMM,2,42,test,7,"[0.29688870906829834, 0.9935631547123194]",-0.8981146477482087,-0.8981146477482087
GMM,2,42,test,8,"[0.3763625789433718, -0.03848227858543396]",-0.9859777400051315,-0.9859777400051315
GMM,2,42,test,9,"[-0.17574851401150227, 0.33436011895537376]",-0.9859851920957347,-0.9859851920957347
GMM,2,42,test,10,"[-0.8997894786298275, -0.8619054891169071]",-0.8568253596806245,-0.8568253596806245
GMM,2,42,test,11,"[0.6679084822535515, 0.5034894943237305]",-0.9325203588290573,-0.9325203588290573
GMM,2,42,test,12,"[0.7701086550951004, -0.6153365205973387]",-0.9078437717016382,-0.9078437717016382
GMM,2,42,test,13,"[-0.5371285565197468, 0.7569555770605803]",-0.9176408638793753,-0.9176408638793753
GMM,2,42,test,14,"[-0.2622681502252817, -0.28507413156330585]",-0.9853885373841658,-0.9853885373841658
GMM,2,42,test,15,"[0.06055592931807041, 0.08099322207272053]",-0.9991494191751192,-0.9991494191751192
GMM,2,42,test,16,"[0.09774211049079895, -0.37338746525347233]",-0.9855095069389799,-0.9855095069389799
GMM,2,42,test,17,"[-0.33449113741517067, 0.015002528205513954]",-0.989069116298639,-0.989069116298639
GMM,2,42,test,18,"[-0.6211618576198816, -0.542640557512641]",-0.9346459060923853,-0.9346459060923853
GMM,2,42,test,19,"[0.8266735170036554, 0.8385483827441931]",-0.8705848929331114,-0.8705848929331114
GMM,2,42,test,20,"[0.7362248618155718, -0.7960373722016811]",-0.8896485275284466,-0.8896485275284466
GMM,2,42,test,21,"[-0.9408825058490038, 0.5919263586401939]",-0.8840826409633588,-0.8840826409633588
GMM,2,42,test,22,"[-0.22840772196650505, -0.11995250731706619]",-0.9936006611720205,-0.9936006611720205
GMM,2,42,test,23,"[0.46430177241563797, 0.26154062524437904]",-0.9721277735099225,-0.9721277735099225
GMM,2,42,test,24,"[0.3536044005304575, -0.7088554669171572]",-0.9396509925605466,-0.9396509925605466
GMM,2,42,test,25,"[-0.08644532598555088, 0.910994278267026]",-0.9197733768725154,-0.9197733768725154
GMM,2,42,test,26,"[-0.8613895960152149, -0.37517754547297955]",-0.9159178466160115,-0.9159178466160115
GMM,2,42,test,27,"[0.562996968626976, 0.23551584593951702]",-0.9635709110944356,-0.9635709110944356
GMM,2,42,test,28,"[0.9998976215720177, -0.12952837720513344]",-0.9035625573348729,-0.9035625573348729
GMM,2,42,test,29,"[-0.7006509862840176, 0.4898931384086609]",-0.9297532051549033,-0.9297532051549033
GMM,2,42,test,30,"[-0.4764497447758913, -0.9544207155704498]",-0.8930684549089216,-0.8930684549089216
GMM,2,42,test,31,"[0.20843570120632648, 0.6565788350999355]",-0.953744954033577,-0.953744954033577
GMM,2,42,test,32,"[0.22260677255690098, -0.23214896768331528]",-0.9899540802934216,-0.9899540802934216
GMM,2,42,test,33,"[-0.4544729832559824, 0.40306829288601875]",-0.9639571786326604,-0.9639571786326604
GMM,2,42,test,34,"[-0.7460493929684162, -0.929965179413557]",-0.8681336384258576,-0.8681336384258576
GMM,2,42,test,35,"[0.9466782361268997, 0.6965839937329292]",-0.871040920502357,-0.871040920502357
GMM,2,42,test,36,"[0.615239791572094, -0.6843465324491262]",-0.9192780819364328,-0.9192780819364328
GMM,2,42,test,37,"[-0.8169677518308163, 0.950930779799819]",-0.8548240166259216,-0.8548240166259216
GMM,2,42,test,38,"[-0.10744552500545979, -0.47774472273886204]",-0.9766488078030239,-0.9766488078030239
GMM,2,42,test,39,"[0.340409891679883, 0.14862232841551304]",-0.9864465565608869,-0.9864465565608869
GMM,2,42,test,40,"[0.48237133026123047, -0.8185998350381851]",-0.9142397645876931,-0.9142397645876931
GMM,2,42,test,41,"[-0.21814194694161415, 0.5539343766868114]",-0.9653148270096392,-0.9653148270096392
GMM,2,42,test,42,"[-0.9901946876198053, -0.019347060471773148]",-0.9069491646382511,-0.9069491646382511
GMM,2,42,test,43,"[0.6947317514568567, 0.34647436439991]",-0.9416206857114053,-0.9416206857114053
GMM,2,42,test,44,"[0.8671900648623705, -0.27271336130797863]",-0.9209553184254701,-0.9209553184254701
GMM,2,42,test,45,"[-0.5728262383490801, 0.09988286904990673]",-0.9669966912592225,-0.9669966912592225
GMM,2,42,test,46,"[-0.34378034994006157, -0.5651343483477831]",-0.957578875963204,-0.957578875963204
GMM,2,42,test,47,"[0.08064911514520645, 0.8005029875785112]",-0.9374099544975438,-0.9374099544975438
GMM,2,42,test,48,"[0.008306311443448067, -0.5302797202020884]",-0.9726286967744018,-0.9726286967744018
GMM,2,42,test,49,"[-0.30671371705830097, 0.8574380818754435]",-0.9205521086430379,-0.9205521086430379
GMM,2,42,test,50,"[-0.516136821359396, -0.3231853600591421]",-0.9639163710896332,-0.9639163710896332
GMM,2,42,test,51,"[0.783281110227108, 0.05854988656938076]",-0.9403345323737079,-0.9403345323737079
GMM,2,42,test,52,"[0.6537594646215439, -0.07664690539240837]",-0.9577974187167043,-0.9577974187167043
GMM,2,42,test,53,"[-0.9217577762901783, 0.31198544055223465]",-0.9099684117507081,-0.9099684117507081
GMM,2,42,test,54,"[-0.130326384678483, -0.7769021019339561]",-0.9403280123278277,-0.9403280123278277
GMM,2,42,test,55,"[0.4295887593179941, 0.6040406711399555]",-0.9466257482952878,-0.9466257482952878
GMM,2,42,test,56,"[0.2563503459095955, -0.42629563994705677]",-0.9758775855367653,-0.9758775855367653
GMM,2,42,test,57,"[-0.05085347220301628, 0.19288352318108082]",-0.9961884740670489,-0.9961884740670489
GMM,2,42,test,58,"[-0.7798153776675463, -0.7201782446354628]",-0.89396048932188,-0.89396048932188
GMM,2,42,test,59,"[0.5430515725165606, 0.891067473217845]",-0.8968886159800581,-0.8968886159800581
GMM,2,42,test,60,"[0.8939927909523249, -0.9745940454304218]",-0.8402931845883682,-0.8402931845883682
GMM,2,42,test,61,"[-0.658083001151681, 0.6455016285181046]",-0.9187535977876782,-0.9187535977876782
GMM,2,42,test,62,"[-0.38619041815400124, -0.17191798985004425]",-0.9825524115468801,-0.9825524115468801
GMM,2,42,test,63,"[0.18154850602149963, 0.4385332874953747]",-0.9778371338752456,-0.9778371338752456
GMM,2,42,test,64,"[0.16268272139132023, -0.4998291712254286]",-0.9730986814412305,-0.9730986814412305
GMM,2,42,test,65,"[-0.3945468459278345, 0.13949081115424633]",-0.9828452641744926,-0.9828452641744926
GMM,2,42,test,66,"[-0.6861003078520298, -0.6661511678248644]",-0.9130854597855594,-0.9130854597855594
GMM,2,42,test,67,"[0.88673135638237, 0.9640124160796404]",-0.8423967526062589,-0.8423967526062589
GMM,2,42,test,68,"[0.5501866415143013, -0.9205859452486038]",-0.8920073587185782,-0.8920073587185782
GMM,2,42,test,69,"[-0.7519168071448803, 0.7184278778731823]",-0.8977356748275644,-0.8977356748275644
GMM,2,42,test,70,"[-0.042371632531285286, -0.2454783208668232]",-0.9940698365407408,-0.9940698365407408
GMM,2,42,test,71,"[0.27533391304314137, 0.3851134926080704]",-0.9779513998852754,-0.9779513998852754
GMM,2,42,test,72,"[0.4146405905485153, -0.5823527928441763]",-0.9505782813137283,-0.9505782813137283
GMM,2,42,test,73,"[-0.15041281655430794, 0.7864449080079794]",-0.9380144905258302,-0.9380144905258302
GMM,2,42,test,74,"[-0.9224274698644876, -0.25160583294928074]",-0.9130320447559284,-0.9130320447559284
GMM,2,42,test,75,"[0.6269628051668406, 0.10999082960188389]",-0.9604450086456936,-0.9604450086456936
GMM,2,42,test,76,"[0.809959040954709, -0.005040787160396576]",-0.9366819631331795,-0.9366819631331795
GMM,2,42,test,77,"[-0.5155934859067202, 0.3634527213871479]",-0.9611887358885298,-0.9611887358885298
GMM,2,42,test,78,"[-0.28650951012969017, -0.828955989331007]",-0.9264908037696549,-0.9264908037696549
GMM,2,42,test,79,"[0.023379884660243988, 0.5330669358372688]",-0.9720444796889516,-0.9720444796889516
GMM,2,42,test,80,"[0.0760658998042345, -0.7631031163036823]",-0.9433791195904979,-0.9433791195904979
GMM,2,42,test,81,"[-0.3744750339537859, 0.6215190440416336]",-0.9488664455691821,-0.9488664455691821
GMM,2,42,test,82,"[-0.5838751904666424, -0.0865262895822525]",-0.9660358171970245,-0.9660358171970245
GMM,2,42,test,83,"[0.8510178700089455, 0.2906485013663769]",-0.9224314206171306,-0.9224314206171306
GMM,2,42,test,84,"[0.711022675037384, -0.3399344105273485]",-0.9400728382871834,-0.9400728382871834
GMM,2,42,test,85,"[-0.9790193773806095, 0.04401537962257862]",-0.9087920361222733,-0.9087920361222733
GMM,2,42,test,86,"[-0.1875650379806757, -0.5096721034497023]",-0.9712946110322641,-0.9712946110322641
GMM,2,42,test,87,"[0.4868291411548853, 0.8680529873818159]",-0.9057591406085924,-0.9057591406085924
GMM,2,42,test,88,"[0.31630706042051315, -0.16301576420664787]",-0.9876407874650418,-0.9876407874650418
GMM,2,42,test,89,"[-0.11080798134207726, 0.4608459547162056]",-0.9779171678486303,-0.9779171678486303
GMM,2,42,test,90,"[-0.8397317994385958, -0.9874158725142479]",-0.8460341284562091,-0.8460341284562091
GMM,2,42,test,91,"[0.6029700804501772, 0.6270475275814533]",-0.9271943239510355,-0.9271943239510355
GMM,2,42,test,92,"[0.9590743128210306, -0.7417630199342966]",-0.8638397193253267,-0.8638397193253267
GMM,2,42,test,93,"[-0.7231666091829538, 0.8814282957464457]",-0.8783381211735075,-0.8783381211735075
GMM,2,42,test,94,"[-0.45123593881726265, -0.4085694309324026]",-0.9639641878977895,-0.9639641878977895
GMM,2,42,test,95,"[0.24659182131290436, 0.2064423020929098]",-0.9898518660560767,-0.9898518660560767
GMM,2,42,test,96,"[0.19727226346731186, -0.6548303794115782]",-0.9547371693647132,-0.9547371693647132
GMM,2,42,test,97,"[-0.49275171384215355, 0.9839410912245512]",-0.8861179384932368,-0.8861179384932368
GMM,2,42,test,98,"[-0.7051044274121523, -0.4487129021435976]",-0.93292645552091,-0.93292645552091
GMM,2,42,test,99,"[0.9693174231797457, 0.18212507851421833]",-0.9074465548333341,-0.9074465548333341
GMM,2,42,test,100,"[0.5937035325914621, -0.2030905783176422]",-0.9616305277418234,-0.9616305277418234
GMM,2,42,test,101,"[-0.8568174187093973, 0.43647533282637596]",-0.9119707434666572,-0.9119707434666572
GMM,2,42,test,102,"[-0.07026876881718636, -0.9004145599901676]",-0.9222549038019765,-0.9222549038019765
GMM,2,42,test,103,"[0.36465005576610565, 0.7295069098472595]",-0.9357261929846502,-0.9357261929846502
GMM,2,42,test,104,"[0.4414080698043108, -0.3018060829490423]",-0.9720831821514561,-0.9720831821514561
GMM,2,42,test,105,"[-0.2407917995005846, 0.0664414968341589]",-0.993977365633781,-0.993977365633781
GMM,2,42,test,106,"[-0.9648709706962109, -0.5947116706520319]",-0.8799566278067442,-0.8799566278067442
GMM,2,42,test,107,"[0.732992060482502, 0.7675533685833216]",-0.8935343600313242,-0.8935343600313242
GMM,2,42,test,108,"[0.8300250470638275, -0.8480892851948738]",-0.8692708873923584,-0.8692708873923584
GMM,2,42,test,109,"[-0.597047034651041, 0.5209507681429386]",-0.9393526314025967,-0.9393526314025967
GMM,2,42,test,110,"[-0.322224834933877, -0.04834454879164696]",-0.9896678135520015,-0.9896678135520015
GMM,2,42,test,111,"[0.120510408654809, 0.3130059465765953]",-0.9889445728706395,-0.9889445728706395
GMM,2,42,test,112,"[0.03266824781894684, -0.10565963760018349]",-0.998991654098404,-0.998991654098404
GMM,2,42,test,113,"[-0.2694151885807514, 0.2785322666168213]",-0.9852654823723889,-0.9852654823723889
GMM,2,42,test,114,"[-0.5561087373644114, -0.8064068257808685]",-0.9090388431239242,-0.9090388431239242
GMM,2,42,test,115,"[0.7616226021200418, 0.5710723362863064]",-0.9134462054755464,-0.9134462054755464
GMM,2,42,test,116,"[0.6762758065015078, -0.5598722863942385]",-0.926217727077541,-0.926217727077541
GMM,2,42,test,117,"[-0.8809356559067965, 0.8245037067681551]",-0.8648067635677933,-0.8648067635677933
GMM,2,42,test,118,"[-0.1684837006032467, -0.3522933553904295]",-0.9851628858211354,-0.9851628858211354
GMM,2,42,test,119,"[0.40437566488981247, 0.02512378804385662]",-0.9838920691143827,-0.9838920691143827
GMM,2,42,test,120,"[0.2963335309177637, -0.9450281821191311]",-0.9072185472900225,-0.9072185472900225
GMM,2,42,test,121,"[-0.02917606569826603, 0.6784093007445335]",-0.9550451472458891,-0.9550451472458891
GMM,2,42,test,122,"[-0.8041585423052311, -0.1428443267941475]",-0.9358063142814007,-0.9358063142814007
GMM,2,42,test,123,"[0.5057641863822937, 0.4719250537455082]",-0.953372090576469,-0.953372090576469
GMM,2,42,test,124,"[0.9321303740143776, -0.39724857546389103]",-0.9027571067850125,-0.9027571067850125
GMM,2,42,test,125,"[-0.632882010191679, 0.2263710293918848]",-0.9560666492822817,-0.9560666492822817
GMM,2,42,test,126,"[-0.40871897526085377, -0.690646817907691]",-0.9380825209292666,-0.9380825209292666
GMM,2,42,test,127,"[0.14070654101669788, 0.9240625109523535]",-0.9164183979617477,-0.9164183979617477
GMM,2,42,test,128,"[0.15085692703723907, -0.027720743790268898]",-0.9978408141241016,-0.9978408141241016
GMM,2,42,test,129,"[-0.41494904831051826, 0.35683932341635227]",-0.9706751662929283,-0.9706751662929283
GMM,2,42,test,130,"[-0.6274314764887094, -0.8218476232141256]",-0.8991573486952301,-0.8991573486952301
GMM,2,42,test,131,"[0.9227876607328653, 0.5552671905606985]",-0.8905690184656653,-0.8905690184656653
GMM,2,42,test,132,"[0.5151684451848269, -0.5753171555697918]",-0.9425065684269534,-0.9425065684269534
GMM,2,42,test,133,"[-0.8096696604043245, 0.8086945191025734]",-0.8775202111495748,-0.8775202111495748
GMM,2,42,test,134,"[-0.023006584495306015, -0.2743503972887993]",-0.9927132640099694,-0.9927132640099694
GMM,2,42,test,135,"[0.2862446829676628, 0.10343487933278084]",-0.9909378788375897,-0.9909378788375897
GMM,2,42,test,136,"[0.3950041923671961, -0.929587097838521]",-0.9036626365741313,-0.9036626365741313
GMM,2,42,test,137,"[-0.1630005929619074, 0.6942146439105272]",-0.9505418292200439,-0.9505418292200439
GMM,2,42,test,138,"[-0.8871941901743412, -0.22078350000083447]",-0.9201898779401092,-0.9201898779401092
GMM,2,42,test,139,"[0.6864584684371948, 0.393617806956172]",-0.9394074009748026,-0.9394074009748026
GMM,2,42,test,140,"[0.7515014186501503, -0.47519131377339363]",-0.9243482040476727,-0.9243482040476727
GMM,2,42,test,141,"[-0.5499107353389263, 0.14806018769741058]",-0.9683189155424434,-0.9683189155424434
GMM,2,42,test,142,"[-0.27495882101356983, -0.6752021759748459]",-0.9486789567641682,-0.9486789567641682
GMM,2,42,test,143,"[0.04210120625793934, 0.9398714415729046]",-0.9153782359183142,-0.9153782359183142
GMM,2,42,test,144,"[0.11038317531347275, -0.733257345855236]",-0.9469757801177804,-0.9469757801177804
GMM,2,42,test,145,"[-0.31601744517683983, 0.9061225838959217]",-0.9121548517314105,-0.9121548517314105
GMM,2,42,test,146,"[-0.6025965381413698, -0.4327840320765972]",-0.9468149823421914,-0.9468149823421914
GMM,2,42,test,147,"[0.8394672144204378, 0.1974416747689247]",-0.9284648988581471,-0.9284648988581471
GMM,2,42,test,148,"[0.7236104849725962, -0.1871571596711874]",-0.9459035628269983,-0.9459035628269983
GMM,2,42,test,149,"[-0.9593830052763224, 0.4517964478582144]",-0.8939673616934775,-0.8939673616934775
GMM,2,42,test,150,"[-0.24706073477864265, -0.9788460675626993]",-0.9037444521661531,-0.9037444521661531
GMM,2,42,test,151,"[0.45159588754177094, 0.6516838911920786]",-0.9391520210941349,-0.9391520210941349
GMM,2,42,test,152,"[0.3740598876029253, -0.3177356570959091]",-0.9764761319951824,-0.9764761319951824
GMM,2,42,test,153,"[-0.07578975148499012, 0.05112416669726372]",-0.9993502700999533,-0.9993502700999533
GMM,2,42,test,154,"[-0.8506425432860851, -0.5162840075790882]",-0.9061810282011709,-0.9061810282011709
GMM,2,42,test,155,"[0.5836049988865852, 0.8453726023435593]",-0.8999136148260006,-0.8999136148260006
GMM,2,42,test,156,"[0.9794764816761017, -0.7696585338562727]",-0.856838901674999,-0.856838901674999
GMM,2,42,test,157,"[-0.7113407887518406, 0.5987731199711561]",-0.9174131606022486,-0.9174131606022486
GMM,2,42,test,158,"[-0.4872922096401453, -0.06427720375359058]",-0.9763852039755189,-0.9763852039755189
GMM,2,42,test,159,"[0.18792296387255192, 0.2976855058223009]",-0.9878129863168861,-0.9878129863168861
GMM,2,42,test,160,"[0.24114149995148182, -0.872292498126626]",-0.9219440545172162,-0.9219440545172162
GMM,2,42,test,161,"[-0.4418929535895586, 0.5119615290313959]",-0.9554678124625658,-0.9554678124625658
GMM,2,42,test,162,"[-0.7333167307078838, -0.039834996685385704]",-0.9477947792258355,-0.9477947792258355
GMM,2,42,test,163,"[0.9653045907616615, 0.33770411275327206]",-0.9008085713007091,-0.9008085713007091
GMM,2,42,test,164,"[0.5968003273010254, -0.2932400368154049]",-0.9570186257212174,-0.9570186257212174
GMM,2,42,test,165,"[-0.8296431638300419, 0.09107410162687302]",-0.93301902547262,-0.93301902547262
GMM,2,42,test,166,"[-0.12021244503557682, -0.6188645735383034]",-0.9614428385819357,-0.9614428385819357
GMM,2,42,test,167,"[0.3218179140239954, 0.7584923543035984]",-0.9344426722554834,-0.9344426722554834
GMM,2,42,test,168,"[0.49308793991804123, -0.20970635302364826]",-0.9719360408424252,-0.9719360408424252
GMM,2,42,test,169,"[-0.19774749502539635, 0.4137910772114992]",-0.9793333443093302,-0.9793333443093302
GMM,2,42,test,170,"[-0.9696476925164461, -0.87822718732059]",-0.8433476025196293,-0.8433476025196293
GMM,2,42,test,171,"[0.7055398393422365, 0.7366043161600828]",-0.9012581441929646,-0.9012581441929646
GMM,2,42,test,172,"[0.8565612975507975, -0.6325697936117649]",-0.893267963514712,-0.893267963514712
GMM,2,42,test,173,"[-0.5933084134012461, 0.9909895956516266]",-0.8753012916348927,-0.8753012916348927
GMM,2,42,test,174,"[-0.36435412243008614, -0.4552645683288574]",-0.9669177274537841,-0.9669177274537841
GMM,2,42,test,175,"[0.06986768543720245, 0.1593829058110714]",-0.9971331702318011,-0.9971331702318011
GMM,2,42,test,176,"[0.02892960049211979, -0.3901517167687416]",-0.9851146311940029,-0.9851146311940029
GMM,2,42,test,177,"[-0.2959514055401087, 0.24855977669358253]",-0.9853509314440532,-0.9853509314440532
GMM,2,42,test,178,"[-0.5054659880697727, -0.7133305333554745]",-0.926891344916258,-0.926891344916258
GMM,2,42,test,179,"[0.8037518560886383, 0.9174453541636467]",-0.8618174337162259,-0.8618174337162259
GMM,2,42,test,180,"[0.6332314684987068, -0.9677688684314489]",-0.8755171270338641,-0.8755171270338641
GMM,2,42,test,181,"[-0.9326154999434948, 0.6718572285026312]",-0.8765518100093997,-0.8765518100093997
GMM,2,42,test,182,"[-0.14103144593536854, -0.1357973013073206]",-0.9964056003340527,-0.9964056003340527
GMM,2,42,test,183,"[0.40915236063301563, 0.4941860530525446]",-0.9597696816755943,-0.9597696816755943
GMM,2,42,test,184,"[0.26915930211544037, -0.5351737141609192]",-0.9651199887647909,-0.9651199887647909
GMM,2,42,test,185,"[-0.03227289393544197, 0.8330117724835873]",-0.9329637701338405,-0.9329637701338405
GMM,2,42,test,186,"[-0.7613264266401529, -0.36128300800919533]",-0.9318276801806253,-0.9318276801806253
GMM,2,42,test,187,"[0.5557078961282969, 0.0009220540523529053]",-0.9697690909026326,-0.9697690909026326
GMM,2,42,test,188,"[0.8812716472893953, -0.11472202651202679]",-0.9242739033931164,-0.9242739033931164
GMM,2,42,test,189,"[-0.676751272752881, 0.2543799113482237]",-0.949319997990719,-0.949319997990719
GMM,2,42,test,190,"[-0.4047061763703823, -0.7817728389054537]",-0.9259383236443536,-0.9259383236443536
GMM,2,42,test,191,"[0.16891887038946152, 0.5796378422528505]",-0.9643043424428442,-0.9643043424428442
GMM,2,42,test,192,"[0.17532549984753132, -0.608709279447794]",-0.9610730982103233,-0.9610730982103233
GMM,2,42,test,193,"[-0.37607903964817524, 0.7796207368373871]",-0.927962595199207,-0.927962595199207
GMM,2,42,test,194,"[-0.6675410233438015, -0.3072577118873596]",-0.947773884862658,-0.947773884862658
GMM,2,42,test,195,"[0.8995266780257225, 0.07386913523077965]",-0.9219323773755707,-0.9219323773755707
GMM,2,42,test,196,"[0.5375782698392868, -0.060716139152646065]",-0.9713507971567944,-0.9713507971567944
GMM,2,42,test,197,"[-0.7704189009964466, 0.32730777747929096]",-0.9325982387703452,-0.9325982387703452
GMM,2,42,test,198,"[-0.06102638877928257, -0.855334771797061]",-0.9296585870901904,-0.9296585870901904
GMM,2,42,test,199,"[0.2626339439302683, 0.5262202452868223]",-0.9661020404284612,-0.9661020404284612
GMM,2,42,test,200,"[0.43509388715028763, -0.44222262129187584]",-0.9625742715411204,-0.9625742715411204
GMM,2,42,test,201,"[-0.1397518329322338, 0.17756503075361252]",-0.995076399847507,-0.995076399847507
GMM,2,42,test,202,"[-0.9116748590022326, -0.6417493596673012]",-0.8836321108931992,-0.8836321108931992
GMM,2,42,test,203,"[0.6475687343627214, 0.9688840545713902]",-0.8730628375129735,-0.8730628375129735
GMM,2,42,test,204,"[0.7895323727279902, -0.8961606416851282]",-0.8677247622898605,-0.8677247622898605
GMM,2,42,test,205,"[-0.5262812171131372, 0.7233227584511042]",-0.923282705943398,-0.923282705943398
GMM,2,42,test,206,"[-0.2973497547209263, -0.18784948252141476]",-0.9879634826886811,-0.9879634826886811
GMM,2,42,test,207,"[0.002861708402633667, 0.42321025393903255]",-0.982373876452372,-0.982373876452372
GMM,2,42,test,208,"[0.0868948046118021, -0.1542078983038664]",-0.9970966473999486,-0.9970966473999486
GMM,2,42,test,209,"[-0.3539148811250925, 0.48137365095317364]",-0.9650940085568454,-0.9650940085568454
GMM,2,42,test,210,"[-0.5634676702320576, -0.9454043377190828]",-0.8865446292283664,-0.8865446292283664
GMM,2,42,test,211,"[0.8617551475763321, 0.6807767320424318]",-0.886450337677099,-0.886450337677099
GMM,2,42,test,212,"[0.7002282068133354, -0.69978928565979]",-0.907140702572883,-0.907140702572883
GMM,2,42,test,213,"[-0.9996138475835323, 0.935119953006506]",-0.8294846895073945,-0.8294846895073945
GMM,2,42,test,214,"[-0.2080680001527071, -0.39980006590485573]",-0.9802077112367703,-0.9802077112367703
GMM,2,42,test,215,"[0.4761871863156557, 0.22693124413490295]",-0.9726902241599694,-0.9726902241599694
GMM,2,42,test,216,"[0.33494263887405396, -0.8031609263271093]",-0.927609259909386,-0.927609259909386
GMM,2,42,test,217,"[-0.09805843606591225, 0.5697414185851812]",-0.9672521485208786,-0.9672521485208786
GMM,2,42,test,218,"[-0.8271347973495722, -0.09728787280619144]",-0.9333247325822761,-0.9333247325822761
GMM,2,42,test,219,"[0.621514180675149, 0.2681692335754633]",-0.9553375176851355,-0.9553375176851355
GMM,2,42,test,220,"[0.9404653329402208, -0.35065821558237076]",-0.9044731761653747,-0.9044731761653747
GMM,2,42,test,221,"[-0.7359428722411394, 0.021573666483163834]",-0.9475264142917688,-0.9475264142917688
GMM,2,42,test,222,"[-0.46392060443758965, -0.5496914051473141]",-0.9499729044738757,-0.9499729044738757
GMM,2,42,test,223,"[0.22813550382852554, 0.8163140937685966]",-0.930757364632972,-0.930757364632972
GMM,2,42,test,224,"[0.21789345145225525, -0.26370837166905403]",-0.9886221315749797,-0.9886221315749797
GMM,2,42,test,225,"[-0.48198384419083595, 0.12406937777996063]",-0.9757557312141254,-0.9757557312141254
GMM,2,42,test,226,"[-0.6944281850010157, -0.5898177474737167]",-0.9207858609568459,-0.9207858609568459
GMM,2,42,test,227,"[0.9897859785705805, 0.7919796220958233]",-0.8516136743285977,-0.8516136743285977
GMM,2,42,test,228,"[0.5731700975447893, -0.8432185966521502]",-0.9018590222650799,-0.9018590222650799
GMM,2,42,test,229,"[-0.8676729220896959, 0.5453535337001085]",-0.9005896571564275,-0.9005896571564275
GMM,2,42,test,230,"[-0.08097175881266594, -0.010269371792674065]",-0.9995323853290137,-0.9995323853290137
GMM,2,42,test,231,"[0.34420812875032425, 0.37061154656112194]",-0.9748547673350023,-0.9748547673350023
GMM,2,42,test,232,"[0.4542186502367258, -0.6616780273616314]",-0.9380674764888259,-0.9380674764888259
GMM,2,42,test,233,"[-0.2222172562032938, 0.9575632587075233]",-0.9080088082577834,-0.9080088082577834
GMM,2,42,test,234,"[-0.9463879056274891, -0.48485689610242844]",-0.8935525074304614,-0.8935525074304614
GMM,2,42,test,235,"[0.7456500977277756, 0.12644876912236214]",-0.9445566214748007,-0.9445566214748007
GMM,2,42,test,236,"[0.8173098191618919, -0.23921131528913975]",-0.9303027418135399,-0.9303027418135399
GMM,2,42,test,237,"[-0.6157170496881008, 0.380822503939271]",-0.949158064340585,-0.949158064340585
GMM,2,42,test,238,"[-0.3407421875745058, -0.907239681109786]",-0.9109429851046473,-0.9109429851046473
GMM,2,42,test,239,"[0.107886778190732, 0.7031513806432486]",-0.9507471126550329,-0.9507471126550329
GMM,2,42,test,240,"[0.05119708925485611, -0.9967661183327436]",-0.905857124972883,-0.905857124972883
GMM,2,42,test,241,"[-0.25683344528079033, 0.6383890490978956]",-0.9538897536343696,-0.9538897536343696
GMM,2,42,test,242,"[-0.5433744508773088, -0.1652869898825884]",-0.968542126743209,-0.968542126743209
GMM,2,42,test,243,"[0.7802429217845201, 0.46120220609009266]",-0.9212284883280533,-0.9212284883280533
GMM,2,42,test,244,"[0.6578347478061914, -0.4197288006544113]",-0.941252905321153,-0.941252905321153
GMM,2,42,test,245,"[-0.893605062738061, 0.21561039611697197]",-0.9192868172654735,-0.9192868172654735
GMM,2,42,test,246,"[-0.18124470487236977, -0.7424234934151173]",-0.9437453282434118,-0.9437453282434118
GMM,2,42,test,247,"[0.3857819437980652, 0.8840037435293198]",-0.9112337296431714,-0.9112337296431714
GMM,2,42,test,248,"[0.30705554969608784, -0.08517164550721645]",-0.9900991751892873,-0.9900991751892873
GMM,2,42,test,249,"[-0.008783804252743721, 0.2873025890439749]",-0.9919149918333204,-0.9919149918333204
GMM,2,42,test,250,"[-0.7836136482656002, -0.7527142111212015]",-0.8891785555437007,-0.8891785555437007
GMM,2,42,test,251,"[0.5165778324007988, 0.6130451206117868]",-0.9378353085520278,-0.9378353085520278
GMM,2,42,test,252,"[0.9215036779642105, -0.5061421319842339]",-0.8957418995322088,-0.8957418995322088
GMM,2,42,test,253,"[-0.6533697135746479, 0.8665142841637135]",-0.8891083014862039,-0.8891083014862039
GMM,2,42,test,254,"[-0.4292981866747141, -0.33176661655306816]",-0.9713051865711747,-0.9713051865711747
GMM,2,42,test,255,"[0.12992733158171177, 0.033932603895664215]",-0.9983761913453824,-0.9983761913453824
GMM,2,101,context,0,"[-0.5021738223731518, 0.3058342710137367]",-0.966222993702623,-0.966222993702623
GMM,2,101,context,1,"[0.5605270061641932, -0.8778347168117762]",-0.8978187844822425,-0.8978187844822425
GMM,2,101,context,2,"[0.2208382859826088, 0.5770851448178291]",-0.9626365274224001,-0.9626365274224001
GMM,2,101,context,3,"[-0.21667669154703617, -0.23939866758883]",-0.9898927551485733,-0.9898927551485733
GMM,2,101,context,4,"[-0.2692355904728174, 0.7973272278904915]",-0.9317582500538132,-0.9317582500538132
GMM,2,101,context,5,"[0.29340145736932755, -0.3864632938057184]",-0.9770332265124584,-0.9770332265124584
GMM,2,101,context,6,"[0.9879485759884119, 0.07002822309732437]",-0.906728538226869,-0.906728538226869
GMM,2,101,context,7,"[-0.949630182236433, -0.7465781960636377]",-0.8648043151583394,-0.8648043151583394
GMM,2,101,context,8,"[-0.8583329133689404, 0.7086151689291]",-0.8837618932247662,-0.8837618932247662
GMM,2,101,context,9,"[0.8292761240154505, -0.10774497874081135]",-0.932670540669642,-0.932670540669642
GMM,2,101,context,10,"[0.38960418850183487, 0.4085569530725479]",-0.9687386878393828,-0.9687386878393828
GMM,2,101,context,11,"[-0.423063138499856, -0.7749911118298769]",-0.9255063688331672,-0.9255063688331672
GMM,2,101,test,0,"[-0.6773609779775143, 0.6396181806921959]",-0.9170905121321872,-0.9170905121321872
GMM,2,101,test,1,"[0.008566658943891525, -0.4096289090812206]",-0.9836647622340365,-0.9836647622340365
GMM,2,101,test,2,"[0.5425334796309471, 0.10881669260561466]",-0.9699992807345948,-0.9699992807345948
GMM,2,101,test,3,"[-0.1473018378019333, -0.8153093997389078]",-0.9341828549936566,-0.9341828549936566
GMM,2,101,test,4,"[-0.495455889031291, 0.30020408518612385]",-0.9671998033386816,-0.9671998033386816
GMM,2,101,test,5,"[0.8183723483234644, -0.5301718730479479]",-0.9096929570756913,-0.9096929570756913
GMM,2,101,test,6,"[0.3489196579903364, 0.9560433328151703]",-0.9016720015102547,-0.9016720015102547
GMM,2,101,test,7,"[-0.9610008988529444, -0.2494538612663746]",-0.9065358234569371,-0.9065358234569371
GMM,2,101,test,8,"[-0.8214106019586325, 0.23387132585048676]",-0.9299464268487279,-0.9299464268487279
GMM,2,101,test,9,"[0.48854236491024494, -0.940392080694437]",-0.8944435295314916,-0.8944435295314916
GMM,2,101,test,10,"[0.9600072558969259, 0.5145807582885027]",-0.8882126989238867,-0.8882126989238867
GMM,2,101,test,11,"[-0.35384957678616047, -0.28455950506031513]",-0.979882830146121,-0.979882830146121
GMM,2,101,test,12,"[-0.007663849741220474, 0.8309758547693491]",-0.9333692201383503,-0.9333692201383503
GMM,2,101,test,13,"[0.6821390278637409, -0.12441454268991947]",-0.9532727183767468,-0.9532727183767468
GMM,2,101,test,14,"[0.15018820762634277, 0.42528868466615677]",-0.9799784744680496,-0.9799784744680496
GMM,2,101,test,15,"[-0.5357108041644096, -0.6552246175706387]",-0.9313258032788317,-0.9313258032788317
GMM,2,101,test,16,"[-0.5627869702875614, 0.458612073212862]",-0.9488629743963233,-0.9488629743963233
GMM,2,101,test,17,"[0.24713357165455818, -0.7422626689076424]",-0.9411217573943083,-0.9411217573943083
GMM,2,101,test,18,"[0.7171354591846466, 0.800826346501708]",-0.8909279285547347,-0.8909279285547347
GMM,2,101,test,19,"[-0.0966927632689476, -0.02492525242269039]",-0.9992059702500821,-0.9992059702500821
GMM,2,101,test,20,"[-0.2642132993787527, 0.60161885432899]",-0.9578833478853227,-0.9578833478853227
GMM,2,101,test,21,"[0.9256220031529665, -0.3178828787058592]",-0.9089546880305819,-0.9089546880305819
GMM,2,101,test,22,"[0.39122805558145046, 0.13438202068209648]",-0.9831840075101609,-0.9831840075101609
GMM,2,101,test,23,"[-0.7946995664387941, -0.9102426171302795]",-0.8647815499813521,-0.8647815499813521
GMM,2,101,test,24,"[-0.934368072077632, 0.925893809646368]",-0.8414249952113451,-0.8414249952113451
GMM,2,101,test,25,"[0.25153095461428165, -0.1499646157026291]",-0.9916810430533347,-0.9916810430533347
GMM,2,101,test,26,"[0.7840309720486403, 0.3335273992270231]",-0.9300894485499829,-0.9300894485499829
GMM,2,101,test,27,"[-0.40577192045748234, -0.61721002869308]",-0.9473219328223647,-0.9473219328223647
GMM,2,101,test,28,"[-0.2363746128976345, 0.009327461943030357]",-0.9946271221966642,-0.9946271221966642
GMM,2,101,test,29,"[0.5774822346866131, -0.785159831866622]",-0.9099226585704984,-0.9099226585704984
GMM,2,101,test,30,"[0.10559021681547165, 0.7266562916338444]",-0.9476026568141287,-0.9476026568141287
GMM,2,101,test,31,"[-0.704362764954567, -0.4429522380232811]",-0.9335010322979987,-0.9335010322979987
GMM,2,101,test,32,"[-0.7468524500727654, 0.06918001174926758]",-0.9455829617857696,-0.9455829617857696
GMM,2,101,test,33,"[0.06407660245895386, -0.8548391349613667]",-0.929707415930428,-0.929707415930428
GMM,2,101,test,34,"[0.5965160615742207, 0.6633399296551943]",-0.9235742142480968,-0.9235742142480968
GMM,2,101,test,35,"[-0.21831781044602394, -0.3855563122779131]",-0.9808713330264561,-0.9808713330264561
GMM,2,101,test,36,"[-0.4238289464265108, 0.9953899774700403]",-0.8896990396051497,-0.8896990396051497
GMM,2,101,test,37,"[0.7649978455156088, -0.2097561601549387]",-0.9392615891852569,-0.9392615891852569
GMM,2,101,test,38,"[0.29304431565105915, 0.2761925384402275]",-0.984043550202024,-0.984043550202024
GMM,2,101,test,39,"[-0.8918776568025351, -0.5540767423808575]",-0.8960910348975469,-0.8960910348975469
GMM,2,101,test,40,"[-0.7502713594585657, 0.5384093299508095]",-0.918505096991215,-0.918505096991215
GMM,2,101,test,41,"[0.4346792381256819, -0.2605937384068966]",-0.974897381185512,-0.974897381185512
GMM,2,101,test,42,"[0.9046205673366785, 0.19409733451902866]",-0.9180969557582662,-0.9180969557582662
GMM,2,101,test,43,"[-0.2842386644333601, -0.9797844979912043]",-0.9017968571347432,-0.9017968571347432
GMM,2,101,test,44,"[-0.0766676515340805, 0.40113979764282703]",-0.9835942914136035,-0.9835942914136035
GMM,2,101,test,45,"[0.7381376251578331, -0.6789921391755342]",-0.9047883483767324,-0.9047883483767324
GMM,2,101,test,46,"[0.20368216559290886, 0.8704292923212051]",-0.9232738834084611,-0.9232738834084611
GMM,2,101,test,47,"[-0.6072144769132137, -0.08482364192605019]",-0.963387136619388,-0.963387136619388
GMM,2,101,test,48,"[-0.5088644772768021, 0.7789968065917492]",-0.9172401151054593,-0.9172401151054593
GMM,2,101,test,49,"[0.17605751007795334, -0.047105878591537476]",-0.9968784779806592,-0.9968784779806592
GMM,2,101,test,50,"[0.6474618427455425, 0.49623447470366955]",-0.935711012942439,-0.935711012942439
GMM,2,101,test,51,"[-0.041364964097738266, -0.704746974632144]",-0.951838460213639,-0.951838460213639
GMM,2,101,test,52,"[-0.320148715749383, 0.15637952648103237]",-0.9875777141122802,-0.9875777141122802
GMM,2,101,test,53,"[0.9946851711720228, -0.8883520271629095]",-0.8377442560783576,-0.8377442560783576
GMM,2,101,test,54,"[0.46267283894121647, 0.5641641803085804]",-0.9482450321153263,-0.9482450321153263
GMM,2,101,test,55,"[-0.8482562284916639, -0.3556883707642555]",-0.9192745756513925,-0.9192745756513925
GMM,2,101,test,56,"[-0.9898148346692324, 0.37128711119294167]",-0.894604548723491,-0.894604548723491
GMM,2,101,test,57,"[0.321081792935729, -0.5798316523432732]",-0.9574159147096911,-0.9574159147096911
GMM,2,101,test,58,"[0.8549880553036928, 0.9039574470371008]",-0.8566262707276032,-0.8566262707276032
GMM,2,101,test,59,"[-0.4598172064870596, -0.17203841172158718]",-0.9764586641167033,-0.9764586641167033
GMM,2,101,test,60,"[-0.1829407438635826, 0.6890948247164488]",-0.9505621185052049,-0.9505621185052049
GMM,2,101,test,61,"[0.5059184730052948, -0.48065092973411083]",-0.9528197928781549,-0.9528197928781549
GMM,2,101,test,62,"[0.03640427067875862, 0.03146230801939964]",-0.9999511392998213,-0.9999511392998213
GMM,2,101,test,63,"[-0.6485463120043278, -0.7634065896272659]",-0.9050505412467255,-0.9050505412467255
GMM,2,101,test,64,"[-0.6374482475221157, 0.26479324139654636]",-0.9537084818971736,-0.9537084818971736
GMM,2,101,test,65,"[0.048723530024290085, -0.5338445696979761]",-0.9720376001312816,-0.9720376001312816
GMM,2,101,test,66,"[0.5182371661067009, 0.983094222843647]",-0.8838738995385826,-0.8838738995385826
GMM,2,101,test,67,"[-0.1718422919511795, -0.19066458567976952]",-0.9936811611217317,-0.9936811611217317
GMM,2,101,test,68,"[-0.439918277785182, 0.674519881606102]",-0.9373730235989193,-0.9373730235989193
GMM,2,101,test,69,"[0.8741541001945734, -0.4054890312254429]",-0.9116552787483602,-0.9116552787483602
GMM,2,101,test,70,"[0.34024846367537975, 0.08118012733757496]",-0.9880004903131168,-0.9880004903131168
GMM,2,101,test,71,"[-0.969916233792901, -0.8737075496464968]",-0.8439686034015574,-0.8439686034015574
GMM,2,101,test,72,"[-0.8596152421087027, 0.8580553997308016]",-0.8631275263074188,-0.8631275263074188
GMM,2,101,test,73,"[0.45058186538517475, -0.06559658236801624]",-0.9796762151727494,-0.9796762151727494
GMM,2,101,test,74,"[0.982593571767211, 0.38984546065330505]",-0.8943733577017353,-0.8943733577017353
GMM,2,101,test,75,"[-0.33150740154087543, -0.6589296646416187]",-0.9474805958911405,-0.9474805958911405
GMM,2,101,test,76,"[-0.061493609100580215, 0.20626332610845566]",-0.9955365024361297,-0.9955365024361297
GMM,2,101,test,77,"[0.6285534091293812, -0.9987616948783398]",-0.8707458877937785,-0.8707458877937785
GMM,2,101,test,78,"[0.15714964270591736, 0.5494499895721674]",-0.9679711601641833,-0.9679711601641833
GMM,2,101,test,79,"[-0.528993509709835, -0.2804521266371012]",-0.9650977155755212,-0.9650977155755212
GMM,2,101,test,80,"[-0.61856884136796, 0.5822887923568487]",-0.9305838365721657,-0.9305838365721657
GMM,2,101,test,81,"[0.19159584119915962, -0.3689510878175497]",-0.983159310807181,-0.983159310807181
GMM,2,101,test,82,"[0.7260509133338928, 0.17757496610283852]",-0.9458029520515884,-0.9458029520515884
GMM,2,101,test,83,"[-0.08802144974470139, -0.8987880572676659]",-0.9222636586183475,-0.9222636586183475
GMM,2,101,test,84,"[-0.3043700512498617, 0.47834446653723717]",-0.9685203848499411,-0.9685203848499411
GMM,2,101,test,85,"[0.8857093919068575, -0.6917684525251389]",-0.8818523403799334,-0.8818523403799334
GMM,2,101,test,86,"[0.4157683905214071, 0.7580817472189665]",-0.9280438362705248,-0.9280438362705248
GMM,2,101,test,87,"[-0.7704033721238375, -0.03690826706588268]",-0.9425558813267542,-0.9425558813267542
GMM,2,101,test,88,"[-0.8807825725525618, 0.05249175243079662]",-0.9254296540356493,-0.9254296540356493
GMM,2,101,test,89,"[0.30536059476435184, -0.7737339567393064]",-0.9336633937088211,-0.9336633937088211
GMM,2,101,test,90,"[0.7773137968033552, 0.7073586098849773]",-0.8954921702482947,-0.8954921702482947
GMM,2,101,test,91,"[-0.41273323632776737, -0.4939880967140198]",-0.9597771129343048,-0.9597771129343048
GMM,2,101,test,92,"[-0.19841399416327477, 0.8831206448376179]",-0.9214559240823658,-0.9214559240823658
GMM,2,101,test,93,"[0.6156869940459728, -0.1619761660695076]",-0.9605049226081371,-0.9605049226081371
GMM,2,101,test,94,"[0.08324792236089706, 0.35329226218163967]",-0.9870400032968817,-0.9870400032968817
GMM,2,101,test,95,"[-0.7269492000341415, -0.5666833128780127]",-0.9189924560413836,-0.9189924560413836
GMM,2,101,test,96,"[-0.6932669505476952, 0.9443770069628954]",-0.8719777744058591,-0.8719777744058591
GMM,2,101,test,97,"[0.11790624260902405, -0.22903095372021198]",-0.9936322372778514,-0.9936322372778514
GMM,2,101,test,98,"[0.5897988863289356, 0.2877175956964493]",-0.9579699106770203,-0.9579699106770203
GMM,2,101,test,99,"[-0.22527912631630898, -0.510813269764185]",-0.969673376479589,-0.969673376479589
GMM,2,101,test,100,"[-0.38586832769215107, 0.11972961574792862]",-0.9840164778935103,-0.9840164778935103
GMM,2,101,test,101,"[0.8032026048749685, -0.8350513838231564]",-0.8749867009526685,-0.8749867009526685
GMM,2,101,test,102,"[0.27070202119648457, 0.651427561417222]",-0.9515418631574427,-0.9515418631574427
GMM,2,101,test,103,"[-0.9144640918821096, -0.428230294957757]",-0.9035031722066572,-0.9035031722066572
GMM,2,101,test,104,"[-0.8060532305389643, 0.41263250447809696]",-0.9215462629837021,-0.9215462629837021
GMM,2,101,test,105,"[0.3791415076702833, -0.635761046782136]",-0.9471096718547081,-0.9471096718547081
GMM,2,101,test,106,"[0.9135360214859247, 0.8194450065493584]",-0.8602454316826492,-0.8602454316826492
GMM,2,101,test,107,"[-0.2755673509091139, -0.1040697805583477]",-0.9915959694202688,-0.9915959694202688
GMM,2,101,test,108,"[-0.11682440340518951, 0.5264644622802734]",-0.9714648032844513,-0.9714648032844513
GMM,2,101,test,109,"[0.6982250139117241, -0.3033001907169819]",-0.9439747178057681,-0.9439747178057681
GMM,2,101,test,110,"[0.22822250053286552, 0.24467547424137592]",-0.9890030057379381,-0.9890030057379381
GMM,2,101,test,111,"[-0.5829182825982571, -0.9599681813269854]",-0.8821339766242281,-0.8821339766242281
GMM,2,101,test,112,"[-0.5470691174268723, 0.15275840274989605]",-0.9684827046844313,-0.9684827046844313
GMM,2,101,test,113,"[0.13809701055288315, -0.9237113278359175]",-0.9170821366283599,-0.9170821366283599
GMM,2,101,test,114,"[0.6700481586158276, 0.6230202876031399]",-0.9197731454057116,-0.9197731454057116
GMM,2,101,test,115,"[-0.019022788852453232, -0.3285706788301468]",-0.9895086876339271,-0.9895086876339271
GMM,2,101,test,116,"[-0.3739784751087427, 0.7831881083548069]",-0.9275910649564403,-0.9275910649564403
GMM,2,101,test,117,"[0.9410995524376631, -0.012152723968029022]",-0.9154146464160722,-0.9154146464160722
GMM,2,101,test,118,"[0.46963427402079105, 0.43790300749242306]",-0.9597082113567446,-0.9597082113567446
GMM,2,101,test,119,"[-0.8415389340370893, -0.7323168274015188]",-0.883525141031274,-0.883525141031274
GMM,2,101,test,120,"[-0.9499021042138338, 0.7479832824319601]",-0.8643228873122744,-0.8643228873122744
GMM,2,101,test,121,"[0.3612386640161276, -0.45350085757672787]",-0.9672758403420227,-0.9672758403420227
GMM,2,101,test,122,"[0.8306917417794466, 0.027812499552965164]",-0.933423740049708,-0.933423740049708
GMM,2,101,test,123,"[-0.4843576606363058, -0.7987945452332497]",-0.9169547024505612,-0.9169547024505612
GMM,2,101,test,124,"[-0.1274031326174736, 0.31298814341425896]",-0.9887954861774161,-0.9887954861774161
GMM,2,101,test,125,"[0.5617002248764038, -0.6073690354824066]",-0.9342724818522903,-0.9342724818522903
GMM,2,101,test,126,"[0.027733076363801956, 0.9081202130764723]",-0.920859616794748,-0.920859616794748
GMM,2,101,test,127,"[-0.6574616469442844, -0.13711382262408733]",-0.956197226821303,-0.956197226821303
GMM,2,101,test,128,"[-0.6684389598667622, 0.20134737342596054]",-0.9526842726973572,-0.9526842726973572
GMM,2,101,test,129,"[0.016727153211832047, -0.9723046235740185]",-0.9104164231219131,-0.9104164231219131
GMM,2,101,test,130,"[0.5492276400327682, 0.5466144774109125]",-0.9418103125215614,-0.9418103125215614
GMM,2,101,test,131,"[-0.13984329253435135, -0.25216066278517246]",-0.991983494031673,-0.991983494031673
GMM,2,101,test,132,"[-0.47142635844647884, 0.8630319107323885]",-0.9079875601951296,-0.9079875601951296
GMM,2,101,test,133,"[0.8436516541987658, -0.09199309535324574]",-0.9307188894362874,-0.9307188894362874
GMM,2,101,test,134,"[0.3717591669410467, 0.39274248480796814]",-0.9712880864888292,-0.9712880864888292
GMM,2,101,test,135,"[-0.9394140262156725, -0.6871596165001392]",-0.8738509114400985,-0.8738509114400985
GMM,2,101,test,136,"[-0.8290806245058775, 0.6715618222951889]",-0.8926752914591743,-0.8926752914591743
GMM,2,101,test,137,"[0.4820601586252451, -0.3770759738981724]",-0.9635383201673519,-0.9635383201673519
GMM,2,101,test,138,"[0.9520625304430723, 0.07638672180473804]",-0.9129749178000183,-0.9129749178000183
GMM,2,101,test,139,"[-0.3629868868738413, -0.8473720718175173]",-0.9190768589131816,-0.9190768589131816
GMM,2,101,test,140,"[-0.029527049511671066, 0.26781185902655125]",-0.9929139207532164,-0.9929139207532164
GMM,2,101,test,141,"[0.6595763228833675, -0.5621970687061548]",-0.9280436502097593,-0.9280436502097593
GMM,2,101,test,142,"[0.1251818910241127, 0.9879491403698921]",-0.9056655263967983,-0.9056655263967983
GMM,2,101,test,143,"[-0.5600128471851349, -0.2169385515153408]",-0.9648750518276312,-0.9648750518276312
GMM,2,101,test,144,"[-0.587579321116209, 0.8957842476665974]",-0.8917656312909442,-0.8917656312909442
GMM,2,101,test,145,"[0.22359388694167137, -0.1804414466023445]",-0.9920080288315645,-0.9920080288315645
GMM,2,101,test,146,"[0.69505924731493, 0.3641271945089102]",-0.9403949601288406,-0.9403949601288406
GMM,2,101,test,147,"[-0.12001878023147583, -0.5872194971889257]",-0.9651064702213353,-0.9651064702213353
GMM,2,101,test,148,"[-0.27286030165851116, 0.039889661595225334]",-0.9926301047329572,-0.9926301047329572
GMM,2,101,test,149,"[0.9162106458097696, -0.7552071642130613]",-0.8690638930649669,-0.8690638930649669
GMM,2,101,test,150,"[0.3842593561857939, 0.6965842358767986]",-0.9387515447052157,-0.9387515447052157
GMM,2,101,test,151,"[-0.8009067717939615, -0.4733913540840149]",-0.9175087729857204,-0.9175087729857204
GMM,2,101,test,152,"[-0.9113145675510168, 0.4890578053891659]",-0.8988628745087371,-0.8988628745087371
GMM,2,101,test,153,"[0.2738801557570696, -0.7121820896863937]",-0.9439122497362762,-0.9439122497362762
GMM,2,101,test,154,"[0.807847460731864, 0.7708669435232878]",-0.882836648334977,-0.882836648334977
GMM,2,101,test,155,"[-0.38125589676201344, -0.0554960947483778]",-0.985503062868848,-0.985503062868848
GMM,2,101,test,156,"[-0.23038269951939583, 0.5716369654983282]",-0.9628651902568617,-0.9628651902568617
GMM,2,101,test,157,"[0.5846667028963566, -0.3484759386628866]",-0.9550230141235773,-0.9550230141235773
GMM,2,101,test,158,"[0.11521352827548981, 0.16485032811760902]",-0.9961169136612424,-0.9961169136612424
GMM,2,101,test,159,"[-0.6959272399544716, -0.880139671266079]",-0.8823025411572011,-0.8823025411572011
GMM,2,101,test,160,"[-0.7237691581249237, 0.5058639049530029]",-0.9252310711642387,-0.9252310711642387
GMM,2,101,test,161,"[0.08639553934335709, -0.2925296314060688]",-0.991006636340122,-0.991006636340122
GMM,2,101,test,162,"[0.6203013323247433, 0.22615249641239643]",-0.957474996593037,-0.957474996593037
GMM,2,101,test,163,"[-0.19377104565501213, -0.9473622757941484]",-0.9113511865168223,-0.9113511865168223
GMM,2,101,test,164,"[-0.4178673271089792, 0.4331725034862757]",-0.9645996530918637,-0.9645996530918637
GMM,2,101,test,165,"[0.7722121309489012, -0.6465921644121408]",-0.9039992483704012,-0.9039992483704012
GMM,2,101,test,166,"[0.3026983980089426, 0.8379064723849297]",-0.9237702319857544,-0.9237702319857544
GMM,2,101,test,167,"[-0.8834733795374632, -0.11673719808459282]",-0.9240123915788702,-0.9240123915788702
GMM,2,101,test,168,"[-0.7750338930636644, 0.10108504444360733]",-0.9410298611676904,-0.9410298611676904
GMM,2,101,test,169,"[0.411109259352088, -0.8223229311406612]",-0.9195105217423908,-0.9195105217423908
GMM,2,101,test,170,"[0.8825131077319384, 0.6309485975652933]",-0.8890427537757519,-0.8890427537757519
GMM,2,101,test,171,"[-0.30753391049802303, -0.4175822827965021]",-0.9737926153322011,-0.9737926153322011
GMM,2,101,test,172,"[-0.08534491807222366, 0.9629610199481249]",-0.9108759716649352,-0.9108759716649352
GMM,2,101,test,173,"[0.7287560552358627, -0.2418199647217989]",-0.9430035514866983,-0.9430035514866983
GMM,2,101,test,174,"[0.19674420729279518, 0.3081350475549698]",-0.9868511817184571,-0.9868511817184571
GMM,2,101,test,175,"[-0.6134529002010822, -0.521522793918848]",-0.9376298068119175,-0.9376298068119175
GMM,2,101,test,176,"[-0.5165657177567482, 0.34121428057551384]",-0.9626014547674613,-0.9626014547674613
GMM,2,101,test,177,"[0.1696060448884964, -0.6102698743343353]",-0.9610805513167556,-0.9610805513167556
GMM,2,101,test,178,"[0.6395469047129154, 0.9345205407589674]",-0.8797015243841827,-0.8797015243841827
GMM,2,101,test,179,"[-0.05053253844380379, -0.14208651892840862]",-0.9979557400153519,-0.9979557400153519
GMM,2,101,test,180,"[-0.34198114462196827, 0.719695633277297]",-0.9386278070163401,-0.9386278070163401
GMM,2,101,test,181,"[0.9720912184566259, -0.45066153071820736]",-0.8918986021297995,-0.8918986021297995
GMM,2,101,test,182,"[0.4376362282782793, 0.0013516135513782501]",-0.9812080070041249,-0.9812080070041249
GMM,2,101,test,183,"[-0.8725284542888403, -0.7938824072480202]",-0.8706723395518459,-0.8706723395518459
GMM,2,101,test,184,"[-0.9809240642935038, 0.8094658888876438]",-0.8509931100853085,-0.8509931100853085
GMM,2,101,test,185,"[0.32927305810153484, -0.017003826797008514]",-0.9893719018642241,-0.9893719018642241
GMM,2,101,test,186,"[0.8617120329290628, 0.46625169180333614]",-0.9085619414035606,-0.9085619414035606
GMM,2,101,test,187,"[-0.45238895528018475, -0.7353392597287893]",-0.928656264006934,-0.928656264006934
GMM,2,101,test,188,"[-0.15888047218322754, 0.12641911022365093]",-0.9960652003818004,-0.9960652003818004
GMM,2,101,test,189,"[0.531166560947895, -0.9189217370003462]",-0.8941121835008428,-0.8941121835008428
GMM,2,101,test,190,"[0.05921351537108421, 0.594611044973135]",-0.9650288387309631,-0.9650288387309631
GMM,2,101,test,191,"[-0.6269296519458294, -0.3256088048219681]",-0.9516594684433842,-0.9516594684433842
GMM,2,101,test,192,"[-0.6458526439964771, 0.828078830614686]",-0.8957894744141374,-0.8957894744141374
GMM,2,101,test,193,"[0.03906932845711708, -0.09618459083139896]",-0.9991341629237345,-0.9991341629237345
GMM,2,101,test,194,"[0.5110229998826981, 0.42031217366456985]",-0.9572663604192445,-0.9572663604192445
GMM,2,101,test,195,"[-0.17780379205942154, -0.6288281045854092]",-0.9586091027022365,-0.9586091027022365
GMM,2,101,test,196,"[-0.46446492336690426, 0.23670683801174164]",-0.9733941820907122,-0.9733941820907122
GMM,2,101,test,197,"[0.8503689486533403, -0.9686835445463657]",-0.8476658487387606,-0.8476658487387606
GMM,2,101,test,198,"[0.317929407581687, 0.5194967109709978]",-0.9636813210072067,-0.9636813210072067
GMM,2,101,test,199,"[-0.9929996449500322, -0.3110165763646364]",-0.8978116365528083,-0.8978116365528083
GMM,2,101,test,200,"[-0.8533769380301237, 0.29534916765987873]",-0.9219846551610484,-0.9219846551610484
GMM,2,101,test,201,"[0.4575197044759989, -0.5038979072123766]",-0.9550934046736835,-0.9550934046736835
GMM,2,101,test,202,"[0.9919752608984709, 0.9530247151851654]",-0.8276459042315204,-0.8276459042315204
GMM,2,101,test,203,"[-0.3228300157934427, -0.22110136225819588]",-0.9850751460908341,-0.9850751460908341
GMM,2,101,test,204,"[-0.03819824382662773, 0.6444115862250328]",-0.9592942817598038,-0.9592942817598038
GMM,2,101,test,205,"[0.6506609879434109, -0.4359643869102001]",-0.9408364893220172,-0.9408364893220172
GMM,2,101,test,206,"[0.1807195022702217, 0.11177475191652775]",-0.9956552162857889,-0.9956552162857889
GMM,2,101,test,207,"[-0.5042310953140259, -0.8437224570661783]",-0.9084603243400097,-0.9084603243400097
GMM,2,101,test,208,"[-0.5942964963614941, 0.02010183595120907]",-0.965517198405184,-0.965517198405184
GMM,2,101,test,209,"[0.21663257107138634, -0.8057565744966269]",-0.9332822769574805,-0.9332822769574805
GMM,2,101,test,210,"[0.7486447468400002, 0.7392583824694157]",-0.8952752079507549,-0.8952752079507549
GMM,2,101,test,211,"[-0.06618914008140564, -0.4614790305495262]",-0.9788342383376532,-0.9788342383376532
GMM,2,101,test,212,"[-0.29520259611308575, 0.9150588773190975]",-0.9118271868125744,-0.9118271868125744
GMM,2,101,test,213,"[0.893624210730195, -0.129428431391716]",-0.9219242298933138,-0.9219242298933138
GMM,2,101,test,214,"[0.4222199749201536, 0.32086379639804363]",-0.9723875264889363,-0.9723875264889363
GMM,2,101,test,215,"[-0.7627020124346018, -0.598744748160243]",-0.9107261441207992,-0.9107261441207992
GMM,2,101,test,216,"[-0.9023991134017706, 0.6143434923142195]",-0.8879541549584586,-0.8879541549584586
GMM,2,101,test,217,"[0.2825514692813158, -0.3365312647074461]",-0.9811584940098145,-0.9811584940098145
GMM,2,101,test,218,"[0.7520655896514654, 0.145033847540617]",-0.9431697684266303,-0.9431697684266303
GMM,2,101,test,219,"[-0.436793627217412, -0.9307177662849426]",-0.9002984566273033,-0.9002984566273033
GMM,2,101,test,220,"[-0.20584236457943916, 0.4458268769085407]",-0.9763194872952948,-0.9763194872952948
GMM,2,101,test,221,"[0.6089628972113132, -0.7236748412251472]",-0.9149335694270088,-0.9149335694270088
GMM,2,101,test,222,"[0.0750567764043808, 0.7901130076497793]",-0.939043080664612,-0.939043080664612
GMM,2,101,test,223,"[-0.7358398512005806, -0.004511615261435509]",-0.9475869056095132,-0.9475869056095132
GMM,2,101,test,224,"[-0.7148537039756775, 0.38267833180725574]",-0.9366160163229319,-0.9366160163229319
GMM,2,101,test,225,"[0.0950668528676033, -0.6663247216492891]",-0.9561435350024784,-0.9561435350024784
GMM,2,101,test,226,"[0.5645194612443447, 0.8498892933130264]",-0.9011976073212769,-0.9011976073212769
GMM,2,101,test,227,"[-0.2493087761104107, -0.0739925242960453]",-0.9934857406105208,-0.9934857406105208
GMM,2,101,test,228,"[-0.39332699216902256, 0.556932307779789]",-0.9547393037379316,-0.9547393037379316
GMM,2,101,test,229,"[0.7965083252638578, -0.2731996439397335]",-0.9318188235164979,-0.9318188235164979
GMM,2,101,test,230,"[0.2625416461378336, 0.21469789184629917]",-0.9887028037400681,-0.9887028037400681
GMM,2,101,test,231,"[-0.9233859907835722, -0.9905550573021173]",-0.8331609545107569,-0.8331609545107569
GMM,2,101,test,232,"[-0.7817510683089495, 0.9749725256115198]",-0.8556658886218046,-0.8556658886218046
GMM,2,101,test,233,"[0.40414794348180294, -0.1990466360002756]",-0.9801437043384674,-0.9801437043384674
GMM,2,101,test,234,"[0.9360986072570086, 0.257608525454998]",-0.9101669370583855,-0.9101669370583855
GMM,2,101,test,235,"[-0.25370427034795284, -0.5412877313792706]",-0.9652705744640889,-0.9652705744640889
GMM,2,101,test,236,"[-0.10768721252679825, 0.08965897560119629]",-0.9982194382045267,-0.9982194382045267
GMM,2,101,test,237,"[0.7061696201562881, -0.8654871471226215]",-0.883322318488507,-0.883322318488507
GMM,2,101,test,238,"[0.23470482602715492, 0.6819845009595156]",-0.9493982041022565,-0.9493982041022565
GMM,2,101,test,239,"[-0.5752481408417225, -0.3982847649604082]",-0.9525789280019121,-0.9525789280019121
GMM,2,101,test,240,"[-0.5408620312809944, 0.7155557107180357]",-0.922881768585684,-0.922881768585684
GMM,2,101,test,241,"[0.14506559073925018, -0.4855630677193403]",-0.9749885942144043,-0.9749885942144043
GMM,2,101,test,242,"[0.679459635168314, 0.05974995717406273]",-0.9547066532468531,-0.9547066532468531
GMM,2,101,test,243,"[-0.010375667363405228, -0.7662459164857864]",-0.9434603227171103,-0.9434603227171103
GMM,2,101,test,244,"[-0.35065233893692493, 0.34488678351044655]",-0.976273496744901,-0.976273496744901
GMM,2,101,test,245,"[0.9631758835166693, -0.5748589560389519]",-0.8822068521492302,-0.8822068521492302
GMM,2,101,test,246,"[0.4931738395243883, 0.8757313098758459]",-0.903984389594764,-0.903984389594764
GMM,2,101,test,247,"[-0.8167467024177313, -0.16913757286965847]",-0.9331427591148652,-0.9331427591148652
GMM,2,101,test,248,"[-0.9583377484232187, 0.18478876911103725]",-0.9094838768219943,-0.9094838768219943
GMM,2,101,test,249,"[0.3516152333468199, -0.8913139011710882]",-0.9128906256280029,-0.9128906256280029
GMM,2,101,test,250,"[0.8235073927789927, 0.5905034728348255]",-0.9024884844369035,-0.9024884844369035
GMM,2,101,test,251,"[-0.49034945480525494, -0.3604779615998268]",-0.9639683505301625,-0.9639683505301625
GMM,2,101,test,252,"[-0.15191903710365295, 0.7506481222808361]",-0.9431483401902997,-0.9431483401902997
GMM,2,101,test,253,"[0.5378838554024696, -0.04408344626426697]",-0.9714837066132966,-0.9714837066132966
GMM,2,101,test,254,"[0.005383756011724472, 0.46995669417083263]",-0.9782743347573796,-0.9782743347573796
GMM,2,101,test,255,"[-0.6805152706801891, -0.6998958718031645]",-0.9095971968751451,-0.9095971968751451
GMM,2,2026,context,0,"[0.9710402339696884, -0.7437613178044558]",-0.8615952840785008,-0.8615952840785008
GMM,2,2026,context,1,"[-0.9151951801031828, 0.9195588901638985]",-0.8453917217938184,-0.8453917217938184
GMM,2,2026,context,2,"[-0.3113915342837572, -0.05767578072845936]",-0.9902499496026318,-0.9902499496026318
GMM,2,2026,context,3,"[0.36492108926177025, 0.35859330743551254]",-0.9742783828852565,-0.9742783828852565
GMM,2,2026,context,4,"[0.11779042705893517, -0.3206504862755537]",-0.9886752407191288,-0.9886752407191288
GMM,2,2026,context,5,"[-0.05071541853249073, 0.02772832289338112]",-0.9998544979836377,-0.9998544979836377
GMM,2,2026,context,6,"[-0.6602601837366819, -0.8855412732809782]",-0.8857316860516382,-0.8857316860516382
GMM,2,2026,context,7,"[0.7338087111711502, 0.7177395410835743]",-0.9000656112684847,-0.9000656112684847
GMM,2,2026,context,8,"[0.5281994249671698, -0.20518259331583977]",-0.9686386080947836,-0.9686386080947836
GMM,2,2026,context,9,"[-0.5855140201747417, 0.38100879080593586]",-0.9525865286939172,-0.9525865286939172
GMM,2,2026,context,10,"[-0.18788713961839676, -0.5161464177072048]",-0.9706410541664917,-0.9706410541664917
GMM,2,2026,context,11,"[0.135825389996171, 0.8170963246375322]",-0.9337763466647936,-0.9337763466647936
GMM,2,2026,test,0,"[0.15095196850597858, -0.43280214816331863]",-0.9795288085820427,-0.9795288085820427
GMM,2,2026,test,1,"[-0.3650602623820305, 0.03639520891010761]",-0.9868483722052729,-0.9868483722052729
GMM,2,2026,test,2,"[-0.9376357682049274, -0.5722270235419273]",-0.8868308875673439,-0.8868308875673439
GMM,2,2026,test,3,"[0.5462757851928473, 0.9604542870074511]",-0.8851258928333248,-0.8851258928333248
GMM,2,2026,test,4,"[0.765161070972681, -0.8200551420450211]",-0.8823879883582245,-0.8823879883582245
GMM,2,2026,test,5,"[-0.7195095736533403, 0.7126779202371836]",-0.902757704079707,-0.902757704079707
GMM,2,2026,test,6,"[-0.0832169409841299, -0.1772197186946869]",-0.9964126448480861,-0.9964126448480861
GMM,2,2026,test,7,"[0.4320971667766571, 0.2920441720634699]",-0.973288974600356,-0.973288974600356
GMM,2,2026,test,8,"[0.33279079012572765, -0.6829038895666599]",-0.9443788435199422,-0.9443788435199422
GMM,2,2026,test,9,"[-0.1831299029290676, 0.7863754834979773]",-0.9370059664992442,-0.9370059664992442
GMM,2,2026,test,10,"[-0.5141283869743347, -0.32183345034718513]",-0.9641991334644494,-0.9641991334644494
GMM,2,2026,test,11,"[0.9699357692152262, 0.2109146174043417]",-0.9063059602776606,-0.9063059602776606
GMM,2,2026,test,12,"[0.6892790570855141, -0.07009835168719292]",-0.9533303357488269,-0.9533303357488269
GMM,2,2026,test,13,"[-0.7954831551760435, 0.4625984709709883]",-0.9190741711299062,-0.9190741711299062
GMM,2,2026,test,14,"[-0.40174458362162113, -0.9267664216458797]",-0.9036048952705619,-0.9036048952705619
GMM,2,2026,test,15,"[0.11341695114970207, 0.5424459706991911]",-0.9698618940754,-0.9698618940754
GMM,2,2026,test,16,"[0.06158192455768585, -0.9899974670261145]",-0.9069639433561189,-0.9069639433561189
GMM,2,2026,test,17,"[-0.45342316292226315, 0.6051838397979736]",-0.9445918696280042,-0.9445918696280042
GMM,2,2026,test,18,"[-0.8493648339062929, -0.006852990016341209]",-0.9307219261581463,-0.9307219261581463
GMM,2,2026,test,19,"[0.6357368417084217, 0.39984436333179474]",-0.9452605592395567,-0.9452605592395567
GMM,2,2026,test,20,"[0.9161150511354208, -0.25908306054770947]",-0.9136155630344103,-0.9136155630344103
GMM,2,2026,test,21,"[-0.5677315630018711, 0.147680826485157]",-0.966407141811834,-0.966407141811834
GMM,2,2026,test,22,"[-0.23502589017152786, -0.7456380855292082]",-0.9411884987297199,-0.9411884987297199
GMM,2,2026,test,23,"[0.28117317147552967, 0.8495949730277061]",-0.923109960344346,-0.923109960344346
GMM,2,2026,test,24,"[0.4857002757489681, -0.2399699855595827]",-0.9713267674939299,-0.9713267674939299
GMM,2,2026,test,25,"[-0.029396379366517067, 0.3552780784666538]",-0.9875078269751901,-0.9875078269751901
GMM,2,2026,test,26,"[-0.667891887947917, -0.757321061566472]",-0.9035848041544604,-0.9035848041544604
GMM,2,2026,test,27,"[0.8170572146773338, 0.6494583077728748]",-0.8968584252246157,-0.8968584252246157
GMM,2,2026,test,28,"[0.597954461351037, -0.5089960936456919]",-0.9405698490212973,-0.9405698490212973
GMM,2,2026,test,29,"[-0.8858006149530411, 0.8977162949740887]",-0.853243563665117,-0.853243563665117
GMM,2,2026,test,30,"[-0.3115181438624859, -0.4960473868995905]",-0.9666311260107812,-0.9666311260107812
GMM,2,2026,test,31,"[0.20483352057635784, 0.0991494320333004]",-0.9949965351140136,-0.9949965351140136
GMM,2,2026,test,32,"[0.24676944501698017, -0.6106167491525412]",-0.9579612356729487,-0.9579612356729487
GMM,2,2026,test,33,"[-0.2694716081023216, 0.9835860878229141]",-0.9013444181234843,-0.9013444181234843
GMM,2,2026,test,34,"[-0.912115354090929, -0.3784183468669653]",-0.9075127956740877,-0.9075127956740877
GMM,2,2026,test,35,"[0.5715367402881384, 0.029253661632537842]",-0.9679509596348507,-0.9679509596348507
GMM,2,2026,test,36,"[0.8531661666929722, -0.13846374861896038]",-0.9282384473108221,-0.9282384473108221
GMM,2,2026,test,37,"[-0.6317333001643419, 0.2692786082625389]",-0.9541699695395924,-0.9541699695395924
GMM,2,2026,test,38,"[-0.04988414607942104, -0.8740727584809065]",-0.9267811476422855,-0.9267811476422855
GMM,2,2026,test,39,"[0.4651705026626587, 0.7201856449246407]",-0.9292054410493471,-0.9292054410493471
GMM,2,2026,test,40,"[0.2997021358460188, -0.3605911750346422]",-0.9785468492484514,-0.9785468492484514
GMM,2,2026,test,41,"[-0.2164473794400692, 0.23368223384022713]",-0.9900747810645572,-0.9900747810645572
GMM,2,2026,test,42,"[-0.6018893420696259, -0.628888325765729]",-0.9274701272942126,-0.9274701272942126
GMM,2,2026,test,43,"[0.8819153551012278, 0.7788695134222507]",-0.8707748324713332,-0.8707748324713332
GMM,2,2026,test,44,"[0.6640027835965157, -0.88837487436831]",-0.8848958236334517,-0.8848958236334517
GMM,2,2026,test,45,"[-0.8209882508963346, 0.5193121694028378]",-0.9102186113205745,-0.9102186113205745
GMM,2,2026,test,46,"[-0.4973179195076227, -0.12448015250265598]",-0.9743286251901684,-0.9743286251901684
GMM,2,2026,test,47,"[0.01758415624499321, 0.4697381965816021]",-0.978266053027084,-0.978266053027084
GMM,2,2026,test,48,"[0.08708696067333221, -0.06221052259206772]",-0.9990563250384846,-0.9990563250384846
GMM,2,2026,test,49,"[-0.42814706824719906, 0.4079614896327257]",-0.9658107186607835,-0.9658107186607835
GMM,2,2026,test,50,"[-0.7535319793969393, -0.950628288090229]",-0.8638152455708298,-0.8638152455708298
GMM,2,2026,test,51,"[0.7313103564083576, 0.5810745526105165]",-0.9165315370992132,-0.9165315370992132
GMM,2,2026,test,52,"[0.9494327064603567, -0.6906467974185944]",-0.8717455361914058,-0.8717455361914058
GMM,2,2026,test,53,"[-0.5346428491175175, 0.8411116097122431]",-0.905623121133742,-0.905623121133742
GMM,2,2026,test,54,"[-0.14700565487146378, -0.2988184243440628]",-0.9892489462603784,-0.9892489462603784
GMM,2,2026,test,55,"[0.36893406696617603, 0.17142393626272678]",-0.983730061773621,-0.983730061773621
GMM,2,2026,test,56,"[0.39792418107390404, -0.8123141713440418]",-0.921988708736865,-0.921988708736865
GMM,2,2026,test,57,"[-0.11740141548216343, 0.6579436715692282]",-0.9564333645713855,-0.9564333645713855
GMM,2,2026,test,58,"[-0.7009654026478529, -0.20023662224411964]",-0.9485666976631878,-0.9485666976631878
GMM,2,2026,test,59,"[0.7837243601679802, 0.33153679035604]",-0.9302575996447691,-0.9302575996447691
GMM,2,2026,test,60,"[0.5023657474666834, -0.4406880997121334]",-0.9566562275147196,-0.9566562275147196
GMM,2,2026,test,61,"[-0.981618270277977, 0.09103025309741497]",-0.9077487101221,-0.9077487101221
GMM,2,2026,test,62,"[-0.33677903935313225, -0.5483632199466228]",-0.9598172155454449,-0.9598172155454449
GMM,2,2026,test,63,"[0.17931328527629375, 0.9218238275498152]",-0.9156625006844213,-0.9156625006844213
GMM,2,2026,test,64,"[0.16977231949567795, -0.8482294119894505]",-0.9284594836819449,-0.9284594836819449
GMM,2,2026,test,65,"[-0.31503951363265514, 0.7450064029544592]",-0.936805961147044,-0.936805961147044
GMM,2,2026,test,66,"[-0.9916095081716776, -0.146804291754961]",-0.9047981733072175,-0.9047981733072175
GMM,2,2026,test,67,"[0.5235940180718899, 0.257962828502059]",-0.9666301993817796,-0.9666301993817796
GMM,2,2026,test,68,"[0.8054716419428587, -0.39853937551379204]",-0.9227379170799723,-0.9227379170799723
GMM,2,2026,test,69,"[-0.7104986123740673, 0.0062790196388959885]",-0.9510553853581936,-0.9510553853581936
GMM,2,2026,test,70,"[-0.09618090093135834, -0.6043669246137142]",-0.9636417594063473,-0.9636417594063473
GMM,2,2026,test,71,"[0.38792518712580204, 0.9889359008520842]",-0.8933478064828089,-0.8933478064828089
GMM,2,2026,test,72,"[0.3472174294292927, -0.0985606387257576]",-0.9872618452796542,-0.9872618452796542
GMM,2,2026,test,73,"[-0.13750283606350422, 0.494726674631238]",-0.9741105867498264,-0.9741105867498264
GMM,2,2026,test,74,"[-0.5558940079063177, -0.8966390118002892]",-0.8952624958714442,-0.8952624958714442
GMM,2,2026,test,75,"[0.9594620913267136, 0.5081643480807543]",-0.8888895038364522,-0.8888895038364522
GMM,2,2026,test,76,"[0.7408206779509783, -0.6488108783960342]",-0.9080390882168728,-0.9080390882168728
GMM,2,2026,test,77,"[-0.7752411141991615, 0.7559407595545053]",-0.8896191591131005,-0.8896191591131005
GMM,2,2026,test,78,"[-0.4181251861155033, -0.3541431128978729]",-0.9707401172316222,-0.9707401172316222
GMM,2,2026,test,79,"[0.06582829914987087, 0.23907769657671452]",-0.9940143890314442,-0.9940143890314442
GMM,2,2026,test,80,"[0.008074665442109108, -0.2914117742329836]",-0.9918062574880129,-0.9918062574880129
GMM,2,2026,test,81,"[-0.4756079614162445, 0.1758553422987461]",-0.9748284317973548,-0.9748284317973548
GMM,2,2026,test,82,"[-0.8310090564191341, -0.7115564960986376]",-0.8877244483248823,-0.8877244483248823
GMM,2,2026,test,83,"[0.6852625291794538, 0.8191793151199818]",-0.8922616400927558,-0.8922616400927558
GMM,2,2026,test,84,"[0.9036330692470074, -0.9598815087229013]",-0.8412139506382582,-0.8412139506382582
GMM,2,2026,test,85,"[-0.6113910768181086, 0.5709213130176067]",-0.9326257894828353,-0.9326257894828353
GMM,2,2026,test,86,"[-0.1951953899115324, -0.03533435799181461]",-0.9962853282075327,-0.9962853282075327
GMM,2,2026,test,87,"[0.2896735742688179, 0.4319840334355831]",-0.9734185184515022,-0.9734185184515022
GMM,2,2026,test,88,"[0.44342239759862423, -0.5411245431751013]",-0.9526138553458228,-0.9526138553458228
GMM,2,2026,test,89,"[-0.04035176709294319, 0.9261788129806519]",-0.9177418532607333,-0.9177418532607333
GMM,2,2026,test,90,"[-0.6529548987746239, -0.4617655333131552]",-0.9384333517826723,-0.9384333517826723
GMM,2,2026,test,91,"[0.8631640840321779, 0.06902177631855011]",-0.9279245058247154,-0.9279245058247154
GMM,2,2026,test,92,"[0.5810766220092773, -0.2095355074852705]",-0.9628036501798852,-0.9628036501798852
GMM,2,2026,test,93,"[-0.9338559564203024, 0.32118529826402664]",-0.9074041585807018,-0.9074041585807018
GMM,2,2026,test,94,"[-0.259481193497777, -0.7854839097708464]",-0.9343613247763175,-0.9343613247763175
GMM,2,2026,test,95,"[0.22554034367203712, 0.6817677244544029]",-0.9498273178721626,-0.9498273178721626
GMM,2,2026,test,96,"[0.19919892400503159, -0.1707905549556017]",-0.9933655632270065,-0.9933655632270065
GMM,2,2026,test,97,"[-0.28587224893271923, 0.2974512167274952]",-0.9832936719802426,-0.9832936719802426
GMM,2,2026,test,98,"[-0.8918857220560312, -0.8399892617017031]",-0.861228117285382,-0.861228117285382
GMM,2,2026,test,99,"[0.623088862746954, 0.6897680796682835]",-0.9172973975530543,-0.9172973975530543
GMM,2,2026,test,100,"[0.8427106272429228, -0.5805026981979609]",-0.9010074681346485,-0.9010074681346485
GMM,2,2026,test,101,"[-0.6735189668834209, 0.94932546839118]",-0.8735090139606829,-0.8735090139606829
GMM,2,2026,test,102,"[-0.004269495606422424, -0.4069016221910715]",-0.9838883794459733,-0.9838883794459733
GMM,2,2026,test,103,"[0.4796076510101557, 0.06139523908495903]",-0.977056188255132,-0.977056188255132
GMM,2,2026,test,104,"[0.25555016472935677, -0.9205052312463522]",-0.9134020756947507,-0.9134020756947507
GMM,2,2026,test,105,"[-0.22942944057285786, 0.5477765947580338]",-0.9654839449797449,-0.9654839449797449
GMM,2,2026,test,106,"[-0.5928888525813818, -0.09020020626485348]",-0.9649518045467749,-0.9649518045467749
GMM,2,2026,test,107,"[0.9222383052110672, 0.4396124482154846]",-0.9009801473088114,-0.9009801473088114
GMM,2,2026,test,108,"[0.6413410324603319, -0.3301547896116972]",-0.9495860076051426,-0.9495860076051426
GMM,2,2026,test,109,"[-0.8749800994992256, 0.19958754628896713]",-0.9229273505043258,-0.9229273505043258
GMM,2,2026,test,110,"[-0.44730764999985695, -0.6570492666214705]",-0.9392175556730898,-0.9392175556730898
GMM,2,2026,test,111,"[0.03641689382493496, 0.811177022755146]",-0.9362867051234758,-0.9362867051234758
GMM,2,2026,test,112,"[0.10781382955610752, -0.718819160014391]",-0.9490062016221512,-0.9490062016221512
GMM,2,2026,test,113,"[-0.37612825632095337, 0.8734381850808859]",-0.9136779702760013,-0.9136779702760013
GMM,2,2026,test,114,"[-0.8015978299081326, -0.2684010900557041]",-0.9313980984904134,-0.9313980984904134
GMM,2,2026,test,115,"[0.7144449334591627, 0.13734068535268307]",-0.9485944199978193,-0.9485944199978193
GMM,2,2026,test,116,"[0.9955596141517162, -0.027949657291173935]",-0.905760582115804,-0.905760582115804
GMM,2,2026,test,117,"[-0.519723990932107, 0.3778472077101469]",-0.9597530216123978,-0.9597530216123978
GMM,2,2026,test,118,"[-0.15797154419124126, -0.9827700965106487]",-0.9063177298459297,-0.9063177298459297
GMM,2,2026,test,119,"[0.3266685977578163, 0.6095580738037825]",-0.9533868343535934,-0.9533868343535934
GMM,2,2026,test,120,"[0.4064426925033331, -0.4691522940993309]",-0.9625443959146435,-0.9625443959146435
GMM,2,2026,test,121,"[-0.0775909312069416, 0.12316036410629749]",-0.9980562245876344,-0.9980562245876344
GMM,2,2026,test,122,"[-0.7446373030543327, -0.5182377174496651]",-0.92141754901204,-0.92141754901204
GMM,2,2026,test,123,"[0.7712528575211763, 0.8875441122800112]",-0.8709297709860878,-0.8709297709860878
GMM,2,2026,test,124,"[0.5519095361232758, -0.7782192528247833]",-0.9135353249909346,-0.9135353249909346
GMM,2,2026,test,125,"[-0.9632825013250113, 0.6275070402771235]",-0.8765204446543189,-0.8765204446543189
GMM,2,2026,test,126,"[-0.3589762169867754, -0.23254437744617462]",-0.9821482164066561,-0.9821482164066561
GMM,2,2026,test,127,"[0.125816497951746, 0.35969796217978]",-0.9857084616332377,-0.9857084616332377
GMM,2,2026,test,128,"[0.13461703062057495, -0.6369095221161842]",-0.9589275264262079,-0.9589275264262079
GMM,2,2026,test,129,"[-0.35019088350236416, 0.7678478825837374]",-0.9313995795787469,-0.9313995795787469
GMM,2,2026,test,130,"[-0.9564580339938402, -0.3739914819598198]",-0.9003404197461549,-0.9003404197461549
GMM,2,2026,test,131,"[0.5587492026388645, 0.21925035305321217]",-0.9647462539942746,-0.9647462539942746
GMM,2,2026,test,132,"[0.7781230416148901, -0.11010347306728363]",-0.9403204961083343,-0.9403204961083343
GMM,2,2026,test,133,"[-0.7378433533012867, 0.483193451538682]",-0.9254076629968575,-0.9254076629968575
GMM,2,2026,test,134,"[-0.06883611530065536, -0.8774239420890808]",-0.9260311105443164,-0.9260311105443164
GMM,2,2026,test,135,"[0.41527374275028706, 0.5274042878299952]",-0.956032235025425,-0.956032235025425
GMM,2,2026,test,136,"[0.3198745362460613, -0.3869985081255436]",-0.9754090330354276,-0.9754090330354276
GMM,2,2026,test,137,"[-0.16484184004366398, 0.017814209684729576]",-0.9974539154450622,-0.9974539154450622
GMM,2,2026,test,138,"[-0.528554929420352, -0.6235839612782001]",-0.9357963474923212,-0.9357963474923212
GMM,2,2026,test,139,"[0.986804910004139, 0.9696979280561209]",-0.8258405647560609,-0.8258405647560609
GMM,2,2026,test,140,"[0.7056597117334604, -0.8601289205253124]",-0.8841976688674484,-0.8841976688674484
GMM,2,2026,test,141,"[-0.8103982508182526, 0.7330974321812391]",-0.8877011643276698,-0.8877011643276698
GMM,2,2026,test,142,"[-0.3829680345952511, -0.1269540749490261]",-0.9841061765533702,-0.9841061765533702
GMM,2,2026,test,143,"[0.10098925046622753, 0.2777883242815733]",-0.9914385521858448,-0.9914385521858448
GMM,2,2026,test,144,"[0.0432338435202837, -0.19019930623471737]",-0.9964391521360322,-0.9964391521360322
GMM,2,2026,test,145,"[-0.4404449835419655, 0.3405425250530243]",-0.969668088924277,-0.969668088924277
GMM,2,2026,test,146,"[-0.8661720491945744, -0.7968979831784964]",-0.8712168494424047,-0.8712168494424047
GMM,2,2026,test,147,"[0.6501033660024405, 0.670359417796135]",-0.9165653159771362,-0.9165653159771362
GMM,2,2026,test,148,"[0.9309701211750507, -0.5608499031513929]",-0.8890040233805234,-0.8890040233805234
GMM,2,2026,test,149,"[-0.5840502846986055, 0.9064783230423927]",-0.8904158142434585,-0.8904158142434585
GMM,2,2026,test,150,"[-0.2225362565368414, -0.4497487973421812]",-0.9754704284952651,-0.9754704284952651
GMM,2,2026,test,151,"[0.2623365968465805, 0.08104812353849411]",-0.9926531191097614,-0.9926531191097614
GMM,2,2026,test,152,"[0.47076897136867046, -0.9401581156998873]",-0.8960057529360073,-0.8960057529360073
GMM,2,2026,test,153,"[-0.013001423329114914, 0.5906237699091434]",-0.9658135103320874,-0.9658135103320874
GMM,2,2026,test,154,"[-0.6803052872419357, -0.04735306091606617]",-0.9548476950495921,-0.9548476950495921
GMM,2,2026,test,155,"[0.8358175549656153, 0.4199596531689167]",-0.9163214380530922,-0.9163214380530922
GMM,2,2026,test,156,"[0.6162263080477715, -0.3107461277395487]",-0.9537655553883745,-0.9537655553883745
GMM,2,2026,test,157,"[-0.898702559992671, 0.15649626776576042]",-0.9204766348968809,-0.9204766348968809
GMM,2,2026,test,158,"[-0.2946346942335367, -0.7001405749469995]",-0.9443878891766254,-0.9443878891766254
GMM,2,2026,test,159,"[0.19039076194167137, 0.8305857740342617]",-0.9300420052211027,-0.9300420052211027
GMM,2,2026,test,160,"[0.2343560755252838, -0.3186339493840933]",-0.9847519137142299,-0.9847519137142299
GMM,2,2026,test,161,"[-0.25071129761636257, 0.2111332267522812]",-0.9894902923697064,-0.9894902923697064
GMM,2,2026,test,162,"[-0.9270466882735491, -0.6762787010520697]",-0.8771602527059253,-0.8771602527059253
GMM,2,2026,test,163,"[0.5879317261278629, 0.7919571697711945]",-0.9073615117615474,-0.9073615117615474
GMM,2,2026,test,164,"[0.8700497057288885, -0.9324152301996946]",-0.8506082792264866,-0.8506082792264866
GMM,2,2026,test,165,"[-0.6461761482059956, 0.5358876511454582]",-0.9321732948770933,-0.9321732948770933
GMM,2,2026,test,166,"[-0.03161238878965378, -0.07036810927093029]",-0.9996136932556592,-0.9996136932556592
GMM,2,2026,test,167,"[0.4522686470299959, 0.4594503417611122]",-0.9593869734144673,-0.9593869734144673
GMM,2,2026,test,168,"[0.28289495036005974, -0.5685908515006304]",-0.9608572840989767,-0.9608572840989767
GMM,2,2026,test,169,"[-0.20208088494837284, 0.9612125642597675]",-0.9081457520423525,-0.9081457520423525
GMM,2,2026,test,170,"[-0.6202374529093504, -0.42673187144100666]",-0.94526785368254,-0.94526785368254
GMM,2,2026,test,171,"[0.8948935642838478, 0.0415554977953434]",-0.9230511260265091,-0.9230511260265091
GMM,2,2026,test,172,"[0.6764925066381693, -0.1823133621364832]",-0.9523304118763112,-0.9523304118763112
GMM,2,2026,test,173,"[-0.839824914932251, 0.2859075032174587]",-0.9246052625405049,-0.9246052625405049
GMM,2,2026,test,174,"[-0.48246293887495995, -0.8207617942243814]",-0.9138804758642364,-0.9138804758642364
GMM,2,2026,test,175,"[0.0012655239552259445, 0.7089898996055126]",-0.9510781716313957,-0.9510781716313957
GMM,2,2026,test,176,"[0.07266032882034779, -0.7585082575678825]",-0.9440832191434115,-0.9440832191434115
GMM,2,2026,test,177,"[-0.4112778380513191, 0.6472276169806719]",-0.9430516533804341,-0.9430516533804341
GMM,2,2026,test,178,"[-0.7664481438696384, -0.2445831075310707]",-0.9376736247573793,-0.9376736247573793
GMM,2,2026,test,179,"[0.7495983298867941, 0.34768407233059406]",-0.9341101573774664,-0.9341101573774664
GMM,2,2026,test,180,"[0.9682092256844044, -0.4885047674179077]",-0.8894254053048772,-0.8894254053048772
GMM,2,2026,test,181,"[-0.5470705199986696, 0.10381368733942509]",-0.9697059070942983,-0.9697059070942983
GMM,2,2026,test,182,"[-0.13062497042119503, -0.5068322867155075]",-0.9733328390077087,-0.9733328390077087
GMM,2,2026,test,183,"[0.3540189415216446, 0.8989705983549356]",-0.9109440912177272,-0.9109440912177272
GMM,2,2026,test,184,"[0.3791018258780241, -0.008595336228609085]",-0.9859050538823146,-0.9859050538823146
GMM,2,2026,test,185,"[-0.104927908629179, 0.3971920367330313]",-0.9834026466940892,-0.9834026466940892
GMM,2,2026,test,186,"[-0.7173002511262894, -0.9941736795008183]",-0.8611348249688715,-0.8611348249688715
GMM,2,2026,test,187,"[0.7985936496406794, 0.59812973998487]",-0.9053212449831847,-0.9053212449831847
GMM,2,2026,test,188,"[0.5167465433478355, -0.7385321222245693]",-0.9224734369796657,-0.9224734369796657
GMM,2,2026,test,189,"[-0.9984416645020247, 0.853719575330615]",-0.841841263061766,-0.841841263061766
GMM,2,2026,test,190,"[-0.3238170389086008, -0.2563643269240856]",-0.9833655351022322,-0.9833655351022322
GMM,2,2026,test,191,"[0.160979475826025, 0.1493565421551466]",-0.9953437225452444,-0.9953437225452444
GMM,2,2026,test,192,"[0.18610716797411442, -0.08162019029259682]",-0.996081519554223,-0.996081519554223
GMM,2,2026,test,193,"[-0.3299088031053543, 0.4510518815368414]",-0.9694145268450114,-0.9694145268450114
GMM,2,2026,test,194,"[-0.9727871529757977, -0.9075379855930805]",-0.8384558136774766,-0.8384558136774766
GMM,2,2026,test,195,"[0.5111205112189054, 0.5616649147123098]",-0.9440467811700491,-0.9440467811700491
GMM,2,2026,test,196,"[0.7925096414983273, -0.670993011444807]",-0.8982613998795981,-0.8982613998795981
GMM,2,2026,test,197,"[-0.6921648029237986, 0.7982654552906752]",-0.8945972566862167,-0.8945972566862167
GMM,2,2026,test,198,"[-0.11056169681251049, -0.3416646681725979]",-0.9874772672381483,-0.9874772672381483
GMM,2,2026,test,199,"[0.4047485813498497, 0.19107775203883648]",-0.9803055476986621,-0.9803055476986621
GMM,2,2026,test,200,"[0.36013359390199184, -0.8319679871201515]",-0.9216625363849161,-0.9216625363849161
GMM,2,2026,test,201,"[-0.1557908095419407, 0.7007899153977633]",-0.9498874655319395,-0.9498874655319395
GMM,2,2026,test,202,"[-0.5414673760533333, -0.15739046782255173]",-0.9689871527147998,-0.9689871527147998
GMM,2,2026,test,203,"[0.9425928611308336, 0.3118830043822527]",-0.9062426988037416,-0.9062426988037416
GMM,2,2026,test,204,"[0.7244399935007095, -0.4212784618139267]",-0.9325121108983115,-0.9325121108983115
GMM,2,2026,test,205,"[-0.7603259887546301, 0.04793995060026646]",-0.9439065729642024,-0.9439065729642024
GMM,2,2026,test,206,"[-0.43690170533955097, -0.5914536118507385]",-0.9477767709560869,-0.9477767709560869
GMM,2,2026,test,207,"[0.07825597003102303, 0.9412334952503443]",-0.9147423738117547,-0.9147423738117547
GMM,2,2026,test,208,"[0.02642277628183365, -0.5287080872803926]",-0.9727285633809776,-0.9727285633809776
GMM,2,2026,test,209,"[-0.48858617059886456, 0.8779948092997074]",-0.9041387219693431,-0.9041387219693431
GMM,2,2026,test,210,"[-0.8142018709331751, -0.4840096551924944]",-0.9146186630203677,-0.9146186630203677
GMM,2,2026,test,211,"[0.6708960346877575, 0.11116241291165352]",-0.9549601289135986,-0.9549601289135986
GMM,2,2026,test,212,"[0.8887780886143446, -0.22061663307249546]",-0.9198126334176141,-0.9198126334176141
GMM,2,2026,test,213,"[-0.5950724445283413, 0.3746257834136486]",-0.9519740757919306,-0.9519740757919306
GMM,2,2026,test,214,"[-0.20768511295318604, -0.7687256131321192]",-0.9390540811312886,-0.9390540811312886
GMM,2,2026,test,215,"[0.30851023830473423, 0.6380328498780727]",-0.9511009351757612,-0.9511009351757612
GMM,2,2026,test,216,"[0.4583537317812443, -0.2784383799880743]",-0.9719107266527525,-0.9719107266527525
GMM,2,2026,test,217,"[-0.05674675293266773, 0.12833508849143982]",-0.9982033460682935,-0.9982033460682935
GMM,2,2026,test,218,"[-0.6405415292829275, -0.7342355009168386]",-0.9099321520058155,-0.9099321520058155
GMM,2,2026,test,219,"[0.8444037735462189, 0.8610223978757858]",-0.8646987428006643,-0.8646987428006643
GMM,2,2026,test,220,"[0.5628048647195101, -0.9702836256474257]",-0.8824801107580298,-0.8824801107580298
GMM,2,2026,test,221,"[-0.9209541007876396, 0.6249034777283669]",-0.8838065625421978,-0.8838065625421978
GMM,2,2026,test,222,"[-0.2763647325336933, -0.018888873979449272]",-0.9925731172035297,-0.9925731172035297
GMM,2,2026,test,223,"[0.23998319171369076, 0.3878295347094536]",-0.9795298925398611,-0.9795298925398611
GMM,2,2026,test,224,"[0.21161232329905033, -0.9002753216773272]",-0.9186318843753698,-0.9186318843753698
GMM,2,2026,test,225,"[-0.30463258922100067, 0.5074060447514057]",-0.9657325551250457,-0.9657325551250457
GMM,2,2026,test,226,"[-0.8769544176757336, -0.10463087446987629]",-0.9253166570906156,-0.9253166570906156
GMM,2,2026,test,227,"[0.6066939067095518, 0.48956653848290443]",-0.9411268516499909,-0.9411268516499909
GMM,2,2026,test,228,"[0.8258271776139736, -0.34904936887323856]",-0.9230659094533877,-0.9230659094533877
GMM,2,2026,test,229,"[-0.6590762082487345, 0.2452145777642727]",-0.9519956547089513,-0.9519956547089513
GMM,2,2026,test,230,"[-0.022541342303156853, -0.6481044236570597]",-0.9592402373440089,-0.9592402373440089
GMM,2,2026,test,231,"[0.4925095960497856, 0.7596286945044994]",-0.921378879593492,-0.921378879593492
GMM,2,2026,test,232,"[0.2723573800176382, -0.150003707036376]",-0.9905984973841514,-0.9905984973841514
GMM,2,2026,test,233,"[-0.2437959648668766, 0.2577444165945053]",-0.9876612146862144,-0.9876612146862144
GMM,2,2026,test,234,"[-0.5745407715439796, -0.8548548128455877]",-0.8999112242374678,-0.8999112242374678
GMM,2,2026,test,235,"[0.9092601258307695, 0.7394246160984039]",-0.87172814869442,-0.87172814869442
GMM,2,2026,test,236,"[0.6288513988256454, -0.5987182687968016]",-0.9278025898369887,-0.9278025898369887
GMM,2,2026,test,237,"[-0.8561435248702765, 0.9954941794276237]",-0.8419248457939624,-0.8419248457939624
GMM,2,2026,test,238,"[-0.4621627200394869, -0.3982695918530226]",-0.9638010765541201,-0.9638010765541201
GMM,2,2026,test,239,"[0.05273561552166939, 0.009427286684513092]",-0.9998994449237419,-0.9998994449237419
GMM,2,2026,test,240,"[0.12224037200212479, -0.4600233919918537]",-0.9779299461016709,-0.9779299461016709
GMM,2,2026,test,241,"[-0.39299739710986614, 0.07167402468621731]",-0.984383735474785,-0.984383735474785
GMM,2,2026,test,242,"[-0.7886815760284662, -0.53694823756814]",-0.9134310683261926,-0.9134310683261926
GMM,2,2026,test,243,"[0.6961568705737591, 0.9332331325858831]",-0.873283817911142,-0.873283817911142
GMM,2,2026,test,244,"[0.9767830651253462, -0.7925898395478725]",-0.8542455609590707,-0.8542455609590707
GMM,2,2026,test,245,"[-0.5072962902486324, 0.6776432823389769]",-0.9310313363173177,-0.9310313363173177
GMM,2,2026,test,246,"[-0.17435219883918762, -0.212254386395216]",-0.9927372057133809,-0.9927372057133809
GMM,2,2026,test,247,"[0.34158369340002537, 0.31950956396758556]",-0.9784815472233346,-0.9784815472233346
GMM,2,2026,test,248,"[0.42526495829224586, -0.7103692814707756]",-0.9342288935553434,-0.9342288935553434
GMM,2,2026,test,249,"[-0.09006434865295887, 0.8214101511985064]",-0.9341021916761413,-0.9341021916761413
GMM,2,2026,test,250,"[-0.7283023651689291, -0.2867988124489784]",-0.9409224429339373,-0.9409224429339373
GMM,2,2026,test,251,"[0.75638347864151, 0.18344931490719318]",-0.9413594761439414,-0.9413594761439414
GMM,2,2026,test,252,"[0.5375287104398012, -0.042877197265625]",-0.9715306716893913,-0.9715306716893913
GMM,2,2026,test,253,"[-0.9464590772986412, 0.42731968499720097]",-0.8980964688774402,-0.8980964688774402
GMM,2,2026,test,254,"[-0.37193818762898445, -0.9620452374219894]",-0.8997040500451382,-0.8997040500451382
GMM,2,2026,test,255,"[0.14415027759969234, 0.5696672145277262]",-0.9661611266781897,-0.9661611266781897
GMM,2,777,context,0,"[-0.7715795990079641, 0.1896538957953453]",-0.939100942384544,-0.939100942384544
GMM,2,777,context,1,"[0.35341355949640274, -0.9824942033737898]",-0.8974043050757305,-0.8974043050757305
GMM,2,777,context,2,"[0.721102936193347, 0.7477895393967628]",-0.8977665615303619,-0.8977665615303619
GMM,2,777,context,3,"[-0.1538887955248356, -0.45469234697520733]",-0.977555048670635,-0.977555048670635
GMM,2,777,context,4,"[-0.2998192925006151, 0.9466871656477451]",-0.9062254573260344,-0.9062254573260344
GMM,2,777,context,5,"[0.8251881115138531, -0.22393047995865345]",-0.9297521418671245,-0.9297521418671245
GMM,2,777,context,6,"[0.19477815367281437, 0.49109064415097237]",-0.9725811871550777,-0.9725811871550777
GMM,2,777,context,7,"[-0.6802297309041023, -0.7136464584618807]",-0.907873927451205,-0.907873927451205
GMM,2,777,context,8,"[-0.5429161079227924, 0.5943293329328299]",-0.937447392835003,-0.937447392835003
GMM,2,777,context,9,"[0.08209222368896008, -0.3248960115015507]",-0.9891117442011368,-0.9891117442011368
GMM,2,777,context,10,"[0.968269519507885, 0.09289534948766232]",-0.9098803859659638,-0.9098803859659638
GMM,2,777,context,11,"[-0.4067373778671026, -0.8625245280563831]",-0.9136318038382057,-0.9136318038382057
GMM,2,777,test,0,"[0.5833876244723797, 0.5288234688341618]",-0.9399715253829956,-0.9399715253829956
GMM,2,777,test,1,"[-0.8332405034452677, -0.5690579265356064]",-0.9036661796802403,-0.9036661796802403
GMM,2,777,test,2,"[-0.008763493970036507, 0.4602012299001217]",-0.9791597591291401,-0.9791597591291401
GMM,2,777,test,3,"[0.25844626501202583, -0.3867569789290428]",-0.9788966047534136,-0.9788966047534136
GMM,2,777,test,4,"[0.07494837790727615, 0.2302379608154297]",-0.9942999211323645,-0.9942999211323645
GMM,2,777,test,5,"[-0.3250738959759474, -0.17281902953982353]",-0.9867942614885582,-0.9867942614885582
GMM,2,777,test,6,"[-0.516744976863265, 0.7827095314860344]",-0.9159697502947702,-0.9159697502947702
GMM,2,777,test,7,"[0.7670706361532211, -0.8694243915379047]",-0.8748512773894428,-0.8748512773894428
GMM,2,777,test,8,"[0.9729039762169123, 0.2993247825652361]",-0.9016909147029659,-0.9016909147029659
GMM,2,777,test,9,"[-0.7227768898010254, -0.35323635675013065]",-0.9376996012364552,-0.9376996012364552
GMM,2,777,test,10,"[-0.4314963296055794, 0.7424284461885691]",-0.9290751136008412,-0.9290751136008412
GMM,2,777,test,11,"[0.18117241747677326, -0.6592247653752565]",-0.9547695030753318,-0.9547695030753318
GMM,2,777,test,12,"[0.4976659547537565, 0.942147558555007]",-0.8927351590821084,-0.8927351590821084
GMM,2,777,test,13,"[-0.2478153072297573, -0.9062144290655851]",-0.9161044983005752,-0.9161044983005752
GMM,2,777,test,14,"[-0.9062765873968601, 0.014157531782984734]",-0.9214734726025728,-0.9214734726025728
GMM,2,777,test,15,"[0.6565917637199163, -0.0832966472953558]",-0.9573422388051294,-0.9573422388051294
GMM,2,777,test,16,"[0.7169424556195736, 0.1093582846224308]",-0.9489161662734334,-0.9489161662734334
GMM,2,777,test,17,"[-0.9672595057636499, -0.05157242715358734]",-0.9108161553882909,-0.9108161553882909
GMM,2,777,test,18,"[-0.12865050323307514, 0.9114018343389034]",-0.9188756456109458,-0.9188756456109458
GMM,2,777,test,19,"[0.378797922283411, -0.9984836205840111]",-0.8929271659186196,-0.8929271659186196
GMM,2,777,test,20,"[0.1952933892607689, 0.650131106376648]",-0.9550566202359023,-0.9550566202359023
GMM,2,777,test,21,"[-0.44496755115687847, -0.6899986378848553]",-0.9352716776735416,-0.9352716776735416
GMM,2,777,test,22,"[-0.6507573332637548, 0.33108096569776535]",-0.9483201702804821,-0.9483201702804821
GMM,2,777,test,23,"[0.9006321132183075, -0.2580036409199238]",-0.9162384411073143,-0.9162384411073143
GMM,2,777,test,24,"[0.858418608084321, 0.8134547788649797]",-0.8695388424998873,-0.8695388424998873
GMM,2,777,test,25,"[-0.6087423413991928, -0.777155676856637]",-0.9076673311423341,-0.9076673311423341
GMM,2,777,test,26,"[-0.29943688958883286, 0.13503768481314182]",-0.9894612216153355,-0.9894612216153355
GMM,2,777,test,27,"[0.04956427402794361, -0.20454277284443378]",-0.9958207409424777,-0.9958207409424777
GMM,2,777,test,28,"[0.3660645168274641, 0.4284445699304342]",-0.968847668000154,-0.968847668000154
GMM,2,777,test,29,"[-0.11574916169047356, -0.4819901715964079]",-0.9760722829212783,-0.9760722829212783
GMM,2,777,test,30,"[-0.7922487445175648, 0.6211212854832411]",-0.9038812989852448,-0.9038812989852448
GMM,2,777,test,31,"[0.5420996900647879, -0.5382835771888494]",-0.9436909603797329,-0.9436909603797329
GMM,2,777,test,32,"[0.5207429379224777, 0.4714027252048254]",-0.9519540875505716,-0.9519540875505716
GMM,2,777,test,33,"[-0.7708846982568502, -0.43116614036262035]",-0.9253516285279474,-0.9253516285279474
GMM,2,777,test,34,"[-0.07095145992934704, 0.5391025375574827]",-0.970987835752987,-0.970987835752987
GMM,2,777,test,35,"[0.3212587907910347, -0.6125432010740042]",-0.9536977974811892,-0.9536977974811892
GMM,2,777,test,36,"[0.012578833848237991, 0.7704735267907381]",-0.9424476399275884,-0.9424476399275884
GMM,2,777,test,37,"[-0.26244390197098255, -0.8278960529714823]",-0.9278766668960736,-0.9278766668960736
GMM,2,777,test,38,"[-0.5795733276754618, 0.21707952953875065]",-0.9626501096209925,-0.9626501096209925
GMM,2,777,test,39,"[0.8292418234050274, -0.13036680407822132]",-0.9321809057483242,-0.9321809057483242
GMM,2,777,test,40,"[0.910273602232337, 0.7008922249078751]",-0.8764209293194999,-0.8764209293194999
GMM,2,777,test,41,"[-0.6604067720472813, -0.6469813846051693]",-0.9185431931626885,-0.9185431931626885
GMM,2,777,test,42,"[-0.4936680756509304, 0.2568804398179054]",-0.9697121239086346,-0.9697121239086346
GMM,2,777,test,43,"[0.24400116316974163, -0.34008530154824257]",-0.9829163595129864,-0.9829163595129864
GMM,2,777,test,44,"[0.43531070835888386, 0.058558810502290726]",-0.9810577569242585,-0.9810577569242585
GMM,2,777,test,45,"[-0.18517101556062698, -0.09449076652526855]",-0.995912403462747,-0.995912403462747
GMM,2,777,test,46,"[-0.9690887331962585, 0.9856407158076763]",-0.8264132141568329,-0.8264132141568329
GMM,2,777,test,47,"[0.7187791559845209, -0.916500873863697]",-0.8738126412230628,-0.8738126412230628
GMM,2,777,test,48,"[0.654755026102066, 0.8914150800555944]",-0.8849109594482525,-0.8849109594482525
GMM,2,777,test,49,"[-0.9044473972171545, -0.9492031019181013]",-0.8427424094461229,-0.8427424094461229
GMM,2,777,test,50,"[-0.19129477255046368, 0.08832560293376446]",-0.9957589814160533,-0.9957589814160533
GMM,2,777,test,51,"[0.4411531910300255, -0.001247381791472435]",-0.9809054833369162,-0.9809054833369162
GMM,2,777,test,52,"[0.13246462121605873, 0.35015671141445637]",-0.9862076889389696,-0.9862076889389696
GMM,2,777,test,53,"[-0.38279582746326923, -0.310285622254014]",-0.9763122829484974,-0.9763122829484974
GMM,2,777,test,54,"[-0.713127413764596, 0.6681609246879816]",-0.9091525333199743,-0.9091525333199743
GMM,2,777,test,55,"[0.9632625244557858, -0.7412360925227404]",-0.8632123371979513,-0.8632123371979513
GMM,2,777,test,56,"[0.796247398480773, 0.1873122602701187]",-0.9354172632313367,-0.9354172632313367
GMM,2,777,test,57,"[-0.5459140129387379, -0.22361066564917564]",-0.9660955648628701,-0.9660955648628701
GMM,2,777,test,58,"[-0.3620668463408947, 0.8646996393799782]",-0.9160144303786335,-0.9160144303786335
GMM,2,777,test,59,"[0.11193385533988476, -0.7951933480799198]",-0.9380668291514016,-0.9380668291514016
GMM,2,777,test,60,"[0.30325195379555225, 0.571833360940218]",-0.9590628680752997,-0.9590628680752997
GMM,2,777,test,61,"[-0.05356123298406601, -0.5182889699935913]",-0.9735744854202136,-0.9735744854202136
GMM,2,777,test,62,"[-0.8546045273542404, 0.37812693044543266]",-0.9166635719234727,-0.9166635719234727
GMM,2,777,test,63,"[0.6047443989664316, -0.4609653428196907]",-0.9441649171387877,-0.9441649171387877
GMM,2,777,test,64,"[0.621935261413455, 0.20237255841493607]",-0.9582608862905381,-0.9582608862905381
GMM,2,777,test,65,"[-0.8715971671044827, -0.1445854939520359]",-0.9252677147591107,-0.9252677147591107
GMM,2,777,test,66,"[-0.03249460831284523, 0.7554010599851608]",-0.9445377693013478,-0.9445377693013478
GMM,2,777,test,67,"[0.2823225762695074, -0.8424802385270596]",-0.9246521024832357,-0.9246521024832357
GMM,2,777,test,68,"[0.09863395430147648, 0.5561319403350353]",-0.9687083470247366,-0.9687083470247366
GMM,2,777,test,69,"[-0.34899574518203735, -0.5960020795464516]",-0.9538241542836173,-0.9538241542836173
GMM,2,777,test,70,"[-0.5552771165966988, 0.4880666323006153]",-0.9470124445403786,-0.9470124445403786
GMM,2,777,test,71,"[0.8054427970200777, -0.41499051451683044]",-0.9215164261734053,-0.9215164261734053
GMM,2,777,test,72,"[0.951171763241291, 0.9689753782004118]",-0.8316798683160515,-0.8316798683160515
GMM,2,777,test,73,"[-0.7008079271763563, -0.9326779302209616]",-0.8733846337834588,-0.8733846337834588
GMM,2,777,test,74,"[-0.39101082645356655, 0.041527023538947105]",-0.98487776008538,-0.98487776008538
GMM,2,777,test,75,"[0.1408473700284958, -0.11103427223861217]",-0.9970000906754596,-0.9970000906754596
GMM,2,777,test,76,"[0.4571654312312603, 0.2719552908092737]",-0.9722253610890966,-0.9722253610890966
GMM,2,777,test,77,"[-0.20750528015196323, -0.3254987318068743]",-0.9855000204267431,-0.9855000204267431
GMM,2,777,test,78,"[-0.8844983596354723, 0.7156006265431643]",-0.878877922778012,-0.878877922778012
GMM,2,777,test,79,"[0.6346688158810139, -0.6327612642198801]",-0.9232657915115867,-0.9232657915115867
GMM,2,777,test,80,"[0.7417950909584761, 0.6848248317837715]",-0.903167819521212,-0.903167819521212
GMM,2,777,test,81,"[-0.9919674210250378, -0.7250604666769505]",-0.8604501047107558,-0.8604501047107558
GMM,2,777,test,82,"[-0.16603084281086922, 0.36718611419200897]",-0.9840395765531701,-0.9840395765531701
GMM,2,777,test,83,"[0.41636875830590725, -0.2937445007264614]",-0.9746369353829121,-0.9746369353829121
GMM,2,777,test,84,"[0.23268874920904636, 0.07325313612818718]",-0.9942327971422448,-0.9942327971422448
GMM,2,777,test,85,"[-0.4825233668088913, -0.015831567347049713]",-0.9772058915010928,-0.9772058915010928
GMM,2,777,test,86,"[-0.6756559833884239, 0.8767081089317799]",-0.8849123481355154,-0.8849123481355154
GMM,2,777,test,87,"[0.9252940136939287, -0.9634217917919159]",-0.8373278146531606,-0.8373278146531606
GMM,2,777,test,88,"[0.8190698847174644, 0.39283533208072186]",-0.9208960143267114,-0.9208960143267114
GMM,2,777,test,89,"[-0.5692336391657591, -0.4467452224344015]",-0.9493559401257331,-0.9493559401257331
GMM,2,777,test,90,"[-0.2764916028827429, 0.5869082119315863]",-0.9589253116620889,-0.9589253116620889
GMM,2,777,test,91,"[0.026855260133743286, -0.503702400252223]",-0.9752283176653443,-0.9752283176653443
GMM,2,777,test,92,"[0.34316476806998253, 0.8476678524166346]",-0.9198419960925536,-0.9198419960925536
GMM,2,777,test,93,"[-0.09299460984766483, -0.8117368537932634]",-0.9359441601011509,-0.9359441601011509
GMM,2,777,test,94,"[-0.7529155183583498, 0.1706469226628542]",-0.9424176524941286,-0.9424176524941286
GMM,2,777,test,95,"[0.5025754906237125, -0.23978772200644016]",-0.9697173033949638,-0.9697173033949638
GMM,2,777,test,96,"[0.5590922106057405, 0.7969294134527445]",-0.9096493799316908,-0.9096493799316908
GMM,2,777,test,97,"[-0.8094397261738777, -0.8547162283211946]",-0.8711996084590993,-0.8711996084590993
GMM,2,777,test,98,"[-0.09481990337371826, 0.24482476897537708]",-0.9932863439216166,-0.9932863439216166
GMM,2,777,test,99,"[0.3449977729469538, -0.15774394012987614]",-0.9859340991948609,-0.9859340991948609
GMM,2,777,test,100,"[0.036493292078375816, 0.44365748576819897]",-0.9804998823532899,-0.9804998823532899
GMM,2,777,test,101,"[-0.286136869341135, -0.40378900431096554]",-0.9761282347041593,-0.9761282347041593
GMM,2,777,test,102,"[-0.617937620729208, 0.5126466508954763]",-0.9377819445681449,-0.9377819445681449
GMM,2,777,test,103,"[0.8677818309515715, -0.5857230257242918]",-0.8966129151162416,-0.8966129151162416
GMM,2,777,test,104,"[0.8883125074207783, 0.03033291921019554]",-0.9242121164976627,-0.9242121164976627
GMM,2,777,test,105,"[-0.6386666912585497, -0.06663297861814499]",-0.9598879003609491,-0.9598879003609491
GMM,2,777,test,106,"[-0.4533504191786051, 0.9586889185011387]",-0.893791354221981,-0.893791354221981
GMM,2,777,test,107,"[0.20350826904177666, -0.8891847878694534]",-0.9207554149277871,-0.9207554149277871
GMM,2,777,test,108,"[0.39500854909420013, 0.7278440222144127]",-0.9337959504832268,-0.9337959504832268
GMM,2,777,test,109,"[-0.1446626242250204, -0.6742974705994129]",-0.9539903119141935,-0.9539903119141935
GMM,2,777,test,110,"[-0.9471731763333082, 0.2851063311100006]",-0.9071235981055783,-0.9071235981055783
GMM,2,777,test,111,"[0.6969935372471809, -0.36794308945536613]",-0.9400776033514341,-0.9400776033514341
GMM,2,777,test,112,"[0.679470332339406, 0.31490414775907993]",-0.9455743486678673,-0.9455743486678673
GMM,2,777,test,113,"[-0.9292926415801048, -0.2746687401086092]",-0.9107744884809356,-0.9107744884809356
GMM,2,777,test,114,"[-0.22887347638607025, 0.6335873622447252]",-0.955765766651135,-0.955765766651135
GMM,2,777,test,115,"[0.4785256627947092, -0.707030663266778]",-0.9301864139893657,-0.9301864139893657
GMM,2,777,test,116,"[0.1700278278440237, 0.9259886424988508]",-0.9152554482442388,-0.9152554482442388
GMM,2,777,test,117,"[-0.42018379643559456, -0.9834085311740637]",-0.8925774087173505,-0.8925774087173505
GMM,2,777,test,118,"[-0.7377971820533276, 0.12357816658914089]",-0.9458532215678549,-0.9458532215678549
GMM,2,777,test,119,"[0.9881533067673445, -0.03686426393687725]",-0.907042048681753,-0.907042048681753
GMM,2,777,test,120,"[0.7567308284342289, 0.6069028340280056]",-0.9102714016996637,-0.9102714016996637
GMM,2,777,test,121,"[-0.5065731573849916, -0.5529903098940849]",-0.9457126300088705,-0.9457126300088705
GMM,2,777,test,122,"[-0.3393504414707422, 0.41386014595627785]",-0.9719278112976519,-0.9719278112976519
GMM,2,777,test,123,"[0.08899595960974693, -0.49706287682056427]",-0.9751712258014844,-0.9751712258014844
GMM,2,777,test,124,"[0.2804895341396332, 0.15157904475927353]",-0.9900360315473665,-0.9900360315473665
GMM,2,777,test,125,"[-0.030669352039694786, -0.18751313164830208]",-0.9966349761401714,-0.9966349761401714
GMM,2,777,test,126,"[-0.8150729369372129, 0.8296301662921906]",-0.8737511393459085,-0.8737511393459085
GMM,2,777,test,127,"[0.5654185637831688, -0.7604920081794262]",-0.9146362011540378,-0.9146362011540378
GMM,2,777,test,128,"[0.5706857200711966, 0.26471600122749805]",-0.9613214099492376,-0.9613214099492376
GMM,2,777,test,129,"[-0.8205517716705799, -0.332173565402627]",-0.9250131567648661,-0.9250131567648661
GMM,2,777,test,130,"[-0.02146546170115471, 0.6930415276437998]",-0.953166300027009,-0.953166300027009
GMM,2,777,test,131,"[0.2711349409073591, -0.6548779774457216]",-0.9514385335627136,-0.9514385335627136
GMM,2,777,test,132,"[0.07982257194817066, 0.9934761580079794]",-0.9055194866024324,-0.9055194866024324
GMM,2,777,test,133,"[-0.329965315759182, -0.9085890185087919]",-0.9113788347249714,-0.9113788347249714
GMM,2,777,test,134,"[-0.5118708461523056, 0.050707994028925896]",-0.9741266096445641,-0.9741266096445641
GMM,2,777,test,135,"[0.7621791604906321, -0.10238724015653133]",-0.9427839334820203,-0.9427839334820203
GMM,2,777,test,136,"[0.9934185445308685, 0.5313124991953373]",-0.8808902473357223,-0.8808902473357223
GMM,2,777,test,137,"[-0.7432779278606176, -0.6202568262815475]",-0.911007051351103,-0.911007051351103
GMM,2,777,test,138,"[-0.4109818171709776, 0.4791773818433285]",-0.9611036646176923,-0.9611036646176923
GMM,2,777,test,139,"[0.16067131608724594, -0.42343714088201523]",-0.98001364409016,-0.98001364409016
GMM,2,777,test,140,"[0.46935418620705605, 0.20928961038589478]",-0.9740711827347533,-0.9740711827347533
GMM,2,777,test,141,"[-0.2194864321500063, -0.13808054849505424]",-0.9935365192583021,-0.9935365192583021
GMM,2,777,test,142,"[-0.9345884118229151, 0.7782483026385307]",-0.8628198960384629,-0.8628198960384629
GMM,2,777,test,143,"[0.6849205754697323, -0.8201671727001667]",-0.8926832241305998,-0.8926832241305998
GMM,2,777,test,144,"[0.6905686762183905, 0.8724739272147417]",-0.8836052102801976,-0.8836052102801976
GMM,2,777,test,145,"[-0.9408988989889622, -0.7874649558216333]",-0.8608378226942347,-0.8608378226942347
GMM,2,777,test,146,"[-0.15502434596419334, 0.17952283658087254]",-0.9945602069851822,-0.9945602069851822
GMM,2,777,test,147,"[0.4051584731787443, -0.23132391460239887]",-0.9787140915071437,-0.9787140915071437
GMM,2,777,test,148,"[0.2138394583016634, 0.38590109907090664]",-0.9808404011724474,-0.9808404011724474
GMM,2,777,test,149,"[-0.46353084594011307, -0.4532368313521147]",-0.9592001515234774,-0.9592001515234774
GMM,2,777,test,150,"[-0.6322113275527954, 0.5640438180416822]",-0.9309465752403537,-0.9309465752403537
GMM,2,777,test,151,"[0.8820687625557184, -0.526002099737525]",-0.9002951138238918,-0.9002951138238918
GMM,2,777,test,152,"[0.8613550513982773, 0.08047524467110634]",-0.9280523283125233,-0.9280523283125233
GMM,2,777,test,153,"[-0.6116652544587851, -0.009143397212028503]",-0.9635367646383208,-0.9635367646383208
GMM,2,777,test,154,"[-0.29650050215423107, 0.8992500565946102]",-0.9143763617534005,-0.9143763617534005
GMM,2,777,test,155,"[0.04664129763841629, -0.9412917122244835]",-0.9156342542706988,-0.9156342542706988
GMM,2,777,test,156,"[0.3553308732807636, 0.660310685634613]",-0.9454074685617427,-0.9454074685617427
GMM,2,777,test,157,"[-0.10499841161072254, -0.749132227152586]",-0.9448648710936177,-0.9448648710936177
GMM,2,777,test,158,"[-0.8029824439436197, 0.3579918071627617]",-0.9258932304013308,-0.9258932304013308
GMM,2,777,test,159,"[0.5528503768146038, -0.30237435176968575]",-0.9613443978300962,-0.9613443978300962
GMM,2,777,test,160,"[0.5080562476068735, 0.7345169335603714]",-0.9234060939950907,-0.9234060939950907
GMM,2,777,test,161,"[-0.758180782198906, -0.6670601032674313]",-0.9035384179581352,-0.9035384179581352
GMM,2,777,test,162,"[-0.08363809436559677, 0.3072211518883705]",-0.9900596891134024,-0.9900596891134024
GMM,2,777,test,163,"[0.33396277017891407, -0.3453858830034733]",-0.9774682333898663,-0.9774682333898663
GMM,2,777,test,164,"[0.017468241974711418, 0.006245899945497513]",-1.000154457807495,-1.000154457807495
GMM,2,777,test,165,"[-0.2673201374709606, -0.09113186597824097]",-0.9922866940622601,-0.9922866940622601
GMM,2,777,test,166,"[-0.5746838636696339, 0.9500438086688519]",-0.8842005174281286,-0.8842005174281286
GMM,2,777,test,167,"[0.8243656512349844, -0.8983638361096382]",-0.8625296315143054,-0.8625296315143054
GMM,2,777,test,168,"[0.9307728670537472, 0.46791412495076656]",-0.8972454847532259,-0.8972454847532259
GMM,2,777,test,169,"[-0.680923143401742, -0.3789676707237959]",-0.9414468010968977,-0.9414468010968977
GMM,2,777,test,170,"[-0.47316874749958515, 0.5210951995104551]",-0.9518447953610064,-0.9518447953610064
GMM,2,777,test,171,"[0.2234848476946354, -0.576831853017211]",-0.9628445540561096,-0.9628445540561096
GMM,2,777,test,172,"[0.4069836363196373, 0.7904225457459688]",-0.9240739744911465,-0.9240739744911465
GMM,2,777,test,173,"[-0.15685747377574444, -0.8616352025419474]",-0.9267200615742645,-0.9267200615742645
GMM,2,777,test,174,"[-0.99741574190557, 0.2225098107010126]",-0.901189808209345,-0.901189808209345
GMM,2,777,test,175,"[0.7470927536487579, -0.18059307523071766]",-0.942869126606517,-0.942869126606517
GMM,2,777,test,176,"[0.6283964607864618, 0.12730903923511505]",-0.9598740366617116,-0.9598740366617116
GMM,2,777,test,177,"[-0.8780716061592102, -0.2123173139989376]",-0.9220055782312534,-0.9220055782312534
GMM,2,777,test,178,"[-0.2176532819867134, 0.8211682811379433]",-0.9304954635546833,-0.9304954635546833
GMM,2,777,test,179,"[0.46752904541790485, -0.7693659998476505]",-0.9226713977066674,-0.9226713977066674
GMM,2,777,test,180,"[0.15102590434253216, 0.6133925206959248]",-0.9609775113588349,-0.9609775113588349
GMM,2,777,test,181,"[-0.4013439379632473, -0.5460579991340637]",-0.9555008780186232,-0.9555008780186232
GMM,2,777,test,182,"[-0.6945660747587681, 0.4361579529941082]",-0.9351849141242677,-0.9351849141242677
GMM,2,777,test,183,"[0.9447144772857428, -0.47420037537813187]",-0.8946514748543515,-0.8946514748543515
GMM,2,777,test,184,"[0.7991685383021832, 0.9192985501140356]",-0.8621572532494751,-0.8621572532494751
GMM,2,777,test,185,"[-0.5488522592931986, -0.9906325619667768]",-0.8802818992891415,-0.8802818992891415
GMM,2,777,test,186,"[-0.35914564318954945, 0.10144619457423687]",-0.9863748184463517,-0.9863748184463517
GMM,2,777,test,187,"[0.10899566486477852, -0.05940810404717922]",-0.9986598552916776,-0.9986598552916776
GMM,2,777,test,188,"[0.2925030067563057, 0.3389778006821871]",-0.9802727602611948,-0.9802727602611948
GMM,2,777,test,189,"[-0.042825816199183464, -0.2501527015119791]",-0.9938372237788048,-0.9938372237788048
GMM,2,777,test,190,"[-0.8653534110635519, 0.6422191355377436]",-0.8906470484833836,-0.8906470484833836
GMM,2,777,test,191,"[0.6154798716306686, -0.6978344339877367]",-0.9175489462037425,-0.9175489462037425
GMM,2,777,test,192,"[0.5955767370760441, 0.966463340446353]",-0.879137067624602,-0.879137067624602
GMM,2,777,test,193,"[-0.8452212978154421, -0.8814560230821371]",-0.8620752582055591,-0.8620752582055591
GMM,2,777,test,194,"[-0.058853188529610634, 0.022543122991919518]",-0.9997930035563195,-0.9997930035563195
GMM,2,777,test,195,"[0.3086983822286129, -0.07434636168181896]",-0.9901671120018919,-0.9901671120018919
GMM,2,777,test,196,"[0.11719527840614319, 0.29288087226450443]",-0.9902319544763035,-0.9902319544763035
GMM,2,777,test,197,"[-0.36754377745091915, -0.36021444387733936]",-0.974178317223015,-0.974178317223015
GMM,2,777,test,198,"[-0.5367158483713865, 0.7200543452054262]",-0.9226969996274863,-0.9226969996274863
GMM,2,777,test,199,"[0.7868947014212608, -0.6820109728723764]",-0.897726633211923,-0.897726633211923
GMM,2,777,test,200,"[0.9540929514914751, 0.2369738295674324]",-0.9080069234900574,-0.9080069234900574
GMM,2,777,test,201,"[-0.7037461027503014, -0.16564077511429787]",-0.949389962177216,-0.949389962177216
GMM,2,777,test,202,"[-0.38808970153331757, 0.8047652095556259]",-0.9234271753183556,-0.9234271753183556
GMM,2,777,test,203,"[0.13790913857519627, -0.8468042574822903]",-0.9295907496577192,-0.9295907496577192
GMM,2,777,test,204,"[0.4464165326207876, 0.5047955922782421]",-0.9556992433187663,-0.9556992433187663
GMM,2,777,test,205,"[-0.19676979258656502, -0.593619741499424]",-0.9620417758276291,-0.9620417758276291
GMM,2,777,test,206,"[-0.89524732157588, 0.45149316266179085]",-0.9046595984041235,-0.9046595984041235
GMM,2,777,test,207,"[0.6454042475670576, -0.3958769142627716]",-0.9446020220324626,-0.9446020220324626
GMM,2,777,test,208,"[0.7291084416210651, 0.421695364639163]",-0.9316144266927049,-0.9316144266927049
GMM,2,777,test,209,"[-0.9792634267359972, -0.48915124498307705]",-0.8875573532603855,-0.8875573532603855
GMM,2,777,test,210,"[-0.17871754802763462, 0.5990522410720587]",-0.9618022724372084,-0.9618022724372084
GMM,2,777,test,211,"[0.42907268926501274, -0.5608865600079298]",-0.9517426813578321,-0.9517426813578321
GMM,2,777,test,212,"[0.23757819831371307, 0.8374655041843653]",-0.9270980315228717,-0.9270980315228717
GMM,2,777,test,213,"[-0.4873995240777731, -0.7525804955512285]",-0.9232495827590519,-0.9232495827590519
GMM,2,777,test,214,"[-0.6707665901631117, 0.14372857101261616]",-0.9542896668335961,-0.9542896668335961
GMM,2,777,test,215,"[0.9204177930951118, -0.1954095009714365]",-0.9155149011900017,-0.9155149011900017
GMM,2,777,test,216,"[0.8395691979676485, 0.6257981732487679]",-0.896222085183491,-0.896222085183491
GMM,2,777,test,217,"[-0.5897499397397041, -0.7147436775267124]",-0.9182040977381105,-0.9182040977381105
GMM,2,777,test,218,"[-0.2559923529624939, 0.32267819344997406]",-0.9833407482421259,-0.9833407482421259
GMM,2,777,test,219,"[0.006338903680443764, -0.2669405899941921]",-0.9931565590067319,-0.9931565590067319
GMM,2,777,test,220,"[0.31483774445950985, 0.11578885838389397]",-0.988965535283197,-0.988965535283197
GMM,2,777,test,221,"[-0.06468099728226662, -0.044577158987522125]",-0.9995878108831722,-0.9995878108831722
GMM,2,777,test,222,"[-0.7812426052987576, 0.9337625689804554]",-0.8624892746674718,-0.8624892746674718
GMM,2,777,test,223,"[0.5308890473097563, -0.9756802618503571]",-0.8846357222277353,-0.8846357222277353
GMM,2,777,test,224,"[0.5327183827757835, 0.03379851207137108]",-0.9720793662049929,-0.9720793662049929
GMM,2,777,test,225,"[-0.7830791901797056, -0.11880844086408615]",-0.9395215715781408,-0.9395215715781408
GMM,2,777,test,226,"[-0.1211936678737402, 0.9766885079443455]",-0.907785672738893,-0.907785672738893
GMM,2,777,test,227,"[0.37135836482048035, -0.9248883873224258]",-0.9060823201208867,-0.9060823201208867
GMM,2,777,test,228,"[0.055039312690496445, 0.7078722342848778]",-0.9509362439631499,-0.9509362439631499
GMM,2,777,test,229,"[-0.3047002349048853, -0.6405355520546436]",-0.9513566683481921,-0.9513566683481921
GMM,2,777,test,230,"[-0.5993915367871523, 0.27966853976249695]",-0.9574211905057178,-0.9574211905057178
GMM,2,777,test,231,"[0.8492185212671757, -0.3177093081176281]",-0.921367429982091,-0.921367429982091
GMM,2,777,test,232,"[0.8912489097565413, 0.7632971946150064]",-0.8714261973765987,-0.8714261973765987
GMM,2,777,test,233,"[-0.6415896825492382, -0.834629999473691]",-0.8956564405583459,-0.8956564405583459
GMM,2,777,test,234,"[-0.4504139609634876, 0.1944612879306078]",-0.9764252868217396,-0.9764252868217396
GMM,2,777,test,235,"[0.20058534108102322, -0.15242058970034122]",-0.9938949994579378,-0.9938949994579378
GMM,2,777,test,236,"[0.3842748645693064, 0.4959626477211714]",-0.9614973152764211,-0.9614973152764211
GMM,2,777,test,237,"[-0.13391195237636566, -0.4071401562541723]",-0.9821130978149919,-0.9821130978149919
GMM,2,777,test,238,"[-0.9579068049788475, 0.5482205506414175]",-0.885639126836228,-0.885639126836228
GMM,2,777,test,239,"[0.7077442724257708, -0.6038370560854673]",-0.9175186916804776,-0.9175186916804776
GMM,2,777,test,240,"[0.666768379509449, 0.5789963565766811]",-0.9250627148613707,-0.9250627148613707
GMM,2,777,test,241,"[-0.9166039805859327, -0.5115378424525261]",-0.8961375562742089,-0.8961375562742089
GMM,2,777,test,242,"[-0.24157536588609219, 0.40073180571198463]",-0.9784964989766755,-0.9784964989766755
GMM,2,777,test,243,"[0.4912143796682358, -0.4388944059610367]",-0.9578662061150468,-0.9578662061150468
GMM,2,777,test,244,"[0.17490197345614433, 0.16273518651723862]",-0.9944602712627693,-0.9944602712627693
GMM,2,777,test,245,"[-0.4250752869993448, -0.2476232834160328]",-0.9763777635143999,-0.9763777635143999
GMM,2,777,test,246,"[-0.7329229731112719, 0.8555644452571869]",-0.8810431542392861,-0.8810431542392861
GMM,2,777,test,247,"[0.9832618720829487, -0.8038861565291882]",-0.8516364578374868,-0.8516364578374868
GMM,2,777,test,248,"[0.7772453557699919, 0.3748998586088419]",-0.9283443439947117,-0.9283443439947117
GMM,2,777,test,249,"[-0.5270742736756802, -0.28595458157360554]",-0.9649938051326373,-0.9649938051326373
GMM,2,777,test,250,"[-0.31883585825562477, 0.6770959515124559]",-0.9456720449582454,-0.9456720449582454
GMM,2,777,test,251,"[0.06849490664899349, -0.7328352425247431]",-0.9477419872280752,-0.9477419872280752
GMM,2,777,test,252,"[0.2521777246147394, 0.8844217341393232]",-0.9189723243859744,-0.9189723243859744
GMM,2,777,test,253,"[-0.002340555191040039, -0.9556317534297705]",-0.9133551135756692,-0.9133551135756692
GMM,2,777,test,254,"[-0.8433846905827522, 0.06552413664758205]",-0.9312570567205513,-0.9312570567205513
GMM,2,777,test,255,"[0.5937474239617586, -0.023606223985552788]",-0.9654915206248812,-0.9654915206248812
Rastrigin,2,42,context,0,"[-0.535237479954958, 0.04895091988146305]",8.184015812559053,8.184015812559053
Rastrigin,2,42,context,1,"[0.5407107882201672, -0.39160280115902424]",12.725152720492755,12.725152720492755
Rastrigin,2,42,context,2,"[0.4735081922262907, 0.8117420226335526]",20.66613360791053,20.66613360791053
Rastrigin,2,42,context,3,"[-0.47800459153950214, -0.6524398140609264]",17.398818827540147,17.398818827540147
Rastrigin,2,42,context,4,"[-0.17799975909292698, 0.5451287906616926]",9.590425144099095,9.590425144099095
Rastrigin,2,42,context,5,"[0.183474725112319, -0.8877806421369314]",18.571165641178315,18.571165641178315
Rastrigin,2,42,context,6,"[0.8657819963991642, 0.2843599356710911]",19.75058763176301,19.75058763176301
Rastrigin,2,42,context,7,"[-0.870280560106039, -0.12505775690078735]",17.42850661924496,17.42850661924496
Rastrigin,2,42,context,8,"[-0.9879228286445141, 0.8880006391555071]",33.91261289947877,33.91261289947877
Rastrigin,2,42,context,9,"[0.9980748780071735, -0.5453506950289011]",25.064872276811226,25.064872276811226
Rastrigin,2,42,context,10,"[0.05020173452794552, 0.1252802535891533]",0.6011081273968628,0.6011081273968628
Rastrigin,2,42,context,11,"[-0.06132997013628483, -0.2845805324614048]",2.6951054501024636,2.6951054501024636
Rastrigin,2,42,test,0,"[0.9731974676251411, -0.8214943446218967]",32.11668883503293,32.11668883503293
Rastrigin,2,42,test,1,"[-0.3058290369808674, 0.17962823063135147]",3.985747144456912,3.985747144456912
Rastrigin,2,42,test,2,"[-0.9650341887027025, -0.4635791424661875]",25.88098740934511,25.88098740934511
Rastrigin,2,42,test,3,"[0.251553351059556, 0.5355905760079622]",9.971995492096006,9.971995492096006
Rastrigin,2,42,test,4,"[0.03014710173010826, -0.20283756963908672]",1.371257267233247,1.371257267233247
Rastrigin,2,42,test,5,"[-0.6908883824944496, 0.7982826288789511]",27.02914880979917,27.02914880979917
Rastrigin,2,42,test,6,"[-0.03748675249516964, -0.5900461003184319]",9.572185547416707,9.572185547416707
Rastrigin,2,42,test,7,"[0.7458656262606382, 0.40912124142050743]",19.185924010274622,19.185924010274622
Rastrigin,2,42,test,8,"[0.506709486246109, -0.2644520942121744]",9.475312093396875,9.475312093396875
Rastrigin,2,42,test,9,"[-0.21432503685355186, 0.7344098258763552]",15.217017051384246,15.217017051384246
Rastrigin,2,42,test,10,"[-0.5609239134937525, -0.9036146737635136]",24.358802005767135,24.358802005767135
Rastrigin,2,42,test,11,"[0.2224275041371584, 0.09720057994127274]",1.921260348689536,1.921260348689536
Rastrigin,2,42,test,12,"[0.4966348893940449, -0.6331098303198814]",17.97811056483983,17.97811056483983
Rastrigin,2,42,test,13,"[-0.7823906689882278, 0.36575448140501976]",17.737326325898813,17.737326325898813
Rastrigin,2,42,test,14,"[-0.44159638695418835, -0.02714676968753338]",5.877515321596576,5.877515321596576
Rastrigin,2,42,test,15,"[0.7749902065843344, 0.9736708756536245]",30.896480994742763,30.896480994742763
Rastrigin,2,42,test,16,"[0.861433781683445, -0.1234403233975172]",16.356856226014465,16.356856226014465
Rastrigin,2,42,test,17,"[-0.42162104323506355, 0.8756199683994055]",22.866307359572097,22.866307359572097
Rastrigin,2,42,test,18,"[-0.8229055125266314, -0.7323248162865639]",28.549882724313587,28.549882724313587
Rastrigin,2,42,test,19,"[0.3974662069231272, 0.2686888091266155]",7.1744958108976675,7.1744958108976675
Rastrigin,2,42,test,20,"[0.1330898366868496, -0.9930661506950855]",19.956008926668375,19.956008926668375
Rastrigin,2,42,test,21,"[-0.5839173272252083, 0.005996517837047577]",9.40845035376724,9.40845035376724
Rastrigin,2,42,test,22,"[-0.17280863784253597, -0.3548888061195612]",4.846034645840785,4.846034645840785
Rastrigin,2,42,test,23,"[0.6067595612257719, 0.6461271960288286]",20.68517954310128,20.68517954310128
Rastrigin,2,42,test,24,"[0.6409016847610474, -0.5562685206532478]",19.177571232189855,19.177571232189855
Rastrigin,2,42,test,25,"[-0.07610451802611351, 0.4446862153708935]",6.143891051528957,6.143891051528957
Rastrigin,2,42,test,26,"[-0.6649952623993158, -0.16613712720572948]",12.697338885462816,12.697338885462816
Rastrigin,2,42,test,27,"[0.11457197554409504, 0.8328647520393133]",15.725215253263862,15.725215253263862
Rastrigin,2,42,test,28,"[0.35362066701054573, -0.4366417322307825]",9.628264218044569,9.628264218044569
Rastrigin,2,42,test,29,"[-0.929433211684227, 0.5643106121569872]",24.791762714132453,24.791762714132453
Rastrigin,2,42,test,30,"[-0.3307171743363142, -0.793574083596468]",17.316279280818886,17.316279280818886
Rastrigin,2,42,test,31,"[0.8896535988897085, 0.20542540401220322]",18.9428944292994,18.9428944292994
Rastrigin,2,42,test,32,"[0.9361200015991926, -0.47311170026659966]",22.661815740484926,22.661815740484926
Rastrigin,2,42,test,33,"[-0.34686616621911526, 0.5260725319385529]",11.78484041571058,11.78484041571058
Rastrigin,2,42,test,34,"[-0.8810203298926353, -0.8671523500233889]",32.40050415142179,32.40050415142179
Rastrigin,2,42,test,35,"[0.33940480276942253, 0.13398527540266514]",4.219956986193598,4.219956986193598
Rastrigin,2,42,test,36,"[0.0671586487442255, -0.5966418143361807]",9.983106891169507,9.983106891169507
Rastrigin,2,42,test,37,"[-0.649795101955533, 0.4025409948080778]",15.556050210617842,15.556050210617842
Rastrigin,2,42,test,38,"[-0.12155604735016823, -0.2358083724975586]",2.274108482449197,2.274108482449197
Rastrigin,2,42,test,39,"[0.6580808088183403, 0.7653278298676014]",24.644880565442328,24.644880565442328
Rastrigin,2,42,test,40,"[0.5905953552573919, -0.9097221363335848]",27.645596951433337,27.645596951433337
Rastrigin,2,42,test,41,"[-0.1263574492186308, 0.0911086443811655]",0.8010265520188611,0.8010265520188611
Rastrigin,2,42,test,42,"[-0.598118007183075, -0.2969345860183239]",12.817250841225494,12.817250841225494
Rastrigin,2,42,test,43,"[0.18151790276169777, 0.7019432783126831]",13.18949860224766,13.18949860224766
Rastrigin,2,42,test,44,"[0.41268167085945606, -0.036191076040267944]",5.193980331784873,5.193980331784873
Rastrigin,2,42,test,45,"[-0.8703035358339548, 0.9646411426365376]",34.40667446999193,34.40667446999193
Rastrigin,2,42,test,46,"[-0.4044572524726391, -0.6782795246690512]",16.25861940689984,16.25861940689984
Rastrigin,2,42,test,47,"[0.8159669190645218, 0.32059977762401104]",19.212013612460666,19.212013612460666
Rastrigin,2,42,test,48,"[0.7890641670674086, -0.7061980869621038]",26.438012397764425,26.438012397764425
Rastrigin,2,42,test,49,"[-0.4898936804383993, 0.29480054788291454]",9.586390389117492,9.586390389117492
Rastrigin,2,42,test,50,"[-0.7663436457514763, -0.06312648952007294]",14.40145692986517,14.40145692986517
Rastrigin,2,42,test,51,"[0.4502973072230816, 0.9359192289412022]",22.148930527658102,22.148930527658102
Rastrigin,2,42,test,52,"[0.20539639331400394, -0.333636786788702]",4.883247722902629,4.883247722902629
Rastrigin,2,42,test,53,"[-0.5155856776982546, 0.6673632711172104]",19.38637239371952,19.38637239371952
Rastrigin,2,42,test,54,"[-0.22942880168557167, -0.943501653149724]",18.60710169047706,18.60710169047706
Rastrigin,2,42,test,55,"[0.5539922341704369, 0.055545488372445107]",8.79747005967501,8.79747005967501
Rastrigin,2,42,test,56,"[0.6975835170596838, -0.1453733593225479]",12.772864020245526,12.772864020245526
Rastrigin,2,42,test,57,"[-0.02339760772883892, 0.8536125160753727]",16.23070449987063,16.23070449987063
Rastrigin,2,42,test,58,"[-0.7372411787509918, -0.5071923341602087]",21.166235173857046,21.166235173857046
Rastrigin,2,42,test,59,"[0.0461789108812809, 0.4937469344586134]",7.138284660978167,7.138284660978167
Rastrigin,2,42,test,60,"[0.29687625356018543, -0.7679356057196856]",17.49832705239237,17.49832705239237
Rastrigin,2,42,test,61,"[-0.9820806328207254, 0.23104883171617985]",19.174102170491036,19.174102170491036
Rastrigin,2,42,test,62,"[-0.25853098556399345, -0.37681620940566063]",6.453694436181742,6.453694436181742
Rastrigin,2,42,test,63,"[0.9581090062856674, 0.6241216212511063]",29.532383815795015,29.532383815795015
Rastrigin,2,42,test,64,"[0.9404505621641874, -0.22339683398604393]",18.498857338096826,18.498857338096826
Rastrigin,2,42,test,65,"[-0.2799211647361517, 0.7754193097352982]",17.38675945599079,17.38675945599079
Rastrigin,2,42,test,66,"[-0.9958246424794197, -0.6164686400443316]",30.153737498968585,30.153737498968585
Rastrigin,2,42,test,67,"[0.2872301898896694, 0.38430083729326725]",7.0913768844797005,7.0913768844797005
Rastrigin,2,42,test,68,"[0.05599393881857395, -0.8459599819034338]",16.25363893613622,16.25363893613622
Rastrigin,2,42,test,69,"[-0.7235742527991533, 0.1528585534542799]",13.46078477546294,13.46078477546294
Rastrigin,2,42,test,70,"[-0.0018709488213062286, -0.4860953241586685]",6.913340520074657,6.913340520074657
Rastrigin,2,42,test,71,"[0.715136207640171, 0.5146765448153019]",20.718647958138643,20.718647958138643
Rastrigin,2,42,test,72,"[0.532555615529418, -0.6594064850360155]",19.55362163226078,19.55362163226078
Rastrigin,2,42,test,73,"[-0.24701162986457348, 0.3417923841625452]",5.6319590943114175,5.6319590943114175
Rastrigin,2,42,test,74,"[-0.5253078788518906, -0.04758777841925621]",8.018545890958745,8.018545890958745
Rastrigin,2,42,test,75,"[0.1916983313858509, 0.951658234000206]",18.38816416295772,18.38816416295772
Rastrigin,2,42,test,76,"[0.46388726122677326, -0.28684239089488983]",8.841122508769166,8.841122508769166
Rastrigin,2,42,test,77,"[-0.7564835045486689, 0.7143541015684605]",26.04829997320928,26.04829997320928
Rastrigin,2,42,test,78,"[-0.47238659486174583, -0.9279620554298162]",22.5363731287162,22.5363731287162
Rastrigin,2,42,test,79,"[0.8106672763824463, 0.07128158025443554]",15.54307787512073,15.54307787512073
Rastrigin,2,42,test,80,"[0.8335692118853331, -0.9566071089357138]",33.67762313361834,33.67762313361834
Rastrigin,2,42,test,81,"[-0.38301833532750607, 0.044271333143115044]",4.557427541187932,4.557427541187932
Rastrigin,2,42,test,82,"[-0.8566251769661903, -0.31256672739982605]",20.072721189090746,20.072721189090746
Rastrigin,2,42,test,83,"[0.4224013350903988, 0.6863588578999043]",16.844976030547897,16.844976030547897
Rastrigin,2,42,test,84,"[0.17163150943815708, -0.0830751471221447]",1.1911944332884232,1.1911944332884232
Rastrigin,2,42,test,85,"[-0.6117208618670702, 0.9178009033203125]",28.327077877269232,28.327077877269232
Rastrigin,2,42,test,86,"[-0.14793454483151436, -0.6939088571816683]",12.70197190856904,12.70197190856904
Rastrigin,2,42,test,87,"[0.5731009319424629, 0.3050143364816904]",12.27274520552136,12.27274520552136
Rastrigin,2,42,test,88,"[0.6794436033815145, -0.394933819770813]",16.07744449153981,16.07744449153981
Rastrigin,2,42,test,89,"[-0.10390782169997692, 0.6041722483932972]",10.434047188160774,10.434047188160774
Rastrigin,2,42,test,90,"[-0.6401218920946121, -0.7577215787023306]",23.995234862482118,23.995234862482118
Rastrigin,2,42,test,91,"[0.08091263845562935, 0.2433378230780363]",2.117974850286327,2.117974850286327
Rastrigin,2,42,test,92,"[0.3257563281804323, -0.5184667278081179]",11.177870901597199,11.177870901597199
Rastrigin,2,42,test,93,"[-0.8908302579075098, 0.48064171709120274]",22.190412997110386,22.190412997110386
Rastrigin,2,42,test,94,"[-0.3644375465810299, -0.12637848779559135]",4.6727593446032465,4.6727593446032465
Rastrigin,2,42,test,95,"[0.9145880043506622, 0.874683290719986]",33.323805523193,33.323805523193
Rastrigin,2,42,test,96,"[0.8995309695601463, -0.5717795975506306]",24.581737970351135,24.581737970351135
Rastrigin,2,42,test,97,"[-0.31710997596383095, 0.4289748892188072]",8.748407811961227,8.748407811961227
Rastrigin,2,42,test,98,"[-0.9078470636159182, -0.21289531327784061]",19.46217632229242,19.46217632229242
Rastrigin,2,42,test,99,"[0.3711107764393091, 0.7859062571078539]",17.91494563786673,17.91494563786673
Rastrigin,2,42,test,100,"[0.09697587415575981, -0.4521556179970503]",6.452827871330657,6.452827871330657
Rastrigin,2,42,test,101,"[-0.6864451691508293, 0.5486003067344427]",19.99370849645961,19.99370849645961
Rastrigin,2,42,test,102,"[-0.08978903852403164, -0.8403331711888313]",15.801388606005514,15.801388606005514
Rastrigin,2,42,test,103,"[0.6311930399388075, 0.15846983715891838]",11.68918192976044,11.68918192976044
Rastrigin,2,42,test,104,"[0.620413288474083, -0.01413632370531559]",10.355894662692178,10.355894662692178
Rastrigin,2,42,test,105,"[-0.16300679370760918, 0.9850936848670244]",20.22660756532007,20.22660756532007
Rastrigin,2,42,test,106,"[-0.5663512293249369, -0.6542679853737354]",19.754554868758785,19.754554868758785
Rastrigin,2,42,test,107,"[0.15462988801300526, 0.3469154164195061]",4.497596146012572,4.497596146012572
Rastrigin,2,42,test,108,"[0.3760933615267277, -0.8837612643837929]",22.04996654298025,22.04996654298025
Rastrigin,2,42,test,109,"[-0.8405466377735138, 0.11546732112765312]",15.891759565689313,15.891759565689313
Rastrigin,2,42,test,110,"[-0.4312842320650816, -0.2768291812390089]",8.099581806380236,8.099581806380236
Rastrigin,2,42,test,111,"[0.8476726617664099, 0.7243527974933386]",29.039816341030594,29.039816341030594
Rastrigin,2,42,test,112,"[0.7651709243655205, -0.3738494645804167]",17.53742573958234,17.53742573958234
Rastrigin,2,42,test,113,"[-0.4552542008459568, 0.6250906344503164]",16.81089489912409,16.81089489912409
Rastrigin,2,42,test,114,"[-0.8039130438119173, -0.9817649349570274]",31.730875924606416,31.730875924606416
Rastrigin,2,42,test,115,"[0.47907311655581, 0.019128557294607162]",6.767306255318966,6.767306255318966
Rastrigin,2,42,test,116,"[0.24009690806269646, -0.7425043918192387]",15.831805428833986,15.831805428833986
Rastrigin,2,42,test,117,"[-0.5395399555563927, 0.25643426924943924]",10.142144684797216,10.142144684797216
Rastrigin,2,42,test,118,"[-0.20059195719659328, -0.10529612936079502]",1.6807192662009243,1.6807192662009243
Rastrigin,2,42,test,119,"[0.5163618009537458, 0.8955959249287844]",23.121005761258992,23.121005761258992
Rastrigin,2,42,test,120,"[0.7322837859392166, -0.8058288618922234]",28.092015480486705,28.092015480486705
Rastrigin,2,42,test,121,"[-0.04735211655497551, 0.19524606689810753]",1.3197113794784059,1.3197113794784059
Rastrigin,2,42,test,122,"[-0.7084036115556955, -0.4166664909571409]",18.30807992621257,18.30807992621257
Rastrigin,2,42,test,123,"[0.00854918546974659, 0.5824555214494467]",9.36834028962575,9.36834028962575
Rastrigin,2,42,test,124,"[0.27298277989029884, -0.18717297352850437]",3.5073970407121564,3.5073970407121564
Rastrigin,2,42,test,125,"[-0.9474413990974426, 0.8139033783227205]",31.674053353229652,31.674053353229652
Rastrigin,2,42,test,126,"[-0.29609967581927776, -0.5431362427771091]",10.880739000957531,10.880739000957531
Rastrigin,2,42,test,127,"[0.9868855383247137, 0.45598719269037247]",26.14921346000528,26.14921346000528
Rastrigin,2,42,test,128,"[0.9939967878162861, -0.30987715907394886]",20.29013536411803,20.29013536411803
Rastrigin,2,42,test,129,"[-0.2856314927339554, 0.6910012755542994]",15.197780301699192,15.197780301699192
Rastrigin,2,42,test,130,"[-0.9388667326420546, -0.9207224510610104]",34.47382650742833,34.47382650742833
Rastrigin,2,42,test,131,"[0.2780784424394369, 0.07820312678813934]",2.681089093262649,2.681089093262649
Rastrigin,2,42,test,132,"[0.0034534037113189697, -0.683414563536644]",12.022118803388103,12.022118803388103
Rastrigin,2,42,test,133,"[-0.7169783972203732, 0.3174614943563938]",15.413886905085013,15.413886905085013
Rastrigin,2,42,test,134,"[-0.05782041884958744, -0.039370229467749596]",0.16264371907571373,0.16264371907571373
Rastrigin,2,42,test,135,"[0.7251724172383547, 0.9595529716461897]",29.423857131191916,29.423857131191916
Rastrigin,2,42,test,136,"[0.5268914960324764, -0.8697859011590481]",25.171104392565557,25.171104392565557
Rastrigin,2,42,test,137,"[-0.1935412660241127, 0.1293201595544815]",1.7685342086794087,1.7685342086794087
Rastrigin,2,42,test,138,"[-0.5343837346881628, -0.4776937086135149]",14.804975875108052,14.804975875108052
Rastrigin,2,42,test,139,"[0.24861006252467632, 0.5233656857162714]",9.631370587878624,9.631370587878624
Rastrigin,2,42,test,140,"[0.47055984288454056, -0.24624755047261715]",8.338745191907957,8.338745191907957
Rastrigin,2,42,test,141,"[-0.8090693838894367, 0.752860901877284]",28.091075761653236,28.091075761653236
Rastrigin,2,42,test,142,"[-0.46230501122772694, -0.6090468913316727]",16.001115386114563,16.001115386114563
Rastrigin,2,42,test,143,"[0.7546411100775003, 0.39201489463448524]",19.056352387260382,19.056352387260382
Rastrigin,2,42,test,144,"[0.8586887307465076, -0.5097752213478088]",22.378561544772182,22.378561544772182
Rastrigin,2,42,test,145,"[-0.4247237294912338, 0.48904092982411385]",12.423634960014327,12.423634960014327
Rastrigin,2,42,test,146,"[-0.8358767908066511, -0.14991447888314724]",16.92525301872868,16.92525301872868
Rastrigin,2,42,test,147,"[0.38509670458734035, 0.8508550059050322]",19.44525591027393,19.44525591027393
Rastrigin,2,42,test,148,"[0.14562642574310303, -0.3872221279889345]",5.3409631705752005,5.3409631705752005
Rastrigin,2,42,test,149,"[-0.5710211955010891, 0.6115963999181986]",19.09507472463247,19.09507472463247
Rastrigin,2,42,test,150,"[-0.1695674154907465, -0.7802823893725872]",14.915493976719862,14.915493976719862
Rastrigin,2,42,test,151,"[0.6093971002846956, 0.2204894721508026]",11.891321551135265,11.891321551135265
Rastrigin,2,42,test,152,"[0.637814100831747, -0.07615596614778042]",10.893588828905377,10.893588828905377
Rastrigin,2,42,test,153,"[-0.07883448153734207, 0.9250429105013609]",18.111858284043684,18.111858284043684
Rastrigin,2,42,test,154,"[-0.6773803140968084, -0.7172640860080719]",24.21748863768702,24.21748863768702
Rastrigin,2,42,test,155,"[0.10158516280353069, 0.2819819338619709]",2.861407204259873,2.861407204259873
Rastrigin,2,42,test,156,"[0.3665013685822487, -0.9487100057303905]",23.306532015575833,23.306532015575833
Rastrigin,2,42,test,157,"[-0.9169120378792286, 0.05248647928237915]",17.30081894722936,17.30081894722936
Rastrigin,2,42,test,158,"[-0.32806465215981007, -0.33689521439373493]",6.903010815069559,6.903010815069559
Rastrigin,2,42,test,159,"[0.8929097894579172, 0.6623484138399363]",28.86935824527896,28.86935824527896
Rastrigin,2,42,test,160,"[0.9099181611090899, -0.890696594491601]",33.206437762763585,33.206437762763585
Rastrigin,2,42,test,161,"[-0.37344088591635227, 0.10824349708855152]",4.652968602661431,4.652968602661431
Rastrigin,2,42,test,162,"[-0.9018463306128979, -0.2534920163452625]",20.01915476278903,20.01915476278903
Rastrigin,2,42,test,163,"[0.31919582188129425, 0.7474014684557915]",16.127435789037264,16.127435789037264
Rastrigin,2,42,test,164,"[0.08747326396405697, -0.022047795355319977]",0.26970223525941606,0.26970223525941606
Rastrigin,2,42,test,165,"[-0.6291057001799345, 0.9768908731639385]",30.052317091233093,30.052317091233093
Rastrigin,2,42,test,166,"[-0.09490436315536499, -0.6299519520252943]",10.767798298992838,10.767798298992838
Rastrigin,2,42,test,167,"[0.6841135658323765, 0.3709401097148657]",16.65196422182965,16.65196422182965
Rastrigin,2,42,test,168,"[0.5640360806137323, -0.46085958555340767]",14.905250824371329,14.905250824371329
Rastrigin,2,42,test,169,"[-0.15254382975399494, 0.5402153357863426]",9.174818920218813,9.174818920218813
Rastrigin,2,42,test,170,"[-0.6183419264853001, -0.816811541095376]",24.502044284840323,24.502044284840323
Rastrigin,2,42,test,171,"[0.16067694872617722, 0.182310463860631]",1.9307282369439278,1.9307282369439278
Rastrigin,2,42,test,172,"[0.4333560150116682, -0.5795093458145857]",15.047649799592904,15.047649799592904
Rastrigin,2,42,test,173,"[-0.8500039931386709, 0.4215670134872198]",20.184995154138214,20.184995154138214
Rastrigin,2,42,test,174,"[-0.37840893119573593, -0.19035065919160843]",5.6336990193756655,5.6336990193756655
Rastrigin,2,42,test,175,"[0.8426341824233532, 0.8087727837264538]",30.4997650087478,30.4997650087478
Rastrigin,2,42,test,176,"[0.8020926136523485, -0.16333090513944626]",15.349767861707734,15.349767861707734
Rastrigin,2,42,test,177,"[-0.4774822536855936, 0.8374235890805721]",23.1886630536591,23.1886630536591
Rastrigin,2,42,test,178,"[-0.7635947577655315, -0.5515197943896055]",22.93052541991294,22.93052541991294
Rastrigin,2,42,test,179,"[0.4534190744161606, 0.4472817834466696]",12.01874231397387,12.01874231397387
Rastrigin,2,42,test,180,"[0.20216663740575314, -0.782963776960969]",16.314003451076267,16.314003451076267
Rastrigin,2,42,test,181,"[-0.5181965064257383, 0.21779214031994343]",9.073125671890242,9.073125671890242
Rastrigin,2,42,test,182,"[-0.24191585183143616, -0.42407578602433205]",7.212911170223439,7.212911170223439
Rastrigin,2,42,test,183,"[0.5411303974688053, 0.5747272148728371]",17.237429159852162,17.237429159852162
Rastrigin,2,42,test,184,"[0.7099799904972315, -0.7194571625441313]",25.24952286888408,25.24952286888408
Rastrigin,2,42,test,185,"[-0.010384099557995796, 0.27977285347878933]",2.502515055008697,2.502515055008697
Rastrigin,2,42,test,186,"[-0.7341039516031742, -0.11252137273550034]",13.972530635383063,13.972530635383063
Rastrigin,2,42,test,187,"[0.04894324392080307, 0.8886620365083218]",16.760217443168994,16.760217443168994
Rastrigin,2,42,test,188,"[0.29428100399672985, -0.34982332959771156]",6.565423244634342,6.565423244634342
Rastrigin,2,42,test,189,"[-0.9852948244661093, 0.6494052484631538]",27.627870583612918,27.627870583612918
Rastrigin,2,42,test,190,"[-0.2714078947901726, -0.9899663273245096]",19.725444101755606,19.725444101755606
Rastrigin,2,42,test,191,"[0.9456068985164165, 0.01121564395725727]",18.014887597960264,18.014887597960264
Rastrigin,2,42,test,192,"[0.9671128261834383, -0.6412640158087015]",27.237795541785335,27.237795541785335
Rastrigin,2,42,test,193,"[-0.2538606617599726, 0.35779626853764057]",6.068759084749507,6.068759084749507
Rastrigin,2,42,test,194,"[-0.9755206070840359, -0.0030753351747989655]",18.486964910251668,18.486964910251668
Rastrigin,2,42,test,195,"[0.307891845703125, 0.9979382827877998]",20.307094380778402,20.307094380778402
Rastrigin,2,42,test,196,"[0.03516319952905178, -0.27163299173116684]",2.4056482140682576,2.4056482140682576
Rastrigin,2,42,test,197,"[-0.7438013236969709, 0.7274296842515469]",26.16399813889079,26.16399813889079
Rastrigin,2,42,test,198,"[-0.028068050742149353, -0.8805211912840605]",16.62370385044972,16.62370385044972
Rastrigin,2,42,test,199,"[0.6885795779526234, 0.12049481831490993]",12.845574808361489,12.845574808361489
Rastrigin,2,42,test,200,"[0.5586010459810495, -0.21032268181443214]",9.967820909315124,9.967820909315124
Rastrigin,2,42,test,201,"[-0.220364423468709, 0.7906320467591286]",16.78430382801103,16.78430382801103
Rastrigin,2,42,test,202,"[-0.5046306438744068, -0.5672587398439646]",16.094306836802627,16.094306836802627
Rastrigin,2,42,test,203,"[0.21201793104410172, 0.4317431319504976]",6.964585221028749,6.964585221028749
Rastrigin,2,42,test,204,"[0.44367565028369427, -0.8299546670168638]",22.216398682049633,22.216398682049633
Rastrigin,2,42,test,205,"[-0.7772987987846136, 0.17099768482148647]",14.860218025462759,14.860218025462759
Rastrigin,2,42,test,206,"[-0.49895817786455154, -0.43981193751096725]",13.012887159641313,13.012887159641313
Rastrigin,2,42,test,207,"[0.7844552360475063, 0.5591875575482845]",23.68297900754975,23.68297900754975
Rastrigin,2,42,test,208,"[0.8210621047765017, -0.41402221471071243]",19.493078104573616,19.493078104573616
Rastrigin,2,42,test,209,"[-0.3958830628544092, 0.5871003679931164]",14.449931252024044,14.449931252024044
Rastrigin,2,42,test,210,"[-0.8598348759114742, -0.8012270610779524]",30.812678955356695,30.812678955356695
Rastrigin,2,42,test,211,"[0.41979339718818665, 0.19794266484677792]",6.668396716145502,6.668396716145502
Rastrigin,2,42,test,212,"[0.17440605722367764, -0.5326691661030054]",9.217766404387325,9.217766404387325
Rastrigin,2,42,test,213,"[-0.6085867863148451, 0.4684510249644518]",16.142332852462985,16.142332852462985
Rastrigin,2,42,test,214,"[-0.1349317580461502, -0.17476527765393257]",1.5968654826292834,1.5968654826292834
Rastrigin,2,42,test,215,"[0.5855000503361225, 0.8244020566344261]",23.74714778377315,23.74714778377315
Rastrigin,2,42,test,216,"[0.6665944401174784, -0.9687963705509901]",30.722195833064916,30.722195833064916
Rastrigin,2,42,test,217,"[-0.11639934964478016, 0.03006555698812008]",0.4774208496182908,0.4774208496182908
Rastrigin,2,42,test,218,"[-0.6427448876202106, -0.3628446236252785]",15.32340675973732,15.32340675973732
Rastrigin,2,42,test,219,"[0.07768786698579788, 0.6379706375300884]",10.902863526485888,10.902863526485888
Rastrigin,2,42,test,220,"[0.3288754653185606, -0.10014845803380013]",3.702962497543819,3.702962497543819
Rastrigin,2,42,test,221,"[-0.8880706634372473, 0.8987158462405205]",33.12455750127291,33.12455750127291
Rastrigin,2,42,test,222,"[-0.3520229831337929, -0.7393073532730341]",16.55051078381621,16.55051078381621
Rastrigin,2,42,test,223,"[0.927606251090765, 0.2615102846175432]",20.725930640926133,20.725930640926133
Rastrigin,2,42,test,224,"[0.8791849352419376, -0.060444699600338936]",16.567816791879736,16.567816791879736
Rastrigin,2,42,test,225,"[-0.3378289043903351, 0.9405539277940989]",22.514920527879497,22.514920527879497
Rastrigin,2,42,test,226,"[-0.9345283936709166, -0.6703056506812572]",30.037152840048122,30.037152840048122
Rastrigin,2,42,test,227,"[0.34504648111760616, 0.32874006032943726]",7.090075389055576,7.090075389055576
Rastrigin,2,42,test,228,"[0.12314628064632416, -0.9329996407032013]",18.73037709919345,18.73037709919345
Rastrigin,2,42,test,229,"[-0.6598999612033367, 0.0680004246532917]",11.434747795110303,11.434747795110303
Rastrigin,2,42,test,230,"[-0.06899266876280308, -0.2899395879358053]",2.819972186380621,2.819972186380621
Rastrigin,2,42,test,231,"[0.6513704676181078, 0.7091075610369444]",23.314634871942463,23.314634871942463
Rastrigin,2,42,test,232,"[0.5997093431651592, -0.619248878210783]",19.974557143998336,19.974557143998336
Rastrigin,2,42,test,233,"[-0.18333785980939865, 0.379736989736557]",5.578974437191928,5.578974437191928
Rastrigin,2,42,test,234,"[-0.592430954799056, -0.228141026571393]",11.537679161373347,11.537679161373347
Rastrigin,2,42,test,235,"[0.12793314270675182, 0.7727982345968485]",14.454582353127229,14.454582353127229
Rastrigin,2,42,test,236,"[0.4026230201125145, -0.49669299088418484]",12.146849998111648,12.146849998111648
Rastrigin,2,42,test,237,"[-0.814391765743494, 0.5022914540022612]",21.415408936804823,21.415408936804823
Rastrigin,2,42,test,238,"[-0.4110917020589113, -0.8585080504417419]",20.111697677401867,20.111697677401867
Rastrigin,2,42,test,239,"[0.8684841189533472, 0.14242978766560555]",17.59106105103173,17.59106105103173
Rastrigin,2,42,test,240,"[0.7684301771223545, -0.7604666501283646]",27.56078736412739,27.56078736412739
Rastrigin,2,42,test,241,"[-0.4526119828224182, 0.23871758952736855]",7.811117527696599,7.811117527696599
Rastrigin,2,42,test,242,"[-0.7913944851607084, -0.39962162636220455]",20.215919301740175,20.215919301740175
Rastrigin,2,42,test,243,"[0.4919645693153143, 0.60151600651443]",16.56994584414911,16.56994584414911
Rastrigin,2,42,test,244,"[0.22709794342517853, -0.1369273979216814]",2.278115722788229,2.278115722788229
Rastrigin,2,42,test,245,"[-0.5519199781119823, 0.8622554037719965]",25.5699424272465,25.5699424272465
Rastrigin,2,42,test,246,"[-0.20330932177603245, -0.5309720002114773]",9.201108214562709,9.201108214562709
Rastrigin,2,42,test,247,"[0.5132696349173784, 0.4701641947031021]",14.069653101944953,14.069653101944953
Rastrigin,2,42,test,248,"[0.7349105887115002, -0.3254950549453497]",15.961228260173081,15.961228260173081
Rastrigin,2,42,test,249,"[-0.04410829395055771, 0.6753357332199812]",11.951311331337978,11.951311331337978
Rastrigin,2,42,test,250,"[-0.695497190579772, -0.9675874561071396]",28.700164285227658,28.700164285227658
Rastrigin,2,42,test,251,"[0.02108272723853588, 0.03129041567444801]",0.047358943134490517,0.047358943134490517
Rastrigin,2,42,test,252,"[0.26061784476041794, -0.6990352533757687]",14.987857840987289,14.987857840987289
Rastrigin,2,42,test,253,"[-0.9604252614080906, 0.30179695785045624]",19.74908558453115,19.74908558453115
Rastrigin,2,42,test,254,"[-0.29920737631618977, -0.08623612113296986]",3.0987177466271945,3.0987177466271945
Rastrigin,2,42,test,255,"[0.9841526243835688, 0.9126431737095118]",35.37381485783649,35.37381485783649
Rastrigin,2,101,context,0,"[0.47728329338133335, -0.5745701678097248]",15.894540385392453,15.894540385392453
Rastrigin,2,101,context,1,"[-0.4954230133444071, 0.1795007511973381]",8.061431831825775,8.061431831825775
Rastrigin,2,101,context,2,"[-0.9733543414622545, -0.3808609154075384]",24.134976305431707,24.134976305431707
Rastrigin,2,101,context,3,"[0.9915612954646349, 0.8726327996701002]",35.013193995612376,35.013193995612376
Rastrigin,2,101,context,4,"[0.5698416065424681, -0.09461454674601555]",9.23027778039843,9.23027778039843
Rastrigin,2,101,context,5,"[-0.5824292730540037, 0.6518009603023529]",20.494956843226113,20.494956843226113
Rastrigin,2,101,context,6,"[-0.07378955744206905, -0.916743678972125]",17.296300616332736,17.296300616332736
Rastrigin,2,101,context,7,"[0.08631761930882931, 0.3292762991040945]",3.628762710637332,3.628762710637332
Rastrigin,2,101,context,8,"[0.24973955564200878, -0.27790266647934914]",4.4696664871756155,4.4696664871756155
Rastrigin,2,101,context,9,"[-0.23080208711326122, 0.9755919054150581]",21.13778753714974,21.13778753714974
Rastrigin,2,101,context,10,"[-0.7379771824926138, -0.709773963317275]",25.764096313892132,25.764096313892132
Rastrigin,2,101,context,11,"[0.7191031333059072, 0.04430354945361614]",13.092036160114588,13.092036160114588
Rastrigin,2,101,test,0,"[0.16542432270944118, -0.11934832856059074]",1.3653345700522834,1.3653345700522834
Rastrigin,2,101,test,1,"[-0.6276340447366238, 0.57331757619977]",19.33916946499353,19.33916946499353
Rastrigin,2,101,test,2,"[-0.47006070241332054, -0.8671490717679262]",21.565566867376408,21.565566867376408
Rastrigin,2,101,test,3,"[0.9477580543607473, 0.3191542159765959]",22.277016407133416,22.277016407133416
Rastrigin,2,101,test,4,"[0.6055564153939486, -0.7131056394428015]",22.76581327519128,22.76581327519128
Rastrigin,2,101,test,5,"[-0.07007019221782684, 0.22960633970797062]",1.873318097648017,1.873318097648017
Rastrigin,2,101,test,6,"[-0.7852995842695236, -0.4609213322401047]",21.424998762563614,21.424998762563614
Rastrigin,2,101,test,7,"[0.2655756939202547, 0.975457951426506]",19.468872917496626,19.468872917496626
Rastrigin,2,101,test,8,"[0.41285552829504013, -0.9780940376222134]",24.96049948991499,24.96049948991499
Rastrigin,2,101,test,9,"[-0.8877757843583822, 0.46162715926766396]",21.7032276825623,21.7032276825623
Rastrigin,2,101,test,10,"[-0.23334098421037197, -0.2229724545031786]",3.3667864840956057,3.3667864840956057
Rastrigin,2,101,test,11,"[0.6925294622778893, 0.7084630411118269]",24.45995568626457,24.45995568626457
Rastrigin,2,101,test,12,"[0.8473572246730328, -0.3218968566507101]",18.223483120689913,18.223483120689913
Rastrigin,2,101,test,13,"[-0.32070584781467915, 0.8679004553705454]",20.508134823296196,20.508134823296196
Rastrigin,2,101,test,14,"[-0.5424917507916689, -0.566760241985321]",17.088073362802472,17.088073362802472
Rastrigin,2,101,test,15,"[0.0003221742808818817, 0.11472120881080627]",0.4349633703547404,0.4349633703547404
Rastrigin,2,101,test,16,"[0.08657870069146156, -0.562415923923254]",9.194920931577759,9.194920931577759
Rastrigin,2,101,test,17,"[-0.6127875987440348, 0.01445109024643898]",10.156509696818402,10.156509696818402
Rastrigin,2,101,test,18,"[-0.26621817983686924, -0.29898992367088795]",5.0823314771728505,5.0823314771728505
Rastrigin,2,101,test,19,"[0.8079147078096867, 0.7529901843518019]",28.557763924745345,28.557763924745345
Rastrigin,2,101,test,20,"[0.6541521996259689, -0.15615788660943508]",11.782700335649164,11.782700335649164
Rastrigin,2,101,test,21,"[-0.17778233997523785, 0.6706635300070047]",12.99364901022891,12.99364901022891
Rastrigin,2,101,test,22,"[-0.9588984679430723, -0.8927164971828461]",34.58311577017422,34.58311577017422
Rastrigin,2,101,test,23,"[0.49829094111919403, 0.4091871380805969]",12.328516037415293,12.328516037415293
Rastrigin,2,101,test,24,"[0.335019851103425, -0.4182700626552105]",8.828389242779792,8.828389242779792
Rastrigin,2,101,test,25,"[-0.8719251230359077, 0.9037296362221241]",33.024987620634,33.024987620634
Rastrigin,2,101,test,26,"[-0.03050268441438675, -0.6577659118920565]",11.325093251296089,11.325093251296089
Rastrigin,2,101,test,27,"[0.5516761783510447, 0.14126901142299175]",9.363654633295914,9.363654633295914
Rastrigin,2,101,test,28,"[0.8930567037314177, -0.7619660403579473]",29.641351570812915,29.641351570812915
Rastrigin,2,101,test,29,"[-0.43132003024220467, 0.30995706655085087]",8.518869714528284,8.518869714528284
Rastrigin,2,101,test,30,"[-0.7131886072456837, -0.0014774352312088013]",12.783247329573427,12.783247329573427
Rastrigin,2,101,test,31,"[0.23593373410403728, 0.5475120097398758]",10.035324649881929,10.035324649881929
Rastrigin,2,101,test,32,"[0.20275953970849514, -0.8283228985965252]",17.462516418427185,17.462516418427185
Rastrigin,2,101,test,33,"[-0.7231090627610683, 0.34481169655919075]",16.05250652198895,16.05250652198895
Rastrigin,2,101,test,34,"[-0.3823980651795864, -0.09173773415386677]",4.805047684337932,4.805047684337932
Rastrigin,2,101,test,35,"[0.9182352181524038, 0.6062843631953001]",28.21183914845551,28.21183914845551
Rastrigin,2,101,test,36,"[0.5105675328522921, -0.4846107866615057]",14.25043831252976,14.25043831252976
Rastrigin,2,101,test,37,"[-0.032244548201560974, 0.9385700020939112]",18.008427028491077,18.008427028491077
Rastrigin,2,101,test,38,"[-0.815312847495079, -0.7480404525995255]",28.659457786958313,28.659457786958313
Rastrigin,2,101,test,39,"[0.35275219567120075, 0.2000575214624405]",5.20528488085456,5.20528488085456
Rastrigin,2,101,test,40,"[0.43752797693014145, -0.19099774584174156]",6.8329009082427135,6.8329009082427135
Rastrigin,2,101,test,41,"[-0.9802926238626242, 0.737004641443491]",29.937145236600088,29.937145236600088
Rastrigin,2,101,test,42,"[-0.13301176391541958, -0.9515055138617754]",18.033887706613875,18.033887706613875
Rastrigin,2,101,test,43,"[0.6600446328520775, 0.49946129135787487]",18.80652652681075,18.80652652681075
Rastrigin,2,101,test,44,"[0.7553303353488445, -0.5972701068967581]",22.764664175586702,22.764664175586702
Rastrigin,2,101,test,45,"[-0.29554678685963154, 0.08080851472914219]",2.9752861974005924,2.9752861974005924
Rastrigin,2,101,test,46,"[-0.575463192537427, -0.35776272416114807]",13.34333209847626,13.34333209847626
Rastrigin,2,101,test,47,"[0.10016144439578056, 0.8432499170303345]",15.892600189800064,15.892600189800064
Rastrigin,2,101,test,48,"[0.06096211448311806, -0.27140962705016136]",2.4870787559257934,2.4870787559257934
Rastrigin,2,101,test,49,"[-0.5212187115103006, 0.7859261967241764]",22.837596332781573,22.837596332781573
Rastrigin,2,101,test,50,"[-0.3655994478613138, -0.5236204881221056]",11.757440662254492,11.757440662254492
Rastrigin,2,101,test,51,"[0.8413436748087406, 0.040078310295939445]",16.047515624257194,16.047515624257194
Rastrigin,2,101,test,52,"[0.745234951376915, -0.9276210125535727]",31.437570673015692,31.437570673015692
Rastrigin,2,101,test,53,"[-0.20388935320079327, 0.3796690944582224]",5.830950483820658,5.830950483820658
Rastrigin,2,101,test,54,"[-0.9249790739268064, -0.1798166036605835]",19.31674180750124,19.31674180750124
Rastrigin,2,101,test,55,"[0.39939580857753754, 0.6338058412075043]",15.111166788255959,15.111166788255959
Rastrigin,2,101,test,56,"[0.29862877167761326, -0.6311471275985241]",13.765221860159002,13.765221860159002
Rastrigin,2,101,test,57,"[-0.7755021527409554, 0.17913388088345528]",14.890202945671508,14.890202945671508
Rastrigin,2,101,test,58,"[-0.11911327391862869, -0.38626457937061787]",5.00238101295265,5.00238101295265
Rastrigin,2,101,test,59,"[0.580254876986146, 0.9323015343397856]",25.23868410697762,25.23868410697762
Rastrigin,2,101,test,60,"[0.9889897238463163, -0.03737356327474117]",18.545984757894583,18.545984757894583
Rastrigin,2,101,test,61,"[-0.4681977219879627, 0.5228307340294123]",14.27937230860754,14.27937230860754
Rastrigin,2,101,test,62,"[-0.6841232962906361, -0.79250667989254]",25.885094311902108,25.885094311902108
Rastrigin,2,101,test,63,"[0.14781309477984905, 0.2760140746831894]",3.1334060683899807,3.1334060683899807
Rastrigin,2,101,test,64,"[0.12751160375773907, -0.7190412990748882]",13.723057925481417,13.723057925481417
Rastrigin,2,101,test,65,"[-0.6653019078075886, 0.20450564101338387]",12.540501182103377,12.540501182103377
Rastrigin,2,101,test,66,"[-0.44788001850247383, -0.4819937217980623]",12.66851930265588,12.66851930265588
Rastrigin,2,101,test,67,"[0.970182640478015, 0.9654939603060484]",35.62009078564739,35.62009078564739
Rastrigin,2,101,test,68,"[0.5701919142156839, -0.06275348924100399]",9.111998914578638,9.111998914578638
Rastrigin,2,101,test,69,"[-0.10567811876535416, 0.6107473764568567]",10.624749644004567,10.624749644004567
Rastrigin,2,101,test,70,"[-0.7654534950852394, -0.8256909400224686]",28.719960845792727,28.719960845792727
Rastrigin,2,101,test,71,"[0.2851774040609598, 0.37172074615955353]",6.794958197279037,6.794958197279037
Rastrigin,2,101,test,72,"[0.3878975063562393, -0.36320241913199425]",8.646800368303978,8.646800368303978
Rastrigin,2,101,test,73,"[-0.9129772316664457, 0.8152423538267612]",31.32228830459554,31.32228830459554
Rastrigin,2,101,test,74,"[-0.19240726344287395, -0.6232024747878313]",11.3636208121666,11.3636208121666
Rastrigin,2,101,test,75,"[0.7332188040018082, 0.07719987444579601]",13.657517187110379,13.657517187110379
Rastrigin,2,101,test,76,"[0.8205834068357944, -0.9569300767034292]",33.47408129162637,33.47408129162637
Rastrigin,2,101,test,77,"[-0.34723480977118015, 0.4714385811239481]",10.36679006377593,10.36679006377593
Rastrigin,2,101,test,78,"[-0.5004441384226084, -0.21694526076316833]",8.917891469490133,8.917891469490133
Rastrigin,2,101,test,79,"[0.042613688856363297, 0.7334111332893372]",13.250789824699307,13.250789824699307
Rastrigin,2,101,test,80,"[0.11266539618372917, -0.16169684752821922]",1.2787085796538946,1.2787085796538946
Rastrigin,2,101,test,81,"[-0.5864565242081881, 0.6452271081507206]",20.40182550836027,20.40182550836027
Rastrigin,2,101,test,82,"[-0.30803643353283405, -0.9143686909228563]",19.16274828770676,19.16274828770676
Rastrigin,2,101,test,83,"[0.7663398794829845, 0.39986404590308666]",19.545403794509333,19.545403794509333
Rastrigin,2,101,test,84,"[0.677904300391674, -0.5054853614419699]",18.67281657187861,18.67281657187861
Rastrigin,2,101,test,85,"[-0.15427414141595364, 0.05148419179022312]",0.8688732166549364,0.8688732166549364
Rastrigin,2,101,test,86,"[-0.9981685038655996, -0.2581726908683777]",22.050288108702876,22.050288108702876
Rastrigin,2,101,test,87,"[0.4587760493159294, 0.8061365187168121]",20.21222413482368,20.21222413482368
Rastrigin,2,101,test,88,"[0.37204708345234394, -0.8029358796775341]",19.928235932567542,19.928235932567542
Rastrigin,2,101,test,89,"[-0.8351417928934097, 0.2569022662937641]",17.016617576236037,17.016617576236037
Rastrigin,2,101,test,90,"[-0.051553741097450256, -0.05856056697666645]",0.20223474558397214,0.20223474558397214
Rastrigin,2,101,test,91,"[0.5303802657872438, 0.5105704795569181]",15.452650911874,15.452650911874
Rastrigin,2,101,test,92,"[0.9311978276818991, -0.39670940302312374]",20.968762081017257,20.968762081017257
Rastrigin,2,101,test,93,"[-0.39293452724814415, 0.9132053349167109]",23.109869962709247,23.109869962709247
Rastrigin,2,101,test,94,"[-0.7360554598271847, -0.6523185223340988]",24.468909209313374,24.468909209313374
Rastrigin,2,101,test,95,"[0.21331030689179897, 0.1668580025434494]",2.3923379402757625,2.3923379402757625
Rastrigin,2,101,test,96,"[0.22298686020076275, -0.44754717871546745]",7.668216007377314,7.668216007377314
Rastrigin,2,101,test,97,"[-0.7026373632252216, 0.9955310709774494]",32.063969140297246,32.063969140297246
Rastrigin,2,101,test,98,"[-0.4183569438755512, -0.6948635745793581]",16.945983046526294,16.945983046526294
Rastrigin,2,101,test,99,"[0.8825197648257017, 0.24090529792010784]",19.361792804232337,19.361792804232337
Rastrigin,2,101,test,100,"[0.5323665086179972, -0.8537898268550634]",24.8947479928098,24.8947479928098
Rastrigin,2,101,test,101,"[-0.010689474642276764, 0.3392422292381525]",3.6057788511569555,3.6057788511569555
Rastrigin,2,101,test,102,"[-0.8526297584176064, -0.10109136998653412]",16.779452992855568,16.779452992855568
Rastrigin,2,101,test,103,"[0.31519042886793613, 0.5846016258001328]",12.227177352001258,12.227177352001258
Rastrigin,2,101,test,104,"[0.48041458427906036, -0.5878249369561672]",16.33408125660742,16.33408125660742
Rastrigin,2,101,test,105,"[-0.9376499187201262, 0.10233864560723305]",17.707506062833218,17.707506062833218
Rastrigin,2,101,test,106,"[-0.15992219559848309, -0.33220422454178333]",4.2633266698275225,4.2633266698275225
Rastrigin,2,101,test,107,"[0.6328893452882767, 0.8486668150871992]",25.439667398729398,25.439667398729398
Rastrigin,2,101,test,108,"[0.7954245842993259, -0.24402201734483242]",16.032055820495774,16.032055820495774
Rastrigin,2,101,test,109,"[-0.255208158865571, 0.6960653308779001]",14.816429664632013,14.816429664632013
Rastrigin,2,101,test,110,"[-0.600283170118928, -0.9884165525436401]",26.36493834414656,26.36493834414656
Rastrigin,2,101,test,111,"[0.07558489218354225, 0.44240865111351013]",6.001922391235418,6.001922391235418
Rastrigin,2,101,test,112,"[0.02109627053141594, -0.8902217410504818]",16.998295208885086,16.998295208885086
Rastrigin,2,101,test,113,"[-0.5608396995812654, 0.43623340502381325]",14.230815718838087,14.230815718838087
Rastrigin,2,101,test,114,"[-0.3414656389504671, -0.12728056497871876]",4.203788653944194,4.203788653944194
Rastrigin,2,101,test,115,"[0.8657213859260082, 0.675233481451869]",28.470221221272055,28.470221221272055
Rastrigin,2,101,test,116,"[0.7040110751986504, -0.2964797969907522]",14.757204108540801,14.757204108540801
Rastrigin,2,101,test,117,"[-0.24535665474832058, 0.7800210658460855]",16.910201525194836,16.910201525194836
Rastrigin,2,101,test,118,"[-0.8992736097425222, -0.5335539877414703]",26.053276039317463,26.053276039317463
Rastrigin,2,101,test,119,"[0.42485689371824265, 0.019036412239074707]",5.468439620165395,5.468439620165395
Rastrigin,2,101,test,120,"[0.27562387473881245, -0.027531635016202927]",2.448016344696992,2.448016344696992
Rastrigin,2,101,test,121,"[-0.7987504750490189, 0.5440252013504505]",22.184863508048842,22.184863508048842
Rastrigin,2,101,test,122,"[-0.08013267815113068, -0.7675280440598726]",14.134221633696647,14.134221633696647
Rastrigin,2,101,test,123,"[0.6189910937100649, 0.28207181207835674]",13.134883277613033,13.134883277613033
Rastrigin,2,101,test,124,"[0.968075281009078, -0.6838357355445623]",28.3900298670478,28.3900298670478
Rastrigin,2,101,test,125,"[-0.48886730894446373, 0.13779781199991703]",7.502921365995242,7.502921365995242
Rastrigin,2,101,test,126,"[-0.6479350589215755, -0.4238164573907852]",16.75905605541959,16.75905605541959
Rastrigin,2,101,test,127,"[0.18424523435533047, 0.8758287578821182]",17.025979507020033,17.025979507020033
Rastrigin,2,101,test,128,"[0.17510530352592468, -0.9426525086164474]",19.605844406744446,19.605844406744446
Rastrigin,2,101,test,129,"[-0.6490185242146254, 0.48865894973278046]",17.588108080531025,17.588108080531025
Rastrigin,2,101,test,130,"[-0.49559652619063854, -0.1958205308765173]",8.51225689962103,8.51225689962103
Rastrigin,2,101,test,131,"[0.9537778794765472, 0.743776747956872]",32.007891966433185,32.007891966433185
Rastrigin,2,101,test,132,"[0.6154662854969501, -0.3489098120480776]",13.615438763929083,13.615438763929083
Rastrigin,2,101,test,133,"[-0.09171406365931034, 0.8324477206915617]",16.226050476604996,16.226050476604996
Rastrigin,2,101,test,134,"[-0.8106065187603235, -0.6020927838981152]",25.38559625893563,25.38559625893563
Rastrigin,2,101,test,135,"[0.2713361270725727, 0.08758049085736275]",2.6188697861987507,2.6188697861987507
Rastrigin,2,101,test,136,"[0.43448510579764843, -0.08484548330307007]",5.861865133862615,5.861865133862615
Rastrigin,2,101,test,137,"[-0.8977018631994724, 0.6013337671756744]",25.332910598794037,25.332910598794037
Rastrigin,2,101,test,138,"[-0.23911571875214577, -0.8389974292367697]",16.869120285817374,16.869120285817374
Rastrigin,2,101,test,139,"[0.7178201954811811, 0.353544557467103]",17.236468977047956,17.236468977047956
Rastrigin,2,101,test,140,"[0.868757912889123, -0.7411482948809862]",28.730667566964048,28.730667566964048
Rastrigin,2,101,test,141,"[-0.33037253469228745, 0.19510707072913647]",4.626064123974688,4.626064123974688
Rastrigin,2,101,test,142,"[-0.5484953746199608, -0.4952852092683315]",15.589853230078923,15.589853230078923
Rastrigin,2,101,test,143,"[0.025872299447655678, 0.947302732616663]",17.896282572462255,17.896282572462255
Rastrigin,2,101,test,144,"[0.06494960375130177, -0.3755844533443451]",4.511016339492526,4.511016339492526
Rastrigin,2,101,test,145,"[-0.6028620004653931, 0.9235706925392151]",28.257876395140766,28.257876395140766
Rastrigin,2,101,test,146,"[-0.26044201850891113, -0.6380411740392447]",12.614313983397796,12.614313983397796
Rastrigin,2,101,test,147,"[0.7826225478202105, 0.18407862819731236]",16.050340257249417,16.050340257249417
Rastrigin,2,101,test,148,"[0.6327519919723272, -0.7818264085799456]",25.302133151646455,25.302133151646455
Rastrigin,2,101,test,149,"[-0.16811613366007805, 0.26728313975036144]",3.223442606425799,3.223442606425799
Rastrigin,2,101,test,150,"[-0.9528934173285961, -0.04426774010062218]",18.352277308929576,18.352277308929576
Rastrigin,2,101,test,151,"[0.4727393891662359, 0.527775589376688]",14.349687763450166,14.349687763450166
Rastrigin,2,101,test,152,"[0.3253374360501766, -0.5187921077013016]",11.178652220755033,11.178652220755033
Rastrigin,2,101,test,153,"[-0.8505392093211412, 0.03330822288990021]",15.986035375736405,15.986035375736405
Rastrigin,2,101,test,154,"[-0.004967333748936653, -0.28026442788541317]",2.505837478801851,2.505837478801851
Rastrigin,2,101,test,155,"[0.5456568263471127, 0.7967226896435022]",22.189177722277705,22.189177722277705
Rastrigin,2,101,test,156,"[0.8831453993916512, -0.17498807795345783]",17.090427061814953,17.090427061814953
Rastrigin,2,101,test,157,"[-0.40967472456395626, 0.6270356606692076]",15.862310639371424,15.862310639371424
Rastrigin,2,101,test,158,"[-0.6878821458667517, -0.9364759437739849]",28.1638156793625,28.1638156793625
Rastrigin,2,101,test,159,"[0.2301737740635872, 0.3904656954109669]",6.309582711460742,6.309582711460742
Rastrigin,2,101,test,160,"[0.20853427052497864, -0.23365451395511627]",3.176984011374117,3.176984011374117
Rastrigin,2,101,test,161,"[-0.7483997922390699, 0.7171881347894669]",25.96875156423607,25.96875156423607
Rastrigin,2,101,test,162,"[-0.4040276389569044, -0.9711942579597235]",21.633291800310285,21.633291800310285
Rastrigin,2,101,test,163,"[0.9281612932682037, 0.4566843304783106]",24.912860233484402,24.912860233484402
Rastrigin,2,101,test,164,"[0.5165711529552937, -0.5774423945695162]",16.876518386474153,16.876518386474153
Rastrigin,2,101,test,165,"[-0.05779466964304447, 0.12344644777476788]",0.6145481112777347,0.6145481112777347
Rastrigin,2,101,test,166,"[-0.8367135319858789, -0.31499696895480156]",19.628056189026005,19.628056189026005
Rastrigin,2,101,test,167,"[0.36241887882351875, 0.8629574961960316]",19.224066140028324,19.224066140028324
Rastrigin,2,101,test,168,"[0.46306380443274975, -0.8719641268253326]",23.728603577818507,23.728603577818507
Rastrigin,2,101,test,169,"[-0.9863124527037144, 0.3259338140487671]",20.440185522019473,20.440185522019473
Rastrigin,2,101,test,170,"[-0.14269274845719337, -0.1105030532926321]",1.0744646415626207,1.0744646415626207
Rastrigin,2,101,test,171,"[0.6814291160553694, 0.5625077430158854]",20.874348520541655,20.874348520541655
Rastrigin,2,101,test,172,"[0.7806372735649347, -0.46573648042976856]",19.87766385112382,19.87766385112382
Rastrigin,2,101,test,173,"[-0.30130722373723984, 0.9822376947849989]",22.60117353534497,22.60117353534497
Rastrigin,2,101,test,174,"[-0.5853730663657188, -0.7042602561414242]",21.37726923496868,21.37726923496868
Rastrigin,2,101,test,175,"[0.12180531956255436, 0.21879637613892555]",2.035012061152173,2.035012061152173
Rastrigin,2,101,test,176,"[0.03542676754295826, -0.6666132211685181]",11.683798788627804,11.683798788627804
Rastrigin,2,101,test,177,"[-0.5151993632316589, 0.1520732343196869]",8.268561506089819,8.268561506089819
Rastrigin,2,101,test,178,"[-0.3559170365333557, -0.4134491737931967]",9.036896937371914,9.036896937371914
Rastrigin,2,101,test,179,"[0.8199577648192644, 0.8969518188387156]",31.24437573771344,31.24437573771344
Rastrigin,2,101,test,180,"[0.7199284937232733, -0.010324599221348763]",12.931720172700988,12.931720172700988
Rastrigin,2,101,test,181,"[-0.19812939688563347, 0.5583161395043135]",10.194678638142248,10.194678638142248
Rastrigin,2,101,test,182,"[-0.9150677733123302, -0.757145281881094]",31.37194938231912,31.37194938231912
Rastrigin,2,101,test,183,"[0.37775050662457943, 0.303179357200861]",7.318654426398528,7.318654426398528
Rastrigin,2,101,test,184,"[0.29285260662436485, -0.3058917373418808]",5.674131671219861,5.674131671219861
Rastrigin,2,101,test,185,"[-0.7502099890261889, 0.7579274028539658]",27.13897858572421,27.13897858572421
Rastrigin,2,101,test,186,"[-0.0974841732531786, -0.551728030666709]",8.785503165124847,8.785503165124847
Rastrigin,2,101,test,187,"[0.570329274982214, 0.005727777257561684]",9.068499731389705,9.068499731389705
Rastrigin,2,101,test,188,"[0.9829846695065498, -0.8996181655675173]",34.15513538429704,34.15513538429704
Rastrigin,2,101,test,189,"[-0.4426461663097143, 0.41412426345050335]",10.969374115583875,10.969374115583875
Rastrigin,2,101,test,190,"[-0.6627230849117041, -0.14547012373805046]",12.402192303852331,12.402192303852331
Rastrigin,2,101,test,191,"[0.13814688473939896, 0.6619403250515461]",11.835673327260023,11.835673327260023
Rastrigin,2,101,test,192,"[0.14914069324731827, -0.34300465881824493]",4.433521628125426,4.433521628125426
Rastrigin,2,101,test,193,"[-0.6752275135368109, 0.8575179129838943]",28.260109963269322,28.260109963269322
Rastrigin,2,101,test,194,"[-0.45365618728101254, -0.5810509230941534]",15.12966671754116,15.12966671754116
Rastrigin,2,101,test,195,"[0.9954747930169106, 0.0975139532238245]",19.57169709617334,19.57169709617334
Rastrigin,2,101,test,196,"[0.5915921293199062, -0.9992168415337801]",29.640431721385326,29.640431721385326
Rastrigin,2,101,test,197,"[-0.11534431762993336, 0.4512596558779478]",6.5669602030931635,6.5669602030931635
Rastrigin,2,101,test,198,"[-0.771458538249135, -0.23724813386797905]",16.553711017938074,16.553711017938074
Rastrigin,2,101,test,199,"[0.3107289634644985, 0.6912407465279102]",14.701655049592452,14.701655049592452
Rastrigin,2,101,test,200,"[0.3975799288600683, -0.699812263250351]",17.653603625888977,17.653603625888977
Rastrigin,2,101,test,201,"[-0.9343631379306316, 0.24779564142227173]",18.667263613587217,18.667263613587217
Rastrigin,2,101,test,202,"[-0.21794260665774345, -0.4388124104589224]",7.2034513800762525,7.2034513800762525
Rastrigin,2,101,test,203,"[0.7392381634563208, 0.9848546329885721]",30.036314594338734,30.036314594338734
Rastrigin,2,101,test,204,"[0.8304947037249804, -0.10603991337120533]",15.64086985679533,15.64086985679533
Rastrigin,2,101,test,205,"[-0.36888012290000916, 0.5914918761700392]",14.011619181977025,14.011619181977025
Rastrigin,2,101,test,206,"[-0.525750607252121, -0.8450551889836788]",22.547870282075163,22.547870282075163
Rastrigin,2,101,test,207,"[0.048373641446232796, 0.32856589928269386]",3.455043754433106,3.455043754433106
Rastrigin,2,101,test,208,"[0.10298440791666508, -0.7762569785118103]",14.963232660098406,14.963232660098406
Rastrigin,2,101,test,209,"[-0.5650720521807671, 0.2927500307559967]",11.354313746952208,11.354313746952208
Rastrigin,2,101,test,210,"[-0.28250061720609665, -0.022584980353713036]",2.564580047510571,2.564580047510571
Rastrigin,2,101,test,211,"[0.760320046916604, 0.5371292475610971]",22.50469812536526,22.50469812536526
Rastrigin,2,101,test,212,"[0.667994437739253, -0.43254548497498035]",16.658877291212946,16.658877291212946
Rastrigin,2,101,test,213,"[-0.13263026252388954, 0.8865071218460798]",17.87425753069353,17.87425753069353
Rastrigin,2,101,test,214,"[-0.9728615619242191, -0.6788889728486538]",31.079138260931323,31.079138260931323
Rastrigin,2,101,test,215,"[0.453015623614192, 0.1309017278254032]",6.740853908739428,6.740853908739428
Rastrigin,2,101,test,216,"[0.35041751340031624, -0.13404874503612518]",4.3783746519024405,4.3783746519024405
Rastrigin,2,101,test,217,"[-0.8252157066017389, 0.6800599545240402]",26.350249606442496,26.350249606442496
Rastrigin,2,101,test,218,"[-0.04577899910509586, -0.8794233407825232]",16.577139096121638,16.577139096121638
Rastrigin,2,101,test,219,"[0.5050895400345325, 0.4273766968399286]",12.900204598834874,12.900204598834874
Rastrigin,2,101,test,220,"[0.9097971320152283, -0.5403222609311342]",23.92121117668395,23.92121117668395
Rastrigin,2,101,test,221,"[-0.38326784782111645, 0.02386303059756756]",4.524595575258303,4.524595575258303
Rastrigin,2,101,test,222,"[-0.7300518434494734, -0.2856812886893749]",16.27169013496218,16.27169013496218
Rastrigin,2,101,test,223,"[0.18776017427444458, 0.7711642272770405]",14.871929982499985,14.871929982499985
Rastrigin,2,101,test,224,"[0.24852219969034195, -0.6144754737615585]",12.454682919269825,12.454682919269825
Rastrigin,2,101,test,225,"[-0.7086567189544439, 0.06651590764522552]",12.665922888779244,12.665922888779244
Rastrigin,2,101,test,226,"[-0.4280393626540899, -0.3681433405727148]",9.710828673162052,9.710828673162052
Rastrigin,2,101,test,227,"[0.9039056673645973, 0.8221402261406183]",32.26634669195521,32.26634669195521
Rastrigin,2,101,test,228,"[0.5576729737222195, -0.20821811445057392]",9.918737967914875,9.918737967914875
Rastrigin,2,101,test,229,"[-0.016449423506855965, 0.7227270733565092]",13.06816365920649,13.06816365920649
Rastrigin,2,101,test,230,"[-0.862541051581502, -0.9618711285293102]",33.063730341185405,33.063730341185405
Rastrigin,2,101,test,231,"[0.33683573827147484, 0.47833656147122383]",10.105747726567198,10.105747726567198
Rastrigin,2,101,test,232,"[0.48619075678288937, -0.4752122163772583]",13.447334277111736,13.447334277111736
Rastrigin,2,101,test,233,"[-0.9629420749843121, 0.9606769979000092]",35.39119211281202,35.39119211281202
Rastrigin,2,101,test,234,"[-0.18155128881335258, -0.72984922491014]",13.857238118057294,13.857238118057294
Rastrigin,2,101,test,235,"[0.6428149547427893, 0.2133490089327097]",12.707712645985996,12.707712645985996
Rastrigin,2,101,test,236,"[0.8014296311885118, -0.8189092893153429]",29.748473598578567,29.748473598578567
Rastrigin,2,101,test,237,"[-0.2807597219944, 0.36690369062125683]",6.696125775693261,6.696125775693261
Rastrigin,2,101,test,238,"[-0.6216833889484406, -0.07356154546141624]",10.688230346462179,10.688230346462179
Rastrigin,2,101,test,239,"[0.08525109477341175, 0.6195908524096012]",10.460158988226455,10.460158988226455
Rastrigin,2,101,test,240,"[0.015321532264351845, -0.0477544367313385]",0.08363414565900484,0.08363414565900484
Rastrigin,2,101,test,241,"[-0.5355489775538445, 0.5017212629318237]",15.275409934658061,15.275409934658061
Rastrigin,2,101,test,242,"[-0.3198360726237297, -0.8097117897123098]",17.456908447006313,17.456908447006313
Rastrigin,2,101,test,243,"[0.8557953033596277, 0.2617212478071451]",19.096897771387916,19.096897771387916
Rastrigin,2,101,test,244,"[0.6980074625462294, -0.6415124852210283]",22.801505033322982,22.801505033322982
Rastrigin,2,101,test,245,"[-0.21980652585625648, 0.15800893120467663]",2.378470478764278,2.378470478764278
Rastrigin,2,101,test,246,"[-0.8778729178011417, -0.4034852050244808]",22.512802036193857,22.512802036193857
Rastrigin,2,101,test,247,"[0.41519021801650524, 0.9180241860449314]",21.15171070635031,21.15171070635031
Rastrigin,2,101,test,248,"[0.25008805468678474, -0.9094295650720596]",20.126446160186347,20.126446160186347
Rastrigin,2,101,test,249,"[-0.7927306387573481, 0.392960324883461]",18.495933156521378,18.495933156521378
Rastrigin,2,101,test,250,"[-0.07045168615877628, -0.1704182531684637]",1.1140701287356904,1.1140701287356904
Rastrigin,2,101,test,251,"[0.5976066179573536, 0.6559130940586329]",20.650873250449973,20.650873250449973
Rastrigin,2,101,test,252,"[0.9427683353424072, -0.25323365814983845]",18.85923850682378,18.85923850682378
Rastrigin,2,101,test,253,"[-0.483106879517436, 0.7992329429835081]",22.311414493361628,22.311414493361628
Rastrigin,2,101,test,254,"[-0.6380251925438643, -0.5142066590487957]",18.522236245452785,18.522236245452785
Rastrigin,2,101,test,255,"[0.16260135173797607, 0.06217004731297493]",0.9973372542791274,0.9973372542791274
Rastrigin,2,2026,context,0,"[-0.8860940132290125, 0.053648047149181366]",16.706735190162895,16.706735190162895
Rastrigin,2,2026,context,1,"[0.9134724512696266, -0.5805131234228611]",25.00173701456532,25.00173701456532
Rastrigin,2,2026,context,2,"[0.2719056308269501, 0.8351060915738344]",17.219675477931336,17.219675477931336
Rastrigin,2,2026,context,3,"[-0.3069725949317217, -0.3005200419574976]",5.828263902198033,5.828263902198033
Rastrigin,2,2026,context,4,"[-0.045796509832143784, 0.672663290053606]",11.889048334480233,11.889048334480233
Rastrigin,2,2026,context,5,"[0.002793068066239357, -0.20734857022762299]",1.3986449537361594,1.3986449537361594
Rastrigin,2,2026,context,6,"[0.6756251323968172, 0.45412891916930676]",18.21561076660961,18.21561076660961
Rastrigin,2,2026,context,7,"[-0.6561831720173359, -0.9273476656526327]",27.195487934506275,27.195487934506275
Rastrigin,2,2026,context,8,"[-0.6119109150022268, 0.9799672365188599]",29.72080284139512,29.72080284139512
Rastrigin,2,2026,context,9,"[0.5924136377871037, -0.3905068002641201]",13.933283039181527,13.933283039181527
Rastrigin,2,2026,context,10,"[0.23404912278056145, 0.13545618392527103]",2.3807762581058043,2.3807762581058043
Rastrigin,2,2026,context,11,"[-0.19099418632686138, -0.7325765658169985]",14.013852706347596,14.013852706347596
Rastrigin,2,2026,test,0,"[-0.004644559696316719, -0.3043722826987505]",2.9326803831385355,2.9326803831385355
Rastrigin,2,2026,test,1,"[0.5044502168893814, 0.8723281286656857]",22.4702990937758,22.4702990937758
Rastrigin,2,2026,test,2,"[0.41450427658855915, -0.6083180997520685]",15.440467714349566,15.440467714349566
Rastrigin,2,2026,test,3,"[-0.9142946787178516, 0.035172391682863235]",17.2744593464608,17.2744593464608
Rastrigin,2,2026,test,4,"[-0.6597952488809824, -0.8328531663864851]",25.918075927283557,25.918075927283557
Rastrigin,2,2026,test,5,"[0.16008877009153366, 0.27951714396476746]",3.313962519682594,3.313962519682594
Rastrigin,2,2026,test,6,"[0.7647212985903025, -0.0132478978484869]",14.039777557264417,14.039777557264417
Rastrigin,2,2026,test,7,"[-0.2649995647370815, 0.5698168352246284]",11.4929999818564,11.4929999818564
Rastrigin,2,2026,test,8,"[-0.464880695566535, -0.6872039679437876]",17.864998019792267,17.864998019792267
Rastrigin,2,2026,test,9,"[0.9651135988533497, 0.23961136117577553]",21.09329650852667,21.09329650852667
Rastrigin,2,2026,test,10,"[0.11009185574948788, -0.4755470026284456]",7.123829403155835,7.123829403155835
Rastrigin,2,2026,test,11,"[-0.6103095039725304, 0.9180717580020428]",28.300936675286316,28.300936675286316
Rastrigin,2,2026,test,12,"[-0.8705195467919111, -0.21560785733163357]",18.667147193191056,18.667147193191056
Rastrigin,2,2026,test,13,"[0.3702637515962124, 0.6466313228011131]",14.790294119003493,14.790294119003493
Rastrigin,2,2026,test,14,"[0.7107972782105207, -0.8804316651076078]",29.597506809841242,29.597506809841242
Rastrigin,2,2026,test,15,"[-0.2105262279510498, 0.45251910388469696]",7.6194498205308605,7.6194498205308605
Rastrigin,2,2026,test,16,"[-0.17000344395637512, -0.999533312395215]",18.9168338341332,18.9168338341332
Rastrigin,2,2026,test,17,"[0.6702669244259596, 0.42716745659708977]",17.463911413630804,17.463911413630804
Rastrigin,2,2026,test,18,"[0.25259074196219444, -0.16284953989088535]",2.9077156224301675,2.9077156224301675
Rastrigin,2,2026,test,19,"[-0.7528389673680067, 0.7306396402418613]",26.432167851065728,26.432167851065728
Rastrigin,2,2026,test,20,"[-0.5092381164431572, -0.4033184479922056]",12.490859289714022,12.490859289714022
Rastrigin,2,2026,test,21,"[0.009012779220938683, 0.9590503126382828]",18.156958600811492,18.156958600811492
Rastrigin,2,2026,test,22,"[0.9118955619633198, -0.693085378035903]",28.007054650608904,28.007054650608904
Rastrigin,2,2026,test,23,"[-0.41165496967732906, 0.13997995108366013]",5.725345041088124,5.725345041088124
Rastrigin,2,2026,test,24,"[-0.3660784624516964, -0.1168005857616663]",4.6299093332050205,4.6299093332050205
Rastrigin,2,2026,test,25,"[0.8657926265150309, 0.560014147311449]",25.849502563032743,25.849502563032743
Rastrigin,2,2026,test,26,"[0.21331407874822617, -0.7957658190280199]",16.8074756634864,16.8074756634864
Rastrigin,2,2026,test,27,"[-0.7130129877477884, 0.34785449132323265]",15.88261661337561,15.88261661337561
Rastrigin,2,2026,test,28,"[-0.9548247344791889, -0.5203885044902563]",27.01640086715591,27.01640086715591
Rastrigin,2,2026,test,29,"[0.4550266433507204, 0.09185198694467545]",6.488340371295768,6.488340371295768
Rastrigin,2,2026,test,30,"[0.622130736708641, -0.3258327227085829]",13.331060382060546,13.331060382060546
Rastrigin,2,2026,test,31,"[-0.12231739051640034, 0.7571176886558533]",14.66264113290996,14.66264113290996
Rastrigin,2,2026,test,32,"[-0.09360344335436821, -0.5627587549388409]",9.045053521618959,9.045053521618959
Rastrigin,2,2026,test,33,"[0.5933476481586695, 0.010426035150885582]",9.678700770659644,9.678700770659644
Rastrigin,2,2026,test,34,"[0.4877159669995308, -0.27443114295601845]",9.186534865175267,9.186534865175267
Rastrigin,2,2026,test,35,"[-0.9874449167400599, 0.8319499772042036]",32.50476092585035,32.50476092585035
Rastrigin,2,2026,test,36,"[-0.7428942061960697, -0.03440093249082565]",13.6508565311783,13.6508565311783
Rastrigin,2,2026,test,37,"[0.2431271094828844, 0.6033600065857172]",11.511374093945438,11.511374093945438
Rastrigin,2,2026,test,38,"[0.832073301076889, -0.8696224987506866]",31.57976325273545,31.57976325273545
Rastrigin,2,2026,test,39,"[-0.3322909492999315, 0.297426613047719]",6.234402569738734,6.234402569738734
Rastrigin,2,2026,test,40,"[-0.38190342485904694, -0.44566701725125313]",10.305553915880807,10.305553915880807
Rastrigin,2,2026,test,41,"[0.8821969460695982, 0.8776326905936003]",32.577668454118,32.577668454118
Rastrigin,2,2026,test,42,"[0.04261763021349907, -0.6417055390775204]",11.056978022195409,11.056978022195409
Rastrigin,2,2026,test,43,"[-0.5428958963602781, 0.21480385027825832]",9.637596790523855,9.637596790523855
Rastrigin,2,2026,test,44,"[-0.781682588160038, -0.9171400815248489]",30.48083908124737,30.48083908124737
Rastrigin,2,2026,test,45,"[0.2814882453531027, 0.47048972733318806]",8.901995859350096,8.901995859350096
Rastrigin,2,2026,test,46,"[0.6374631263315678, -0.23669973760843277]",12.260939186639396,12.260939186639396
Rastrigin,2,2026,test,47,"[-0.13725352846086025, 0.6802354101091623]",12.78803653547024,12.78803653547024
Rastrigin,2,2026,test,48,"[-0.239309286698699, -0.13322120532393456]",2.439845356617994,2.439845356617994
Rastrigin,2,2026,test,49,"[0.7395111955702305, 0.6899639423936605]",25.387770907042317,25.387770907042317
Rastrigin,2,2026,test,50,"[0.33764353953301907, -0.9542715139687061]",22.79943043345078,22.79943043345078
Rastrigin,2,2026,test,51,"[-0.8378301933407784, 0.40210829488933086]",19.55426004542478,19.55426004542478
Rastrigin,2,2026,test,52,"[-0.5804964434355497, -0.7295571640133858]",21.780312599508278,21.780312599508278
Rastrigin,2,2026,test,53,"[0.0802106074988842, 0.15820222534239292]",1.0332809178240225,1.0332809178240225
Rastrigin,2,2026,test,54,"[0.9989010822027922, -0.4241586774587631]",22.339550460661535,22.339550460661535
Rastrigin,2,2026,test,55,"[-0.49859999120235443, 0.9928910303860903]",27.28871262819863,27.28871262819863
Rastrigin,2,2026,test,56,"[-0.2946981508284807, -0.7504428662359715]",15.784086289953848,15.784086289953848
Rastrigin,2,2026,test,57,"[0.7944728136062622, 0.3228562455624342]",18.69826928382507,18.69826928382507
Rastrigin,2,2026,test,58,"[0.12643096037209034, -0.08711133524775505]",0.7781188703644801,0.7781188703644801
Rastrigin,2,2026,test,59,"[-0.6261903680860996, 0.5193996038287878]",17.855750691112036,17.855750691112036
Rastrigin,2,2026,test,60,"[-0.885397145524621, -0.34673386812210083]",21.46054412210313,21.46054412210313
Rastrigin,2,2026,test,61,"[0.3856606259942055, 0.7908972520381212]",18.308834552888715,18.308834552888715
Rastrigin,2,2026,test,62,"[0.5372001025825739, -0.5569214448332787]",16.79049176740572,16.79049176740572
Rastrigin,2,2026,test,63,"[-0.037448327988386154, 0.11001334525644779]",0.4471427298791575,0.4471427298791575
Rastrigin,2,2026,test,64,"[-0.05508073791861534, -0.8464976008981466]",15.88689830147758,15.88689830147758
Rastrigin,2,2026,test,65,"[0.5548402015119791, 0.28930114954710007]",11.495749867775178,11.495749867775178
Rastrigin,2,2026,test,66,"[0.3953449949622154, -0.05819670669734478]",4.866955829387191,4.866955829387191
Rastrigin,2,2026,test,67,"[-0.895119721069932, 0.61081363260746]",25.549147573274247,25.549147573274247
Rastrigin,2,2026,test,68,"[-0.6553030498325825, -0.2516267243772745]",13.633366042408959,13.633366042408959
Rastrigin,2,2026,test,69,"[0.15555121190845966, 0.8235040344297886]",15.754735470926015,15.754735470926015
Rastrigin,2,2026,test,70,"[0.8004971593618393, -0.5868444610387087]",23.352367527557913,23.352367527557913
Rastrigin,2,2026,test,71,"[-0.3007605839520693, 0.01758972927927971]",2.8740264116426886,2.8740264116426886
Rastrigin,2,2026,test,72,"[-0.46941831707954407, -0.22930717281997204]",8.30047676749461,8.30047676749461
Rastrigin,2,2026,test,73,"[0.9696050267666578, 0.6563785672187805]",30.513075447332177,30.513075447332177
Rastrigin,2,2026,test,74,"[0.0743311308324337, -0.92532660625875]",18.07707214522278,18.07707214522278
Rastrigin,2,2026,test,75,"[-0.5745331030339003, 0.4935535565018654]",15.978021341955303,15.978021341955303
Rastrigin,2,2026,test,76,"[-0.8201290294528008, -0.6344807762652636]",26.377987111081364,26.377987111081364
Rastrigin,2,2026,test,77,"[0.31982787512242794, 0.1907792054116726]",4.428821283148343,4.428821283148343
Rastrigin,2,2026,test,78,"[0.729971457272768, -0.45405189134180546]",18.54665205061849,18.54665205061849
Rastrigin,2,2026,test,79,"[-0.229685565456748, 0.9004981704056263]",19.57702099898085,19.57702099898085
Rastrigin,2,2026,test,80,"[-0.14326476119458675, -0.41696434281766415]",5.872610679446346,5.872610679446346
Rastrigin,2,2026,test,81,"[0.6435429640114307, 0.9688357189297676]",27.315821587486273,27.315821587486273
Rastrigin,2,2026,test,82,"[0.3105534818023443, -0.738033739849925]",16.948281667367276,16.948281667367276
Rastrigin,2,2026,test,83,"[-0.8108469471335411, 0.1809762418270111]",15.683901010362282,15.683901010362282
Rastrigin,2,2026,test,84,"[-0.5525633376091719, -0.9467872474342585]",24.706954611399922,24.706954611399922
Rastrigin,2,2026,test,85,"[0.05235379561781883, 0.3783429153263569]",4.480052464125487,4.480052464125487
Rastrigin,2,2026,test,86,"[0.8997857253998518, -0.14137730188667774]",17.183442155082968,17.183442155082968
Rastrigin,2,2026,test,87,"[-0.39959144592285156, 0.7130584381520748]",18.067750203466726,18.067750203466726
Rastrigin,2,2026,test,88,"[-0.3227380979806185, -0.5340863596647978]",11.148615295649059,11.148615295649059
Rastrigin,2,2026,test,89,"[0.8224669843912125, 0.10159783065319061]",16.081228102448197,16.081228102448197
Rastrigin,2,2026,test,90,"[0.2253785002976656, -0.3707281108945608]",5.9252017812313476,5.9252017812313476
Rastrigin,2,2026,test,91,"[-0.7251226492226124, 0.7981526479125023]",27.739653722460694,27.739653722460694
Rastrigin,2,2026,test,92,"[-0.9815485123544931, -0.06407790072262287]",19.00989844935126,19.00989844935126
Rastrigin,2,2026,test,93,"[0.4817662164568901, 0.5111824385821819]",14.191910942344524,14.191910942344524
Rastrigin,2,2026,test,94,"[0.5641223434358835, -0.7742693070322275]",23.518406093208228,23.518406093208228
Rastrigin,2,2026,test,95,"[-0.06435531005263329, 0.3302794434130192]",3.574534921739616,3.574534921739616
Rastrigin,2,2026,test,96,"[-0.09716430492699146, -0.020747408270835876]",0.3270878775784567,0.3270878775784567
Rastrigin,2,2026,test,97,"[0.5968631505966187, 0.5935669708997011]",19.20570573919067,19.20570573919067
Rastrigin,2,2026,test,98,"[0.4529316145926714, -0.8246817663311958]",22.290696913283796,22.290696913283796
Rastrigin,2,2026,test,99,"[-0.9526457227766514, 0.25643795169889927]",19.04309901814761,19.04309901814761
Rastrigin,2,2026,test,100,"[-0.6915277931839228, -0.6154971905052662]",22.38234009257953,22.38234009257953
Rastrigin,2,2026,test,101,"[0.19171450287103653, 0.05924294702708721]",1.3183234589373676,1.3183234589373676
Rastrigin,2,2026,test,102,"[0.8522247169166803, -0.2959110103547573]",17.8997161956918,17.8997161956918
Rastrigin,2,2026,test,103,"[-0.3524266891181469, 0.8495388086885214]",20.709297411581545,20.709297411581545
Rastrigin,2,2026,test,104,"[-0.43331596814095974, -0.9034498557448387]",21.316907766028756,21.316907766028756
Rastrigin,2,2026,test,105,"[0.9335641302168369, 0.46075151301920414]",25.129985456269715,25.129985456269715
Rastrigin,2,2026,test,106,"[0.02248159609735012, -0.19179672002792358]",1.2182347026741205,1.2182347026741205
Rastrigin,2,2026,test,107,"[-0.5227450206875801, 0.6391928214579821]",18.752863691607963,18.752863691607963
Rastrigin,2,2026,test,108,"[-0.7781676184386015, -0.4983973316848278]",22.09491977843326,22.09491977843326
Rastrigin,2,2026,test,109,"[0.27792708203196526, 0.9264720287173986]",18.92090768661278,18.92090768661278
Rastrigin,2,2026,test,110,"[0.6722630988806486, -0.6631944216787815]",22.85318741179795,22.85318741179795
Rastrigin,2,2026,test,111,"[-0.17203782498836517, 0.23237126879394054]",2.7185278672422513,2.7185278672422513
Rastrigin,2,2026,test,112,"[-0.1969447284936905, -0.715905100107193]",13.68095581902289,13.68095581902289
Rastrigin,2,2026,test,113,"[0.6971624325960875, 0.14841059036552906]",13.362330455006514,13.362330455006514
Rastrigin,2,2026,test,114,"[0.3487306348979473, -0.3792174980044365]",8.20117853599514,8.20117853599514
Rastrigin,2,2026,test,115,"[-0.8489636015146971, 0.95190186239779]",33.811954546863674,33.811954546863674
Rastrigin,2,2026,test,116,"[-0.6081970706582069, -0.1859591342508793]",11.39103304474418,11.39103304474418
Rastrigin,2,2026,test,117,"[0.10792595706880093, 0.7387804072350264]",13.548232719720609,13.548232719720609
Rastrigin,2,2026,test,118,"[0.939916405826807, -0.9757527820765972]",35.49650978489241,35.49650978489241
Rastrigin,2,2026,test,119,"[-0.4396605547517538, 0.41969858668744564]",11.033733628076572,11.033733628076572
Rastrigin,2,2026,test,120,"[-0.26698214933276176, -0.3330421820282936]",5.719681143322582,5.719681143322582
Rastrigin,2,2026,test,121,"[0.7667726073414087, 0.7811576370149851]",27.972790633266808,27.972790633266808
Rastrigin,2,2026,test,122,"[0.18536949902772903, -0.5120188742876053]",8.80710365148671,8.80710365148671
Rastrigin,2,2026,test,123,"[-0.6851752195507288, 0.06897126324474812]",12.080729420347442,12.080729420347442
Rastrigin,2,2026,test,124,"[-0.9277460910379887, -0.8031736873090267]",32.513136915625665,32.513136915625665
Rastrigin,2,2026,test,125,"[0.42802429385483265, 0.3716960307210684]",9.782462108009916,9.782462108009916
Rastrigin,2,2026,test,126,"[0.5260671079158783, -0.10859881713986397]",8.205109768635584,8.205109768635584
Rastrigin,2,2026,test,127,"[-0.02636057324707508, 0.536965562030673]",8.24722494460851,8.24722494460851
Rastrigin,2,2026,test,128,"[-0.022709714248776436, -0.6490780338644981]",11.099725359432266,11.099725359432266
Rastrigin,2,2026,test,129,"[0.5225148946046829, 0.20535711385309696]",9.336943252696386,9.336943252696386
Rastrigin,2,2026,test,130,"[0.4335458744317293, -0.43933212757110596]",11.36844625854149,11.36844625854149
Rastrigin,2,2026,test,131,"[-0.9333357997238636, 0.885797681286931]",33.35495893226307,33.35495893226307
Rastrigin,2,2026,test,132,"[-0.67200424708426, -0.24596313759684563]",14.004080717983477,14.004080717983477
Rastrigin,2,2026,test,133,"[0.17229824513196945, 0.6730462517589331]",12.395654870387832,12.395654870387832
Rastrigin,2,2026,test,134,"[0.7779069785028696, -0.9087922014296055]",31.611691880779787,31.611691880779787
Rastrigin,2,2026,test,135,"[-0.27818572148680687, 0.4770075064152479]",9.254040041522224,9.254040041522224
Rastrigin,2,2026,test,136,"[-0.45267133973538876, -0.2663300484418869]",8.44880616594535,8.44880616594535
Rastrigin,2,2026,test,137,"[0.9529037661850452, 0.8382190633565187]",33.6684803574328,33.6684803574328
Rastrigin,2,2026,test,138,"[0.09690605662763119, -0.572263665497303]",9.528152610133022,9.528152610133022
Rastrigin,2,2026,test,139,"[-0.5971232280135155, 0.0029972735792398453]",9.756438695475367,9.756438695475367
Rastrigin,2,2026,test,140,"[-0.8524542730301619, -0.8630484528839588]",31.619276225171028,31.619276225171028
Rastrigin,2,2026,test,141,"[0.3521989546716213, 0.30583266727626324]",6.818188201149152,6.818188201149152
Rastrigin,2,2026,test,142,"[0.6917553227394819, -0.041524287313222885]",12.203118118842259,12.203118118842259
Rastrigin,2,2026,test,143,"[-0.1914847493171692, 0.5941605027765036]",11.07889756919081,11.07889756919081
Rastrigin,2,2026,test,144,"[-0.18514201045036316, -0.07867095619440079]",1.327758199979158,1.327758199979158
Rastrigin,2,2026,test,145,"[0.6854050140827894, 0.5257638338953257]",20.134252643769106,20.134252643769106
Rastrigin,2,2026,test,146,"[0.26675262674689293, -0.7595546394586563]",16.733097659157277,16.733097659157277
Rastrigin,2,2026,test,147,"[-0.767000375315547, 0.31557648070156574]",16.49268140500736,16.49268140500736
Rastrigin,2,2026,test,148,"[-0.5263253971934319, -0.5507400892674923]",16.279723158879154,16.279723158879154
Rastrigin,2,2026,test,149,"[0.026100536808371544, 0.11827084980905056]",0.48444547896843204,0.48444547896843204
Rastrigin,2,2026,test,150,"[0.928006399422884, -0.3541969545185566]",20.130458582771467,20.130458582771467
Rastrigin,2,2026,test,151,"[-0.4277662839740515, 0.781602157279849]",20.574750239065345,20.574750239065345
Rastrigin,2,2026,test,152,"[-0.3489913009107113, -0.9614873826503754]",20.50485483458926,20.50485483458926
Rastrigin,2,2026,test,153,"[0.8487049881368876, 0.39306232519447803]",21.561035231695932,21.561035231695932
Rastrigin,2,2026,test,154,"[0.1972035989165306, -0.12679880112409592]",1.7927600716885408,1.7927600716885408
Rastrigin,2,2026,test,155,"[-0.6969020310789347, 0.6984605882316828]",24.382286195147955,24.382286195147955
Rastrigin,2,2026,test,156,"[-0.9396865256130695, -0.43351003900170326]",24.629315880603787,24.629315880603787
Rastrigin,2,2026,test,157,"[0.4398889113217592, 0.9853697698563337]",22.52239766198728,22.52239766198728
Rastrigin,2,2026,test,158,"[0.6079689711332321, -0.721365462988615]",23.054205283180202,23.054205283180202
Rastrigin,2,2026,test,159,"[-0.1081561017781496, 0.16431968472898006]",1.2738763765948775,1.2738763765948775
Rastrigin,2,2026,test,160,"[-0.07455886527895927, -0.48367839865386486]",6.982603147653997,6.982603147653997
Rastrigin,2,2026,test,161,"[0.5743035469204187, 0.9117723703384399]",24.81725364158791,24.81725364158791
Rastrigin,2,2026,test,162,"[0.4696480706334114, -0.6777908410876989]",18.627814538638017,18.627814538638017
Rastrigin,2,2026,test,163,"[-0.9693774972110987, 0.24694833904504776]",19.170414496574477,19.170414496574477
Rastrigin,2,2026,test,164,"[-0.7297134138643742, -0.886914374306798]",28.677170462044245,28.677170462044245
Rastrigin,2,2026,test,165,"[0.22994584031403065, 0.4442043863236904]",7.492155342785347,7.492155342785347
Rastrigin,2,2026,test,166,"[0.8198689520359039, -0.20845375396311283]",16.136524774660856,16.136524774660856
Rastrigin,2,2026,test,167,"[-0.3200861234217882, 0.6558615751564503]",14.851628086187652,14.851628086187652
Rastrigin,2,2026,test,168,"[-0.39508457481861115, -0.6009153183549643]",14.23648229010341,14.23648229010341
Rastrigin,2,2026,test,169,"[0.8953785728663206, 0.04464941471815109]",17.244586725092446,17.244586725092446
Rastrigin,2,2026,test,170,"[0.05482209846377373, -0.31061540357768536]",3.1582776350526274,3.1582776350526274
Rastrigin,2,2026,test,171,"[-0.555100841447711, 0.8642549067735672]",25.6953125524157,25.6953125524157
Rastrigin,2,2026,test,172,"[-0.8007272854447365, -0.004075819626450539]",14.945741180473263,14.945741180473263
Rastrigin,2,2026,test,173,"[0.30053246580064297, 0.5769146718084812]",11.777563382077668,11.777563382077668
Rastrigin,2,2026,test,174,"[0.6555313803255558, -0.8412317801266909]",27.405722214684133,27.405722214684133
Rastrigin,2,2026,test,175,"[-0.1553213056176901, 0.2729686312377453]",3.1857667858727474,3.1857667858727474
Rastrigin,2,2026,test,176,"[-0.22515014372766018, -0.7884581815451384]",15.65152507887255,15.65152507887255
Rastrigin,2,2026,test,177,"[0.7253525294363499, 0.3569922298192978]",17.51525151078127,17.51525151078127
Rastrigin,2,2026,test,178,"[0.3225079532712698, -0.12319270335137844]",3.7460685233102566,3.7460685233102566
Rastrigin,2,2026,test,179,"[-0.8226950839161873, 0.5515477880835533]",22.819652086285114,22.819652086285114
Rastrigin,2,2026,test,180,"[-0.564380956813693, -0.31651209481060505]",12.244178287265468,12.244178287265468
Rastrigin,2,2026,test,181,"[0.06409464403986931, 0.7646082155406475]",14.031596800607588,14.031596800607588
Rastrigin,2,2026,test,182,"[0.9818089138716459, -0.5286715272814035]",24.502055488846906,24.502055488846906
Rastrigin,2,2026,test,183,"[-0.48150734603405, 0.08564320579171181]",6.980215460460183,6.980215460460183
Rastrigin,2,2026,test,184,"[-0.31081351824104786, -0.17138170264661312]",4.032519458799264,4.032519458799264
Rastrigin,2,2026,test,185,"[0.8105886578559875, 0.72418362647295]",28.056007237686934,28.056007237686934
Rastrigin,2,2026,test,186,"[0.14352277107536793, -0.9904518406838179]",20.04880120984126,20.04880120984126
Rastrigin,2,2026,test,187,"[-0.6432826556265354, 0.43441691994667053]",16.130962642895792,16.130962642895792
Rastrigin,2,2026,test,188,"[-0.8995559308677912, -0.6992359850555658]",29.82846573829256,29.82846573829256
Rastrigin,2,2026,test,189,"[0.39981893450021744, 0.13175319507718086]",5.495613536376036,5.495613536376036
Rastrigin,2,2026,test,190,"[0.5523355696350336, -0.39576402492821217]",13.093937633128046,13.093937633128046
Rastrigin,2,2026,test,191,"[-0.05258331820368767, 0.9684367440640926]",18.68996962747844,18.68996962747844
Rastrigin,2,2026,test,192,"[-0.04287591204047203, -0.20103054121136665]",1.374770847065534,1.374770847065534
Rastrigin,2,2026,test,193,"[0.542635852470994, 0.6320351492613554]",18.607354417000476,18.607354417000476
Rastrigin,2,2026,test,194,"[0.38216372579336166, -0.895131554454565]",22.452148057243605,22.452148057243605
Rastrigin,2,2026,test,195,"[-0.8819389287382364, 0.4672378059476614]",21.739841792233047,21.739841792233047
Rastrigin,2,2026,test,196,"[-0.6372356303036213, -0.6705354601144791]",22.083519857821234,22.083519857821234
Rastrigin,2,2026,test,197,"[0.13748331554234028, 0.22295408137142658]",2.224930083065164,2.224930083065164
Rastrigin,2,2026,test,198,"[0.7814530581235886, -0.49209389835596085]",20.532777258409926,20.532777258409926
Rastrigin,2,2026,test,199,"[-0.28171600587666035, 0.934607470408082]",21.25435166913409,21.25435166913409
Rastrigin,2,2026,test,200,"[-0.4874860942363739, -0.8181372992694378]",21.121526645111025,21.121526645111025
Rastrigin,2,2026,test,201,"[0.9876732807606459, 0.2648125197738409]",21.984980835684397,21.984980835684397
Rastrigin,2,2026,test,202,"[0.09337535127997398, -0.02784118428826332]",0.314476136192269,0.314476136192269
Rastrigin,2,2026,test,203,"[-0.5935778003185987, 0.5843989532440901]",18.85953208363037,18.85953208363037
Rastrigin,2,2026,test,204,"[-0.8323339745402336, -0.287841372191906]",18.997474748624146,18.997474748624146
Rastrigin,2,2026,test,205,"[0.3320323433727026, 0.8557783458381891]",18.55073429985347,18.55073429985347
Rastrigin,2,2026,test,206,"[0.7431530840694904, -0.6249706447124481]",23.28258473111374,23.28258473111374
Rastrigin,2,2026,test,207,"[-0.24286671541631222, 0.051843734458088875]",1.98578097009894,1.98578097009894
Rastrigin,2,2026,test,208,"[-0.1261721160262823, -0.5058060325682163]",7.823975272268495,7.823975272268495
Rastrigin,2,2026,test,209,"[0.6264507956802845, 0.07725834660232067]",10.838906979561669,10.838906979561669
Rastrigin,2,2026,test,210,"[0.29443751834332943, -0.340536754578352]",6.3773036814290265,6.3773036814290265
Rastrigin,2,2026,test,211,"[-0.7947314605116844, 0.7718329634517431]",28.358789562115632,28.358789562115632
Rastrigin,2,2026,test,212,"[-0.5374282281845808, -0.1001288890838623]",8.632863664112058,8.632863664112058
Rastrigin,2,2026,test,213,"[0.037218209356069565, 0.5433612484484911]",8.369434370836792,8.369434370836792
Rastrigin,2,2026,test,214,"[0.8856270592659712, -0.812315009534359]",30.891979686929204,30.891979686929204
Rastrigin,2,2026,test,215,"[-0.38543230295181274, 0.3643848095089197]",8.620598592104667,8.620598592104667
Rastrigin,2,2026,test,216,"[-0.33787308819592, -0.38860034570097923]",8.136753283413874,8.136753283413874
Rastrigin,2,2026,test,217,"[0.8376024514436722, 0.9443510230630636]",32.25790521764873,32.25790521764873
Rastrigin,2,2026,test,218,"[0.23953680880367756, -0.7076819129288197]",14.881115749611238,14.881115749611238
Rastrigin,2,2026,test,219,"[-0.7392814345657825, 0.154557628557086]",13.848424921279285,13.848424921279285
Rastrigin,2,2026,test,220,"[-0.9986407998949289, -0.9829981997609138]",36.35827191962129,36.35827191962129
Rastrigin,2,2026,test,221,"[0.4988580271601677, 0.4106211606413126]",12.374059701281979,12.374059701281979
Rastrigin,2,2026,test,222,"[0.5802381876856089, -0.17950718104839325]",10.15206341942142,10.15206341942142
Rastrigin,2,2026,test,223,"[-0.08047067746520042, 0.7473085094243288]",14.043099981996116,14.043099981996116
Rastrigin,2,2026,test,224,"[-0.1103504616767168, -0.9318408016115427]",17.628470907896496,17.628470907896496
Rastrigin,2,2026,test,225,"[0.6100488305091858, 0.48520926013588905]",17.065770070516486,17.065770070516486
Rastrigin,2,2026,test,226,"[0.4651410896331072, -0.2221215832978487]",7.866444894071268,7.866444894071268
Rastrigin,2,2026,test,227,"[-0.964854720979929, 0.6656383983790874]",27.867900074232708,27.867900074232708
Rastrigin,2,2026,test,228,"[-0.7105689141899347, -0.4622128363698721]",19.38515591497538,19.38515591497538
Rastrigin,2,2026,test,229,"[0.2107561007142067, 0.8941673263907433]",17.601535094149575,17.601535094149575
Rastrigin,2,2026,test,230,"[0.8702893946319818, -0.6250381004065275]",25.566670730195362,25.566670730195362
Rastrigin,2,2026,test,231,"[-0.3704918436706066, 0.19814763963222504]",5.461214762106639,5.461214762106639
Rastrigin,2,2026,test,232,"[-0.4142744895070791, -0.04899314232170582]",5.306077408749598,5.306077408749598
Rastrigin,2,2026,test,233,"[0.9145221747457981, 0.6179410479962826]",28.39242456605341,28.39242456605341
Rastrigin,2,2026,test,234,"[0.004416799172759056, -0.854907700791955]",16.176196868018867,16.176196868018867
Rastrigin,2,2026,test,235,"[-0.5046797469258308, 0.2827230580151081]",9.727248548018702,9.727248548018702
Rastrigin,2,2026,test,236,"[-0.7649813424795866, -0.579412130638957]",23.616777081589124,23.616777081589124
Rastrigin,2,2026,test,237,"[0.26474128291010857, 0.02709820866584778]",2.273953896420444,2.273953896420444
Rastrigin,2,2026,test,238,"[0.6600532662123442, -0.2578993942588568]",13.11103053261316,13.11103053261316
Rastrigin,2,2026,test,239,"[-0.15982846915721893, 0.8153993561863899]",16.553668240104955,16.553668240104955
Rastrigin,2,2026,test,240,"[-0.2130560427904129, -0.3614370618015528]",5.469052667118781,5.469052667118781
Rastrigin,2,2026,test,241,"[0.7132732700556517, 0.8056116886436939]",26.933545496597105,26.933545496597105
Rastrigin,2,2026,test,242,"[0.3658183924853802, -0.5423398036509752]",12.599155517607436,12.599155517607436
Rastrigin,2,2026,test,243,"[-0.8660508822649717, 0.09542053565382957]",16.35094497283432,16.35094497283432
Rastrigin,2,2026,test,244,"[-0.6223584786057472, -0.7669931259006262]",23.684720090844387,23.684720090844387
Rastrigin,2,2026,test,245,"[0.12208784185349941, 0.3393876329064369]",4.062283365363175,4.062283365363175
Rastrigin,2,2026,test,246,"[0.9550544954836369, -0.0704385619610548]",17.964195064043416,17.964195064043416
Rastrigin,2,2026,test,247,"[-0.45479912124574184, 0.5027456283569336]",13.445861252178995,13.445861252178995
Rastrigin,2,2026,test,248,"[-0.25282086059451103, -0.7441547680646181]",15.018180274365434,15.018180274365434
Rastrigin,2,2026,test,249,"[0.7526108417659998, 0.17278097197413445]",15.124245100483574,15.124245100483574
Rastrigin,2,2026,test,250,"[0.17023176699876785, -0.4094394985586405]",6.098469919972473,6.098469919972473
Rastrigin,2,2026,test,251,"[-0.6700370106846094, 0.9781906642019749]",30.999351718902098,30.999351718902098
Rastrigin,2,2026,test,252,"[-0.9116351343691349, -0.1498780082911253]",18.625446510174083,18.625446510174083
Rastrigin,2,2026,test,253,"[0.4119138140231371, 0.7066319733858109]",17.066411231432625,17.066411231432625
Rastrigin,2,2026,test,254,"[0.508979469537735, -0.9377372320741415]",26.366111047285088,26.366111047285088
Rastrigin,2,2026,test,255,"[-0.009273411706089973, 0.38556282967329025]",4.571155293136487,4.571155293136487
Rastrigin,2,777,context,0,"[0.9035074319690466, 0.48639251105487347]",25.039711401399323,25.039711401399323
Rastrigin,2,777,context,1,"[-0.08133293688297272, -0.5443541742861271]",8.52100559420712,8.52100559420712
Rastrigin,2,777,context,2,"[-0.9270840585231781, 0.6257022731006145]",26.37192254406558,26.37192254406558
Rastrigin,2,777,context,3,"[0.12028682790696621, -0.3435204941779375]",4.188063086459039,4.188063086459039
Rastrigin,2,777,context,4,"[0.4692286476492882, 0.7666981723159552]",19.67972993196383,19.67972993196383
Rastrigin,2,777,context,5,"[-0.5449391026049852, -0.20154806599020958]",9.881128524926696,9.881128524926696
Rastrigin,2,777,context,6,"[-0.4454114604741335, 0.09735744073987007]",6.1836445971916305,6.1836445971916305
Rastrigin,2,777,context,7,"[0.5062257722020149, -0.9343658331781626]",26.224607989650735,26.224607989650735
Rastrigin,2,777,context,8,"[0.7480960283428431, 0.5957409106194973]",23.524042437425685,23.524042437425685
Rastrigin,2,777,context,9,"[-0.29732178524136543, -0.43500580079853535]",8.369723666391751,8.369723666391751
Rastrigin,2,777,context,10,"[-0.7093826867640018, 0.2662396412342787]",14.408215533630326,14.408215533630326
Rastrigin,2,777,context,11,"[0.27350460924208164, -0.7029831595718861]",15.315745899186327,15.315745899186327
Rastrigin,2,777,test,0,"[-0.0036702360957860947, 0.3127134460955858]",3.0883896708721785,3.0883896708721785
Rastrigin,2,777,test,1,"[0.652334650978446, -0.8427435662597418]",27.37433238714422,27.37433238714422
Rastrigin,2,777,test,2,"[0.006478447467088699, 0.9244848601520061]",17.5476892387595,17.5476892387595
Rastrigin,2,777,test,3,"[-0.6548994407057762, -0.41835009679198265]",16.836487790581696,16.836487790581696
Rastrigin,2,777,test,4,"[-0.7875872291624546, 0.7015227191150188]",26.280334728826418,26.280334728826418
Rastrigin,2,777,test,5,"[0.4358023405075073, -0.20369016751646996]",6.949041528890719,6.949041528890719
Rastrigin,2,777,test,6,"[0.7842909712344408, 0.05932671017944813]",14.82067318367374,14.82067318367374
Rastrigin,2,777,test,7,"[-0.4327490348368883, -0.5332640912383795]",13.49634350568374,13.49634350568374
Rastrigin,2,777,test,8,"[-0.3105484712868929, 0.8501807395368814]",19.875076968558268,19.875076968558268
Rastrigin,2,777,test,9,"[0.9123529065400362, -0.36753119342029095]",20.135434709711717,20.135434709711717
Rastrigin,2,777,test,10,"[0.3079834431409836, 0.3945850618183613]",7.683540870143148,7.683540870143148
Rastrigin,2,777,test,11,"[-0.9095449335873127, -0.8855047859251499]",33.35134399928509,33.35134399928509
Rastrigin,2,777,test,12,"[-0.5270960107445717, 0.22751538828015327]",9.419875347824032,9.419875347824032
Rastrigin,2,777,test,13,"[0.1284206248819828, -0.7404406704008579]",14.2934277874521,14.2934277874521
Rastrigin,2,777,test,14,"[0.5301490779966116, 0.5257648173719645]",15.79917701900111,15.79917701900111
Rastrigin,2,777,test,15,"[-0.1317171212285757, -0.004569185897707939]",0.5728639947451768,0.5728639947451768
Rastrigin,2,777,test,16,"[-0.19312760792672634, 0.5991684161126614]",11.236556083523347,11.236556083523347
Rastrigin,2,777,test,17,"[0.5917835589498281, -0.12037552520632744]",9.93828866253716,9.93828866253716
Rastrigin,2,777,test,18,"[0.18812308087944984, 0.14755146391689777]",1.8728861400482586,1.8728861400482586
Rastrigin,2,777,test,19,"[-0.5865360870957375, -0.6346145328134298]",19.862668031754957,19.862668031754957
Rastrigin,2,777,test,20,"[-0.9692243821918964, 0.4803482759743929]",23.230886645287615,23.230886645287615
Rastrigin,2,777,test,21,"[0.36744652688503265, -0.9894397910684347]",24.151704313370516,24.151704313370516
Rastrigin,2,777,test,22,"[0.9737403858453035, 0.7748860083520412]",33.04079257946749,33.04079257946749
Rastrigin,2,777,test,23,"[-0.37220595963299274, -0.25752414390444756]",6.434466135277724,6.434466135277724
Rastrigin,2,777,test,24,"[-0.49219304509460926, 0.06560641899704933]",7.156338339716477,7.156338339716477
Rastrigin,2,777,test,25,"[0.8439894933253527, -0.5916806943714619]",24.247803548768182,24.247803548768182
Rastrigin,2,777,test,26,"[0.49744075536727905, 0.6735440585762262]",18.369095623619366,18.369095623619366
Rastrigin,2,777,test,27,"[-0.8489937819540501, -0.17136514000594616]",17.512568519384992,17.512568519384992
Rastrigin,2,777,test,28,"[-0.7165453657507896, 0.950448403134942]",31.384252846350712,31.384252846350712
Rastrigin,2,777,test,29,"[0.06787749007344246, -0.45659458450973034]",6.387909051951432,6.387909051951432
Rastrigin,2,777,test,30,"[0.7117861714214087, 0.3123531974852085]",16.26191639960819,16.26191639960819
Rastrigin,2,777,test,31,"[-0.06336124800145626, -0.7823118455708027]",14.449496136420944,14.449496136420944
Rastrigin,2,777,test,32,"[-0.10269549861550331, 0.8795970510691404]",17.39685162887875,17.39685162887875
Rastrigin,2,777,test,33,"[0.7354383170604706, -0.40085902251303196]",17.46086034135578,17.46086034135578
Rastrigin,2,777,test,34,"[0.10574880428612232, 0.3654128611087799]",4.468900500017707,4.468900500017707
Rastrigin,2,777,test,35,"[-0.7387345749884844, -0.8524211272597313]",28.416960995924207,28.416960995924207
Rastrigin,2,777,test,36,"[-0.8247924949973822, 0.010593801736831665]",15.46003126869094,15.46003126869094
Rastrigin,2,777,test,37,"[0.4576792027801275, -0.5196181163191795]",13.956510672197481,13.956510672197481
Rastrigin,2,777,test,38,"[0.822227705270052, 0.7424422334879637]",28.733603162661797,28.733603162661797
Rastrigin,2,777,test,39,"[-0.4548709914088249, -0.22514762915670872]",7.878681730155144,7.878681730155144
Rastrigin,2,777,test,40,"[-0.33292878419160843, 0.408291419968009]",8.555144793693751,8.555144793693751
Rastrigin,2,777,test,41,"[0.9500311054289341, -0.9344214517623186]",34.68213839770364,34.68213839770364
Rastrigin,2,777,test,42,"[0.3296322878450155, 0.8286627754569054]",17.999067899053365,17.999067899053365
Rastrigin,2,777,test,43,"[-0.9469780381768942, -0.32642804086208344]",22.411489106085707,22.411489106085707
Rastrigin,2,777,test,44,"[-0.6106726694852114, 0.5434385761618614]",18.13621378243918,18.13621378243918
Rastrigin,2,777,test,45,"[0.22794939763844013, -0.04951845109462738]",1.7590010696634195,1.7590010696634195
Rastrigin,2,777,test,46,"[0.6134806424379349, 0.21765502355992794]",11.962739109243625,11.962739109243625
Rastrigin,2,777,test,47,"[-0.23051442578434944, -0.6876799184828997]",13.399647079039578,13.399647079039578
Rastrigin,2,777,test,48,"[-0.17105146124958992, 0.15728195011615753]",1.7687052351245391,1.7687052351245391
Rastrigin,2,777,test,49,"[0.5538010746240616, -0.6872610226273537]",20.837794727790932,20.837794727790932
Rastrigin,2,777,test,50,"[0.16629202850162983, 0.5816244166344404]",10.054184944988284,10.054184944988284
Rastrigin,2,777,test,51,"[-0.5492850709706545, -0.07554064132273197]",8.780043315118325,8.780043315118325
Rastrigin,2,777,test,52,"[-0.8853434380143881, 0.7962743323296309]",30.46147402835693,30.46147402835693
Rastrigin,2,777,test,53,"[0.26822192035615444, -0.29851279594004154]",5.125762519698618,5.125762519698618
Rastrigin,2,777,test,54,"[0.8905909098684788, 0.4667714387178421]",24.270207086824314,24.270207086824314
Rastrigin,2,777,test,55,"[-0.27322644740343094, -0.9406377449631691]",19.07504031591123,19.07504031591123
Rastrigin,2,777,test,56,"[-0.3934720680117607, 0.6324947848916054]",15.670201122775588,15.670201122775588
Rastrigin,2,777,test,57,"[0.760581661015749, -0.14979329705238342]",14.31232289079433,14.31232289079433
Rastrigin,2,777,test,58,"[0.3979883100837469, 0.11446920596063137]",5.311134826052115,5.311134826052115
Rastrigin,2,777,test,59,"[-0.76534085534513, -0.6054409313946962]",24.226509165156383,24.226509165156383
Rastrigin,2,777,test,60,"[-0.679035933688283, 0.2595242615789175]",13.591493173488477,13.591493173488477
Rastrigin,2,777,test,61,"[0.046304913237690926, -0.7725196648389101]",14.451845261638436,14.451845261638436
Rastrigin,2,777,test,62,"[0.6740316450595856, 0.9954658523201942]",28.372505391498922,28.372505391498922
Rastrigin,2,777,test,63,"[-0.04105720296502113, -0.47420015931129456]",6.648532635344228,6.648532635344228
Rastrigin,2,777,test,64,"[-0.05814533121883869, 0.7204018346965313]",13.201573716673654,13.201573716673654
Rastrigin,2,777,test,65,"[0.6598732341080904, -0.2495073638856411]",12.985508756229642,12.985508756229642
Rastrigin,2,777,test,66,"[0.061439916491508484, 0.01871812529861927]",0.13707478873212153,0.13707478873212153
Rastrigin,2,777,test,67,"[-0.6629243977367878, -0.5135689880698919]",19.21371381283628,19.21371381283628
Rastrigin,2,777,test,68,"[-0.779499389231205, 0.3592416066676378]",17.551119795551486,17.551119795551486
Rastrigin,2,777,test,69,"[0.3809000588953495, -0.8604234363883734]",21.587384352029183,21.587384352029183
Rastrigin,2,777,test,70,"[0.776693319901824, 0.9035905115306377]",30.177974467282972,30.177974467282972
Rastrigin,2,777,test,71,"[-0.3783369418233633, -0.37845247611403465]",8.778435465956282,8.778435465956282
Rastrigin,2,777,test,72,"[-0.2561348881572485, 0.19440924003720284]",3.3254893036178608,3.3254893036178608
Rastrigin,2,777,test,73,"[0.9047528114169836, -0.7127567566931248]",28.453020575359787,28.453020575359787
Rastrigin,2,777,test,74,"[0.253083486109972, 0.5522801224142313]",10.401895665370832,10.401895665370832
Rastrigin,2,777,test,75,"[-0.9014584645628929, -0.0422638189047575]",17.352930607413214,17.352930607413214
Rastrigin,2,777,test,76,"[-0.5351232923567295, 0.8217744175344706]",24.125730714358284,24.125730714358284
Rastrigin,2,777,test,77,"[0.18338346481323242, -0.33563573472201824]",4.652032502802015,4.652032502802015
Rastrigin,2,777,test,78,"[0.5376861710101366, 0.4334903843700886]",13.90394672207155,13.90394672207155
Rastrigin,2,777,test,79,"[-0.1861897725611925, -0.911297682672739]",17.685320631413187,17.685320631413187
Rastrigin,2,777,test,80,"[-0.24760216660797596, 0.44144664891064167]",7.879646843868496,7.879646843868496
Rastrigin,2,777,test,81,"[0.599322559311986, -0.9636431988328695]",29.079252001778574,29.079252001778574
Rastrigin,2,777,test,82,"[0.24308401346206665, 0.8032886348664761]",16.18690820869029,16.18690820869029
Rastrigin,2,777,test,83,"[-0.5945614613592625, -0.28942329809069633]",12.586213730410472,12.586213730410472
Rastrigin,2,777,test,84,"[-0.9611360058188438, 0.5726570449769497]",25.380267609950472,25.380267609950472
Rastrigin,2,777,test,85,"[0.31254466250538826, -0.0826769582927227]",3.2931519409651244,3.2931519409651244
Rastrigin,2,777,test,86,"[0.9661421980708838, 0.18065367825329304]",20.14158178142097,20.14158178142097
Rastrigin,2,777,test,87,"[-0.31779428385198116, -0.6623023804277182]",14.14490079655444,14.14490079655444
Rastrigin,2,777,test,88,"[-0.43777904473245144, 0.9713464472442865]",25.40384905325687,25.40384905325687
Rastrigin,2,777,test,89,"[0.836389934644103, -0.49648850969970226]",21.670341355957504,21.670341355957504
Rastrigin,2,777,test,90,"[0.44254038110375404, 0.26582134142518044]",8.191940416128428,8.191940416128428
Rastrigin,2,777,test,91,"[-0.8409078493714333, -0.7646356709301472]",29.655932705882833,29.655932705882833
Rastrigin,2,777,test,92,"[-0.724572230130434, 0.10621893778443336]",13.195771955935465,13.195771955935465
Rastrigin,2,777,test,93,"[0.12284086644649506, -0.6113718636333942]",10.789131333113817,10.789131333113817
Rastrigin,2,777,test,94,"[0.7193228472024202, 0.6546610090881586]",24.050535771761247,24.050535771761247
Rastrigin,2,777,test,95,"[-0.11783443577587605, -0.1255518775433302]",0.9782847565777573,0.9782847565777573
Rastrigin,2,777,test,96,"[-0.07947278767824173, 0.03633078932762146]",0.2532913334347029,0.2532913334347029
Rastrigin,2,777,test,97,"[0.6966511644423008, -0.5585793480277061]",20.48512947116707,20.48512947116707
Rastrigin,2,777,test,98,"[0.08203590475022793, 0.7106026839464903]",12.756427388077427,12.756427388077427
Rastrigin,2,777,test,99,"[-0.6994572337716818, -0.1966853979974985]",14.02388046398165,14.02388046398165
Rastrigin,2,777,test,100,"[-0.8641289044171572, 0.9173580836504698]",33.239647867068314,33.239647867068314
Rastrigin,2,777,test,101,"[0.48132910020649433, -0.427307927981019]",12.156387721777673,12.156387721777673
Rastrigin,2,777,test,102,"[0.8610777407884598, 0.33766254782676697]",20.687404144835995,20.687404144835995
Rastrigin,2,777,test,103,"[-0.47803451493382454, -0.8193813785910606]",20.916664986729973,20.916664986729973
Rastrigin,2,777,test,104,"[-0.3560909368097782, 0.5034860000014305]",11.368050207153331,11.368050207153331
Rastrigin,2,777,test,105,"[0.9888788163661957, -0.028679057955741882]",18.569132035931048,18.569132035931048
Rastrigin,2,777,test,106,"[0.3532846290618181, 0.23538984917104244]",5.696989998354459,5.696989998354459
Rastrigin,2,777,test,107,"[-0.9863159377127886, -0.7341531235724688]",32.52196534744428,32.52196534744428
Rastrigin,2,777,test,108,"[-0.5713977720588446, 0.38866367004811764]",13.391310345788733,13.391310345788733
Rastrigin,2,777,test,109,"[0.20423798821866512, -0.8937455136328936]",19.01561319803758,19.01561319803758
Rastrigin,2,777,test,110,"[0.5746921189129353, 0.8744126185774803]",24.285840603989442,24.285840603989442
Rastrigin,2,777,test,111,"[-0.20728939026594162, -0.3453745096921921]",5.071900550553554,5.071900550553554
Rastrigin,2,777,test,112,"[-0.1478283330798149, 0.7505205553025007]",14.76677670514552,14.76677670514552
Rastrigin,2,777,test,113,"[0.5150144584476948, -0.2795702610164881]",9.920897712360246,9.920897712360246
Rastrigin,2,777,test,114,"[0.142578711733222, 0.48640312254428864]",7.483807502140014,7.483807502140014
Rastrigin,2,777,test,115,"[-0.5100082661956549, -0.981309749186039]",24.049993684814766,24.049993684814766
Rastrigin,2,777,test,116,"[-0.9246794302016497, 0.13954342901706696]",17.61730063735728,17.61730063735728
Rastrigin,2,777,test,117,"[0.2918723542243242, -0.6407915130257607]",13.913000085667962,13.913000085667962
Rastrigin,2,777,test,118,"[0.9294405281543732, 0.6215806882828474]",28.826042545368672,28.826042545368672
Rastrigin,2,777,test,119,"[-0.29639050737023354, -0.0963763389736414]",3.1096861063864267,3.1096861063864267
Rastrigin,2,777,test,120,"[-0.4166336841881275, 0.28727064095437527]",7.784715835730152,7.784715835730152
Rastrigin,2,777,test,121,"[0.799429789185524, -0.8055633474141359]",29.35700679348452,29.35700679348452
Rastrigin,2,777,test,122,"[0.42164011485874653, 0.9577087536454201]",21.8220075149889,21.8220075149889
Rastrigin,2,777,test,123,"[-0.8046791721135378, -0.4477473199367523]",21.644753058956816,21.644753058956816
Rastrigin,2,777,test,124,"[-0.6397604998201132, 0.6643306389451027]",22.161856187979687,22.161856187979687
Rastrigin,2,777,test,125,"[0.022593921050429344, -0.1782592236995697]",1.0575366448169135,1.0575366448169135
Rastrigin,2,777,test,126,"[0.635242585092783, 0.08873591385781765]",11.152483827411247,11.152483827411247
Rastrigin,2,777,test,127,"[-0.01783258467912674, -0.5664760041981936]",8.950109928431015,8.950109928431015
Rastrigin,2,777,test,128,"[-0.023582421243190765, 0.8407718893140554]",15.94617576750951,15.94617576750951
Rastrigin,2,777,test,129,"[0.6251001544296741, -0.31468416936695576]",13.197923272594043,13.197923272594043
Rastrigin,2,777,test,130,"[0.028585752472281456, 0.4203207865357399]",5.354988513313749,5.354988513313749
Rastrigin,2,777,test,131,"[-0.6303488221019506, -0.9225132167339325]",26.439209863347607,26.439209863347607
Rastrigin,2,777,test,132,"[-0.8101600427180529, 0.20568565279245377]",15.903817913273114,15.903817913273114
Rastrigin,2,777,test,133,"[0.41176277585327625, -0.6995262801647186]",17.951857949000207,17.951857949000207
Rastrigin,2,777,test,134,"[0.8056447505950928, 0.5312676187604666]",23.60550533001674,23.60550533001674
Rastrigin,2,777,test,135,"[-0.40700263157486916, -0.061322228983044624]",5.190237532295242,5.190237532295242
Rastrigin,2,777,test,136,"[-0.28701673820614815, 0.3694514911621809]",6.856721671046035,6.856721671046035
Rastrigin,2,777,test,137,"[0.9353944510221481, -0.8482613954693079]",32.43643468504035,32.43643468504035
Rastrigin,2,777,test,138,"[0.28176830895245075, 0.8835854679346085]",18.262101967931066,18.262101967931066
Rastrigin,2,777,test,139,"[-0.9303908813744783, -0.39650533348321915]",23.577011297731026,23.577011297731026
Rastrigin,2,777,test,140,"[-0.5003388281911612, 0.738515630364418]",21.043231077653754,21.043231077653754
Rastrigin,2,777,test,141,"[0.14883205853402615, -0.22944138199090958]",2.4364238576396886,2.4364238576396886
Rastrigin,2,777,test,142,"[0.5050992108881474, 0.00649520568549633]",7.395469027892965,7.395469027892965
Rastrigin,2,777,test,143,"[-0.15334711223840714, -0.5238397512584925]",8.492783627411143,8.492783627411143
Rastrigin,2,777,test,144,"[-0.2169375792145729, 0.11844202131032944]",1.9832542064061016,1.9832542064061016
Rastrigin,2,777,test,145,"[0.5684637762606144, -0.601100966334343]",18.741441950078453,18.741441950078453
Rastrigin,2,777,test,146,"[0.2141286488622427, 0.6365471091121435]",11.946858631870331,11.946858631870331
Rastrigin,2,777,test,147,"[-0.5658997055143118, -0.14561793394386768]",9.786386016776989,9.786386016776989
Rastrigin,2,777,test,148,"[-0.9957104790955782, 0.9913513865321875]",36.30150581889653,36.30150581889653
Rastrigin,2,777,test,149,"[0.3473061788827181, -0.47843572683632374]",10.546349417110942,10.546349417110942
Rastrigin,2,777,test,150,"[0.9990079253911972, 0.2556116208434105]",22.017104770185476,22.017104770185476
Rastrigin,2,777,test,151,"[-0.3503582961857319, -0.7767975777387619]",17.325671618828142,17.325671618828142
Rastrigin,2,777,test,152,"[-0.4725595749914646, 0.5936696231365204]",16.318613745307903,16.318613745307903
Rastrigin,2,777,test,153,"[0.8709452748298645, -0.06361844390630722]",16.40174939404127,16.40174939404127
Rastrigin,2,777,test,154,"[0.4751234073191881, 0.16937713138759136]",7.6754002998751325,7.6754002998751325
Rastrigin,2,777,test,155,"[-0.8737544436007738, -0.6755330208688974]",28.680404901353178,28.680404901353178
Rastrigin,2,777,test,156,"[-0.6937019433826208, 0.4546161126345396]",17.762830419703725,17.762830419703725
Rastrigin,2,777,test,157,"[0.0921876635402441, -0.9524278286844492]",18.763202341189732,18.763202341189732
Rastrigin,2,777,test,158,"[0.6906495876610279, 0.7842912375926971]",25.915595500326816,25.915595500326816
Rastrigin,2,777,test,159,"[-0.0888904556632042, -0.31037475913763046]",3.2870833245852786,3.2870833245852786
Rastrigin,2,777,test,160,"[-0.11211726255714893, 0.3988711331039667]",5.312965294275475,5.312965294275475
Rastrigin,2,777,test,161,"[0.7294364292174578, -0.8815858941525221]",30.007790903665338,30.007790903665338
Rastrigin,2,777,test,162,"[0.11687740683555603, 0.8544099368155003]",16.185724195224193,16.185724195224193
Rastrigin,2,777,test,163,"[-0.7339517213404179, -0.36342500522732735]",17.884858142606735,17.884858142606735
Rastrigin,2,777,test,164,"[-0.8353947922587395, 0.5215973891317844]",22.27606264371301,22.27606264371301
Rastrigin,2,777,test,165,"[0.4524460919201374, -0.008615482598543167]",6.092695011960165,6.092695011960165
Rastrigin,2,777,test,166,"[0.830146124586463, 0.22316927649080753]",17.82206073741593,17.82206073741593
Rastrigin,2,777,test,167,"[-0.4474427606910467, -0.7444215398281813]",18.70008477355643,18.70008477355643
Rastrigin,2,777,test,168,"[-0.32719642482697964, 0.9363541472703218]",22.202242325254158,22.202242325254158
Rastrigin,2,777,test,169,"[0.9601560886949301, -0.40635777078568935]",21.544483933779695,21.544483933779695
Rastrigin,2,777,test,170,"[0.32268137112259865, 0.3244944177567959]",6.563223688588506,6.563223688588506
Rastrigin,2,777,test,171,"[-0.9553957059979439, -0.8305954448878765]",33.60307898215705,33.60307898215705
Rastrigin,2,777,test,172,"[-0.6042020507156849, 0.047605808824300766]",9.953550969629369,9.953550969629369
Rastrigin,2,777,test,173,"[0.23686333000659943, -0.5453502647578716]",10.389757881092532,10.389757881092532
Rastrigin,2,777,test,174,"[0.6092056203633547, 0.689591633155942]",21.71740445767614,21.71740445767614
Rastrigin,2,777,test,175,"[-0.24211175926029682, -0.21574235521256924]",3.399700099042107,3.399700099042107
Rastrigin,2,777,test,176,"[-0.17657377012073994, 0.6853418238461018]",13.377126050848872,13.377126050848872
Rastrigin,2,777,test,177,"[0.5438861418515444, -0.15920210257172585]",9.043536824010372,9.043536824010372
Rastrigin,2,777,test,178,"[0.17352165281772614, 0.07746081985533237]",1.1870173683511496,1.1870173683511496
Rastrigin,2,777,test,179,"[-0.5405886955559254, -0.5797051917761564]",17.3390530289394,17.3390530289394
Rastrigin,2,777,test,180,"[-0.8920312598347664, 0.3004386965185404]",18.68046573854077,18.68046573854077
Rastrigin,2,777,test,181,"[0.2590907849371433, -0.7943493854254484]",17.514460441140812,17.514460441140812
Rastrigin,2,777,test,182,"[0.894595330581069, 0.9387128241360188]",33.62706147000979,33.62706147000979
Rastrigin,2,777,test,183,"[-0.26189971528947353, -0.46869731321930885]",8.537659283445969,8.537659283445969
Rastrigin,2,777,test,184,"[-0.3838407304137945, 0.15176410600543022]",5.228767989740124,5.228767989740124
Rastrigin,2,777,test,185,"[0.7667931225150824, -0.6305230222642422]",23.9066501506301,23.9066501506301
Rastrigin,2,777,test,186,"[0.3871379382908344, 0.6034691352397203]",14.123455291021687,14.123455291021687
Rastrigin,2,777,test,187,"[-0.7698454782366753, -0.11644004844129086]",14.928908457949499,14.928908457949499
Rastrigin,2,777,test,188,"[-0.6686513163149357, 0.7705230731517076]",25.78872530033621,25.78872530033621
Rastrigin,2,777,test,189,"[0.05132034420967102, -0.26151989959180355]",2.2871508543831354,2.2871508543831354
Rastrigin,2,777,test,190,"[0.6658421475440264, 0.4761957637965679]",18.438079789494644,18.438079789494644
Rastrigin,2,777,test,191,"[-0.04875651188194752, -0.9934692941606045]",18.587712350688545,18.587712350688545
Rastrigin,2,777,test,192,"[-0.03166841343045235, 0.24751947075128555]",2.009379047604895,2.009379047604895
Rastrigin,2,777,test,193,"[0.6800005882978439, -0.7223906815052032]",24.692964040127443,24.692964040127443
Rastrigin,2,777,test,194,"[0.03618537075817585, 0.5155578013509512]",7.6631586831855465,7.6631586831855465
Rastrigin,2,777,test,195,"[-0.6847628820687532, -0.01673026569187641]",12.09165118282113,12.09165118282113
Rastrigin,2,777,test,196,"[-0.7556869145482779, 0.8624027129262686]",30.04044591147672,30.04044591147672
Rastrigin,2,777,test,197,"[0.40422615967690945, -0.35726328380405903]",8.866539291390161,8.866539291390161
Rastrigin,2,777,test,198,"[0.750681433826685, 0.37647411972284317]",18.61699446996328,18.61699446996328
Rastrigin,2,777,test,199,"[-0.39897582679986954, -0.9055698215961456]",20.635766955638523,20.635766955638523
Rastrigin,2,777,test,200,"[-0.27899130433797836, 0.7146894484758377]",15.732914059611653,15.732914059611653
Rastrigin,2,777,test,201,"[0.8804334588348866, -0.1924755945801735]",17.18233506946942,17.18233506946942
Rastrigin,2,777,test,202,"[0.27422924898564816, 0.040330199524760246]",2.462860181229729,2.462860181229729
Rastrigin,2,777,test,203,"[-0.875916263088584, -0.5542127881199121]",25.96764944386507,25.96764944386507
Rastrigin,2,777,test,204,"[-0.554750444367528, 0.3337230961769819]",11.855650018505223,11.855650018505223
Rastrigin,2,777,test,205,"[0.15643018670380116, -0.8236861024051905]",16.713038896804754,16.713038896804754
Rastrigin,2,777,test,206,"[0.560001015663147, 0.913209393620491]",24.4678805428509,24.4678805428509
Rastrigin,2,777,test,207,"[-0.16143542900681496, -0.43157771974802017]",6.374123814871028,6.374123814871028
Rastrigin,2,777,test,208,"[-0.22502398863434792, 0.9617240037769079]",20.772774091476066,20.772774091476066
Rastrigin,2,777,test,209,"[0.6233636736869812, -0.4433667976409197]",15.877381629070207,15.877381629070207
Rastrigin,2,777,test,210,"[0.22172868438065052, 0.29134347289800644]",4.2676502753983385,4.2676502753983385
Rastrigin,2,777,test,211,"[-0.6203132290393114, -0.8013694137334824]",24.278426397844918,24.278426397844918
Rastrigin,2,777,test,212,"[-0.9412377681583166, 0.08460285514593124]",17.73926703544497,17.73926703544497
Rastrigin,2,777,test,213,"[0.3397690262645483, -0.5707321017980576]",12.858888142824515,12.858888142824515
Rastrigin,2,777,test,214,"[0.9440450258553028, 0.6603774633258581]",30.03614650465876,30.03614650465876
Rastrigin,2,777,test,215,"[-0.3423309549689293, -0.1825795490294695]",4.777943047011451,4.777943047011451
Rastrigin,2,777,test,216,"[-0.4645346775650978, 0.49845932237803936]",13.552837816055764,13.552837816055764
Rastrigin,2,777,test,217,"[0.8159838654100895, -0.969374680891633]",33.67121773505818,33.67121773505818
Rastrigin,2,777,test,218,"[0.4675848837941885, 0.762663871049881]",19.55772043227386,19.55772043227386
Rastrigin,2,777,test,219,"[-0.819279408082366, -0.2677921876311302]",18.30391429177771,18.30391429177771
Rastrigin,2,777,test,220,"[-0.7481140960007906, 0.6093752682209015]",22.951766495738745,22.951766495738745
Rastrigin,2,777,test,221,"[0.09978537447750568, -0.10821457952260971]",0.7168555396357092,0.7168555396357092
Rastrigin,2,777,test,222,"[0.7455519288778305, 0.12754748575389385]",14.417315053354516,14.417315053354516
Rastrigin,2,777,test,223,"[-0.09697835519909859, -0.6526644472032785]",11.356473591609037,11.356473591609037
Rastrigin,2,777,test,224,"[-0.07277888618409634, 0.5566076673567295]",8.956086100993925,8.956086100993925
Rastrigin,2,777,test,225,"[0.7057845648378134, -0.03830151632428169]",12.557329740119668,12.557329740119668
Rastrigin,2,777,test,226,"[0.07802921906113625, 0.19865609146654606]",1.4837391101402204,1.4837391101402204
Rastrigin,2,777,test,227,"[-0.7107900455594063, -0.7086310368031263]",24.977661432351653,24.977661432351653
Rastrigin,2,777,test,228,"[-0.8586193509399891, 0.42930341698229313]",20.502878066640243,20.502878066640243
Rastrigin,2,777,test,229,"[0.4912350922822952, -0.9153616409748793]",25.432822035330073,25.432822035330073
Rastrigin,2,777,test,230,"[0.8538570571690798, 0.8173849023878574]",30.936345342625486,30.936345342625486
Rastrigin,2,777,test,231,"[-0.4867181349545717, -0.33965807035565376]",10.610865545010851,10.610865545010851
Rastrigin,2,777,test,232,"[-0.36647328920662403, 0.030599351972341537]",4.1770751198616765,4.1770751198616765
Rastrigin,2,777,test,233,"[0.9838694650679827, -0.5015666596591473]",23.877859480874427,23.877859480874427
Rastrigin,2,777,test,234,"[0.36146804690361023, 0.7322338093072176]",16.578053307950867,16.578053307950867
Rastrigin,2,777,test,235,"[-0.9786188937723637, -0.23731011711061]",21.30952787992851,21.30952787992851
Rastrigin,2,777,test,236,"[-0.5810380503535271, 0.891820477321744]",26.989727822873625,26.989727822873625
Rastrigin,2,777,test,237,"[0.1980137713253498, -0.39058966003358364]",5.998561339827875,5.998561339827875
Rastrigin,2,777,test,238,"[0.5855552460998297, 0.34730052575469017]",13.414891400882315,13.414891400882315
Rastrigin,2,777,test,239,"[-0.20277582667768002, -0.8724875561892986]",17.126888066188197,17.126888066188197
Rastrigin,2,777,test,240,"[-0.13723593018949032, 0.2776367608457804]",3.093754873299009,3.093754873299009
Rastrigin,2,777,test,241,"[0.5202338602393866, -0.752453101798892]",21.89313143362866,21.89313143362866
Rastrigin,2,777,test,242,"[0.13467400148510933, 0.9832423217594624]",18.52178636771739,18.52178636771739
Rastrigin,2,777,test,243,"[-0.5174266025424004, -0.48446959629654884]",14.505758361595888,14.505758361595888
Rastrigin,2,777,test,244,"[-0.915256354957819, 0.6427031047642231]",26.67921377722299,26.67921377722299
Rastrigin,2,777,test,245,"[0.2978793680667877, -0.1376308836042881]",3.415952898979647,3.415952898979647
Rastrigin,2,777,test,246,"[0.9183067996054888, 0.09446381963789463]",18.126677363329964,18.126677363329964
Rastrigin,2,777,test,247,"[-0.3011746723204851, -0.6234922539442778]",12.9198921332088,12.9198921332088
Rastrigin,2,777,test,248,"[-0.42311801202595234, 0.8075522799044847]",21.164899179475164,21.164899179475164
Rastrigin,2,777,test,249,"[0.790505962446332, -0.28528266213834286]",16.50496101912901,16.50496101912901
Rastrigin,2,777,test,250,"[0.42592503130435944, 0.4457593075931072]",11.316996226491849,11.316996226491849
Rastrigin,2,777,test,251,"[-0.7930681295692921, -0.9596977196633816]",31.24710109976875,31.24710109976875
Rastrigin,2,777,test,252,"[-0.6454877331852913, 0.17628074809908867]",11.750828005641958,11.750828005641958
Rastrigin,2,777,test,253,"[0.012470249086618423, -0.6663100682199001]",11.598692999402397,11.598692999402397
Rastrigin,2,777,test,254,"[0.6421921905130148, 0.5684553999453783]",19.89883793186443,19.89883793186443
Rastrigin,2,777,test,255,"[-0.009420042857527733, -0.0867574717849493]",0.25242439658304505,0.25242439658304505
