problem,dim,seed,relation,source_task_id,source_region_id,source_chart_anchor,oracle_source_anchor,target_anchor,extracted_center,normalized_anchor_error,chart_radius,source_oof_spearman,source_oof_ndcg,source_reliability,source_context_count,source_core_count,source_fidelity_ndcg,source_fidelity_spearman,source_fidelity_pairwise,source_membership_mean,source_membership_min,source_membership_below_0_05,matching_source_data_hash,wrong_source_data_hash,target_context_design_hash,target_test_design_hash,target_test_truth_hash
GMM,2,42,matching,matching_GMM_2_42,matching_GMM_2_42::region_1,"[1.7007396090590758, 1.2135608680605374]","[1.7182244591326157, 1.4235679276309967]","[1.5, 1.5]","[1.7007396090590758, 1.2135608680605374]",0.5268342069114615,0.4,0.9592542579069966,0.9952132141378273,0.9546625131870183,45,15,0.6623611861530825,0.7844640634528731,0.8739218188145227,0.8951429692840275,0.7062745988800238,0.0,f9996bebafbc68764ecc7452ad0bd9b44f251587984bd408d636b485234f8a2d,9d453c4601c7ff45836182d6af485aeda05d5827e5cff5ead5764d98479574ec,9ba145d293577ce2d7697e4ec068125806ecfb5749bb059ae92d2994b46c57be,b9efc8b90bd331fe9e7034d8b7de1fef4c6cec7a2cd984f260b35e2c248d1990,56a10bd2e239fbd6709e03636713f0a6d9f28bfcc9d75fedffae42211d059b57
GMM,2,42,wrong,wrong_GMM_2_42,wrong_GMM_2_42::region_0,"[0.7173877843716279, -2.302074658592965]","[2.5, -2.5]","[1.5, 1.5]","[0.7173877843716279, -2.302074658592965]",4.4839162236254095,0.4,0.9594721381696886,0.9494865715818779,0.9110059109990715,58,19,0.9968173105655298,0.9845911930358768,0.9503137222946545,0.9198526476883805,0.6964538610945904,0.0,f9996bebafbc68764ecc7452ad0bd9b44f251587984bd408d636b485234f8a2d,9d453c4601c7ff45836182d6af485aeda05d5827e5cff5ead5764d98479574ec,9ba145d293577ce2d7697e4ec068125806ecfb5749bb059ae92d2994b46c57be,b9efc8b90bd331fe9e7034d8b7de1fef4c6cec7a2cd984f260b35e2c248d1990,56a10bd2e239fbd6709e03636713f0a6d9f28bfcc9d75fedffae42211d059b57
GMM,2,42,reversed,matching_GMM_2_42,matching_GMM_2_42::region_1,"[1.7007396090590758, 1.2135608680605374]","[1.7182244591326157, 1.4235679276309967]","[1.5, 1.5]","[1.7007396090590758, 1.2135608680605374]",0.5268342069114615,0.4,0.9592542579069966,0.9952132141378273,0.9546625131870183,45,15,0.045487598317979105,-0.7844640634528731,0.1260781811854773,0.8951429692840275,0.7062745988800238,0.0,f9996bebafbc68764ecc7452ad0bd9b44f251587984bd408d636b485234f8a2d,9d453c4601c7ff45836182d6af485aeda05d5827e5cff5ead5764d98479574ec,9ba145d293577ce2d7697e4ec068125806ecfb5749bb059ae92d2994b46c57be,b9efc8b90bd331fe9e7034d8b7de1fef4c6cec7a2cd984f260b35e2c248d1990,56a10bd2e239fbd6709e03636713f0a6d9f28bfcc9d75fedffae42211d059b57
GMM,2,101,matching,matching_GMM_2_101,matching_GMM_2_101::region_1,"[1.8180988828223485, 0.14317682474406535]","[1.4350974048268594, 1.2244112575706718]","[1.5, 1.5]","[1.8180988828223485, 0.14317682474406535]",2.8676624091721052,0.4,0.9724819086950849,0.9683766214191984,0.9417287451334397,63,21,0.9964282987949913,0.9971437042496831,0.9808524242259345,0.945237392581755,0.7816380199290813,0.0,27e2b69184f1b91e82dcae18f6de75dc73251bfeee3d263cb0a319efd9d6238b,032ebdb7d9ca4a61dce8039bea81a35f6f11937250844e90251b71ee5ae02cec,da567102721b5994d518abf11f9c1d7b8c457ee4b41d79243f0652e48953cb1a,cb2d5e9462c0c424be8408e725003e4b9887295335b5207099f2cca58c0226a6,a958fbab8ef34d7d00ba2a3816fd8082d4710743d47dbda52958837701b03b1a
GMM,2,101,wrong,wrong_GMM_2_101,wrong_GMM_2_101::region_0,"[2.2108967112531803, -2.6079666998323523]","[2.5, -2.5]","[1.5, 1.5]","[2.2108967112531803, -2.6079666998323523]",0.7715144191657902,0.4,0.9706621409621837,0.9869985483532,0.9580421240710846,42,14,0.8555605780674613,0.8570405865082452,0.8288571913737477,0.8671728342458657,0.5946907326589064,0.0,27e2b69184f1b91e82dcae18f6de75dc73251bfeee3d263cb0a319efd9d6238b,032ebdb7d9ca4a61dce8039bea81a35f6f11937250844e90251b71ee5ae02cec,da567102721b5994d518abf11f9c1d7b8c457ee4b41d79243f0652e48953cb1a,cb2d5e9462c0c424be8408e725003e4b9887295335b5207099f2cca58c0226a6,a958fbab8ef34d7d00ba2a3816fd8082d4710743d47dbda52958837701b03b1a
GMM,2,101,reversed,matching_GMM_2_101,matching_GMM_2_101::region_1,"[1.8180988828223485, 0.14317682474406535]","[1.4350974048268594, 1.2244112575706718]","[1.5, 1.5]","[1.8180988828223485, 0.14317682474406535]",2.8676624091721052,0.4,0.9724819086950849,0.9683766214191984,0.9417287451334397,63,21,0.029943846188577955,-0.9971437042496831,0.01914757577406541,0.945237392581755,0.7816380199290813,0.0,27e2b69184f1b91e82dcae18f6de75dc73251bfeee3d263cb0a319efd9d6238b,032ebdb7d9ca4a61dce8039bea81a35f6f11937250844e90251b71ee5ae02cec,da567102721b5994d518abf11f9c1d7b8c457ee4b41d79243f0652e48953cb1a,cb2d5e9462c0c424be8408e725003e4b9887295335b5207099f2cca58c0226a6,a958fbab8ef34d7d00ba2a3816fd8082d4710743d47dbda52958837701b03b1a
GMM,2,2026,matching,matching_GMM_2_2026,matching_GMM_2_2026::region_2,"[0.7743948456586905, 1.616814519319236]","[1.5383681700587084, 1.4517745923680523]","[1.5, 1.5]","[0.7743948456586905, 1.616814519319236]",1.9539917762795007,0.4,0.9858870967741936,0.9924830478379284,0.9784762306305383,63,21,0.9986363543236542,0.9980161156397767,0.980837136027814,0.9112252573213616,0.6746960650952544,0.0,378b5ad3a2e578316bb6489766ccc4bf775a407e45822b2eb2e3c4d990c0d5f0,09b0bbfe0d25bf96986820140ddffafc5d5bd5b0cd8a1603fbe7c4091a3500d8,6cbbb948675e57127190094f6a7965cea2f57c7e9c8dff2f618fbc7b2d441b8b,27923c818a8808f20af58c3e69691a641737c4debb4d8d51a64e3f2f2dcfe506,8757cd211aa00b3abea6f76b8998c59fca4f813c01d1686c1c24979cf8537f1c
GMM,2,2026,wrong,wrong_GMM_2_2026,wrong_GMM_2_2026::region_2,"[2.991267154409909, -2.4826435076829263]","[2.5, -2.5]","[1.5, 1.5]","[2.991267154409909, -2.4826435076829263]",1.2289341541239147,0.4,0.9725188534141159,0.9885709686628701,0.9614039049624964,39,13,0.947596623532734,0.9947239431855912,0.9797977694238199,0.857860572688344,0.5299603888320517,0.0,378b5ad3a2e578316bb6489766ccc4bf775a407e45822b2eb2e3c4d990c0d5f0,09b0bbfe0d25bf96986820140ddffafc5d5bd5b0cd8a1603fbe7c4091a3500d8,6cbbb948675e57127190094f6a7965cea2f57c7e9c8dff2f618fbc7b2d441b8b,27923c818a8808f20af58c3e69691a641737c4debb4d8d51a64e3f2f2dcfe506,8757cd211aa00b3abea6f76b8998c59fca4f813c01d1686c1c24979cf8537f1c
GMM,2,2026,reversed,matching_GMM_2_2026,matching_GMM_2_2026::region_2,"[0.7743948456586905, 1.616814519319236]","[1.5383681700587084, 1.4517745923680523]","[1.5, 1.5]","[0.7743948456586905, 1.616814519319236]",1.9539917762795007,0.4,0.9858870967741936,0.9924830478379284,0.9784762306305383,63,21,0.03146221070767166,-0.9980161156397767,0.019162863972186008,0.9112252573213616,0.6746960650952544,0.0,378b5ad3a2e578316bb6489766ccc4bf775a407e45822b2eb2e3c4d990c0d5f0,09b0bbfe0d25bf96986820140ddffafc5d5bd5b0cd8a1603fbe7c4091a3500d8,6cbbb948675e57127190094f6a7965cea2f57c7e9c8dff2f618fbc7b2d441b8b,27923c818a8808f20af58c3e69691a641737c4debb4d8d51a64e3f2f2dcfe506,8757cd211aa00b3abea6f76b8998c59fca4f813c01d1686c1c24979cf8537f1c
GMM,2,777,matching,matching_GMM_2_777,matching_GMM_2_777::region_0,"[1.7991518202420131, 0.215054085591875]","[1.516668387692883, 1.4767617887592857]","[1.5, 1.5]","[1.7991518202420131, 0.215054085591875]",3.2323590629530172,0.4,0.9867716055464724,0.9953250504023504,0.9821584980261509,81,27,0.9916046550232549,0.9814368833955271,0.93956431986093,0.925932311254456,0.7041726119067964,0.0,92471dcf187eabe75f0dece84b2c6f014d255db6b7d3cce40c13b8ec17d3a1e3,b433fe47fa59d0f2c1c8abe00f5ded7310a271b205aaf01fcb0c41af597f2b8e,52ca45660f36f6cb877e1e2600e79c86ce64ba88cb5ab0af92604ae5d0e3fce3,e53c163f1191d7fe395a264f8a9098f6023dce403292ddce4ce799e40178be72,c92dc05dec44b68abd8ae2f912f8d049aae1fac4b5eed75144034720fcd42478
GMM,2,777,wrong,wrong_GMM_2_777,wrong_GMM_2_777::region_0,"[1.5405699972360667, -2.3294295809964716]","[2.5, -2.5]","[1.5, 1.5]","[1.5405699972360667, -2.3294295809964716]",2.436185797053768,0.4,0.9849596593758441,0.9971286421902097,0.9821314877655668,66,22,0.9992651782331456,0.9960905644574728,0.9734354628422425,0.93798361102233,0.7716243490633361,0.0,92471dcf187eabe75f0dece84b2c6f014d255db6b7d3cce40c13b8ec17d3a1e3,b433fe47fa59d0f2c1c8abe00f5ded7310a271b205aaf01fcb0c41af597f2b8e,52ca45660f36f6cb877e1e2600e79c86ce64ba88cb5ab0af92604ae5d0e3fce3,e53c163f1191d7fe395a264f8a9098f6023dce403292ddce4ce799e40178be72,c92dc05dec44b68abd8ae2f912f8d049aae1fac4b5eed75144034720fcd42478
GMM,2,777,reversed,matching_GMM_2_777,matching_GMM_2_777::region_0,"[1.7991518202420131, 0.215054085591875]","[1.516668387692883, 1.4767617887592857]","[1.5, 1.5]","[1.7991518202420131, 0.215054085591875]",3.2323590629530172,0.4,0.9867716055464724,0.9953250504023504,0.9821584980261509,81,27,0.05100351402720227,-0.9814368833955271,0.06043568013906997,0.925932311254456,0.7041726119067964,0.0,92471dcf187eabe75f0dece84b2c6f014d255db6b7d3cce40c13b8ec17d3a1e3,b433fe47fa59d0f2c1c8abe00f5ded7310a271b205aaf01fcb0c41af597f2b8e,52ca45660f36f6cb877e1e2600e79c86ce64ba88cb5ab0af92604ae5d0e3fce3,e53c163f1191d7fe395a264f8a9098f6023dce403292ddce4ce799e40178be72,c92dc05dec44b68abd8ae2f912f8d049aae1fac4b5eed75144034720fcd42478
GMM,2,999,matching,matching_GMM_2_999,matching_GMM_2_999::region_1,"[0.16037963210775727, 1.8165918043218539]","[1.2764414565808124, 1.3034702917890029]","[1.5, 1.5]","[0.16037963210775727, 1.8165918043218539]",3.070919734654144,0.4,0.9801659320715584,0.9912859620987692,0.9716247289899916,57,19,0.9941347814162118,0.9886406070126121,0.9546936114732725,0.9267098989144987,0.6992008603097165,0.0,d3c0c71b1e8961b8d7967ea0451f21388ab697be29a84a531b4a701e8a4aa614,352ac21c2e7fe55c184e5ff06bb6b2f3a14282a7e0d25d40fc03b14ee77b4739,86924d5f6695b94db698a7b81e390774e3547bef573c1650b727ddb3f4c9d0aa,08bf636727c8bef2d7053e1a1fc4ed1f4bd6d40e7275b27e14dbb12373b62844,53e6afe66fea7081e65da6b7b5df6e35a0022806552dc7057dd4ad7dd9eeac34
GMM,2,999,wrong,wrong_GMM_2_999,wrong_GMM_2_999::region_1,"[1.5727284166657798, -2.098976324098985]","[2.5, -2.5]","[1.5, 1.5]","[1.5727284166657798, -2.098976324098985]",2.5256837909419625,0.4,0.9601753744976252,0.9684087163905117,0.9298422019270242,69,23,0.8877621932363674,0.9039411770565068,0.8674421447196871,0.9361077257218251,0.7865720273397259,0.0,d3c0c71b1e8961b8d7967ea0451f21388ab697be29a84a531b4a701e8a4aa614,352ac21c2e7fe55c184e5ff06bb6b2f3a14282a7e0d25d40fc03b14ee77b4739,86924d5f6695b94db698a7b81e390774e3547bef573c1650b727ddb3f4c9d0aa,08bf636727c8bef2d7053e1a1fc4ed1f4bd6d40e7275b27e14dbb12373b62844,53e6afe66fea7081e65da6b7b5df6e35a0022806552dc7057dd4ad7dd9eeac34
GMM,2,999,reversed,matching_GMM_2_999,matching_GMM_2_999::region_1,"[0.16037963210775727, 1.8165918043218539]","[1.2764414565808124, 1.3034702917890029]","[1.5, 1.5]","[0.16037963210775727, 1.8165918043218539]",3.070919734654144,0.4,0.9801659320715584,0.9912859620987692,0.9716247289899916,57,19,0.03045581412973841,-0.9886406070126121,0.04530638852672751,0.9267098989144987,0.6992008603097165,0.0,d3c0c71b1e8961b8d7967ea0451f21388ab697be29a84a531b4a701e8a4aa614,352ac21c2e7fe55c184e5ff06bb6b2f3a14282a7e0d25d40fc03b14ee77b4739,86924d5f6695b94db698a7b81e390774e3547bef573c1650b727ddb3f4c9d0aa,08bf636727c8bef2d7053e1a1fc4ed1f4bd6d40e7275b27e14dbb12373b62844,53e6afe66fea7081e65da6b7b5df6e35a0022806552dc7057dd4ad7dd9eeac34
GMM,2,1234,matching,matching_GMM_2_1234,matching_GMM_2_1234::region_2,"[0.8898686971543519, 1.671848180151828]","[1.5114511725975892, 1.4758027510785916]","[1.5, 1.5]","[0.8898686971543519, 1.671848180151828]",1.6294143580567757,0.4,0.9774347246045358,0.9475369455417706,0.9261555134182436,54,18,0.7666540489431639,0.941318569299861,0.9620090283046152,0.9266595658669572,0.7317683130247062,0.0,81b57808568d402110a230dd40bb706661c76bdeddbd1df8472b178a2df69c88,8788000f273bc79c039c06f4a6ba4e4a48ac765ad3a63d1eb9395888652a415f,2105c2498afb2d20c3b3d7eadd448428cabc5c4694a42546a70a0803df4e2737,34fefcec73d886824954dce56a6cd29b697668ca89d3c9ae51d42461ffa46802,94dcde3b48e2dacc29461f344c6e42cd0f58062790b9d0a720ddca9c68808a13
GMM,2,1234,wrong,wrong_GMM_2_1234,wrong_GMM_2_1234::region_1,"[2.7579069652074293, -2.4122463627849364]","[2.5, -2.5]","[1.5, 1.5]","[2.7579069652074293, -2.4122463627849364]",0.6810685700930704,0.4,0.9845371567657103,0.9947900755156561,0.9794077925269303,60,20,0.97566781340412,0.9828907093738292,0.9445621468926554,0.8870630870020161,0.6349861997531101,0.0,81b57808568d402110a230dd40bb706661c76bdeddbd1df8472b178a2df69c88,8788000f273bc79c039c06f4a6ba4e4a48ac765ad3a63d1eb9395888652a415f,2105c2498afb2d20c3b3d7eadd448428cabc5c4694a42546a70a0803df4e2737,34fefcec73d886824954dce56a6cd29b697668ca89d3c9ae51d42461ffa46802,94dcde3b48e2dacc29461f344c6e42cd0f58062790b9d0a720ddca9c68808a13
GMM,2,1234,reversed,matching_GMM_2_1234,matching_GMM_2_1234::region_2,"[0.8898686971543519, 1.671848180151828]","[1.5114511725975892, 1.4758027510785916]","[1.5, 1.5]","[0.8898686971543519, 1.671848180151828]",1.6294143580567757,0.4,0.9774347246045358,0.9475369455417706,0.9261555134182436,54,18,0.0329013826042068,-0.941318569299861,0.03799097169538483,0.9266595658669572,0.7317683130247062,0.0,81b57808568d402110a230dd40bb706661c76bdeddbd1df8472b178a2df69c88,8788000f273bc79c039c06f4a6ba4e4a48ac765ad3a63d1eb9395888652a415f,2105c2498afb2d20c3b3d7eadd448428cabc5c4694a42546a70a0803df4e2737,34fefcec73d886824954dce56a6cd29b697668ca89d3c9ae51d42461ffa46802,94dcde3b48e2dacc29461f344c6e42cd0f58062790b9d0a720ddca9c68808a13
GMM,2,5678,matching,matching_GMM_2_5678,matching_GMM_2_5678::region_2,"[1.767079458869257, -0.103421729579304]","[1.5732751556145184, 1.189980580955735]","[1.5, 1.5]","[1.767079458869257, -0.103421729579304]",3.2696039944248523,0.4,0.9886130058074077,0.9936455526571338,0.982330916519532,75,25,0.9904986501402295,0.9644754390300141,0.9201739732724902,0.9176403564107403,0.7221582374515327,0.0,2316fea2325f9771b43a530052482a280312f52a62a760b513e25745cce5a4bf,64a1935b9428e6aea42b2a003f245ae9134b9f18ae22d01d944226a74466347e,c3e063b64d01d6b4cea7ec480ddcd1cdf087e34b43fccb9a59e21b414fb2be2d,64e89f3d248ad32a98da35af8912a3acffa7ccfa97c3f8065e3cc0dc61ae5e16,fcb65061334cdb9262ebf3d316690ea5df4754467271f05ead785ab20ae74d49
GMM,2,5678,wrong,wrong_GMM_2_5678,wrong_GMM_2_5678::region_0,"[1.8932441609036306, -2.18855748075845]","[2.5, -2.5]","[1.5, 1.5]","[1.8932441609036306, -2.18855748075845]",1.7050459874096187,0.4,0.9814737191639312,0.9990678084580801,0.9805587976643099,54,18,0.6432702345289804,0.8485672093441824,0.991759118137029,0.9484103840297804,0.8408717435856717,0.0,2316fea2325f9771b43a530052482a280312f52a62a760b513e25745cce5a4bf,64a1935b9428e6aea42b2a003f245ae9134b9f18ae22d01d944226a74466347e,c3e063b64d01d6b4cea7ec480ddcd1cdf087e34b43fccb9a59e21b414fb2be2d,64e89f3d248ad32a98da35af8912a3acffa7ccfa97c3f8065e3cc0dc61ae5e16,fcb65061334cdb9262ebf3d316690ea5df4754467271f05ead785ab20ae74d49
GMM,2,5678,reversed,matching_GMM_2_5678,matching_GMM_2_5678::region_2,"[1.767079458869257, -0.103421729579304]","[1.5732751556145184, 1.189980580955735]","[1.5, 1.5]","[1.767079458869257, -0.103421729579304]",3.2696039944248523,0.4,0.9886130058074077,0.9936455526571338,0.982330916519532,75,25,0.0776971028919748,-0.9644754390300141,0.07982602672750978,0.9176403564107403,0.7221582374515327,0.0,2316fea2325f9771b43a530052482a280312f52a62a760b513e25745cce5a4bf,64a1935b9428e6aea42b2a003f245ae9134b9f18ae22d01d944226a74466347e,c3e063b64d01d6b4cea7ec480ddcd1cdf087e34b43fccb9a59e21b414fb2be2d,64e89f3d248ad32a98da35af8912a3acffa7ccfa97c3f8065e3cc0dc61ae5e16,fcb65061334cdb9262ebf3d316690ea5df4754467271f05ead785ab20ae74d49
GMM,2,8888,matching,matching_GMM_2_8888,matching_GMM_2_8888::region_1,"[1.7512495327157387, 0.1407346413475497]","[1.1475792871997021, 1.3429604456229751]","[1.5, 1.5]","[1.7512495327157387, 0.1407346413475497]",3.3631873366152654,0.4,0.9883101972654214,0.9977042852217073,0.9860413189400218,66,22,0.9993459307417165,0.9971725098037886,0.979614841373316,0.930837491901743,0.7404252826330311,0.0,134b753776545ce2c987096ecd69163fea3e6b1e3671899b5484016d7f012acd,7bad177b101e3c9211ec867c8b6188d37e7091df14062f1181da62e1c868660b,2b3afc09129dbd55beb8c9893fd761b6120d3d27c4ccdd213c06254f8e92b0e3,532358eb2e94a4a8f8fea06b4fdc10e3a37e0b0db6e79c87aa342df9a1b065a3,2bc07207dd5694641e7904f3b39d7c943fd07319668d731043761645653cd716
GMM,2,8888,wrong,wrong_GMM_2_8888,wrong_GMM_2_8888::region_2,"[2.5548635258021286, -2.5962113407044116]","[2.5, -2.5]","[1.5, 1.5]","[2.5548635258021286, -2.5962113407044116]",0.2768870318331693,0.4,0.9723981900452489,0.9961667636522454,0.9686707579586766,51,17,0.9412222377118784,0.858687558598088,0.8448636462407649,0.8827115714245062,0.6305432011788389,0.0,134b753776545ce2c987096ecd69163fea3e6b1e3671899b5484016d7f012acd,7bad177b101e3c9211ec867c8b6188d37e7091df14062f1181da62e1c868660b,2b3afc09129dbd55beb8c9893fd761b6120d3d27c4ccdd213c06254f8e92b0e3,532358eb2e94a4a8f8fea06b4fdc10e3a37e0b0db6e79c87aa342df9a1b065a3,2bc07207dd5694641e7904f3b39d7c943fd07319668d731043761645653cd716
GMM,2,8888,reversed,matching_GMM_2_8888,matching_GMM_2_8888::region_1,"[1.7512495327157387, 0.1407346413475497]","[1.1475792871997021, 1.3429604456229751]","[1.5, 1.5]","[1.7512495327157387, 0.1407346413475497]",3.3631873366152654,0.4,0.9883101972654214,0.9977042852217073,0.9860413189400218,66,22,0.03502523291061695,-0.9971725098037886,0.02038515862668405,0.930837491901743,0.7404252826330311,0.0,134b753776545ce2c987096ecd69163fea3e6b1e3671899b5484016d7f012acd,7bad177b101e3c9211ec867c8b6188d37e7091df14062f1181da62e1c868660b,2b3afc09129dbd55beb8c9893fd761b6120d3d27c4ccdd213c06254f8e92b0e3,532358eb2e94a4a8f8fea06b4fdc10e3a37e0b0db6e79c87aa342df9a1b065a3,2bc07207dd5694641e7904f3b39d7c943fd07319668d731043761645653cd716
GMM,2,31415,matching,matching_GMM_2_31415,matching_GMM_2_31415::region_0,"[2.067709172704047, -0.21678557438002038]","[1.44449104206489, 1.5900110171466089]","[1.5, 1.5]","[2.067709172704047, -0.21678557438002038]",4.7781499829363945,0.4,0.992860870472811,0.9930943073744722,0.9860044784814118,66,22,0.9992778049302001,0.9544560666928892,0.9207274011299436,0.9165486662345476,0.7265607366800477,0.0,2ee1efc9d3c535eb16eb73febb4b115dcd72e5fb3306f1725eb88c649f7767a1,5d175922c472b89bae506fdfdc5fe27692b5860b9c269e518d2fcc3c6a2d1fb9,580afcdc8fda39f67c5b75a6b9e02f8abec8112fd362cd5a6216d7b788f7f49f,d0f9e9817562f1ea9775460b53253475a7fd8c956c427f4aab37d19a54ef247e,c2f8dbf8bffbd328f34cbfe81b15341d74170b3c42baf73bb54ea4e5829d71d4
GMM,2,31415,wrong,wrong_GMM_2_31415,wrong_GMM_2_31415::region_1,"[2.466838892442354, -2.5066144995480446]","[2.5, -2.5]","[1.5, 1.5]","[2.466838892442354, -2.5066144995480446]",0.08453588952040046,0.4,0.9923076923076923,1.0,0.9923076923076923,51,17,0.879096937109115,0.8655149601419148,0.847871146657518,0.9049327407291651,0.7362440438908904,0.0,2ee1efc9d3c535eb16eb73febb4b115dcd72e5fb3306f1725eb88c649f7767a1,5d175922c472b89bae506fdfdc5fe27692b5860b9c269e518d2fcc3c6a2d1fb9,580afcdc8fda39f67c5b75a6b9e02f8abec8112fd362cd5a6216d7b788f7f49f,d0f9e9817562f1ea9775460b53253475a7fd8c956c427f4aab37d19a54ef247e,c2f8dbf8bffbd328f34cbfe81b15341d74170b3c42baf73bb54ea4e5829d71d4
GMM,2,31415,reversed,matching_GMM_2_31415,matching_GMM_2_31415::region_0,"[2.067709172704047, -0.21678557438002038]","[1.44449104206489, 1.5900110171466089]","[1.5, 1.5]","[2.067709172704047, -0.21678557438002038]",4.7781499829363945,0.4,0.992860870472811,0.9930943073744722,0.9860044784814118,66,22,0.03369483448723222,-0.9544560666928892,0.0792725988700565,0.9165486662345476,0.7265607366800477,0.0,2ee1efc9d3c535eb16eb73febb4b115dcd72e5fb3306f1725eb88c649f7767a1,5d175922c472b89bae506fdfdc5fe27692b5860b9c269e518d2fcc3c6a2d1fb9,580afcdc8fda39f67c5b75a6b9e02f8abec8112fd362cd5a6216d7b788f7f49f,d0f9e9817562f1ea9775460b53253475a7fd8c956c427f4aab37d19a54ef247e,c2f8dbf8bffbd328f34cbfe81b15341d74170b3c42baf73bb54ea4e5829d71d4
GMM,2,27182,matching,matching_GMM_2_27182,matching_GMM_2_27182::region_1,"[0.21595356111942196, 1.9050907408098692]","[1.4307788211492163, 1.4635400379376913]","[1.5, 1.5]","[0.21595356111942196, 1.9050907408098692]",3.231454234951127,0.4,0.9794152431925616,0.9900148131298347,0.9696355989657955,54,18,0.9934237709575088,0.9931008168976118,0.9687024663189917,0.930066315798307,0.7420097861617468,0.0,84878fe5dc2edefb1121e5156ad8947719916ea6d69a67132dcb8547c311b618,2d374d2d270f8c87bd571e8f0c2358030fbb3bb00c6e7f0536b43ed9f3a86512,e8819be071aa8bc977acfd1dd9518f9e11b1dfe66ef0e6ca3f1a26817ecf7649,806d81f3f4f5c38790e2d48670eedd45eca25a6d6eba787976d79702693ae732,8560a2343a3a436e9b06b774122d4151db9b3db498454a3ff498114d25bf17c1
GMM,2,27182,wrong,wrong_GMM_2_27182,wrong_GMM_2_27182::region_1,"[2.48834676404011, -2.668857494034282]","[2.5, -2.5]","[1.5, 1.5]","[2.48834676404011, -2.668857494034282]",0.4231478110533189,0.4,0.9867564046895355,0.9897324183668411,0.9766248027523433,48,16,0.750561793275341,0.8780055104526677,0.8940321576218666,0.8925112634160088,0.6111859839775434,0.0,84878fe5dc2edefb1121e5156ad8947719916ea6d69a67132dcb8547c311b618,2d374d2d270f8c87bd571e8f0c2358030fbb3bb00c6e7f0536b43ed9f3a86512,e8819be071aa8bc977acfd1dd9518f9e11b1dfe66ef0e6ca3f1a26817ecf7649,806d81f3f4f5c38790e2d48670eedd45eca25a6d6eba787976d79702693ae732,8560a2343a3a436e9b06b774122d4151db9b3db498454a3ff498114d25bf17c1
GMM,2,27182,reversed,matching_GMM_2_27182,matching_GMM_2_27182::region_1,"[0.21595356111942196, 1.9050907408098692]","[1.4307788211492163, 1.4635400379376913]","[1.5, 1.5]","[0.21595356111942196, 1.9050907408098692]",3.231454234951127,0.4,0.9794152431925616,0.9900148131298347,0.9696355989657955,54,18,0.03048141275340762,-0.9931008168976118,0.03129753368100826,0.930066315798307,0.7420097861617468,0.0,84878fe5dc2edefb1121e5156ad8947719916ea6d69a67132dcb8547c311b618,2d374d2d270f8c87bd571e8f0c2358030fbb3bb00c6e7f0536b43ed9f3a86512,e8819be071aa8bc977acfd1dd9518f9e11b1dfe66ef0e6ca3f1a26817ecf7649,806d81f3f4f5c38790e2d48670eedd45eca25a6d6eba787976d79702693ae732,8560a2343a3a436e9b06b774122d4151db9b3db498454a3ff498114d25bf17c1
GMM,2,13579,matching,matching_GMM_2_13579,matching_GMM_2_13579::region_0,"[0.5024091121045312, 1.6459665765830624]","[1.4160469951254517, 1.1500841853954007]","[1.5, 1.5]","[0.5024091121045312, 1.6459665765830624]",2.598838114404375,0.4,0.9767782352162098,0.9932213323207914,0.9701569801633951,63,21,0.9946184880868145,0.9974034848166315,0.9792956866579748,0.848606583823812,0.4916305811520333,0.0,d64e6863aa55ebc9966d66c7998c7c19b91cc0eb661bfde17d46d3a4b1b2ccb4,105d86354ce8feeaee5091c87fb254ec8da664281082ed37645bd8bad35a6843,09a3880aa4cb50c26e27bb58e434f478c2672608435854f60cc880892d1dffba,93fa5eda48c2e64503f9c2a2d414110212089b29df5fcef6d930a6b82f53c322,5f314541fba6d826336ff01076c3ddad1789ddd1a644657c0a07156feea587e4
GMM,2,13579,wrong,wrong_GMM_2_13579,wrong_GMM_2_13579::region_0,"[2.494091991781203, -2.2707836681419784]","[2.5, -2.5]","[1.5, 1.5]","[2.494091991781203, -2.2707836681419784]",0.5732311453046235,0.4,0.9237658428782576,0.9777905219298496,0.903249485648899,48,16,0.4869514218328799,0.4894323814991439,0.9989832852088332,0.913999702693515,0.7532923001264588,0.0,d64e6863aa55ebc9966d66c7998c7c19b91cc0eb661bfde17d46d3a4b1b2ccb4,105d86354ce8feeaee5091c87fb254ec8da664281082ed37645bd8bad35a6843,09a3880aa4cb50c26e27bb58e434f478c2672608435854f60cc880892d1dffba,93fa5eda48c2e64503f9c2a2d414110212089b29df5fcef6d930a6b82f53c322,5f314541fba6d826336ff01076c3ddad1789ddd1a644657c0a07156feea587e4
GMM,2,13579,reversed,matching_GMM_2_13579,matching_GMM_2_13579::region_0,"[0.5024091121045312, 1.6459665765830624]","[1.4160469951254517, 1.1500841853954007]","[1.5, 1.5]","[0.5024091121045312, 1.6459665765830624]",2.598838114404375,0.4,0.9767782352162098,0.9932213323207914,0.9701569801633951,63,21,0.030006248816525506,-0.9974034848166315,0.020704313342025205,0.848606583823812,0.4916305811520333,0.0,d64e6863aa55ebc9966d66c7998c7c19b91cc0eb661bfde17d46d3a4b1b2ccb4,105d86354ce8feeaee5091c87fb254ec8da664281082ed37645bd8bad35a6843,09a3880aa4cb50c26e27bb58e434f478c2672608435854f60cc880892d1dffba,93fa5eda48c2e64503f9c2a2d414110212089b29df5fcef6d930a6b82f53c322,5f314541fba6d826336ff01076c3ddad1789ddd1a644657c0a07156feea587e4
GMM,2,24680,matching,matching_GMM_2_24680,matching_GMM_2_24680::region_0,"[1.7366362893400273, 1.0759243610641755]","[1.5556980608706248, 1.4430487373516072]","[1.5, 1.5]","[1.7366362893400273, 1.0759243610641755]",1.0232269731897263,0.4,0.9498804756388782,0.9865160423130794,0.9370723274977316,42,14,0.7915465428097829,0.8932337596516559,0.8788511841640155,0.880950819181476,0.648934267963681,0.0,79f6001bb4f25d6e79a394d90a67754d3ab1a317c6b53ea0e2e62a76781eb2fd,a17dde9a5fb08cd98751673ac19a4065569125049493bd73047aaa25e354ab05,89b10026c6c0528f82ad273799e6e0da82e32490a2154af1d95fae54fe0ea715,d0699f8b0499362303f9b14ad0d82300820755628f99d1f4b60e6b543029c86f,219fbc03c42e8100f8c09f540bc3b3be264bebd70c2c118380bc940a221d012f
GMM,2,24680,wrong,wrong_GMM_2_24680,wrong_GMM_2_24680::region_1,"[2.506024251290062, -2.5593960572128704]","[2.5, -2.5]","[1.5, 1.5]","[2.506024251290062, -2.5593960572128704]",0.14925195174687822,0.4,0.9799053627898767,0.9970580033197357,0.9770224844655757,57,19,0.8719202605124786,0.9645777855654645,0.9374563558540142,0.8688412943868329,0.6033802269127834,0.0,79f6001bb4f25d6e79a394d90a67754d3ab1a317c6b53ea0e2e62a76781eb2fd,a17dde9a5fb08cd98751673ac19a4065569125049493bd73047aaa25e354ab05,89b10026c6c0528f82ad273799e6e0da82e32490a2154af1d95fae54fe0ea715,d0699f8b0499362303f9b14ad0d82300820755628f99d1f4b60e6b543029c86f,219fbc03c42e8100f8c09f540bc3b3be264bebd70c2c118380bc940a221d012f
GMM,2,24680,reversed,matching_GMM_2_24680,matching_GMM_2_24680::region_0,"[1.7366362893400273, 1.0759243610641755]","[1.5556980608706248, 1.4430487373516072]","[1.5, 1.5]","[1.7366362893400273, 1.0759243610641755]",1.0232269731897263,0.4,0.9498804756388782,0.9865160423130794,0.9370723274977316,42,14,0.03211341373023758,-0.8932337596516559,0.12114881583598444,0.880950819181476,0.648934267963681,0.0,79f6001bb4f25d6e79a394d90a67754d3ab1a317c6b53ea0e2e62a76781eb2fd,a17dde9a5fb08cd98751673ac19a4065569125049493bd73047aaa25e354ab05,89b10026c6c0528f82ad273799e6e0da82e32490a2154af1d95fae54fe0ea715,d0699f8b0499362303f9b14ad0d82300820755628f99d1f4b60e6b543029c86f,219fbc03c42e8100f8c09f540bc3b3be264bebd70c2c118380bc940a221d012f
GMM,2,11235,matching,matching_GMM_2_11235,matching_GMM_2_11235::region_0,"[-0.648924850344471, 1.8118018748311226]","[1.3576151351671721, 1.4204771226822912]","[1.5, 1.5]","[-0.648924850344471, 1.8118018748311226]",5.11085717804595,0.4,0.9734062980030723,0.9817200712105832,0.9556125001924064,63,21,0.9980466169169607,0.9398723483570495,0.9055607616253802,0.9345319615145042,0.749101796311473,0.0,e9c772ef823ffed5c6868a4d6f4ec7ac4996595f73d68c059bdf19f8a64834f4,dd481db1e9e0db5ce199cea6bfdf23e74865fe3b0f05e859636e3ce8c2d18343,5fd41e051a2b61ea83f4716ad48c58d8194577f153a860f84153ea5bf7ead6a6,a0f46a8c5c438efcc9fe3fb016dbd90a28abe45cf3cf80af4dc5ff7fada9e151,6356b73157c66c5d2a6051b40d36768098134acd06113ea3d25737c3ee4fbc54
GMM,2,11235,wrong,wrong_GMM_2_11235,wrong_GMM_2_11235::region_0,"[1.2654995925487624, -2.2739490470684776]","[2.5, -2.5]","[1.5, 1.5]","[1.2654995925487624, -2.2739490470684776]",3.137565028527816,0.4,0.9896602119108513,0.9963620052222008,0.986059833228124,69,23,0.8434020357718854,0.9174487780656231,0.8782798239895697,0.9284928553332413,0.7335662331528168,0.0,e9c772ef823ffed5c6868a4d6f4ec7ac4996595f73d68c059bdf19f8a64834f4,dd481db1e9e0db5ce199cea6bfdf23e74865fe3b0f05e859636e3ce8c2d18343,5fd41e051a2b61ea83f4716ad48c58d8194577f153a860f84153ea5bf7ead6a6,a0f46a8c5c438efcc9fe3fb016dbd90a28abe45cf3cf80af4dc5ff7fada9e151,6356b73157c66c5d2a6051b40d36768098134acd06113ea3d25737c3ee4fbc54
GMM,2,11235,reversed,matching_GMM_2_11235,matching_GMM_2_11235::region_0,"[-0.648924850344471, 1.8118018748311226]","[1.3576151351671721, 1.4204771226822912]","[1.5, 1.5]","[-0.648924850344471, 1.8118018748311226]",5.11085717804595,0.4,0.9734062980030723,0.9817200712105832,0.9556125001924064,63,21,0.030643483505928413,-0.9398723483570495,0.09443923837461973,0.9345319615145042,0.749101796311473,0.0,e9c772ef823ffed5c6868a4d6f4ec7ac4996595f73d68c059bdf19f8a64834f4,dd481db1e9e0db5ce199cea6bfdf23e74865fe3b0f05e859636e3ce8c2d18343,5fd41e051a2b61ea83f4716ad48c58d8194577f153a860f84153ea5bf7ead6a6,a0f46a8c5c438efcc9fe3fb016dbd90a28abe45cf3cf80af4dc5ff7fada9e151,6356b73157c66c5d2a6051b40d36768098134acd06113ea3d25737c3ee4fbc54
GMM,2,44556,matching,matching_GMM_2_44556,matching_GMM_2_44556::region_1,"[2.1403756020255744, -0.23561969382879333]","[1.6012872693280227, 1.5492558308224484]","[1.5, 1.5]","[2.1403756020255744, -0.23561969382879333]",4.661274550049101,0.4,0.9902302094895157,0.9995883781790698,0.9898226091275455,63,21,0.9992502637761966,0.9921908246202674,0.9701013146458062,0.92695994415656,0.7667034916723865,0.0,922408cca854c12e04c9c64d36061f2aed47718120f111e2f668b95c5aaa0350,cb5216d46830c43dbac26c28d7881beede3f227e8fa2ad5c6db53a7708b5fe57,4fed0b35de0827fd6e25f9aadfd56ef5e44e9406eca1c36c94f7c54e68c556ae,abe03ec918446c53c14c054d4862990dd459d1eacbcce9fca420f790dad674ba,b210f5681b42bfd98d51c70596709e6296c36ca47bb1ec332cfb94beda64400a
GMM,2,44556,wrong,wrong_GMM_2_44556,wrong_GMM_2_44556::region_1,"[2.1257259715840933, -2.3873414780726585]","[2.5, -2.5]","[1.5, 1.5]","[2.1257259715840933, -2.3873414780726585]",0.9771546413871892,0.4,0.9884312596006146,0.9875751822861443,0.9761501813774002,63,21,0.8674753509513409,0.9385129757869692,0.905736780485709,0.9174393850223777,0.7005579769722433,0.0,922408cca854c12e04c9c64d36061f2aed47718120f111e2f668b95c5aaa0350,cb5216d46830c43dbac26c28d7881beede3f227e8fa2ad5c6db53a7708b5fe57,4fed0b35de0827fd6e25f9aadfd56ef5e44e9406eca1c36c94f7c54e68c556ae,abe03ec918446c53c14c054d4862990dd459d1eacbcce9fca420f790dad674ba,b210f5681b42bfd98d51c70596709e6296c36ca47bb1ec332cfb94beda64400a
GMM,2,44556,reversed,matching_GMM_2_44556,matching_GMM_2_44556::region_1,"[2.1403756020255744, -0.23561969382879333]","[1.6012872693280227, 1.5492558308224484]","[1.5, 1.5]","[2.1403756020255744, -0.23561969382879333]",4.661274550049101,0.4,0.9902302094895157,0.9995883781790698,0.9898226091275455,63,21,0.03078321841763957,-0.9921908246202674,0.02989868535419383,0.92695994415656,0.7667034916723865,0.0,922408cca854c12e04c9c64d36061f2aed47718120f111e2f668b95c5aaa0350,cb5216d46830c43dbac26c28d7881beede3f227e8fa2ad5c6db53a7708b5fe57,4fed0b35de0827fd6e25f9aadfd56ef5e44e9406eca1c36c94f7c54e68c556ae,abe03ec918446c53c14c054d4862990dd459d1eacbcce9fca420f790dad674ba,b210f5681b42bfd98d51c70596709e6296c36ca47bb1ec332cfb94beda64400a
GMM,2,77889,matching,matching_GMM_2_77889,matching_GMM_2_77889::region_2,"[-0.07595007975467861, 1.757653634661573]","[1.4514732355591855, 1.5046410055293689]","[1.5, 1.5]","[-0.07595007975467861, 1.757653634661573]",3.870592150001716,0.4,0.97979797979798,0.9840694102859958,0.9641892201792083,55,18,0.9937062956300948,0.9936692342448499,0.9652291123424598,0.9320353990525202,0.7413530388275849,0.0,fc611dfd09aa40cb22bf100e79d811c8ab11ef5d35f902be720f18b54f88134b,eee38242faf1313ad92f4090a297132b5f2fe81b3f984581b6fecc4f31fcd612,4198fffe4dc66d46d3dafb96798d9e17fb345b33072468048e5dd36542351377,ad17d4373c95caad8bbc76104cce7cb3605743ff8b7a2e262e84a4f9829c9039,852b2305a7ef73fb84e104bd3b3ee85ec28987f0ca89fea22eb14c49bdaef1f6
GMM,2,77889,wrong,wrong_GMM_2_77889,wrong_GMM_2_77889::region_0,"[2.432016415985923, -2.410666507585846]","[2.5, -2.5]","[1.5, 1.5]","[2.432016415985923, -2.410666507585846]",0.2806492535433323,0.4,0.988656987295826,0.9989909835741639,0.9876594161561268,57,19,0.8824652052231607,0.8910762211714361,0.8610828172533681,0.8942682839016073,0.6834312219692165,0.0,fc611dfd09aa40cb22bf100e79d811c8ab11ef5d35f902be720f18b54f88134b,eee38242faf1313ad92f4090a297132b5f2fe81b3f984581b6fecc4f31fcd612,4198fffe4dc66d46d3dafb96798d9e17fb345b33072468048e5dd36542351377,ad17d4373c95caad8bbc76104cce7cb3605743ff8b7a2e262e84a4f9829c9039,852b2305a7ef73fb84e104bd3b3ee85ec28987f0ca89fea22eb14c49bdaef1f6
GMM,2,77889,reversed,matching_GMM_2_77889,matching_GMM_2_77889::region_2,"[-0.07595007975467861, 1.757653634661573]","[1.4514732355591855, 1.5046410055293689]","[1.5, 1.5]","[-0.07595007975467861, 1.757653634661573]",3.870592150001716,0.4,0.97979797979798,0.9840694102859958,0.9641892201792083,55,18,0.031894337379143343,-0.9936692342448499,0.0347708876575402,0.9320353990525202,0.7413530388275849,0.0,fc611dfd09aa40cb22bf100e79d811c8ab11ef5d35f902be720f18b54f88134b,eee38242faf1313ad92f4090a297132b5f2fe81b3f984581b6fecc4f31fcd612,4198fffe4dc66d46d3dafb96798d9e17fb345b33072468048e5dd36542351377,ad17d4373c95caad8bbc76104cce7cb3605743ff8b7a2e262e84a4f9829c9039,852b2305a7ef73fb84e104bd3b3ee85ec28987f0ca89fea22eb14c49bdaef1f6
GMM,2,90909,matching,matching_GMM_2_90909,matching_GMM_2_90909::region_0,"[1.6795323127325845, 1.2848812944765537]","[1.56229584664496, 1.7044704198297342]","[1.5, 1.5]","[1.6795323127325845, 1.2848812944765537]",1.0891493902794103,0.4,0.9778656126482212,0.9812912151740469,0.9595709353124869,45,15,0.9839632758612492,0.9872457681670487,0.9538300933700082,0.840843310355212,0.5757908835359901,0.0,5ebc5244e4d1e2aa91ef0f681663aa5df3cc43a78216c9618ebc17f2625c5acc,cb782536e69463feb7379aba8166fa2d1c29219e318f7f54f28e412c73e54cc3,579442b758614fe0c416d8932fad5e7c7ef229b1aee42215c176074fdbb13c97,dbfe9acecf200a3d350b6d16d91dbb20c1d313d31b0cf32777268bf8aa5cc6f3,bbc08858f91f6dae6e647c22adc2bd2f3938172dbeac1c4d359cf0a4109d8b32
GMM,2,90909,wrong,wrong_GMM_2_90909,wrong_GMM_2_90909::region_1,"[2.1802930601190895, -2.8175701914827833]","[2.5, -2.5]","[1.5, 1.5]","[2.1802930601190895, -2.8175701914827833]",1.1265637851627281,0.4,0.9878419452887538,0.9875624770644477,0.9755556384375242,48,16,0.9921400429609133,0.9539073056662761,0.911241036505867,0.8841185148316043,0.6284527142324984,0.0,5ebc5244e4d1e2aa91ef0f681663aa5df3cc43a78216c9618ebc17f2625c5acc,cb782536e69463feb7379aba8166fa2d1c29219e318f7f54f28e412c73e54cc3,579442b758614fe0c416d8932fad5e7c7ef229b1aee42215c176074fdbb13c97,dbfe9acecf200a3d350b6d16d91dbb20c1d313d31b0cf32777268bf8aa5cc6f3,bbc08858f91f6dae6e647c22adc2bd2f3938172dbeac1c4d359cf0a4109d8b32
GMM,2,90909,reversed,matching_GMM_2_90909,matching_GMM_2_90909::region_0,"[1.6795323127325845, 1.2848812944765537]","[1.56229584664496, 1.7044704198297342]","[1.5, 1.5]","[1.6795323127325845, 1.2848812944765537]",1.0891493902794103,0.4,0.9778656126482212,0.9812912151740469,0.9595709353124869,45,15,0.03840672528904149,-0.9872457681670487,0.04616990662999172,0.840843310355212,0.5757908835359901,0.0,5ebc5244e4d1e2aa91ef0f681663aa5df3cc43a78216c9618ebc17f2625c5acc,cb782536e69463feb7379aba8166fa2d1c29219e318f7f54f28e412c73e54cc3,579442b758614fe0c416d8932fad5e7c7ef229b1aee42215c176074fdbb13c97,dbfe9acecf200a3d350b6d16d91dbb20c1d313d31b0cf32777268bf8aa5cc6f3,bbc08858f91f6dae6e647c22adc2bd2f3938172dbeac1c4d359cf0a4109d8b32
Rastrigin,2,42,matching,matching_Rastrigin_2_42,matching_Rastrigin_2_42::region_0,"[0.02453766319618649, -1.6010308794394945]","[0.15297443671960634, -1.5001811347214087]","[0.19716064475910078, -1.4101074905476865]","[0.02453766319618649, -1.6010308794394945]",0.3986800394510558,0.4096,0.14279706999457406,0.8822813322542749,0.12598718915681975,96,48,0.6991228115273911,0.6447964580051981,0.7456099250325945,0.9839735894679944,0.9474696457952452,0.0,f759228e49342fc9e29747d5be90cc87088be963cbf613d87f0772d789c67016,0605a53d16f69e9a309da553b0d1814ab51e61fac847d68aec78ce1088d6f220,af4c954e676605aaa7919e167ceb364093eff65e184ce4b5570081d2900cd8d1,f75bd6b2b8e8a993c97b753f43910d04347b27af5cbeda852f8ef05a49cf6858,fd38efa0c9e73072fab82620dade61af3de1f854179ab414ebac91a902ae2236
Rastrigin,2,42,wrong,wrong_Rastrigin_2_42,wrong_Rastrigin_2_42::region_0,"[-0.5588701385489173, 1.3878201209015792]","[-0.19716064475910078, 1.4101074905476865]","[0.19716064475910078, -1.4101074905476865]","[-0.5588701385489173, 1.3878201209015792]",0.884754592602483,0.4096,0.4421188279978296,0.8509765002392218,0.37623273293945947,96,48,0.6021070901594967,0.6505041554839334,0.7276557746631899,0.9826529239673578,0.9436405315301687,0.0,f759228e49342fc9e29747d5be90cc87088be963cbf613d87f0772d789c67016,0605a53d16f69e9a309da553b0d1814ab51e61fac847d68aec78ce1088d6f220,af4c954e676605aaa7919e167ceb364093eff65e184ce4b5570081d2900cd8d1,f75bd6b2b8e8a993c97b753f43910d04347b27af5cbeda852f8ef05a49cf6858,fd38efa0c9e73072fab82620dade61af3de1f854179ab414ebac91a902ae2236
Rastrigin,2,42,reversed,matching_Rastrigin_2_42,matching_Rastrigin_2_42::region_0,"[0.02453766319618649, -1.6010308794394945]","[0.15297443671960634, -1.5001811347214087]","[0.19716064475910078, -1.4101074905476865]","[0.02453766319618649, -1.6010308794394945]",0.3986800394510558,0.4096,0.14279706999457406,0.8822813322542749,0.12598718915681975,96,48,0.03543318002211894,-0.6447964580051981,0.25439007496740546,0.9839735894679944,0.9474696457952452,0.0,f759228e49342fc9e29747d5be90cc87088be963cbf613d87f0772d789c67016,0605a53d16f69e9a309da553b0d1814ab51e61fac847d68aec78ce1088d6f220,af4c954e676605aaa7919e167ceb364093eff65e184ce4b5570081d2900cd8d1,f75bd6b2b8e8a993c97b753f43910d04347b27af5cbeda852f8ef05a49cf6858,fd38efa0c9e73072fab82620dade61af3de1f854179ab414ebac91a902ae2236
Rastrigin,2,101,matching,matching_Rastrigin_2_101,matching_Rastrigin_2_101::region_0,"[0.8637058900123867, 1.1871911781163376]","[0.9230620144212968, 1.457268611920807]","[0.6578458863889685, 1.1682629069045558]","[0.8637058900123867, 1.1871911781163376]",0.6751049814675399,0.4096,0.3232637004883342,0.7683388218618034,0.24837605078389355,96,48,0.40507544568232645,-0.371551163442253,0.39558887440243373,0.9781708121172864,0.919646379017662,0.0,350c0a68649c3716ea63ae0bccf1ca65876115d39e554150a8ddbea20b29e8e7,ccc9fefd07df3960849e7a2fa52a826c857334b38e9103f2c416314ebae0c8a1,1687e4823388bee9649d02966d728e8293d2ec46068ca849dd4b63fd39d31c8f,868bbc4d81de6e59e53aa3ac0d7b9cd174976501574d2d22d6bc8a75e075fc8a,26be349d9a44bac059b2688c4d3fdfc966a291469eab3fc61e4ecae5cd673b42
Rastrigin,2,101,wrong,wrong_Rastrigin_2_101,wrong_Rastrigin_2_101::region_0,"[-0.644692105499216, -1.3041913202162765]","[-0.6578458863889685, -1.1682629069045558]","[0.6578458863889685, 1.1682629069045558]","[-0.644692105499216, -1.3041913202162765]",0.3334066781913372,0.4096,0.2908437330439501,0.5662585682121033,0.16469275584693038,96,48,0.4715202941706247,0.3181541591714802,0.609880894176445,0.9835880183154877,0.9528791632878713,0.0,350c0a68649c3716ea63ae0bccf1ca65876115d39e554150a8ddbea20b29e8e7,ccc9fefd07df3960849e7a2fa52a826c857334b38e9103f2c416314ebae0c8a1,1687e4823388bee9649d02966d728e8293d2ec46068ca849dd4b63fd39d31c8f,868bbc4d81de6e59e53aa3ac0d7b9cd174976501574d2d22d6bc8a75e075fc8a,26be349d9a44bac059b2688c4d3fdfc966a291469eab3fc61e4ecae5cd673b42
Rastrigin,2,101,reversed,matching_Rastrigin_2_101,matching_Rastrigin_2_101::region_0,"[0.8637058900123867, 1.1871911781163376]","[0.9230620144212968, 1.457268611920807]","[0.6578458863889685, 1.1682629069045558]","[0.8637058900123867, 1.1871911781163376]",0.6751049814675399,0.4096,0.3232637004883342,0.7683388218618034,0.24837605078389355,96,48,0.5653882288963751,0.371551163442253,0.6044111255975663,0.9781708121172864,0.919646379017662,0.0,350c0a68649c3716ea63ae0bccf1ca65876115d39e554150a8ddbea20b29e8e7,ccc9fefd07df3960849e7a2fa52a826c857334b38e9103f2c416314ebae0c8a1,1687e4823388bee9649d02966d728e8293d2ec46068ca849dd4b63fd39d31c8f,868bbc4d81de6e59e53aa3ac0d7b9cd174976501574d2d22d6bc8a75e075fc8a,26be349d9a44bac059b2688c4d3fdfc966a291469eab3fc61e4ecae5cd673b42
Rastrigin,2,2026,matching,matching_Rastrigin_2_2026,matching_Rastrigin_2_2026::region_0,"[-1.3305698762484004, -1.0212886616591792]","[-1.242130903538928, -0.6174906376822564]","[-1.1576212751154464, -0.6558899556804636]","[-1.3305698762484004, -1.0212886616591792]",1.0092027406817257,0.4096,0.30750135648399346,0.83207877301268,0.255865351402936,96,48,0.5851245780853273,0.06383300053575396,0.5273454476314646,0.983434557454251,0.9483964919937924,0.0,2c6c591cb5f9f34f52e21b20aded7c56bf6d180c7c6b6202d258d70ebd9c8e9a,fef90dba05ffe9ba928bb1ddeb62be33455fc70a769be19f836bef92078402a5,d909104ff962e4bbf82b269562808bfe6b908818769b65d618fceb982a181d79,2f7fb0bdcf5dcafe052144da1cd28a2f25bfdc7a0ce481e3efe60e859c07b599,6ed14b76140a5b26d42b8556c64945848e96b7444b7e66db0c4c05380b581ff7
Rastrigin,2,2026,wrong,wrong_Rastrigin_2_2026,wrong_Rastrigin_2_2026::region_0,"[1.1837337287062966, 0.2937587433872255]","[1.1576212751154464, 0.6558899556804636]","[-1.1576212751154464, -0.6558899556804636]","[1.1837337287062966, 0.2937587433872255]",0.886404898298026,0.4096,-0.09080303852414541,0.6190486601294766,0.0,96,48,0.7980148852431268,0.8311572921028851,0.8247874565406345,0.9812456463207634,0.9416084818778886,0.0,2c6c591cb5f9f34f52e21b20aded7c56bf6d180c7c6b6202d258d70ebd9c8e9a,fef90dba05ffe9ba928bb1ddeb62be33455fc70a769be19f836bef92078402a5,d909104ff962e4bbf82b269562808bfe6b908818769b65d618fceb982a181d79,2f7fb0bdcf5dcafe052144da1cd28a2f25bfdc7a0ce481e3efe60e859c07b599,6ed14b76140a5b26d42b8556c64945848e96b7444b7e66db0c4c05380b581ff7
Rastrigin,2,2026,reversed,matching_Rastrigin_2_2026,matching_Rastrigin_2_2026::region_0,"[-1.3305698762484004, -1.0212886616591792]","[-1.242130903538928, -0.6174906376822564]","[-1.1576212751154464, -0.6558899556804636]","[-1.3305698762484004, -1.0212886616591792]",1.0092027406817257,0.4096,0.30750135648399346,0.83207877301268,0.255865351402936,96,48,0.20471895759886885,-0.06383300053575396,0.47265455236853543,0.983434557454251,0.9483964919937924,0.0,2c6c591cb5f9f34f52e21b20aded7c56bf6d180c7c6b6202d258d70ebd9c8e9a,fef90dba05ffe9ba928bb1ddeb62be33455fc70a769be19f836bef92078402a5,d909104ff962e4bbf82b269562808bfe6b908818769b65d618fceb982a181d79,2f7fb0bdcf5dcafe052144da1cd28a2f25bfdc7a0ce481e3efe60e859c07b599,6ed14b76140a5b26d42b8556c64945848e96b7444b7e66db0c4c05380b581ff7
Rastrigin,2,777,matching,matching_Rastrigin_2_777,matching_Rastrigin_2_777::region_0,"[-0.12180457879478508, -0.41271426374583187]","[-0.34422012524780493, -0.4444428045733176]","[-0.42949265280792837, -0.8002631867346877]","[-0.12180457879478508, -0.41271426374583187]",0.5485040412760739,0.4096,0.3374660879001628,0.6939361707972164,0.2341799248113558,96,48,0.7857068070169314,0.6969028208462538,0.7632551064754455,0.9822826330106534,0.9470871944118066,0.0,2454d29dac94ec3e3c147e861be398049c3d15fd17f044ad28a307b3fdb041ba,54179f2293dc4d0977738558bddbd4a93d03cbcfa744bdd8cd6cb4ee82d3fda9,2f717f72c87170feb90b6c6b5e15d63742a869b8ff3ba340c756d7db3a3d4b00,176cf52e65ccfec80ca890796c79c132b76412a4060f7efd151cb589f1bf0f31,bf11182c8cf3cc8aa615103ca2ab22c1f293cd5022cc944f9f11a3116fcc17cc
Rastrigin,2,777,wrong,wrong_Rastrigin_2_777,wrong_Rastrigin_2_777::region_0,"[0.42318924590034807, 0.7392705067600028]","[0.42949265280792837, 0.8002631867346877]","[-0.42949265280792837, -0.8002631867346877]","[0.42318924590034807, 0.7392705067600028]",0.14970101021056095,0.4096,0.20474769397721107,0.6992254008727632,0.14316478839898925,96,48,0.947653239379077,0.8068136241174683,0.8081800120635072,0.9850030357030034,0.9510016913317612,0.0,2454d29dac94ec3e3c147e861be398049c3d15fd17f044ad28a307b3fdb041ba,54179f2293dc4d0977738558bddbd4a93d03cbcfa744bdd8cd6cb4ee82d3fda9,2f717f72c87170feb90b6c6b5e15d63742a869b8ff3ba340c756d7db3a3d4b00,176cf52e65ccfec80ca890796c79c132b76412a4060f7efd151cb589f1bf0f31,bf11182c8cf3cc8aa615103ca2ab22c1f293cd5022cc944f9f11a3116fcc17cc
Rastrigin,2,777,reversed,matching_Rastrigin_2_777,matching_Rastrigin_2_777::region_0,"[-0.12180457879478508, -0.41271426374583187]","[-0.34422012524780493, -0.4444428045733176]","[-0.42949265280792837, -0.8002631867346877]","[-0.12180457879478508, -0.41271426374583187]",0.5485040412760739,0.4096,0.3374660879001628,0.6939361707972164,0.2341799248113558,96,48,0.05937089540483265,-0.6969028208462538,0.23674489352455455,0.9822826330106534,0.9470871944118066,0.0,2454d29dac94ec3e3c147e861be398049c3d15fd17f044ad28a307b3fdb041ba,54179f2293dc4d0977738558bddbd4a93d03cbcfa744bdd8cd6cb4ee82d3fda9,2f717f72c87170feb90b6c6b5e15d63742a869b8ff3ba340c756d7db3a3d4b00,176cf52e65ccfec80ca890796c79c132b76412a4060f7efd151cb589f1bf0f31,bf11182c8cf3cc8aa615103ca2ab22c1f293cd5022cc944f9f11a3116fcc17cc
Rastrigin,2,999,matching,matching_Rastrigin_2_999,matching_Rastrigin_2_999::region_0,"[-1.2987338220264317, -0.9236997483058476]","[-1.1507145454234142, -1.2256680486127383]","[-1.052799545200347, -1.375034248143814]","[-1.2987338220264317, -0.9236997483058476]",0.8210335628192259,0.4096,0.3570130222463375,0.7984216996145895,0.2850469440064621,96,48,0.4817709704633535,-0.267541385296945,0.42192592894393743,0.984437256245037,0.9564866344060917,0.0,5954c8c90a6174fb266e26927bfcdc9dc05a3a62a9cf88d782213d7c3bd73029,367a71831c3ad6810f5b487a7d378d7954038d0f24af4d4baec8622d5a3397cb,7f053acb0b58c25122377e7e1bf3a8a092914c86ab2d5b744f750fe8bb61cea8,7ef39cdd372d4ee68ad46c346192a98cb62d56bd3a2e8e20b7e318b9c5449cbd,60a0ddb1b5c4d1730c92f1c6cc9516b91b86a32238c7a62fb03041407e45ec7e
Rastrigin,2,999,wrong,wrong_Rastrigin_2_999,wrong_Rastrigin_2_999::region_0,"[0.8168946927485609, 1.407450833017732]","[1.052799545200347, 1.375034248143814]","[-1.052799545200347, -1.375034248143814]","[0.8168946927485609, 1.407450833017732]",0.5813517572955784,0.4096,0.16136733586543678,0.6960436541135456,0.11231871011034643,96,48,0.693059092686197,0.5021582481100262,0.6746183724467623,0.9841519087152393,0.9525883579314842,0.0,5954c8c90a6174fb266e26927bfcdc9dc05a3a62a9cf88d782213d7c3bd73029,367a71831c3ad6810f5b487a7d378d7954038d0f24af4d4baec8622d5a3397cb,7f053acb0b58c25122377e7e1bf3a8a092914c86ab2d5b744f750fe8bb61cea8,7ef39cdd372d4ee68ad46c346192a98cb62d56bd3a2e8e20b7e318b9c5449cbd,60a0ddb1b5c4d1730c92f1c6cc9516b91b86a32238c7a62fb03041407e45ec7e
Rastrigin,2,999,reversed,matching_Rastrigin_2_999,matching_Rastrigin_2_999::region_0,"[-1.2987338220264317, -0.9236997483058476]","[-1.1507145454234142, -1.2256680486127383]","[-1.052799545200347, -1.375034248143814]","[-1.2987338220264317, -0.9236997483058476]",0.8210335628192259,0.4096,0.3570130222463375,0.7984216996145895,0.2850469440064621,96,48,0.45920027491711196,0.267541385296945,0.5780740710560626,0.984437256245037,0.9564866344060917,0.0,5954c8c90a6174fb266e26927bfcdc9dc05a3a62a9cf88d782213d7c3bd73029,367a71831c3ad6810f5b487a7d378d7954038d0f24af4d4baec8622d5a3397cb,7f053acb0b58c25122377e7e1bf3a8a092914c86ab2d5b744f750fe8bb61cea8,7ef39cdd372d4ee68ad46c346192a98cb62d56bd3a2e8e20b7e318b9c5449cbd,60a0ddb1b5c4d1730c92f1c6cc9516b91b86a32238c7a62fb03041407e45ec7e
Rastrigin,2,1234,matching,matching_Rastrigin_2_1234,matching_Rastrigin_2_1234::region_0,"[0.7672683307089873, 1.394951638532013]","[0.56279005082713, 1.5313153350031763]","[0.527397406724539, 1.3472705093726836]","[0.7672683307089873, 1.394951638532013]",0.6000419555276583,0.4096,0.1580032555615844,0.7102492012248576,0.11222168605354235,96,48,0.8767883169584728,0.6450017632408366,0.7368026129943502,0.9843036102854406,0.9541013529289071,0.0,f2d1f96b131a41f7a19eaa643e6c331e427e1a42019df8efaf9369f556a710b2,7a23cfb946d284f79e1d410138eaf40df1d6136d1648c4dacde663a99d9e4303,ca4e7e56ccb7762e3faf8554fd93295f1c99c22244cf0d4e3f87005af5a703a7,10ba0c8f79330cb04739fa032e63e3baf30085f1504b3dc363111738c071cd9a,5d079217a16cadf3de012c84d889ed406ac4fbdbe63c9e193952302b12c88270
Rastrigin,2,1234,wrong,wrong_Rastrigin_2_1234,wrong_Rastrigin_2_1234::region_0,"[-0.6826486231520256, -1.1921940776731128]","[-0.527397406724539, -1.3472705093726836]","[0.527397406724539, 1.3472705093726836]","[-0.6826486231520256, -1.1921940776731128]",0.5357295390266146,0.4096,0.1659251220835594,0.8267660345262131,0.13718125521330218,96,48,0.3649139330143315,-0.45796217678862977,0.36229832138200785,0.9825935173716807,0.9450508924615066,0.0,f2d1f96b131a41f7a19eaa643e6c331e427e1a42019df8efaf9369f556a710b2,7a23cfb946d284f79e1d410138eaf40df1d6136d1648c4dacde663a99d9e4303,ca4e7e56ccb7762e3faf8554fd93295f1c99c22244cf0d4e3f87005af5a703a7,10ba0c8f79330cb04739fa032e63e3baf30085f1504b3dc363111738c071cd9a,5d079217a16cadf3de012c84d889ed406ac4fbdbe63c9e193952302b12c88270
Rastrigin,2,1234,reversed,matching_Rastrigin_2_1234,matching_Rastrigin_2_1234::region_0,"[0.7672683307089873, 1.394951638532013]","[0.56279005082713, 1.5313153350031763]","[0.527397406724539, 1.3472705093726836]","[0.7672683307089873, 1.394951638532013]",0.6000419555276583,0.4096,0.1580032555615844,0.7102492012248576,0.11222168605354235,96,48,0.26935029622018974,-0.6450017632408366,0.2631973870056497,0.9843036102854406,0.9541013529289071,0.0,f2d1f96b131a41f7a19eaa643e6c331e427e1a42019df8efaf9369f556a710b2,7a23cfb946d284f79e1d410138eaf40df1d6136d1648c4dacde663a99d9e4303,ca4e7e56ccb7762e3faf8554fd93295f1c99c22244cf0d4e3f87005af5a703a7,10ba0c8f79330cb04739fa032e63e3baf30085f1504b3dc363111738c071cd9a,5d079217a16cadf3de012c84d889ed406ac4fbdbe63c9e193952302b12c88270
Rastrigin,2,5678,matching,matching_Rastrigin_2_5678,matching_Rastrigin_2_5678::region_0,"[-0.7427599612110872, 0.44273852622906756]","[-1.1650048888246656, 0.29360376013064104]","[-1.417574970905581, 0.2940315366426427]","[-0.7427599612110872, 0.44273852622906756]",1.0932811204917245,0.4096,-0.04332609875203473,0.5907049746337308,0.0,96,48,0.8433197968838662,0.5806001599208576,0.7149065623641895,0.9834623447808823,0.9468131111198438,0.0,e161340915a43112185909efb3782dcc2f2409752533455a6058e8a38990faba,fef68bf0dc1c352d6ddbdd71602606deabac281fe6b05bcb154f485c28a375d6,448deccb85f21de5ba4ced7dd67baee7bf9c53f05f88cdf0ca9d873544ff4074,32c95a9e1542309e82586bcbfdb6f002550a08205d9e4a13462d529fd3bab72e,92942a42b8b645afe394c04b314aedfb427c6bcc8875d70b0bf39e999053a548
Rastrigin,2,5678,wrong,wrong_Rastrigin_2_5678,wrong_Rastrigin_2_5678::region_0,"[1.2655251865445054, 0.06695807530895895]","[1.417574970905581, -0.2940315366426427]","[-1.417574970905581, 0.2940315366426427]","[1.2655251865445054, 0.06695807530895895]",0.9563105048604441,0.4096,0.4355398806294085,0.8578274463190548,0.3736180635704315,96,48,0.9689750741970343,0.5625682673022246,0.7212353324641461,0.9825630372821333,0.9421085218393618,0.0,e161340915a43112185909efb3782dcc2f2409752533455a6058e8a38990faba,fef68bf0dc1c352d6ddbdd71602606deabac281fe6b05bcb154f485c28a375d6,448deccb85f21de5ba4ced7dd67baee7bf9c53f05f88cdf0ca9d873544ff4074,32c95a9e1542309e82586bcbfdb6f002550a08205d9e4a13462d529fd3bab72e,92942a42b8b645afe394c04b314aedfb427c6bcc8875d70b0bf39e999053a548
Rastrigin,2,5678,reversed,matching_Rastrigin_2_5678,matching_Rastrigin_2_5678::region_0,"[-0.7427599612110872, 0.44273852622906756]","[-1.1650048888246656, 0.29360376013064104]","[-1.417574970905581, 0.2940315366426427]","[-0.7427599612110872, 0.44273852622906756]",1.0932811204917245,0.4096,-0.04332609875203473,0.5907049746337308,0.0,96,48,0.2665594839801753,-0.5806001599208576,0.2850934376358105,0.9834623447808823,0.9468131111198438,0.0,e161340915a43112185909efb3782dcc2f2409752533455a6058e8a38990faba,fef68bf0dc1c352d6ddbdd71602606deabac281fe6b05bcb154f485c28a375d6,448deccb85f21de5ba4ced7dd67baee7bf9c53f05f88cdf0ca9d873544ff4074,32c95a9e1542309e82586bcbfdb6f002550a08205d9e4a13462d529fd3bab72e,92942a42b8b645afe394c04b314aedfb427c6bcc8875d70b0bf39e999053a548
Rastrigin,2,8888,matching,matching_Rastrigin_2_8888,matching_Rastrigin_2_8888::region_0,"[-0.044382650135206286, 0.9136753152339461]","[0.5590262456746601, 1.2500259484331173]","[0.5230265959857832, 1.4365028553838708]","[-0.044382650135206286, 0.9136753152339461]",1.6865753960941878,0.4096,0.1912913727618014,0.7985829217906352,0.15276202337346087,96,48,0.5117141492293333,-0.23821079056767877,0.4205202900912647,0.9818686504695925,0.9418643169530084,0.0,92fa443fa383a246fb6b0fe61682b61820e3f83f38a93ffe9802be413666422b,c4c23f319d3e2752b880bb2bd844485978c33d30a68f6c994fcaee560eeaced9,91233ce04c6049d05131020ec5cdc23fcba96d8000f97094125e80b6199aa782,cb3d5b69eb500c5ca824daf67648394d51d9975c1701c95cefe53224a71299aa,c4564500d86cb2256bb6d65dcdcc713cfd70847dc879f5e821706b3543e2585f
Rastrigin,2,8888,wrong,wrong_Rastrigin_2_8888,wrong_Rastrigin_2_8888::region_0,"[-0.31933300246390356, -1.7728980277095594]","[-0.5230265959857832, -1.4365028553838708]","[0.5230265959857832, 1.4365028553838708]","[-0.31933300246390356, -1.7728980277095594]",0.9601054489499178,0.4096,0.03909386869234943,0.6993519110729293,0.027340371781228733,96,48,0.9736261716827204,0.6271978521522558,0.719992666232073,0.9832467625840188,0.9490715863551067,0.0,92fa443fa383a246fb6b0fe61682b61820e3f83f38a93ffe9802be413666422b,c4c23f319d3e2752b880bb2bd844485978c33d30a68f6c994fcaee560eeaced9,91233ce04c6049d05131020ec5cdc23fcba96d8000f97094125e80b6199aa782,cb3d5b69eb500c5ca824daf67648394d51d9975c1701c95cefe53224a71299aa,c4564500d86cb2256bb6d65dcdcc713cfd70847dc879f5e821706b3543e2585f
Rastrigin,2,8888,reversed,matching_Rastrigin_2_8888,matching_Rastrigin_2_8888::region_0,"[-0.044382650135206286, 0.9136753152339461]","[0.5590262456746601, 1.2500259484331173]","[0.5230265959857832, 1.4365028553838708]","[-0.044382650135206286, 0.9136753152339461]",1.6865753960941878,0.4096,0.1912913727618014,0.7985829217906352,0.15276202337346087,96,48,0.7198022153111086,0.23821079056767877,0.5794797099087353,0.9818686504695925,0.9418643169530084,0.0,92fa443fa383a246fb6b0fe61682b61820e3f83f38a93ffe9802be413666422b,c4c23f319d3e2752b880bb2bd844485978c33d30a68f6c994fcaee560eeaced9,91233ce04c6049d05131020ec5cdc23fcba96d8000f97094125e80b6199aa782,cb3d5b69eb500c5ca824daf67648394d51d9975c1701c95cefe53224a71299aa,c4564500d86cb2256bb6d65dcdcc713cfd70847dc879f5e821706b3543e2585f
Rastrigin,2,31415,matching,matching_Rastrigin_2_31415,matching_Rastrigin_2_31415::region_0,"[-1.14665219169329, 0.20035987639082067]","[-1.0829116124470237, 0.0929639768444085]","[-1.0615627349772334, 0.21713476978661195]","[-1.14665219169329, 0.20035987639082067]",0.30489968645546955,0.4096,0.1914270211611503,0.7330688975066016,0.14032919535557734,96,48,0.9603807699394836,0.8396720273978308,0.8248201549172423,0.9819314315165089,0.9473448440691674,0.0,6415a964156877bad1cab568756a20d36e51eb64bd22a1b97b44b04e64edfd2f,6f60af394dc3e7ee76bdc840b875495fb1b7cddd3742c474790157eaf5f49f97,6b7daaef6b4e333d3bd4e4b74718e02918d1c4ac26446ccce7b5cd673879fe59,8710a546b4a35eaa8d2b0507e39debbeee1060a3c9d9dc1e11a6fa41b1cbb77e,d3302bcf6ee1f227241eea0ee5bedc9e46809b8656aaab1343539231fb1fc07b
Rastrigin,2,31415,wrong,wrong_Rastrigin_2_31415,wrong_Rastrigin_2_31415::region_0,"[1.337396496446508, 0.14816687519643937]","[1.0615627349772334, -0.21713476978661195]","[-1.0615627349772334, 0.21713476978661195]","[1.337396496446508, 0.14816687519643937]",1.1175390258520561,0.4096,0.18520075963103633,0.7481230672713819,0.13855296035616083,96,48,0.9370706716064526,0.7081784757884994,0.7782350065189049,0.9848416770467113,0.9531974695798182,0.0,6415a964156877bad1cab568756a20d36e51eb64bd22a1b97b44b04e64edfd2f,6f60af394dc3e7ee76bdc840b875495fb1b7cddd3742c474790157eaf5f49f97,6b7daaef6b4e333d3bd4e4b74718e02918d1c4ac26446ccce7b5cd673879fe59,8710a546b4a35eaa8d2b0507e39debbeee1060a3c9d9dc1e11a6fa41b1cbb77e,d3302bcf6ee1f227241eea0ee5bedc9e46809b8656aaab1343539231fb1fc07b
Rastrigin,2,31415,reversed,matching_Rastrigin_2_31415,matching_Rastrigin_2_31415::region_0,"[-1.14665219169329, 0.20035987639082067]","[-1.0829116124470237, 0.0929639768444085]","[-1.0615627349772334, 0.21713476978661195]","[-1.14665219169329, 0.20035987639082067]",0.30489968645546955,0.4096,0.1914270211611503,0.7330688975066016,0.14032919535557734,96,48,0.15436157052715924,-0.8396720273978308,0.1751798450827577,0.9819314315165089,0.9473448440691674,0.0,6415a964156877bad1cab568756a20d36e51eb64bd22a1b97b44b04e64edfd2f,6f60af394dc3e7ee76bdc840b875495fb1b7cddd3742c474790157eaf5f49f97,6b7daaef6b4e333d3bd4e4b74718e02918d1c4ac26446ccce7b5cd673879fe59,8710a546b4a35eaa8d2b0507e39debbeee1060a3c9d9dc1e11a6fa41b1cbb77e,d3302bcf6ee1f227241eea0ee5bedc9e46809b8656aaab1343539231fb1fc07b
Rastrigin,2,27182,matching,matching_Rastrigin_2_27182,matching_Rastrigin_2_27182::region_0,"[0.15735739927769524, -0.3745064156252469]","[0.23680091754350788, -0.6646343556244549]","[0.09154636091195467, -0.8156563811437828]","[0.15735739927769524, -0.3745064156252469]",0.7343946988431708,0.4096,0.0055208898534997285,0.4691509920438644,0.002590130951734303,96,48,0.8637026929060508,0.4061771232640979,0.641066384180791,0.9843546739026187,0.9512624875359798,0.0,ea09cba3a8655ff5bd97cc3b10ae7c1c9062a6949b59ecb3fc269674c6df2f19,32d6f9710fc0aa23c785630e04d9a5e27e3a19ddbc979abf7ea3f21914ac83b2,af311b5ebd7c70ae8efca92e1e144827b9ce4a6c7ad343ee352d220946c8f9c0,c7b7ccbfd5a313bc9dd6c320b709569a274ca61333ec06894be3f1781855c00e,60e1fca4c714dd4977eb9eaf895c4090e8a47c720b321afda751a217ed175f5b
Rastrigin,2,27182,wrong,wrong_Rastrigin_2_27182,wrong_Rastrigin_2_27182::region_0,"[0.15328731944476978, 0.944302892918644]","[-0.09154636091195467, 0.8156563811437828]","[0.09154636091195467, -0.8156563811437828]","[0.15328731944476978, 0.944302892918644]",0.6752307216235097,0.4096,0.20811177428106348,0.8796237664717997,0.1830600627402381,96,48,0.989703122582173,0.9428626956296314,0.9031473196766345,0.9826838752088731,0.9437466007863029,0.0,ea09cba3a8655ff5bd97cc3b10ae7c1c9062a6949b59ecb3fc269674c6df2f19,32d6f9710fc0aa23c785630e04d9a5e27e3a19ddbc979abf7ea3f21914ac83b2,af311b5ebd7c70ae8efca92e1e144827b9ce4a6c7ad343ee352d220946c8f9c0,c7b7ccbfd5a313bc9dd6c320b709569a274ca61333ec06894be3f1781855c00e,60e1fca4c714dd4977eb9eaf895c4090e8a47c720b321afda751a217ed175f5b
Rastrigin,2,27182,reversed,matching_Rastrigin_2_27182,matching_Rastrigin_2_27182::region_0,"[0.15735739927769524, -0.3745064156252469]","[0.23680091754350788, -0.6646343556244549]","[0.09154636091195467, -0.8156563811437828]","[0.15735739927769524, -0.3745064156252469]",0.7343946988431708,0.4096,0.0055208898534997285,0.4691509920438644,0.002590130951734303,96,48,0.21150332869361674,-0.4061771232640979,0.358933615819209,0.9843546739026187,0.9512624875359798,0.0,ea09cba3a8655ff5bd97cc3b10ae7c1c9062a6949b59ecb3fc269674c6df2f19,32d6f9710fc0aa23c785630e04d9a5e27e3a19ddbc979abf7ea3f21914ac83b2,af311b5ebd7c70ae8efca92e1e144827b9ce4a6c7ad343ee352d220946c8f9c0,c7b7ccbfd5a313bc9dd6c320b709569a274ca61333ec06894be3f1781855c00e,60e1fca4c714dd4977eb9eaf895c4090e8a47c720b321afda751a217ed175f5b
Rastrigin,2,13579,matching,matching_Rastrigin_2_13579,matching_Rastrigin_2_13579::region_0,"[1.3131611399458887, 0.6667677897650379]","[1.3339303614113458, 0.5552504421231248]","[1.463812111184145, 0.5101690483004249]","[1.3131611399458887, 0.6667677897650379]",0.27694070446930547,0.4096,0.24761258817145956,0.8216132285942903,0.20344177800814128,96,48,0.18678215333601328,0.13294483578124283,0.5473061983920035,0.985653738092029,0.9576393027418025,0.0,cb5c82fe26e3e305ae597b5b8c67b34db2b078b7113dfdda6510c4136980ec66,beb1e0e7bb8a11f962ef67771e45d58b0afbff8f22ef4d9b25a1d3d892d887ee,e4426d002e5a1515cdb42a7c94a7dc0306da20eec0afd1390dc537c4a4eb7c86,62513514f9248936542ec2ca95f7e0bd6c73e5e1ed2cd0386a781ce4ee141a34,7caafdd1d8d4111b816ee2423ef0923ff13da357807c38858ccf0b9840636402
Rastrigin,2,13579,wrong,wrong_Rastrigin_2_13579,wrong_Rastrigin_2_13579::region_0,"[-1.2262544951050047, -0.9546505938112269]","[-1.463812111184145, -0.5101690483004249]","[1.463812111184145, 0.5101690483004249]","[-1.2262544951050047, -0.9546505938112269]",1.2304238574769946,0.4096,0.341589799240369,0.5531049001964982,0.18893499181698611,96,48,0.8314576498634543,0.7636271283927552,0.7844856855714907,0.9845549637815658,0.9502530648406794,0.0,cb5c82fe26e3e305ae597b5b8c67b34db2b078b7113dfdda6510c4136980ec66,beb1e0e7bb8a11f962ef67771e45d58b0afbff8f22ef4d9b25a1d3d892d887ee,e4426d002e5a1515cdb42a7c94a7dc0306da20eec0afd1390dc537c4a4eb7c86,62513514f9248936542ec2ca95f7e0bd6c73e5e1ed2cd0386a781ce4ee141a34,7caafdd1d8d4111b816ee2423ef0923ff13da357807c38858ccf0b9840636402
Rastrigin,2,13579,reversed,matching_Rastrigin_2_13579,matching_Rastrigin_2_13579::region_0,"[1.3131611399458887, 0.6667677897650379]","[1.3339303614113458, 0.5552504421231248]","[1.463812111184145, 0.5101690483004249]","[1.3131611399458887, 0.6667677897650379]",0.27694070446930547,0.4096,0.24761258817145956,0.8216132285942903,0.20344177800814128,96,48,0.09725917859307545,-0.13294483578124283,0.45269380160799655,0.985653738092029,0.9576393027418025,0.0,cb5c82fe26e3e305ae597b5b8c67b34db2b078b7113dfdda6510c4136980ec66,beb1e0e7bb8a11f962ef67771e45d58b0afbff8f22ef4d9b25a1d3d892d887ee,e4426d002e5a1515cdb42a7c94a7dc0306da20eec0afd1390dc537c4a4eb7c86,62513514f9248936542ec2ca95f7e0bd6c73e5e1ed2cd0386a781ce4ee141a34,7caafdd1d8d4111b816ee2423ef0923ff13da357807c38858ccf0b9840636402
Rastrigin,2,24680,matching,matching_Rastrigin_2_24680,matching_Rastrigin_2_24680::region_0,"[0.5794532804576377, 0.12859967747570863]","[0.3097414782521196, 0.012271209745959938]","[0.14540734699336122, -0.1495936758259524]","[0.5794532804576377, 0.12859967747570863]",0.7171119959914548,0.4096,0.13289473684210526,0.8301965222517752,0.11032874835188065,96,48,0.9880184794735455,0.8961811159873386,0.8720121686223381,0.9852008192543666,0.9584328439031112,0.0,a469828847856740274fc014e1380b1e220eeec91768d0d96837204357181a0c,5a608c327a0f44443d9d8c4a0af25187d507703bac39061a5598356687caee7c,11eabb67efed8835b049f5c882593b46fc9c560035f44c578da50a597fdaec5a,6dd510fe4c113b33454d72ab298ebe3e62e8676ee04af54780fdbce1fef3736e,d4db8d5fa8d29e8ae66ac9debf9ef2fd97886ede243e1a89879342a36583b9b3
Rastrigin,2,24680,wrong,wrong_Rastrigin_2_24680,wrong_Rastrigin_2_24680::region_0,"[0.028525952668161297, -0.05290932409327794]","[-0.14540734699336122, 0.1495936758259524]","[0.14540734699336122, -0.1495936758259524]","[0.028525952668161297, -0.05290932409327794]",0.6517240479876681,0.4096,0.2698860553445469,0.725322041214537,0.19575430455784626,96,48,0.778361462661896,0.5942818332787971,0.708537049109083,0.9826955677365784,0.9512701936408855,0.0,a469828847856740274fc014e1380b1e220eeec91768d0d96837204357181a0c,5a608c327a0f44443d9d8c4a0af25187d507703bac39061a5598356687caee7c,11eabb67efed8835b049f5c882593b46fc9c560035f44c578da50a597fdaec5a,6dd510fe4c113b33454d72ab298ebe3e62e8676ee04af54780fdbce1fef3736e,d4db8d5fa8d29e8ae66ac9debf9ef2fd97886ede243e1a89879342a36583b9b3
Rastrigin,2,24680,reversed,matching_Rastrigin_2_24680,matching_Rastrigin_2_24680::region_0,"[0.5794532804576377, 0.12859967747570863]","[0.3097414782521196, 0.012271209745959938]","[0.14540734699336122, -0.1495936758259524]","[0.5794532804576377, 0.12859967747570863]",0.7171119959914548,0.4096,0.13289473684210526,0.8301965222517752,0.11032874835188065,96,48,0.033400902891219775,-0.8961811159873386,0.1279878313776619,0.9852008192543666,0.9584328439031112,0.0,a469828847856740274fc014e1380b1e220eeec91768d0d96837204357181a0c,5a608c327a0f44443d9d8c4a0af25187d507703bac39061a5598356687caee7c,11eabb67efed8835b049f5c882593b46fc9c560035f44c578da50a597fdaec5a,6dd510fe4c113b33454d72ab298ebe3e62e8676ee04af54780fdbce1fef3736e,d4db8d5fa8d29e8ae66ac9debf9ef2fd97886ede243e1a89879342a36583b9b3
Rastrigin,2,11235,matching,matching_Rastrigin_2_11235,matching_Rastrigin_2_11235::region_0,"[-0.022939804043717427, 0.4021826220389299]","[0.133507379770248, 0.42447212013706886]","[0.0446042117516221, 0.20986515064373457]","[-0.022939804043717427, 0.4021826220389299]",0.3858081851854801,0.4096,0.10450352685838306,0.7055875872948114,0.07373639137980502,96,48,0.9016826586202162,0.7902024208957602,0.7951807637983486,0.9815038354498417,0.9407636019512015,0.0,f235ebeae64ac06a48335f0f5d2989f44ba2f7f24a71c8971fe01683ff36e5cd,36e3f853edef9d0d065a3cf4e7015d79c867f49d27858498a396c2e4999ada0a,b26e398b00e0fee7bbf10c1fdd3ab5ed946ffcec7789fd594cf5f0678fdf4c7b,b17e211d0f5dcf98da1f8f731849978ef4ecec42da41a2ae78cf19dddf768df0,584a18ad15e7c6e1ebc7fea46c598888e9cde65453f38dcf650ae5b6d4cf05ab
Rastrigin,2,11235,wrong,wrong_Rastrigin_2_11235,wrong_Rastrigin_2_11235::region_0,"[-0.4950457217795259, 0.02568253601822589]","[-0.0446042117516221, -0.20986515064373457]","[0.0446042117516221, 0.20986515064373457]","[-0.4950457217795259, 0.02568253601822589]",1.2409941180572088,0.4096,0.024104720564297345,0.5766022487980058,0.013898836084021385,96,48,0.889304781334028,0.6710821774074595,0.7454265808344198,0.9823280546921644,0.9499284724143944,0.0,f235ebeae64ac06a48335f0f5d2989f44ba2f7f24a71c8971fe01683ff36e5cd,36e3f853edef9d0d065a3cf4e7015d79c867f49d27858498a396c2e4999ada0a,b26e398b00e0fee7bbf10c1fdd3ab5ed946ffcec7789fd594cf5f0678fdf4c7b,b17e211d0f5dcf98da1f8f731849978ef4ecec42da41a2ae78cf19dddf768df0,584a18ad15e7c6e1ebc7fea46c598888e9cde65453f38dcf650ae5b6d4cf05ab
Rastrigin,2,11235,reversed,matching_Rastrigin_2_11235,matching_Rastrigin_2_11235::region_0,"[-0.022939804043717427, 0.4021826220389299]","[0.133507379770248, 0.42447212013706886]","[0.0446042117516221, 0.20986515064373457]","[-0.022939804043717427, 0.4021826220389299]",0.3858081851854801,0.4096,0.10450352685838306,0.7055875872948114,0.07373639137980502,96,48,0.10490479870163893,-0.7902024208957602,0.20481923620165146,0.9815038354498417,0.9407636019512015,0.0,f235ebeae64ac06a48335f0f5d2989f44ba2f7f24a71c8971fe01683ff36e5cd,36e3f853edef9d0d065a3cf4e7015d79c867f49d27858498a396c2e4999ada0a,b26e398b00e0fee7bbf10c1fdd3ab5ed946ffcec7789fd594cf5f0678fdf4c7b,b17e211d0f5dcf98da1f8f731849978ef4ecec42da41a2ae78cf19dddf768df0,584a18ad15e7c6e1ebc7fea46c598888e9cde65453f38dcf650ae5b6d4cf05ab
Rastrigin,2,44556,matching,matching_Rastrigin_2_44556,matching_Rastrigin_2_44556::region_0,"[-0.9179065129500037, 0.668904734282297]","[-0.7677150338956226, 0.3110979543360658]","[-0.7685222020461295, 0.12461405174932572]","[-0.9179065129500037, 0.668904734282297]",0.9473888581523354,0.4096,0.11431090613130765,0.6383071631840268,0.07296547021367056,96,48,0.6408392356660021,0.7336332520518868,0.7739366036505867,0.9854623092718274,0.9528473067121472,0.0,f94021eaab21196fd8a274f6a00d4f04bec056da8955f99d35dae35f71be19ec,cb2d673a2ad3b659e271ca65dcbc538fdf0ea3181759089a09341f871c5ccb19,fc38453ebf891af59cc01f890040cbb4c490d524b8adcc7aa2bb51b314572035,d09851afd9934acba21c1aee750c9568d1c1d966b1af972e97088c27267ba1ab,eb39ba0bd91cec7eb2be29607ca81bee95bb8c2e6329e482ce86ffa4b45da36b
Rastrigin,2,44556,wrong,wrong_Rastrigin_2_44556,wrong_Rastrigin_2_44556::region_0,"[0.9936948328308066, -0.20494622623530567]","[0.7685222020461295, -0.12461405174932572]","[-0.7685222020461295, 0.12461405174932572]","[0.9936948328308066, -0.20494622623530567]",0.5836746870145402,0.4096,0.21132664134563212,0.6671280930396978,0.1409819392493957,96,48,0.8242523626261536,0.6017526656301975,0.700744920686658,0.9799242376384532,0.9434182398744461,0.0,f94021eaab21196fd8a274f6a00d4f04bec056da8955f99d35dae35f71be19ec,cb2d673a2ad3b659e271ca65dcbc538fdf0ea3181759089a09341f871c5ccb19,fc38453ebf891af59cc01f890040cbb4c490d524b8adcc7aa2bb51b314572035,d09851afd9934acba21c1aee750c9568d1c1d966b1af972e97088c27267ba1ab,eb39ba0bd91cec7eb2be29607ca81bee95bb8c2e6329e482ce86ffa4b45da36b
Rastrigin,2,44556,reversed,matching_Rastrigin_2_44556,matching_Rastrigin_2_44556::region_0,"[-0.9179065129500037, 0.668904734282297]","[-0.7677150338956226, 0.3110979543360658]","[-0.7685222020461295, 0.12461405174932572]","[-0.9179065129500037, 0.668904734282297]",0.9473888581523354,0.4096,0.11431090613130765,0.6383071631840268,0.07296547021367056,96,48,0.07073484675469474,-0.7336332520518868,0.2260633963494133,0.9854623092718274,0.9528473067121472,0.0,f94021eaab21196fd8a274f6a00d4f04bec056da8955f99d35dae35f71be19ec,cb2d673a2ad3b659e271ca65dcbc538fdf0ea3181759089a09341f871c5ccb19,fc38453ebf891af59cc01f890040cbb4c490d524b8adcc7aa2bb51b314572035,d09851afd9934acba21c1aee750c9568d1c1d966b1af972e97088c27267ba1ab,eb39ba0bd91cec7eb2be29607ca81bee95bb8c2e6329e482ce86ffa4b45da36b
Rastrigin,2,77889,matching,matching_Rastrigin_2_77889,matching_Rastrigin_2_77889::region_0,"[0.8640571542536568, 1.205151078202358]","[0.8553091728452613, 0.9836394914276437]","[0.8969423758855686, 0.9766510936823556]","[0.8640571542536568, 1.205151078202358]",0.5412213330582676,0.4096,0.3136462289744981,0.8899147453798685,0.2791184039971964,96,48,0.6580551789622808,-0.026276394570913644,0.4700741525423729,0.9838564095732723,0.9492951388859202,0.0,4c24aebf02fa590aeeef9c52b9d0935f2538d5deb0a458fc6557fed5f5831b29,284da1c917f9c6c3433aebbefe8ac586000add634a000266215f56eb18374c5f,e1166f249c5d9c557f39130666404f0035836390dc7e811bdacc720f5818a494,f6e3f40f30fb49531302a989b701925fa82c9f690c4d33507e800dbc2a00267b,c2af68b5228f7f0bb9876c5d07671eb63883d845a8a744b46bdc9f98f608b24f
Rastrigin,2,77889,wrong,wrong_Rastrigin_2_77889,wrong_Rastrigin_2_77889::region_0,"[-1.1044130397543992, -0.9834968397236686]","[-0.8969423758855686, -0.9766510936823556]","[0.8969423758855686, 0.9766510936823556]","[-1.1044130397543992, -0.9834968397236686]",0.5067958373744396,0.4096,0.1800596852957135,0.7892939951757323,0.14212002837713877,96,48,0.779105294373331,0.699208041013999,0.7501867394611038,0.9828349393811815,0.9460932686373723,0.0,4c24aebf02fa590aeeef9c52b9d0935f2538d5deb0a458fc6557fed5f5831b29,284da1c917f9c6c3433aebbefe8ac586000add634a000266215f56eb18374c5f,e1166f249c5d9c557f39130666404f0035836390dc7e811bdacc720f5818a494,f6e3f40f30fb49531302a989b701925fa82c9f690c4d33507e800dbc2a00267b,c2af68b5228f7f0bb9876c5d07671eb63883d845a8a744b46bdc9f98f608b24f
Rastrigin,2,77889,reversed,matching_Rastrigin_2_77889,matching_Rastrigin_2_77889::region_0,"[0.8640571542536568, 1.205151078202358]","[0.8553091728452613, 0.9836394914276437]","[0.8969423758855686, 0.9766510936823556]","[0.8640571542536568, 1.205151078202358]",0.5412213330582676,0.4096,0.3136462289744981,0.8899147453798685,0.2791184039971964,96,48,0.5110340217636252,0.026276394570913644,0.5299258474576272,0.9838564095732723,0.9492951388859202,0.0,4c24aebf02fa590aeeef9c52b9d0935f2538d5deb0a458fc6557fed5f5831b29,284da1c917f9c6c3433aebbefe8ac586000add634a000266215f56eb18374c5f,e1166f249c5d9c557f39130666404f0035836390dc7e811bdacc720f5818a494,f6e3f40f30fb49531302a989b701925fa82c9f690c4d33507e800dbc2a00267b,c2af68b5228f7f0bb9876c5d07671eb63883d845a8a744b46bdc9f98f608b24f
Rastrigin,2,90909,matching,matching_Rastrigin_2_90909,matching_Rastrigin_2_90909::region_0,"[0.7979830108179032, -0.12211521808011384]","[1.161174406405467, -0.026667345972045065]","[1.1690309352103552, -0.1300783243271595]","[0.7979830108179032, -0.12211521808011384]",0.916806678146789,0.4096,0.20379815518176886,0.88082726166823,0.17951097096179447,96,48,0.36666962360996713,0.38662424998686046,0.6215266460234681,0.9821879476706151,0.9496730967210862,0.0,13f14eef79c0eae0f436a6be0bf7db261e0b77732d12e2b00a0a2f6968740d75,bb56a97a4c93520358f42666e5cb003568c4a151ab1d66e12298d97d327eb45b,49fd5d877f941113834e7c279e553265cebe21c06842c49fd8203cd709f40809,ae33381c4b0ceeb231172cee54d66038dc5b152da5e9c6bf4900fc88d573eb25,50494b8c525026f30df44bfc0e504e59e9e85c6ec477a4301d9c76e1384a7335
Rastrigin,2,90909,wrong,wrong_Rastrigin_2_90909,wrong_Rastrigin_2_90909::region_0,"[-1.2141489131937029, -0.07695486768255672]","[-1.1690309352103552, 0.1300783243271595]","[1.1690309352103552, -0.1300783243271595]","[-1.2141489131937029, -0.07695486768255672]",0.5173153453083483,0.4096,0.1298290830168204,0.6227471158500109,0.08085068700217653,96,48,0.5249739173656294,0.24087096361959437,0.5825422370708387,0.9811147917975184,0.9351388233226329,0.0,13f14eef79c0eae0f436a6be0bf7db261e0b77732d12e2b00a0a2f6968740d75,bb56a97a4c93520358f42666e5cb003568c4a151ab1d66e12298d97d327eb45b,49fd5d877f941113834e7c279e553265cebe21c06842c49fd8203cd709f40809,ae33381c4b0ceeb231172cee54d66038dc5b152da5e9c6bf4900fc88d573eb25,50494b8c525026f30df44bfc0e504e59e9e85c6ec477a4301d9c76e1384a7335
Rastrigin,2,90909,reversed,matching_Rastrigin_2_90909,matching_Rastrigin_2_90909::region_0,"[0.7979830108179032, -0.12211521808011384]","[1.161174406405467, -0.026667345972045065]","[1.1690309352103552, -0.1300783243271595]","[0.7979830108179032, -0.12211521808011384]",0.916806678146789,0.4096,0.20379815518176886,0.88082726166823,0.17951097096179447,96,48,0.17249473586292388,-0.38662424998686046,0.3784733539765319,0.9821879476706151,0.9496730967210862,0.0,13f14eef79c0eae0f436a6be0bf7db261e0b77732d12e2b00a0a2f6968740d75,bb56a97a4c93520358f42666e5cb003568c4a151ab1d66e12298d97d327eb45b,49fd5d877f941113834e7c279e553265cebe21c06842c49fd8203cd709f40809,ae33381c4b0ceeb231172cee54d66038dc5b152da5e9c6bf4900fc88d573eb25,50494b8c525026f30df44bfc0e504e59e9e85c6ec477a4301d9c76e1384a7335
Lunacek,2,42,matching,matching_Lunacek_2_42,matching_Lunacek_2_42::region_0,"[-0.7442488788989468, -0.3104078113883398]","[1.9971721416824706, 1.8838558154120302]","[2.2622813655614555, 1.9881294499993425]","[-0.7442488788989468, -0.3104078113883398]",8.77858974863872,0.4,0.17999186109603907,0.452795896011039,0.08149957601967547,96,48,0.9761353742825767,0.8831900364600905,0.8639721860060843,0.9918204847526723,0.9749667274642987,0.0,cdc15a98f9b395bb78139ade861ce2be7fc303b1dc414bbb17304cdb7cc49412,7ce3be46255e86214b53dfb42aec4ad24addbcf4b183d17b9bc0a1164d78a7ee,f83dab3c9f5c4fd9c87f974ba2d24f94871a572d04e68161cafea81d059c81f4,b052dee413042c1755fba5e7fe77ea6304837b2ae2bdcd56313c5f254fdf035e,3689a6a8ad3ec74f84bf89f61cde2471d2a7ca3d9261fee6e57a3c1a19b1d7ac
Lunacek,2,42,wrong,wrong_Lunacek_2_42,wrong_Lunacek_2_42::region_0,"[0.40445276075742154, 0.29848624428022585]","[-2.2622813655614555, -1.9881294499993425]","[2.2622813655614555, 1.9881294499993425]","[0.40445276075742154, 0.29848624428022585]",8.7821132969944,0.4,0.2566603364080304,0.4465927840538385,0.11462265419265706,96,48,0.9775823434336589,0.9092058390822332,0.8651095990873533,0.9921459738696029,0.9751213002835146,0.0,cdc15a98f9b395bb78139ade861ce2be7fc303b1dc414bbb17304cdb7cc49412,7ce3be46255e86214b53dfb42aec4ad24addbcf4b183d17b9bc0a1164d78a7ee,f83dab3c9f5c4fd9c87f974ba2d24f94871a572d04e68161cafea81d059c81f4,b052dee413042c1755fba5e7fe77ea6304837b2ae2bdcd56313c5f254fdf035e,3689a6a8ad3ec74f84bf89f61cde2471d2a7ca3d9261fee6e57a3c1a19b1d7ac
Lunacek,2,42,reversed,matching_Lunacek_2_42,matching_Lunacek_2_42::region_0,"[-0.7442488788989468, -0.3104078113883398]","[1.9971721416824706, 1.8838558154120302]","[2.2622813655614555, 1.9881294499993425]","[-0.7442488788989468, -0.3104078113883398]",8.77858974863872,0.4,0.17999186109603907,0.452795896011039,0.08149957601967547,96,48,0.0831023072356107,-0.8831900364600905,0.1360278139939157,0.9918204847526723,0.9749667274642987,0.0,cdc15a98f9b395bb78139ade861ce2be7fc303b1dc414bbb17304cdb7cc49412,7ce3be46255e86214b53dfb42aec4ad24addbcf4b183d17b9bc0a1164d78a7ee,f83dab3c9f5c4fd9c87f974ba2d24f94871a572d04e68161cafea81d059c81f4,b052dee413042c1755fba5e7fe77ea6304837b2ae2bdcd56313c5f254fdf035e,3689a6a8ad3ec74f84bf89f61cde2471d2a7ca3d9261fee6e57a3c1a19b1d7ac
Lunacek,2,101,matching,matching_Lunacek_2_101,matching_Lunacek_2_101::region_0,"[-0.35973378688332175, -0.10910906686954606]","[2.41446409860173, 1.9473465890935264]","[2.2143272441179134, 1.923947222473792]","[-0.35973378688332175, -0.10910906686954606]",8.633214846152418,0.4,0.2904639175257732,0.4512202147079488,0.13106319123089133,96,48,0.8569231720319795,0.5830483255146035,0.7050467188179053,0.9934907194117998,0.9814823973749041,0.0,61262e7e26fd2f2c24cca89b3abb2a067a9789a1c8db384de5aab88d126be64c,5765c5ffece0341eff52da837f01a128d313ded9dc60a78d0bdc6619302a56bd,2c593b6ec72593c6fef6255ca3bb011781a56e6459efebd423d230053cec088f,e5323cdfa3d05f87f4f1d27a728e216677b8cd086c52f25f17e4355b16f171bd,8f83bc52a5d7317606f9e43ab478ae90b22cf665ed3de2100ec9fd13eaf2f41b
Lunacek,2,101,wrong,wrong_Lunacek_2_101,wrong_Lunacek_2_101::region_0,"[0.3148723332564121, -0.09982156807519539]","[-2.2143272441179134, -1.923947222473792]","[2.2143272441179134, 1.923947222473792]","[0.3148723332564121, -0.09982156807519539]",7.795946424755613,0.4,0.295604991861096,0.6518814491606185,0.19269941047352412,96,48,0.6103587443339524,0.3546030175578097,0.6238286342894394,0.9933373348492573,0.9815472527777778,0.0,61262e7e26fd2f2c24cca89b3abb2a067a9789a1c8db384de5aab88d126be64c,5765c5ffece0341eff52da837f01a128d313ded9dc60a78d0bdc6619302a56bd,2c593b6ec72593c6fef6255ca3bb011781a56e6459efebd423d230053cec088f,e5323cdfa3d05f87f4f1d27a728e216677b8cd086c52f25f17e4355b16f171bd,8f83bc52a5d7317606f9e43ab478ae90b22cf665ed3de2100ec9fd13eaf2f41b
Lunacek,2,101,reversed,matching_Lunacek_2_101,matching_Lunacek_2_101::region_0,"[-0.35973378688332175, -0.10910906686954606]","[2.41446409860173, 1.9473465890935264]","[2.2143272441179134, 1.923947222473792]","[-0.35973378688332175, -0.10910906686954606]",8.633214846152418,0.4,0.2904639175257732,0.4512202147079488,0.13106319123089133,96,48,0.14260394361529735,-0.5830483255146035,0.29495328118209474,0.9934907194117998,0.9814823973749041,0.0,61262e7e26fd2f2c24cca89b3abb2a067a9789a1c8db384de5aab88d126be64c,5765c5ffece0341eff52da837f01a128d313ded9dc60a78d0bdc6619302a56bd,2c593b6ec72593c6fef6255ca3bb011781a56e6459efebd423d230053cec088f,e5323cdfa3d05f87f4f1d27a728e216677b8cd086c52f25f17e4355b16f171bd,8f83bc52a5d7317606f9e43ab478ae90b22cf665ed3de2100ec9fd13eaf2f41b
Lunacek,2,2026,matching,matching_Lunacek_2_2026,matching_Lunacek_2_2026::region_0,"[-0.003717289840983342, 0.036163085945788244]","[2.2663768882654445, 2.067411147837821]","[2.3849519774760832, 2.0084789679997286]","[-0.003717289840983342, 0.036163085945788244]",7.615484335554779,0.4,0.2224905046120456,0.46395283317034786,0.10322509996825889,96,48,0.8756653388298453,0.8760110024532783,0.8419301390699696,0.9936452440661014,0.97895681167758,0.0,311d3cf9b5658f6aa31318b51f9840bc2a816c4ee7f744825778fccc472d5333,c38d4d9406d14d0f12cf2ff675d007aa65417ca5b74c788398d03a6d8c064f78,61129f0eb23cd5b4869593205482f78baa038f27be1b1f039f7ce1974a09352b,2e7167bef27f42ba6083ad623f4ce824685ddab55942e3b7b6eefd8846332491,bb10eacee566555152fce3b3ad6d4b6bc2836e0924d08c4bc5a9c26eeffccc35
Lunacek,2,2026,wrong,wrong_Lunacek_2_2026,wrong_Lunacek_2_2026::region_0,"[0.1921458741805039, 0.18237311458372937]","[-2.3849519774760832, -2.0084789679997286]","[2.3849519774760832, 2.0084789679997286]","[0.1921458741805039, 0.18237311458372937]",8.456235193916553,0.4,0.49587628865979383,0.7100400590340683,0.35209202927359473,96,48,0.7626673130439471,-0.33289568438328104,0.38810571490656237,0.9932343407956298,0.9787626345587996,0.0,311d3cf9b5658f6aa31318b51f9840bc2a816c4ee7f744825778fccc472d5333,c38d4d9406d14d0f12cf2ff675d007aa65417ca5b74c788398d03a6d8c064f78,61129f0eb23cd5b4869593205482f78baa038f27be1b1f039f7ce1974a09352b,2e7167bef27f42ba6083ad623f4ce824685ddab55942e3b7b6eefd8846332491,bb10eacee566555152fce3b3ad6d4b6bc2836e0924d08c4bc5a9c26eeffccc35
Lunacek,2,2026,reversed,matching_Lunacek_2_2026,matching_Lunacek_2_2026::region_0,"[-0.003717289840983342, 0.036163085945788244]","[2.2663768882654445, 2.067411147837821]","[2.3849519774760832, 2.0084789679997286]","[-0.003717289840983342, 0.036163085945788244]",7.615484335554779,0.4,0.2224905046120456,0.46395283317034786,0.10322509996825889,96,48,0.08055902597281646,-0.8760110024532783,0.15806986093003042,0.9936452440661014,0.97895681167758,0.0,311d3cf9b5658f6aa31318b51f9840bc2a816c4ee7f744825778fccc472d5333,c38d4d9406d14d0f12cf2ff675d007aa65417ca5b74c788398d03a6d8c064f78,61129f0eb23cd5b4869593205482f78baa038f27be1b1f039f7ce1974a09352b,2e7167bef27f42ba6083ad623f4ce824685ddab55942e3b7b6eefd8846332491,bb10eacee566555152fce3b3ad6d4b6bc2836e0924d08c4bc5a9c26eeffccc35
Lunacek,2,777,matching,matching_Lunacek_2_777,matching_Lunacek_2_777::region_0,"[-0.1717682179211658, -0.12830342637031245]","[2.1543128388095756, 2.360114624217517]","[1.987706670753073, 2.449113345714815]","[-0.1717682179211658, -0.12830342637031245]",8.515749187891858,0.4,0.42744167118828,0.7651320123453679,0.32704930603655574,96,48,0.9471756251572694,0.7033963597108606,0.7567783337919601,0.9927751042599896,0.9781910490513618,0.0,96215fc27cd6cab35442a501372fd6c6341d37213415aabe03796f4da59edafa,ebb0b61543ff502249b9de52d91994cf710dad0be7cf1578182038da68368813,4965993cc251c5b8142fbe0f7dd5b28e54fb62f5373ff4b5ad2ab404cf2730df,08616898469cbb3f1045ed713fe0f9795e1d76f9aee9b30fff412f63cc3e64d7,2fd8a4e64c1cb974fb282823064d1b63c891bd6f6c5ad7a1f325b21ee9c52fd1
Lunacek,2,777,wrong,wrong_Lunacek_2_777,wrong_Lunacek_2_777::region_0,"[0.29298335485541294, 0.057907497507604766]","[-1.987706670753073, -2.449113345714815]","[1.987706670753073, 2.449113345714815]","[0.29298335485541294, 0.057907497507604766]",8.473008800472567,0.4,0.3427292457948996,0.5155693836638885,0.17670070601806573,96,48,0.8599511899732598,0.8145949611154533,0.8015163244241634,0.9935688162598658,0.9811522510590484,0.0,96215fc27cd6cab35442a501372fd6c6341d37213415aabe03796f4da59edafa,ebb0b61543ff502249b9de52d91994cf710dad0be7cf1578182038da68368813,4965993cc251c5b8142fbe0f7dd5b28e54fb62f5373ff4b5ad2ab404cf2730df,08616898469cbb3f1045ed713fe0f9795e1d76f9aee9b30fff412f63cc3e64d7,2fd8a4e64c1cb974fb282823064d1b63c891bd6f6c5ad7a1f325b21ee9c52fd1
Lunacek,2,777,reversed,matching_Lunacek_2_777,matching_Lunacek_2_777::region_0,"[-0.1717682179211658, -0.12830342637031245]","[2.1543128388095756, 2.360114624217517]","[1.987706670753073, 2.449113345714815]","[-0.1717682179211658, -0.12830342637031245]",8.515749187891858,0.4,0.42744167118828,0.7651320123453679,0.32704930603655574,96,48,0.36003243393211926,-0.7033963597108606,0.2432216662080399,0.9927751042599896,0.9781910490513618,0.0,96215fc27cd6cab35442a501372fd6c6341d37213415aabe03796f4da59edafa,ebb0b61543ff502249b9de52d91994cf710dad0be7cf1578182038da68368813,4965993cc251c5b8142fbe0f7dd5b28e54fb62f5373ff4b5ad2ab404cf2730df,08616898469cbb3f1045ed713fe0f9795e1d76f9aee9b30fff412f63cc3e64d7,2fd8a4e64c1cb974fb282823064d1b63c891bd6f6c5ad7a1f325b21ee9c52fd1
Lunacek,2,999,matching,matching_Lunacek_2_999,matching_Lunacek_2_999::region_0,"[-0.3544322559709636, 0.13220069287362882]","[2.254130198034555, 2.278735900439925]","[2.2405652054317873, 2.1024093705743865]","[-0.3544322559709636, 0.13220069287362882]",8.44549120602562,0.4,0.4626966901790559,0.7158925883535006,0.3312411311548821,96,48,0.7751557310954068,0.4902327424922392,0.6898257551064755,0.9922169596338193,0.9718308607704151,0.0,d444d3564c195ff2eaf30c1cb8e8462b190b41e437a51ac48cd5bcffe1159fff,ffa9ce4d7a6108acd1f9cfc692b237f0e16b65fa537916b3530fdd8bea3e5176,2d2e9a98722f52bdc1964f7e6c5579eb35abd0d0f831fc4e604aa85aa418b38e,d6234be03adf4612b462c505da093c61c870e5e56c327240421a7be98ab417b1,a922aa816e79f61aef15513af923fed8f0d0213932efd9eeec4e50316b4779d6
Lunacek,2,999,wrong,wrong_Lunacek_2_999,wrong_Lunacek_2_999::region_0,"[0.5920680079404967, -0.05010938769230438]","[-2.2405652054317873, -2.1024093705743865]","[2.2405652054317873, 2.1024093705743865]","[0.5920680079404967, -0.05010938769230438]",8.74490785444506,0.4,0.33461747151383614,0.7429669659135748,0.2486097275523069,96,48,0.5009153767097606,0.7195981357966712,0.7776238591916558,0.9924142435357532,0.9730408442071663,0.0,d444d3564c195ff2eaf30c1cb8e8462b190b41e437a51ac48cd5bcffe1159fff,ffa9ce4d7a6108acd1f9cfc692b237f0e16b65fa537916b3530fdd8bea3e5176,2d2e9a98722f52bdc1964f7e6c5579eb35abd0d0f831fc4e604aa85aa418b38e,d6234be03adf4612b462c505da093c61c870e5e56c327240421a7be98ab417b1,a922aa816e79f61aef15513af923fed8f0d0213932efd9eeec4e50316b4779d6
Lunacek,2,999,reversed,matching_Lunacek_2_999,matching_Lunacek_2_999::region_0,"[-0.3544322559709636, 0.13220069287362882]","[2.254130198034555, 2.278735900439925]","[2.2405652054317873, 2.1024093705743865]","[-0.3544322559709636, 0.13220069287362882]",8.44549120602562,0.4,0.4626966901790559,0.7158925883535006,0.3312411311548821,96,48,0.46307522926785016,-0.4902327424922392,0.3101742448935246,0.9922169596338193,0.9718308607704151,0.0,d444d3564c195ff2eaf30c1cb8e8462b190b41e437a51ac48cd5bcffe1159fff,ffa9ce4d7a6108acd1f9cfc692b237f0e16b65fa537916b3530fdd8bea3e5176,2d2e9a98722f52bdc1964f7e6c5579eb35abd0d0f831fc4e604aa85aa418b38e,d6234be03adf4612b462c505da093c61c870e5e56c327240421a7be98ab417b1,a922aa816e79f61aef15513af923fed8f0d0213932efd9eeec4e50316b4779d6
Lunacek,2,1234,matching,matching_Lunacek_2_1234,matching_Lunacek_2_1234::region_0,"[-1.0437605786072892, -0.011604755666744923]","[2.110443218244736, 1.6958160295864402]","[2.147883233304233, 1.9130476772880614]","[-1.0437605786072892, -0.011604755666744923]",8.966704846956857,0.4,0.2998643516006511,0.5868281329553295,0.17596883758967058,96,48,0.9302774786716379,0.8586877970170712,0.8433391731855715,0.9915208036099756,0.9751272067844212,0.0,45b8d1d4b5de76dccb16307feb0e19deea55d69a7d35ee5d37ff46f0639d5608,eacd26934c30d323f8b463e24a05aaaffa336856acbf51be6e729cb26ef71373,46691107d31e1c020a2a55bef0b924e49cb8fd85117d90f180e632506462c038,a018c21a350a7fcc6fae02a617a5fbc7c3f55bfa2f52075fb4b2020b37815f48,32e7fc6ed51691be6b195a6e5410095cd960c010f96ab14cd20fc68373c4126a
Lunacek,2,1234,wrong,wrong_Lunacek_2_1234,wrong_Lunacek_2_1234::region_0,"[0.3083684365650494, -0.04676893303262159]","[-2.147883233304233, -1.9130476772880614]","[2.147883233304233, 1.9130476772880614]","[0.3083684365650494, -0.04676893303262159]",7.71207195611015,0.4,0.41417525773195873,0.6535536873404911,0.2706857668959199,96,48,0.9582866409036763,0.8217452523892761,0.827198093220339,0.992377604888642,0.9738521881629258,0.0,45b8d1d4b5de76dccb16307feb0e19deea55d69a7d35ee5d37ff46f0639d5608,eacd26934c30d323f8b463e24a05aaaffa336856acbf51be6e729cb26ef71373,46691107d31e1c020a2a55bef0b924e49cb8fd85117d90f180e632506462c038,a018c21a350a7fcc6fae02a617a5fbc7c3f55bfa2f52075fb4b2020b37815f48,32e7fc6ed51691be6b195a6e5410095cd960c010f96ab14cd20fc68373c4126a
Lunacek,2,1234,reversed,matching_Lunacek_2_1234,matching_Lunacek_2_1234::region_0,"[-1.0437605786072892, -0.011604755666744923]","[2.110443218244736, 1.6958160295864402]","[2.147883233304233, 1.9130476772880614]","[-1.0437605786072892, -0.011604755666744923]",8.966704846956857,0.4,0.2998643516006511,0.5868281329553295,0.17596883758967058,96,48,0.040390737303462404,-0.8586877970170712,0.1566608268144285,0.9915208036099756,0.9751272067844212,0.0,45b8d1d4b5de76dccb16307feb0e19deea55d69a7d35ee5d37ff46f0639d5608,eacd26934c30d323f8b463e24a05aaaffa336856acbf51be6e729cb26ef71373,46691107d31e1c020a2a55bef0b924e49cb8fd85117d90f180e632506462c038,a018c21a350a7fcc6fae02a617a5fbc7c3f55bfa2f52075fb4b2020b37815f48,32e7fc6ed51691be6b195a6e5410095cd960c010f96ab14cd20fc68373c4126a
Lunacek,2,5678,matching,matching_Lunacek_2_5678,matching_Lunacek_2_5678::region_0,"[-0.6186633534966215, 0.11932942535736356]","[1.9185435408405618, 2.262415697908542]","[1.8835619230677934, 2.1389604394029735]","[-0.6186633534966215, 0.11932942535736356]",8.302950377828594,0.4,0.25097666847531197,0.7954767533301396,0.19964610540035596,96,48,0.9630708933600044,0.8502775143983874,0.8409183507170795,0.9924049093681748,0.97610863227182,0.0,537ae3e2c9ef2ece6c588621800dcf5f200e544496aaa5760b8ef309a6e12495,7d3e7aca5e415f4d3879355bf0b26e7ca9b316f08c121a2421d5a080eab98197,3538f2eb4692c1c1c6c27fa00d1eca7710c873b03bd3f764a01060a7d523fd27,72ca0df02b0bb53bcfe1bdfb9242cd148c2a9d4b8b5cc4b38894f4f4a38ba8b1,96fd544dfb7a2f3261065d203b7f245610d0a26c02f385be886ca880e8bde725
Lunacek,2,5678,wrong,wrong_Lunacek_2_5678,wrong_Lunacek_2_5678::region_0,"[0.10653509139031979, 0.7331270717019532]","[-1.8835619230677934, -2.1389604394029735]","[1.8835619230677934, 2.1389604394029735]","[0.10653509139031979, 0.7331270717019532]",8.73547823476196,0.4,0.18331524688008682,0.4870443359072111,0.08928265267837833,96,48,0.09445169167660428,-0.1797851855556667,0.44605606258148633,0.9916549784809768,0.9756437509129532,0.0,537ae3e2c9ef2ece6c588621800dcf5f200e544496aaa5760b8ef309a6e12495,7d3e7aca5e415f4d3879355bf0b26e7ca9b316f08c121a2421d5a080eab98197,3538f2eb4692c1c1c6c27fa00d1eca7710c873b03bd3f764a01060a7d523fd27,72ca0df02b0bb53bcfe1bdfb9242cd148c2a9d4b8b5cc4b38894f4f4a38ba8b1,96fd544dfb7a2f3261065d203b7f245610d0a26c02f385be886ca880e8bde725
Lunacek,2,5678,reversed,matching_Lunacek_2_5678,matching_Lunacek_2_5678::region_0,"[-0.6186633534966215, 0.11932942535736356]","[1.9185435408405618, 2.262415697908542]","[1.8835619230677934, 2.1389604394029735]","[-0.6186633534966215, 0.11932942535736356]",8.302950377828594,0.4,0.25097666847531197,0.7954767533301396,0.19964610540035596,96,48,0.061451525971105474,-0.8502775143983874,0.15908164928292046,0.9924049093681748,0.97610863227182,0.0,537ae3e2c9ef2ece6c588621800dcf5f200e544496aaa5760b8ef309a6e12495,7d3e7aca5e415f4d3879355bf0b26e7ca9b316f08c121a2421d5a080eab98197,3538f2eb4692c1c1c6c27fa00d1eca7710c873b03bd3f764a01060a7d523fd27,72ca0df02b0bb53bcfe1bdfb9242cd148c2a9d4b8b5cc4b38894f4f4a38ba8b1,96fd544dfb7a2f3261065d203b7f245610d0a26c02f385be886ca880e8bde725
Lunacek,2,8888,matching,matching_Lunacek_2_8888,matching_Lunacek_2_8888::region_0,"[0.0685040966436346, -0.14537056684554203]","[2.5301157952241455, 2.023853176860261]","[2.2820520742270967, 2.1566726226854023]","[0.0685040966436346, -0.14537056684554203]",8.202539166641268,0.4,0.38903960933260984,0.41516563508401666,0.1615158764814107,96,48,0.8712729869562139,0.6047685862962279,0.7372270208604954,0.9933631840305545,0.9780579032937061,0.0,31abf076286a219a17d2ed3a898096511e3f4b0976e50e5a0cb42bf0849e11cc,ae11fb2a64ef950862c47975b57c7a261ff30278f7ae524e16bda9f881f16f3e,3380f4d7ce56659d2cd0cd920fb2068e57904acfe0a6b77c05b4e88453b3a30c,6169be08a3b0a2cc3f65de4fcb9609cd6b17c691fe1548752cc4fee94fb5fe50,b0e6ac21df25a640d65e08dc29b9bc7d07e5bf11c13931a58cb52c9ca38e3a0c
Lunacek,2,8888,wrong,wrong_Lunacek_2_8888,wrong_Lunacek_2_8888::region_0,"[0.4626564302956755, 0.8271161465391956]","[-2.2820520742270967, -2.1566726226854023]","[2.2820520742270967, 2.1566726226854023]","[0.4626564302956755, 0.8271161465391956]",10.135463788768643,0.4,0.5270347259902333,0.553852252944577,0.29189937036971847,96,48,0.9894885374644384,0.7518313939085818,0.7894488450973934,0.9924723012883389,0.9713594335829676,0.0,31abf076286a219a17d2ed3a898096511e3f4b0976e50e5a0cb42bf0849e11cc,ae11fb2a64ef950862c47975b57c7a261ff30278f7ae524e16bda9f881f16f3e,3380f4d7ce56659d2cd0cd920fb2068e57904acfe0a6b77c05b4e88453b3a30c,6169be08a3b0a2cc3f65de4fcb9609cd6b17c691fe1548752cc4fee94fb5fe50,b0e6ac21df25a640d65e08dc29b9bc7d07e5bf11c13931a58cb52c9ca38e3a0c
Lunacek,2,8888,reversed,matching_Lunacek_2_8888,matching_Lunacek_2_8888::region_0,"[0.0685040966436346, -0.14537056684554203]","[2.5301157952241455, 2.023853176860261]","[2.2820520742270967, 2.1566726226854023]","[0.0685040966436346, -0.14537056684554203]",8.202539166641268,0.4,0.38903960933260984,0.41516563508401666,0.1615158764814107,96,48,0.03414986540416484,-0.6047685862962279,0.26277297913950454,0.9933631840305545,0.9780579032937061,0.0,31abf076286a219a17d2ed3a898096511e3f4b0976e50e5a0cb42bf0849e11cc,ae11fb2a64ef950862c47975b57c7a261ff30278f7ae524e16bda9f881f16f3e,3380f4d7ce56659d2cd0cd920fb2068e57904acfe0a6b77c05b4e88453b3a30c,6169be08a3b0a2cc3f65de4fcb9609cd6b17c691fe1548752cc4fee94fb5fe50,b0e6ac21df25a640d65e08dc29b9bc7d07e5bf11c13931a58cb52c9ca38e3a0c
Lunacek,2,31415,matching,matching_Lunacek_2_31415,matching_Lunacek_2_31415::region_0,"[-0.42094469230449416, -0.0664223547304844]","[2.010580858268965, 2.039936635669177]","[1.8071837938610253, 2.4398225317537774]","[-0.42094469230449416, -0.0664223547304844]",8.042490557784728,0.4,0.43229788388497015,0.7037520172930875,0.30423050785558065,96,48,0.7488789032581755,0.3922942507752325,0.6289894339417644,0.9915291421679059,0.9758949300459722,0.0,83b60646691e33ebeee8205f12fb95d0fec748f37f48c53ec6f681419556e91f,99982ff991e6da7e4457bc3e31d9c4f6abcf56e4f92a9ef6737afc60f2eb7410,d3ab817abe2ce2e325a6597e40e601a7aeab2e67ecbb00786008b90257e37387,20b39e91f5db9e0b5b18fbc76bb349bc2009cd947a3911a99b68990e4eb56c47,671d96092f8df7a3b0e86e74584f5658bf427eb5aa98bc1e43a4cb792687c64e
Lunacek,2,31415,wrong,wrong_Lunacek_2_31415,wrong_Lunacek_2_31415::region_0,"[-0.026287311695565474, -0.2304042730785277]","[-1.8071837938610253, -2.4398225317537774]","[1.8071837938610253, 2.4398225317537774]","[-0.026287311695565474, -0.2304042730785277]",7.094505498075994,0.4,0.28838849701573516,0.6272114697118799,0.18088057306123934,96,48,0.7489284185542672,0.49931229368810637,0.6648026673185572,0.9920705082947445,0.9763098840770573,0.0,83b60646691e33ebeee8205f12fb95d0fec748f37f48c53ec6f681419556e91f,99982ff991e6da7e4457bc3e31d9c4f6abcf56e4f92a9ef6737afc60f2eb7410,d3ab817abe2ce2e325a6597e40e601a7aeab2e67ecbb00786008b90257e37387,20b39e91f5db9e0b5b18fbc76bb349bc2009cd947a3911a99b68990e4eb56c47,671d96092f8df7a3b0e86e74584f5658bf427eb5aa98bc1e43a4cb792687c64e
Lunacek,2,31415,reversed,matching_Lunacek_2_31415,matching_Lunacek_2_31415::region_0,"[-0.42094469230449416, -0.0664223547304844]","[2.010580858268965, 2.039936635669177]","[1.8071837938610253, 2.4398225317537774]","[-0.42094469230449416, -0.0664223547304844]",8.042490557784728,0.4,0.43229788388497015,0.7037520172930875,0.30423050785558065,96,48,0.37724727686279114,-0.3922942507752325,0.37101056605823557,0.9915291421679059,0.9758949300459722,0.0,83b60646691e33ebeee8205f12fb95d0fec748f37f48c53ec6f681419556e91f,99982ff991e6da7e4457bc3e31d9c4f6abcf56e4f92a9ef6737afc60f2eb7410,d3ab817abe2ce2e325a6597e40e601a7aeab2e67ecbb00786008b90257e37387,20b39e91f5db9e0b5b18fbc76bb349bc2009cd947a3911a99b68990e4eb56c47,671d96092f8df7a3b0e86e74584f5658bf427eb5aa98bc1e43a4cb792687c64e
Lunacek,2,27182,matching,matching_Lunacek_2_27182,matching_Lunacek_2_27182::region_0,"[2.9239689133828635, 2.425190711835145]","[2.4112050413974866, 2.3648712510804133]","[2.2993349797754092, 2.297950704824906]","[2.9239689133828635, 2.425190711835145]",1.2907488760385806,0.4,0.3754751131221719,0.7800574576461624,0.29289216215148667,51,17,0.20607384010034405,0.06997228935629841,0.5240961810082573,0.9459114498222744,0.7514994923816534,0.0,3de0da360ab92b3a37ee858e933b003b3f57610572af3f6812914fefef5f1908,f2c86735bef863e29f0bc5fb88bfb5f71980dd904a1f7d47150344d3211e87b3,eab96d468328c2aa837473773611ab01e43e8e2049f83684a88432fa1f1fde01,5e22351dd2f8c2a679380a229105324bae868541036f8e14555b6b8b1a8693e1,141beb8d6ec8799ed4f0cb581e569266d7d9dfe19a91af30844549f2bbd55f0b
Lunacek,2,27182,wrong,wrong_Lunacek_2_27182,wrong_Lunacek_2_27182::region_0,"[0.5863590163958978, 0.06492773255537648]","[-2.2993349797754092, -2.297950704824906]","[2.2993349797754092, 2.297950704824906]","[0.5863590163958978, 0.06492773255537648]",9.32417032146018,0.4,0.4940857297883885,0.7052118796155175,0.3484351261952741,96,48,0.9730626617429186,0.7918238024373414,0.8109789222077358,0.9927673306149162,0.9758798713047742,0.0,3de0da360ab92b3a37ee858e933b003b3f57610572af3f6812914fefef5f1908,f2c86735bef863e29f0bc5fb88bfb5f71980dd904a1f7d47150344d3211e87b3,eab96d468328c2aa837473773611ab01e43e8e2049f83684a88432fa1f1fde01,5e22351dd2f8c2a679380a229105324bae868541036f8e14555b6b8b1a8693e1,141beb8d6ec8799ed4f0cb581e569266d7d9dfe19a91af30844549f2bbd55f0b
Lunacek,2,27182,reversed,matching_Lunacek_2_27182,matching_Lunacek_2_27182::region_0,"[2.9239689133828635, 2.425190711835145]","[2.4112050413974866, 2.3648712510804133]","[2.2993349797754092, 2.297950704824906]","[2.9239689133828635, 2.425190711835145]",1.2907488760385806,0.4,0.3754751131221719,0.7800574576461624,0.29289216215148667,51,17,0.266689090474768,-0.06997228935629841,0.4759038189917427,0.9459114498222744,0.7514994923816534,0.0,3de0da360ab92b3a37ee858e933b003b3f57610572af3f6812914fefef5f1908,f2c86735bef863e29f0bc5fb88bfb5f71980dd904a1f7d47150344d3211e87b3,eab96d468328c2aa837473773611ab01e43e8e2049f83684a88432fa1f1fde01,5e22351dd2f8c2a679380a229105324bae868541036f8e14555b6b8b1a8693e1,141beb8d6ec8799ed4f0cb581e569266d7d9dfe19a91af30844549f2bbd55f0b
Lunacek,2,13579,matching,matching_Lunacek_2_13579,matching_Lunacek_2_13579::region_0,"[-0.7355425679756734, -0.28802597908202254]","[2.257241372232243, 1.8450624051742954]","[2.346084744567205, 1.8525171494415404]","[-0.7355425679756734, -0.28802597908202254]",9.187907054865532,0.4,0.14702930005425935,0.4611864187140345,0.06780791633805507,96,48,0.1627363156046502,-0.3745813627562845,0.37455182529335074,0.9928337958173594,0.9784330510886647,0.0,73971bfe949e24ea628fe9e423cd2a492c51f5737a1d5d32693dc21793dd4ce4,3c838633a10cfcb92d4a64b2c120da073aad9d74bd849a1895e7320b7f4bd506,367cdfd08c8a6e980d5fc7241ff64a433ac4f2377633ce304afd2f5ba598d19d,1417f84b49efa327468f80c5e0233389d93a81e8fcf99adfd0c74526cfaf0a6f,15bbf21aa9f3d3b55840b190497c38b48281b08121b6c76ef006e014bd05ac49
Lunacek,2,13579,wrong,wrong_Lunacek_2_13579,wrong_Lunacek_2_13579::region_0,"[0.18588613788354932, -0.15985513419072175]","[-2.346084744567205, -1.8525171494415404]","[2.346084744567205, 1.8525171494415404]","[0.18588613788354932, -0.15985513419072175]",7.614123902102681,0.4,0.4478160607704829,0.7567405382123946,0.33888056684760964,96,48,0.8755659321873964,0.810098167162013,0.8247840612777053,0.992484208826871,0.9750158705014675,0.0,73971bfe949e24ea628fe9e423cd2a492c51f5737a1d5d32693dc21793dd4ce4,3c838633a10cfcb92d4a64b2c120da073aad9d74bd849a1895e7320b7f4bd506,367cdfd08c8a6e980d5fc7241ff64a433ac4f2377633ce304afd2f5ba598d19d,1417f84b49efa327468f80c5e0233389d93a81e8fcf99adfd0c74526cfaf0a6f,15bbf21aa9f3d3b55840b190497c38b48281b08121b6c76ef006e014bd05ac49
Lunacek,2,13579,reversed,matching_Lunacek_2_13579,matching_Lunacek_2_13579::region_0,"[-0.7355425679756734, -0.28802597908202254]","[2.257241372232243, 1.8450624051742954]","[2.346084744567205, 1.8525171494415404]","[-0.7355425679756734, -0.28802597908202254]",9.187907054865532,0.4,0.14702930005425935,0.4611864187140345,0.06780791633805507,96,48,0.3145077475323596,0.3745813627562845,0.6254481747066493,0.9928337958173594,0.9784330510886647,0.0,73971bfe949e24ea628fe9e423cd2a492c51f5737a1d5d32693dc21793dd4ce4,3c838633a10cfcb92d4a64b2c120da073aad9d74bd849a1895e7320b7f4bd506,367cdfd08c8a6e980d5fc7241ff64a433ac4f2377633ce304afd2f5ba598d19d,1417f84b49efa327468f80c5e0233389d93a81e8fcf99adfd0c74526cfaf0a6f,15bbf21aa9f3d3b55840b190497c38b48281b08121b6c76ef006e014bd05ac49
Lunacek,2,24680,matching,matching_Lunacek_2_24680,matching_Lunacek_2_24680::region_0,"[0.16904980932942645, 0.3027973420150864]","[1.747888207940849, 2.445181449443291]","[1.846815196687006, 2.1123085836413757]","[0.16904980932942645, 0.3027973420150864]",6.653260644549983,0.4,0.3653553988062941,0.6330414505820001,0.23128511163830157,96,48,0.3682227281668902,0.506091075203917,0.6634751195132551,0.9917298069564062,0.9746456237105154,0.0,640863dc78cb4ae9b62012c2198231e0dce21fd3040b734532f25209809c0fb6,3a6163ef618957a9dfbd510e0c8ec8b84f8d192c7b259a1091d6f7f59fbf1aca,e648c925df002d7f52c8c6459dda61a3136690a9c52839ac186daa43274f7127,392abfb184c0733c22195580ada3870f1074aaa923097d08a7884a121dbc9915,56a9f77c256f75c76052f91b77823ed37e07ed6ce06f77a513398279c8e43b09
Lunacek,2,24680,wrong,wrong_Lunacek_2_24680,wrong_Lunacek_2_24680::region_0,"[-0.19317232834602807, 0.49809321537649437]","[-1.846815196687006, -2.1123085836413757]","[1.846815196687006, 2.1123085836413757]","[-0.19317232834602807, 0.49809321537649437]",7.72525577583467,0.4,0.5075420510037981,0.7519300481545786,0.3816361188517595,96,48,0.9737339372591938,0.6537385209206831,0.7424930736636245,0.9926051045511682,0.9765221222055339,0.0,640863dc78cb4ae9b62012c2198231e0dce21fd3040b734532f25209809c0fb6,3a6163ef618957a9dfbd510e0c8ec8b84f8d192c7b259a1091d6f7f59fbf1aca,e648c925df002d7f52c8c6459dda61a3136690a9c52839ac186daa43274f7127,392abfb184c0733c22195580ada3870f1074aaa923097d08a7884a121dbc9915,56a9f77c256f75c76052f91b77823ed37e07ed6ce06f77a513398279c8e43b09
Lunacek,2,24680,reversed,matching_Lunacek_2_24680,matching_Lunacek_2_24680::region_0,"[0.16904980932942645, 0.3027973420150864]","[1.747888207940849, 2.445181449443291]","[1.846815196687006, 2.1123085836413757]","[0.16904980932942645, 0.3027973420150864]",6.653260644549983,0.4,0.3653553988062941,0.6330414505820001,0.23128511163830157,96,48,0.1519484174523058,-0.506091075203917,0.3365248804867449,0.9917298069564062,0.9746456237105154,0.0,640863dc78cb4ae9b62012c2198231e0dce21fd3040b734532f25209809c0fb6,3a6163ef618957a9dfbd510e0c8ec8b84f8d192c7b259a1091d6f7f59fbf1aca,e648c925df002d7f52c8c6459dda61a3136690a9c52839ac186daa43274f7127,392abfb184c0733c22195580ada3870f1074aaa923097d08a7884a121dbc9915,56a9f77c256f75c76052f91b77823ed37e07ed6ce06f77a513398279c8e43b09
Lunacek,2,11235,matching,matching_Lunacek_2_11235,matching_Lunacek_2_11235::region_0,"[-0.7710413841735818, 0.05500661130933839]","[2.2335715643306053, 1.7636124995373932]","[2.241787866359993, 1.917378594166035]","[-0.7710413841735818, 0.05500661130933839]",8.641120099416582,0.4,0.425732501356484,0.6641439436372676,0.2827476623854537,96,48,0.937091112925563,0.8780970890843525,0.8491654443720121,0.9921641333634565,0.9715785473534001,0.0,16fef98504387379c3a55f748a1f3eb0ed650c3608bfd9f08f299be25df6bcfa,1a441380ef2b21054589f69582268bcb00e0bd09504f66c0460ae9c2a7f17717,6bc6b9a04ace64f7aa4162215353ddc1c68f0b5ffed96483f277c4d385cffb6a,b559b37d534b7910bec7f3d1c3806c79e74bad7a041f68c1ee54fed978644f53,7198961fbe99d8028bf6b8d21067f3ba63ae93c213f4fcdced7f0662052bd5aa
Lunacek,2,11235,wrong,wrong_Lunacek_2_11235,wrong_Lunacek_2_11235::region_0,"[0.299035869723922, -0.08454494574852305]","[-2.241787866359993, -1.917378594166035]","[2.241787866359993, 1.917378594166035]","[0.299035869723922, -0.08454494574852305]",7.832250810199322,0.4,0.36275094953879544,0.7230175582535083,0.2622753057896815,96,48,0.6297861103473918,0.6893022355859301,0.7513988483268145,0.9934950421514263,0.9813920390946503,0.0,16fef98504387379c3a55f748a1f3eb0ed650c3608bfd9f08f299be25df6bcfa,1a441380ef2b21054589f69582268bcb00e0bd09504f66c0460ae9c2a7f17717,6bc6b9a04ace64f7aa4162215353ddc1c68f0b5ffed96483f277c4d385cffb6a,b559b37d534b7910bec7f3d1c3806c79e74bad7a041f68c1ee54fed978644f53,7198961fbe99d8028bf6b8d21067f3ba63ae93c213f4fcdced7f0662052bd5aa
Lunacek,2,11235,reversed,matching_Lunacek_2_11235,matching_Lunacek_2_11235::region_0,"[-0.7710413841735818, 0.05500661130933839]","[2.2335715643306053, 1.7636124995373932]","[2.241787866359993, 1.917378594166035]","[-0.7710413841735818, 0.05500661130933839]",8.641120099416582,0.4,0.425732501356484,0.6641439436372676,0.2827476623854537,96,48,0.06080735908903532,-0.8780970890843525,0.15083455562798784,0.9921641333634565,0.9715785473534001,0.0,16fef98504387379c3a55f748a1f3eb0ed650c3608bfd9f08f299be25df6bcfa,1a441380ef2b21054589f69582268bcb00e0bd09504f66c0460ae9c2a7f17717,6bc6b9a04ace64f7aa4162215353ddc1c68f0b5ffed96483f277c4d385cffb6a,b559b37d534b7910bec7f3d1c3806c79e74bad7a041f68c1ee54fed978644f53,7198961fbe99d8028bf6b8d21067f3ba63ae93c213f4fcdced7f0662052bd5aa
Lunacek,2,44556,matching,matching_Lunacek_2_44556,matching_Lunacek_2_44556::region_0,"[0.22990467035437087, -0.47197349049691933]","[2.0231762375785305, 2.2012902734308115]","[1.8621111918643656, 2.0261335078140115]","[0.22990467035437087, -0.47197349049691933]",8.047578077185571,0.4,0.1783776451437873,0.4821272897917408,0.08600073061260705,96,48,0.9920124290244219,0.8261432027146792,0.8283382910231857,0.9924018384000174,0.9731294007318568,0.0,840b9fa5a63110b1f9252bf6fead6fb73c014cf78ac48a30dd00bc513f07490e,731f73bfc9e97f4000dea3c38ec58648e11362bee218b928cdae189d70a983ab,e32b70b26e5b0b26fa7367dff9f3165a87208b392f438f32385389dba1e31f50,20d14aa321eca954c3d00f4c2342bff556d046be89bda3cb46e2f2d320f470dd,8e984b416e720c750e9df7a1f729ab06a9274fdf8afd8f62d30dac887daabd86
Lunacek,2,44556,wrong,wrong_Lunacek_2_44556,wrong_Lunacek_2_44556::region_0,"[0.13940400313242074, 0.7205645278539051]","[-1.8621111918643656, -2.0261335078140115]","[1.8621111918643656, 2.0261335078140115]","[0.13940400313242074, 0.7205645278539051]",8.496474700921926,0.4,0.3164270211611503,0.6544199129309152,0.20707614363726884,96,48,0.7204682813963803,0.3244413472346789,0.6217541286397219,0.9921989312431928,0.9755349553706234,0.0,840b9fa5a63110b1f9252bf6fead6fb73c014cf78ac48a30dd00bc513f07490e,731f73bfc9e97f4000dea3c38ec58648e11362bee218b928cdae189d70a983ab,e32b70b26e5b0b26fa7367dff9f3165a87208b392f438f32385389dba1e31f50,20d14aa321eca954c3d00f4c2342bff556d046be89bda3cb46e2f2d320f470dd,8e984b416e720c750e9df7a1f729ab06a9274fdf8afd8f62d30dac887daabd86
Lunacek,2,44556,reversed,matching_Lunacek_2_44556,matching_Lunacek_2_44556::region_0,"[0.22990467035437087, -0.47197349049691933]","[2.0231762375785305, 2.2012902734308115]","[1.8621111918643656, 2.0261335078140115]","[0.22990467035437087, -0.47197349049691933]",8.047578077185571,0.4,0.1783776451437873,0.4821272897917408,0.08600073061260705,96,48,0.05206176097587885,-0.8261432027146792,0.17166170897681432,0.9924018384000174,0.9731294007318568,0.0,840b9fa5a63110b1f9252bf6fead6fb73c014cf78ac48a30dd00bc513f07490e,731f73bfc9e97f4000dea3c38ec58648e11362bee218b928cdae189d70a983ab,e32b70b26e5b0b26fa7367dff9f3165a87208b392f438f32385389dba1e31f50,20d14aa321eca954c3d00f4c2342bff556d046be89bda3cb46e2f2d320f470dd,8e984b416e720c750e9df7a1f729ab06a9274fdf8afd8f62d30dac887daabd86
Lunacek,2,77889,matching,matching_Lunacek_2_77889,matching_Lunacek_2_77889::region_0,"[0.00965137016944744, -0.5251224910953494]","[1.5941479233929097, 2.0568827768192826]","[1.8384345313185795, 2.1049493990352746]","[0.00965137016944744, -0.5251224910953494]",7.573547934553173,0.4,0.15808464460119373,0.5117269981419756,0.08089618063410994,96,48,0.4424241478877588,-0.6244036081587188,0.2705685028248588,0.9923776873276474,0.9768355038529886,0.0,2fd797cec7db2ebb4ab9e5c398b029909abe43c0199109452d23063cb125eed8,4393f1da7e0ce613bf3ff27ef92a3777b72e4414d6927b5b3fb76418cf733043,85700a7af7ee759efc6997aa9af416651987c0ae6b464e340bfae4188933237e,9890fbf9f1ddae0ea30ceb7507d915bf20aa813290b8634049bc41c426fceb7a,802f9715d5316c32869fe9792d0ae6e430976e13b220ec27752db65017969ff9
Lunacek,2,77889,wrong,wrong_Lunacek_2_77889,wrong_Lunacek_2_77889::region_0,"[0.7374951681470298, 0.3710633135741106]","[-1.8384345313185795, -2.1049493990352746]","[1.8384345313185795, 2.1049493990352746]","[0.7374951681470298, 0.3710633135741106]",8.932403361355313,0.4,0.3616250678241997,0.6675572446027037,0.2414054338559886,96,48,0.9547844948304818,0.3035201874121558,0.6280353650586702,0.9921494913130607,0.9744551549634068,0.0,2fd797cec7db2ebb4ab9e5c398b029909abe43c0199109452d23063cb125eed8,4393f1da7e0ce613bf3ff27ef92a3777b72e4414d6927b5b3fb76418cf733043,85700a7af7ee759efc6997aa9af416651987c0ae6b464e340bfae4188933237e,9890fbf9f1ddae0ea30ceb7507d915bf20aa813290b8634049bc41c426fceb7a,802f9715d5316c32869fe9792d0ae6e430976e13b220ec27752db65017969ff9
Lunacek,2,77889,reversed,matching_Lunacek_2_77889,matching_Lunacek_2_77889::region_0,"[0.00965137016944744, -0.5251224910953494]","[1.5941479233929097, 2.0568827768192826]","[1.8384345313185795, 2.1049493990352746]","[0.00965137016944744, -0.5251224910953494]",7.573547934553173,0.4,0.15808464460119373,0.5117269981419756,0.08089618063410994,96,48,0.8223914859796722,0.6244036081587188,0.7294314971751412,0.9923776873276474,0.9768355038529886,0.0,2fd797cec7db2ebb4ab9e5c398b029909abe43c0199109452d23063cb125eed8,4393f1da7e0ce613bf3ff27ef92a3777b72e4414d6927b5b3fb76418cf733043,85700a7af7ee759efc6997aa9af416651987c0ae6b464e340bfae4188933237e,9890fbf9f1ddae0ea30ceb7507d915bf20aa813290b8634049bc41c426fceb7a,802f9715d5316c32869fe9792d0ae6e430976e13b220ec27752db65017969ff9
Lunacek,2,90909,matching,matching_Lunacek_2_90909,matching_Lunacek_2_90909::region_0,"[0.1271769715121295, -0.41411947422020395]","[2.2906313961915146, 2.365766866527357]","[2.3134470030886236, 2.3571066661572626]","[0.1271769715121295, -0.41411947422020395]",8.806355345409527,0.4,0.17118827997829625,0.3603457850911744,0.06168697514718693,96,48,0.7696870771103176,0.751264468323548,0.7709759343763581,0.9916839722288486,0.9683325772521288,0.0,f50c87c6580569e9b5ff9f54e7ca9b274ed48f64252a1e70f9cb70a38d1fed46,40f02181101e12cefdec3e04f33092826dfc3809e5399ee4180de6d3e7cc4334,33e095710ecc7fa3c3e141ac6a6613bbf671cb47c97de360c3282191376ece4b,3e33d07fb0af136716297cab2c02faa61363570ffa73f6fb6ab45254569f0b5c,743c4ed83a554b263ca14e48708e1466d3f1fc52a28eb5d63a6cdf5faf9336a0
Lunacek,2,90909,wrong,wrong_Lunacek_2_90909,wrong_Lunacek_2_90909::region_0,"[0.18441082409821608, 0.0439050246746425]","[-2.3134470030886236, -2.3571066661572626]","[2.3134470030886236, 2.3571066661572626]","[0.18441082409821608, 0.0439050246746425]",8.661751722497462,0.4,0.4094818231144873,0.7204861874306179,0.2950259975578956,96,48,0.8781072974333052,0.21099770079328883,0.5760572848761408,0.9922846508736093,0.9773683291144045,0.0,f50c87c6580569e9b5ff9f54e7ca9b274ed48f64252a1e70f9cb70a38d1fed46,40f02181101e12cefdec3e04f33092826dfc3809e5399ee4180de6d3e7cc4334,33e095710ecc7fa3c3e141ac6a6613bbf671cb47c97de360c3282191376ece4b,3e33d07fb0af136716297cab2c02faa61363570ffa73f6fb6ab45254569f0b5c,743c4ed83a554b263ca14e48708e1466d3f1fc52a28eb5d63a6cdf5faf9336a0
Lunacek,2,90909,reversed,matching_Lunacek_2_90909,matching_Lunacek_2_90909::region_0,"[0.1271769715121295, -0.41411947422020395]","[2.2906313961915146, 2.365766866527357]","[2.3134470030886236, 2.3571066661572626]","[0.1271769715121295, -0.41411947422020395]",8.806355345409527,0.4,0.17118827997829625,0.3603457850911744,0.06168697514718693,96,48,0.10582872844536365,-0.751264468323548,0.2290240656236419,0.9916839722288486,0.9683325772521288,0.0,f50c87c6580569e9b5ff9f54e7ca9b274ed48f64252a1e70f9cb70a38d1fed46,40f02181101e12cefdec3e04f33092826dfc3809e5399ee4180de6d3e7cc4334,33e095710ecc7fa3c3e141ac6a6613bbf671cb47c97de360c3282191376ece4b,3e33d07fb0af136716297cab2c02faa61363570ffa73f6fb6ab45254569f0b5c,743c4ed83a554b263ca14e48708e1466d3f1fc52a28eb5d63a6cdf5faf9336a0
Ackley,2,42,matching,matching_Ackley_2_42,matching_Ackley_2_42::region_0,"[-0.9088773698064575, -0.20709670913466494]","[-0.6157859753795016, -0.21179526205108548]","[-0.4896838499933046, -0.22797998045219825]","[-0.9088773698064575, -0.20709670913466494]",0.7328226332418619,0.4,0.8283369506239826,0.9784185541756039,0.8104602415997456,96,48,0.8514378740334759,0.8843802474529504,0.8424989389695272,0.976281327815034,0.932455803043332,0.0,d57059213d5e5f804733125ab93133bd3f6b187fbb5403cdc987db1cbb9f1343,07c70c0d6a2488426c951c147aafba353219a627f2083d541054343ce3612166,cc5aba71357a726ebb334578c5352c341c4edb79ba2dd5673e9f97a7b4d5a232,cbb55b296169547ac12563348cd7c89fe603fe6eb3f88b7cc94519ca5cd390b0,fcf28264373e7b0dba32154362c50f4ad1ca9c35791d9451851b211b76efe022
Ackley,2,42,wrong,wrong_Ackley_2_42,wrong_Ackley_2_42::region_0,"[0.42097669008489286, 0.3946695876382647]","[0.4896838499933046, 0.22797998045219825]","[-0.4896838499933046, -0.22797998045219825]","[0.42097669008489286, 0.3946695876382647]",0.4507361961733077,0.4,0.94572707542051,0.954795020703383,0.9029755025558757,96,48,0.9724918787620335,0.9689124163096386,0.9232127335940895,0.9657449437230569,0.8918434017405343,0.0,d57059213d5e5f804733125ab93133bd3f6b187fbb5403cdc987db1cbb9f1343,07c70c0d6a2488426c951c147aafba353219a627f2083d541054343ce3612166,cc5aba71357a726ebb334578c5352c341c4edb79ba2dd5673e9f97a7b4d5a232,cbb55b296169547ac12563348cd7c89fe603fe6eb3f88b7cc94519ca5cd390b0,fcf28264373e7b0dba32154362c50f4ad1ca9c35791d9451851b211b76efe022
Ackley,2,42,reversed,matching_Ackley_2_42,matching_Ackley_2_42::region_0,"[-0.9088773698064575, -0.20709670913466494]","[-0.6157859753795016, -0.21179526205108548]","[-0.4896838499933046, -0.22797998045219825]","[-0.9088773698064575, -0.20709670913466494]",0.7328226332418619,0.4,0.8283369506239826,0.9784185541756039,0.8104602415997456,96,48,0.0892578374252274,-0.8843802474529504,0.1575010610304728,0.976281327815034,0.932455803043332,0.0,d57059213d5e5f804733125ab93133bd3f6b187fbb5403cdc987db1cbb9f1343,07c70c0d6a2488426c951c147aafba353219a627f2083d541054343ce3612166,cc5aba71357a726ebb334578c5352c341c4edb79ba2dd5673e9f97a7b4d5a232,cbb55b296169547ac12563348cd7c89fe603fe6eb3f88b7cc94519ca5cd390b0,fcf28264373e7b0dba32154362c50f4ad1ca9c35791d9451851b211b76efe022
Ackley,2,101,matching,matching_Ackley_2_101,matching_Ackley_2_101::region_0,"[-0.236062156538146, 1.1424778715740354]","[-0.32600070845034423, 1.3298300958978597]","[-0.1192078075610874, 1.1483311739627406]","[-0.236062156538146, 1.1424778715740354]",0.5195538896444464,0.4,0.9326740798821939,0.9845689694397678,0.9182819576527953,96,48,0.5015246853518581,0.5083763226587648,0.957139575333924,0.9713223682904141,0.903897930568763,0.0,249de45d86d254db8e6707cdf989494a0a940670f1dd12ac512ba9c728e5e370,31284c004a4d9e357a91d04bb34bac40007090a7a8cb9b60c3a739f77dada374,ea0562bede4c16a696774de8f04ae60b93676e2ba6da5a79b3d6b406ca2531e3,90da0647ccfa54082058d6ab98e266eccac846cd68d6824c8e4e464b2be2d16e,241f3bb84ec5968ba429d400cc27841b9fdae1013c900b3efee0d68cf3695a7c
Ackley,2,101,wrong,wrong_Ackley_2_101,wrong_Ackley_2_101::region_0,"[0.12367906030099583, -1.113931560387172]","[0.1192078075610874, -1.1483311739627406]","[-0.1192078075610874, 1.1483311739627406]","[0.12367906030099583, -1.113931560387172]",0.0867224565500693,0.4,0.9361231687466088,0.9824841885716724,0.9197262118491547,96,48,0.7312936387890151,0.9102804458763576,0.9242150530423374,0.9696060453007227,0.9128515208306051,0.0,249de45d86d254db8e6707cdf989494a0a940670f1dd12ac512ba9c728e5e370,31284c004a4d9e357a91d04bb34bac40007090a7a8cb9b60c3a739f77dada374,ea0562bede4c16a696774de8f04ae60b93676e2ba6da5a79b3d6b406ca2531e3,90da0647ccfa54082058d6ab98e266eccac846cd68d6824c8e4e464b2be2d16e,241f3bb84ec5968ba429d400cc27841b9fdae1013c900b3efee0d68cf3695a7c
Ackley,2,101,reversed,matching_Ackley_2_101,matching_Ackley_2_101::region_0,"[-0.236062156538146, 1.1424778715740354]","[-0.32600070845034423, 1.3298300958978597]","[-0.1192078075610874, 1.1483311739627406]","[-0.236062156538146, 1.1424778715740354]",0.5195538896444464,0.4,0.9326740798821939,0.9845689694397678,0.9182819576527953,96,48,0.046764046611886226,-0.5083763226587648,0.04286042466607594,0.9713223682904141,0.903897930568763,0.0,249de45d86d254db8e6707cdf989494a0a940670f1dd12ac512ba9c728e5e370,31284c004a4d9e357a91d04bb34bac40007090a7a8cb9b60c3a739f77dada374,ea0562bede4c16a696774de8f04ae60b93676e2ba6da5a79b3d6b406ca2531e3,90da0647ccfa54082058d6ab98e266eccac846cd68d6824c8e4e464b2be2d16e,241f3bb84ec5968ba429d400cc27841b9fdae1013c900b3efee0d68cf3695a7c
Ackley,2,2026,matching,matching_Ackley_2_2026,matching_Ackley_2_2026::region_0,"[-0.24749106793727318, -0.47035710096262656]","[-0.2259863266471691, -0.48297333345089866]","[-0.2745695823398535, -0.7750223980105158]","[-0.24749106793727318, -0.47035710096262656]",0.06233093233662357,0.4,0.9256375474769398,0.9850719438024746,0.9118195781496645,96,48,0.919204457346281,0.9814952904261274,0.9508324634380371,0.9679075334776314,0.9093487712838794,0.0,68222e423a45060d6ed53c0ea08a7bd4c36aa21f442c66bb937393420e9950ae,219f0a9119c9f4520f3c6ea7bf9347bf01ef53ca52fac5ab80bb8e539deff831,d1798f483c2f2ad04c17a99e3d2d7a23e2c1b2af1814dd2d5bbdca1bb8d89342,529cb2ba7cc9a0cbe682c8a4ef2f9efa04c6405c27f15c9767a5b89897d01af5,bc03a7f86757b3d2ba90aded45288c96aa387382974494472f961fcfd935aed0
Ackley,2,2026,wrong,wrong_Ackley_2_2026,wrong_Ackley_2_2026::region_0,"[0.17381353573392447, 0.850215730111959]","[0.2745695823398535, 0.7750223980105158]","[-0.2745695823398535, -0.7750223980105158]","[0.17381353573392447, 0.850215730111959]",0.31430298002260165,0.4,0.9285874158339996,0.9506877073245265,0.8827966414096318,96,48,0.4587409065027377,0.12369940348528397,0.9960809928151535,0.9621924217821953,0.869668465691429,0.0,68222e423a45060d6ed53c0ea08a7bd4c36aa21f442c66bb937393420e9950ae,219f0a9119c9f4520f3c6ea7bf9347bf01ef53ca52fac5ab80bb8e539deff831,d1798f483c2f2ad04c17a99e3d2d7a23e2c1b2af1814dd2d5bbdca1bb8d89342,529cb2ba7cc9a0cbe682c8a4ef2f9efa04c6405c27f15c9767a5b89897d01af5,bc03a7f86757b3d2ba90aded45288c96aa387382974494472f961fcfd935aed0
Ackley,2,2026,reversed,matching_Ackley_2_2026,matching_Ackley_2_2026::region_0,"[-0.24749106793727318, -0.47035710096262656]","[-0.2259863266471691, -0.48297333345089866]","[-0.2745695823398535, -0.7750223980105158]","[-0.24749106793727318, -0.47035710096262656]",0.06233093233662357,0.4,0.9256375474769398,0.9850719438024746,0.9118195781496645,96,48,0.032965824411364766,-0.9814952904261274,0.049167536561962905,0.9679075334776314,0.9093487712838794,0.0,68222e423a45060d6ed53c0ea08a7bd4c36aa21f442c66bb937393420e9950ae,219f0a9119c9f4520f3c6ea7bf9347bf01ef53ca52fac5ab80bb8e539deff831,d1798f483c2f2ad04c17a99e3d2d7a23e2c1b2af1814dd2d5bbdca1bb8d89342,529cb2ba7cc9a0cbe682c8a4ef2f9efa04c6405c27f15c9767a5b89897d01af5,bc03a7f86757b3d2ba90aded45288c96aa387382974494472f961fcfd935aed0
Ackley,2,777,matching,matching_Ackley_2_777,matching_Ackley_2_777::region_0,"[-0.7507137900862637, 0.949910746555779]","[-0.8014665383008613, 1.0755823522967929]","[-0.5813775346660401, 1.1803453128371617]","[-0.7507137900862637, 0.949910746555779]",0.33883249863371995,0.4,0.9182749534607655,0.9862146198794874,0.9056161841721628,96,48,0.4623304852339645,0.08827333348424837,1.0,0.964040966883686,0.8824226525635087,0.0,78357a568c311526a91be42d16f6a9bab7cd8820c1d4fada4625819c3a1adf32,25aabc336eed343b2672f38cf94ce248ef41a9310520bbd9d2893266fe455aac,fa0a98c1c5199c6e0b5fb1c7bc875ac781e751fcc7ad6de75aaca5f37b0a8106,04e98df0561941ce1e174cbb57535fe2959fc9dfff1c4f3548bc567b858e7f4e,b1f30af87866adcccf775acbb66278f1d682fb2c37f7d9c802b219cfe75d2b91
Ackley,2,777,wrong,wrong_Ackley_2_777,wrong_Ackley_2_777::region_0,"[0.5574102587420251, -1.3266155863790596]","[0.5813775346660401, -1.1803453128371617]","[-0.5813775346660401, 1.1803453128371617]","[0.5574102587420251, -1.3266155863790596]",0.3705521491406398,0.4,0.9248200109250511,0.9877681402370467,0.913507742245443,96,48,0.9208046040236725,0.9518904141787967,0.9114018027061506,0.9706629241950216,0.9071068265025055,0.0,78357a568c311526a91be42d16f6a9bab7cd8820c1d4fada4625819c3a1adf32,25aabc336eed343b2672f38cf94ce248ef41a9310520bbd9d2893266fe455aac,fa0a98c1c5199c6e0b5fb1c7bc875ac781e751fcc7ad6de75aaca5f37b0a8106,04e98df0561941ce1e174cbb57535fe2959fc9dfff1c4f3548bc567b858e7f4e,b1f30af87866adcccf775acbb66278f1d682fb2c37f7d9c802b219cfe75d2b91
Ackley,2,777,reversed,matching_Ackley_2_777,matching_Ackley_2_777::region_0,"[-0.7507137900862637, 0.949910746555779]","[-0.8014665383008613, 1.0755823522967929]","[-0.5813775346660401, 1.1803453128371617]","[-0.7507137900862637, 0.949910746555779]",0.33883249863371995,0.4,0.9182749534607655,0.9862146198794874,0.9056161841721628,96,48,0.42359803773354693,-0.08827333348424837,0.0,0.964040966883686,0.8824226525635087,0.0,78357a568c311526a91be42d16f6a9bab7cd8820c1d4fada4625819c3a1adf32,25aabc336eed343b2672f38cf94ce248ef41a9310520bbd9d2893266fe455aac,fa0a98c1c5199c6e0b5fb1c7bc875ac781e751fcc7ad6de75aaca5f37b0a8106,04e98df0561941ce1e174cbb57535fe2959fc9dfff1c4f3548bc567b858e7f4e,b1f30af87866adcccf775acbb66278f1d682fb2c37f7d9c802b219cfe75d2b91
Ackley,2,999,matching,matching_Ackley_2_999,matching_Ackley_2_999::region_0,"[0.8309684999654013, -0.8325072186779331]","[0.863113331941257, -0.8190073926001055]","[0.961607875099235, -0.5974963039798824]","[0.8309684999654013, -0.8325072186779331]",0.08716132768061417,0.4,0.9136597938144331,0.9542327923244904,0.8718441362861646,96,48,0.6926191891038025,0.7520933031998775,0.8318530297741406,0.9754437590993636,0.9263877494109521,0.0,e9713b6532c72ddf2bb3a5a1aef5d3f5aed7bfa9d5729476c6ffab7f9708ea99,852c1693cddd793169cc55a748c57238419c15a0a7cf144f3525d50021392923,c56018d810830bb71b2cbefe2ff8917c11c39c464e15fc116679ad511fc5300c,5558e7bafad91524744e0b778a141d03f6e33f2f87281f646c7a32aff9d80fd3,a9018b2ab82ac9f423eb9501edadfb8a193be02c59bd667c762c6fba50598f30
Ackley,2,999,wrong,wrong_Ackley_2_999,wrong_Ackley_2_999::region_0,"[-0.8068585339697175, 0.7227350626468039]","[-0.961607875099235, 0.5974963039798824]","[0.961607875099235, -0.5974963039798824]","[-0.8068585339697175, 0.7227350626468039]",0.4976953463996019,0.4,0.9273023850514021,0.9710323582438577,0.9004406217616168,96,48,0.47148207893998684,0.06245934958919547,1.0,0.9692447189362147,0.9127244426785588,0.0,e9713b6532c72ddf2bb3a5a1aef5d3f5aed7bfa9d5729476c6ffab7f9708ea99,852c1693cddd793169cc55a748c57238419c15a0a7cf144f3525d50021392923,c56018d810830bb71b2cbefe2ff8917c11c39c464e15fc116679ad511fc5300c,5558e7bafad91524744e0b778a141d03f6e33f2f87281f646c7a32aff9d80fd3,a9018b2ab82ac9f423eb9501edadfb8a193be02c59bd667c762c6fba50598f30
Ackley,2,999,reversed,matching_Ackley_2_999,matching_Ackley_2_999::region_0,"[0.8309684999654013, -0.8325072186779331]","[0.863113331941257, -0.8190073926001055]","[0.961607875099235, -0.5974963039798824]","[0.8309684999654013, -0.8325072186779331]",0.08716132768061417,0.4,0.9136597938144331,0.9542327923244904,0.8718441362861646,96,48,0.07278180491890124,-0.7520933031998775,0.16814697022585942,0.9754437590993636,0.9263877494109521,0.0,e9713b6532c72ddf2bb3a5a1aef5d3f5aed7bfa9d5729476c6ffab7f9708ea99,852c1693cddd793169cc55a748c57238419c15a0a7cf144f3525d50021392923,c56018d810830bb71b2cbefe2ff8917c11c39c464e15fc116679ad511fc5300c,5558e7bafad91524744e0b778a141d03f6e33f2f87281f646c7a32aff9d80fd3,a9018b2ab82ac9f423eb9501edadfb8a193be02c59bd667c762c6fba50598f30
Ackley,2,1234,matching,matching_Ackley_2_1234,matching_Ackley_2_1234::region_0,"[1.1875558157822321, -0.4287068290674368]","[1.0747394187822676, -0.7741329117460971]","[1.0668699505632244, -0.6182955410674493]","[1.1875558157822321, -0.4287068290674368]",0.9084558259306635,0.4,0.931209072201069,0.9797836746576786,0.9123834466357309,96,48,0.9680024780603093,0.8573822146643993,0.8353840721425467,0.9683265012838065,0.9017294394696261,0.0,a879086c2bd44e040a2242aaedee000cd4da14440c3615ff0340bcf5d9569e9b,641f0ea1bb72e65f1ca52324ded45bac496d553dfad27f351e147a82ff91c5ee,55b8ddb35e94c7428173440018f82291a7896e22faf4f66b6bb1a9517901e1f2,8526ce121c12fd185982f839eb40a89b191e5be998330d6f9cd9535d4279f81d,85a7f2febf9404c397661890fc9b41839477825d2195c27c32d4a7348c8595d3
Ackley,2,1234,wrong,wrong_Ackley_2_1234,wrong_Ackley_2_1234::region_0,"[-1.1706642735891473, 0.49139942428459066]","[-1.0668699505632244, 0.6182955410674493]","[1.0668699505632244, -0.6182955410674493]","[-1.1706642735891473, 0.49139942428459066]",0.4098466629955839,0.4,0.8829354313619099,0.9332578676323829,0.8240064379298943,96,48,0.7835999948538137,0.8404203843576565,0.8480461854808313,0.9711213372486949,0.9130123637351266,0.0,a879086c2bd44e040a2242aaedee000cd4da14440c3615ff0340bcf5d9569e9b,641f0ea1bb72e65f1ca52324ded45bac496d553dfad27f351e147a82ff91c5ee,55b8ddb35e94c7428173440018f82291a7896e22faf4f66b6bb1a9517901e1f2,8526ce121c12fd185982f839eb40a89b191e5be998330d6f9cd9535d4279f81d,85a7f2febf9404c397661890fc9b41839477825d2195c27c32d4a7348c8595d3
Ackley,2,1234,reversed,matching_Ackley_2_1234,matching_Ackley_2_1234::region_0,"[1.1875558157822321, -0.4287068290674368]","[1.0747394187822676, -0.7741329117460971]","[1.0668699505632244, -0.6182955410674493]","[1.1875558157822321, -0.4287068290674368]",0.9084558259306635,0.4,0.931209072201069,0.9797836746576786,0.9123834466357309,96,48,0.10488913787057569,-0.8573822146643993,0.16461592785745327,0.9683265012838065,0.9017294394696261,0.0,a879086c2bd44e040a2242aaedee000cd4da14440c3615ff0340bcf5d9569e9b,641f0ea1bb72e65f1ca52324ded45bac496d553dfad27f351e147a82ff91c5ee,55b8ddb35e94c7428173440018f82291a7896e22faf4f66b6bb1a9517901e1f2,8526ce121c12fd185982f839eb40a89b191e5be998330d6f9cd9535d4279f81d,85a7f2febf9404c397661890fc9b41839477825d2195c27c32d4a7348c8595d3
Ackley,2,5678,matching,matching_Ackley_2_5678,matching_Ackley_2_5678::region_0,"[-0.5568464744900444, 0.010203610809295263]","[-0.5856379291649978, -0.4455301696909463]","[-0.6584575842381748, -0.5958484780899614]","[-0.5568464744900444, 0.010203610809295263]",1.1416058496459665,0.4,0.939354786205843,0.9726438235196193,0.9136576308967057,96,48,0.9654199439222358,0.8289968187490145,0.8296562635810517,0.9658994773264802,0.9035687168340552,0.0,48d434f76f39571500e54eaa77740f6eb88f8d2983dd658886aad36e4ae0c3e0,3de17068d4c70afd0ce600af26eec452e1a8ed4f993494d11004c3e079e11653,a556c30569f64e009ee96b43f541346a7725f5c240c759aa97f554a682d77db1,7ad8509d100e9b214b0afc751b86884d96a36c750f2c2d715659e3f33f5b4b81,045975dc1fda6877d257cf4653af8e31580093b27ca9543b946205d4b34e09c4
Ackley,2,5678,wrong,wrong_Ackley_2_5678,wrong_Ackley_2_5678::region_0,"[0.9196181291630096, 0.6086698328808527]","[0.6584575842381748, 0.5958484780899614]","[-0.6584575842381748, -0.5958484780899614]","[0.9196181291630096, 0.6086698328808527]",0.6536876995367825,0.4,0.9144725241281408,0.9887416635215288,0.9041770847511894,96,48,0.6435411942073925,0.8251199740354784,0.9282431204886779,0.9645617757406202,0.8881372361670343,0.0,48d434f76f39571500e54eaa77740f6eb88f8d2983dd658886aad36e4ae0c3e0,3de17068d4c70afd0ce600af26eec452e1a8ed4f993494d11004c3e079e11653,a556c30569f64e009ee96b43f541346a7725f5c240c759aa97f554a682d77db1,7ad8509d100e9b214b0afc751b86884d96a36c750f2c2d715659e3f33f5b4b81,045975dc1fda6877d257cf4653af8e31580093b27ca9543b946205d4b34e09c4
Ackley,2,5678,reversed,matching_Ackley_2_5678,matching_Ackley_2_5678::region_0,"[-0.5568464744900444, 0.010203610809295263]","[-0.5856379291649978, -0.4455301696909463]","[-0.6584575842381748, -0.5958484780899614]","[-0.5568464744900444, 0.010203610809295263]",1.1416058496459665,0.4,0.939354786205843,0.9726438235196193,0.9136576308967057,96,48,0.17115886497269342,-0.8289968187490145,0.1703437364189483,0.9658994773264802,0.9035687168340552,0.0,48d434f76f39571500e54eaa77740f6eb88f8d2983dd658886aad36e4ae0c3e0,3de17068d4c70afd0ce600af26eec452e1a8ed4f993494d11004c3e079e11653,a556c30569f64e009ee96b43f541346a7725f5c240c759aa97f554a682d77db1,7ad8509d100e9b214b0afc751b86884d96a36c750f2c2d715659e3f33f5b4b81,045975dc1fda6877d257cf4653af8e31580093b27ca9543b946205d4b34e09c4
Ackley,2,8888,matching,matching_Ackley_2_8888,matching_Ackley_2_8888::region_0,"[0.08811474879702046, 0.12976397159567046]","[-0.08533142258488965, 0.1308561703757533]","[0.10707189607915657, 0.14125269320031308]","[0.08811474879702046, 0.12976397159567046]",0.43362402540405137,0.4,0.9303341370581747,0.9874802647415016,0.9186865999602628,96,48,0.9522538650877043,0.9653845306134212,0.9172336755758366,0.9621123927940936,0.8772031451147723,0.0,3e76d77afc3418e71dffa29d93bd522988d560fec84352727f80587829a80029,356dfe993ace3d8bf1185c94ea42b5a7899919bf0cff3c7e477a6f9069a9bec4,e962748ec577be7d421146b19081fe037837b08f62b8cf6f6675d12dfeb7c93d,51e96092bc4368d8a2196e9583f201c9357a42eda65402f8a073c63469a10778,aa23dfd434be9c49aa5f5156dbf7c4694a03384f4af5ac51f104faa495b531cf
Ackley,2,8888,wrong,wrong_Ackley_2_8888,wrong_Ackley_2_8888::region_0,"[-0.00923188256149407, -0.036259742475144734]","[-0.10707189607915657, -0.14125269320031308]","[0.10707189607915657, 0.14125269320031308]","[-0.00923188256149407, -0.036259742475144734]",0.3587843010354028,0.4,0.9427563754747693,0.9672905744551343,0.9119193560042299,96,48,0.8161970175725135,0.6711987140643867,0.7443004266188419,0.9693968553445466,0.9064441290772568,0.0,3e76d77afc3418e71dffa29d93bd522988d560fec84352727f80587829a80029,356dfe993ace3d8bf1185c94ea42b5a7899919bf0cff3c7e477a6f9069a9bec4,e962748ec577be7d421146b19081fe037837b08f62b8cf6f6675d12dfeb7c93d,51e96092bc4368d8a2196e9583f201c9357a42eda65402f8a073c63469a10778,aa23dfd434be9c49aa5f5156dbf7c4694a03384f4af5ac51f104faa495b531cf
Ackley,2,8888,reversed,matching_Ackley_2_8888,matching_Ackley_2_8888::region_0,"[0.08811474879702046, 0.12976397159567046]","[-0.08533142258488965, 0.1308561703757533]","[0.10707189607915657, 0.14125269320031308]","[0.08811474879702046, 0.12976397159567046]",0.43362402540405137,0.4,0.9303341370581747,0.9874802647415016,0.9186865999602628,96,48,0.043039203730608176,-0.9653845306134212,0.0827663244241634,0.9621123927940936,0.8772031451147723,0.0,3e76d77afc3418e71dffa29d93bd522988d560fec84352727f80587829a80029,356dfe993ace3d8bf1185c94ea42b5a7899919bf0cff3c7e477a6f9069a9bec4,e962748ec577be7d421146b19081fe037837b08f62b8cf6f6675d12dfeb7c93d,51e96092bc4368d8a2196e9583f201c9357a42eda65402f8a073c63469a10778,aa23dfd434be9c49aa5f5156dbf7c4694a03384f4af5ac51f104faa495b531cf
Ackley,2,31415,matching,matching_Ackley_2_31415,matching_Ackley_2_31415::region_0,"[-0.17851881626424612, -0.19618933421049803]","[0.039551374685670965, -0.4222965732271818]","[0.11612211493040969, -0.5620893168936567]","[-0.17851881626424612, -0.19618933421049803]",0.7853307094652906,0.4,0.9047057068888098,0.9537819521840499,0.8628919752684598,96,48,0.8384007338639706,0.9428470349291295,0.9200501131647731,0.9659941220544936,0.9006703407076706,0.0,3b2cb19d52b063cdf8d5de02de5dcf7f8473019d73813905846ed1ef545d9930,2575ada24521d09000ede85ab7adf173420903750191364d96eb00a788514a92,e02085ca2d7b54025bfa9b2fd36858c0a2f5bb797c2927c62f10a66528e8e2df,2209dae061497fc155b75615959238ddb75bb64268766978ea826055acab900a,03ab97fabf911433eaef00fa225d0e4ca9797b819a0f7be88cb8797679d7c6ee
Ackley,2,31415,wrong,wrong_Ackley_2_31415,wrong_Ackley_2_31415::region_0,"[-0.14049947339259802, 0.5760959597802898]","[-0.11612211493040969, 0.5620893168936567]","[0.11612211493040969, -0.5620893168936567]","[-0.14049947339259802, 0.5760959597802898]",0.07028698539504374,0.4,0.9426342919153555,0.9907649227917783,0.9339289914503999,96,48,0.5125608773760969,0.45366793341801614,0.9385964912280702,0.9683372324433562,0.9023076323003449,0.0,3b2cb19d52b063cdf8d5de02de5dcf7f8473019d73813905846ed1ef545d9930,2575ada24521d09000ede85ab7adf173420903750191364d96eb00a788514a92,e02085ca2d7b54025bfa9b2fd36858c0a2f5bb797c2927c62f10a66528e8e2df,2209dae061497fc155b75615959238ddb75bb64268766978ea826055acab900a,03ab97fabf911433eaef00fa225d0e4ca9797b819a0f7be88cb8797679d7c6ee
Ackley,2,31415,reversed,matching_Ackley_2_31415,matching_Ackley_2_31415::region_0,"[-0.17851881626424612, -0.19618933421049803]","[0.039551374685670965, -0.4222965732271818]","[0.11612211493040969, -0.5620893168936567]","[-0.17851881626424612, -0.19618933421049803]",0.7853307094652906,0.4,0.9047057068888098,0.9537819521840499,0.8628919752684598,96,48,0.04882412345071968,-0.9428470349291295,0.07994988683522687,0.9659941220544936,0.9006703407076706,0.0,3b2cb19d52b063cdf8d5de02de5dcf7f8473019d73813905846ed1ef545d9930,2575ada24521d09000ede85ab7adf173420903750191364d96eb00a788514a92,e02085ca2d7b54025bfa9b2fd36858c0a2f5bb797c2927c62f10a66528e8e2df,2209dae061497fc155b75615959238ddb75bb64268766978ea826055acab900a,03ab97fabf911433eaef00fa225d0e4ca9797b819a0f7be88cb8797679d7c6ee
Ackley,2,27182,matching,matching_Ackley_2_27182,matching_Ackley_2_27182::region_0,"[-0.4139254744850502, -1.2533636931136987]","[-0.7463622699034941, -1.4568631026281014]","[-0.9061098531590759, -1.0675250981651057]","[-0.4139254744850502, -1.2533636931136987]",0.9744428941092279,0.4,0.9441128594682584,0.9934616951856763,0.9379399618139321,96,39,0.9701967224940771,0.9379359623565034,0.9009601803563668,0.9521844607372041,0.8248454502219873,0.0,2f3d644662183667eb0b265976392867b5b06784570c60122fa637ea75cfdeb5,5019dee35509c40445fbf395764d88763cc792f373ebfb90303f392b4edcd1e4,a6d0572bb24a1d69b48cb04fa6250a9702e7272960cf3ef24f14482e029edb9b,3ac830bb44d14b2376d5b1e0f4c40bc7951e00bf263a2e4b2edfe6fc8d86407c,c5f93dd60ae2cd667e7233ec4c67465da00100dcfac036c097cc0396328227a1
Ackley,2,27182,wrong,wrong_Ackley_2_27182,wrong_Ackley_2_27182::region_0,"[0.884784274314821, 1.0424874124642232]","[0.9061098531590759, 1.0675250981651057]","[-0.9061098531590759, -1.0675250981651057]","[0.884784274314821, 1.0424874124642232]",0.08222172835915652,0.4,0.894262072707542,0.9761936107742752,0.8729729217348629,96,48,0.4908982684382688,0.36286169905742177,0.9623534789564763,0.9725356220078816,0.9177329102750938,0.0,2f3d644662183667eb0b265976392867b5b06784570c60122fa637ea75cfdeb5,5019dee35509c40445fbf395764d88763cc792f373ebfb90303f392b4edcd1e4,a6d0572bb24a1d69b48cb04fa6250a9702e7272960cf3ef24f14482e029edb9b,3ac830bb44d14b2376d5b1e0f4c40bc7951e00bf263a2e4b2edfe6fc8d86407c,c5f93dd60ae2cd667e7233ec4c67465da00100dcfac036c097cc0396328227a1
Ackley,2,27182,reversed,matching_Ackley_2_27182,matching_Ackley_2_27182::region_0,"[-0.4139254744850502, -1.2533636931136987]","[-0.7463622699034941, -1.4568631026281014]","[-0.9061098531590759, -1.0675250981651057]","[-0.4139254744850502, -1.2533636931136987]",0.9744428941092279,0.4,0.9441128594682584,0.9934616951856763,0.9379399618139321,96,39,0.0818350559164112,-0.9379359623565034,0.0990398196436332,0.9521844607372041,0.8248454502219873,0.0,2f3d644662183667eb0b265976392867b5b06784570c60122fa637ea75cfdeb5,5019dee35509c40445fbf395764d88763cc792f373ebfb90303f392b4edcd1e4,a6d0572bb24a1d69b48cb04fa6250a9702e7272960cf3ef24f14482e029edb9b,3ac830bb44d14b2376d5b1e0f4c40bc7951e00bf263a2e4b2edfe6fc8d86407c,c5f93dd60ae2cd667e7233ec4c67465da00100dcfac036c097cc0396328227a1
Ackley,2,13579,matching,matching_Ackley_2_13579,matching_Ackley_2_13579::region_0,"[-0.24980057626334343, -0.2220632351780286]","[-0.15143763291258366, -0.055199163618163405]","[0.16581329707465642, -0.3785301968311905]","[-0.24980057626334343, -0.2220632351780286]",0.4842448180037693,0.4,0.9398566869854879,0.9847473698616944,0.9255214005558849,96,48,0.9602191968189552,0.9675454808052585,0.923559050412864,0.9654446459311978,0.9022355563635146,0.0,806bdbff652002b17fe8ff02106abfe6af5f72b7c3e7b5a6d8b079a836bf1b3a,7ca2c947492ef7912f2cb096372520603022d427c3b896c744b41ae74cbbd786,d638db4061941652e22187c3144b5d97713410b0fe1b5c726b981dcee09333f1,a202cc0a5145f5c6295d2bf19faf237d04416ee9468bfd5d792f7cfdac77bbfa,d0f00d6e89fbf4bb890f4724a5a1b345b799c575f8d1632d5bdde2d3564c06cc
Ackley,2,13579,wrong,wrong_Ackley_2_13579,wrong_Ackley_2_13579::region_0,"[-0.05474462291636578, 0.35275337688730285]","[-0.16581329707465642, 0.3785301968311905]","[0.16581329707465642, -0.3785301968311905]","[-0.05474462291636578, 0.35275337688730285]",0.28505147370365563,0.4,0.9120591427021162,0.9807757861201848,0.8945255226717698,96,48,0.779617638464518,0.7978551934224335,0.8157934050412864,0.9711489449550599,0.9197490579942893,0.0,806bdbff652002b17fe8ff02106abfe6af5f72b7c3e7b5a6d8b079a836bf1b3a,7ca2c947492ef7912f2cb096372520603022d427c3b896c744b41ae74cbbd786,d638db4061941652e22187c3144b5d97713410b0fe1b5c726b981dcee09333f1,a202cc0a5145f5c6295d2bf19faf237d04416ee9468bfd5d792f7cfdac77bbfa,d0f00d6e89fbf4bb890f4724a5a1b345b799c575f8d1632d5bdde2d3564c06cc
Ackley,2,13579,reversed,matching_Ackley_2_13579,matching_Ackley_2_13579::region_0,"[-0.24980057626334343, -0.2220632351780286]","[-0.15143763291258366, -0.055199163618163405]","[0.16581329707465642, -0.3785301968311905]","[-0.24980057626334343, -0.2220632351780286]",0.4842448180037693,0.4,0.9398566869854879,0.9847473698616944,0.9255214005558849,96,48,0.038034072571440675,-0.9675454808052585,0.07644094958713603,0.9654446459311978,0.9022355563635146,0.0,806bdbff652002b17fe8ff02106abfe6af5f72b7c3e7b5a6d8b079a836bf1b3a,7ca2c947492ef7912f2cb096372520603022d427c3b896c744b41ae74cbbd786,d638db4061941652e22187c3144b5d97713410b0fe1b5c726b981dcee09333f1,a202cc0a5145f5c6295d2bf19faf237d04416ee9468bfd5d792f7cfdac77bbfa,d0f00d6e89fbf4bb890f4724a5a1b345b799c575f8d1632d5bdde2d3564c06cc
Ackley,2,24680,matching,matching_Ackley_2_24680,matching_Ackley_2_24680::region_0,"[-0.33961442157854255, -0.381544468246417]","[-0.3107984367776503, -0.5692551352748256]","[-0.2719590440661305, -0.6294044126171671]","[-0.33961442157854255, -0.381544468246417]",0.4747739955514053,0.4,0.8939192007620609,0.9847807618993552,0.8803144316029249,96,48,0.4729135111896079,0.06245934958919547,1.0,0.9691646716771793,0.8883707043566806,0.0,694636167a897c0b057b4444feec2794415ffa6df37ffd374dc6b632d5bdfeaa,cec2709222b8d17d0754c75d06e72801f01cb8daf6e61c2312d4e45f6a447e5d,485a66faa45e78ea47d6aa38ffc895f75b7d91483c8647298f1825366dacd2db,7e0269d3305802ecd4cd65d8ec59093e5f6b61b3c8dbdfc93adacfbc1f90797c,76e2c354131cc0ec721fbec51e6ad548c131ab223c57e238cd6c983391e418ec
Ackley,2,24680,wrong,wrong_Ackley_2_24680,wrong_Ackley_2_24680::region_0,"[0.2212232239892311, 0.5652902382915475]","[0.2719590440661305, 0.6294044126171671]","[-0.2719590440661305, -0.6294044126171671]","[0.2212232239892311, 0.5652902382915475]",0.20440081317615036,0.4,0.8715002712967986,0.9639467751015205,0.8400798760166492,96,48,0.5334033575668613,0.5212885673938142,0.8605675793929404,0.9718645351840683,0.915865206941269,0.0,694636167a897c0b057b4444feec2794415ffa6df37ffd374dc6b632d5bdfeaa,cec2709222b8d17d0754c75d06e72801f01cb8daf6e61c2312d4e45f6a447e5d,485a66faa45e78ea47d6aa38ffc895f75b7d91483c8647298f1825366dacd2db,7e0269d3305802ecd4cd65d8ec59093e5f6b61b3c8dbdfc93adacfbc1f90797c,76e2c354131cc0ec721fbec51e6ad548c131ab223c57e238cd6c983391e418ec
Ackley,2,24680,reversed,matching_Ackley_2_24680,matching_Ackley_2_24680::region_0,"[-0.33961442157854255, -0.381544468246417]","[-0.3107984367776503, -0.5692551352748256]","[-0.2719590440661305, -0.6294044126171671]","[-0.33961442157854255, -0.381544468246417]",0.4747739955514053,0.4,0.8939192007620609,0.9847807618993552,0.8803144316029249,96,48,0.44437807791832273,-0.06245934958919547,0.0,0.9691646716771793,0.8883707043566806,0.0,694636167a897c0b057b4444feec2794415ffa6df37ffd374dc6b632d5bdfeaa,cec2709222b8d17d0754c75d06e72801f01cb8daf6e61c2312d4e45f6a447e5d,485a66faa45e78ea47d6aa38ffc895f75b7d91483c8647298f1825366dacd2db,7e0269d3305802ecd4cd65d8ec59093e5f6b61b3c8dbdfc93adacfbc1f90797c,76e2c354131cc0ec721fbec51e6ad548c131ab223c57e238cd6c983391e418ec
Ackley,2,11235,matching,matching_Ackley_2_11235,matching_Ackley_2_11235::region_0,"[0.44651370444367977, 0.41420485951352815]","[0.5732691475773595, 0.48668173309482204]","[0.5423719229136004, 0.7916947039613451]","[0.44651370444367977, 0.41420485951352815]",0.36503287153466024,0.4,0.9110689093868694,0.9615010257476192,0.8759936909022397,96,48,0.7493570226896558,0.6510820485809033,0.7294550664996112,0.9625857102383203,0.8873429055063614,0.0,d8a96ebfc92e54f2f80317c36560e7a5034ba92764a496e387d0ecc8d7d10850,90fbd72366a7bd8e87d984b98aae85f3260ed27e10223b36530a11ab6906da50,da2d0093309aace3d2eb0c05b736787edcb7f7c13283405bb521ee45045af2ea,fa7e6753fe7bc15bfb210e872388ea5027f70f473afbd28cb2e5a7a720541dba,9e60e97b3c9376a3c5e9c43226b4c68a30e9d2689a61c7253c6ec5077fe38ce4
Ackley,2,11235,wrong,wrong_Ackley_2_11235,wrong_Ackley_2_11235::region_0,"[-0.29375785817672506, -0.490790381852869]","[-0.5423719229136004, -0.7916947039613451]","[0.5423719229136004, 0.7916947039613451]","[-0.29375785817672506, -0.490790381852869]",0.9758085245341193,0.4,0.8480602278893108,0.975135365409606,0.8269735202121968,96,48,0.981860211764065,0.9514425846770578,0.9157918431661448,0.9713643086762659,0.91909643871053,0.0,d8a96ebfc92e54f2f80317c36560e7a5034ba92764a496e387d0ecc8d7d10850,90fbd72366a7bd8e87d984b98aae85f3260ed27e10223b36530a11ab6906da50,da2d0093309aace3d2eb0c05b736787edcb7f7c13283405bb521ee45045af2ea,fa7e6753fe7bc15bfb210e872388ea5027f70f473afbd28cb2e5a7a720541dba,9e60e97b3c9376a3c5e9c43226b4c68a30e9d2689a61c7253c6ec5077fe38ce4
Ackley,2,11235,reversed,matching_Ackley_2_11235,matching_Ackley_2_11235::region_0,"[0.44651370444367977, 0.41420485951352815]","[0.5732691475773595, 0.48668173309482204]","[0.5423719229136004, 0.7916947039613451]","[0.44651370444367977, 0.41420485951352815]",0.36503287153466024,0.4,0.9110689093868694,0.9615010257476192,0.8759936909022397,96,48,0.1388016101143,-0.6510820485809033,0.2705449335003888,0.9625857102383203,0.8873429055063614,0.0,d8a96ebfc92e54f2f80317c36560e7a5034ba92764a496e387d0ecc8d7d10850,90fbd72366a7bd8e87d984b98aae85f3260ed27e10223b36530a11ab6906da50,da2d0093309aace3d2eb0c05b736787edcb7f7c13283405bb521ee45045af2ea,fa7e6753fe7bc15bfb210e872388ea5027f70f473afbd28cb2e5a7a720541dba,9e60e97b3c9376a3c5e9c43226b4c68a30e9d2689a61c7253c6ec5077fe38ce4
Ackley,2,44556,matching,matching_Ackley_2_44556,matching_Ackley_2_44556::region_0,"[-0.6953136437651523, 0.2107940652557303]","[-0.6508923509785016, 0.029712746233939345]","[-0.6568254447096847, 0.02686007498723164]","[-0.6953136437651523, 0.2107940652557303]",0.4661256224956219,0.4,0.9249556597844146,0.9837136379728798,0.9098914970501318,96,48,0.7192333878412938,0.825302510944111,0.8581424443837693,0.9628910233673533,0.8900613763575785,0.0,1f65ae978549fca19f18b0412242a86746a095644d38a3d5b20d5b574696c145,96e78d654466af2e2ccc0aa9789a29fd6ed7dd6a387ead2a66198cbcc75511da,83c9f906c0cef7960cffe56cb83b8141bc879c27b2a72a24043cf687ee4e7e6b,d9051f50cc7db2f02a16d36888809d4529e3a9a1d99edeaeeda4ce61513c41fd,1e2ab7e7f50985f6d7a201e846430065326e3c001b4745f8e12f35a49d7e88fa
Ackley,2,44556,wrong,wrong_Ackley_2_44556,wrong_Ackley_2_44556::region_0,"[0.6470086777387806, 0.0323079487999883]","[0.6568254447096847, -0.02686007498723164]","[-0.6568254447096847, 0.02686007498723164]","[0.6470086777387806, 0.0323079487999883]",0.14994215452646353,0.4,0.8780385241454152,0.9917936078145322,0.8708329956623285,96,48,0.5609802539689832,0.6129422691918746,0.8764975642266618,0.9705763981533773,0.9100428320563226,0.0,1f65ae978549fca19f18b0412242a86746a095644d38a3d5b20d5b574696c145,96e78d654466af2e2ccc0aa9789a29fd6ed7dd6a387ead2a66198cbcc75511da,83c9f906c0cef7960cffe56cb83b8141bc879c27b2a72a24043cf687ee4e7e6b,d9051f50cc7db2f02a16d36888809d4529e3a9a1d99edeaeeda4ce61513c41fd,1e2ab7e7f50985f6d7a201e846430065326e3c001b4745f8e12f35a49d7e88fa
Ackley,2,44556,reversed,matching_Ackley_2_44556,matching_Ackley_2_44556::region_0,"[-0.6953136437651523, 0.2107940652557303]","[-0.6508923509785016, 0.029712746233939345]","[-0.6568254447096847, 0.02686007498723164]","[-0.6953136437651523, 0.2107940652557303]",0.4661256224956219,0.4,0.9249556597844146,0.9837136379728798,0.9098914970501318,96,48,0.0584535083861753,-0.825302510944111,0.1418575556162307,0.9628910233673533,0.8900613763575785,0.0,1f65ae978549fca19f18b0412242a86746a095644d38a3d5b20d5b574696c145,96e78d654466af2e2ccc0aa9789a29fd6ed7dd6a387ead2a66198cbcc75511da,83c9f906c0cef7960cffe56cb83b8141bc879c27b2a72a24043cf687ee4e7e6b,d9051f50cc7db2f02a16d36888809d4529e3a9a1d99edeaeeda4ce61513c41fd,1e2ab7e7f50985f6d7a201e846430065326e3c001b4745f8e12f35a49d7e88fa
Ackley,2,77889,matching,matching_Ackley_2_77889,matching_Ackley_2_77889::region_0,"[0.982960954513866, -1.3461144725017127]","[1.0795695217681118, -1.20891246603026]","[1.01622926032263, -1.1525129705897053]","[0.982960954513866, -1.3461144725017127]",0.41950570501715695,0.4,0.8516413456321216,0.971321054785316,0.8272171701381782,96,48,0.6279686775901894,0.603967701823802,0.7099603271650227,0.9684366127501463,0.8866208584128485,0.0,e269cd2e568a9672003ec1e9e9a6da5236a0ae8960eefd7347a1076e522bce8f,65eaf7cd15b6e81ae7b2cd2cec68690845e6e63361494620bc9fc30d9fea87ba,053a1544b503c9e811e41a3f7b668ae2e83e62744b5d462dad6de27042be0c98,fd3aeb146a5491003a2f4199b7683b51b0e4f5b43dd3788d34543ec3dd486f67,d3261d8eb7c41a9ad406cd5f84d090235966c4a3477d5eab70953679d8b23c76
Ackley,2,77889,wrong,wrong_Ackley_2_77889,wrong_Ackley_2_77889::region_0,"[-0.8547816799896677, 1.2178554638799586]","[-1.01622926032263, 1.1525129705897053]","[1.01622926032263, -1.1525129705897053]","[-0.8547816799896677, 1.2178554638799586]",0.4354233760430408,0.4,0.9540965816603363,0.9721376673855894,0.9275132253558438,96,48,0.9016692626619203,0.8514846297109471,0.828546012603216,0.9661304474665902,0.9050558491565757,0.0,e269cd2e568a9672003ec1e9e9a6da5236a0ae8960eefd7347a1076e522bce8f,65eaf7cd15b6e81ae7b2cd2cec68690845e6e63361494620bc9fc30d9fea87ba,053a1544b503c9e811e41a3f7b668ae2e83e62744b5d462dad6de27042be0c98,fd3aeb146a5491003a2f4199b7683b51b0e4f5b43dd3788d34543ec3dd486f67,d3261d8eb7c41a9ad406cd5f84d090235966c4a3477d5eab70953679d8b23c76
Ackley,2,77889,reversed,matching_Ackley_2_77889,matching_Ackley_2_77889::region_0,"[0.982960954513866, -1.3461144725017127]","[1.0795695217681118, -1.20891246603026]","[1.01622926032263, -1.1525129705897053]","[0.982960954513866, -1.3461144725017127]",0.41950570501715695,0.4,0.8516413456321216,0.971321054785316,0.8272171701381782,96,48,0.09679049794060271,-0.603967701823802,0.29003967283497734,0.9684366127501463,0.8866208584128485,0.0,e269cd2e568a9672003ec1e9e9a6da5236a0ae8960eefd7347a1076e522bce8f,65eaf7cd15b6e81ae7b2cd2cec68690845e6e63361494620bc9fc30d9fea87ba,053a1544b503c9e811e41a3f7b668ae2e83e62744b5d462dad6de27042be0c98,fd3aeb146a5491003a2f4199b7683b51b0e4f5b43dd3788d34543ec3dd486f67,d3261d8eb7c41a9ad406cd5f84d090235966c4a3477d5eab70953679d8b23c76
Ackley,2,90909,matching,matching_Ackley_2_90909,matching_Ackley_2_90909::region_0,"[1.0169545057581018, -0.03259637035121036]","[0.9136741546224928, 0.0028737352816221237]","[0.9299951886293993, -0.04162825421929872]","[1.0169545057581018, -0.03259637035121036]",0.27300365524451975,0.4,0.8809715171358211,0.9449492315821665,0.8324733581632696,96,48,0.11014964468214013,-0.4399752393938521,0.35822061060408517,0.9683873544300914,0.9030274331372572,0.0,53dd2b77a37b73ece40c088d85978e80b955166ba4931bb1c35fe1654642a8dd,009dc1ce298987c6a5c0972779a8aa185d5d00fe2d4840a6419b96c4c897543f,0c019c6dfbb94db929f7628ea881fbb1f29708fecb57e259453653dd5bbab691,5e399598c9068532ac9498e0aa63dc58d8548ffaf3586cb2123d79c840ea8bb5,17f2d8d0efb937f563b81b3d4b7ffd2ba330ef25d6fdf6e827247428a9926c29
Ackley,2,90909,wrong,wrong_Ackley_2_90909,wrong_Ackley_2_90909::region_0,"[-1.0871169562507363, 0.03055442541661497]","[-0.9299951886293993, 0.04162825421929872]","[0.9299951886293993, -0.04162825421929872]","[-1.0871169562507363, 0.03055442541661497]",0.39377880485753497,0.4,0.9152604449267498,0.9257856461445729,0.8473349823970804,96,48,0.699262322235875,0.775348751940173,0.8336498351915271,0.9671436249446759,0.9085902116420657,0.0,53dd2b77a37b73ece40c088d85978e80b955166ba4931bb1c35fe1654642a8dd,009dc1ce298987c6a5c0972779a8aa185d5d00fe2d4840a6419b96c4c897543f,0c019c6dfbb94db929f7628ea881fbb1f29708fecb57e259453653dd5bbab691,5e399598c9068532ac9498e0aa63dc58d8548ffaf3586cb2123d79c840ea8bb5,17f2d8d0efb937f563b81b3d4b7ffd2ba330ef25d6fdf6e827247428a9926c29
Ackley,2,90909,reversed,matching_Ackley_2_90909,matching_Ackley_2_90909::region_0,"[1.0169545057581018, -0.03259637035121036]","[0.9136741546224928, 0.0028737352816221237]","[0.9299951886293993, -0.04162825421929872]","[1.0169545057581018, -0.03259637035121036]",0.27300365524451975,0.4,0.8809715171358211,0.9449492315821665,0.8324733581632696,96,48,0.3771041504337986,0.4399752393938521,0.6417793893959148,0.9683873544300914,0.9030274331372572,0.0,53dd2b77a37b73ece40c088d85978e80b955166ba4931bb1c35fe1654642a8dd,009dc1ce298987c6a5c0972779a8aa185d5d00fe2d4840a6419b96c4c897543f,0c019c6dfbb94db929f7628ea881fbb1f29708fecb57e259453653dd5bbab691,5e399598c9068532ac9498e0aa63dc58d8548ffaf3586cb2123d79c840ea8bb5,17f2d8d0efb937f563b81b3d4b7ffd2ba330ef25d6fdf6e827247428a9926c29
