problem,dim,seed,method,mode,selected_index,selected_x,selected_y,truth_min,truth_q90,raw_regret,normalized_regret,top10_hit,true_rank,acquisition_rank,source_score,normalized_source_score,normalized_target_score,combined_score,target_top1_retained,best_region_id,fallback,fallback_reason,raw_pool_size,proposal_size,candidate_count,pool_duplicate_count,target_source_overlap_count,raw_pool_hash,proposal_hash,truth_hash,source_library_hash
GMM,2,42,Target-Only,target_only,0,"[-3.7811095148889895, 1.7084510578532814]",-0.14253800384523044,-0.9984517808679918,-0.0075468535412826785,0.8559137770227614,0.8637698263665611,False,64,0,0.0,0.0,1.0,1.0,True,,False,,1500,100,100,0,0,7f09129896d2d4554d1189a124e340c543dca233f6c50bb315d49f3562bfe378,0c1ae3dfbbbcfe49f62243cd5e3ae7b8f05cc9d77a583581deb521452e9362a7,af2c7a158e4945d0f2f9441c3a2c3d662f993d6da482686586ff04ef7091f50f,7bb97c05072e3cb99827cdf879c52c42eb11c35952f70eb3645d5b0c3ecf457b
GMM,2,42,Geometry-Only,geometry_only,4,"[-2.3433824390655222, 1.6888527022186475]",-0.34494156588177943,-0.9984517808679918,-0.0075468535412826785,0.6535102149862124,0.6595084926555673,False,31,4,0.371354927116334,0.9191919191919192,0.9595959595959596,1.878787878787879,True,matching_GMM_2_42::region_2,False,,1500,100,100,0,0,7f09129896d2d4554d1189a124e340c543dca233f6c50bb315d49f3562bfe378,0c1ae3dfbbbcfe49f62243cd5e3ae7b8f05cc9d77a583581deb521452e9362a7,af2c7a158e4945d0f2f9441c3a2c3d662f993d6da482686586ff04ef7091f50f,7bb97c05072e3cb99827cdf879c52c42eb11c35952f70eb3645d5b0c3ecf457b
GMM,2,42,Local-Rank-No-Reliability,local_rank_no_reliability,4,"[-2.3433824390655222, 1.6888527022186475]",-0.34494156588177943,-0.9984517808679918,-0.0075468535412826785,0.6535102149862124,0.6595084926555673,False,31,4,0.3133918356468228,0.8787878787878788,0.9595959595959596,1.8383838383838382,True,matching_GMM_2_42::region_2,False,,1500,100,100,0,0,7f09129896d2d4554d1189a124e340c543dca233f6c50bb315d49f3562bfe378,0c1ae3dfbbbcfe49f62243cd5e3ae7b8f05cc9d77a583581deb521452e9362a7,af2c7a158e4945d0f2f9441c3a2c3d662f993d6da482686586ff04ef7091f50f,7bb97c05072e3cb99827cdf879c52c42eb11c35952f70eb3645d5b0c3ecf457b
GMM,2,42,Local-Rank+Reliability,local_rank_reliability,4,"[-2.3433824390655222, 1.6888527022186475]",-0.34494156588177943,-0.9984517808679918,-0.0075468535412826785,0.6535102149862124,0.6595084926555673,False,31,4,0.30042212907361227,0.8787878787878788,0.9595959595959596,1.8383838383838382,True,matching_GMM_2_42::region_2,False,,1500,100,100,0,0,7f09129896d2d4554d1189a124e340c543dca233f6c50bb315d49f3562bfe378,0c1ae3dfbbbcfe49f62243cd5e3ae7b8f05cc9d77a583581deb521452e9362a7,af2c7a158e4945d0f2f9441c3a2c3d662f993d6da482686586ff04ef7091f50f,7bb97c05072e3cb99827cdf879c52c42eb11c35952f70eb3645d5b0c3ecf457b
GMM,2,42,Reversed-Local-Rank,reversed_local_rank,4,"[-2.3433824390655222, 1.6888527022186475]",-0.34494156588177943,-0.9984517808679918,-0.0075468535412826785,0.6535102149862124,0.6595084926555673,False,31,4,0.09116293368849042,0.9595959595959596,0.9595959595959596,1.9191919191919191,True,matching_GMM_2_42::region_2,False,,1500,100,100,0,0,7f09129896d2d4554d1189a124e340c543dca233f6c50bb315d49f3562bfe378,0c1ae3dfbbbcfe49f62243cd5e3ae7b8f05cc9d77a583581deb521452e9362a7,af2c7a158e4945d0f2f9441c3a2c3d662f993d6da482686586ff04ef7091f50f,7bb97c05072e3cb99827cdf879c52c42eb11c35952f70eb3645d5b0c3ecf457b
GMM,2,101,Target-Only,target_only,0,"[0.03115695959081588, 1.404161635156246]",-0.26662717422706056,-0.9919568888841994,-0.002378316404323353,0.7253297146571389,0.732968290571883,False,22,0,0.0,0.0,1.0,1.0,True,,False,,1500,100,100,0,0,26505c670039d6b3ac803a85361b8831c9901222ea683edd5aa5fa21f4faac66,28b02c22e1f0bfd2bed1bcd7b807e5abbdc1703f47f6c5f688548e7b1c427c15,5a0da3d77f7034d223cef70f0c46a48c0ef48843f3b6b297615764646fb37897,c3e4b1d576f168cd8989f7a33822f1a0f337ec19aa92f0b6a9b49c3fc440e581
GMM,2,101,Geometry-Only,geometry_only,0,"[0.03115695959081588, 1.404161635156246]",-0.26662717422706056,-0.9919568888841994,-0.002378316404323353,0.7253297146571389,0.732968290571883,False,22,0,0.8865809187208419,1.0,1.0,2.0,True,matching_GMM_2_101::region_2,False,,1500,100,100,0,0,26505c670039d6b3ac803a85361b8831c9901222ea683edd5aa5fa21f4faac66,28b02c22e1f0bfd2bed1bcd7b807e5abbdc1703f47f6c5f688548e7b1c427c15,5a0da3d77f7034d223cef70f0c46a48c0ef48843f3b6b297615764646fb37897,c3e4b1d576f168cd8989f7a33822f1a0f337ec19aa92f0b6a9b49c3fc440e581
GMM,2,101,Local-Rank-No-Reliability,local_rank_no_reliability,0,"[0.03115695959081588, 1.404161635156246]",-0.26662717422706056,-0.9919568888841994,-0.002378316404323353,0.7253297146571389,0.732968290571883,False,22,0,0.5738996025927723,0.98989898989899,1.0,1.98989898989899,True,matching_GMM_2_101::region_2,False,,1500,100,100,0,0,26505c670039d6b3ac803a85361b8831c9901222ea683edd5aa5fa21f4faac66,28b02c22e1f0bfd2bed1bcd7b807e5abbdc1703f47f6c5f688548e7b1c427c15,5a0da3d77f7034d223cef70f0c46a48c0ef48843f3b6b297615764646fb37897,c3e4b1d576f168cd8989f7a33822f1a0f337ec19aa92f0b6a9b49c3fc440e581
GMM,2,101,Local-Rank+Reliability,local_rank_reliability,0,"[0.03115695959081588, 1.404161635156246]",-0.26662717422706056,-0.9919568888841994,-0.002378316404323353,0.7253297146571389,0.732968290571883,False,22,0,0.5225499101951248,0.9797979797979798,1.0,1.9797979797979797,True,matching_GMM_2_101::region_2,False,,1500,100,100,0,0,26505c670039d6b3ac803a85361b8831c9901222ea683edd5aa5fa21f4faac66,28b02c22e1f0bfd2bed1bcd7b807e5abbdc1703f47f6c5f688548e7b1c427c15,5a0da3d77f7034d223cef70f0c46a48c0ef48843f3b6b297615764646fb37897,c3e4b1d576f168cd8989f7a33822f1a0f337ec19aa92f0b6a9b49c3fc440e581
GMM,2,101,Reversed-Local-Rank,reversed_local_rank,0,"[0.03115695959081588, 1.404161635156246]",-0.26662717422706056,-0.9919568888841994,-0.002378316404323353,0.7253297146571389,0.732968290571883,False,22,0,0.3654295466676913,1.0,1.0,2.0,True,matching_GMM_2_101::region_2,False,,1500,100,100,0,0,26505c670039d6b3ac803a85361b8831c9901222ea683edd5aa5fa21f4faac66,28b02c22e1f0bfd2bed1bcd7b807e5abbdc1703f47f6c5f688548e7b1c427c15,5a0da3d77f7034d223cef70f0c46a48c0ef48843f3b6b297615764646fb37897,c3e4b1d576f168cd8989f7a33822f1a0f337ec19aa92f0b6a9b49c3fc440e581
GMM,2,2026,Target-Only,target_only,0,"[-1.3596038732181337, 2.6244990604890672]",-0.24351592520877097,-0.3646725445314707,-0.05129557221251661,0.12115661932269972,0.3866162163293444,False,22,0,0.0,0.0,1.0,1.0,True,,False,,1500,100,100,0,0,52b2e0e531ee3acd3b11de0082c957cc2fa977d66f486ae9a49e0cc675683f2f,e2482e89944e6909304cf3ab282bfa1bb31c2366cd590bbdf03a4476fe92925e,a28ee4f88943af9f32617285377a40e98a35ff609345f0e0e764acf55a44e159,a689f82aca9532f3eb557e4ebd2662ff10a1b66dcf0c6dab8fe82ef2a4ec5289
GMM,2,2026,Geometry-Only,geometry_only,1,"[-1.4054048957413823, 2.228325271652155]",-0.25072481313746486,-0.3646725445314707,-0.05129557221251661,0.11394773139400582,0.36361233102357693,False,19,1,0.67317876003451,0.9595959595959596,0.98989898989899,1.9494949494949494,True,matching_GMM_2_2026::region_2,False,,1500,100,100,0,0,52b2e0e531ee3acd3b11de0082c957cc2fa977d66f486ae9a49e0cc675683f2f,e2482e89944e6909304cf3ab282bfa1bb31c2366cd590bbdf03a4476fe92925e,a28ee4f88943af9f32617285377a40e98a35ff609345f0e0e764acf55a44e159,a689f82aca9532f3eb557e4ebd2662ff10a1b66dcf0c6dab8fe82ef2a4ec5289
GMM,2,2026,Local-Rank-No-Reliability,local_rank_no_reliability,1,"[-1.4054048957413823, 2.228325271652155]",-0.25072481313746486,-0.3646725445314707,-0.05129557221251661,0.11394773139400582,0.36361233102357693,False,19,1,0.4958484392171522,0.9797979797979798,0.98989898989899,1.9696969696969697,True,matching_GMM_2_2026::region_2,False,,1500,100,100,0,0,52b2e0e531ee3acd3b11de0082c957cc2fa977d66f486ae9a49e0cc675683f2f,e2482e89944e6909304cf3ab282bfa1bb31c2366cd590bbdf03a4476fe92925e,a28ee4f88943af9f32617285377a40e98a35ff609345f0e0e764acf55a44e159,a689f82aca9532f3eb557e4ebd2662ff10a1b66dcf0c6dab8fe82ef2a4ec5289
GMM,2,2026,Local-Rank+Reliability,local_rank_reliability,1,"[-1.4054048957413823, 2.228325271652155]",-0.25072481313746486,-0.3646725445314707,-0.05129557221251661,0.11394773139400582,0.36361233102357693,False,19,1,0.4672418370077803,0.9797979797979798,0.98989898989899,1.9696969696969697,True,matching_GMM_2_2026::region_2,False,,1500,100,100,0,0,52b2e0e531ee3acd3b11de0082c957cc2fa977d66f486ae9a49e0cc675683f2f,e2482e89944e6909304cf3ab282bfa1bb31c2366cd590bbdf03a4476fe92925e,a28ee4f88943af9f32617285377a40e98a35ff609345f0e0e764acf55a44e159,a689f82aca9532f3eb557e4ebd2662ff10a1b66dcf0c6dab8fe82ef2a4ec5289
GMM,2,2026,Reversed-Local-Rank,reversed_local_rank,1,"[-1.4054048957413823, 2.228325271652155]",-0.25072481313746486,-0.3646725445314707,-0.05129557221251661,0.11394773139400582,0.36361233102357693,False,19,1,0.23053389677633887,0.9494949494949495,0.98989898989899,1.9393939393939394,True,matching_GMM_2_2026::region_2,False,,1500,100,100,0,0,52b2e0e531ee3acd3b11de0082c957cc2fa977d66f486ae9a49e0cc675683f2f,e2482e89944e6909304cf3ab282bfa1bb31c2366cd590bbdf03a4476fe92925e,a28ee4f88943af9f32617285377a40e98a35ff609345f0e0e764acf55a44e159,a689f82aca9532f3eb557e4ebd2662ff10a1b66dcf0c6dab8fe82ef2a4ec5289
GMM,2,777,Target-Only,target_only,0,"[1.258158221580259, 0.23206855022651762]",-0.36084706351830764,-0.9913007034263607,-0.0214914815187785,0.630453639908053,0.6500800628271732,False,24,0,0.0,0.0,1.0,1.0,True,,False,,1500,100,100,0,0,b542742159d0ce2354d6339eb189be1d22135b851970eb02b3496b51ce6c190a,d5cfd2c66e0d4b7354ffb5024ffe6d28ac77a60d1e529cd827191c974b4ed9f3,abc90c44a8b16f304ebc9f47ad2c8abaf95f8e15f3cc865f106925bff11e2b93,7a8b04f666c4e79fbe9f1d6174b344c507eda2d4cccee50844c9345b50411d8f
GMM,2,777,Geometry-Only,geometry_only,2,"[1.2744905618584168, 1.4170351826222705]",-0.9648556569271848,-0.9913007034263607,-0.0214914815187785,0.026445046499175895,0.027268297621628485,True,1,2,0.6618642722356461,0.8888888888888888,0.9797979797979798,1.8686868686868685,True,matching_GMM_2_777::region_0,False,,1500,100,100,0,0,b542742159d0ce2354d6339eb189be1d22135b851970eb02b3496b51ce6c190a,d5cfd2c66e0d4b7354ffb5024ffe6d28ac77a60d1e529cd827191c974b4ed9f3,abc90c44a8b16f304ebc9f47ad2c8abaf95f8e15f3cc865f106925bff11e2b93,7a8b04f666c4e79fbe9f1d6174b344c507eda2d4cccee50844c9345b50411d8f
GMM,2,777,Local-Rank-No-Reliability,local_rank_no_reliability,2,"[1.2744905618584168, 1.4170351826222705]",-0.9648556569271848,-0.9913007034263607,-0.0214914815187785,0.026445046499175895,0.027268297621628485,True,1,2,0.6618642722356461,0.9191919191919192,0.9797979797979798,1.898989898989899,True,matching_GMM_2_777::region_0,False,,1500,100,100,0,0,b542742159d0ce2354d6339eb189be1d22135b851970eb02b3496b51ce6c190a,d5cfd2c66e0d4b7354ffb5024ffe6d28ac77a60d1e529cd827191c974b4ed9f3,abc90c44a8b16f304ebc9f47ad2c8abaf95f8e15f3cc865f106925bff11e2b93,7a8b04f666c4e79fbe9f1d6174b344c507eda2d4cccee50844c9345b50411d8f
GMM,2,777,Local-Rank+Reliability,local_rank_reliability,2,"[1.2744905618584168, 1.4170351826222705]",-0.9648556569271848,-0.9913007034263607,-0.0214914815187785,0.026445046499175895,0.027268297621628485,True,1,2,0.6364401714879063,0.9191919191919192,0.9797979797979798,1.898989898989899,True,matching_GMM_2_777::region_0,False,,1500,100,100,0,0,b542742159d0ce2354d6339eb189be1d22135b851970eb02b3496b51ce6c190a,d5cfd2c66e0d4b7354ffb5024ffe6d28ac77a60d1e529cd827191c974b4ed9f3,abc90c44a8b16f304ebc9f47ad2c8abaf95f8e15f3cc865f106925bff11e2b93,7a8b04f666c4e79fbe9f1d6174b344c507eda2d4cccee50844c9345b50411d8f
GMM,2,777,Reversed-Local-Rank,reversed_local_rank,0,"[1.258158221580259, 0.23206855022651762]",-0.36084706351830764,-0.9913007034263607,-0.0214914815187785,0.630453639908053,0.6500800628271732,False,24,0,0.1600169847862466,0.9494949494949495,1.0,1.9494949494949494,True,matching_GMM_2_777::region_0,False,,1500,100,100,0,0,b542742159d0ce2354d6339eb189be1d22135b851970eb02b3496b51ce6c190a,d5cfd2c66e0d4b7354ffb5024ffe6d28ac77a60d1e529cd827191c974b4ed9f3,abc90c44a8b16f304ebc9f47ad2c8abaf95f8e15f3cc865f106925bff11e2b93,7a8b04f666c4e79fbe9f1d6174b344c507eda2d4cccee50844c9345b50411d8f
GMM,2,999,Target-Only,target_only,0,"[-2.201647914064405, -0.9803325231055027]",-0.5105988768776166,-0.7791001544133712,-0.0039552378402487945,0.2685012775357546,0.3463884904551597,True,3,0,0.0,0.0,0.0,0.0,True,,False,,1500,100,100,0,0,c55a50f95c6c6c0470b6219fb244418779f5183f71ee02a59edb29ec0151066b,43f46a043dc944c2d364cd2d95f56dd6e26f52788d5f14e149cbcb23874e6599,09d5dea7972aae49a73b729f0a700525f3f4fe6fff6ee4b107b54d668c6449f3,920d31b418a826cbac658bd24e4053d4d07ff13c491935b57f7f5141fea00b50
GMM,2,999,Geometry-Only,geometry_only,0,"[-2.201647914064405, -0.9803325231055027]",-0.5105988768776166,-0.7791001544133712,-0.0039552378402487945,0.2685012775357546,0.3463884904551597,True,3,0,0.8816158521939381,1.0,0.0,1.0,True,matching_GMM_2_999::region_0,False,,1500,100,100,0,0,c55a50f95c6c6c0470b6219fb244418779f5183f71ee02a59edb29ec0151066b,43f46a043dc944c2d364cd2d95f56dd6e26f52788d5f14e149cbcb23874e6599,09d5dea7972aae49a73b729f0a700525f3f4fe6fff6ee4b107b54d668c6449f3,920d31b418a826cbac658bd24e4053d4d07ff13c491935b57f7f5141fea00b50
GMM,2,999,Local-Rank-No-Reliability,local_rank_no_reliability,0,"[-2.201647914064405, -0.9803325231055027]",-0.5105988768776166,-0.7791001544133712,-0.0039552378402487945,0.2685012775357546,0.3463884904551597,True,3,0,0.713422448146876,1.0,0.0,1.0,True,matching_GMM_2_999::region_0,False,,1500,100,100,0,0,c55a50f95c6c6c0470b6219fb244418779f5183f71ee02a59edb29ec0151066b,43f46a043dc944c2d364cd2d95f56dd6e26f52788d5f14e149cbcb23874e6599,09d5dea7972aae49a73b729f0a700525f3f4fe6fff6ee4b107b54d668c6449f3,920d31b418a826cbac658bd24e4053d4d07ff13c491935b57f7f5141fea00b50
GMM,2,999,Local-Rank+Reliability,local_rank_reliability,0,"[-2.201647914064405, -0.9803325231055027]",-0.5105988768776166,-0.7791001544133712,-0.0039552378402487945,0.2685012775357546,0.3463884904551597,True,3,0,0.7051743822937945,1.0,0.0,1.0,True,matching_GMM_2_999::region_0,False,,1500,100,100,0,0,c55a50f95c6c6c0470b6219fb244418779f5183f71ee02a59edb29ec0151066b,43f46a043dc944c2d364cd2d95f56dd6e26f52788d5f14e149cbcb23874e6599,09d5dea7972aae49a73b729f0a700525f3f4fe6fff6ee4b107b54d668c6449f3,920d31b418a826cbac658bd24e4053d4d07ff13c491935b57f7f5141fea00b50
GMM,2,999,Reversed-Local-Rank,reversed_local_rank,14,"[-2.2115058913594146, 0.18532179108043145]",-0.13175155496266683,-0.7791001544133712,-0.0039552378402487945,0.6473485994507044,0.8351323547506455,False,35,14,0.5276670659430382,1.0,0.0,1.0,True,matching_GMM_2_999::region_0,False,,1500,100,100,0,0,c55a50f95c6c6c0470b6219fb244418779f5183f71ee02a59edb29ec0151066b,43f46a043dc944c2d364cd2d95f56dd6e26f52788d5f14e149cbcb23874e6599,09d5dea7972aae49a73b729f0a700525f3f4fe6fff6ee4b107b54d668c6449f3,920d31b418a826cbac658bd24e4053d4d07ff13c491935b57f7f5141fea00b50
GMM,2,1234,Target-Only,target_only,0,"[1.404898508289362, 1.919586845893697]",-0.890872597402523,-0.9350746809452316,-0.013221210685943287,0.0442020835427086,0.04794914264441175,True,5,0,0.0,0.0,1.0,1.0,True,,False,,1500,100,100,0,0,91af79b2365c40154305b605512c6d784204b4d923af539024004af37ba48516,cd9c0b3b3e18256565964f2c0d6e46b198642ae23d58c68fce503995a5fd65db,19e4da4795cfd786259e87753cb0c01b1756deba2100153e4ec93d867bc9548d,028e97c98bfcca56fe8f325166ccf76b208526374af04ba6c37ac9928146ea49
GMM,2,1234,Geometry-Only,geometry_only,3,"[0.7504351042598749, 1.9192826266437137]",-0.6318734963614817,-0.9350746809452316,-0.013221210685943287,0.3032011845837499,0.32890388154471983,False,13,3,0.6198932178825456,0.9191919191919192,0.9696969696969697,1.8888888888888888,True,matching_GMM_2_1234::region_0,False,,1500,100,100,0,0,91af79b2365c40154305b605512c6d784204b4d923af539024004af37ba48516,cd9c0b3b3e18256565964f2c0d6e46b198642ae23d58c68fce503995a5fd65db,19e4da4795cfd786259e87753cb0c01b1756deba2100153e4ec93d867bc9548d,028e97c98bfcca56fe8f325166ccf76b208526374af04ba6c37ac9928146ea49
GMM,2,1234,Local-Rank-No-Reliability,local_rank_no_reliability,3,"[0.7504351042598749, 1.9192826266437137]",-0.6318734963614817,-0.9350746809452316,-0.013221210685943287,0.3032011845837499,0.32890388154471983,False,13,3,0.5872279736243594,0.9696969696969697,0.9696969696969697,1.9393939393939394,True,matching_GMM_2_1234::region_0,False,,1500,100,100,0,0,91af79b2365c40154305b605512c6d784204b4d923af539024004af37ba48516,cd9c0b3b3e18256565964f2c0d6e46b198642ae23d58c68fce503995a5fd65db,19e4da4795cfd786259e87753cb0c01b1756deba2100153e4ec93d867bc9548d,028e97c98bfcca56fe8f325166ccf76b208526374af04ba6c37ac9928146ea49
GMM,2,1234,Local-Rank+Reliability,local_rank_reliability,3,"[0.7504351042598749, 1.9192826266437137]",-0.6318734963614817,-0.9350746809452316,-0.013221210685943287,0.3032011845837499,0.32890388154471983,False,13,3,0.5729618550298701,0.9696969696969697,0.9696969696969697,1.9393939393939394,True,matching_GMM_2_1234::region_0,False,,1500,100,100,0,0,91af79b2365c40154305b605512c6d784204b4d923af539024004af37ba48516,cd9c0b3b3e18256565964f2c0d6e46b198642ae23d58c68fce503995a5fd65db,19e4da4795cfd786259e87753cb0c01b1756deba2100153e4ec93d867bc9548d,028e97c98bfcca56fe8f325166ccf76b208526374af04ba6c37ac9928146ea49
GMM,2,1234,Reversed-Local-Rank,reversed_local_rank,6,"[-0.3650166006628446, 1.9047460200702924]",-0.13576081227467982,-0.9350746809452316,-0.013221210685943287,0.7993138686705518,0.8670725819860828,False,68,6,0.25464954486961844,0.9393939393939394,0.9393939393939394,1.878787878787879,True,matching_GMM_2_1234::region_0,False,,1500,100,100,0,0,91af79b2365c40154305b605512c6d784204b4d923af539024004af37ba48516,cd9c0b3b3e18256565964f2c0d6e46b198642ae23d58c68fce503995a5fd65db,19e4da4795cfd786259e87753cb0c01b1756deba2100153e4ec93d867bc9548d,028e97c98bfcca56fe8f325166ccf76b208526374af04ba6c37ac9928146ea49
GMM,2,5678,Target-Only,target_only,0,"[-2.3423257915013274, -3.0874338587429486]",-0.4654867637915356,-0.5888102484515624,-0.04573629311254031,0.1233234846600268,0.22708414470555904,False,11,0,0.0,0.0,1.0,1.0,True,,False,,1500,100,100,0,0,a092419a0a356772975f4bcbb3acc1b04a5341c08635fc98560113708675a172,e4ab8b039e047753d557869cda26e76454215ea9bc536f2882985dd222ba4f49,bf2d73e19c70b4b32591511635bc3b01bebbe9ec956418d197f14c707e6ef648,2e5737076f91e72bcb28808519f19a19d0c19495c1962d886b253480b07ee3b9
GMM,2,5678,Geometry-Only,geometry_only,0,"[-2.3423257915013274, -3.0874338587429486]",-0.4654867637915356,-0.5888102484515624,-0.04573629311254031,0.1233234846600268,0.22708414470555904,False,11,0,0.42897002758839137,0.9797979797979798,1.0,1.9797979797979797,True,matching_GMM_2_5678::region_0,False,,1500,100,100,0,0,a092419a0a356772975f4bcbb3acc1b04a5341c08635fc98560113708675a172,e4ab8b039e047753d557869cda26e76454215ea9bc536f2882985dd222ba4f49,bf2d73e19c70b4b32591511635bc3b01bebbe9ec956418d197f14c707e6ef648,2e5737076f91e72bcb28808519f19a19d0c19495c1962d886b253480b07ee3b9
GMM,2,5678,Local-Rank-No-Reliability,local_rank_no_reliability,0,"[-2.3423257915013274, -3.0874338587429486]",-0.4654867637915356,-0.5888102484515624,-0.04573629311254031,0.1233234846600268,0.22708414470555904,False,11,0,0.36718577369121297,0.9797979797979798,1.0,1.9797979797979797,True,matching_GMM_2_5678::region_0,False,,1500,100,100,0,0,a092419a0a356772975f4bcbb3acc1b04a5341c08635fc98560113708675a172,e4ab8b039e047753d557869cda26e76454215ea9bc536f2882985dd222ba4f49,bf2d73e19c70b4b32591511635bc3b01bebbe9ec956418d197f14c707e6ef648,2e5737076f91e72bcb28808519f19a19d0c19495c1962d886b253480b07ee3b9
GMM,2,5678,Local-Rank+Reliability,local_rank_reliability,0,"[-2.3423257915013274, -3.0874338587429486]",-0.4654867637915356,-0.5888102484515624,-0.04573629311254031,0.1233234846600268,0.22708414470555904,False,11,0,0.3582246152963235,0.9797979797979798,1.0,1.9797979797979797,True,matching_GMM_2_5678::region_0,False,,1500,100,100,0,0,a092419a0a356772975f4bcbb3acc1b04a5341c08635fc98560113708675a172,e4ab8b039e047753d557869cda26e76454215ea9bc536f2882985dd222ba4f49,bf2d73e19c70b4b32591511635bc3b01bebbe9ec956418d197f14c707e6ef648,2e5737076f91e72bcb28808519f19a19d0c19495c1962d886b253480b07ee3b9
GMM,2,5678,Reversed-Local-Rank,reversed_local_rank,1,"[-1.5673550376637513, -3.0877177340869064]",-0.4521160548204101,-0.5888102484515624,-0.04573629311254031,0.13669419363115226,0.25170456488899173,False,15,1,0.12152931688298547,0.9494949494949495,0.98989898989899,1.9393939393939394,True,matching_GMM_2_5678::region_0,False,,1500,100,100,0,0,a092419a0a356772975f4bcbb3acc1b04a5341c08635fc98560113708675a172,e4ab8b039e047753d557869cda26e76454215ea9bc536f2882985dd222ba4f49,bf2d73e19c70b4b32591511635bc3b01bebbe9ec956418d197f14c707e6ef648,2e5737076f91e72bcb28808519f19a19d0c19495c1962d886b253480b07ee3b9
GMM,2,8888,Target-Only,target_only,0,"[2.265751943610212, 1.2660938842290106]",-0.6703588882332238,-0.9947272400517987,-0.14490845667706015,0.32436835181857493,0.3816912007174834,False,23,0,0.0,0.0,1.0,1.0,True,,False,,1500,100,100,0,0,5f49919ff0f762e8df4a11bd163dbbe4837c5ab2d74e8b2c1df984ceb94c1c5b,a7dca3b69f583ec3c43f65be3fbf4a198e7bb4b8181b9ca60ebfb0961f62775b,38f720079edbe936603e843e3a8fa85aacf2dbe8720ddc9a24498a112d7e3a0b,f085381c83d410c9128c76cb0e6fd2fca4fd9b592bc0fcba805e8d18d3d05446
GMM,2,8888,Geometry-Only,geometry_only,10,"[1.6307335001534007, -1.4976596954480481]",-0.2553983940140141,-0.9947272400517987,-0.14490845667706015,0.7393288460377846,0.8699841195576021,False,72,10,0.49297590158143617,0.797979797979798,0.898989898989899,1.696969696969697,True,matching_GMM_2_8888::region_0,False,,1500,100,100,0,0,5f49919ff0f762e8df4a11bd163dbbe4837c5ab2d74e8b2c1df984ceb94c1c5b,a7dca3b69f583ec3c43f65be3fbf4a198e7bb4b8181b9ca60ebfb0961f62775b,38f720079edbe936603e843e3a8fa85aacf2dbe8720ddc9a24498a112d7e3a0b,f085381c83d410c9128c76cb0e6fd2fca4fd9b592bc0fcba805e8d18d3d05446
GMM,2,8888,Local-Rank-No-Reliability,local_rank_no_reliability,10,"[1.6307335001534007, -1.4976596954480481]",-0.2553983940140141,-0.9947272400517987,-0.14490845667706015,0.7393288460377846,0.8699841195576021,False,72,10,0.4113073861091792,0.8383838383838383,0.898989898989899,1.7373737373737375,True,matching_GMM_2_8888::region_0,False,,1500,100,100,0,0,5f49919ff0f762e8df4a11bd163dbbe4837c5ab2d74e8b2c1df984ceb94c1c5b,a7dca3b69f583ec3c43f65be3fbf4a198e7bb4b8181b9ca60ebfb0961f62775b,38f720079edbe936603e843e3a8fa85aacf2dbe8720ddc9a24498a112d7e3a0b,f085381c83d410c9128c76cb0e6fd2fca4fd9b592bc0fcba805e8d18d3d05446
GMM,2,8888,Local-Rank+Reliability,local_rank_reliability,10,"[1.6307335001534007, -1.4976596954480481]",-0.2553983940140141,-0.9947272400517987,-0.14490845667706015,0.7393288460377846,0.8699841195576021,False,72,10,0.3760459026016954,0.8383838383838383,0.898989898989899,1.7373737373737375,True,matching_GMM_2_8888::region_0,False,,1500,100,100,0,0,5f49919ff0f762e8df4a11bd163dbbe4837c5ab2d74e8b2c1df984ceb94c1c5b,a7dca3b69f583ec3c43f65be3fbf4a198e7bb4b8181b9ca60ebfb0961f62775b,38f720079edbe936603e843e3a8fa85aacf2dbe8720ddc9a24498a112d7e3a0b,f085381c83d410c9128c76cb0e6fd2fca4fd9b592bc0fcba805e8d18d3d05446
GMM,2,8888,Reversed-Local-Rank,reversed_local_rank,7,"[2.2724946362004514, 0.7662681258175477]",-0.4947590157554008,-0.9947272400517987,-0.14490845667706015,0.49996822429639787,0.5883233391370338,False,39,7,0.10038887147376717,0.8282828282828283,0.9292929292929293,1.7575757575757576,True,matching_GMM_2_8888::region_0,False,,1500,100,100,0,0,5f49919ff0f762e8df4a11bd163dbbe4837c5ab2d74e8b2c1df984ceb94c1c5b,a7dca3b69f583ec3c43f65be3fbf4a198e7bb4b8181b9ca60ebfb0961f62775b,38f720079edbe936603e843e3a8fa85aacf2dbe8720ddc9a24498a112d7e3a0b,f085381c83d410c9128c76cb0e6fd2fca4fd9b592bc0fcba805e8d18d3d05446
Rastrigin,2,42,Target-Only,target_only,0,"[-2.6681625572199312, -5.091219296387821]",42.22050744368586,22.81814968328619,56.08134184460436,19.40235776039967,0.583298129244574,False,53,0,0.0,0.0,1.0,1.0,True,,False,,1500,100,100,0,0,53a65ce4da552ab868ae328f50d9a56f3c8e58e3aa05679fe38df509b273deb6,6f2c3dda6a0ae9f1c59cb50a68448943cc71d71d79add6557f56d75e19d675f2,089ba1f1b53a0614a7afca845ef7cdcc87ac691dc2bb213c014ed57e820c8186,dd031a6309bad698c24fa28aee327be8771724de978bfebed62440663cdd3e3e
Rastrigin,2,42,Geometry-Only,geometry_only,2,"[-2.6857413493589593, -4.73451637985801]",57.34856434040041,22.81814968328619,56.08134184460436,34.53041465711422,1.0380968395832346,False,91,2,0.04053917360312521,0.8585858585858586,0.9797979797979798,1.8383838383838382,True,matching_Rastrigin_2_42::region_0,False,,1500,100,100,0,0,53a65ce4da552ab868ae328f50d9a56f3c8e58e3aa05679fe38df509b273deb6,6f2c3dda6a0ae9f1c59cb50a68448943cc71d71d79add6557f56d75e19d675f2,089ba1f1b53a0614a7afca845ef7cdcc87ac691dc2bb213c014ed57e820c8186,dd031a6309bad698c24fa28aee327be8771724de978bfebed62440663cdd3e3e
Rastrigin,2,42,Local-Rank-No-Reliability,local_rank_no_reliability,2,"[-2.6857413493589593, -4.73451637985801]",57.34856434040041,22.81814968328619,56.08134184460436,34.53041465711422,1.0380968395832346,False,91,2,0.017114101585887824,0.8484848484848485,0.9797979797979798,1.8282828282828283,True,matching_Rastrigin_2_42::region_0,False,,1500,100,100,0,0,53a65ce4da552ab868ae328f50d9a56f3c8e58e3aa05679fe38df509b273deb6,6f2c3dda6a0ae9f1c59cb50a68448943cc71d71d79add6557f56d75e19d675f2,089ba1f1b53a0614a7afca845ef7cdcc87ac691dc2bb213c014ed57e820c8186,dd031a6309bad698c24fa28aee327be8771724de978bfebed62440663cdd3e3e
Rastrigin,2,42,Local-Rank+Reliability,local_rank_reliability,2,"[-2.6857413493589593, -4.73451637985801]",57.34856434040041,22.81814968328619,56.08134184460436,34.53041465711422,1.0380968395832346,False,91,2,0.008702733579706155,0.8484848484848485,0.9797979797979798,1.8282828282828283,True,matching_Rastrigin_2_42::region_0,False,,1500,100,100,0,0,53a65ce4da552ab868ae328f50d9a56f3c8e58e3aa05679fe38df509b273deb6,6f2c3dda6a0ae9f1c59cb50a68448943cc71d71d79add6557f56d75e19d675f2,089ba1f1b53a0614a7afca845ef7cdcc87ac691dc2bb213c014ed57e820c8186,dd031a6309bad698c24fa28aee327be8771724de978bfebed62440663cdd3e3e
Rastrigin,2,42,Reversed-Local-Rank,reversed_local_rank,1,"[-2.4922523336473694, -4.955278363509619]",41.32782910485636,22.81814968328619,56.08134184460436,18.509679421570173,0.5564613080970356,False,46,1,0.014571711899472662,0.8888888888888888,0.98989898989899,1.878787878787879,True,matching_Rastrigin_2_42::region_0,False,,1500,100,100,0,0,53a65ce4da552ab868ae328f50d9a56f3c8e58e3aa05679fe38df509b273deb6,6f2c3dda6a0ae9f1c59cb50a68448943cc71d71d79add6557f56d75e19d675f2,089ba1f1b53a0614a7afca845ef7cdcc87ac691dc2bb213c014ed57e820c8186,dd031a6309bad698c24fa28aee327be8771724de978bfebed62440663cdd3e3e
Rastrigin,2,101,Target-Only,target_only,0,"[-3.0179506179284683, -0.3053882514234454]",40.66632873555507,7.592603797067152,42.2185783916877,33.07372493848791,0.9551709468309438,False,83,0,0.0,0.0,1.0,1.0,True,,False,,1500,100,100,0,0,011b3efe5799860fda800c6bb52a7d12d9d54c7091c3c9ebc49953a7918c7ab1,0a5f274fc185de27d89ac9979b1b7a8e6bc895c5351d3dac43242c5c56cf7751,282c091e583ecf19a345a1aab272537e3430f5b5ad654c983b311060d39fe2e5,a16e621dd3acb3a45a558fc4b87b9a3f5604c791a31438c5e17247c248418a3e
Rastrigin,2,101,Geometry-Only,geometry_only,15,"[0.9734268322404054, -0.3856809221465882]",42.284455475074374,7.592603797067152,42.2185783916877,34.691851678007225,1.001902533694948,False,90,15,0.6195797562428217,0.9090909090909091,0.8484848484848485,1.7575757575757576,True,matching_Rastrigin_2_101::region_0,False,,1500,100,100,0,0,011b3efe5799860fda800c6bb52a7d12d9d54c7091c3c9ebc49953a7918c7ab1,0a5f274fc185de27d89ac9979b1b7a8e6bc895c5351d3dac43242c5c56cf7751,282c091e583ecf19a345a1aab272537e3430f5b5ad654c983b311060d39fe2e5,a16e621dd3acb3a45a558fc4b87b9a3f5604c791a31438c5e17247c248418a3e
Rastrigin,2,101,Local-Rank-No-Reliability,local_rank_no_reliability,15,"[0.9734268322404054, -0.3856809221465882]",42.284455475074374,7.592603797067152,42.2185783916877,34.691851678007225,1.001902533694948,False,90,15,0.5094768413719845,0.9393939393939394,0.8484848484848485,1.787878787878788,True,matching_Rastrigin_2_101::region_0,False,,1500,100,100,0,0,011b3efe5799860fda800c6bb52a7d12d9d54c7091c3c9ebc49953a7918c7ab1,0a5f274fc185de27d89ac9979b1b7a8e6bc895c5351d3dac43242c5c56cf7751,282c091e583ecf19a345a1aab272537e3430f5b5ad654c983b311060d39fe2e5,a16e621dd3acb3a45a558fc4b87b9a3f5604c791a31438c5e17247c248418a3e
Rastrigin,2,101,Local-Rank+Reliability,local_rank_reliability,15,"[0.9734268322404054, -0.3856809221465882]",42.284455475074374,7.592603797067152,42.2185783916877,34.691851678007225,1.001902533694948,False,90,15,0.19329179602482258,0.9393939393939394,0.8484848484848485,1.787878787878788,True,matching_Rastrigin_2_101::region_0,False,,1500,100,100,0,0,011b3efe5799860fda800c6bb52a7d12d9d54c7091c3c9ebc49953a7918c7ab1,0a5f274fc185de27d89ac9979b1b7a8e6bc895c5351d3dac43242c5c56cf7751,282c091e583ecf19a345a1aab272537e3430f5b5ad654c983b311060d39fe2e5,a16e621dd3acb3a45a558fc4b87b9a3f5604c791a31438c5e17247c248418a3e
Rastrigin,2,101,Reversed-Local-Rank,reversed_local_rank,6,"[2.0902032574521083, -0.3224205198020824]",38.582536897218795,7.592603797067152,42.2185783916877,30.989933100151642,0.8949909269836467,False,80,6,0.09990222527015302,0.9090909090909091,0.9393939393939394,1.8484848484848486,True,matching_Rastrigin_2_101::region_0,False,,1500,100,100,0,0,011b3efe5799860fda800c6bb52a7d12d9d54c7091c3c9ebc49953a7918c7ab1,0a5f274fc185de27d89ac9979b1b7a8e6bc895c5351d3dac43242c5c56cf7751,282c091e583ecf19a345a1aab272537e3430f5b5ad654c983b311060d39fe2e5,a16e621dd3acb3a45a558fc4b87b9a3f5604c791a31438c5e17247c248418a3e
Rastrigin,2,2026,Target-Only,target_only,0,"[-0.8433576944255705, -1.4060734843451712]",30.446790922657286,8.48263736973276,59.192084752978644,21.964153552924525,0.4331373084570698,False,33,0,0.0,0.0,1.0,1.0,True,,False,,1500,100,100,0,0,a78b43bcbf49f4762d161216daf59b69e3bd8ce8a301caa80a1fdbbb67805400,a66df1213bd67a67ad6f2642681e08ae236421bd8300270e4ba9189f281015ad,438eb12bc76d518edca33576ac6f9bde356fb5e2176c711c6c0e9579baeb3d0f,7a653e94430b2280081f1a894ae5692176189ee1d2692f562ac7c49d3663b277
Rastrigin,2,2026,Geometry-Only,geometry_only,1,"[-0.7163086493145236, -1.200549163588089]",40.48214161081297,8.48263736973276,59.192084752978644,31.999504241080206,0.6310363431736521,False,60,1,0.4535699372787274,0.898989898989899,0.98989898989899,1.8888888888888888,True,matching_Rastrigin_2_2026::region_0,False,,1500,100,100,0,0,a78b43bcbf49f4762d161216daf59b69e3bd8ce8a301caa80a1fdbbb67805400,a66df1213bd67a67ad6f2642681e08ae236421bd8300270e4ba9189f281015ad,438eb12bc76d518edca33576ac6f9bde356fb5e2176c711c6c0e9579baeb3d0f,7a653e94430b2280081f1a894ae5692176189ee1d2692f562ac7c49d3663b277
Rastrigin,2,2026,Local-Rank-No-Reliability,local_rank_no_reliability,1,"[-0.7163086493145236, -1.200549163588089]",40.48214161081297,8.48263736973276,59.192084752978644,31.999504241080206,0.6310363431736521,False,60,1,0.24044884876824732,0.8787878787878788,0.98989898989899,1.8686868686868687,True,matching_Rastrigin_2_2026::region_0,False,,1500,100,100,0,0,a78b43bcbf49f4762d161216daf59b69e3bd8ce8a301caa80a1fdbbb67805400,a66df1213bd67a67ad6f2642681e08ae236421bd8300270e4ba9189f281015ad,438eb12bc76d518edca33576ac6f9bde356fb5e2176c711c6c0e9579baeb3d0f,7a653e94430b2280081f1a894ae5692176189ee1d2692f562ac7c49d3663b277
Rastrigin,2,2026,Local-Rank+Reliability,local_rank_reliability,1,"[-0.7163086493145236, -1.200549163588089]",40.48214161081297,8.48263736973276,59.192084752978644,31.999504241080206,0.6310363431736521,False,60,1,0.08713295310418856,0.8787878787878788,0.98989898989899,1.8686868686868687,True,matching_Rastrigin_2_2026::region_0,False,,1500,100,100,0,0,a78b43bcbf49f4762d161216daf59b69e3bd8ce8a301caa80a1fdbbb67805400,a66df1213bd67a67ad6f2642681e08ae236421bd8300270e4ba9189f281015ad,438eb12bc76d518edca33576ac6f9bde356fb5e2176c711c6c0e9579baeb3d0f,7a653e94430b2280081f1a894ae5692176189ee1d2692f562ac7c49d3663b277
Rastrigin,2,2026,Reversed-Local-Rank,reversed_local_rank,1,"[-0.7163086493145236, -1.200549163588089]",40.48214161081297,8.48263736973276,59.192084752978644,31.999504241080206,0.6310363431736521,False,60,1,0.09366631919224706,0.9191919191919192,0.98989898989899,1.9090909090909092,True,matching_Rastrigin_2_2026::region_0,False,,1500,100,100,0,0,a78b43bcbf49f4762d161216daf59b69e3bd8ce8a301caa80a1fdbbb67805400,a66df1213bd67a67ad6f2642681e08ae236421bd8300270e4ba9189f281015ad,438eb12bc76d518edca33576ac6f9bde356fb5e2176c711c6c0e9579baeb3d0f,7a653e94430b2280081f1a894ae5692176189ee1d2692f562ac7c49d3663b277
Rastrigin,2,777,Target-Only,target_only,0,"[5.051760946959731, -0.09608640250111655]",57.847628977437665,8.356343678903514,57.51574620822941,49.49128529853415,1.0067511554683821,False,90,0,0.0,0.0,1.0,1.0,True,,False,,1500,100,100,0,0,2228cc941cedf1a695b9d10a5c7081390add28dae9f3b8cb10ec8e939c3d5671,2fd0a72cd18748f30346357b3283e8651bde91b888a017b05a51d29faa9611a7,d153b8abb3ad2647c0dc836130bb54bd9d1e4a3c2251190042b8d1908ddd7b80,ed3ed920d10ae29f4f9d4fda5d7008013e0d35f061399469da403442001dcf51
Rastrigin,2,777,Geometry-Only,geometry_only,33,"[2.8958110165343074, -0.0260687261852226]",22.48677310759285,8.356343678903514,57.51574620822941,14.130429428689336,0.28744103267446897,True,8,33,0.4092264522386232,0.8484848484848485,0.6666666666666666,1.5151515151515151,True,matching_Rastrigin_2_777::region_0,False,,1500,100,100,0,0,2228cc941cedf1a695b9d10a5c7081390add28dae9f3b8cb10ec8e939c3d5671,2fd0a72cd18748f30346357b3283e8651bde91b888a017b05a51d29faa9611a7,d153b8abb3ad2647c0dc836130bb54bd9d1e4a3c2251190042b8d1908ddd7b80,ed3ed920d10ae29f4f9d4fda5d7008013e0d35f061399469da403442001dcf51
Rastrigin,2,777,Local-Rank-No-Reliability,local_rank_no_reliability,33,"[2.8958110165343074, -0.0260687261852226]",22.48677310759285,8.356343678903514,57.51574620822941,14.130429428689336,0.28744103267446897,True,8,33,0.2985246439124151,0.898989898989899,0.6666666666666666,1.5656565656565657,True,matching_Rastrigin_2_777::region_0,False,,1500,100,100,0,0,2228cc941cedf1a695b9d10a5c7081390add28dae9f3b8cb10ec8e939c3d5671,2fd0a72cd18748f30346357b3283e8651bde91b888a017b05a51d29faa9611a7,d153b8abb3ad2647c0dc836130bb54bd9d1e4a3c2251190042b8d1908ddd7b80,ed3ed920d10ae29f4f9d4fda5d7008013e0d35f061399469da403442001dcf51
Rastrigin,2,777,Local-Rank+Reliability,local_rank_reliability,33,"[2.8958110165343074, -0.0260687261852226]",22.48677310759285,8.356343678903514,57.51574620822941,14.130429428689336,0.28744103267446897,True,8,33,0.0883448402396299,0.898989898989899,0.6666666666666666,1.5656565656565657,True,matching_Rastrigin_2_777::region_0,False,,1500,100,100,0,0,2228cc941cedf1a695b9d10a5c7081390add28dae9f3b8cb10ec8e939c3d5671,2fd0a72cd18748f30346357b3283e8651bde91b888a017b05a51d29faa9611a7,d153b8abb3ad2647c0dc836130bb54bd9d1e4a3c2251190042b8d1908ddd7b80,ed3ed920d10ae29f4f9d4fda5d7008013e0d35f061399469da403442001dcf51
Rastrigin,2,777,Reversed-Local-Rank,reversed_local_rank,14,"[3.554630267469258, 0.07047150778043143]",30.346170626637036,8.356343678903514,57.51574620822941,21.989826947733523,0.4473168064769615,False,17,14,0.045955035843558444,0.6565656565656566,0.8585858585858586,1.5151515151515151,True,matching_Rastrigin_2_777::region_0,False,,1500,100,100,0,0,2228cc941cedf1a695b9d10a5c7081390add28dae9f3b8cb10ec8e939c3d5671,2fd0a72cd18748f30346357b3283e8651bde91b888a017b05a51d29faa9611a7,d153b8abb3ad2647c0dc836130bb54bd9d1e4a3c2251190042b8d1908ddd7b80,ed3ed920d10ae29f4f9d4fda5d7008013e0d35f061399469da403442001dcf51
Rastrigin,2,999,Target-Only,target_only,0,"[-4.769901917715073, 0.18645857685604117]",26.045431728458283,3.8362899107617032,41.48725250365528,22.20914181769658,0.5898691637139827,False,37,0,0.0,0.0,1.0,1.0,True,,False,,1500,100,100,0,0,38b3e1a1dc01f868505faa140446f0352c3a2901c00fb7c7fd7c9ee9da092ef9,330037d190225109ef219e93d77bd35c060db06726d4dff7ea1150c3ee66ebf4,041ae066e8ebff113f4a69d2e16664e7f1b7c8ee65e11640591fb2cf32fc43b0,7142231e1ad155d067d1535c41742a60ca9eed702dde22ab534eb8d404f8686f
Rastrigin,2,999,Geometry-Only,geometry_only,43,"[-2.1135117444407423, -0.2584924362243468]",7.388528309855843,3.8362899107617032,41.48725250365528,3.55223839909414,0.09434654931676585,True,4,43,0.7123774629957477,0.8585858585858586,0.5656565656565656,1.4242424242424243,True,matching_Rastrigin_2_999::region_0,False,,1500,100,100,0,0,38b3e1a1dc01f868505faa140446f0352c3a2901c00fb7c7fd7c9ee9da092ef9,330037d190225109ef219e93d77bd35c060db06726d4dff7ea1150c3ee66ebf4,041ae066e8ebff113f4a69d2e16664e7f1b7c8ee65e11640591fb2cf32fc43b0,7142231e1ad155d067d1535c41742a60ca9eed702dde22ab534eb8d404f8686f
Rastrigin,2,999,Local-Rank-No-Reliability,local_rank_no_reliability,34,"[-2.3284649108886946, -0.10638638046763038]",24.559425117134175,3.8362899107617032,41.48725250365528,20.723135206372472,0.5504012056861424,False,33,34,0.4895679920803729,0.9090909090909091,0.6565656565656566,1.5656565656565657,True,matching_Rastrigin_2_999::region_0,False,,1500,100,100,0,0,38b3e1a1dc01f868505faa140446f0352c3a2901c00fb7c7fd7c9ee9da092ef9,330037d190225109ef219e93d77bd35c060db06726d4dff7ea1150c3ee66ebf4,041ae066e8ebff113f4a69d2e16664e7f1b7c8ee65e11640591fb2cf32fc43b0,7142231e1ad155d067d1535c41742a60ca9eed702dde22ab534eb8d404f8686f
Rastrigin,2,999,Local-Rank+Reliability,local_rank_reliability,34,"[-2.3284649108886946, -0.10638638046763038]",24.559425117134175,3.8362899107617032,41.48725250365528,20.723135206372472,0.5504012056861424,False,33,34,0.19869089511876545,0.9090909090909091,0.6565656565656566,1.5656565656565657,True,matching_Rastrigin_2_999::region_0,False,,1500,100,100,0,0,38b3e1a1dc01f868505faa140446f0352c3a2901c00fb7c7fd7c9ee9da092ef9,330037d190225109ef219e93d77bd35c060db06726d4dff7ea1150c3ee66ebf4,041ae066e8ebff113f4a69d2e16664e7f1b7c8ee65e11640591fb2cf32fc43b0,7142231e1ad155d067d1535c41742a60ca9eed702dde22ab534eb8d404f8686f
Rastrigin,2,999,Reversed-Local-Rank,reversed_local_rank,63,"[-1.667441288409806, -0.4782869855005849]",19.339203813388547,3.8362899107617032,41.48725250365528,15.502913902626844,0.4117534542278326,False,22,63,0.19462384864120819,1.0,0.36363636363636365,1.3636363636363638,True,matching_Rastrigin_2_999::region_0,False,,1500,100,100,0,0,38b3e1a1dc01f868505faa140446f0352c3a2901c00fb7c7fd7c9ee9da092ef9,330037d190225109ef219e93d77bd35c060db06726d4dff7ea1150c3ee66ebf4,041ae066e8ebff113f4a69d2e16664e7f1b7c8ee65e11640591fb2cf32fc43b0,7142231e1ad155d067d1535c41742a60ca9eed702dde22ab534eb8d404f8686f
Rastrigin,2,1234,Target-Only,target_only,0,"[-3.89853227590918, 5.11492379376186]",55.41683066932589,14.49238804175598,53.079131888225525,40.92444262756991,1.0605829502069855,False,90,0,0.0,0.0,1.0,1.0,True,,False,,1500,100,100,0,0,9c9b7f1f2c3a0b54fe3c5151dfe3f2003eccba022b06c46f3b5a81851fda20e2,f00a9fe660139f452388b684d353105d5b38be1cab54dfdb2fda4310b45ca704,b947f117eaf3e5a59a5c63b31cdb0620c8a431cc68677f456b15cf548d8ad5c9,bdc8febc3e235a1897bd16327d6a2c054e1006d4b9ff800fb0a287183960c26a
Rastrigin,2,1234,Geometry-Only,geometry_only,2,"[1.0540413961475394, 5.112063789959884]",25.47597860329801,14.49238804175598,53.079131888225525,10.98359056154203,0.28464673270291924,False,10,2,0.12484484337425919,0.7575757575757576,0.9797979797979798,1.7373737373737375,True,matching_Rastrigin_2_1234::region_0,False,,1500,100,100,0,0,9c9b7f1f2c3a0b54fe3c5151dfe3f2003eccba022b06c46f3b5a81851fda20e2,f00a9fe660139f452388b684d353105d5b38be1cab54dfdb2fda4310b45ca704,b947f117eaf3e5a59a5c63b31cdb0620c8a431cc68677f456b15cf548d8ad5c9,bdc8febc3e235a1897bd16327d6a2c054e1006d4b9ff800fb0a287183960c26a
Rastrigin,2,1234,Local-Rank-No-Reliability,local_rank_no_reliability,10,"[1.9012891174504523, 5.0685658401781035]",20.388495745929927,14.49238804175598,53.079131888225525,5.8961077041739465,0.15280137986334405,True,2,10,0.06238776658621353,0.7575757575757576,0.898989898989899,1.6565656565656566,True,matching_Rastrigin_2_1234::region_0,False,,1500,100,100,0,0,9c9b7f1f2c3a0b54fe3c5151dfe3f2003eccba022b06c46f3b5a81851fda20e2,f00a9fe660139f452388b684d353105d5b38be1cab54dfdb2fda4310b45ca704,b947f117eaf3e5a59a5c63b31cdb0620c8a431cc68677f456b15cf548d8ad5c9,bdc8febc3e235a1897bd16327d6a2c054e1006d4b9ff800fb0a287183960c26a
Rastrigin,2,1234,Local-Rank+Reliability,local_rank_reliability,10,"[1.9012891174504523, 5.0685658401781035]",20.388495745929927,14.49238804175598,53.079131888225525,5.8961077041739465,0.15280137986334405,True,2,10,0.026867074131299854,0.7575757575757576,0.898989898989899,1.6565656565656566,True,matching_Rastrigin_2_1234::region_0,False,,1500,100,100,0,0,9c9b7f1f2c3a0b54fe3c5151dfe3f2003eccba022b06c46f3b5a81851fda20e2,f00a9fe660139f452388b684d353105d5b38be1cab54dfdb2fda4310b45ca704,b947f117eaf3e5a59a5c63b31cdb0620c8a431cc68677f456b15cf548d8ad5c9,bdc8febc3e235a1897bd16327d6a2c054e1006d4b9ff800fb0a287183960c26a
Rastrigin,2,1234,Reversed-Local-Rank,reversed_local_rank,2,"[1.0540413961475394, 5.112063789959884]",25.47597860329801,14.49238804175598,53.079131888225525,10.98359056154203,0.28464673270291924,False,10,2,0.04180390188887443,0.8888888888888888,0.9797979797979798,1.8686868686868685,True,matching_Rastrigin_2_1234::region_0,False,,1500,100,100,0,0,9c9b7f1f2c3a0b54fe3c5151dfe3f2003eccba022b06c46f3b5a81851fda20e2,f00a9fe660139f452388b684d353105d5b38be1cab54dfdb2fda4310b45ca704,b947f117eaf3e5a59a5c63b31cdb0620c8a431cc68677f456b15cf548d8ad5c9,bdc8febc3e235a1897bd16327d6a2c054e1006d4b9ff800fb0a287183960c26a
Rastrigin,2,5678,Target-Only,target_only,0,"[-4.956706151186695, 0.14868586766169045]",52.53623439171268,4.742095215921436,58.31094557513882,47.794139175791244,0.8922002032019994,False,86,0,0.0,0.0,1.0,1.0,True,,False,,1500,100,100,0,0,336784730fd4339f726913d0f3c7eae882d5dbd8c210c9ba43c78639358e6cdd,a7cc764bb05d9db3320e92dd9aa76a0c0b951b27937ef14a3a3169a6a51677e9,0bd55afb4d8ed0fed4375d183a4b0a5d8a3a77e13a985243fb5299631fdc2279,bddd423b0b0a5cb4d48d11cc8059d6b6954034a714baa8f383e99543dc2f059b
Rastrigin,2,5678,Geometry-Only,geometry_only,4,"[-1.7870932689829306, 0.14042483727776212]",22.45911807047467,4.742095215921436,58.31094557513882,17.717022854553235,0.33073367704828366,False,28,4,0.8867496681737136,0.9494949494949495,0.9595959595959596,1.9090909090909092,True,matching_Rastrigin_2_5678::region_0,False,,1500,100,100,0,0,336784730fd4339f726913d0f3c7eae882d5dbd8c210c9ba43c78639358e6cdd,a7cc764bb05d9db3320e92dd9aa76a0c0b951b27937ef14a3a3169a6a51677e9,0bd55afb4d8ed0fed4375d183a4b0a5d8a3a77e13a985243fb5299631fdc2279,bddd423b0b0a5cb4d48d11cc8059d6b6954034a714baa8f383e99543dc2f059b
Rastrigin,2,5678,Local-Rank-No-Reliability,local_rank_no_reliability,4,"[-1.7870932689829306, 0.14042483727776212]",22.45911807047467,4.742095215921436,58.31094557513882,17.717022854553235,0.33073367704828366,False,28,4,0.5601283267949415,0.9292929292929293,0.9595959595959596,1.8888888888888888,True,matching_Rastrigin_2_5678::region_0,False,,1500,100,100,0,0,336784730fd4339f726913d0f3c7eae882d5dbd8c210c9ba43c78639358e6cdd,a7cc764bb05d9db3320e92dd9aa76a0c0b951b27937ef14a3a3169a6a51677e9,0bd55afb4d8ed0fed4375d183a4b0a5d8a3a77e13a985243fb5299631fdc2279,bddd423b0b0a5cb4d48d11cc8059d6b6954034a714baa8f383e99543dc2f059b
Rastrigin,2,5678,Local-Rank+Reliability,local_rank_reliability,4,"[-1.7870932689829306, 0.14042483727776212]",22.45911807047467,4.742095215921436,58.31094557513882,17.717022854553235,0.33073367704828366,False,28,4,0.2534082069449966,0.9292929292929293,0.9595959595959596,1.8888888888888888,True,matching_Rastrigin_2_5678::region_0,False,,1500,100,100,0,0,336784730fd4339f726913d0f3c7eae882d5dbd8c210c9ba43c78639358e6cdd,a7cc764bb05d9db3320e92dd9aa76a0c0b951b27937ef14a3a3169a6a51677e9,0bd55afb4d8ed0fed4375d183a4b0a5d8a3a77e13a985243fb5299631fdc2279,bddd423b0b0a5cb4d48d11cc8059d6b6954034a714baa8f383e99543dc2f059b
Rastrigin,2,5678,Reversed-Local-Rank,reversed_local_rank,4,"[-1.7870932689829306, 0.14042483727776212]",22.45911807047467,4.742095215921436,58.31094557513882,17.717022854553235,0.33073367704828366,False,28,4,0.187884611037336,0.8787878787878788,0.9595959595959596,1.8383838383838382,True,matching_Rastrigin_2_5678::region_0,False,,1500,100,100,0,0,336784730fd4339f726913d0f3c7eae882d5dbd8c210c9ba43c78639358e6cdd,a7cc764bb05d9db3320e92dd9aa76a0c0b951b27937ef14a3a3169a6a51677e9,0bd55afb4d8ed0fed4375d183a4b0a5d8a3a77e13a985243fb5299631fdc2279,bddd423b0b0a5cb4d48d11cc8059d6b6954034a714baa8f383e99543dc2f059b
Rastrigin,2,8888,Target-Only,target_only,0,"[4.743641800367427, 5.025089245151901]",35.2787110244149,13.517845456805137,54.580739792947156,21.760865567609766,0.5299398865914006,False,34,0,0.0,0.0,1.0,1.0,True,,False,,1500,100,100,0,0,43063f143b2b943a641a594ed717ce95d2de43cacac6082075121e10e1a4553c,ecca13a5d07ddc8665dadaa51c2a49bb9adea65a2e001cace678af0f525f75a1,3ac30455d4892e4f104807e9874936a2d5e726b4435db604d52f0a8117727653,f33acc3fd5f47c8ea0d08af5e8f6fbccb133210cfa9084bebd19cf3a1dd942d6
Rastrigin,2,8888,Geometry-Only,geometry_only,4,"[0.7897781624721469, 4.96448910258933]",33.69938766476847,13.517845456805137,54.580739792947156,20.181542207963336,0.49147880426442075,False,30,4,0.10280706540127717,0.7878787878787878,0.9595959595959596,1.7474747474747474,True,matching_Rastrigin_2_8888::region_0,False,,1500,100,100,0,0,43063f143b2b943a641a594ed717ce95d2de43cacac6082075121e10e1a4553c,ecca13a5d07ddc8665dadaa51c2a49bb9adea65a2e001cace678af0f525f75a1,3ac30455d4892e4f104807e9874936a2d5e726b4435db604d52f0a8117727653,f33acc3fd5f47c8ea0d08af5e8f6fbccb133210cfa9084bebd19cf3a1dd942d6
Rastrigin,2,8888,Local-Rank-No-Reliability,local_rank_no_reliability,9,"[0.03146258287133907, 4.999383673332223]",37.32202555682422,13.517845456805137,54.580739792947156,23.804180100019085,0.5797004932277152,False,41,9,0.054222921579736974,0.8686868686868687,0.9090909090909091,1.7777777777777777,True,matching_Rastrigin_2_8888::region_0,False,,1500,100,100,0,0,43063f143b2b943a641a594ed717ce95d2de43cacac6082075121e10e1a4553c,ecca13a5d07ddc8665dadaa51c2a49bb9adea65a2e001cace678af0f525f75a1,3ac30455d4892e4f104807e9874936a2d5e726b4435db604d52f0a8117727653,f33acc3fd5f47c8ea0d08af5e8f6fbccb133210cfa9084bebd19cf3a1dd942d6
Rastrigin,2,8888,Local-Rank+Reliability,local_rank_reliability,9,"[0.03146258287133907, 4.999383673332223]",37.32202555682422,13.517845456805137,54.580739792947156,23.804180100019085,0.5797004932277152,False,41,9,0.013555730394934244,0.8686868686868687,0.9090909090909091,1.7777777777777777,True,matching_Rastrigin_2_8888::region_0,False,,1500,100,100,0,0,43063f143b2b943a641a594ed717ce95d2de43cacac6082075121e10e1a4553c,ecca13a5d07ddc8665dadaa51c2a49bb9adea65a2e001cace678af0f525f75a1,3ac30455d4892e4f104807e9874936a2d5e726b4435db604d52f0a8117727653,f33acc3fd5f47c8ea0d08af5e8f6fbccb133210cfa9084bebd19cf3a1dd942d6
Rastrigin,2,8888,Reversed-Local-Rank,reversed_local_rank,4,"[0.7897781624721469, 4.96448910258933]",33.69938766476847,13.517845456805137,54.580739792947156,20.181542207963336,0.49147880426442075,False,30,4,0.01961160474105346,0.8686868686868687,0.9595959595959596,1.8282828282828283,True,matching_Rastrigin_2_8888::region_0,False,,1500,100,100,0,0,43063f143b2b943a641a594ed717ce95d2de43cacac6082075121e10e1a4553c,ecca13a5d07ddc8665dadaa51c2a49bb9adea65a2e001cace678af0f525f75a1,3ac30455d4892e4f104807e9874936a2d5e726b4435db604d52f0a8117727653,f33acc3fd5f47c8ea0d08af5e8f6fbccb133210cfa9084bebd19cf3a1dd942d6
Lunacek,2,42,Target-Only,target_only,0,"[0.13852210749558758, 2.727472667599433]",18.600089840751806,4.2494459886429325,35.31223074468975,14.350643852108874,0.46198832348137475,False,29,0,0.0,0.0,1.0,1.0,True,,False,,1500,100,100,0,0,0b2ef36803479216bc70a9c774e9e9ab97ac99eb2aaaf2a96dcc87f55d6eb18e,3a954b9149b678b54330b9aadee41318ce48f1695b6d37d1a042c556620fec3c,73104dbfd81a9ce1129d5782d0cb37d7de39e19c926e689f40554925f6b8507e,df63dff509b50410289f88ff04670841aa03e8f995627be665bbc72e45ec9f30
Lunacek,2,42,Geometry-Only,geometry_only,4,"[0.14554140305279795, 2.503874327645301]",27.269321102646572,4.2494459886429325,35.31223074468975,23.01987511400364,0.7410757050532145,False,59,4,0.7170628924960256,0.8484848484848485,0.9595959595959596,1.808080808080808,True,matching_Lunacek_2_42::region_0,False,,1500,100,100,0,0,0b2ef36803479216bc70a9c774e9e9ab97ac99eb2aaaf2a96dcc87f55d6eb18e,3a954b9149b678b54330b9aadee41318ce48f1695b6d37d1a042c556620fec3c,73104dbfd81a9ce1129d5782d0cb37d7de39e19c926e689f40554925f6b8507e,df63dff509b50410289f88ff04670841aa03e8f995627be665bbc72e45ec9f30
Lunacek,2,42,Local-Rank-No-Reliability,local_rank_no_reliability,10,"[0.11316179374392465, 2.3816476993199185]",26.695201388701857,4.2494459886429325,35.31223074468975,22.445755400058925,0.722593147276969,False,57,10,0.47606773124855123,0.9090909090909091,0.898989898989899,1.808080808080808,True,matching_Lunacek_2_42::region_0,False,,1500,100,100,0,0,0b2ef36803479216bc70a9c774e9e9ab97ac99eb2aaaf2a96dcc87f55d6eb18e,3a954b9149b678b54330b9aadee41318ce48f1695b6d37d1a042c556620fec3c,73104dbfd81a9ce1129d5782d0cb37d7de39e19c926e689f40554925f6b8507e,df63dff509b50410289f88ff04670841aa03e8f995627be665bbc72e45ec9f30
Lunacek,2,42,Local-Rank+Reliability,local_rank_reliability,10,"[0.11316179374392465, 2.3816476993199185]",26.695201388701857,4.2494459886429325,35.31223074468975,22.445755400058925,0.722593147276969,False,57,10,0.1277748336636542,0.9090909090909091,0.898989898989899,1.808080808080808,True,matching_Lunacek_2_42::region_0,False,,1500,100,100,0,0,0b2ef36803479216bc70a9c774e9e9ab97ac99eb2aaaf2a96dcc87f55d6eb18e,3a954b9149b678b54330b9aadee41318ce48f1695b6d37d1a042c556620fec3c,73104dbfd81a9ce1129d5782d0cb37d7de39e19c926e689f40554925f6b8507e,df63dff509b50410289f88ff04670841aa03e8f995627be665bbc72e45ec9f30
Lunacek,2,42,Reversed-Local-Rank,reversed_local_rank,6,"[-0.7723584691479735, -2.3655775409003743]",18.66236219647409,4.2494459886429325,35.31223074468975,14.412916207831156,0.46399304894985227,False,32,6,0.11942496486828909,0.9393939393939394,0.9393939393939394,1.878787878787879,True,matching_Lunacek_2_42::region_0,False,,1500,100,100,0,0,0b2ef36803479216bc70a9c774e9e9ab97ac99eb2aaaf2a96dcc87f55d6eb18e,3a954b9149b678b54330b9aadee41318ce48f1695b6d37d1a042c556620fec3c,73104dbfd81a9ce1129d5782d0cb37d7de39e19c926e689f40554925f6b8507e,df63dff509b50410289f88ff04670841aa03e8f995627be665bbc72e45ec9f30
Lunacek,2,101,Target-Only,target_only,0,"[0.045542663433479014, 3.322687500993622]",29.819177793838595,15.214690646549961,43.80153742718963,14.604487147288634,0.5108813595062001,False,46,0,0.0,0.0,1.0,1.0,True,,False,,1500,100,100,0,0,938cbe6eb61ad2941e46942808eab8c751409400f5ee465349df1836338c829f,dc343d18e170518f8e8195ee82374382a7bd7c7f26908c1a508d7ca499fbb0d3,08e82eaa6bd0722e38c22f8738599648c7570b3aa6db578deb90f20a7e50d4ba,7ddd9472dd92da5757c7edf88a54a4cabcd9b9b6c9e54c715455403dd791f946
Lunacek,2,101,Geometry-Only,geometry_only,0,"[0.045542663433479014, 3.322687500993622]",29.819177793838595,15.214690646549961,43.80153742718963,14.604487147288634,0.5108813595062001,False,46,0,0.29648970478924924,0.898989898989899,1.0,1.898989898989899,True,matching_Lunacek_2_101::region_0,False,,1500,100,100,0,0,938cbe6eb61ad2941e46942808eab8c751409400f5ee465349df1836338c829f,dc343d18e170518f8e8195ee82374382a7bd7c7f26908c1a508d7ca499fbb0d3,08e82eaa6bd0722e38c22f8738599648c7570b3aa6db578deb90f20a7e50d4ba,7ddd9472dd92da5757c7edf88a54a4cabcd9b9b6c9e54c715455403dd791f946
Lunacek,2,101,Local-Rank-No-Reliability,local_rank_no_reliability,1,"[1.3699521250672975, 3.3193549915688987]",24.98904223228235,15.214690646549961,43.80153742718963,9.77435158573239,0.34191779389785765,False,24,1,0.17814799441825607,0.9090909090909091,0.98989898989899,1.898989898989899,True,matching_Lunacek_2_101::region_0,False,,1500,100,100,0,0,938cbe6eb61ad2941e46942808eab8c751409400f5ee465349df1836338c829f,dc343d18e170518f8e8195ee82374382a7bd7c7f26908c1a508d7ca499fbb0d3,08e82eaa6bd0722e38c22f8738599648c7570b3aa6db578deb90f20a7e50d4ba,7ddd9472dd92da5757c7edf88a54a4cabcd9b9b6c9e54c715455403dd791f946
Lunacek,2,101,Local-Rank+Reliability,local_rank_reliability,1,"[1.3699521250672975, 3.3193549915688987]",24.98904223228235,15.214690646549961,43.80153742718963,9.77435158573239,0.34191779389785765,False,24,1,0.054219300893678726,0.9090909090909091,0.98989898989899,1.898989898989899,True,matching_Lunacek_2_101::region_0,False,,1500,100,100,0,0,938cbe6eb61ad2941e46942808eab8c751409400f5ee465349df1836338c829f,dc343d18e170518f8e8195ee82374382a7bd7c7f26908c1a508d7ca499fbb0d3,08e82eaa6bd0722e38c22f8738599648c7570b3aa6db578deb90f20a7e50d4ba,7ddd9472dd92da5757c7edf88a54a4cabcd9b9b6c9e54c715455403dd791f946
Lunacek,2,101,Reversed-Local-Rank,reversed_local_rank,0,"[0.045542663433479014, 3.322687500993622]",29.819177793838595,15.214690646549961,43.80153742718963,14.604487147288634,0.5108813595062001,False,46,0,0.07341690072828452,0.9494949494949495,1.0,1.9494949494949494,True,matching_Lunacek_2_101::region_0,False,,1500,100,100,0,0,938cbe6eb61ad2941e46942808eab8c751409400f5ee465349df1836338c829f,dc343d18e170518f8e8195ee82374382a7bd7c7f26908c1a508d7ca499fbb0d3,08e82eaa6bd0722e38c22f8738599648c7570b3aa6db578deb90f20a7e50d4ba,7ddd9472dd92da5757c7edf88a54a4cabcd9b9b6c9e54c715455403dd791f946
Lunacek,2,2026,Target-Only,target_only,0,"[4.8424852507519365, 1.2202331352805595]",33.92693182601011,4.564567782266371,42.30120078768691,29.36236404374374,0.7780864826898068,False,76,0,0.0,0.0,1.0,1.0,True,,False,,1500,100,100,0,0,e7a18ba80c4b01a77bf063ed7b3cd90474c5f05a9cfbc565ae3f0b6124d367c5,bdc176372750e1a52bac80772555ec26bc8fd156e1117bc2caff91ac513fa553,9d49ba7c3607ca6b06a119aa830bcd8105871c35a43d1d0e95385fbb42fbfb78,4c3a1da5e70cb241bfc950fc3ead7fa9bbf4deca42b80933fef56957bdb92f06
Lunacek,2,2026,Geometry-Only,geometry_only,30,"[3.901147935965451, 0.6841569054501253]",38.502856594088726,4.564567782266371,42.30120078768691,33.93828881182235,0.8993459699212544,False,81,30,0.24274595211068972,0.8282828282828283,0.696969696969697,1.5252525252525253,True,matching_Lunacek_2_2026::region_0,False,,1500,100,100,0,0,e7a18ba80c4b01a77bf063ed7b3cd90474c5f05a9cfbc565ae3f0b6124d367c5,bdc176372750e1a52bac80772555ec26bc8fd156e1117bc2caff91ac513fa553,9d49ba7c3607ca6b06a119aa830bcd8105871c35a43d1d0e95385fbb42fbfb78,4c3a1da5e70cb241bfc950fc3ead7fa9bbf4deca42b80933fef56957bdb92f06
Lunacek,2,2026,Local-Rank-No-Reliability,local_rank_no_reliability,30,"[3.901147935965451, 0.6841569054501253]",38.502856594088726,4.564567782266371,42.30120078768691,33.93828881182235,0.8993459699212544,False,81,30,0.14769839235422935,0.8585858585858586,0.696969696969697,1.5555555555555556,True,matching_Lunacek_2_2026::region_0,False,,1500,100,100,0,0,e7a18ba80c4b01a77bf063ed7b3cd90474c5f05a9cfbc565ae3f0b6124d367c5,bdc176372750e1a52bac80772555ec26bc8fd156e1117bc2caff91ac513fa553,9d49ba7c3607ca6b06a119aa830bcd8105871c35a43d1d0e95385fbb42fbfb78,4c3a1da5e70cb241bfc950fc3ead7fa9bbf4deca42b80933fef56957bdb92f06
Lunacek,2,2026,Local-Rank+Reliability,local_rank_reliability,30,"[3.901147935965451, 0.6841569054501253]",38.502856594088726,4.564567782266371,42.30120078768691,33.93828881182235,0.8993459699212544,False,81,30,0.03692459808855734,0.8585858585858586,0.696969696969697,1.5555555555555556,True,matching_Lunacek_2_2026::region_0,False,,1500,100,100,0,0,e7a18ba80c4b01a77bf063ed7b3cd90474c5f05a9cfbc565ae3f0b6124d367c5,bdc176372750e1a52bac80772555ec26bc8fd156e1117bc2caff91ac513fa553,9d49ba7c3607ca6b06a119aa830bcd8105871c35a43d1d0e95385fbb42fbfb78,4c3a1da5e70cb241bfc950fc3ead7fa9bbf4deca42b80933fef56957bdb92f06
Lunacek,2,2026,Reversed-Local-Rank,reversed_local_rank,29,"[3.9192556306106887, 0.59845911814765]",42.55480969987411,4.564567782266371,42.30120078768691,37.99024191760774,1.0067204965570398,False,90,29,0.030379097332725855,0.8282828282828283,0.7070707070707071,1.5353535353535355,True,matching_Lunacek_2_2026::region_0,False,,1500,100,100,0,0,e7a18ba80c4b01a77bf063ed7b3cd90474c5f05a9cfbc565ae3f0b6124d367c5,bdc176372750e1a52bac80772555ec26bc8fd156e1117bc2caff91ac513fa553,9d49ba7c3607ca6b06a119aa830bcd8105871c35a43d1d0e95385fbb42fbfb78,4c3a1da5e70cb241bfc950fc3ead7fa9bbf4deca42b80933fef56957bdb92f06
Lunacek,2,777,Target-Only,target_only,0,"[-3.9333710427651134, 4.597329920783469]",15.41982079639401,6.540367536695193,34.623962174961335,8.879453259698817,0.3161793699870547,False,20,0,0.0,0.0,1.0,1.0,True,,False,,1500,100,100,0,0,8b6a77a7e7d58ac7678cad438d6308828010cd468d990665e608a0e06728f8dd,8ae43effb7d6afb5d3ee373bb74024626b47bbeded73efa427d6a8432cbb640a,735ecf216db2ed775ee05913e93c7b832d11b6d1bc89127ef6de23b67b74e9c0,1c9a50f3b2496961a49d3ac4520eee716379be754c46c9356a97e4044eeda002
Lunacek,2,777,Geometry-Only,geometry_only,9,"[-0.6695388862867286, 4.604903313553239]",29.810033709192734,6.540367536695193,34.623962174961335,23.26966617249754,0.8285857445325308,False,75,9,0.16779696836894456,0.8686868686868687,0.9090909090909091,1.7777777777777777,True,matching_Lunacek_2_777::region_0,False,,1500,100,100,0,0,8b6a77a7e7d58ac7678cad438d6308828010cd468d990665e608a0e06728f8dd,8ae43effb7d6afb5d3ee373bb74024626b47bbeded73efa427d6a8432cbb640a,735ecf216db2ed775ee05913e93c7b832d11b6d1bc89127ef6de23b67b74e9c0,1c9a50f3b2496961a49d3ac4520eee716379be754c46c9356a97e4044eeda002
Lunacek,2,777,Local-Rank-No-Reliability,local_rank_no_reliability,22,"[0.8302606071133889, 4.626521515011596]",16.183154886584095,6.540367536695193,34.623962174961335,9.642787349888902,0.3433601529324823,False,22,22,0.15951842328771548,1.0,0.7777777777777778,1.7777777777777777,True,matching_Lunacek_2_777::region_0,False,,1500,100,100,0,0,8b6a77a7e7d58ac7678cad438d6308828010cd468d990665e608a0e06728f8dd,8ae43effb7d6afb5d3ee373bb74024626b47bbeded73efa427d6a8432cbb640a,735ecf216db2ed775ee05913e93c7b832d11b6d1bc89127ef6de23b67b74e9c0,1c9a50f3b2496961a49d3ac4520eee716379be754c46c9356a97e4044eeda002
Lunacek,2,777,Local-Rank+Reliability,local_rank_reliability,22,"[0.8302606071133889, 4.626521515011596]",16.183154886584095,6.540367536695193,34.623962174961335,9.642787349888902,0.3433601529324823,False,22,22,0.058086978370429934,1.0,0.7777777777777778,1.7777777777777777,True,matching_Lunacek_2_777::region_0,False,,1500,100,100,0,0,8b6a77a7e7d58ac7678cad438d6308828010cd468d990665e608a0e06728f8dd,8ae43effb7d6afb5d3ee373bb74024626b47bbeded73efa427d6a8432cbb640a,735ecf216db2ed775ee05913e93c7b832d11b6d1bc89127ef6de23b67b74e9c0,1c9a50f3b2496961a49d3ac4520eee716379be754c46c9356a97e4044eeda002
Lunacek,2,777,Reversed-Local-Rank,reversed_local_rank,9,"[-0.6695388862867286, 4.604903313553239]",29.810033709192734,6.540367536695193,34.623962174961335,23.26966617249754,0.8285857445325308,False,75,9,0.03635652727445933,0.9090909090909091,0.9090909090909091,1.8181818181818181,True,matching_Lunacek_2_777::region_0,False,,1500,100,100,0,0,8b6a77a7e7d58ac7678cad438d6308828010cd468d990665e608a0e06728f8dd,8ae43effb7d6afb5d3ee373bb74024626b47bbeded73efa427d6a8432cbb640a,735ecf216db2ed775ee05913e93c7b832d11b6d1bc89127ef6de23b67b74e9c0,1c9a50f3b2496961a49d3ac4520eee716379be754c46c9356a97e4044eeda002
Lunacek,2,999,Target-Only,target_only,0,"[3.80197377086251, 0.95187341512431]",27.17597526024302,1.2913938498041173,31.543947272534975,25.884581410438905,0.8556164185132885,False,83,0,0.0,0.0,1.0,1.0,True,,False,,1500,100,100,0,0,4121479fc65ed8cafdc58c6ce17f43ef8f9c2f8e8d113ca547011acd5822401f,b5fa39c9af88136f50ea02a8c51b02efdab9851c5370eb0b5b458f1288ea9e70,258099eac8faff5f2f748735d0789461928b8bebd30abf85fd69aca6c52cd8e4,bb5a556f41b65a0a0042440ef92086b728bb6c5fe6aa232c05f3a6ed18cae682
Lunacek,2,999,Geometry-Only,geometry_only,4,"[-0.6387588250533591, 1.0202744014714904]",7.928003040067728,1.2913938498041173,31.543947272534975,6.636609190263611,0.2193735218818608,False,10,4,0.8090126116654016,0.9494949494949495,0.9595959595959596,1.9090909090909092,True,matching_Lunacek_2_999::region_0,False,,1500,100,100,0,0,4121479fc65ed8cafdc58c6ce17f43ef8f9c2f8e8d113ca547011acd5822401f,b5fa39c9af88136f50ea02a8c51b02efdab9851c5370eb0b5b458f1288ea9e70,258099eac8faff5f2f748735d0789461928b8bebd30abf85fd69aca6c52cd8e4,bb5a556f41b65a0a0042440ef92086b728bb6c5fe6aa232c05f3a6ed18cae682
Lunacek,2,999,Local-Rank-No-Reliability,local_rank_no_reliability,4,"[-0.6387588250533591, 1.0202744014714904]",7.928003040067728,1.2913938498041173,31.543947272534975,6.636609190263611,0.2193735218818608,False,10,4,0.4880047579934094,0.9393939393939394,0.9595959595959596,1.898989898989899,True,matching_Lunacek_2_999::region_0,False,,1500,100,100,0,0,4121479fc65ed8cafdc58c6ce17f43ef8f9c2f8e8d113ca547011acd5822401f,b5fa39c9af88136f50ea02a8c51b02efdab9851c5370eb0b5b458f1288ea9e70,258099eac8faff5f2f748735d0789461928b8bebd30abf85fd69aca6c52cd8e4,bb5a556f41b65a0a0042440ef92086b728bb6c5fe6aa232c05f3a6ed18cae682
Lunacek,2,999,Local-Rank+Reliability,local_rank_reliability,4,"[-0.6387588250533591, 1.0202744014714904]",7.928003040067728,1.2913938498041173,31.543947272534975,6.636609190263611,0.2193735218818608,False,10,4,0.16952496265793382,0.9393939393939394,0.9595959595959596,1.898989898989899,True,matching_Lunacek_2_999::region_0,False,,1500,100,100,0,0,4121479fc65ed8cafdc58c6ce17f43ef8f9c2f8e8d113ca547011acd5822401f,b5fa39c9af88136f50ea02a8c51b02efdab9851c5370eb0b5b458f1288ea9e70,258099eac8faff5f2f748735d0789461928b8bebd30abf85fd69aca6c52cd8e4,bb5a556f41b65a0a0042440ef92086b728bb6c5fe6aa232c05f3a6ed18cae682
Lunacek,2,999,Reversed-Local-Rank,reversed_local_rank,6,"[-1.355756708177871, 0.9956360748069484]",23.9807664163232,1.2913938498041173,31.543947272534975,22.689372566519083,0.7499985951424176,False,68,6,0.2436577927655614,1.0,0.9393939393939394,1.9393939393939394,True,matching_Lunacek_2_999::region_0,False,,1500,100,100,0,0,4121479fc65ed8cafdc58c6ce17f43ef8f9c2f8e8d113ca547011acd5822401f,b5fa39c9af88136f50ea02a8c51b02efdab9851c5370eb0b5b458f1288ea9e70,258099eac8faff5f2f748735d0789461928b8bebd30abf85fd69aca6c52cd8e4,bb5a556f41b65a0a0042440ef92086b728bb6c5fe6aa232c05f3a6ed18cae682
Lunacek,2,1234,Target-Only,target_only,0,"[3.244264476114111, 1.7475053327760834]",7.946688630603347,3.5822146022384938,34.70234906682016,4.364474028364853,0.14024598876113895,True,9,0,0.0,0.0,1.0,1.0,True,,False,,1500,100,100,0,0,063a5ceb8035d192e6c221bf0f7885240f343d3489d93e46d5712ba5cc91be8a,d01dfc3fdf48739a7ea77ef8540388915bbe55fd103dc1dc973808dcd31c39d3,c58f65cc28abe5b27dc91646dc7c733aacc718ef08ea67c8208321fdbc762949,7527bbd69cb1bef451efdc51b8d42e0207ad2f501c9a32940357236f29c5b0a8
Lunacek,2,1234,Geometry-Only,geometry_only,8,"[0.004360347410543142, 1.8308657275170823]",9.703105693001337,3.5822146022384938,34.70234906682016,6.120891090762843,0.19668588185983352,False,14,8,0.5721834912768065,0.9191919191919192,0.9191919191919192,1.8383838383838385,True,matching_Lunacek_2_1234::region_0,False,,1500,100,100,0,0,063a5ceb8035d192e6c221bf0f7885240f343d3489d93e46d5712ba5cc91be8a,d01dfc3fdf48739a7ea77ef8540388915bbe55fd103dc1dc973808dcd31c39d3,c58f65cc28abe5b27dc91646dc7c733aacc718ef08ea67c8208321fdbc762949,7527bbd69cb1bef451efdc51b8d42e0207ad2f501c9a32940357236f29c5b0a8
Lunacek,2,1234,Local-Rank-No-Reliability,local_rank_no_reliability,7,"[0.4649300043671145, 1.7950862523672617]",19.558651387068576,3.5822146022384938,34.70234906682016,15.976436784830081,0.5133794265257152,False,46,7,0.29960595139325813,0.8585858585858586,0.9292929292929293,1.7878787878787878,True,matching_Lunacek_2_1234::region_0,False,,1500,100,100,0,0,063a5ceb8035d192e6c221bf0f7885240f343d3489d93e46d5712ba5cc91be8a,d01dfc3fdf48739a7ea77ef8540388915bbe55fd103dc1dc973808dcd31c39d3,c58f65cc28abe5b27dc91646dc7c733aacc718ef08ea67c8208321fdbc762949,7527bbd69cb1bef451efdc51b8d42e0207ad2f501c9a32940357236f29c5b0a8
Lunacek,2,1234,Local-Rank+Reliability,local_rank_reliability,7,"[0.4649300043671145, 1.7950862523672617]",19.558651387068576,3.5822146022384938,34.70234906682016,15.976436784830081,0.5133794265257152,False,46,7,0.07490148784831453,0.8585858585858586,0.9292929292929293,1.7878787878787878,True,matching_Lunacek_2_1234::region_0,False,,1500,100,100,0,0,063a5ceb8035d192e6c221bf0f7885240f343d3489d93e46d5712ba5cc91be8a,d01dfc3fdf48739a7ea77ef8540388915bbe55fd103dc1dc973808dcd31c39d3,c58f65cc28abe5b27dc91646dc7c733aacc718ef08ea67c8208321fdbc762949,7527bbd69cb1bef451efdc51b8d42e0207ad2f501c9a32940357236f29c5b0a8
Lunacek,2,1234,Reversed-Local-Rank,reversed_local_rank,8,"[0.004360347410543142, 1.8308657275170823]",9.703105693001337,3.5822146022384938,34.70234906682016,6.120891090762843,0.19668588185983352,False,14,8,0.08408663760921141,0.9494949494949495,0.9191919191919192,1.8686868686868687,True,matching_Lunacek_2_1234::region_0,False,,1500,100,100,0,0,063a5ceb8035d192e6c221bf0f7885240f343d3489d93e46d5712ba5cc91be8a,d01dfc3fdf48739a7ea77ef8540388915bbe55fd103dc1dc973808dcd31c39d3,c58f65cc28abe5b27dc91646dc7c733aacc718ef08ea67c8208321fdbc762949,7527bbd69cb1bef451efdc51b8d42e0207ad2f501c9a32940357236f29c5b0a8
Lunacek,2,5678,Target-Only,target_only,0,"[0.536859851404814, -2.7309264188602542]",21.819495341969205,5.727177985241127,37.110154680380845,16.092317356728078,0.5127721794223649,False,40,0,0.0,0.0,1.0,1.0,True,,False,,1500,100,100,0,0,1b001ad5d773d94793eab05d8c8bc550b5ad02cd3104cd6d4c32c5b79b3e0d50,203a6dd389e68e48959b9706265abbb9542776f7ba85c84afef84f3d3bdc5bcf,17b02348831d71638c8fb84048ac5ce26957271f4df96a94ad3ef8a7f6a4d334,daeef656e951a17b078d2b867fb2f032af00fab4e3715d34a0d69fd3e384b2e7
Lunacek,2,5678,Geometry-Only,geometry_only,4,"[-3.52684040283735, -2.751860584120851]",23.189942809973786,5.727177985241127,37.110154680380845,17.46276482473266,0.5564406778352902,False,48,4,0.7108154323016453,0.9696969696969697,0.9595959595959596,1.9292929292929293,True,matching_Lunacek_2_5678::region_0,False,,1500,100,100,0,0,1b001ad5d773d94793eab05d8c8bc550b5ad02cd3104cd6d4c32c5b79b3e0d50,203a6dd389e68e48959b9706265abbb9542776f7ba85c84afef84f3d3bdc5bcf,17b02348831d71638c8fb84048ac5ce26957271f4df96a94ad3ef8a7f6a4d334,daeef656e951a17b078d2b867fb2f032af00fab4e3715d34a0d69fd3e384b2e7
Lunacek,2,5678,Local-Rank-No-Reliability,local_rank_no_reliability,4,"[-3.52684040283735, -2.751860584120851]",23.189942809973786,5.727177985241127,37.110154680380845,17.46276482473266,0.5564406778352902,False,48,4,0.39013810470378246,0.9696969696969697,0.9595959595959596,1.9292929292929293,True,matching_Lunacek_2_5678::region_0,False,,1500,100,100,0,0,1b001ad5d773d94793eab05d8c8bc550b5ad02cd3104cd6d4c32c5b79b3e0d50,203a6dd389e68e48959b9706265abbb9542776f7ba85c84afef84f3d3bdc5bcf,17b02348831d71638c8fb84048ac5ce26957271f4df96a94ad3ef8a7f6a4d334,daeef656e951a17b078d2b867fb2f032af00fab4e3715d34a0d69fd3e384b2e7
Lunacek,2,5678,Local-Rank+Reliability,local_rank_reliability,4,"[-3.52684040283735, -2.751860584120851]",23.189942809973786,5.727177985241127,37.110154680380845,17.46276482473266,0.5564406778352902,False,48,4,0.09937818222455036,0.9696969696969697,0.9595959595959596,1.9292929292929293,True,matching_Lunacek_2_5678::region_0,False,,1500,100,100,0,0,1b001ad5d773d94793eab05d8c8bc550b5ad02cd3104cd6d4c32c5b79b3e0d50,203a6dd389e68e48959b9706265abbb9542776f7ba85c84afef84f3d3bdc5bcf,17b02348831d71638c8fb84048ac5ce26957271f4df96a94ad3ef8a7f6a4d334,daeef656e951a17b078d2b867fb2f032af00fab4e3715d34a0d69fd3e384b2e7
Lunacek,2,5678,Reversed-Local-Rank,reversed_local_rank,4,"[-3.52684040283735, -2.751860584120851]",23.189942809973786,5.727177985241127,37.110154680380845,17.46276482473266,0.5564406778352902,False,48,4,0.09979103292868982,0.9797979797979798,0.9595959595959596,1.9393939393939394,True,matching_Lunacek_2_5678::region_0,False,,1500,100,100,0,0,1b001ad5d773d94793eab05d8c8bc550b5ad02cd3104cd6d4c32c5b79b3e0d50,203a6dd389e68e48959b9706265abbb9542776f7ba85c84afef84f3d3bdc5bcf,17b02348831d71638c8fb84048ac5ce26957271f4df96a94ad3ef8a7f6a4d334,daeef656e951a17b078d2b867fb2f032af00fab4e3715d34a0d69fd3e384b2e7
Lunacek,2,8888,Target-Only,target_only,0,"[-4.82176170470804, -3.679954309348105]",10.217962515792006,3.0410461251201775,37.90071471753833,7.176916390671829,0.20588022435281503,True,8,0,0.0,0.0,1.0,1.0,True,,False,,1500,100,100,0,0,230dc7b9a084b110809ea5fd0479726acae324ec760878d41bd719e3d8cbb446,058a0c032c8620ae520ae6a1f5b6cc5bb17e57c583a0bcc4618db5c8fde9ad6c,799f5e93dcdbaa37d19450cfaeefb3b3efa1a0aee1534f0c683e9e24e17f7920,17f2f0dd5cb8fa2651d94772a07f157aac286a1529345f1769fc4ee4f8c35708
Lunacek,2,8888,Geometry-Only,geometry_only,8,"[-0.44280972954570785, -0.36907132608871507]",34.449783387720316,3.0410461251201775,37.90071471753833,31.408737262600138,0.9010050448222396,False,77,8,0.8544604982920582,0.8686868686868687,0.9191919191919192,1.787878787878788,True,matching_Lunacek_2_8888::region_0,False,,1500,100,100,0,0,230dc7b9a084b110809ea5fd0479726acae324ec760878d41bd719e3d8cbb446,058a0c032c8620ae520ae6a1f5b6cc5bb17e57c583a0bcc4618db5c8fde9ad6c,799f5e93dcdbaa37d19450cfaeefb3b3efa1a0aee1534f0c683e9e24e17f7920,17f2f0dd5cb8fa2651d94772a07f157aac286a1529345f1769fc4ee4f8c35708
Lunacek,2,8888,Local-Rank-No-Reliability,local_rank_no_reliability,8,"[-0.44280972954570785, -0.36907132608871507]",34.449783387720316,3.0410461251201775,37.90071471753833,31.408737262600138,0.9010050448222396,False,77,8,0.4538240850214523,0.8282828282828283,0.9191919191919192,1.7474747474747474,True,matching_Lunacek_2_8888::region_0,False,,1500,100,100,0,0,230dc7b9a084b110809ea5fd0479726acae324ec760878d41bd719e3d8cbb446,058a0c032c8620ae520ae6a1f5b6cc5bb17e57c583a0bcc4618db5c8fde9ad6c,799f5e93dcdbaa37d19450cfaeefb3b3efa1a0aee1534f0c683e9e24e17f7920,17f2f0dd5cb8fa2651d94772a07f157aac286a1529345f1769fc4ee4f8c35708
Lunacek,2,8888,Local-Rank+Reliability,local_rank_reliability,8,"[-0.44280972954570785, -0.36907132608871507]",34.449783387720316,3.0410461251201775,37.90071471753833,31.408737262600138,0.9010050448222396,False,77,8,0.13902935747634557,0.8282828282828283,0.9191919191919192,1.7474747474747474,True,matching_Lunacek_2_8888::region_0,False,,1500,100,100,0,0,230dc7b9a084b110809ea5fd0479726acae324ec760878d41bd719e3d8cbb446,058a0c032c8620ae520ae6a1f5b6cc5bb17e57c583a0bcc4618db5c8fde9ad6c,799f5e93dcdbaa37d19450cfaeefb3b3efa1a0aee1534f0c683e9e24e17f7920,17f2f0dd5cb8fa2651d94772a07f157aac286a1529345f1769fc4ee4f8c35708
Lunacek,2,8888,Reversed-Local-Rank,reversed_local_rank,6,"[-0.3283130340948226, -0.4699284089278253]",37.71031256581571,3.0410461251201775,37.90071471753833,34.66926644069554,0.9945380389598991,False,88,6,0.148200558584085,0.8585858585858586,0.9393939393939394,1.797979797979798,True,matching_Lunacek_2_8888::region_0,False,,1500,100,100,0,0,230dc7b9a084b110809ea5fd0479726acae324ec760878d41bd719e3d8cbb446,058a0c032c8620ae520ae6a1f5b6cc5bb17e57c583a0bcc4618db5c8fde9ad6c,799f5e93dcdbaa37d19450cfaeefb3b3efa1a0aee1534f0c683e9e24e17f7920,17f2f0dd5cb8fa2651d94772a07f157aac286a1529345f1769fc4ee4f8c35708
Ackley,2,42,Target-Only,target_only,0,"[-4.325659110436578, 2.2465330109311576]",11.441566658679296,4.905105268452878,12.054259736078595,6.5364613902264175,0.9142985257663933,False,80,0,0.0,0.0,1.0,1.0,True,,False,,1500,100,100,0,0,bd88acd2393b9dacc47e9c7b2e3b0cc1f1d57a6983777f6e20832c0380658865,4f1c5c40b67d7517bace3b8b885d2418f44db2a76999e64bdb32fa4153651624,7a1193ff7a709f4ea64fd7bbe8f1a12f4c6f893302a333b010ac8197444f6437,1fadff9084120619c80e53bf904e645a21a77cd537057c962d75984b9dfbcc2d
Ackley,2,42,Geometry-Only,geometry_only,5,"[0.25766762285618583, 2.2701020502125244]",8.284834074600973,4.905105268452878,12.054259736078595,3.379728806148094,0.47274524860987166,False,29,5,0.0981837344099015,0.8585858585858586,0.9494949494949495,1.808080808080808,True,matching_Ackley_2_42::region_0,False,,1500,100,100,0,0,bd88acd2393b9dacc47e9c7b2e3b0cc1f1d57a6983777f6e20832c0380658865,4f1c5c40b67d7517bace3b8b885d2418f44db2a76999e64bdb32fa4153651624,7a1193ff7a709f4ea64fd7bbe8f1a12f4c6f893302a333b010ac8197444f6437,1fadff9084120619c80e53bf904e645a21a77cd537057c962d75984b9dfbcc2d
Ackley,2,42,Local-Rank-No-Reliability,local_rank_no_reliability,5,"[0.25766762285618583, 2.2701020502125244]",8.284834074600973,4.905105268452878,12.054259736078595,3.379728806148094,0.47274524860987166,False,29,5,0.0798771429459125,0.8787878787878788,0.9494949494949495,1.8282828282828283,True,matching_Ackley_2_42::region_0,False,,1500,100,100,0,0,bd88acd2393b9dacc47e9c7b2e3b0cc1f1d57a6983777f6e20832c0380658865,4f1c5c40b67d7517bace3b8b885d2418f44db2a76999e64bdb32fa4153651624,7a1193ff7a709f4ea64fd7bbe8f1a12f4c6f893302a333b010ac8197444f6437,1fadff9084120619c80e53bf904e645a21a77cd537057c962d75984b9dfbcc2d
Ackley,2,42,Local-Rank+Reliability,local_rank_reliability,5,"[0.25766762285618583, 2.2701020502125244]",8.284834074600973,4.905105268452878,12.054259736078595,3.379728806148094,0.47274524860987166,False,29,5,0.07384977826064341,0.8787878787878788,0.9494949494949495,1.8282828282828283,True,matching_Ackley_2_42::region_0,False,,1500,100,100,0,0,bd88acd2393b9dacc47e9c7b2e3b0cc1f1d57a6983777f6e20832c0380658865,4f1c5c40b67d7517bace3b8b885d2418f44db2a76999e64bdb32fa4153651624,7a1193ff7a709f4ea64fd7bbe8f1a12f4c6f893302a333b010ac8197444f6437,1fadff9084120619c80e53bf904e645a21a77cd537057c962d75984b9dfbcc2d
Ackley,2,42,Reversed-Local-Rank,reversed_local_rank,8,"[-0.6530720923411231, 2.2404014165370096]",7.8288441052589075,4.905105268452878,12.054259736078595,2.923738836806029,0.40896288505807354,False,16,8,0.041750010106397645,0.9393939393939394,0.9191919191919192,1.8585858585858586,True,matching_Ackley_2_42::region_0,False,,1500,100,100,0,0,bd88acd2393b9dacc47e9c7b2e3b0cc1f1d57a6983777f6e20832c0380658865,4f1c5c40b67d7517bace3b8b885d2418f44db2a76999e64bdb32fa4153651624,7a1193ff7a709f4ea64fd7bbe8f1a12f4c6f893302a333b010ac8197444f6437,1fadff9084120619c80e53bf904e645a21a77cd537057c962d75984b9dfbcc2d
Ackley,2,101,Target-Only,target_only,0,"[1.090354755807109, 4.606184312846631]",10.105045692012025,3.701869532881393,10.41011048424296,6.403176159130632,0.9545238767595228,False,71,0,0.0,0.0,1.0,1.0,True,,False,,1500,100,100,0,0,b8ef387eac396b86d1ace7134cb64dfd89f4ae3918151b34c064a3a1abe2f8c1,61e1416d9906cc0abdf8cde4abd4bbeb56f0f71d693507b7cdab41d4b7a08ea7,95f7169deccf79039af5a7557edf896c92dd48c3222ad5a7c9a964e2984bb830,359a5d5ee93e5d15eda6422f06e23560e424ec6d7954b31cbe1127c123803b8a
Ackley,2,101,Geometry-Only,geometry_only,9,"[0.6987030651389459, 3.1171594179906155]",5.915728623450857,3.701869532881393,10.41011048424296,2.2138590905694637,0.33002080673922696,False,20,9,0.26370801436516017,0.7070707070707071,0.9090909090909091,1.6161616161616161,True,matching_Ackley_2_101::region_0,False,,1500,100,100,0,0,b8ef387eac396b86d1ace7134cb64dfd89f4ae3918151b34c064a3a1abe2f8c1,61e1416d9906cc0abdf8cde4abd4bbeb56f0f71d693507b7cdab41d4b7a08ea7,95f7169deccf79039af5a7557edf896c92dd48c3222ad5a7c9a964e2984bb830,359a5d5ee93e5d15eda6422f06e23560e424ec6d7954b31cbe1127c123803b8a
Ackley,2,101,Local-Rank-No-Reliability,local_rank_no_reliability,9,"[0.6987030651389459, 3.1171594179906155]",5.915728623450857,3.701869532881393,10.41011048424296,2.2138590905694637,0.33002080673922696,False,20,9,0.20246248961709634,0.7070707070707071,0.9090909090909091,1.6161616161616161,True,matching_Ackley_2_101::region_0,False,,1500,100,100,0,0,b8ef387eac396b86d1ace7134cb64dfd89f4ae3918151b34c064a3a1abe2f8c1,61e1416d9906cc0abdf8cde4abd4bbeb56f0f71d693507b7cdab41d4b7a08ea7,95f7169deccf79039af5a7557edf896c92dd48c3222ad5a7c9a964e2984bb830,359a5d5ee93e5d15eda6422f06e23560e424ec6d7954b31cbe1127c123803b8a
Ackley,2,101,Local-Rank+Reliability,local_rank_reliability,9,"[0.6987030651389459, 3.1171594179906155]",5.915728623450857,3.701869532881393,10.41011048424296,2.2138590905694637,0.33002080673922696,False,20,9,0.1919273132683279,0.7070707070707071,0.9090909090909091,1.6161616161616161,True,matching_Ackley_2_101::region_0,False,,1500,100,100,0,0,b8ef387eac396b86d1ace7134cb64dfd89f4ae3918151b34c064a3a1abe2f8c1,61e1416d9906cc0abdf8cde4abd4bbeb56f0f71d693507b7cdab41d4b7a08ea7,95f7169deccf79039af5a7557edf896c92dd48c3222ad5a7c9a964e2984bb830,359a5d5ee93e5d15eda6422f06e23560e424ec6d7954b31cbe1127c123803b8a
Ackley,2,101,Reversed-Local-Rank,reversed_local_rank,22,"[0.7239389486171754, 2.4518218944379413]",5.54285149745057,3.701869532881393,10.41011048424296,1.8409819645691772,0.2744358734155955,False,19,22,0.09848485036831414,0.98989898989899,0.7777777777777778,1.7676767676767677,True,matching_Ackley_2_101::region_0,False,,1500,100,100,0,0,b8ef387eac396b86d1ace7134cb64dfd89f4ae3918151b34c064a3a1abe2f8c1,61e1416d9906cc0abdf8cde4abd4bbeb56f0f71d693507b7cdab41d4b7a08ea7,95f7169deccf79039af5a7557edf896c92dd48c3222ad5a7c9a964e2984bb830,359a5d5ee93e5d15eda6422f06e23560e424ec6d7954b31cbe1127c123803b8a
Ackley,2,2026,Target-Only,target_only,0,"[-2.4727404592068822, -1.1676295555869731]",7.339831475463573,5.2314904116412215,13.346263901533211,2.108341063822351,0.25981514659017474,False,15,0,0.0,0.0,1.0,1.0,True,,False,,1500,100,100,0,0,6892f902340bdb687c5fa41fa89974cb58f6ddbd7002d57f6bf6f7bf4a584bac,cf6b0464fe2e905e95ab0f3631530f9003c7c34e747c8d5e9d9d1b49919dc522,aeeac1d468b5336ab0d5330a6ac309b1a0138d9407508340f077f4324a0a4181,5d85206aec7092b25f0bd9494c60819fa9149f25a771ff70d78cec50b097c0fb
Ackley,2,2026,Geometry-Only,geometry_only,7,"[-2.4482017234735554, -0.06063225276822681]",7.119767942145977,5.2314904116412215,13.346263901533211,1.8882775305047552,0.23269627092571982,False,12,7,0.37756433540371,0.9595959595959596,0.9292929292929293,1.8888888888888888,True,matching_Ackley_2_2026::region_0,False,,1500,100,100,0,0,6892f902340bdb687c5fa41fa89974cb58f6ddbd7002d57f6bf6f7bf4a584bac,cf6b0464fe2e905e95ab0f3631530f9003c7c34e747c8d5e9d9d1b49919dc522,aeeac1d468b5336ab0d5330a6ac309b1a0138d9407508340f077f4324a0a4181,5d85206aec7092b25f0bd9494c60819fa9149f25a771ff70d78cec50b097c0fb
Ackley,2,2026,Local-Rank-No-Reliability,local_rank_no_reliability,7,"[-2.4482017234735554, -0.06063225276822681]",7.119767942145977,5.2314904116412215,13.346263901533211,1.8882775305047552,0.23269627092571982,False,12,7,0.28866595155281927,0.9696969696969697,0.9292929292929293,1.898989898989899,True,matching_Ackley_2_2026::region_0,False,,1500,100,100,0,0,6892f902340bdb687c5fa41fa89974cb58f6ddbd7002d57f6bf6f7bf4a584bac,cf6b0464fe2e905e95ab0f3631530f9003c7c34e747c8d5e9d9d1b49919dc522,aeeac1d468b5336ab0d5330a6ac309b1a0138d9407508340f077f4324a0a4181,5d85206aec7092b25f0bd9494c60819fa9149f25a771ff70d78cec50b097c0fb
Ackley,2,2026,Local-Rank+Reliability,local_rank_reliability,7,"[-2.4482017234735554, -0.06063225276822681]",7.119767942145977,5.2314904116412215,13.346263901533211,1.8882775305047552,0.23269627092571982,False,12,7,0.27346279433086296,0.9696969696969697,0.9292929292929293,1.898989898989899,True,matching_Ackley_2_2026::region_0,False,,1500,100,100,0,0,6892f902340bdb687c5fa41fa89974cb58f6ddbd7002d57f6bf6f7bf4a584bac,cf6b0464fe2e905e95ab0f3631530f9003c7c34e747c8d5e9d9d1b49919dc522,aeeac1d468b5336ab0d5330a6ac309b1a0138d9407508340f077f4324a0a4181,5d85206aec7092b25f0bd9494c60819fa9149f25a771ff70d78cec50b097c0fb
Ackley,2,2026,Reversed-Local-Rank,reversed_local_rank,7,"[-2.4482017234735554, -0.06063225276822681]",7.119767942145977,5.2314904116412215,13.346263901533211,1.8882775305047552,0.23269627092571982,False,12,7,0.11998429358559842,0.9393939393939394,0.9292929292929293,1.8686868686868687,True,matching_Ackley_2_2026::region_0,False,,1500,100,100,0,0,6892f902340bdb687c5fa41fa89974cb58f6ddbd7002d57f6bf6f7bf4a584bac,cf6b0464fe2e905e95ab0f3631530f9003c7c34e747c8d5e9d9d1b49919dc522,aeeac1d468b5336ab0d5330a6ac309b1a0138d9407508340f077f4324a0a4181,5d85206aec7092b25f0bd9494c60819fa9149f25a771ff70d78cec50b097c0fb
Ackley,2,777,Target-Only,target_only,0,"[-1.0721211906162784, 4.793320727802875]",10.360506599325012,1.7662830051872587,12.582317774418186,8.594223594137754,0.7945817277313397,False,71,0,0.0,0.0,1.0,1.0,True,,False,,1500,100,100,0,0,8b0be384773bd5bf2a2a674001676f114c3e53763f08da5a8844570ce3d6251e,7937a9f512565c9963ef0e5494ee40e5b4fbf05471bd6411e86d4f311d7ce99e,acfb5456cf6d67fd31e0a4fc7f41776e2a56afe34280e594b427c9489b5784d7,2175f0b66cbc9ae2710ffb1ee867ee36ad2858eb7c1a76ae622a6fc67364359a
Ackley,2,777,Geometry-Only,geometry_only,7,"[-1.0877877363733601, 0.4393918238647476]",4.512455899868218,1.7662830051872587,12.582317774418186,2.7461728946809596,0.25389830499557703,False,16,7,0.6802539393494185,0.898989898989899,0.9292929292929293,1.8282828282828283,True,matching_Ackley_2_777::region_0,False,,1500,100,100,0,0,8b0be384773bd5bf2a2a674001676f114c3e53763f08da5a8844570ce3d6251e,7937a9f512565c9963ef0e5494ee40e5b4fbf05471bd6411e86d4f311d7ce99e,acfb5456cf6d67fd31e0a4fc7f41776e2a56afe34280e594b427c9489b5784d7,2175f0b66cbc9ae2710ffb1ee867ee36ad2858eb7c1a76ae622a6fc67364359a
Ackley,2,777,Local-Rank-No-Reliability,local_rank_no_reliability,7,"[-1.0877877363733601, 0.4393918238647476]",4.512455899868218,1.7662830051872587,12.582317774418186,2.7461728946809596,0.25389830499557703,False,16,7,0.6620936716015676,0.9090909090909091,0.9292929292929293,1.8383838383838382,True,matching_Ackley_2_777::region_0,False,,1500,100,100,0,0,8b0be384773bd5bf2a2a674001676f114c3e53763f08da5a8844570ce3d6251e,7937a9f512565c9963ef0e5494ee40e5b4fbf05471bd6411e86d4f311d7ce99e,acfb5456cf6d67fd31e0a4fc7f41776e2a56afe34280e594b427c9489b5784d7,2175f0b66cbc9ae2710ffb1ee867ee36ad2858eb7c1a76ae622a6fc67364359a
Ackley,2,777,Local-Rank+Reliability,local_rank_reliability,7,"[-1.0877877363733601, 0.4393918238647476]",4.512455899868218,1.7662830051872587,12.582317774418186,2.7461728946809596,0.25389830499557703,False,16,7,0.6129326296461061,0.9090909090909091,0.9292929292929293,1.8383838383838382,True,matching_Ackley_2_777::region_0,False,,1500,100,100,0,0,8b0be384773bd5bf2a2a674001676f114c3e53763f08da5a8844570ce3d6251e,7937a9f512565c9963ef0e5494ee40e5b4fbf05471bd6411e86d4f311d7ce99e,acfb5456cf6d67fd31e0a4fc7f41776e2a56afe34280e594b427c9489b5784d7,2175f0b66cbc9ae2710ffb1ee867ee36ad2858eb7c1a76ae622a6fc67364359a
Ackley,2,777,Reversed-Local-Rank,reversed_local_rank,5,"[-1.0898869615338045, 3.2639523742976166]",7.015480109482759,1.7662830051872587,12.582317774418186,5.249197104295501,0.48531621951033577,False,36,5,0.11744802457111274,0.8888888888888888,0.9494949494949495,1.8383838383838382,True,matching_Ackley_2_777::region_1,False,,1500,100,100,0,0,8b0be384773bd5bf2a2a674001676f114c3e53763f08da5a8844570ce3d6251e,7937a9f512565c9963ef0e5494ee40e5b4fbf05471bd6411e86d4f311d7ce99e,acfb5456cf6d67fd31e0a4fc7f41776e2a56afe34280e594b427c9489b5784d7,2175f0b66cbc9ae2710ffb1ee867ee36ad2858eb7c1a76ae622a6fc67364359a
Ackley,2,999,Target-Only,target_only,0,"[0.4620754131790141, 1.5485890635988575]",7.251212858192668,3.3318713964063353,11.008724117048951,3.9193414617863325,0.5105401398736553,False,26,0,0.0,0.0,1.0,1.0,True,,False,,1500,100,100,0,0,9081d6e0fc77ebf2f2bf46cc8dbeef1af73dd778e4db7d60fedea03a373c0ba3,48c5f92826dbdc841ed849d7c6ad0a44db76d5fc6bf3433d1a7e8f8b9656b720,c37fe2997ba8f3982cb3639ced103f9b005c23a23df6f759497c56ef31634f0c,ab84989bb4abee6fa5bc8cf2bb0dec993694f3be49941c89f50372bf543d4fb6
Ackley,2,999,Geometry-Only,geometry_only,2,"[0.37597520643417504, 1.3483736429798476]",6.670858557765484,3.3318713964063353,11.008724117048951,3.338987161359149,0.43494219348259794,False,19,2,0.12805794305371512,0.8484848484848485,0.9797979797979798,1.8282828282828283,True,matching_Ackley_2_999::region_0,False,,1500,100,100,0,0,9081d6e0fc77ebf2f2bf46cc8dbeef1af73dd778e4db7d60fedea03a373c0ba3,48c5f92826dbdc841ed849d7c6ad0a44db76d5fc6bf3433d1a7e8f8b9656b720,c37fe2997ba8f3982cb3639ced103f9b005c23a23df6f759497c56ef31634f0c,ab84989bb4abee6fa5bc8cf2bb0dec993694f3be49941c89f50372bf543d4fb6
Ackley,2,999,Local-Rank-No-Reliability,local_rank_no_reliability,2,"[0.37597520643417504, 1.3483736429798476]",6.670858557765484,3.3318713964063353,11.008724117048951,3.338987161359149,0.43494219348259794,False,19,2,0.09245658141358609,0.8484848484848485,0.9797979797979798,1.8282828282828283,True,matching_Ackley_2_999::region_0,False,,1500,100,100,0,0,9081d6e0fc77ebf2f2bf46cc8dbeef1af73dd778e4db7d60fedea03a373c0ba3,48c5f92826dbdc841ed849d7c6ad0a44db76d5fc6bf3433d1a7e8f8b9656b720,c37fe2997ba8f3982cb3639ced103f9b005c23a23df6f759497c56ef31634f0c,ab84989bb4abee6fa5bc8cf2bb0dec993694f3be49941c89f50372bf543d4fb6
Ackley,2,999,Local-Rank+Reliability,local_rank_reliability,2,"[0.37597520643417504, 1.3483736429798476]",6.670858557765484,3.3318713964063353,11.008724117048951,3.338987161359149,0.43494219348259794,False,19,2,0.08674242787150625,0.8484848484848485,0.9797979797979798,1.8282828282828283,True,matching_Ackley_2_999::region_0,False,,1500,100,100,0,0,9081d6e0fc77ebf2f2bf46cc8dbeef1af73dd778e4db7d60fedea03a373c0ba3,48c5f92826dbdc841ed849d7c6ad0a44db76d5fc6bf3433d1a7e8f8b9656b720,c37fe2997ba8f3982cb3639ced103f9b005c23a23df6f759497c56ef31634f0c,ab84989bb4abee6fa5bc8cf2bb0dec993694f3be49941c89f50372bf543d4fb6
Ackley,2,999,Reversed-Local-Rank,reversed_local_rank,2,"[0.37597520643417504, 1.3483736429798476]",6.670858557765484,3.3318713964063353,11.008724117048951,3.338987161359149,0.43494219348259794,False,19,2,0.045415417365305244,0.8484848484848485,0.9797979797979798,1.8282828282828283,True,matching_Ackley_2_999::region_0,False,,1500,100,100,0,0,9081d6e0fc77ebf2f2bf46cc8dbeef1af73dd778e4db7d60fedea03a373c0ba3,48c5f92826dbdc841ed849d7c6ad0a44db76d5fc6bf3433d1a7e8f8b9656b720,c37fe2997ba8f3982cb3639ced103f9b005c23a23df6f759497c56ef31634f0c,ab84989bb4abee6fa5bc8cf2bb0dec993694f3be49941c89f50372bf543d4fb6
Ackley,2,1234,Target-Only,target_only,0,"[4.776724561587498, -0.8808291149532401]",10.049944429740057,3.3413609836191083,10.054541431431069,6.708583446120949,0.999315227450424,False,89,0,0.0,0.0,1.0,1.0,True,,False,,1500,100,100,0,0,fe74f4fc335d1d303427aacee175412530b422ff4cee2d61ec3ff3eefdcc124d,c92403b6b9f051651d555c95df62fb3616aa764258b145d6cd544ffbae07da32,7c8426dd655773a118f3cc09b97aa93a254ccc8b3a10f9f9fae9c24e280206f7,41b50674327904c1a949e18f080659f7feeed54eeb9f52d98b0e5d91f7296cbc
Ackley,2,1234,Geometry-Only,geometry_only,30,"[2.688664886002382, -1.1671188135003439]",6.586354889700264,3.3413609836191083,10.054541431431069,3.2449939060811555,0.4833765353557273,False,33,30,0.3180779418080494,0.8282828282828283,0.696969696969697,1.5252525252525253,True,matching_Ackley_2_1234::region_0,False,,1500,100,100,0,0,fe74f4fc335d1d303427aacee175412530b422ff4cee2d61ec3ff3eefdcc124d,c92403b6b9f051651d555c95df62fb3616aa764258b145d6cd544ffbae07da32,7c8426dd655773a118f3cc09b97aa93a254ccc8b3a10f9f9fae9c24e280206f7,41b50674327904c1a949e18f080659f7feeed54eeb9f52d98b0e5d91f7296cbc
Ackley,2,1234,Local-Rank-No-Reliability,local_rank_no_reliability,34,"[2.580070367575158, -1.2171999869640073]",6.425379196662078,3.3413609836191083,10.054541431431069,3.08401821304297,0.4593974848461208,False,31,34,0.30371975321173145,0.8787878787878788,0.6565656565656566,1.5353535353535355,True,matching_Ackley_2_1234::region_0,False,,1500,100,100,0,0,fe74f4fc335d1d303427aacee175412530b422ff4cee2d61ec3ff3eefdcc124d,c92403b6b9f051651d555c95df62fb3616aa764258b145d6cd544ffbae07da32,7c8426dd655773a118f3cc09b97aa93a254ccc8b3a10f9f9fae9c24e280206f7,41b50674327904c1a949e18f080659f7feeed54eeb9f52d98b0e5d91f7296cbc
Ackley,2,1234,Local-Rank+Reliability,local_rank_reliability,34,"[2.580070367575158, -1.2171999869640073]",6.425379196662078,3.3413609836191083,10.054541431431069,3.08401821304297,0.4593974848461208,False,31,34,0.285124266241028,0.8787878787878788,0.6565656565656566,1.5353535353535355,True,matching_Ackley_2_1234::region_0,False,,1500,100,100,0,0,fe74f4fc335d1d303427aacee175412530b422ff4cee2d61ec3ff3eefdcc124d,c92403b6b9f051651d555c95df62fb3616aa764258b145d6cd544ffbae07da32,7c8426dd655773a118f3cc09b97aa93a254ccc8b3a10f9f9fae9c24e280206f7,41b50674327904c1a949e18f080659f7feeed54eeb9f52d98b0e5d91f7296cbc
Ackley,2,1234,Reversed-Local-Rank,reversed_local_rank,30,"[2.688664886002382, -1.1671188135003439]",6.586354889700264,3.3413609836191083,10.054541431431069,3.2449939060811555,0.4833765353557273,False,33,30,0.07749017405524461,0.8484848484848485,0.696969696969697,1.5454545454545454,True,matching_Ackley_2_1234::region_0,False,,1500,100,100,0,0,fe74f4fc335d1d303427aacee175412530b422ff4cee2d61ec3ff3eefdcc124d,c92403b6b9f051651d555c95df62fb3616aa764258b145d6cd544ffbae07da32,7c8426dd655773a118f3cc09b97aa93a254ccc8b3a10f9f9fae9c24e280206f7,41b50674327904c1a949e18f080659f7feeed54eeb9f52d98b0e5d91f7296cbc
Ackley,2,5678,Target-Only,target_only,0,"[-4.6040443188747435, -1.4012115677572687]",9.502733010210079,3.02911899163048,11.170596454588775,6.4736140185796,0.7951399543919317,False,67,0,0.0,0.0,1.0,1.0,True,,False,,1500,100,100,0,0,b618bd115af4e4e9f4828e7a00f96b12173443bc08257a2b0350b2810839f073,24bb631847a303be019181b42c6ff185201d9c4c05b7cc11eab3686b0ac5aff2,f9931c5d47549526cd49565eba408f4100fc6909bd0d0e93cbdc2910a23a766b,ba8ebc85f113619030511eff334bbe0ee8ec4de87d0eef213d6f83821354ac9c
Ackley,2,5678,Geometry-Only,geometry_only,1,"[-1.2631138750447466, -1.3839573495314927]",4.581516877341574,3.02911899163048,11.170596454588775,1.5523978857110943,0.19067766173573775,False,16,1,0.5347526861853166,0.9292929292929293,0.98989898989899,1.9191919191919191,True,matching_Ackley_2_5678::region_0,False,,1500,100,100,0,0,b618bd115af4e4e9f4828e7a00f96b12173443bc08257a2b0350b2810839f073,24bb631847a303be019181b42c6ff185201d9c4c05b7cc11eab3686b0ac5aff2,f9931c5d47549526cd49565eba408f4100fc6909bd0d0e93cbdc2910a23a766b,ba8ebc85f113619030511eff334bbe0ee8ec4de87d0eef213d6f83821354ac9c
Ackley,2,5678,Local-Rank-No-Reliability,local_rank_no_reliability,4,"[-0.9347276413297614, -1.351637337873377]",3.9315546055484245,3.02911899163048,11.170596454588775,0.9024356139179446,0.1108442070894138,True,3,4,0.5563516803281369,0.9494949494949495,0.9595959595959596,1.9090909090909092,True,matching_Ackley_2_5678::region_0,False,,1500,100,100,0,0,b618bd115af4e4e9f4828e7a00f96b12173443bc08257a2b0350b2810839f073,24bb631847a303be019181b42c6ff185201d9c4c05b7cc11eab3686b0ac5aff2,f9931c5d47549526cd49565eba408f4100fc6909bd0d0e93cbdc2910a23a766b,ba8ebc85f113619030511eff334bbe0ee8ec4de87d0eef213d6f83821354ac9c
Ackley,2,5678,Local-Rank+Reliability,local_rank_reliability,4,"[-0.9347276413297614, -1.351637337873377]",3.9315546055484245,3.02911899163048,11.170596454588775,0.9024356139179446,0.1108442070894138,True,3,4,0.5311002325499251,0.9494949494949495,0.9595959595959596,1.9090909090909092,True,matching_Ackley_2_5678::region_0,False,,1500,100,100,0,0,b618bd115af4e4e9f4828e7a00f96b12173443bc08257a2b0350b2810839f073,24bb631847a303be019181b42c6ff185201d9c4c05b7cc11eab3686b0ac5aff2,f9931c5d47549526cd49565eba408f4100fc6909bd0d0e93cbdc2910a23a766b,ba8ebc85f113619030511eff334bbe0ee8ec4de87d0eef213d6f83821354ac9c
Ackley,2,5678,Reversed-Local-Rank,reversed_local_rank,2,"[-1.3955332468517376, -1.3589776572560917]",4.504222729489193,3.02911899163048,11.170596454588775,1.475103737858713,0.18118378937607693,False,13,2,0.09820519034341021,0.9595959595959596,0.9797979797979798,1.9393939393939394,True,matching_Ackley_2_5678::region_0,False,,1500,100,100,0,0,b618bd115af4e4e9f4828e7a00f96b12173443bc08257a2b0350b2810839f073,24bb631847a303be019181b42c6ff185201d9c4c05b7cc11eab3686b0ac5aff2,f9931c5d47549526cd49565eba408f4100fc6909bd0d0e93cbdc2910a23a766b,ba8ebc85f113619030511eff334bbe0ee8ec4de87d0eef213d6f83821354ac9c
Ackley,2,8888,Target-Only,target_only,0,"[-0.6089386675969095, -0.5515649014728998]",4.592348100338313,2.6389138056807835,11.608175421488358,1.9534342946575296,0.21779209686723427,False,16,0,0.0,0.0,1.0,1.0,True,,False,,1500,100,100,0,0,a98248653c8210444cd8cd62cb1ef7b26bcc1c47d799690c285eb3f45fe18b01,a7a2eb25317ef4f04b1bd2071f23148c77e3f930f2f7dde698d84e58eb331ecd,250cc162bd61a64a4ef211c3749707b1b473b6891aa533e9a1f5e0f7a2609414,4d335a4c0a990c23ae914f0876267ad732be2e2f02fe3c87e98e06032ec0dc9f
Ackley,2,8888,Geometry-Only,geometry_only,0,"[-0.6089386675969095, -0.5515649014728998]",4.592348100338313,2.6389138056807835,11.608175421488358,1.9534342946575296,0.21779209686723427,False,16,0,0.7602408000211117,0.9191919191919192,1.0,1.9191919191919191,True,matching_Ackley_2_8888::region_0,False,,1500,100,100,0,0,a98248653c8210444cd8cd62cb1ef7b26bcc1c47d799690c285eb3f45fe18b01,a7a2eb25317ef4f04b1bd2071f23148c77e3f930f2f7dde698d84e58eb331ecd,250cc162bd61a64a4ef211c3749707b1b473b6891aa533e9a1f5e0f7a2609414,4d335a4c0a990c23ae914f0876267ad732be2e2f02fe3c87e98e06032ec0dc9f
Ackley,2,8888,Local-Rank-No-Reliability,local_rank_no_reliability,0,"[-0.6089386675969095, -0.5515649014728998]",4.592348100338313,2.6389138056807835,11.608175421488358,1.9534342946575296,0.21779209686723427,False,16,0,0.7283768967120849,0.9191919191919192,1.0,1.9191919191919191,True,matching_Ackley_2_8888::region_0,False,,1500,100,100,0,0,a98248653c8210444cd8cd62cb1ef7b26bcc1c47d799690c285eb3f45fe18b01,a7a2eb25317ef4f04b1bd2071f23148c77e3f930f2f7dde698d84e58eb331ecd,250cc162bd61a64a4ef211c3749707b1b473b6891aa533e9a1f5e0f7a2609414,4d335a4c0a990c23ae914f0876267ad732be2e2f02fe3c87e98e06032ec0dc9f
Ackley,2,8888,Local-Rank+Reliability,local_rank_reliability,0,"[-0.6089386675969095, -0.5515649014728998]",4.592348100338313,2.6389138056807835,11.608175421488358,1.9534342946575296,0.21779209686723427,False,16,0,0.68809278561417,0.9191919191919192,1.0,1.9191919191919191,True,matching_Ackley_2_8888::region_0,False,,1500,100,100,0,0,a98248653c8210444cd8cd62cb1ef7b26bcc1c47d799690c285eb3f45fe18b01,a7a2eb25317ef4f04b1bd2071f23148c77e3f930f2f7dde698d84e58eb331ecd,250cc162bd61a64a4ef211c3749707b1b473b6891aa533e9a1f5e0f7a2609414,4d335a4c0a990c23ae914f0876267ad732be2e2f02fe3c87e98e06032ec0dc9f
Ackley,2,8888,Reversed-Local-Rank,reversed_local_rank,0,"[-0.6089386675969095, -0.5515649014728998]",4.592348100338313,2.6389138056807835,11.608175421488358,1.9534342946575296,0.21779209686723427,False,16,0,0.10192105667541593,0.8787878787878788,1.0,1.878787878787879,True,matching_Ackley_2_8888::region_0,False,,1500,100,100,0,0,a98248653c8210444cd8cd62cb1ef7b26bcc1c47d799690c285eb3f45fe18b01,a7a2eb25317ef4f04b1bd2071f23148c77e3f930f2f7dde698d84e58eb331ecd,250cc162bd61a64a4ef211c3749707b1b473b6891aa533e9a1f5e0f7a2609414,4d335a4c0a990c23ae914f0876267ad732be2e2f02fe3c87e98e06032ec0dc9f
GMM,5,42,Target-Only,target_only,0,"[2.428861877103974, 4.6403516199700885, -4.181768749130217, -4.993271085356177, -4.60875155875468]",-4.5759732808592e-16,-0.030809435166678473,-5.745751383070681e-14,0.030809435166678015,1.00000000000185,False,94,0,0.0,0.0,0.0,0.0,True,,False,,1500,100,100,0,0,7375bb87da4365a2c072112d98462da8d84af633cc601ea2a73f054d60a24db7,368272501a2a2692b7be5b359407aa0b370cc66409d922640ba1037e3fc7f441,0ff436fbd7a3eb28910048fa131928a044e97b003445a0239ea23e06efe2a4ef,241396013d72790f01ea4a76b353de980ef5fd758d2539ce1bd030861261d5ef
GMM,5,42,Geometry-Only,geometry_only,74,"[-1.7227973617684142, -2.8849213142957284, -4.652171019417022, 0.00787635053111746, -1.8247159903901222]",-0.005489794167120426,-0.030809435166678473,-5.745751383070681e-14,0.025319640999558045,0.8218145143728366,True,2,74,0.14599092327959426,1.0,0.0,1.0,True,matching_GMM_5_42::region_0,False,,1500,100,100,0,0,7375bb87da4365a2c072112d98462da8d84af633cc601ea2a73f054d60a24db7,368272501a2a2692b7be5b359407aa0b370cc66409d922640ba1037e3fc7f441,0ff436fbd7a3eb28910048fa131928a044e97b003445a0239ea23e06efe2a4ef,241396013d72790f01ea4a76b353de980ef5fd758d2539ce1bd030861261d5ef
GMM,5,42,Local-Rank-No-Reliability,local_rank_no_reliability,74,"[-1.7227973617684142, -2.8849213142957284, -4.652171019417022, 0.00787635053111746, -1.8247159903901222]",-0.005489794167120426,-0.030809435166678473,-5.745751383070681e-14,0.025319640999558045,0.8218145143728366,True,2,74,0.11583144892806872,1.0,0.0,1.0,True,matching_GMM_5_42::region_0,False,,1500,100,100,0,0,7375bb87da4365a2c072112d98462da8d84af633cc601ea2a73f054d60a24db7,368272501a2a2692b7be5b359407aa0b370cc66409d922640ba1037e3fc7f441,0ff436fbd7a3eb28910048fa131928a044e97b003445a0239ea23e06efe2a4ef,241396013d72790f01ea4a76b353de980ef5fd758d2539ce1bd030861261d5ef
GMM,5,42,Local-Rank+Reliability,local_rank_reliability,74,"[-1.7227973617684142, -2.8849213142957284, -4.652171019417022, 0.00787635053111746, -1.8247159903901222]",-0.005489794167120426,-0.030809435166678473,-5.745751383070681e-14,0.025319640999558045,0.8218145143728366,True,2,74,0.10034573232235543,1.0,0.0,1.0,True,matching_GMM_5_42::region_0,False,,1500,100,100,0,0,7375bb87da4365a2c072112d98462da8d84af633cc601ea2a73f054d60a24db7,368272501a2a2692b7be5b359407aa0b370cc66409d922640ba1037e3fc7f441,0ff436fbd7a3eb28910048fa131928a044e97b003445a0239ea23e06efe2a4ef,241396013d72790f01ea4a76b353de980ef5fd758d2539ce1bd030861261d5ef
GMM,5,42,Reversed-Local-Rank,reversed_local_rank,74,"[-1.7227973617684142, -2.8849213142957284, -4.652171019417022, 0.00787635053111746, -1.8247159903901222]",-0.005489794167120426,-0.030809435166678473,-5.745751383070681e-14,0.025319640999558045,0.8218145143728366,True,2,74,0.03877471267704687,1.0,0.0,1.0,True,matching_GMM_5_42::region_0,False,,1500,100,100,0,0,7375bb87da4365a2c072112d98462da8d84af633cc601ea2a73f054d60a24db7,368272501a2a2692b7be5b359407aa0b370cc66409d922640ba1037e3fc7f441,0ff436fbd7a3eb28910048fa131928a044e97b003445a0239ea23e06efe2a4ef,241396013d72790f01ea4a76b353de980ef5fd758d2539ce1bd030861261d5ef
GMM,5,101,Target-Only,target_only,0,"[4.8166475320198465, -3.4924864731641936, -3.554282842270249, -0.042008637636229196, 3.5818987461973926]",-7.401825600466784e-08,-0.10142100017242696,-8.098876325759202e-13,0.10142092615417095,0.9999992701960542,False,65,0,0.0,0.0,1.0,1.0,True,,False,,1500,100,100,0,0,f12fa81d8e885086f951271e0b569fb76f5f2ac73049b9e76b31730266d8c71e,7e6024a0729dd83f15f5e746754b14371f16c495fcb1258838bd72818c9eee66,0e1028712f5466a3386597fd1faf3fbb2c65f9e70e1584f974f2f842a2a54d6a,632d4631bbcf77e54c696fbd0b4867851ed138644ef1ce3b1b010a03a2fc5829
GMM,5,101,Geometry-Only,geometry_only,15,"[4.263743925768663, -0.6831527169269194, -0.05605609326788219, -1.5938282395891479, -1.469954762610013]",-0.0023141113062841445,-0.10142100017242696,-8.098876325759202e-13,0.09910688886614281,0.9771831149213823,True,8,15,0.058076221350978355,0.898989898989899,0.8484848484848485,1.7474747474747474,True,matching_GMM_5_101::region_0,False,,1500,100,100,0,0,f12fa81d8e885086f951271e0b569fb76f5f2ac73049b9e76b31730266d8c71e,7e6024a0729dd83f15f5e746754b14371f16c495fcb1258838bd72818c9eee66,0e1028712f5466a3386597fd1faf3fbb2c65f9e70e1584f974f2f842a2a54d6a,632d4631bbcf77e54c696fbd0b4867851ed138644ef1ce3b1b010a03a2fc5829
GMM,5,101,Local-Rank-No-Reliability,local_rank_no_reliability,15,"[4.263743925768663, -0.6831527169269194, -0.05605609326788219, -1.5938282395891479, -1.469954762610013]",-0.0023141113062841445,-0.10142100017242696,-8.098876325759202e-13,0.09910688886614281,0.9771831149213823,True,8,15,0.0427682730760712,0.898989898989899,0.8484848484848485,1.7474747474747474,True,matching_GMM_5_101::region_0,False,,1500,100,100,0,0,f12fa81d8e885086f951271e0b569fb76f5f2ac73049b9e76b31730266d8c71e,7e6024a0729dd83f15f5e746754b14371f16c495fcb1258838bd72818c9eee66,0e1028712f5466a3386597fd1faf3fbb2c65f9e70e1584f974f2f842a2a54d6a,632d4631bbcf77e54c696fbd0b4867851ed138644ef1ce3b1b010a03a2fc5829
GMM,5,101,Local-Rank+Reliability,local_rank_reliability,15,"[4.263743925768663, -0.6831527169269194, -0.05605609326788219, -1.5938282395891479, -1.469954762610013]",-0.0023141113062841445,-0.10142100017242696,-8.098876325759202e-13,0.09910688886614281,0.9771831149213823,True,8,15,0.03686580090495739,0.898989898989899,0.8484848484848485,1.7474747474747474,True,matching_GMM_5_101::region_0,False,,1500,100,100,0,0,f12fa81d8e885086f951271e0b569fb76f5f2ac73049b9e76b31730266d8c71e,7e6024a0729dd83f15f5e746754b14371f16c495fcb1258838bd72818c9eee66,0e1028712f5466a3386597fd1faf3fbb2c65f9e70e1584f974f2f842a2a54d6a,632d4631bbcf77e54c696fbd0b4867851ed138644ef1ce3b1b010a03a2fc5829
GMM,5,101,Reversed-Local-Rank,reversed_local_rank,16,"[4.549099544634856, -0.2029703810466854, -1.272913367032947, -0.17191849504719947, 2.486511480410556]",-0.000105058038442746,-0.10142100017242696,-8.098876325759202e-13,0.10131594213398422,0.9989641392073133,False,22,16,0.022048368237000817,0.9292929292929293,0.8383838383838383,1.7676767676767677,True,matching_GMM_5_101::region_0,False,,1500,100,100,0,0,f12fa81d8e885086f951271e0b569fb76f5f2ac73049b9e76b31730266d8c71e,7e6024a0729dd83f15f5e746754b14371f16c495fcb1258838bd72818c9eee66,0e1028712f5466a3386597fd1faf3fbb2c65f9e70e1584f974f2f842a2a54d6a,632d4631bbcf77e54c696fbd0b4867851ed138644ef1ce3b1b010a03a2fc5829
GMM,5,2026,Target-Only,target_only,0,"[-1.4075800440919464, -0.21473039654081738, -4.9645097153392985, -4.201737205551339, 4.489110046561981]",-1.4983868929313934e-11,-0.005156751673666251,-5.1968783265598175e-15,0.005156751658682381,0.999999997095328,False,63,0,0.0,0.0,0.0,0.0,True,,False,,1500,100,100,0,0,26ba653efbafc802bb0f91ec75242b07641e059956ebb7d39bc75cc05ee5a56b,a21c50f52d92c25015af43c962893f8bacc26498a4ecfa61d212d022ef55aad6,a0384b5880c7db8aebbd8b4ca5c7f03160fdf7ee3674226c9426426cd4ba1df7,f5ac08fcbe28b04a471ccaef26c805c931139a1f4f3f8c9af5c5744405933167
GMM,5,2026,Geometry-Only,geometry_only,47,"[0.5630313888405567, -2.766226323637958, -4.477426200095996, -4.794576081010612, -4.440355690538026]",-1.0154673403527198e-05,-0.005156751673666251,-5.1968783265598175e-15,0.005146597000262723,0.9980308003873453,True,8,47,0.01353872468676137,1.0,0.0,1.0,True,matching_GMM_5_2026::region_0,False,,1500,100,100,0,0,26ba653efbafc802bb0f91ec75242b07641e059956ebb7d39bc75cc05ee5a56b,a21c50f52d92c25015af43c962893f8bacc26498a4ecfa61d212d022ef55aad6,a0384b5880c7db8aebbd8b4ca5c7f03160fdf7ee3674226c9426426cd4ba1df7,f5ac08fcbe28b04a471ccaef26c805c931139a1f4f3f8c9af5c5744405933167
GMM,5,2026,Local-Rank-No-Reliability,local_rank_no_reliability,47,"[0.5630313888405567, -2.766226323637958, -4.477426200095996, -4.794576081010612, -4.440355690538026]",-1.0154673403527198e-05,-0.005156751673666251,-5.1968783265598175e-15,0.005146597000262723,0.9980308003873453,True,8,47,0.007448763450825427,1.0,0.0,1.0,True,matching_GMM_5_2026::region_0,False,,1500,100,100,0,0,26ba653efbafc802bb0f91ec75242b07641e059956ebb7d39bc75cc05ee5a56b,a21c50f52d92c25015af43c962893f8bacc26498a4ecfa61d212d022ef55aad6,a0384b5880c7db8aebbd8b4ca5c7f03160fdf7ee3674226c9426426cd4ba1df7,f5ac08fcbe28b04a471ccaef26c805c931139a1f4f3f8c9af5c5744405933167
GMM,5,2026,Local-Rank+Reliability,local_rank_reliability,47,"[0.5630313888405567, -2.766226323637958, -4.477426200095996, -4.794576081010612, -4.440355690538026]",-1.0154673403527198e-05,-0.005156751673666251,-5.1968783265598175e-15,0.005146597000262723,0.9980308003873453,True,8,47,0.006070406551437464,1.0,0.0,1.0,True,matching_GMM_5_2026::region_0,False,,1500,100,100,0,0,26ba653efbafc802bb0f91ec75242b07641e059956ebb7d39bc75cc05ee5a56b,a21c50f52d92c25015af43c962893f8bacc26498a4ecfa61d212d022ef55aad6,a0384b5880c7db8aebbd8b4ca5c7f03160fdf7ee3674226c9426426cd4ba1df7,f5ac08fcbe28b04a471ccaef26c805c931139a1f4f3f8c9af5c5744405933167
GMM,5,2026,Reversed-Local-Rank,reversed_local_rank,47,"[0.5630313888405567, -2.766226323637958, -4.477426200095996, -4.794576081010612, -4.440355690538026]",-1.0154673403527198e-05,-0.005156751673666251,-5.1968783265598175e-15,0.005146597000262723,0.9980308003873453,True,8,47,0.006066389030420991,1.0,0.0,1.0,True,matching_GMM_5_2026::region_0,False,,1500,100,100,0,0,26ba653efbafc802bb0f91ec75242b07641e059956ebb7d39bc75cc05ee5a56b,a21c50f52d92c25015af43c962893f8bacc26498a4ecfa61d212d022ef55aad6,a0384b5880c7db8aebbd8b4ca5c7f03160fdf7ee3674226c9426426cd4ba1df7,f5ac08fcbe28b04a471ccaef26c805c931139a1f4f3f8c9af5c5744405933167
GMM,5,777,Target-Only,target_only,0,"[-4.671650772136603, 4.865569716665524, -0.3074276860523142, -4.0654057338610885, -1.831190442548162]",-2.4637916954980525e-08,-0.15248119337198496,-1.3132428551489299e-11,0.152481168734068,0.9999998385060874,False,74,0,0.0,0.0,0.0,0.0,True,,False,,1500,100,100,0,0,2b6bc04858b5995a4a1f2c54970b8915fe46c36defad29876da990f4975bab29,509cec6bc239ff0da1847177e82f7f9ce3b88f7612bbc982eb27cf83dff42b00,2aeb2edc3fc9b1cf0d4fe0ee4988a54ac8929cef33f8539ff5f395b508d50063,de00bcefa445f3bd4b09feb97aa5785a73fe45676dc6e0cd7b50e075b11b3df3
GMM,5,777,Geometry-Only,geometry_only,35,"[0.1433184175286497, -0.6799846218154002, -0.2854306224163441, 0.3457338106271477, -0.2796615889753271]",-0.00685623874798063,-0.15248119337198496,-1.3132428551489299e-11,0.14562495462400432,0.9550355123552019,False,10,35,0.7913512260406378,1.0,0.0,1.0,True,matching_GMM_5_777::region_0,False,,1500,100,100,0,0,2b6bc04858b5995a4a1f2c54970b8915fe46c36defad29876da990f4975bab29,509cec6bc239ff0da1847177e82f7f9ce3b88f7612bbc982eb27cf83dff42b00,2aeb2edc3fc9b1cf0d4fe0ee4988a54ac8929cef33f8539ff5f395b508d50063,de00bcefa445f3bd4b09feb97aa5785a73fe45676dc6e0cd7b50e075b11b3df3
GMM,5,777,Local-Rank-No-Reliability,local_rank_no_reliability,35,"[0.1433184175286497, -0.6799846218154002, -0.2854306224163441, 0.3457338106271477, -0.2796615889753271]",-0.00685623874798063,-0.15248119337198496,-1.3132428551489299e-11,0.14562495462400432,0.9550355123552019,False,10,35,0.7913512260406378,1.0,0.0,1.0,True,matching_GMM_5_777::region_0,False,,1500,100,100,0,0,2b6bc04858b5995a4a1f2c54970b8915fe46c36defad29876da990f4975bab29,509cec6bc239ff0da1847177e82f7f9ce3b88f7612bbc982eb27cf83dff42b00,2aeb2edc3fc9b1cf0d4fe0ee4988a54ac8929cef33f8539ff5f395b508d50063,de00bcefa445f3bd4b09feb97aa5785a73fe45676dc6e0cd7b50e075b11b3df3
GMM,5,777,Local-Rank+Reliability,local_rank_reliability,35,"[0.1433184175286497, -0.6799846218154002, -0.2854306224163441, 0.3457338106271477, -0.2796615889753271]",-0.00685623874798063,-0.15248119337198496,-1.3132428551489299e-11,0.14562495462400432,0.9550355123552019,False,10,35,0.6493625910560259,1.0,0.0,1.0,True,matching_GMM_5_777::region_0,False,,1500,100,100,0,0,2b6bc04858b5995a4a1f2c54970b8915fe46c36defad29876da990f4975bab29,509cec6bc239ff0da1847177e82f7f9ce3b88f7612bbc982eb27cf83dff42b00,2aeb2edc3fc9b1cf0d4fe0ee4988a54ac8929cef33f8539ff5f395b508d50063,de00bcefa445f3bd4b09feb97aa5785a73fe45676dc6e0cd7b50e075b11b3df3
GMM,5,777,Reversed-Local-Rank,reversed_local_rank,35,"[0.1433184175286497, -0.6799846218154002, -0.2854306224163441, 0.3457338106271477, -0.2796615889753271]",-0.00685623874798063,-0.15248119337198496,-1.3132428551489299e-11,0.14562495462400432,0.9550355123552019,False,10,35,0.06493625910560259,1.0,0.0,1.0,True,matching_GMM_5_777::region_0,False,,1500,100,100,0,0,2b6bc04858b5995a4a1f2c54970b8915fe46c36defad29876da990f4975bab29,509cec6bc239ff0da1847177e82f7f9ce3b88f7612bbc982eb27cf83dff42b00,2aeb2edc3fc9b1cf0d4fe0ee4988a54ac8929cef33f8539ff5f395b508d50063,de00bcefa445f3bd4b09feb97aa5785a73fe45676dc6e0cd7b50e075b11b3df3
GMM,5,999,Target-Only,target_only,0,"[-4.2864215666706595, 2.3975816982405105, 1.8590726943448965, 3.859971343713992, 4.859417536858906]",-6.327616123619779e-12,-0.031089694216136977,-5.819420924713175e-12,0.031089694209809362,0.999999999983654,False,89,0,0.0,0.0,0.0,0.0,True,,False,,1500,100,100,0,0,d1785d16b1a378b2a6a3849ec64d598c3a3f1c57b85f9b70533a0bd62c2916d4,90373b6735a26ca6acd6df23e709350c2ce465e9e82ca3351282fd8ca1ee1ce0,ac928e5b778932063d7f72b5ffcf99c82d28f0490debd339d4397b943ad986cb,f1e4e41e9bdbf17f45ebf68128991ffd98cae928d8b82a8f84a239df2e7874f6
GMM,5,999,Geometry-Only,geometry_only,7,"[-0.8713336000955332, -0.24593232241224072, -3.019439564144011, -0.4733927008878025, -1.7272907773563553]",-0.031089694216136977,-0.031089694216136977,-5.819420924713175e-12,0.0,0.0,True,0,7,0.35189435517766954,1.0,0.0,1.0,True,matching_GMM_5_999::region_0,False,,1500,100,100,0,0,d1785d16b1a378b2a6a3849ec64d598c3a3f1c57b85f9b70533a0bd62c2916d4,90373b6735a26ca6acd6df23e709350c2ce465e9e82ca3351282fd8ca1ee1ce0,ac928e5b778932063d7f72b5ffcf99c82d28f0490debd339d4397b943ad986cb,f1e4e41e9bdbf17f45ebf68128991ffd98cae928d8b82a8f84a239df2e7874f6
GMM,5,999,Local-Rank-No-Reliability,local_rank_no_reliability,7,"[-0.8713336000955332, -0.24593232241224072, -3.019439564144011, -0.4733927008878025, -1.7272907773563553]",-0.031089694216136977,-0.031089694216136977,-5.819420924713175e-12,0.0,0.0,True,0,7,0.35162326181814624,1.0,0.0,1.0,True,matching_GMM_5_999::region_0,False,,1500,100,100,0,0,d1785d16b1a378b2a6a3849ec64d598c3a3f1c57b85f9b70533a0bd62c2916d4,90373b6735a26ca6acd6df23e709350c2ce465e9e82ca3351282fd8ca1ee1ce0,ac928e5b778932063d7f72b5ffcf99c82d28f0490debd339d4397b943ad986cb,f1e4e41e9bdbf17f45ebf68128991ffd98cae928d8b82a8f84a239df2e7874f6
GMM,5,999,Local-Rank+Reliability,local_rank_reliability,7,"[-0.8713336000955332, -0.24593232241224072, -3.019439564144011, -0.4733927008878025, -1.7272907773563553]",-0.031089694216136977,-0.031089694216136977,-5.819420924713175e-12,0.0,0.0,True,0,7,0.2643910993213934,1.0,0.0,1.0,True,matching_GMM_5_999::region_0,False,,1500,100,100,0,0,d1785d16b1a378b2a6a3849ec64d598c3a3f1c57b85f9b70533a0bd62c2916d4,90373b6735a26ca6acd6df23e709350c2ce465e9e82ca3351282fd8ca1ee1ce0,ac928e5b778932063d7f72b5ffcf99c82d28f0490debd339d4397b943ad986cb,f1e4e41e9bdbf17f45ebf68128991ffd98cae928d8b82a8f84a239df2e7874f6
GMM,5,999,Reversed-Local-Rank,reversed_local_rank,82,"[-2.1923757373393937, -1.8590009840500707, 0.356315752433332, 2.149848259831302, -2.10041132335098]",-5.9044736198963065e-05,-0.031089694216136977,-5.819420924713175e-12,0.031030649479938013,0.9981008262744524,False,21,82,0.03175374655138861,1.0,0.0,1.0,True,matching_GMM_5_999::region_0,False,,1500,100,100,0,0,d1785d16b1a378b2a6a3849ec64d598c3a3f1c57b85f9b70533a0bd62c2916d4,90373b6735a26ca6acd6df23e709350c2ce465e9e82ca3351282fd8ca1ee1ce0,ac928e5b778932063d7f72b5ffcf99c82d28f0490debd339d4397b943ad986cb,f1e4e41e9bdbf17f45ebf68128991ffd98cae928d8b82a8f84a239df2e7874f6
GMM,5,1234,Target-Only,target_only,0,"[2.6650941036995013, -1.740731582827416, 4.062822717010132, -2.592180996005562, 0.7689791595944762]",-2.987309415371285e-06,-0.1282493685577605,-2.5100200897342596e-12,0.12824638124834514,0.9999767070439488,False,44,0,0.0,0.0,0.0,0.0,True,,False,,1500,100,100,0,0,10d737f5dc6112eb2aff64f012b9ef51c65bdb557664ae7bbd5d23debef99bfe,4cbd9af0f0efb9c5bba191ea29b660fcb3b8bba03ac400a0cadeea2ebff6dd4b,9097aa2f852a8c193da29583121140919c42aa99bcc886609647637944b725e8,88e5f353cc6befdb6a66be6305f342fea0a346998e36a579a25f1135ac8cef2e
GMM,5,1234,Geometry-Only,geometry_only,44,"[1.5219108395104994, -1.2966144581935755, -0.6632268811277928, 0.5939660709446235, -0.8808300020794455]",-0.08236351200152722,-0.1282493685577605,-2.5100200897342596e-12,0.045885856556233284,0.3577862181556506,True,1,44,0.5112286004287537,1.0,0.0,1.0,True,matching_GMM_5_1234::region_0,False,,1500,100,100,0,0,10d737f5dc6112eb2aff64f012b9ef51c65bdb557664ae7bbd5d23debef99bfe,4cbd9af0f0efb9c5bba191ea29b660fcb3b8bba03ac400a0cadeea2ebff6dd4b,9097aa2f852a8c193da29583121140919c42aa99bcc886609647637944b725e8,88e5f353cc6befdb6a66be6305f342fea0a346998e36a579a25f1135ac8cef2e
GMM,5,1234,Local-Rank-No-Reliability,local_rank_no_reliability,44,"[1.5219108395104994, -1.2966144581935755, -0.6632268811277928, 0.5939660709446235, -0.8808300020794455]",-0.08236351200152722,-0.1282493685577605,-2.5100200897342596e-12,0.045885856556233284,0.3577862181556506,True,1,44,0.5112286004287537,1.0,0.0,1.0,True,matching_GMM_5_1234::region_0,False,,1500,100,100,0,0,10d737f5dc6112eb2aff64f012b9ef51c65bdb557664ae7bbd5d23debef99bfe,4cbd9af0f0efb9c5bba191ea29b660fcb3b8bba03ac400a0cadeea2ebff6dd4b,9097aa2f852a8c193da29583121140919c42aa99bcc886609647637944b725e8,88e5f353cc6befdb6a66be6305f342fea0a346998e36a579a25f1135ac8cef2e
GMM,5,1234,Local-Rank+Reliability,local_rank_reliability,44,"[1.5219108395104994, -1.2966144581935755, -0.6632268811277928, 0.5939660709446235, -0.8808300020794455]",-0.08236351200152722,-0.1282493685577605,-2.5100200897342596e-12,0.045885856556233284,0.3577862181556506,True,1,44,0.4075105374898008,1.0,0.0,1.0,True,matching_GMM_5_1234::region_0,False,,1500,100,100,0,0,10d737f5dc6112eb2aff64f012b9ef51c65bdb557664ae7bbd5d23debef99bfe,4cbd9af0f0efb9c5bba191ea29b660fcb3b8bba03ac400a0cadeea2ebff6dd4b,9097aa2f852a8c193da29583121140919c42aa99bcc886609647637944b725e8,88e5f353cc6befdb6a66be6305f342fea0a346998e36a579a25f1135ac8cef2e
GMM,5,1234,Reversed-Local-Rank,reversed_local_rank,71,"[0.346862399851938, -1.7072236287025322, 0.4207562766663955, 2.3896439038401676, -1.6710308601723955]",-0.0005651252352521952,-0.1282493685577605,-2.5100200897342596e-12,0.1276842433225083,0.9955935437413189,False,16,71,0.04944266279821179,1.0,0.0,1.0,True,matching_GMM_5_1234::region_0,False,,1500,100,100,0,0,10d737f5dc6112eb2aff64f012b9ef51c65bdb557664ae7bbd5d23debef99bfe,4cbd9af0f0efb9c5bba191ea29b660fcb3b8bba03ac400a0cadeea2ebff6dd4b,9097aa2f852a8c193da29583121140919c42aa99bcc886609647637944b725e8,88e5f353cc6befdb6a66be6305f342fea0a346998e36a579a25f1135ac8cef2e
GMM,5,5678,Target-Only,target_only,0,"[4.488931019738935, -2.597726875446802, -1.994704131581082, 3.746879441361205, 4.225505675959104]",-1.3411562192176016e-09,-0.10815796854636983,-4.747297581756864e-13,0.10815796720521362,0.9999999876044132,False,76,0,0.0,0.0,0.0,0.0,True,,False,,1500,100,100,0,0,35b3665b13a5273b1d2a7bd6a2235d84259578aa41f68b5088cdc83a2f7b4ac8,e63f65993b5c470be64197fbcba54d9f651db841f06e24a0f4f7795a403a4a79,40b20e213a579f8e41b33f4c34ec6c677ac5e3189f26551ce40bc9c5f70bde66,535ff0037dc3a6ee30dafc1eb6de38796167420b8d1c249ffdc4a2d6a130b2b3
GMM,5,5678,Geometry-Only,geometry_only,90,"[0.3963542966425946, 0.884450762496078, -0.5872913483468523, -1.3101943235883229, -1.5010660423481847]",-0.0008610297855931841,-0.10815796854636983,-4.747297581756864e-13,0.10729693876077664,0.9920391461055124,False,15,90,0.4324243693220489,1.0,0.0,1.0,True,matching_GMM_5_5678::region_0,False,,1500,100,100,0,0,35b3665b13a5273b1d2a7bd6a2235d84259578aa41f68b5088cdc83a2f7b4ac8,e63f65993b5c470be64197fbcba54d9f651db841f06e24a0f4f7795a403a4a79,40b20e213a579f8e41b33f4c34ec6c677ac5e3189f26551ce40bc9c5f70bde66,535ff0037dc3a6ee30dafc1eb6de38796167420b8d1c249ffdc4a2d6a130b2b3
GMM,5,5678,Local-Rank-No-Reliability,local_rank_no_reliability,90,"[0.3963542966425946, 0.884450762496078, -0.5872913483468523, -1.3101943235883229, -1.5010660423481847]",-0.0008610297855931841,-0.10815796854636983,-4.747297581756864e-13,0.10729693876077664,0.9920391461055124,False,15,90,0.4324243693220489,1.0,0.0,1.0,True,matching_GMM_5_5678::region_0,False,,1500,100,100,0,0,35b3665b13a5273b1d2a7bd6a2235d84259578aa41f68b5088cdc83a2f7b4ac8,e63f65993b5c470be64197fbcba54d9f651db841f06e24a0f4f7795a403a4a79,40b20e213a579f8e41b33f4c34ec6c677ac5e3189f26551ce40bc9c5f70bde66,535ff0037dc3a6ee30dafc1eb6de38796167420b8d1c249ffdc4a2d6a130b2b3
GMM,5,5678,Local-Rank+Reliability,local_rank_reliability,90,"[0.3963542966425946, 0.884450762496078, -0.5872913483468523, -1.3101943235883229, -1.5010660423481847]",-0.0008610297855931841,-0.10815796854636983,-4.747297581756864e-13,0.10729693876077664,0.9920391461055124,False,15,90,0.3522377973026011,1.0,0.0,1.0,True,matching_GMM_5_5678::region_0,False,,1500,100,100,0,0,35b3665b13a5273b1d2a7bd6a2235d84259578aa41f68b5088cdc83a2f7b4ac8,e63f65993b5c470be64197fbcba54d9f651db841f06e24a0f4f7795a403a4a79,40b20e213a579f8e41b33f4c34ec6c677ac5e3189f26551ce40bc9c5f70bde66,535ff0037dc3a6ee30dafc1eb6de38796167420b8d1c249ffdc4a2d6a130b2b3
GMM,5,5678,Reversed-Local-Rank,reversed_local_rank,90,"[0.3963542966425946, 0.884450762496078, -0.5872913483468523, -1.3101943235883229, -1.5010660423481847]",-0.0008610297855931841,-0.10815796854636983,-4.747297581756864e-13,0.10729693876077664,0.9920391461055124,False,15,90,0.03522377973026011,1.0,0.0,1.0,True,matching_GMM_5_5678::region_0,False,,1500,100,100,0,0,35b3665b13a5273b1d2a7bd6a2235d84259578aa41f68b5088cdc83a2f7b4ac8,e63f65993b5c470be64197fbcba54d9f651db841f06e24a0f4f7795a403a4a79,40b20e213a579f8e41b33f4c34ec6c677ac5e3189f26551ce40bc9c5f70bde66,535ff0037dc3a6ee30dafc1eb6de38796167420b8d1c249ffdc4a2d6a130b2b3
GMM,5,8888,Target-Only,target_only,0,"[4.885413407259213, -1.8855697260953699, 2.7969967492652508, 3.8233122922382936, 2.241792148559724]",-3.6450216695327574e-08,-0.06724363535671135,-5.861955124172736e-11,0.06724359890649466,0.9999994588097896,False,71,0,0.0,0.0,1.0,1.0,True,,False,,1500,100,100,0,0,d789d7ceadb205ff5da9a43ef1073506cdf2694379b597c63ec8675f3ba8babe,1fe0899513be9eff0412d673502bb4dc0fd0bd1d85f46a666f743f351f9e3421,6fb07c18a9f4169cf9987cfc83e6bf4e98336b4bc8c3d40a79b40e0b5c08304d,420dc4c91df20c43e01940c70ff1fab11b48c1031558b7f71fe2b774184e0b38
GMM,5,8888,Geometry-Only,geometry_only,15,"[2.4104491903455463, -1.838495348488264, 1.6801122709429865, 0.633311335083838, 0.8459586723238424]",-0.06724363535671135,-0.06724363535671135,-5.861955124172736e-11,0.0,0.0,True,0,15,0.328617067607577,1.0,0.8484848484848485,1.8484848484848486,True,matching_GMM_5_8888::region_0,False,,1500,100,100,0,0,d789d7ceadb205ff5da9a43ef1073506cdf2694379b597c63ec8675f3ba8babe,1fe0899513be9eff0412d673502bb4dc0fd0bd1d85f46a666f743f351f9e3421,6fb07c18a9f4169cf9987cfc83e6bf4e98336b4bc8c3d40a79b40e0b5c08304d,420dc4c91df20c43e01940c70ff1fab11b48c1031558b7f71fe2b774184e0b38
GMM,5,8888,Local-Rank-No-Reliability,local_rank_no_reliability,15,"[2.4104491903455463, -1.838495348488264, 1.6801122709429865, 0.633311335083838, 0.8459586723238424]",-0.06724363535671135,-0.06724363535671135,-5.861955124172736e-11,0.0,0.0,True,0,15,0.328617067607577,1.0,0.8484848484848485,1.8484848484848486,True,matching_GMM_5_8888::region_0,False,,1500,100,100,0,0,d789d7ceadb205ff5da9a43ef1073506cdf2694379b597c63ec8675f3ba8babe,1fe0899513be9eff0412d673502bb4dc0fd0bd1d85f46a666f743f351f9e3421,6fb07c18a9f4169cf9987cfc83e6bf4e98336b4bc8c3d40a79b40e0b5c08304d,420dc4c91df20c43e01940c70ff1fab11b48c1031558b7f71fe2b774184e0b38
GMM,5,8888,Local-Rank+Reliability,local_rank_reliability,15,"[2.4104491903455463, -1.838495348488264, 1.6801122709429865, 0.633311335083838, 0.8459586723238424]",-0.06724363535671135,-0.06724363535671135,-5.861955124172736e-11,0.0,0.0,True,0,15,0.2638039648039229,1.0,0.8484848484848485,1.8484848484848486,True,matching_GMM_5_8888::region_0,False,,1500,100,100,0,0,d789d7ceadb205ff5da9a43ef1073506cdf2694379b597c63ec8675f3ba8babe,1fe0899513be9eff0412d673502bb4dc0fd0bd1d85f46a666f743f351f9e3421,6fb07c18a9f4169cf9987cfc83e6bf4e98336b4bc8c3d40a79b40e0b5c08304d,420dc4c91df20c43e01940c70ff1fab11b48c1031558b7f71fe2b774184e0b38
GMM,5,8888,Reversed-Local-Rank,reversed_local_rank,4,"[3.0624866806306983, -1.867995707430329, -0.027652817047906453, 1.3662661752692342, 4.0995637588812155]",-3.757440561694649e-05,-0.06724363535671135,-5.861955124172736e-11,0.06720606095109441,0.9994412207663845,False,33,4,0.029979848754861465,0.98989898989899,0.9595959595959596,1.9494949494949494,True,matching_GMM_5_8888::region_0,False,,1500,100,100,0,0,d789d7ceadb205ff5da9a43ef1073506cdf2694379b597c63ec8675f3ba8babe,1fe0899513be9eff0412d673502bb4dc0fd0bd1d85f46a666f743f351f9e3421,6fb07c18a9f4169cf9987cfc83e6bf4e98336b4bc8c3d40a79b40e0b5c08304d,420dc4c91df20c43e01940c70ff1fab11b48c1031558b7f71fe2b774184e0b38
Rastrigin,5,42,Target-Only,target_only,0,"[4.6975267809728765, 3.641951380506394, -2.0584934132167794, 1.6638891731116257, -4.302137794800989]",102.53550987279024,52.250622453480815,115.67828260006605,50.28488741930943,0.7927911466873908,False,69,0,0.0,0.0,1.0,1.0,True,,False,,1500,100,100,0,0,4bea580368f1d6b8fd1c32f90859b1ed0b3972d13ab70439d6b5c5bdc2328ef6,c5567a096a5ce373c1b09277463fdf40b244c0e274f17432ca6e86b891725cb0,96c672695598820000b961b97db87c4651d440944afb2b061167b5ef19587baf,e8b405853d5b8d0a901d9d784e8bf283c519b58af8594a8c66a67a9472792954
Rastrigin,5,42,Geometry-Only,geometry_only,6,"[-1.962844149339153, 2.642721698772789, -1.3655000661924204, 1.6836788365198547, 0.9314133930802564]",78.89080232058991,52.250622453480815,115.67828260006605,26.640179867109097,0.42000887003465043,False,30,6,0.07185220694528426,0.898989898989899,0.9393939393939394,1.8383838383838385,True,matching_Rastrigin_5_42::region_0,False,,1500,100,100,0,0,4bea580368f1d6b8fd1c32f90859b1ed0b3972d13ab70439d6b5c5bdc2328ef6,c5567a096a5ce373c1b09277463fdf40b244c0e274f17432ca6e86b891725cb0,96c672695598820000b961b97db87c4651d440944afb2b061167b5ef19587baf,e8b405853d5b8d0a901d9d784e8bf283c519b58af8594a8c66a67a9472792954
Rastrigin,5,42,Local-Rank-No-Reliability,local_rank_no_reliability,6,"[-1.962844149339153, 2.642721698772789, -1.3655000661924204, 1.6836788365198547, 0.9314133930802564]",78.89080232058991,52.250622453480815,115.67828260006605,26.640179867109097,0.42000887003465043,False,30,6,0.05603020210632704,0.9393939393939394,0.9393939393939394,1.878787878787879,True,matching_Rastrigin_5_42::region_0,False,,1500,100,100,0,0,4bea580368f1d6b8fd1c32f90859b1ed0b3972d13ab70439d6b5c5bdc2328ef6,c5567a096a5ce373c1b09277463fdf40b244c0e274f17432ca6e86b891725cb0,96c672695598820000b961b97db87c4651d440944afb2b061167b5ef19587baf,e8b405853d5b8d0a901d9d784e8bf283c519b58af8594a8c66a67a9472792954
Rastrigin,5,42,Local-Rank+Reliability,local_rank_reliability,6,"[-1.962844149339153, 2.642721698772789, -1.3655000661924204, 1.6836788365198547, 0.9314133930802564]",78.89080232058991,52.250622453480815,115.67828260006605,26.640179867109097,0.42000887003465043,False,30,6,0.01400755052658176,0.9393939393939394,0.9393939393939394,1.878787878787879,True,matching_Rastrigin_5_42::region_0,False,,1500,100,100,0,0,4bea580368f1d6b8fd1c32f90859b1ed0b3972d13ab70439d6b5c5bdc2328ef6,c5567a096a5ce373c1b09277463fdf40b244c0e274f17432ca6e86b891725cb0,96c672695598820000b961b97db87c4651d440944afb2b061167b5ef19587baf,e8b405853d5b8d0a901d9d784e8bf283c519b58af8594a8c66a67a9472792954
Rastrigin,5,42,Reversed-Local-Rank,reversed_local_rank,7,"[-4.186200612929489, -0.031732726960258084, -0.35924338315310056, 0.9774853518289488, -2.9453982726135757]",98.68155858510852,52.250622453480815,115.67828260006605,46.4309361316277,0.7320297804510357,False,59,7,0.008206899089165318,0.8686868686868687,0.9292929292929293,1.797979797979798,True,matching_Rastrigin_5_42::region_0,False,,1500,100,100,0,0,4bea580368f1d6b8fd1c32f90859b1ed0b3972d13ab70439d6b5c5bdc2328ef6,c5567a096a5ce373c1b09277463fdf40b244c0e274f17432ca6e86b891725cb0,96c672695598820000b961b97db87c4651d440944afb2b061167b5ef19587baf,e8b405853d5b8d0a901d9d784e8bf283c519b58af8594a8c66a67a9472792954
Rastrigin,5,101,Target-Only,target_only,0,"[-0.7323025703073833, -1.4027210825050713, -1.3517976909886533, 1.9385288025738934, -4.978149613650816]",98.63371715430645,37.62549936777981,121.72801907543159,61.00821778652664,0.7254029724507293,False,61,0,0.0,0.0,1.0,1.0,True,,False,,1500,100,100,0,0,3a973484cb41c47cd115e7c7d9a3a3015f7bdc62fd5aab8e16be455295ff4c25,2524bd68b118df2bfa60903265759f82679a27023c5b2c85289b62438df94e8f,677716f7fc02db8c82fc09e3e7875dbfb645a22433026a64ddd1c445884fd7c9,9ef98c7601d9983a05f2db7952ffeb76549d5e047f2ffbbdfb09f69f169aa4f1
Rastrigin,5,101,Geometry-Only,geometry_only,26,"[-1.15470055645094, 0.5098210266059207, -0.43034127197278416, 1.0107645943460755, -1.1493773157622935]",49.25125487311321,37.62549936777981,121.72801907543159,11.625755505333402,0.13823314147715923,True,5,26,0.49424533759103384,0.98989898989899,0.7373737373737373,1.7272727272727273,True,matching_Rastrigin_5_101::region_0,False,,1500,100,100,0,0,3a973484cb41c47cd115e7c7d9a3a3015f7bdc62fd5aab8e16be455295ff4c25,2524bd68b118df2bfa60903265759f82679a27023c5b2c85289b62438df94e8f,677716f7fc02db8c82fc09e3e7875dbfb645a22433026a64ddd1c445884fd7c9,9ef98c7601d9983a05f2db7952ffeb76549d5e047f2ffbbdfb09f69f169aa4f1
Rastrigin,5,101,Local-Rank-No-Reliability,local_rank_no_reliability,26,"[-1.15470055645094, 0.5098210266059207, -0.43034127197278416, 1.0107645943460755, -1.1493773157622935]",49.25125487311321,37.62549936777981,121.72801907543159,11.625755505333402,0.13823314147715923,True,5,26,0.31589498356513873,0.9797979797979798,0.7373737373737373,1.7171717171717171,True,matching_Rastrigin_5_101::region_0,False,,1500,100,100,0,0,3a973484cb41c47cd115e7c7d9a3a3015f7bdc62fd5aab8e16be455295ff4c25,2524bd68b118df2bfa60903265759f82679a27023c5b2c85289b62438df94e8f,677716f7fc02db8c82fc09e3e7875dbfb645a22433026a64ddd1c445884fd7c9,9ef98c7601d9983a05f2db7952ffeb76549d5e047f2ffbbdfb09f69f169aa4f1
Rastrigin,5,101,Local-Rank+Reliability,local_rank_reliability,26,"[-1.15470055645094, 0.5098210266059207, -0.43034127197278416, 1.0107645943460755, -1.1493773157622935]",49.25125487311321,37.62549936777981,121.72801907543159,11.625755505333402,0.13823314147715923,True,5,26,0.08288891993260887,0.9797979797979798,0.7373737373737373,1.7171717171717171,True,matching_Rastrigin_5_101::region_0,False,,1500,100,100,0,0,3a973484cb41c47cd115e7c7d9a3a3015f7bdc62fd5aab8e16be455295ff4c25,2524bd68b118df2bfa60903265759f82679a27023c5b2c85289b62438df94e8f,677716f7fc02db8c82fc09e3e7875dbfb645a22433026a64ddd1c445884fd7c9,9ef98c7601d9983a05f2db7952ffeb76549d5e047f2ffbbdfb09f69f169aa4f1
Rastrigin,5,101,Reversed-Local-Rank,reversed_local_rank,26,"[-1.15470055645094, 0.5098210266059207, -0.43034127197278416, 1.0107645943460755, -1.1493773157622935]",49.25125487311321,37.62549936777981,121.72801907543159,11.625755505333402,0.13823314147715923,True,5,26,0.05976674343857247,1.0,0.7373737373737373,1.7373737373737375,True,matching_Rastrigin_5_101::region_0,False,,1500,100,100,0,0,3a973484cb41c47cd115e7c7d9a3a3015f7bdc62fd5aab8e16be455295ff4c25,2524bd68b118df2bfa60903265759f82679a27023c5b2c85289b62438df94e8f,677716f7fc02db8c82fc09e3e7875dbfb645a22433026a64ddd1c445884fd7c9,9ef98c7601d9983a05f2db7952ffeb76549d5e047f2ffbbdfb09f69f169aa4f1
Rastrigin,5,2026,Target-Only,target_only,0,"[-2.7822369281314026, 4.4582305769626815, -4.756762751897493, -4.232836118588953, -3.1140243189534056]",120.73475305909272,47.72360308200565,125.19167592622507,73.01114997708707,0.9424676166129139,False,81,0,0.0,0.0,1.0,1.0,True,,False,,1500,100,100,0,0,97cc47a0ca54faecd227940e69d1febf8f4bd518140f99da3b9524b0860ccb23,7b6b5822085cecf1730bff5ec9085128d7d2ebfe1b835d3300273a68cd54f254,d9a27986a2172ba83e1de639d1a0b382e7e5f0f1b9997c60adaf530d8e156f4a,5519e89afef2c6e0d8e1b483e6360e35cd088af201e810fcdc9a67afb5b0b5e7
Rastrigin,5,2026,Geometry-Only,geometry_only,10,"[-2.4667492819184655, 1.1072153621314955, -3.7200619116997666, 1.3010399066316447, 2.384282132461194]",51.3853402228013,47.72360308200565,125.19167592622507,3.661737140795644,0.04726769372666637,True,2,10,0.12167658447735906,0.98989898989899,0.898989898989899,1.8888888888888888,True,matching_Rastrigin_5_2026::region_0,False,,1500,100,100,0,0,97cc47a0ca54faecd227940e69d1febf8f4bd518140f99da3b9524b0860ccb23,7b6b5822085cecf1730bff5ec9085128d7d2ebfe1b835d3300273a68cd54f254,d9a27986a2172ba83e1de639d1a0b382e7e5f0f1b9997c60adaf530d8e156f4a,5519e89afef2c6e0d8e1b483e6360e35cd088af201e810fcdc9a67afb5b0b5e7
Rastrigin,5,2026,Local-Rank-No-Reliability,local_rank_no_reliability,10,"[-2.4667492819184655, 1.1072153621314955, -3.7200619116997666, 1.3010399066316447, 2.384282132461194]",51.3853402228013,47.72360308200565,125.19167592622507,3.661737140795644,0.04726769372666637,True,2,10,0.07769066356146889,0.98989898989899,0.898989898989899,1.8888888888888888,True,matching_Rastrigin_5_2026::region_0,False,,1500,100,100,0,0,97cc47a0ca54faecd227940e69d1febf8f4bd518140f99da3b9524b0860ccb23,7b6b5822085cecf1730bff5ec9085128d7d2ebfe1b835d3300273a68cd54f254,d9a27986a2172ba83e1de639d1a0b382e7e5f0f1b9997c60adaf530d8e156f4a,5519e89afef2c6e0d8e1b483e6360e35cd088af201e810fcdc9a67afb5b0b5e7
Rastrigin,5,2026,Local-Rank+Reliability,local_rank_reliability,10,"[-2.4667492819184655, 1.1072153621314955, -3.7200619116997666, 1.3010399066316447, 2.384282132461194]",51.3853402228013,47.72360308200565,125.19167592622507,3.661737140795644,0.04726769372666637,True,2,10,0.02105531315621755,0.98989898989899,0.898989898989899,1.8888888888888888,True,matching_Rastrigin_5_2026::region_0,False,,1500,100,100,0,0,97cc47a0ca54faecd227940e69d1febf8f4bd518140f99da3b9524b0860ccb23,7b6b5822085cecf1730bff5ec9085128d7d2ebfe1b835d3300273a68cd54f254,d9a27986a2172ba83e1de639d1a0b382e7e5f0f1b9997c60adaf530d8e156f4a,5519e89afef2c6e0d8e1b483e6360e35cd088af201e810fcdc9a67afb5b0b5e7
Rastrigin,5,2026,Reversed-Local-Rank,reversed_local_rank,10,"[-2.4667492819184655, 1.1072153621314955, -3.7200619116997666, 1.3010399066316447, 2.384282132461194]",51.3853402228013,47.72360308200565,125.19167592622507,3.661737140795644,0.04726769372666637,True,2,10,0.01521844638909798,0.98989898989899,0.898989898989899,1.8888888888888888,True,matching_Rastrigin_5_2026::region_0,False,,1500,100,100,0,0,97cc47a0ca54faecd227940e69d1febf8f4bd518140f99da3b9524b0860ccb23,7b6b5822085cecf1730bff5ec9085128d7d2ebfe1b835d3300273a68cd54f254,d9a27986a2172ba83e1de639d1a0b382e7e5f0f1b9997c60adaf530d8e156f4a,5519e89afef2c6e0d8e1b483e6360e35cd088af201e810fcdc9a67afb5b0b5e7
Rastrigin,5,777,Target-Only,target_only,0,"[-2.279396565805364, -1.4118095882901676, -3.8110044668271326, -4.036362683096337, -3.8845183207204594]",67.55084232857767,41.617461935860426,117.05836905189987,25.933380392717247,0.34375753664822467,False,16,0,0.0,0.0,1.0,1.0,True,,False,,1500,100,100,0,0,22fe890464f33be2587db62d6012e9eceb29577e05eda503bb9448ec1c411ee0,87c8d96aaed38585c0b62aea50405fe9561c5850400a310fa85516d726a16fba,35cd78d9b7a32fb2f4764edbe4cde9abd37304e8bcc7f01be5b8206607a581f8,812b4d1a96d49e592a2aec2bb6c3eb1cd53a1a9631bd47d8e765ad689af71430
Rastrigin,5,777,Geometry-Only,geometry_only,2,"[-0.5960524548475856, -2.2366728914763474, -2.3471717789512936, 1.8490944100010562, 1.4629666505241712]",75.3309077097582,41.617461935860426,117.05836905189987,33.71344577389777,0.44688547715951266,False,28,2,0.11332406327561372,0.9292929292929293,0.9797979797979798,1.9090909090909092,True,matching_Rastrigin_5_777::region_0,False,,1500,100,100,0,0,22fe890464f33be2587db62d6012e9eceb29577e05eda503bb9448ec1c411ee0,87c8d96aaed38585c0b62aea50405fe9561c5850400a310fa85516d726a16fba,35cd78d9b7a32fb2f4764edbe4cde9abd37304e8bcc7f01be5b8206607a581f8,812b4d1a96d49e592a2aec2bb6c3eb1cd53a1a9631bd47d8e765ad689af71430
Rastrigin,5,777,Local-Rank-No-Reliability,local_rank_no_reliability,2,"[-0.5960524548475856, -2.2366728914763474, -2.3471717789512936, 1.8490944100010562, 1.4629666505241712]",75.3309077097582,41.617461935860426,117.05836905189987,33.71344577389777,0.44688547715951266,False,28,2,0.056237404391142436,0.9090909090909091,0.9797979797979798,1.8888888888888888,True,matching_Rastrigin_5_777::region_0,False,,1500,100,100,0,0,22fe890464f33be2587db62d6012e9eceb29577e05eda503bb9448ec1c411ee0,87c8d96aaed38585c0b62aea50405fe9561c5850400a310fa85516d726a16fba,35cd78d9b7a32fb2f4764edbe4cde9abd37304e8bcc7f01be5b8206607a581f8,812b4d1a96d49e592a2aec2bb6c3eb1cd53a1a9631bd47d8e765ad689af71430
Rastrigin,5,777,Local-Rank+Reliability,local_rank_reliability,2,"[-0.5960524548475856, -2.2366728914763474, -2.3471717789512936, 1.8490944100010562, 1.4629666505241712]",75.3309077097582,41.617461935860426,117.05836905189987,33.71344577389777,0.44688547715951266,False,28,2,0.025994879385690083,0.9090909090909091,0.9797979797979798,1.8888888888888888,True,matching_Rastrigin_5_777::region_0,False,,1500,100,100,0,0,22fe890464f33be2587db62d6012e9eceb29577e05eda503bb9448ec1c411ee0,87c8d96aaed38585c0b62aea50405fe9561c5850400a310fa85516d726a16fba,35cd78d9b7a32fb2f4764edbe4cde9abd37304e8bcc7f01be5b8206607a581f8,812b4d1a96d49e592a2aec2bb6c3eb1cd53a1a9631bd47d8e765ad689af71430
Rastrigin,5,777,Reversed-Local-Rank,reversed_local_rank,2,"[-0.5960524548475856, -2.2366728914763474, -2.3471717789512936, 1.8490944100010562, 1.4629666505241712]",75.3309077097582,41.617461935860426,117.05836905189987,33.71344577389777,0.44688547715951266,False,28,2,0.031625665642359906,0.9595959595959596,0.9797979797979798,1.9393939393939394,True,matching_Rastrigin_5_777::region_0,False,,1500,100,100,0,0,22fe890464f33be2587db62d6012e9eceb29577e05eda503bb9448ec1c411ee0,87c8d96aaed38585c0b62aea50405fe9561c5850400a310fa85516d726a16fba,35cd78d9b7a32fb2f4764edbe4cde9abd37304e8bcc7f01be5b8206607a581f8,812b4d1a96d49e592a2aec2bb6c3eb1cd53a1a9631bd47d8e765ad689af71430
Rastrigin,5,999,Target-Only,target_only,0,"[-2.5801596848139083, 4.575285620460961, -0.7725206336581856, 4.540916989308761, -4.778509210660665]",62.61517038268886,45.04682724262793,116.67496463357243,17.568343140060932,0.24527153406451677,False,12,0,0.0,0.0,1.0,1.0,True,,False,,1500,100,100,0,0,6b3e92956e12ea083288dd95d62343032d0be4384b33b94320c934754f7968f4,3f066f51ae8c001a0514d97f60b3035978ae8180e70021ea4dc4bef8ba8b3e05,5eeb2c151b0256457b94a5f802a3407e24516c52409f07d161ad7a1128233b46,4690225d49757bca09fe9f2b7a849a83fffa45be2258f4be967c2234101a1683
Rastrigin,5,999,Geometry-Only,geometry_only,6,"[-2.1641725261300975, 3.890609831061812, 0.46203139277983585, 3.16572935905275, -0.5927198293605214]",59.32919600008574,45.04682724262793,116.67496463357243,14.28236875745781,0.1993960652572189,True,7,6,0.168534370215677,0.9797979797979798,0.9393939393939394,1.9191919191919191,True,matching_Rastrigin_5_999::region_0,False,,1500,100,100,0,0,6b3e92956e12ea083288dd95d62343032d0be4384b33b94320c934754f7968f4,3f066f51ae8c001a0514d97f60b3035978ae8180e70021ea4dc4bef8ba8b3e05,5eeb2c151b0256457b94a5f802a3407e24516c52409f07d161ad7a1128233b46,4690225d49757bca09fe9f2b7a849a83fffa45be2258f4be967c2234101a1683
Rastrigin,5,999,Local-Rank-No-Reliability,local_rank_no_reliability,6,"[-2.1641725261300975, 3.890609831061812, 0.46203139277983585, 3.16572935905275, -0.5927198293605214]",59.32919600008574,45.04682724262793,116.67496463357243,14.28236875745781,0.1993960652572189,True,7,6,0.07845972654479887,0.9696969696969697,0.9393939393939394,1.9090909090909092,True,matching_Rastrigin_5_999::region_0,False,,1500,100,100,0,0,6b3e92956e12ea083288dd95d62343032d0be4384b33b94320c934754f7968f4,3f066f51ae8c001a0514d97f60b3035978ae8180e70021ea4dc4bef8ba8b3e05,5eeb2c151b0256457b94a5f802a3407e24516c52409f07d161ad7a1128233b46,4690225d49757bca09fe9f2b7a849a83fffa45be2258f4be967c2234101a1683
Rastrigin,5,999,Local-Rank+Reliability,local_rank_reliability,6,"[-2.1641725261300975, 3.890609831061812, 0.46203139277983585, 3.16572935905275, -0.5927198293605214]",59.32919600008574,45.04682724262793,116.67496463357243,14.28236875745781,0.1993960652572189,True,7,6,0.03622793677977878,0.9696969696969697,0.9393939393939394,1.9090909090909092,True,matching_Rastrigin_5_999::region_0,False,,1500,100,100,0,0,6b3e92956e12ea083288dd95d62343032d0be4384b33b94320c934754f7968f4,3f066f51ae8c001a0514d97f60b3035978ae8180e70021ea4dc4bef8ba8b3e05,5eeb2c151b0256457b94a5f802a3407e24516c52409f07d161ad7a1128233b46,4690225d49757bca09fe9f2b7a849a83fffa45be2258f4be967c2234101a1683
Rastrigin,5,999,Reversed-Local-Rank,reversed_local_rank,6,"[-2.1641725261300975, 3.890609831061812, 0.46203139277983585, 3.16572935905275, -0.5927198293605214]",59.32919600008574,45.04682724262793,116.67496463357243,14.28236875745781,0.1993960652572189,True,7,6,0.04937289381319933,0.9797979797979798,0.9393939393939394,1.9191919191919191,True,matching_Rastrigin_5_999::region_0,False,,1500,100,100,0,0,6b3e92956e12ea083288dd95d62343032d0be4384b33b94320c934754f7968f4,3f066f51ae8c001a0514d97f60b3035978ae8180e70021ea4dc4bef8ba8b3e05,5eeb2c151b0256457b94a5f802a3407e24516c52409f07d161ad7a1128233b46,4690225d49757bca09fe9f2b7a849a83fffa45be2258f4be967c2234101a1683
Rastrigin,5,1234,Target-Only,target_only,0,"[0.8996467401981274, 0.06886738222444322, 4.535680073217512, 2.2520612638022293, -4.3559301874625485]",80.33342079005028,30.514374658343854,108.95678810314845,49.81904613170643,0.6351034337662395,False,52,0,0.0,0.0,1.0,1.0,True,,False,,1500,100,100,0,0,8f046e87ad8fd126d5a0bf3ff372c1f30310d17e7c7f32c504b07feeade835e0,bbb53c426f5e21dc37fef3ee552a98314f5740294a5bf07ed0483ad9e4f8bbe5,fda64729e3eeb7be59d6d2fc74ef1da5bb0478f3220b075b84c684756eb889f2,e1080746c4e508301680482e67b5c62f425eeb28e7ac976267fef9487a2adf63
Rastrigin,5,1234,Geometry-Only,geometry_only,6,"[0.23599755387996613, 0.41763890601443787, -1.6932934186238549, 2.4694323981755657, 0.29895584292166877]",94.97640040603665,30.514374658343854,108.95678810314845,64.46202574769279,0.8217751458278498,False,72,6,0.47143103661916985,0.9797979797979798,0.9393939393939394,1.9191919191919191,True,matching_Rastrigin_5_1234::region_0,False,,1500,100,100,0,0,8f046e87ad8fd126d5a0bf3ff372c1f30310d17e7c7f32c504b07feeade835e0,bbb53c426f5e21dc37fef3ee552a98314f5740294a5bf07ed0483ad9e4f8bbe5,fda64729e3eeb7be59d6d2fc74ef1da5bb0478f3220b075b84c684756eb889f2,e1080746c4e508301680482e67b5c62f425eeb28e7ac976267fef9487a2adf63
Rastrigin,5,1234,Local-Rank-No-Reliability,local_rank_no_reliability,6,"[0.23599755387996613, 0.41763890601443787, -1.6932934186238549, 2.4694323981755657, 0.29895584292166877]",94.97640040603665,30.514374658343854,108.95678810314845,64.46202574769279,0.8217751458278498,False,72,6,0.2911311937994386,0.9696969696969697,0.9393939393939394,1.9090909090909092,True,matching_Rastrigin_5_1234::region_0,False,,1500,100,100,0,0,8f046e87ad8fd126d5a0bf3ff372c1f30310d17e7c7f32c504b07feeade835e0,bbb53c426f5e21dc37fef3ee552a98314f5740294a5bf07ed0483ad9e4f8bbe5,fda64729e3eeb7be59d6d2fc74ef1da5bb0478f3220b075b84c684756eb889f2,e1080746c4e508301680482e67b5c62f425eeb28e7ac976267fef9487a2adf63
Rastrigin,5,1234,Local-Rank+Reliability,local_rank_reliability,6,"[0.23599755387996613, 0.41763890601443787, -1.6932934186238549, 2.4694323981755657, 0.29895584292166877]",94.97640040603665,30.514374658343854,108.95678810314845,64.46202574769279,0.8217751458278498,False,72,6,0.10257891845901554,0.9696969696969697,0.9393939393939394,1.9090909090909092,True,matching_Rastrigin_5_1234::region_0,False,,1500,100,100,0,0,8f046e87ad8fd126d5a0bf3ff372c1f30310d17e7c7f32c504b07feeade835e0,bbb53c426f5e21dc37fef3ee552a98314f5740294a5bf07ed0483ad9e4f8bbe5,fda64729e3eeb7be59d6d2fc74ef1da5bb0478f3220b075b84c684756eb889f2,e1080746c4e508301680482e67b5c62f425eeb28e7ac976267fef9487a2adf63
Rastrigin,5,1234,Reversed-Local-Rank,reversed_local_rank,6,"[0.23599755387996613, 0.41763890601443787, -1.6932934186238549, 2.4694323981755657, 0.29895584292166877]",94.97640040603665,30.514374658343854,108.95678810314845,64.46202574769279,0.8217751458278498,False,72,6,0.08013861777138162,1.0,0.9393939393939394,1.9393939393939394,True,matching_Rastrigin_5_1234::region_0,False,,1500,100,100,0,0,8f046e87ad8fd126d5a0bf3ff372c1f30310d17e7c7f32c504b07feeade835e0,bbb53c426f5e21dc37fef3ee552a98314f5740294a5bf07ed0483ad9e4f8bbe5,fda64729e3eeb7be59d6d2fc74ef1da5bb0478f3220b075b84c684756eb889f2,e1080746c4e508301680482e67b5c62f425eeb28e7ac976267fef9487a2adf63
Rastrigin,5,5678,Target-Only,target_only,0,"[0.2658048335433669, 2.989261993815627, -0.3446755688253651, 4.415586253196026, -1.7278328960114355]",63.02995689434725,34.145466603320884,106.3773258947683,28.884490291026367,0.3998857370468715,False,18,0,0.0,0.0,1.0,1.0,True,,False,,1500,100,100,0,0,4599119a82521a9946c1cd0c6df7f91f08d5f2361105ce256827195e78846d3b,600e7bed0539e1c6d844624c8992b863cb67c018558ab1627e552e842dfa8728,c442cc423fc655f46177e629a08b86e3aec2ad4d39e0c8614f0b10bf5c1378be,2e2c2dd6920d97bdb262ba0efafefc6ac255836ce327678e474ccb29b82940a0
Rastrigin,5,5678,Geometry-Only,geometry_only,16,"[0.20444678709911823, 1.6620272254121646, -0.03551607053111372, 0.8175720868625911, -2.382862794605521]",66.57521339008736,34.145466603320884,106.3773258947683,32.42974678676647,0.4489673546393994,False,29,16,0.3988674998527367,0.9595959595959596,0.8383838383838383,1.797979797979798,True,matching_Rastrigin_5_5678::region_0,False,,1500,100,100,0,0,4599119a82521a9946c1cd0c6df7f91f08d5f2361105ce256827195e78846d3b,600e7bed0539e1c6d844624c8992b863cb67c018558ab1627e552e842dfa8728,c442cc423fc655f46177e629a08b86e3aec2ad4d39e0c8614f0b10bf5c1378be,2e2c2dd6920d97bdb262ba0efafefc6ac255836ce327678e474ccb29b82940a0
Rastrigin,5,5678,Local-Rank-No-Reliability,local_rank_no_reliability,4,"[0.48809156520301133, 3.130559460204924, -0.4740322183370971, -3.106946393177503, -2.065568362570127]",79.41074290661822,34.145466603320884,106.3773258947683,45.26527630329734,0.626666359516748,False,50,4,0.11145425146770202,0.8383838383838383,0.9595959595959596,1.797979797979798,True,matching_Rastrigin_5_5678::region_0,False,,1500,100,100,0,0,4599119a82521a9946c1cd0c6df7f91f08d5f2361105ce256827195e78846d3b,600e7bed0539e1c6d844624c8992b863cb67c018558ab1627e552e842dfa8728,c442cc423fc655f46177e629a08b86e3aec2ad4d39e0c8614f0b10bf5c1378be,2e2c2dd6920d97bdb262ba0efafefc6ac255836ce327678e474ccb29b82940a0
Rastrigin,5,5678,Local-Rank+Reliability,local_rank_reliability,4,"[0.48809156520301133, 3.130559460204924, -0.4740322183370971, -3.106946393177503, -2.065568362570127]",79.41074290661822,34.145466603320884,106.3773258947683,45.26527630329734,0.626666359516748,False,50,4,0.02953126712253719,0.8383838383838383,0.9595959595959596,1.797979797979798,True,matching_Rastrigin_5_5678::region_0,False,,1500,100,100,0,0,4599119a82521a9946c1cd0c6df7f91f08d5f2361105ce256827195e78846d3b,600e7bed0539e1c6d844624c8992b863cb67c018558ab1627e552e842dfa8728,c442cc423fc655f46177e629a08b86e3aec2ad4d39e0c8614f0b10bf5c1378be,2e2c2dd6920d97bdb262ba0efafefc6ac255836ce327678e474ccb29b82940a0
Rastrigin,5,5678,Reversed-Local-Rank,reversed_local_rank,16,"[0.20444678709911823, 1.6620272254121646, -0.03551607053111372, 0.8175720868625911, -2.382862794605521]",66.57521339008736,34.145466603320884,106.3773258947683,32.42974678676647,0.4489673546393994,False,29,16,0.05405274624429198,0.98989898989899,0.8383838383838383,1.8282828282828283,True,matching_Rastrigin_5_5678::region_0,False,,1500,100,100,0,0,4599119a82521a9946c1cd0c6df7f91f08d5f2361105ce256827195e78846d3b,600e7bed0539e1c6d844624c8992b863cb67c018558ab1627e552e842dfa8728,c442cc423fc655f46177e629a08b86e3aec2ad4d39e0c8614f0b10bf5c1378be,2e2c2dd6920d97bdb262ba0efafefc6ac255836ce327678e474ccb29b82940a0
Rastrigin,5,8888,Target-Only,target_only,0,"[1.3253059295248475, -2.486346822328786, -2.1934898528781153, -2.989795396259783, 0.03462195660011158]",69.3326631536311,32.41033694178671,116.20347634689612,36.92232621184439,0.440636625790309,False,24,0,0.0,0.0,1.0,1.0,True,,False,,1500,100,100,0,0,b47ccf875c3cfebe430ce5780498bb6258fda5fbff9640b8224e0b08d97940e7,37b95d6e4cbc6fbe7dfb342e329708b355305df860ea141b5e04b3be6f3cc004,b89f4eaf0dfabbe6716a3fd0837b484156d1d2a08b106be96481782173b67d46,58718074726d4d47ab4bcf0442c2c17cfd54ae3d3c215016db3efb43012b34fa
Rastrigin,5,8888,Geometry-Only,geometry_only,1,"[0.49945362763725054, -2.5498983612084114, -1.980815424201377, -2.6498277889427437, -0.08719113816064539]",74.90760166839328,32.41033694178671,116.20347634689612,42.49726472660657,0.5071687852766529,False,32,1,0.13633654342270332,0.8484848484848485,0.98989898989899,1.8383838383838385,True,matching_Rastrigin_5_8888::region_0,False,,1500,100,100,0,0,b47ccf875c3cfebe430ce5780498bb6258fda5fbff9640b8224e0b08d97940e7,37b95d6e4cbc6fbe7dfb342e329708b355305df860ea141b5e04b3be6f3cc004,b89f4eaf0dfabbe6716a3fd0837b484156d1d2a08b106be96481782173b67d46,58718074726d4d47ab4bcf0442c2c17cfd54ae3d3c215016db3efb43012b34fa
Rastrigin,5,8888,Local-Rank-No-Reliability,local_rank_no_reliability,13,"[-0.8357918321303179, -2.4906782399913814, -3.3126711682653855, -1.4689769104352206, 0.23786243411038033]",58.49849014992198,32.41033694178671,116.20347634689612,26.088153208135267,0.31133996641429695,True,9,13,0.17877572109246181,0.9696969696969697,0.8686868686868687,1.8383838383838385,True,matching_Rastrigin_5_8888::region_0,False,,1500,100,100,0,0,b47ccf875c3cfebe430ce5780498bb6258fda5fbff9640b8224e0b08d97940e7,37b95d6e4cbc6fbe7dfb342e329708b355305df860ea141b5e04b3be6f3cc004,b89f4eaf0dfabbe6716a3fd0837b484156d1d2a08b106be96481782173b67d46,58718074726d4d47ab4bcf0442c2c17cfd54ae3d3c215016db3efb43012b34fa
Rastrigin,5,8888,Local-Rank+Reliability,local_rank_reliability,13,"[-0.8357918321303179, -2.4906782399913814, -3.3126711682653855, -1.4689769104352206, 0.23786243411038033]",58.49849014992198,32.41033694178671,116.20347634689612,26.088153208135267,0.31133996641429695,True,9,13,0.048016985673161316,0.9696969696969697,0.8686868686868687,1.8383838383838385,True,matching_Rastrigin_5_8888::region_0,False,,1500,100,100,0,0,b47ccf875c3cfebe430ce5780498bb6258fda5fbff9640b8224e0b08d97940e7,37b95d6e4cbc6fbe7dfb342e329708b355305df860ea141b5e04b3be6f3cc004,b89f4eaf0dfabbe6716a3fd0837b484156d1d2a08b106be96481782173b67d46,58718074726d4d47ab4bcf0442c2c17cfd54ae3d3c215016db3efb43012b34fa
Rastrigin,5,8888,Reversed-Local-Rank,reversed_local_rank,1,"[0.49945362763725054, -2.5498983612084114, -1.980815424201377, -2.6498277889427437, -0.08719113816064539]",74.90760166839328,32.41033694178671,116.20347634689612,42.49726472660657,0.5071687852766529,False,32,1,0.02016102713389614,0.8888888888888888,0.98989898989899,1.878787878787879,True,matching_Rastrigin_5_8888::region_0,False,,1500,100,100,0,0,b47ccf875c3cfebe430ce5780498bb6258fda5fbff9640b8224e0b08d97940e7,37b95d6e4cbc6fbe7dfb342e329708b355305df860ea141b5e04b3be6f3cc004,b89f4eaf0dfabbe6716a3fd0837b484156d1d2a08b106be96481782173b67d46,58718074726d4d47ab4bcf0442c2c17cfd54ae3d3c215016db3efb43012b34fa
Lunacek,5,42,Target-Only,target_only,0,"[-2.1351612120611305, -1.6996659671066592, -2.4729619365375664, -1.397917126548387, 4.435963507375908]",80.90703351370874,35.41392977571243,96.47286250123462,45.49310373799631,0.7450687672924313,False,52,0,0.0,0.0,1.0,1.0,True,,False,,1500,100,100,0,0,78fc16d92e48eadf9d537e2b63787cc9023c6e4b593375548024f72a29de7ff4,c0ccba5a108d8700d41120103809d88dd7001b9e4a9cda3cc4ee3623eb33c15f,829e5ed6ce1d1b3ff75e6106c8972b85e37aef02f2316e4e382b24c8644c0155,9678dc0880c9854ae7d6d8e2515b14943c9a8a54c46085d2b8f4cb62e9534b7c
Lunacek,5,42,Geometry-Only,geometry_only,4,"[2.614552801420654, -0.8447687482385131, -2.1130429569269324, -1.3351354341913337, 0.3353509643580086]",65.75364419993745,35.41392977571243,96.47286250123462,30.339714424225022,0.4968923148495068,False,26,4,0.3091644897992579,0.9191919191919192,0.9595959595959596,1.878787878787879,True,matching_Lunacek_5_42::region_0,False,,1500,100,100,0,0,78fc16d92e48eadf9d537e2b63787cc9023c6e4b593375548024f72a29de7ff4,c0ccba5a108d8700d41120103809d88dd7001b9e4a9cda3cc4ee3623eb33c15f,829e5ed6ce1d1b3ff75e6106c8972b85e37aef02f2316e4e382b24c8644c0155,9678dc0880c9854ae7d6d8e2515b14943c9a8a54c46085d2b8f4cb62e9534b7c
Lunacek,5,42,Local-Rank-No-Reliability,local_rank_no_reliability,7,"[1.7193870138899205, 0.3600909541134447, 0.4015152555773085, -1.5014919439029963, 1.739132632570449]",81.17659129591257,35.41392977571243,96.47286250123462,45.76266152020014,0.7494834822271907,False,53,7,0.23233574220481235,0.9494949494949495,0.9292929292929293,1.878787878787879,True,matching_Lunacek_5_42::region_0,False,,1500,100,100,0,0,78fc16d92e48eadf9d537e2b63787cc9023c6e4b593375548024f72a29de7ff4,c0ccba5a108d8700d41120103809d88dd7001b9e4a9cda3cc4ee3623eb33c15f,829e5ed6ce1d1b3ff75e6106c8972b85e37aef02f2316e4e382b24c8644c0155,9678dc0880c9854ae7d6d8e2515b14943c9a8a54c46085d2b8f4cb62e9534b7c
Lunacek,5,42,Local-Rank+Reliability,local_rank_reliability,7,"[1.7193870138899205, 0.3600909541134447, 0.4015152555773085, -1.5014919439029963, 1.739132632570449]",81.17659129591257,35.41392977571243,96.47286250123462,45.76266152020014,0.7494834822271907,False,53,7,0.058083935551203086,0.9494949494949495,0.9292929292929293,1.878787878787879,True,matching_Lunacek_5_42::region_0,False,,1500,100,100,0,0,78fc16d92e48eadf9d537e2b63787cc9023c6e4b593375548024f72a29de7ff4,c0ccba5a108d8700d41120103809d88dd7001b9e4a9cda3cc4ee3623eb33c15f,829e5ed6ce1d1b3ff75e6106c8972b85e37aef02f2316e4e382b24c8644c0155,9678dc0880c9854ae7d6d8e2515b14943c9a8a54c46085d2b8f4cb62e9534b7c
Lunacek,5,42,Reversed-Local-Rank,reversed_local_rank,4,"[2.614552801420654, -0.8447687482385131, -2.1130429569269324, -1.3351354341913337, 0.3353509643580086]",65.75364419993745,35.41392977571243,96.47286250123462,30.339714424225022,0.4968923148495068,False,26,4,0.04157802750490524,0.9292929292929293,0.9595959595959596,1.8888888888888888,True,matching_Lunacek_5_42::region_0,False,,1500,100,100,0,0,78fc16d92e48eadf9d537e2b63787cc9023c6e4b593375548024f72a29de7ff4,c0ccba5a108d8700d41120103809d88dd7001b9e4a9cda3cc4ee3623eb33c15f,829e5ed6ce1d1b3ff75e6106c8972b85e37aef02f2316e4e382b24c8644c0155,9678dc0880c9854ae7d6d8e2515b14943c9a8a54c46085d2b8f4cb62e9534b7c
Lunacek,5,101,Target-Only,target_only,0,"[-3.3204354753772747, -3.0928079560613533, 4.094312674316843, 2.3129575733287258, -4.667579212078855]",55.08903381677294,36.164586880157984,97.57047477217583,18.924446936614956,0.30818619494426275,False,13,0,0.0,0.0,1.0,1.0,True,,False,,1500,100,100,0,0,7f05f16a4ff93ec44a9d112139090a9eeb29400d88f85b68b38016819f3a0dc1,ad31119880f371fe74f6a94393a532849e651440f0da622c564ab75b0789c55b,18488cbc22c036cfe0c36b80f7d56c05305c6b99f95f04815724ecb828e8a883,d2edeab3c1cb12c3b06d99f70290438ca6bedc65163912eee5ac65293e2f34a9
Lunacek,5,101,Geometry-Only,geometry_only,3,"[2.9650162173382997, -3.136905059068884, 3.11172614013093, 0.2897371148050212, 0.2778555089026362]",55.90862762229092,36.164586880157984,97.57047477217583,19.74404074213294,0.32153334834686864,False,15,3,0.03141868738836698,0.5353535353535354,0.9696969696969697,1.5050505050505052,True,matching_Lunacek_5_101::region_0,False,,1500,100,100,0,0,7f05f16a4ff93ec44a9d112139090a9eeb29400d88f85b68b38016819f3a0dc1,ad31119880f371fe74f6a94393a532849e651440f0da622c564ab75b0789c55b,18488cbc22c036cfe0c36b80f7d56c05305c6b99f95f04815724ecb828e8a883,d2edeab3c1cb12c3b06d99f70290438ca6bedc65163912eee5ac65293e2f34a9
Lunacek,5,101,Local-Rank-No-Reliability,local_rank_no_reliability,27,"[1.0498931170543466, -3.110386758766955, -3.2750231722571055, -2.238149581912081, 1.9550992677268884]",69.17369599081246,36.164586880157984,97.57047477217583,33.00910911065448,0.5375560918311441,False,30,27,0.06431296714123337,0.8181818181818182,0.7272727272727273,1.5454545454545454,True,matching_Lunacek_5_101::region_0,False,,1500,100,100,0,0,7f05f16a4ff93ec44a9d112139090a9eeb29400d88f85b68b38016819f3a0dc1,ad31119880f371fe74f6a94393a532849e651440f0da622c564ab75b0789c55b,18488cbc22c036cfe0c36b80f7d56c05305c6b99f95f04815724ecb828e8a883,d2edeab3c1cb12c3b06d99f70290438ca6bedc65163912eee5ac65293e2f34a9
Lunacek,5,101,Local-Rank+Reliability,local_rank_reliability,27,"[1.0498931170543466, -3.110386758766955, -3.2750231722571055, -2.238149581912081, 1.9550992677268884]",69.17369599081246,36.164586880157984,97.57047477217583,33.00910911065448,0.5375560918311441,False,30,27,0.016078241785308343,0.8181818181818182,0.7272727272727273,1.5454545454545454,True,matching_Lunacek_5_101::region_0,False,,1500,100,100,0,0,7f05f16a4ff93ec44a9d112139090a9eeb29400d88f85b68b38016819f3a0dc1,ad31119880f371fe74f6a94393a532849e651440f0da622c564ab75b0789c55b,18488cbc22c036cfe0c36b80f7d56c05305c6b99f95f04815724ecb828e8a883,d2edeab3c1cb12c3b06d99f70290438ca6bedc65163912eee5ac65293e2f34a9
Lunacek,5,101,Reversed-Local-Rank,reversed_local_rank,3,"[2.9650162173382997, -3.136905059068884, 3.11172614013093, 0.2897371148050212, 0.2778555089026362]",55.90862762229092,36.164586880157984,97.57047477217583,19.74404074213294,0.32153334834686864,False,15,3,0.004708793927152204,0.5353535353535354,0.9696969696969697,1.5050505050505052,True,matching_Lunacek_5_101::region_0,False,,1500,100,100,0,0,7f05f16a4ff93ec44a9d112139090a9eeb29400d88f85b68b38016819f3a0dc1,ad31119880f371fe74f6a94393a532849e651440f0da622c564ab75b0789c55b,18488cbc22c036cfe0c36b80f7d56c05305c6b99f95f04815724ecb828e8a883,d2edeab3c1cb12c3b06d99f70290438ca6bedc65163912eee5ac65293e2f34a9
Lunacek,5,2026,Target-Only,target_only,0,"[-4.4030687599046905, -4.817836670095831, -3.7249870486899015, -2.5737273829635408, -2.7088067413189743]",57.333708985928254,34.47788301208057,87.98367651866366,22.855825973847686,0.4271654427671579,False,24,0,0.0,0.0,1.0,1.0,True,,False,,1500,100,100,0,0,10809e23d988634cb1b92e5ced5cab3eb441c9b985c8e071aff4e8973171caab,eef1b05209f67802b0265a49a8bf7efb98d240c2d690ad25992dfbbc78dbfb22,3bfc9a12ba6d76b1b6a2071a494cd9a1538b37bba3f6be0d9a84b885a9bd18b1,76fac7e888871679411d2a7b4505eec71268dc45c97f0e2f1487e420f9a2b0db
Lunacek,5,2026,Geometry-Only,geometry_only,6,"[-2.3443965117286245, -3.9608365332583784, -3.107343870215784, -1.834450500526085, -3.1945111894050804]",48.037318454511436,34.47788301208057,87.98367651866366,13.559435442430868,0.25341994864093703,False,11,6,0.16158456490146936,0.9494949494949495,0.9393939393939394,1.8888888888888888,True,matching_Lunacek_5_2026::region_0,False,,1500,100,100,0,0,10809e23d988634cb1b92e5ced5cab3eb441c9b985c8e071aff4e8973171caab,eef1b05209f67802b0265a49a8bf7efb98d240c2d690ad25992dfbbc78dbfb22,3bfc9a12ba6d76b1b6a2071a494cd9a1538b37bba3f6be0d9a84b885a9bd18b1,76fac7e888871679411d2a7b4505eec71268dc45c97f0e2f1487e420f9a2b0db
Lunacek,5,2026,Local-Rank-No-Reliability,local_rank_no_reliability,6,"[-2.3443965117286245, -3.9608365332583784, -3.107343870215784, -1.834450500526085, -3.1945111894050804]",48.037318454511436,34.47788301208057,87.98367651866366,13.559435442430868,0.25341994864093703,False,11,6,0.07290399946099559,0.9292929292929293,0.9393939393939394,1.8686868686868687,True,matching_Lunacek_5_2026::region_0,False,,1500,100,100,0,0,10809e23d988634cb1b92e5ced5cab3eb441c9b985c8e071aff4e8973171caab,eef1b05209f67802b0265a49a8bf7efb98d240c2d690ad25992dfbbc78dbfb22,3bfc9a12ba6d76b1b6a2071a494cd9a1538b37bba3f6be0d9a84b885a9bd18b1,76fac7e888871679411d2a7b4505eec71268dc45c97f0e2f1487e420f9a2b0db
Lunacek,5,2026,Local-Rank+Reliability,local_rank_reliability,6,"[-2.3443965117286245, -3.9608365332583784, -3.107343870215784, -1.834450500526085, -3.1945111894050804]",48.037318454511436,34.47788301208057,87.98367651866366,13.559435442430868,0.25341994864093703,False,11,6,0.023925115224671254,0.9292929292929293,0.9393939393939394,1.8686868686868687,True,matching_Lunacek_5_2026::region_0,False,,1500,100,100,0,0,10809e23d988634cb1b92e5ced5cab3eb441c9b985c8e071aff4e8973171caab,eef1b05209f67802b0265a49a8bf7efb98d240c2d690ad25992dfbbc78dbfb22,3bfc9a12ba6d76b1b6a2071a494cd9a1538b37bba3f6be0d9a84b885a9bd18b1,76fac7e888871679411d2a7b4505eec71268dc45c97f0e2f1487e420f9a2b0db
Lunacek,5,2026,Reversed-Local-Rank,reversed_local_rank,6,"[-2.3443965117286245, -3.9608365332583784, -3.107343870215784, -1.834450500526085, -3.1945111894050804]",48.037318454511436,34.47788301208057,87.98367651866366,13.559435442430868,0.25341994864093703,False,11,6,0.03440532341540324,0.9696969696969697,0.9393939393939394,1.9090909090909092,True,matching_Lunacek_5_2026::region_0,False,,1500,100,100,0,0,10809e23d988634cb1b92e5ced5cab3eb441c9b985c8e071aff4e8973171caab,eef1b05209f67802b0265a49a8bf7efb98d240c2d690ad25992dfbbc78dbfb22,3bfc9a12ba6d76b1b6a2071a494cd9a1538b37bba3f6be0d9a84b885a9bd18b1,76fac7e888871679411d2a7b4505eec71268dc45c97f0e2f1487e420f9a2b0db
Lunacek,5,777,Target-Only,target_only,0,"[-4.055671784391049, 3.8427346836029503, -1.8581883264267551, 4.842886223470151, -1.222767630251942]",86.87652814388048,45.173000127020345,108.93256015164573,41.70352801686013,0.6540749026617073,False,58,0,0.0,0.0,1.0,1.0,True,,False,,1500,100,100,0,0,31e056fc3d1d28d6185e6f7dfab281c63c4df5e8dbfb26eee78621d775bfb2e1,5c98143d16444b5a14ff936e02b65c9f1d239ade86373eccb241fbb9674e62d9,2d3e554387b0a89729a88dba7a2ab4ac10fbd517ed8103642ed7a24f0e8c5cc9,7794e979c2a8ea6a4fb9ec91519d75655028897519433de27526d238ffcfcc00
Lunacek,5,777,Geometry-Only,geometry_only,14,"[-3.205857199341752, 0.8150919523598885, -0.11886621096034666, 1.0040662231300264, -1.1035689177703647]",67.32551079626606,45.173000127020345,108.93256015164573,22.152510669245714,0.347438261190791,False,21,14,0.2153492283665824,0.98989898989899,0.8585858585858586,1.8484848484848486,True,matching_Lunacek_5_777::region_0,False,,1500,100,100,0,0,31e056fc3d1d28d6185e6f7dfab281c63c4df5e8dbfb26eee78621d775bfb2e1,5c98143d16444b5a14ff936e02b65c9f1d239ade86373eccb241fbb9674e62d9,2d3e554387b0a89729a88dba7a2ab4ac10fbd517ed8103642ed7a24f0e8c5cc9,7794e979c2a8ea6a4fb9ec91519d75655028897519433de27526d238ffcfcc00
Lunacek,5,777,Local-Rank-No-Reliability,local_rank_no_reliability,14,"[-3.205857199341752, 0.8150919523598885, -0.11886621096034666, 1.0040662231300264, -1.1035689177703647]",67.32551079626606,45.173000127020345,108.93256015164573,22.152510669245714,0.347438261190791,False,21,14,0.14333439857605554,0.98989898989899,0.8585858585858586,1.8484848484848486,True,matching_Lunacek_5_777::region_0,False,,1500,100,100,0,0,31e056fc3d1d28d6185e6f7dfab281c63c4df5e8dbfb26eee78621d775bfb2e1,5c98143d16444b5a14ff936e02b65c9f1d239ade86373eccb241fbb9674e62d9,2d3e554387b0a89729a88dba7a2ab4ac10fbd517ed8103642ed7a24f0e8c5cc9,7794e979c2a8ea6a4fb9ec91519d75655028897519433de27526d238ffcfcc00
Lunacek,5,777,Local-Rank+Reliability,local_rank_reliability,14,"[-3.205857199341752, 0.8150919523598885, -0.11886621096034666, 1.0040662231300264, -1.1035689177703647]",67.32551079626606,45.173000127020345,108.93256015164573,22.152510669245714,0.347438261190791,False,21,14,0.035833599644013885,0.98989898989899,0.8585858585858586,1.8484848484848486,True,matching_Lunacek_5_777::region_0,False,,1500,100,100,0,0,31e056fc3d1d28d6185e6f7dfab281c63c4df5e8dbfb26eee78621d775bfb2e1,5c98143d16444b5a14ff936e02b65c9f1d239ade86373eccb241fbb9674e62d9,2d3e554387b0a89729a88dba7a2ab4ac10fbd517ed8103642ed7a24f0e8c5cc9,7794e979c2a8ea6a4fb9ec91519d75655028897519433de27526d238ffcfcc00
Lunacek,5,777,Reversed-Local-Rank,reversed_local_rank,14,"[-3.205857199341752, 0.8150919523598885, -0.11886621096034666, 1.0040662231300264, -1.1035689177703647]",67.32551079626606,45.173000127020345,108.93256015164573,22.152510669245714,0.347438261190791,False,21,14,0.02338743815679628,0.9797979797979798,0.8585858585858586,1.8383838383838382,True,matching_Lunacek_5_777::region_0,False,,1500,100,100,0,0,31e056fc3d1d28d6185e6f7dfab281c63c4df5e8dbfb26eee78621d775bfb2e1,5c98143d16444b5a14ff936e02b65c9f1d239ade86373eccb241fbb9674e62d9,2d3e554387b0a89729a88dba7a2ab4ac10fbd517ed8103642ed7a24f0e8c5cc9,7794e979c2a8ea6a4fb9ec91519d75655028897519433de27526d238ffcfcc00
Lunacek,5,999,Target-Only,target_only,0,"[-3.6253241356561086, -3.7917044550172174, -3.653909637857348, -0.6407461733769075, -2.431675186041703]",57.66555768303698,39.29140909110257,93.81467071218547,18.374148591934407,0.33699650471441245,False,19,0,0.0,0.0,1.0,1.0,True,,False,,1500,100,100,0,0,52ddbf432eb1de3915f6f2cbdd939aefd8f62270fcdbe9f2bb962cc776b4edb2,6f406a4d9f32e046c534936c56ca9377a7ed7a5f0b3698a8864187a7fb1f3458,e6271d834e7019d2fc55f3949625245997357da30aa8780d6349d4959c8cd13c,34b88b354526e6bb597de623638e8abb2d93eb3856830c7d7e846f41e167cc8c
Lunacek,5,999,Geometry-Only,geometry_only,1,"[-2.5935027757385387, -1.6385096046983705, -4.35908864975921, -0.6282803271213675, -2.5811251195301246]",76.55257370170227,39.29140909110257,93.81467071218547,37.2611646105997,0.6833994061021408,False,65,1,0.1738182365728532,0.7878787878787878,0.98989898989899,1.7777777777777777,True,matching_Lunacek_5_999::region_0,False,,1500,100,100,0,0,52ddbf432eb1de3915f6f2cbdd939aefd8f62270fcdbe9f2bb962cc776b4edb2,6f406a4d9f32e046c534936c56ca9377a7ed7a5f0b3698a8864187a7fb1f3458,e6271d834e7019d2fc55f3949625245997357da30aa8780d6349d4959c8cd13c,34b88b354526e6bb597de623638e8abb2d93eb3856830c7d7e846f41e167cc8c
Lunacek,5,999,Local-Rank-No-Reliability,local_rank_no_reliability,1,"[-2.5935027757385387, -1.6385096046983705, -4.35908864975921, -0.6282803271213675, -2.5811251195301246]",76.55257370170227,39.29140909110257,93.81467071218547,37.2611646105997,0.6833994061021408,False,65,1,0.09643982770788971,0.797979797979798,0.98989898989899,1.787878787878788,True,matching_Lunacek_5_999::region_0,False,,1500,100,100,0,0,52ddbf432eb1de3915f6f2cbdd939aefd8f62270fcdbe9f2bb962cc776b4edb2,6f406a4d9f32e046c534936c56ca9377a7ed7a5f0b3698a8864187a7fb1f3458,e6271d834e7019d2fc55f3949625245997357da30aa8780d6349d4959c8cd13c,34b88b354526e6bb597de623638e8abb2d93eb3856830c7d7e846f41e167cc8c
Lunacek,5,999,Local-Rank+Reliability,local_rank_reliability,1,"[-2.5935027757385387, -1.6385096046983705, -4.35908864975921, -0.6282803271213675, -2.5811251195301246]",76.55257370170227,39.29140909110257,93.81467071218547,37.2611646105997,0.6833994061021408,False,65,1,0.024109956926972428,0.797979797979798,0.98989898989899,1.787878787878788,True,matching_Lunacek_5_999::region_0,False,,1500,100,100,0,0,52ddbf432eb1de3915f6f2cbdd939aefd8f62270fcdbe9f2bb962cc776b4edb2,6f406a4d9f32e046c534936c56ca9377a7ed7a5f0b3698a8864187a7fb1f3458,e6271d834e7019d2fc55f3949625245997357da30aa8780d6349d4959c8cd13c,34b88b354526e6bb597de623638e8abb2d93eb3856830c7d7e846f41e167cc8c
Lunacek,5,999,Reversed-Local-Rank,reversed_local_rank,1,"[-2.5935027757385387, -1.6385096046983705, -4.35908864975921, -0.6282803271213675, -2.5811251195301246]",76.55257370170227,39.29140909110257,93.81467071218547,37.2611646105997,0.6833994061021408,False,65,1,0.0236900581305622,0.8181818181818182,0.98989898989899,1.8080808080808082,True,matching_Lunacek_5_999::region_0,False,,1500,100,100,0,0,52ddbf432eb1de3915f6f2cbdd939aefd8f62270fcdbe9f2bb962cc776b4edb2,6f406a4d9f32e046c534936c56ca9377a7ed7a5f0b3698a8864187a7fb1f3458,e6271d834e7019d2fc55f3949625245997357da30aa8780d6349d4959c8cd13c,34b88b354526e6bb597de623638e8abb2d93eb3856830c7d7e846f41e167cc8c
Lunacek,5,1234,Target-Only,target_only,0,"[-2.099381282351872, -1.210815229341382, 2.5077070750177555, 4.677810989518207, -0.805254490177858]",103.42939328963513,27.146594657694536,103.30506099910215,76.2827986319406,1.0016325471941045,False,90,0,0.0,0.0,1.0,1.0,True,,False,,1500,100,100,0,0,c60475cbf98a6f53712eaaf091380b7ad7f5def4435040c59a242b73365499df,e2bd3d974dbb7552459a363168563da7994202cf8fd8c16bd041a74325c632fb,699417462510adbeb5f4791e9fd9f38ad9e4c229fa50e1d62c5491ddcee865c1,7a6af7125fb6d27606e819ace45597fccd0a27541f0173346a5e2d3ab6117f51
Lunacek,5,1234,Geometry-Only,geometry_only,4,"[-1.675838339859327, -0.2141349173638094, 2.156369288987195, -0.31578998984123174, -0.8702447873906252]",79.61752289011991,27.146594657694536,103.30506099910215,52.47092823242538,0.6889703896767779,False,51,4,0.2766020145815942,0.8787878787878788,0.9595959595959596,1.8383838383838382,True,matching_Lunacek_5_1234::region_0,False,,1500,100,100,0,0,c60475cbf98a6f53712eaaf091380b7ad7f5def4435040c59a242b73365499df,e2bd3d974dbb7552459a363168563da7994202cf8fd8c16bd041a74325c632fb,699417462510adbeb5f4791e9fd9f38ad9e4c229fa50e1d62c5491ddcee865c1,7a6af7125fb6d27606e819ace45597fccd0a27541f0173346a5e2d3ab6117f51
Lunacek,5,1234,Local-Rank-No-Reliability,local_rank_no_reliability,4,"[-1.675838339859327, -0.2141349173638094, 2.156369288987195, -0.31578998984123174, -0.8702447873906252]",79.61752289011991,27.146594657694536,103.30506099910215,52.47092823242538,0.6889703896767779,False,51,4,0.15298649900657246,0.8787878787878788,0.9595959595959596,1.8383838383838382,True,matching_Lunacek_5_1234::region_0,False,,1500,100,100,0,0,c60475cbf98a6f53712eaaf091380b7ad7f5def4435040c59a242b73365499df,e2bd3d974dbb7552459a363168563da7994202cf8fd8c16bd041a74325c632fb,699417462510adbeb5f4791e9fd9f38ad9e4c229fa50e1d62c5491ddcee865c1,7a6af7125fb6d27606e819ace45597fccd0a27541f0173346a5e2d3ab6117f51
Lunacek,5,1234,Local-Rank+Reliability,local_rank_reliability,4,"[-1.675838339859327, -0.2141349173638094, 2.156369288987195, -0.31578998984123174, -0.8702447873906252]",79.61752289011991,27.146594657694536,103.30506099910215,52.47092823242538,0.6889703896767779,False,51,4,0.038246624751643116,0.8787878787878788,0.9595959595959596,1.8383838383838382,True,matching_Lunacek_5_1234::region_0,False,,1500,100,100,0,0,c60475cbf98a6f53712eaaf091380b7ad7f5def4435040c59a242b73365499df,e2bd3d974dbb7552459a363168563da7994202cf8fd8c16bd041a74325c632fb,699417462510adbeb5f4791e9fd9f38ad9e4c229fa50e1d62c5491ddcee865c1,7a6af7125fb6d27606e819ace45597fccd0a27541f0173346a5e2d3ab6117f51
Lunacek,5,1234,Reversed-Local-Rank,reversed_local_rank,4,"[-1.675838339859327, -0.2141349173638094, 2.156369288987195, -0.31578998984123174, -0.8702447873906252]",79.61752289011991,27.146594657694536,103.30506099910215,52.47092823242538,0.6889703896767779,False,51,4,0.037818929258295296,0.8787878787878788,0.9595959595959596,1.8383838383838382,True,matching_Lunacek_5_1234::region_0,False,,1500,100,100,0,0,c60475cbf98a6f53712eaaf091380b7ad7f5def4435040c59a242b73365499df,e2bd3d974dbb7552459a363168563da7994202cf8fd8c16bd041a74325c632fb,699417462510adbeb5f4791e9fd9f38ad9e4c229fa50e1d62c5491ddcee865c1,7a6af7125fb6d27606e819ace45597fccd0a27541f0173346a5e2d3ab6117f51
Lunacek,5,5678,Target-Only,target_only,0,"[-4.416940390205461, -4.48539528121375, 0.9084554086630341, 4.425273226072344, -3.8982657198476334]",85.35835663110845,28.727360486103485,114.02225703242665,56.630996145004964,0.6639435468949657,False,46,0,0.0,0.0,1.0,1.0,True,,False,,1500,100,100,0,0,bdb9916154cf715bfb1e6336796ef8848152d9866ec91947f875692776069dae,90b4b93453758cc10c76590d8baaf3b49add578db6da8a175e673e3cb6b50d84,0a616cd4b3e59ec968c7efdd8456bad66dae625dd4c4078ce07945c2a2fc849a,fefc9fe536ecfd7821691f90f1855ee9d5d465a7ded8d5b0b08924d94ab99e30
Lunacek,5,5678,Geometry-Only,geometry_only,3,"[-4.296061563612135, -3.671754493498056, 1.0783518782136063, -1.5009612412663698, -3.245810576107705]",67.69274290401366,28.727360486103485,114.02225703242665,38.96538241791017,0.4568313462546765,False,16,3,0.053038483412808306,0.8686868686868687,0.9696969696969697,1.8383838383838385,True,matching_Lunacek_5_5678::region_0,False,,1500,100,100,0,0,bdb9916154cf715bfb1e6336796ef8848152d9866ec91947f875692776069dae,90b4b93453758cc10c76590d8baaf3b49add578db6da8a175e673e3cb6b50d84,0a616cd4b3e59ec968c7efdd8456bad66dae625dd4c4078ce07945c2a2fc849a,fefc9fe536ecfd7821691f90f1855ee9d5d465a7ded8d5b0b08924d94ab99e30
Lunacek,5,5678,Local-Rank-No-Reliability,local_rank_no_reliability,3,"[-4.296061563612135, -3.671754493498056, 1.0783518782136063, -1.5009612412663698, -3.245810576107705]",67.69274290401366,28.727360486103485,114.02225703242665,38.96538241791017,0.4568313462546765,False,16,3,0.02926392033392168,0.8787878787878788,0.9696969696969697,1.8484848484848486,True,matching_Lunacek_5_5678::region_0,False,,1500,100,100,0,0,bdb9916154cf715bfb1e6336796ef8848152d9866ec91947f875692776069dae,90b4b93453758cc10c76590d8baaf3b49add578db6da8a175e673e3cb6b50d84,0a616cd4b3e59ec968c7efdd8456bad66dae625dd4c4078ce07945c2a2fc849a,fefc9fe536ecfd7821691f90f1855ee9d5d465a7ded8d5b0b08924d94ab99e30
Lunacek,5,5678,Local-Rank+Reliability,local_rank_reliability,3,"[-4.296061563612135, -3.671754493498056, 1.0783518782136063, -1.5009612412663698, -3.245810576107705]",67.69274290401366,28.727360486103485,114.02225703242665,38.96538241791017,0.4568313462546765,False,16,3,0.007470941393373226,0.8787878787878788,0.9696969696969697,1.8484848484848486,True,matching_Lunacek_5_5678::region_0,False,,1500,100,100,0,0,bdb9916154cf715bfb1e6336796ef8848152d9866ec91947f875692776069dae,90b4b93453758cc10c76590d8baaf3b49add578db6da8a175e673e3cb6b50d84,0a616cd4b3e59ec968c7efdd8456bad66dae625dd4c4078ce07945c2a2fc849a,fefc9fe536ecfd7821691f90f1855ee9d5d465a7ded8d5b0b08924d94ab99e30
Lunacek,5,5678,Reversed-Local-Rank,reversed_local_rank,3,"[-4.296061563612135, -3.671754493498056, 1.0783518782136063, -1.5009612412663698, -3.245810576107705]",67.69274290401366,28.727360486103485,114.02225703242665,38.96538241791017,0.4568313462546765,False,16,3,0.007423581839123771,0.8787878787878788,0.9696969696969697,1.8484848484848486,True,matching_Lunacek_5_5678::region_0,False,,1500,100,100,0,0,bdb9916154cf715bfb1e6336796ef8848152d9866ec91947f875692776069dae,90b4b93453758cc10c76590d8baaf3b49add578db6da8a175e673e3cb6b50d84,0a616cd4b3e59ec968c7efdd8456bad66dae625dd4c4078ce07945c2a2fc849a,fefc9fe536ecfd7821691f90f1855ee9d5d465a7ded8d5b0b08924d94ab99e30
Lunacek,5,8888,Target-Only,target_only,0,"[2.052546860831229, 0.5625238154345427, 4.572575334112283, 1.969236111564955, 3.0930570415224157]",62.665572864787066,43.43401284056232,96.59954098402729,19.23156002422475,0.3617298782837101,False,18,0,0.0,0.0,1.0,1.0,True,,False,,1500,100,100,0,0,ea5d16187dad0a5ff64a1c92cdded889356b95a46e9a451d6c702913f1a555fd,e646e9bd1ee047c3c4256a075d0b756f892099f95ec13f878d0e4d59bb23c116,0b24b2cc7be37b42210ba5a6d181433948e2b3dacca7d65cfeafba122d3eb9ba,4a4ec179bed29e8cb23af1f209468178f0148ad873f45456d5e392d74562eaed
Lunacek,5,8888,Geometry-Only,geometry_only,2,"[-2.1001413087538556, -0.17105324803856092, 4.009929936054753, 1.3797950991225125, 0.3069745646654356]",64.31466604322553,43.43401284056232,96.59954098402729,20.88065320266321,0.39274796906592624,False,22,2,0.24509588512124983,0.9595959595959596,0.9797979797979798,1.9393939393939394,True,matching_Lunacek_5_8888::region_0,False,,1500,100,100,0,0,ea5d16187dad0a5ff64a1c92cdded889356b95a46e9a451d6c702913f1a555fd,e646e9bd1ee047c3c4256a075d0b756f892099f95ec13f878d0e4d59bb23c116,0b24b2cc7be37b42210ba5a6d181433948e2b3dacca7d65cfeafba122d3eb9ba,4a4ec179bed29e8cb23af1f209468178f0148ad873f45456d5e392d74562eaed
Lunacek,5,8888,Local-Rank-No-Reliability,local_rank_no_reliability,2,"[-2.1001413087538556, -0.17105324803856092, 4.009929936054753, 1.3797950991225125, 0.3069745646654356]",64.31466604322553,43.43401284056232,96.59954098402729,20.88065320266321,0.39274796906592624,False,22,2,0.12725369433441416,0.9494949494949495,0.9797979797979798,1.9292929292929293,True,matching_Lunacek_5_8888::region_0,False,,1500,100,100,0,0,ea5d16187dad0a5ff64a1c92cdded889356b95a46e9a451d6c702913f1a555fd,e646e9bd1ee047c3c4256a075d0b756f892099f95ec13f878d0e4d59bb23c116,0b24b2cc7be37b42210ba5a6d181433948e2b3dacca7d65cfeafba122d3eb9ba,4a4ec179bed29e8cb23af1f209468178f0148ad873f45456d5e392d74562eaed
Lunacek,5,8888,Local-Rank+Reliability,local_rank_reliability,2,"[-2.1001413087538556, -0.17105324803856092, 4.009929936054753, 1.3797950991225125, 0.3069745646654356]",64.31466604322553,43.43401284056232,96.59954098402729,20.88065320266321,0.39274796906592624,False,22,2,0.03181342358360354,0.9494949494949495,0.9797979797979798,1.9292929292929293,True,matching_Lunacek_5_8888::region_0,False,,1500,100,100,0,0,ea5d16187dad0a5ff64a1c92cdded889356b95a46e9a451d6c702913f1a555fd,e646e9bd1ee047c3c4256a075d0b756f892099f95ec13f878d0e4d59bb23c116,0b24b2cc7be37b42210ba5a6d181433948e2b3dacca7d65cfeafba122d3eb9ba,4a4ec179bed29e8cb23af1f209468178f0148ad873f45456d5e392d74562eaed
Lunacek,5,8888,Reversed-Local-Rank,reversed_local_rank,2,"[-2.1001413087538556, -0.17105324803856092, 4.009929936054753, 1.3797950991225125, 0.3069745646654356]",64.31466604322553,43.43401284056232,96.59954098402729,20.88065320266321,0.39274796906592624,False,22,2,0.03558794482474016,0.9696969696969697,0.9797979797979798,1.9494949494949494,True,matching_Lunacek_5_8888::region_0,False,,1500,100,100,0,0,ea5d16187dad0a5ff64a1c92cdded889356b95a46e9a451d6c702913f1a555fd,e646e9bd1ee047c3c4256a075d0b756f892099f95ec13f878d0e4d59bb23c116,0b24b2cc7be37b42210ba5a6d181433948e2b3dacca7d65cfeafba122d3eb9ba,4a4ec179bed29e8cb23af1f209468178f0148ad873f45456d5e392d74562eaed
Ackley,5,42,Target-Only,target_only,0,"[-4.574307258726228, -1.8188254504457824, 4.730699516183076, -3.5528895061720855, -3.5473281457957304]",10.473286072791812,5.333758005294058,11.168690767746236,5.1395280674977535,0.880820444165294,False,69,0,0.0,0.0,1.0,1.0,True,,False,,1500,100,100,0,0,5b2b468a7ca1d0213ed51d9f8c86e5f1d40a53ce6291dd184d8054b3176f4f6c,047a2543b05017cb7c7c61d0365b37784cfa28dde2c003f70754aec3ad0e37ec,75f3b36f5f1b9ae9adb5c16f0ea223b3e21e15653e51387ac8ecf8c2bf14c48f,371ac2153bbd0888a824339970ef3c0ab8c991fc066389f2baee4f70dd798c42
Ackley,5,42,Geometry-Only,geometry_only,2,"[-1.5055855754764922, -1.9173448557446813, 1.3676675259873639, -3.409278279311896, -3.585631829808986]",8.091122481140378,5.333758005294058,11.168690767746236,2.7573644758463196,0.47256148238587664,False,18,2,0.029926674548349755,0.8383838383838383,0.9797979797979798,1.8181818181818181,True,matching_Ackley_5_42::region_0,False,,1500,100,100,0,0,5b2b468a7ca1d0213ed51d9f8c86e5f1d40a53ce6291dd184d8054b3176f4f6c,047a2543b05017cb7c7c61d0365b37784cfa28dde2c003f70754aec3ad0e37ec,75f3b36f5f1b9ae9adb5c16f0ea223b3e21e15653e51387ac8ecf8c2bf14c48f,371ac2153bbd0888a824339970ef3c0ab8c991fc066389f2baee4f70dd798c42
Ackley,5,42,Local-Rank-No-Reliability,local_rank_no_reliability,2,"[-1.5055855754764922, -1.9173448557446813, 1.3676675259873639, -3.409278279311896, -3.585631829808986]",8.091122481140378,5.333758005294058,11.168690767746236,2.7573644758463196,0.47256148238587664,False,18,2,0.02354698571136191,0.8585858585858586,0.9797979797979798,1.8383838383838382,True,matching_Ackley_5_42::region_0,False,,1500,100,100,0,0,5b2b468a7ca1d0213ed51d9f8c86e5f1d40a53ce6291dd184d8054b3176f4f6c,047a2543b05017cb7c7c61d0365b37784cfa28dde2c003f70754aec3ad0e37ec,75f3b36f5f1b9ae9adb5c16f0ea223b3e21e15653e51387ac8ecf8c2bf14c48f,371ac2153bbd0888a824339970ef3c0ab8c991fc066389f2baee4f70dd798c42
Ackley,5,42,Local-Rank+Reliability,local_rank_reliability,2,"[-1.5055855754764922, -1.9173448557446813, 1.3676675259873639, -3.409278279311896, -3.585631829808986]",8.091122481140378,5.333758005294058,11.168690767746236,2.7573644758463196,0.47256148238587664,False,18,2,0.021597452507055977,0.8585858585858586,0.9797979797979798,1.8383838383838382,True,matching_Ackley_5_42::region_0,False,,1500,100,100,0,0,5b2b468a7ca1d0213ed51d9f8c86e5f1d40a53ce6291dd184d8054b3176f4f6c,047a2543b05017cb7c7c61d0365b37784cfa28dde2c003f70754aec3ad0e37ec,75f3b36f5f1b9ae9adb5c16f0ea223b3e21e15653e51387ac8ecf8c2bf14c48f,371ac2153bbd0888a824339970ef3c0ab8c991fc066389f2baee4f70dd798c42
Ackley,5,42,Reversed-Local-Rank,reversed_local_rank,2,"[-1.5055855754764922, -1.9173448557446813, 1.3676675259873639, -3.409278279311896, -3.585631829808986]",8.091122481140378,5.333758005294058,11.168690767746236,2.7573644758463196,0.47256148238587664,False,18,2,0.008596387765852307,0.8383838383838383,0.9797979797979798,1.8181818181818181,True,matching_Ackley_5_42::region_0,False,,1500,100,100,0,0,5b2b468a7ca1d0213ed51d9f8c86e5f1d40a53ce6291dd184d8054b3176f4f6c,047a2543b05017cb7c7c61d0365b37784cfa28dde2c003f70754aec3ad0e37ec,75f3b36f5f1b9ae9adb5c16f0ea223b3e21e15653e51387ac8ecf8c2bf14c48f,371ac2153bbd0888a824339970ef3c0ab8c991fc066389f2baee4f70dd798c42
Ackley,5,101,Target-Only,target_only,0,"[0.001692353069909558, 2.0600180573052382, -3.4438983976834967, -1.0662770259121568, -1.1035449778553517]",6.6683278323870105,4.955179001113272,11.249913435207164,1.7131488312737382,0.2721558548991179,True,4,0,0.0,0.0,1.0,1.0,True,,False,,1500,100,100,0,0,d66567161ab7fedad3612b8f153a4e530a42791dfe6b3434997a4309b696ce19,e533bf719276673e9adcb849c3315db413d915ffce7d7aaf48d6099830b68634,0a13a8c780ee2cabc1642d713af07e0baf4c06b608bcfe686790a3bba7f93067,b841e06cb02e6b558763ed365edcc2053704ceb593f3ecf3042c6eab5397991c
Ackley,5,101,Geometry-Only,geometry_only,3,"[0.3087663082484795, 1.145854777224688, -2.1579662256188548, -0.9457270086655436, -1.3257722222950385]",5.373360588082413,4.955179001113272,11.249913435207164,0.41818158696914054,0.0664335551161876,True,1,3,0.5042023266922485,1.0,0.9696969696969697,1.9696969696969697,True,matching_Ackley_5_101::region_0,False,,1500,100,100,0,0,d66567161ab7fedad3612b8f153a4e530a42791dfe6b3434997a4309b696ce19,e533bf719276673e9adcb849c3315db413d915ffce7d7aaf48d6099830b68634,0a13a8c780ee2cabc1642d713af07e0baf4c06b608bcfe686790a3bba7f93067,b841e06cb02e6b558763ed365edcc2053704ceb593f3ecf3042c6eab5397991c
Ackley,5,101,Local-Rank-No-Reliability,local_rank_no_reliability,3,"[0.3087663082484795, 1.145854777224688, -2.1579662256188548, -0.9457270086655436, -1.3257722222950385]",5.373360588082413,4.955179001113272,11.249913435207164,0.41818158696914054,0.0664335551161876,True,1,3,0.5042023266922485,1.0,0.9696969696969697,1.9696969696969697,True,matching_Ackley_5_101::region_0,False,,1500,100,100,0,0,d66567161ab7fedad3612b8f153a4e530a42791dfe6b3434997a4309b696ce19,e533bf719276673e9adcb849c3315db413d915ffce7d7aaf48d6099830b68634,0a13a8c780ee2cabc1642d713af07e0baf4c06b608bcfe686790a3bba7f93067,b841e06cb02e6b558763ed365edcc2053704ceb593f3ecf3042c6eab5397991c
Ackley,5,101,Local-Rank+Reliability,local_rank_reliability,3,"[0.3087663082484795, 1.145854777224688, -2.1579662256188548, -0.9457270086655436, -1.3257722222950385]",5.373360588082413,4.955179001113272,11.249913435207164,0.41818158696914054,0.0664335551161876,True,1,3,0.460565680380354,1.0,0.9696969696969697,1.9696969696969697,True,matching_Ackley_5_101::region_0,False,,1500,100,100,0,0,d66567161ab7fedad3612b8f153a4e530a42791dfe6b3434997a4309b696ce19,e533bf719276673e9adcb849c3315db413d915ffce7d7aaf48d6099830b68634,0a13a8c780ee2cabc1642d713af07e0baf4c06b608bcfe686790a3bba7f93067,b841e06cb02e6b558763ed365edcc2053704ceb593f3ecf3042c6eab5397991c
Ackley,5,101,Reversed-Local-Rank,reversed_local_rank,0,"[0.001692353069909558, 2.0600180573052382, -3.4438983976834967, -1.0662770259121568, -1.1035449778553517]",6.6683278323870105,4.955179001113272,11.249913435207164,1.7131488312737382,0.2721558548991179,True,4,0,0.024462159223427427,0.9797979797979798,1.0,1.9797979797979797,True,matching_Ackley_5_101::region_0,False,,1500,100,100,0,0,d66567161ab7fedad3612b8f153a4e530a42791dfe6b3434997a4309b696ce19,e533bf719276673e9adcb849c3315db413d915ffce7d7aaf48d6099830b68634,0a13a8c780ee2cabc1642d713af07e0baf4c06b608bcfe686790a3bba7f93067,b841e06cb02e6b558763ed365edcc2053704ceb593f3ecf3042c6eab5397991c
Ackley,5,2026,Target-Only,target_only,0,"[-2.805985168486249, 1.2789345960212506, 4.737156432735681, 1.4267569948606091, 0.8521010399483693]",9.33358467196637,4.679455812535593,11.488436688102528,4.654128859430777,0.6835279676186874,False,46,0,0.0,0.0,1.0,1.0,True,,False,,1500,100,100,0,0,5bf4ff2758b018bd60e5d8ce2b2bce5cc12ffc08c3d1a52c44b572c991ee6528,4c0f9a27ce5845b46d8f0f5948147262ace97ca5df937b50fb8effa9ca425dd2,ea512c3f524384a8d7295d7b704401f8cdff05349f7891d469fe6a2f807c4877,a53b04c1b61c05d2b98075a880fe048908ee142b3ed3110336ae3c7c14337c5e
Ackley,5,2026,Geometry-Only,geometry_only,2,"[-1.9614369126441544, 1.5667206085427807, -0.9217568894987336, 1.4811214779002881, 2.184764520442595]",6.444838019164184,4.679455812535593,11.488436688102528,1.7653822066285905,0.259272604651221,True,2,2,0.2660328341490279,0.9696969696969697,0.9797979797979798,1.9494949494949494,True,matching_Ackley_5_2026::region_0,False,,1500,100,100,0,0,5bf4ff2758b018bd60e5d8ce2b2bce5cc12ffc08c3d1a52c44b572c991ee6528,4c0f9a27ce5845b46d8f0f5948147262ace97ca5df937b50fb8effa9ca425dd2,ea512c3f524384a8d7295d7b704401f8cdff05349f7891d469fe6a2f807c4877,a53b04c1b61c05d2b98075a880fe048908ee142b3ed3110336ae3c7c14337c5e
Ackley,5,2026,Local-Rank-No-Reliability,local_rank_no_reliability,2,"[-1.9614369126441544, 1.5667206085427807, -0.9217568894987336, 1.4811214779002881, 2.184764520442595]",6.444838019164184,4.679455812535593,11.488436688102528,1.7653822066285905,0.259272604651221,True,2,2,0.2660328341490279,0.9797979797979798,0.9797979797979798,1.9595959595959596,True,matching_Ackley_5_2026::region_0,False,,1500,100,100,0,0,5bf4ff2758b018bd60e5d8ce2b2bce5cc12ffc08c3d1a52c44b572c991ee6528,4c0f9a27ce5845b46d8f0f5948147262ace97ca5df937b50fb8effa9ca425dd2,ea512c3f524384a8d7295d7b704401f8cdff05349f7891d469fe6a2f807c4877,a53b04c1b61c05d2b98075a880fe048908ee142b3ed3110336ae3c7c14337c5e
Ackley,5,2026,Local-Rank+Reliability,local_rank_reliability,2,"[-1.9614369126441544, 1.5667206085427807, -0.9217568894987336, 1.4811214779002881, 2.184764520442595]",6.444838019164184,4.679455812535593,11.488436688102528,1.7653822066285905,0.259272604651221,True,2,2,0.24269904379372612,0.9797979797979798,0.9797979797979798,1.9595959595959596,True,matching_Ackley_5_2026::region_0,False,,1500,100,100,0,0,5bf4ff2758b018bd60e5d8ce2b2bce5cc12ffc08c3d1a52c44b572c991ee6528,4c0f9a27ce5845b46d8f0f5948147262ace97ca5df937b50fb8effa9ca425dd2,ea512c3f524384a8d7295d7b704401f8cdff05349f7891d469fe6a2f807c4877,a53b04c1b61c05d2b98075a880fe048908ee142b3ed3110336ae3c7c14337c5e
Ackley,5,2026,Reversed-Local-Rank,reversed_local_rank,2,"[-1.9614369126441544, 1.5667206085427807, -0.9217568894987336, 1.4811214779002881, 2.184764520442595]",6.444838019164184,4.679455812535593,11.488436688102528,1.7653822066285905,0.259272604651221,True,2,2,0.02426990437937261,0.9191919191919192,0.9797979797979798,1.898989898989899,True,matching_Ackley_5_2026::region_0,False,,1500,100,100,0,0,5bf4ff2758b018bd60e5d8ce2b2bce5cc12ffc08c3d1a52c44b572c991ee6528,4c0f9a27ce5845b46d8f0f5948147262ace97ca5df937b50fb8effa9ca425dd2,ea512c3f524384a8d7295d7b704401f8cdff05349f7891d469fe6a2f807c4877,a53b04c1b61c05d2b98075a880fe048908ee142b3ed3110336ae3c7c14337c5e
Ackley,5,777,Target-Only,target_only,0,"[-0.9656071214618773, -4.228436754716504, -0.11774471529868791, -3.4113392027024156, -0.20122267773687508]",8.903810015720168,5.414770038051316,11.319845003105067,3.4890399776688525,0.5908544765844633,False,35,0,0.0,0.0,1.0,1.0,True,,False,,1500,100,100,0,0,d6de8c220306d1904492a4b3a3d473e96f8203004ce539a2ae1f8725bf95cd05,9261b5288d86f05d3da051aeca61036e2eca6584783e8b4e9fa9a0fef45ce8a0,9b9f676ea4c6ca429ea0eaf1bbfd5f22cd6f1edf939d2500a531713c07136fa5,f0f6a53ca6d9cb049a0bf22bc6eba9aedcfe9aca2e0028fff24e3fb84a37058a
Ackley,5,777,Geometry-Only,geometry_only,5,"[-0.9241307964805205, -0.44256647616707223, 0.2854413529922537, -2.099280187815329, 0.5417116157023827]",5.5101777601988005,5.414770038051316,11.319845003105067,0.09540772214748472,0.01615690278482625,True,1,5,0.24390778591532308,0.98989898989899,0.9494949494949495,1.9393939393939394,True,matching_Ackley_5_777::region_0,False,,1500,100,100,0,0,d6de8c220306d1904492a4b3a3d473e96f8203004ce539a2ae1f8725bf95cd05,9261b5288d86f05d3da051aeca61036e2eca6584783e8b4e9fa9a0fef45ce8a0,9b9f676ea4c6ca429ea0eaf1bbfd5f22cd6f1edf939d2500a531713c07136fa5,f0f6a53ca6d9cb049a0bf22bc6eba9aedcfe9aca2e0028fff24e3fb84a37058a
Ackley,5,777,Local-Rank-No-Reliability,local_rank_no_reliability,5,"[-0.9241307964805205, -0.44256647616707223, 0.2854413529922537, -2.099280187815329, 0.5417116157023827]",5.5101777601988005,5.414770038051316,11.319845003105067,0.09540772214748472,0.01615690278482625,True,1,5,0.24390778591532308,0.98989898989899,0.9494949494949495,1.9393939393939394,True,matching_Ackley_5_777::region_0,False,,1500,100,100,0,0,d6de8c220306d1904492a4b3a3d473e96f8203004ce539a2ae1f8725bf95cd05,9261b5288d86f05d3da051aeca61036e2eca6584783e8b4e9fa9a0fef45ce8a0,9b9f676ea4c6ca429ea0eaf1bbfd5f22cd6f1edf939d2500a531713c07136fa5,f0f6a53ca6d9cb049a0bf22bc6eba9aedcfe9aca2e0028fff24e3fb84a37058a
Ackley,5,777,Local-Rank+Reliability,local_rank_reliability,5,"[-0.9241307964805205, -0.44256647616707223, 0.2854413529922537, -2.099280187815329, 0.5417116157023827]",5.5101777601988005,5.414770038051316,11.319845003105067,0.09540772214748472,0.01615690278482625,True,1,5,0.2245780425290081,0.98989898989899,0.9494949494949495,1.9393939393939394,True,matching_Ackley_5_777::region_0,False,,1500,100,100,0,0,d6de8c220306d1904492a4b3a3d473e96f8203004ce539a2ae1f8725bf95cd05,9261b5288d86f05d3da051aeca61036e2eca6584783e8b4e9fa9a0fef45ce8a0,9b9f676ea4c6ca429ea0eaf1bbfd5f22cd6f1edf939d2500a531713c07136fa5,f0f6a53ca6d9cb049a0bf22bc6eba9aedcfe9aca2e0028fff24e3fb84a37058a
Ackley,5,777,Reversed-Local-Rank,reversed_local_rank,1,"[-1.5607039790874353, -0.8529589725632425, 0.933943340096862, -3.076228150738417, -1.992816174164255]",8.605100204305213,5.414770038051316,11.319845003105067,3.190330166253897,0.5402692065950524,False,26,1,0.013976393712784353,0.8787878787878788,0.98989898989899,1.8686868686868687,True,matching_Ackley_5_777::region_0,False,,1500,100,100,0,0,d6de8c220306d1904492a4b3a3d473e96f8203004ce539a2ae1f8725bf95cd05,9261b5288d86f05d3da051aeca61036e2eca6584783e8b4e9fa9a0fef45ce8a0,9b9f676ea4c6ca429ea0eaf1bbfd5f22cd6f1edf939d2500a531713c07136fa5,f0f6a53ca6d9cb049a0bf22bc6eba9aedcfe9aca2e0028fff24e3fb84a37058a
Ackley,5,999,Target-Only,target_only,0,"[-0.23468163325425628, -4.980192953398013, -0.1358660935373388, 0.09646821318586518, 4.672991535314557]",9.15782806950526,4.607415731145885,10.659241929916528,4.550412338359376,0.7519073068033147,False,53,0,0.0,0.0,1.0,1.0,True,,False,,1500,100,100,0,0,05150e430fa936c47f0a72d13dcdcb670410bd43ec43cbc03064cb43950be723,a2a84985f859800f5bf16649593dd7425bafd6f97d1d63067c887154202fdbd9,2420de2ad7c6977519389247fd44ef7f50e57c8d465776da54eb1f001527f016,0512fbce9fc0b3ca9025ca9acd00a20d67bb1e0f5507d0bb5e27f9a1bb906740
Ackley,5,999,Geometry-Only,geometry_only,2,"[-0.17364014587534005, -2.5953394344001666, -0.4216349876259775, 0.8042181549322711, 0.7069032104628556]",6.068009124911562,4.607415731145885,10.659241929916528,1.4605933937656772,0.24134754465724406,True,4,2,0.385839796428695,0.9797979797979798,0.9797979797979798,1.9595959595959596,True,matching_Ackley_5_999::region_0,False,,1500,100,100,0,0,05150e430fa936c47f0a72d13dcdcb670410bd43ec43cbc03064cb43950be723,a2a84985f859800f5bf16649593dd7425bafd6f97d1d63067c887154202fdbd9,2420de2ad7c6977519389247fd44ef7f50e57c8d465776da54eb1f001527f016,0512fbce9fc0b3ca9025ca9acd00a20d67bb1e0f5507d0bb5e27f9a1bb906740
Ackley,5,999,Local-Rank-No-Reliability,local_rank_no_reliability,2,"[-0.17364014587534005, -2.5953394344001666, -0.4216349876259775, 0.8042181549322711, 0.7069032104628556]",6.068009124911562,4.607415731145885,10.659241929916528,1.4605933937656772,0.24134754465724406,True,4,2,0.385839796428695,0.9797979797979798,0.9797979797979798,1.9595959595959596,True,matching_Ackley_5_999::region_0,False,,1500,100,100,0,0,05150e430fa936c47f0a72d13dcdcb670410bd43ec43cbc03064cb43950be723,a2a84985f859800f5bf16649593dd7425bafd6f97d1d63067c887154202fdbd9,2420de2ad7c6977519389247fd44ef7f50e57c8d465776da54eb1f001527f016,0512fbce9fc0b3ca9025ca9acd00a20d67bb1e0f5507d0bb5e27f9a1bb906740
Ackley,5,999,Local-Rank+Reliability,local_rank_reliability,2,"[-0.17364014587534005, -2.5953394344001666, -0.4216349876259775, 0.8042181549322711, 0.7069032104628556]",6.068009124911562,4.607415731145885,10.659241929916528,1.4605933937656772,0.24134754465724406,True,4,2,0.3562033303286061,0.9797979797979798,0.9797979797979798,1.9595959595959596,True,matching_Ackley_5_999::region_0,False,,1500,100,100,0,0,05150e430fa936c47f0a72d13dcdcb670410bd43ec43cbc03064cb43950be723,a2a84985f859800f5bf16649593dd7425bafd6f97d1d63067c887154202fdbd9,2420de2ad7c6977519389247fd44ef7f50e57c8d465776da54eb1f001527f016,0512fbce9fc0b3ca9025ca9acd00a20d67bb1e0f5507d0bb5e27f9a1bb906740
Ackley,5,999,Reversed-Local-Rank,reversed_local_rank,2,"[-0.17364014587534005, -2.5953394344001666, -0.4216349876259775, 0.8042181549322711, 0.7069032104628556]",6.068009124911562,4.607415731145885,10.659241929916528,1.4605933937656772,0.24134754465724406,True,4,2,0.03562033303286061,0.9797979797979798,0.9797979797979798,1.9595959595959596,True,matching_Ackley_5_999::region_0,False,,1500,100,100,0,0,05150e430fa936c47f0a72d13dcdcb670410bd43ec43cbc03064cb43950be723,a2a84985f859800f5bf16649593dd7425bafd6f97d1d63067c887154202fdbd9,2420de2ad7c6977519389247fd44ef7f50e57c8d465776da54eb1f001527f016,0512fbce9fc0b3ca9025ca9acd00a20d67bb1e0f5507d0bb5e27f9a1bb906740
Ackley,5,1234,Target-Only,target_only,0,"[-4.065161768768847, -0.6498893871689262, -3.4815615992564872, 3.3482410440355324, 0.4475388800386817]",9.898351286714231,5.286112950856424,11.065321967921697,4.612238335857807,0.7980743250916259,False,60,0,0.0,0.0,1.0,1.0,True,,False,,1500,100,100,0,0,6a0609ce4c87099e22a964bbfc845140bfe1c2e3f4cbc91a77b23692952e996d,7c11ad84d96073358c9825e2e2ac4e650f4c42fe494d506d8280101667435392,ad4d4643181212bec895defff14aef14028d3b35b73a7103f0b4663a6009ca58,d985c076bedafb3f1d435813368834f8c7664e28a7f658840221514347dc2fb1
Ackley,5,1234,Geometry-Only,geometry_only,3,"[-0.5888744295185466, -0.6654705963537086, 0.05335000380041954, 2.2996582178226816, -0.8515579643800582]",5.286112950856424,5.286112950856424,11.065321967921697,0.0,0.0,True,0,3,0.0701483008752227,0.9292929292929293,0.9696969696969697,1.898989898989899,True,matching_Ackley_5_1234::region_0,False,,1500,100,100,0,0,6a0609ce4c87099e22a964bbfc845140bfe1c2e3f4cbc91a77b23692952e996d,7c11ad84d96073358c9825e2e2ac4e650f4c42fe494d506d8280101667435392,ad4d4643181212bec895defff14aef14028d3b35b73a7103f0b4663a6009ca58,d985c076bedafb3f1d435813368834f8c7664e28a7f658840221514347dc2fb1
Ackley,5,1234,Local-Rank-No-Reliability,local_rank_no_reliability,3,"[-0.5888744295185466, -0.6654705963537086, 0.05335000380041954, 2.2996582178226816, -0.8515579643800582]",5.286112950856424,5.286112950856424,11.065321967921697,0.0,0.0,True,0,3,0.06509454257764276,0.9393939393939394,0.9696969696969697,1.9090909090909092,True,matching_Ackley_5_1234::region_0,False,,1500,100,100,0,0,6a0609ce4c87099e22a964bbfc845140bfe1c2e3f4cbc91a77b23692952e996d,7c11ad84d96073358c9825e2e2ac4e650f4c42fe494d506d8280101667435392,ad4d4643181212bec895defff14aef14028d3b35b73a7103f0b4663a6009ca58,d985c076bedafb3f1d435813368834f8c7664e28a7f658840221514347dc2fb1
Ackley,5,1234,Local-Rank+Reliability,local_rank_reliability,3,"[-0.5888744295185466, -0.6654705963537086, 0.05335000380041954, 2.2996582178226816, -0.8515579643800582]",5.286112950856424,5.286112950856424,11.065321967921697,0.0,0.0,True,0,3,0.05877681132514898,0.9393939393939394,0.9696969696969697,1.9090909090909092,True,matching_Ackley_5_1234::region_0,False,,1500,100,100,0,0,6a0609ce4c87099e22a964bbfc845140bfe1c2e3f4cbc91a77b23692952e996d,7c11ad84d96073358c9825e2e2ac4e650f4c42fe494d506d8280101667435392,ad4d4643181212bec895defff14aef14028d3b35b73a7103f0b4663a6009ca58,d985c076bedafb3f1d435813368834f8c7664e28a7f658840221514347dc2fb1
Ackley,5,1234,Reversed-Local-Rank,reversed_local_rank,3,"[-0.5888744295185466, -0.6654705963537086, 0.05335000380041954, 2.2996582178226816, -0.8515579643800582]",5.286112950856424,5.286112950856424,11.065321967921697,0.0,0.0,True,0,3,0.010897275169050346,0.9292929292929293,0.9696969696969697,1.898989898989899,True,matching_Ackley_5_1234::region_0,False,,1500,100,100,0,0,6a0609ce4c87099e22a964bbfc845140bfe1c2e3f4cbc91a77b23692952e996d,7c11ad84d96073358c9825e2e2ac4e650f4c42fe494d506d8280101667435392,ad4d4643181212bec895defff14aef14028d3b35b73a7103f0b4663a6009ca58,d985c076bedafb3f1d435813368834f8c7664e28a7f658840221514347dc2fb1
Ackley,5,5678,Target-Only,target_only,0,"[2.367611831347003, -1.2308936675728601, 1.1746769859320256, -0.5815544931296115, 0.4371358046308682]",7.2076872491555495,5.1057838570789364,10.861765949190369,2.101903392076613,0.36516850790020167,False,17,0,0.0,0.0,1.0,1.0,True,,False,,1500,100,100,0,0,936f24843ab905564f13e9c6444690295e36ed405a42cc9a61b854c5e300c0fb,e478d15d03c89894853f8a5efe372a0e9d0920905e674c582e1cf41dd752b3ea,a5a4df9082a6cb286d407b0a02add789771a2b089665f8c2d4dad4c7eff416d0,059f74c0de3b510709a8fd683b595305194c805c08393b7d214c5f893a7df058
Ackley,5,5678,Geometry-Only,geometry_only,1,"[-0.061933177367968995, -1.4148115949347009, -1.1872837437865105, -0.7979383615967937, -0.39312141538494494]",5.166465078756701,5.1057838570789364,10.861765949190369,0.060681221677764796,0.010542288128541669,True,2,1,0.7158288779064895,1.0,0.98989898989899,1.98989898989899,True,matching_Ackley_5_5678::region_0,False,,1500,100,100,0,0,936f24843ab905564f13e9c6444690295e36ed405a42cc9a61b854c5e300c0fb,e478d15d03c89894853f8a5efe372a0e9d0920905e674c582e1cf41dd752b3ea,a5a4df9082a6cb286d407b0a02add789771a2b089665f8c2d4dad4c7eff416d0,059f74c0de3b510709a8fd683b595305194c805c08393b7d214c5f893a7df058
Ackley,5,5678,Local-Rank-No-Reliability,local_rank_no_reliability,1,"[-0.061933177367968995, -1.4148115949347009, -1.1872837437865105, -0.7979383615967937, -0.39312141538494494]",5.166465078756701,5.1057838570789364,10.861765949190369,0.060681221677764796,0.010542288128541669,True,2,1,0.7158288779064895,1.0,0.98989898989899,1.98989898989899,True,matching_Ackley_5_5678::region_0,False,,1500,100,100,0,0,936f24843ab905564f13e9c6444690295e36ed405a42cc9a61b854c5e300c0fb,e478d15d03c89894853f8a5efe372a0e9d0920905e674c582e1cf41dd752b3ea,a5a4df9082a6cb286d407b0a02add789771a2b089665f8c2d4dad4c7eff416d0,059f74c0de3b510709a8fd683b595305194c805c08393b7d214c5f893a7df058
Ackley,5,5678,Local-Rank+Reliability,local_rank_reliability,1,"[-0.061933177367968995, -1.4148115949347009, -1.1872837437865105, -0.7979383615967937, -0.39312141538494494]",5.166465078756701,5.1057838570789364,10.861765949190369,0.060681221677764796,0.010542288128541669,True,2,1,0.6688930235842769,1.0,0.98989898989899,1.98989898989899,True,matching_Ackley_5_5678::region_0,False,,1500,100,100,0,0,936f24843ab905564f13e9c6444690295e36ed405a42cc9a61b854c5e300c0fb,e478d15d03c89894853f8a5efe372a0e9d0920905e674c582e1cf41dd752b3ea,a5a4df9082a6cb286d407b0a02add789771a2b089665f8c2d4dad4c7eff416d0,059f74c0de3b510709a8fd683b595305194c805c08393b7d214c5f893a7df058
Ackley,5,5678,Reversed-Local-Rank,reversed_local_rank,1,"[-0.061933177367968995, -1.4148115949347009, -1.1872837437865105, -0.7979383615967937, -0.39312141538494494]",5.166465078756701,5.1057838570789364,10.861765949190369,0.060681221677764796,0.010542288128541669,True,2,1,0.0668893023584277,1.0,0.98989898989899,1.98989898989899,True,matching_Ackley_5_5678::region_0,False,,1500,100,100,0,0,936f24843ab905564f13e9c6444690295e36ed405a42cc9a61b854c5e300c0fb,e478d15d03c89894853f8a5efe372a0e9d0920905e674c582e1cf41dd752b3ea,a5a4df9082a6cb286d407b0a02add789771a2b089665f8c2d4dad4c7eff416d0,059f74c0de3b510709a8fd683b595305194c805c08393b7d214c5f893a7df058
Ackley,5,8888,Target-Only,target_only,0,"[3.9391424640131394, -0.6642695214613328, 1.3454311771426477, 2.040581303481476, -1.0775296882179832]",7.262566239735294,3.234678014433339,10.70602311948488,4.027888225301956,0.5391115212411499,False,19,0,0.0,0.0,1.0,1.0,True,,False,,1500,100,100,0,0,92026f8ad497208d3db628a46f27f242b65c16c1b22a9aba2617a9e973296a81,bd69ea83d97dfb937a854c93876e97a90a1800b6315a18dee2c9ac54c71fe000,2d0a97f016bb2fdbe3ea80983a74b672caa284ebacbef1f2e5f3c84db69d9fbf,ec7149dbc5fb13db0462b0a003fdffdc691d2653261aefc5f52508bebe26b760
Ackley,5,8888,Geometry-Only,geometry_only,2,"[3.71473733703089, -0.35297237363760114, 1.8352599597396893, 0.6529806835732987, -0.9232185469411007]",7.010067408410865,3.234678014433339,10.70602311948488,3.7753893939775263,0.5053158890257795,False,13,2,0.24014561564580866,0.9494949494949495,0.9797979797979798,1.9292929292929293,True,matching_Ackley_5_8888::region_0,False,,1500,100,100,0,0,92026f8ad497208d3db628a46f27f242b65c16c1b22a9aba2617a9e973296a81,bd69ea83d97dfb937a854c93876e97a90a1800b6315a18dee2c9ac54c71fe000,2d0a97f016bb2fdbe3ea80983a74b672caa284ebacbef1f2e5f3c84db69d9fbf,ec7149dbc5fb13db0462b0a003fdffdc691d2653261aefc5f52508bebe26b760
Ackley,5,8888,Local-Rank-No-Reliability,local_rank_no_reliability,2,"[3.71473733703089, -0.35297237363760114, 1.8352599597396893, 0.6529806835732987, -0.9232185469411007]",7.010067408410865,3.234678014433339,10.70602311948488,3.7753893939775263,0.5053158890257795,False,13,2,0.24014561564580866,0.9494949494949495,0.9797979797979798,1.9292929292929293,True,matching_Ackley_5_8888::region_0,False,,1500,100,100,0,0,92026f8ad497208d3db628a46f27f242b65c16c1b22a9aba2617a9e973296a81,bd69ea83d97dfb937a854c93876e97a90a1800b6315a18dee2c9ac54c71fe000,2d0a97f016bb2fdbe3ea80983a74b672caa284ebacbef1f2e5f3c84db69d9fbf,ec7149dbc5fb13db0462b0a003fdffdc691d2653261aefc5f52508bebe26b760
Ackley,5,8888,Local-Rank+Reliability,local_rank_reliability,2,"[3.71473733703089, -0.35297237363760114, 1.8352599597396893, 0.6529806835732987, -0.9232185469411007]",7.010067408410865,3.234678014433339,10.70602311948488,3.7753893939775263,0.5053158890257795,False,13,2,0.2151841325784826,0.9494949494949495,0.9797979797979798,1.9292929292929293,True,matching_Ackley_5_8888::region_0,False,,1500,100,100,0,0,92026f8ad497208d3db628a46f27f242b65c16c1b22a9aba2617a9e973296a81,bd69ea83d97dfb937a854c93876e97a90a1800b6315a18dee2c9ac54c71fe000,2d0a97f016bb2fdbe3ea80983a74b672caa284ebacbef1f2e5f3c84db69d9fbf,ec7149dbc5fb13db0462b0a003fdffdc691d2653261aefc5f52508bebe26b760
Ackley,5,8888,Reversed-Local-Rank,reversed_local_rank,1,"[3.771748490313623, -0.5934038273884568, 2.7372348494492504, 1.5077255406134196, -1.1935873313957912]",7.047283213262894,3.234678014433339,10.70602311948488,3.8126051988295546,0.5102970275394946,False,14,1,0.0265463563485723,0.9494949494949495,0.98989898989899,1.9393939393939394,True,matching_Ackley_5_8888::region_0,False,,1500,100,100,0,0,92026f8ad497208d3db628a46f27f242b65c16c1b22a9aba2617a9e973296a81,bd69ea83d97dfb937a854c93876e97a90a1800b6315a18dee2c9ac54c71fe000,2d0a97f016bb2fdbe3ea80983a74b672caa284ebacbef1f2e5f3c84db69d9fbf,ec7149dbc5fb13db0462b0a003fdffdc691d2653261aefc5f52508bebe26b760
