seed,relation,control,relation_or_control,condition,shell,method,n_rows,pairwise_accuracy,ndcg_at_top,normalized_top1_regret,standardized_rmse,spearman,precision_at_top,mean_negative_log_likelihood,interval_coverage_95
11,identity,identity_label_permutation,identity_label_permutation,identity_label_permutation,0.35,dual,1,0.8330462598425197,0.938530198971288,0.0,0.7261754014989288,0.8522077000549351,0.4615384615384615,-2.0362890324233454,1.0
11,identity,identity_label_permutation,identity_label_permutation,identity_label_permutation,0.35,geometry,1,0.8644192913385826,0.8912542441581371,0.0604826996597621,0.650495393599426,0.9038809284013916,0.4615384615384615,-2.089344002813716,0.78125
11,identity,identity_label_permutation,identity_label_permutation,identity_label_permutation,0.35,rank,1,0.8330462598425197,0.938530198971288,0.0,0.7261754018866058,0.8522077000549351,0.4615384615384615,-2.036289031694805,1.0
11,identity,identity_label_permutation,identity_label_permutation,identity_label_permutation,0.35,target_only,1,0.859375,0.9279942052699574,0.008472665198335,0.5840298250022368,0.8963502563633032,0.4615384615384615,-2.2203579716664863,1.0
11,identity,identity_label_permutation,identity_label_permutation,identity_label_permutation,0.35,value,1,0.859375,0.9279942052699574,0.008472665198335,0.5840298250022368,0.8963502563633032,0.4615384615384615,-2.2203579716664863,1.0
11,identity,identity_label_permutation,identity_label_permutation,identity_label_permutation,0.7,dual,1,0.7736220472440944,0.926139660737512,0.0622331979600484,1.3571401282010669,0.7592588353781359,0.5384615384615384,-0.8197895935799694,0.828125
11,identity,identity_label_permutation,identity_label_permutation,identity_label_permutation,0.7,geometry,1,0.7952755905511811,0.9246168611975488,0.0622331979600484,0.9768705568933556,0.8035158395898188,0.5384615384615384,-0.7727004225681922,0.7265625
11,identity,identity_label_permutation,identity_label_permutation,identity_label_permutation,0.7,rank,1,0.7736220472440944,0.926139660737512,0.0622331979600484,1.3571401283781348,0.7592588353781359,0.5384615384615384,-0.8197895936111097,0.828125
11,identity,identity_label_permutation,identity_label_permutation,identity_label_permutation,0.7,target_only,1,0.7662401574803149,0.8611096820359903,0.1458937437463705,1.26194834759258,0.7520371726789965,0.3846153846153846,-0.9648859941995994,0.9140625
11,identity,identity_label_permutation,identity_label_permutation,identity_label_permutation,0.7,value,1,0.7662401574803149,0.8611096820359903,0.1458937437463705,1.26194834759258,0.7520371726789965,0.3846153846153846,-0.9648859941995994,0.9140625
11,identity,identity_label_permutation,identity_label_permutation,identity_label_permutation,1.0,dual,1,0.7198572834645669,0.6329060147477642,0.3093364346265972,0.9608044654654638,0.6460526918146859,0.0,0.3014846714004642,0.7109375
11,identity,identity_label_permutation,identity_label_permutation,identity_label_permutation,1.0,geometry,1,0.7781742125984252,0.9267605770216696,0.0412963205151797,0.65189490336793,0.7771069859000183,0.5384615384615384,0.3195221729126422,0.46875
11,identity,identity_label_permutation,identity_label_permutation,identity_label_permutation,1.0,rank,1,0.7198572834645669,0.6329060147477642,0.3093364346265972,0.9608044654714112,0.6460526918146859,0.0,0.3014846716511222,0.7109375
11,identity,identity_label_permutation,identity_label_permutation,identity_label_permutation,1.0,target_only,1,0.733636811023622,0.7224617751106824,0.2631510590594275,0.9583178988702488,0.6727705548434352,0.0769230769230769,0.339096223035818,0.7109375
11,identity,identity_label_permutation,identity_label_permutation,identity_label_permutation,1.0,value,1,0.733636811023622,0.7224617751106824,0.2631510590594275,0.9583178988702488,0.6727705548434352,0.0769230769230769,0.339096223035818,0.7109375
11,identity,none,identity,identity,0.35,dual,1,0.8973917322834646,0.9874307741905016,0.0,0.1929032770841264,0.9206647134224502,0.8461538461538461,-0.7054565771053803,0.40625
11,identity,none,identity,identity,0.35,geometry,1,0.8644192913385826,0.8912542441581371,0.0604826996597621,0.650495393599426,0.9038809284013916,0.4615384615384615,-2.089344002813716,0.78125
11,identity,none,identity,identity,0.35,rank,1,0.8454724409448819,0.9453200275628968,0.0098766742412257,0.4547905263100251,0.8661760666544588,0.5384615384615384,-0.2516366258888037,0.3359375
11,identity,none,identity,identity,0.35,target_only,1,0.859375,0.9279942052699574,0.008472665198335,0.5840298250022368,0.8963502563633032,0.4615384615384615,-2.2203579716664863,1.0
11,identity,none,identity,identity,0.35,value,1,0.935777559055118,0.996255229029005,0.0,0.0667700822571904,0.9560062259659402,0.9230769230769232,-4.456467326372945,1.0
11,identity,none,identity,identity,0.7,dual,1,0.8217273622047244,0.9982343249425578,0.0,0.2914410607852233,0.7992812671671855,1.0,-0.4504343639126086,0.546875
11,identity,none,identity,identity,0.7,geometry,1,0.7952755905511811,0.9246168611975488,0.0622331979600484,0.9768705568933556,0.8035158395898188,0.5384615384615384,-0.7727004225681922,0.7265625
11,identity,none,identity,identity,0.7,rank,1,0.7709153543307087,0.9877263600991442,0.0161507812353632,0.7058239915123866,0.7117915674784837,0.9230769230769232,0.2348934996491357,0.5234375
11,identity,none,identity,identity,0.7,target_only,1,0.7662401574803149,0.8611096820359903,0.1458937437463705,1.26194834759258,0.7520371726789965,0.3846153846153846,-0.9648859941995994,0.9140625
11,identity,none,identity,identity,0.7,value,1,0.8853346456692913,0.9990512577407116,0.0,0.1119113183506754,0.9097063266800952,1.0,-3.3376319165637183,0.859375
11,identity,none,identity,identity,1.0,dual,1,0.921382874015748,0.997734842413586,0.0109534096356499,0.2338975914700976,0.958569859000183,1.0,9.02616683027098,0.25
11,identity,none,identity,identity,1.0,geometry,1,0.7781742125984252,0.9267605770216696,0.0412963205151797,0.65189490336793,0.7771069859000183,0.5384615384615384,0.3195221729126422,0.46875
11,identity,none,identity,identity,1.0,rank,1,0.8198818897637795,0.9904578589275816,0.0109534096356499,0.5780919245307784,0.8249175975096136,0.9230769230769232,9.642605104215594,0.359375
11,identity,none,identity,identity,1.0,target_only,1,0.733636811023622,0.7224617751106824,0.2631510590594275,0.9583178988702488,0.6727705548434352,0.0769230769230769,0.339096223035818,0.7109375
11,identity,none,identity,identity,1.0,value,1,0.9609990157480316,0.9995088633587323,0.0,0.0780636476101998,0.9864150338765794,1.0,-2.011117206996251,0.75
11,independent_expert,none,independent_expert,independent_expert,0.35,dual,1,0.7549212598425197,0.9435544821186006,0.0060916115782164,3.09951933086219,0.6946816059329792,0.5384615384615384,15.492224591834752,0.1015625
11,independent_expert,none,independent_expert,independent_expert,0.35,geometry,1,0.8644192913385826,0.8912542441581371,0.0604826996597621,0.650495393599426,0.9038809284013916,0.4615384615384615,-2.089344002813716,0.78125
11,independent_expert,none,independent_expert,independent_expert,0.35,rank,1,0.7437253937007874,0.9455016511035108,0.0060916115782164,2.9889233070477697,0.6737033052554476,0.5384615384615384,13.825241947766436,0.15625
11,independent_expert,none,independent_expert,independent_expert,0.35,target_only,1,0.859375,0.9279942052699574,0.008472665198335,0.5840298250022368,0.8963502563633032,0.4615384615384615,-2.2203579716664863,1.0
11,independent_expert,none,independent_expert,independent_expert,0.35,value,1,0.7611958661417323,0.9366818755346734,0.0238016368873211,2.963528582626697,0.7111449368247573,0.5384615384615384,14.130951305239616,0.09375
11,independent_expert,none,independent_expert,independent_expert,0.7,dual,1,0.6199557086614174,0.4966318258960725,0.932106805622496,2.1514405394432576,0.3334783006775315,0.1538461538461538,2.874735018359523,0.3984375
11,independent_expert,none,independent_expert,independent_expert,0.7,geometry,1,0.7952755905511811,0.9246168611975488,0.0622331979600484,0.9768705568933556,0.8035158395898188,0.5384615384615384,-0.7727004225681922,0.7265625
11,independent_expert,none,independent_expert,independent_expert,0.7,rank,1,0.64185531496063,0.5549683552729342,0.932106805622496,2.030178008269722,0.3968996062992125,0.1538461538461538,2.166774219421103,0.453125
11,independent_expert,none,independent_expert,independent_expert,0.7,target_only,1,0.7662401574803149,0.8611096820359903,0.1458937437463705,1.26194834759258,0.7520371726789965,0.3846153846153846,-0.9648859941995994,0.9140625
11,independent_expert,none,independent_expert,independent_expert,0.7,value,1,0.6230314960629921,0.5004470552969716,0.932106805622496,2.10853697936665,0.3396928218275041,0.1538461538461538,2.665718012497116,0.40625
11,independent_expert,none,independent_expert,independent_expert,1.0,dual,1,0.6448080708661418,0.703929633619109,0.232095965716298,1.6706117310479254,0.41804385643655,0.0,9.927825203627034,0.28125
11,independent_expert,none,independent_expert,independent_expert,1.0,geometry,1,0.7781742125984252,0.9267605770216696,0.0412963205151797,0.65189490336793,0.7771069859000183,0.5384615384615384,0.3195221729126422,0.46875
11,independent_expert,none,independent_expert,independent_expert,1.0,rank,1,0.6593257874015748,0.7257163419317598,0.232095965716298,1.6220612142350974,0.4766011261673686,0.0,8.96747460302483,0.2890625
11,independent_expert,none,independent_expert,independent_expert,1.0,target_only,1,0.733636811023622,0.7224617751106824,0.2631510590594275,0.9583178988702488,0.6727705548434352,0.0769230769230769,0.339096223035818,0.7109375
11,independent_expert,none,independent_expert,independent_expert,1.0,value,1,0.6461614173228346,0.7063061227838826,0.232095965716298,1.6468605575339417,0.4195316791796373,0.0,9.63417736811941,0.328125
11,output_affine,none,output_affine,output_affine,0.35,dual,1,0.8973917322834646,0.9874307741905016,0.0,0.1929032770841267,0.9206647134224502,0.8461538461538461,0.2108341547688487,0.40625
11,output_affine,none,output_affine,output_affine,0.35,geometry,1,0.8644192913385826,0.8912542441581371,0.0604826996597631,0.6504953935994265,0.9038809284013916,0.4615384615384615,-1.1730532709395565,0.78125
11,output_affine,none,output_affine,output_affine,0.35,rank,1,0.8454724409448819,0.9453200275628968,0.0098766742412263,0.4547905263100257,0.8661760666544588,0.5384615384615384,0.6646541059853573,0.3359375
11,output_affine,none,output_affine,output_affine,0.35,target_only,1,0.859375,0.9279942052699574,0.008472665198335,0.5840298250022367,0.8963502563633032,0.4615384615384615,-1.3040672397923312,1.0
11,output_affine,none,output_affine,output_affine,0.35,value,1,0.935777559055118,0.996255229029005,0.0,0.0667700822571902,0.9560062259659402,0.9230769230769232,-3.540176594498785,1.0
11,output_affine,none,output_affine,output_affine,0.7,dual,1,0.8217273622047244,0.9982343249425578,0.0,0.2914410607852217,0.7992812671671855,1.0,0.465856367961499,0.546875
11,output_affine,none,output_affine,output_affine,0.7,geometry,1,0.7952755905511811,0.9246168611975488,0.0622331979600494,0.9768705568933546,0.8035158395898188,0.5384615384615384,0.1435903093059604,0.7265625
11,output_affine,none,output_affine,output_affine,0.7,rank,1,0.7709153543307087,0.9877263600991442,0.0161507812353641,0.7058239915123856,0.7117915674784837,0.9230769230769232,1.1511842315232803,0.5234375
11,output_affine,none,output_affine,output_affine,0.7,target_only,1,0.7662401574803149,0.8611096820359903,0.1458937437463707,1.261948347592579,0.7520371726789965,0.3846153846153846,-0.0485952623254458,0.9140625
11,output_affine,none,output_affine,output_affine,0.7,value,1,0.8853346456692913,0.9990512577407116,0.0,0.1119113183506743,0.9097063266800952,1.0,-2.421341184689589,0.859375
11,output_affine,none,output_affine,output_affine,1.0,dual,1,0.921382874015748,0.997734842413586,0.0109534096356499,0.2338975914700978,0.958569859000183,1.0,9.942457562145163,0.25
11,output_affine,none,output_affine,output_affine,1.0,geometry,1,0.7781742125984252,0.9267605770216696,0.0412963205151794,0.6518949033679302,0.7771069859000183,0.5384615384615384,1.2358129047868005,0.46875
11,output_affine,none,output_affine,output_affine,1.0,rank,1,0.8198818897637795,0.9904578589275816,0.0109534096356499,0.5780919245307786,0.8249175975096136,0.9230769230769232,10.558895836089755,0.359375
11,output_affine,none,output_affine,output_affine,1.0,target_only,1,0.733636811023622,0.7224617751106824,0.2631510590594272,0.958317898870249,0.6727705548434352,0.0769230769230769,1.2553869549099743,0.7109375
11,output_affine,none,output_affine,output_affine,1.0,value,1,0.9609990157480316,0.9995088633587323,0.0,0.0780636476102,0.9864150338765794,1.0,-1.0948264751220922,0.75
11,reversal,none,reversal,reversal,0.35,dual,1,0.859375,0.8449319255282346,0.0011647445687796,0.5840298250022368,0.8963502563633032,0.3076923076923077,-2.2203579716664863,1.0
11,reversal,none,reversal,reversal,0.35,geometry,1,0.859375,0.8449319255282346,0.0011647445687796,0.5840298250022368,0.8963502563633032,0.3076923076923077,-2.2203579716664863,1.0
11,reversal,none,reversal,reversal,0.35,rank,1,0.859375,0.8449319255282346,0.0011647445687796,0.5840298250022368,0.8963502563633032,0.3076923076923077,-2.2203579716664863,1.0
11,reversal,none,reversal,reversal,0.35,target_only,1,0.859375,0.8449319255282346,0.0011647445687796,0.5840298250022368,0.8963502563633032,0.3076923076923077,-2.2203579716664863,1.0
11,reversal,none,reversal,reversal,0.35,value,1,0.859375,0.8449319255282346,0.0011647445687796,0.5840298250022368,0.8963502563633032,0.3076923076923077,-2.2203579716664863,1.0
11,reversal,none,reversal,reversal,0.7,dual,1,0.7662401574803149,0.6108227877689154,0.0568615812983152,1.26194834759258,0.7520371726789965,0.0,-0.9648859941995994,0.9140625
11,reversal,none,reversal,reversal,0.7,geometry,1,0.7662401574803149,0.6108227877689154,0.0568615812983152,1.26194834759258,0.7520371726789965,0.0,-0.9648859941995994,0.9140625
11,reversal,none,reversal,reversal,0.7,rank,1,0.7662401574803149,0.6108227877689154,0.0568615812983152,1.26194834759258,0.7520371726789965,0.0,-0.9648859941995994,0.9140625
11,reversal,none,reversal,reversal,0.7,target_only,1,0.7662401574803149,0.6108227877689154,0.0568615812983152,1.26194834759258,0.7520371726789965,0.0,-0.9648859941995994,0.9140625
11,reversal,none,reversal,reversal,0.7,value,1,0.7662401574803149,0.6108227877689154,0.0568615812983152,1.26194834759258,0.7520371726789965,0.0,-0.9648859941995994,0.9140625
11,reversal,none,reversal,reversal,1.0,dual,1,0.733636811023622,0.6048110228323216,0.1300948659112251,0.9583178988702488,0.6727705548434352,0.0,0.339096223035818,0.7109375
11,reversal,none,reversal,reversal,1.0,geometry,1,0.733636811023622,0.6048110228323216,0.1300948659112251,0.9583178988702488,0.6727705548434352,0.0,0.339096223035818,0.7109375
11,reversal,none,reversal,reversal,1.0,rank,1,0.733636811023622,0.6048110228323216,0.1300948659112251,0.9583178988702488,0.6727705548434352,0.0,0.339096223035818,0.7109375
11,reversal,none,reversal,reversal,1.0,target_only,1,0.733636811023622,0.6048110228323216,0.1300948659112251,0.9583178988702488,0.6727705548434352,0.0,0.339096223035818,0.7109375
11,reversal,none,reversal,reversal,1.0,value,1,0.733636811023622,0.6048110228323216,0.1300948659112251,0.9583178988702488,0.6727705548434352,0.0,0.339096223035818,0.7109375
11,rotate_45,none,rotate_45,rotate_45,0.35,dual,1,0.9494340551181102,0.9889537966115406,0.0042295985800832,0.0943330585063785,0.9764637886833912,0.9230769230769232,-3.7624514963450943,0.7109375
11,rotate_45,none,rotate_45,rotate_45,0.35,geometry,1,0.8267716535433071,0.9471854470093548,0.0042295985800832,0.6047619926728418,0.8357787035341513,0.5384615384615384,-2.0113068980622457,0.8125
11,rotate_45,none,rotate_45,rotate_45,0.35,rank,1,0.922736220472441,0.9709550378985624,0.038170036254564,0.2427266846302712,0.9612364951474088,0.7692307692307693,-2.866284239587574,0.8671875
11,rotate_45,none,rotate_45,rotate_45,0.35,target_only,1,0.8227116141732284,0.939536797440706,0.0174105771095319,0.6230056111775762,0.8410318622962826,0.5384615384615384,-2.161340160249594,1.0
11,rotate_45,none,rotate_45,rotate_45,0.35,value,1,0.9563238188976378,0.9898293823404826,0.0042295985800832,0.0584635781157665,0.9787184123786852,0.9230769230769232,-4.561394518892023,1.0
11,rotate_45,none,rotate_45,rotate_45,0.7,dual,1,0.921013779527559,0.9928471331433762,0.0112646657915859,0.2527249101694264,0.9511879692364036,0.9230769230769232,-0.1867860240115227,0.5859375
11,rotate_45,none,rotate_45,rotate_45,0.7,geometry,1,0.8566683070866141,0.9346939226167847,0.0112646657915859,1.1169983389439873,0.8918581761582127,0.5384615384615384,-0.2038672557394636,0.5234375
11,rotate_45,none,rotate_45,rotate_45,0.7,rank,1,0.8891486220472441,0.9853720586593406,0.0112646657915859,0.7175178713163058,0.919537401574803,0.8461538461538461,0.3273862218118674,0.6015625
11,rotate_45,none,rotate_45,rotate_45,0.7,target_only,1,0.7818651574803149,0.814460941779935,0.3999817554854372,1.1963550536276897,0.7788694836110603,0.3076923076923077,-0.8591249369380631,0.8125
11,rotate_45,none,rotate_45,rotate_45,0.7,value,1,0.9356545275590552,0.9927820096046998,0.0112646657915859,0.0978241719023292,0.9683551547335651,0.9230769230769232,-3.115257536435996,0.8046875
11,rotate_45,none,rotate_45,rotate_45,1.0,dual,1,0.9708415354330708,0.9928471331433762,0.0076526552468926,0.1644270147696293,0.9924063816150888,0.9230769230769232,1.3999253949220134,0.4609375
11,rotate_45,none,rotate_45,rotate_45,1.0,geometry,1,0.8670029527559056,0.7983623785164445,0.214395604632419,0.6144791891533835,0.9055690349752792,0.0769230769230769,0.1106963899558337,0.5703125
11,rotate_45,none,rotate_45,rotate_45,1.0,rank,1,0.9343011811023622,0.9925175887514298,0.0076526552468926,0.4636439127307818,0.9698601446621496,0.9230769230769232,0.8262643375687846,0.6015625
11,rotate_45,none,rotate_45,rotate_45,1.0,target_only,1,0.7207185039370079,0.7392547567491772,0.2760539562093066,1.0084915414939792,0.645949688701703,0.1538461538461538,0.2027733025905559,0.6953125
11,rotate_45,none,rotate_45,rotate_45,1.0,value,1,0.9756397637795275,0.9941424575933316,0.0076526552468926,0.1002210731462705,0.995324803149606,0.9230769230769232,0.1654398748897352,0.40625
11,roughness,none,roughness,roughness,0.35,dual,1,0.5230068897637795,0.4881536077567562,0.6751709328830552,1.242613599269318,0.0700707288042483,0.3076923076923077,33.347050273269815,0.15625
11,roughness,none,roughness,roughness,0.35,geometry,1,0.5233759842519685,0.35477919643541,0.9960121539409922,1.2607902330395715,0.0624828328145028,0.2307692307692307,21.50831305502184,0.1796875
11,roughness,none,roughness,roughness,0.35,rank,1,0.5253444881889764,0.4705098073242318,0.6751709328830552,1.236421347210001,0.0746600897271562,0.3076923076923077,33.48418127883522,0.15625
11,roughness,none,roughness,roughness,0.35,target_only,1,0.5231299212598425,0.3820573168502487,0.8412007354352239,1.2602136240962238,0.0632725233473722,0.2307692307692307,12.182745327037798,0.28125
11,roughness,none,roughness,roughness,0.35,value,1,0.5217765748031497,0.5541907029141524,0.3862099058089581,1.2692555230426037,0.0678904962461087,0.3076923076923077,30.480638696942957,0.171875
11,roughness,none,roughness,roughness,0.7,dual,1,0.5639763779527559,0.6829925200453403,0.0895127505370995,1.2130828032556178,0.1748935634499176,0.0769230769230769,36.566054325109874,0.140625
11,roughness,none,roughness,roughness,0.7,geometry,1,0.5797244094488189,0.6372866840641549,0.339465890477569,1.213743917102099,0.2374507874015748,0.0769230769230769,23.89928553390751,0.1875
11,roughness,none,roughness,roughness,0.7,rank,1,0.5671751968503937,0.6828230645438591,0.0895127505370995,1.1964049882614225,0.1838033327229445,0.0769230769230769,36.77334329133341,0.1484375
11,roughness,none,roughness,roughness,0.7,target_only,1,0.5696358267716536,0.6497794570027647,0.3320225781651659,1.1916246277003395,0.2074082127815418,0.0769230769230769,13.852785976102872,0.2421875
11,roughness,none,roughness,roughness,0.7,value,1,0.5593011811023622,0.6497794570027647,0.3320225781651659,1.2682665122258765,0.1693771745101629,0.0769230769230769,33.1879823264354,0.1796875
11,roughness,none,roughness,roughness,1.0,dual,1,0.6264763779527559,0.5931495294099337,0.1757791041421265,1.0800749235752076,0.3804820545687603,0.1538461538461538,19.060860926528807,0.2578125
11,roughness,none,roughness,roughness,1.0,geometry,1,0.6204478346456693,0.5592523057432566,0.4464048003405688,1.1250670657981432,0.3574208020509063,0.1538461538461538,13.483469404704362,0.328125
11,roughness,none,roughness,roughness,1.0,rank,1,0.5987942913385826,0.5931495294099337,0.1757791041421265,1.1099243218206258,0.3046545962277971,0.1538461538461538,20.06151775802173,0.2578125
11,roughness,none,roughness,roughness,1.0,target_only,1,0.625,0.5381888890897983,0.5515577776542451,1.2625078365659992,0.3675780534700604,0.1538461538461538,8.949636914243515,0.34375
11,roughness,none,roughness,roughness,1.0,value,1,0.6747047244094488,0.6348669736160446,0.1757791041421265,1.0238591935753834,0.5154561893426112,0.1538461538461538,15.66159515940114,0.2890625
11,scale_0.7,none,scale_0.7,scale_0.7,0.35,dual,1,0.9569389763779528,0.9888663629846272,0.0,0.1818137365882118,0.984520921076726,0.8461538461538461,9.57354275319772,0.265625
11,scale_0.7,none,scale_0.7,scale_0.7,0.35,geometry,1,0.8469488188976378,0.9023107464757142,0.0183660323589179,0.5600579291440989,0.8851000274674968,0.4615384615384615,-2.334371052407474,0.71875
11,scale_0.7,none,scale_0.7,scale_0.7,0.35,rank,1,0.9143700787401576,0.9513268842396312,0.0,0.376150855519157,0.9552222578282366,0.5384615384615384,10.108658270479172,0.2734375
11,scale_0.7,none,scale_0.7,scale_0.7,0.35,target_only,1,0.8515009842519685,0.9266419171601804,0.0053347677282061,0.5137353189088805,0.8896951107855703,0.4615384615384615,-2.7997543970493206,1.0
11,scale_0.7,none,scale_0.7,scale_0.7,0.35,value,1,0.9874507874015748,0.9949783697413306,0.0,0.0442865131493139,0.9981917231276324,0.9230769230769232,-5.320831823010976,1.0
11,scale_0.7,none,scale_0.7,scale_0.7,0.7,dual,1,0.9430364173228346,0.9994264151898204,0.0,0.1156637072069191,0.973356528108405,1.0,-1.4180026424604433,0.5859375
11,scale_0.7,none,scale_0.7,scale_0.7,0.7,geometry,1,0.7105068897637795,0.902286992248779,0.0909434789417362,0.8400421673061026,0.6149400292986632,0.5384615384615384,-1.1193074566502033,0.6015625
11,scale_0.7,none,scale_0.7,scale_0.7,0.7,rank,1,0.8791830708661418,0.999362349272873,0.0,0.2397328256585916,0.891526277238601,1.0,-0.6226437384509512,0.6171875
11,scale_0.7,none,scale_0.7,scale_0.7,0.7,target_only,1,0.7242864173228346,0.8443646651016637,0.1968507551078713,0.8771896914764148,0.6258640816700238,0.3846153846153846,-1.863154250491648,0.90625
11,scale_0.7,none,scale_0.7,scale_0.7,0.7,value,1,0.9570620078740156,0.999737533828376,0.0,0.0775301920785848,0.9831475462369528,1.0,-4.259620982395656,0.8359375
11,scale_0.7,none,scale_0.7,scale_0.7,1.0,dual,1,0.950418307086614,0.9987688158280056,0.0,0.1334661472028711,0.9811103735579564,1.0,-1.4591183400047312,0.65625
11,scale_0.7,none,scale_0.7,scale_0.7,1.0,geometry,1,0.8213582677165354,0.9270803847586696,0.0622331979600483,0.6865654866567609,0.8398244369163157,0.5384615384615384,-1.691285507229052,0.84375
11,scale_0.7,none,scale_0.7,scale_0.7,1.0,rank,1,0.937992125984252,0.998152839475452,0.0,0.269482004075486,0.972315052188244,1.0,-0.8902963996009922,0.640625
11,scale_0.7,none,scale_0.7,scale_0.7,1.0,target_only,1,0.7100147637795275,0.7726329952813723,0.5302964771064741,1.1358053852695449,0.6508709485442227,0.2307692307692307,-1.3416006942583656,0.8515625
11,scale_0.7,none,scale_0.7,scale_0.7,1.0,value,1,0.9330708661417324,0.9996644409951084,0.0,0.0907312520736909,0.96239814136605,1.0,-3.824989646168464,0.8828125
11,scale_1.5,none,scale_1.5,scale_1.5,0.35,dual,1,0.8345226377952756,0.9804410023023554,0.0,0.9494501097559914,0.8451176524446072,0.7692307692307693,-0.945293626909501,0.515625
11,scale_1.5,none,scale_1.5,scale_1.5,0.35,geometry,1,0.6696604330708661,0.7832404271064994,0.2816827599759686,1.1139397599928844,0.5145634956967589,0.3076923076923077,-1.2495065054220331,0.8203125
11,scale_1.5,none,scale_1.5,scale_1.5,0.35,rank,1,0.8419045275590551,0.9856657910306408,0.018498033428561,1.5897691290506923,0.8547141091375206,0.8461538461538461,0.8693357466917504,0.3359375
11,scale_1.5,none,scale_1.5,scale_1.5,0.35,target_only,1,0.6795029527559056,0.8876852970024024,0.14550508247538,1.1584876178194845,0.5487147500457791,0.4615384615384615,-1.389105365741336,1.0
11,scale_1.5,none,scale_1.5,scale_1.5,0.35,value,1,0.8448572834645669,0.9801512487558286,0.0,0.5682388572088917,0.8634922633217358,0.7692307692307693,-2.100962763505932,1.0
11,scale_1.5,none,scale_1.5,scale_1.5,0.7,dual,1,0.8561761811023622,0.9950802848950514,0.0,0.720218494183013,0.8812831898919611,0.9230769230769232,3.6545703314630935,0.375
11,scale_1.5,none,scale_1.5,scale_1.5,0.7,geometry,1,0.9280265748031497,0.9565457221880312,0.0111148830456876,0.2554907030010452,0.9675025178538728,0.6153846153846154,-1.214849360789274,0.9609375
11,scale_1.5,none,scale_1.5,scale_1.5,0.7,rank,1,0.780388779527559,0.9940140862935882,0.0,1.2212530543639155,0.7400201428309833,0.9230769230769232,8.968486388076837,0.1796875
11,scale_1.5,none,scale_1.5,scale_1.5,0.7,target_only,1,0.8708169291338582,0.961195474717588,0.0417069250532389,0.413698390172679,0.9075318165171214,0.7692307692307693,-0.6799596441212854,0.9609375
11,scale_1.5,none,scale_1.5,scale_1.5,0.7,value,1,0.875246062992126,0.9903850677986216,0.0,0.4756328071578995,0.9087277971067568,0.9230769230769232,0.5997810640482211,0.53125
11,scale_1.5,none,scale_1.5,scale_1.5,1.0,dual,1,0.7262549212598425,0.830323058113278,0.1305432217673706,0.946104263279366,0.6411428767624977,0.3846153846153846,6.567872076954549,0.4296875
11,scale_1.5,none,scale_1.5,scale_1.5,1.0,geometry,1,0.8885334645669292,0.9363256217285018,0.0472364014202721,0.4072102443703845,0.933036531770738,0.5384615384615384,-0.2927788474256748,0.8984375
11,scale_1.5,none,scale_1.5,scale_1.5,1.0,rank,1,0.6579724409448819,0.5657858875300614,0.3749418109005701,1.1043298009995506,0.4378376213147775,0.2307692307692307,6.602254760275374,0.4375
11,scale_1.5,none,scale_1.5,scale_1.5,1.0,target_only,1,0.7838336614173228,0.9213766150960584,0.0210220891131736,0.8292794670302812,0.778915262772386,0.4615384615384615,0.3150591940451239,0.828125
11,scale_1.5,none,scale_1.5,scale_1.5,1.0,value,1,0.7484005905511811,0.863913954593178,0.1305432217673706,0.8955299840172646,0.6951279527559056,0.3846153846153846,6.15044010004169,0.2890625
23,identity,identity_label_permutation,identity_label_permutation,identity_label_permutation,0.35,dual,1,0.7057086614173228,0.6045576307421554,0.5414252195971704,1.2342852623203766,0.6387280260025636,0.0,-0.2195082452267104,0.6640625
23,identity,identity_label_permutation,identity_label_permutation,identity_label_permutation,0.35,geometry,1,0.7936761811023622,0.805644152836676,0.1761035691101889,0.5871586083440782,0.8148404596227796,0.3076923076923077,-0.8179445653492932,0.53125
23,identity,identity_label_permutation,identity_label_permutation,identity_label_permutation,0.35,rank,1,0.719242125984252,0.6521570861411996,0.3886211873153461,0.9379356268305704,0.665978071781725,0.0,-1.474712151555011,0.828125
23,identity,identity_label_permutation,identity_label_permutation,identity_label_permutation,0.35,target_only,1,0.8046259842519685,0.8314918438289127,0.1761035691101889,0.5553449916710508,0.8292151162790697,0.3846153846153846,-2.153895546339257,1.0
23,identity,identity_label_permutation,identity_label_permutation,identity_label_permutation,0.35,value,1,0.7057086614173228,0.6045576307421554,0.5414252195971704,1.234285264045225,0.6387280260025636,0.0,-0.2195082356125688,0.6640625
23,identity,identity_label_permutation,identity_label_permutation,identity_label_permutation,0.7,dual,1,0.5606545275590551,0.2072827131227952,1.0036829945702357,1.4411876521459426,0.1605532411646218,0.0,-0.0702586277937639,0.6640625
23,identity,identity_label_permutation,identity_label_permutation,identity_label_permutation,0.7,geometry,1,0.8222194881889764,0.8780724753655422,0.1519225784360014,0.9724840419020624,0.8461476835744368,0.3846153846153846,0.2320760132923802,0.484375
23,identity,identity_label_permutation,identity_label_permutation,identity_label_permutation,0.7,rank,1,0.5912893700787402,0.3512648221928581,0.9300372245194428,1.417758673457087,0.2529642006958432,0.0769230769230769,-0.2848179082573739,0.6953125
23,identity,identity_label_permutation,identity_label_permutation,identity_label_permutation,0.7,target_only,1,0.8088090551181102,0.8031542377304016,0.4484878062192095,1.2532709830827231,0.8166887932613075,0.3076923076923077,-1.0623038993437164,0.9140625
23,identity,identity_label_permutation,identity_label_permutation,identity_label_permutation,0.7,value,1,0.5606545275590551,0.2072827131227952,1.0036829945702357,1.4411876494911835,0.1605532411646218,0.0,-0.0702586333782727,0.6640625
23,identity,identity_label_permutation,identity_label_permutation,identity_label_permutation,1.0,dual,1,0.5799704724409449,0.4999507572380274,0.3014839659821726,1.4396921534255072,0.2376854056033693,0.0,5.076561066247452,0.4375
23,identity,identity_label_permutation,identity_label_permutation,identity_label_permutation,1.0,geometry,1,0.7887549212598425,0.8772749629519516,0.0899815723764033,0.6580944811454555,0.7887863944332539,0.3846153846153846,2.332935985685865,0.4140625
23,identity,identity_label_permutation,identity_label_permutation,identity_label_permutation,1.0,rank,1,0.6316437007874016,0.5482740503013958,0.3503164945899557,1.233012169252057,0.4054660318622963,0.0,2.331081901411633,0.5078125
23,identity,identity_label_permutation,identity_label_permutation,identity_label_permutation,1.0,target_only,1,0.7722687007874016,0.8544698255166365,0.0962083372317514,0.8592706737337361,0.7662630470609777,0.3076923076923077,0.1675248451474615,0.7265625
23,identity,identity_label_permutation,identity_label_permutation,identity_label_permutation,1.0,value,1,0.5799704724409449,0.4999507572380274,0.3014839659821726,1.439692153807234,0.2376854056033693,0.0,5.076561084545823,0.4375
23,identity,none,identity,identity,0.35,dual,1,0.906126968503937,0.9766806912077904,0.0057591085183274,0.1393332646939282,0.9394513367515108,0.6923076923076923,-2.72631201625516,0.671875
23,identity,none,identity,identity,0.35,geometry,1,0.7936761811023622,0.805644152836676,0.1761035691101889,0.5871586083440782,0.8148404596227796,0.3076923076923077,-0.8179445653492932,0.53125
23,identity,none,identity,identity,0.35,rank,1,0.8630659448818898,0.9196141281192788,0.0086786626284112,0.3422226389896276,0.8973974546786303,0.3846153846153846,-1.8095774416970576,0.671875
23,identity,none,identity,identity,0.35,target_only,1,0.8046259842519685,0.8314918438289127,0.1761035691101889,0.5553449916710508,0.8292151162790697,0.3846153846153846,-2.153895546339257,1.0
23,identity,none,identity,identity,0.35,value,1,0.9296259842519684,0.995491822759032,0.0008297728303856,0.0606974660325804,0.9556399926753342,0.9230769230769232,-4.329263132557315,0.8828125
23,identity,none,identity,identity,0.7,dual,1,0.8453494094488189,0.9945463164483932,0.0022145379699339,0.2977775753156353,0.847618339132027,0.9230769230769232,-0.3433878100805116,0.5859375
23,identity,none,identity,identity,0.7,geometry,1,0.8222194881889764,0.8780724753655422,0.1519225784360014,0.9724840419020624,0.8461476835744368,0.3846153846153846,0.2320760132923802,0.484375
23,identity,none,identity,identity,0.7,rank,1,0.8150836614173228,0.975553343196128,0.0022145379699339,0.7401159518083458,0.7989264786669108,0.6923076923076923,0.7426543845352556,0.59375
23,identity,none,identity,identity,0.7,target_only,1,0.8088090551181102,0.8031542377304016,0.4484878062192095,1.2532709830827231,0.8166887932613075,0.3076923076923077,-1.0623038993437164,0.9140625
23,identity,none,identity,identity,0.7,value,1,0.8960383858267716,0.9995569428965732,0.0,0.1317358277546687,0.9189308276872368,1.0,-2.8197872472492307,0.8203125
23,identity,none,identity,identity,1.0,dual,1,0.9271653543307088,0.9953876610355528,0.0015098174898475,0.225343540086802,0.961825901849478,0.9230769230769232,5.949247859686553,0.4765625
23,identity,none,identity,identity,1.0,geometry,1,0.7887549212598425,0.8772749629519516,0.0899815723764033,0.6580944811454555,0.7887863944332539,0.3846153846153846,2.332935985685865,0.4140625
23,identity,none,identity,identity,1.0,rank,1,0.8727854330708661,0.9893161348586572,0.0015098174898475,0.5159740220703027,0.9075775956784472,0.7692307692307693,5.607435691887491,0.3828125
23,identity,none,identity,identity,1.0,target_only,1,0.7722687007874016,0.8544698255166365,0.0962083372317514,0.8592706737337361,0.7662630470609777,0.3076923076923077,0.1675248451474615,0.7265625
23,identity,none,identity,identity,1.0,value,1,0.9517716535433072,0.9995787724633204,0.0,0.1193099285818248,0.977470930232558,1.0,1.139299302811967,0.65625
23,independent_expert,none,independent_expert,independent_expert,0.35,dual,1,0.8046259842519685,0.8314918438289127,0.1761035691101889,0.5553449918274497,0.8292151162790697,0.3846153846153846,-2.1538955462406912,1.0
23,independent_expert,none,independent_expert,independent_expert,0.35,geometry,1,0.7936761811023622,0.805644152836676,0.1761035691101889,0.5871586083440782,0.8148404596227796,0.3076923076923077,-0.8179445653492932,0.53125
23,independent_expert,none,independent_expert,independent_expert,0.35,rank,1,0.8046259842519685,0.8314918438289127,0.1761035691101889,0.5553449916710508,0.8292151162790697,0.3846153846153846,-2.153895546339257,1.0
23,independent_expert,none,independent_expert,independent_expert,0.35,target_only,1,0.8046259842519685,0.8314918438289127,0.1761035691101889,0.5553449916710508,0.8292151162790697,0.3846153846153846,-2.153895546339257,1.0
23,independent_expert,none,independent_expert,independent_expert,0.35,value,1,0.8046259842519685,0.8314918438289127,0.1761035691101889,0.5553449916710508,0.8292151162790697,0.3846153846153846,-2.153895546339257,1.0
23,independent_expert,none,independent_expert,independent_expert,0.7,dual,1,0.8088090551181102,0.8031542377304016,0.4484878062192095,1.253270983345052,0.8166887932613075,0.3076923076923077,-1.0623038990801992,0.9140625
23,independent_expert,none,independent_expert,independent_expert,0.7,geometry,1,0.8222194881889764,0.8780724753655422,0.1519225784360014,0.9724840419020624,0.8461476835744368,0.3846153846153846,0.2320760132923802,0.484375
23,independent_expert,none,independent_expert,independent_expert,0.7,rank,1,0.8088090551181102,0.8031542377304016,0.4484878062192095,1.2532709830827231,0.8166887932613075,0.3076923076923077,-1.0623038993437164,0.9140625
23,independent_expert,none,independent_expert,independent_expert,0.7,target_only,1,0.8088090551181102,0.8031542377304016,0.4484878062192095,1.2532709830827231,0.8166887932613075,0.3076923076923077,-1.0623038993437164,0.9140625
23,independent_expert,none,independent_expert,independent_expert,0.7,value,1,0.8088090551181102,0.8031542377304016,0.4484878062192095,1.2532709830827231,0.8166887932613075,0.3076923076923077,-1.0623038993437164,0.9140625
23,independent_expert,none,independent_expert,independent_expert,1.0,dual,1,0.7722687007874016,0.8544698255166365,0.0962083372317514,0.8592706737186929,0.7662630470609777,0.3076923076923077,0.1675248450270385,0.7265625
23,independent_expert,none,independent_expert,independent_expert,1.0,geometry,1,0.7887549212598425,0.8772749629519516,0.0899815723764033,0.6580944811454555,0.7887863944332539,0.3846153846153846,2.332935985685865,0.4140625
23,independent_expert,none,independent_expert,independent_expert,1.0,rank,1,0.7722687007874016,0.8544698255166365,0.0962083372317514,0.8592706737337361,0.7662630470609777,0.3076923076923077,0.1675248451474615,0.7265625
23,independent_expert,none,independent_expert,independent_expert,1.0,target_only,1,0.7722687007874016,0.8544698255166365,0.0962083372317514,0.8592706737337361,0.7662630470609777,0.3076923076923077,0.1675248451474615,0.7265625
23,independent_expert,none,independent_expert,independent_expert,1.0,value,1,0.7722687007874016,0.8544698255166365,0.0962083372317514,0.8592706737337361,0.7662630470609777,0.3076923076923077,0.1675248451474615,0.7265625
23,output_affine,none,output_affine,output_affine,0.35,dual,1,0.906126968503937,0.9766806912077904,0.0057591085183287,0.1393332646939281,0.9394513367515108,0.6923076923076923,-1.810021284380995,0.671875
23,output_affine,none,output_affine,output_affine,0.35,geometry,1,0.7936761811023622,0.805644152836676,0.1761035691101891,0.587158608344078,0.8148404596227796,0.3076923076923077,0.0983461665248558,0.53125
23,output_affine,none,output_affine,output_affine,0.35,rank,1,0.8630659448818898,0.9196141281192788,0.0086786626284111,0.3422226389896283,0.8973974546786303,0.3846153846153846,-0.893286709822908,0.671875
23,output_affine,none,output_affine,output_affine,0.35,target_only,1,0.8046259842519685,0.8314918438289127,0.1761035691101891,0.5553449916710503,0.8292151162790697,0.3846153846153846,-1.237604814465103,1.0
23,output_affine,none,output_affine,output_affine,0.35,value,1,0.9296259842519684,0.995491822759032,0.0008297728303868,0.0606974660325804,0.9556399926753342,0.9230769230769232,-3.412972400683162,0.8828125
23,output_affine,none,output_affine,output_affine,0.7,dual,1,0.8453494094488189,0.9945463164483932,0.0022145379699335,0.2977775753156348,0.847618339132027,0.9230769230769232,0.5729029217936323,0.5859375
23,output_affine,none,output_affine,output_affine,0.7,geometry,1,0.8222194881889764,0.8780724753655422,0.1519225784360017,0.9724840419020624,0.8461476835744368,0.3846153846153846,1.14836674516653,0.484375
23,output_affine,none,output_affine,output_affine,0.7,rank,1,0.8150836614173228,0.975553343196128,0.0022145379699335,0.7401159518083461,0.7989264786669108,0.6923076923076923,1.6589451164094149,0.59375
23,output_affine,none,output_affine,output_affine,0.7,target_only,1,0.8088090551181102,0.8031542377304016,0.4484878062192091,1.2532709830827242,0.8166887932613075,0.3076923076923077,-0.1460131674695605,0.9140625
23,output_affine,none,output_affine,output_affine,0.7,value,1,0.8960383858267716,0.9995569428965732,0.0,0.1317358277546691,0.9189308276872368,1.0,-1.903496515375101,0.8203125
23,output_affine,none,output_affine,output_affine,1.0,dual,1,0.9271653543307088,0.9953876610355528,0.0015098174898476,0.2253435400868017,0.961825901849478,0.9230769230769232,6.865538591560698,0.4765625
23,output_affine,none,output_affine,output_affine,1.0,geometry,1,0.7887549212598425,0.8772749629519516,0.0899815723764033,0.6580944811454557,0.7887863944332539,0.3846153846153846,3.249226717560017,0.4140625
23,output_affine,none,output_affine,output_affine,1.0,rank,1,0.8727854330708661,0.9893161348586572,0.0015098174898476,0.5159740220703029,0.9075775956784472,0.7692307692307693,6.523726423761646,0.3828125
23,output_affine,none,output_affine,output_affine,1.0,target_only,1,0.7722687007874016,0.8544698255166365,0.0962083372317514,0.8592706737337357,0.7662630470609777,0.3076923076923077,1.083815577021616,0.7265625
23,output_affine,none,output_affine,output_affine,1.0,value,1,0.9517716535433072,0.9995787724633204,0.0,0.119309928581825,0.977470930232558,1.0,2.055590034686067,0.65625
23,reversal,none,reversal,reversal,0.35,dual,1,0.8046259842519685,0.7626478329297991,4.249990267973799e-06,0.5553449916710508,0.8292151162790697,0.0769230769230769,-2.153895546339257,1.0
23,reversal,none,reversal,reversal,0.35,geometry,1,0.8046259842519685,0.7626478329297991,4.249990267973799e-06,0.5553449916710508,0.8292151162790697,0.0769230769230769,-2.153895546339257,1.0
23,reversal,none,reversal,reversal,0.35,rank,1,0.8046259842519685,0.7626478329297991,4.249990267973799e-06,0.5553449916710508,0.8292151162790697,0.0769230769230769,-2.153895546339257,1.0
23,reversal,none,reversal,reversal,0.35,target_only,1,0.8046259842519685,0.7626478329297991,4.249990267973799e-06,0.5553449916710508,0.8292151162790697,0.0769230769230769,-2.153895546339257,1.0
23,reversal,none,reversal,reversal,0.35,value,1,0.8046259842519685,0.7626478329297991,4.249990267973799e-06,0.5553449916710508,0.8292151162790697,0.0769230769230769,-2.153895546339257,1.0
23,reversal,none,reversal,reversal,0.7,dual,1,0.8088090551181102,0.7218682046145495,0.0376140196604075,1.2532709830827231,0.8166887932613075,0.2307692307692307,-1.0623038993437164,0.9140625
23,reversal,none,reversal,reversal,0.7,geometry,1,0.8088090551181102,0.7218682046145495,0.0376140196604075,1.2532709830827231,0.8166887932613075,0.2307692307692307,-1.0623038993437164,0.9140625
23,reversal,none,reversal,reversal,0.7,rank,1,0.8088090551181102,0.7218682046145495,0.0376140196604075,1.2532709830827231,0.8166887932613075,0.2307692307692307,-1.0623038993437164,0.9140625
23,reversal,none,reversal,reversal,0.7,target_only,1,0.8088090551181102,0.7218682046145495,0.0376140196604075,1.2532709830827231,0.8166887932613075,0.2307692307692307,-1.0623038993437164,0.9140625
23,reversal,none,reversal,reversal,0.7,value,1,0.8088090551181102,0.7218682046145495,0.0376140196604075,1.2532709830827231,0.8166887932613075,0.2307692307692307,-1.0623038993437164,0.9140625
23,reversal,none,reversal,reversal,1.0,dual,1,0.7722687007874016,0.6308747953013509,0.1140510743876377,0.8592706737337361,0.7662630470609777,0.0,0.1675248451474615,0.7265625
23,reversal,none,reversal,reversal,1.0,geometry,1,0.7722687007874016,0.6308747953013509,0.1140510743876377,0.8592706737337361,0.7662630470609777,0.0,0.1675248451474615,0.7265625
23,reversal,none,reversal,reversal,1.0,rank,1,0.7722687007874016,0.6308747953013509,0.1140510743876377,0.8592706737337361,0.7662630470609777,0.0,0.1675248451474615,0.7265625
23,reversal,none,reversal,reversal,1.0,target_only,1,0.7722687007874016,0.6308747953013509,0.1140510743876377,0.8592706737337361,0.7662630470609777,0.0,0.1675248451474615,0.7265625
23,reversal,none,reversal,reversal,1.0,value,1,0.7722687007874016,0.6308747953013509,0.1140510743876377,0.8592706737337361,0.7662630470609777,0.0,0.1675248451474615,0.7265625
23,rotate_45,none,rotate_45,rotate_45,0.35,dual,1,0.9549704724409448,0.9955578478177988,0.0006062347939831,0.0888583918735807,0.9814308276872368,0.9230769230769232,-4.370909269731529,0.9375
23,rotate_45,none,rotate_45,rotate_45,0.35,geometry,1,0.8921013779527559,0.9482571226194364,0.0,0.7480485129786499,0.9291510254532136,0.4615384615384615,-2.4272482700234974,0.9140625
23,rotate_45,none,rotate_45,rotate_45,0.35,rank,1,0.8989911417322834,0.9307399426290276,0.0585125502357688,0.2896715966183158,0.9408876579381066,0.6153846153846154,-3.1841281819514786,0.921875
23,rotate_45,none,rotate_45,rotate_45,0.35,target_only,1,0.8874261811023622,0.9482571226194364,0.0,0.7378062415576147,0.9214429591649882,0.4615384615384615,-2.333704381438932,1.0
23,rotate_45,none,rotate_45,rotate_45,0.35,value,1,0.9730561023622047,0.993485027207715,0.0,0.0575442471626058,0.9921088170664712,0.8461538461538461,-4.900588987247048,1.0
23,rotate_45,none,rotate_45,rotate_45,0.7,dual,1,0.8494094488188977,0.9958074918982646,0.0025091019148259,0.3777985616403618,0.8377643746566563,0.9230769230769232,1.086496335824656,0.5078125
23,rotate_45,none,rotate_45,rotate_45,0.7,geometry,1,0.8363681102362205,0.9275397032733048,0.0495286599843267,1.147289779836856,0.8447514191540011,0.4615384615384615,-0.8874776778336411,0.75
23,rotate_45,none,rotate_45,rotate_45,0.7,rank,1,0.7939222440944882,0.9830647203876078,0.0025091019148259,1.049058233524197,0.7400945339681377,0.8461538461538461,1.3675177607868052,0.5078125
23,rotate_45,none,rotate_45,rotate_45,0.7,target_only,1,0.8478100393700787,0.9441109728832668,0.0495286599843267,1.388777422572562,0.8701187969236404,0.4615384615384615,-0.900450482602595,0.8125
23,rotate_45,none,rotate_45,rotate_45,0.7,value,1,0.9080954724409448,0.9981633795556804,0.0,0.146865169282776,0.9322811756088628,0.9230769230769232,-2.9462565549124777,0.828125
23,rotate_45,none,rotate_45,rotate_45,1.0,dual,1,0.9596456692913384,0.9980818309574933,0.0,0.1657536410839068,0.9873248947079288,0.9230769230769232,0.6180334036168306,0.5546875
23,rotate_45,none,rotate_45,rotate_45,1.0,geometry,1,0.8464566929133859,0.9324381626578848,0.0010987771241753,0.7404137305811702,0.8467027559055117,0.5384615384615384,0.028491385566569,0.7265625
23,rotate_45,none,rotate_45,rotate_45,1.0,rank,1,0.8874261811023622,0.997299107253694,0.0,0.4950440808459702,0.9219865867057316,0.9230769230769232,1.3563594798789724,0.5859375
23,rotate_45,none,rotate_45,rotate_45,1.0,target_only,1,0.7550442913385826,0.9119023614891756,0.1165515256523701,1.0513336211855138,0.6839177806262589,0.6153846153846154,0.4726320402883363,0.671875
23,rotate_45,none,rotate_45,rotate_45,1.0,value,1,0.9745324803149606,0.9984558518944254,0.0010987771241753,0.1139962807579,0.994186046511628,1.0,1.0771439448988076,0.578125
23,roughness,none,roughness,roughness,0.35,dual,1,0.5516732283464567,0.1878217041553255,1.059514324003044,1.2629240992121364,0.1289198406885185,0.0,32.12170362067201,0.2421875
23,roughness,none,roughness,roughness,0.35,geometry,1,0.5509350393700787,0.216101542361277,0.9493181781680768,1.3295818576248946,0.1247768265885368,0.0,42.85105315573385,0.2421875
23,roughness,none,roughness,roughness,0.35,rank,1,0.546136811023622,0.1749479260169954,1.0616780900523808,1.2877128894311358,0.1177382805347005,0.0,33.44293937469362,0.25
23,roughness,none,roughness,roughness,0.35,target_only,1,0.5452755905511811,0.2124586492052252,0.9493181781680768,1.326693803346404,0.1079930415674784,0.0,12.968011255469897,0.3828125
23,roughness,none,roughness,roughness,0.35,value,1,0.5568405511811023,0.1935158535535188,1.059514324003044,1.2275526669347998,0.1383961270829518,0.0,28.15021952211656,0.265625
23,roughness,none,roughness,roughness,0.7,dual,1,0.422244094488189,0.1802210884952264,0.984288986651608,1.6282127134369453,-0.2489241897088445,0.0,47.75521381514668,0.2265625
23,roughness,none,roughness,roughness,0.7,geometry,1,0.4105561023622047,0.1775676603766694,0.984288986651608,1.604047686881819,-0.2935645943966306,0.0,56.47764597158477,0.1796875
23,roughness,none,roughness,roughness,0.7,rank,1,0.4259350393700787,0.1809554135546966,0.984288986651608,1.6027792008912305,-0.2284036806445706,0.0,47.140465314241496,0.234375
23,roughness,none,roughness,roughness,0.7,target_only,1,0.4232283464566929,0.1868704762810534,1.008123819710823,1.5535634841562511,-0.242503662332906,0.0,17.528886623575552,0.296875
23,roughness,none,roughness,roughness,0.7,value,1,0.3978838582677165,0.1794846470615145,0.984288986651608,1.6673338999930678,-0.3187316883354696,0.0,45.41508543110979,0.2265625
23,roughness,none,roughness,roughness,1.0,dual,1,0.5375246062992126,0.2513861011625193,1.036532553403324,1.4053801275823394,0.0989631019959714,0.0769230769230769,22.29572351397688,0.2421875
23,roughness,none,roughness,roughness,1.0,geometry,1,0.4430364173228346,0.140187244617097,1.036532553403324,1.436477779119416,-0.1743785478850027,0.0,28.463067533513662,0.25
23,roughness,none,roughness,roughness,1.0,rank,1,0.4929872047244094,0.2042600337902796,1.036532553403324,1.4957418908565452,-0.0274846639809558,0.0769230769230769,23.838587493337958,0.2421875
23,roughness,none,roughness,roughness,1.0,target_only,1,0.4491879921259842,0.2044158098575513,1.036532553403324,1.6808789002757991,-0.1608450833180736,0.0,10.340348373304886,0.28125
23,roughness,none,roughness,roughness,1.0,value,1,0.5812007874015748,0.5100344059145272,0.4235740009640838,1.2816433028592125,0.2212392418970884,0.0769230769230769,18.973370450786497,0.2421875
23,scale_0.7,none,scale_0.7,scale_0.7,0.35,dual,1,0.9445127952755904,0.9275584018696568,0.0036429432423742,0.1879026971185389,0.9811904870902765,0.3846153846153846,2.060503860920688,0.359375
23,scale_0.7,none,scale_0.7,scale_0.7,0.35,geometry,1,0.8810285433070866,0.8477686511959369,0.0380512266475286,0.3964288746839122,0.9236804156747848,0.3846153846153846,-1.6621381844436105,0.453125
23,scale_0.7,none,scale_0.7,scale_0.7,0.35,rank,1,0.8921013779527559,0.9116381342885764,0.0223114196183869,0.4268729572734954,0.9332024812305438,0.3846153846153846,2.924006302209687,0.453125
23,scale_0.7,none,scale_0.7,scale_0.7,0.35,target_only,1,0.9025590551181102,0.8703627756146552,0.0380512266475286,0.3255862942986949,0.9492881340413843,0.3846153846153846,-2.925762406650715,1.0
23,scale_0.7,none,scale_0.7,scale_0.7,0.35,value,1,0.984128937007874,0.9953216787130744,0.0005244772099717,0.0307079867396378,0.9974077549899284,0.9230769230769232,-5.373367370885492,1.0
23,scale_0.7,none,scale_0.7,scale_0.7,0.7,dual,1,0.921628937007874,0.9799269137174138,0.0014050885164493,0.157711397375978,0.9592164896539096,0.6923076923076923,-2.4441968110553933,0.6171875
23,scale_0.7,none,scale_0.7,scale_0.7,0.7,geometry,1,0.6943897637795275,0.8954185686844119,0.0589273552266812,0.659673872712138,0.5861449368247573,0.3846153846153846,0.3907384393133342,0.4765625
23,scale_0.7,none,scale_0.7,scale_0.7,0.7,rank,1,0.8564222440944882,0.938614949494747,0.0146662795296869,0.3535313717014108,0.8680244002929866,0.4615384615384615,-1.669998827411717,0.6171875
23,scale_0.7,none,scale_0.7,scale_0.7,0.7,target_only,1,0.6765501968503937,0.9130954139197692,0.0514576601472707,0.6236381968678417,0.5612639626442043,0.5384615384615384,-1.9740574942494375,1.0
23,scale_0.7,none,scale_0.7,scale_0.7,0.7,value,1,0.966535433070866,0.9996321240516624,0.0,0.0554763122977309,0.9897454678630287,1.0,-4.447288345117671,1.0
23,scale_0.7,none,scale_0.7,scale_0.7,1.0,dual,1,0.8784448818897638,0.9950196376065976,0.0022145379699338,0.1478770613870697,0.9011971250686688,0.9230769230769232,-1.0137052345891109,0.5703125
23,scale_0.7,none,scale_0.7,scale_0.7,1.0,geometry,1,0.8414124015748031,0.9330063845258636,0.0071332138597321,0.7934986459532402,0.8667368613806996,0.3846153846153846,-0.0688047706076551,0.7109375
23,scale_0.7,none,scale_0.7,scale_0.7,1.0,rank,1,0.8385826771653543,0.979815128628122,0.0022145379699338,0.3135583400813614,0.8400075535616187,0.6923076923076923,-0.4011720217628483,0.5859375
23,scale_0.7,none,scale_0.7,scale_0.7,1.0,target_only,1,0.7528297244094488,0.9045040579212856,0.0798371287637412,0.6931767624233888,0.7183494323383995,0.5384615384615384,-1.5525229476122793,1.0
23,scale_0.7,none,scale_0.7,scale_0.7,1.0,value,1,0.9591535433070866,0.9996796824979564,0.0,0.0513069981666536,0.985379280351584,1.0,-4.103956222781728,1.0
23,scale_1.5,none,scale_1.5,scale_1.5,0.35,dual,1,0.875246062992126,0.9479011542563024,0.0,0.7362492045357052,0.9102728438015016,0.6153846153846154,-1.7041367698111043,0.8515625
23,scale_1.5,none,scale_1.5,scale_1.5,0.35,geometry,1,0.6373031496062992,0.8139340734254727,0.2802647154977483,1.088435205250812,0.4105818531404505,0.2307692307692307,-1.3129099076364834,0.671875
23,scale_1.5,none,scale_1.5,scale_1.5,0.35,rank,1,0.8011811023622047,0.9230192755437489,0.0449041668539648,1.5394997225758886,0.7690269639260209,0.6153846153846154,-0.5917772817295497,0.71875
23,scale_1.5,none,scale_1.5,scale_1.5,0.35,target_only,1,0.6622785433070866,0.708300782884683,0.5196995913722259,1.1888953897398784,0.4485613898553378,0.0769230769230769,-1.5188942196774573,1.0
23,scale_1.5,none,scale_1.5,scale_1.5,0.35,value,1,0.875738188976378,0.9479011542563024,0.0,0.7016384699245626,0.9122356253433436,0.6153846153846154,-1.7673783179917253,0.8515625
23,scale_1.5,none,scale_1.5,scale_1.5,0.7,dual,1,0.87623031496063,0.9795713498593138,0.0,0.8887237774931482,0.919806354147592,0.8461538461538461,2.6672591314557432,0.328125
23,scale_1.5,none,scale_1.5,scale_1.5,0.7,geometry,1,0.8422736220472441,0.8077699544065183,0.2159543401411598,0.4908553988951821,0.8838697125068669,0.2307692307692307,-0.2225261605585162,0.703125
23,scale_1.5,none,scale_1.5,scale_1.5,0.7,rank,1,0.8222194881889764,0.947397473944412,0.0,1.010242332049567,0.8452549899285845,0.6153846153846154,1.3391005841303305,0.4765625
23,scale_1.5,none,scale_1.5,scale_1.5,0.7,target_only,1,0.8366141732283464,0.8540905085663516,0.0959796812508231,0.5321812962316091,0.8726423731917232,0.3076923076923077,-0.6571551378319034,1.0
23,scale_1.5,none,scale_1.5,scale_1.5,0.7,value,1,0.8767224409448819,0.9795713498593138,0.0,0.8843051982411175,0.9205216535433072,0.8461538461538461,2.691782541254467,0.328125
23,scale_1.5,none,scale_1.5,scale_1.5,1.0,dual,1,0.7988435039370079,0.6246815874733112,0.3059423385494632,0.7453844635243744,0.7985373557956418,0.0,2.657917927842837,0.6484375
23,scale_1.5,none,scale_1.5,scale_1.5,1.0,geometry,1,0.8647883858267716,0.8018780789857903,0.1592283335371,0.5493961933820068,0.9054488646767992,0.2307692307692307,0.9614107935340584,0.40625
23,scale_1.5,none,scale_1.5,scale_1.5,1.0,rank,1,0.6601870078740157,0.6256108085990978,0.4783307247985253,1.0672273377700463,0.4852362204724409,0.3846153846153846,3.072176110148389,0.5078125
23,scale_1.5,none,scale_1.5,scale_1.5,1.0,target_only,1,0.8298474409448819,0.931395250354187,0.0480048285889182,0.7831700361037398,0.8390633583592747,0.6153846153846154,0.3417373447706039,0.84375
23,scale_1.5,none,scale_1.5,scale_1.5,1.0,value,1,0.8008120078740157,0.6278902319382292,0.3059423385494632,0.740649582248971,0.8033441677348471,0.0,2.6418166235235505,0.640625
37,identity,identity_label_permutation,identity_label_permutation,identity_label_permutation,0.35,dual,1,0.5551181102362205,0.646255966977058,0.4940417116578769,1.4275418832709537,0.1592313678813404,0.0,-1.5869861877976907,0.8203125
37,identity,identity_label_permutation,identity_label_permutation,identity_label_permutation,0.35,geometry,1,0.5083661417322834,0.6951292128729946,0.3216849579192233,1.4243485466458,0.0321541384361838,0.0769230769230769,-0.0754432712212709,0.515625
37,identity,identity_label_permutation,identity_label_permutation,identity_label_permutation,0.35,rank,1,0.5551181102362205,0.646255966977058,0.4940417116578769,1.4275418832709537,0.1592313678813404,0.0,-1.5869861877976907,0.8203125
37,identity,identity_label_permutation,identity_label_permutation,identity_label_permutation,0.35,target_only,1,0.5551181102362205,0.646255966977058,0.4940417116578769,1.4275418832709537,0.1592313678813404,0.0,-1.5869861877976907,0.8203125
37,identity,identity_label_permutation,identity_label_permutation,identity_label_permutation,0.35,value,1,0.5551181102362205,0.646255966977058,0.4940417116578769,1.4275418832709537,0.1592313678813404,0.0,-1.5869861877976907,0.8203125
37,identity,identity_label_permutation,identity_label_permutation,identity_label_permutation,0.7,dual,1,0.7235482283464567,0.6063022161233397,0.9306006106421636,0.9617770642755108,0.6453488372093024,0.0,-1.3393222849763906,0.96875
37,identity,identity_label_permutation,identity_label_permutation,identity_label_permutation,0.7,geometry,1,0.734251968503937,0.8159537368183637,0.5796082124580628,1.09908473282948,0.6475233473722761,0.3846153846153846,-0.445423734415276,0.6328125
37,identity,identity_label_permutation,identity_label_permutation,identity_label_permutation,0.7,rank,1,0.7235482283464567,0.6063022161233397,0.9306006106421636,0.9617770642755108,0.6453488372093024,0.0,-1.3393222849763906,0.96875
37,identity,identity_label_permutation,identity_label_permutation,identity_label_permutation,0.7,target_only,1,0.7235482283464567,0.6063022161233397,0.9306006106421636,0.9617770642755108,0.6453488372093024,0.0,-1.3393222849763906,0.96875
37,identity,identity_label_permutation,identity_label_permutation,identity_label_permutation,0.7,value,1,0.7235482283464567,0.6063022161233397,0.9306006106421636,0.9617770642755108,0.6453488372093024,0.0,-1.3393222849763906,0.96875
37,identity,identity_label_permutation,identity_label_permutation,identity_label_permutation,1.0,dual,1,0.6483759842519685,0.8041704013928673,0.2901674751691013,1.0937275678049734,0.35157251419154,0.3076923076923077,0.2669720502956299,0.6484375
37,identity,identity_label_permutation,identity_label_permutation,identity_label_permutation,1.0,geometry,1,0.796875,0.9514368501066368,0.0165486255159099,0.7502170603070744,0.7638481963010437,0.6923076923076923,0.5231814309532764,0.5234375
37,identity,identity_label_permutation,identity_label_permutation,identity_label_permutation,1.0,rank,1,0.6483759842519685,0.8041704013928673,0.2901674751691013,1.0937275678049734,0.35157251419154,0.3076923076923077,0.2669720502956299,0.6484375
37,identity,identity_label_permutation,identity_label_permutation,identity_label_permutation,1.0,target_only,1,0.6483759842519685,0.8041704013928673,0.2901674751691013,1.0937275678049734,0.35157251419154,0.3076923076923077,0.2669720502956299,0.6484375
37,identity,identity_label_permutation,identity_label_permutation,identity_label_permutation,1.0,value,1,0.6483759842519685,0.8041704013928673,0.2901674751691013,1.0937275678049734,0.35157251419154,0.3076923076923077,0.2669720502956299,0.6484375
37,identity,none,identity,identity,0.35,dual,1,0.8797982283464567,0.9684967849445678,0.011379645751775,0.2895779118856508,0.9042586064823293,0.8461538461538461,-1.5544822738651314,0.5703125
37,identity,none,identity,identity,0.35,geometry,1,0.5083661417322834,0.6951292128729946,0.3216849579192233,1.4243485466458,0.0321541384361838,0.0769230769230769,-0.0754432712212709,0.515625
37,identity,none,identity,identity,0.35,rank,1,0.750246062992126,0.8751703761436764,0.103218916632675,0.8497933735451125,0.6387680827687237,0.4615384615384615,-0.5254760023912228,0.5546875
37,identity,none,identity,identity,0.35,target_only,1,0.5551181102362205,0.646255966977058,0.4940417116578769,1.4275418832709537,0.1592313678813404,0.0,-1.5869861877976907,0.8203125
37,identity,none,identity,identity,0.35,value,1,0.9349163385826772,0.9845729757195416,0.011379645751775,0.1177611110005829,0.9654481779893792,0.9230769230769232,-3.97609328688264,0.7578125
37,identity,none,identity,identity,0.7,dual,1,0.891363188976378,0.9934977813046922,0.0244875799034287,0.158977095064003,0.9087163523164256,1.0,-2.9710698357456407,0.7890625
37,identity,none,identity,identity,0.7,geometry,1,0.734251968503937,0.8159537368183637,0.5796082124580628,1.09908473282948,0.6475233473722761,0.3846153846153846,-0.445423734415276,0.6328125
37,identity,none,identity,identity,0.7,rank,1,0.827263779527559,0.987087383500016,0.0301955637367052,0.4625092014080685,0.8149091283647683,0.9230769230769232,-1.9077257591121035,0.7890625
37,identity,none,identity,identity,0.7,target_only,1,0.7235482283464567,0.6063022161233397,0.9306006106421636,0.9617770642755108,0.6453488372093024,0.0,-1.3393222849763906,0.96875
37,identity,none,identity,identity,0.7,value,1,0.9447588582677166,0.9996687483285436,0.0,0.0746763485526295,0.9754337575535617,1.0,-3.865115512694173,0.953125
37,identity,none,identity,identity,1.0,dual,1,0.969734251968504,0.999086339219725,0.0,0.186943155280354,0.9912104010254532,0.9230769230769232,0.3661926322662979,0.5390625
37,identity,none,identity,identity,1.0,geometry,1,0.796875,0.9514368501066368,0.0165486255159099,0.7502170603070744,0.7638481963010437,0.6923076923076923,0.5231814309532764,0.5234375
37,identity,none,identity,identity,1.0,rank,1,0.9296259842519684,0.9979288438867392,0.0010608100973205,0.535491483466167,0.9617343435268266,0.9230769230769232,1.2905615069079388,0.578125
37,identity,none,identity,identity,1.0,target_only,1,0.6483759842519685,0.8041704013928673,0.2901674751691013,1.0937275678049734,0.35157251419154,0.3076923076923077,0.2669720502956299,0.6484375
37,identity,none,identity,identity,1.0,value,1,0.9789616141732284,0.999033499825813,0.0,0.0969384577575942,0.9948040651895258,0.9230769230769232,-1.811766747575678,0.6015625
37,independent_expert,none,independent_expert,independent_expert,0.35,dual,1,0.5551181102362205,0.646255966977058,0.4940417116578769,1.4275418832709537,0.1592313678813404,0.0,-1.5869861877976907,0.8203125
37,independent_expert,none,independent_expert,independent_expert,0.35,geometry,1,0.5083661417322834,0.6951292128729946,0.3216849579192233,1.4243485466458,0.0321541384361838,0.0769230769230769,-0.0754432712212709,0.515625
37,independent_expert,none,independent_expert,independent_expert,0.35,rank,1,0.5551181102362205,0.646255966977058,0.4940417116578769,1.4275418832709537,0.1592313678813404,0.0,-1.5869861877976907,0.8203125
37,independent_expert,none,independent_expert,independent_expert,0.35,target_only,1,0.5551181102362205,0.646255966977058,0.4940417116578769,1.4275418832709537,0.1592313678813404,0.0,-1.5869861877976907,0.8203125
37,independent_expert,none,independent_expert,independent_expert,0.35,value,1,0.5551181102362205,0.646255966977058,0.4940417116578769,1.427541883476618,0.1592313678813404,0.0,-1.5869861877527298,0.8203125
37,independent_expert,none,independent_expert,independent_expert,0.7,dual,1,0.7235482283464567,0.6063022161233397,0.9306006106421636,0.9617770642755108,0.6453488372093024,0.0,-1.3393222849763906,0.96875
37,independent_expert,none,independent_expert,independent_expert,0.7,geometry,1,0.734251968503937,0.8159537368183637,0.5796082124580628,1.09908473282948,0.6475233473722761,0.3846153846153846,-0.445423734415276,0.6328125
37,independent_expert,none,independent_expert,independent_expert,0.7,rank,1,0.7235482283464567,0.6063022161233397,0.9306006106421636,0.9617770642755108,0.6453488372093024,0.0,-1.3393222849763906,0.96875
37,independent_expert,none,independent_expert,independent_expert,0.7,target_only,1,0.7235482283464567,0.6063022161233397,0.9306006106421636,0.9617770642755108,0.6453488372093024,0.0,-1.3393222849763906,0.96875
37,independent_expert,none,independent_expert,independent_expert,0.7,value,1,0.7235482283464567,0.6063022161233397,0.9306006106421636,0.9617770642400906,0.6453488372093024,0.0,-1.3393222850150897,0.96875
37,independent_expert,none,independent_expert,independent_expert,1.0,dual,1,0.6483759842519685,0.8041704013928673,0.2901674751691013,1.0937275678049734,0.35157251419154,0.3076923076923077,0.2669720502956299,0.6484375
37,independent_expert,none,independent_expert,independent_expert,1.0,geometry,1,0.796875,0.9514368501066368,0.0165486255159099,0.7502170603070744,0.7638481963010437,0.6923076923076923,0.5231814309532764,0.5234375
37,independent_expert,none,independent_expert,independent_expert,1.0,rank,1,0.6483759842519685,0.8041704013928673,0.2901674751691013,1.0937275678049734,0.35157251419154,0.3076923076923077,0.2669720502956299,0.6484375
37,independent_expert,none,independent_expert,independent_expert,1.0,target_only,1,0.6483759842519685,0.8041704013928673,0.2901674751691013,1.0937275678049734,0.35157251419154,0.3076923076923077,0.2669720502956299,0.6484375
37,independent_expert,none,independent_expert,independent_expert,1.0,value,1,0.6483759842519685,0.8041704013928673,0.2901674751691013,1.0937275677928742,0.35157251419154,0.3076923076923077,0.2669720502012668,0.6484375
37,output_affine,none,output_affine,output_affine,0.35,dual,1,0.8797982283464567,0.9684967849445678,0.0113796457517743,0.2895779118856499,0.9042586064823293,0.8461538461538461,-0.6381915419909729,0.5703125
37,output_affine,none,output_affine,output_affine,0.35,geometry,1,0.5083661417322834,0.6951292128729946,0.3216849579192236,1.4243485466458017,0.0321541384361838,0.0769230769230769,0.8408474606528904,0.515625
37,output_affine,none,output_affine,output_affine,0.35,rank,1,0.750246062992126,0.8751703761436764,0.1032189166326734,0.8497933735451156,0.6387680827687237,0.4615384615384615,0.3908147294829701,0.5546875
37,output_affine,none,output_affine,output_affine,0.35,target_only,1,0.5551181102362205,0.646255966977058,0.4940417116578765,1.4275418832709548,0.1592313678813404,0.0,-0.6706954559235346,0.8203125
37,output_affine,none,output_affine,output_affine,0.35,value,1,0.9349163385826772,0.9845729757195416,0.0113796457517743,0.1177611110005845,0.9654481779893792,0.9230769230769232,-3.059802555008469,0.7578125
37,output_affine,none,output_affine,output_affine,0.7,dual,1,0.891363188976378,0.9934977813046922,0.0244875799034287,0.1589770950640024,0.9087163523164256,1.0,-2.054779103871474,0.7890625
37,output_affine,none,output_affine,output_affine,0.7,geometry,1,0.734251968503937,0.8159537368183637,0.5796082124580635,1.099084732829481,0.6475233473722761,0.3846153846153846,0.470866997458879,0.6328125
37,output_affine,none,output_affine,output_affine,0.7,rank,1,0.827263779527559,0.987087383500016,0.0301955637367046,0.4625092014080693,0.8149091283647683,0.9230769230769232,-0.9914350272379502,0.7890625
37,output_affine,none,output_affine,output_affine,0.7,target_only,1,0.7235482283464567,0.6063022161233397,0.9306006106421636,0.9617770642755116,0.6453488372093024,0.0,-0.4230315531022361,0.96875
37,output_affine,none,output_affine,output_affine,0.7,value,1,0.9447588582677166,0.9996687483285436,0.0,0.0746763485526302,0.9754337575535617,1.0,-2.9488247808200048,0.953125
37,output_affine,none,output_affine,output_affine,1.0,dual,1,0.969734251968504,0.999086339219725,0.0,0.186943155280354,0.9912104010254532,0.9230769230769232,1.2824833641404574,0.5390625
37,output_affine,none,output_affine,output_affine,1.0,geometry,1,0.796875,0.9514368501066368,0.0165486255159097,0.7502170603070745,0.7638481963010437,0.6923076923076923,1.4394721628274327,0.5234375
37,output_affine,none,output_affine,output_affine,1.0,rank,1,0.9296259842519684,0.9979288438867392,0.0010608100973205,0.5354914834661673,0.9617343435268266,0.9230769230769232,2.20685223878209,0.578125
37,output_affine,none,output_affine,output_affine,1.0,target_only,1,0.6483759842519685,0.8041704013928673,0.2901674751691012,1.0937275678049736,0.35157251419154,0.3076923076923077,1.1832627821697854,0.6484375
37,output_affine,none,output_affine,output_affine,1.0,value,1,0.9789616141732284,0.999033499825813,0.0,0.0969384577575945,0.9948040651895258,0.9230769230769232,-0.8954760157015378,0.6015625
37,reversal,none,reversal,reversal,0.35,dual,1,0.5551181102362205,0.4590974426920682,0.1638683143241343,1.4275418832709537,0.1592313678813404,0.0,-1.5869861877976907,0.8203125
37,reversal,none,reversal,reversal,0.35,geometry,1,0.5551181102362205,0.4590974426920682,0.1638683143241343,1.4275418832709537,0.1592313678813404,0.0,-1.5869861877976907,0.8203125
37,reversal,none,reversal,reversal,0.35,rank,1,0.5551181102362205,0.4590974426920682,0.1638683143241343,1.4275418832709537,0.1592313678813404,0.0,-1.5869861877976907,0.8203125
37,reversal,none,reversal,reversal,0.35,target_only,1,0.5551181102362205,0.4590974426920682,0.1638683143241343,1.4275418832709537,0.1592313678813404,0.0,-1.5869861877976907,0.8203125
37,reversal,none,reversal,reversal,0.35,value,1,0.5551181102362205,0.4590974426920682,0.1638683143241343,1.4275418832709537,0.1592313678813404,0.0,-1.5869861877976907,0.8203125
37,reversal,none,reversal,reversal,0.7,dual,1,0.7235482283464567,0.936033789426111,0.0027583899491924,0.9617770642755108,0.6453488372093024,0.6153846153846154,-1.3393222849763906,0.96875
37,reversal,none,reversal,reversal,0.7,geometry,1,0.7235482283464567,0.936033789426111,0.0027583899491924,0.9617770642755108,0.6453488372093024,0.6153846153846154,-1.3393222849763906,0.96875
37,reversal,none,reversal,reversal,0.7,rank,1,0.7235482283464567,0.936033789426111,0.0027583899491924,0.9617770642755108,0.6453488372093024,0.6153846153846154,-1.3393222849763906,0.96875
37,reversal,none,reversal,reversal,0.7,target_only,1,0.7235482283464567,0.936033789426111,0.0027583899491924,0.9617770642755108,0.6453488372093024,0.6153846153846154,-1.3393222849763906,0.96875
37,reversal,none,reversal,reversal,0.7,value,1,0.7235482283464567,0.936033789426111,0.0027583899491924,0.9617770642755108,0.6453488372093024,0.6153846153846154,-1.3393222849763906,0.96875
37,reversal,none,reversal,reversal,1.0,dual,1,0.6483759842519685,0.948670033177997,4.975665567784561e-05,1.0937275678049734,0.35157251419154,0.6153846153846154,0.2669720502956299,0.6484375
37,reversal,none,reversal,reversal,1.0,geometry,1,0.6483759842519685,0.948670033177997,4.975665567784561e-05,1.0937275678049734,0.35157251419154,0.6153846153846154,0.2669720502956299,0.6484375
37,reversal,none,reversal,reversal,1.0,rank,1,0.6483759842519685,0.948670033177997,4.975665567784561e-05,1.0937275678049734,0.35157251419154,0.6153846153846154,0.2669720502956299,0.6484375
37,reversal,none,reversal,reversal,1.0,target_only,1,0.6483759842519685,0.948670033177997,4.975665567784561e-05,1.0937275678049734,0.35157251419154,0.6153846153846154,0.2669720502956299,0.6484375
37,reversal,none,reversal,reversal,1.0,value,1,0.6483759842519685,0.948670033177997,4.975665567784561e-05,1.0937275678049734,0.35157251419154,0.6153846153846154,0.2669720502956299,0.6484375
37,rotate_45,none,rotate_45,rotate_45,0.35,dual,1,0.8623277559055118,0.9796030617366314,0.0050039138223265,0.3299234855381296,0.8782732100347921,0.8461538461538461,-1.6970088727787769,0.6640625
37,rotate_45,none,rotate_45,rotate_45,0.35,geometry,1,0.7892470472440944,0.7941776527080643,0.210456982903963,0.7790629083026277,0.7745490752609412,0.3846153846153846,-2.1788692028171948,0.9140625
37,rotate_45,none,rotate_45,rotate_45,0.35,rank,1,0.7597194881889764,0.837977579220326,0.1279840729736368,0.8208678873726968,0.7037287126899835,0.4615384615384615,-0.6853393454974552,0.6640625
37,rotate_45,none,rotate_45,rotate_45,0.35,target_only,1,0.78248031496063,0.6638759912940188,0.4155466134312803,0.857388985121544,0.7477625434902032,0.1538461538461538,-2.0187742690134005,1.0
37,rotate_45,none,rotate_45,rotate_45,0.35,value,1,0.922613188976378,0.9987579486556144,0.0,0.0890581340824545,0.9489447903314412,0.9230769230769232,-4.405695590731437,1.0
37,rotate_45,none,rotate_45,rotate_45,0.7,dual,1,0.8158218503937008,0.9979651810869714,0.0,0.4150935776179375,0.7839853048892145,0.9230769230769232,0.3235354291060539,0.40625
37,rotate_45,none,rotate_45,rotate_45,0.7,geometry,1,0.8517470472440944,0.8910726898837945,0.1158575148870504,1.1618221360264498,0.8870399194286759,0.4615384615384615,-0.7533972209776282,0.765625
37,rotate_45,none,rotate_45,rotate_45,0.7,rank,1,0.7545521653543307,0.9907335096502478,0.0132888812367803,1.0502998178010925,0.6587964658487456,0.8461538461538461,1.544688961387228,0.3671875
37,rotate_45,none,rotate_45,rotate_45,0.7,target_only,1,0.8140994094488189,0.6598423528082997,0.7630216336706165,1.5590749604370306,0.8129635140084234,0.1538461538461538,-0.9349983536028176,0.9140625
37,rotate_45,none,rotate_45,rotate_45,0.7,value,1,0.9315944881889764,0.9990881975750656,0.0,0.129605620083086,0.9632736678264052,0.9230769230769232,-3.390070046682382,0.828125
37,rotate_45,none,rotate_45,rotate_45,1.0,dual,1,0.9479576771653544,0.992847062106858,0.0069501114076862,0.1301091788365907,0.9797885002746748,0.9230769230769232,-1.003291416402375,0.5546875
37,rotate_45,none,rotate_45,rotate_45,1.0,geometry,1,0.8970226377952756,0.8856307131603132,0.0838079560833322,0.4703668012944253,0.9354857169016664,0.4615384615384615,-0.6013972507412126,0.765625
37,rotate_45,none,rotate_45,rotate_45,1.0,rank,1,0.9046505905511812,0.9937578017199729,0.0069501114076862,0.3303331922747686,0.9403497527925287,0.9230769230769232,0.2007350766704794,0.515625
37,rotate_45,none,rotate_45,rotate_45,1.0,target_only,1,0.8483021653543307,0.76537672749699,0.244627284382931,0.5769444540207495,0.8829369620948544,0.3076923076923077,-0.6779507719399542,0.9375
37,rotate_45,none,rotate_45,rotate_45,1.0,value,1,0.9733021653543308,0.9937907463098468,0.0069501114076862,0.0495493631734205,0.9925379967039004,0.9230769230769232,-2.8612414828087456,0.8828125
37,roughness,none,roughness,roughness,0.35,dual,1,0.483882874015748,0.2328585867641572,0.9400124273479028,2.28329326745607,-0.0399766526277238,0.1538461538461538,43.06475387758044,0.2890625
37,roughness,none,roughness,roughness,0.35,geometry,1,0.5369094488188977,0.1738214130535683,1.0267460819812142,2.467307019458976,0.0785112616736861,0.0769230769230769,28.65600786518554,0.359375
37,roughness,none,roughness,roughness,0.35,rank,1,0.4964320866141732,0.1816074715838194,1.003152136188943,2.4267962501108067,-0.0084691448452664,0.0769230769230769,35.0830764749964,0.3125
37,roughness,none,roughness,roughness,0.35,target_only,1,0.5349409448818898,0.1737077951524851,1.0267460819812142,2.479800347659918,0.0763310291155466,0.0769230769230769,18.170640375104654,0.3984375
37,roughness,none,roughness,roughness,0.35,value,1,0.483267716535433,0.2339714219499432,0.9400124273479028,2.2818849792443348,-0.0402341604101812,0.1538461538461538,43.12548753360055,0.2890625
37,roughness,none,roughness,roughness,0.7,dual,1,0.5292814960629921,0.4035111317213343,0.2730900764580883,1.7086783109214008,0.0667803515839589,0.0,15.970730890621278,0.2109375
37,roughness,none,roughness,roughness,0.7,geometry,1,0.4984005905511811,0.2847720705239838,0.7016529599311944,1.749582731863943,-0.0081258011353232,0.0,9.741607125501584,0.234375
37,roughness,none,roughness,roughness,0.7,rank,1,0.5359251968503937,0.4503920857620656,0.2730900764580883,1.7442116821029372,0.0852179088079106,0.0,11.856295228904232,0.21875
37,roughness,none,roughness,roughness,0.7,target_only,1,0.499138779527559,0.0920966955437745,0.9172054446939972,1.7402902278220995,-0.008291750595129,0.0,5.663234875447018,0.328125
37,roughness,none,roughness,roughness,0.7,value,1,0.5287893700787402,0.402942379208442,0.2730900764580883,1.708237005887891,0.0655271470426661,0.0,16.007549113471555,0.2109375
37,roughness,none,roughness,roughness,1.0,dual,1,0.5724655511811023,0.4432353125382371,0.6353546365701602,1.5495632869294105,0.2224123329060611,0.1538461538461538,9.720523190348857,0.3203125
37,roughness,none,roughness,roughness,1.0,geometry,1,0.453494094488189,0.3028166924889618,0.5995041081490717,1.882333139786094,-0.1163076817432704,0.0,7.642792523670913,0.3671875
37,roughness,none,roughness,roughness,1.0,rank,1,0.4718257874015748,0.3353947344723002,0.4887022896513835,1.8482520465989023,-0.0712037630470609,0.0,8.927858716334706,0.28125
37,roughness,none,roughness,roughness,1.0,target_only,1,0.4512795275590551,0.211076904822314,0.913865493390237,2.194926738923748,-0.1287710584142098,0.0,5.98004726986631,0.375
37,roughness,none,roughness,roughness,1.0,value,1,0.5729576771653543,0.4394773560741397,0.6353546365701602,1.5472669570537172,0.2236254806811939,0.1538461538461538,9.729610925548862,0.3203125
37,scale_0.7,none,scale_0.7,scale_0.7,0.35,dual,1,0.9112942913385826,0.9466762150087876,0.0072566974209265,0.2995830903405824,0.953310977842886,0.6923076923076923,6.308130930567193,0.2734375
37,scale_0.7,none,scale_0.7,scale_0.7,0.35,geometry,1,0.7597194881889764,0.918043294871698,0.0205193621858133,0.7928432641434027,0.6739722578282366,0.6153846153846154,-0.1093438077886878,0.3671875
37,scale_0.7,none,scale_0.7,scale_0.7,0.35,rank,1,0.813361220472441,0.9455469109071184,0.0072566974209265,0.6202585802697925,0.8025201428309833,0.6923076923076923,6.998652637493981,0.296875
37,scale_0.7,none,scale_0.7,scale_0.7,0.35,target_only,1,0.7630413385826772,0.8766435418594668,0.0595523463069872,0.7821564580640631,0.6899835195019227,0.4615384615384615,-2.620561114445367,1.0
37,scale_0.7,none,scale_0.7,scale_0.7,0.35,value,1,0.9742864173228346,0.9848170834936828,0.0072566974209265,0.0710109554179606,0.9951302417139716,0.9230769230769232,-4.9335750632521655,1.0
37,scale_0.7,none,scale_0.7,scale_0.7,0.7,dual,1,0.937746062992126,0.982843964723618,0.0191752840480188,0.1790015404280649,0.9767956876030032,0.9230769230769232,-0.0426655208496953,0.46875
37,scale_0.7,none,scale_0.7,scale_0.7,0.7,geometry,1,0.6943897637795275,0.9346045263800776,0.0350714576053133,0.758390572939664,0.572840368064457,0.6923076923076923,1.530766281909361,0.3984375
37,scale_0.7,none,scale_0.7,scale_0.7,0.7,rank,1,0.889886811023622,0.959823472579027,0.0191752840480188,0.3769842480792075,0.9296832082036256,0.7692307692307693,0.8002398093522056,0.4609375
37,scale_0.7,none,scale_0.7,scale_0.7,0.7,target_only,1,0.7221948818897638,0.951861863240998,0.0612690838893886,0.6557189287150812,0.6260815326863212,0.6153846153846154,-1.995933518986525,1.0
37,scale_0.7,none,scale_0.7,scale_0.7,0.7,value,1,0.9731791338582676,0.9994446923201068,0.0,0.0538171236029791,0.993321964841604,0.9230769230769232,-4.452016211098711,0.9765625
37,scale_0.7,none,scale_0.7,scale_0.7,1.0,dual,1,0.8721702755905512,0.993756700115387,0.0244875799034285,0.1506121944937153,0.8792002380516389,1.0,-1.205512075355378,0.5
37,scale_0.7,none,scale_0.7,scale_0.7,1.0,geometry,1,0.7695620078740157,0.9456961928468316,0.0301955637367054,1.0347775744340502,0.7425265519135689,0.6923076923076923,1.4164657715700368,0.4765625
37,scale_0.7,none,scale_0.7,scale_0.7,1.0,rank,1,0.8065944881889764,0.991693198593344,0.0244875799034285,0.3156393959829375,0.7693245284746384,1.0,-0.4213059148860042,0.4609375
37,scale_0.7,none,scale_0.7,scale_0.7,1.0,target_only,1,0.656003937007874,0.8425858960570658,0.2384477392816917,0.8398667833056497,0.4404126991393517,0.3076923076923077,-1.592694394702741,0.96875
37,scale_0.7,none,scale_0.7,scale_0.7,1.0,value,1,0.9437746062992126,0.9993405388377866,0.0,0.0632570772505155,0.973688427028017,0.9230769230769232,-4.176840344037522,0.9609375
37,scale_1.5,none,scale_1.5,scale_1.5,0.35,dual,1,0.702755905511811,0.5515173825947389,0.831527401083662,1.323135233408628,0.5299910730635414,0.2307692307692307,-1.5351633879168791,0.8828125
37,scale_1.5,none,scale_1.5,scale_1.5,0.35,geometry,1,0.6336122047244095,0.80535280778841,0.4646158856406026,1.329985151734062,0.4169966581212232,0.3846153846153846,-1.0329905417640637,0.7890625
37,scale_1.5,none,scale_1.5,scale_1.5,0.35,rank,1,0.8362450787401575,0.9337259312717796,0.0112560866495262,1.0798255629294369,0.8681388481963008,0.3076923076923077,-1.798658854516343,1.0
37,scale_1.5,none,scale_1.5,scale_1.5,0.35,target_only,1,0.6427165354330708,0.7607837394105293,0.4646158856406026,1.398870450936152,0.4389992675334188,0.3076923076923077,-1.3009478098172038,1.0
37,scale_1.5,none,scale_1.5,scale_1.5,0.35,value,1,0.702755905511811,0.5515173825947389,0.831527401083662,1.3231352334086257,0.5299910730635414,0.2307692307692307,-1.535163387916882,0.8828125
37,scale_1.5,none,scale_1.5,scale_1.5,0.7,dual,1,0.8631889763779528,0.9021376033835788,0.0,0.4678752167276472,0.8941986357809923,0.3076923076923077,-0.4683834243071263,0.7890625
37,scale_1.5,none,scale_1.5,scale_1.5,0.7,geometry,1,0.8172982283464567,0.8566639973764323,0.1499701781097435,0.5733936598710697,0.8278245742537996,0.4615384615384615,-0.4904103824696896,0.75
37,scale_1.5,none,scale_1.5,scale_1.5,0.7,rank,1,0.8545767716535433,0.9251223118237054,0.0010723830395349,0.630250570106614,0.8912630470609777,0.3076923076923077,-0.271606196352355,0.796875
37,scale_1.5,none,scale_1.5,scale_1.5,0.7,target_only,1,0.780388779527559,0.9360350046535364,0.0,0.710054540611511,0.7379314685954954,0.3076923076923077,-0.4272242128595083,0.90625
37,scale_1.5,none,scale_1.5,scale_1.5,0.7,value,1,0.8631889763779528,0.9021376033835788,0.0,0.4678752167276473,0.8941986357809923,0.3076923076923077,-0.4683834243071254,0.7890625
37,scale_1.5,none,scale_1.5,scale_1.5,1.0,dual,1,0.8170521653543307,0.8562724743195219,0.1455387232418427,0.7987392051087558,0.8157560428492949,0.3076923076923077,0.7461898631891439,0.6328125
37,scale_1.5,none,scale_1.5,scale_1.5,1.0,geometry,1,0.8218503937007874,0.8726392468681268,0.1385958477203826,0.6559465739858182,0.8295584599890129,0.4615384615384615,0.4070401872581337,0.6328125
37,scale_1.5,none,scale_1.5,scale_1.5,1.0,rank,1,0.6833169291338582,0.8532041257187115,0.0694536014380604,1.1916931026529691,0.4788156930965025,0.3076923076923077,1.7955647878513252,0.4921875
37,scale_1.5,none,scale_1.5,scale_1.5,1.0,target_only,1,0.6657234251968503,0.860599082542263,0.1455387232418427,1.1038131527580188,0.4267590642739424,0.3076923076923077,0.5695455050944799,0.8125
37,scale_1.5,none,scale_1.5,scale_1.5,1.0,value,1,0.8170521653543307,0.8562724743195219,0.1455387232418427,0.7987392051087557,0.8157560428492949,0.3076923076923077,0.7461898631891453,0.6328125
53,identity,identity_label_permutation,identity_label_permutation,identity_label_permutation,0.35,dual,1,0.5948572834645669,0.7979287304969918,0.2938834239690353,1.2017598219460677,0.2511215894524812,0.3076923076923077,-1.7855597178147726,1.0
53,identity,identity_label_permutation,identity_label_permutation,identity_label_permutation,0.35,geometry,1,0.7294537401574803,0.8474227890516071,0.1578909218393515,0.9263722310338328,0.638533464566929,0.3846153846153846,-1.5271425699740124,0.6953125
53,identity,identity_label_permutation,identity_label_permutation,identity_label_permutation,0.35,rank,1,0.5948572834645669,0.7979287304969918,0.2938834239690353,1.2017598219460677,0.2511215894524812,0.3076923076923077,-1.7855597178147726,1.0
53,identity,identity_label_permutation,identity_label_permutation,identity_label_permutation,0.35,target_only,1,0.5948572834645669,0.7979287304969918,0.2938834239690353,1.2017598219460677,0.2511215894524812,0.3076923076923077,-1.7855597178147726,1.0
53,identity,identity_label_permutation,identity_label_permutation,identity_label_permutation,0.35,value,1,0.5948572834645669,0.7979287304969918,0.2938834239690353,1.2017598219460677,0.2511215894524812,0.3076923076923077,-1.7855597178147726,1.0
53,identity,identity_label_permutation,identity_label_permutation,identity_label_permutation,0.7,dual,1,0.6651082677165354,0.7368707470506365,0.72190838973063,1.415914071515613,0.46883011353232,0.1538461538461538,-1.0198104846238372,0.9140625
53,identity,identity_label_permutation,identity_label_permutation,identity_label_permutation,0.7,geometry,1,0.796751968503937,0.794734013513653,0.6087306978753939,0.9525670930005038,0.7976274949642921,0.3076923076923077,-1.028658256555268,0.734375
53,identity,identity_label_permutation,identity_label_permutation,identity_label_permutation,0.7,rank,1,0.6651082677165354,0.7368707470506365,0.72190838973063,1.415914071515613,0.46883011353232,0.1538461538461538,-1.0198104846238372,0.9140625
53,identity,identity_label_permutation,identity_label_permutation,identity_label_permutation,0.7,target_only,1,0.6651082677165354,0.7368707470506365,0.72190838973063,1.415914071515613,0.46883011353232,0.1538461538461538,-1.0198104846238372,0.9140625
53,identity,identity_label_permutation,identity_label_permutation,identity_label_permutation,0.7,value,1,0.6651082677165354,0.7368707470506365,0.72190838973063,1.415914071515613,0.46883011353232,0.1538461538461538,-1.0198104846238372,0.9140625
53,identity,identity_label_permutation,identity_label_permutation,identity_label_permutation,1.0,dual,1,0.6916830708661418,0.761294910401467,0.3003789982797126,0.90202888136548,0.5505058597326498,0.1538461538461538,-0.0844775564536963,0.78125
53,identity,identity_label_permutation,identity_label_permutation,identity_label_permutation,1.0,geometry,1,0.7921998031496063,0.8185901652481612,0.2280676938874363,0.6576505377494881,0.7802543032411646,0.1538461538461538,0.0934755496232358,0.5546875
53,identity,identity_label_permutation,identity_label_permutation,identity_label_permutation,1.0,rank,1,0.6916830708661418,0.761294910401467,0.3003789982797126,0.90202888136548,0.5505058597326498,0.1538461538461538,-0.0844775564536963,0.78125
53,identity,identity_label_permutation,identity_label_permutation,identity_label_permutation,1.0,target_only,1,0.6916830708661418,0.761294910401467,0.3003789982797126,0.90202888136548,0.5505058597326498,0.1538461538461538,-0.0844775564536963,0.78125
53,identity,identity_label_permutation,identity_label_permutation,identity_label_permutation,1.0,value,1,0.6916830708661418,0.761294910401467,0.3003789982797126,0.90202888136548,0.5505058597326498,0.1538461538461538,-0.0844775564536963,0.78125
53,identity,none,identity,identity,0.35,dual,1,0.9249507874015748,0.99209520784238,0.0011007090205831,0.1026429212910579,0.9414770646401756,0.9230769230769232,-3.8312152751321538,0.8828125
53,identity,none,identity,identity,0.35,geometry,1,0.7294537401574803,0.8474227890516071,0.1578909218393515,0.9263722310338328,0.638533464566929,0.3846153846153846,-1.5271425699740124,0.6953125
53,identity,none,identity,identity,0.35,rank,1,0.8629429133858267,0.9617306296627256,0.0011007090205831,0.2799615508052261,0.8639672221204907,0.6923076923076923,-2.7498839763734293,0.8828125
53,identity,none,identity,identity,0.35,target_only,1,0.5948572834645669,0.7979287304969918,0.2938834239690353,1.2017598219460677,0.2511215894524812,0.3076923076923077,-1.7855597178147726,1.0
53,identity,none,identity,identity,0.35,value,1,0.953494094488189,0.997396583237726,0.0,0.1009591131914362,0.97927348470976,0.9230769230769232,-4.21255073990579,0.890625
53,identity,none,identity,identity,0.7,dual,1,0.8662647637795275,0.9941734161044324,0.0042607634574691,0.2699946426239906,0.8684936366965758,0.8461538461538461,-1.8192094830030068,0.6171875
53,identity,none,identity,identity,0.7,geometry,1,0.796751968503937,0.794734013513653,0.6087306978753939,0.9525670930005038,0.7976274949642921,0.3076923076923077,-1.028658256555268,0.734375
53,identity,none,identity,identity,0.7,rank,1,0.8163139763779528,0.992687739198557,0.0042607634574691,0.7147184981555585,0.7845060428492949,0.8461538461538461,-0.80048310805183,0.625
53,identity,none,identity,identity,0.7,target_only,1,0.6651082677165354,0.7368707470506365,0.72190838973063,1.415914071515613,0.46883011353232,0.1538461538461538,-1.0198104846238372,0.9140625
53,identity,none,identity,identity,0.7,value,1,0.9121555118110236,0.9985088229148088,0.0006439030352435,0.1217141745844274,0.9408704907526094,0.9230769230769232,-3.348756481946425,0.78125
53,identity,none,identity,identity,1.0,dual,1,0.9477116141732284,0.9890274859633416,0.0029033060696643,0.1552126182302362,0.9814937740340596,0.8461538461538461,-0.1450426830248359,0.5546875
53,identity,none,identity,identity,1.0,geometry,1,0.7921998031496063,0.8185901652481612,0.2280676938874363,0.6576505377494881,0.7802543032411646,0.1538461538461538,0.0934755496232358,0.5546875
53,identity,none,identity,identity,1.0,rank,1,0.8873031496062992,0.9881645053378796,0.0029033060696643,0.4147074853737304,0.9192169474455228,0.8461538461538461,0.7670788033936764,0.5546875
53,identity,none,identity,identity,1.0,target_only,1,0.6916830708661418,0.761294910401467,0.3003789982797126,0.90202888136548,0.5505058597326498,0.1538461538461538,-0.0844775564536963,0.78125
53,identity,none,identity,identity,1.0,value,1,0.9657972440944882,0.9953042412619868,0.0004394849265373,0.0775485676254306,0.9914049624610876,0.8461538461538461,-2.277499391165441,0.7421875
53,independent_expert,none,independent_expert,independent_expert,0.35,dual,1,0.687253937007874,0.895990531414182,0.114191392181471,3.129653209611986,0.5039827870353415,0.5384615384615384,17.817750549947554,0.1953125
53,independent_expert,none,independent_expert,independent_expert,0.35,geometry,1,0.7294537401574803,0.8474227890516071,0.1578909218393515,0.9263722310338328,0.638533464566929,0.3846153846153846,-1.5271425699740124,0.6953125
53,independent_expert,none,independent_expert,independent_expert,0.35,rank,1,0.6889763779527559,0.8999299100752047,0.0392599668719144,3.0606570538261253,0.5061458524079839,0.5384615384615384,16.45543951630605,0.2578125
53,independent_expert,none,independent_expert,independent_expert,0.35,target_only,1,0.5948572834645669,0.7979287304969918,0.2938834239690353,1.2017598219460677,0.2511215894524812,0.3076923076923077,-1.7855597178147726,1.0
53,independent_expert,none,independent_expert,independent_expert,0.35,value,1,0.6761811023622047,0.8946587641070581,0.114191392181471,2.972963883055098,0.4877082951840322,0.5384615384615384,15.53728193211107,0.203125
53,independent_expert,none,independent_expert,independent_expert,0.7,dual,1,0.4609990157480315,0.5269147973979121,0.923444818171834,3.0854868321173345,-0.1369140267350302,0.0,4.390353800699179,0.3046875
53,independent_expert,none,independent_expert,independent_expert,0.7,geometry,1,0.796751968503937,0.794734013513653,0.6087306978753939,0.9525670930005038,0.7976274949642921,0.3076923076923077,-1.028658256555268,0.734375
53,independent_expert,none,independent_expert,independent_expert,0.7,rank,1,0.4592765748031496,0.5271888132200705,0.923444818171834,2.9691597471523017,-0.1466592657022523,0.0,3.443001048872984,0.3203125
53,independent_expert,none,independent_expert,independent_expert,0.7,target_only,1,0.6651082677165354,0.7368707470506365,0.72190838973063,1.415914071515613,0.46883011353232,0.1538461538461538,-1.0198104846238372,0.9140625
53,independent_expert,none,independent_expert,independent_expert,0.7,value,1,0.4789616141732283,0.5151159889064939,0.923444818171834,2.9783895064978547,-0.080908945248123,0.0,4.551984740625098,0.3125
53,independent_expert,none,independent_expert,independent_expert,1.0,dual,1,0.6138041338582677,0.3512322145985571,0.7703186444950234,1.57566307408051,0.3323052096685588,0.1538461538461538,8.61250115814972,0.3515625
53,independent_expert,none,independent_expert,independent_expert,1.0,geometry,1,0.7921998031496063,0.8185901652481612,0.2280676938874363,0.6576505377494881,0.7802543032411646,0.1538461538461538,0.0934755496232358,0.5546875
53,independent_expert,none,independent_expert,independent_expert,1.0,rank,1,0.609621062992126,0.2829081407299748,0.7703186444950234,1.5605829124043955,0.317146584874565,0.0,8.018269040513033,0.40625
53,independent_expert,none,independent_expert,independent_expert,1.0,target_only,1,0.6916830708661418,0.761294910401467,0.3003789982797126,0.90202888136548,0.5505058597326498,0.1538461538461538,-0.0844775564536963,0.78125
53,independent_expert,none,independent_expert,independent_expert,1.0,value,1,0.6329970472440944,0.3905039994879617,0.7703186444950234,1.518873354746435,0.3868224684123786,0.1538461538461538,8.118052636894266,0.375
53,output_affine,none,output_affine,output_affine,0.35,dual,1,0.9249507874015748,0.99209520784238,0.0011007090205824,0.1026429212910581,0.9414770646401756,0.9230769230769232,-2.914924543258008,0.8828125
53,output_affine,none,output_affine,output_affine,0.35,geometry,1,0.7294537401574803,0.8474227890516071,0.1578909218393505,0.926372231033834,0.638533464566929,0.3846153846153846,-0.6108518380998509,0.6953125
53,output_affine,none,output_affine,output_affine,0.35,rank,1,0.8629429133858267,0.9617306296627256,0.0011007090205824,0.2799615508052249,0.8639672221204907,0.6923076923076923,-1.8335932444992884,0.8828125
53,output_affine,none,output_affine,output_affine,0.35,target_only,1,0.5948572834645669,0.7979287304969918,0.293883423969035,1.201759821946068,0.2511215894524812,0.3076923076923077,-0.8692689859406169,1.0
53,output_affine,none,output_affine,output_affine,0.35,value,1,0.953494094488189,0.997396583237726,0.0,0.1009591131914368,0.97927348470976,0.9230769230769232,-3.296260008031634,0.890625
53,output_affine,none,output_affine,output_affine,0.7,dual,1,0.8662647637795275,0.9941734161044324,0.0042607634574701,0.2699946426239901,0.8684936366965758,0.8461538461538461,-0.9029187511288636,0.6171875
53,output_affine,none,output_affine,output_affine,0.7,geometry,1,0.796751968503937,0.794734013513653,0.608730697875394,0.952567093000504,0.7976274949642921,0.3076923076923077,-0.1123675246811143,0.734375
53,output_affine,none,output_affine,output_affine,0.7,rank,1,0.8163139763779528,0.992687739198557,0.0042607634574701,0.7147184981555598,0.7845060428492949,0.8461538461538461,0.1158076238223343,0.625
53,output_affine,none,output_affine,output_affine,0.7,target_only,1,0.6651082677165354,0.7368707470506365,0.7219083897306304,1.415914071515614,0.46883011353232,0.1538461538461538,-0.1035197527496814,0.9140625
53,output_affine,none,output_affine,output_affine,0.7,value,1,0.9121555118110236,0.9985088229148088,0.0006439030352436,0.1217141745844282,0.9408704907526094,0.9230769230769232,-2.432465750072252,0.78125
53,output_affine,none,output_affine,output_affine,1.0,dual,1,0.9477116141732284,0.9890274859633416,0.0029033060696642,0.1552126182302361,0.9814937740340596,0.8461538461538461,0.7712480488493247,0.5546875
53,output_affine,none,output_affine,output_affine,1.0,geometry,1,0.7921998031496063,0.8185901652481612,0.2280676938874361,0.6576505377494886,0.7802543032411646,0.1538461538461538,1.009766281497397,0.5546875
53,output_affine,none,output_affine,output_affine,1.0,rank,1,0.8873031496062992,0.9881645053378796,0.0029033060696642,0.4147074853737306,0.9192169474455228,0.8461538461538461,1.6833695352678433,0.5546875
53,output_affine,none,output_affine,output_affine,1.0,target_only,1,0.6916830708661418,0.761294910401467,0.3003789982797124,0.90202888136548,0.5505058597326498,0.1538461538461538,0.8318131754204593,0.78125
53,output_affine,none,output_affine,output_affine,1.0,value,1,0.9657972440944882,0.9953042412619868,0.0004394849265372,0.077548567625431,0.9914049624610876,0.8461538461538461,-1.3612086592912724,0.7421875
53,reversal,none,reversal,reversal,0.35,dual,1,0.5948572834645669,0.305895144493205,0.403315533718759,1.2017598219460677,0.2511215894524812,0.0,-1.7855597178147726,1.0
53,reversal,none,reversal,reversal,0.35,geometry,1,0.5948572834645669,0.305895144493205,0.403315533718759,1.2017598219460677,0.2511215894524812,0.0,-1.7855597178147726,1.0
53,reversal,none,reversal,reversal,0.35,rank,1,0.5948572834645669,0.305895144493205,0.403315533718759,1.2017598219460677,0.2511215894524812,0.0,-1.7855597178147726,1.0
53,reversal,none,reversal,reversal,0.35,target_only,1,0.5948572834645669,0.305895144493205,0.403315533718759,1.2017598219460677,0.2511215894524812,0.0,-1.7855597178147726,1.0
53,reversal,none,reversal,reversal,0.35,value,1,0.5948572834645669,0.305895144493205,0.403315533718759,1.2017598219460677,0.2511215894524812,0.0,-1.7855597178147726,1.0
53,reversal,none,reversal,reversal,0.7,dual,1,0.6651082677165354,0.9021530497484131,0.0018869241880566,1.415914071515613,0.46883011353232,0.4615384615384615,-1.0198104846238372,0.9140625
53,reversal,none,reversal,reversal,0.7,geometry,1,0.6651082677165354,0.9021530497484131,0.0018869241880566,1.415914071515613,0.46883011353232,0.4615384615384615,-1.0198104846238372,0.9140625
53,reversal,none,reversal,reversal,0.7,rank,1,0.6651082677165354,0.9021530497484131,0.0018869241880566,1.415914071515613,0.46883011353232,0.4615384615384615,-1.0198104846238372,0.9140625
53,reversal,none,reversal,reversal,0.7,target_only,1,0.6651082677165354,0.9021530497484131,0.0018869241880566,1.415914071515613,0.46883011353232,0.4615384615384615,-1.0198104846238372,0.9140625
53,reversal,none,reversal,reversal,0.7,value,1,0.6651082677165354,0.9021530497484131,0.0018869241880566,1.415914071515613,0.46883011353232,0.4615384615384615,-1.0198104846238372,0.9140625
53,reversal,none,reversal,reversal,1.0,dual,1,0.6916830708661418,0.8642085177247033,0.0011669987173924,0.90202888136548,0.5505058597326498,0.3846153846153846,-0.0844775564536963,0.78125
53,reversal,none,reversal,reversal,1.0,geometry,1,0.6916830708661418,0.8642085177247033,0.0011669987173924,0.90202888136548,0.5505058597326498,0.3846153846153846,-0.0844775564536963,0.78125
53,reversal,none,reversal,reversal,1.0,rank,1,0.6916830708661418,0.8642085177247033,0.0011669987173924,0.90202888136548,0.5505058597326498,0.3846153846153846,-0.0844775564536963,0.78125
53,reversal,none,reversal,reversal,1.0,target_only,1,0.6916830708661418,0.8642085177247033,0.0011669987173924,0.90202888136548,0.5505058597326498,0.3846153846153846,-0.0844775564536963,0.78125
53,reversal,none,reversal,reversal,1.0,value,1,0.6916830708661418,0.8642085177247033,0.0011669987173924,0.90202888136548,0.5505058597326498,0.3846153846153846,-0.0844775564536963,0.78125
53,rotate_45,none,rotate_45,rotate_45,0.35,dual,1,0.8796751968503937,0.9923428814019822,5.744598978936771e-05,0.159395772022137,0.8987307727522431,0.9230769230769232,-3.040474255358168,0.640625
53,rotate_45,none,rotate_45,rotate_45,0.35,geometry,1,0.8458415354330708,0.8413780525296694,0.0855454819909582,0.5496111057398914,0.8840471067570042,0.3846153846153846,-2.385143245960836,0.9375
53,rotate_45,none,rotate_45,rotate_45,0.35,rank,1,0.827386811023622,0.9813378080296205,5.744598978936771e-05,0.3870193196655556,0.8327401117011537,0.8461538461538461,-2.1770049192980823,0.671875
53,rotate_45,none,rotate_45,rotate_45,0.35,target_only,1,0.8320620078740157,0.8677455634143502,0.0855454819909582,0.5449938724741408,0.8591432429957883,0.5384615384615384,-2.151406994228508,1.0
53,rotate_45,none,rotate_45,rotate_45,0.35,value,1,0.9267962598425196,0.9963662616915122,5.744598978936771e-05,0.0578576750802141,0.9532022523347372,1.0,-4.503943699490659,1.0
53,rotate_45,none,rotate_45,rotate_45,0.7,dual,1,0.8077017716535433,0.9947693038077774,0.0001528876313557,0.3512793836053123,0.7639168650430324,0.9230769230769232,-0.2905206314201681,0.484375
53,rotate_45,none,rotate_45,rotate_45,0.7,geometry,1,0.7798966535433071,0.784155824238666,0.5279061743528429,0.9322986320621208,0.7651414576084966,0.3846153846153846,-0.6403364017773334,0.65625
53,rotate_45,none,rotate_45,rotate_45,0.7,rank,1,0.7646407480314961,0.9846725261267052,0.0028201863423925,0.8662125377179238,0.6714486815601538,0.7692307692307693,0.5142504689980365,0.4765625
53,rotate_45,none,rotate_45,rotate_45,0.7,target_only,1,0.7754675196850394,0.9266092214354362,0.0152867710348596,1.258014304050707,0.7470357993041568,0.5384615384615384,-0.997871686246468,0.8984375
53,rotate_45,none,rotate_45,rotate_45,0.7,value,1,0.9028051181102362,0.9971852610295524,0.0,0.1074199595494948,0.924864951474089,0.9230769230769232,-3.327115094642795,0.8359375
53,rotate_45,none,rotate_45,rotate_45,1.0,dual,1,0.9251968503937008,0.9955324336196244,0.0001043933691498,0.207207640377863,0.959308047976561,0.9230769230769232,3.500833738144704,0.3515625
53,rotate_45,none,rotate_45,rotate_45,1.0,geometry,1,0.7673474409448819,0.8779617484893042,0.1022185653190153,0.6873673223387967,0.7479056033693462,0.3846153846153846,0.6753753610789788,0.46875
53,rotate_45,none,rotate_45,rotate_45,1.0,rank,1,0.8495324803149606,0.981463053513866,0.0019304796311455,0.5110830869448095,0.8622962827321002,0.7692307692307693,3.9512926224827183,0.34375
53,rotate_45,none,rotate_45,rotate_45,1.0,target_only,1,0.7727608267716536,0.949280198433794,0.0,0.8790675846137541,0.7232649697857535,0.5384615384615384,0.0814111808007966,0.7578125
53,rotate_45,none,rotate_45,rotate_45,1.0,value,1,0.9582923228346456,0.9943286721185224,0.0,0.0801216997753564,0.9853048892144296,0.8461538461538461,-1.5066438708579268,0.65625
53,roughness,none,roughness,roughness,0.35,dual,1,0.4555856299212598,0.578905063489062,0.2011434472945496,1.6041354581923526,-0.1385391869620948,0.3846153846153846,10.813314167808995,0.1640625
53,roughness,none,roughness,roughness,0.35,geometry,1,0.4468503937007874,0.184593250590761,1.0256424137238709,1.4343828386912014,-0.1495261856802783,0.0769230769230769,8.018350685969114,0.2109375
53,roughness,none,roughness,roughness,0.35,rank,1,0.4500492125984252,0.4888361409813264,0.5315836043836784,1.578191980093023,-0.1503673777696392,0.3846153846153846,9.635161060744512,0.2109375
53,roughness,none,roughness,roughness,0.35,target_only,1,0.4421751968503937,0.1638206211837035,0.8778763838642452,1.3497607229737187,-0.1623329060611609,0.0,1.896881737816408,0.4921875
53,roughness,none,roughness,roughness,0.35,value,1,0.452878937007874,0.6302328540546014,0.2011434472945496,1.593909360347991,-0.1389626442043581,0.3846153846153846,10.6341322006757,0.1640625
53,roughness,none,roughness,roughness,0.7,dual,1,0.6179872047244095,0.561799385447091,0.406735736932802,1.2221185314152885,0.3546454403955319,0.1538461538461538,9.0399875589472,0.3046875
53,roughness,none,roughness,roughness,0.7,geometry,1,0.6202017716535433,0.430256878452291,0.9590728598902774,1.2033163637082434,0.3467771470426662,0.0,8.863857230339878,0.3359375
53,roughness,none,roughness,roughness,0.7,rank,1,0.6278297244094488,0.5984963177939842,0.0039433926686857,1.2315456622173722,0.3797953671488738,0.1538461538461538,8.471464727944296,0.3125
53,roughness,none,roughness,roughness,0.7,target_only,1,0.6183562992125984,0.430256878452291,0.9590728598902774,1.188280417822837,0.3447228071781725,0.0,2.62214461406001,0.5703125
53,roughness,none,roughness,roughness,0.7,value,1,0.6044537401574803,0.4290437985406563,0.406735736932802,1.212283136014354,0.3212209302325581,0.0,8.813790398829497,0.3203125
53,roughness,none,roughness,roughness,1.0,dual,1,0.6684301181102362,0.7891131452211209,0.0624863164311356,0.885096192587094,0.4863692547152536,0.4615384615384615,3.424980191606396,0.4765625
53,roughness,none,roughness,roughness,1.0,geometry,1,0.5970718503937008,0.606419583836297,0.0624863164311356,0.8917762117764555,0.3059821919062442,0.2307692307692307,3.798690222082656,0.5078125
53,roughness,none,roughness,roughness,1.0,rank,1,0.6545275590551181,0.7669063152738609,0.0624863164311356,0.8782878395420505,0.4519948269547701,0.3076923076923077,3.178637589763441,0.5
53,roughness,none,roughness,roughness,1.0,target_only,1,0.5693897637795275,0.6584375307087582,0.0624863164311356,1.1312520066377745,0.2204781633400475,0.2307692307692307,1.7256099540286194,0.59375
53,roughness,none,roughness,roughness,1.0,value,1,0.6659694881889764,0.7463995095330427,0.0624863164311356,0.9168218551006256,0.4756855429408533,0.3846153846153846,3.561703917428132,0.46875
53,scale_0.7,none,scale_0.7,scale_0.7,0.35,dual,1,0.9381151574803148,0.9541443914891188,0.0006942693314977,0.2549182828479204,0.975239196117927,0.6153846153846154,8.920965114634505,0.140625
53,scale_0.7,none,scale_0.7,scale_0.7,0.35,geometry,1,0.7055856299212598,0.9202415675969532,0.0245575633461575,0.8725002177134478,0.5397763687969236,0.5384615384615384,2.501523212132401,0.0234375
53,scale_0.7,none,scale_0.7,scale_0.7,0.35,rank,1,0.8743848425196851,0.942486073384338,0.0006942693314977,0.491151705882366,0.9069309650247208,0.5384615384615384,8.160835352124327,0.1640625
53,scale_0.7,none,scale_0.7,scale_0.7,0.35,target_only,1,0.6115895669291339,0.9019981538884222,0.0245575633461575,1.0639199998530648,0.2597967405237136,0.5384615384615384,-2.014039002333078,0.8671875
53,scale_0.7,none,scale_0.7,scale_0.7,0.35,value,1,0.9774852362204725,0.9875933731214076,0.0,0.1264016150669185,0.9959828785936642,0.8461538461538461,-3.404794540783605,0.5390625
53,scale_0.7,none,scale_0.7,scale_0.7,0.7,dual,1,0.939714566929134,0.989544325723934,0.0,0.1346341077251139,0.9777799395715068,0.8461538461538461,-0.4424970329580183,0.46875
53,scale_0.7,none,scale_0.7,scale_0.7,0.7,geometry,1,0.7266240157480315,0.9373137500451152,0.0018522716557501,0.7200726456099371,0.6299784837941769,0.5384615384615384,-0.4156464892765489,0.40625
53,scale_0.7,none,scale_0.7,scale_0.7,0.7,rank,1,0.8997293307086615,0.968382689062015,0.0,0.2878922350547853,0.9449848928767624,0.6923076923076923,0.2571666861039057,0.4609375
53,scale_0.7,none,scale_0.7,scale_0.7,0.7,target_only,1,0.6861466535433071,0.9132846697683372,0.0654152327320738,0.8799933491664605,0.5452527009705181,0.5384615384615384,-2.026822190760184,0.9453125
53,scale_0.7,none,scale_0.7,scale_0.7,0.7,value,1,0.9761318897637796,0.9995045744824363,0.0,0.081784726108777,0.9948956235121772,1.0,-4.472837390133774,0.8828125
53,scale_0.7,none,scale_0.7,scale_0.7,1.0,dual,1,0.9013287401574804,0.9973217272542024,0.0029304966539432,0.1094066687979549,0.9329163614722578,1.0,-2.066335547155967,0.5546875
53,scale_0.7,none,scale_0.7,scale_0.7,1.0,geometry,1,0.7588582677165354,0.903672565793696,0.1000464600543056,0.8889129074763138,0.7119403497527924,0.3846153846153846,0.841570068999047,0.5390625
53,scale_0.7,none,scale_0.7,scale_0.7,1.0,rank,1,0.8396899606299213,0.9936197868698918,0.0029304966539432,0.2272454657146889,0.8410547518769456,0.9230769230769232,-1.3163763600470304,0.546875
53,scale_0.7,none,scale_0.7,scale_0.7,1.0,target_only,1,0.7769438976377953,0.894516120125961,0.2775158775513555,0.7619913329345764,0.7300231184764695,0.3846153846153846,-1.5775188932325053,0.9921875
53,scale_0.7,none,scale_0.7,scale_0.7,1.0,value,1,0.9499261811023622,0.9993440438385592,0.0,0.0709286190580074,0.9792963742904228,1.0,-3.9499630959411576,0.890625
53,scale_1.5,none,scale_1.5,scale_1.5,0.35,dual,1,0.7871555118110236,0.9772077863236066,0.0,0.8368752996129252,0.749284700604285,0.7692307692307693,-1.7476411438023525,0.9140625
53,scale_1.5,none,scale_1.5,scale_1.5,0.35,geometry,1,0.6344734251968503,0.8979885573171501,0.0690199075471601,1.2363159820397145,0.4295000915583226,0.4615384615384615,-1.3594077545549852,0.890625
53,scale_1.5,none,scale_1.5,scale_1.5,0.35,rank,1,0.8398129921259843,0.9676016285788196,0.0,1.348969741662919,0.859498031496063,0.6923076923076923,-0.9697692459462264,0.7421875
53,scale_1.5,none,scale_1.5,scale_1.5,0.35,target_only,1,0.6708907480314961,0.8915315312391624,0.230540576754522,1.2393632035497903,0.5423113898553378,0.4615384615384615,-1.4207759281531502,1.0
53,scale_1.5,none,scale_1.5,scale_1.5,0.35,value,1,0.7871555118110236,0.9772077863236066,0.0,0.8368752996369054,0.749284700604285,0.7692307692307693,-1.7476411438777444,0.9140625
53,scale_1.5,none,scale_1.5,scale_1.5,0.7,dual,1,0.827632874015748,0.8275097997207301,0.0535966336635499,0.7384633192480022,0.8502449185130928,0.3076923076923077,0.7312706156854338,0.609375
53,scale_1.5,none,scale_1.5,scale_1.5,0.7,geometry,1,0.8826279527559056,0.9040085392266248,0.0637647942827044,0.4467509938149034,0.9251052920710492,0.3846153846153846,-1.1038420975456074,0.96875
53,scale_1.5,none,scale_1.5,scale_1.5,0.7,rank,1,0.8001968503937008,0.9011724206901728,0.0004464789975062,0.9444410073365131,0.7874473539644752,0.5384615384615384,0.3946318877182537,0.5546875
53,scale_1.5,none,scale_1.5,scale_1.5,0.7,target_only,1,0.8219734251968503,0.821113130861272,0.254797844197386,0.7610940849423623,0.8339532594762863,0.3076923076923077,-0.4495274555897764,1.0
53,scale_1.5,none,scale_1.5,scale_1.5,0.7,value,1,0.827632874015748,0.8275097997207301,0.0535966336635499,0.7384633192176365,0.8502449185130928,0.3076923076923077,0.7312706157613242,0.609375
53,scale_1.5,none,scale_1.5,scale_1.5,1.0,dual,1,0.7641486220472441,0.9139376348012362,0.128163792758724,0.8484494895209358,0.6915457333821644,0.4615384615384615,2.2372445514730304,0.71875
53,scale_1.5,none,scale_1.5,scale_1.5,1.0,geometry,1,0.8558070866141733,0.8277193309350964,0.1598061943395296,0.4506211433335353,0.8940326863211865,0.2307692307692307,-0.4258026507239579,0.984375
53,scale_1.5,none,scale_1.5,scale_1.5,1.0,rank,1,0.6980807086614174,0.8342906468002742,0.128163792758724,1.1203319681400488,0.5238337758652262,0.3076923076923077,2.230135483006332,0.5390625
53,scale_1.5,none,scale_1.5,scale_1.5,1.0,target_only,1,0.8219734251968503,0.8187824930053371,0.1595596791863154,0.8244753423419992,0.8335298022340231,0.3076923076923077,0.2849224813521233,0.875
53,scale_1.5,none,scale_1.5,scale_1.5,1.0,value,1,0.7641486220472441,0.9139376348012362,0.128163792758724,0.8484494894761,0.6915457333821644,0.4615384615384615,2.2372445514215955,0.71875
71,identity,identity_label_permutation,identity_label_permutation,identity_label_permutation,0.35,dual,1,0.7020177165354331,0.987284740004926,0.004265878692998,3.290893648686923,0.5617503662332906,0.8461538461538461,17.284936426070118,0.3203125
71,identity,identity_label_permutation,identity_label_permutation,identity_label_permutation,0.35,geometry,1,0.9048966535433072,0.9683532686292204,0.0,0.4382123756837128,0.9526300128181652,0.7692307692307693,-2.3655592048339056,0.8828125
71,identity,identity_label_permutation,identity_label_permutation,identity_label_permutation,0.35,rank,1,0.7149360236220472,0.9871623726117568,0.004265878692998,2.987996363561296,0.595306491485076,0.8461538461538461,9.826630452159284,0.3046875
71,identity,identity_label_permutation,identity_label_permutation,identity_label_permutation,0.35,target_only,1,0.9085875984251968,0.953965995386866,0.0,0.4964978839168781,0.95445545687603,0.5384615384615384,-2.1338692656424154,1.0
71,identity,identity_label_permutation,identity_label_permutation,identity_label_permutation,0.35,value,1,0.6924212598425197,0.939159681336951,0.004265878692998,3.398043859444165,0.527461774400293,0.7692307692307693,22.42355900540505,0.5078125
71,identity,identity_label_permutation,identity_label_permutation,identity_label_permutation,0.7,dual,1,0.6610482283464567,0.5878716132678566,0.9368162277887668,3.2229354905469627,0.4831361014466215,0.2307692307692307,10.857162572563036,0.2734375
71,identity,identity_label_permutation,identity_label_permutation,identity_label_permutation,0.7,geometry,1,0.8801673228346457,0.8139459545643349,0.293644409873075,1.427357709336381,0.9215917414392968,0.3076923076923077,0.3724715576125526,0.421875
71,identity,identity_label_permutation,identity_label_permutation,identity_label_permutation,0.7,rank,1,0.6811023622047244,0.6093824677839754,0.9368162277887668,3.140238520924224,0.5494414942318256,0.3076923076923077,9.291320639661013,0.28125
71,identity,identity_label_permutation,identity_label_permutation,identity_label_permutation,0.7,target_only,1,0.8823818897637795,0.9187060358643984,0.0851780864022008,1.8231776377399664,0.9274686412744918,0.4615384615384615,-0.4039970586291144,0.7421875
71,identity,identity_label_permutation,identity_label_permutation,identity_label_permutation,0.7,value,1,0.6446850393700787,0.5492177065646352,0.9362290718284816,3.133984247729179,0.4389019868156015,0.0769230769230769,10.32521253412974,0.2734375
71,identity,identity_label_permutation,identity_label_permutation,identity_label_permutation,1.0,dual,1,0.6610482283464567,0.555378909615709,0.6688197725888259,1.5243106344638888,0.4783693462735762,0.1538461538461538,10.19351914024688,0.3203125
71,identity,identity_label_permutation,identity_label_permutation,identity_label_permutation,1.0,geometry,1,0.8623277559055118,0.8078945092387584,0.2067090870835566,0.4395935249781199,0.9026506134407616,0.3076923076923077,-0.7936391116822428,0.765625
71,identity,identity_label_permutation,identity_label_permutation,identity_label_permutation,1.0,rank,1,0.6844242125984252,0.5826230201466813,0.6688197725888259,1.3806268707672782,0.5338880241713971,0.1538461538461538,7.364953177387777,0.34375
71,identity,identity_label_permutation,identity_label_permutation,identity_label_permutation,1.0,target_only,1,0.8537155511811023,0.8818090344379509,0.112859046234881,0.4995668499212354,0.8920355704083499,0.4615384615384615,-0.9097381186752048,0.9453125
71,identity,identity_label_permutation,identity_label_permutation,identity_label_permutation,1.0,value,1,0.6459153543307087,0.53124704688591,0.6688197725888259,1.562509595171085,0.434427073796008,0.2307692307692307,10.880714959694169,0.3359375
71,identity,none,identity,identity,0.35,dual,1,0.9338090551181102,0.9969797145596024,0.0,0.111335468922992,0.9611449368247572,0.9230769230769232,-3.746520054023036,0.8125
71,identity,none,identity,identity,0.35,geometry,1,0.9048966535433072,0.9683532686292204,0.0,0.4382123756837128,0.9526300128181652,0.7692307692307693,-2.3655592048339056,0.8828125
71,identity,none,identity,identity,0.35,rank,1,0.9048966535433072,0.9840206741599808,0.0,0.2817689108665022,0.9440292528840872,0.8461538461538461,-2.8605926209744457,0.8125
71,identity,none,identity,identity,0.35,target_only,1,0.9085875984251968,0.953965995386866,0.0,0.4964978839168781,0.95445545687603,0.5384615384615384,-2.1338692656424154,1.0
71,identity,none,identity,identity,0.35,value,1,0.955339566929134,0.998504491420878,0.0,0.0486300324100701,0.9770417505951292,0.9230769230769232,-4.576521576340715,1.0
71,identity,none,identity,identity,0.7,dual,1,0.9375,0.9969442019826732,0.0,0.3813573612226292,0.97153108405054,0.9230769230769232,0.7859817092372035,0.234375
71,identity,none,identity,identity,0.7,geometry,1,0.8801673228346457,0.8139459545643349,0.293644409873075,1.427357709336381,0.9215917414392968,0.3076923076923077,0.3724715576125526,0.421875
71,identity,none,identity,identity,0.7,rank,1,0.922613188976378,0.9897595250118482,0.0,0.9887060222137884,0.96247825489837,0.8461538461538461,1.5322230222182691,0.234375
71,identity,none,identity,identity,0.7,target_only,1,0.8823818897637795,0.9187060358643984,0.0851780864022008,1.8231776377399664,0.9274686412744918,0.4615384615384615,-0.4039970586291144,0.7421875
71,identity,none,identity,identity,0.7,value,1,0.9483267716535432,0.9995054202671037,0.0,0.1551093226747368,0.9785696301043764,1.0,-2.7492055707896994,0.7421875
71,identity,none,identity,identity,1.0,dual,1,0.9669045275590552,0.997171397349553,0.0,0.0974147674612937,0.990271928218275,0.9230769230769232,-1.778554143446733,0.75
71,identity,none,identity,identity,1.0,geometry,1,0.8623277559055118,0.8078945092387584,0.2067090870835566,0.4395935249781199,0.9026506134407616,0.3076923076923077,-0.7936391116822428,0.765625
71,identity,none,identity,identity,1.0,rank,1,0.9422982283464568,0.9956871026628884,0.0,0.2193732103181725,0.974649789415858,0.9230769230769232,-1.4558352402886623,0.828125
71,identity,none,identity,identity,1.0,target_only,1,0.8537155511811023,0.8818090344379509,0.112859046234881,0.4995668499212354,0.8920355704083499,0.4615384615384615,-0.9097381186752048,0.9453125
71,identity,none,identity,identity,1.0,value,1,0.9733021653543308,0.9986276991904134,0.0,0.0648995125352198,0.9941917689067936,1.0,-2.5024722933356687,0.8046875
71,independent_expert,none,independent_expert,independent_expert,0.35,dual,1,0.577755905511811,0.6246789454793796,0.5614813149065697,2.808845913738549,0.1990134590734297,0.0,5.496395718357826,0.3359375
71,independent_expert,none,independent_expert,independent_expert,0.35,geometry,1,0.9048966535433072,0.9683532686292204,0.0,0.4382123756837128,0.9526300128181652,0.7692307692307693,-2.3655592048339056,0.8828125
71,independent_expert,none,independent_expert,independent_expert,0.35,rank,1,0.5820620078740157,0.6214588556623297,0.5614813149065697,2.776004581867341,0.2058002197399743,0.0,5.268548381281557,0.328125
71,independent_expert,none,independent_expert,independent_expert,0.35,target_only,1,0.9085875984251968,0.953965995386866,0.0,0.4964978839168781,0.95445545687603,0.5384615384615384,-2.1338692656424154,1.0
71,independent_expert,none,independent_expert,independent_expert,0.35,value,1,0.578986220472441,0.6233491724302357,0.4389812418755674,2.587419434662564,0.2104639718000366,0.0,4.4223612416972005,0.4375
71,independent_expert,none,independent_expert,independent_expert,0.7,dual,1,0.6055610236220472,0.6182872262113372,0.6296459466671507,2.2177961656654506,0.3681274034059696,0.0,1.5157302630712706,0.5078125
71,independent_expert,none,independent_expert,independent_expert,0.7,geometry,1,0.8801673228346457,0.8139459545643349,0.293644409873075,1.427357709336381,0.9215917414392968,0.3076923076923077,0.3724715576125526,0.421875
71,independent_expert,none,independent_expert,independent_expert,0.7,rank,1,0.6131889763779528,0.611860670920973,0.6296459466671507,2.118919214617592,0.3874404870902765,0.0,1.2779732906964711,0.515625
71,independent_expert,none,independent_expert,independent_expert,0.7,target_only,1,0.8823818897637795,0.9187060358643984,0.0851780864022008,1.8231776377399664,0.9274686412744918,0.4615384615384615,-0.4039970586291144,0.7421875
71,independent_expert,none,independent_expert,independent_expert,0.7,value,1,0.6208169291338582,0.6240307155315438,0.6296459466671507,2.2747146901539548,0.4260151529023988,0.0,1.5380535389822008,0.5078125
71,independent_expert,none,independent_expert,independent_expert,1.0,dual,1,0.7293307086614174,0.6323844989414401,0.3015622665978399,1.1267982448733582,0.6239241897088444,0.1538461538461538,1.779608481439822,0.5
71,independent_expert,none,independent_expert,independent_expert,1.0,geometry,1,0.8623277559055118,0.8078945092387584,0.2067090870835566,0.4395935249781199,0.9026506134407616,0.3076923076923077,-0.7936391116822428,0.765625
71,independent_expert,none,independent_expert,independent_expert,1.0,rank,1,0.7316683070866141,0.6323844989414401,0.3015622665978399,1.1128682429098915,0.6298468687053652,0.1538461538461538,1.6725151711353794,0.5078125
71,independent_expert,none,independent_expert,independent_expert,1.0,target_only,1,0.8537155511811023,0.8818090344379509,0.112859046234881,0.4995668499212354,0.8920355704083499,0.4615384615384615,-0.9097381186752048,0.9453125
71,independent_expert,none,independent_expert,independent_expert,1.0,value,1,0.7333907480314961,0.6247449377686194,0.3015622665978399,1.0747445884338287,0.6373145943966306,0.1538461538461538,1.4401131107143674,0.5
71,output_affine,none,output_affine,output_affine,0.35,dual,1,0.9338090551181102,0.9969797145596024,0.0,0.1113354689229911,0.9611449368247572,0.9230769230769232,-2.830229322148893,0.8125
71,output_affine,none,output_affine,output_affine,0.35,geometry,1,0.9048966535433072,0.9683532686292204,0.0,0.4382123756837133,0.9526300128181652,0.7692307692307693,-1.4492684729597494,0.8828125
71,output_affine,none,output_affine,output_affine,0.35,rank,1,0.9048966535433072,0.9840206741599808,0.0,0.2817689108665016,0.9440292528840872,0.8461538461538461,-1.9443018891002963,0.8125
71,output_affine,none,output_affine,output_affine,0.35,target_only,1,0.9085875984251968,0.953965995386866,0.0,0.4964978839168765,0.95445545687603,0.5384615384615384,-1.2175785337682612,1.0
71,output_affine,none,output_affine,output_affine,0.35,value,1,0.955339566929134,0.998504491420878,0.0,0.0486300324100697,0.9770417505951292,0.9230769230769232,-3.660230844466555,1.0
71,output_affine,none,output_affine,output_affine,0.7,dual,1,0.9375,0.9969442019826732,0.0,0.3813573612226302,0.97153108405054,0.9230769230769232,1.7022724411113597,0.234375
71,output_affine,none,output_affine,output_affine,0.7,geometry,1,0.8801673228346457,0.8139459545643349,0.2936444098730756,1.4273577093363814,0.9215917414392968,0.3076923076923077,1.2887622894867077,0.421875
71,output_affine,none,output_affine,output_affine,0.7,rank,1,0.922613188976378,0.9897595250118482,0.0,0.9887060222137888,0.96247825489837,0.8461538461538461,2.448513754092432,0.234375
71,output_affine,none,output_affine,output_affine,0.7,target_only,1,0.8823818897637795,0.9187060358643984,0.0851780864022017,1.8231776377399664,0.9274686412744918,0.4615384615384615,0.5122936732450414,0.7421875
71,output_affine,none,output_affine,output_affine,0.7,value,1,0.9483267716535432,0.9995054202671037,0.0,0.1551093226747384,0.9785696301043764,1.0,-1.8329148389155303,0.7421875
71,output_affine,none,output_affine,output_affine,1.0,dual,1,0.9669045275590552,0.997171397349553,0.0,0.0974147674612938,0.990271928218275,0.9230769230769232,-0.8622634115725941,0.75
71,output_affine,none,output_affine,output_affine,1.0,geometry,1,0.8623277559055118,0.8078945092387584,0.2067090870835566,0.4395935249781194,0.9026506134407616,0.3076923076923077,0.1226516201919088,0.765625
71,output_affine,none,output_affine,output_affine,1.0,rank,1,0.9422982283464568,0.9956871026628884,0.0,0.2193732103181724,0.974649789415858,0.9230769230769232,-0.5395445084145086,0.828125
71,output_affine,none,output_affine,output_affine,1.0,target_only,1,0.8537155511811023,0.8818090344379509,0.1128590462348811,0.4995668499212352,0.8920355704083499,0.4615384615384615,0.0065526131989498,0.9453125
71,output_affine,none,output_affine,output_affine,1.0,value,1,0.9733021653543308,0.9986276991904134,0.0,0.0648995125352201,0.9941917689067936,1.0,-1.5861815614615236,0.8046875
71,reversal,none,reversal,reversal,0.35,dual,1,0.9085875984251968,0.8592404350073656,0.0047438239093209,0.4964978839168781,0.95445545687603,0.5384615384615384,-2.1338692656424154,1.0
71,reversal,none,reversal,reversal,0.35,geometry,1,0.9085875984251968,0.8592404350073656,0.0047438239093209,0.4964978839168781,0.95445545687603,0.5384615384615384,-2.1338692656424154,1.0
71,reversal,none,reversal,reversal,0.35,rank,1,0.9085875984251968,0.8592404350073656,0.0047438239093209,0.4964978839168781,0.95445545687603,0.5384615384615384,-2.1338692656424154,1.0
71,reversal,none,reversal,reversal,0.35,target_only,1,0.9085875984251968,0.8592404350073656,0.0047438239093209,0.4964978839168781,0.95445545687603,0.5384615384615384,-2.1338692656424154,1.0
71,reversal,none,reversal,reversal,0.35,value,1,0.9085875984251968,0.8592404350073656,0.0047438239093209,0.4964978839168781,0.95445545687603,0.5384615384615384,-2.1338692656424154,1.0
71,reversal,none,reversal,reversal,0.7,dual,1,0.8823818897637795,0.9509788980111186,0.0010741981680168,1.8231776377399664,0.9274686412744918,0.5384615384615384,-0.4039970586291144,0.7421875
71,reversal,none,reversal,reversal,0.7,geometry,1,0.8823818897637795,0.9509788980111186,0.0010741981680168,1.8231776377399664,0.9274686412744918,0.5384615384615384,-0.4039970586291144,0.7421875
71,reversal,none,reversal,reversal,0.7,rank,1,0.8823818897637795,0.9509788980111186,0.0010741981680168,1.8231776377399664,0.9274686412744918,0.5384615384615384,-0.4039970586291144,0.7421875
71,reversal,none,reversal,reversal,0.7,target_only,1,0.8823818897637795,0.9509788980111186,0.0010741981680168,1.8231776377399664,0.9274686412744918,0.5384615384615384,-0.4039970586291144,0.7421875
71,reversal,none,reversal,reversal,0.7,value,1,0.8823818897637795,0.9509788980111186,0.0010741981680168,1.8231776377399664,0.9274686412744918,0.5384615384615384,-0.4039970586291144,0.7421875
71,reversal,none,reversal,reversal,1.0,dual,1,0.8537155511811023,0.9179794669880456,1.222485846564628e-05,0.4995668499212354,0.8920355704083499,0.4615384615384615,-0.9097381186752048,0.9453125
71,reversal,none,reversal,reversal,1.0,geometry,1,0.8537155511811023,0.9179794669880456,1.222485846564628e-05,0.4995668499212354,0.8920355704083499,0.4615384615384615,-0.9097381186752048,0.9453125
71,reversal,none,reversal,reversal,1.0,rank,1,0.8537155511811023,0.9179794669880456,1.222485846564628e-05,0.4995668499212354,0.8920355704083499,0.4615384615384615,-0.9097381186752048,0.9453125
71,reversal,none,reversal,reversal,1.0,target_only,1,0.8537155511811023,0.9179794669880456,1.222485846564628e-05,0.4995668499212354,0.8920355704083499,0.4615384615384615,-0.9097381186752048,0.9453125
71,reversal,none,reversal,reversal,1.0,value,1,0.8537155511811023,0.9179794669880456,1.222485846564628e-05,0.4995668499212354,0.8920355704083499,0.4615384615384615,-0.9097381186752048,0.9453125
71,rotate_45,none,rotate_45,rotate_45,0.35,dual,1,0.8968996062992126,0.9906374558922292,0.0150807997420306,0.208878706665262,0.9049166819263872,0.9230769230769232,-2.763587057036208,0.625
71,rotate_45,none,rotate_45,rotate_45,0.35,geometry,1,0.8411663385826772,0.9868326800415866,0.0150807997420306,0.6721898516354362,0.8357901483244826,0.8461538461538461,-1.8016476120538347,0.703125
71,rotate_45,none,rotate_45,rotate_45,0.35,rank,1,0.8213582677165354,0.965684240295022,0.0153768794914718,0.5088565476013144,0.7889637886833913,0.6923076923076923,-1.4378549607823006,0.5
71,rotate_45,none,rotate_45,rotate_45,0.35,target_only,1,0.750861220472441,0.9425573944439656,0.0153768794914718,0.77191772988873,0.6456750137337484,0.5384615384615384,-2.0372412650045555,1.0
71,rotate_45,none,rotate_45,rotate_45,0.35,value,1,0.9445127952755904,0.9994499054422264,0.0,0.0758200254268949,0.963691402673503,0.9230769230769232,-4.448816374587192,1.0
71,rotate_45,none,rotate_45,rotate_45,0.7,dual,1,0.7828494094488189,0.9976186448587472,0.0008044625017409,0.3624240852375789,0.7267613532320087,0.9230769230769232,-0.2769359702827882,0.5078125
71,rotate_45,none,rotate_45,rotate_45,0.7,geometry,1,0.8115157480314961,0.933705146332177,0.0008044625017409,0.8708624824238648,0.8215070499908441,0.4615384615384615,-0.9905197931566732,0.765625
71,rotate_45,none,rotate_45,rotate_45,0.7,rank,1,0.718380905511811,0.996924684633172,0.0008044625017409,0.8476444698298686,0.6078957608496612,0.9230769230769232,1.0921194692242169,0.4921875
71,rotate_45,none,rotate_45,rotate_45,0.7,target_only,1,0.7944143700787402,0.9587697140229368,0.0029305634138096,0.9861462591073176,0.773570545687603,0.6923076923076923,-1.2216363130562264,1.0
71,rotate_45,none,rotate_45,rotate_45,0.7,value,1,0.8662647637795275,0.999779400822051,0.0,0.1221658085996736,0.8764420435817616,1.0,-3.323466226386334,0.828125
71,rotate_45,none,rotate_45,rotate_45,1.0,dual,1,0.9338090551181102,0.9961539474391344,0.0005491821260992,0.1877567560383552,0.9714967496795458,0.9230769230769232,1.1465873214225883,0.3671875
71,rotate_45,none,rotate_45,rotate_45,1.0,geometry,1,0.8005659448818898,0.9099415514733086,0.0636659722030317,0.6402013331840423,0.8026231459439662,0.4615384615384615,1.146789034673949,0.3515625
71,rotate_45,none,rotate_45,rotate_45,1.0,rank,1,0.8394438976377953,0.9954882065378636,0.0005491821260992,0.4874793022182273,0.8635494872733931,0.9230769230769232,4.572404937838446,0.3046875
71,rotate_45,none,rotate_45,rotate_45,1.0,target_only,1,0.7939222440944882,0.942374954478478,0.1605886727644211,0.7393809672028538,0.7582001922724775,0.6923076923076923,-0.3502350945628603,0.7890625
71,rotate_45,none,rotate_45,rotate_45,1.0,value,1,0.9774852362204725,0.9995378751775524,0.0,0.0607357814222804,0.9957310932063724,1.0,-2.8531883016912136,0.8359375
71,roughness,none,roughness,roughness,0.35,dual,1,0.436884842519685,0.8552606961149444,0.0405610490283289,1.351783027492443,-0.1499324757370445,0.4615384615384615,61.55152573926749,0.4609375
71,roughness,none,roughness,roughness,0.35,geometry,1,0.3879183070866142,0.8566924895560555,0.0405610490283289,1.4305869596160488,-0.2707322376854056,0.4615384615384615,30.64072446892383,0.4140625
71,roughness,none,roughness,roughness,0.35,rank,1,0.436515748031496,0.8566924895560555,0.0405610490283289,1.375993392769948,-0.1509796740523713,0.4615384615384615,67.15449043977321,0.4375
71,roughness,none,roughness,roughness,0.35,target_only,1,0.3847194881889764,0.8464903516064053,0.0405610490283289,1.457503811198512,-0.2779481779893792,0.4615384615384615,7.872413214415596,0.578125
71,roughness,none,roughness,roughness,0.35,value,1,0.4331938976377952,0.8549547996292948,0.0405610490283289,1.3184244657239967,-0.1559295458707196,0.4615384615384615,39.10529157796449,0.4921875
71,roughness,none,roughness,roughness,0.7,dual,1,0.5573326771653543,0.7508934945004375,0.2400324153805627,1.1558362705120997,0.1657033968137703,0.3076923076923077,35.046467681347224,0.140625
71,roughness,none,roughness,roughness,0.7,geometry,1,0.5679133858267716,0.5356910957390192,0.5147431603917383,1.166628470419309,0.2071564273942501,0.0,16.98285236531745,0.3046875
71,roughness,none,roughness,roughness,0.7,rank,1,0.5736958661417323,0.7604759799239137,0.2400324153805627,1.1446878141338943,0.211928904962461,0.3076923076923077,36.83014114692567,0.1328125
71,roughness,none,roughness,roughness,0.7,target_only,1,0.5896899606299213,0.5116745007099883,0.4054446702989239,1.1338890155129304,0.2720998901300128,0.0769230769230769,4.280403943913313,0.5859375
71,roughness,none,roughness,roughness,0.7,value,1,0.5011072834645669,0.4599944936933977,0.6460682153757734,1.1901492700351937,-0.0058482878593664,0.0769230769230769,24.133685641774704,0.2109375
71,roughness,none,roughness,roughness,1.0,dual,1,0.6333661417322834,0.6702580737893675,0.4032306805141802,1.0079451721205943,0.3959382439113715,0.1538461538461538,20.39604793335765,0.28125
71,roughness,none,roughness,roughness,1.0,geometry,1,0.5893208661417323,0.6186836216059979,0.5154411881130904,1.1492961230344338,0.2615878502105841,0.3076923076923077,9.378648721665252,0.328125
71,roughness,none,roughness,roughness,1.0,rank,1,0.6256151574803149,0.6598629212932124,0.4032306805141802,1.0363475217866438,0.3759728071781725,0.1538461538461538,22.44249835354551,0.2734375
71,roughness,none,roughness,roughness,1.0,target_only,1,0.6046998031496063,0.4780038770969003,0.5914497697948417,1.0955734686671033,0.3107546694744552,0.1538461538461538,2.0679276243372446,0.609375
71,roughness,none,roughness,roughness,1.0,value,1,0.6386564960629921,0.6605109376561652,0.4032306805141802,0.9585350924478088,0.4192570042116828,0.1538461538461538,12.269569335210978,0.3515625
71,scale_0.7,none,scale_0.7,scale_0.7,0.35,dual,1,0.9747785433070866,0.9956825489191063,0.0,0.0678545966520977,0.9944778886650796,0.9230769230769232,-4.436472261173687,0.703125
71,scale_0.7,none,scale_0.7,scale_0.7,0.35,geometry,1,0.9485728346456692,0.9697936380018396,0.0,0.1801879703212423,0.9847898736495148,0.7692307692307693,-3.486782172133169,1.0
71,scale_0.7,none,scale_0.7,scale_0.7,0.35,rank,1,0.9515255905511812,0.9845620138929692,0.0047810185910732,0.1390520676242851,0.9830388207288042,0.8461538461538461,-3.769232326340232,0.7265625
71,scale_0.7,none,scale_0.7,scale_0.7,0.35,target_only,1,0.9393454724409448,0.9720372364159916,0.0,0.1981155090207173,0.9790388665079656,0.7692307692307693,-3.0431795112005733,1.0
71,scale_0.7,none,scale_0.7,scale_0.7,0.35,value,1,0.9926181102362204,0.9985905658488236,0.0,0.023510617161472,0.9993247573704448,1.0,-5.46847138683289,1.0
71,scale_0.7,none,scale_0.7,scale_0.7,0.7,dual,1,0.9638287401574804,0.9973629654661732,0.0,0.137124218624479,0.9882290331441128,0.9230769230769232,-1.8603643202751976,0.5390625
71,scale_0.7,none,scale_0.7,scale_0.7,0.7,geometry,1,0.7116141732283464,0.8626622006008628,0.200130133246749,0.6791588741607277,0.6323761673686137,0.4615384615384615,-1.155595130264119,0.703125
71,scale_0.7,none,scale_0.7,scale_0.7,0.7,rank,1,0.935777559055118,0.9869647331463433,0.0,0.2946116672372696,0.968057590184948,0.8461538461538461,-0.9873328972561912,0.5390625
71,scale_0.7,none,scale_0.7,scale_0.7,0.7,target_only,1,0.688361220472441,0.8660309485367822,0.200130133246749,0.8484974381028492,0.5891778062625892,0.4615384615384615,-1.6944912204202454,1.0
71,scale_0.7,none,scale_0.7,scale_0.7,0.7,value,1,0.9778543307086616,0.9977026540266672,0.0072564429460533,0.0631773120554874,0.9949757370444974,1.0,-4.299681157880661,0.953125
71,scale_0.7,none,scale_0.7,scale_0.7,1.0,dual,1,0.8362450787401575,0.9972134142066716,0.0,0.1820894724633805,0.8239905694927668,0.9230769230769232,-0.4400663396879786,0.34375
71,scale_0.7,none,scale_0.7,scale_0.7,1.0,geometry,1,0.7159202755905512,0.8168408393994794,0.293644409873075,0.7958941642912853,0.65497962827321,0.3076923076923077,-0.4201051859659523,0.6875
71,scale_0.7,none,scale_0.7,scale_0.7,1.0,rank,1,0.7584891732283464,0.989676948845784,0.0,0.4087811586944618,0.6775601995971434,0.8461538461538461,1.0184307869210378,0.296875
71,scale_0.7,none,scale_0.7,scale_0.7,1.0,target_only,1,0.8192667322834646,0.8626622006008628,0.293644409873075,0.7105178482479915,0.8404367331990477,0.4615384615384615,-1.561864409528303,0.8828125
71,scale_0.7,none,scale_0.7,scale_0.7,1.0,value,1,0.9619832677165354,0.999951765674926,0.0,0.0648638449172159,0.9875022889580664,1.0,-3.878466828480867,0.875
71,scale_1.5,none,scale_1.5,scale_1.5,0.35,dual,1,0.8821358267716536,0.9954864179373136,0.008000892964188,0.4390247003013476,0.9103300677531588,0.9230769230769232,-2.331250355439281,1.0
71,scale_1.5,none,scale_1.5,scale_1.5,0.35,geometry,1,0.6542814960629921,0.8621593368751648,0.1331267063146096,1.2103107631505694,0.5013676524446072,0.3846153846153846,-1.3246754347951364,0.8671875
71,scale_1.5,none,scale_1.5,scale_1.5,0.35,rank,1,0.8729084645669292,0.9756244641044036,0.0262469417293541,0.609859833289662,0.8977980223402307,0.8461538461538461,-1.730383689191882,1.0
71,scale_1.5,none,scale_1.5,scale_1.5,0.35,target_only,1,0.6226624015748031,0.9150570475572516,0.206224162584269,1.2515459439367809,0.4906095495330526,0.6153846153846154,-1.3227601271839544,1.0
71,scale_1.5,none,scale_1.5,scale_1.5,0.35,value,1,0.8821358267716536,0.9954864179373136,0.008000892964188,0.4390247002998473,0.9103300677531588,0.9230769230769232,-2.3312503554425907,1.0
71,scale_1.5,none,scale_1.5,scale_1.5,0.7,dual,1,0.9094488188976378,0.9835237107189548,0.0,0.973743232775336,0.953511261673686,0.7692307692307693,5.652021908622421,0.5
71,scale_1.5,none,scale_1.5,scale_1.5,0.7,geometry,1,0.9491879921259844,0.9752222159904528,0.0077200011704306,0.2246147009313269,0.9842119117377768,0.7692307692307693,-1.2732423752901942,1.0
71,scale_1.5,none,scale_1.5,scale_1.5,0.7,rank,1,0.8999753937007874,0.9812876382657796,0.0,0.8525693325428727,0.9417402948177988,0.7692307692307693,0.0394152638615208,0.7578125
71,scale_1.5,none,scale_1.5,scale_1.5,0.7,target_only,1,0.8858267716535433,0.8567496440390054,0.2481026432529643,0.4363825903136256,0.9177062351217724,0.4615384615384615,-0.659500998644494,1.0
71,scale_1.5,none,scale_1.5,scale_1.5,0.7,value,1,0.9094488188976378,0.9835237107189548,0.0,0.9737432327749328,0.953511261673686,0.7692307692307693,5.652021908642874,0.5
71,scale_1.5,none,scale_1.5,scale_1.5,1.0,dual,1,0.7789124015748031,0.7896952236939421,0.1526626802511514,0.9002062760516598,0.7820168009522065,0.1538461538461538,7.534275418210877,0.3203125
71,scale_1.5,none,scale_1.5,scale_1.5,1.0,geometry,1,0.9255659448818898,0.9151386470316956,0.0459932052767066,0.2420343270841387,0.9676570225233472,0.5384615384615384,-0.9057405438099831,1.0
71,scale_1.5,none,scale_1.5,scale_1.5,1.0,rank,1,0.7928149606299213,0.72883501600578,0.1526626802511514,0.8566783698081961,0.7870296191173777,0.0769230769230769,0.7193677268088411,0.71875
71,scale_1.5,none,scale_1.5,scale_1.5,1.0,target_only,1,0.8825049212598425,0.8079495740925214,0.1526626802511514,0.5783122833009652,0.91669337117744,0.2307692307692307,-0.2006693685267942,1.0
71,scale_1.5,none,scale_1.5,scale_1.5,1.0,value,1,0.7789124015748031,0.7896952236939421,0.1526626802511514,0.9002062760515764,0.7820168009522065,0.1538461538461538,7.534275418241052,0.3203125
89,identity,identity_label_permutation,identity_label_permutation,identity_label_permutation,0.35,dual,1,0.498646653543307,0.7174370447477841,0.2355800125258099,3.0212399846220426,0.0021973997436366,0.3076923076923077,9.292737656394522,0.3203125
89,identity,identity_label_permutation,identity_label_permutation,identity_label_permutation,0.35,geometry,1,0.6430856299212598,0.8243502714512093,0.1126247021163054,0.9768769330117671,0.3704392510529207,0.2307692307692307,-1.7025621196239142,0.7421875
89,identity,identity_label_permutation,identity_label_permutation,identity_label_permutation,0.35,rank,1,0.5082431102362205,0.7020489817822845,0.2355800125258099,2.9752924226176667,0.0381855429408533,0.3076923076923077,7.198615335953827,0.28125
89,identity,identity_label_permutation,identity_label_permutation,identity_label_permutation,0.35,target_only,1,0.6824557086614174,0.3377189101215422,0.9678114269108736,0.8953425841018426,0.4813907709210767,0.0,-1.9686455669480485,1.0
89,identity,identity_label_permutation,identity_label_permutation,identity_label_permutation,0.35,value,1,0.5051673228346457,0.7471160199622797,0.2355800125258099,2.6027833150344133,0.0013562076542757,0.3076923076923077,8.567138591857965,0.4296875
89,identity,identity_label_permutation,identity_label_permutation,identity_label_permutation,0.7,dual,1,0.4434055118110236,0.2677166742838072,0.9879276928009916,4.075916596913048,-0.1955628547885002,0.0769230769230769,10.82008549354154,0.296875
89,identity,identity_label_permutation,identity_label_permutation,identity_label_permutation,0.7,geometry,1,0.7930610236220472,0.946924979161098,0.0007412795187522,1.3750466420965015,0.7474649789415856,0.5384615384615384,-0.8097165511523678,0.7265625
89,identity,identity_label_permutation,identity_label_permutation,identity_label_permutation,0.7,rank,1,0.4550935039370078,0.3990971513483062,0.2724547384103787,3.8098452964196095,-0.1518552005127266,0.0769230769230769,9.416050883924347,0.3125
89,identity,identity_label_permutation,identity_label_permutation,identity_label_permutation,0.7,target_only,1,0.781742125984252,0.9371325763088592,0.0501204266648616,1.605152088752698,0.7383549258377586,0.6153846153846154,-0.6620567182815106,0.8125
89,identity,identity_label_permutation,identity_label_permutation,identity_label_permutation,0.7,value,1,0.4541092519685039,0.268761193557845,0.9879276928009916,3.859707230219974,-0.1792483061710309,0.0769230769230769,8.008718178109756,0.3359375
89,identity,identity_label_permutation,identity_label_permutation,identity_label_permutation,1.0,dual,1,0.531126968503937,0.5725546458779058,0.9507821797880618,1.63962260299451,0.0977671214063358,0.3076923076923077,14.414340350188708,0.3671875
89,identity,identity_label_permutation,identity_label_permutation,identity_label_permutation,1.0,geometry,1,0.81373031496063,0.9452156297987462,0.000505527128057,0.5780342438359741,0.8174899285845083,0.5384615384615384,-0.4746438170175423,0.6953125
89,identity,identity_label_permutation,identity_label_permutation,identity_label_permutation,1.0,rank,1,0.5408464566929134,0.5583570792164133,0.9868869441264716,1.603196547108461,0.1181560153817982,0.3076923076923077,13.58498720346542,0.375
89,identity,identity_label_permutation,identity_label_permutation,identity_label_permutation,1.0,target_only,1,0.8000738188976378,0.9395421761342664,0.0334027819314967,0.7512296672826876,0.7952984801318439,0.5384615384615384,-0.3641462045270234,0.875
89,identity,identity_label_permutation,identity_label_permutation,identity_label_permutation,1.0,value,1,0.5563484251968503,0.5817606680862022,0.9507821797880618,1.5211679369765734,0.1826474088994689,0.3076923076923077,9.836753937080246,0.4296875
89,identity,none,identity,identity,0.35,dual,1,0.9093257874015748,0.9980081349176048,0.0,0.173586696350893,0.9267819538546054,1.0,-2.667875627327839,0.59375
89,identity,none,identity,identity,0.35,geometry,1,0.6430856299212598,0.8243502714512093,0.1126247021163054,0.9768769330117671,0.3704392510529207,0.2307692307692307,-1.7025621196239142,0.7421875
89,identity,none,identity,identity,0.35,rank,1,0.8603592519685039,0.9940324615468586,0.0,0.438728907118999,0.8538958066288225,0.9230769230769232,-1.8181918705212463,0.625
89,identity,none,identity,identity,0.35,target_only,1,0.6824557086614174,0.3377189101215422,0.9678114269108736,0.8953425841018426,0.4813907709210767,0.0,-1.9686455669480485,1.0
89,identity,none,identity,identity,0.35,value,1,0.9512795275590552,0.997651725501726,0.000277318999522,0.0781651704818887,0.9730875755356162,0.9230769230769232,-4.373538294721142,1.0
89,identity,none,identity,identity,0.7,dual,1,0.8647883858267716,0.9968215937688076,0.0,0.4037644933800068,0.8640587804431422,0.9230769230769232,2.09917547240087,0.2578125
89,identity,none,identity,identity,0.7,geometry,1,0.7930610236220472,0.946924979161098,0.0007412795187522,1.3750466420965015,0.7474649789415856,0.5384615384615384,-0.8097165511523678,0.7265625
89,identity,none,identity,identity,0.7,rank,1,0.8343996062992126,0.9698973480089692,0.1104257140323211,1.0099518253870905,0.8228346456692912,0.7692307692307693,2.7843385355148964,0.296875
89,identity,none,identity,identity,0.7,target_only,1,0.781742125984252,0.9371325763088592,0.0501204266648616,1.605152088752698,0.7383549258377586,0.6153846153846154,-0.6620567182815106,0.8125
89,identity,none,identity,identity,0.7,value,1,0.9128937007874016,0.998632835888067,0.0007412795187522,0.1515494094075096,0.9338491118842702,1.0,-2.778080203111264,0.71875
89,identity,none,identity,identity,1.0,dual,1,0.9431594488188976,0.998382044670362,0.0,0.1516420414093769,0.9769330250869804,1.0,0.5720241024661338,0.5078125
89,identity,none,identity,identity,1.0,geometry,1,0.81373031496063,0.9452156297987462,0.000505527128057,0.5780342438359741,0.8174899285845083,0.5384615384615384,-0.4746438170175423,0.6953125
89,identity,none,identity,identity,1.0,rank,1,0.8809055118110236,0.9961174636319664,0.0,0.3672622030475609,0.9161039644753706,0.9230769230769232,1.1557429230925609,0.5625
89,identity,none,identity,identity,1.0,target_only,1,0.8000738188976378,0.9395421761342664,0.0334027819314967,0.7512296672826876,0.7952984801318439,0.5384615384615384,-0.3641462045270234,0.875
89,identity,none,identity,identity,1.0,value,1,0.970718503937008,0.9983934108568088,0.000505527128057,0.0770171103452306,0.9908498901300128,1.0,-1.993977877998324,0.7421875
89,independent_expert,none,independent_expert,independent_expert,0.35,dual,1,0.6824557086614174,0.3377189101215422,0.9678114269108736,0.8953425841018426,0.4813907709210767,0.0,-1.9686455669480485,1.0
89,independent_expert,none,independent_expert,independent_expert,0.35,geometry,1,0.6430856299212598,0.8243502714512093,0.1126247021163054,0.9768769330117671,0.3704392510529207,0.2307692307692307,-1.7025621196239142,0.7421875
89,independent_expert,none,independent_expert,independent_expert,0.35,rank,1,0.6824557086614174,0.3377189101215422,0.9678114269108736,0.8953425841018426,0.4813907709210767,0.0,-1.9686455669480485,1.0
89,independent_expert,none,independent_expert,independent_expert,0.35,target_only,1,0.6824557086614174,0.3377189101215422,0.9678114269108736,0.8953425841018426,0.4813907709210767,0.0,-1.9686455669480485,1.0
89,independent_expert,none,independent_expert,independent_expert,0.35,value,1,0.6824557086614174,0.3377189101215422,0.9678114269108736,0.8953425841018426,0.4813907709210767,0.0,-1.9686455669480485,1.0
89,independent_expert,none,independent_expert,independent_expert,0.7,dual,1,0.781742125984252,0.9371325763088592,0.0501204266648616,1.605152088752698,0.7383549258377586,0.6153846153846154,-0.6620567182815106,0.8125
89,independent_expert,none,independent_expert,independent_expert,0.7,geometry,1,0.7930610236220472,0.946924979161098,0.0007412795187522,1.3750466420965015,0.7474649789415856,0.5384615384615384,-0.8097165511523678,0.7265625
89,independent_expert,none,independent_expert,independent_expert,0.7,rank,1,0.781742125984252,0.9371325763088592,0.0501204266648616,1.605152088752698,0.7383549258377586,0.6153846153846154,-0.6620567182815106,0.8125
89,independent_expert,none,independent_expert,independent_expert,0.7,target_only,1,0.781742125984252,0.9371325763088592,0.0501204266648616,1.605152088752698,0.7383549258377586,0.6153846153846154,-0.6620567182815106,0.8125
89,independent_expert,none,independent_expert,independent_expert,0.7,value,1,0.781742125984252,0.9371325763088592,0.0501204266648616,1.605152088752698,0.7383549258377586,0.6153846153846154,-0.6620567182815106,0.8125
89,independent_expert,none,independent_expert,independent_expert,1.0,dual,1,0.8000738188976378,0.9395421761342664,0.0334027819314967,0.7512296672826876,0.7952984801318439,0.5384615384615384,-0.3641462045270234,0.875
89,independent_expert,none,independent_expert,independent_expert,1.0,geometry,1,0.81373031496063,0.9452156297987462,0.000505527128057,0.5780342438359741,0.8174899285845083,0.5384615384615384,-0.4746438170175423,0.6953125
89,independent_expert,none,independent_expert,independent_expert,1.0,rank,1,0.8000738188976378,0.9395421761342664,0.0334027819314967,0.7512296672826876,0.7952984801318439,0.5384615384615384,-0.3641462045270234,0.875
89,independent_expert,none,independent_expert,independent_expert,1.0,target_only,1,0.8000738188976378,0.9395421761342664,0.0334027819314967,0.7512296672826876,0.7952984801318439,0.5384615384615384,-0.3641462045270234,0.875
89,independent_expert,none,independent_expert,independent_expert,1.0,value,1,0.8000738188976378,0.9395421761342664,0.0334027819314967,0.7512296672826876,0.7952984801318439,0.5384615384615384,-0.3641462045270234,0.875
89,output_affine,none,output_affine,output_affine,0.35,dual,1,0.9093257874015748,0.9980081349176048,0.0,0.1735866963508942,0.9267819538546054,1.0,-1.751584895453676,0.59375
89,output_affine,none,output_affine,output_affine,0.35,geometry,1,0.6430856299212598,0.8243502714512093,0.1126247021163051,0.9768769330117671,0.3704392510529207,0.2307692307692307,-0.7862713877497648,0.7421875
89,output_affine,none,output_affine,output_affine,0.35,rank,1,0.8603592519685039,0.9940324615468586,0.0,0.4387289071190006,0.8538958066288225,0.9230769230769232,-0.9019011386470996,0.625
89,output_affine,none,output_affine,output_affine,0.35,target_only,1,0.6824557086614174,0.3377189101215422,0.967811426910873,0.8953425841018428,0.4813907709210767,0.0,-1.0523548350738925,1.0
89,output_affine,none,output_affine,output_affine,0.35,value,1,0.9512795275590552,0.997651725501726,0.0002773189995217,0.0781651704818891,0.9730875755356162,0.9230769230769232,-3.457247562847009,1.0
89,output_affine,none,output_affine,output_affine,0.7,dual,1,0.8647883858267716,0.9968215937688076,0.0,0.4037644933800058,0.8640587804431422,0.9230769230769232,3.0154662042750053,0.2578125
89,output_affine,none,output_affine,output_affine,0.7,geometry,1,0.7930610236220472,0.946924979161098,0.0007412795187516,1.3750466420965015,0.7474649789415856,0.5384615384615384,0.1065741807217867,0.7265625
89,output_affine,none,output_affine,output_affine,0.7,rank,1,0.8343996062992126,0.9698973480089692,0.1104257140323208,1.0099518253870912,0.8228346456692912,0.7692307692307693,3.700629267389054,0.296875
89,output_affine,none,output_affine,output_affine,0.7,target_only,1,0.781742125984252,0.9371325763088592,0.0501204266648618,1.6051520887526984,0.7383549258377586,0.6153846153846154,0.2542340135926442,0.8125
89,output_affine,none,output_affine,output_affine,0.7,value,1,0.9128937007874016,0.998632835888067,0.0007412795187516,0.1515494094075107,0.9338491118842702,1.0,-1.8617894712371077,0.71875
89,output_affine,none,output_affine,output_affine,1.0,dual,1,0.9431594488188976,0.998382044670362,0.0,0.1516420414093771,0.9769330250869804,1.0,1.4883148343402703,0.5078125
89,output_affine,none,output_affine,output_affine,1.0,geometry,1,0.81373031496063,0.9452156297987462,0.0005055271280571,0.5780342438359742,0.8174899285845083,0.5384615384615384,0.4416469148566134,0.6953125
89,output_affine,none,output_affine,output_affine,1.0,rank,1,0.8809055118110236,0.9961174636319664,0.0,0.3672622030475611,0.9161039644753706,0.9230769230769232,2.0720336549667087,0.5625
89,output_affine,none,output_affine,output_affine,1.0,target_only,1,0.8000738188976378,0.9395421761342664,0.0334027819314968,0.7512296672826877,0.7952984801318439,0.5384615384615384,0.5521445273471322,0.875
89,output_affine,none,output_affine,output_affine,1.0,value,1,0.970718503937008,0.9983934108568088,0.0005055271280571,0.0770171103452311,0.9908498901300128,1.0,-1.0776871461241395,0.7421875
89,reversal,none,reversal,reversal,0.35,dual,1,0.6824557086614174,0.7991013825766298,0.0033026689057215,0.8953425841018426,0.4813907709210767,0.2307692307692307,-1.9686455669480485,1.0
89,reversal,none,reversal,reversal,0.35,geometry,1,0.6824557086614174,0.7991013825766298,0.0033026689057215,0.8953425841018426,0.4813907709210767,0.2307692307692307,-1.9686455669480485,1.0
89,reversal,none,reversal,reversal,0.35,rank,1,0.6824557086614174,0.7991013825766298,0.0033026689057215,0.8953425841018426,0.4813907709210767,0.2307692307692307,-1.9686455669480485,1.0
89,reversal,none,reversal,reversal,0.35,target_only,1,0.6824557086614174,0.7991013825766298,0.0033026689057215,0.8953425841018426,0.4813907709210767,0.2307692307692307,-1.9686455669480485,1.0
89,reversal,none,reversal,reversal,0.35,value,1,0.6824557086614174,0.7991013825766298,0.0033026689057215,0.8953425841018426,0.4813907709210767,0.2307692307692307,-1.9686455669480485,1.0
89,reversal,none,reversal,reversal,0.7,dual,1,0.781742125984252,0.8526457369519004,0.0063708445016798,1.605152088752698,0.7383549258377586,0.4615384615384615,-0.6620567182815106,0.8125
89,reversal,none,reversal,reversal,0.7,geometry,1,0.781742125984252,0.8526457369519004,0.0063708445016798,1.605152088752698,0.7383549258377586,0.4615384615384615,-0.6620567182815106,0.8125
89,reversal,none,reversal,reversal,0.7,rank,1,0.781742125984252,0.8526457369519004,0.0063708445016798,1.605152088752698,0.7383549258377586,0.4615384615384615,-0.6620567182815106,0.8125
89,reversal,none,reversal,reversal,0.7,target_only,1,0.781742125984252,0.8526457369519004,0.0063708445016798,1.605152088752698,0.7383549258377586,0.4615384615384615,-0.6620567182815106,0.8125
89,reversal,none,reversal,reversal,0.7,value,1,0.781742125984252,0.8526457369519004,0.0063708445016798,1.605152088752698,0.7383549258377586,0.4615384615384615,-0.6620567182815106,0.8125
89,reversal,none,reversal,reversal,1.0,dual,1,0.8000738188976378,0.7843602572514372,0.0016890985295349,0.7512296672826876,0.7952984801318439,0.2307692307692307,-0.3641462045270234,0.875
89,reversal,none,reversal,reversal,1.0,geometry,1,0.8000738188976378,0.7843602572514372,0.0016890985295349,0.7512296672826876,0.7952984801318439,0.2307692307692307,-0.3641462045270234,0.875
89,reversal,none,reversal,reversal,1.0,rank,1,0.8000738188976378,0.7843602572514372,0.0016890985295349,0.7512296672826876,0.7952984801318439,0.2307692307692307,-0.3641462045270234,0.875
89,reversal,none,reversal,reversal,1.0,target_only,1,0.8000738188976378,0.7843602572514372,0.0016890985295349,0.7512296672826876,0.7952984801318439,0.2307692307692307,-0.3641462045270234,0.875
89,reversal,none,reversal,reversal,1.0,value,1,0.8000738188976378,0.7843602572514372,0.0016890985295349,0.7512296672826876,0.7952984801318439,0.2307692307692307,-0.3641462045270234,0.875
89,rotate_45,none,rotate_45,rotate_45,0.35,dual,1,0.9149852362204725,0.9925452163275388,0.0,0.1418845688819957,0.9487616736861378,0.9230769230769232,-3.7833884702406846,0.859375
89,rotate_45,none,rotate_45,rotate_45,0.35,geometry,1,0.8967765748031497,0.944424413429094,0.0003725226303554,0.4637187018549868,0.9367103094671304,0.6153846153846154,-2.5223734471067085,1.0
89,rotate_45,none,rotate_45,rotate_45,0.35,rank,1,0.8699557086614174,0.969508281563352,0.0204826645100693,0.3755820985180349,0.9054202527009704,0.7692307692307693,-2.6876449559374764,0.828125
89,rotate_45,none,rotate_45,rotate_45,0.35,target_only,1,0.8690944881889764,0.8679000515449364,0.0452954308002307,0.5585656782435706,0.9092714246475004,0.4615384615384615,-2.315368648705517,1.0
89,rotate_45,none,rotate_45,rotate_45,0.35,value,1,0.9510334645669292,0.9979457949594408,0.0,0.0499906501396802,0.9713594121955688,0.9230769230769232,-4.790716829645529,1.0
89,rotate_45,none,rotate_45,rotate_45,0.7,dual,1,0.8609744094488189,0.9942780456066383,0.0,0.4431651230871651,0.8614722578282366,0.9230769230769232,1.8823503007608635,0.4453125
89,rotate_45,none,rotate_45,rotate_45,0.7,geometry,1,0.8837352362204725,0.9401724062781373,0.001836465633358,0.9622150854644712,0.9223013184398462,0.5384615384615384,-0.4673230427733,0.625
89,rotate_45,none,rotate_45,rotate_45,0.7,rank,1,0.8241879921259843,0.9701211061154028,0.0538757654516023,1.0839635915446382,0.8059993590917414,0.7692307692307693,2.789195129302022,0.3828125
89,rotate_45,none,rotate_45,rotate_45,0.7,target_only,1,0.8053641732283464,0.9010734855116138,0.1231459941498506,1.2458127085955333,0.8203682933528658,0.3846153846153846,-0.7513010116984603,0.8203125
89,rotate_45,none,rotate_45,rotate_45,0.7,value,1,0.9323326771653544,0.99847429261406,0.0,0.145099550844059,0.9585412470243544,0.9230769230769232,-2.404119585819144,0.78125
89,rotate_45,none,rotate_45,rotate_45,1.0,dual,1,0.9498031496062992,0.9967230254495184,0.0006792877359286,0.1677129062766255,0.9788328602819996,1.0,1.8660113812741284,0.40625
89,rotate_45,none,rotate_45,rotate_45,1.0,geometry,1,0.8204970472440944,0.9120435540434588,0.0754049376945915,0.6679280802070799,0.8331349569675882,0.5384615384615384,0.7120434261166223,0.5859375
89,rotate_45,none,rotate_45,rotate_45,1.0,rank,1,0.8781988188976378,0.993219416712578,0.0012527523984726,0.4562598783023409,0.9060497161691998,1.0,3.531851431828266,0.5078125
89,rotate_45,none,rotate_45,rotate_45,1.0,target_only,1,0.7294537401574803,0.8817196904768204,0.0792375685236425,0.9999873883706176,0.6595747115912837,0.4615384615384615,0.1953763581016683,0.75
89,rotate_45,none,rotate_45,rotate_45,1.0,value,1,0.9745324803149606,0.9984392303937766,0.0,0.073375985408257,0.9920458707196482,0.9230769230769232,-1.0188560629650092,0.546875
89,roughness,none,roughness,roughness,0.35,dual,1,0.4987696850393701,0.7585385285372058,0.1603331521513844,1.4474166637429635,-0.003582219373741,0.4615384615384615,12.642957593704525,0.28125
89,roughness,none,roughness,roughness,0.35,geometry,1,0.5052903543307087,0.5874328597947156,0.4772615150669765,1.3765645221448088,0.0059112342061893,0.0,5.566141469243034,0.3203125
89,roughness,none,roughness,roughness,0.35,rank,1,0.499876968503937,0.7566236854576078,0.1603331521513844,1.399791405968266,0.0014248763962644,0.4615384615384615,10.49243604919379,0.2890625
89,roughness,none,roughness,roughness,0.35,target_only,1,0.5095964566929134,0.5631692319191979,0.4772615150669765,1.389926082562863,0.0212129188793261,0.0,2.8664972707682703,0.390625
89,roughness,none,roughness,roughness,0.35,value,1,0.4976624015748031,0.7585385285372058,0.1603331521513844,1.472916193198659,-0.0070728804248306,0.4615384615384615,13.249242346802696,0.28125
89,roughness,none,roughness,roughness,0.7,dual,1,0.6174950787401575,0.6775680370572839,0.3809297652015853,0.9863936225401526,0.3354124702435451,0.3846153846153846,12.55151497924362,0.28125
89,roughness,none,roughness,roughness,0.7,geometry,1,0.6023622047244095,0.6308298328202254,0.0428104097321612,1.0105606491232442,0.310451382530672,0.1538461538461538,7.321996633745993,0.40625
89,roughness,none,roughness,roughness,0.7,rank,1,0.6183562992125984,0.6895042899364386,0.3809297652015853,0.9834455346946434,0.364739745467863,0.3846153846153846,10.901656238029808,0.3125
89,roughness,none,roughness,roughness,0.7,target_only,1,0.6026082677165354,0.4958319337187555,0.2100585128984558,1.0103679378095538,0.3253639443325398,0.0,4.395791203970981,0.515625
89,roughness,none,roughness,roughness,0.7,value,1,0.6150344488188977,0.5497995185604361,0.6962807582934619,0.9987019159891756,0.3200478392235854,0.2307692307692307,13.186123661736453,0.3046875
89,roughness,none,roughness,roughness,1.0,dual,1,0.7221948818897638,0.7354604211335228,0.0558920507766088,0.9735807665354422,0.6249942776048342,0.1538461538461538,7.3814368128020735,0.4375
89,roughness,none,roughness,roughness,1.0,geometry,1,0.6947588582677166,0.6612980376012376,0.5381310581959768,0.937056444716106,0.5633526368796924,0.2307692307692307,4.643378215279327,0.578125
89,roughness,none,roughness,roughness,1.0,rank,1,0.7205954724409449,0.7322798367871721,0.0558920507766088,0.9786537194451712,0.618957150704999,0.1538461538461538,6.8627252414167215,0.46875
89,roughness,none,roughness,roughness,1.0,target_only,1,0.7089074803149606,0.5965054981310988,0.5560845974252997,1.1587285435320451,0.5999587987548067,0.2307692307692307,3.43211924484976,0.5234375
89,roughness,none,roughness,roughness,1.0,value,1,0.7252706692913385,0.7124322705414455,0.0558920507766088,0.9889909888453444,0.6318497070133675,0.1538461538461538,7.606644794910588,0.4375
89,scale_0.7,none,scale_0.7,scale_0.7,0.35,dual,1,0.954847440944882,0.9612024037288052,0.000175686574056,0.2006874484542317,0.9858313495696756,0.6153846153846154,1.731493681271446,0.265625
89,scale_0.7,none,scale_0.7,scale_0.7,0.35,geometry,1,0.6000246062992126,0.7013286871575116,0.2797267519462433,1.0175649219564866,0.2852613990111701,0.0,0.8180541410252076,0.2109375
89,scale_0.7,none,scale_0.7,scale_0.7,0.35,rank,1,0.8967765748031497,0.9485278261464434,0.000175686574056,0.4570067404368733,0.936578694378319,0.5384615384615384,2.1180250451525264,0.2734375
89,scale_0.7,none,scale_0.7,scale_0.7,0.35,target_only,1,0.6332431102362205,0.555342624596937,0.4777550194873434,0.9494777479223668,0.3527456052005127,0.0,-2.005258489995882,0.7890625
89,scale_0.7,none,scale_0.7,scale_0.7,0.35,value,1,0.9745324803149606,0.9964775701475408,0.0018284951600959,0.0822202783162831,0.9934936366965756,0.9230769230769232,-4.239069947730314,0.609375
89,scale_0.7,none,scale_0.7,scale_0.7,0.7,dual,1,0.9617372047244096,0.9923004640600226,0.000469572610433,0.1409895628782154,0.9899457516938288,0.9230769230769232,-2.013320137271189,0.4375
89,scale_0.7,none,scale_0.7,scale_0.7,0.7,geometry,1,0.7097687007874016,0.948164943215977,0.000469572610433,0.73368697907901,0.5896527650613441,0.5384615384615384,-1.5574440528921334,0.734375
89,scale_0.7,none,scale_0.7,scale_0.7,0.7,rank,1,0.8932086614173228,0.965157205644892,0.000469572610433,0.3300288341746031,0.9296717634132942,0.6923076923076923,-1.1908417144840082,0.4296875
89,scale_0.7,none,scale_0.7,scale_0.7,0.7,target_only,1,0.7144438976377953,0.9498880179105624,0.000469572610433,0.7072903359276663,0.6140015564914851,0.5384615384615384,-1.8443799939531889,0.90625
89,scale_0.7,none,scale_0.7,scale_0.7,0.7,value,1,0.9733021653543308,0.9984574943176904,0.000469572610433,0.0602258415126938,0.993321964841604,1.0,-4.291462353102389,0.8984375
89,scale_0.7,none,scale_0.7,scale_0.7,1.0,dual,1,0.8987450787401575,0.9999847303459002,0.0,0.1459995769471301,0.9056491485075993,1.0,-1.9046545455840005,0.6171875
89,scale_0.7,none,scale_0.7,scale_0.7,1.0,geometry,1,0.8005659448818898,0.9412789417459066,0.0501204266648616,0.7223431338153812,0.7981253433437099,0.5384615384615384,-1.6981493902331335,0.828125
89,scale_0.7,none,scale_0.7,scale_0.7,1.0,rank,1,0.8532234251968503,0.9969229668826805,0.0,0.3340479599236693,0.8505310382713788,0.9230769230769232,-1.1026931378388027,0.5859375
89,scale_0.7,none,scale_0.7,scale_0.7,1.0,target_only,1,0.7427411417322834,0.9368369680923592,0.0501204266648616,0.8336100617437654,0.6656976744186046,0.5384615384615384,-1.524288239768771,0.9609375
89,scale_0.7,none,scale_0.7,scale_0.7,1.0,value,1,0.9434055118110236,0.9978356749992574,0.000741279518752,0.0609849457221239,0.9735453671488736,1.0,-4.084404102282251,0.96875
89,scale_1.5,none,scale_1.5,scale_1.5,0.35,dual,1,0.8421505905511811,0.9613398426899568,0.0,1.14768781562921,0.8514809558688885,0.6153846153846154,-1.6039336339687582,0.8671875
89,scale_1.5,none,scale_1.5,scale_1.5,0.35,geometry,1,0.6535433070866141,0.6977678657028227,0.4048645220313537,1.1771472097649052,0.4724695568577183,0.3076923076923077,-1.3809774687514476,1.0
89,scale_1.5,none,scale_1.5,scale_1.5,0.35,rank,1,0.8058562992125984,0.951593651177173,0.0,2.3712554534073016,0.7797850668375755,0.5384615384615384,-0.2725907738606735,0.6015625
89,scale_1.5,none,scale_1.5,scale_1.5,0.35,target_only,1,0.6347194881889764,0.8965005524543264,0.0788046631403629,1.301677656826034,0.4289965207837392,0.4615384615384615,-1.233660268496353,1.0
89,scale_1.5,none,scale_1.5,scale_1.5,0.35,value,1,0.8426427165354331,0.973162527555168,0.0,0.9492546071863974,0.8564766068485624,0.6923076923076923,-1.8386315145473104,1.0
89,scale_1.5,none,scale_1.5,scale_1.5,0.7,dual,1,0.8919783464566929,0.98042215251953,0.0,0.9711255105934667,0.926644616370628,0.7692307692307693,2.211093344077476,0.578125
89,scale_1.5,none,scale_1.5,scale_1.5,0.7,geometry,1,0.8900098425196851,0.9484006467704548,0.0005129523196713,0.3704922570531064,0.9258606482329244,0.5384615384615384,-1.1365022084892042,1.0
89,scale_1.5,none,scale_1.5,scale_1.5,0.7,rank,1,0.8628198818897638,0.991021198425098,0.0,1.2342955741930233,0.8864161783556126,0.8461538461538461,2.007822436576976,0.578125
89,scale_1.5,none,scale_1.5,scale_1.5,0.7,target_only,1,0.8412893700787402,0.8895053617280295,0.1320725119203252,0.5843775082324136,0.8720415216993224,0.4615384615384615,-0.5450093833387248,1.0
89,scale_1.5,none,scale_1.5,scale_1.5,0.7,value,1,0.8930856299212598,0.9760564626561752,0.0,0.9164441926941668,0.9285444515656474,0.6923076923076923,1.852473903986916,0.6171875
89,scale_1.5,none,scale_1.5,scale_1.5,1.0,dual,1,0.7707923228346457,0.8975392503035406,0.0607524003731717,0.8771682358570965,0.7185668833546969,0.3846153846153846,3.529546530202961,0.6484375
89,scale_1.5,none,scale_1.5,scale_1.5,1.0,geometry,1,0.8652805118110236,0.9475978372661412,0.0006239578188426,0.4367476987391226,0.9005676616004396,0.5384615384615384,-0.3340831999544073,0.96875
89,scale_1.5,none,scale_1.5,scale_1.5,1.0,rank,1,0.7053395669291339,0.3589053803332152,0.7124981638469573,1.051890714971104,0.5648175700421167,0.0,2.1342032840673664,0.65625
89,scale_1.5,none,scale_1.5,scale_1.5,1.0,target_only,1,0.7835875984251969,0.7222814760211177,0.222630641025541,0.9264899343591884,0.7688839040468778,0.3076923076923077,0.37587315911469,0.859375
89,scale_1.5,none,scale_1.5,scale_1.5,1.0,value,1,0.7748523622047244,0.8956336032943348,0.0607524003731717,0.8610428979619974,0.7339200695843252,0.3846153846153846,3.464489240247606,0.6328125
107,identity,identity_label_permutation,identity_label_permutation,identity_label_permutation,0.35,dual,1,0.8735236220472441,0.8908357391483998,0.1218227625589538,0.5022104700772413,0.909237090276506,0.6153846153846154,-2.240166641854185,1.0
107,identity,identity_label_permutation,identity_label_permutation,identity_label_permutation,0.35,geometry,1,0.8889025590551181,0.925788455292752,0.0672563383995968,0.4303377762498332,0.9274743636696574,0.5384615384615384,-2.503525794676352,1.0
107,identity,identity_label_permutation,identity_label_permutation,identity_label_permutation,0.35,rank,1,0.8735236220472441,0.8908357391483998,0.1218227625589538,0.5022104704740615,0.909237090276506,0.6153846153846154,-2.240166641547749,1.0
107,identity,identity_label_permutation,identity_label_permutation,identity_label_permutation,0.35,target_only,1,0.8735236220472441,0.8908357391483998,0.1218227625589538,0.5022104700772413,0.909237090276506,0.6153846153846154,-2.240166641854185,1.0
107,identity,identity_label_permutation,identity_label_permutation,identity_label_permutation,0.35,value,1,0.8735236220472441,0.8908357391483998,0.1218227625589538,0.5022104702043189,0.909237090276506,0.6153846153846154,-2.240166641765505,1.0
107,identity,identity_label_permutation,identity_label_permutation,identity_label_permutation,0.7,dual,1,0.8298474409448819,0.8955522138160585,0.2936730669625908,1.4800952725573124,0.8216901666361472,0.6153846153846154,-0.7166885017216815,0.8203125
107,identity,identity_label_permutation,identity_label_permutation,identity_label_permutation,0.7,geometry,1,0.8480561023622047,0.9643660971506758,0.036626036540709,1.336085055220617,0.8507370444973449,0.6153846153846154,-0.658454157657087,0.765625
107,identity,identity_label_permutation,identity_label_permutation,identity_label_permutation,0.7,rank,1,0.8298474409448819,0.8955522138160585,0.2936730669625908,1.4800952724534433,0.8216901666361472,0.6153846153846154,-0.7166885018290452,0.8203125
107,identity,identity_label_permutation,identity_label_permutation,identity_label_permutation,0.7,target_only,1,0.8298474409448819,0.8955522138160585,0.2936730669625908,1.4800952725573124,0.8216901666361472,0.6153846153846154,-0.7166885017216815,0.8203125
107,identity,identity_label_permutation,identity_label_permutation,identity_label_permutation,0.7,value,1,0.8298474409448819,0.8955522138160585,0.2936730669625908,1.4800952724803764,0.8216901666361472,0.6153846153846154,-0.7166885018092194,0.8203125
107,identity,identity_label_permutation,identity_label_permutation,identity_label_permutation,1.0,dual,1,0.8511318897637795,0.9171709035952632,0.1061725030776504,0.6449571673929967,0.8749027192821827,0.5384615384615384,-0.5777949905098305,0.890625
107,identity,identity_label_permutation,identity_label_permutation,identity_label_permutation,1.0,geometry,1,0.8809055118110236,0.9798999544099604,0.0245117550979694,0.4093207334631911,0.9023129921259844,0.6923076923076923,-1.0239334964906872,0.8984375
107,identity,identity_label_permutation,identity_label_permutation,identity_label_permutation,1.0,rank,1,0.8511318897637795,0.9171709035952632,0.1061725030776504,0.6449571673639234,0.8749027192821827,0.5384615384615384,-0.57779499060564,0.890625
107,identity,identity_label_permutation,identity_label_permutation,identity_label_permutation,1.0,target_only,1,0.8511318897637795,0.9171709035952632,0.1061725030776504,0.6449571673929967,0.8749027192821827,0.5384615384615384,-0.5777949905098305,0.890625
107,identity,identity_label_permutation,identity_label_permutation,identity_label_permutation,1.0,value,1,0.8511318897637795,0.9171709035952632,0.1061725030776504,0.6449571674017581,0.8749027192821827,0.5384615384615384,-0.5777949905035262,0.890625
107,identity,none,identity,identity,0.35,dual,1,0.8813976377952756,0.9886137362583464,0.0,0.19217798589825,0.9093458157846548,0.9230769230769232,-2.223608212426213,0.5390625
107,identity,none,identity,identity,0.35,geometry,1,0.8889025590551181,0.925788455292752,0.0672563383995968,0.4303377762498332,0.9274743636696574,0.5384615384615384,-2.503525794676352,1.0
107,identity,none,identity,identity,0.35,rank,1,0.8256643700787402,0.9216286737530256,0.0737386882665379,0.4743732341699736,0.8463308002197398,0.6923076923076923,-1.3590663095542015,0.5625
107,identity,none,identity,identity,0.35,target_only,1,0.8735236220472441,0.8908357391483998,0.1218227625589538,0.5022104700772413,0.909237090276506,0.6153846153846154,-2.240166641854185,1.0
107,identity,none,identity,identity,0.35,value,1,0.9462352362204725,0.9991032673409228,0.0,0.0463400340752805,0.9705010529207104,1.0,-4.724268508446,1.0
107,identity,none,identity,identity,0.7,dual,1,0.8383366141732284,0.999164398284943,0.0,0.3927254058329558,0.8287001007141549,1.0,2.128909058524554,0.203125
107,identity,none,identity,identity,0.7,geometry,1,0.8480561023622047,0.9643660971506758,0.036626036540709,1.336085055220617,0.8507370444973449,0.6153846153846154,-0.658454157657087,0.765625
107,identity,none,identity,identity,0.7,rank,1,0.7861712598425197,0.9886137362583464,0.0,0.9654786289147892,0.7299201153634866,0.9230769230769232,2.922430779697346,0.2265625
107,identity,none,identity,identity,0.7,target_only,1,0.8298474409448819,0.8955522138160585,0.2936730669625908,1.4800952725573124,0.8216901666361472,0.6153846153846154,-0.7166885017216815,0.8203125
107,identity,none,identity,identity,0.7,value,1,0.9325787401574804,0.9991094987761312,0.0,0.1269515983059526,0.9581921809192454,0.9230769230769232,-3.079358758729463,0.7890625
107,identity,none,identity,identity,1.0,dual,1,0.939222440944882,0.9989550525992192,0.0,0.1591562539854918,0.9698773118476468,1.0,0.3690185595268566,0.46875
107,identity,none,identity,identity,1.0,geometry,1,0.8809055118110236,0.9798999544099604,0.0245117550979694,0.4093207334631911,0.9023129921259844,0.6923076923076923,-1.0239334964906872,0.8984375
107,identity,none,identity,identity,1.0,rank,1,0.8863188976377953,0.9967977032514866,0.0245117550979694,0.3716076452965872,0.9183242537996704,1.0,0.9660148585320344,0.5234375
107,identity,none,identity,identity,1.0,target_only,1,0.8511318897637795,0.9171709035952632,0.1061725030776504,0.6449571673929967,0.8749027192821827,0.5384615384615384,-0.5777949905098305,0.890625
107,identity,none,identity,identity,1.0,value,1,0.9703494094488188,0.9996954251199166,0.0,0.076610461087827,0.9895680736128912,1.0,-2.531937254363352,0.8359375
107,independent_expert,none,independent_expert,independent_expert,0.35,dual,1,0.8735236220472441,0.8908357391483998,0.1218227625589538,0.5022104700739003,0.909237090276506,0.6153846153846154,-2.240166641970002,1.0
107,independent_expert,none,independent_expert,independent_expert,0.35,geometry,1,0.8889025590551181,0.925788455292752,0.0672563383995968,0.4303377762498332,0.9274743636696574,0.5384615384615384,-2.503525794676352,1.0
107,independent_expert,none,independent_expert,independent_expert,0.35,rank,1,0.8735236220472441,0.8908357391483998,0.1218227625589538,0.5022104700772413,0.909237090276506,0.6153846153846154,-2.240166641854185,1.0
107,independent_expert,none,independent_expert,independent_expert,0.35,target_only,1,0.8735236220472441,0.8908357391483998,0.1218227625589538,0.5022104700772413,0.909237090276506,0.6153846153846154,-2.240166641854185,1.0
107,independent_expert,none,independent_expert,independent_expert,0.35,value,1,0.8735236220472441,0.8908357391483998,0.1218227625589538,0.5022104700772413,0.909237090276506,0.6153846153846154,-2.240166641854185,1.0
107,independent_expert,none,independent_expert,independent_expert,0.7,dual,1,0.8298474409448819,0.8955522138160585,0.2936730669625908,1.4800952726026269,0.8216901666361472,0.6153846153846154,-0.7166885013247315,0.8203125
107,independent_expert,none,independent_expert,independent_expert,0.7,geometry,1,0.8480561023622047,0.9643660971506758,0.036626036540709,1.336085055220617,0.8507370444973449,0.6153846153846154,-0.658454157657087,0.765625
107,independent_expert,none,independent_expert,independent_expert,0.7,rank,1,0.8298474409448819,0.8955522138160585,0.2936730669625908,1.4800952725573124,0.8216901666361472,0.6153846153846154,-0.7166885017216815,0.8203125
107,independent_expert,none,independent_expert,independent_expert,0.7,target_only,1,0.8298474409448819,0.8955522138160585,0.2936730669625908,1.4800952725573124,0.8216901666361472,0.6153846153846154,-0.7166885017216815,0.8203125
107,independent_expert,none,independent_expert,independent_expert,0.7,value,1,0.8298474409448819,0.8955522138160585,0.2936730669625908,1.4800952725573124,0.8216901666361472,0.6153846153846154,-0.7166885017216815,0.8203125
107,independent_expert,none,independent_expert,independent_expert,1.0,dual,1,0.8511318897637795,0.9171709035952632,0.1061725030776504,0.6449571674344868,0.8749027192821827,0.5384615384615384,-0.5777949903926891,0.890625
107,independent_expert,none,independent_expert,independent_expert,1.0,geometry,1,0.8809055118110236,0.9798999544099604,0.0245117550979694,0.4093207334631911,0.9023129921259844,0.6923076923076923,-1.0239334964906872,0.8984375
107,independent_expert,none,independent_expert,independent_expert,1.0,rank,1,0.8511318897637795,0.9171709035952632,0.1061725030776504,0.6449571673929967,0.8749027192821827,0.5384615384615384,-0.5777949905098305,0.890625
107,independent_expert,none,independent_expert,independent_expert,1.0,target_only,1,0.8511318897637795,0.9171709035952632,0.1061725030776504,0.6449571673929967,0.8749027192821827,0.5384615384615384,-0.5777949905098305,0.890625
107,independent_expert,none,independent_expert,independent_expert,1.0,value,1,0.8511318897637795,0.9171709035952632,0.1061725030776504,0.6449571673929967,0.8749027192821827,0.5384615384615384,-0.5777949905098305,0.890625
107,output_affine,none,output_affine,output_affine,0.35,dual,1,0.8813976377952756,0.9886137362583464,0.0,0.1921779858982502,0.9093458157846548,0.9230769230769232,-1.307317480552081,0.5390625
107,output_affine,none,output_affine,output_affine,0.35,geometry,1,0.8889025590551181,0.925788455292752,0.0672563383995975,0.4303377762498344,0.9274743636696574,0.5384615384615384,-1.5872350628021947,1.0
107,output_affine,none,output_affine,output_affine,0.35,rank,1,0.8256643700787402,0.9216286737530256,0.0737386882665374,0.4743732341699737,0.8463308002197398,0.6923076923076923,-0.4427755776800591,0.5625
107,output_affine,none,output_affine,output_affine,0.35,target_only,1,0.8735236220472441,0.8908357391483998,0.121822762558953,0.5022104700772415,0.909237090276506,0.6153846153846154,-1.3238759099800292,1.0
107,output_affine,none,output_affine,output_affine,0.35,value,1,0.9462352362204725,0.9991032673409228,0.0,0.0463400340752812,0.9705010529207104,1.0,-3.8079777765718377,1.0
107,output_affine,none,output_affine,output_affine,0.7,dual,1,0.8383366141732284,0.999164398284943,0.0,0.392725405832955,0.8287001007141549,1.0,3.0451997903986685,0.203125
107,output_affine,none,output_affine,output_affine,0.7,geometry,1,0.8480561023622047,0.9643660971506758,0.0366260365407091,1.336085055220617,0.8507370444973449,0.6153846153846154,0.2578365742170663,0.765625
107,output_affine,none,output_affine,output_affine,0.7,rank,1,0.7861712598425197,0.9886137362583464,0.0,0.9654786289147892,0.7299201153634866,0.9230769230769232,3.8387215115714817,0.2265625
107,output_affine,none,output_affine,output_affine,0.7,target_only,1,0.8298474409448819,0.8955522138160585,0.2936730669625909,1.480095272557312,0.8216901666361472,0.6153846153846154,0.1996022301524724,0.8203125
107,output_affine,none,output_affine,output_affine,0.7,value,1,0.9325787401574804,0.9991094987761312,0.0,0.1269515983059524,0.9581921809192454,0.9230769230769232,-2.163068026855318,0.7890625
107,output_affine,none,output_affine,output_affine,1.0,dual,1,0.939222440944882,0.9989550525992192,0.0,0.1591562539854917,0.9698773118476468,1.0,1.2853092914009756,0.46875
107,output_affine,none,output_affine,output_affine,1.0,geometry,1,0.8809055118110236,0.9798999544099604,0.0245117550979693,0.4093207334631913,0.9023129921259844,0.6923076923076923,-0.1076427646165315,0.8984375
107,output_affine,none,output_affine,output_affine,1.0,rank,1,0.8863188976377953,0.9967977032514866,0.0245117550979693,0.3716076452965871,0.9183242537996704,1.0,1.8823055904061776,0.5234375
107,output_affine,none,output_affine,output_affine,1.0,target_only,1,0.8511318897637795,0.9171709035952632,0.1061725030776505,0.6449571673929966,0.8749027192821827,0.5384615384615384,0.3384957413643241,0.890625
107,output_affine,none,output_affine,output_affine,1.0,value,1,0.9703494094488188,0.9996954251199166,0.0,0.0766104610878272,0.9895680736128912,1.0,-1.6156465224891985,0.8359375
107,reversal,none,reversal,reversal,0.35,dual,1,0.8735236220472441,0.8311978988066407,0.0048426399364392,0.5022104700772413,0.909237090276506,0.3076923076923077,-2.240166641854185,1.0
107,reversal,none,reversal,reversal,0.35,geometry,1,0.8735236220472441,0.8311978988066407,0.0048426399364392,0.5022104700772413,0.909237090276506,0.3076923076923077,-2.240166641854185,1.0
107,reversal,none,reversal,reversal,0.35,rank,1,0.8735236220472441,0.8311978988066407,0.0048426399364392,0.5022104700772413,0.909237090276506,0.3076923076923077,-2.240166641854185,1.0
107,reversal,none,reversal,reversal,0.35,target_only,1,0.8735236220472441,0.8311978988066407,0.0048426399364392,0.5022104700772413,0.909237090276506,0.3076923076923077,-2.240166641854185,1.0
107,reversal,none,reversal,reversal,0.35,value,1,0.8735236220472441,0.8311978988066407,0.0048426399364392,0.5022104700772413,0.909237090276506,0.3076923076923077,-2.240166641854185,1.0
107,reversal,none,reversal,reversal,0.7,dual,1,0.8298474409448819,0.92407557641978,0.0014344190066322,1.4800952725573124,0.8216901666361472,0.4615384615384615,-0.7166885017216815,0.8203125
107,reversal,none,reversal,reversal,0.7,geometry,1,0.8298474409448819,0.92407557641978,0.0014344190066322,1.4800952725573124,0.8216901666361472,0.4615384615384615,-0.7166885017216815,0.8203125
107,reversal,none,reversal,reversal,0.7,rank,1,0.8298474409448819,0.92407557641978,0.0014344190066322,1.4800952725573124,0.8216901666361472,0.4615384615384615,-0.7166885017216815,0.8203125
107,reversal,none,reversal,reversal,0.7,target_only,1,0.8298474409448819,0.92407557641978,0.0014344190066322,1.4800952725573124,0.8216901666361472,0.4615384615384615,-0.7166885017216815,0.8203125
107,reversal,none,reversal,reversal,0.7,value,1,0.8298474409448819,0.92407557641978,0.0014344190066322,1.4800952725573124,0.8216901666361472,0.4615384615384615,-0.7166885017216815,0.8203125
107,reversal,none,reversal,reversal,1.0,dual,1,0.8511318897637795,0.7707070404300586,0.0021947192556278,0.6449571673929967,0.8749027192821827,0.0769230769230769,-0.5777949905098305,0.890625
107,reversal,none,reversal,reversal,1.0,geometry,1,0.8511318897637795,0.7707070404300586,0.0021947192556278,0.6449571673929967,0.8749027192821827,0.0769230769230769,-0.5777949905098305,0.890625
107,reversal,none,reversal,reversal,1.0,rank,1,0.8511318897637795,0.7707070404300586,0.0021947192556278,0.6449571673929967,0.8749027192821827,0.0769230769230769,-0.5777949905098305,0.890625
107,reversal,none,reversal,reversal,1.0,target_only,1,0.8511318897637795,0.7707070404300586,0.0021947192556278,0.6449571673929967,0.8749027192821827,0.0769230769230769,-0.5777949905098305,0.890625
107,reversal,none,reversal,reversal,1.0,value,1,0.8511318897637795,0.7707070404300586,0.0021947192556278,0.6449571673929967,0.8749027192821827,0.0769230769230769,-0.5777949905098305,0.890625
107,rotate_45,none,rotate_45,rotate_45,0.35,dual,1,0.8973917322834646,0.9790176106632402,0.0031117389538287,0.1979555965424022,0.919005218824391,0.7692307692307693,1.095528584058684,0.28125
107,rotate_45,none,rotate_45,rotate_45,0.35,geometry,1,0.8492864173228346,0.8787260653270328,0.0988241577378516,0.55356977130782,0.8797038088262222,0.3076923076923077,-0.3211634472376448,0.4921875
107,rotate_45,none,rotate_45,rotate_45,0.35,rank,1,0.8177903543307087,0.9360538878493088,0.0254002571996126,0.4225517517769606,0.8193725965940303,0.4615384615384615,3.303571921268266,0.234375
107,rotate_45,none,rotate_45,rotate_45,0.35,target_only,1,0.8645423228346457,0.8666843223888624,0.0988241577378516,0.529344826904373,0.8929683208203627,0.3076923076923077,-2.2569383459127925,0.953125
107,rotate_45,none,rotate_45,rotate_45,0.35,value,1,0.968996062992126,0.9968059446905742,0.0031117389538287,0.0535096912339437,0.9884808185314043,1.0,-4.638248840189621,0.96875
107,rotate_45,none,rotate_45,rotate_45,0.7,dual,1,0.7944143700787402,0.99792411429004,0.0082710191754793,0.1712476726173477,0.7400315876213147,1.0,-1.412936622203533,0.515625
107,rotate_45,none,rotate_45,rotate_45,0.7,geometry,1,0.7752214566929134,0.9450824193340556,0.0,0.6778897549258655,0.7606722669840689,0.5384615384615384,-0.3791888998321421,0.6484375
107,rotate_45,none,rotate_45,rotate_45,0.7,rank,1,0.7241633858267716,0.997654113477604,0.0082710191754793,0.3266337282421472,0.6272660684856253,1.0,-0.6941401391034746,0.5546875
107,rotate_45,none,rotate_45,rotate_45,0.7,target_only,1,0.7133366141732284,0.9507964720281616,0.0,0.7579830403829269,0.6251087255081487,0.5384615384615384,-1.6583934041354298,1.0
107,rotate_45,none,rotate_45,rotate_45,0.7,value,1,0.8916092519685039,0.9996334003193094,0.0,0.0938980942271304,0.9184730360739792,1.0,-3.546960585025893,0.875
107,rotate_45,none,rotate_45,rotate_45,1.0,dual,1,0.9582923228346456,0.9993144443370332,0.0,0.3468274744378053,0.9860888573521333,1.0,40.13098298152072,0.265625
107,rotate_45,none,rotate_45,rotate_45,1.0,geometry,1,0.7642716535433071,0.9550653883656725,0.0,0.9079435085668944,0.727493819813221,0.6153846153846154,12.410386006508148,0.3203125
107,rotate_45,none,rotate_45,rotate_45,1.0,rank,1,0.8683562992125984,0.9992503784200858,0.0,0.7484780342349979,0.8959725782823659,1.0,47.10902073211112,0.28125
107,rotate_45,none,rotate_45,rotate_45,1.0,target_only,1,0.6022391732283464,0.9478093426189508,0.0057066877537978,1.207227536089121,0.3083569859000183,0.5384615384615384,2.534286700314552,0.5
107,rotate_45,none,rotate_45,rotate_45,1.0,value,1,0.9817913385826772,0.9995597030326936,0.0,0.1162079714974934,0.996887017029848,1.0,4.672807094121183,0.4375
107,roughness,none,roughness,roughness,0.35,dual,1,0.436392716535433,0.9752665241935888,0.0,1.859162640454705,-0.0944366874198864,0.7692307692307693,44.85671253326748,0.328125
107,roughness,none,roughness,roughness,0.35,geometry,1,0.4282726377952756,0.8906630796657056,0.0,1.950762240793922,-0.1086625618018677,0.4615384615384615,22.233973336514048,0.359375
107,roughness,none,roughness,roughness,0.35,rank,1,0.4445127952755905,0.8008895838708988,0.3012920671468135,1.94075261253778,-0.0973150521882439,0.6923076923076923,39.95143465891058,0.3203125
107,roughness,none,roughness,roughness,0.35,target_only,1,0.4277805118110236,0.7612423732815083,0.0,1.967759583435108,-0.1215837300860648,0.3846153846153846,7.430894236720134,0.46875
107,roughness,none,roughness,roughness,0.35,value,1,0.4299950787401574,0.9404800333179292,0.0,1.8150323811360245,-0.1040846456692913,0.5384615384615384,43.412302498403896,0.328125
107,roughness,none,roughness,roughness,0.7,dual,1,0.6576033464566929,0.7427766868320624,0.1347185500959317,1.3042915520962506,0.4547644662149789,0.1538461538461538,23.31433056133907,0.15625
107,roughness,none,roughness,roughness,0.7,geometry,1,0.6529281496062992,0.5914211340330889,0.2166204187918344,1.480076736789801,0.4505413385826772,0.0,12.182958480307224,0.2265625
107,roughness,none,roughness,roughness,0.7,rank,1,0.656373031496063,0.7200836497930769,0.1347185500959317,1.318734997266616,0.4500206006225965,0.0769230769230769,20.5134123046589,0.1953125
107,roughness,none,roughness,roughness,0.7,target_only,1,0.640625,0.501162649928757,0.3212609292281438,1.3379116619952791,0.4228506683757553,0.0769230769230769,3.790004807679932,0.453125
107,roughness,none,roughness,roughness,0.7,value,1,0.6526820866141733,0.5873082534859175,0.5172482928519447,1.3109311757380442,0.4471937374107306,0.1538461538461538,22.93322357217246,0.125
107,roughness,none,roughness,roughness,1.0,dual,1,0.7164124015748031,0.7217829915980926,0.5022995574539534,0.7553560091470916,0.6107741256180187,0.3846153846153846,9.190005599060663,0.4140625
107,roughness,none,roughness,roughness,1.0,geometry,1,0.702755905511811,0.7117168306321662,0.5299468453438164,0.8779706977432242,0.583632805347006,0.3846153846153846,5.036263954641933,0.4453125
107,roughness,none,roughness,roughness,1.0,rank,1,0.7041092519685039,0.6926023977691739,0.5022995574539534,0.7953274688753754,0.5886627906976745,0.3846153846153846,8.494885034609485,0.4140625
107,roughness,none,roughness,roughness,1.0,target_only,1,0.6790108267716536,0.5663609776007489,0.5022995574539534,1.0599898906588392,0.5158739241897089,0.3846153846153846,2.070195459539625,0.5625
107,roughness,none,roughness,roughness,1.0,value,1,0.7201033464566929,0.7362836246441912,0.0010211439887911,0.7707469046295841,0.6217382347555392,0.3846153846153846,9.018411802263396,0.421875
107,scale_0.7,none,scale_0.7,scale_0.7,0.35,dual,1,0.9800688976377953,0.9979562377129652,0.0,0.0807596370477295,0.995616645303058,0.9230769230769232,-4.616166085833137,0.8125
107,scale_0.7,none,scale_0.7,scale_0.7,0.35,geometry,1,0.952878937007874,0.9659170077311192,0.005950581803106,0.1303936837193045,0.9851675517304525,0.5384615384615384,-3.426137761559404,1.0
107,scale_0.7,none,scale_0.7,scale_0.7,0.35,rank,1,0.953125,0.9758286965995744,0.0,0.2028661170957199,0.9823750228895808,0.7692307692307693,-3.653335309458374,0.8046875
107,scale_0.7,none,scale_0.7,scale_0.7,0.35,target_only,1,0.9570620078740156,0.970926160079686,0.0087513998121809,0.108328520589401,0.9880859732649698,0.6153846153846154,-3.190917894224289,1.0
107,scale_0.7,none,scale_0.7,scale_0.7,0.35,value,1,0.9910187007874016,0.9991032673409228,0.0,0.0177598736176171,0.998981413660502,1.0,-5.674969489148884,1.0
107,scale_0.7,none,scale_0.7,scale_0.7,0.7,dual,1,0.9296259842519684,0.9964387653296564,0.0,0.1850537648836174,0.9643723676982237,0.8461538461538461,-1.1292093449021814,0.4453125
107,scale_0.7,none,scale_0.7,scale_0.7,0.7,geometry,1,0.7453248031496063,0.9210620459740596,0.1433257714662851,0.8172437212739403,0.6793741988646768,0.5384615384615384,-1.75590874797589,0.9296875
107,scale_0.7,none,scale_0.7,scale_0.7,0.7,rank,1,0.8651574803149606,0.9826304674330452,0.0,0.4455198731053758,0.8714807269730819,0.6153846153846154,-0.361840936292446,0.453125
107,scale_0.7,none,scale_0.7,scale_0.7,0.7,target_only,1,0.7522145669291339,0.9190689859337094,0.1433257714662851,0.689567219827439,0.6927073796008056,0.5384615384615384,-1.962811137903282,1.0
107,scale_0.7,none,scale_0.7,scale_0.7,0.7,value,1,0.9570620078740156,0.99764226525896,0.0,0.057991238080019,0.9850187694561434,0.8461538461538461,-4.423248078118826,0.921875
107,scale_0.7,none,scale_0.7,scale_0.7,1.0,dual,1,0.8795521653543307,0.9977606903749232,0.0,0.1113432693607601,0.9012600714154916,0.8461538461538461,-3.3793671471639,0.8671875
107,scale_0.7,none,scale_0.7,scale_0.7,1.0,geometry,1,0.7859251968503937,0.9504397325422936,0.0,0.5767058391936274,0.797387154367332,0.5384615384615384,-1.994420663135985,0.96875
107,scale_0.7,none,scale_0.7,scale_0.7,1.0,rank,1,0.8021653543307087,0.9967862348603704,0.0,0.2724399592468352,0.7562030763596409,0.8461538461538461,-2.466286764113491,0.84375
107,scale_0.7,none,scale_0.7,scale_0.7,1.0,target_only,1,0.8507627952755905,0.919543040935236,0.212889424996208,0.9145923100460184,0.8745650979674052,0.5384615384615384,-1.5313802651156836,1.0
107,scale_0.7,none,scale_0.7,scale_0.7,1.0,value,1,0.9542322834645668,0.9978300947470355,0.0,0.0768397970328913,0.9828270921076724,0.8461538461538461,-3.935230201112797,0.9609375
107,scale_1.5,none,scale_1.5,scale_1.5,0.35,dual,1,0.8654035433070866,0.9891226913946848,0.026066755496234,0.439474299413929,0.8897580571323932,0.9230769230769232,-1.775433322995141,0.7265625
107,scale_1.5,none,scale_1.5,scale_1.5,0.35,geometry,1,0.6547736220472441,0.9140499106436896,0.1237074671943507,1.114161549465059,0.5003376213147775,0.6923076923076923,-1.551306006846065,1.0
107,scale_1.5,none,scale_1.5,scale_1.5,0.35,rank,1,0.796628937007874,0.9541102790289469,0.1072861032499303,1.1263352903547317,0.7866633858267715,0.8461538461538461,-1.1827050620966162,0.7734375
107,scale_1.5,none,scale_1.5,scale_1.5,0.35,target_only,1,0.6280757874015748,0.815747543089931,0.4233421615810758,1.2396021678460232,0.4387646493316242,0.5384615384615384,-1.4077592486394743,1.0
107,scale_1.5,none,scale_1.5,scale_1.5,0.35,value,1,0.8678641732283464,0.9891226913946848,0.026066755496234,0.3777660815119816,0.8939811847646951,0.9230769230769232,-2.088643808044006,0.7421875
107,scale_1.5,none,scale_1.5,scale_1.5,0.7,dual,1,0.8769685039370079,0.9889429097080878,0.0,0.4485908025384568,0.9139122871268998,0.9230769230769232,2.443289166900634,0.3203125
107,scale_1.5,none,scale_1.5,scale_1.5,0.7,geometry,1,0.9315944881889764,0.984961006943088,0.0248112092109106,0.2382233830501734,0.9688358359274858,0.9230769230769232,-1.1370494384261485,1.0
107,scale_1.5,none,scale_1.5,scale_1.5,0.7,rank,1,0.8131151574803149,0.9630769213406182,0.0,0.9115938342888504,0.8208489745467862,0.7692307692307693,0.531149658441929,0.53125
107,scale_1.5,none,scale_1.5,scale_1.5,0.7,target_only,1,0.8467027559055118,0.8366601270196883,0.168178096696891,0.470564665968433,0.8822445522798023,0.3846153846153846,-0.6532830474703486,1.0
107,scale_1.5,none,scale_1.5,scale_1.5,0.7,value,1,0.8828740157480315,0.9897729349332032,0.0,0.4149306483546151,0.9190853323567112,0.9230769230769232,2.3771126949572228,0.3125
107,scale_1.5,none,scale_1.5,scale_1.5,1.0,dual,1,0.7620570866141733,0.7662889009207017,0.1586742557586176,0.9805231809298304,0.7461659952389673,0.3076923076923077,24.30463032225828,0.265625
107,scale_1.5,none,scale_1.5,scale_1.5,1.0,geometry,1,0.9124015748031497,0.9879584514505778,0.0286578700715861,0.2838746845397435,0.9444984892876764,0.9230769230769232,-0.6487219400568188,1.0
107,scale_1.5,none,scale_1.5,scale_1.5,1.0,rank,1,0.6995570866141733,0.6025496453749085,0.3217670734195265,1.0935758908541535,0.6246165995238967,0.0,2.746973874846243,0.4296875
107,scale_1.5,none,scale_1.5,scale_1.5,1.0,target_only,1,0.828617125984252,0.8235256731020429,0.1432029892059884,0.720857038515531,0.8566482787035341,0.2307692307692307,0.0803716790718169,0.9453125
107,scale_1.5,none,scale_1.5,scale_1.5,1.0,value,1,0.764886811023622,0.7768502469439016,0.1586742557586176,0.9688817437242064,0.751945614356345,0.2307692307692307,27.257606335211868,0.2421875
131,identity,identity_label_permutation,identity_label_permutation,identity_label_permutation,0.35,dual,1,0.8051181102362205,0.7709135239116249,0.2121238132747259,1.1180718573855022,0.8140107123237502,0.0769230769230769,-1.501354028091553,0.8671875
131,identity,identity_label_permutation,identity_label_permutation,identity_label_permutation,0.35,geometry,1,0.84498031496063,0.9044039727318164,0.0762742467654936,0.554256862231198,0.8814319721662699,0.4615384615384615,-2.096741634473025,0.84375
131,identity,identity_label_permutation,identity_label_permutation,identity_label_permutation,0.35,rank,1,0.8259104330708661,0.83227964027272,0.0762742467654936,0.7708465021024866,0.8470632668009521,0.2307692307692307,-1.9078736406014636,1.0
131,identity,identity_label_permutation,identity_label_permutation,identity_label_permutation,0.35,target_only,1,0.8224655511811023,0.8335763707341415,0.0762742467654936,0.6900938443985635,0.8515210126350485,0.2307692307692307,-1.9725986074660944,1.0
131,identity,identity_label_permutation,identity_label_permutation,identity_label_permutation,0.35,value,1,0.8051181102362205,0.7709135239116249,0.2121238132747259,1.118071857334739,0.8140107123237502,0.0769230769230769,-1.5013540281464794,0.8671875
131,identity,identity_label_permutation,identity_label_permutation,identity_label_permutation,0.7,dual,1,0.7988435039370079,0.7161614716537664,0.6410124533147437,2.234019816344877,0.8006260300311299,0.0,0.8449203567621715,0.609375
131,identity,identity_label_permutation,identity_label_permutation,identity_label_permutation,0.7,geometry,1,0.8118848425196851,0.938695475899812,0.0022592501709307,1.4861943323193123,0.8099535341512543,0.5384615384615384,0.1562769279447163,0.4765625
131,identity,identity_label_permutation,identity_label_permutation,identity_label_permutation,0.7,rank,1,0.7860482283464567,0.7709135239116249,0.4731282179487303,1.8936276222956283,0.7760426203991942,0.0769230769230769,-0.1777131009269548,0.65625
131,identity,identity_label_permutation,identity_label_permutation,identity_label_permutation,0.7,target_only,1,0.7892470472440944,0.7975867495842054,0.4731282179487303,1.770324650741648,0.7854502380516388,0.1538461538461538,-0.392585583289898,0.734375
131,identity,identity_label_permutation,identity_label_permutation,identity_label_permutation,0.7,value,1,0.7988435039370079,0.7161614716537664,0.6410124533147437,2.234019816267121,0.8006260300311299,0.0,0.8449203566097335,0.609375
131,identity,identity_label_permutation,identity_label_permutation,identity_label_permutation,1.0,dual,1,0.7450787401574803,0.7962414796883367,0.0752997582722009,1.2035682507071113,0.6754429133858267,0.3846153846153846,1.4326130223429017,0.71875
131,identity,identity_label_permutation,identity_label_permutation,identity_label_permutation,1.0,geometry,1,0.7775590551181102,0.9491622785971384,0.0,0.7138616667571421,0.7272763687969236,0.5384615384615384,0.7401691995131882,0.609375
131,identity,identity_label_permutation,identity_label_permutation,identity_label_permutation,1.0,rank,1,0.7287155511811023,0.7051212343699689,0.3000749595804774,1.0493467662592004,0.6474260666544589,0.0,0.6654120830414725,0.7421875
131,identity,identity_label_permutation,identity_label_permutation,identity_label_permutation,1.0,target_only,1,0.7405265748031497,0.7675970574102297,0.2572205209644783,0.9758297570166106,0.6699951931880608,0.0769230769230769,0.4087163440289376,0.7421875
131,identity,identity_label_permutation,identity_label_permutation,identity_label_permutation,1.0,value,1,0.7450787401574803,0.7962414796883367,0.0752997582722009,1.2035682506690788,0.6754429133858267,0.3846153846153846,1.4326130221999025,0.71875
131,identity,none,identity,identity,0.35,dual,1,0.9328248031496064,0.9970568405434524,0.0,0.0756172990913596,0.9582494048709026,1.0,-4.132062011174433,1.0
131,identity,none,identity,identity,0.35,geometry,1,0.84498031496063,0.9044039727318164,0.0762742467654936,0.554256862231198,0.8814319721662699,0.4615384615384615,-2.096741634473025,0.84375
131,identity,none,identity,identity,0.35,rank,1,0.9076033464566928,0.9794272255285076,0.0,0.2137705681533327,0.9404756454861746,0.7692307692307693,-3.082916933381558,0.8828125
131,identity,none,identity,identity,0.35,target_only,1,0.8224655511811023,0.8335763707341415,0.0762742467654936,0.6900938443985635,0.8515210126350485,0.2307692307692307,-1.9725986074660944,1.0
131,identity,none,identity,identity,0.35,value,1,0.9542322834645668,0.9998961427332717,0.0,0.0486471243551028,0.973213468229262,1.0,-4.570112848684362,1.0
131,identity,none,identity,identity,0.7,dual,1,0.87376968503937,0.9972291029264442,0.0,0.2971767336131875,0.8872173136788134,1.0,-0.9700977663961228,0.609375
131,identity,none,identity,identity,0.7,geometry,1,0.8118848425196851,0.938695475899812,0.0022592501709307,1.4861943323193123,0.8099535341512543,0.5384615384615384,0.1562769279447163,0.4765625
131,identity,none,identity,identity,0.7,rank,1,0.8398129921259843,0.990650309745315,0.0,0.7218234666863803,0.8452778795092473,0.8461538461538461,-0.2263509579075944,0.6640625
131,identity,none,identity,identity,0.7,target_only,1,0.7892470472440944,0.7975867495842054,0.4731282179487303,1.770324650741648,0.7854502380516388,0.1538461538461538,-0.392585583289898,0.734375
131,identity,none,identity,identity,0.7,value,1,0.905511811023622,0.999292262297564,0.0,0.1758635955132182,0.9303985075993406,1.0,-2.464745526021832,0.6796875
131,identity,none,identity,identity,1.0,dual,1,0.9272883858267716,0.9993540346069129,0.0,0.1976569640351452,0.9629818256729537,1.0,3.706694569430231,0.4140625
131,identity,none,identity,identity,1.0,geometry,1,0.7775590551181102,0.9491622785971384,0.0,0.7138616667571421,0.7272763687969236,0.5384615384615384,0.7401691995131882,0.609375
131,identity,none,identity,identity,1.0,rank,1,0.8587598425196851,0.9943669205335868,0.0,0.5234006145535444,0.8852831441127997,0.9230769230769232,4.068072170832231,0.46875
131,identity,none,identity,identity,1.0,target_only,1,0.7405265748031497,0.7675970574102297,0.2572205209644783,0.9758297570166106,0.6699951931880608,0.0769230769230769,0.4087163440289376,0.7421875
131,identity,none,identity,identity,1.0,value,1,0.9544783464566928,0.999893849125673,0.0,0.0917608507353338,0.9835881706647132,1.0,0.3133995561637914,0.515625
131,independent_expert,none,independent_expert,independent_expert,0.35,dual,1,0.6654773622047244,0.6836800632126031,0.3798002620124711,1.602583822194306,0.4844808643105657,0.0,0.2094634507036143,0.5390625
131,independent_expert,none,independent_expert,independent_expert,0.35,geometry,1,0.84498031496063,0.9044039727318164,0.0762742467654936,0.554256862231198,0.8814319721662699,0.4615384615384615,-2.096741634473025,0.84375
131,independent_expert,none,independent_expert,independent_expert,0.35,rank,1,0.6654773622047244,0.6836800632126031,0.3798002620124711,1.6025838221942923,0.4844808643105657,0.0,0.2094634507035906,0.5390625
131,independent_expert,none,independent_expert,independent_expert,0.35,target_only,1,0.8224655511811023,0.8335763707341415,0.0762742467654936,0.6900938443985635,0.8515210126350485,0.2307692307692307,-1.9725986074660944,1.0
131,independent_expert,none,independent_expert,independent_expert,0.35,value,1,0.7573818897637795,0.731285031962423,0.3576798932517821,1.0788428187910428,0.7192135140084234,0.0769230769230769,-1.2983746107717782,0.8203125
131,independent_expert,none,independent_expert,independent_expert,0.7,dual,1,0.6694143700787402,0.8590809369385868,0.0990020479179008,2.021635933384778,0.4668272752243179,0.5384615384615384,0.5266208764404038,0.59375
131,independent_expert,none,independent_expert,independent_expert,0.7,geometry,1,0.8118848425196851,0.938695475899812,0.0022592501709307,1.4861943323193123,0.8099535341512543,0.5384615384615384,0.1562769279447163,0.4765625
131,independent_expert,none,independent_expert,independent_expert,0.7,rank,1,0.6694143700787402,0.8590809369385868,0.0990020479179008,2.021635933384763,0.4668272752243179,0.5384615384615384,0.5266208764403967,0.59375
131,independent_expert,none,independent_expert,independent_expert,0.7,target_only,1,0.7892470472440944,0.7975867495842054,0.4731282179487303,1.770324650741648,0.7854502380516388,0.1538461538461538,-0.392585583289898,0.734375
131,independent_expert,none,independent_expert,independent_expert,0.7,value,1,0.7293307086614174,0.908375093535472,0.0,1.8038935180586,0.6144479033144112,0.5384615384615384,-0.2245667506718704,0.6953125
131,independent_expert,none,independent_expert,independent_expert,1.0,dual,1,0.6354576771653543,0.7193291132308596,0.2609664505542255,1.3744951037057085,0.405368751144479,0.0,2.5170455646765846,0.359375
131,independent_expert,none,independent_expert,independent_expert,1.0,geometry,1,0.7775590551181102,0.9491622785971384,0.0,0.7138616667571421,0.7272763687969236,0.5384615384615384,0.7401691995131882,0.609375
131,independent_expert,none,independent_expert,independent_expert,1.0,rank,1,0.6354576771653543,0.7193291132308596,0.2609664505542255,1.374495103705704,0.405368751144479,0.0,2.51704556467659,0.359375
131,independent_expert,none,independent_expert,independent_expert,1.0,target_only,1,0.7405265748031497,0.7675970574102297,0.2572205209644783,0.9758297570166106,0.6699951931880608,0.0769230769230769,0.4087163440289376,0.7421875
131,independent_expert,none,independent_expert,independent_expert,1.0,value,1,0.6935285433070866,0.7397962085197276,0.2609664505542255,1.141951928070467,0.5421053836293719,0.0,1.1438589634014686,0.5234375
131,output_affine,none,output_affine,output_affine,0.35,dual,1,0.9328248031496064,0.9970568405434524,0.0,0.0756172990913594,0.9582494048709026,1.0,-3.2157712793002884,1.0
131,output_affine,none,output_affine,output_affine,0.35,geometry,1,0.84498031496063,0.9044039727318164,0.0762742467654938,0.5542568622311973,0.8814319721662699,0.4615384615384615,-1.1804509025988708,0.84375
131,output_affine,none,output_affine,output_affine,0.35,rank,1,0.9076033464566928,0.9794272255285076,0.0,0.2137705681533321,0.9404756454861746,0.7692307692307693,-2.166626201507408,0.8828125
131,output_affine,none,output_affine,output_affine,0.35,target_only,1,0.8224655511811023,0.8335763707341415,0.0762742467654938,0.6900938443985628,0.8515210126350485,0.2307692307692307,-1.0563078755919384,1.0
131,output_affine,none,output_affine,output_affine,0.35,value,1,0.9542322834645668,0.9998961427332717,0.0,0.0486471243551029,0.973213468229262,1.0,-3.653822116810199,1.0
131,output_affine,none,output_affine,output_affine,0.7,dual,1,0.87376968503937,0.9972291029264442,0.0,0.2971767336131873,0.8872173136788134,1.0,-0.0538070345219859,0.609375
131,output_affine,none,output_affine,output_affine,0.7,geometry,1,0.8118848425196851,0.938695475899812,0.0022592501709304,1.4861943323193123,0.8099535341512543,0.5384615384615384,1.072567659818872,0.4765625
131,output_affine,none,output_affine,output_affine,0.7,rank,1,0.8398129921259843,0.990650309745315,0.0,0.7218234666863806,0.8452778795092473,0.8461538461538461,0.6899397739665591,0.6640625
131,output_affine,none,output_affine,output_affine,0.7,target_only,1,0.7892470472440944,0.7975867495842054,0.4731282179487298,1.7703246507416477,0.7854502380516388,0.1538461538461538,0.5237051485842577,0.734375
131,output_affine,none,output_affine,output_affine,0.7,value,1,0.905511811023622,0.999292262297564,0.0,0.1758635955132189,0.9303985075993406,1.0,-1.5484547941476694,0.6796875
131,output_affine,none,output_affine,output_affine,1.0,dual,1,0.9272883858267716,0.9993540346069129,0.0,0.1976569640351457,0.9629818256729537,1.0,4.6229853013044,0.4140625
131,output_affine,none,output_affine,output_affine,1.0,geometry,1,0.7775590551181102,0.9491622785971384,0.0,0.7138616667571424,0.7272763687969236,0.5384615384615384,1.656459931387345,0.609375
131,output_affine,none,output_affine,output_affine,1.0,rank,1,0.8587598425196851,0.9943669205335868,0.0,0.5234006145535446,0.8852831441127997,0.9230769230769232,4.984362902706375,0.46875
131,output_affine,none,output_affine,output_affine,1.0,target_only,1,0.7405265748031497,0.7675970574102297,0.2572205209644783,0.9758297570166105,0.6699951931880608,0.0769230769230769,1.325007075903093,0.7421875
131,output_affine,none,output_affine,output_affine,1.0,value,1,0.9544783464566928,0.999893849125673,0.0,0.0917608507353339,0.9835881706647132,1.0,1.229690288037918,0.515625
131,reversal,none,reversal,reversal,0.35,dual,1,0.8224655511811023,0.8662866290981459,0.0016238323868892,0.6900938443985635,0.8515210126350485,0.3076923076923077,-1.9725986074660944,1.0
131,reversal,none,reversal,reversal,0.35,geometry,1,0.8224655511811023,0.8662866290981459,0.0016238323868892,0.6900938443985635,0.8515210126350485,0.3076923076923077,-1.9725986074660944,1.0
131,reversal,none,reversal,reversal,0.35,rank,1,0.8224655511811023,0.8662866290981459,0.0016238323868892,0.6900938443985635,0.8515210126350485,0.3076923076923077,-1.9725986074660944,1.0
131,reversal,none,reversal,reversal,0.35,target_only,1,0.8224655511811023,0.8662866290981459,0.0016238323868892,0.6900938443985635,0.8515210126350485,0.3076923076923077,-1.9725986074660944,1.0
131,reversal,none,reversal,reversal,0.35,value,1,0.8224655511811023,0.8662866290981459,0.0016238323868892,0.6900938443985635,0.8515210126350485,0.3076923076923077,-1.9725986074660944,1.0
131,reversal,none,reversal,reversal,0.7,dual,1,0.7892470472440944,0.8557801064559432,0.0047474354114063,1.770324650741648,0.7854502380516388,0.3076923076923077,-0.392585583289898,0.734375
131,reversal,none,reversal,reversal,0.7,geometry,1,0.7892470472440944,0.8557801064559432,0.0047474354114063,1.770324650741648,0.7854502380516388,0.3076923076923077,-0.392585583289898,0.734375
131,reversal,none,reversal,reversal,0.7,rank,1,0.7892470472440944,0.8557801064559432,0.0047474354114063,1.770324650741648,0.7854502380516388,0.3076923076923077,-0.392585583289898,0.734375
131,reversal,none,reversal,reversal,0.7,target_only,1,0.7892470472440944,0.8557801064559432,0.0047474354114063,1.770324650741648,0.7854502380516388,0.3076923076923077,-0.392585583289898,0.734375
131,reversal,none,reversal,reversal,0.7,value,1,0.7892470472440944,0.8557801064559432,0.0047474354114063,1.770324650741648,0.7854502380516388,0.3076923076923077,-0.392585583289898,0.734375
131,reversal,none,reversal,reversal,1.0,dual,1,0.7405265748031497,0.8371092240414798,0.0006064352340054,0.9758297570166106,0.6699951931880608,0.3076923076923077,0.4087163440289376,0.7421875
131,reversal,none,reversal,reversal,1.0,geometry,1,0.7405265748031497,0.8371092240414798,0.0006064352340054,0.9758297570166106,0.6699951931880608,0.3076923076923077,0.4087163440289376,0.7421875
131,reversal,none,reversal,reversal,1.0,rank,1,0.7405265748031497,0.8371092240414798,0.0006064352340054,0.9758297570166106,0.6699951931880608,0.3076923076923077,0.4087163440289376,0.7421875
131,reversal,none,reversal,reversal,1.0,target_only,1,0.7405265748031497,0.8371092240414798,0.0006064352340054,0.9758297570166106,0.6699951931880608,0.3076923076923077,0.4087163440289376,0.7421875
131,reversal,none,reversal,reversal,1.0,value,1,0.7405265748031497,0.8371092240414798,0.0006064352340054,0.9758297570166106,0.6699951931880608,0.3076923076923077,0.4087163440289376,0.7421875
131,rotate_45,none,rotate_45,rotate_45,0.35,dual,1,0.8997293307086615,0.9976066132292076,0.0005115691660966,0.2182432636187576,0.9198006317524264,1.0,-1.7886640748840836,0.53125
131,rotate_45,none,rotate_45,rotate_45,0.35,geometry,1,0.8022883858267716,0.9579417951501926,0.0,0.7070619783060172,0.7998592290789233,0.5384615384615384,-1.7237405656486289,0.8046875
131,rotate_45,none,rotate_45,rotate_45,0.35,rank,1,0.8462106299212598,0.9843224349701312,0.0005115691660966,0.5084382652151497,0.8530031129829702,1.0,-0.9045469458059656,0.53125
131,rotate_45,none,rotate_45,rotate_45,0.35,target_only,1,0.8491633858267716,0.954250694798031,0.0013165952077946,0.5604198553020796,0.8773232924372826,0.5384615384615384,-2.081125895620336,1.0
131,rotate_45,none,rotate_45,rotate_45,0.35,value,1,0.955093503937008,0.9986142900892532,0.0,0.0491270334498031,0.9766182933528658,0.9230769230769232,-4.607484418114773,1.0
131,rotate_45,none,rotate_45,rotate_45,0.7,dual,1,0.8706938976377953,0.9985316230975892,0.0012025559096415,0.3165154078624205,0.8674750503570776,1.0,0.4968746937053426,0.4609375
131,rotate_45,none,rotate_45,rotate_45,0.7,geometry,1,0.86060531496063,0.943806063274156,0.0735490705579529,1.0588694140268071,0.8850313587255082,0.5384615384615384,-0.7247170448117483,0.65625
131,rotate_45,none,rotate_45,rotate_45,0.7,rank,1,0.8379675196850394,0.9940593158848894,0.0099578510279172,0.7432022725296209,0.8203454037722029,1.0,1.2565005907752562,0.4609375
131,rotate_45,none,rotate_45,rotate_45,0.7,target_only,1,0.8544537401574803,0.9943889875291864,0.0035297571528847,1.425011231433716,0.8695465574070682,0.9230769230769232,-0.976192854231762,0.90625
131,rotate_45,none,rotate_45,rotate_45,0.7,value,1,0.9336860236220472,0.9998534859141408,0.0,0.1130532451892753,0.9613280534700605,1.0,-3.4800463713265635,0.875
131,rotate_45,none,rotate_45,rotate_45,1.0,dual,1,0.9614911417322834,0.9987047593329408,0.0008217397210874,0.1866948660400301,0.98685565830434,1.0,5.071494245559144,0.3984375
131,rotate_45,none,rotate_45,rotate_45,1.0,geometry,1,0.8628198818897638,0.9424177328825596,0.0485831917259262,0.5385160757559669,0.8952401117011537,0.5384615384615384,0.3585536231933962,0.5546875
131,rotate_45,none,rotate_45,rotate_45,1.0,rank,1,0.9093257874015748,0.9967802166506275,0.0009377016966133,0.3921567575081438,0.9416945156564732,1.0,3.602134975556232,0.4296875
131,rotate_45,none,rotate_45,rotate_45,1.0,target_only,1,0.8415354330708661,0.9846306359162996,0.0009377016966133,0.8076795172736551,0.8530832265152902,1.0,-0.082522305412511,0.8046875
131,rotate_45,none,rotate_45,rotate_45,1.0,value,1,0.9800688976377953,0.9994385476039064,0.0,0.1062566130749736,0.9959828785936642,1.0,0.5966087018897884,0.6640625
131,roughness,none,roughness,roughness,0.35,dual,1,0.4638287401574803,0.7128044649729105,0.1983869900757106,1.831559537352675,-0.0863509430507233,0.5384615384615384,29.194295618920407,0.1484375
131,roughness,none,roughness,roughness,0.35,geometry,1,0.4586614173228346,0.7459237262318517,0.0,1.969423083684752,-0.091947445522798,0.5384615384615384,17.1173257308337,0.171875
131,roughness,none,roughness,roughness,0.35,rank,1,0.4609990157480315,0.7055225455327887,0.1983869900757106,1.8338185146642745,-0.0882908350119025,0.5384615384615384,21.90473978800182,0.1796875
131,roughness,none,roughness,roughness,0.35,target_only,1,0.4596456692913386,0.7190624415109405,0.004648360237061,2.016344086254102,-0.0908086888848196,0.5384615384615384,8.654705636890828,0.1875
131,roughness,none,roughness,roughness,0.35,value,1,0.4635826771653543,0.7153338709870369,0.1983869900757106,1.838896596203128,-0.0870834096319355,0.5384615384615384,30.51193430404177,0.140625
131,roughness,none,roughness,roughness,0.7,dual,1,0.6434547244094488,0.636992796832676,0.1503174859591081,1.175924495487927,0.4376087255081486,0.1538461538461538,22.766832520897097,0.359375
131,roughness,none,roughness,roughness,0.7,geometry,1,0.6384104330708661,0.5907466027623929,0.5097435487354192,1.3117025678474126,0.4343584050540193,0.2307692307692307,12.192738720659817,0.4453125
131,roughness,none,roughness,roughness,0.7,rank,1,0.6428395669291339,0.6489073018303688,0.1503174859591081,1.2183298872135628,0.4389477659769273,0.1538461538461538,17.681527185405564,0.3984375
131,roughness,none,roughness,roughness,0.7,target_only,1,0.6256151574803149,0.6330560189535119,0.5097435487354192,1.3514394703013666,0.3880298937923457,0.1538461538461538,6.333473525867669,0.5078125
131,roughness,none,roughness,roughness,0.7,value,1,0.640501968503937,0.636992796832676,0.1503174859591081,1.170596058196797,0.4324986266251602,0.1538461538461538,23.470111986975017,0.3515625
131,roughness,none,roughness,roughness,1.0,dual,1,0.6948818897637795,0.6840836989601586,0.2476909358421978,1.2045161672627622,0.5785112616736862,0.1538461538461538,12.045884640417771,0.390625
131,roughness,none,roughness,roughness,1.0,geometry,1,0.6769192913385826,0.5752790508075054,0.2476909358421978,1.0670306290811813,0.553630287493133,0.0,5.739849313517808,0.5078125
131,roughness,none,roughness,roughness,1.0,rank,1,0.6679379921259843,0.5970927544899376,0.2476909358421978,1.1477395258456091,0.5324917597509613,0.0,8.476643737888686,0.40625
131,roughness,none,roughness,roughness,1.0,target_only,1,0.6884842519685039,0.6549897559635772,0.2476909358421978,1.2181751294368317,0.5670092473905878,0.1538461538461538,2.970855632439103,0.5546875
131,roughness,none,roughness,roughness,1.0,value,1,0.6982037401574803,0.6813433084063758,0.2476909358421978,1.2266009740813033,0.5854639718000365,0.1538461538461538,12.761634693655454,0.328125
131,scale_0.7,none,scale_0.7,scale_0.7,0.35,dual,1,0.9293799212598424,0.9830256479957562,0.0,0.1856301229310332,0.9668558872001464,0.7692307692307693,0.1133343242789665,0.40625
131,scale_0.7,none,scale_0.7,scale_0.7,0.35,geometry,1,0.8227116141732284,0.9313277682473406,0.0005335228616727,0.5534974535797691,0.8371406335835927,0.5384615384615384,-2.500663834719261,0.7734375
131,scale_0.7,none,scale_0.7,scale_0.7,0.35,rank,1,0.8655265748031497,0.9510998611268482,0.0,0.4080979461904856,0.897260117194653,0.5384615384615384,1.211562924989484,0.40625
131,scale_0.7,none,scale_0.7,scale_0.7,0.35,target_only,1,0.8024114173228346,0.8659905393260569,0.0484987159441889,0.6526525534030072,0.8050208295184031,0.3076923076923077,-2.57515653011253,1.0
131,scale_0.7,none,scale_0.7,scale_0.7,0.35,value,1,0.970718503937008,0.9984953751754256,0.0,0.0635841284173251,0.9909528932429956,0.9230769230769232,-4.962150403666017,1.0
131,scale_0.7,none,scale_0.7,scale_0.7,0.7,dual,1,0.9029281496062992,0.993781254228613,0.0,0.2654487544941259,0.9331509796740522,0.8461538461538461,1.2118983827066567,0.4453125
131,scale_0.7,none,scale_0.7,scale_0.7,0.7,geometry,1,0.734251968503937,0.937720028947862,0.0014505003990217,0.9648699051087896,0.6523530488921442,0.5384615384615384,-0.7977884537723907,0.5390625
131,scale_0.7,none,scale_0.7,scale_0.7,0.7,rank,1,0.8314468503937008,0.985929793263098,0.0,0.5710575195668248,0.8139878227430873,0.7692307692307693,1.8548542328426136,0.453125
131,scale_0.7,none,scale_0.7,scale_0.7,0.7,target_only,1,0.7362204724409449,0.8390225791526631,0.1277258782302893,0.9717554150370314,0.6495547976561069,0.2307692307692307,-1.600223340907773,0.78125
131,scale_0.7,none,scale_0.7,scale_0.7,0.7,value,1,0.9499261811023622,0.9999579150426204,0.0,0.0918115834553929,0.9800173960813036,1.0,-3.9974981468265223,0.7578125
131,scale_0.7,none,scale_0.7,scale_0.7,1.0,dual,1,0.9258120078740156,0.9948401457216218,0.0119695480515956,0.1123241901618624,0.9575798846365134,0.9230769230769232,-3.416096858467667,0.828125
131,scale_0.7,none,scale_0.7,scale_0.7,1.0,geometry,1,0.7646407480314961,0.9399784856154974,0.0022592501709308,0.615112270517338,0.7536165537447354,0.5384615384615384,-1.8775085129178304,0.8828125
131,scale_0.7,none,scale_0.7,scale_0.7,1.0,rank,1,0.875492125984252,0.9904397717483756,0.0119695480515956,0.2336745906317641,0.898221479582494,0.8461538461538461,-2.726657149799673,0.8359375
131,scale_0.7,none,scale_0.7,scale_0.7,1.0,target_only,1,0.765255905511811,0.8359616047398812,0.1910846873845146,1.1167065408547343,0.7363234755539279,0.2307692307692307,-1.372093291677146,0.890625
131,scale_0.7,none,scale_0.7,scale_0.7,1.0,value,1,0.9494340551181102,0.999896616083408,0.0,0.0937373183714638,0.978615409265702,1.0,-3.7933094046065934,0.875
131,scale_1.5,none,scale_1.5,scale_1.5,0.35,dual,1,0.812130905511811,0.9446114195069414,0.0194466398070357,0.8758768527723554,0.8068348287859365,0.5384615384615384,-1.4827327767061806,0.8203125
131,scale_1.5,none,scale_1.5,scale_1.5,0.35,geometry,1,0.6505905511811023,0.9234594957579736,0.0,1.2686248802935107,0.4546957974729902,0.5384615384615384,-1.1618742825330606,0.765625
131,scale_1.5,none,scale_1.5,scale_1.5,0.35,rank,1,0.7555364173228346,0.9203504340922116,0.0194466398070357,1.6533491942281195,0.6869334828785936,0.4615384615384615,-0.6939828722317694,0.6875
131,scale_1.5,none,scale_1.5,scale_1.5,0.35,target_only,1,0.6374261811023622,0.8596469451176958,0.140396635176832,1.2315501853836963,0.4488417872184582,0.3076923076923077,-1.2683229778493672,1.0
131,scale_1.5,none,scale_1.5,scale_1.5,0.35,value,1,0.8476870078740157,0.9616469194451376,0.0194466398070357,0.6555334385714859,0.8540789232741256,0.6153846153846154,-1.8748124823209444,0.9296875
131,scale_1.5,none,scale_1.5,scale_1.5,0.7,dual,1,0.8095472440944882,0.928936431438252,0.0186717884957241,0.8651929559166351,0.8317730269181468,0.6923076923076923,1.9998779773930453,0.46875
131,scale_1.5,none,scale_1.5,scale_1.5,0.7,geometry,1,0.890255905511811,0.9421287752259032,0.0,0.4058590139531596,0.9258205914667642,0.5384615384615384,-1.017707745193695,0.9375
131,scale_1.5,none,scale_1.5,scale_1.5,0.7,rank,1,0.7741141732283464,0.9070185447574892,0.0186717884957241,1.103880760407205,0.7629955594213513,0.6153846153846154,1.503904590258999,0.4765625
131,scale_1.5,none,scale_1.5,scale_1.5,0.7,target_only,1,0.8372293307086615,0.8412761023465122,0.1182309397930987,0.6476506709132281,0.8686538637612158,0.2307692307692307,-0.547087603915957,1.0
131,scale_1.5,none,scale_1.5,scale_1.5,0.7,value,1,0.8179133858267716,0.9072843525148676,0.0186717884957241,0.7990273397167337,0.8427657480314961,0.6923076923076923,1.580757854484001,0.4765625
131,scale_1.5,none,scale_1.5,scale_1.5,1.0,dual,1,0.7052165354330708,0.7199323952182386,0.1567083873259726,0.934213493288512,0.6137955502655191,0.2307692307692307,5.062673794255853,0.4140625
131,scale_1.5,none,scale_1.5,scale_1.5,1.0,geometry,1,0.8726624015748031,0.9252155293067535,0.0,0.4660328765865978,0.9059409906610508,0.5384615384615384,-0.241415183206386,0.8515625
131,scale_1.5,none,scale_1.5,scale_1.5,1.0,rank,1,0.6536663385826772,0.7041768973591361,0.1567083873259726,1.115154416192639,0.4868041567478484,0.2307692307692307,3.509127230098421,0.4765625
131,scale_1.5,none,scale_1.5,scale_1.5,1.0,target_only,1,0.8234498031496063,0.8119679622750962,0.1565029304946784,0.7519728170010007,0.8411577549899285,0.1538461538461538,0.2608503832364268,0.8828125
131,scale_1.5,none,scale_1.5,scale_1.5,1.0,value,1,0.7239173228346457,0.7215248438584884,0.1567083873259726,0.8804756134184384,0.6574745925654641,0.2307692307692307,4.524947838758749,0.4609375
