method,step,best_y,normalized_regret,filter_active,retained_fraction,compatibility_trust,problem,dim,seed
Target-Only,0,-0.12722582054929782,1.0,0.0,1.0,0.0,GMM,2,42
Target-Only,1,-0.12722582054929782,1.0,0.0,1.0,0.0,GMM,2,42
Target-Only,2,-0.12722582054929782,1.0,0.0,1.0,0.0,GMM,2,42
Target-Only,3,-0.26263555622442913,0.8448853226217351,0.0,1.0,0.0,GMM,2,42
Target-Only,4,-0.4705810708373719,0.6066793970978162,0.0,1.0,0.0,GMM,2,42
Target-Only,5,-0.4705810708373719,0.6066793970978162,0.0,1.0,0.0,GMM,2,42
Target-Only,6,-0.4705810708373719,0.6066793970978162,0.0,1.0,0.0,GMM,2,42
Target-Only,7,-0.4705810708373719,0.6066793970978162,0.0,1.0,0.0,GMM,2,42
Target-Only,8,-0.4705810708373719,0.6066793970978162,0.0,1.0,0.0,GMM,2,42
Target-Only,9,-0.4705810708373719,0.6066793970978162,0.0,1.0,0.0,GMM,2,42
Target-Only,10,-0.4705810708373719,0.6066793970978162,0.0,1.0,0.0,GMM,2,42
Target-Only,11,-0.6706636649273292,0.37748061108342224,0.0,1.0,0.0,GMM,2,42
Target-Only,12,-0.7922177261415608,0.23823789788221644,0.0,1.0,0.0,GMM,2,42
Target-Only,13,-0.7922177261415608,0.23823789788221644,0.0,1.0,0.0,GMM,2,42
Target-Only,14,-0.7922177261415608,0.23823789788221644,0.0,1.0,0.0,GMM,2,42
Target-Only,15,-0.7922177261415608,0.23823789788221644,0.0,1.0,0.0,GMM,2,42
Target-Only,16,-0.7922177261415608,0.23823789788221644,0.0,1.0,0.0,GMM,2,42
Target-Only,17,-0.7934707969989845,0.23680247907121085,0.0,1.0,0.0,GMM,2,42
Target-Only,18,-0.7934707969989845,0.23680247907121085,0.0,1.0,0.0,GMM,2,42
Target-Only,19,-0.7934707969989845,0.23680247907121085,0.0,1.0,0.0,GMM,2,42
Target-Only,20,-0.7934707969989845,0.23680247907121085,0.0,1.0,0.0,GMM,2,42
Matching-Fixed-Filter,0,-0.12722582054929782,1.0,0.0,1.0,0.0,GMM,2,42
Matching-Fixed-Filter,1,-0.12722582054929782,1.0,1.0,0.25,1.0,GMM,2,42
Matching-Fixed-Filter,2,-0.3602650486909573,0.733048702078575,1.0,0.25,1.0,GMM,2,42
Matching-Fixed-Filter,3,-0.39250544756603817,0.6961166525097553,1.0,0.25,1.0,GMM,2,42
Matching-Fixed-Filter,4,-0.39250544756603817,0.6961166525097553,1.0,0.25,1.0,GMM,2,42
Matching-Fixed-Filter,5,-0.40227693765768474,0.6849232067393044,1.0,0.25,1.0,GMM,2,42
Matching-Fixed-Filter,6,-0.4431900695960257,0.6380563605003033,1.0,0.25,1.0,GMM,2,42
Matching-Fixed-Filter,7,-0.4431900695960257,0.6380563605003033,1.0,0.25,1.0,GMM,2,42
Matching-Fixed-Filter,8,-0.5872008314435752,0.4730890281913954,1.0,0.25,1.0,GMM,2,42
Matching-Fixed-Filter,9,-0.7350723128271706,0.303699161104645,1.0,0.25,1.0,GMM,2,42
Matching-Fixed-Filter,10,-0.7786073754634221,0.25382883854773514,1.0,0.25,1.0,GMM,2,42
Matching-Fixed-Filter,11,-0.7802054613079215,0.2519981978707087,1.0,0.25,1.0,GMM,2,42
Matching-Fixed-Filter,12,-0.7802054613079215,0.2519981978707087,1.0,0.25,1.0,GMM,2,42
Matching-Fixed-Filter,13,-0.7945868386764086,0.23552403004484498,1.0,0.25,1.0,GMM,2,42
Matching-Fixed-Filter,14,-0.7945868386764086,0.23552403004484498,1.0,0.25,1.0,GMM,2,42
Matching-Fixed-Filter,15,-0.7945868386764086,0.23552403004484498,1.0,0.25,1.0,GMM,2,42
Matching-Fixed-Filter,16,-0.7945868386764086,0.23552403004484498,1.0,0.25,1.0,GMM,2,42
Matching-Fixed-Filter,17,-0.7986302165633931,0.23089225631505403,1.0,0.25,1.0,GMM,2,42
Matching-Fixed-Filter,18,-0.7986302165633931,0.23089225631505403,1.0,0.25,1.0,GMM,2,42
Matching-Fixed-Filter,19,-0.7986302165633931,0.23089225631505403,1.0,0.25,1.0,GMM,2,42
Matching-Fixed-Filter,20,-0.7986302165633931,0.23089225631505403,1.0,0.25,1.0,GMM,2,42
Matching-Adaptive-Filter,0,-0.12722582054929782,1.0,0.0,1.0,0.0,GMM,2,42
Matching-Adaptive-Filter,1,-0.12722582054929782,1.0,1.0,0.91,0.12928571428568636,GMM,2,42
Matching-Adaptive-Filter,2,-0.13602196473358388,0.989923833315858,1.0,0.88,0.17199134199131766,GMM,2,42
Matching-Adaptive-Filter,3,-0.13602196473358388,0.989923833315858,1.0,0.9,0.1460317460317283,GMM,2,42
Matching-Adaptive-Filter,4,-0.13602196473358388,0.989923833315858,1.0,0.88,0.1629120879120716,GMM,2,42
Matching-Adaptive-Filter,5,-0.13602196473358388,0.989923833315858,1.0,0.86,0.1967738610595586,GMM,2,42
Matching-Adaptive-Filter,6,-0.21775889382063474,0.8962924757032421,1.0,0.83,0.23156565656563916,GMM,2,42
Matching-Adaptive-Filter,7,-0.21775889382063474,0.8962924757032421,1.0,0.81,0.2563461538461364,GMM,2,42
Matching-Adaptive-Filter,8,-0.21775889382063474,0.8962924757032421,1.0,0.83,0.23528358896004453,GMM,2,42
Matching-Adaptive-Filter,9,-0.21775889382063474,0.8962924757032421,1.0,0.8,0.2792972459638962,GMM,2,42
Matching-Adaptive-Filter,10,-0.283005528846062,0.8215510939885057,1.0,0.78,0.29439705031808666,GMM,2,42
Matching-Adaptive-Filter,11,-0.3719141107528198,0.7197044584429452,1.0,0.78,0.2938174178762261,GMM,2,42
Matching-Adaptive-Filter,12,-0.44319252573579115,0.6380535469409576,1.0,0.75,0.3334317969611924,GMM,2,42
Matching-Adaptive-Filter,13,-0.607761014148346,0.44953690993942524,1.0,0.71,0.3902195327891741,GMM,2,42
Matching-Adaptive-Filter,14,-0.7438295500130045,0.2936675631989779,1.0,0.68,0.43124812325914197,GMM,2,42
Matching-Adaptive-Filter,15,-0.7640519851128837,0.2705023418751115,1.0,0.67,0.4466165413533646,GMM,2,42
Matching-Adaptive-Filter,16,-0.7640519851128837,0.2705023418751115,1.0,0.66,0.4653708133971103,GMM,2,42
Matching-Adaptive-Filter,17,-0.7986302165633931,0.23089225631505403,1.0,0.64,0.48394723289131353,GMM,2,42
Matching-Adaptive-Filter,18,-0.7986302165633931,0.23089225631505403,1.0,0.62,0.5075375912332244,GMM,2,42
Matching-Adaptive-Filter,19,-0.7986302165633931,0.23089225631505403,1.0,0.63,0.4998200169395641,GMM,2,42
Matching-Adaptive-Filter,20,-0.7986302165633931,0.23089225631505403,1.0,0.61,0.5201333467881263,GMM,2,42
Random-Adaptive-Filter,0,-0.12722582054929782,1.0,0.0,1.0,0.0,GMM,2,42
Random-Adaptive-Filter,1,-0.12722582054929782,1.0,1.0,0.93,0.099999999999975,GMM,2,42
Random-Adaptive-Filter,2,-0.12722582054929782,1.0,1.0,0.95,0.079999999999984,GMM,2,42
Random-Adaptive-Filter,3,-0.26263555622442913,0.8448853226217351,1.0,0.96,0.06666666666665555,GMM,2,42
Random-Adaptive-Filter,4,-0.4705810708373719,0.6066793970978162,1.0,0.96,0.05714285714284898,GMM,2,42
Random-Adaptive-Filter,5,-0.4705810708373719,0.6066793970978162,0.0,1.0,0.04999999999999375,GMM,2,42
Random-Adaptive-Filter,6,-0.4705810708373719,0.6066793970978162,0.0,1.0,0.04444444444443951,GMM,2,42
Random-Adaptive-Filter,7,-0.4705810708373719,0.6066793970978162,0.0,1.0,0.039999999999996004,GMM,2,42
Random-Adaptive-Filter,8,-0.4705810708373719,0.6066793970978162,0.0,1.0,0.03636363636363306,GMM,2,42
Random-Adaptive-Filter,9,-0.4705810708373719,0.6066793970978162,0.0,1.0,0.03333333333333056,GMM,2,42
Random-Adaptive-Filter,10,-0.4705810708373719,0.6066793970978162,0.0,1.0,0.0307692307692284,GMM,2,42
Random-Adaptive-Filter,11,-0.6706636649273292,0.37748061108342224,0.0,1.0,0.028571428571426534,GMM,2,42
Random-Adaptive-Filter,12,-0.7922177261415608,0.23823789788221644,0.0,1.0,0.026666666666664892,GMM,2,42
Random-Adaptive-Filter,13,-0.7922177261415608,0.23823789788221644,0.0,1.0,0.02499999999999844,GMM,2,42
Random-Adaptive-Filter,14,-0.7922177261415608,0.23823789788221644,0.0,1.0,0.0235294117647045,GMM,2,42
Random-Adaptive-Filter,15,-0.7922177261415608,0.23823789788221644,0.0,1.0,0.02222222222222099,GMM,2,42
Random-Adaptive-Filter,16,-0.7922177261415608,0.23823789788221644,0.0,1.0,0.021052631578946265,GMM,2,42
Random-Adaptive-Filter,17,-0.7934707969989845,0.23680247907121085,0.0,1.0,0.019999999999999005,GMM,2,42
Random-Adaptive-Filter,18,-0.7934707969989845,0.23680247907121085,0.0,1.0,0.03546927609427457,GMM,2,42
Random-Adaptive-Filter,19,-0.7934707969989845,0.23680247907121085,0.0,1.0,0.01818181818181736,GMM,2,42
Random-Adaptive-Filter,20,-0.7934707969989845,0.23680247907121085,0.0,1.0,0.01739130434782533,GMM,2,42
Wrong-Adaptive-Filter,0,-0.12722582054929782,1.0,0.0,1.0,0.0,GMM,2,42
Wrong-Adaptive-Filter,1,-0.12722582054929782,1.0,1.0,0.83,0.2278571428571051,GMM,2,42
Wrong-Adaptive-Filter,2,-0.48148311360901846,0.5941908796447938,1.0,0.81,0.2547835497835179,GMM,2,42
Wrong-Adaptive-Filter,3,-0.6342679413665999,0.41917267177553885,1.0,0.8,0.27142857142854326,GMM,2,42
Wrong-Adaptive-Filter,4,-0.6342679413665999,0.41917267177553885,1.0,0.83,0.23582875457873267,GMM,2,42
Wrong-Adaptive-Filter,5,-0.6342679413665999,0.41917267177553885,1.0,0.8,0.2756441970727461,GMM,2,42
Wrong-Adaptive-Filter,6,-0.6342679413665999,0.41917267177553885,1.0,0.79,0.28815656565654457,GMM,2,42
Wrong-Adaptive-Filter,7,-0.7328265611545417,0.3062717165005677,1.0,0.8,0.2788548951048762,GMM,2,42
Wrong-Adaptive-Filter,8,-0.7947611274544244,0.23532437861330066,1.0,0.82,0.24331660986071202,GMM,2,42
Wrong-Adaptive-Filter,9,-0.7947611274544244,0.23532437861330066,1.0,0.8,0.2696649029982205,GMM,2,42
Wrong-Adaptive-Filter,10,-0.7947611274544244,0.23532437861330066,1.0,0.8,0.27992336610756113,GMM,2,42
Wrong-Adaptive-Filter,11,-0.7947611274544244,0.23532437861330066,1.0,0.78,0.2998281130633916,GMM,2,42
Wrong-Adaptive-Filter,12,-0.7947611274544244,0.23532437861330066,1.0,0.76,0.3333283464900949,GMM,2,42
Wrong-Adaptive-Filter,13,-0.7947611274544244,0.23532437861330066,1.0,0.75,0.34022656909652227,GMM,2,42
Wrong-Adaptive-Filter,14,-0.7947611274544244,0.23532437861330066,1.0,0.73,0.3612951611437115,GMM,2,42
Wrong-Adaptive-Filter,15,-0.7966863780245154,0.23311896391720782,1.0,0.72,0.37443609022554797,GMM,2,42
Wrong-Adaptive-Filter,16,-0.7966863780245154,0.23311896391720782,1.0,0.72,0.38390328092958115,GMM,2,42
Wrong-Adaptive-Filter,17,-0.909030299856859,0.10442665753651231,1.0,0.71,0.39695968627644107,GMM,2,42
Wrong-Adaptive-Filter,18,-0.909030299856859,0.10442665753651231,1.0,0.71,0.39943404019489476,GMM,2,42
Wrong-Adaptive-Filter,19,-0.909030299856859,0.10442665753651231,1.0,0.71,0.3972579051383255,GMM,2,42
Wrong-Adaptive-Filter,20,-0.909030299856859,0.10442665753651231,1.0,0.68,0.42677942066861,GMM,2,42
Oracle-Fixed-Filter,0,-0.12722582054929782,1.0,0.0,1.0,0.0,GMM,2,42
Oracle-Fixed-Filter,1,-0.1386422156661225,0.9869222812042289,1.0,0.25,1.0,GMM,2,42
Oracle-Fixed-Filter,2,-0.1386422156661225,0.9869222812042289,1.0,0.25,1.0,GMM,2,42
Oracle-Fixed-Filter,3,-0.21163025433728988,0.9033129600981564,1.0,0.25,1.0,GMM,2,42
Oracle-Fixed-Filter,4,-0.21163025433728988,0.9033129600981564,1.0,0.25,1.0,GMM,2,42
Oracle-Fixed-Filter,5,-0.21163025433728988,0.9033129600981564,1.0,0.25,1.0,GMM,2,42
Oracle-Fixed-Filter,6,-0.4969302244033298,0.5764958919443935,1.0,0.25,1.0,GMM,2,42
Oracle-Fixed-Filter,7,-0.6944467316245347,0.3502366119764931,1.0,0.25,1.0,GMM,2,42
Oracle-Fixed-Filter,8,-0.8349095249656523,0.18933355161582813,1.0,0.25,1.0,GMM,2,42
Oracle-Fixed-Filter,9,-0.945817271572212,0.0622864139203489,1.0,0.25,1.0,GMM,2,42
Oracle-Fixed-Filter,10,-0.9962773170132435,0.004483379079068427,1.0,0.25,1.0,GMM,2,42
Oracle-Fixed-Filter,11,-0.9962773170132435,0.004483379079068427,1.0,0.25,1.0,GMM,2,42
Oracle-Fixed-Filter,12,-0.9962773170132435,0.004483379079068427,1.0,0.25,1.0,GMM,2,42
Oracle-Fixed-Filter,13,-0.9962773170132435,0.004483379079068427,0.0,1.0,1.0,GMM,2,42
Oracle-Fixed-Filter,14,-0.9962773170132435,0.004483379079068427,0.0,1.0,1.0,GMM,2,42
Oracle-Fixed-Filter,15,-0.9962773170132435,0.004483379079068427,1.0,0.25,1.0,GMM,2,42
Oracle-Fixed-Filter,16,-0.9962773170132435,0.004483379079068427,0.0,1.0,1.0,GMM,2,42
Oracle-Fixed-Filter,17,-0.9962773170132435,0.004483379079068427,0.0,1.0,1.0,GMM,2,42
Oracle-Fixed-Filter,18,-0.9971765972623703,0.0034532347912854026,1.0,0.25,1.0,GMM,2,42
Oracle-Fixed-Filter,19,-0.9971765972623703,0.0034532347912854026,0.0,1.0,1.0,GMM,2,42
Oracle-Fixed-Filter,20,-0.9971765972623703,0.0034532347912854026,0.0,1.0,1.0,GMM,2,42
Matching-Soft-Rerank,0,-0.12722582054929782,1.0,0.0,1.0,,GMM,2,42
Matching-Soft-Rerank,1,-0.22506016845054047,0.8879287132823106,0.0,1.0,,GMM,2,42
Matching-Soft-Rerank,2,-0.22506016845054047,0.8879287132823106,0.0,1.0,,GMM,2,42
Matching-Soft-Rerank,3,-0.30098270999513,0.8009578579098355,0.0,1.0,,GMM,2,42
Matching-Soft-Rerank,4,-0.5328857603532536,0.5353080753444434,0.0,1.0,,GMM,2,42
Matching-Soft-Rerank,5,-0.5328857603532536,0.5353080753444434,0.0,1.0,,GMM,2,42
Matching-Soft-Rerank,6,-0.8729739869137657,0.14572991628472973,0.0,1.0,,GMM,2,42
Matching-Soft-Rerank,7,-0.9770860754428916,0.026467346700239945,0.0,1.0,,GMM,2,42
Matching-Soft-Rerank,8,-0.9770860754428916,0.026467346700239945,0.0,1.0,,GMM,2,42
Matching-Soft-Rerank,9,-0.9770860754428916,0.026467346700239945,0.0,1.0,,GMM,2,42
Matching-Soft-Rerank,10,-0.9950128682448536,0.005931831524472398,0.0,1.0,,GMM,2,42
Matching-Soft-Rerank,11,-0.9950128682448536,0.005931831524472398,0.0,1.0,,GMM,2,42
Matching-Soft-Rerank,12,-0.9950128682448536,0.005931831524472398,0.0,1.0,,GMM,2,42
Matching-Soft-Rerank,13,-0.9950128682448536,0.005931831524472398,0.0,1.0,,GMM,2,42
Matching-Soft-Rerank,14,-0.9950128682448536,0.005931831524472398,0.0,1.0,,GMM,2,42
Matching-Soft-Rerank,15,-0.9950128682448536,0.005931831524472398,0.0,1.0,,GMM,2,42
Matching-Soft-Rerank,16,-0.9950128682448536,0.005931831524472398,0.0,1.0,,GMM,2,42
Matching-Soft-Rerank,17,-0.9950128682448536,0.005931831524472398,0.0,1.0,,GMM,2,42
Matching-Soft-Rerank,18,-0.9950128682448536,0.005931831524472398,0.0,1.0,,GMM,2,42
Matching-Soft-Rerank,19,-0.9950128682448536,0.005931831524472398,0.0,1.0,,GMM,2,42
Matching-Soft-Rerank,20,-0.9950128682448536,0.005931831524472398,0.0,1.0,,GMM,2,42
Target-Only,0,-0.31590510428679913,1.0,0.0,1.0,0.0,GMM,2,101
Target-Only,1,-0.31590510428679913,1.0,0.0,1.0,0.0,GMM,2,101
Target-Only,2,-0.31590510428679913,1.0,0.0,1.0,0.0,GMM,2,101
Target-Only,3,-0.31590510428679913,1.0,0.0,1.0,0.0,GMM,2,101
Target-Only,4,-0.356004733142934,0.9413993182842566,0.0,1.0,0.0,GMM,2,101
Target-Only,5,-0.5802985487114772,0.6136214591899087,0.0,1.0,0.0,GMM,2,101
Target-Only,6,-0.5802985487114772,0.6136214591899087,0.0,1.0,0.0,GMM,2,101
Target-Only,7,-0.5892065470629109,0.6006035138620466,0.0,1.0,0.0,GMM,2,101
Target-Only,8,-0.5892065470629109,0.6006035138620466,0.0,1.0,0.0,GMM,2,101
Target-Only,9,-0.5892065470629109,0.6006035138620466,0.0,1.0,0.0,GMM,2,101
Target-Only,10,-0.60011766302207,0.5846582582144141,0.0,1.0,0.0,GMM,2,101
Target-Only,11,-0.60011766302207,0.5846582582144141,0.0,1.0,0.0,GMM,2,101
Target-Only,12,-0.60011766302207,0.5846582582144141,0.0,1.0,0.0,GMM,2,101
Target-Only,13,-0.6987475465437376,0.4405227991893408,0.0,1.0,0.0,GMM,2,101
Target-Only,14,-0.9731336533729544,0.039541209778422966,0.0,1.0,0.0,GMM,2,101
Target-Only,15,-0.9731336533729544,0.039541209778422966,0.0,1.0,0.0,GMM,2,101
Target-Only,16,-0.9766315621970214,0.034429445716834185,0.0,1.0,0.0,GMM,2,101
Target-Only,17,-0.9766315621970214,0.034429445716834185,0.0,1.0,0.0,GMM,2,101
Target-Only,18,-0.9963027284496863,0.005682452653991309,0.0,1.0,0.0,GMM,2,101
Target-Only,19,-0.9963027284496863,0.005682452653991309,0.0,1.0,0.0,GMM,2,101
Target-Only,20,-0.9963027284496863,0.005682452653991309,0.0,1.0,0.0,GMM,2,101
Matching-Fixed-Filter,0,-0.31590510428679913,1.0,0.0,1.0,0.0,GMM,2,101
Matching-Fixed-Filter,1,-0.31590510428679913,1.0,1.0,0.25,1.0,GMM,2,101
Matching-Fixed-Filter,2,-0.5913722145024235,0.5974386569308181,1.0,0.25,1.0,GMM,2,101
Matching-Fixed-Filter,3,-0.7381560355717248,0.38293213343248983,1.0,0.25,1.0,GMM,2,101
Matching-Fixed-Filter,4,-0.7381560355717248,0.38293213343248983,1.0,0.25,1.0,GMM,2,101
Matching-Fixed-Filter,5,-0.7381560355717248,0.38293213343248983,1.0,0.25,1.0,GMM,2,101
Matching-Fixed-Filter,6,-0.7381560355717248,0.38293213343248983,1.0,0.25,1.0,GMM,2,101
Matching-Fixed-Filter,7,-0.7983290892721999,0.294996607135807,1.0,0.25,1.0,GMM,2,101
Matching-Fixed-Filter,8,-0.7983290892721999,0.294996607135807,1.0,0.25,1.0,GMM,2,101
Matching-Fixed-Filter,9,-0.7983290892721999,0.294996607135807,0.0,1.0,1.0,GMM,2,101
Matching-Fixed-Filter,10,-0.7983290892721999,0.294996607135807,1.0,0.25,1.0,GMM,2,101
Matching-Fixed-Filter,11,-0.7983290892721999,0.294996607135807,1.0,0.25,1.0,GMM,2,101
Matching-Fixed-Filter,12,-0.7983290892721999,0.294996607135807,1.0,0.25,1.0,GMM,2,101
Matching-Fixed-Filter,13,-0.7983290892721999,0.294996607135807,1.0,0.25,1.0,GMM,2,101
Matching-Fixed-Filter,14,-0.7983290892721999,0.294996607135807,1.0,0.25,1.0,GMM,2,101
Matching-Fixed-Filter,15,-0.7983290892721999,0.294996607135807,1.0,0.25,1.0,GMM,2,101
Matching-Fixed-Filter,16,-0.9562394772127615,0.06422997294790309,1.0,0.25,1.0,GMM,2,101
Matching-Fixed-Filter,17,-0.9562394772127615,0.06422997294790309,1.0,0.25,1.0,GMM,2,101
Matching-Fixed-Filter,18,-0.9562394772127615,0.06422997294790309,1.0,0.25,1.0,GMM,2,101
Matching-Fixed-Filter,19,-0.9562394772127615,0.06422997294790309,1.0,0.25,1.0,GMM,2,101
Matching-Fixed-Filter,20,-0.989867530015028,0.015086704663405164,1.0,0.25,1.0,GMM,2,101
Matching-Adaptive-Filter,0,-0.31590510428679913,1.0,0.0,1.0,0.0,GMM,2,101
Matching-Adaptive-Filter,1,-0.31590510428679913,1.0,1.0,0.83,0.2278571428571051,GMM,2,101
Matching-Adaptive-Filter,2,-0.31590510428679913,1.0,1.0,0.84,0.22204545454542568,GMM,2,101
Matching-Adaptive-Filter,3,-0.31590510428679913,1.0,1.0,0.85,0.2055555555555329,GMM,2,101
Matching-Adaptive-Filter,4,-0.31590510428679913,1.0,1.0,0.84,0.21499542124540094,GMM,2,101
Matching-Adaptive-Filter,5,-0.31590510428679913,1.0,1.0,0.84,0.21825396825395,GMM,2,101
Matching-Adaptive-Filter,6,-0.44511063976078324,0.8111819815742572,1.0,0.83,0.23876262626260839,GMM,2,101
Matching-Adaptive-Filter,7,-0.5209865316350245,0.7002986862307317,1.0,0.81,0.2639947552447372,GMM,2,101
Matching-Adaptive-Filter,8,-0.5209865316350245,0.7002986862307317,1.0,0.75,0.34492456073336286,GMM,2,101
Matching-Adaptive-Filter,9,-0.5759536254953195,0.6199710307378871,1.0,0.8,0.2764482431148935,GMM,2,101
Matching-Adaptive-Filter,10,-0.5792342437571923,0.6151768101408689,1.0,0.74,0.3584947946789856,GMM,2,101
Matching-Adaptive-Filter,11,-0.5989459314482719,0.5863705999734556,1.0,0.76,0.33297249809012786,GMM,2,101
Matching-Adaptive-Filter,12,-0.5989459314482719,0.5863705999734556,1.0,0.74,0.3536908475511244,GMM,2,101
Matching-Adaptive-Filter,13,-0.5989459314482719,0.5863705999734556,1.0,0.73,0.3656745473308771,GMM,2,101
Matching-Adaptive-Filter,14,-0.5989459314482719,0.5863705999734556,1.0,0.72,0.375186494829095,GMM,2,101
Matching-Adaptive-Filter,15,-0.5989459314482719,0.5863705999734556,1.0,0.71,0.39248120300750217,GMM,2,101
Matching-Adaptive-Filter,16,-0.6446233969402336,0.5196185951985591,1.0,0.69,0.4260721120984106,GMM,2,101
Matching-Adaptive-Filter,17,-0.6446233969402336,0.5196185951985591,1.0,0.69,0.41918094328030586,GMM,2,101
Matching-Adaptive-Filter,18,-0.6446233969402336,0.5196185951985591,1.0,0.68,0.4386908029570908,GMM,2,101
Matching-Adaptive-Filter,19,-0.9313767147289583,0.10056384616440213,1.0,0.67,0.4454721908526096,GMM,2,101
Matching-Adaptive-Filter,20,-0.989867530015028,0.015086704663405164,1.0,0.66,0.4564968590365291,GMM,2,101
Random-Adaptive-Filter,0,-0.31590510428679913,1.0,0.0,1.0,0.0,GMM,2,101
Random-Adaptive-Filter,1,-0.31590510428679913,1.0,1.0,0.93,0.10285714285711757,GMM,2,101
Random-Adaptive-Filter,2,-0.31590510428679913,1.0,1.0,0.94,0.08974025974024286,GMM,2,101
Random-Adaptive-Filter,3,-0.31590510428679913,1.0,1.0,0.93,0.10555555555554119,GMM,2,101
Random-Adaptive-Filter,4,-0.356004733142934,0.9413993182842566,1.0,0.95,0.06916208791207881,GMM,2,101
Random-Adaptive-Filter,5,-0.5802985487114772,0.6136214591899087,1.0,0.96,0.05566893424035615,GMM,2,101
Random-Adaptive-Filter,6,-0.5802985487114772,0.6136214591899087,1.0,0.96,0.06277777777777163,GMM,2,101
Random-Adaptive-Filter,7,-0.5892065470629109,0.6006035138620466,1.0,0.95,0.07256118881118279,GMM,2,101
Random-Adaptive-Filter,8,-0.5892065470629109,0.6006035138620466,1.0,0.95,0.07196345321344781,GMM,2,101
Random-Adaptive-Filter,9,-0.5892065470629109,0.6006035138620466,1.0,0.93,0.1036087369420636,GMM,2,101
Random-Adaptive-Filter,10,-0.60011766302207,0.5846582582144141,1.0,0.91,0.12278050896471229,GMM,2,101
Random-Adaptive-Filter,11,-0.60011766302207,0.5846582582144141,1.0,0.91,0.1269136745607264,GMM,2,101
Random-Adaptive-Filter,12,-0.60011766302207,0.5846582582144141,1.0,0.89,0.15463489941430333,GMM,2,101
Random-Adaptive-Filter,13,-0.6987475465437376,0.4405227991893408,1.0,0.94,0.08303780842480118,GMM,2,101
Random-Adaptive-Filter,14,-0.9731336533729544,0.039541209778422966,1.0,0.94,0.089560920301931,GMM,2,101
Random-Adaptive-Filter,15,-0.9731336533729544,0.039541209778422966,1.0,0.92,0.10743525480367108,GMM,2,101
Random-Adaptive-Filter,16,-0.9766315621970214,0.034429445716834185,1.0,0.93,0.10461756664387795,GMM,2,101
Random-Adaptive-Filter,17,-0.9766315621970214,0.034429445716834185,1.0,0.94,0.08063129417166351,GMM,2,101
Random-Adaptive-Filter,18,-0.9963027284496863,0.005682452653991309,0.0,1.0,0.049028784218999644,GMM,2,101
Random-Adaptive-Filter,19,-0.9963027284496863,0.005682452653991309,0.0,1.0,0.049315358554487015,GMM,2,101
Random-Adaptive-Filter,20,-0.9963027284496863,0.005682452653991309,1.0,0.94,0.08049465510457147,GMM,2,101
Wrong-Adaptive-Filter,0,-0.31590510428679913,1.0,0.0,1.0,0.0,GMM,2,101
Wrong-Adaptive-Filter,1,-0.31590510428679913,1.0,1.0,0.85,0.20714285714282143,GMM,2,101
Wrong-Adaptive-Filter,2,-0.7643106688791859,0.3447103497012417,1.0,0.84,0.2171753246752962,GMM,2,101
Wrong-Adaptive-Filter,3,-0.7643106688791859,0.3447103497012417,1.0,0.86,0.19365079365077195,GMM,2,101
Wrong-Adaptive-Filter,4,-0.7643106688791859,0.3447103497012417,1.0,0.88,0.16771978021976358,GMM,2,101
Wrong-Adaptive-Filter,5,-0.7851331346093465,0.3142808738782146,1.0,0.85,0.21046176046174275,GMM,2,101
Wrong-Adaptive-Filter,6,-0.7851331346093465,0.3142808738782146,1.0,0.86,0.1998989898989746,GMM,2,101
Wrong-Adaptive-Filter,7,-0.7851331346093465,0.3142808738782146,1.0,0.89,0.15866258741257602,GMM,2,101
Wrong-Adaptive-Filter,8,-0.7851331346093465,0.3142808738782146,1.0,0.9,0.13671916318974225,GMM,2,101
Wrong-Adaptive-Filter,9,-0.7851331346093465,0.3142808738782146,1.0,0.86,0.18907882241214433,GMM,2,101
Wrong-Adaptive-Filter,10,-0.7988481767499889,0.29423802455197134,1.0,0.83,0.22719780219778948,GMM,2,101
Wrong-Adaptive-Filter,11,-0.7988481767499889,0.29423802455197134,1.0,0.85,0.20017570664628426,GMM,2,101
Wrong-Adaptive-Filter,12,-0.7988481767499889,0.29423802455197134,1.0,0.81,0.25477495543670753,GMM,2,101
Wrong-Adaptive-Filter,13,-0.857411684378831,0.2086546521215745,1.0,0.8,0.2798902336053908,GMM,2,101
Wrong-Adaptive-Filter,14,-0.857411684378831,0.2086546521215745,1.0,0.8,0.2751600910269517,GMM,2,101
Wrong-Adaptive-Filter,15,-0.9120350189555001,0.12882935859419503,1.0,0.81,0.2639933166248843,GMM,2,101
Wrong-Adaptive-Filter,16,-0.9120350189555001,0.12882935859419503,1.0,0.78,0.3055266575529609,GMM,2,101
Wrong-Adaptive-Filter,17,-0.9120350189555001,0.12882935859419503,1.0,0.79,0.28605816543703627,GMM,2,101
Wrong-Adaptive-Filter,18,-0.9850065199928044,0.02219047368209979,1.0,0.78,0.30257420216658204,GMM,2,101
Wrong-Adaptive-Filter,19,-0.9850065199928044,0.02219047368209979,1.0,0.75,0.33716473743646436,GMM,2,101
Wrong-Adaptive-Filter,20,-0.9850065199928044,0.02219047368209979,1.0,0.77,0.31262052302467574,GMM,2,101
Oracle-Fixed-Filter,0,-0.31590510428679913,1.0,0.0,1.0,0.0,GMM,2,101
Oracle-Fixed-Filter,1,-0.31590510428679913,1.0,1.0,0.25,1.0,GMM,2,101
Oracle-Fixed-Filter,2,-0.31590510428679913,1.0,1.0,0.25,1.0,GMM,2,101
Oracle-Fixed-Filter,3,-0.3623956659333409,0.9320597550763032,1.0,0.25,1.0,GMM,2,101
Oracle-Fixed-Filter,4,-0.3623956659333409,0.9320597550763032,1.0,0.25,1.0,GMM,2,101
Oracle-Fixed-Filter,5,-0.5276544171845408,0.6905543905863487,1.0,0.25,1.0,GMM,2,101
Oracle-Fixed-Filter,6,-0.5276544171845408,0.6905543905863487,1.0,0.25,1.0,GMM,2,101
Oracle-Fixed-Filter,7,-0.5276544171845408,0.6905543905863487,1.0,0.25,1.0,GMM,2,101
Oracle-Fixed-Filter,8,-0.5276544171845408,0.6905543905863487,1.0,0.25,1.0,GMM,2,101
Oracle-Fixed-Filter,9,-0.5748830937171011,0.6215354814271199,1.0,0.25,1.0,GMM,2,101
Oracle-Fixed-Filter,10,-0.5748830937171011,0.6215354814271199,1.0,0.25,1.0,GMM,2,101
Oracle-Fixed-Filter,11,-0.5748830937171011,0.6215354814271199,1.0,0.25,1.0,GMM,2,101
Oracle-Fixed-Filter,12,-0.5748830937171011,0.6215354814271199,1.0,0.25,1.0,GMM,2,101
Oracle-Fixed-Filter,13,-0.8683467837977273,0.19267434759367566,1.0,0.25,1.0,GMM,2,101
Oracle-Fixed-Filter,14,-0.9813616456715163,0.027517009764565642,1.0,0.25,1.0,GMM,2,101
Oracle-Fixed-Filter,15,-0.9813616456715163,0.027517009764565642,1.0,0.25,1.0,GMM,2,101
Oracle-Fixed-Filter,16,-0.9813616456715163,0.027517009764565642,1.0,0.25,1.0,GMM,2,101
Oracle-Fixed-Filter,17,-1.0000532300678118,0.00020155525250504442,1.0,0.25,1.0,GMM,2,101
Oracle-Fixed-Filter,18,-1.0000532300678118,0.00020155525250504442,0.0,1.0,1.0,GMM,2,101
Oracle-Fixed-Filter,19,-1.0000532300678118,0.00020155525250504442,0.0,1.0,1.0,GMM,2,101
Oracle-Fixed-Filter,20,-1.0000532300678118,0.00020155525250504442,0.0,1.0,1.0,GMM,2,101
Matching-Soft-Rerank,0,-0.31590510428679913,1.0,0.0,1.0,,GMM,2,101
Matching-Soft-Rerank,1,-0.587249249408437,0.6034638639486845,0.0,1.0,,GMM,2,101
Matching-Soft-Rerank,2,-0.587249249408437,0.6034638639486845,0.0,1.0,,GMM,2,101
Matching-Soft-Rerank,3,-0.6632457722775272,0.492404281224556,0.0,1.0,,GMM,2,101
Matching-Soft-Rerank,4,-0.7467530764467913,0.37036861425817375,0.0,1.0,,GMM,2,101
Matching-Soft-Rerank,5,-0.7467530764467913,0.37036861425817375,0.0,1.0,,GMM,2,101
Matching-Soft-Rerank,6,-0.7467530764467913,0.37036861425817375,0.0,1.0,,GMM,2,101
Matching-Soft-Rerank,7,-0.7467530764467913,0.37036861425817375,0.0,1.0,,GMM,2,101
Matching-Soft-Rerank,8,-0.7467530764467913,0.37036861425817375,0.0,1.0,,GMM,2,101
Matching-Soft-Rerank,9,-0.7944097910364193,0.30072418005893936,0.0,1.0,,GMM,2,101
Matching-Soft-Rerank,10,-0.7944097910364193,0.30072418005893936,0.0,1.0,,GMM,2,101
Matching-Soft-Rerank,11,-0.7944097910364193,0.30072418005893936,0.0,1.0,,GMM,2,101
Matching-Soft-Rerank,12,-0.7944097910364193,0.30072418005893936,0.0,1.0,,GMM,2,101
Matching-Soft-Rerank,13,-0.9411116714310355,0.08633740279103193,0.0,1.0,,GMM,2,101
Matching-Soft-Rerank,14,-0.9411116714310355,0.08633740279103193,0.0,1.0,,GMM,2,101
Matching-Soft-Rerank,15,-0.974077548378133,0.03816182317686628,0.0,1.0,,GMM,2,101
Matching-Soft-Rerank,16,-0.9766315621970214,0.034429445716834185,0.0,1.0,,GMM,2,101
Matching-Soft-Rerank,17,-0.9766315621970214,0.034429445716834185,0.0,1.0,,GMM,2,101
Matching-Soft-Rerank,18,-0.9766315621970214,0.034429445716834185,0.0,1.0,,GMM,2,101
Matching-Soft-Rerank,19,-0.9972385180457353,0.004314911112205139,0.0,1.0,,GMM,2,101
Matching-Soft-Rerank,20,-0.9972385180457353,0.004314911112205139,0.0,1.0,,GMM,2,101
Target-Only,0,-0.44113973547464025,1.0,0.0,1.0,0.0,GMM,2,2026
Target-Only,1,-0.44113973547464025,1.0,0.0,1.0,0.0,GMM,2,2026
Target-Only,2,-0.44113973547464025,1.0,0.0,1.0,0.0,GMM,2,2026
Target-Only,3,-0.5859530796737963,0.7409659647678252,0.0,1.0,0.0,GMM,2,2026
Target-Only,4,-0.5859530796737963,0.7409659647678252,0.0,1.0,0.0,GMM,2,2026
Target-Only,5,-0.5859530796737963,0.7409659647678252,0.0,1.0,0.0,GMM,2,2026
Target-Only,6,-0.599020962660773,0.7175908643530238,0.0,1.0,0.0,GMM,2,2026
Target-Only,7,-0.8843370736026062,0.20723331448266694,0.0,1.0,0.0,GMM,2,2026
Target-Only,8,-0.8843370736026062,0.20723331448266694,0.0,1.0,0.0,GMM,2,2026
Target-Only,9,-0.9474422032272775,0.09435437738659695,0.0,1.0,0.0,GMM,2,2026
Target-Only,10,-0.9474422032272775,0.09435437738659695,0.0,1.0,0.0,GMM,2,2026
Target-Only,11,-0.9896914369523241,0.018781303939613463,0.0,1.0,0.0,GMM,2,2026
Target-Only,12,-0.9896914369523241,0.018781303939613463,0.0,1.0,0.0,GMM,2,2026
Target-Only,13,-0.9896914369523241,0.018781303939613463,0.0,1.0,0.0,GMM,2,2026
Target-Only,14,-0.9896914369523241,0.018781303939613463,0.0,1.0,0.0,GMM,2,2026
Target-Only,15,-0.9995378814428538,0.001168533078083986,0.0,1.0,0.0,GMM,2,2026
Target-Only,16,-0.9995378814428538,0.001168533078083986,0.0,1.0,0.0,GMM,2,2026
Target-Only,17,-0.9995378814428538,0.001168533078083986,0.0,1.0,0.0,GMM,2,2026
Target-Only,18,-0.9995378814428538,0.001168533078083986,0.0,1.0,0.0,GMM,2,2026
Target-Only,19,-0.9995378814428538,0.001168533078083986,0.0,1.0,0.0,GMM,2,2026
Target-Only,20,-0.9995378814428538,0.001168533078083986,0.0,1.0,0.0,GMM,2,2026
Matching-Fixed-Filter,0,-0.44113973547464025,1.0,0.0,1.0,0.0,GMM,2,2026
Matching-Fixed-Filter,1,-0.44113973547464025,1.0,1.0,0.25,1.0,GMM,2,2026
Matching-Fixed-Filter,2,-0.44113973547464025,1.0,1.0,0.25,1.0,GMM,2,2026
Matching-Fixed-Filter,3,-0.5245192964902725,0.8508552905451621,1.0,0.25,1.0,GMM,2,2026
Matching-Fixed-Filter,4,-0.5245192964902725,0.8508552905451621,1.0,0.25,1.0,GMM,2,2026
Matching-Fixed-Filter,5,-0.6307842026013546,0.6607745518829428,1.0,0.25,1.0,GMM,2,2026
Matching-Fixed-Filter,6,-0.6307842026013546,0.6607745518829428,1.0,0.25,1.0,GMM,2,2026
Matching-Fixed-Filter,7,-0.6307842026013546,0.6607745518829428,1.0,0.25,1.0,GMM,2,2026
Matching-Fixed-Filter,8,-0.6307842026013546,0.6607745518829428,1.0,0.25,1.0,GMM,2,2026
Matching-Fixed-Filter,9,-0.6307842026013546,0.6607745518829428,1.0,0.25,1.0,GMM,2,2026
Matching-Fixed-Filter,10,-0.6307842026013546,0.6607745518829428,1.0,0.25,1.0,GMM,2,2026
Matching-Fixed-Filter,11,-0.6307842026013546,0.6607745518829428,1.0,0.25,1.0,GMM,2,2026
Matching-Fixed-Filter,12,-0.7936072812314083,0.36952570793342004,1.0,0.25,1.0,GMM,2,2026
Matching-Fixed-Filter,13,-0.9288715654912351,0.12757249865991258,1.0,0.25,1.0,GMM,2,2026
Matching-Fixed-Filter,14,-0.9861776788319587,0.025066518536248448,1.0,0.25,1.0,GMM,2,2026
Matching-Fixed-Filter,15,-0.9861776788319587,0.025066518536248448,1.0,0.25,1.0,GMM,2,2026
Matching-Fixed-Filter,16,-0.9861776788319587,0.025066518536248448,1.0,0.25,1.0,GMM,2,2026
Matching-Fixed-Filter,17,-0.9942533510379904,0.01062120639799804,1.0,0.25,1.0,GMM,2,2026
Matching-Fixed-Filter,18,-0.9942533510379904,0.01062120639799804,1.0,0.25,1.0,GMM,2,2026
Matching-Fixed-Filter,19,-0.9942533510379904,0.01062120639799804,1.0,0.25,1.0,GMM,2,2026
Matching-Fixed-Filter,20,-0.9942533510379904,0.01062120639799804,1.0,0.25,1.0,GMM,2,2026
Matching-Adaptive-Filter,0,-0.44113973547464025,1.0,0.0,1.0,0.0,GMM,2,2026
Matching-Adaptive-Filter,1,-0.44113973547464025,1.0,1.0,0.84,0.22214285714281995,GMM,2,2026
Matching-Adaptive-Filter,2,-0.44113973547464025,1.0,1.0,0.8,0.2764285714285376,GMM,2,2026
Matching-Adaptive-Filter,3,-0.44113973547464025,1.0,1.0,0.81,0.25555555555552867,GMM,2,2026
Matching-Adaptive-Filter,4,-0.44113973547464025,1.0,1.0,0.82,0.24544413919411656,GMM,2,2026
Matching-Adaptive-Filter,5,-0.6414648392362764,0.641669624628535,1.0,0.83,0.23738404452688203,GMM,2,2026
Matching-Adaptive-Filter,6,-0.6877240893075445,0.5589236575421352,1.0,0.83,0.23944444444442653,GMM,2,2026
Matching-Adaptive-Filter,7,-0.8548431684685122,0.2599903673902529,1.0,0.82,0.25153846153844434,GMM,2,2026
Matching-Adaptive-Filter,8,-0.9792859915626656,0.037393984439308574,1.0,0.84,0.21512360188829394,GMM,2,2026
Matching-Adaptive-Filter,9,-0.9792859915626656,0.037393984439308574,1.0,0.81,0.2559625559625408,GMM,2,2026
Matching-Adaptive-Filter,10,-0.9792859915626656,0.037393984439308574,1.0,0.78,0.30370156159628164,GMM,2,2026
Matching-Adaptive-Filter,11,-0.997815037673707,0.004250259945622894,1.0,0.81,0.2620794499617892,GMM,2,2026
Matching-Adaptive-Filter,12,-0.997815037673707,0.004250259945622894,0.0,1.0,0.2715684152448724,GMM,2,2026
Matching-Adaptive-Filter,13,-0.997815037673707,0.004250259945622894,1.0,0.78,0.30566657284922105,GMM,2,2026
Matching-Adaptive-Filter,14,-0.997815037673707,0.004250259945622894,1.0,0.75,0.3352262961160376,GMM,2,2026
Matching-Adaptive-Filter,15,-0.997815037673707,0.004250259945622894,1.0,0.73,0.3610693400166931,GMM,2,2026
Matching-Adaptive-Filter,16,-0.997815037673707,0.004250259945622894,1.0,0.7,0.4111695146958138,GMM,2,2026
Matching-Adaptive-Filter,17,-0.997815037673707,0.004250259945622894,1.0,0.69,0.4264755120655576,GMM,2,2026
Matching-Adaptive-Filter,18,-0.997815037673707,0.004250259945622894,1.0,0.68,0.4356734398853801,GMM,2,2026
Matching-Adaptive-Filter,19,-0.997815037673707,0.004250259945622894,1.0,0.68,0.4344861660078894,GMM,2,2026
Matching-Adaptive-Filter,20,-0.997815037673707,0.004250259945622894,1.0,0.67,0.45018659222423413,GMM,2,2026
Random-Adaptive-Filter,0,-0.44113973547464025,1.0,0.0,1.0,0.0,GMM,2,2026
Random-Adaptive-Filter,1,-0.44113973547464025,1.0,1.0,0.92,0.11499999999997351,GMM,2,2026
Random-Adaptive-Filter,2,-0.44113973547464025,1.0,1.0,0.95,0.079999999999984,GMM,2,2026
Random-Adaptive-Filter,3,-0.5859530796737963,0.7409659647678252,1.0,0.96,0.06666666666665555,GMM,2,2026
Random-Adaptive-Filter,4,-0.5859530796737963,0.7409659647678252,1.0,0.94,0.09320054945053852,GMM,2,2026
Random-Adaptive-Filter,5,-0.5859530796737963,0.7409659647678252,1.0,0.95,0.06700680272108096,GMM,2,2026
Random-Adaptive-Filter,6,-0.599020962660773,0.7175908643530238,1.0,0.95,0.07194444444443765,GMM,2,2026
Random-Adaptive-Filter,7,-0.8843370736026062,0.20723331448266694,1.0,0.91,0.12107517482516575,GMM,2,2026
Random-Adaptive-Filter,8,-0.8843370736026062,0.20723331448266694,1.0,0.94,0.09212344028519838,GMM,2,2026
Random-Adaptive-Filter,9,-0.9474422032272775,0.09435437738659695,1.0,0.95,0.06989553656219845,GMM,2,2026
Random-Adaptive-Filter,10,-0.9474422032272775,0.09435437738659695,0.0,1.0,0.03697223828802508,GMM,2,2026
Random-Adaptive-Filter,11,-0.9896914369523241,0.018781303939613463,0.0,1.0,0.028571428571426534,GMM,2,2026
Random-Adaptive-Filter,12,-0.9896914369523241,0.018781303939613463,0.0,1.0,0.026666666666664892,GMM,2,2026
Random-Adaptive-Filter,13,-0.9896914369523241,0.018781303939613463,0.0,1.0,0.02499999999999844,GMM,2,2026
Random-Adaptive-Filter,14,-0.9896914369523241,0.018781303939613463,0.0,1.0,0.041836047920310114,GMM,2,2026
Random-Adaptive-Filter,15,-0.9995378814428538,0.001168533078083986,1.0,0.95,0.07401837928153376,GMM,2,2026
Random-Adaptive-Filter,16,-0.9995378814428538,0.001168533078083986,1.0,0.96,0.060792891319204415,GMM,2,2026
Random-Adaptive-Filter,17,-0.9995378814428538,0.001168533078083986,1.0,0.95,0.07932204441520885,GMM,2,2026
Random-Adaptive-Filter,18,-0.9995378814428538,0.001168533078083986,1.0,0.92,0.11474024666959007,GMM,2,2026
Random-Adaptive-Filter,19,-0.9995378814428538,0.001168533078083986,1.0,0.9,0.1450839920948563,GMM,2,2026
Random-Adaptive-Filter,20,-0.9995378814428538,0.001168533078083986,1.0,0.87,0.17953833391561502,GMM,2,2026
Wrong-Adaptive-Filter,0,-0.44113973547464025,1.0,0.0,1.0,0.0,GMM,2,2026
Wrong-Adaptive-Filter,1,-0.44113973547464025,1.0,1.0,0.85,0.2028571428571076,GMM,2,2026
Wrong-Adaptive-Filter,2,-0.44113973547464025,1.0,1.0,0.87,0.1746969696969451,GMM,2,2026
Wrong-Adaptive-Filter,3,-0.5859530796737963,0.7409659647678252,1.0,0.91,0.12460317460315867,GMM,2,2026
Wrong-Adaptive-Filter,4,-0.5859530796737963,0.7409659647678252,1.0,0.82,0.2406364468864246,GMM,2,2026
Wrong-Adaptive-Filter,5,-0.5859530796737963,0.7409659647678252,1.0,0.81,0.25416408987835476,GMM,2,2026
Wrong-Adaptive-Filter,6,-0.599020962660773,0.7175908643530238,1.0,0.8,0.2746717171716969,GMM,2,2026
Wrong-Adaptive-Filter,7,-0.8843370736026062,0.20723331448266694,1.0,0.79,0.2926223776223578,GMM,2,2026
Wrong-Adaptive-Filter,8,-0.8843370736026062,0.20723331448266694,1.0,0.8,0.27233783373487547,GMM,2,2026
Wrong-Adaptive-Filter,9,-0.9474422032272775,0.09435437738659695,1.0,0.82,0.24103920770586007,GMM,2,2026
Wrong-Adaptive-Filter,10,-0.9474422032272775,0.09435437738659695,1.0,0.83,0.22823163678425565,GMM,2,2026
Wrong-Adaptive-Filter,11,-0.9896914369523241,0.018781303939613463,1.0,0.87,0.1809297173414723,GMM,2,2026
Wrong-Adaptive-Filter,12,-0.9896914369523241,0.018781303939613463,1.0,0.87,0.17523878490789377,GMM,2,2026
Wrong-Adaptive-Filter,13,-0.9987989432786919,0.0024903044625406616,1.0,0.84,0.21840463458109485,GMM,2,2026
Wrong-Adaptive-Filter,14,-0.9987989432786919,0.0024903044625406616,1.0,0.87,0.1851011225354929,GMM,2,2026
Wrong-Adaptive-Filter,15,-0.9987989432786919,0.0024903044625406616,1.0,0.84,0.22355889724309824,GMM,2,2026
Wrong-Adaptive-Filter,16,-0.9987989432786919,0.0024903044625406616,1.0,0.79,0.2820136705399748,GMM,2,2026
Wrong-Adaptive-Filter,17,-0.9987989432786919,0.0024903044625406616,1.0,0.77,0.31036305309596024,GMM,2,2026
Wrong-Adaptive-Filter,18,-0.9987989432786919,0.0024903044625406616,1.0,0.76,0.33100943440616104,GMM,2,2026
Wrong-Adaptive-Filter,19,-0.9987989432786919,0.0024903044625406616,1.0,0.72,0.37384952004515865,GMM,2,2026
Wrong-Adaptive-Filter,20,-0.9987989432786919,0.0024903044625406616,1.0,0.71,0.39399832182323746,GMM,2,2026
Oracle-Fixed-Filter,0,-0.44113973547464025,1.0,0.0,1.0,0.0,GMM,2,2026
Oracle-Fixed-Filter,1,-0.44113973547464025,1.0,1.0,0.25,1.0,GMM,2,2026
Oracle-Fixed-Filter,2,-0.44113973547464025,1.0,1.0,0.25,1.0,GMM,2,2026
Oracle-Fixed-Filter,3,-0.7911747143046483,0.3738769480107462,1.0,0.25,1.0,GMM,2,2026
Oracle-Fixed-Filter,4,-0.808569076618986,0.342762882622015,1.0,0.25,1.0,GMM,2,2026
Oracle-Fixed-Filter,5,-0.9132512553821831,0.1555132383859498,1.0,0.25,1.0,GMM,2,2026
Oracle-Fixed-Filter,6,-0.9867659411154328,0.024014267765396672,1.0,0.25,1.0,GMM,2,2026
Oracle-Fixed-Filter,7,-0.9867659411154328,0.024014267765396672,1.0,0.25,1.0,GMM,2,2026
Oracle-Fixed-Filter,8,-0.9867659411154328,0.024014267765396672,1.0,0.25,1.0,GMM,2,2026
Oracle-Fixed-Filter,9,-0.992274334948056,0.014161160028653223,1.0,0.25,1.0,GMM,2,2026
Oracle-Fixed-Filter,10,-0.992274334948056,0.014161160028653223,0.0,1.0,1.0,GMM,2,2026
Oracle-Fixed-Filter,11,-0.992274334948056,0.014161160028653223,1.0,0.25,1.0,GMM,2,2026
Oracle-Fixed-Filter,12,-0.992274334948056,0.014161160028653223,0.0,1.0,1.0,GMM,2,2026
Oracle-Fixed-Filter,13,-0.992274334948056,0.014161160028653223,1.0,0.25,1.0,GMM,2,2026
Oracle-Fixed-Filter,14,-0.992274334948056,0.014161160028653223,1.0,0.25,1.0,GMM,2,2026
Oracle-Fixed-Filter,15,-0.9995378814428538,0.001168533078083986,1.0,0.25,1.0,GMM,2,2026
Oracle-Fixed-Filter,16,-0.9995378814428538,0.001168533078083986,0.0,1.0,1.0,GMM,2,2026
Oracle-Fixed-Filter,17,-0.9995378814428538,0.001168533078083986,0.0,1.0,1.0,GMM,2,2026
Oracle-Fixed-Filter,18,-0.9995378814428538,0.001168533078083986,1.0,0.25,1.0,GMM,2,2026
Oracle-Fixed-Filter,19,-0.9995378814428538,0.001168533078083986,1.0,0.25,1.0,GMM,2,2026
Oracle-Fixed-Filter,20,-0.9995378814428538,0.001168533078083986,0.0,1.0,1.0,GMM,2,2026
Matching-Soft-Rerank,0,-0.44113973547464025,1.0,0.0,1.0,,GMM,2,2026
Matching-Soft-Rerank,1,-0.8655965104626726,0.24075538884332962,0.0,1.0,,GMM,2,2026
Matching-Soft-Rerank,2,-0.8655965104626726,0.24075538884332962,0.0,1.0,,GMM,2,2026
Matching-Soft-Rerank,3,-0.9476989735653762,0.09389508092346033,0.0,1.0,,GMM,2,2026
Matching-Soft-Rerank,4,-0.9581775013819048,0.07515167465369609,0.0,1.0,,GMM,2,2026
Matching-Soft-Rerank,5,-0.9581775013819048,0.07515167465369609,0.0,1.0,,GMM,2,2026
Matching-Soft-Rerank,6,-0.9581775013819048,0.07515167465369609,0.0,1.0,,GMM,2,2026
Matching-Soft-Rerank,7,-0.9581775013819048,0.07515167465369609,0.0,1.0,,GMM,2,2026
Matching-Soft-Rerank,8,-0.9953164372453508,0.008719617068540119,0.0,1.0,,GMM,2,2026
Matching-Soft-Rerank,9,-0.9953164372453508,0.008719617068540119,0.0,1.0,,GMM,2,2026
Matching-Soft-Rerank,10,-0.9953164372453508,0.008719617068540119,0.0,1.0,,GMM,2,2026
Matching-Soft-Rerank,11,-0.9953164372453508,0.008719617068540119,0.0,1.0,,GMM,2,2026
Matching-Soft-Rerank,12,-0.9953164372453508,0.008719617068540119,0.0,1.0,,GMM,2,2026
Matching-Soft-Rerank,13,-0.9953164372453508,0.008719617068540119,0.0,1.0,,GMM,2,2026
Matching-Soft-Rerank,14,-0.9953164372453508,0.008719617068540119,0.0,1.0,,GMM,2,2026
Matching-Soft-Rerank,15,-0.9953164372453508,0.008719617068540119,0.0,1.0,,GMM,2,2026
Matching-Soft-Rerank,16,-0.9953164372453508,0.008719617068540119,0.0,1.0,,GMM,2,2026
Matching-Soft-Rerank,17,-0.9953164372453508,0.008719617068540119,0.0,1.0,,GMM,2,2026
Matching-Soft-Rerank,18,-0.9953164372453508,0.008719617068540119,0.0,1.0,,GMM,2,2026
Matching-Soft-Rerank,19,-0.9953164372453508,0.008719617068540119,0.0,1.0,,GMM,2,2026
Matching-Soft-Rerank,20,-0.9953164372453508,0.008719617068540119,0.0,1.0,,GMM,2,2026
Target-Only,0,-0.3884013480858283,1.0,0.0,1.0,0.0,GMM,2,777
Target-Only,1,-0.4280690693992061,0.9351611924699558,0.0,1.0,0.0,GMM,2,777
Target-Only,2,-0.4280690693992061,0.9351611924699558,0.0,1.0,0.0,GMM,2,777
Target-Only,3,-0.4280690693992061,0.9351611924699558,0.0,1.0,0.0,GMM,2,777
Target-Only,4,-0.4280690693992061,0.9351611924699558,0.0,1.0,0.0,GMM,2,777
Target-Only,5,-0.4280690693992061,0.9351611924699558,0.0,1.0,0.0,GMM,2,777
Target-Only,6,-0.49047613151832603,0.8331538334565579,0.0,1.0,0.0,GMM,2,777
Target-Only,7,-0.49047613151832603,0.8331538334565579,0.0,1.0,0.0,GMM,2,777
Target-Only,8,-0.49047613151832603,0.8331538334565579,0.0,1.0,0.0,GMM,2,777
Target-Only,9,-0.49047613151832603,0.8331538334565579,0.0,1.0,0.0,GMM,2,777
Target-Only,10,-0.49266855634033735,0.8295702091304854,0.0,1.0,0.0,GMM,2,777
Target-Only,11,-0.49266855634033735,0.8295702091304854,0.0,1.0,0.0,GMM,2,777
Target-Only,12,-0.590016652292581,0.6704500417026896,0.0,1.0,0.0,GMM,2,777
Target-Only,13,-0.590016652292581,0.6704500417026896,0.0,1.0,0.0,GMM,2,777
Target-Only,14,-0.590016652292581,0.6704500417026896,0.0,1.0,0.0,GMM,2,777
Target-Only,15,-0.5982061359289478,0.6570639349214625,0.0,1.0,0.0,GMM,2,777
Target-Only,16,-0.5982061359289478,0.6570639349214625,0.0,1.0,0.0,GMM,2,777
Target-Only,17,-0.5982061359289478,0.6570639349214625,0.0,1.0,0.0,GMM,2,777
Target-Only,18,-0.5982061359289478,0.6570639349214625,0.0,1.0,0.0,GMM,2,777
Target-Only,19,-0.5982061359289478,0.6570639349214625,0.0,1.0,0.0,GMM,2,777
Target-Only,20,-0.5982061359289478,0.6570639349214625,0.0,1.0,0.0,GMM,2,777
Matching-Fixed-Filter,0,-0.3884013480858283,1.0,0.0,1.0,0.0,GMM,2,777
Matching-Fixed-Filter,1,-0.3884013480858283,1.0,1.0,0.25,1.0,GMM,2,777
Matching-Fixed-Filter,2,-0.4310602609817567,0.9302719452713505,1.0,0.25,1.0,GMM,2,777
Matching-Fixed-Filter,3,-0.4310602609817567,0.9302719452713505,1.0,0.25,1.0,GMM,2,777
Matching-Fixed-Filter,4,-0.4310602609817567,0.9302719452713505,1.0,0.25,1.0,GMM,2,777
Matching-Fixed-Filter,5,-0.4881259689707669,0.8369952877181143,1.0,0.25,1.0,GMM,2,777
Matching-Fixed-Filter,6,-0.4881259689707669,0.8369952877181143,1.0,0.25,1.0,GMM,2,777
Matching-Fixed-Filter,7,-0.4881259689707669,0.8369952877181143,1.0,0.25,1.0,GMM,2,777
Matching-Fixed-Filter,8,-0.5722402537265626,0.6995064242484325,1.0,0.25,1.0,GMM,2,777
Matching-Fixed-Filter,9,-0.5722402537265626,0.6995064242484325,1.0,0.25,1.0,GMM,2,777
Matching-Fixed-Filter,10,-0.5925581871221541,0.66629578019763,1.0,0.25,1.0,GMM,2,777
Matching-Fixed-Filter,11,-0.5925581871221541,0.66629578019763,1.0,0.25,1.0,GMM,2,777
Matching-Fixed-Filter,12,-0.5925581871221541,0.66629578019763,0.0,1.0,1.0,GMM,2,777
Matching-Fixed-Filter,13,-0.5970070913673208,0.6590238312043141,1.0,0.25,1.0,GMM,2,777
Matching-Fixed-Filter,14,-0.5970070913673208,0.6590238312043141,1.0,0.25,1.0,GMM,2,777
Matching-Fixed-Filter,15,-0.5970070913673208,0.6590238312043141,1.0,0.25,1.0,GMM,2,777
Matching-Fixed-Filter,16,-0.5970070913673208,0.6590238312043141,1.0,0.25,1.0,GMM,2,777
Matching-Fixed-Filter,17,-0.6847727100473793,0.5155666859754441,1.0,0.25,1.0,GMM,2,777
Matching-Fixed-Filter,18,-0.6847727100473793,0.5155666859754441,1.0,0.25,1.0,GMM,2,777
Matching-Fixed-Filter,19,-0.7605791148245632,0.3916574538301926,1.0,0.25,1.0,GMM,2,777
Matching-Fixed-Filter,20,-0.7605791148245632,0.3916574538301926,1.0,0.25,1.0,GMM,2,777
Matching-Adaptive-Filter,0,-0.3884013480858283,1.0,0.0,1.0,0.0,GMM,2,777
Matching-Adaptive-Filter,1,-0.4280690693992061,0.9351611924699558,1.0,0.85,0.20142857142853626,GMM,2,777
Matching-Adaptive-Filter,2,-0.4280690693992061,0.9351611924699558,1.0,0.85,0.20743506493503738,GMM,2,777
Matching-Adaptive-Filter,3,-0.4280690693992061,0.9351611924699558,1.0,0.87,0.18492063492061397,GMM,2,777
Matching-Adaptive-Filter,4,-0.4280690693992061,0.9351611924699558,1.0,0.86,0.1869505494505313,GMM,2,777
Matching-Adaptive-Filter,5,-0.4280690693992061,0.9351611924699558,1.0,0.89,0.14787672644814176,GMM,2,777
Matching-Adaptive-Filter,6,-0.49047613151832603,0.8331538334565579,1.0,0.86,0.19429292929291436,GMM,2,777
Matching-Adaptive-Filter,7,-0.49047613151832603,0.8331538334565579,1.0,0.81,0.2572202797202622,GMM,2,777
Matching-Adaptive-Filter,8,-0.49047613151832603,0.8331538334565579,1.0,0.79,0.2920062780356715,GMM,2,777
Matching-Adaptive-Filter,9,-0.49047613151832603,0.8331538334565579,1.0,0.78,0.302767602767585,GMM,2,777
Matching-Adaptive-Filter,10,-0.49047613151832603,0.8331538334565579,1.0,0.76,0.3316150954308667,GMM,2,777
Matching-Adaptive-Filter,11,-0.5712356000641446,0.7011485792120933,1.0,0.74,0.3509778456837099,GMM,2,777
Matching-Adaptive-Filter,12,-0.962546579397428,0.06153187239542821,1.0,0.77,0.3151210635769305,GMM,2,777
Matching-Adaptive-Filter,13,-0.9796489672536095,0.03357719292819232,1.0,0.74,0.35360728023265076,GMM,2,777
Matching-Adaptive-Filter,14,-0.9796489672536095,0.03357719292819232,1.0,0.71,0.38850819093111094,GMM,2,777
Matching-Adaptive-Filter,15,-0.9796489672536095,0.03357719292819232,1.0,0.69,0.4150375939849449,GMM,2,777
Matching-Adaptive-Filter,16,-0.9953589458776269,0.007898473642639408,1.0,0.68,0.4275071770334755,GMM,2,777
Matching-Adaptive-Filter,17,-0.9953589458776269,0.007898473642639408,1.0,0.67,0.4488258325525233,GMM,2,777
Matching-Adaptive-Filter,18,-0.9953589458776269,0.007898473642639408,1.0,0.66,0.4583533314511404,GMM,2,777
Matching-Adaptive-Filter,19,-0.9953589458776269,0.007898473642639408,1.0,0.65,0.4728013833991924,GMM,2,777
Matching-Adaptive-Filter,20,-0.9953589458776269,0.007898473642639408,1.0,0.64,0.4848934010087547,GMM,2,777
Random-Adaptive-Filter,0,-0.3884013480858283,1.0,0.0,1.0,0.0,GMM,2,777
Random-Adaptive-Filter,1,-0.4280690693992061,0.9351611924699558,1.0,0.88,0.16714285714282545,GMM,2,777
Random-Adaptive-Filter,2,-0.4280690693992061,0.9351611924699558,1.0,0.9,0.13573593073590967,GMM,2,777
Random-Adaptive-Filter,3,-0.4280690693992061,0.9351611924699558,1.0,0.93,0.09841269841268466,GMM,2,777
Random-Adaptive-Filter,4,-0.4280690693992061,0.9351611924699558,1.0,0.95,0.06675824175823286,GMM,2,777
Random-Adaptive-Filter,5,-0.4280690693992061,0.9351611924699558,1.0,0.96,0.05909090909090219,GMM,2,777
Random-Adaptive-Filter,6,-0.49047613151832603,0.8331538334565579,1.0,0.93,0.09535353535352703,GMM,2,777
Random-Adaptive-Filter,7,-0.49047613151832603,0.8331538334565579,1.0,0.95,0.07671328671328043,GMM,2,777
Random-Adaptive-Filter,8,-0.49047613151832603,0.8331538334565579,1.0,0.96,0.06108891108890633,GMM,2,777
Random-Adaptive-Filter,9,-0.49047613151832603,0.8331538334565579,0.0,1.0,0.03333333333333056,GMM,2,777
Random-Adaptive-Filter,10,-0.49266855634033735,0.8295702091304854,0.0,1.0,0.0307692307692284,GMM,2,777
Random-Adaptive-Filter,11,-0.49266855634033735,0.8295702091304854,0.0,1.0,0.028571428571426534,GMM,2,777
Random-Adaptive-Filter,12,-0.590016652292581,0.6704500417026896,0.0,1.0,0.03425303454715006,GMM,2,777
Random-Adaptive-Filter,13,-0.590016652292581,0.6704500417026896,1.0,0.94,0.08180645463926783,GMM,2,777
Random-Adaptive-Filter,14,-0.590016652292581,0.6704500417026896,1.0,0.88,0.16589235647318076,GMM,2,777
Random-Adaptive-Filter,15,-0.5982061359289478,0.6570639349214625,1.0,0.85,0.2080200501253044,GMM,2,777
Random-Adaptive-Filter,16,-0.5982061359289478,0.6570639349214625,1.0,0.81,0.2560721120984174,GMM,2,777
Random-Adaptive-Filter,17,-0.5982061359289478,0.6570639349214625,1.0,0.8,0.27485818529295714,GMM,2,777
Random-Adaptive-Filter,18,-0.5982061359289478,0.6570639349214625,1.0,0.78,0.3064048873831367,GMM,2,777
Random-Adaptive-Filter,19,-0.5982061359289478,0.6570639349214625,1.0,0.82,0.2472190852625545,GMM,2,777
Random-Adaptive-Filter,20,-0.5982061359289478,0.6570639349214625,1.0,0.78,0.2982968180785069,GMM,2,777
Wrong-Adaptive-Filter,0,-0.3884013480858283,1.0,0.0,1.0,0.0,GMM,2,777
Wrong-Adaptive-Filter,1,-0.4280690693992061,0.9351611924699558,1.0,0.81,0.2542857142856739,GMM,2,777
Wrong-Adaptive-Filter,2,-0.4280690693992061,0.9351611924699558,1.0,0.79,0.2861688311687965,GMM,2,777
Wrong-Adaptive-Filter,3,-0.4280690693992061,0.9351611924699558,1.0,0.78,0.30396825396822313,GMM,2,777
Wrong-Adaptive-Filter,4,-0.4280690693992061,0.9351611924699558,1.0,0.76,0.3295787545787255,GMM,2,777
Wrong-Adaptive-Filter,5,-0.4280690693992061,0.9351611924699558,1.0,0.79,0.2860338074623558,GMM,2,777
Wrong-Adaptive-Filter,6,-0.49047613151832603,0.8331538334565579,1.0,0.78,0.3044444444444222,GMM,2,777
Wrong-Adaptive-Filter,7,-0.49047613151832603,0.8331538334565579,1.0,0.75,0.33479895104892865,GMM,2,777
Wrong-Adaptive-Filter,8,-0.49047613151832603,0.8331538334565579,1.0,0.73,0.3602297212591107,GMM,2,777
Wrong-Adaptive-Filter,9,-0.49047613151832603,0.8331538334565579,1.0,0.72,0.376841676841655,GMM,2,777
Wrong-Adaptive-Filter,10,-0.49047613151832603,0.8331538334565579,1.0,0.71,0.39674667437823163,GMM,2,777
Wrong-Adaptive-Filter,11,-0.5712356000641446,0.7011485792120933,1.0,0.69,0.41800993124520386,GMM,2,777
Wrong-Adaptive-Filter,12,-0.962546579397428,0.06153187239542821,1.0,0.69,0.42369233299378295,GMM,2,777
Wrong-Adaptive-Filter,13,-0.9796489672536095,0.03357719292819232,1.0,0.68,0.42765268786938626,GMM,2,777
Wrong-Adaptive-Filter,14,-0.9796489672536095,0.03357719292819232,1.0,0.69,0.419481317728035,GMM,2,777
Wrong-Adaptive-Filter,15,-0.9796489672536095,0.03357719292819232,1.0,0.72,0.3819548872180289,GMM,2,777
Wrong-Adaptive-Filter,16,-0.9953589458776269,0.007898473642639408,1.0,0.69,0.42044224196854074,GMM,2,777
Wrong-Adaptive-Filter,17,-0.9953589458776269,0.007898473642639408,1.0,0.71,0.3869250004653581,GMM,2,777
Wrong-Adaptive-Filter,18,-0.9953589458776269,0.007898473642639408,1.0,0.7,0.40743067319152754,GMM,2,777
Wrong-Adaptive-Filter,19,-0.9953589458776269,0.007898473642639408,1.0,0.67,0.4476072840203113,GMM,2,777
Wrong-Adaptive-Filter,20,-0.9953589458776269,0.007898473642639408,1.0,0.66,0.46069847005228814,GMM,2,777
Oracle-Fixed-Filter,0,-0.3884013480858283,1.0,0.0,1.0,0.0,GMM,2,777
Oracle-Fixed-Filter,1,-0.4366122527775977,0.921196946366951,1.0,0.25,1.0,GMM,2,777
Oracle-Fixed-Filter,2,-0.4366122527775977,0.921196946366951,1.0,0.25,1.0,GMM,2,777
Oracle-Fixed-Filter,3,-0.43915450087209296,0.917041518995906,1.0,0.25,1.0,GMM,2,777
Oracle-Fixed-Filter,4,-0.4851196336418302,0.8419092881020477,1.0,0.25,1.0,GMM,2,777
Oracle-Fixed-Filter,5,-0.4851196336418302,0.8419092881020477,1.0,0.25,1.0,GMM,2,777
Oracle-Fixed-Filter,6,-0.4851196336418302,0.8419092881020477,0.0,1.0,1.0,GMM,2,777
Oracle-Fixed-Filter,7,-0.4851196336418302,0.8419092881020477,1.0,0.25,1.0,GMM,2,777
Oracle-Fixed-Filter,8,-0.4851196336418302,0.8419092881020477,1.0,0.25,1.0,GMM,2,777
Oracle-Fixed-Filter,9,-0.4993833146219733,0.8185946122114123,1.0,0.25,1.0,GMM,2,777
Oracle-Fixed-Filter,10,-0.4993833146219733,0.8185946122114123,1.0,0.25,1.0,GMM,2,777
Oracle-Fixed-Filter,11,-0.4993833146219733,0.8185946122114123,1.0,0.25,1.0,GMM,2,777
Oracle-Fixed-Filter,12,-0.4993833146219733,0.8185946122114123,0.0,1.0,1.0,GMM,2,777
Oracle-Fixed-Filter,13,-0.4993833146219733,0.8185946122114123,0.0,1.0,1.0,GMM,2,777
Oracle-Fixed-Filter,14,-0.4993833146219733,0.8185946122114123,1.0,0.25,1.0,GMM,2,777
Oracle-Fixed-Filter,15,-0.5982061359289478,0.6570639349214625,1.0,0.25,1.0,GMM,2,777
Oracle-Fixed-Filter,16,-0.5982061359289478,0.6570639349214625,1.0,0.25,1.0,GMM,2,777
Oracle-Fixed-Filter,17,-0.5982061359289478,0.6570639349214625,1.0,0.25,1.0,GMM,2,777
Oracle-Fixed-Filter,18,-0.5982061359289478,0.6570639349214625,1.0,0.25,1.0,GMM,2,777
Oracle-Fixed-Filter,19,-0.5982061359289478,0.6570639349214625,1.0,0.25,1.0,GMM,2,777
Oracle-Fixed-Filter,20,-0.5982061359289478,0.6570639349214625,0.0,1.0,1.0,GMM,2,777
Matching-Soft-Rerank,0,-0.3884013480858283,1.0,0.0,1.0,,GMM,2,777
Matching-Soft-Rerank,1,-0.46625003422097316,0.8727525602767305,0.0,1.0,,GMM,2,777
Matching-Soft-Rerank,2,-0.491394289814992,0.831653059348327,0.0,1.0,,GMM,2,777
Matching-Soft-Rerank,3,-0.491394289814992,0.831653059348327,0.0,1.0,,GMM,2,777
Matching-Soft-Rerank,4,-0.5164702727269663,0.7906651534181757,0.0,1.0,,GMM,2,777
Matching-Soft-Rerank,5,-0.5164702727269663,0.7906651534181757,0.0,1.0,,GMM,2,777
Matching-Soft-Rerank,6,-0.5164702727269663,0.7906651534181757,0.0,1.0,,GMM,2,777
Matching-Soft-Rerank,7,-0.823487925000119,0.28882996337030187,0.0,1.0,,GMM,2,777
Matching-Soft-Rerank,8,-0.9013544326208398,0.16155339356759002,0.0,1.0,,GMM,2,777
Matching-Soft-Rerank,9,-0.978673550935735,0.03517155803922776,0.0,1.0,,GMM,2,777
Matching-Soft-Rerank,10,-0.978673550935735,0.03517155803922776,0.0,1.0,,GMM,2,777
Matching-Soft-Rerank,11,-0.9874064451242387,0.020897220448838565,0.0,1.0,,GMM,2,777
Matching-Soft-Rerank,12,-0.9874064451242387,0.020897220448838565,0.0,1.0,,GMM,2,777
Matching-Soft-Rerank,13,-0.9874064451242387,0.020897220448838565,0.0,1.0,,GMM,2,777
Matching-Soft-Rerank,14,-0.9874064451242387,0.020897220448838565,0.0,1.0,,GMM,2,777
Matching-Soft-Rerank,15,-0.9874064451242387,0.020897220448838565,0.0,1.0,,GMM,2,777
Matching-Soft-Rerank,16,-0.9874064451242387,0.020897220448838565,0.0,1.0,,GMM,2,777
Matching-Soft-Rerank,17,-0.9977988023306982,0.003910410357837701,0.0,1.0,,GMM,2,777
Matching-Soft-Rerank,18,-0.9977988023306982,0.003910410357837701,0.0,1.0,,GMM,2,777
Matching-Soft-Rerank,19,-0.9977988023306982,0.003910410357837701,0.0,1.0,,GMM,2,777
Matching-Soft-Rerank,20,-0.9977988023306982,0.003910410357837701,0.0,1.0,,GMM,2,777
Target-Only,0,-0.3268164866395131,1.0,0.0,1.0,0.0,GMM,2,999
Target-Only,1,-0.3268164866395131,1.0,0.0,1.0,0.0,GMM,2,999
Target-Only,2,-0.3268164866395131,1.0,0.0,1.0,0.0,GMM,2,999
Target-Only,3,-0.3268164866395131,1.0,0.0,1.0,0.0,GMM,2,999
Target-Only,4,-0.3268164866395131,1.0,0.0,1.0,0.0,GMM,2,999
Target-Only,5,-0.4345245487710213,0.8400473499378701,0.0,1.0,0.0,GMM,2,999
Target-Only,6,-0.6288592408210321,0.5514491858147971,0.0,1.0,0.0,GMM,2,999
Target-Only,7,-0.7443592159696965,0.3799250980024828,0.0,1.0,0.0,GMM,2,999
Target-Only,8,-0.7443592159696965,0.3799250980024828,0.0,1.0,0.0,GMM,2,999
Target-Only,9,-0.7993220009611094,0.2983022097971646,0.0,1.0,0.0,GMM,2,999
Target-Only,10,-0.7993220009611094,0.2983022097971646,0.0,1.0,0.0,GMM,2,999
Target-Only,11,-0.7993220009611094,0.2983022097971646,0.0,1.0,0.0,GMM,2,999
Target-Only,12,-0.7993220009611094,0.2983022097971646,0.0,1.0,0.0,GMM,2,999
Target-Only,13,-0.7993220009611094,0.2983022097971646,0.0,1.0,0.0,GMM,2,999
Target-Only,14,-0.7993220009611094,0.2983022097971646,0.0,1.0,0.0,GMM,2,999
Target-Only,15,-0.7993220009611094,0.2983022097971646,0.0,1.0,0.0,GMM,2,999
Target-Only,16,-0.7993220009611094,0.2983022097971646,0.0,1.0,0.0,GMM,2,999
Target-Only,17,-0.7993220009611094,0.2983022097971646,0.0,1.0,0.0,GMM,2,999
Target-Only,18,-0.7993220009611094,0.2983022097971646,0.0,1.0,0.0,GMM,2,999
Target-Only,19,-0.8486105659824643,0.2251058637028546,0.0,1.0,0.0,GMM,2,999
Target-Only,20,-0.8486105659824643,0.2251058637028546,0.0,1.0,0.0,GMM,2,999
Matching-Fixed-Filter,0,-0.3268164866395131,1.0,0.0,1.0,0.0,GMM,2,999
Matching-Fixed-Filter,1,-0.3268164866395131,1.0,1.0,0.25,1.0,GMM,2,999
Matching-Fixed-Filter,2,-0.3268164866395131,1.0,1.0,0.25,1.0,GMM,2,999
Matching-Fixed-Filter,3,-0.41625518666446165,0.8671784005394575,1.0,0.25,1.0,GMM,2,999
Matching-Fixed-Filter,4,-0.41625518666446165,0.8671784005394575,1.0,0.25,1.0,GMM,2,999
Matching-Fixed-Filter,5,-0.41625518666446165,0.8671784005394575,1.0,0.25,1.0,GMM,2,999
Matching-Fixed-Filter,6,-0.41625518666446165,0.8671784005394575,1.0,0.25,1.0,GMM,2,999
Matching-Fixed-Filter,7,-0.41625518666446165,0.8671784005394575,1.0,0.25,1.0,GMM,2,999
Matching-Fixed-Filter,8,-0.7274688997882831,0.40500818630747626,1.0,0.25,1.0,GMM,2,999
Matching-Fixed-Filter,9,-0.792529049050079,0.30839013300747425,1.0,0.25,1.0,GMM,2,999
Matching-Fixed-Filter,10,-0.792529049050079,0.30839013300747425,1.0,0.25,1.0,GMM,2,999
Matching-Fixed-Filter,11,-0.792529049050079,0.30839013300747425,1.0,0.25,1.0,GMM,2,999
Matching-Fixed-Filter,12,-0.7952428306611162,0.30436001166107696,1.0,0.25,1.0,GMM,2,999
Matching-Fixed-Filter,13,-0.7952428306611162,0.30436001166107696,1.0,0.25,1.0,GMM,2,999
Matching-Fixed-Filter,14,-0.7952428306611162,0.30436001166107696,1.0,0.25,1.0,GMM,2,999
Matching-Fixed-Filter,15,-0.7952428306611162,0.30436001166107696,1.0,0.25,1.0,GMM,2,999
Matching-Fixed-Filter,16,-0.7952428306611162,0.30436001166107696,1.0,0.25,1.0,GMM,2,999
Matching-Fixed-Filter,17,-0.7952428306611162,0.30436001166107696,1.0,0.25,1.0,GMM,2,999
Matching-Fixed-Filter,18,-0.7952428306611162,0.30436001166107696,1.0,0.25,1.0,GMM,2,999
Matching-Fixed-Filter,19,-0.7963258944388402,0.30275159983001343,1.0,0.25,1.0,GMM,2,999
Matching-Fixed-Filter,20,-0.7963258944388402,0.30275159983001343,1.0,0.25,1.0,GMM,2,999
Matching-Adaptive-Filter,0,-0.3268164866395131,1.0,0.0,1.0,0.0,GMM,2,999
Matching-Adaptive-Filter,1,-0.3268164866395131,1.0,1.0,0.84,0.2142857142856779,GMM,2,999
Matching-Adaptive-Filter,2,-0.3268164866395131,1.0,1.0,0.84,0.22420995670992763,GMM,2,999
Matching-Adaptive-Filter,3,-0.3268164866395131,1.0,1.0,0.8,0.27301587301584473,GMM,2,999
Matching-Adaptive-Filter,4,-0.441174320363026,0.8301720577136878,1.0,0.78,0.2967261904761639,GMM,2,999
Matching-Adaptive-Filter,5,-0.636503052657621,0.5400976868123746,1.0,0.77,0.3113069470212078,GMM,2,999
Matching-Adaptive-Filter,6,-0.7953259809754177,0.3042365286750979,1.0,0.74,0.34747474747472235,GMM,2,999
Matching-Adaptive-Filter,7,-0.7953259809754177,0.3042365286750979,1.0,0.72,0.38462412587410044,GMM,2,999
Matching-Adaptive-Filter,8,-0.7953259809754177,0.3042365286750979,1.0,0.7,0.41245445730737307,GMM,2,999
Matching-Adaptive-Filter,9,-0.7953259809754177,0.3042365286750979,1.0,0.68,0.43137973137970653,GMM,2,999
Matching-Adaptive-Filter,10,-0.7953259809754177,0.3042365286750979,1.0,0.67,0.4474045691150711,GMM,2,999
Matching-Adaptive-Filter,11,-0.7953259809754177,0.3042365286750979,1.0,0.67,0.45311153552327693,GMM,2,999
Matching-Adaptive-Filter,12,-0.7953259809754177,0.3042365286750979,1.0,0.65,0.4771072595704718,GMM,2,999
Matching-Adaptive-Filter,13,-0.7953259809754177,0.3042365286750979,1.0,0.64,0.48995918941737104,GMM,2,999
Matching-Adaptive-Filter,14,-0.7953259809754177,0.3042365286750979,1.0,0.63,0.49940660474714,GMM,2,999
Matching-Adaptive-Filter,15,-0.7953259809754177,0.3042365286750979,1.0,0.63,0.4959064327485171,GMM,2,999
Matching-Adaptive-Filter,16,-0.7953259809754177,0.3042365286750979,1.0,0.62,0.5086435406698359,GMM,2,999
Matching-Adaptive-Filter,17,-0.7953259809754177,0.3042365286750979,1.0,0.62,0.5087720974677299,GMM,2,999
Matching-Adaptive-Filter,18,-0.7953259809754177,0.3042365286750979,1.0,0.63,0.49424505144611997,GMM,2,999
Matching-Adaptive-Filter,19,-0.7953259809754177,0.3042365286750979,1.0,0.64,0.48064299830602436,GMM,2,999
Matching-Adaptive-Filter,20,-0.7953259809754177,0.3042365286750979,1.0,0.64,0.489373526613373,GMM,2,999
Random-Adaptive-Filter,0,-0.3268164866395131,1.0,0.0,1.0,0.0,GMM,2,999
Random-Adaptive-Filter,1,-0.3268164866395131,1.0,1.0,0.93,0.099999999999975,GMM,2,999
Random-Adaptive-Filter,2,-0.3268164866395131,1.0,1.0,0.95,0.079999999999984,GMM,2,999
Random-Adaptive-Filter,3,-0.3268164866395131,1.0,1.0,0.93,0.1015873015872876,GMM,2,999
Random-Adaptive-Filter,4,-0.3268164866395131,1.0,1.0,0.96,0.05714285714284898,GMM,2,999
Random-Adaptive-Filter,5,-0.4345245487710213,0.8400473499378701,0.0,1.0,0.04999999999999375,GMM,2,999
Random-Adaptive-Filter,6,-0.6288592408210321,0.5514491858147971,0.0,1.0,0.04444444444443951,GMM,2,999
Random-Adaptive-Filter,7,-0.7443592159696965,0.3799250980024828,0.0,1.0,0.039999999999996004,GMM,2,999
Random-Adaptive-Filter,8,-0.7443592159696965,0.3799250980024828,0.0,1.0,0.03636363636363306,GMM,2,999
Random-Adaptive-Filter,9,-0.7993220009611094,0.2983022097971646,0.0,1.0,0.03333333333333056,GMM,2,999
Random-Adaptive-Filter,10,-0.7993220009611094,0.2983022097971646,0.0,1.0,0.0307692307692284,GMM,2,999
Random-Adaptive-Filter,11,-0.7993220009611094,0.2983022097971646,0.0,1.0,0.028571428571426534,GMM,2,999
Random-Adaptive-Filter,12,-0.7993220009611094,0.2983022097971646,0.0,1.0,0.026666666666664892,GMM,2,999
Random-Adaptive-Filter,13,-0.7993220009611094,0.2983022097971646,0.0,1.0,0.02499999999999844,GMM,2,999
Random-Adaptive-Filter,14,-0.7993220009611094,0.2983022097971646,0.0,1.0,0.0235294117647045,GMM,2,999
Random-Adaptive-Filter,15,-0.7993220009611094,0.2983022097971646,0.0,1.0,0.02222222222222099,GMM,2,999
Random-Adaptive-Filter,16,-0.7993220009611094,0.2983022097971646,0.0,1.0,0.021052631578946265,GMM,2,999
Random-Adaptive-Filter,17,-0.7993220009611094,0.2983022097971646,0.0,1.0,0.019999999999999005,GMM,2,999
Random-Adaptive-Filter,18,-0.7993220009611094,0.2983022097971646,0.0,1.0,0.019047619047618144,GMM,2,999
Random-Adaptive-Filter,19,-0.8486105659824643,0.2251058637028546,0.0,1.0,0.01818181818181736,GMM,2,999
Random-Adaptive-Filter,20,-0.8486105659824643,0.2251058637028546,0.0,1.0,0.01739130434782533,GMM,2,999
Wrong-Adaptive-Filter,0,-0.3268164866395131,1.0,0.0,1.0,0.0,GMM,2,999
Wrong-Adaptive-Filter,1,-0.3268164866395131,1.0,1.0,0.86,0.19928571428567937,GMM,2,999
Wrong-Adaptive-Filter,2,-0.3268164866395131,1.0,1.0,0.85,0.20608225108222364,GMM,2,999
Wrong-Adaptive-Filter,3,-0.3268164866395131,1.0,1.0,0.84,0.21984126984124597,GMM,2,999
Wrong-Adaptive-Filter,4,-0.441174320363026,0.8301720577136878,1.0,0.82,0.24384157509155255,GMM,2,999
Wrong-Adaptive-Filter,5,-0.636503052657621,0.5400976868123746,1.0,0.84,0.2140074211502603,GMM,2,999
Wrong-Adaptive-Filter,6,-0.7953259809754177,0.3042365286750979,1.0,0.82,0.25073232323230454,GMM,2,999
Wrong-Adaptive-Filter,7,-0.7953259809754177,0.3042365286750979,1.0,0.79,0.2913111888111692,GMM,2,999
Wrong-Adaptive-Filter,8,-0.7953259809754177,0.3042365286750979,1.0,0.76,0.3246299044092959,GMM,2,999
Wrong-Adaptive-Filter,9,-0.7953259809754177,0.3042365286750979,1.0,0.79,0.280111246777897,GMM,2,999
Wrong-Adaptive-Filter,10,-0.7953259809754177,0.3042365286750979,1.0,0.78,0.3037015615962817,GMM,2,999
Wrong-Adaptive-Filter,11,-0.7953259809754177,0.3042365286750979,1.0,0.76,0.32663025210082336,GMM,2,999
Wrong-Adaptive-Filter,12,-0.7953259809754177,0.3042365286750979,1.0,0.74,0.35662194423222093,GMM,2,999
Wrong-Adaptive-Filter,13,-0.7999537574853679,0.2973640151230667,1.0,0.74,0.35754761234635735,GMM,2,999
Wrong-Adaptive-Filter,14,-0.7999537574853679,0.2973640151230667,1.0,0.72,0.37567789892461806,GMM,2,999
Wrong-Adaptive-Filter,15,-0.7999537574853679,0.2973640151230667,1.0,0.71,0.3984962406014869,GMM,2,999
Wrong-Adaptive-Filter,16,-0.7999537574853679,0.2973640151230667,1.0,0.72,0.373857826384127,GMM,2,999
Wrong-Adaptive-Filter,17,-0.7999537574853679,0.2973640151230667,1.0,0.72,0.3823631027357587,GMM,2,999
Wrong-Adaptive-Filter,18,-0.7999537574853679,0.2973640151230667,1.0,0.73,0.3655104356191175,GMM,2,999
Wrong-Adaptive-Filter,19,-0.7999537574853679,0.2973640151230667,1.0,0.71,0.39426877470354305,GMM,2,999
Wrong-Adaptive-Filter,20,-0.7999537574853679,0.2973640151230667,1.0,0.71,0.3992781529201323,GMM,2,999
Oracle-Fixed-Filter,0,-0.3268164866395131,1.0,0.0,1.0,0.0,GMM,2,999
Oracle-Fixed-Filter,1,-0.3268164866395131,1.0,1.0,0.25,1.0,GMM,2,999
Oracle-Fixed-Filter,2,-0.3268164866395131,1.0,1.0,0.25,1.0,GMM,2,999
Oracle-Fixed-Filter,3,-0.3268164866395131,1.0,1.0,0.25,1.0,GMM,2,999
Oracle-Fixed-Filter,4,-0.3268164866395131,1.0,1.0,0.25,1.0,GMM,2,999
Oracle-Fixed-Filter,5,-0.36980798180201585,0.9361551638262747,1.0,0.25,1.0,GMM,2,999
Oracle-Fixed-Filter,6,-0.37814571372438766,0.9237731536953837,1.0,0.25,1.0,GMM,2,999
Oracle-Fixed-Filter,7,-0.6351083639196684,0.5421688795832087,1.0,0.25,1.0,GMM,2,999
Oracle-Fixed-Filter,8,-0.6567714227740626,0.5099979946592788,1.0,0.25,1.0,GMM,2,999
Oracle-Fixed-Filter,9,-0.78182636235551,0.3242842366214713,0.0,1.0,1.0,GMM,2,999
Oracle-Fixed-Filter,10,-0.78182636235551,0.3242842366214713,0.0,1.0,1.0,GMM,2,999
Oracle-Fixed-Filter,11,-0.7962170058107977,0.30291330568816693,0.0,1.0,1.0,GMM,2,999
Oracle-Fixed-Filter,12,-0.7962170058107977,0.30291330568816693,0.0,1.0,1.0,GMM,2,999
Oracle-Fixed-Filter,13,-0.7962170058107977,0.30291330568816693,0.0,1.0,1.0,GMM,2,999
Oracle-Fixed-Filter,14,-0.7962170058107977,0.30291330568816693,1.0,0.25,1.0,GMM,2,999
Oracle-Fixed-Filter,15,-0.7962170058107977,0.30291330568816693,1.0,0.25,1.0,GMM,2,999
Oracle-Fixed-Filter,16,-0.7962170058107977,0.30291330568816693,1.0,0.25,1.0,GMM,2,999
Oracle-Fixed-Filter,17,-0.7962170058107977,0.30291330568816693,1.0,0.25,1.0,GMM,2,999
Oracle-Fixed-Filter,18,-0.7962170058107977,0.30291330568816693,1.0,0.25,1.0,GMM,2,999
Oracle-Fixed-Filter,19,-0.7979898996771809,0.30028045660895264,0.0,1.0,1.0,GMM,2,999
Oracle-Fixed-Filter,20,-0.7979898996771809,0.30028045660895264,1.0,0.25,1.0,GMM,2,999
Matching-Soft-Rerank,0,-0.3268164866395131,1.0,0.0,1.0,,GMM,2,999
Matching-Soft-Rerank,1,-0.3268164866395131,1.0,0.0,1.0,,GMM,2,999
Matching-Soft-Rerank,2,-0.35567212708012913,0.9571477188765957,0.0,1.0,,GMM,2,999
Matching-Soft-Rerank,3,-0.6102167422079705,0.5791343655304803,0.0,1.0,,GMM,2,999
Matching-Soft-Rerank,4,-0.6102167422079705,0.5791343655304803,0.0,1.0,,GMM,2,999
Matching-Soft-Rerank,5,-0.792518627518092,0.30840560958022145,0.0,1.0,,GMM,2,999
Matching-Soft-Rerank,6,-0.792518627518092,0.30840560958022145,0.0,1.0,,GMM,2,999
Matching-Soft-Rerank,7,-0.792518627518092,0.30840560958022145,0.0,1.0,,GMM,2,999
Matching-Soft-Rerank,8,-0.9020361441333068,0.14576581582514964,0.0,1.0,,GMM,2,999
Matching-Soft-Rerank,9,-0.9020361441333068,0.14576581582514964,0.0,1.0,,GMM,2,999
Matching-Soft-Rerank,10,-0.9020361441333068,0.14576581582514964,0.0,1.0,,GMM,2,999
Matching-Soft-Rerank,11,-0.9840209185646779,0.024013723404877917,0.0,1.0,,GMM,2,999
Matching-Soft-Rerank,12,-0.9994270081229234,0.0011347967658756084,0.0,1.0,,GMM,2,999
Matching-Soft-Rerank,13,-0.9994270081229234,0.0011347967658756084,0.0,1.0,,GMM,2,999
Matching-Soft-Rerank,14,-0.9994270081229234,0.0011347967658756084,0.0,1.0,,GMM,2,999
Matching-Soft-Rerank,15,-0.9994270081229234,0.0011347967658756084,0.0,1.0,,GMM,2,999
Matching-Soft-Rerank,16,-0.9994270081229234,0.0011347967658756084,0.0,1.0,,GMM,2,999
Matching-Soft-Rerank,17,-0.9994270081229234,0.0011347967658756084,0.0,1.0,,GMM,2,999
Matching-Soft-Rerank,18,-0.9994270081229234,0.0011347967658756084,0.0,1.0,,GMM,2,999
Matching-Soft-Rerank,19,-0.9994270081229234,0.0011347967658756084,0.0,1.0,,GMM,2,999
Matching-Soft-Rerank,20,-0.9994270081229234,0.0011347967658756084,0.0,1.0,,GMM,2,999
Target-Only,0,-0.312979328576134,1.0,0.0,1.0,0.0,GMM,2,1234
Target-Only,1,-0.312979328576134,1.0,0.0,1.0,0.0,GMM,2,1234
Target-Only,2,-0.3773195072351024,0.9063750411280302,0.0,1.0,0.0,GMM,2,1234
Target-Only,3,-0.4668730393815681,0.7760607345965892,0.0,1.0,0.0,GMM,2,1234
Target-Only,4,-0.47675613931152105,0.7616792882942104,0.0,1.0,0.0,GMM,2,1234
Target-Only,5,-0.47675613931152105,0.7616792882942104,0.0,1.0,0.0,GMM,2,1234
Target-Only,6,-0.47675613931152105,0.7616792882942104,0.0,1.0,0.0,GMM,2,1234
Target-Only,7,-0.4971719965536459,0.7319710432369283,0.0,1.0,0.0,GMM,2,1234
Target-Only,8,-0.4971719965536459,0.7319710432369283,0.0,1.0,0.0,GMM,2,1234
Target-Only,9,-0.4971719965536459,0.7319710432369283,0.0,1.0,0.0,GMM,2,1234
Target-Only,10,-0.4971719965536459,0.7319710432369283,0.0,1.0,0.0,GMM,2,1234
Target-Only,11,-0.4971719965536459,0.7319710432369283,0.0,1.0,0.0,GMM,2,1234
Target-Only,12,-0.5237898258065474,0.6932379650732317,0.0,1.0,0.0,GMM,2,1234
Target-Only,13,-0.5237898258065474,0.6932379650732317,0.0,1.0,0.0,GMM,2,1234
Target-Only,14,-0.5864813493295918,0.6020120556368113,0.0,1.0,0.0,GMM,2,1234
Target-Only,15,-0.5864813493295918,0.6020120556368113,0.0,1.0,0.0,GMM,2,1234
Target-Only,16,-0.5864813493295918,0.6020120556368113,0.0,1.0,0.0,GMM,2,1234
Target-Only,17,-0.5864813493295918,0.6020120556368113,0.0,1.0,0.0,GMM,2,1234
Target-Only,18,-0.5982313585606293,0.5849139661703189,0.0,1.0,0.0,GMM,2,1234
Target-Only,19,-0.6315410052204168,0.5364432537233966,0.0,1.0,0.0,GMM,2,1234
Target-Only,20,-0.6315410052204168,0.5364432537233966,0.0,1.0,0.0,GMM,2,1234
Matching-Fixed-Filter,0,-0.312979328576134,1.0,0.0,1.0,0.0,GMM,2,1234
Matching-Fixed-Filter,1,-0.312979328576134,1.0,1.0,0.25,1.0,GMM,2,1234
Matching-Fixed-Filter,2,-0.34275239529764845,0.9566755609730397,1.0,0.25,1.0,GMM,2,1234
Matching-Fixed-Filter,3,-0.40442347926996924,0.8669345496665145,1.0,0.25,1.0,GMM,2,1234
Matching-Fixed-Filter,4,-0.4832294589325516,0.7522596022455204,1.0,0.25,1.0,GMM,2,1234
Matching-Fixed-Filter,5,-0.4832294589325516,0.7522596022455204,1.0,0.25,1.0,GMM,2,1234
Matching-Fixed-Filter,6,-0.4832294589325516,0.7522596022455204,1.0,0.25,1.0,GMM,2,1234
Matching-Fixed-Filter,7,-0.4832294589325516,0.7522596022455204,1.0,0.25,1.0,GMM,2,1234
Matching-Fixed-Filter,8,-0.4973440890818027,0.7317206218640524,1.0,0.25,1.0,GMM,2,1234
Matching-Fixed-Filter,9,-0.4973440890818027,0.7317206218640524,1.0,0.25,1.0,GMM,2,1234
Matching-Fixed-Filter,10,-0.4973440890818027,0.7317206218640524,1.0,0.25,1.0,GMM,2,1234
Matching-Fixed-Filter,11,-0.4973440890818027,0.7317206218640524,0.0,1.0,1.0,GMM,2,1234
Matching-Fixed-Filter,12,-0.4973440890818027,0.7317206218640524,1.0,0.25,1.0,GMM,2,1234
Matching-Fixed-Filter,13,-0.7569148776072705,0.35400478540555036,1.0,0.25,1.0,GMM,2,1234
Matching-Fixed-Filter,14,-0.7683097747904087,0.33742343915569917,1.0,0.25,1.0,GMM,2,1234
Matching-Fixed-Filter,15,-0.7814688604344998,0.3182749245276779,1.0,0.25,1.0,GMM,2,1234
Matching-Fixed-Filter,16,-0.7814688604344998,0.3182749245276779,1.0,0.25,1.0,GMM,2,1234
Matching-Fixed-Filter,17,-0.7996914204454033,0.2917582677958733,1.0,0.25,1.0,GMM,2,1234
Matching-Fixed-Filter,18,-0.7996914204454033,0.2917582677958733,1.0,0.25,1.0,GMM,2,1234
Matching-Fixed-Filter,19,-0.7996914204454033,0.2917582677958733,1.0,0.25,1.0,GMM,2,1234
Matching-Fixed-Filter,20,-0.7996914204454033,0.2917582677958733,1.0,0.25,1.0,GMM,2,1234
Matching-Adaptive-Filter,0,-0.312979328576134,1.0,0.0,1.0,0.0,GMM,2,1234
Matching-Adaptive-Filter,1,-0.312979328576134,1.0,1.0,0.85,0.20857142857139271,GMM,2,1234
Matching-Adaptive-Filter,2,-0.3773195072351024,0.9063750411280302,1.0,0.82,0.2520779220778905,GMM,2,1234
Matching-Adaptive-Filter,3,-0.4668730393815681,0.7760607345965892,1.0,0.79,0.28095238095235203,GMM,2,1234
Matching-Adaptive-Filter,4,-0.47675613931152105,0.7616792882942104,1.0,0.8,0.2790979853479601,GMM,2,1234
Matching-Adaptive-Filter,5,-0.47675613931152105,0.7616792882942104,1.0,0.82,0.2503710575138941,GMM,2,1234
Matching-Adaptive-Filter,6,-0.47675613931152105,0.7616792882942104,1.0,0.79,0.2832323232323024,GMM,2,1234
Matching-Adaptive-Filter,7,-0.4971719965536459,0.7319710432369283,1.0,0.77,0.3070454545454339,GMM,2,1234
Matching-Adaptive-Filter,8,-0.4971719965536459,0.7319710432369283,1.0,0.74,0.3515031537090142,GMM,2,1234
Matching-Adaptive-Filter,9,-0.4971719965536459,0.7319710432369283,1.0,0.74,0.3573056573056365,GMM,2,1234
Matching-Adaptive-Filter,10,-0.4971719965536459,0.7319710432369283,0.0,1.0,0.38434065934063844,GMM,2,1234
Matching-Adaptive-Filter,11,-0.4971719965536459,0.7319710432369283,1.0,0.7,0.40777998472114024,GMM,2,1234
Matching-Adaptive-Filter,12,-0.5237898258065474,0.6932379650732317,1.0,0.67,0.44546865715981204,GMM,2,1234
Matching-Adaptive-Filter,13,-0.5237898258065474,0.6932379650732317,1.0,0.67,0.44874988272819005,GMM,2,1234
Matching-Adaptive-Filter,14,-0.5648022371542938,0.633558532940697,1.0,0.69,0.4207086055685951,GMM,2,1234
Matching-Adaptive-Filter,15,-0.5648022371542938,0.633558532940697,1.0,0.68,0.43141186299079204,GMM,2,1234
Matching-Adaptive-Filter,16,-0.5935313617558925,0.5917531919342736,1.0,0.69,0.41558509911139807,GMM,2,1234
Matching-Adaptive-Filter,17,-0.5935313617558925,0.5917531919342736,1.0,0.71,0.39721781324264255,GMM,2,1234
Matching-Adaptive-Filter,18,-0.6493553579475745,0.5105206020277688,1.0,0.7,0.400011436832074,GMM,2,1234
Matching-Adaptive-Filter,19,-0.6493553579475745,0.5105206020277688,1.0,0.72,0.37940076228118325,GMM,2,1234
Matching-Adaptive-Filter,20,-0.6493553579475745,0.5105206020277688,1.0,0.71,0.3990474226970086,GMM,2,1234
Random-Adaptive-Filter,0,-0.312979328576134,1.0,0.0,1.0,0.0,GMM,2,1234
Random-Adaptive-Filter,1,-0.312979328576134,1.0,1.0,0.93,0.099999999999975,GMM,2,1234
Random-Adaptive-Filter,2,-0.3773195072351024,0.9063750411280302,1.0,0.95,0.079999999999984,GMM,2,1234
Random-Adaptive-Filter,3,-0.4668730393815681,0.7760607345965892,1.0,0.96,0.06666666666665555,GMM,2,1234
Random-Adaptive-Filter,4,-0.47675613931152105,0.7616792882942104,1.0,0.96,0.05714285714284898,GMM,2,1234
Random-Adaptive-Filter,5,-0.47675613931152105,0.7616792882942104,0.0,1.0,0.04999999999999375,GMM,2,1234
Random-Adaptive-Filter,6,-0.47675613931152105,0.7616792882942104,0.0,1.0,0.04444444444443951,GMM,2,1234
Random-Adaptive-Filter,7,-0.4971719965536459,0.7319710432369283,0.0,1.0,0.039999999999996004,GMM,2,1234
Random-Adaptive-Filter,8,-0.4971719965536459,0.7319710432369283,0.0,1.0,0.03636363636363306,GMM,2,1234
Random-Adaptive-Filter,9,-0.4971719965536459,0.7319710432369283,0.0,1.0,0.03333333333333056,GMM,2,1234
Random-Adaptive-Filter,10,-0.4971719965536459,0.7319710432369283,0.0,1.0,0.0307692307692284,GMM,2,1234
Random-Adaptive-Filter,11,-0.4971719965536459,0.7319710432369283,0.0,1.0,0.028571428571426534,GMM,2,1234
Random-Adaptive-Filter,12,-0.5237898258065474,0.6932379650732317,0.0,1.0,0.026666666666664892,GMM,2,1234
Random-Adaptive-Filter,13,-0.5237898258065474,0.6932379650732317,0.0,1.0,0.02499999999999844,GMM,2,1234
Random-Adaptive-Filter,14,-0.5864813493295918,0.6020120556368113,0.0,1.0,0.0235294117647045,GMM,2,1234
Random-Adaptive-Filter,15,-0.5864813493295918,0.6020120556368113,0.0,1.0,0.02222222222222099,GMM,2,1234
Random-Adaptive-Filter,16,-0.5864813493295918,0.6020120556368113,0.0,1.0,0.021052631578946265,GMM,2,1234
Random-Adaptive-Filter,17,-0.5864813493295918,0.6020120556368113,0.0,1.0,0.019999999999999005,GMM,2,1234
Random-Adaptive-Filter,18,-0.5982313585606293,0.5849139661703189,0.0,1.0,0.019047619047618144,GMM,2,1234
Random-Adaptive-Filter,19,-0.6315410052204168,0.5364432537233966,0.0,1.0,0.01818181818181736,GMM,2,1234
Random-Adaptive-Filter,20,-0.6315410052204168,0.5364432537233966,0.0,1.0,0.020164504144985447,GMM,2,1234
Wrong-Adaptive-Filter,0,-0.312979328576134,1.0,0.0,1.0,0.0,GMM,2,1234
Wrong-Adaptive-Filter,1,-0.312979328576134,1.0,1.0,0.89,0.15785714285711205,GMM,2,1234
Wrong-Adaptive-Filter,2,-0.3773195072351024,0.9063750411280302,1.0,0.85,0.20743506493503738,GMM,2,1234
Wrong-Adaptive-Filter,3,-0.4668730393815681,0.7760607345965892,1.0,0.79,0.2888888888888593,GMM,2,1234
Wrong-Adaptive-Filter,4,-0.47675613931152105,0.7616792882942104,1.0,0.76,0.3255723443223155,GMM,2,1234
Wrong-Adaptive-Filter,5,-0.47675613931152105,0.7616792882942104,1.0,0.74,0.3573593073592792,GMM,2,1234
Wrong-Adaptive-Filter,6,-0.47675613931152105,0.7616792882942104,1.0,0.72,0.3827777777777503,GMM,2,1234
Wrong-Adaptive-Filter,7,-0.4971719965536459,0.7319710432369283,1.0,0.71,0.39664335664333045,GMM,2,1234
Wrong-Adaptive-Filter,8,-0.4971719965536459,0.7319710432369283,1.0,0.69,0.41827216900743736,GMM,2,1234
Wrong-Adaptive-Filter,9,-0.4971719965536459,0.7319710432369283,1.0,0.68,0.42893772893770415,GMM,2,1234
Wrong-Adaptive-Filter,10,-0.4971719965536459,0.7319710432369283,1.0,0.67,0.4484384037015372,GMM,2,1234
Wrong-Adaptive-Filter,11,-0.4971719965536459,0.7319710432369283,1.0,0.66,0.4603361344537578,GMM,2,1234
Wrong-Adaptive-Filter,12,-0.5407104831859562,0.6686157789952168,1.0,0.67,0.45305502504029715,GMM,2,1234
Wrong-Adaptive-Filter,13,-0.5407104831859562,0.6686157789952168,1.0,0.65,0.47403368045780714,GMM,2,1234
Wrong-Adaptive-Filter,14,-0.5407104831859562,0.6686157789952168,1.0,0.64,0.4881287585150608,GMM,2,1234
Wrong-Adaptive-Filter,15,-0.5407104831859562,0.6686157789952168,1.0,0.64,0.48671679197992923,GMM,2,1234
Wrong-Adaptive-Filter,16,-0.5992879240325093,0.5833764992109148,1.0,0.64,0.4800526315789279,GMM,2,1234
Wrong-Adaptive-Filter,17,-0.5992879240325093,0.5833764992109148,1.0,0.64,0.48628899051257424,GMM,2,1234
Wrong-Adaptive-Filter,18,-0.7415480705293923,0.3763658778154064,1.0,0.64,0.48894914465564804,GMM,2,1234
Wrong-Adaptive-Filter,19,-0.7415480705293923,0.3763658778154064,1.0,0.67,0.45005293619422415,GMM,2,1234
Wrong-Adaptive-Filter,20,-0.7967279490950108,0.2960705791553024,1.0,0.69,0.4181813066882703,GMM,2,1234
Oracle-Fixed-Filter,0,-0.312979328576134,1.0,0.0,1.0,0.0,GMM,2,1234
Oracle-Fixed-Filter,1,-0.312979328576134,1.0,1.0,0.25,1.0,GMM,2,1234
Oracle-Fixed-Filter,2,-0.312979328576134,1.0,1.0,0.25,1.0,GMM,2,1234
Oracle-Fixed-Filter,3,-0.312979328576134,1.0,1.0,0.25,1.0,GMM,2,1234
Oracle-Fixed-Filter,4,-0.40518482012257406,0.8658266804081698,1.0,0.25,1.0,GMM,2,1234
Oracle-Fixed-Filter,5,-0.44567083857053214,0.8069132317500423,1.0,0.25,1.0,GMM,2,1234
Oracle-Fixed-Filter,6,-0.44567083857053214,0.8069132317500423,1.0,0.25,1.0,GMM,2,1234
Oracle-Fixed-Filter,7,-0.4971719965536459,0.7319710432369283,1.0,0.25,1.0,GMM,2,1234
Oracle-Fixed-Filter,8,-0.4971719965536459,0.7319710432369283,0.0,1.0,1.0,GMM,2,1234
Oracle-Fixed-Filter,9,-0.4971719965536459,0.7319710432369283,0.0,1.0,1.0,GMM,2,1234
Oracle-Fixed-Filter,10,-0.4971719965536459,0.7319710432369283,0.0,1.0,1.0,GMM,2,1234
Oracle-Fixed-Filter,11,-0.4971719965536459,0.7319710432369283,1.0,0.25,1.0,GMM,2,1234
Oracle-Fixed-Filter,12,-0.4971719965536459,0.7319710432369283,1.0,0.25,1.0,GMM,2,1234
Oracle-Fixed-Filter,13,-0.5816836540047793,0.6089934479305239,1.0,0.25,1.0,GMM,2,1234
Oracle-Fixed-Filter,14,-0.5816836540047793,0.6089934479305239,1.0,0.25,1.0,GMM,2,1234
Oracle-Fixed-Filter,15,-0.5816836540047793,0.6089934479305239,1.0,0.25,1.0,GMM,2,1234
Oracle-Fixed-Filter,16,-0.5816836540047793,0.6089934479305239,0.0,1.0,1.0,GMM,2,1234
Oracle-Fixed-Filter,17,-0.5816836540047793,0.6089934479305239,0.0,1.0,1.0,GMM,2,1234
Oracle-Fixed-Filter,18,-0.5816836540047793,0.6089934479305239,0.0,1.0,1.0,GMM,2,1234
Oracle-Fixed-Filter,19,-0.5816836540047793,0.6089934479305239,1.0,0.25,1.0,GMM,2,1234
Oracle-Fixed-Filter,20,-0.5982223203846972,0.584927118120897,0.0,1.0,1.0,GMM,2,1234
Matching-Soft-Rerank,0,-0.312979328576134,1.0,0.0,1.0,,GMM,2,1234
Matching-Soft-Rerank,1,-0.312979328576134,1.0,0.0,1.0,,GMM,2,1234
Matching-Soft-Rerank,2,-0.39439259062107135,0.8815310515223804,0.0,1.0,,GMM,2,1234
Matching-Soft-Rerank,3,-0.48320822163047733,0.7522905058204667,0.0,1.0,,GMM,2,1234
Matching-Soft-Rerank,4,-0.49910859864989865,0.7291529862250868,0.0,1.0,,GMM,2,1234
Matching-Soft-Rerank,5,-0.49910859864989865,0.7291529862250868,0.0,1.0,,GMM,2,1234
Matching-Soft-Rerank,6,-0.49910859864989865,0.7291529862250868,0.0,1.0,,GMM,2,1234
Matching-Soft-Rerank,7,-0.524471219385331,0.6922464315226741,0.0,1.0,,GMM,2,1234
Matching-Soft-Rerank,8,-0.524471219385331,0.6922464315226741,0.0,1.0,,GMM,2,1234
Matching-Soft-Rerank,9,-0.6916819614805781,0.44892881603083545,0.0,1.0,,GMM,2,1234
Matching-Soft-Rerank,10,-0.7584850135756689,0.35171999356119,0.0,1.0,,GMM,2,1234
Matching-Soft-Rerank,11,-0.7584850135756689,0.35171999356119,0.0,1.0,,GMM,2,1234
Matching-Soft-Rerank,12,-0.7907587408226284,0.3047567048492061,0.0,1.0,,GMM,2,1234
Matching-Soft-Rerank,13,-0.7907587408226284,0.3047567048492061,0.0,1.0,,GMM,2,1234
Matching-Soft-Rerank,14,-0.79306616169816,0.3013990488856279,0.0,1.0,,GMM,2,1234
Matching-Soft-Rerank,15,-0.79306616169816,0.3013990488856279,0.0,1.0,,GMM,2,1234
Matching-Soft-Rerank,16,-0.79306616169816,0.3013990488856279,0.0,1.0,,GMM,2,1234
Matching-Soft-Rerank,17,-0.798819747874854,0.2930266868501641,0.0,1.0,,GMM,2,1234
Matching-Soft-Rerank,18,-0.798819747874854,0.2930266868501641,0.0,1.0,,GMM,2,1234
Matching-Soft-Rerank,19,-0.798819747874854,0.2930266868501641,0.0,1.0,,GMM,2,1234
Matching-Soft-Rerank,20,-0.798819747874854,0.2930266868501641,0.0,1.0,,GMM,2,1234
Target-Only,0,-0.6023376463185987,1.0,0.0,1.0,0.0,GMM,2,5678
Target-Only,1,-0.6023376463185987,1.0,0.0,1.0,0.0,GMM,2,5678
Target-Only,2,-0.8118137920729676,0.47348422718799144,0.0,1.0,0.0,GMM,2,5678
Target-Only,3,-0.8574539977165826,0.3587681192549917,0.0,1.0,0.0,GMM,2,5678
Target-Only,4,-0.8574539977165826,0.3587681192549917,0.0,1.0,0.0,GMM,2,5678
Target-Only,5,-0.8574539977165826,0.3587681192549917,0.0,1.0,0.0,GMM,2,5678
Target-Only,6,-0.8574539977165826,0.3587681192549917,0.0,1.0,0.0,GMM,2,5678
Target-Only,7,-0.982573599092565,0.044281506112636405,0.0,1.0,0.0,GMM,2,5678
Target-Only,8,-0.982573599092565,0.044281506112636405,0.0,1.0,0.0,GMM,2,5678
Target-Only,9,-0.982573599092565,0.044281506112636405,0.0,1.0,0.0,GMM,2,5678
Target-Only,10,-0.982573599092565,0.044281506112636405,0.0,1.0,0.0,GMM,2,5678
Target-Only,11,-0.9983775212173591,0.004558537938713837,0.0,1.0,0.0,GMM,2,5678
Target-Only,12,-0.9983775212173591,0.004558537938713837,0.0,1.0,0.0,GMM,2,5678
Target-Only,13,-0.9983775212173591,0.004558537938713837,0.0,1.0,0.0,GMM,2,5678
Target-Only,14,-0.9983775212173591,0.004558537938713837,0.0,1.0,0.0,GMM,2,5678
Target-Only,15,-0.9983775212173591,0.004558537938713837,0.0,1.0,0.0,GMM,2,5678
Target-Only,16,-0.9983775212173591,0.004558537938713837,0.0,1.0,0.0,GMM,2,5678
Target-Only,17,-0.9983775212173591,0.004558537938713837,0.0,1.0,0.0,GMM,2,5678
Target-Only,18,-0.9983775212173591,0.004558537938713837,0.0,1.0,0.0,GMM,2,5678
Target-Only,19,-0.9983775212173591,0.004558537938713837,0.0,1.0,0.0,GMM,2,5678
Target-Only,20,-0.9983775212173591,0.004558537938713837,0.0,1.0,0.0,GMM,2,5678
Matching-Fixed-Filter,0,-0.6023376463185987,1.0,0.0,1.0,0.0,GMM,2,5678
Matching-Fixed-Filter,1,-0.6023376463185987,1.0,1.0,0.25,1.0,GMM,2,5678
Matching-Fixed-Filter,2,-0.9776117702850966,0.05675300314021926,1.0,0.25,1.0,GMM,2,5678
Matching-Fixed-Filter,3,-0.9776117702850966,0.05675300314021926,1.0,0.25,1.0,GMM,2,5678
Matching-Fixed-Filter,4,-0.9945358821627864,0.014214451495835159,1.0,0.25,1.0,GMM,2,5678
Matching-Fixed-Filter,5,-0.9945358821627864,0.014214451495835159,1.0,0.25,1.0,GMM,2,5678
Matching-Fixed-Filter,6,-0.9945358821627864,0.014214451495835159,1.0,0.25,1.0,GMM,2,5678
Matching-Fixed-Filter,7,-0.9945358821627864,0.014214451495835159,1.0,0.25,1.0,GMM,2,5678
Matching-Fixed-Filter,8,-0.9945358821627864,0.014214451495835159,1.0,0.25,1.0,GMM,2,5678
Matching-Fixed-Filter,9,-0.9945358821627864,0.014214451495835159,1.0,0.25,1.0,GMM,2,5678
Matching-Fixed-Filter,10,-0.9945358821627864,0.014214451495835159,1.0,0.25,1.0,GMM,2,5678
Matching-Fixed-Filter,11,-0.9945358821627864,0.014214451495835159,1.0,0.25,1.0,GMM,2,5678
Matching-Fixed-Filter,12,-0.9945358821627864,0.014214451495835159,1.0,0.25,1.0,GMM,2,5678
Matching-Fixed-Filter,13,-0.9945358821627864,0.014214451495835159,1.0,0.25,1.0,GMM,2,5678
Matching-Fixed-Filter,14,-0.9945358821627864,0.014214451495835159,1.0,0.25,1.0,GMM,2,5678
Matching-Fixed-Filter,15,-1.0000628123889497,0.00032257884930163034,1.0,0.25,1.0,GMM,2,5678
Matching-Fixed-Filter,16,-1.0000628123889497,0.00032257884930163034,1.0,0.25,1.0,GMM,2,5678
Matching-Fixed-Filter,17,-1.0000628123889497,0.00032257884930163034,1.0,0.25,1.0,GMM,2,5678
Matching-Fixed-Filter,18,-1.0000628123889497,0.00032257884930163034,1.0,0.25,1.0,GMM,2,5678
Matching-Fixed-Filter,19,-1.0000628123889497,0.00032257884930163034,1.0,0.25,1.0,GMM,2,5678
Matching-Fixed-Filter,20,-1.0000628123889497,0.00032257884930163034,1.0,0.25,1.0,GMM,2,5678
Matching-Adaptive-Filter,0,-0.6023376463185987,1.0,0.0,1.0,0.0,GMM,2,5678
Matching-Adaptive-Filter,1,-0.6023376463185987,1.0,1.0,0.83,0.23928571428567538,GMM,2,5678
Matching-Adaptive-Filter,2,-0.6023376463185987,1.0,1.0,0.79,0.2861688311687965,GMM,2,5678
Matching-Adaptive-Filter,3,-0.6023376463185987,1.0,1.0,0.77,0.30793650793647676,GMM,2,5678
Matching-Adaptive-Filter,4,-0.6023376463185987,1.0,1.0,0.76,0.3295787545787255,GMM,2,5678
Matching-Adaptive-Filter,5,-0.8153660183222308,0.46455574923601006,1.0,0.79,0.28083900226755093,GMM,2,5678
Matching-Adaptive-Filter,6,-0.9934854964386143,0.01685458337969033,1.0,0.78,0.3008838383838164,GMM,2,5678
Matching-Adaptive-Filter,7,-0.9934854964386143,0.01685458337969033,1.0,0.76,0.3310839160838939,GMM,2,5678
Matching-Adaptive-Filter,8,-0.9934854964386143,0.01685458337969033,1.0,0.75,0.3456854420089499,GMM,2,5678
Matching-Adaptive-Filter,9,-0.9934854964386143,0.01685458337969033,1.0,0.73,0.3602903269569728,GMM,2,5678
Matching-Adaptive-Filter,10,-0.9934854964386143,0.01685458337969033,1.0,0.72,0.3771038172353756,GMM,2,5678
Matching-Adaptive-Filter,11,-0.9934854964386143,0.01685458337969033,1.0,0.7,0.4003628724216753,GMM,2,5678
Matching-Adaptive-Filter,12,-0.9934854964386143,0.01685458337969033,1.0,0.7,0.4127438248026282,GMM,2,5678
Matching-Adaptive-Filter,13,-0.9934854964386143,0.01685458337969033,1.0,0.68,0.42978703443097743,GMM,2,5678
Matching-Adaptive-Filter,14,-0.9934854964386143,0.01685458337969033,1.0,0.68,0.4384407145478429,GMM,2,5678
Matching-Adaptive-Filter,15,-0.9934854964386143,0.01685458337969033,1.0,0.67,0.4457811194653112,GMM,2,5678
Matching-Adaptive-Filter,16,-0.9934854964386143,0.01685458337969033,1.0,0.66,0.4554357484620458,GMM,2,5678
Matching-Adaptive-Filter,17,-0.9934854964386143,0.01685458337969033,1.0,0.66,0.4657678966995557,GMM,2,5678
Matching-Adaptive-Filter,18,-1.000134365736818,0.00014273037006540409,1.0,0.65,0.47601049313004057,GMM,2,5678
Matching-Adaptive-Filter,19,-1.000134365736818,0.00014273037006540409,1.0,0.64,0.48351566911347776,GMM,2,5678
Matching-Adaptive-Filter,20,-1.000134365736818,0.00014273037006540409,1.0,0.64,0.4884663062981913,GMM,2,5678
Random-Adaptive-Filter,0,-0.6023376463185987,1.0,0.0,1.0,0.0,GMM,2,5678
Random-Adaptive-Filter,1,-0.6023376463185987,1.0,1.0,0.93,0.099999999999975,GMM,2,5678
Random-Adaptive-Filter,2,-0.8118137920729676,0.47348422718799144,1.0,0.95,0.079999999999984,GMM,2,5678
Random-Adaptive-Filter,3,-0.8574539977165826,0.3587681192549917,1.0,0.96,0.06666666666665555,GMM,2,5678
Random-Adaptive-Filter,4,-0.8574539977165826,0.3587681192549917,1.0,0.96,0.05714285714284898,GMM,2,5678
Random-Adaptive-Filter,5,-0.8574539977165826,0.3587681192549917,0.0,1.0,0.04999999999999375,GMM,2,5678
Random-Adaptive-Filter,6,-0.8574539977165826,0.3587681192549917,0.0,1.0,0.04444444444443951,GMM,2,5678
Random-Adaptive-Filter,7,-0.982573599092565,0.044281506112636405,0.0,1.0,0.039999999999996004,GMM,2,5678
Random-Adaptive-Filter,8,-0.982573599092565,0.044281506112636405,0.0,1.0,0.03636363636363306,GMM,2,5678
Random-Adaptive-Filter,9,-0.982573599092565,0.044281506112636405,0.0,1.0,0.03333333333333056,GMM,2,5678
Random-Adaptive-Filter,10,-0.982573599092565,0.044281506112636405,0.0,1.0,0.0307692307692284,GMM,2,5678
Random-Adaptive-Filter,11,-0.9983775212173591,0.004558537938713837,0.0,1.0,0.028571428571426534,GMM,2,5678
Random-Adaptive-Filter,12,-0.9983775212173591,0.004558537938713837,0.0,1.0,0.026666666666664892,GMM,2,5678
Random-Adaptive-Filter,13,-0.9983775212173591,0.004558537938713837,0.0,1.0,0.04305985552115345,GMM,2,5678
Random-Adaptive-Filter,14,-0.9983775212173591,0.004558537938713837,0.0,1.0,0.0235294117647045,GMM,2,5678
Random-Adaptive-Filter,15,-0.9983775212173591,0.004558537938713837,0.0,1.0,0.02222222222222099,GMM,2,5678
Random-Adaptive-Filter,16,-0.9983775212173591,0.004558537938713837,0.0,1.0,0.021052631578946265,GMM,2,5678
Random-Adaptive-Filter,17,-0.9983775212173591,0.004558537938713837,0.0,1.0,0.019999999999999005,GMM,2,5678
Random-Adaptive-Filter,18,-0.9983775212173591,0.004558537938713837,0.0,1.0,0.019047619047618144,GMM,2,5678
Random-Adaptive-Filter,19,-0.9983775212173591,0.004558537938713837,0.0,1.0,0.01818181818181736,GMM,2,5678
Random-Adaptive-Filter,20,-0.9983775212173591,0.004558537938713837,0.0,1.0,0.01739130434782533,GMM,2,5678
Wrong-Adaptive-Filter,0,-0.6023376463185987,1.0,0.0,1.0,0.0,GMM,2,5678
Wrong-Adaptive-Filter,1,-0.6023376463185987,1.0,1.0,0.9,0.14285714285711357,GMM,2,5678
Wrong-Adaptive-Filter,2,-0.6023376463185987,1.0,1.0,0.87,0.18308441558439026,GMM,2,5678
Wrong-Adaptive-Filter,3,-0.6023376463185987,1.0,1.0,0.86,0.1976190476190256,GMM,2,5678
Wrong-Adaptive-Filter,4,-0.9633626436235775,0.09256801161800181,1.0,0.85,0.2021749084248891,GMM,2,5678
Wrong-Adaptive-Filter,5,-0.9633626436235775,0.09256801161800181,1.0,0.8,0.27494331065757405,GMM,2,5678
Wrong-Adaptive-Filter,6,-0.9633626436235775,0.09256801161800181,1.0,0.82,0.24792929292927443,GMM,2,5678
Wrong-Adaptive-Filter,7,-0.9633626436235775,0.09256801161800181,1.0,0.81,0.2570017482517307,GMM,2,5678
Wrong-Adaptive-Filter,8,-0.9913289669715475,0.02227499425681217,1.0,0.76,0.3260169977081539,GMM,2,5678
Wrong-Adaptive-Filter,9,-0.9913289669715475,0.02227499425681217,1.0,0.77,0.31633428300093114,GMM,2,5678
Wrong-Adaptive-Filter,10,-0.9913289669715475,0.02227499425681217,1.0,0.78,0.30060005783688337,GMM,2,5678
Wrong-Adaptive-Filter,11,-0.9913289669715475,0.02227499425681217,1.0,0.76,0.32326661573718724,GMM,2,5678
Wrong-Adaptive-Filter,12,-0.9996600720128263,0.0013348619405986752,1.0,0.73,0.3614841163738046,GMM,2,5678
Wrong-Adaptive-Filter,13,-0.9996600720128263,0.0013348619405986752,1.0,0.75,0.334644431935438,GMM,2,5678
Wrong-Adaptive-Filter,14,-0.9996600720128263,0.0013348619405986752,1.0,0.74,0.3532028847447994,GMM,2,5678
Wrong-Adaptive-Filter,15,-0.9996600720128263,0.0013348619405986752,1.0,0.73,0.3680868838763419,GMM,2,5678
Wrong-Adaptive-Filter,16,-0.9996600720128263,0.0013348619405986752,1.0,0.7,0.40178639781269737,GMM,2,5678
Wrong-Adaptive-Filter,17,-0.9996600720128263,0.0013348619405986752,1.0,0.7,0.4045235509831626,GMM,2,5678
Wrong-Adaptive-Filter,18,-0.9996600720128263,0.0013348619405986752,1.0,0.69,0.41555147750798366,GMM,2,5678
Wrong-Adaptive-Filter,19,-0.9996600720128263,0.0013348619405986752,1.0,0.72,0.3813417560700031,GMM,2,5678
Wrong-Adaptive-Filter,20,-0.9996600720128263,0.0013348619405986752,1.0,0.72,0.3806057293751181,GMM,2,5678
Oracle-Fixed-Filter,0,-0.6023376463185987,1.0,0.0,1.0,0.0,GMM,2,5678
Oracle-Fixed-Filter,1,-0.6023376463185987,1.0,1.0,0.25,1.0,GMM,2,5678
Oracle-Fixed-Filter,2,-0.6023376463185987,1.0,1.0,0.25,1.0,GMM,2,5678
Oracle-Fixed-Filter,3,-0.6023376463185987,1.0,1.0,0.25,1.0,GMM,2,5678
Oracle-Fixed-Filter,4,-0.6023376463185987,1.0,1.0,0.25,1.0,GMM,2,5678
Oracle-Fixed-Filter,5,-0.6023376463185987,1.0,1.0,0.25,1.0,GMM,2,5678
Oracle-Fixed-Filter,6,-0.9468181510001995,0.13415239483266556,1.0,0.25,1.0,GMM,2,5678
Oracle-Fixed-Filter,7,-0.9468181510001995,0.13415239483266556,1.0,0.25,1.0,GMM,2,5678
Oracle-Fixed-Filter,8,-0.9540441181212167,0.11599001338662834,1.0,0.25,1.0,GMM,2,5678
Oracle-Fixed-Filter,9,-0.9540441181212167,0.11599001338662834,1.0,0.25,1.0,GMM,2,5678
Oracle-Fixed-Filter,10,-0.988051660834551,0.03051246381330111,1.0,0.25,1.0,GMM,2,5678
Oracle-Fixed-Filter,11,-0.988051660834551,0.03051246381330111,0.0,1.0,1.0,GMM,2,5678
Oracle-Fixed-Filter,12,-0.9891180286065919,0.027832161244356945,1.0,0.25,1.0,GMM,2,5678
Oracle-Fixed-Filter,13,-0.9891180286065919,0.027832161244356945,1.0,0.25,1.0,GMM,2,5678
Oracle-Fixed-Filter,14,-0.9891180286065919,0.027832161244356945,0.0,1.0,1.0,GMM,2,5678
Oracle-Fixed-Filter,15,-1.0000628123889497,0.00032257884930163034,1.0,0.25,1.0,GMM,2,5678
Oracle-Fixed-Filter,16,-1.0000628123889497,0.00032257884930163034,0.0,1.0,1.0,GMM,2,5678
Oracle-Fixed-Filter,17,-1.0000628123889497,0.00032257884930163034,1.0,0.25,1.0,GMM,2,5678
Oracle-Fixed-Filter,18,-1.0000628123889497,0.00032257884930163034,1.0,0.25,1.0,GMM,2,5678
Oracle-Fixed-Filter,19,-1.0000628123889497,0.00032257884930163034,0.0,1.0,1.0,GMM,2,5678
Oracle-Fixed-Filter,20,-1.0000628123889497,0.00032257884930163034,0.0,1.0,1.0,GMM,2,5678
Matching-Soft-Rerank,0,-0.6023376463185987,1.0,0.0,1.0,,GMM,2,5678
Matching-Soft-Rerank,1,-0.6023376463185987,1.0,0.0,1.0,,GMM,2,5678
Matching-Soft-Rerank,2,-0.8704453525527948,0.32611450513186374,0.0,1.0,,GMM,2,5678
Matching-Soft-Rerank,3,-0.8704453525527948,0.32611450513186374,0.0,1.0,,GMM,2,5678
Matching-Soft-Rerank,4,-0.8704453525527948,0.32611450513186374,0.0,1.0,,GMM,2,5678
Matching-Soft-Rerank,5,-0.9302487849246523,0.17579929717018308,0.0,1.0,,GMM,2,5678
Matching-Soft-Rerank,6,-0.9468181510001995,0.13415239483266556,0.0,1.0,,GMM,2,5678
Matching-Soft-Rerank,7,-0.9976775032285307,0.0063180247339430645,0.0,1.0,,GMM,2,5678
Matching-Soft-Rerank,8,-0.9976775032285307,0.0063180247339430645,0.0,1.0,,GMM,2,5678
Matching-Soft-Rerank,9,-0.9976775032285307,0.0063180247339430645,0.0,1.0,,GMM,2,5678
Matching-Soft-Rerank,10,-0.9976775032285307,0.0063180247339430645,0.0,1.0,,GMM,2,5678
Matching-Soft-Rerank,11,-0.9976775032285307,0.0063180247339430645,0.0,1.0,,GMM,2,5678
Matching-Soft-Rerank,12,-0.9976775032285307,0.0063180247339430645,0.0,1.0,,GMM,2,5678
Matching-Soft-Rerank,13,-0.9976775032285307,0.0063180247339430645,0.0,1.0,,GMM,2,5678
Matching-Soft-Rerank,14,-0.9976775032285307,0.0063180247339430645,0.0,1.0,,GMM,2,5678
Matching-Soft-Rerank,15,-0.9976775032285307,0.0063180247339430645,0.0,1.0,,GMM,2,5678
Matching-Soft-Rerank,16,-0.9976775032285307,0.0063180247339430645,0.0,1.0,,GMM,2,5678
Matching-Soft-Rerank,17,-0.9976775032285307,0.0063180247339430645,0.0,1.0,,GMM,2,5678
Matching-Soft-Rerank,18,-0.9976775032285307,0.0063180247339430645,0.0,1.0,,GMM,2,5678
Matching-Soft-Rerank,19,-0.9976775032285307,0.0063180247339430645,0.0,1.0,,GMM,2,5678
Matching-Soft-Rerank,20,-0.9976775032285307,0.0063180247339430645,0.0,1.0,,GMM,2,5678
Target-Only,0,-0.6188503701506838,1.0,0.0,1.0,0.0,GMM,2,8888
Target-Only,1,-0.6188503701506838,1.0,0.0,1.0,0.0,GMM,2,8888
Target-Only,2,-0.6188503701506838,1.0,0.0,1.0,0.0,GMM,2,8888
Target-Only,3,-0.7657472833042503,0.6147883459301804,0.0,1.0,0.0,GMM,2,8888
Target-Only,4,-0.7657472833042503,0.6147883459301804,0.0,1.0,0.0,GMM,2,8888
Target-Only,5,-0.9028641705564789,0.25522311201598136,0.0,1.0,0.0,GMM,2,8888
Target-Only,6,-0.9638744613670572,0.09523421549060213,0.0,1.0,0.0,GMM,2,8888
Target-Only,7,-0.9638744613670572,0.09523421549060213,0.0,1.0,0.0,GMM,2,8888
Target-Only,8,-0.9946161304688332,0.01461952489337713,0.0,1.0,0.0,GMM,2,8888
Target-Only,9,-0.9946161304688332,0.01461952489337713,0.0,1.0,0.0,GMM,2,8888
Target-Only,10,-0.9946161304688332,0.01461952489337713,0.0,1.0,0.0,GMM,2,8888
Target-Only,11,-0.9946161304688332,0.01461952489337713,0.0,1.0,0.0,GMM,2,8888
Target-Only,12,-0.9946161304688332,0.01461952489337713,0.0,1.0,0.0,GMM,2,8888
Target-Only,13,-0.9946161304688332,0.01461952489337713,0.0,1.0,0.0,GMM,2,8888
Target-Only,14,-0.9946161304688332,0.01461952489337713,0.0,1.0,0.0,GMM,2,8888
Target-Only,15,-0.9946161304688332,0.01461952489337713,0.0,1.0,0.0,GMM,2,8888
Target-Only,16,-0.9946161304688332,0.01461952489337713,0.0,1.0,0.0,GMM,2,8888
Target-Only,17,-0.9959005090119093,0.011251465126778137,0.0,1.0,0.0,GMM,2,8888
Target-Only,18,-0.9959005090119093,0.011251465126778137,0.0,1.0,0.0,GMM,2,8888
Target-Only,19,-0.9959005090119093,0.011251465126778137,0.0,1.0,0.0,GMM,2,8888
Target-Only,20,-0.9959005090119093,0.011251465126778137,0.0,1.0,0.0,GMM,2,8888
Matching-Fixed-Filter,0,-0.6188503701506838,1.0,0.0,1.0,0.0,GMM,2,8888
Matching-Fixed-Filter,1,-0.6188503701506838,1.0,1.0,0.25,1.0,GMM,2,8888
Matching-Fixed-Filter,2,-0.9057313804596671,0.24770435178023814,1.0,0.25,1.0,GMM,2,8888
Matching-Fixed-Filter,3,-0.9716464568476013,0.07485350652802678,1.0,0.25,1.0,GMM,2,8888
Matching-Fixed-Filter,4,-0.9716464568476013,0.07485350652802678,1.0,0.25,1.0,GMM,2,8888
Matching-Fixed-Filter,5,-0.9883799040426381,0.030972946113857192,1.0,0.25,1.0,GMM,2,8888
Matching-Fixed-Filter,6,-0.9883799040426381,0.030972946113857192,1.0,0.25,1.0,GMM,2,8888
Matching-Fixed-Filter,7,-0.9883799040426381,0.030972946113857192,1.0,0.25,1.0,GMM,2,8888
Matching-Fixed-Filter,8,-0.9969691467553687,0.00844914815549427,1.0,0.25,1.0,GMM,2,8888
Matching-Fixed-Filter,9,-0.9969691467553687,0.00844914815549427,1.0,0.25,1.0,GMM,2,8888
Matching-Fixed-Filter,10,-0.9969691467553687,0.00844914815549427,1.0,0.25,1.0,GMM,2,8888
Matching-Fixed-Filter,11,-0.9969691467553687,0.00844914815549427,1.0,0.25,1.0,GMM,2,8888
Matching-Fixed-Filter,12,-0.9969691467553687,0.00844914815549427,1.0,0.25,1.0,GMM,2,8888
Matching-Fixed-Filter,13,-0.9969691467553687,0.00844914815549427,1.0,0.25,1.0,GMM,2,8888
Matching-Fixed-Filter,14,-0.9969691467553687,0.00844914815549427,1.0,0.25,1.0,GMM,2,8888
Matching-Fixed-Filter,15,-0.9969691467553687,0.00844914815549427,1.0,0.25,1.0,GMM,2,8888
Matching-Fixed-Filter,16,-0.9969691467553687,0.00844914815549427,1.0,0.25,1.0,GMM,2,8888
Matching-Fixed-Filter,17,-0.9969691467553687,0.00844914815549427,1.0,0.25,1.0,GMM,2,8888
Matching-Fixed-Filter,18,-0.9969691467553687,0.00844914815549427,1.0,0.25,1.0,GMM,2,8888
Matching-Fixed-Filter,19,-0.9969691467553687,0.00844914815549427,1.0,0.25,1.0,GMM,2,8888
Matching-Fixed-Filter,20,-0.9969691467553687,0.00844914815549427,1.0,0.25,1.0,GMM,2,8888
Matching-Adaptive-Filter,0,-0.6188503701506838,1.0,0.0,1.0,0.0,GMM,2,8888
Matching-Adaptive-Filter,1,-0.6188503701506838,1.0,1.0,0.87,0.1749999999999675,GMM,2,8888
Matching-Adaptive-Filter,2,-0.6188503701506838,1.0,1.0,0.86,0.1928246753246491,GMM,2,8888
Matching-Adaptive-Filter,3,-0.7657472833042503,0.6147883459301804,1.0,0.84,0.2261904761904518,GMM,2,8888
Matching-Adaptive-Filter,4,-0.7657472833042503,0.6147883459301804,1.0,0.77,0.31595695970693166,GMM,2,8888
Matching-Adaptive-Filter,5,-0.9028641705564789,0.25522311201598136,1.0,0.77,0.31909915481341505,GMM,2,8888
Matching-Adaptive-Filter,6,-0.9638744613670572,0.09523421549060213,1.0,0.74,0.35383838383835825,GMM,2,8888
Matching-Adaptive-Filter,7,-0.9638744613670572,0.09523421549060213,1.0,0.71,0.3898688811188553,GMM,2,8888
Matching-Adaptive-Filter,8,-0.9946161304688332,0.01461952489337713,1.0,0.69,0.4168177410824213,GMM,2,8888
Matching-Adaptive-Filter,9,-0.9946161304688332,0.01461952489337713,1.0,0.68,0.43748473748471234,GMM,2,8888
Matching-Adaptive-Filter,10,-0.9946161304688332,0.01461952489337713,1.0,0.67,0.4474045691150711,GMM,2,8888
Matching-Adaptive-Filter,11,-0.9946161304688332,0.01461952489337713,1.0,0.67,0.44869977081739476,GMM,2,8888
Matching-Adaptive-Filter,12,-0.9946161304688332,0.01461952489337713,1.0,0.65,0.46876225490193807,GMM,2,8888
Matching-Adaptive-Filter,13,-0.9946161304688332,0.01461952489337713,1.0,0.65,0.4741978609625449,GMM,2,8888
Matching-Adaptive-Filter,14,-0.9946161304688332,0.01461952489337713,1.0,0.64,0.4833882981109851,GMM,2,8888
Matching-Adaptive-Filter,15,-0.9946161304688332,0.01461952489337713,1.0,0.64,0.48838763575603605,GMM,2,8888
Matching-Adaptive-Filter,16,-0.9946161304688332,0.01461952489337713,1.0,0.64,0.4921954887217846,GMM,2,8888
Matching-Adaptive-Filter,17,-0.9973559195071172,0.007434903756128217,1.0,0.64,0.488509130620913,GMM,2,8888
Matching-Adaptive-Filter,18,-0.9973559195071172,0.007434903756128217,1.0,0.63,0.505103833364684,GMM,2,8888
Matching-Adaptive-Filter,19,-0.9973559195071172,0.007434903756128217,1.0,0.64,0.48483554488987524,GMM,2,8888
Matching-Adaptive-Filter,20,-0.9973559195071172,0.007434903756128217,1.0,0.63,0.49673812132393613,GMM,2,8888
Random-Adaptive-Filter,0,-0.6188503701506838,1.0,0.0,1.0,0.0,GMM,2,8888
Random-Adaptive-Filter,1,-0.6188503701506838,1.0,1.0,0.93,0.10285714285711757,GMM,2,8888
Random-Adaptive-Filter,2,-0.6188503701506838,1.0,1.0,0.9,0.14547619047616855,GMM,2,8888
Random-Adaptive-Filter,3,-0.7657472833042503,0.6147883459301804,1.0,0.86,0.19047619047616904,GMM,2,8888
Random-Adaptive-Filter,4,-0.7657472833042503,0.6147883459301804,1.0,0.83,0.2342261904761687,GMM,2,8888
Random-Adaptive-Filter,5,-0.9028641705564789,0.25522311201598136,1.0,0.87,0.1769428983714545,GMM,2,8888
Random-Adaptive-Filter,6,-0.9638744613670572,0.09523421549060213,1.0,0.88,0.17292929292927942,GMM,2,8888
Random-Adaptive-Filter,7,-0.9638744613670572,0.09523421549060213,1.0,0.92,0.1092744755244672,GMM,2,8888
Random-Adaptive-Filter,8,-0.9946161304688332,0.01461952489337713,1.0,0.95,0.06690662278897064,GMM,2,8888
Random-Adaptive-Filter,9,-0.9946161304688332,0.01461952489337713,1.0,0.95,0.06813186813186344,GMM,2,8888
Random-Adaptive-Filter,10,-0.9946161304688332,0.01461952489337713,0.0,1.0,0.0307692307692284,GMM,2,8888
Random-Adaptive-Filter,11,-0.9946161304688332,0.01461952489337713,0.0,1.0,0.03729870129869881,GMM,2,8888
Random-Adaptive-Filter,12,-0.9946161304688332,0.01461952489337713,0.0,1.0,0.026666666666664892,GMM,2,8888
Random-Adaptive-Filter,13,-0.9946161304688332,0.01461952489337713,0.0,1.0,0.035835913312691446,GMM,2,8888
Random-Adaptive-Filter,14,-0.9946161304688332,0.01461952489337713,0.0,1.0,0.04641270695921152,GMM,2,8888
Random-Adaptive-Filter,15,-0.9946161304688332,0.01461952489337713,1.0,0.95,0.07819548872180092,GMM,2,8888
Random-Adaptive-Filter,16,-0.9946161304688332,0.01461952489337713,1.0,0.95,0.07150068352699623,GMM,2,8888
Random-Adaptive-Filter,17,-0.9959005090119093,0.011251465126778137,0.0,1.0,0.04218526814799928,GMM,2,8888
Random-Adaptive-Filter,18,-0.9959005090119093,0.011251465126778137,0.0,1.0,0.034345525649872005,GMM,2,8888
Random-Adaptive-Filter,19,-0.9959005090119093,0.011251465126778137,0.0,1.0,0.021287408243929048,GMM,2,8888
Random-Adaptive-Filter,20,-0.9959005090119093,0.011251465126778137,0.0,1.0,0.029645946257639232,GMM,2,8888
Wrong-Adaptive-Filter,0,-0.6188503701506838,1.0,0.0,1.0,0.0,GMM,2,8888
Wrong-Adaptive-Filter,1,-0.6188503701506838,1.0,1.0,0.92,0.11428571428568786,GMM,2,8888
Wrong-Adaptive-Filter,2,-0.6188503701506838,1.0,1.0,0.93,0.10435064935063114,GMM,2,8888
Wrong-Adaptive-Filter,3,-0.7657472833042503,0.6147883459301804,1.0,0.96,0.06666666666665555,GMM,2,8888
Wrong-Adaptive-Filter,4,-0.7657472833042503,0.6147883459301804,1.0,0.96,0.05714285714284898,GMM,2,8888
Wrong-Adaptive-Filter,5,-0.9028641705564789,0.25522311201598136,1.0,0.94,0.08246753246752389,GMM,2,8888
Wrong-Adaptive-Filter,6,-0.9638744613670572,0.09523421549060213,1.0,0.97,0.052929292929287435,GMM,2,8888
Wrong-Adaptive-Filter,7,-0.9638744613670572,0.09523421549060213,0.0,1.0,0.039999999999996004,GMM,2,8888
Wrong-Adaptive-Filter,8,-0.9946161304688332,0.01461952489337713,0.0,1.0,0.03636363636363306,GMM,2,8888
Wrong-Adaptive-Filter,9,-0.9946161304688332,0.01461952489337713,0.0,1.0,0.03333333333333056,GMM,2,8888
Wrong-Adaptive-Filter,10,-0.9946161304688332,0.01461952489337713,0.0,1.0,0.03593840370155896,GMM,2,8888
Wrong-Adaptive-Filter,11,-0.9946161304688332,0.01461952489337713,0.0,1.0,0.028571428571426534,GMM,2,8888
Wrong-Adaptive-Filter,12,-0.9946161304688332,0.01461952489337713,0.0,1.0,0.0494257703081204,GMM,2,8888
Wrong-Adaptive-Filter,13,-0.9946161304688332,0.01461952489337713,1.0,0.93,0.09494089501828966,GMM,2,8888
Wrong-Adaptive-Filter,14,-0.9946161304688332,0.01461952489337713,1.0,0.94,0.0841701440301481,GMM,2,8888
Wrong-Adaptive-Filter,15,-0.9946161304688332,0.01461952489337713,1.0,0.92,0.10743525480367108,GMM,2,8888
Wrong-Adaptive-Filter,16,-0.9946161304688332,0.01461952489337713,1.0,0.92,0.11996172248803322,GMM,2,8888
Wrong-Adaptive-Filter,17,-0.9959005090119093,0.011251465126778137,1.0,0.92,0.11401468097119813,GMM,2,8888
Wrong-Adaptive-Filter,18,-0.9959005090119093,0.011251465126778137,1.0,0.93,0.10214306627349708,GMM,2,8888
Wrong-Adaptive-Filter,19,-0.9959005090119093,0.011251465126778137,1.0,0.92,0.11631846414454675,GMM,2,8888
Wrong-Adaptive-Filter,20,-0.9959005090119093,0.011251465126778137,1.0,0.91,0.12266981893668112,GMM,2,8888
Oracle-Fixed-Filter,0,-0.6188503701506838,1.0,0.0,1.0,0.0,GMM,2,8888
Oracle-Fixed-Filter,1,-0.6188503701506838,1.0,1.0,0.25,1.0,GMM,2,8888
Oracle-Fixed-Filter,2,-0.7903260569824282,0.550334778729073,1.0,0.25,1.0,GMM,2,8888
Oracle-Fixed-Filter,3,-0.7903260569824282,0.550334778729073,1.0,0.25,1.0,GMM,2,8888
Oracle-Fixed-Filter,4,-0.9253549273862822,0.19624500652894808,1.0,0.25,1.0,GMM,2,8888
Oracle-Fixed-Filter,5,-0.9883799040426381,0.030972946113857192,1.0,0.25,1.0,GMM,2,8888
Oracle-Fixed-Filter,6,-0.9883799040426381,0.030972946113857192,1.0,0.25,1.0,GMM,2,8888
Oracle-Fixed-Filter,7,-0.9883799040426381,0.030972946113857192,0.0,1.0,1.0,GMM,2,8888
Oracle-Fixed-Filter,8,-0.9883799040426381,0.030972946113857192,0.0,1.0,1.0,GMM,2,8888
Oracle-Fixed-Filter,9,-0.9883799040426381,0.030972946113857192,1.0,0.25,1.0,GMM,2,8888
Oracle-Fixed-Filter,10,-0.9990119545732163,0.003092239275882948,1.0,0.25,1.0,GMM,2,8888
Oracle-Fixed-Filter,11,-0.9990119545732163,0.003092239275882948,0.0,1.0,1.0,GMM,2,8888
Oracle-Fixed-Filter,12,-0.9990119545732163,0.003092239275882948,1.0,0.25,1.0,GMM,2,8888
Oracle-Fixed-Filter,13,-0.9990119545732163,0.003092239275882948,0.0,1.0,1.0,GMM,2,8888
Oracle-Fixed-Filter,14,-0.9990119545732163,0.003092239275882948,0.0,1.0,1.0,GMM,2,8888
Oracle-Fixed-Filter,15,-0.9990119545732163,0.003092239275882948,1.0,0.25,1.0,GMM,2,8888
Oracle-Fixed-Filter,16,-0.9990119545732163,0.003092239275882948,0.0,1.0,1.0,GMM,2,8888
Oracle-Fixed-Filter,17,-0.9990119545732163,0.003092239275882948,0.0,1.0,1.0,GMM,2,8888
Oracle-Fixed-Filter,18,-0.9990119545732163,0.003092239275882948,1.0,0.25,1.0,GMM,2,8888
Oracle-Fixed-Filter,19,-0.9990119545732163,0.003092239275882948,1.0,0.25,1.0,GMM,2,8888
Oracle-Fixed-Filter,20,-0.9990119545732163,0.003092239275882948,1.0,0.25,1.0,GMM,2,8888
Matching-Soft-Rerank,0,-0.6188503701506838,1.0,0.0,1.0,,GMM,2,8888
Matching-Soft-Rerank,1,-0.6188503701506838,1.0,0.0,1.0,,GMM,2,8888
Matching-Soft-Rerank,2,-0.9445034436919634,0.1460313466177748,0.0,1.0,,GMM,2,8888
Matching-Soft-Rerank,3,-0.9915412513610513,0.022682861567682514,0.0,1.0,,GMM,2,8888
Matching-Soft-Rerank,4,-0.9915412513610513,0.022682861567682514,0.0,1.0,,GMM,2,8888
Matching-Soft-Rerank,5,-0.9915412513610513,0.022682861567682514,0.0,1.0,,GMM,2,8888
Matching-Soft-Rerank,6,-0.9915412513610513,0.022682861567682514,0.0,1.0,,GMM,2,8888
Matching-Soft-Rerank,7,-0.9915412513610513,0.022682861567682514,0.0,1.0,,GMM,2,8888
Matching-Soft-Rerank,8,-0.9915412513610513,0.022682861567682514,0.0,1.0,,GMM,2,8888
Matching-Soft-Rerank,9,-0.9915412513610513,0.022682861567682514,0.0,1.0,,GMM,2,8888
Matching-Soft-Rerank,10,-0.9915412513610513,0.022682861567682514,0.0,1.0,,GMM,2,8888
Matching-Soft-Rerank,11,-0.9915412513610513,0.022682861567682514,0.0,1.0,,GMM,2,8888
Matching-Soft-Rerank,12,-0.9915412513610513,0.022682861567682514,0.0,1.0,,GMM,2,8888
Matching-Soft-Rerank,13,-0.9915412513610513,0.022682861567682514,0.0,1.0,,GMM,2,8888
Matching-Soft-Rerank,14,-0.9915412513610513,0.022682861567682514,0.0,1.0,,GMM,2,8888
Matching-Soft-Rerank,15,-0.9915412513610513,0.022682861567682514,0.0,1.0,,GMM,2,8888
Matching-Soft-Rerank,16,-0.9915412513610513,0.022682861567682514,0.0,1.0,,GMM,2,8888
Matching-Soft-Rerank,17,-0.9915412513610513,0.022682861567682514,0.0,1.0,,GMM,2,8888
Matching-Soft-Rerank,18,-0.9915412513610513,0.022682861567682514,0.0,1.0,,GMM,2,8888
Matching-Soft-Rerank,19,-0.9915412513610513,0.022682861567682514,0.0,1.0,,GMM,2,8888
Matching-Soft-Rerank,20,-0.9984235341137572,0.0046352697835412866,0.0,1.0,,GMM,2,8888
Target-Only,0,29.314341565150336,1.0,0.0,1.0,0.0,Rastrigin,2,42
Target-Only,1,29.314341565150336,1.0,0.0,1.0,0.0,Rastrigin,2,42
Target-Only,2,29.314341565150336,1.0,0.0,1.0,0.0,Rastrigin,2,42
Target-Only,3,28.236925598227337,0.9632461140384657,0.0,1.0,0.0,Rastrigin,2,42
Target-Only,4,28.236925598227337,0.9632461140384657,0.0,1.0,0.0,Rastrigin,2,42
Target-Only,5,28.236925598227337,0.9632461140384657,0.0,1.0,0.0,Rastrigin,2,42
Target-Only,6,28.236925598227337,0.9632461140384657,0.0,1.0,0.0,Rastrigin,2,42
Target-Only,7,27.45022315159318,0.9364093370675167,0.0,1.0,0.0,Rastrigin,2,42
Target-Only,8,27.45022315159318,0.9364093370675167,0.0,1.0,0.0,Rastrigin,2,42
Target-Only,9,27.45022315159318,0.9364093370675167,0.0,1.0,0.0,Rastrigin,2,42
Target-Only,10,27.45022315159318,0.9364093370675167,0.0,1.0,0.0,Rastrigin,2,42
Target-Only,11,27.45022315159318,0.9364093370675167,0.0,1.0,0.0,Rastrigin,2,42
Target-Only,12,27.45022315159318,0.9364093370675167,0.0,1.0,0.0,Rastrigin,2,42
Target-Only,13,27.45022315159318,0.9364093370675167,0.0,1.0,0.0,Rastrigin,2,42
Target-Only,14,21.8481513299091,0.7453058865863377,0.0,1.0,0.0,Rastrigin,2,42
Target-Only,15,21.8481513299091,0.7453058865863377,0.0,1.0,0.0,Rastrigin,2,42
Target-Only,16,18.924591418161775,0.6455745006621547,0.0,1.0,0.0,Rastrigin,2,42
Target-Only,17,18.039370470505343,0.615376962515543,0.0,1.0,0.0,Rastrigin,2,42
Target-Only,18,18.039370470505343,0.615376962515543,0.0,1.0,0.0,Rastrigin,2,42
Target-Only,19,18.039370470505343,0.615376962515543,0.0,1.0,0.0,Rastrigin,2,42
Target-Only,20,18.039370470505343,0.615376962515543,0.0,1.0,0.0,Rastrigin,2,42
Matching-Fixed-Filter,0,29.314341565150336,1.0,0.0,1.0,0.0,Rastrigin,2,42
Matching-Fixed-Filter,1,29.314341565150336,1.0,1.0,0.25,1.0,Rastrigin,2,42
Matching-Fixed-Filter,2,29.314341565150336,1.0,1.0,0.25,1.0,Rastrigin,2,42
Matching-Fixed-Filter,3,29.314341565150336,1.0,1.0,0.25,1.0,Rastrigin,2,42
Matching-Fixed-Filter,4,25.71435098250292,0.8771935376871238,1.0,0.25,1.0,Rastrigin,2,42
Matching-Fixed-Filter,5,25.71435098250292,0.8771935376871238,1.0,0.25,1.0,Rastrigin,2,42
Matching-Fixed-Filter,6,25.71435098250292,0.8771935376871238,1.0,0.25,1.0,Rastrigin,2,42
Matching-Fixed-Filter,7,25.71435098250292,0.8771935376871238,1.0,0.25,1.0,Rastrigin,2,42
Matching-Fixed-Filter,8,25.71435098250292,0.8771935376871238,1.0,0.25,1.0,Rastrigin,2,42
Matching-Fixed-Filter,9,25.71435098250292,0.8771935376871238,1.0,0.25,1.0,Rastrigin,2,42
Matching-Fixed-Filter,10,11.501207724243898,0.3923406465972559,1.0,0.25,1.0,Rastrigin,2,42
Matching-Fixed-Filter,11,11.501207724243898,0.3923406465972559,1.0,0.25,1.0,Rastrigin,2,42
Matching-Fixed-Filter,12,11.501207724243898,0.3923406465972559,1.0,0.25,1.0,Rastrigin,2,42
Matching-Fixed-Filter,13,11.501207724243898,0.3923406465972559,1.0,0.25,1.0,Rastrigin,2,42
Matching-Fixed-Filter,14,11.501207724243898,0.3923406465972559,1.0,0.25,1.0,Rastrigin,2,42
Matching-Fixed-Filter,15,6.984337829762106,0.2382566845050776,1.0,0.25,1.0,Rastrigin,2,42
Matching-Fixed-Filter,16,6.984337829762106,0.2382566845050776,1.0,0.25,1.0,Rastrigin,2,42
Matching-Fixed-Filter,17,6.984337829762106,0.2382566845050776,1.0,0.25,1.0,Rastrigin,2,42
Matching-Fixed-Filter,18,6.984337829762106,0.2382566845050776,1.0,0.25,1.0,Rastrigin,2,42
Matching-Fixed-Filter,19,2.340938159733099,0.07985641275723103,1.0,0.25,1.0,Rastrigin,2,42
Matching-Fixed-Filter,20,2.340938159733099,0.07985641275723103,1.0,0.25,1.0,Rastrigin,2,42
Matching-Adaptive-Filter,0,29.314341565150336,1.0,0.0,1.0,0.0,Rastrigin,2,42
Matching-Adaptive-Filter,1,29.314341565150336,1.0,1.0,0.87,0.18428571428568086,Rastrigin,2,42
Matching-Adaptive-Filter,2,29.314341565150336,1.0,1.0,0.87,0.17956709956707453,Rastrigin,2,42
Matching-Adaptive-Filter,3,28.236925598227337,0.9632461140384657,1.0,0.84,0.2182539682539445,Rastrigin,2,42
Matching-Adaptive-Filter,4,28.236925598227337,0.9632461140384657,1.0,0.84,0.2262133699633488,Rastrigin,2,42
Matching-Adaptive-Filter,5,28.236925598227337,0.9632461140384657,1.0,0.86,0.18873428159140826,Rastrigin,2,42
Matching-Adaptive-Filter,6,28.236925598227337,0.9632461140384657,1.0,0.86,0.19914141414139888,Rastrigin,2,42
Matching-Adaptive-Filter,7,28.236925598227337,0.9632461140384657,1.0,0.84,0.2253146853146698,Rastrigin,2,42
Matching-Adaptive-Filter,8,23.588132481374537,0.8046618556637387,1.0,0.87,0.18021733168790816,Rastrigin,2,42
Matching-Adaptive-Filter,9,23.588132481374537,0.8046618556637387,1.0,0.84,0.22665852665851313,Rastrigin,2,42
Matching-Adaptive-Filter,10,13.32126160475418,0.4544281363150537,1.0,0.87,0.17550607287448394,Rastrigin,2,42
Matching-Adaptive-Filter,11,13.32126160475418,0.4544281363150537,1.0,0.85,0.20050725744842327,Rastrigin,2,42
Matching-Adaptive-Filter,12,13.32126160475418,0.4544281363150537,1.0,0.83,0.22746403106696092,Rastrigin,2,42
Matching-Adaptive-Filter,13,13.32126160475418,0.4544281363150537,1.0,0.81,0.2649498076742534,Rastrigin,2,42
Matching-Adaptive-Filter,14,13.32126160475418,0.4544281363150537,1.0,0.81,0.26633193088300255,Rastrigin,2,42
Matching-Adaptive-Filter,15,13.32126160475418,0.4544281363150537,1.0,0.81,0.2666666666666552,Rastrigin,2,42
Matching-Adaptive-Filter,16,13.32126160475418,0.4544281363150537,1.0,0.78,0.29338380041010426,Rastrigin,2,42
Matching-Adaptive-Filter,17,13.32126160475418,0.4544281363150537,1.0,0.75,0.3430136323303892,Rastrigin,2,42
Matching-Adaptive-Filter,18,13.32126160475418,0.4544281363150537,1.0,0.71,0.38673131417695183,Rastrigin,2,42
Matching-Adaptive-Filter,19,13.32126160475418,0.4544281363150537,1.0,0.74,0.3478790231507497,Rastrigin,2,42
Matching-Adaptive-Filter,20,13.32126160475418,0.4544281363150537,1.0,0.71,0.3880300545428508,Rastrigin,2,42
Random-Adaptive-Filter,0,29.314341565150336,1.0,0.0,1.0,0.0,Rastrigin,2,42
Random-Adaptive-Filter,1,29.314341565150336,1.0,1.0,0.85,0.20142857142853626,Rastrigin,2,42
Random-Adaptive-Filter,2,29.314341565150336,1.0,1.0,0.86,0.1893073593073334,Rastrigin,2,42
Random-Adaptive-Filter,3,28.236925598227337,0.9632461140384657,1.0,0.92,0.10873015873014413,Rastrigin,2,42
Random-Adaptive-Filter,4,28.236925598227337,0.9632461140384657,1.0,0.89,0.1573031135530977,Rastrigin,2,42
Random-Adaptive-Filter,5,28.236925598227337,0.9632461140384657,1.0,0.84,0.22464440321581303,Rastrigin,2,42
Random-Adaptive-Filter,6,28.236925598227337,0.9632461140384657,1.0,0.92,0.10800505050504135,Rastrigin,2,42
Random-Adaptive-Filter,7,27.45022315159318,0.9364093370675167,1.0,0.96,0.06076048951048421,Rastrigin,2,42
Random-Adaptive-Filter,8,27.45022315159318,0.9364093370675167,1.0,0.92,0.11033745666097843,Rastrigin,2,42
Random-Adaptive-Filter,9,27.45022315159318,0.9364093370675167,1.0,0.94,0.09017772351105093,Rastrigin,2,42
Random-Adaptive-Filter,10,27.45022315159318,0.9364093370675167,1.0,0.9,0.1413895315211023,Rastrigin,2,42
Random-Adaptive-Filter,11,27.45022315159318,0.9364093370675167,1.0,0.88,0.1697639419404034,Rastrigin,2,42
Random-Adaptive-Filter,12,27.45022315159318,0.9364093370675167,1.0,0.92,0.11485819327730498,Rastrigin,2,42
Random-Adaptive-Filter,13,27.45022315159318,0.9364093370675167,1.0,0.9,0.14017262407354608,Rastrigin,2,42
Random-Adaptive-Filter,14,21.8481513299091,0.7453058865863377,1.0,0.91,0.12461930204223343,Rastrigin,2,42
Random-Adaptive-Filter,15,21.8481513299091,0.7453058865863377,1.0,0.93,0.09406850459481617,Rastrigin,2,42
Random-Adaptive-Filter,16,18.924591418161775,0.6455745006621547,1.0,0.91,0.12459808612439673,Rastrigin,2,42
Random-Adaptive-Filter,17,18.039370470505343,0.615376962515543,1.0,0.93,0.09854878041213044,Rastrigin,2,42
Random-Adaptive-Filter,18,18.039370470505343,0.615376962515543,1.0,0.96,0.06486683606248561,Rastrigin,2,42
Random-Adaptive-Filter,19,18.039370470505343,0.615376962515543,1.0,0.91,0.12140386787125464,Rastrigin,2,42
Random-Adaptive-Filter,20,18.039370470505343,0.615376962515543,1.0,0.96,0.0616273396107353,Rastrigin,2,42
Wrong-Adaptive-Filter,0,29.314341565150336,1.0,0.0,1.0,0.0,Rastrigin,2,42
Wrong-Adaptive-Filter,1,29.314341565150336,1.0,1.0,0.91,0.12571428571425813,Rastrigin,2,42
Wrong-Adaptive-Filter,2,29.314341565150336,1.0,1.0,0.92,0.10922077922076058,Rastrigin,2,42
Wrong-Adaptive-Filter,3,28.236925598227337,0.9632461140384657,1.0,0.91,0.12460317460315866,Rastrigin,2,42
Wrong-Adaptive-Filter,4,26.961870962824392,0.9197501810812417,1.0,0.92,0.11163003663002427,Rastrigin,2,42
Wrong-Adaptive-Filter,5,26.961870962824392,0.9197501810812417,1.0,0.96,0.05909090909090219,Rastrigin,2,42
Wrong-Adaptive-Filter,6,26.961870962824392,0.9197501810812417,1.0,0.94,0.0868686868686791,Rastrigin,2,42
Wrong-Adaptive-Filter,7,26.961870962824392,0.9197501810812417,1.0,0.93,0.10118881118880338,Rastrigin,2,42
Wrong-Adaptive-Filter,8,26.961870962824392,0.9197501810812417,1.0,0.91,0.12425552388786837,Rastrigin,2,42
Wrong-Adaptive-Filter,9,14.343594834904003,0.48930298512848225,1.0,0.9,0.14145977479309937,Rastrigin,2,42
Wrong-Adaptive-Filter,10,14.343594834904003,0.48930298512848225,1.0,0.92,0.11761133603238175,Rastrigin,2,42
Wrong-Adaptive-Filter,11,14.343594834904003,0.48930298512848225,1.0,0.95,0.07092436974789501,Rastrigin,2,42
Wrong-Adaptive-Filter,12,2.5589305477797524,0.08729278609559073,1.0,0.93,0.10284069688480915,Rastrigin,2,42
Wrong-Adaptive-Filter,13,2.5589305477797524,0.08729278609559073,1.0,0.95,0.069410826531566,Rastrigin,2,42
Wrong-Adaptive-Filter,14,2.5589305477797524,0.08729278609559073,1.0,0.94,0.08245389689056007,Rastrigin,2,42
Wrong-Adaptive-Filter,15,2.5589305477797524,0.08729278609559073,1.0,0.95,0.07986633249790781,Rastrigin,2,42
Wrong-Adaptive-Filter,16,2.5589305477797524,0.08729278609559073,1.0,0.93,0.09545522898154071,Rastrigin,2,42
Wrong-Adaptive-Filter,17,2.020467936827341,0.06892421350610606,1.0,0.93,0.10251872351250815,Rastrigin,2,42
Wrong-Adaptive-Filter,18,2.020467936827341,0.06892421350610606,1.0,0.96,0.06389829976786242,Rastrigin,2,42
Wrong-Adaptive-Filter,19,2.020467936827341,0.06892421350610606,1.0,0.96,0.06259175607001452,Rastrigin,2,42
Wrong-Adaptive-Filter,20,2.020467936827341,0.06892421350610606,1.0,0.95,0.07475336356142925,Rastrigin,2,42
Oracle-Fixed-Filter,0,29.314341565150336,1.0,0.0,1.0,0.0,Rastrigin,2,42
Oracle-Fixed-Filter,1,29.314341565150336,1.0,0.0,1.0,0.0,Rastrigin,2,42
Oracle-Fixed-Filter,2,29.314341565150336,1.0,0.0,1.0,0.0,Rastrigin,2,42
Oracle-Fixed-Filter,3,28.236925598227337,0.9632461140384657,0.0,1.0,0.0,Rastrigin,2,42
Oracle-Fixed-Filter,4,28.236925598227337,0.9632461140384657,0.0,1.0,0.0,Rastrigin,2,42
Oracle-Fixed-Filter,5,28.236925598227337,0.9632461140384657,0.0,1.0,0.0,Rastrigin,2,42
Oracle-Fixed-Filter,6,28.236925598227337,0.9632461140384657,0.0,1.0,0.0,Rastrigin,2,42
Oracle-Fixed-Filter,7,27.45022315159318,0.9364093370675167,0.0,1.0,0.0,Rastrigin,2,42
Oracle-Fixed-Filter,8,27.45022315159318,0.9364093370675167,0.0,1.0,0.0,Rastrigin,2,42
Oracle-Fixed-Filter,9,27.45022315159318,0.9364093370675167,0.0,1.0,0.0,Rastrigin,2,42
Oracle-Fixed-Filter,10,27.45022315159318,0.9364093370675167,0.0,1.0,0.0,Rastrigin,2,42
Oracle-Fixed-Filter,11,27.45022315159318,0.9364093370675167,0.0,1.0,0.0,Rastrigin,2,42
Oracle-Fixed-Filter,12,27.45022315159318,0.9364093370675167,0.0,1.0,0.0,Rastrigin,2,42
Oracle-Fixed-Filter,13,27.45022315159318,0.9364093370675167,0.0,1.0,0.0,Rastrigin,2,42
Oracle-Fixed-Filter,14,21.8481513299091,0.7453058865863377,0.0,1.0,0.0,Rastrigin,2,42
Oracle-Fixed-Filter,15,21.8481513299091,0.7453058865863377,0.0,1.0,0.0,Rastrigin,2,42
Oracle-Fixed-Filter,16,18.924591418161775,0.6455745006621547,0.0,1.0,0.0,Rastrigin,2,42
Oracle-Fixed-Filter,17,18.039370470505343,0.615376962515543,0.0,1.0,0.0,Rastrigin,2,42
Oracle-Fixed-Filter,18,18.039370470505343,0.615376962515543,0.0,1.0,0.0,Rastrigin,2,42
Oracle-Fixed-Filter,19,18.039370470505343,0.615376962515543,0.0,1.0,0.0,Rastrigin,2,42
Oracle-Fixed-Filter,20,18.039370470505343,0.615376962515543,1.0,0.25,1.0,Rastrigin,2,42
Matching-Soft-Rerank,0,29.314341565150336,1.0,0.0,1.0,,Rastrigin,2,42
Matching-Soft-Rerank,1,23.115530782871563,0.7885399960800046,0.0,1.0,,Rastrigin,2,42
Matching-Soft-Rerank,2,23.115530782871563,0.7885399960800046,0.0,1.0,,Rastrigin,2,42
Matching-Soft-Rerank,3,23.115530782871563,0.7885399960800046,0.0,1.0,,Rastrigin,2,42
Matching-Soft-Rerank,4,13.349944031925578,0.4554065798222241,0.0,1.0,,Rastrigin,2,42
Matching-Soft-Rerank,5,13.349944031925578,0.4554065798222241,0.0,1.0,,Rastrigin,2,42
Matching-Soft-Rerank,6,13.349944031925578,0.4554065798222241,0.0,1.0,,Rastrigin,2,42
Matching-Soft-Rerank,7,13.349944031925578,0.4554065798222241,0.0,1.0,,Rastrigin,2,42
Matching-Soft-Rerank,8,13.349944031925578,0.4554065798222241,0.0,1.0,,Rastrigin,2,42
Matching-Soft-Rerank,9,13.349944031925578,0.4554065798222241,0.0,1.0,,Rastrigin,2,42
Matching-Soft-Rerank,10,13.349944031925578,0.4554065798222241,0.0,1.0,,Rastrigin,2,42
Matching-Soft-Rerank,11,13.349944031925578,0.4554065798222241,0.0,1.0,,Rastrigin,2,42
Matching-Soft-Rerank,12,11.853386313020799,0.40435451318860316,0.0,1.0,,Rastrigin,2,42
Matching-Soft-Rerank,13,8.121163408401697,0.2770372102799113,0.0,1.0,,Rastrigin,2,42
Matching-Soft-Rerank,14,5.887949027705636,0.20085557830524106,0.0,1.0,,Rastrigin,2,42
Matching-Soft-Rerank,15,5.887949027705636,0.20085557830524106,0.0,1.0,,Rastrigin,2,42
Matching-Soft-Rerank,16,5.887949027705636,0.20085557830524106,0.0,1.0,,Rastrigin,2,42
Matching-Soft-Rerank,17,5.887949027705636,0.20085557830524106,0.0,1.0,,Rastrigin,2,42
Matching-Soft-Rerank,18,5.887949027705636,0.20085557830524106,0.0,1.0,,Rastrigin,2,42
Matching-Soft-Rerank,19,5.887949027705636,0.20085557830524106,0.0,1.0,,Rastrigin,2,42
Matching-Soft-Rerank,20,2.477573045779142,0.08451743800121869,0.0,1.0,,Rastrigin,2,42
Target-Only,0,20.840408205090856,1.0,0.0,1.0,0.0,Rastrigin,2,101
Target-Only,1,20.840408205090856,1.0,0.0,1.0,0.0,Rastrigin,2,101
Target-Only,2,20.840408205090856,1.0,0.0,1.0,0.0,Rastrigin,2,101
Target-Only,3,20.840408205090856,1.0,0.0,1.0,0.0,Rastrigin,2,101
Target-Only,4,20.840408205090856,1.0,0.0,1.0,0.0,Rastrigin,2,101
Target-Only,5,20.840408205090856,1.0,0.0,1.0,0.0,Rastrigin,2,101
Target-Only,6,20.840408205090856,1.0,0.0,1.0,0.0,Rastrigin,2,101
Target-Only,7,20.840408205090856,1.0,0.0,1.0,0.0,Rastrigin,2,101
Target-Only,8,20.840408205090856,1.0,0.0,1.0,0.0,Rastrigin,2,101
Target-Only,9,20.840408205090856,1.0,0.0,1.0,0.0,Rastrigin,2,101
Target-Only,10,20.840408205090856,1.0,0.0,1.0,0.0,Rastrigin,2,101
Target-Only,11,20.840408205090856,1.0,0.0,1.0,0.0,Rastrigin,2,101
Target-Only,12,20.840408205090856,1.0,0.0,1.0,0.0,Rastrigin,2,101
Target-Only,13,20.840408205090856,1.0,0.0,1.0,0.0,Rastrigin,2,101
Target-Only,14,20.840408205090856,1.0,0.0,1.0,0.0,Rastrigin,2,101
Target-Only,15,18.552213206649697,0.8902039261456403,0.0,1.0,0.0,Rastrigin,2,101
Target-Only,16,18.552213206649697,0.8902039261456403,0.0,1.0,0.0,Rastrigin,2,101
Target-Only,17,18.552213206649697,0.8902039261456403,0.0,1.0,0.0,Rastrigin,2,101
Target-Only,18,18.552213206649697,0.8902039261456403,0.0,1.0,0.0,Rastrigin,2,101
Target-Only,19,18.552213206649697,0.8902039261456403,0.0,1.0,0.0,Rastrigin,2,101
Target-Only,20,18.552213206649697,0.8902039261456403,0.0,1.0,0.0,Rastrigin,2,101
Matching-Fixed-Filter,0,20.840408205090856,1.0,0.0,1.0,0.0,Rastrigin,2,101
Matching-Fixed-Filter,1,20.840408205090856,1.0,1.0,0.25,1.0,Rastrigin,2,101
Matching-Fixed-Filter,2,18.87477914208345,0.9056818348439429,1.0,0.25,1.0,Rastrigin,2,101
Matching-Fixed-Filter,3,18.87477914208345,0.9056818348439429,1.0,0.25,1.0,Rastrigin,2,101
Matching-Fixed-Filter,4,18.87477914208345,0.9056818348439429,1.0,0.25,1.0,Rastrigin,2,101
Matching-Fixed-Filter,5,18.87477914208345,0.9056818348439429,1.0,0.25,1.0,Rastrigin,2,101
Matching-Fixed-Filter,6,18.87477914208345,0.9056818348439429,1.0,0.25,1.0,Rastrigin,2,101
Matching-Fixed-Filter,7,18.87477914208345,0.9056818348439429,1.0,0.25,1.0,Rastrigin,2,101
Matching-Fixed-Filter,8,18.87477914208345,0.9056818348439429,1.0,0.25,1.0,Rastrigin,2,101
Matching-Fixed-Filter,9,18.87477914208345,0.9056818348439429,1.0,0.25,1.0,Rastrigin,2,101
Matching-Fixed-Filter,10,18.87477914208345,0.9056818348439429,1.0,0.25,1.0,Rastrigin,2,101
Matching-Fixed-Filter,11,18.87477914208345,0.9056818348439429,1.0,0.25,1.0,Rastrigin,2,101
Matching-Fixed-Filter,12,18.87477914208345,0.9056818348439429,1.0,0.25,1.0,Rastrigin,2,101
Matching-Fixed-Filter,13,18.87477914208345,0.9056818348439429,1.0,0.25,1.0,Rastrigin,2,101
Matching-Fixed-Filter,14,18.87477914208345,0.9056818348439429,1.0,0.25,1.0,Rastrigin,2,101
Matching-Fixed-Filter,15,18.87477914208345,0.9056818348439429,1.0,0.25,1.0,Rastrigin,2,101
Matching-Fixed-Filter,16,18.87477914208345,0.9056818348439429,1.0,0.25,1.0,Rastrigin,2,101
Matching-Fixed-Filter,17,18.87477914208345,0.9056818348439429,1.0,0.25,1.0,Rastrigin,2,101
Matching-Fixed-Filter,18,18.87477914208345,0.9056818348439429,1.0,0.25,1.0,Rastrigin,2,101
Matching-Fixed-Filter,19,18.87477914208345,0.9056818348439429,1.0,0.25,1.0,Rastrigin,2,101
Matching-Fixed-Filter,20,18.87477914208345,0.9056818348439429,1.0,0.25,1.0,Rastrigin,2,101
Matching-Adaptive-Filter,0,20.840408205090856,1.0,0.0,1.0,0.0,Rastrigin,2,101
Matching-Adaptive-Filter,1,20.840408205090856,1.0,1.0,0.88,0.16142857142854028,Rastrigin,2,101
Matching-Adaptive-Filter,2,20.840408205090856,1.0,1.0,0.86,0.19634199134196478,Rastrigin,2,101
Matching-Adaptive-Filter,3,20.840408205090856,1.0,1.0,0.84,0.22380952380949964,Rastrigin,2,101
Matching-Adaptive-Filter,4,19.702305867413926,0.9453896331359327,1.0,0.8,0.2694826007325763,Rastrigin,2,101
Matching-Adaptive-Filter,5,19.702305867413926,0.9453896331359327,1.0,0.8,0.26690373118942373,Rastrigin,2,101
Matching-Adaptive-Filter,6,19.702305867413926,0.9453896331359327,1.0,0.78,0.2958838383838167,Rastrigin,2,101
Matching-Adaptive-Filter,7,19.702305867413926,0.9453896331359327,1.0,0.77,0.318627622377601,Rastrigin,2,101
Matching-Adaptive-Filter,8,19.702305867413926,0.9453896331359327,1.0,0.76,0.32968673483377314,Rastrigin,2,101
Matching-Adaptive-Filter,9,10.367244112289615,0.4974587834492188,1.0,0.74,0.35106498439829736,Rastrigin,2,101
Matching-Adaptive-Filter,10,10.367244112289615,0.4974587834492188,1.0,0.73,0.37193464430304507,Rastrigin,2,101
Matching-Adaptive-Filter,11,10.367244112289615,0.4974587834492188,1.0,0.72,0.3814751718869169,Rastrigin,2,101
Matching-Adaptive-Filter,12,10.367244112289615,0.4974587834492188,1.0,0.7,0.40558850055171614,Rastrigin,2,101
Matching-Adaptive-Filter,13,10.367244112289615,0.4974587834492188,1.0,0.71,0.3986748287831694,Rastrigin,2,101
Matching-Adaptive-Filter,14,10.367244112289615,0.4974587834492188,1.0,0.71,0.3994584344328414,Rastrigin,2,101
Matching-Adaptive-Filter,15,9.956094200202322,0.4777302873448643,1.0,0.71,0.3911445279866166,Rastrigin,2,101
Matching-Adaptive-Filter,16,9.956094200202322,0.4777302873448643,1.0,0.71,0.3949422419685418,Rastrigin,2,101
Matching-Adaptive-Filter,17,9.735874303777717,0.4671633207932777,1.0,0.74,0.35141640967726556,Rastrigin,2,101
Matching-Adaptive-Filter,18,6.377081158991578,0.3059959812799538,1.0,0.75,0.34407225725159213,Rastrigin,2,101
Matching-Adaptive-Filter,19,6.377081158991578,0.3059959812799538,1.0,0.72,0.3739659796724878,Rastrigin,2,101
Matching-Adaptive-Filter,20,6.156678387646528,0.2954202397121274,1.0,0.74,0.3492410956569104,Rastrigin,2,101
Random-Adaptive-Filter,0,20.840408205090856,1.0,0.0,1.0,0.0,Rastrigin,2,101
Random-Adaptive-Filter,1,20.840408205090856,1.0,1.0,0.91,0.129999999999972,Rastrigin,2,101
Random-Adaptive-Filter,2,20.840408205090856,1.0,1.0,0.93,0.10651515151513309,Rastrigin,2,101
Random-Adaptive-Filter,3,20.840408205090856,1.0,1.0,0.96,0.06666666666665555,Rastrigin,2,101
Random-Adaptive-Filter,4,20.840408205090856,1.0,1.0,0.95,0.06675824175823286,Rastrigin,2,101
Random-Adaptive-Filter,5,20.840408205090856,1.0,1.0,0.92,0.11246134817562317,Rastrigin,2,101
Random-Adaptive-Filter,6,20.840408205090856,1.0,1.0,0.89,0.1510353535353415,Rastrigin,2,101
Random-Adaptive-Filter,7,20.840408205090856,1.0,1.0,0.91,0.1258828671328578,Rastrigin,2,101
Random-Adaptive-Filter,8,20.840408205090856,1.0,1.0,0.94,0.09225810953751473,Rastrigin,2,101
Random-Adaptive-Filter,9,20.840408205090856,1.0,1.0,0.89,0.14946411613077357,Rastrigin,2,101
Random-Adaptive-Filter,10,20.840408205090856,1.0,1.0,0.91,0.12381434355117839,Rastrigin,2,101
Random-Adaptive-Filter,11,20.840408205090856,1.0,1.0,0.91,0.13184950343773152,Rastrigin,2,101
Random-Adaptive-Filter,12,20.840408205090856,1.0,1.0,0.92,0.11378920507596388,Rastrigin,2,101
Random-Adaptive-Filter,13,20.840408205090856,1.0,1.0,0.89,0.15404587672388792,Rastrigin,2,101
Random-Adaptive-Filter,14,20.840408205090856,1.0,1.0,0.88,0.16491199307862975,Rastrigin,2,101
Random-Adaptive-Filter,15,20.429940505971253,0.9803042390014541,1.0,0.89,0.1528822055137779,Rastrigin,2,101
Random-Adaptive-Filter,16,20.429940505971253,0.9803042390014541,1.0,0.88,0.16842276144907026,Rastrigin,2,101
Random-Adaptive-Filter,17,20.429940505971253,0.9803042390014541,1.0,0.9,0.14298012546459177,Rastrigin,2,101
Random-Adaptive-Filter,18,18.125993015771137,0.8697523022290586,1.0,0.9,0.13973593335005843,Rastrigin,2,101
Random-Adaptive-Filter,19,18.125993015771137,0.8697523022290586,1.0,0.9,0.13836815358553975,Rastrigin,2,101
Random-Adaptive-Filter,20,8.423153499496559,0.40417411293503197,1.0,0.9,0.14286997691764472,Rastrigin,2,101
Wrong-Adaptive-Filter,0,20.840408205090856,1.0,0.0,1.0,0.0,Rastrigin,2,101
Wrong-Adaptive-Filter,1,20.840408205090856,1.0,1.0,0.9,0.1385714285713997,Rastrigin,2,101
Wrong-Adaptive-Filter,2,20.840408205090856,1.0,1.0,0.87,0.1817316017315765,Rastrigin,2,101
Wrong-Adaptive-Filter,3,20.840408205090856,1.0,1.0,0.86,0.19523809523807342,Rastrigin,2,101
Wrong-Adaptive-Filter,4,20.840408205090856,1.0,1.0,0.84,0.22220695970693885,Rastrigin,2,101
Wrong-Adaptive-Filter,5,20.840408205090856,1.0,1.0,0.82,0.24542362399503234,Rastrigin,2,101
Wrong-Adaptive-Filter,6,20.840408205090856,1.0,1.0,0.8,0.2683080808080609,Rastrigin,2,101
Wrong-Adaptive-Filter,7,20.840408205090856,1.0,1.0,0.79,0.2838811188810997,Rastrigin,2,101
Wrong-Adaptive-Filter,8,20.840408205090856,1.0,1.0,0.79,0.29332603670837126,Rastrigin,2,101
Wrong-Adaptive-Filter,9,20.840408205090856,1.0,1.0,0.8,0.2768552435218939,Rastrigin,2,101
Wrong-Adaptive-Filter,10,16.94610642898226,0.8131369722807396,1.0,0.81,0.2540775014459084,Rastrigin,2,101
Wrong-Adaptive-Filter,11,16.94610642898226,0.8131369722807396,1.0,0.81,0.2553254392666024,Rastrigin,2,101
Wrong-Adaptive-Filter,12,16.94610642898226,0.8131369722807396,1.0,0.83,0.2328606973092152,Rastrigin,2,101
Wrong-Adaptive-Filter,13,16.94610642898226,0.8131369722807396,1.0,0.82,0.2451660568533518,Rastrigin,2,101
Wrong-Adaptive-Filter,14,16.94610642898226,0.8131369722807396,1.0,0.81,0.25415195474421687,Rastrigin,2,101
Wrong-Adaptive-Filter,15,16.94610642898226,0.8131369722807396,1.0,0.79,0.2878863826232124,Rastrigin,2,101
Wrong-Adaptive-Filter,16,16.94610642898226,0.8131369722807396,1.0,0.79,0.2915071770334809,Rastrigin,2,101
Wrong-Adaptive-Filter,17,16.94610642898226,0.8131369722807396,1.0,0.79,0.29232394934257155,Rastrigin,2,101
Wrong-Adaptive-Filter,18,16.94610642898226,0.8131369722807396,1.0,0.78,0.2994947534349595,Rastrigin,2,101
Wrong-Adaptive-Filter,19,16.94610642898226,0.8131369722807396,1.0,0.78,0.3031585262563413,Rastrigin,2,101
Wrong-Adaptive-Filter,20,16.94610642898226,0.8131369722807396,1.0,0.75,0.3373642915533066,Rastrigin,2,101
Oracle-Fixed-Filter,0,20.840408205090856,1.0,0.0,1.0,0.0,Rastrigin,2,101
Oracle-Fixed-Filter,1,20.840408205090856,1.0,0.0,1.0,0.0,Rastrigin,2,101
Oracle-Fixed-Filter,2,20.840408205090856,1.0,0.0,1.0,0.0,Rastrigin,2,101
Oracle-Fixed-Filter,3,20.840408205090856,1.0,0.0,1.0,0.0,Rastrigin,2,101
Oracle-Fixed-Filter,4,20.840408205090856,1.0,0.0,1.0,0.0,Rastrigin,2,101
Oracle-Fixed-Filter,5,20.840408205090856,1.0,0.0,1.0,0.0,Rastrigin,2,101
Oracle-Fixed-Filter,6,20.840408205090856,1.0,0.0,1.0,0.0,Rastrigin,2,101
Oracle-Fixed-Filter,7,20.840408205090856,1.0,0.0,1.0,0.0,Rastrigin,2,101
Oracle-Fixed-Filter,8,20.840408205090856,1.0,1.0,0.25,1.0,Rastrigin,2,101
Oracle-Fixed-Filter,9,20.840408205090856,1.0,1.0,0.25,1.0,Rastrigin,2,101
Oracle-Fixed-Filter,10,18.616670567994706,0.8932968291593761,1.0,0.25,1.0,Rastrigin,2,101
Oracle-Fixed-Filter,11,5.422693436418671,0.26020092231658043,1.0,0.25,1.0,Rastrigin,2,101
Oracle-Fixed-Filter,12,5.422693436418671,0.26020092231658043,1.0,0.25,1.0,Rastrigin,2,101
Oracle-Fixed-Filter,13,5.422693436418671,0.26020092231658043,1.0,0.25,1.0,Rastrigin,2,101
Oracle-Fixed-Filter,14,5.422693436418671,0.26020092231658043,1.0,0.25,1.0,Rastrigin,2,101
Oracle-Fixed-Filter,15,5.422693436418671,0.26020092231658043,1.0,0.25,1.0,Rastrigin,2,101
Oracle-Fixed-Filter,16,4.992611115189172,0.23956397907645524,1.0,0.25,1.0,Rastrigin,2,101
Oracle-Fixed-Filter,17,2.6175347644182807,0.12559901603937268,1.0,0.25,1.0,Rastrigin,2,101
Oracle-Fixed-Filter,18,2.6175347644182807,0.12559901603937268,1.0,0.25,1.0,Rastrigin,2,101
Oracle-Fixed-Filter,19,2.6175347644182807,0.12559901603937268,1.0,0.25,1.0,Rastrigin,2,101
Oracle-Fixed-Filter,20,2.6175347644182807,0.12559901603937268,1.0,0.25,1.0,Rastrigin,2,101
Matching-Soft-Rerank,0,20.840408205090856,1.0,0.0,1.0,,Rastrigin,2,101
Matching-Soft-Rerank,1,20.840408205090856,1.0,0.0,1.0,,Rastrigin,2,101
Matching-Soft-Rerank,2,19.108957859598412,0.9169185973492837,0.0,1.0,,Rastrigin,2,101
Matching-Soft-Rerank,3,19.108957859598412,0.9169185973492837,0.0,1.0,,Rastrigin,2,101
Matching-Soft-Rerank,4,10.125009224776074,0.4858354560590015,0.0,1.0,,Rastrigin,2,101
Matching-Soft-Rerank,5,10.125009224776074,0.4858354560590015,0.0,1.0,,Rastrigin,2,101
Matching-Soft-Rerank,6,10.125009224776074,0.4858354560590015,0.0,1.0,,Rastrigin,2,101
Matching-Soft-Rerank,7,10.125009224776074,0.4858354560590015,0.0,1.0,,Rastrigin,2,101
Matching-Soft-Rerank,8,10.125009224776074,0.4858354560590015,0.0,1.0,,Rastrigin,2,101
Matching-Soft-Rerank,9,10.125009224776074,0.4858354560590015,0.0,1.0,,Rastrigin,2,101
Matching-Soft-Rerank,10,10.125009224776074,0.4858354560590015,0.0,1.0,,Rastrigin,2,101
Matching-Soft-Rerank,11,10.125009224776074,0.4858354560590015,0.0,1.0,,Rastrigin,2,101
Matching-Soft-Rerank,12,10.125009224776074,0.4858354560590015,0.0,1.0,,Rastrigin,2,101
Matching-Soft-Rerank,13,5.542361576476434,0.2659430430504982,0.0,1.0,,Rastrigin,2,101
Matching-Soft-Rerank,14,5.542361576476434,0.2659430430504982,0.0,1.0,,Rastrigin,2,101
Matching-Soft-Rerank,15,5.542361576476434,0.2659430430504982,0.0,1.0,,Rastrigin,2,101
Matching-Soft-Rerank,16,5.542361576476434,0.2659430430504982,0.0,1.0,,Rastrigin,2,101
Matching-Soft-Rerank,17,3.809720239378059,0.1828044922098708,0.0,1.0,,Rastrigin,2,101
Matching-Soft-Rerank,18,3.809720239378059,0.1828044922098708,0.0,1.0,,Rastrigin,2,101
Matching-Soft-Rerank,19,3.809720239378059,0.1828044922098708,0.0,1.0,,Rastrigin,2,101
Matching-Soft-Rerank,20,2.137202633733274,0.10255090076456383,0.0,1.0,,Rastrigin,2,101
Target-Only,0,25.58255184211822,1.0,0.0,1.0,0.0,Rastrigin,2,2026
Target-Only,1,25.58255184211822,1.0,0.0,1.0,0.0,Rastrigin,2,2026
Target-Only,2,25.58255184211822,1.0,0.0,1.0,0.0,Rastrigin,2,2026
Target-Only,3,25.58255184211822,1.0,0.0,1.0,0.0,Rastrigin,2,2026
Target-Only,4,25.58255184211822,1.0,0.0,1.0,0.0,Rastrigin,2,2026
Target-Only,5,25.58255184211822,1.0,0.0,1.0,0.0,Rastrigin,2,2026
Target-Only,6,25.58255184211822,1.0,0.0,1.0,0.0,Rastrigin,2,2026
Target-Only,7,25.58255184211822,1.0,0.0,1.0,0.0,Rastrigin,2,2026
Target-Only,8,25.58255184211822,1.0,0.0,1.0,0.0,Rastrigin,2,2026
Target-Only,9,21.675426298075678,0.847273815053509,0.0,1.0,0.0,Rastrigin,2,2026
Target-Only,10,14.471794795592677,0.5656900408100344,0.0,1.0,0.0,Rastrigin,2,2026
Target-Only,11,14.471794795592677,0.5656900408100344,0.0,1.0,0.0,Rastrigin,2,2026
Target-Only,12,9.200754224310305,0.35964958777734224,0.0,1.0,0.0,Rastrigin,2,2026
Target-Only,13,9.200754224310305,0.35964958777734224,0.0,1.0,0.0,Rastrigin,2,2026
Target-Only,14,9.200754224310305,0.35964958777734224,0.0,1.0,0.0,Rastrigin,2,2026
Target-Only,15,9.200754224310305,0.35964958777734224,0.0,1.0,0.0,Rastrigin,2,2026
Target-Only,16,9.200754224310305,0.35964958777734224,0.0,1.0,0.0,Rastrigin,2,2026
Target-Only,17,9.200754224310305,0.35964958777734224,0.0,1.0,0.0,Rastrigin,2,2026
Target-Only,18,9.200754224310305,0.35964958777734224,0.0,1.0,0.0,Rastrigin,2,2026
Target-Only,19,9.200754224310305,0.35964958777734224,0.0,1.0,0.0,Rastrigin,2,2026
Target-Only,20,9.200754224310305,0.35964958777734224,0.0,1.0,0.0,Rastrigin,2,2026
Matching-Fixed-Filter,0,25.58255184211822,1.0,0.0,1.0,0.0,Rastrigin,2,2026
Matching-Fixed-Filter,1,25.58255184211822,1.0,1.0,0.25,1.0,Rastrigin,2,2026
Matching-Fixed-Filter,2,25.58255184211822,1.0,1.0,0.25,1.0,Rastrigin,2,2026
Matching-Fixed-Filter,3,25.58255184211822,1.0,1.0,0.25,1.0,Rastrigin,2,2026
Matching-Fixed-Filter,4,25.58255184211822,1.0,1.0,0.25,1.0,Rastrigin,2,2026
Matching-Fixed-Filter,5,25.58255184211822,1.0,1.0,0.25,1.0,Rastrigin,2,2026
Matching-Fixed-Filter,6,25.58255184211822,1.0,1.0,0.25,1.0,Rastrigin,2,2026
Matching-Fixed-Filter,7,25.58255184211822,1.0,1.0,0.25,1.0,Rastrigin,2,2026
Matching-Fixed-Filter,8,25.58255184211822,1.0,1.0,0.25,1.0,Rastrigin,2,2026
Matching-Fixed-Filter,9,25.58255184211822,1.0,1.0,0.25,1.0,Rastrigin,2,2026
Matching-Fixed-Filter,10,25.58255184211822,1.0,1.0,0.25,1.0,Rastrigin,2,2026
Matching-Fixed-Filter,11,25.58255184211822,1.0,1.0,0.25,1.0,Rastrigin,2,2026
Matching-Fixed-Filter,12,16.844720004472734,0.6584456510995973,1.0,0.25,1.0,Rastrigin,2,2026
Matching-Fixed-Filter,13,8.278541686098258,0.32360109097751366,1.0,0.25,1.0,Rastrigin,2,2026
Matching-Fixed-Filter,14,8.278541686098258,0.32360109097751366,1.0,0.25,1.0,Rastrigin,2,2026
Matching-Fixed-Filter,15,8.278541686098258,0.32360109097751366,1.0,0.25,1.0,Rastrigin,2,2026
Matching-Fixed-Filter,16,8.278541686098258,0.32360109097751366,1.0,0.25,1.0,Rastrigin,2,2026
Matching-Fixed-Filter,17,2.1673965905444845,0.08472167295586824,1.0,0.25,1.0,Rastrigin,2,2026
Matching-Fixed-Filter,18,2.1673965905444845,0.08472167295586824,1.0,0.25,1.0,Rastrigin,2,2026
Matching-Fixed-Filter,19,2.1673965905444845,0.08472167295586824,1.0,0.25,1.0,Rastrigin,2,2026
Matching-Fixed-Filter,20,2.1673965905444845,0.08472167295586824,1.0,0.25,1.0,Rastrigin,2,2026
Matching-Adaptive-Filter,0,25.58255184211822,1.0,0.0,1.0,0.0,Rastrigin,2,2026
Matching-Adaptive-Filter,1,25.58255184211822,1.0,1.0,0.88,0.16357142857139723,Rastrigin,2,2026
Matching-Adaptive-Filter,2,25.58255184211822,1.0,1.0,0.92,0.10922077922076057,Rastrigin,2,2026
Matching-Adaptive-Filter,3,25.58255184211822,1.0,1.0,0.93,0.09444444444443102,Rastrigin,2,2026
Matching-Adaptive-Filter,4,25.58255184211822,1.0,1.0,0.9,0.14608516483514983,Rastrigin,2,2026
Matching-Adaptive-Filter,5,25.58255184211822,1.0,1.0,0.89,0.15401978973406175,Rastrigin,2,2026
Matching-Adaptive-Filter,6,25.58255184211822,1.0,1.0,0.88,0.17020202020200687,Rastrigin,2,2026
Matching-Adaptive-Filter,7,25.58255184211822,1.0,1.0,0.92,0.10818181818180994,Rastrigin,2,2026
Matching-Adaptive-Filter,8,25.58255184211822,1.0,1.0,0.93,0.10035846506434036,Rastrigin,2,2026
Matching-Adaptive-Filter,9,25.58255184211822,1.0,1.0,0.91,0.13223443223442397,Rastrigin,2,2026
Matching-Adaptive-Filter,10,25.58255184211822,1.0,1.0,0.9,0.13932186234817007,Rastrigin,2,2026
Matching-Adaptive-Filter,11,25.58255184211822,1.0,1.0,0.95,0.07798319327730643,Rastrigin,2,2026
Matching-Adaptive-Filter,12,25.58255184211822,1.0,1.0,0.95,0.07977124183006107,Rastrigin,2,2026
Matching-Adaptive-Filter,13,14.80805580246686,0.5788341950347343,1.0,0.91,0.12375457359976881,Rastrigin,2,2026
Matching-Adaptive-Filter,14,14.80805580246686,0.5788341950347343,1.0,0.91,0.13099777609805274,Rastrigin,2,2026
Matching-Adaptive-Filter,15,11.461430816524365,0.44801749595811097,1.0,0.88,0.17309941520467087,Rastrigin,2,2026
Matching-Adaptive-Filter,16,11.461430816524365,0.44801749595811097,1.0,0.86,0.19635133287764056,Rastrigin,2,2026
Matching-Adaptive-Filter,17,10.661161190837653,0.416735642973876,1.0,0.86,0.19960176469492452,Rastrigin,2,2026
Matching-Adaptive-Filter,18,10.661161190837653,0.416735642973876,1.0,0.86,0.1902674519522273,Rastrigin,2,2026
Matching-Adaptive-Filter,19,10.661161190837653,0.416735642973876,1.0,0.85,0.20738989271597205,Rastrigin,2,2026
Matching-Adaptive-Filter,20,10.369212912991655,0.40532363530365817,1.0,0.83,0.23023993517946098,Rastrigin,2,2026
Random-Adaptive-Filter,0,25.58255184211822,1.0,0.0,1.0,0.0,Rastrigin,2,2026
Random-Adaptive-Filter,1,25.58255184211822,1.0,1.0,0.88,0.17285714285711057,Rastrigin,2,2026
Random-Adaptive-Filter,2,25.58255184211822,1.0,1.0,0.95,0.079999999999984,Rastrigin,2,2026
Random-Adaptive-Filter,3,25.58255184211822,1.0,1.0,0.96,0.06666666666665555,Rastrigin,2,2026
Random-Adaptive-Filter,4,25.58255184211822,1.0,1.0,0.96,0.05714285714284898,Rastrigin,2,2026
Random-Adaptive-Filter,5,25.58255184211822,1.0,0.0,1.0,0.04999999999999375,Rastrigin,2,2026
Random-Adaptive-Filter,6,25.58255184211822,1.0,0.0,1.0,0.046565656565651495,Rastrigin,2,2026
Random-Adaptive-Filter,7,25.58255184211822,1.0,1.0,0.95,0.07605769230768604,Rastrigin,2,2026
Random-Adaptive-Filter,8,25.58255184211822,1.0,1.0,0.94,0.08491863528627619,Rastrigin,2,2026
Random-Adaptive-Filter,9,21.675426298075678,0.847273815053509,1.0,0.96,0.05422602089268362,Rastrigin,2,2026
Random-Adaptive-Filter,10,14.471794795592677,0.5656900408100344,1.0,0.96,0.06178426836321172,Rastrigin,2,2026
Random-Adaptive-Filter,11,14.471794795592677,0.5656900408100344,1.0,0.96,0.05475324675324339,Rastrigin,2,2026
Random-Adaptive-Filter,12,9.200754224310305,0.35964958777734224,1.0,0.96,0.056563852813849624,Rastrigin,2,2026
Random-Adaptive-Filter,13,9.200754224310305,0.35964958777734224,0.0,1.0,0.04371657754010453,Rastrigin,2,2026
Random-Adaptive-Filter,14,9.200754224310305,0.35964958777734224,0.0,1.0,0.0235294117647045,Rastrigin,2,2026
Random-Adaptive-Filter,15,9.200754224310305,0.35964958777734224,0.0,1.0,0.02222222222222099,Rastrigin,2,2026
Random-Adaptive-Filter,16,9.200754224310305,0.35964958777734224,0.0,1.0,0.021052631578946265,Rastrigin,2,2026
Random-Adaptive-Filter,17,9.200754224310305,0.35964958777734224,0.0,1.0,0.019999999999999005,Rastrigin,2,2026
Random-Adaptive-Filter,18,9.200754224310305,0.35964958777734224,0.0,1.0,0.019047619047618144,Rastrigin,2,2026
Random-Adaptive-Filter,19,9.200754224310305,0.35964958777734224,0.0,1.0,0.01818181818181736,Rastrigin,2,2026
Random-Adaptive-Filter,20,9.200754224310305,0.35964958777734224,0.0,1.0,0.01739130434782533,Rastrigin,2,2026
Wrong-Adaptive-Filter,0,25.58255184211822,1.0,0.0,1.0,0.0,Rastrigin,2,2026
Wrong-Adaptive-Filter,1,25.58255184211822,1.0,1.0,0.9,0.13499999999997148,Rastrigin,2,2026
Wrong-Adaptive-Filter,2,25.58255184211822,1.0,1.0,0.91,0.1295129870129665,Rastrigin,2,2026
Wrong-Adaptive-Filter,3,25.58255184211822,1.0,1.0,0.92,0.11904761904760355,Rastrigin,2,2026
Wrong-Adaptive-Filter,4,25.58255184211822,1.0,1.0,0.87,0.1813415750915574,Rastrigin,2,2026
Wrong-Adaptive-Filter,5,25.58255184211822,1.0,1.0,0.85,0.20551432694288102,Rastrigin,2,2026
Wrong-Adaptive-Filter,6,25.58255184211822,1.0,1.0,0.89,0.15671717171715932,Rastrigin,2,2026
Wrong-Adaptive-Filter,7,25.58255184211822,1.0,1.0,0.9,0.14533216783215727,Rastrigin,2,2026
Wrong-Adaptive-Filter,8,25.58255184211822,1.0,1.0,0.92,0.11476807506218482,Rastrigin,2,2026
Wrong-Adaptive-Filter,9,25.58255184211822,1.0,1.0,0.92,0.11202007868673822,Rastrigin,2,2026
Wrong-Adaptive-Filter,10,25.58255184211822,1.0,1.0,0.91,0.12898351648350895,Rastrigin,2,2026
Wrong-Adaptive-Filter,11,20.043853195891575,0.7834970224859302,1.0,0.91,0.12269442322382823,Rastrigin,2,2026
Wrong-Adaptive-Filter,12,15.422563727619881,0.6028547825408375,1.0,0.92,0.11530647865206091,Rastrigin,2,2026
Wrong-Adaptive-Filter,13,14.916970115848628,0.583091562089199,1.0,0.94,0.08246317665821894,Rastrigin,2,2026
Wrong-Adaptive-Filter,14,10.186364522994436,0.39817624863458545,1.0,0.94,0.08825539897352644,Rastrigin,2,2026
Wrong-Adaptive-Filter,15,10.186364522994436,0.39817624863458545,1.0,0.95,0.07669172932330479,Rastrigin,2,2026
Wrong-Adaptive-Filter,16,10.186364522994436,0.39817624863458545,1.0,0.95,0.06984483937115213,Rastrigin,2,2026
Wrong-Adaptive-Filter,17,8.293296292729273,0.32417783589029925,1.0,0.96,0.06241410763149632,Rastrigin,2,2026
Wrong-Adaptive-Filter,18,8.293296292729273,0.32417783589029925,1.0,0.95,0.0687658155049432,Rastrigin,2,2026
Wrong-Adaptive-Filter,19,8.293296292729273,0.32417783589029925,1.0,0.95,0.07128740824392726,Rastrigin,2,2026
Wrong-Adaptive-Filter,20,8.293296292729273,0.32417783589029925,1.0,0.94,0.08559154034407823,Rastrigin,2,2026
Oracle-Fixed-Filter,0,25.58255184211822,1.0,0.0,1.0,0.0,Rastrigin,2,2026
Oracle-Fixed-Filter,1,25.58255184211822,1.0,0.0,1.0,0.0,Rastrigin,2,2026
Oracle-Fixed-Filter,2,25.58255184211822,1.0,0.0,1.0,0.0,Rastrigin,2,2026
Oracle-Fixed-Filter,3,25.58255184211822,1.0,0.0,1.0,0.0,Rastrigin,2,2026
Oracle-Fixed-Filter,4,25.58255184211822,1.0,0.0,1.0,0.0,Rastrigin,2,2026
Oracle-Fixed-Filter,5,25.58255184211822,1.0,0.0,1.0,0.0,Rastrigin,2,2026
Oracle-Fixed-Filter,6,25.58255184211822,1.0,0.0,1.0,0.0,Rastrigin,2,2026
Oracle-Fixed-Filter,7,25.58255184211822,1.0,0.0,1.0,0.0,Rastrigin,2,2026
Oracle-Fixed-Filter,8,25.58255184211822,1.0,0.0,1.0,0.0,Rastrigin,2,2026
Oracle-Fixed-Filter,9,21.675426298075678,0.847273815053509,0.0,1.0,0.0,Rastrigin,2,2026
Oracle-Fixed-Filter,10,14.471794795592677,0.5656900408100344,0.0,1.0,0.0,Rastrigin,2,2026
Oracle-Fixed-Filter,11,14.471794795592677,0.5656900408100344,0.0,1.0,0.0,Rastrigin,2,2026
Oracle-Fixed-Filter,12,9.200754224310305,0.35964958777734224,0.0,1.0,0.0,Rastrigin,2,2026
Oracle-Fixed-Filter,13,9.200754224310305,0.35964958777734224,0.0,1.0,0.0,Rastrigin,2,2026
Oracle-Fixed-Filter,14,9.200754224310305,0.35964958777734224,0.0,1.0,0.0,Rastrigin,2,2026
Oracle-Fixed-Filter,15,9.200754224310305,0.35964958777734224,0.0,1.0,0.0,Rastrigin,2,2026
Oracle-Fixed-Filter,16,9.200754224310305,0.35964958777734224,0.0,1.0,0.0,Rastrigin,2,2026
Oracle-Fixed-Filter,17,9.200754224310305,0.35964958777734224,0.0,1.0,0.0,Rastrigin,2,2026
Oracle-Fixed-Filter,18,9.200754224310305,0.35964958777734224,0.0,1.0,0.0,Rastrigin,2,2026
Oracle-Fixed-Filter,19,9.200754224310305,0.35964958777734224,0.0,1.0,0.0,Rastrigin,2,2026
Oracle-Fixed-Filter,20,9.200754224310305,0.35964958777734224,0.0,1.0,0.0,Rastrigin,2,2026
Matching-Soft-Rerank,0,25.58255184211822,1.0,0.0,1.0,,Rastrigin,2,2026
Matching-Soft-Rerank,1,25.58255184211822,1.0,0.0,1.0,,Rastrigin,2,2026
Matching-Soft-Rerank,2,25.58255184211822,1.0,0.0,1.0,,Rastrigin,2,2026
Matching-Soft-Rerank,3,25.58255184211822,1.0,0.0,1.0,,Rastrigin,2,2026
Matching-Soft-Rerank,4,21.849858051105812,0.8540922026055653,0.0,1.0,,Rastrigin,2,2026
Matching-Soft-Rerank,5,21.849858051105812,0.8540922026055653,0.0,1.0,,Rastrigin,2,2026
Matching-Soft-Rerank,6,21.849858051105812,0.8540922026055653,0.0,1.0,,Rastrigin,2,2026
Matching-Soft-Rerank,7,21.849858051105812,0.8540922026055653,0.0,1.0,,Rastrigin,2,2026
Matching-Soft-Rerank,8,21.849858051105812,0.8540922026055653,0.0,1.0,,Rastrigin,2,2026
Matching-Soft-Rerank,9,8.026245974704928,0.3137390681054263,0.0,1.0,,Rastrigin,2,2026
Matching-Soft-Rerank,10,8.026245974704928,0.3137390681054263,0.0,1.0,,Rastrigin,2,2026
Matching-Soft-Rerank,11,4.096128693239436,0.16011415587149178,0.0,1.0,,Rastrigin,2,2026
Matching-Soft-Rerank,12,4.096128693239436,0.16011415587149178,0.0,1.0,,Rastrigin,2,2026
Matching-Soft-Rerank,13,4.096128693239436,0.16011415587149178,0.0,1.0,,Rastrigin,2,2026
Matching-Soft-Rerank,14,4.096128693239436,0.16011415587149178,0.0,1.0,,Rastrigin,2,2026
Matching-Soft-Rerank,15,4.096128693239436,0.16011415587149178,0.0,1.0,,Rastrigin,2,2026
Matching-Soft-Rerank,16,4.096128693239436,0.16011415587149178,0.0,1.0,,Rastrigin,2,2026
Matching-Soft-Rerank,17,4.096128693239436,0.16011415587149178,0.0,1.0,,Rastrigin,2,2026
Matching-Soft-Rerank,18,4.096128693239436,0.16011415587149178,0.0,1.0,,Rastrigin,2,2026
Matching-Soft-Rerank,19,4.096128693239436,0.16011415587149178,0.0,1.0,,Rastrigin,2,2026
Matching-Soft-Rerank,20,4.096128693239436,0.16011415587149178,0.0,1.0,,Rastrigin,2,2026
Target-Only,0,33.46124056367456,1.0,0.0,1.0,0.0,Rastrigin,2,777
Target-Only,1,33.46124056367456,1.0,0.0,1.0,0.0,Rastrigin,2,777
Target-Only,2,18.159252979233983,0.5426951503689204,0.0,1.0,0.0,Rastrigin,2,777
Target-Only,3,13.025678553698025,0.3892766177903957,0.0,1.0,0.0,Rastrigin,2,777
Target-Only,4,13.025678553698025,0.3892766177903957,0.0,1.0,0.0,Rastrigin,2,777
Target-Only,5,13.025678553698025,0.3892766177903957,0.0,1.0,0.0,Rastrigin,2,777
Target-Only,6,13.025678553698025,0.3892766177903957,0.0,1.0,0.0,Rastrigin,2,777
Target-Only,7,13.025678553698025,0.3892766177903957,0.0,1.0,0.0,Rastrigin,2,777
Target-Only,8,13.025678553698025,0.3892766177903957,0.0,1.0,0.0,Rastrigin,2,777
Target-Only,9,13.025678553698025,0.3892766177903957,0.0,1.0,0.0,Rastrigin,2,777
Target-Only,10,6.248353961921186,0.18673407968933417,0.0,1.0,0.0,Rastrigin,2,777
Target-Only,11,4.112004813121388,0.12288859420189491,0.0,1.0,0.0,Rastrigin,2,777
Target-Only,12,4.112004813121388,0.12288859420189491,0.0,1.0,0.0,Rastrigin,2,777
Target-Only,13,1.4039306861986134,0.04195692277239467,0.0,1.0,0.0,Rastrigin,2,777
Target-Only,14,1.4039306861986134,0.04195692277239467,0.0,1.0,0.0,Rastrigin,2,777
Target-Only,15,1.4039306861986134,0.04195692277239467,0.0,1.0,0.0,Rastrigin,2,777
Target-Only,16,1.4039306861986134,0.04195692277239467,0.0,1.0,0.0,Rastrigin,2,777
Target-Only,17,1.4039306861986134,0.04195692277239467,0.0,1.0,0.0,Rastrigin,2,777
Target-Only,18,1.4039306861986134,0.04195692277239467,0.0,1.0,0.0,Rastrigin,2,777
Target-Only,19,1.4039306861986134,0.04195692277239467,0.0,1.0,0.0,Rastrigin,2,777
Target-Only,20,1.4039306861986134,0.04195692277239467,0.0,1.0,0.0,Rastrigin,2,777
Matching-Fixed-Filter,0,33.46124056367456,1.0,0.0,1.0,0.0,Rastrigin,2,777
Matching-Fixed-Filter,1,11.17988362674588,0.3341144392262233,1.0,0.25,1.0,Rastrigin,2,777
Matching-Fixed-Filter,2,11.17988362674588,0.3341144392262233,1.0,0.25,1.0,Rastrigin,2,777
Matching-Fixed-Filter,3,4.909056075725021,0.1467087290557386,1.0,0.25,1.0,Rastrigin,2,777
Matching-Fixed-Filter,4,4.909056075725021,0.1467087290557386,1.0,0.25,1.0,Rastrigin,2,777
Matching-Fixed-Filter,5,4.909056075725021,0.1467087290557386,1.0,0.25,1.0,Rastrigin,2,777
Matching-Fixed-Filter,6,4.909056075725021,0.1467087290557386,1.0,0.25,1.0,Rastrigin,2,777
Matching-Fixed-Filter,7,4.909056075725021,0.1467087290557386,1.0,0.25,1.0,Rastrigin,2,777
Matching-Fixed-Filter,8,4.909056075725021,0.1467087290557386,1.0,0.25,1.0,Rastrigin,2,777
Matching-Fixed-Filter,9,4.3085794827220845,0.1287632918009462,1.0,0.25,1.0,Rastrigin,2,777
Matching-Fixed-Filter,10,4.3085794827220845,0.1287632918009462,1.0,0.25,1.0,Rastrigin,2,777
Matching-Fixed-Filter,11,4.3085794827220845,0.1287632918009462,1.0,0.25,1.0,Rastrigin,2,777
Matching-Fixed-Filter,12,4.3085794827220845,0.1287632918009462,1.0,0.25,1.0,Rastrigin,2,777
Matching-Fixed-Filter,13,4.3085794827220845,0.1287632918009462,1.0,0.25,1.0,Rastrigin,2,777
Matching-Fixed-Filter,14,4.3085794827220845,0.1287632918009462,1.0,0.25,1.0,Rastrigin,2,777
Matching-Fixed-Filter,15,4.3085794827220845,0.1287632918009462,1.0,0.25,1.0,Rastrigin,2,777
Matching-Fixed-Filter,16,4.3085794827220845,0.1287632918009462,1.0,0.25,1.0,Rastrigin,2,777
Matching-Fixed-Filter,17,4.3085794827220845,0.1287632918009462,1.0,0.25,1.0,Rastrigin,2,777
Matching-Fixed-Filter,18,4.3085794827220845,0.1287632918009462,1.0,0.25,1.0,Rastrigin,2,777
Matching-Fixed-Filter,19,4.3085794827220845,0.1287632918009462,1.0,0.25,1.0,Rastrigin,2,777
Matching-Fixed-Filter,20,2.078142699452865,0.062105966917105036,1.0,0.25,1.0,Rastrigin,2,777
Matching-Adaptive-Filter,0,33.46124056367456,1.0,0.0,1.0,0.0,Rastrigin,2,777
Matching-Adaptive-Filter,1,33.46124056367456,1.0,1.0,0.87,0.18071428571425266,Rastrigin,2,777
Matching-Adaptive-Filter,2,18.159252979233983,0.5426951503689204,1.0,0.82,0.24369047619044534,Rastrigin,2,777
Matching-Adaptive-Filter,3,18.159252979233983,0.5426951503689204,1.0,0.83,0.23412698412695906,Rastrigin,2,777
Matching-Adaptive-Filter,4,18.159252979233983,0.5426951503689204,1.0,0.81,0.26387362637360234,Rastrigin,2,777
Matching-Adaptive-Filter,5,18.159252979233983,0.5426951503689204,1.0,0.79,0.2843846629560685,Rastrigin,2,777
Matching-Adaptive-Filter,6,18.159252979233983,0.5426951503689204,1.0,0.83,0.2274747474747303,Rastrigin,2,777
Matching-Adaptive-Filter,7,15.311884030478826,0.45760060812274156,1.0,0.79,0.28104020979019073,Rastrigin,2,777
Matching-Adaptive-Filter,8,0.11452248287917399,0.0034225414524379385,1.0,0.81,0.2658939100115403,Rastrigin,2,777
Matching-Adaptive-Filter,9,0.11452248287917399,0.0034225414524379385,1.0,0.8,0.2759055759055597,Rastrigin,2,777
Matching-Adaptive-Filter,10,0.11452248287917399,0.0034225414524379385,1.0,0.78,0.29543088490455277,Rastrigin,2,777
Matching-Adaptive-Filter,11,0.11452248287917399,0.0034225414524379385,1.0,0.8,0.2705446906035,Rastrigin,2,777
Matching-Adaptive-Filter,12,0.11452248287917399,0.0034225414524379385,1.0,0.8,0.2735167324505425,Rastrigin,2,777
Matching-Adaptive-Filter,13,0.11452248287917399,0.0034225414524379385,1.0,0.77,0.3077188291584433,Rastrigin,2,777
Matching-Adaptive-Filter,14,0.11452248287917399,0.0034225414524379385,1.0,0.75,0.3356345771307259,Rastrigin,2,777
Matching-Adaptive-Filter,15,0.11452248287917399,0.0034225414524379385,1.0,0.75,0.3406850459481893,Rastrigin,2,777
Matching-Adaptive-Filter,16,0.11452248287917399,0.0034225414524379385,1.0,0.73,0.36502665755295854,Rastrigin,2,777
Matching-Adaptive-Filter,17,0.11452248287917399,0.0034225414524379385,1.0,0.74,0.35584924392376427,Rastrigin,2,777
Matching-Adaptive-Filter,18,0.11452248287917399,0.0034225414524379385,1.0,0.77,0.31096197482065874,Rastrigin,2,777
Matching-Adaptive-Filter,19,0.11452248287917399,0.0034225414524379385,1.0,0.75,0.3407361660078927,Rastrigin,2,777
Matching-Adaptive-Filter,20,0.11452248287917399,0.0034225414524379385,1.0,0.74,0.3597290813020966,Rastrigin,2,777
Random-Adaptive-Filter,0,33.46124056367456,1.0,0.0,1.0,0.0,Rastrigin,2,777
Random-Adaptive-Filter,1,33.46124056367456,1.0,1.0,0.84,0.22571428571424815,Rastrigin,2,777
Random-Adaptive-Filter,2,19.570965595236736,0.5848846386312087,1.0,0.85,0.20256493506490791,Rastrigin,2,777
Random-Adaptive-Filter,3,19.570965595236736,0.5848846386312087,1.0,0.83,0.23571428571426054,Rastrigin,2,777
Random-Adaptive-Filter,4,16.78177328540845,0.5015287240613159,1.0,0.83,0.22701465201463078,Rastrigin,2,777
Random-Adaptive-Filter,5,16.78177328540845,0.5015287240613159,1.0,0.83,0.23573490002059477,Rastrigin,2,777
Random-Adaptive-Filter,6,16.78177328540845,0.5015287240613159,1.0,0.81,0.26133838383836444,Rastrigin,2,777
Random-Adaptive-Filter,7,16.78177328540845,0.5015287240613159,1.0,0.82,0.24148601398599742,Rastrigin,2,777
Random-Adaptive-Filter,8,16.78177328540845,0.5015287240613159,1.0,0.81,0.260769744960905,Rastrigin,2,777
Random-Adaptive-Filter,9,16.78177328540845,0.5015287240613159,1.0,0.86,0.1974901641568189,Rastrigin,2,777
Random-Adaptive-Filter,10,16.78177328540845,0.5015287240613159,1.0,0.84,0.21479178716019617,Rastrigin,2,777
Random-Adaptive-Filter,11,16.78177328540845,0.5015287240613159,1.0,0.86,0.1939724980901348,Rastrigin,2,777
Random-Adaptive-Filter,12,16.78177328540845,0.5015287240613159,1.0,0.86,0.19256673881672917,Rastrigin,2,777
Random-Adaptive-Filter,13,16.78177328540845,0.5015287240613159,1.0,0.88,0.16898630265502523,Rastrigin,2,777
Random-Adaptive-Filter,14,16.78177328540845,0.5015287240613159,1.0,0.89,0.14889613123897,Rastrigin,2,777
Random-Adaptive-Filter,15,16.78177328540845,0.5015287240613159,1.0,0.87,0.17460317460316704,Rastrigin,2,777
Random-Adaptive-Filter,16,16.78177328540845,0.5015287240613159,1.0,0.88,0.17018899521530398,Rastrigin,2,777
Random-Adaptive-Filter,17,7.845925766262349,0.23447802992635805,1.0,0.85,0.2108699995656434,Rastrigin,2,777
Random-Adaptive-Filter,18,7.845925766262349,0.23447802992635805,1.0,0.85,0.20846475887235963,Rastrigin,2,777
Random-Adaptive-Filter,19,1.589408260924202,0.04749998010084718,1.0,0.85,0.20855448898926396,Rastrigin,2,777
Random-Adaptive-Filter,20,1.589408260924202,0.04749998010084718,1.0,0.87,0.18075990709395798,Rastrigin,2,777
Wrong-Adaptive-Filter,0,33.46124056367456,1.0,0.0,1.0,0.0,Rastrigin,2,777
Wrong-Adaptive-Filter,1,33.46124056367456,1.0,1.0,0.85,0.21285714285710655,Rastrigin,2,777
Wrong-Adaptive-Filter,2,18.159252979233983,0.5426951503689204,1.0,0.81,0.25830086580083367,Rastrigin,2,777
Wrong-Adaptive-Filter,3,7.632043694512966,0.22808609501460905,1.0,0.8,0.2793650793650505,Rastrigin,2,777
Wrong-Adaptive-Filter,4,7.632043694512966,0.22808609501460905,1.0,0.78,0.30393772893770177,Rastrigin,2,777
Wrong-Adaptive-Filter,5,7.632043694512966,0.22808609501460905,1.0,0.8,0.2746959389816309,Rastrigin,2,777
Wrong-Adaptive-Filter,6,7.632043694512966,0.22808609501460905,1.0,0.78,0.29383838383836225,Rastrigin,2,777
Wrong-Adaptive-Filter,7,7.632043694512966,0.22808609501460905,1.0,0.76,0.32277972027969865,Rastrigin,2,777
Wrong-Adaptive-Filter,8,7.632043694512966,0.22808609501460905,1.0,0.77,0.3159706714853577,Rastrigin,2,777
Wrong-Adaptive-Filter,9,7.632043694512966,0.22808609501460905,1.0,0.75,0.3403473070139539,Rastrigin,2,777
Wrong-Adaptive-Filter,10,7.632043694512966,0.22808609501460905,1.0,0.76,0.3295474262579345,Rastrigin,2,777
Wrong-Adaptive-Filter,11,7.632043694512966,0.22808609501460905,1.0,0.78,0.29400993124521,Rastrigin,2,777
Wrong-Adaptive-Filter,12,7.632043694512966,0.22808609501460905,1.0,0.79,0.28413764748322173,Rastrigin,2,777
Wrong-Adaptive-Filter,13,7.632043694512966,0.22808609501460905,1.0,0.82,0.2452481471057207,Rastrigin,2,777
Wrong-Adaptive-Filter,14,7.632043694512966,0.22808609501460905,1.0,0.83,0.22866006168939593,Rastrigin,2,777
Wrong-Adaptive-Filter,15,7.632043694512966,0.22808609501460905,1.0,0.81,0.25881370091895295,Rastrigin,2,777
Wrong-Adaptive-Filter,16,2.0697728673315368,0.06185583177625749,1.0,0.82,0.24900717703348269,Rastrigin,2,777
Wrong-Adaptive-Filter,17,2.0697728673315368,0.06185583177625749,1.0,0.8,0.27674449773827575,Rastrigin,2,777
Wrong-Adaptive-Filter,18,2.0697728673315368,0.06185583177625749,1.0,0.82,0.244741409958792,Rastrigin,2,777
Wrong-Adaptive-Filter,19,2.0697728673315368,0.06185583177625749,1.0,0.85,0.20319734613212131,Rastrigin,2,777
Wrong-Adaptive-Filter,20,2.0697728673315368,0.06185583177625749,1.0,0.86,0.18746814940945156,Rastrigin,2,777
Oracle-Fixed-Filter,0,33.46124056367456,1.0,0.0,1.0,0.0,Rastrigin,2,777
Oracle-Fixed-Filter,1,33.46124056367456,1.0,1.0,0.25,1.0,Rastrigin,2,777
Oracle-Fixed-Filter,2,6.4342561841522645,0.19228982774587497,1.0,0.25,1.0,Rastrigin,2,777
Oracle-Fixed-Filter,3,6.4342561841522645,0.19228982774587497,1.0,0.25,1.0,Rastrigin,2,777
Oracle-Fixed-Filter,4,4.686952245839635,0.14007108424210005,1.0,0.25,1.0,Rastrigin,2,777
Oracle-Fixed-Filter,5,4.686952245839635,0.14007108424210005,0.0,1.0,1.0,Rastrigin,2,777
Oracle-Fixed-Filter,6,4.686952245839635,0.14007108424210005,1.0,0.25,1.0,Rastrigin,2,777
Oracle-Fixed-Filter,7,1.2089778402116522,0.03613069389675037,1.0,0.25,1.0,Rastrigin,2,777
Oracle-Fixed-Filter,8,1.2089778402116522,0.03613069389675037,1.0,0.25,1.0,Rastrigin,2,777
Oracle-Fixed-Filter,9,1.2089778402116522,0.03613069389675037,0.0,1.0,1.0,Rastrigin,2,777
Oracle-Fixed-Filter,10,1.2089778402116522,0.03613069389675037,1.0,0.25,1.0,Rastrigin,2,777
Oracle-Fixed-Filter,11,1.2089778402116522,0.03613069389675037,1.0,0.25,1.0,Rastrigin,2,777
Oracle-Fixed-Filter,12,1.2089778402116522,0.03613069389675037,1.0,0.25,1.0,Rastrigin,2,777
Oracle-Fixed-Filter,13,1.2089778402116522,0.03613069389675037,1.0,0.25,1.0,Rastrigin,2,777
Oracle-Fixed-Filter,14,1.2089778402116522,0.03613069389675037,1.0,0.25,1.0,Rastrigin,2,777
Oracle-Fixed-Filter,15,1.2089778402116522,0.03613069389675037,0.0,1.0,1.0,Rastrigin,2,777
Oracle-Fixed-Filter,16,1.2089778402116522,0.03613069389675037,1.0,0.25,1.0,Rastrigin,2,777
Oracle-Fixed-Filter,17,1.2089778402116522,0.03613069389675037,1.0,0.25,1.0,Rastrigin,2,777
Oracle-Fixed-Filter,18,1.2089778402116522,0.03613069389675037,1.0,0.25,1.0,Rastrigin,2,777
Oracle-Fixed-Filter,19,1.2089778402116522,0.03613069389675037,1.0,0.25,1.0,Rastrigin,2,777
Oracle-Fixed-Filter,20,1.2089778402116522,0.03613069389675037,1.0,0.25,1.0,Rastrigin,2,777
Matching-Soft-Rerank,0,33.46124056367456,1.0,0.0,1.0,,Rastrigin,2,777
Matching-Soft-Rerank,1,14.19230022477688,0.4241414838690711,0.0,1.0,,Rastrigin,2,777
Matching-Soft-Rerank,2,14.19230022477688,0.4241414838690711,0.0,1.0,,Rastrigin,2,777
Matching-Soft-Rerank,3,14.19230022477688,0.4241414838690711,0.0,1.0,,Rastrigin,2,777
Matching-Soft-Rerank,4,14.19230022477688,0.4241414838690711,0.0,1.0,,Rastrigin,2,777
Matching-Soft-Rerank,5,14.19230022477688,0.4241414838690711,0.0,1.0,,Rastrigin,2,777
Matching-Soft-Rerank,6,14.19230022477688,0.4241414838690711,0.0,1.0,,Rastrigin,2,777
Matching-Soft-Rerank,7,8.60125485273714,0.2570512840481665,0.0,1.0,,Rastrigin,2,777
Matching-Soft-Rerank,8,8.60125485273714,0.2570512840481665,0.0,1.0,,Rastrigin,2,777
Matching-Soft-Rerank,9,8.60125485273714,0.2570512840481665,0.0,1.0,,Rastrigin,2,777
Matching-Soft-Rerank,10,4.64790372166838,0.13890410646382706,0.0,1.0,,Rastrigin,2,777
Matching-Soft-Rerank,11,4.64790372166838,0.13890410646382706,0.0,1.0,,Rastrigin,2,777
Matching-Soft-Rerank,12,4.64790372166838,0.13890410646382706,0.0,1.0,,Rastrigin,2,777
Matching-Soft-Rerank,13,3.7674849164582582,0.11259250562718917,0.0,1.0,,Rastrigin,2,777
Matching-Soft-Rerank,14,3.7674849164582582,0.11259250562718917,0.0,1.0,,Rastrigin,2,777
Matching-Soft-Rerank,15,3.7674849164582582,0.11259250562718917,0.0,1.0,,Rastrigin,2,777
Matching-Soft-Rerank,16,3.7674849164582582,0.11259250562718917,0.0,1.0,,Rastrigin,2,777
Matching-Soft-Rerank,17,3.7674849164582582,0.11259250562718917,0.0,1.0,,Rastrigin,2,777
Matching-Soft-Rerank,18,3.7674849164582582,0.11259250562718917,0.0,1.0,,Rastrigin,2,777
Matching-Soft-Rerank,19,3.0952823542377104,0.09250351457674111,0.0,1.0,,Rastrigin,2,777
Matching-Soft-Rerank,20,3.0952823542377104,0.09250351457674111,0.0,1.0,,Rastrigin,2,777
Target-Only,0,9.373441151920805,1.0,0.0,1.0,0.0,Rastrigin,2,999
Target-Only,1,9.373441151920805,1.0,0.0,1.0,0.0,Rastrigin,2,999
Target-Only,2,9.373441151920805,1.0,0.0,1.0,0.0,Rastrigin,2,999
Target-Only,3,9.373441151920805,1.0,0.0,1.0,0.0,Rastrigin,2,999
Target-Only,4,9.373441151920805,1.0,0.0,1.0,0.0,Rastrigin,2,999
Target-Only,5,9.373441151920805,1.0,0.0,1.0,0.0,Rastrigin,2,999
Target-Only,6,9.373441151920805,1.0,0.0,1.0,0.0,Rastrigin,2,999
Target-Only,7,9.373441151920805,1.0,0.0,1.0,0.0,Rastrigin,2,999
Target-Only,8,9.373441151920805,1.0,0.0,1.0,0.0,Rastrigin,2,999
Target-Only,9,9.373441151920805,1.0,0.0,1.0,0.0,Rastrigin,2,999
Target-Only,10,9.373441151920805,1.0,0.0,1.0,0.0,Rastrigin,2,999
Target-Only,11,9.373441151920805,1.0,0.0,1.0,0.0,Rastrigin,2,999
Target-Only,12,9.373441151920805,1.0,0.0,1.0,0.0,Rastrigin,2,999
Target-Only,13,9.373441151920805,1.0,0.0,1.0,0.0,Rastrigin,2,999
Target-Only,14,9.373441151920805,1.0,0.0,1.0,0.0,Rastrigin,2,999
Target-Only,15,9.373441151920805,1.0,0.0,1.0,0.0,Rastrigin,2,999
Target-Only,16,9.373441151920805,1.0,0.0,1.0,0.0,Rastrigin,2,999
Target-Only,17,9.373441151920805,1.0,0.0,1.0,0.0,Rastrigin,2,999
Target-Only,18,5.708458456455778,0.6090034987082628,0.0,1.0,0.0,Rastrigin,2,999
Target-Only,19,5.708458456455778,0.6090034987082628,0.0,1.0,0.0,Rastrigin,2,999
Target-Only,20,5.708458456455778,0.6090034987082628,0.0,1.0,0.0,Rastrigin,2,999
Matching-Fixed-Filter,0,9.373441151920805,1.0,0.0,1.0,0.0,Rastrigin,2,999
Matching-Fixed-Filter,1,9.373441151920805,1.0,1.0,0.25,1.0,Rastrigin,2,999
Matching-Fixed-Filter,2,9.373441151920805,1.0,1.0,0.25,1.0,Rastrigin,2,999
Matching-Fixed-Filter,3,3.2209924212932606,0.3436296626915095,1.0,0.25,1.0,Rastrigin,2,999
Matching-Fixed-Filter,4,3.2209924212932606,0.3436296626915095,1.0,0.25,1.0,Rastrigin,2,999
Matching-Fixed-Filter,5,3.2209924212932606,0.3436296626915095,1.0,0.25,1.0,Rastrigin,2,999
Matching-Fixed-Filter,6,3.2209924212932606,0.3436296626915095,1.0,0.25,1.0,Rastrigin,2,999
Matching-Fixed-Filter,7,3.2209924212932606,0.3436296626915095,1.0,0.25,1.0,Rastrigin,2,999
Matching-Fixed-Filter,8,3.2209924212932606,0.3436296626915095,1.0,0.25,1.0,Rastrigin,2,999
Matching-Fixed-Filter,9,3.2209924212932606,0.3436296626915095,1.0,0.25,1.0,Rastrigin,2,999
Matching-Fixed-Filter,10,3.2209924212932606,0.3436296626915095,1.0,0.25,1.0,Rastrigin,2,999
Matching-Fixed-Filter,11,3.2209924212932606,0.3436296626915095,1.0,0.25,1.0,Rastrigin,2,999
Matching-Fixed-Filter,12,3.2209924212932606,0.3436296626915095,1.0,0.25,1.0,Rastrigin,2,999
Matching-Fixed-Filter,13,3.2209924212932606,0.3436296626915095,1.0,0.25,1.0,Rastrigin,2,999
Matching-Fixed-Filter,14,3.2209924212932606,0.3436296626915095,1.0,0.25,1.0,Rastrigin,2,999
Matching-Fixed-Filter,15,3.2209924212932606,0.3436296626915095,1.0,0.25,1.0,Rastrigin,2,999
Matching-Fixed-Filter,16,3.2209924212932606,0.3436296626915095,1.0,0.25,1.0,Rastrigin,2,999
Matching-Fixed-Filter,17,3.2209924212932606,0.3436296626915095,1.0,0.25,1.0,Rastrigin,2,999
Matching-Fixed-Filter,18,3.2209924212932606,0.3436296626915095,1.0,0.25,1.0,Rastrigin,2,999
Matching-Fixed-Filter,19,3.2209924212932606,0.3436296626915095,1.0,0.25,1.0,Rastrigin,2,999
Matching-Fixed-Filter,20,3.2209924212932606,0.3436296626915095,1.0,0.25,1.0,Rastrigin,2,999
Matching-Adaptive-Filter,0,9.373441151920805,1.0,0.0,1.0,0.0,Rastrigin,2,999
Matching-Adaptive-Filter,1,9.373441151920805,1.0,1.0,0.83,0.23357142857139024,Rastrigin,2,999
Matching-Adaptive-Filter,2,9.373441151920805,1.0,1.0,0.8,0.27291125541122196,Rastrigin,2,999
Matching-Adaptive-Filter,3,9.373441151920805,1.0,1.0,0.79,0.2833333333333042,Rastrigin,2,999
Matching-Adaptive-Filter,4,9.373441151920805,1.0,1.0,0.79,0.289514652014626,Rastrigin,2,999
Matching-Adaptive-Filter,5,9.373441151920805,1.0,1.0,0.81,0.2555658627086989,Rastrigin,2,999
Matching-Adaptive-Filter,6,9.373441151920805,1.0,1.0,0.79,0.28042929292927227,Rastrigin,2,999
Matching-Adaptive-Filter,7,9.373441151920805,1.0,1.0,0.8,0.27098776223774385,Rastrigin,2,999
Matching-Adaptive-Filter,8,9.373441151920805,1.0,1.0,0.8,0.27752933341166885,Rastrigin,2,999
Matching-Adaptive-Filter,9,9.373441151920805,1.0,1.0,0.79,0.28268891602223273,Rastrigin,2,999
Matching-Adaptive-Filter,10,9.373441151920805,1.0,1.0,0.77,0.31507374204740896,Rastrigin,2,999
Matching-Adaptive-Filter,11,9.373441151920805,1.0,1.0,0.73,0.37248586707408315,Rastrigin,2,999
Matching-Adaptive-Filter,12,9.373441151920805,1.0,1.0,0.71,0.38684672353788113,Rastrigin,2,999
Matching-Adaptive-Filter,13,9.373441151920805,1.0,1.0,0.71,0.3920255183412896,Rastrigin,2,999
Matching-Adaptive-Filter,14,9.373441151920805,1.0,1.0,0.71,0.3910410001000754,Rastrigin,2,999
Matching-Adaptive-Filter,15,9.373441151920805,1.0,1.0,0.7,0.4011695906432578,Rastrigin,2,999
Matching-Adaptive-Filter,16,9.373441151920805,1.0,1.0,0.69,0.41503315105945005,Rastrigin,2,999
Matching-Adaptive-Filter,17,9.373441151920805,1.0,1.0,0.69,0.42406922270274666,Rastrigin,2,999
Matching-Adaptive-Filter,18,5.708458456455778,0.6090034987082628,1.0,0.68,0.4308866355061846,Rastrigin,2,999
Matching-Adaptive-Filter,19,5.708458456455778,0.6090034987082628,1.0,0.68,0.4398821287408085,Rastrigin,2,999
Matching-Adaptive-Filter,20,5.708458456455778,0.6090034987082628,1.0,0.66,0.4542329040513522,Rastrigin,2,999
Random-Adaptive-Filter,0,9.373441151920805,1.0,0.0,1.0,0.0,Rastrigin,2,999
Random-Adaptive-Filter,1,9.373441151920805,1.0,1.0,0.93,0.099999999999975,Rastrigin,2,999
Random-Adaptive-Filter,2,9.373441151920805,1.0,1.0,0.95,0.079999999999984,Rastrigin,2,999
Random-Adaptive-Filter,3,9.373441151920805,1.0,1.0,0.96,0.06666666666665555,Rastrigin,2,999
Random-Adaptive-Filter,4,9.373441151920805,1.0,1.0,0.96,0.05714285714284898,Rastrigin,2,999
Random-Adaptive-Filter,5,9.373441151920805,1.0,0.0,1.0,0.04999999999999375,Rastrigin,2,999
Random-Adaptive-Filter,6,9.373441151920805,1.0,0.0,1.0,0.04444444444443951,Rastrigin,2,999
Random-Adaptive-Filter,7,9.373441151920805,1.0,0.0,1.0,0.039999999999996004,Rastrigin,2,999
Random-Adaptive-Filter,8,9.373441151920805,1.0,0.0,1.0,0.03636363636363306,Rastrigin,2,999
Random-Adaptive-Filter,9,9.373441151920805,1.0,0.0,1.0,0.03333333333333056,Rastrigin,2,999
Random-Adaptive-Filter,10,9.373441151920805,1.0,0.0,1.0,0.0307692307692284,Rastrigin,2,999
Random-Adaptive-Filter,11,9.373441151920805,1.0,0.0,1.0,0.028571428571426534,Rastrigin,2,999
Random-Adaptive-Filter,12,9.373441151920805,1.0,0.0,1.0,0.026666666666664892,Rastrigin,2,999
Random-Adaptive-Filter,13,9.373441151920805,1.0,0.0,1.0,0.04371657754010453,Rastrigin,2,999
Random-Adaptive-Filter,14,9.373441151920805,1.0,1.0,0.96,0.054419415480793806,Rastrigin,2,999
Random-Adaptive-Filter,15,9.373441151920805,1.0,1.0,0.96,0.05981620718462548,Rastrigin,2,999
Random-Adaptive-Filter,16,9.373441151920805,1.0,1.0,0.96,0.0647669172932302,Rastrigin,2,999
Random-Adaptive-Filter,17,9.373441151920805,1.0,0.0,1.0,0.04935635792778437,Rastrigin,2,999
Random-Adaptive-Filter,18,5.708458456455778,0.6090034987082628,1.0,0.96,0.055175264550262296,Rastrigin,2,999
Random-Adaptive-Filter,19,5.708458456455778,0.6090034987082628,1.0,0.96,0.05603119706380358,Rastrigin,2,999
Random-Adaptive-Filter,20,5.708458456455778,0.6090034987082628,1.0,0.93,0.09700244688175923,Rastrigin,2,999
Wrong-Adaptive-Filter,0,9.373441151920805,1.0,0.0,1.0,0.0,Rastrigin,2,999
Wrong-Adaptive-Filter,1,9.373441151920805,1.0,1.0,0.92,0.11428571428568786,Rastrigin,2,999
Wrong-Adaptive-Filter,2,9.373441151920805,1.0,1.0,0.91,0.12383116883114886,Rastrigin,2,999
Wrong-Adaptive-Filter,3,9.373441151920805,1.0,1.0,0.91,0.12460317460315867,Rastrigin,2,999
Wrong-Adaptive-Filter,4,9.373441151920805,1.0,1.0,0.93,0.10441849816848636,Rastrigin,2,999
Wrong-Adaptive-Filter,5,9.373441151920805,1.0,1.0,0.94,0.09333127190269111,Rastrigin,2,999
Wrong-Adaptive-Filter,6,9.373441151920805,1.0,1.0,0.91,0.12217171717170705,Rastrigin,2,999
Wrong-Adaptive-Filter,7,9.373441151920805,1.0,1.0,0.9,0.13374999999999018,Rastrigin,2,999
Wrong-Adaptive-Filter,8,9.373441151920805,1.0,1.0,0.97,0.05305589018823885,Rastrigin,2,999
Wrong-Adaptive-Filter,9,9.373441151920805,1.0,1.0,0.97,0.051037851037847276,Rastrigin,2,999
Wrong-Adaptive-Filter,10,9.373441151920805,1.0,1.0,0.96,0.0659196067090762,Rastrigin,2,999
Wrong-Adaptive-Filter,11,9.373441151920805,1.0,1.0,0.9,0.13695110771580613,Rastrigin,2,999
Wrong-Adaptive-Filter,12,9.373441151920805,1.0,1.0,0.88,0.1636178486546051,Rastrigin,2,999
Wrong-Adaptive-Filter,13,9.373441151920805,1.0,1.0,0.84,0.22554648653718798,Rastrigin,2,999
Wrong-Adaptive-Filter,14,9.373441151920805,1.0,1.0,0.83,0.2389502101374386,Rastrigin,2,999
Wrong-Adaptive-Filter,15,9.373441151920805,1.0,1.0,0.84,0.2215538847117699,Rastrigin,2,999
Wrong-Adaptive-Filter,16,9.373441151920805,1.0,1.0,0.84,0.22571496924127585,Rastrigin,2,999
Wrong-Adaptive-Filter,17,9.373441151920805,1.0,1.0,0.81,0.2643717772910216,Rastrigin,2,999
Wrong-Adaptive-Filter,18,9.373441151920805,1.0,1.0,0.81,0.2568791564715381,Rastrigin,2,999
Wrong-Adaptive-Filter,19,9.373441151920805,1.0,1.0,0.82,0.2517610107283929,Rastrigin,2,999
Wrong-Adaptive-Filter,20,9.373441151920805,1.0,1.0,0.81,0.2646204450093865,Rastrigin,2,999
Oracle-Fixed-Filter,0,9.373441151920805,1.0,0.0,1.0,0.0,Rastrigin,2,999
Oracle-Fixed-Filter,1,9.373441151920805,1.0,0.0,1.0,0.0,Rastrigin,2,999
Oracle-Fixed-Filter,2,9.373441151920805,1.0,0.0,1.0,0.0,Rastrigin,2,999
Oracle-Fixed-Filter,3,9.373441151920805,1.0,0.0,1.0,0.0,Rastrigin,2,999
Oracle-Fixed-Filter,4,9.373441151920805,1.0,0.0,1.0,0.0,Rastrigin,2,999
Oracle-Fixed-Filter,5,9.373441151920805,1.0,0.0,1.0,0.0,Rastrigin,2,999
Oracle-Fixed-Filter,6,9.373441151920805,1.0,1.0,0.25,1.0,Rastrigin,2,999
Oracle-Fixed-Filter,7,5.106057635584325,0.5447367250540632,1.0,0.25,1.0,Rastrigin,2,999
Oracle-Fixed-Filter,8,5.106057635584325,0.5447367250540632,1.0,0.25,1.0,Rastrigin,2,999
Oracle-Fixed-Filter,9,5.106057635584325,0.5447367250540632,1.0,0.25,1.0,Rastrigin,2,999
Oracle-Fixed-Filter,10,5.106057635584325,0.5447367250540632,1.0,0.25,1.0,Rastrigin,2,999
Oracle-Fixed-Filter,11,5.106057635584325,0.5447367250540632,1.0,0.25,1.0,Rastrigin,2,999
Oracle-Fixed-Filter,12,5.106057635584325,0.5447367250540632,1.0,0.25,1.0,Rastrigin,2,999
Oracle-Fixed-Filter,13,5.106057635584325,0.5447367250540632,1.0,0.25,1.0,Rastrigin,2,999
Oracle-Fixed-Filter,14,3.2246921352023605,0.3440243644716921,1.0,0.25,1.0,Rastrigin,2,999
Oracle-Fixed-Filter,15,2.2150341995191063,0.23630960749833071,1.0,0.25,1.0,Rastrigin,2,999
Oracle-Fixed-Filter,16,2.2150341995191063,0.23630960749833071,1.0,0.25,1.0,Rastrigin,2,999
Oracle-Fixed-Filter,17,2.2150341995191063,0.23630960749833071,1.0,0.25,1.0,Rastrigin,2,999
Oracle-Fixed-Filter,18,2.2150341995191063,0.23630960749833071,0.0,1.0,1.0,Rastrigin,2,999
Oracle-Fixed-Filter,19,2.2150341995191063,0.23630960749833071,0.0,1.0,1.0,Rastrigin,2,999
Oracle-Fixed-Filter,20,2.2150341995191063,0.23630960749833071,0.0,1.0,1.0,Rastrigin,2,999
Matching-Soft-Rerank,0,9.373441151920805,1.0,0.0,1.0,,Rastrigin,2,999
Matching-Soft-Rerank,1,9.373441151920805,1.0,0.0,1.0,,Rastrigin,2,999
Matching-Soft-Rerank,2,9.373441151920805,1.0,0.0,1.0,,Rastrigin,2,999
Matching-Soft-Rerank,3,9.373441151920805,1.0,0.0,1.0,,Rastrigin,2,999
Matching-Soft-Rerank,4,9.373441151920805,1.0,0.0,1.0,,Rastrigin,2,999
Matching-Soft-Rerank,5,9.373441151920805,1.0,0.0,1.0,,Rastrigin,2,999
Matching-Soft-Rerank,6,9.373441151920805,1.0,0.0,1.0,,Rastrigin,2,999
Matching-Soft-Rerank,7,9.373441151920805,1.0,0.0,1.0,,Rastrigin,2,999
Matching-Soft-Rerank,8,9.373441151920805,1.0,0.0,1.0,,Rastrigin,2,999
Matching-Soft-Rerank,9,9.373441151920805,1.0,0.0,1.0,,Rastrigin,2,999
Matching-Soft-Rerank,10,9.373441151920805,1.0,0.0,1.0,,Rastrigin,2,999
Matching-Soft-Rerank,11,8.060388075048985,0.8599177126531863,0.0,1.0,,Rastrigin,2,999
Matching-Soft-Rerank,12,5.373123266553417,0.5732284632151723,0.0,1.0,,Rastrigin,2,999
Matching-Soft-Rerank,13,4.062800386928483,0.43343744533947753,0.0,1.0,,Rastrigin,2,999
Matching-Soft-Rerank,14,3.129975365678362,0.33391956219162566,0.0,1.0,,Rastrigin,2,999
Matching-Soft-Rerank,15,3.129975365678362,0.33391956219162566,0.0,1.0,,Rastrigin,2,999
Matching-Soft-Rerank,16,3.129975365678362,0.33391956219162566,0.0,1.0,,Rastrigin,2,999
Matching-Soft-Rerank,17,2.01692434172962,0.21517437502835468,0.0,1.0,,Rastrigin,2,999
Matching-Soft-Rerank,18,2.01692434172962,0.21517437502835468,0.0,1.0,,Rastrigin,2,999
Matching-Soft-Rerank,19,2.01692434172962,0.21517437502835468,0.0,1.0,,Rastrigin,2,999
Matching-Soft-Rerank,20,2.01692434172962,0.21517437502835468,0.0,1.0,,Rastrigin,2,999
Target-Only,0,27.223154780032264,1.0,0.0,1.0,0.0,Rastrigin,2,1234
Target-Only,1,27.223154780032264,1.0,0.0,1.0,0.0,Rastrigin,2,1234
Target-Only,2,21.75919290316435,0.7992899088655353,0.0,1.0,0.0,Rastrigin,2,1234
Target-Only,3,21.75919290316435,0.7992899088655353,0.0,1.0,0.0,Rastrigin,2,1234
Target-Only,4,21.75919290316435,0.7992899088655353,0.0,1.0,0.0,Rastrigin,2,1234
Target-Only,5,21.75919290316435,0.7992899088655353,0.0,1.0,0.0,Rastrigin,2,1234
Target-Only,6,19.914675006687222,0.7315344297015242,0.0,1.0,0.0,Rastrigin,2,1234
Target-Only,7,19.914675006687222,0.7315344297015242,0.0,1.0,0.0,Rastrigin,2,1234
Target-Only,8,19.914675006687222,0.7315344297015242,0.0,1.0,0.0,Rastrigin,2,1234
Target-Only,9,15.99300147453264,0.5874778879875908,0.0,1.0,0.0,Rastrigin,2,1234
Target-Only,10,15.99300147453264,0.5874778879875908,0.0,1.0,0.0,Rastrigin,2,1234
Target-Only,11,13.181728196576561,0.4842101623815158,0.0,1.0,0.0,Rastrigin,2,1234
Target-Only,12,13.181728196576561,0.4842101623815158,0.0,1.0,0.0,Rastrigin,2,1234
Target-Only,13,13.181728196576561,0.4842101623815158,0.0,1.0,0.0,Rastrigin,2,1234
Target-Only,14,9.72298400784549,0.3571586058415661,0.0,1.0,0.0,Rastrigin,2,1234
Target-Only,15,9.72298400784549,0.3571586058415661,0.0,1.0,0.0,Rastrigin,2,1234
Target-Only,16,9.72298400784549,0.3571586058415661,0.0,1.0,0.0,Rastrigin,2,1234
Target-Only,17,9.72298400784549,0.3571586058415661,0.0,1.0,0.0,Rastrigin,2,1234
Target-Only,18,9.72298400784549,0.3571586058415661,0.0,1.0,0.0,Rastrigin,2,1234
Target-Only,19,9.72298400784549,0.3571586058415661,0.0,1.0,0.0,Rastrigin,2,1234
Target-Only,20,9.72298400784549,0.3571586058415661,0.0,1.0,0.0,Rastrigin,2,1234
Matching-Fixed-Filter,0,27.223154780032264,1.0,0.0,1.0,0.0,Rastrigin,2,1234
Matching-Fixed-Filter,1,27.223154780032264,1.0,1.0,0.25,1.0,Rastrigin,2,1234
Matching-Fixed-Filter,2,27.223154780032264,1.0,1.0,0.25,1.0,Rastrigin,2,1234
Matching-Fixed-Filter,3,27.223154780032264,1.0,1.0,0.25,1.0,Rastrigin,2,1234
Matching-Fixed-Filter,4,27.223154780032264,1.0,1.0,0.25,1.0,Rastrigin,2,1234
Matching-Fixed-Filter,5,27.223154780032264,1.0,1.0,0.25,1.0,Rastrigin,2,1234
Matching-Fixed-Filter,6,20.83568198462031,0.7653661801130757,1.0,0.25,1.0,Rastrigin,2,1234
Matching-Fixed-Filter,7,20.83568198462031,0.7653661801130757,1.0,0.25,1.0,Rastrigin,2,1234
Matching-Fixed-Filter,8,20.83568198462031,0.7653661801130757,1.0,0.25,1.0,Rastrigin,2,1234
Matching-Fixed-Filter,9,13.717468839880194,0.5038897567427318,1.0,0.25,1.0,Rastrigin,2,1234
Matching-Fixed-Filter,10,13.717468839880194,0.5038897567427318,1.0,0.25,1.0,Rastrigin,2,1234
Matching-Fixed-Filter,11,13.717468839880194,0.5038897567427318,1.0,0.25,1.0,Rastrigin,2,1234
Matching-Fixed-Filter,12,13.717468839880194,0.5038897567427318,1.0,0.25,1.0,Rastrigin,2,1234
Matching-Fixed-Filter,13,13.717468839880194,0.5038897567427318,1.0,0.25,1.0,Rastrigin,2,1234
Matching-Fixed-Filter,14,13.717468839880194,0.5038897567427318,1.0,0.25,1.0,Rastrigin,2,1234
Matching-Fixed-Filter,15,7.569908759529163,0.2780687550981992,1.0,0.25,1.0,Rastrigin,2,1234
Matching-Fixed-Filter,16,7.569908759529163,0.2780687550981992,1.0,0.25,1.0,Rastrigin,2,1234
Matching-Fixed-Filter,17,4.666127389420499,0.17140288945655285,1.0,0.25,1.0,Rastrigin,2,1234
Matching-Fixed-Filter,18,4.013068505964629,0.14741379308867422,1.0,0.25,1.0,Rastrigin,2,1234
Matching-Fixed-Filter,19,4.013068505964629,0.14741379308867422,1.0,0.25,1.0,Rastrigin,2,1234
Matching-Fixed-Filter,20,4.013068505964629,0.14741379308867422,1.0,0.25,1.0,Rastrigin,2,1234
Matching-Adaptive-Filter,0,27.223154780032264,1.0,0.0,1.0,0.0,Rastrigin,2,1234
Matching-Adaptive-Filter,1,27.223154780032264,1.0,1.0,0.89,0.1485714285713987,Rastrigin,2,1234
Matching-Adaptive-Filter,2,21.75919290316435,0.7992899088655353,1.0,0.88,0.1711796536796294,Rastrigin,2,1234
Matching-Adaptive-Filter,3,21.75919290316435,0.7992899088655353,1.0,0.83,0.22698412698410253,Rastrigin,2,1234
Matching-Adaptive-Filter,4,21.75919290316435,0.7992899088655353,1.0,0.86,0.19896978021976114,Rastrigin,2,1234
Matching-Adaptive-Filter,5,21.75919290316435,0.7992899088655353,1.0,0.85,0.2114100185528579,Rastrigin,2,1234
Matching-Adaptive-Filter,6,21.75919290316435,0.7992899088655353,1.0,0.84,0.22247474747473067,Rastrigin,2,1234
Matching-Adaptive-Filter,7,21.75919290316435,0.7992899088655353,1.0,0.81,0.26333916083914294,Rastrigin,2,1234
Matching-Adaptive-Filter,8,21.75919290316435,0.7992899088655353,1.0,0.83,0.2382597794362349,Rastrigin,2,1234
Matching-Adaptive-Filter,9,21.75919290316435,0.7992899088655353,1.0,0.85,0.2109211775878316,Rastrigin,2,1234
Matching-Adaptive-Filter,10,21.75919290316435,0.7992899088655353,1.0,0.87,0.1786075766338823,Rastrigin,2,1234
Matching-Adaptive-Filter,11,21.75919290316435,0.7992899088655353,1.0,0.82,0.24636287242168303,Rastrigin,2,1234
Matching-Adaptive-Filter,12,11.970128165081181,0.43970393078252173,1.0,0.79,0.2851031852134653,Rastrigin,2,1234
Matching-Adaptive-Filter,13,11.970128165081181,0.43970393078252173,1.0,0.77,0.30788300966318094,Rastrigin,2,1234
Matching-Adaptive-Filter,14,11.970128165081181,0.43970393078252173,1.0,0.75,0.3432330046376199,Rastrigin,2,1234
Matching-Adaptive-Filter,15,10.041417463431532,0.36885576064081843,1.0,0.76,0.3283208020049985,Rastrigin,2,1234
Matching-Adaptive-Filter,16,10.041417463431532,0.36885576064081843,1.0,0.74,0.35983834586464697,Rastrigin,2,1234
Matching-Adaptive-Filter,17,10.041417463431532,0.36885576064081843,1.0,0.73,0.3669884153113825,Rastrigin,2,1234
Matching-Adaptive-Filter,18,10.041417463431532,0.36885576064081843,1.0,0.69,0.418910311709209,Rastrigin,2,1234
Matching-Adaptive-Filter,19,10.041417463431532,0.36885576064081843,1.0,0.68,0.4361554206662745,Rastrigin,2,1234
Matching-Adaptive-Filter,20,10.041417463431532,0.36885576064081843,1.0,0.68,0.4348205054712312,Rastrigin,2,1234
Random-Adaptive-Filter,0,27.223154780032264,1.0,0.0,1.0,0.0,Rastrigin,2,1234
Random-Adaptive-Filter,1,27.223154780032264,1.0,1.0,0.85,0.2049999999999645,Rastrigin,2,1234
Random-Adaptive-Filter,2,21.75919290316435,0.7992899088655353,1.0,0.82,0.24856060606057478,Rastrigin,2,1234
Random-Adaptive-Filter,3,21.75919290316435,0.7992899088655353,1.0,0.78,0.3007936507936202,Rastrigin,2,1234
Random-Adaptive-Filter,4,21.75919290316435,0.7992899088655353,1.0,0.8,0.2798992673992421,Rastrigin,2,1234
Random-Adaptive-Filter,5,21.75919290316435,0.7992899088655353,1.0,0.78,0.29737167594308056,Rastrigin,2,1234
Random-Adaptive-Filter,6,19.914675006687222,0.7315344297015242,1.0,0.77,0.31641414141411833,Rastrigin,2,1234
Random-Adaptive-Filter,7,19.914675006687222,0.7315344297015242,1.0,0.75,0.33807692307690046,Rastrigin,2,1234
Random-Adaptive-Filter,8,19.914675006687222,0.7315344297015242,1.0,0.74,0.347139869933966,Rastrigin,2,1234
Random-Adaptive-Filter,9,15.99300147453264,0.5874778879875908,1.0,0.77,0.31904761904760043,Rastrigin,2,1234
Random-Adaptive-Filter,10,15.99300147453264,0.5874778879875908,1.0,0.78,0.2954308849045528,Rastrigin,2,1234
Random-Adaptive-Filter,11,13.181728196576561,0.4842101623815158,1.0,0.77,0.3073842627960116,Rastrigin,2,1234
Random-Adaptive-Filter,12,13.181728196576561,0.4842101623815158,1.0,0.78,0.2982069115524852,Rastrigin,2,1234
Random-Adaptive-Filter,13,13.181728196576561,0.4842101623815158,1.0,0.79,0.29179332019887927,Rastrigin,2,1234
Random-Adaptive-Filter,14,9.055192935244616,0.3326283455540741,1.0,0.83,0.23102662469669102,Rastrigin,2,1234
Random-Adaptive-Filter,15,9.055192935244616,0.3326283455540741,1.0,0.87,0.1811194653299838,Rastrigin,2,1234
Random-Adaptive-Filter,16,9.055192935244616,0.3326283455540741,1.0,0.84,0.22659808612439264,Rastrigin,2,1234
Random-Adaptive-Filter,17,9.055192935244616,0.3326283455540741,1.0,0.81,0.26293346405146617,Rastrigin,2,1234
Random-Adaptive-Filter,18,9.055192935244616,0.3326283455540741,1.0,0.8,0.27171142062445386,Rastrigin,2,1234
Random-Adaptive-Filter,19,2.062672115588196,0.07576903309902687,1.0,0.84,0.2218697063805678,Rastrigin,2,1234
Random-Adaptive-Filter,20,2.062672115588196,0.07576903309902687,1.0,0.9,0.13420018638870135,Rastrigin,2,1234
Wrong-Adaptive-Filter,0,27.223154780032264,1.0,0.0,1.0,0.0,Rastrigin,2,1234
Wrong-Adaptive-Filter,1,27.223154780032264,1.0,1.0,0.9,0.1349999999999715,Rastrigin,2,1234
Wrong-Adaptive-Filter,2,21.75919290316435,0.7992899088655353,1.0,0.89,0.15034632034629797,Rastrigin,2,1234
Wrong-Adaptive-Filter,3,21.75919290316435,0.7992899088655353,1.0,0.87,0.18333333333331253,Rastrigin,2,1234
Wrong-Adaptive-Filter,4,21.75919290316435,0.7992899088655353,1.0,0.87,0.17733516483514744,Rastrigin,2,1234
Wrong-Adaptive-Filter,5,20.076259875425507,0.737469997053799,1.0,0.86,0.19512471655327135,Rastrigin,2,1234
Wrong-Adaptive-Filter,6,20.076259875425507,0.737469997053799,1.0,0.88,0.16588383838382537,Rastrigin,2,1234
Wrong-Adaptive-Filter,7,20.076259875425507,0.737469997053799,1.0,0.88,0.16041083916082768,Rastrigin,2,1234
Wrong-Adaptive-Filter,8,15.966348237544349,0.5864988230260294,1.0,0.89,0.15452917180857334,Rastrigin,2,1234
Wrong-Adaptive-Filter,9,12.797719320240848,0.47010419709429724,1.0,0.94,0.08319088319087763,Rastrigin,2,1234
Wrong-Adaptive-Filter,10,12.797719320240848,0.47010419709429724,0.0,1.0,0.0307692307692284,Rastrigin,2,1234
Wrong-Adaptive-Filter,11,12.797719320240848,0.47010419709429724,0.0,1.0,0.028571428571426534,Rastrigin,2,1234
Wrong-Adaptive-Filter,12,12.797719320240848,0.47010419709429724,0.0,1.0,0.026666666666664892,Rastrigin,2,1234
Wrong-Adaptive-Filter,13,10.580259191158202,0.38864926848664316,0.0,1.0,0.02499999999999844,Rastrigin,2,1234
Wrong-Adaptive-Filter,14,10.580259191158202,0.38864926848664316,0.0,1.0,0.0235294117647045,Rastrigin,2,1234
Wrong-Adaptive-Filter,15,8.96509935373079,0.3293188987892962,0.0,1.0,0.02222222222222099,Rastrigin,2,1234
Wrong-Adaptive-Filter,16,8.96509935373079,0.3293188987892962,0.0,1.0,0.021052631578946265,Rastrigin,2,1234
Wrong-Adaptive-Filter,17,8.96509935373079,0.3293188987892962,0.0,1.0,0.019999999999999005,Rastrigin,2,1234
Wrong-Adaptive-Filter,18,8.96509935373079,0.3293188987892962,0.0,1.0,0.019047619047618144,Rastrigin,2,1234
Wrong-Adaptive-Filter,19,8.96509935373079,0.3293188987892962,0.0,1.0,0.01818181818181736,Rastrigin,2,1234
Wrong-Adaptive-Filter,20,8.96509935373079,0.3293188987892962,0.0,1.0,0.01739130434782533,Rastrigin,2,1234
Oracle-Fixed-Filter,0,27.223154780032264,1.0,0.0,1.0,0.0,Rastrigin,2,1234
Oracle-Fixed-Filter,1,27.223154780032264,1.0,0.0,1.0,0.0,Rastrigin,2,1234
Oracle-Fixed-Filter,2,21.75919290316435,0.7992899088655353,0.0,1.0,0.0,Rastrigin,2,1234
Oracle-Fixed-Filter,3,21.75919290316435,0.7992899088655353,0.0,1.0,0.0,Rastrigin,2,1234
Oracle-Fixed-Filter,4,21.75919290316435,0.7992899088655353,0.0,1.0,0.0,Rastrigin,2,1234
Oracle-Fixed-Filter,5,21.75919290316435,0.7992899088655353,0.0,1.0,0.0,Rastrigin,2,1234
Oracle-Fixed-Filter,6,19.914675006687222,0.7315344297015242,0.0,1.0,0.0,Rastrigin,2,1234
Oracle-Fixed-Filter,7,19.914675006687222,0.7315344297015242,0.0,1.0,0.0,Rastrigin,2,1234
Oracle-Fixed-Filter,8,19.914675006687222,0.7315344297015242,0.0,1.0,0.0,Rastrigin,2,1234
Oracle-Fixed-Filter,9,15.99300147453264,0.5874778879875908,0.0,1.0,0.0,Rastrigin,2,1234
Oracle-Fixed-Filter,10,15.99300147453264,0.5874778879875908,0.0,1.0,0.0,Rastrigin,2,1234
Oracle-Fixed-Filter,11,13.181728196576561,0.4842101623815158,0.0,1.0,0.0,Rastrigin,2,1234
Oracle-Fixed-Filter,12,13.181728196576561,0.4842101623815158,0.0,1.0,0.0,Rastrigin,2,1234
Oracle-Fixed-Filter,13,13.181728196576561,0.4842101623815158,0.0,1.0,0.0,Rastrigin,2,1234
Oracle-Fixed-Filter,14,9.72298400784549,0.3571586058415661,0.0,1.0,0.0,Rastrigin,2,1234
Oracle-Fixed-Filter,15,9.72298400784549,0.3571586058415661,0.0,1.0,0.0,Rastrigin,2,1234
Oracle-Fixed-Filter,16,9.72298400784549,0.3571586058415661,0.0,1.0,0.0,Rastrigin,2,1234
Oracle-Fixed-Filter,17,9.72298400784549,0.3571586058415661,0.0,1.0,0.0,Rastrigin,2,1234
Oracle-Fixed-Filter,18,9.72298400784549,0.3571586058415661,0.0,1.0,0.0,Rastrigin,2,1234
Oracle-Fixed-Filter,19,9.72298400784549,0.3571586058415661,0.0,1.0,0.0,Rastrigin,2,1234
Oracle-Fixed-Filter,20,9.72298400784549,0.3571586058415661,0.0,1.0,0.0,Rastrigin,2,1234
Matching-Soft-Rerank,0,27.223154780032264,1.0,0.0,1.0,,Rastrigin,2,1234
Matching-Soft-Rerank,1,20.13162855228014,0.7395038787733139,0.0,1.0,,Rastrigin,2,1234
Matching-Soft-Rerank,2,20.13162855228014,0.7395038787733139,0.0,1.0,,Rastrigin,2,1234
Matching-Soft-Rerank,3,20.13162855228014,0.7395038787733139,0.0,1.0,,Rastrigin,2,1234
Matching-Soft-Rerank,4,20.13162855228014,0.7395038787733139,0.0,1.0,,Rastrigin,2,1234
Matching-Soft-Rerank,5,20.13162855228014,0.7395038787733139,0.0,1.0,,Rastrigin,2,1234
Matching-Soft-Rerank,6,20.13162855228014,0.7395038787733139,0.0,1.0,,Rastrigin,2,1234
Matching-Soft-Rerank,7,8.834861381314393,0.32453481063093464,0.0,1.0,,Rastrigin,2,1234
Matching-Soft-Rerank,8,5.989358235586428,0.22000970438516274,0.0,1.0,,Rastrigin,2,1234
Matching-Soft-Rerank,9,5.989358235586428,0.22000970438516274,0.0,1.0,,Rastrigin,2,1234
Matching-Soft-Rerank,10,5.989358235586428,0.22000970438516274,0.0,1.0,,Rastrigin,2,1234
Matching-Soft-Rerank,11,5.989358235586428,0.22000970438516274,0.0,1.0,,Rastrigin,2,1234
Matching-Soft-Rerank,12,5.989358235586428,0.22000970438516274,0.0,1.0,,Rastrigin,2,1234
Matching-Soft-Rerank,13,5.989358235586428,0.22000970438516274,0.0,1.0,,Rastrigin,2,1234
Matching-Soft-Rerank,14,2.768522688419221,0.10169734958307944,0.0,1.0,,Rastrigin,2,1234
Matching-Soft-Rerank,15,2.1669181004422313,0.07959834625895858,0.0,1.0,,Rastrigin,2,1234
Matching-Soft-Rerank,16,2.1669181004422313,0.07959834625895858,0.0,1.0,,Rastrigin,2,1234
Matching-Soft-Rerank,17,2.1669181004422313,0.07959834625895858,0.0,1.0,,Rastrigin,2,1234
Matching-Soft-Rerank,18,2.1669181004422313,0.07959834625895858,0.0,1.0,,Rastrigin,2,1234
Matching-Soft-Rerank,19,2.1669181004422313,0.07959834625895858,0.0,1.0,,Rastrigin,2,1234
Matching-Soft-Rerank,20,2.1669181004422313,0.07959834625895858,0.0,1.0,,Rastrigin,2,1234
Target-Only,0,25.160231588988044,1.0,0.0,1.0,0.0,Rastrigin,2,5678
Target-Only,1,25.160231588988044,1.0,0.0,1.0,0.0,Rastrigin,2,5678
Target-Only,2,25.160231588988044,1.0,0.0,1.0,0.0,Rastrigin,2,5678
Target-Only,3,23.553814685316443,0.9361525390579201,0.0,1.0,0.0,Rastrigin,2,5678
Target-Only,4,23.553814685316443,0.9361525390579201,0.0,1.0,0.0,Rastrigin,2,5678
Target-Only,5,23.553814685316443,0.9361525390579201,0.0,1.0,0.0,Rastrigin,2,5678
Target-Only,6,23.553814685316443,0.9361525390579201,0.0,1.0,0.0,Rastrigin,2,5678
Target-Only,7,20.612853068298413,0.8192632486467296,0.0,1.0,0.0,Rastrigin,2,5678
Target-Only,8,20.612853068298413,0.8192632486467296,0.0,1.0,0.0,Rastrigin,2,5678
Target-Only,9,20.612853068298413,0.8192632486467296,0.0,1.0,0.0,Rastrigin,2,5678
Target-Only,10,20.612853068298413,0.8192632486467296,0.0,1.0,0.0,Rastrigin,2,5678
Target-Only,11,20.612853068298413,0.8192632486467296,0.0,1.0,0.0,Rastrigin,2,5678
Target-Only,12,20.612853068298413,0.8192632486467296,0.0,1.0,0.0,Rastrigin,2,5678
Target-Only,13,20.612853068298413,0.8192632486467296,0.0,1.0,0.0,Rastrigin,2,5678
Target-Only,14,20.612853068298413,0.8192632486467296,0.0,1.0,0.0,Rastrigin,2,5678
Target-Only,15,14.590246130997299,0.5798931571592949,0.0,1.0,0.0,Rastrigin,2,5678
Target-Only,16,14.12410976018637,0.561366444908564,0.0,1.0,0.0,Rastrigin,2,5678
Target-Only,17,12.0920750330504,0.4806026920015623,0.0,1.0,0.0,Rastrigin,2,5678
Target-Only,18,12.0920750330504,0.4806026920015623,0.0,1.0,0.0,Rastrigin,2,5678
Target-Only,19,12.0920750330504,0.4806026920015623,0.0,1.0,0.0,Rastrigin,2,5678
Target-Only,20,11.514116920083229,0.45763159529591324,0.0,1.0,0.0,Rastrigin,2,5678
Matching-Fixed-Filter,0,25.160231588988044,1.0,0.0,1.0,0.0,Rastrigin,2,5678
Matching-Fixed-Filter,1,25.160231588988044,1.0,1.0,0.25,1.0,Rastrigin,2,5678
Matching-Fixed-Filter,2,15.42283915687688,0.6129847852285685,1.0,0.25,1.0,Rastrigin,2,5678
Matching-Fixed-Filter,3,12.834640918700398,0.5101161677827232,1.0,0.25,1.0,Rastrigin,2,5678
Matching-Fixed-Filter,4,12.834640918700398,0.5101161677827232,1.0,0.25,1.0,Rastrigin,2,5678
Matching-Fixed-Filter,5,12.834640918700398,0.5101161677827232,1.0,0.25,1.0,Rastrigin,2,5678
Matching-Fixed-Filter,6,12.834640918700398,0.5101161677827232,1.0,0.25,1.0,Rastrigin,2,5678
Matching-Fixed-Filter,7,12.834640918700398,0.5101161677827232,1.0,0.25,1.0,Rastrigin,2,5678
Matching-Fixed-Filter,8,12.834640918700398,0.5101161677827232,1.0,0.25,1.0,Rastrigin,2,5678
Matching-Fixed-Filter,9,12.834640918700398,0.5101161677827232,1.0,0.25,1.0,Rastrigin,2,5678
Matching-Fixed-Filter,10,12.834640918700398,0.5101161677827232,1.0,0.25,1.0,Rastrigin,2,5678
Matching-Fixed-Filter,11,12.834640918700398,0.5101161677827232,1.0,0.25,1.0,Rastrigin,2,5678
Matching-Fixed-Filter,12,12.834640918700398,0.5101161677827232,1.0,0.25,1.0,Rastrigin,2,5678
Matching-Fixed-Filter,13,12.834640918700398,0.5101161677827232,1.0,0.25,1.0,Rastrigin,2,5678
Matching-Fixed-Filter,14,12.834640918700398,0.5101161677827232,1.0,0.25,1.0,Rastrigin,2,5678
Matching-Fixed-Filter,15,12.834640918700398,0.5101161677827232,1.0,0.25,1.0,Rastrigin,2,5678
Matching-Fixed-Filter,16,5.881693646793291,0.23376945581723302,1.0,0.25,1.0,Rastrigin,2,5678
Matching-Fixed-Filter,17,5.881693646793291,0.23376945581723302,1.0,0.25,1.0,Rastrigin,2,5678
Matching-Fixed-Filter,18,5.881693646793291,0.23376945581723302,1.0,0.25,1.0,Rastrigin,2,5678
Matching-Fixed-Filter,19,5.881693646793291,0.23376945581723302,1.0,0.25,1.0,Rastrigin,2,5678
Matching-Fixed-Filter,20,5.881693646793291,0.23376945581723302,1.0,0.25,1.0,Rastrigin,2,5678
Matching-Adaptive-Filter,0,25.160231588988044,1.0,0.0,1.0,0.0,Rastrigin,2,5678
Matching-Adaptive-Filter,1,25.160231588988044,1.0,1.0,0.85,0.21071428571424966,Rastrigin,2,5678
Matching-Adaptive-Filter,2,15.42283915687688,0.6129847852285685,1.0,0.84,0.22069264069261194,Rastrigin,2,5678
Matching-Adaptive-Filter,3,15.42283915687688,0.6129847852285685,1.0,0.85,0.20238095238092996,Rastrigin,2,5678
Matching-Adaptive-Filter,4,15.42283915687688,0.6129847852285685,1.0,0.83,0.23903388278386062,Rastrigin,2,5678
Matching-Adaptive-Filter,5,15.42283915687688,0.6129847852285685,1.0,0.86,0.1903834260976955,Rastrigin,2,5678
Matching-Adaptive-Filter,6,15.42283915687688,0.6129847852285685,1.0,0.8,0.27686868686866645,Rastrigin,2,5678
Matching-Adaptive-Filter,7,11.01223822605279,0.43768429503934103,1.0,0.8,0.267709790209772,Rastrigin,2,5678
Matching-Adaptive-Filter,8,11.01223822605279,0.43768429503934103,1.0,0.87,0.1809782129634953,Rastrigin,2,5678
Matching-Adaptive-Filter,9,11.01223822605279,0.43768429503934103,1.0,0.87,0.18229548229547127,Rastrigin,2,5678
Matching-Adaptive-Filter,10,11.01223822605279,0.43768429503934103,1.0,0.88,0.1703368999421534,Rastrigin,2,5678
Matching-Adaptive-Filter,11,11.01223822605279,0.43768429503934103,1.0,0.86,0.19504736440029521,Rastrigin,2,5678
Matching-Adaptive-Filter,12,11.01223822605279,0.43768429503934103,1.0,0.83,0.23742975978268918,Rastrigin,2,5678
Matching-Adaptive-Filter,13,11.01223822605279,0.43768429503934103,1.0,0.82,0.24188244675859638,Rastrigin,2,5678
Matching-Adaptive-Filter,14,11.01223822605279,0.43768429503934103,1.0,0.85,0.20969822007309286,Rastrigin,2,5678
Matching-Adaptive-Filter,15,11.01223822605279,0.43768429503934103,1.0,0.86,0.19766081871344182,Rastrigin,2,5678
Matching-Adaptive-Filter,16,11.01223822605279,0.43768429503934103,1.0,0.82,0.24161107313737903,Rastrigin,2,5678
Matching-Adaptive-Filter,17,11.01223822605279,0.43768429503934103,1.0,0.83,0.23889042634383312,Rastrigin,2,5678
Matching-Adaptive-Filter,18,11.01223822605279,0.43768429503934103,1.0,0.85,0.20019494897211532,Rastrigin,2,5678
Matching-Adaptive-Filter,19,11.01223822605279,0.43768429503934103,1.0,0.86,0.1945016939582086,Rastrigin,2,5678
Matching-Adaptive-Filter,20,5.146972402707389,0.20456776737142915,1.0,0.89,0.15684349072635073,Rastrigin,2,5678
Random-Adaptive-Filter,0,25.160231588988044,1.0,0.0,1.0,0.0,Rastrigin,2,5678
Random-Adaptive-Filter,1,25.160231588988044,1.0,1.0,0.93,0.099999999999975,Rastrigin,2,5678
Random-Adaptive-Filter,2,25.160231588988044,1.0,1.0,0.95,0.079999999999984,Rastrigin,2,5678
Random-Adaptive-Filter,3,23.553814685316443,0.9361525390579201,1.0,0.96,0.06666666666665555,Rastrigin,2,5678
Random-Adaptive-Filter,4,23.553814685316443,0.9361525390579201,1.0,0.96,0.05714285714284898,Rastrigin,2,5678
Random-Adaptive-Filter,5,23.553814685316443,0.9361525390579201,0.0,1.0,0.04999999999999375,Rastrigin,2,5678
Random-Adaptive-Filter,6,23.553814685316443,0.9361525390579201,0.0,1.0,0.04444444444443951,Rastrigin,2,5678
Random-Adaptive-Filter,7,20.612853068298413,0.8192632486467296,0.0,1.0,0.039999999999996004,Rastrigin,2,5678
Random-Adaptive-Filter,8,20.612853068298413,0.8192632486467296,0.0,1.0,0.03636363636363306,Rastrigin,2,5678
Random-Adaptive-Filter,9,20.612853068298413,0.8192632486467296,0.0,1.0,0.03333333333333056,Rastrigin,2,5678
Random-Adaptive-Filter,10,20.612853068298413,0.8192632486467296,0.0,1.0,0.0307692307692284,Rastrigin,2,5678
Random-Adaptive-Filter,11,20.612853068298413,0.8192632486467296,0.0,1.0,0.028571428571426534,Rastrigin,2,5678
Random-Adaptive-Filter,12,20.612853068298413,0.8192632486467296,0.0,1.0,0.026666666666664892,Rastrigin,2,5678
Random-Adaptive-Filter,13,20.612853068298413,0.8192632486467296,0.0,1.0,0.02499999999999844,Rastrigin,2,5678
Random-Adaptive-Filter,14,20.612853068298413,0.8192632486467296,0.0,1.0,0.0235294117647045,Rastrigin,2,5678
Random-Adaptive-Filter,15,14.590246130997299,0.5798931571592949,0.0,1.0,0.02222222222222099,Rastrigin,2,5678
Random-Adaptive-Filter,16,14.12410976018637,0.561366444908564,0.0,1.0,0.021052631578946265,Rastrigin,2,5678
Random-Adaptive-Filter,17,12.0920750330504,0.4806026920015623,0.0,1.0,0.019999999999999005,Rastrigin,2,5678
Random-Adaptive-Filter,18,12.0920750330504,0.4806026920015623,0.0,1.0,0.019047619047618144,Rastrigin,2,5678
Random-Adaptive-Filter,19,12.0920750330504,0.4806026920015623,0.0,1.0,0.01818181818181736,Rastrigin,2,5678
Random-Adaptive-Filter,20,11.514116920083229,0.45763159529591324,0.0,1.0,0.01739130434782533,Rastrigin,2,5678
Wrong-Adaptive-Filter,0,25.160231588988044,1.0,0.0,1.0,0.0,Rastrigin,2,5678
Wrong-Adaptive-Filter,1,25.160231588988044,1.0,1.0,0.85,0.2049999999999645,Rastrigin,2,5678
Wrong-Adaptive-Filter,2,15.42283915687688,0.6129847852285685,1.0,0.84,0.2158225108224825,Rastrigin,2,5678
Wrong-Adaptive-Filter,3,15.42283915687688,0.6129847852285685,1.0,0.86,0.1944444444444227,Rastrigin,2,5678
Wrong-Adaptive-Filter,4,15.42283915687688,0.6129847852285685,1.0,0.84,0.2262133699633488,Rastrigin,2,5678
Wrong-Adaptive-Filter,5,15.42283915687688,0.6129847852285685,1.0,0.84,0.21825396825395,Rastrigin,2,5678
Wrong-Adaptive-Filter,6,15.42283915687688,0.6129847852285685,1.0,0.78,0.29944444444442253,Rastrigin,2,5678
Wrong-Adaptive-Filter,7,11.01223822605279,0.43768429503934103,1.0,0.83,0.22946678321676742,Rastrigin,2,5678
Wrong-Adaptive-Filter,8,11.01223822605279,0.43768429503934103,1.0,0.8,0.27898376133668495,Rastrigin,2,5678
Wrong-Adaptive-Filter,9,11.01223822605279,0.43768429503934103,1.0,0.82,0.24863654863653392,Rastrigin,2,5678
Wrong-Adaptive-Filter,10,11.01223822605279,0.43768429503934103,1.0,0.83,0.23443464430305228,Rastrigin,2,5678
Wrong-Adaptive-Filter,11,11.01223822605279,0.43768429503934103,1.0,0.83,0.2354430863254269,Rastrigin,2,5678
Wrong-Adaptive-Filter,12,11.01223822605279,0.43768429503934103,1.0,0.82,0.24761963118579544,Rastrigin,2,5678
Wrong-Adaptive-Filter,13,11.01223822605279,0.43768429503934103,1.0,0.81,0.2588751289989559,Rastrigin,2,5678
Wrong-Adaptive-Filter,14,11.01223822605279,0.43768429503934103,1.0,0.82,0.2515409120874077,Rastrigin,2,5678
Wrong-Adaptive-Filter,15,8.807975903969242,0.3500753112234569,1.0,0.87,0.18262322472848003,Rastrigin,2,5678
Wrong-Adaptive-Filter,16,8.807975903969242,0.3500753112234569,1.0,0.9,0.14248120300751282,Rastrigin,2,5678
Wrong-Adaptive-Filter,17,8.807975903969242,0.3500753112234569,1.0,0.91,0.12378751683099012,Rastrigin,2,5678
Wrong-Adaptive-Filter,18,8.807975903969242,0.3500753112234569,1.0,0.91,0.1313481606959817,Rastrigin,2,5678
Wrong-Adaptive-Filter,19,8.807975903969242,0.3500753112234569,1.0,0.9,0.14551101072839664,Rastrigin,2,5678
Wrong-Adaptive-Filter,20,7.218654202830194,0.28690730358736466,1.0,0.88,0.17222152357078768,Rastrigin,2,5678
Oracle-Fixed-Filter,0,25.160231588988044,1.0,0.0,1.0,0.0,Rastrigin,2,5678
Oracle-Fixed-Filter,1,25.160231588988044,1.0,0.0,1.0,1.0,Rastrigin,2,5678
Oracle-Fixed-Filter,2,19.673372216027346,0.7819233358979832,1.0,0.25,1.0,Rastrigin,2,5678
Oracle-Fixed-Filter,3,19.673372216027346,0.7819233358979832,0.0,1.0,1.0,Rastrigin,2,5678
Oracle-Fixed-Filter,4,19.673372216027346,0.7819233358979832,1.0,0.25,1.0,Rastrigin,2,5678
Oracle-Fixed-Filter,5,19.673372216027346,0.7819233358979832,0.0,1.0,1.0,Rastrigin,2,5678
Oracle-Fixed-Filter,6,19.673372216027346,0.7819233358979832,0.0,1.0,1.0,Rastrigin,2,5678
Oracle-Fixed-Filter,7,19.673372216027346,0.7819233358979832,0.0,1.0,1.0,Rastrigin,2,5678
Oracle-Fixed-Filter,8,2.3198549669272346,0.09220324378661811,1.0,0.25,1.0,Rastrigin,2,5678
Oracle-Fixed-Filter,9,2.3198549669272346,0.09220324378661811,1.0,0.25,1.0,Rastrigin,2,5678
Oracle-Fixed-Filter,10,2.3198549669272346,0.09220324378661811,1.0,0.25,1.0,Rastrigin,2,5678
Oracle-Fixed-Filter,11,2.3198549669272346,0.09220324378661811,1.0,0.25,1.0,Rastrigin,2,5678
Oracle-Fixed-Filter,12,2.3198549669272346,0.09220324378661811,1.0,0.25,1.0,Rastrigin,2,5678
Oracle-Fixed-Filter,13,2.3198549669272346,0.09220324378661811,1.0,0.25,1.0,Rastrigin,2,5678
Oracle-Fixed-Filter,14,2.3198549669272346,0.09220324378661811,1.0,0.25,1.0,Rastrigin,2,5678
Oracle-Fixed-Filter,15,2.3198549669272346,0.09220324378661811,1.0,0.25,1.0,Rastrigin,2,5678
Oracle-Fixed-Filter,16,2.3198549669272346,0.09220324378661811,1.0,0.25,1.0,Rastrigin,2,5678
Oracle-Fixed-Filter,17,2.3198549669272346,0.09220324378661811,0.0,1.0,1.0,Rastrigin,2,5678
Oracle-Fixed-Filter,18,2.3198549669272346,0.09220324378661811,0.0,1.0,1.0,Rastrigin,2,5678
Oracle-Fixed-Filter,19,2.3198549669272346,0.09220324378661811,0.0,1.0,1.0,Rastrigin,2,5678
Oracle-Fixed-Filter,20,2.3198549669272346,0.09220324378661811,1.0,0.25,1.0,Rastrigin,2,5678
Matching-Soft-Rerank,0,25.160231588988044,1.0,0.0,1.0,,Rastrigin,2,5678
Matching-Soft-Rerank,1,25.160231588988044,1.0,0.0,1.0,,Rastrigin,2,5678
Matching-Soft-Rerank,2,25.160231588988044,1.0,0.0,1.0,,Rastrigin,2,5678
Matching-Soft-Rerank,3,17.515549839402567,0.6961601198881116,0.0,1.0,,Rastrigin,2,5678
Matching-Soft-Rerank,4,8.275301784184437,0.3289040386975736,0.0,1.0,,Rastrigin,2,5678
Matching-Soft-Rerank,5,8.275301784184437,0.3289040386975736,0.0,1.0,,Rastrigin,2,5678
Matching-Soft-Rerank,6,4.125548601064764,0.16397101061940964,0.0,1.0,,Rastrigin,2,5678
Matching-Soft-Rerank,7,4.125548601064764,0.16397101061940964,0.0,1.0,,Rastrigin,2,5678
Matching-Soft-Rerank,8,1.5184938428354755,0.060352935841023,0.0,1.0,,Rastrigin,2,5678
Matching-Soft-Rerank,9,1.5184938428354755,0.060352935841023,0.0,1.0,,Rastrigin,2,5678
Matching-Soft-Rerank,10,1.5184938428354755,0.060352935841023,0.0,1.0,,Rastrigin,2,5678
Matching-Soft-Rerank,11,1.5184938428354755,0.060352935841023,0.0,1.0,,Rastrigin,2,5678
Matching-Soft-Rerank,12,1.5184938428354755,0.060352935841023,0.0,1.0,,Rastrigin,2,5678
Matching-Soft-Rerank,13,1.5184938428354755,0.060352935841023,0.0,1.0,,Rastrigin,2,5678
Matching-Soft-Rerank,14,1.5184938428354755,0.060352935841023,0.0,1.0,,Rastrigin,2,5678
Matching-Soft-Rerank,15,1.5184938428354755,0.060352935841023,0.0,1.0,,Rastrigin,2,5678
Matching-Soft-Rerank,16,1.5184938428354755,0.060352935841023,0.0,1.0,,Rastrigin,2,5678
Matching-Soft-Rerank,17,1.5184938428354755,0.060352935841023,0.0,1.0,,Rastrigin,2,5678
Matching-Soft-Rerank,18,1.5184938428354755,0.060352935841023,0.0,1.0,,Rastrigin,2,5678
Matching-Soft-Rerank,19,1.5184938428354755,0.060352935841023,0.0,1.0,,Rastrigin,2,5678
Matching-Soft-Rerank,20,1.5184938428354755,0.060352935841023,0.0,1.0,,Rastrigin,2,5678
Target-Only,0,25.755459761471744,1.0,0.0,1.0,0.0,Rastrigin,2,8888
Target-Only,1,25.755459761471744,1.0,0.0,1.0,0.0,Rastrigin,2,8888
Target-Only,2,25.755459761471744,1.0,0.0,1.0,0.0,Rastrigin,2,8888
Target-Only,3,25.755459761471744,1.0,0.0,1.0,0.0,Rastrigin,2,8888
Target-Only,4,25.755459761471744,1.0,0.0,1.0,0.0,Rastrigin,2,8888
Target-Only,5,25.755459761471744,1.0,0.0,1.0,0.0,Rastrigin,2,8888
Target-Only,6,25.755459761471744,1.0,0.0,1.0,0.0,Rastrigin,2,8888
Target-Only,7,25.755459761471744,1.0,0.0,1.0,0.0,Rastrigin,2,8888
Target-Only,8,25.755459761471744,1.0,0.0,1.0,0.0,Rastrigin,2,8888
Target-Only,9,25.15867725057879,0.976828893119365,0.0,1.0,0.0,Rastrigin,2,8888
Target-Only,10,25.15867725057879,0.976828893119365,0.0,1.0,0.0,Rastrigin,2,8888
Target-Only,11,25.15867725057879,0.976828893119365,0.0,1.0,0.0,Rastrigin,2,8888
Target-Only,12,25.15867725057879,0.976828893119365,0.0,1.0,0.0,Rastrigin,2,8888
Target-Only,13,25.15867725057879,0.976828893119365,0.0,1.0,0.0,Rastrigin,2,8888
Target-Only,14,25.15867725057879,0.976828893119365,0.0,1.0,0.0,Rastrigin,2,8888
Target-Only,15,25.15867725057879,0.976828893119365,0.0,1.0,0.0,Rastrigin,2,8888
Target-Only,16,25.15867725057879,0.976828893119365,0.0,1.0,0.0,Rastrigin,2,8888
Target-Only,17,25.15867725057879,0.976828893119365,0.0,1.0,0.0,Rastrigin,2,8888
Target-Only,18,25.15867725057879,0.976828893119365,0.0,1.0,0.0,Rastrigin,2,8888
Target-Only,19,25.15867725057879,0.976828893119365,0.0,1.0,0.0,Rastrigin,2,8888
Target-Only,20,25.15867725057879,0.976828893119365,0.0,1.0,0.0,Rastrigin,2,8888
Matching-Fixed-Filter,0,25.755459761471744,1.0,0.0,1.0,0.0,Rastrigin,2,8888
Matching-Fixed-Filter,1,25.755459761471744,1.0,1.0,0.25,1.0,Rastrigin,2,8888
Matching-Fixed-Filter,2,8.72144029832663,0.3386249121195366,1.0,0.25,1.0,Rastrigin,2,8888
Matching-Fixed-Filter,3,8.72144029832663,0.3386249121195366,1.0,0.25,1.0,Rastrigin,2,8888
Matching-Fixed-Filter,4,7.388553463311585,0.2868732894593601,1.0,0.25,1.0,Rastrigin,2,8888
Matching-Fixed-Filter,5,7.388553463311585,0.2868732894593601,1.0,0.25,1.0,Rastrigin,2,8888
Matching-Fixed-Filter,6,7.388553463311585,0.2868732894593601,1.0,0.25,1.0,Rastrigin,2,8888
Matching-Fixed-Filter,7,7.388553463311585,0.2868732894593601,1.0,0.25,1.0,Rastrigin,2,8888
Matching-Fixed-Filter,8,7.388553463311585,0.2868732894593601,1.0,0.25,1.0,Rastrigin,2,8888
Matching-Fixed-Filter,9,7.388553463311585,0.2868732894593601,1.0,0.25,1.0,Rastrigin,2,8888
Matching-Fixed-Filter,10,7.388553463311585,0.2868732894593601,1.0,0.25,1.0,Rastrigin,2,8888
Matching-Fixed-Filter,11,5.180347741727436,0.20113590631672015,1.0,0.25,1.0,Rastrigin,2,8888
Matching-Fixed-Filter,12,5.180347741727436,0.20113590631672015,1.0,0.25,1.0,Rastrigin,2,8888
Matching-Fixed-Filter,13,5.180347741727436,0.20113590631672015,1.0,0.25,1.0,Rastrigin,2,8888
Matching-Fixed-Filter,14,5.180347741727436,0.20113590631672015,1.0,0.25,1.0,Rastrigin,2,8888
Matching-Fixed-Filter,15,5.180347741727436,0.20113590631672015,1.0,0.25,1.0,Rastrigin,2,8888
Matching-Fixed-Filter,16,5.05882189017823,0.19641745622207263,1.0,0.25,1.0,Rastrigin,2,8888
Matching-Fixed-Filter,17,5.05882189017823,0.19641745622207263,1.0,0.25,1.0,Rastrigin,2,8888
Matching-Fixed-Filter,18,5.05882189017823,0.19641745622207263,1.0,0.25,1.0,Rastrigin,2,8888
Matching-Fixed-Filter,19,5.05882189017823,0.19641745622207263,1.0,0.25,1.0,Rastrigin,2,8888
Matching-Fixed-Filter,20,5.05882189017823,0.19641745622207263,1.0,0.25,1.0,Rastrigin,2,8888
Matching-Adaptive-Filter,0,25.755459761471744,1.0,0.0,1.0,0.0,Rastrigin,2,8888
Matching-Adaptive-Filter,1,25.755459761471744,1.0,1.0,0.84,0.21642857142853478,Rastrigin,2,8888
Matching-Adaptive-Filter,2,25.755459761471744,1.0,1.0,0.87,0.18443722943720395,Rastrigin,2,8888
Matching-Adaptive-Filter,3,25.755459761471744,1.0,1.0,0.85,0.20317460317458072,Rastrigin,2,8888
Matching-Adaptive-Filter,4,25.755459761471744,1.0,1.0,0.82,0.2510531135530905,Rastrigin,2,8888
Matching-Adaptive-Filter,5,25.755459761471744,1.0,1.0,0.79,0.2843846629560685,Rastrigin,2,8888
Matching-Adaptive-Filter,6,25.755459761471744,1.0,1.0,0.83,0.2345202020201844,Rastrigin,2,8888
Matching-Adaptive-Filter,7,25.755459761471744,1.0,1.0,0.8,0.27907342657340767,Rastrigin,2,8888
Matching-Adaptive-Filter,8,25.755459761471744,1.0,1.0,0.82,0.24844077491134742,Rastrigin,2,8888
Matching-Adaptive-Filter,9,25.755459761471744,1.0,1.0,0.87,0.18595848595847472,Rastrigin,2,8888
Matching-Adaptive-Filter,10,25.755459761471744,1.0,1.0,0.8,0.2757880277616967,Rastrigin,2,8888
Matching-Adaptive-Filter,11,25.755459761471744,1.0,1.0,0.79,0.2807478991596492,Rastrigin,2,8888
Matching-Adaptive-Filter,12,25.755459761471744,1.0,1.0,0.82,0.2430678104575043,Rastrigin,2,8888
Matching-Adaptive-Filter,13,25.755459761471744,1.0,1.0,0.82,0.24902429871468942,Rastrigin,2,8888
Matching-Adaptive-Filter,14,25.755459761471744,1.0,1.0,0.76,0.32288251861207756,Rastrigin,2,8888
Matching-Adaptive-Filter,15,25.755459761471744,1.0,1.0,0.76,0.3243107769423421,Rastrigin,2,8888
Matching-Adaptive-Filter,16,25.755459761471744,1.0,1.0,0.78,0.2942669172932211,Rastrigin,2,8888
Matching-Adaptive-Filter,17,25.755459761471744,1.0,1.0,0.74,0.3587829561742466,Rastrigin,2,8888
Matching-Adaptive-Filter,18,25.755459761471744,1.0,1.0,0.74,0.3577931880920877,Rastrigin,2,8888
Matching-Adaptive-Filter,19,25.755459761471744,1.0,1.0,0.77,0.31922995482776934,Rastrigin,2,8888
Matching-Adaptive-Filter,20,4.15282243240234,0.16124046982126308,1.0,0.76,0.3274213889944054,Rastrigin,2,8888
Random-Adaptive-Filter,0,25.755459761471744,1.0,0.0,1.0,0.0,Rastrigin,2,8888
Random-Adaptive-Filter,1,25.755459761471744,1.0,1.0,0.89,0.1485714285713987,Rastrigin,2,8888
Random-Adaptive-Filter,2,25.755459761471744,1.0,1.0,0.91,0.12383116883114886,Rastrigin,2,8888
Random-Adaptive-Filter,3,25.755459761471744,1.0,1.0,0.94,0.08650793650792374,Rastrigin,2,8888
Random-Adaptive-Filter,4,25.755459761471744,1.0,1.0,0.96,0.05714285714284898,Rastrigin,2,8888
Random-Adaptive-Filter,5,25.755459761471744,1.0,1.0,0.92,0.10844155844154801,Rastrigin,2,8888
Random-Adaptive-Filter,6,25.755459761471744,1.0,1.0,0.92,0.11656565656564682,Rastrigin,2,8888
Random-Adaptive-Filter,7,25.755459761471744,1.0,1.0,0.92,0.1099300699300616,Rastrigin,2,8888
Random-Adaptive-Filter,8,25.755459761471744,1.0,1.0,0.94,0.09308632543925999,Rastrigin,2,8888
Random-Adaptive-Filter,9,25.755459761471744,1.0,1.0,0.94,0.08888888888888302,Rastrigin,2,8888
Random-Adaptive-Filter,10,25.755459761471744,1.0,1.0,0.94,0.08866396761133062,Rastrigin,2,8888
Random-Adaptive-Filter,11,25.755459761471744,1.0,1.0,0.91,0.12827731092436273,Rastrigin,2,8888
Random-Adaptive-Filter,12,25.755459761471744,1.0,1.0,0.9,0.1428415457091855,Rastrigin,2,8888
Random-Adaptive-Filter,13,25.755459761471744,1.0,1.0,0.92,0.11004550145416477,Rastrigin,2,8888
Random-Adaptive-Filter,14,23.609917783903267,0.9166956444404829,1.0,0.93,0.09961636828644033,Rastrigin,2,8888
Random-Adaptive-Filter,15,23.609917783903267,0.9166956444404829,1.0,0.92,0.10944026733499933,Rastrigin,2,8888
Random-Adaptive-Filter,16,23.609917783903267,0.9166956444404829,1.0,0.93,0.09909808612439772,Rastrigin,2,8888
Random-Adaptive-Filter,17,22.629753755171347,0.8786390910801669,1.0,0.93,0.10603694442203332,Rastrigin,2,8888
Random-Adaptive-Filter,18,22.629753755171347,0.8786390910801669,1.0,0.92,0.11261691710060844,Rastrigin,2,8888
Random-Adaptive-Filter,19,22.629753755171347,0.8786390910801669,1.0,0.93,0.10335262563523043,Rastrigin,2,8888
Random-Adaptive-Filter,20,22.629753755171347,0.8786390910801669,1.0,0.91,0.12393098487520503,Rastrigin,2,8888
Wrong-Adaptive-Filter,0,25.755459761471744,1.0,0.0,1.0,0.0,Rastrigin,2,8888
Wrong-Adaptive-Filter,1,25.755459761471744,1.0,1.0,0.87,0.17499999999996751,Rastrigin,2,8888
Wrong-Adaptive-Filter,2,25.755459761471744,1.0,1.0,0.88,0.16630952380949998,Rastrigin,2,8888
Wrong-Adaptive-Filter,3,25.755459761471744,1.0,1.0,0.83,0.23095238095235618,Rastrigin,2,8888
Wrong-Adaptive-Filter,4,25.755459761471744,1.0,1.0,0.81,0.2574633699633464,Rastrigin,2,8888
Wrong-Adaptive-Filter,5,25.755459761471744,1.0,1.0,0.8,0.2765924551638613,Rastrigin,2,8888
Wrong-Adaptive-Filter,6,25.755459761471744,1.0,1.0,0.8,0.2796717171716966,Rastrigin,2,8888
Wrong-Adaptive-Filter,7,25.755459761471744,1.0,1.0,0.8,0.27907342657340767,Rastrigin,2,8888
Wrong-Adaptive-Filter,8,25.755459761471744,1.0,1.0,0.77,0.31368802765859627,Rastrigin,2,8888
Wrong-Adaptive-Filter,9,13.634247576991292,0.5293731000440969,1.0,0.76,0.3250169583502727,Rastrigin,2,8888
Wrong-Adaptive-Filter,10,13.634247576991292,0.5293731000440969,1.0,0.77,0.30783689994214614,Rastrigin,2,8888
Wrong-Adaptive-Filter,11,12.499011967926617,0.48529562600253834,1.0,0.77,0.31143773873184016,Rastrigin,2,8888
Wrong-Adaptive-Filter,12,12.499011967926617,0.48529562600253834,1.0,0.79,0.2875859965198059,Rastrigin,2,8888
Wrong-Adaptive-Filter,13,12.499011967926617,0.48529562600253834,1.0,0.84,0.21421803171028164,Rastrigin,2,8888
Wrong-Adaptive-Filter,14,12.499011967926617,0.48529562600253834,1.0,0.87,0.18665112351341148,Rastrigin,2,8888
Wrong-Adaptive-Filter,15,12.499011967926617,0.48529562600253834,1.0,0.84,0.22389306599831954,Rastrigin,2,8888
Wrong-Adaptive-Filter,16,12.499011967926617,0.48529562600253834,1.0,0.84,0.21898120300750978,Rastrigin,2,8888
Wrong-Adaptive-Filter,17,12.499011967926617,0.48529562600253834,1.0,0.83,0.237979535991949,Rastrigin,2,8888
Wrong-Adaptive-Filter,18,12.499011967926617,0.48529562600253834,1.0,0.85,0.20823504193068623,Rastrigin,2,8888
Wrong-Adaptive-Filter,19,12.499011967926617,0.48529562600253834,1.0,0.86,0.1974908243929911,Rastrigin,2,8888
Wrong-Adaptive-Filter,20,12.499011967926617,0.48529562600253834,1.0,0.85,0.20793487588784057,Rastrigin,2,8888
Oracle-Fixed-Filter,0,25.755459761471744,1.0,0.0,1.0,0.0,Rastrigin,2,8888
Oracle-Fixed-Filter,1,25.755459761471744,1.0,0.0,1.0,0.0,Rastrigin,2,8888
Oracle-Fixed-Filter,2,25.755459761471744,1.0,0.0,1.0,0.0,Rastrigin,2,8888
Oracle-Fixed-Filter,3,25.755459761471744,1.0,0.0,1.0,0.0,Rastrigin,2,8888
Oracle-Fixed-Filter,4,25.755459761471744,1.0,0.0,1.0,0.0,Rastrigin,2,8888
Oracle-Fixed-Filter,5,25.755459761471744,1.0,0.0,1.0,0.0,Rastrigin,2,8888
Oracle-Fixed-Filter,6,25.755459761471744,1.0,0.0,1.0,0.0,Rastrigin,2,8888
Oracle-Fixed-Filter,7,25.755459761471744,1.0,0.0,1.0,0.0,Rastrigin,2,8888
Oracle-Fixed-Filter,8,25.755459761471744,1.0,0.0,1.0,0.0,Rastrigin,2,8888
Oracle-Fixed-Filter,9,25.15867725057879,0.976828893119365,0.0,1.0,0.0,Rastrigin,2,8888
Oracle-Fixed-Filter,10,25.15867725057879,0.976828893119365,0.0,1.0,0.0,Rastrigin,2,8888
Oracle-Fixed-Filter,11,25.15867725057879,0.976828893119365,0.0,1.0,0.0,Rastrigin,2,8888
Oracle-Fixed-Filter,12,25.15867725057879,0.976828893119365,0.0,1.0,0.0,Rastrigin,2,8888
Oracle-Fixed-Filter,13,25.15867725057879,0.976828893119365,0.0,1.0,0.0,Rastrigin,2,8888
Oracle-Fixed-Filter,14,25.15867725057879,0.976828893119365,0.0,1.0,0.0,Rastrigin,2,8888
Oracle-Fixed-Filter,15,25.15867725057879,0.976828893119365,0.0,1.0,0.0,Rastrigin,2,8888
Oracle-Fixed-Filter,16,25.15867725057879,0.976828893119365,0.0,1.0,0.0,Rastrigin,2,8888
Oracle-Fixed-Filter,17,25.15867725057879,0.976828893119365,0.0,1.0,0.0,Rastrigin,2,8888
Oracle-Fixed-Filter,18,25.15867725057879,0.976828893119365,0.0,1.0,0.0,Rastrigin,2,8888
Oracle-Fixed-Filter,19,25.15867725057879,0.976828893119365,0.0,1.0,0.0,Rastrigin,2,8888
Oracle-Fixed-Filter,20,25.15867725057879,0.976828893119365,0.0,1.0,0.0,Rastrigin,2,8888
Matching-Soft-Rerank,0,25.755459761471744,1.0,0.0,1.0,,Rastrigin,2,8888
Matching-Soft-Rerank,1,25.755459761471744,1.0,0.0,1.0,,Rastrigin,2,8888
Matching-Soft-Rerank,2,11.664070359335827,0.4528775827478883,0.0,1.0,,Rastrigin,2,8888
Matching-Soft-Rerank,3,11.664070359335827,0.4528775827478883,0.0,1.0,,Rastrigin,2,8888
Matching-Soft-Rerank,4,11.664070359335827,0.4528775827478883,0.0,1.0,,Rastrigin,2,8888
Matching-Soft-Rerank,5,11.664070359335827,0.4528775827478883,0.0,1.0,,Rastrigin,2,8888
Matching-Soft-Rerank,6,11.664070359335827,0.4528775827478883,0.0,1.0,,Rastrigin,2,8888
Matching-Soft-Rerank,7,11.664070359335827,0.4528775827478883,0.0,1.0,,Rastrigin,2,8888
Matching-Soft-Rerank,8,11.664070359335827,0.4528775827478883,0.0,1.0,,Rastrigin,2,8888
Matching-Soft-Rerank,9,11.664070359335827,0.4528775827478883,0.0,1.0,,Rastrigin,2,8888
Matching-Soft-Rerank,10,11.664070359335827,0.4528775827478883,0.0,1.0,,Rastrigin,2,8888
Matching-Soft-Rerank,11,11.664070359335827,0.4528775827478883,0.0,1.0,,Rastrigin,2,8888
Matching-Soft-Rerank,12,11.664070359335827,0.4528775827478883,0.0,1.0,,Rastrigin,2,8888
Matching-Soft-Rerank,13,5.059260114938958,0.19643447105173542,0.0,1.0,,Rastrigin,2,8888
Matching-Soft-Rerank,14,5.059260114938958,0.19643447105173542,0.0,1.0,,Rastrigin,2,8888
Matching-Soft-Rerank,15,5.059260114938958,0.19643447105173542,0.0,1.0,,Rastrigin,2,8888
Matching-Soft-Rerank,16,5.059260114938958,0.19643447105173542,0.0,1.0,,Rastrigin,2,8888
Matching-Soft-Rerank,17,5.059260114938958,0.19643447105173542,0.0,1.0,,Rastrigin,2,8888
Matching-Soft-Rerank,18,5.059260114938958,0.19643447105173542,0.0,1.0,,Rastrigin,2,8888
Matching-Soft-Rerank,19,5.059260114938958,0.19643447105173542,0.0,1.0,,Rastrigin,2,8888
Matching-Soft-Rerank,20,5.059260114938958,0.19643447105173542,0.0,1.0,,Rastrigin,2,8888
Target-Only,0,19.212009816103823,1.0,0.0,1.0,0.0,Lunacek,2,42
Target-Only,1,10.941025045040885,0.5694888327544959,0.0,1.0,0.0,Lunacek,2,42
Target-Only,2,5.459668679222705,0.2841799859297553,0.0,1.0,0.0,Lunacek,2,42
Target-Only,3,5.459668679222705,0.2841799859297553,0.0,1.0,0.0,Lunacek,2,42
Target-Only,4,5.459668679222705,0.2841799859297553,0.0,1.0,0.0,Lunacek,2,42
Target-Only,5,5.459668679222705,0.2841799859297553,0.0,1.0,0.0,Lunacek,2,42
Target-Only,6,5.459668679222705,0.2841799859297553,0.0,1.0,0.0,Lunacek,2,42
Target-Only,7,5.459668679222705,0.2841799859297553,0.0,1.0,0.0,Lunacek,2,42
Target-Only,8,5.459668679222705,0.2841799859297553,0.0,1.0,0.0,Lunacek,2,42
Target-Only,9,5.459668679222705,0.2841799859297553,0.0,1.0,0.0,Lunacek,2,42
Target-Only,10,3.4764532181013497,0.1809520842107487,0.0,1.0,0.0,Lunacek,2,42
Target-Only,11,3.4764532181013497,0.1809520842107487,0.0,1.0,0.0,Lunacek,2,42
Target-Only,12,3.4764532181013497,0.1809520842107487,0.0,1.0,0.0,Lunacek,2,42
Target-Only,13,3.4764532181013497,0.1809520842107487,0.0,1.0,0.0,Lunacek,2,42
Target-Only,14,3.4764532181013497,0.1809520842107487,0.0,1.0,0.0,Lunacek,2,42
Target-Only,15,3.4764532181013497,0.1809520842107487,0.0,1.0,0.0,Lunacek,2,42
Target-Only,16,3.4764532181013497,0.1809520842107487,0.0,1.0,0.0,Lunacek,2,42
Target-Only,17,3.4764532181013497,0.1809520842107487,0.0,1.0,0.0,Lunacek,2,42
Target-Only,18,3.4764532181013497,0.1809520842107487,0.0,1.0,0.0,Lunacek,2,42
Target-Only,19,3.4764532181013497,0.1809520842107487,0.0,1.0,0.0,Lunacek,2,42
Target-Only,20,3.4764532181013497,0.1809520842107487,0.0,1.0,0.0,Lunacek,2,42
Matching-Fixed-Filter,0,19.212009816103823,1.0,0.0,1.0,0.0,Lunacek,2,42
Matching-Fixed-Filter,1,11.582023046170768,0.6028532754788896,1.0,0.25,1.0,Lunacek,2,42
Matching-Fixed-Filter,2,11.582023046170768,0.6028532754788896,1.0,0.25,1.0,Lunacek,2,42
Matching-Fixed-Filter,3,11.582023046170768,0.6028532754788896,1.0,0.25,1.0,Lunacek,2,42
Matching-Fixed-Filter,4,11.582023046170768,0.6028532754788896,1.0,0.25,1.0,Lunacek,2,42
Matching-Fixed-Filter,5,11.582023046170768,0.6028532754788896,1.0,0.25,1.0,Lunacek,2,42
Matching-Fixed-Filter,6,11.582023046170768,0.6028532754788896,1.0,0.25,1.0,Lunacek,2,42
Matching-Fixed-Filter,7,11.582023046170768,0.6028532754788896,1.0,0.25,1.0,Lunacek,2,42
Matching-Fixed-Filter,8,11.582023046170768,0.6028532754788896,1.0,0.25,1.0,Lunacek,2,42
Matching-Fixed-Filter,9,11.582023046170768,0.6028532754788896,1.0,0.25,1.0,Lunacek,2,42
Matching-Fixed-Filter,10,11.582023046170768,0.6028532754788896,1.0,0.25,1.0,Lunacek,2,42
Matching-Fixed-Filter,11,11.582023046170768,0.6028532754788896,1.0,0.25,1.0,Lunacek,2,42
Matching-Fixed-Filter,12,11.582023046170768,0.6028532754788896,1.0,0.25,1.0,Lunacek,2,42
Matching-Fixed-Filter,13,11.582023046170768,0.6028532754788896,1.0,0.25,1.0,Lunacek,2,42
Matching-Fixed-Filter,14,11.582023046170768,0.6028532754788896,1.0,0.25,1.0,Lunacek,2,42
Matching-Fixed-Filter,15,11.582023046170768,0.6028532754788896,1.0,0.25,1.0,Lunacek,2,42
Matching-Fixed-Filter,16,11.582023046170768,0.6028532754788896,1.0,0.25,1.0,Lunacek,2,42
Matching-Fixed-Filter,17,11.582023046170768,0.6028532754788896,1.0,0.25,1.0,Lunacek,2,42
Matching-Fixed-Filter,18,11.582023046170768,0.6028532754788896,1.0,0.25,1.0,Lunacek,2,42
Matching-Fixed-Filter,19,11.582023046170768,0.6028532754788896,1.0,0.25,1.0,Lunacek,2,42
Matching-Fixed-Filter,20,10.604291198890472,0.5519615750977693,1.0,0.25,1.0,Lunacek,2,42
Matching-Adaptive-Filter,0,19.212009816103823,1.0,0.0,1.0,0.0,Lunacek,2,42
Matching-Adaptive-Filter,1,10.941025045040885,0.5694888327544959,1.0,0.93,0.099999999999975,Lunacek,2,42
Matching-Adaptive-Filter,2,5.459668679222705,0.2841799859297553,1.0,0.95,0.079999999999984,Lunacek,2,42
Matching-Adaptive-Filter,3,5.459668679222705,0.2841799859297553,1.0,0.94,0.08650793650792374,Lunacek,2,42
Matching-Adaptive-Filter,4,5.459668679222705,0.2841799859297553,1.0,0.95,0.07316849816848878,Lunacek,2,42
Matching-Adaptive-Filter,5,5.459668679222705,0.2841799859297553,1.0,0.92,0.11695526695525593,Lunacek,2,42
Matching-Adaptive-Filter,6,5.459668679222705,0.2841799859297553,1.0,0.94,0.08967171717170923,Lunacek,2,42
Matching-Adaptive-Filter,7,5.459668679222705,0.2841799859297553,1.0,0.9,0.13833916083915074,Lunacek,2,42
Matching-Adaptive-Filter,8,5.459668679222705,0.2841799859297553,1.0,0.91,0.12564261718672626,Lunacek,2,42
Matching-Adaptive-Filter,9,5.459668679222705,0.2841799859297553,1.0,0.89,0.15950345950344974,Lunacek,2,42
Matching-Adaptive-Filter,10,3.4764532181013497,0.1809520842107487,1.0,0.85,0.20652111046846733,Lunacek,2,42
Matching-Adaptive-Filter,11,3.4764532181013497,0.1809520842107487,1.0,0.82,0.24898319327729784,Lunacek,2,42
Matching-Adaptive-Filter,12,3.4764532181013497,0.1809520842107487,1.0,0.82,0.25258525379847657,Lunacek,2,42
Matching-Adaptive-Filter,13,3.4764532181013497,0.1809520842107487,1.0,0.83,0.23449432404539655,Lunacek,2,42
Matching-Adaptive-Filter,14,3.4764532181013497,0.1809520842107487,1.0,0.8,0.2721309881694738,Lunacek,2,42
Matching-Adaptive-Filter,15,3.4764532181013497,0.1809520842107487,1.0,0.79,0.2862155388471056,Lunacek,2,42
Matching-Adaptive-Filter,16,3.4764532181013497,0.1809520842107487,1.0,0.8,0.27461756664387116,Lunacek,2,42
Matching-Adaptive-Filter,17,3.4764532181013497,0.1809520842107487,1.0,0.82,0.25199161087358857,Lunacek,2,42
Matching-Adaptive-Filter,18,3.4764532181013497,0.1809520842107487,1.0,0.84,0.22234090386263455,Lunacek,2,42
Matching-Adaptive-Filter,19,3.4764532181013497,0.1809520842107487,1.0,0.83,0.22947840203274147,Lunacek,2,42
Matching-Adaptive-Filter,20,3.4764532181013497,0.1809520842107487,1.0,0.81,0.2645846067350847,Lunacek,2,42
Random-Adaptive-Filter,0,19.212009816103823,1.0,0.0,1.0,0.0,Lunacek,2,42
Random-Adaptive-Filter,1,10.941025045040885,0.5694888327544959,1.0,0.91,0.13142857142854328,Lunacek,2,42
Random-Adaptive-Filter,2,10.941025045040885,0.5694888327544959,1.0,0.92,0.11896103896101942,Lunacek,2,42
Random-Adaptive-Filter,3,10.941025045040885,0.5694888327544959,1.0,0.88,0.17063492063490085,Lunacek,2,42
Random-Adaptive-Filter,4,10.941025045040885,0.5694888327544959,1.0,0.89,0.15489926739925175,Lunacek,2,42
Random-Adaptive-Filter,5,10.941025045040885,0.5694888327544959,1.0,0.9,0.1348897134611297,Lunacek,2,42
Random-Adaptive-Filter,6,10.941025045040885,0.5694888327544959,1.0,0.93,0.10595959595958693,Lunacek,2,42
Random-Adaptive-Filter,7,8.153549544012806,0.4243985726666851,1.0,0.9,0.13746503496502488,Lunacek,2,42
Random-Adaptive-Filter,8,8.153549544012806,0.4243985726666851,1.0,0.93,0.10472174883938858,Lunacek,2,42
Random-Adaptive-Filter,9,6.756659947720572,0.35168938660738286,1.0,0.92,0.10686474019806669,Lunacek,2,42
Random-Adaptive-Filter,10,6.756659947720572,0.35168938660738286,1.0,0.96,0.06075043377674562,Lunacek,2,42
Random-Adaptive-Filter,11,3.699403661947584,0.19255682759680265,0.0,1.0,0.04180672268907293,Lunacek,2,42
Random-Adaptive-Filter,12,3.699403661947584,0.19255682759680265,0.0,1.0,0.026666666666664892,Lunacek,2,42
Random-Adaptive-Filter,13,3.699403661947584,0.19255682759680265,0.0,1.0,0.02499999999999844,Lunacek,2,42
Random-Adaptive-Filter,14,3.699403661947584,0.19255682759680265,0.0,1.0,0.0235294117647045,Lunacek,2,42
Random-Adaptive-Filter,15,3.699403661947584,0.19255682759680265,0.0,1.0,0.033249791144526294,Lunacek,2,42
Random-Adaptive-Filter,16,3.699403661947584,0.19255682759680265,0.0,1.0,0.03264354066985488,Lunacek,2,42
Random-Adaptive-Filter,17,3.658111992103536,0.19040756418088264,0.0,1.0,0.04368439014401551,Lunacek,2,42
Random-Adaptive-Filter,18,3.658111992103536,0.19040756418088264,0.0,1.0,0.019047619047618144,Lunacek,2,42
Random-Adaptive-Filter,19,3.658111992103536,0.19040756418088264,0.0,1.0,0.024004799548276765,Lunacek,2,42
Random-Adaptive-Filter,20,2.926420904750367,0.1523224760325384,0.0,1.0,0.01739130434782533,Lunacek,2,42
Wrong-Adaptive-Filter,0,19.212009816103823,1.0,0.0,1.0,0.0,Lunacek,2,42
Wrong-Adaptive-Filter,1,10.941025045040885,0.5694888327544959,1.0,0.91,0.12571428571425813,Lunacek,2,42
Wrong-Adaptive-Filter,2,5.459668679222705,0.2841799859297553,1.0,0.87,0.17956709956707453,Lunacek,2,42
Wrong-Adaptive-Filter,3,5.459668679222705,0.2841799859297553,1.0,0.87,0.1746031746031545,Lunacek,2,42
Wrong-Adaptive-Filter,4,5.459668679222705,0.2841799859297553,1.0,0.88,0.16611721611719957,Lunacek,2,42
Wrong-Adaptive-Filter,5,5.459668679222705,0.2841799859297553,1.0,0.93,0.09852607709749595,Lunacek,2,42
Wrong-Adaptive-Filter,6,5.459668679222705,0.2841799859297553,1.0,0.94,0.08967171717170921,Lunacek,2,42
Wrong-Adaptive-Filter,7,5.459668679222705,0.2841799859297553,1.0,0.89,0.1475174825174718,Lunacek,2,42
Wrong-Adaptive-Filter,8,5.459668679222705,0.2841799859297553,1.0,0.9,0.1394933497874581,Lunacek,2,42
Wrong-Adaptive-Filter,9,5.459668679222705,0.2841799859297553,1.0,0.93,0.09818206484872516,Lunacek,2,42
Wrong-Adaptive-Filter,10,3.4764532181013497,0.1809520842107487,1.0,0.93,0.10106998264892395,Lunacek,2,42
Wrong-Adaptive-Filter,11,3.4764532181013497,0.1809520842107487,0.0,1.0,0.038277310924367224,Lunacek,2,42
Wrong-Adaptive-Filter,12,3.4764532181013497,0.1809520842107487,1.0,0.95,0.0697882713691499,Lunacek,2,42
Wrong-Adaptive-Filter,13,3.4764532181013497,0.1809520842107487,1.0,0.93,0.09362745098038751,Lunacek,2,42
Wrong-Adaptive-Filter,14,3.4764532181013497,0.1809520842107487,1.0,0.9,0.1384324022397723,Lunacek,2,42
Wrong-Adaptive-Filter,15,3.4764532181013497,0.1809520842107487,1.0,0.94,0.09223057644109858,Lunacek,2,42
Wrong-Adaptive-Filter,16,3.4764532181013497,0.1809520842107487,1.0,0.9,0.1353058783321884,Lunacek,2,42
Wrong-Adaptive-Filter,17,3.4764532181013497,0.1809520842107487,1.0,0.93,0.10043881584253841,Lunacek,2,42
Wrong-Adaptive-Filter,18,3.4764532181013497,0.1809520842107487,1.0,0.9,0.13537752002425396,Lunacek,2,42
Wrong-Adaptive-Filter,19,3.4764532181013497,0.1809520842107487,1.0,0.94,0.08588368153585217,Lunacek,2,42
Wrong-Adaptive-Filter,20,3.4764532181013497,0.1809520842107487,1.0,0.95,0.06691911679906402,Lunacek,2,42
Oracle-Fixed-Filter,0,19.212009816103823,1.0,0.0,1.0,0.0,Lunacek,2,42
Oracle-Fixed-Filter,1,10.941025045040885,0.5694888327544959,0.0,1.0,1.0,Lunacek,2,42
Oracle-Fixed-Filter,2,5.459668679222705,0.2841799859297553,0.0,1.0,1.0,Lunacek,2,42
Oracle-Fixed-Filter,3,5.459668679222705,0.2841799859297553,0.0,1.0,1.0,Lunacek,2,42
Oracle-Fixed-Filter,4,5.459668679222705,0.2841799859297553,1.0,0.25,1.0,Lunacek,2,42
Oracle-Fixed-Filter,5,5.459668679222705,0.2841799859297553,1.0,0.25,1.0,Lunacek,2,42
Oracle-Fixed-Filter,6,5.459668679222705,0.2841799859297553,1.0,0.25,1.0,Lunacek,2,42
Oracle-Fixed-Filter,7,5.459668679222705,0.2841799859297553,1.0,0.25,1.0,Lunacek,2,42
Oracle-Fixed-Filter,8,5.459668679222705,0.2841799859297553,1.0,0.25,1.0,Lunacek,2,42
Oracle-Fixed-Filter,9,5.459668679222705,0.2841799859297553,1.0,0.25,1.0,Lunacek,2,42
Oracle-Fixed-Filter,10,5.459668679222705,0.2841799859297553,1.0,0.25,1.0,Lunacek,2,42
Oracle-Fixed-Filter,11,5.459668679222705,0.2841799859297553,0.0,1.0,1.0,Lunacek,2,42
Oracle-Fixed-Filter,12,5.459668679222705,0.2841799859297553,1.0,0.25,1.0,Lunacek,2,42
Oracle-Fixed-Filter,13,5.459668679222705,0.2841799859297553,1.0,0.25,1.0,Lunacek,2,42
Oracle-Fixed-Filter,14,5.459668679222705,0.2841799859297553,0.0,1.0,1.0,Lunacek,2,42
Oracle-Fixed-Filter,15,5.459668679222705,0.2841799859297553,1.0,0.25,1.0,Lunacek,2,42
Oracle-Fixed-Filter,16,5.459668679222705,0.2841799859297553,0.0,1.0,1.0,Lunacek,2,42
Oracle-Fixed-Filter,17,4.1331684279357495,0.2151346198288562,1.0,0.25,1.0,Lunacek,2,42
Oracle-Fixed-Filter,18,4.1331684279357495,0.2151346198288562,1.0,0.25,1.0,Lunacek,2,42
Oracle-Fixed-Filter,19,3.433593094099057,0.17872118154035935,1.0,0.25,1.0,Lunacek,2,42
Oracle-Fixed-Filter,20,3.433593094099057,0.17872118154035935,1.0,0.25,1.0,Lunacek,2,42
Matching-Soft-Rerank,0,19.212009816103823,1.0,0.0,1.0,,Lunacek,2,42
Matching-Soft-Rerank,1,19.212009816103823,1.0,0.0,1.0,,Lunacek,2,42
Matching-Soft-Rerank,2,11.369835837421524,0.591808766821009,0.0,1.0,,Lunacek,2,42
Matching-Soft-Rerank,3,5.138385409856925,0.26745694276867615,0.0,1.0,,Lunacek,2,42
Matching-Soft-Rerank,4,3.8801015572832047,0.2019622930876727,0.0,1.0,,Lunacek,2,42
Matching-Soft-Rerank,5,2.582239096174573,0.13440754615949121,0.0,1.0,,Lunacek,2,42
Matching-Soft-Rerank,6,2.582239096174573,0.13440754615949121,0.0,1.0,,Lunacek,2,42
Matching-Soft-Rerank,7,2.582239096174573,0.13440754615949121,0.0,1.0,,Lunacek,2,42
Matching-Soft-Rerank,8,2.582239096174573,0.13440754615949121,0.0,1.0,,Lunacek,2,42
Matching-Soft-Rerank,9,2.582239096174573,0.13440754615949121,0.0,1.0,,Lunacek,2,42
Matching-Soft-Rerank,10,2.582239096174573,0.13440754615949121,0.0,1.0,,Lunacek,2,42
Matching-Soft-Rerank,11,2.582239096174573,0.13440754615949121,0.0,1.0,,Lunacek,2,42
Matching-Soft-Rerank,12,2.582239096174573,0.13440754615949121,0.0,1.0,,Lunacek,2,42
Matching-Soft-Rerank,13,2.582239096174573,0.13440754615949121,0.0,1.0,,Lunacek,2,42
Matching-Soft-Rerank,14,2.582239096174573,0.13440754615949121,0.0,1.0,,Lunacek,2,42
Matching-Soft-Rerank,15,2.582239096174573,0.13440754615949121,0.0,1.0,,Lunacek,2,42
Matching-Soft-Rerank,16,2.582239096174573,0.13440754615949121,0.0,1.0,,Lunacek,2,42
Matching-Soft-Rerank,17,2.582239096174573,0.13440754615949121,0.0,1.0,,Lunacek,2,42
Matching-Soft-Rerank,18,2.582239096174573,0.13440754615949121,0.0,1.0,,Lunacek,2,42
Matching-Soft-Rerank,19,2.582239096174573,0.13440754615949121,0.0,1.0,,Lunacek,2,42
Matching-Soft-Rerank,20,2.582239096174573,0.13440754615949121,0.0,1.0,,Lunacek,2,42
Target-Only,0,4.869941703257785,1.0,0.0,1.0,0.0,Lunacek,2,101
Target-Only,1,4.869941703257785,1.0,0.0,1.0,0.0,Lunacek,2,101
Target-Only,2,4.869941703257785,1.0,0.0,1.0,0.0,Lunacek,2,101
Target-Only,3,4.869941703257785,1.0,0.0,1.0,0.0,Lunacek,2,101
Target-Only,4,4.869941703257785,1.0,0.0,1.0,0.0,Lunacek,2,101
Target-Only,5,4.869941703257785,1.0,0.0,1.0,0.0,Lunacek,2,101
Target-Only,6,4.869941703257785,1.0,0.0,1.0,0.0,Lunacek,2,101
Target-Only,7,4.869941703257785,1.0,0.0,1.0,0.0,Lunacek,2,101
Target-Only,8,4.869941703257785,1.0,0.0,1.0,0.0,Lunacek,2,101
Target-Only,9,4.869941703257785,1.0,0.0,1.0,0.0,Lunacek,2,101
Target-Only,10,4.869941703257785,1.0,0.0,1.0,0.0,Lunacek,2,101
Target-Only,11,4.869941703257785,1.0,0.0,1.0,0.0,Lunacek,2,101
Target-Only,12,4.669550344913487,0.9588513845637526,0.0,1.0,0.0,Lunacek,2,101
Target-Only,13,4.669550344913487,0.9588513845637526,0.0,1.0,0.0,Lunacek,2,101
Target-Only,14,4.669550344913487,0.9588513845637526,0.0,1.0,0.0,Lunacek,2,101
Target-Only,15,4.669550344913487,0.9588513845637526,0.0,1.0,0.0,Lunacek,2,101
Target-Only,16,4.669550344913487,0.9588513845637526,0.0,1.0,0.0,Lunacek,2,101
Target-Only,17,4.669550344913487,0.9588513845637526,0.0,1.0,0.0,Lunacek,2,101
Target-Only,18,4.669550344913487,0.9588513845637526,0.0,1.0,0.0,Lunacek,2,101
Target-Only,19,2.9622211156001614,0.6082662372772473,0.0,1.0,0.0,Lunacek,2,101
Target-Only,20,2.9622211156001614,0.6082662372772473,0.0,1.0,0.0,Lunacek,2,101
Matching-Fixed-Filter,0,4.869941703257785,1.0,0.0,1.0,0.0,Lunacek,2,101
Matching-Fixed-Filter,1,4.869941703257785,1.0,1.0,0.25,1.0,Lunacek,2,101
Matching-Fixed-Filter,2,4.869941703257785,1.0,1.0,0.25,1.0,Lunacek,2,101
Matching-Fixed-Filter,3,4.869941703257785,1.0,1.0,0.25,1.0,Lunacek,2,101
Matching-Fixed-Filter,4,4.869941703257785,1.0,1.0,0.25,1.0,Lunacek,2,101
Matching-Fixed-Filter,5,4.869941703257785,1.0,1.0,0.25,1.0,Lunacek,2,101
Matching-Fixed-Filter,6,4.869941703257785,1.0,1.0,0.25,1.0,Lunacek,2,101
Matching-Fixed-Filter,7,4.869941703257785,1.0,1.0,0.25,1.0,Lunacek,2,101
Matching-Fixed-Filter,8,4.869941703257785,1.0,1.0,0.25,1.0,Lunacek,2,101
Matching-Fixed-Filter,9,4.869941703257785,1.0,1.0,0.25,1.0,Lunacek,2,101
Matching-Fixed-Filter,10,4.869941703257785,1.0,1.0,0.25,1.0,Lunacek,2,101
Matching-Fixed-Filter,11,4.869941703257785,1.0,1.0,0.25,1.0,Lunacek,2,101
Matching-Fixed-Filter,12,4.869941703257785,1.0,1.0,0.25,1.0,Lunacek,2,101
Matching-Fixed-Filter,13,4.869941703257785,1.0,1.0,0.25,1.0,Lunacek,2,101
Matching-Fixed-Filter,14,4.869941703257785,1.0,1.0,0.25,1.0,Lunacek,2,101
Matching-Fixed-Filter,15,4.869941703257785,1.0,1.0,0.25,1.0,Lunacek,2,101
Matching-Fixed-Filter,16,4.869941703257785,1.0,1.0,0.25,1.0,Lunacek,2,101
Matching-Fixed-Filter,17,4.869941703257785,1.0,1.0,0.25,1.0,Lunacek,2,101
Matching-Fixed-Filter,18,4.869941703257785,1.0,1.0,0.25,1.0,Lunacek,2,101
Matching-Fixed-Filter,19,4.869941703257785,1.0,1.0,0.25,1.0,Lunacek,2,101
Matching-Fixed-Filter,20,3.5446459764909597,0.727862096197115,1.0,0.25,1.0,Lunacek,2,101
Matching-Adaptive-Filter,0,4.869941703257785,1.0,0.0,1.0,0.0,Lunacek,2,101
Matching-Adaptive-Filter,1,4.869941703257785,1.0,1.0,0.91,0.12928571428568636,Lunacek,2,101
Matching-Adaptive-Filter,2,4.869941703257785,1.0,1.0,0.94,0.09325757575755854,Lunacek,2,101
Matching-Adaptive-Filter,3,4.869941703257785,1.0,1.0,0.91,0.12222222222220648,Lunacek,2,101
Matching-Adaptive-Filter,4,4.869941703257785,1.0,1.0,0.94,0.08518772893771862,Lunacek,2,101
Matching-Adaptive-Filter,5,4.869941703257785,1.0,1.0,0.93,0.10466914038341593,Lunacek,2,101
Matching-Adaptive-Filter,6,4.869941703257785,1.0,1.0,0.96,0.05717171717171139,Lunacek,2,101
Matching-Adaptive-Filter,7,4.869941703257785,1.0,1.0,0.96,0.06447552447551895,Lunacek,2,101
Matching-Adaptive-Filter,8,4.869941703257785,1.0,0.0,1.0,0.03636363636363306,Lunacek,2,101
Matching-Adaptive-Filter,9,4.869941703257785,1.0,0.0,1.0,0.04249084249083921,Lunacek,2,101
Matching-Adaptive-Filter,10,4.869941703257785,1.0,0.0,1.0,0.0307692307692284,Lunacek,2,101
Matching-Adaptive-Filter,11,4.869941703257785,1.0,0.0,1.0,0.028571428571426534,Lunacek,2,101
Matching-Adaptive-Filter,12,4.869941703257785,1.0,0.0,1.0,0.026666666666664892,Lunacek,2,101
Matching-Adaptive-Filter,13,4.869941703257785,1.0,0.0,1.0,0.02499999999999844,Lunacek,2,101
Matching-Adaptive-Filter,14,4.22292845591242,0.8671414799662713,0.0,1.0,0.030966482702919282,Lunacek,2,101
Matching-Adaptive-Filter,15,4.22292845591242,0.8671414799662713,0.0,1.0,0.02222222222222099,Lunacek,2,101
Matching-Adaptive-Filter,16,3.523692297145434,0.7235594411301131,0.0,1.0,0.021052631578946265,Lunacek,2,101
Matching-Adaptive-Filter,17,3.523692297145434,0.7235594411301131,0.0,1.0,0.019999999999999005,Lunacek,2,101
Matching-Adaptive-Filter,18,3.523692297145434,0.7235594411301131,0.0,1.0,0.019047619047618144,Lunacek,2,101
Matching-Adaptive-Filter,19,3.523692297145434,0.7235594411301131,0.0,1.0,0.01818181818181736,Lunacek,2,101
Matching-Adaptive-Filter,20,3.523692297145434,0.7235594411301131,0.0,1.0,0.0312573033336261,Lunacek,2,101
Random-Adaptive-Filter,0,4.869941703257785,1.0,0.0,1.0,0.0,Lunacek,2,101
Random-Adaptive-Filter,1,4.869941703257785,1.0,1.0,0.91,0.12928571428568636,Lunacek,2,101
Random-Adaptive-Filter,2,4.869941703257785,1.0,1.0,0.93,0.09461038961037228,Lunacek,2,101
Random-Adaptive-Filter,3,4.869941703257785,1.0,1.0,0.94,0.08650793650792374,Lunacek,2,101
Random-Adaptive-Filter,4,4.869941703257785,1.0,1.0,0.94,0.08278388278387265,Lunacek,2,101
Random-Adaptive-Filter,5,4.869941703257785,1.0,1.0,0.94,0.08506493506492631,Lunacek,2,101
Random-Adaptive-Filter,6,4.869941703257785,1.0,0.0,1.0,0.04444444444443951,Lunacek,2,101
Random-Adaptive-Filter,7,4.869941703257785,1.0,1.0,0.95,0.06775349650349077,Lunacek,2,101
Random-Adaptive-Filter,8,4.869941703257785,1.0,0.0,1.0,0.044329322638142404,Lunacek,2,101
Random-Adaptive-Filter,9,4.869941703257785,1.0,0.0,1.0,0.03333333333333056,Lunacek,2,101
Random-Adaptive-Filter,10,4.869941703257785,1.0,0.0,1.0,0.0307692307692284,Lunacek,2,101
Random-Adaptive-Filter,11,4.869941703257785,1.0,0.0,1.0,0.028571428571426534,Lunacek,2,101
Random-Adaptive-Filter,12,4.869941703257785,1.0,0.0,1.0,0.026666666666664892,Lunacek,2,101
Random-Adaptive-Filter,13,4.869941703257785,1.0,0.0,1.0,0.02499999999999844,Lunacek,2,101
Random-Adaptive-Filter,14,4.869941703257785,1.0,0.0,1.0,0.0235294117647045,Lunacek,2,101
Random-Adaptive-Filter,15,4.869941703257785,1.0,0.0,1.0,0.036257309941518656,Lunacek,2,101
Random-Adaptive-Filter,16,4.869941703257785,1.0,1.0,0.95,0.07127990430621697,Lunacek,2,101
Random-Adaptive-Filter,17,4.869941703257785,1.0,1.0,0.92,0.11802992039016408,Lunacek,2,101
Random-Adaptive-Filter,18,3.932837245310643,0.807573783209713,0.0,1.0,0.04265258694606343,Lunacek,2,101
Random-Adaptive-Filter,19,3.932837245310643,0.807573783209713,1.0,0.94,0.08619424054206337,Lunacek,2,101
Random-Adaptive-Filter,20,3.932837245310643,0.807573783209713,1.0,0.95,0.07272013879937592,Lunacek,2,101
Wrong-Adaptive-Filter,0,4.869941703257785,1.0,0.0,1.0,0.0,Lunacek,2,101
Wrong-Adaptive-Filter,1,4.869941703257785,1.0,1.0,0.93,0.099999999999975,Lunacek,2,101
Wrong-Adaptive-Filter,2,4.869941703257785,1.0,1.0,0.95,0.079999999999984,Lunacek,2,101
Wrong-Adaptive-Filter,3,4.869941703257785,1.0,1.0,0.96,0.06666666666665555,Lunacek,2,101
Wrong-Adaptive-Filter,4,4.869941703257785,1.0,1.0,0.96,0.05714285714284898,Lunacek,2,101
Wrong-Adaptive-Filter,5,4.869941703257785,1.0,0.0,1.0,0.04999999999999375,Lunacek,2,101
Wrong-Adaptive-Filter,6,4.869941703257785,1.0,0.0,1.0,0.04444444444443951,Lunacek,2,101
Wrong-Adaptive-Filter,7,4.869941703257785,1.0,0.0,1.0,0.039999999999996004,Lunacek,2,101
Wrong-Adaptive-Filter,8,4.869941703257785,1.0,0.0,1.0,0.03636363636363306,Lunacek,2,101
Wrong-Adaptive-Filter,9,4.869941703257785,1.0,0.0,1.0,0.03333333333333056,Lunacek,2,101
Wrong-Adaptive-Filter,10,4.869941703257785,1.0,0.0,1.0,0.0307692307692284,Lunacek,2,101
Wrong-Adaptive-Filter,11,4.869941703257785,1.0,0.0,1.0,0.028571428571426534,Lunacek,2,101
Wrong-Adaptive-Filter,12,4.869941703257785,1.0,0.0,1.0,0.026666666666664892,Lunacek,2,101
Wrong-Adaptive-Filter,13,4.869941703257785,1.0,0.0,1.0,0.02499999999999844,Lunacek,2,101
Wrong-Adaptive-Filter,14,4.22292845591242,0.8671414799662713,0.0,1.0,0.0235294117647045,Lunacek,2,101
Wrong-Adaptive-Filter,15,4.22292845591242,0.8671414799662713,0.0,1.0,0.02222222222222099,Lunacek,2,101
Wrong-Adaptive-Filter,16,3.523692297145434,0.7235594411301131,0.0,1.0,0.021052631578946265,Lunacek,2,101
Wrong-Adaptive-Filter,17,3.523692297145434,0.7235594411301131,0.0,1.0,0.04251164984084051,Lunacek,2,101
Wrong-Adaptive-Filter,18,3.523692297145434,0.7235594411301131,0.0,1.0,0.029825689608297002,Lunacek,2,101
Wrong-Adaptive-Filter,19,3.523692297145434,0.7235594411301131,1.0,0.95,0.07571287408243645,Lunacek,2,101
Wrong-Adaptive-Filter,20,3.523692297145434,0.7235594411301131,1.0,0.93,0.10585142878221142,Lunacek,2,101
Oracle-Fixed-Filter,0,4.869941703257785,1.0,0.0,1.0,0.0,Lunacek,2,101
Oracle-Fixed-Filter,1,4.869941703257785,1.0,0.0,1.0,0.0,Lunacek,2,101
Oracle-Fixed-Filter,2,4.869941703257785,1.0,0.0,1.0,0.0,Lunacek,2,101
Oracle-Fixed-Filter,3,4.869941703257785,1.0,0.0,1.0,0.0,Lunacek,2,101
Oracle-Fixed-Filter,4,4.869941703257785,1.0,0.0,1.0,0.0,Lunacek,2,101
Oracle-Fixed-Filter,5,4.869941703257785,1.0,0.0,1.0,0.0,Lunacek,2,101
Oracle-Fixed-Filter,6,4.869941703257785,1.0,0.0,1.0,0.0,Lunacek,2,101
Oracle-Fixed-Filter,7,4.869941703257785,1.0,0.0,1.0,0.0,Lunacek,2,101
Oracle-Fixed-Filter,8,4.869941703257785,1.0,0.0,1.0,0.0,Lunacek,2,101
Oracle-Fixed-Filter,9,4.869941703257785,1.0,0.0,1.0,0.0,Lunacek,2,101
Oracle-Fixed-Filter,10,4.869941703257785,1.0,0.0,1.0,0.0,Lunacek,2,101
Oracle-Fixed-Filter,11,4.869941703257785,1.0,0.0,1.0,0.0,Lunacek,2,101
Oracle-Fixed-Filter,12,4.669550344913487,0.9588513845637526,0.0,1.0,0.0,Lunacek,2,101
Oracle-Fixed-Filter,13,4.669550344913487,0.9588513845637526,0.0,1.0,0.0,Lunacek,2,101
Oracle-Fixed-Filter,14,4.669550344913487,0.9588513845637526,0.0,1.0,0.0,Lunacek,2,101
Oracle-Fixed-Filter,15,4.669550344913487,0.9588513845637526,0.0,1.0,0.0,Lunacek,2,101
Oracle-Fixed-Filter,16,4.669550344913487,0.9588513845637526,0.0,1.0,0.0,Lunacek,2,101
Oracle-Fixed-Filter,17,4.669550344913487,0.9588513845637526,0.0,1.0,0.0,Lunacek,2,101
Oracle-Fixed-Filter,18,4.669550344913487,0.9588513845637526,0.0,1.0,0.0,Lunacek,2,101
Oracle-Fixed-Filter,19,2.9622211156001614,0.6082662372772473,0.0,1.0,0.0,Lunacek,2,101
Oracle-Fixed-Filter,20,2.9622211156001614,0.6082662372772473,0.0,1.0,0.0,Lunacek,2,101
Matching-Soft-Rerank,0,4.869941703257785,1.0,0.0,1.0,,Lunacek,2,101
Matching-Soft-Rerank,1,4.869941703257785,1.0,0.0,1.0,,Lunacek,2,101
Matching-Soft-Rerank,2,4.869941703257785,1.0,0.0,1.0,,Lunacek,2,101
Matching-Soft-Rerank,3,4.869941703257785,1.0,0.0,1.0,,Lunacek,2,101
Matching-Soft-Rerank,4,4.869941703257785,1.0,0.0,1.0,,Lunacek,2,101
Matching-Soft-Rerank,5,4.869941703257785,1.0,0.0,1.0,,Lunacek,2,101
Matching-Soft-Rerank,6,4.869941703257785,1.0,0.0,1.0,,Lunacek,2,101
Matching-Soft-Rerank,7,4.869941703257785,1.0,0.0,1.0,,Lunacek,2,101
Matching-Soft-Rerank,8,4.451801744754016,0.9141386110999952,0.0,1.0,,Lunacek,2,101
Matching-Soft-Rerank,9,4.451801744754016,0.9141386110999952,0.0,1.0,,Lunacek,2,101
Matching-Soft-Rerank,10,4.451801744754016,0.9141386110999952,0.0,1.0,,Lunacek,2,101
Matching-Soft-Rerank,11,4.451801744754016,0.9141386110999952,0.0,1.0,,Lunacek,2,101
Matching-Soft-Rerank,12,4.451801744754016,0.9141386110999952,0.0,1.0,,Lunacek,2,101
Matching-Soft-Rerank,13,4.451801744754016,0.9141386110999952,0.0,1.0,,Lunacek,2,101
Matching-Soft-Rerank,14,4.451801744754016,0.9141386110999952,0.0,1.0,,Lunacek,2,101
Matching-Soft-Rerank,15,4.451801744754016,0.9141386110999952,0.0,1.0,,Lunacek,2,101
Matching-Soft-Rerank,16,4.451801744754016,0.9141386110999952,0.0,1.0,,Lunacek,2,101
Matching-Soft-Rerank,17,4.451801744754016,0.9141386110999952,0.0,1.0,,Lunacek,2,101
Matching-Soft-Rerank,18,4.451801744754016,0.9141386110999952,0.0,1.0,,Lunacek,2,101
Matching-Soft-Rerank,19,3.3575514140734803,0.6894438616847138,0.0,1.0,,Lunacek,2,101
Matching-Soft-Rerank,20,2.158896792798472,0.44331060294916086,0.0,1.0,,Lunacek,2,101
Target-Only,0,10.533262831239806,1.0,0.0,1.0,0.0,Lunacek,2,2026
Target-Only,1,10.533262831239806,1.0,0.0,1.0,0.0,Lunacek,2,2026
Target-Only,2,10.533262831239806,1.0,0.0,1.0,0.0,Lunacek,2,2026
Target-Only,3,10.533262831239806,1.0,0.0,1.0,0.0,Lunacek,2,2026
Target-Only,4,10.533262831239806,1.0,0.0,1.0,0.0,Lunacek,2,2026
Target-Only,5,8.342149399068745,0.7919815096920771,0.0,1.0,0.0,Lunacek,2,2026
Target-Only,6,8.342149399068745,0.7919815096920771,0.0,1.0,0.0,Lunacek,2,2026
Target-Only,7,7.587615637348456,0.7203480781705097,0.0,1.0,0.0,Lunacek,2,2026
Target-Only,8,7.587615637348456,0.7203480781705097,0.0,1.0,0.0,Lunacek,2,2026
Target-Only,9,7.587615637348456,0.7203480781705097,0.0,1.0,0.0,Lunacek,2,2026
Target-Only,10,7.587615637348456,0.7203480781705097,0.0,1.0,0.0,Lunacek,2,2026
Target-Only,11,7.320631870483009,0.695001348373393,0.0,1.0,0.0,Lunacek,2,2026
Target-Only,12,7.320631870483009,0.695001348373393,0.0,1.0,0.0,Lunacek,2,2026
Target-Only,13,7.320631870483009,0.695001348373393,0.0,1.0,0.0,Lunacek,2,2026
Target-Only,14,7.320631870483009,0.695001348373393,0.0,1.0,0.0,Lunacek,2,2026
Target-Only,15,7.320631870483009,0.695001348373393,0.0,1.0,0.0,Lunacek,2,2026
Target-Only,16,7.320631870483009,0.695001348373393,0.0,1.0,0.0,Lunacek,2,2026
Target-Only,17,7.320631870483009,0.695001348373393,0.0,1.0,0.0,Lunacek,2,2026
Target-Only,18,7.320631870483009,0.695001348373393,0.0,1.0,0.0,Lunacek,2,2026
Target-Only,19,7.320631870483009,0.695001348373393,0.0,1.0,0.0,Lunacek,2,2026
Target-Only,20,7.320631870483009,0.695001348373393,0.0,1.0,0.0,Lunacek,2,2026
Matching-Fixed-Filter,0,10.533262831239806,1.0,0.0,1.0,0.0,Lunacek,2,2026
Matching-Fixed-Filter,1,10.533262831239806,1.0,1.0,0.25,1.0,Lunacek,2,2026
Matching-Fixed-Filter,2,10.533262831239806,1.0,1.0,0.25,1.0,Lunacek,2,2026
Matching-Fixed-Filter,3,10.533262831239806,1.0,1.0,0.25,1.0,Lunacek,2,2026
Matching-Fixed-Filter,4,10.533262831239806,1.0,1.0,0.25,1.0,Lunacek,2,2026
Matching-Fixed-Filter,5,10.533262831239806,1.0,1.0,0.25,1.0,Lunacek,2,2026
Matching-Fixed-Filter,6,5.682212271771991,0.5394541428245337,1.0,0.25,1.0,Lunacek,2,2026
Matching-Fixed-Filter,7,5.682212271771991,0.5394541428245337,1.0,0.25,1.0,Lunacek,2,2026
Matching-Fixed-Filter,8,5.682212271771991,0.5394541428245337,1.0,0.25,1.0,Lunacek,2,2026
Matching-Fixed-Filter,9,5.682212271771991,0.5394541428245337,1.0,0.25,1.0,Lunacek,2,2026
Matching-Fixed-Filter,10,5.682212271771991,0.5394541428245337,1.0,0.25,1.0,Lunacek,2,2026
Matching-Fixed-Filter,11,5.682212271771991,0.5394541428245337,1.0,0.25,1.0,Lunacek,2,2026
Matching-Fixed-Filter,12,5.682212271771991,0.5394541428245337,1.0,0.25,1.0,Lunacek,2,2026
Matching-Fixed-Filter,13,5.682212271771991,0.5394541428245337,1.0,0.25,1.0,Lunacek,2,2026
Matching-Fixed-Filter,14,5.682212271771991,0.5394541428245337,1.0,0.25,1.0,Lunacek,2,2026
Matching-Fixed-Filter,15,5.682212271771991,0.5394541428245337,1.0,0.25,1.0,Lunacek,2,2026
Matching-Fixed-Filter,16,5.682212271771991,0.5394541428245337,1.0,0.25,1.0,Lunacek,2,2026
Matching-Fixed-Filter,17,5.682212271771991,0.5394541428245337,1.0,0.25,1.0,Lunacek,2,2026
Matching-Fixed-Filter,18,5.682212271771991,0.5394541428245337,1.0,0.25,1.0,Lunacek,2,2026
Matching-Fixed-Filter,19,5.682212271771991,0.5394541428245337,1.0,0.25,1.0,Lunacek,2,2026
Matching-Fixed-Filter,20,2.4951959287130734,0.23688727497739454,1.0,0.25,1.0,Lunacek,2,2026
Matching-Adaptive-Filter,0,10.533262831239806,1.0,0.0,1.0,0.0,Lunacek,2,2026
Matching-Adaptive-Filter,1,10.533262831239806,1.0,1.0,0.93,0.099999999999975,Lunacek,2,2026
Matching-Adaptive-Filter,2,10.533262831239806,1.0,1.0,0.95,0.079999999999984,Lunacek,2,2026
Matching-Adaptive-Filter,3,10.533262831239806,1.0,1.0,0.96,0.06666666666665555,Lunacek,2,2026
Matching-Adaptive-Filter,4,5.319697620302951,0.5050379645446292,1.0,0.96,0.05714285714284898,Lunacek,2,2026
Matching-Adaptive-Filter,5,4.486117925927041,0.4259001220991091,1.0,0.96,0.05566893424035615,Lunacek,2,2026
Matching-Adaptive-Filter,6,4.486117925927041,0.4259001220991091,1.0,0.94,0.08042929292928559,Lunacek,2,2026
Matching-Adaptive-Filter,7,2.18679061243379,0.20760809328218352,0.0,1.0,0.04852272727272275,Lunacek,2,2026
Matching-Adaptive-Filter,8,2.18679061243379,0.20760809328218352,0.0,1.0,0.04723817848817457,Lunacek,2,2026
Matching-Adaptive-Filter,9,0.5931510651888046,0.05631218689707644,1.0,0.95,0.07362637362636863,Lunacek,2,2026
Matching-Adaptive-Filter,10,0.5931510651888046,0.05631218689707644,1.0,0.93,0.10003614806245784,Lunacek,2,2026
Matching-Adaptive-Filter,11,0.5931510651888046,0.05631218689707644,1.0,0.88,0.17293506493505567,Lunacek,2,2026
Matching-Adaptive-Filter,12,0.5931510651888046,0.05631218689707644,1.0,0.92,0.10804770393005123,Lunacek,2,2026
Matching-Adaptive-Filter,13,0.5931510651888046,0.05631218689707644,1.0,0.88,0.16570269256026973,Lunacek,2,2026
Matching-Adaptive-Filter,14,0.5931510651888046,0.05631218689707644,1.0,0.86,0.19907068970872077,Lunacek,2,2026
Matching-Adaptive-Filter,15,0.5931510651888046,0.05631218689707644,1.0,0.84,0.21720969089389203,Lunacek,2,2026
Matching-Adaptive-Filter,16,0.5931510651888046,0.05631218689707644,1.0,0.84,0.218650034176341,Lunacek,2,2026
Matching-Adaptive-Filter,17,0.5931510651888046,0.05631218689707644,1.0,0.84,0.21830480078926418,Lunacek,2,2026
Matching-Adaptive-Filter,18,0.5931510651888046,0.05631218689707644,1.0,0.83,0.22856188698579133,Lunacek,2,2026
Matching-Adaptive-Filter,19,0.5931510651888046,0.05631218689707644,1.0,0.82,0.24376411631845527,Lunacek,2,2026
Matching-Adaptive-Filter,20,0.5931510651888046,0.05631218689707644,1.0,0.84,0.2239812072187809,Lunacek,2,2026
Random-Adaptive-Filter,0,10.533262831239806,1.0,0.0,1.0,0.0,Lunacek,2,2026
Random-Adaptive-Filter,1,10.533262831239806,1.0,1.0,0.84,0.21642857142853478,Lunacek,2,2026
Random-Adaptive-Filter,2,10.533262831239806,1.0,1.0,0.9,0.13844155844153716,Lunacek,2,2026
Random-Adaptive-Filter,3,10.533262831239806,1.0,1.0,0.91,0.1222222222222065,Lunacek,2,2026
Random-Adaptive-Filter,4,10.533262831239806,1.0,1.0,0.91,0.12124542124540816,Lunacek,2,2026
Random-Adaptive-Filter,5,10.533262831239806,1.0,1.0,0.91,0.12969490826632488,Lunacek,2,2026
Random-Adaptive-Filter,6,5.608356796919198,0.5324425001800769,1.0,0.9,0.14058080808079676,Lunacek,2,2026
Random-Adaptive-Filter,7,5.608356796919198,0.5324425001800769,1.0,0.87,0.18029720279719008,Lunacek,2,2026
Random-Adaptive-Filter,8,5.608356796919198,0.5324425001800769,1.0,0.92,0.11767693091221698,Lunacek,2,2026
Random-Adaptive-Filter,9,5.608356796919198,0.5324425001800769,1.0,0.96,0.06202686202685766,Lunacek,2,2026
Random-Adaptive-Filter,10,5.608356796919198,0.5324425001800769,0.0,1.0,0.03283689994216062,Lunacek,2,2026
Random-Adaptive-Filter,11,5.608356796919198,0.5324425001800769,1.0,0.93,0.1002773109243641,Lunacek,2,2026
Random-Adaptive-Filter,12,5.608356796919198,0.5324425001800769,1.0,0.95,0.06968482089805238,Lunacek,2,2026
Random-Adaptive-Filter,13,5.608356796919198,0.5324425001800769,1.0,0.95,0.07901538605872566,Lunacek,2,2026
Random-Adaptive-Filter,14,5.608356796919198,0.5324425001800769,1.0,0.91,0.131895016411769,Lunacek,2,2026
Random-Adaptive-Filter,15,5.608356796919198,0.5324425001800769,1.0,0.9,0.137844611528816,Lunacek,2,2026
Random-Adaptive-Filter,16,5.608356796919198,0.5324425001800769,1.0,0.92,0.11742276144907227,Lunacek,2,2026
Random-Adaptive-Filter,17,5.608356796919198,0.5324425001800769,1.0,0.92,0.10961969707310881,Lunacek,2,2026
Random-Adaptive-Filter,18,5.608356796919198,0.5324425001800769,1.0,0.9,0.14514980289436252,Lunacek,2,2026
Random-Adaptive-Filter,19,5.608356796919198,0.5324425001800769,1.0,0.94,0.08468026538678389,Lunacek,2,2026
Random-Adaptive-Filter,20,5.608356796919198,0.5324425001800769,1.0,0.92,0.10775324653849161,Lunacek,2,2026
Wrong-Adaptive-Filter,0,10.533262831239806,1.0,0.0,1.0,0.0,Lunacek,2,2026
Wrong-Adaptive-Filter,1,10.533262831239806,1.0,1.0,0.92,0.1149999999999735,Lunacek,2,2026
Wrong-Adaptive-Filter,2,10.533262831239806,1.0,1.0,0.95,0.079999999999984,Lunacek,2,2026
Wrong-Adaptive-Filter,3,10.533262831239806,1.0,1.0,0.95,0.07301587301586139,Lunacek,2,2026
Wrong-Adaptive-Filter,4,5.319697620302951,0.5050379645446292,1.0,0.96,0.05714285714284898,Lunacek,2,2026
Wrong-Adaptive-Filter,5,4.486117925927041,0.4259001220991091,1.0,0.93,0.10102040816325542,Lunacek,2,2026
Wrong-Adaptive-Filter,6,4.486117925927041,0.4259001220991091,1.0,0.87,0.1750505050504914,Lunacek,2,2026
Wrong-Adaptive-Filter,7,2.18679061243379,0.20760809328218352,1.0,0.9,0.146643356643346,Lunacek,2,2026
Wrong-Adaptive-Filter,8,2.18679061243379,0.20760809328218352,1.0,0.86,0.18735480206067223,Lunacek,2,2026
Wrong-Adaptive-Filter,9,0.5931510651888046,0.05631218689707644,1.0,0.85,0.20061050061048857,Lunacek,2,2026
Wrong-Adaptive-Filter,10,0.5931510651888046,0.05631218689707644,1.0,0.83,0.23546847888951838,Lunacek,2,2026
Wrong-Adaptive-Filter,11,0.5931510651888046,0.05631218689707644,1.0,0.76,0.3278174178762244,Lunacek,2,2026
Wrong-Adaptive-Filter,12,0.5931510651888046,0.05631218689707644,1.0,0.81,0.2596371275782912,Lunacek,2,2026
Wrong-Adaptive-Filter,13,0.5931510651888046,0.05631218689707644,1.0,0.76,0.32372642837037613,Lunacek,2,2026
Wrong-Adaptive-Filter,14,0.5931510651888046,0.05631218689707644,1.0,0.75,0.3375928591233327,Lunacek,2,2026
Wrong-Adaptive-Filter,15,0.5931510651888046,0.05631218689707644,1.0,0.74,0.3577276524644793,Lunacek,2,2026
Wrong-Adaptive-Filter,16,0.5931510651888046,0.05631218689707644,1.0,0.73,0.37165003417633485,Lunacek,2,2026
Wrong-Adaptive-Filter,17,0.5931510651888046,0.05631218689707644,1.0,0.73,0.369075768951531,Lunacek,2,2026
Wrong-Adaptive-Filter,18,0.5931510651888046,0.05631218689707644,1.0,0.73,0.3668701115711847,Lunacek,2,2026
Wrong-Adaptive-Filter,19,0.5931510651888046,0.05631218689707644,1.0,0.72,0.3814193958215559,Lunacek,2,2026
Wrong-Adaptive-Filter,20,0.5931510651888046,0.05631218689707644,1.0,0.74,0.3563869062357837,Lunacek,2,2026
Oracle-Fixed-Filter,0,10.533262831239806,1.0,0.0,1.0,0.0,Lunacek,2,2026
Oracle-Fixed-Filter,1,10.533262831239806,1.0,0.0,1.0,1.0,Lunacek,2,2026
Oracle-Fixed-Filter,2,10.533262831239806,1.0,1.0,0.25,1.0,Lunacek,2,2026
Oracle-Fixed-Filter,3,9.755094063784917,0.9261227238015007,0.0,1.0,1.0,Lunacek,2,2026
Oracle-Fixed-Filter,4,9.755094063784917,0.9261227238015007,0.0,1.0,1.0,Lunacek,2,2026
Oracle-Fixed-Filter,5,9.755094063784917,0.9261227238015007,0.0,1.0,1.0,Lunacek,2,2026
Oracle-Fixed-Filter,6,9.755094063784917,0.9261227238015007,0.0,1.0,1.0,Lunacek,2,2026
Oracle-Fixed-Filter,7,9.755094063784917,0.9261227238015007,0.0,1.0,1.0,Lunacek,2,2026
Oracle-Fixed-Filter,8,9.755094063784917,0.9261227238015007,0.0,1.0,1.0,Lunacek,2,2026
Oracle-Fixed-Filter,9,5.678867875082554,0.5391366346845566,0.0,1.0,1.0,Lunacek,2,2026
Oracle-Fixed-Filter,10,5.678867875082554,0.5391366346845566,0.0,1.0,1.0,Lunacek,2,2026
Oracle-Fixed-Filter,11,5.678867875082554,0.5391366346845566,0.0,1.0,1.0,Lunacek,2,2026
Oracle-Fixed-Filter,12,5.678867875082554,0.5391366346845566,0.0,1.0,1.0,Lunacek,2,2026
Oracle-Fixed-Filter,13,5.260705922477577,0.4994374494174063,0.0,1.0,1.0,Lunacek,2,2026
Oracle-Fixed-Filter,14,5.260705922477577,0.4994374494174063,0.0,1.0,1.0,Lunacek,2,2026
Oracle-Fixed-Filter,15,5.260705922477577,0.4994374494174063,0.0,1.0,1.0,Lunacek,2,2026
Oracle-Fixed-Filter,16,5.260705922477577,0.4994374494174063,0.0,1.0,1.0,Lunacek,2,2026
Oracle-Fixed-Filter,17,5.260705922477577,0.4994374494174063,0.0,1.0,1.0,Lunacek,2,2026
Oracle-Fixed-Filter,18,5.260705922477577,0.4994374494174063,0.0,1.0,1.0,Lunacek,2,2026
Oracle-Fixed-Filter,19,5.260705922477577,0.4994374494174063,0.0,1.0,1.0,Lunacek,2,2026
Oracle-Fixed-Filter,20,5.260705922477577,0.4994374494174063,0.0,1.0,1.0,Lunacek,2,2026
Matching-Soft-Rerank,0,10.533262831239806,1.0,0.0,1.0,,Lunacek,2,2026
Matching-Soft-Rerank,1,10.533262831239806,1.0,0.0,1.0,,Lunacek,2,2026
Matching-Soft-Rerank,2,10.533262831239806,1.0,0.0,1.0,,Lunacek,2,2026
Matching-Soft-Rerank,3,2.001985171952067,0.19006315555086417,0.0,1.0,,Lunacek,2,2026
Matching-Soft-Rerank,4,2.001985171952067,0.19006315555086417,0.0,1.0,,Lunacek,2,2026
Matching-Soft-Rerank,5,2.001985171952067,0.19006315555086417,0.0,1.0,,Lunacek,2,2026
Matching-Soft-Rerank,6,2.001985171952067,0.19006315555086417,0.0,1.0,,Lunacek,2,2026
Matching-Soft-Rerank,7,2.001985171952067,0.19006315555086417,0.0,1.0,,Lunacek,2,2026
Matching-Soft-Rerank,8,2.001985171952067,0.19006315555086417,0.0,1.0,,Lunacek,2,2026
Matching-Soft-Rerank,9,2.001985171952067,0.19006315555086417,0.0,1.0,,Lunacek,2,2026
Matching-Soft-Rerank,10,2.001985171952067,0.19006315555086417,0.0,1.0,,Lunacek,2,2026
Matching-Soft-Rerank,11,2.001985171952067,0.19006315555086417,0.0,1.0,,Lunacek,2,2026
Matching-Soft-Rerank,12,2.001985171952067,0.19006315555086417,0.0,1.0,,Lunacek,2,2026
Matching-Soft-Rerank,13,2.001985171952067,0.19006315555086417,0.0,1.0,,Lunacek,2,2026
Matching-Soft-Rerank,14,2.001985171952067,0.19006315555086417,0.0,1.0,,Lunacek,2,2026
Matching-Soft-Rerank,15,2.001985171952067,0.19006315555086417,0.0,1.0,,Lunacek,2,2026
Matching-Soft-Rerank,16,2.001985171952067,0.19006315555086417,0.0,1.0,,Lunacek,2,2026
Matching-Soft-Rerank,17,2.001985171952067,0.19006315555086417,0.0,1.0,,Lunacek,2,2026
Matching-Soft-Rerank,18,2.001985171952067,0.19006315555086417,0.0,1.0,,Lunacek,2,2026
Matching-Soft-Rerank,19,2.001985171952067,0.19006315555086417,0.0,1.0,,Lunacek,2,2026
Matching-Soft-Rerank,20,2.001985171952067,0.19006315555086417,0.0,1.0,,Lunacek,2,2026
Target-Only,0,3.25839577457971,1.0,0.0,1.0,0.0,Lunacek,2,777
Target-Only,1,3.25839577457971,1.0,0.0,1.0,0.0,Lunacek,2,777
Target-Only,2,3.25839577457971,1.0,0.0,1.0,0.0,Lunacek,2,777
Target-Only,3,3.25839577457971,1.0,0.0,1.0,0.0,Lunacek,2,777
Target-Only,4,3.25839577457971,1.0,0.0,1.0,0.0,Lunacek,2,777
Target-Only,5,3.25839577457971,1.0,0.0,1.0,0.0,Lunacek,2,777
Target-Only,6,3.25839577457971,1.0,0.0,1.0,0.0,Lunacek,2,777
Target-Only,7,3.25839577457971,1.0,0.0,1.0,0.0,Lunacek,2,777
Target-Only,8,3.25839577457971,1.0,0.0,1.0,0.0,Lunacek,2,777
Target-Only,9,3.25839577457971,1.0,0.0,1.0,0.0,Lunacek,2,777
Target-Only,10,3.25839577457971,1.0,0.0,1.0,0.0,Lunacek,2,777
Target-Only,11,3.25839577457971,1.0,0.0,1.0,0.0,Lunacek,2,777
Target-Only,12,3.25839577457971,1.0,0.0,1.0,0.0,Lunacek,2,777
Target-Only,13,3.25839577457971,1.0,0.0,1.0,0.0,Lunacek,2,777
Target-Only,14,3.25839577457971,1.0,0.0,1.0,0.0,Lunacek,2,777
Target-Only,15,3.25839577457971,1.0,0.0,1.0,0.0,Lunacek,2,777
Target-Only,16,3.25839577457971,1.0,0.0,1.0,0.0,Lunacek,2,777
Target-Only,17,3.25839577457971,1.0,0.0,1.0,0.0,Lunacek,2,777
Target-Only,18,3.25839577457971,1.0,0.0,1.0,0.0,Lunacek,2,777
Target-Only,19,3.25839577457971,1.0,0.0,1.0,0.0,Lunacek,2,777
Target-Only,20,3.25839577457971,1.0,0.0,1.0,0.0,Lunacek,2,777
Matching-Fixed-Filter,0,3.25839577457971,1.0,0.0,1.0,0.0,Lunacek,2,777
Matching-Fixed-Filter,1,3.25839577457971,1.0,1.0,0.25,1.0,Lunacek,2,777
Matching-Fixed-Filter,2,3.25839577457971,1.0,1.0,0.25,1.0,Lunacek,2,777
Matching-Fixed-Filter,3,3.25839577457971,1.0,1.0,0.25,1.0,Lunacek,2,777
Matching-Fixed-Filter,4,3.25839577457971,1.0,1.0,0.25,1.0,Lunacek,2,777
Matching-Fixed-Filter,5,3.25839577457971,1.0,1.0,0.25,1.0,Lunacek,2,777
Matching-Fixed-Filter,6,3.25839577457971,1.0,1.0,0.25,1.0,Lunacek,2,777
Matching-Fixed-Filter,7,3.25839577457971,1.0,1.0,0.25,1.0,Lunacek,2,777
Matching-Fixed-Filter,8,3.25839577457971,1.0,1.0,0.25,1.0,Lunacek,2,777
Matching-Fixed-Filter,9,3.25839577457971,1.0,1.0,0.25,1.0,Lunacek,2,777
Matching-Fixed-Filter,10,3.25839577457971,1.0,1.0,0.25,1.0,Lunacek,2,777
Matching-Fixed-Filter,11,3.25839577457971,1.0,1.0,0.25,1.0,Lunacek,2,777
Matching-Fixed-Filter,12,3.25839577457971,1.0,1.0,0.25,1.0,Lunacek,2,777
Matching-Fixed-Filter,13,3.25839577457971,1.0,1.0,0.25,1.0,Lunacek,2,777
Matching-Fixed-Filter,14,2.7590261622718133,0.8467437208813872,1.0,0.25,1.0,Lunacek,2,777
Matching-Fixed-Filter,15,2.7590261622718133,0.8467437208813872,1.0,0.25,1.0,Lunacek,2,777
Matching-Fixed-Filter,16,2.7590261622718133,0.8467437208813872,1.0,0.25,1.0,Lunacek,2,777
Matching-Fixed-Filter,17,2.7590261622718133,0.8467437208813872,1.0,0.25,1.0,Lunacek,2,777
Matching-Fixed-Filter,18,2.7590261622718133,0.8467437208813872,1.0,0.25,1.0,Lunacek,2,777
Matching-Fixed-Filter,19,2.7590261622718133,0.8467437208813872,1.0,0.25,1.0,Lunacek,2,777
Matching-Fixed-Filter,20,2.7590261622718133,0.8467437208813872,1.0,0.25,1.0,Lunacek,2,777
Matching-Adaptive-Filter,0,3.25839577457971,1.0,0.0,1.0,0.0,Lunacek,2,777
Matching-Adaptive-Filter,1,3.25839577457971,1.0,1.0,0.93,0.099999999999975,Lunacek,2,777
Matching-Adaptive-Filter,2,3.25839577457971,1.0,1.0,0.95,0.079999999999984,Lunacek,2,777
Matching-Adaptive-Filter,3,3.25839577457971,1.0,1.0,0.95,0.07698412698411503,Lunacek,2,777
Matching-Adaptive-Filter,4,3.25839577457971,1.0,1.0,0.89,0.1581043956043797,Lunacek,2,777
Matching-Adaptive-Filter,5,3.25839577457971,1.0,1.0,0.89,0.15426716141000485,Lunacek,2,777
Matching-Adaptive-Filter,6,3.25839577457971,1.0,1.0,0.88,0.16095959595958326,Lunacek,2,777
Matching-Adaptive-Filter,7,3.25839577457971,1.0,1.0,0.88,0.1612849650349535,Lunacek,2,777
Matching-Adaptive-Filter,8,3.25839577457971,1.0,1.0,0.87,0.1866612554112433,Lunacek,2,777
Matching-Adaptive-Filter,9,3.25839577457971,1.0,1.0,0.91,0.12775742775741972,Lunacek,2,777
Matching-Adaptive-Filter,10,3.25839577457971,1.0,1.0,0.89,0.1579308849045601,Lunacek,2,777
Matching-Adaptive-Filter,11,3.25839577457971,1.0,1.0,0.86,0.193063407181044,Lunacek,2,777
Matching-Adaptive-Filter,12,3.25839577457971,1.0,1.0,0.85,0.2109636809269057,Lunacek,2,777
Matching-Adaptive-Filter,13,3.25839577457971,1.0,1.0,0.84,0.22037480063794815,Lunacek,2,777
Matching-Adaptive-Filter,14,3.25839577457971,1.0,1.0,0.84,0.21418686643816917,Lunacek,2,777
Matching-Adaptive-Filter,15,3.25839577457971,1.0,1.0,0.82,0.2402673350041668,Lunacek,2,777
Matching-Adaptive-Filter,16,3.25839577457971,1.0,1.0,0.83,0.22836431989062636,Lunacek,2,777
Matching-Adaptive-Filter,17,3.25839577457971,1.0,1.0,0.79,0.2813820961646939,Lunacek,2,777
Matching-Adaptive-Filter,18,3.25839577457971,1.0,1.0,0.78,0.29362765857329964,Lunacek,2,777
Matching-Adaptive-Filter,19,3.25839577457971,1.0,1.0,0.81,0.2665902032749761,Lunacek,2,777
Matching-Adaptive-Filter,20,3.25839577457971,1.0,1.0,0.79,0.28178083469576437,Lunacek,2,777
Random-Adaptive-Filter,0,3.25839577457971,1.0,0.0,1.0,0.0,Lunacek,2,777
Random-Adaptive-Filter,1,3.25839577457971,1.0,1.0,0.92,0.11499999999997351,Lunacek,2,777
Random-Adaptive-Filter,2,3.25839577457971,1.0,1.0,0.94,0.09325757575755855,Lunacek,2,777
Random-Adaptive-Filter,3,3.25839577457971,1.0,1.0,0.9,0.13888888888887174,Lunacek,2,777
Random-Adaptive-Filter,4,3.25839577457971,1.0,1.0,0.87,0.17733516483514744,Lunacek,2,777
Random-Adaptive-Filter,5,3.25839577457971,1.0,1.0,0.88,0.1672541743970169,Lunacek,2,777
Random-Adaptive-Filter,6,3.25839577457971,1.0,1.0,0.83,0.2294444444444272,Lunacek,2,777
Random-Adaptive-Filter,7,3.25839577457971,1.0,1.0,0.84,0.21482517482515995,Lunacek,2,777
Random-Adaptive-Filter,8,3.25839577457971,1.0,1.0,0.92,0.11615516836104274,Lunacek,2,777
Random-Adaptive-Filter,9,3.25839577457971,1.0,1.0,0.92,0.11351241351240629,Lunacek,2,777
Random-Adaptive-Filter,10,3.25839577457971,1.0,1.0,0.89,0.15586321573162787,Lunacek,2,777
Random-Adaptive-Filter,11,3.25839577457971,1.0,1.0,0.9,0.13358747135216992,Lunacek,2,777
Random-Adaptive-Filter,12,3.25839577457971,1.0,1.0,0.9,0.13478965070876145,Lunacek,2,777
Random-Adaptive-Filter,13,3.25839577457971,1.0,1.0,0.9,0.1337695843887729,Lunacek,2,777
Random-Adaptive-Filter,14,3.25839577457971,1.0,1.0,0.9,0.13695818995320314,Lunacek,2,777
Random-Adaptive-Filter,15,3.25839577457971,1.0,1.0,0.88,0.16491228070174724,Lunacek,2,777
Random-Adaptive-Filter,16,3.25839577457971,1.0,1.0,0.87,0.1794617224880309,Lunacek,2,777
Random-Adaptive-Filter,17,3.25839577457971,1.0,1.0,0.84,0.22319680319679447,Lunacek,2,777
Random-Adaptive-Filter,18,3.25839577457971,1.0,1.0,0.81,0.25812086966977293,Lunacek,2,777
Random-Adaptive-Filter,19,3.25839577457971,1.0,1.0,0.81,0.2534302653867779,Lunacek,2,777
Random-Adaptive-Filter,20,3.25839577457971,1.0,1.0,0.8,0.27648905750743563,Lunacek,2,777
Wrong-Adaptive-Filter,0,3.25839577457971,1.0,0.0,1.0,0.0,Lunacek,2,777
Wrong-Adaptive-Filter,1,3.25839577457971,1.0,1.0,0.92,0.11428571428568786,Lunacek,2,777
Wrong-Adaptive-Filter,2,3.25839577457971,1.0,1.0,0.94,0.08487012987011343,Lunacek,2,777
Wrong-Adaptive-Filter,3,3.25839577457971,1.0,1.0,0.91,0.12936507936506306,Lunacek,2,777
Wrong-Adaptive-Filter,4,3.25839577457971,1.0,1.0,0.83,0.2334249084248867,Lunacek,2,777
Wrong-Adaptive-Filter,5,3.25839577457971,1.0,1.0,0.83,0.23668315811170998,Lunacek,2,777
Wrong-Adaptive-Filter,6,3.25839577457971,1.0,1.0,0.78,0.3036111111110889,Lunacek,2,777
Wrong-Adaptive-Filter,7,3.25839577457971,1.0,1.0,0.78,0.2963374125873926,Lunacek,2,777
Wrong-Adaptive-Filter,8,3.25839577457971,1.0,1.0,0.82,0.24615813108458606,Lunacek,2,777
Wrong-Adaptive-Filter,9,3.25839577457971,1.0,1.0,0.8,0.2716999050332224,Lunacek,2,777
Wrong-Adaptive-Filter,10,3.25839577457971,1.0,1.0,0.78,0.3016338924233495,Lunacek,2,777
Wrong-Adaptive-Filter,11,3.25839577457971,1.0,1.0,0.78,0.30382811306339136,Lunacek,2,777
Wrong-Adaptive-Filter,12,3.25839577457971,1.0,1.0,0.78,0.3033966768525443,Lunacek,2,777
Wrong-Adaptive-Filter,13,3.25839577457971,1.0,1.0,0.84,0.22464349376113016,Lunacek,2,777
Wrong-Adaptive-Filter,14,3.25839577457971,1.0,1.0,0.85,0.21214546136472756,Lunacek,2,777
Wrong-Adaptive-Filter,15,3.25839577457971,1.0,1.0,0.85,0.2083542188805257,Lunacek,2,777
Wrong-Adaptive-Filter,16,3.25839577457971,1.0,1.0,0.84,0.22560457963088612,Lunacek,2,777
Wrong-Adaptive-Filter,17,3.25839577457971,1.0,1.0,0.85,0.2071010976600957,Lunacek,2,777
Wrong-Adaptive-Filter,18,3.25839577457971,1.0,1.0,0.85,0.20314401781792307,Lunacek,2,777
Wrong-Adaptive-Filter,19,3.25839577457971,1.0,1.0,0.85,0.20711815358553734,Lunacek,2,777
Wrong-Adaptive-Filter,20,3.25839577457971,1.0,1.0,0.84,0.21665620526839888,Lunacek,2,777
Oracle-Fixed-Filter,0,3.25839577457971,1.0,0.0,1.0,0.0,Lunacek,2,777
Oracle-Fixed-Filter,1,3.25839577457971,1.0,0.0,1.0,0.0,Lunacek,2,777
Oracle-Fixed-Filter,2,3.25839577457971,1.0,0.0,1.0,0.0,Lunacek,2,777
Oracle-Fixed-Filter,3,3.25839577457971,1.0,0.0,1.0,0.0,Lunacek,2,777
Oracle-Fixed-Filter,4,3.25839577457971,1.0,0.0,1.0,0.0,Lunacek,2,777
Oracle-Fixed-Filter,5,3.25839577457971,1.0,0.0,1.0,0.0,Lunacek,2,777
Oracle-Fixed-Filter,6,3.25839577457971,1.0,0.0,1.0,0.0,Lunacek,2,777
Oracle-Fixed-Filter,7,3.25839577457971,1.0,0.0,1.0,0.0,Lunacek,2,777
Oracle-Fixed-Filter,8,3.25839577457971,1.0,0.0,1.0,0.0,Lunacek,2,777
Oracle-Fixed-Filter,9,3.25839577457971,1.0,0.0,1.0,0.0,Lunacek,2,777
Oracle-Fixed-Filter,10,3.25839577457971,1.0,0.0,1.0,0.0,Lunacek,2,777
Oracle-Fixed-Filter,11,3.25839577457971,1.0,0.0,1.0,0.0,Lunacek,2,777
Oracle-Fixed-Filter,12,3.25839577457971,1.0,0.0,1.0,0.0,Lunacek,2,777
Oracle-Fixed-Filter,13,3.25839577457971,1.0,0.0,1.0,0.0,Lunacek,2,777
Oracle-Fixed-Filter,14,3.25839577457971,1.0,0.0,1.0,0.0,Lunacek,2,777
Oracle-Fixed-Filter,15,3.25839577457971,1.0,0.0,1.0,0.0,Lunacek,2,777
Oracle-Fixed-Filter,16,3.25839577457971,1.0,0.0,1.0,0.0,Lunacek,2,777
Oracle-Fixed-Filter,17,3.25839577457971,1.0,0.0,1.0,0.0,Lunacek,2,777
Oracle-Fixed-Filter,18,3.25839577457971,1.0,0.0,1.0,0.0,Lunacek,2,777
Oracle-Fixed-Filter,19,3.25839577457971,1.0,0.0,1.0,0.0,Lunacek,2,777
Oracle-Fixed-Filter,20,3.25839577457971,1.0,0.0,1.0,0.0,Lunacek,2,777
Matching-Soft-Rerank,0,3.25839577457971,1.0,0.0,1.0,,Lunacek,2,777
Matching-Soft-Rerank,1,3.25839577457971,1.0,0.0,1.0,,Lunacek,2,777
Matching-Soft-Rerank,2,3.25839577457971,1.0,0.0,1.0,,Lunacek,2,777
Matching-Soft-Rerank,3,3.184550674941951,0.9773369766147318,0.0,1.0,,Lunacek,2,777
Matching-Soft-Rerank,4,3.184550674941951,0.9773369766147318,0.0,1.0,,Lunacek,2,777
Matching-Soft-Rerank,5,3.184550674941951,0.9773369766147318,0.0,1.0,,Lunacek,2,777
Matching-Soft-Rerank,6,3.184550674941951,0.9773369766147318,0.0,1.0,,Lunacek,2,777
Matching-Soft-Rerank,7,3.184550674941951,0.9773369766147318,0.0,1.0,,Lunacek,2,777
Matching-Soft-Rerank,8,3.184550674941951,0.9773369766147318,0.0,1.0,,Lunacek,2,777
Matching-Soft-Rerank,9,3.184550674941951,0.9773369766147318,0.0,1.0,,Lunacek,2,777
Matching-Soft-Rerank,10,3.184550674941951,0.9773369766147318,0.0,1.0,,Lunacek,2,777
Matching-Soft-Rerank,11,3.184550674941951,0.9773369766147318,0.0,1.0,,Lunacek,2,777
Matching-Soft-Rerank,12,3.184550674941951,0.9773369766147318,0.0,1.0,,Lunacek,2,777
Matching-Soft-Rerank,13,3.1647227062606724,0.9712517831474539,0.0,1.0,,Lunacek,2,777
Matching-Soft-Rerank,14,3.1647227062606724,0.9712517831474539,0.0,1.0,,Lunacek,2,777
Matching-Soft-Rerank,15,3.1647227062606724,0.9712517831474539,0.0,1.0,,Lunacek,2,777
Matching-Soft-Rerank,16,3.1647227062606724,0.9712517831474539,0.0,1.0,,Lunacek,2,777
Matching-Soft-Rerank,17,3.1647227062606724,0.9712517831474539,0.0,1.0,,Lunacek,2,777
Matching-Soft-Rerank,18,3.1647227062606724,0.9712517831474539,0.0,1.0,,Lunacek,2,777
Matching-Soft-Rerank,19,3.1647227062606724,0.9712517831474539,0.0,1.0,,Lunacek,2,777
Matching-Soft-Rerank,20,3.1647227062606724,0.9712517831474539,0.0,1.0,,Lunacek,2,777
Target-Only,0,5.005806966657364,1.0,0.0,1.0,0.0,Lunacek,2,999
Target-Only,1,5.005806966657364,1.0,0.0,1.0,0.0,Lunacek,2,999
Target-Only,2,5.005806966657364,1.0,0.0,1.0,0.0,Lunacek,2,999
Target-Only,3,5.005806966657364,1.0,0.0,1.0,0.0,Lunacek,2,999
Target-Only,4,5.005806966657364,1.0,0.0,1.0,0.0,Lunacek,2,999
Target-Only,5,5.005806966657364,1.0,0.0,1.0,0.0,Lunacek,2,999
Target-Only,6,5.005806966657364,1.0,0.0,1.0,0.0,Lunacek,2,999
Target-Only,7,5.005806966657364,1.0,0.0,1.0,0.0,Lunacek,2,999
Target-Only,8,5.005806966657364,1.0,0.0,1.0,0.0,Lunacek,2,999
Target-Only,9,5.005806966657364,1.0,0.0,1.0,0.0,Lunacek,2,999
Target-Only,10,5.005806966657364,1.0,0.0,1.0,0.0,Lunacek,2,999
Target-Only,11,5.005806966657364,1.0,0.0,1.0,0.0,Lunacek,2,999
Target-Only,12,5.005806966657364,1.0,0.0,1.0,0.0,Lunacek,2,999
Target-Only,13,5.005806966657364,1.0,0.0,1.0,0.0,Lunacek,2,999
Target-Only,14,5.005806966657364,1.0,0.0,1.0,0.0,Lunacek,2,999
Target-Only,15,5.005806966657364,1.0,0.0,1.0,0.0,Lunacek,2,999
Target-Only,16,5.005806966657364,1.0,0.0,1.0,0.0,Lunacek,2,999
Target-Only,17,5.005806966657364,1.0,0.0,1.0,0.0,Lunacek,2,999
Target-Only,18,5.005806966657364,1.0,0.0,1.0,0.0,Lunacek,2,999
Target-Only,19,5.005806966657364,1.0,0.0,1.0,0.0,Lunacek,2,999
Target-Only,20,5.005806966657364,1.0,0.0,1.0,0.0,Lunacek,2,999
Matching-Fixed-Filter,0,5.005806966657364,1.0,0.0,1.0,0.0,Lunacek,2,999
Matching-Fixed-Filter,1,5.005806966657364,1.0,1.0,0.25,1.0,Lunacek,2,999
Matching-Fixed-Filter,2,5.005806966657364,1.0,1.0,0.25,1.0,Lunacek,2,999
Matching-Fixed-Filter,3,5.005806966657364,1.0,1.0,0.25,1.0,Lunacek,2,999
Matching-Fixed-Filter,4,2.858884674249748,0.5711136472684989,1.0,0.25,1.0,Lunacek,2,999
Matching-Fixed-Filter,5,2.858884674249748,0.5711136472684989,1.0,0.25,1.0,Lunacek,2,999
Matching-Fixed-Filter,6,2.858884674249748,0.5711136472684989,1.0,0.25,1.0,Lunacek,2,999
Matching-Fixed-Filter,7,2.858884674249748,0.5711136472684989,1.0,0.25,1.0,Lunacek,2,999
Matching-Fixed-Filter,8,2.858884674249748,0.5711136472684989,1.0,0.25,1.0,Lunacek,2,999
Matching-Fixed-Filter,9,2.858884674249748,0.5711136472684989,1.0,0.25,1.0,Lunacek,2,999
Matching-Fixed-Filter,10,2.858884674249748,0.5711136472684989,1.0,0.25,1.0,Lunacek,2,999
Matching-Fixed-Filter,11,2.858884674249748,0.5711136472684989,1.0,0.25,1.0,Lunacek,2,999
Matching-Fixed-Filter,12,2.858884674249748,0.5711136472684989,1.0,0.25,1.0,Lunacek,2,999
Matching-Fixed-Filter,13,2.858884674249748,0.5711136472684989,1.0,0.25,1.0,Lunacek,2,999
Matching-Fixed-Filter,14,2.858884674249748,0.5711136472684989,1.0,0.25,1.0,Lunacek,2,999
Matching-Fixed-Filter,15,2.858884674249748,0.5711136472684989,1.0,0.25,1.0,Lunacek,2,999
Matching-Fixed-Filter,16,2.858884674249748,0.5711136472684989,1.0,0.25,1.0,Lunacek,2,999
Matching-Fixed-Filter,17,2.858884674249748,0.5711136472684989,1.0,0.25,1.0,Lunacek,2,999
Matching-Fixed-Filter,18,2.858884674249748,0.5711136472684989,1.0,0.25,1.0,Lunacek,2,999
Matching-Fixed-Filter,19,2.858884674249748,0.5711136472684989,1.0,0.25,1.0,Lunacek,2,999
Matching-Fixed-Filter,20,2.858884674249748,0.5711136472684989,1.0,0.25,1.0,Lunacek,2,999
Matching-Adaptive-Filter,0,5.005806966657364,1.0,0.0,1.0,0.0,Lunacek,2,999
Matching-Adaptive-Filter,1,5.005806966657364,1.0,1.0,0.93,0.099999999999975,Lunacek,2,999
Matching-Adaptive-Filter,2,5.005806966657364,1.0,1.0,0.93,0.1065151515151331,Lunacek,2,999
Matching-Adaptive-Filter,3,5.005806966657364,1.0,1.0,0.96,0.06666666666665555,Lunacek,2,999
Matching-Adaptive-Filter,4,5.005806966657364,1.0,1.0,0.96,0.05714285714284898,Lunacek,2,999
Matching-Adaptive-Filter,5,5.005806966657364,1.0,0.0,1.0,0.04999999999999375,Lunacek,2,999
Matching-Adaptive-Filter,6,5.005806966657364,1.0,0.0,1.0,0.04444444444443951,Lunacek,2,999
Matching-Adaptive-Filter,7,5.005806966657364,1.0,0.0,1.0,0.039999999999996004,Lunacek,2,999
Matching-Adaptive-Filter,8,5.005806966657364,1.0,0.0,1.0,0.03636363636363306,Lunacek,2,999
Matching-Adaptive-Filter,9,5.005806966657364,1.0,0.0,1.0,0.03333333333333056,Lunacek,2,999
Matching-Adaptive-Filter,10,5.005806966657364,1.0,0.0,1.0,0.0307692307692284,Lunacek,2,999
Matching-Adaptive-Filter,11,5.005806966657364,1.0,0.0,1.0,0.028571428571426534,Lunacek,2,999
Matching-Adaptive-Filter,12,5.005806966657364,1.0,0.0,1.0,0.026666666666664892,Lunacek,2,999
Matching-Adaptive-Filter,13,5.005806966657364,1.0,0.0,1.0,0.02499999999999844,Lunacek,2,999
Matching-Adaptive-Filter,14,5.005806966657364,1.0,0.0,1.0,0.0235294117647045,Lunacek,2,999
Matching-Adaptive-Filter,15,5.005806966657364,1.0,0.0,1.0,0.02222222222222099,Lunacek,2,999
Matching-Adaptive-Filter,16,5.005806966657364,1.0,0.0,1.0,0.021052631578946265,Lunacek,2,999
Matching-Adaptive-Filter,17,5.005806966657364,1.0,0.0,1.0,0.019999999999999005,Lunacek,2,999
Matching-Adaptive-Filter,18,5.005806966657364,1.0,0.0,1.0,0.02561628186628072,Lunacek,2,999
Matching-Adaptive-Filter,19,5.005806966657364,1.0,0.0,1.0,0.01818181818181736,Lunacek,2,999
Matching-Adaptive-Filter,20,5.005806966657364,1.0,0.0,1.0,0.01739130434782533,Lunacek,2,999
Random-Adaptive-Filter,0,5.005806966657364,1.0,0.0,1.0,0.0,Lunacek,2,999
Random-Adaptive-Filter,1,5.005806966657364,1.0,1.0,0.92,0.1149999999999735,Lunacek,2,999
Random-Adaptive-Filter,2,5.005806966657364,1.0,1.0,0.95,0.079999999999984,Lunacek,2,999
Random-Adaptive-Filter,3,5.005806966657364,1.0,1.0,0.95,0.07301587301586139,Lunacek,2,999
Random-Adaptive-Filter,4,5.005806966657364,1.0,1.0,0.94,0.08118131868130868,Lunacek,2,999
Random-Adaptive-Filter,5,5.005806966657364,1.0,1.0,0.94,0.08968253968253062,Lunacek,2,999
Random-Adaptive-Filter,6,5.005806966657364,1.0,1.0,0.96,0.05361111111110557,Lunacek,2,999
Random-Adaptive-Filter,7,5.005806966657364,1.0,1.0,0.94,0.09113636363635644,Lunacek,2,999
Random-Adaptive-Filter,8,5.005806966657364,1.0,0.0,1.0,0.03636363636363306,Lunacek,2,999
Random-Adaptive-Filter,9,5.005806966657364,1.0,0.0,1.0,0.03333333333333056,Lunacek,2,999
Random-Adaptive-Filter,10,5.005806966657364,1.0,0.0,1.0,0.0307692307692284,Lunacek,2,999
Random-Adaptive-Filter,11,5.005806966657364,1.0,0.0,1.0,0.028571428571426534,Lunacek,2,999
Random-Adaptive-Filter,12,5.005806966657364,1.0,0.0,1.0,0.026666666666664892,Lunacek,2,999
Random-Adaptive-Filter,13,5.005806966657364,1.0,0.0,1.0,0.02499999999999844,Lunacek,2,999
Random-Adaptive-Filter,14,5.005806966657364,1.0,0.0,1.0,0.0235294117647045,Lunacek,2,999
Random-Adaptive-Filter,15,5.005806966657364,1.0,0.0,1.0,0.02222222222222099,Lunacek,2,999
Random-Adaptive-Filter,16,5.005806966657364,1.0,0.0,1.0,0.021052631578946265,Lunacek,2,999
Random-Adaptive-Filter,17,5.005806966657364,1.0,0.0,1.0,0.019999999999999005,Lunacek,2,999
Random-Adaptive-Filter,18,5.005806966657364,1.0,0.0,1.0,0.019047619047618144,Lunacek,2,999
Random-Adaptive-Filter,19,5.005806966657364,1.0,0.0,1.0,0.01818181818181736,Lunacek,2,999
Random-Adaptive-Filter,20,5.005806966657364,1.0,0.0,1.0,0.01739130434782533,Lunacek,2,999
Wrong-Adaptive-Filter,0,5.005806966657364,1.0,0.0,1.0,0.0,Lunacek,2,999
Wrong-Adaptive-Filter,1,5.005806966657364,1.0,1.0,0.91,0.1235714285714012,Lunacek,2,999
Wrong-Adaptive-Filter,2,5.005806966657364,1.0,1.0,0.91,0.1295129870129665,Lunacek,2,999
Wrong-Adaptive-Filter,3,5.005806966657364,1.0,1.0,0.96,0.06666666666665555,Lunacek,2,999
Wrong-Adaptive-Filter,4,5.005806966657364,1.0,1.0,0.96,0.05714285714284898,Lunacek,2,999
Wrong-Adaptive-Filter,5,5.005806966657364,1.0,0.0,1.0,0.04999999999999375,Lunacek,2,999
Wrong-Adaptive-Filter,6,5.005806966657364,1.0,0.0,1.0,0.04444444444443951,Lunacek,2,999
Wrong-Adaptive-Filter,7,5.005806966657364,1.0,0.0,1.0,0.039999999999996004,Lunacek,2,999
Wrong-Adaptive-Filter,8,5.005806966657364,1.0,0.0,1.0,0.03636363636363306,Lunacek,2,999
Wrong-Adaptive-Filter,9,5.005806966657364,1.0,0.0,1.0,0.03333333333333056,Lunacek,2,999
Wrong-Adaptive-Filter,10,5.005806966657364,1.0,0.0,1.0,0.0307692307692284,Lunacek,2,999
Wrong-Adaptive-Filter,11,5.005806966657364,1.0,0.0,1.0,0.028571428571426534,Lunacek,2,999
Wrong-Adaptive-Filter,12,5.005806966657364,1.0,0.0,1.0,0.026666666666664892,Lunacek,2,999
Wrong-Adaptive-Filter,13,5.005806966657364,1.0,0.0,1.0,0.02499999999999844,Lunacek,2,999
Wrong-Adaptive-Filter,14,5.005806966657364,1.0,0.0,1.0,0.0235294117647045,Lunacek,2,999
Wrong-Adaptive-Filter,15,5.005806966657364,1.0,0.0,1.0,0.02222222222222099,Lunacek,2,999
Wrong-Adaptive-Filter,16,5.005806966657364,1.0,0.0,1.0,0.021052631578946265,Lunacek,2,999
Wrong-Adaptive-Filter,17,5.005806966657364,1.0,0.0,1.0,0.019999999999999005,Lunacek,2,999
Wrong-Adaptive-Filter,18,5.005806966657364,1.0,0.0,1.0,0.019047619047618144,Lunacek,2,999
Wrong-Adaptive-Filter,19,5.005806966657364,1.0,0.0,1.0,0.01818181818181736,Lunacek,2,999
Wrong-Adaptive-Filter,20,5.005806966657364,1.0,0.0,1.0,0.01739130434782533,Lunacek,2,999
Oracle-Fixed-Filter,0,5.005806966657364,1.0,0.0,1.0,0.0,Lunacek,2,999
Oracle-Fixed-Filter,1,5.005806966657364,1.0,1.0,0.25,1.0,Lunacek,2,999
Oracle-Fixed-Filter,2,5.005806966657364,1.0,1.0,0.25,1.0,Lunacek,2,999
Oracle-Fixed-Filter,3,5.005806966657364,1.0,1.0,0.25,1.0,Lunacek,2,999
Oracle-Fixed-Filter,4,5.005806966657364,1.0,1.0,0.25,1.0,Lunacek,2,999
Oracle-Fixed-Filter,5,5.005806966657364,1.0,1.0,0.25,1.0,Lunacek,2,999
Oracle-Fixed-Filter,6,3.4658757572974475,0.692371036354962,1.0,0.25,1.0,Lunacek,2,999
Oracle-Fixed-Filter,7,3.4658757572974475,0.692371036354962,1.0,0.25,1.0,Lunacek,2,999
Oracle-Fixed-Filter,8,2.0238261857437316,0.4042956908294738,1.0,0.25,1.0,Lunacek,2,999
Oracle-Fixed-Filter,9,2.0238261857437316,0.4042956908294738,0.0,1.0,1.0,Lunacek,2,999
Oracle-Fixed-Filter,10,2.0238261857437316,0.4042956908294738,1.0,0.25,1.0,Lunacek,2,999
Oracle-Fixed-Filter,11,2.0238261857437316,0.4042956908294738,1.0,0.25,1.0,Lunacek,2,999
Oracle-Fixed-Filter,12,2.0238261857437316,0.4042956908294738,0.0,1.0,1.0,Lunacek,2,999
Oracle-Fixed-Filter,13,2.0238261857437316,0.4042956908294738,0.0,1.0,1.0,Lunacek,2,999
Oracle-Fixed-Filter,14,2.0238261857437316,0.4042956908294738,0.0,1.0,1.0,Lunacek,2,999
Oracle-Fixed-Filter,15,2.0238261857437316,0.4042956908294738,1.0,0.25,1.0,Lunacek,2,999
Oracle-Fixed-Filter,16,2.0238261857437316,0.4042956908294738,1.0,0.25,1.0,Lunacek,2,999
Oracle-Fixed-Filter,17,2.0238261857437316,0.4042956908294738,1.0,0.25,1.0,Lunacek,2,999
Oracle-Fixed-Filter,18,2.0238261857437316,0.4042956908294738,1.0,0.25,1.0,Lunacek,2,999
Oracle-Fixed-Filter,19,2.0238261857437316,0.4042956908294738,1.0,0.25,1.0,Lunacek,2,999
Oracle-Fixed-Filter,20,1.0746368809929467,0.21467805054227598,1.0,0.25,1.0,Lunacek,2,999
Matching-Soft-Rerank,0,5.005806966657364,1.0,0.0,1.0,,Lunacek,2,999
Matching-Soft-Rerank,1,5.005806966657364,1.0,0.0,1.0,,Lunacek,2,999
Matching-Soft-Rerank,2,5.005806966657364,1.0,0.0,1.0,,Lunacek,2,999
Matching-Soft-Rerank,3,5.005806966657364,1.0,0.0,1.0,,Lunacek,2,999
Matching-Soft-Rerank,4,5.005806966657364,1.0,0.0,1.0,,Lunacek,2,999
Matching-Soft-Rerank,5,5.005806966657364,1.0,0.0,1.0,,Lunacek,2,999
Matching-Soft-Rerank,6,5.005806966657364,1.0,0.0,1.0,,Lunacek,2,999
Matching-Soft-Rerank,7,5.005806966657364,1.0,0.0,1.0,,Lunacek,2,999
Matching-Soft-Rerank,8,5.005806966657364,1.0,0.0,1.0,,Lunacek,2,999
Matching-Soft-Rerank,9,5.005806966657364,1.0,0.0,1.0,,Lunacek,2,999
Matching-Soft-Rerank,10,5.005806966657364,1.0,0.0,1.0,,Lunacek,2,999
Matching-Soft-Rerank,11,5.005806966657364,1.0,0.0,1.0,,Lunacek,2,999
Matching-Soft-Rerank,12,5.005806966657364,1.0,0.0,1.0,,Lunacek,2,999
Matching-Soft-Rerank,13,5.005806966657364,1.0,0.0,1.0,,Lunacek,2,999
Matching-Soft-Rerank,14,5.005806966657364,1.0,0.0,1.0,,Lunacek,2,999
Matching-Soft-Rerank,15,5.005806966657364,1.0,0.0,1.0,,Lunacek,2,999
Matching-Soft-Rerank,16,5.005806966657364,1.0,0.0,1.0,,Lunacek,2,999
Matching-Soft-Rerank,17,2.9261860390014673,0.5845583056822171,0.0,1.0,,Lunacek,2,999
Matching-Soft-Rerank,18,2.9261860390014673,0.5845583056822171,0.0,1.0,,Lunacek,2,999
Matching-Soft-Rerank,19,2.9261860390014673,0.5845583056822171,0.0,1.0,,Lunacek,2,999
Matching-Soft-Rerank,20,2.9261860390014673,0.5845583056822171,0.0,1.0,,Lunacek,2,999
Target-Only,0,10.085986016806313,1.0,0.0,1.0,0.0,Lunacek,2,1234
Target-Only,1,10.085986016806313,1.0,0.0,1.0,0.0,Lunacek,2,1234
Target-Only,2,10.085986016806313,1.0,0.0,1.0,0.0,Lunacek,2,1234
Target-Only,3,10.085986016806313,1.0,0.0,1.0,0.0,Lunacek,2,1234
Target-Only,4,10.085986016806313,1.0,0.0,1.0,0.0,Lunacek,2,1234
Target-Only,5,10.085986016806313,1.0,0.0,1.0,0.0,Lunacek,2,1234
Target-Only,6,8.326286084108517,0.8255302030197542,0.0,1.0,0.0,Lunacek,2,1234
Target-Only,7,8.326286084108517,0.8255302030197542,0.0,1.0,0.0,Lunacek,2,1234
Target-Only,8,6.759505337414033,0.6701878553222903,0.0,1.0,0.0,Lunacek,2,1234
Target-Only,9,6.184473145291916,0.6131748680780151,0.0,1.0,0.0,Lunacek,2,1234
Target-Only,10,5.572540971929956,0.5525033410362072,0.0,1.0,0.0,Lunacek,2,1234
Target-Only,11,5.572540971929956,0.5525033410362072,0.0,1.0,0.0,Lunacek,2,1234
Target-Only,12,5.572540971929956,0.5525033410362072,0.0,1.0,0.0,Lunacek,2,1234
Target-Only,13,5.572540971929956,0.5525033410362072,0.0,1.0,0.0,Lunacek,2,1234
Target-Only,14,5.572540971929956,0.5525033410362072,0.0,1.0,0.0,Lunacek,2,1234
Target-Only,15,5.572540971929956,0.5525033410362072,0.0,1.0,0.0,Lunacek,2,1234
Target-Only,16,5.572540971929956,0.5525033410362072,0.0,1.0,0.0,Lunacek,2,1234
Target-Only,17,5.572540971929956,0.5525033410362072,0.0,1.0,0.0,Lunacek,2,1234
Target-Only,18,5.572540971929956,0.5525033410362072,0.0,1.0,0.0,Lunacek,2,1234
Target-Only,19,5.572540971929956,0.5525033410362072,0.0,1.0,0.0,Lunacek,2,1234
Target-Only,20,5.572540971929956,0.5525033410362072,0.0,1.0,0.0,Lunacek,2,1234
Matching-Fixed-Filter,0,10.085986016806313,1.0,0.0,1.0,0.0,Lunacek,2,1234
Matching-Fixed-Filter,1,10.085986016806313,1.0,1.0,0.25,1.0,Lunacek,2,1234
Matching-Fixed-Filter,2,10.085986016806313,1.0,1.0,0.25,1.0,Lunacek,2,1234
Matching-Fixed-Filter,3,10.085986016806313,1.0,1.0,0.25,1.0,Lunacek,2,1234
Matching-Fixed-Filter,4,9.93350523359413,0.9848819160607496,1.0,0.25,1.0,Lunacek,2,1234
Matching-Fixed-Filter,5,9.93350523359413,0.9848819160607496,1.0,0.25,1.0,Lunacek,2,1234
Matching-Fixed-Filter,6,9.93350523359413,0.9848819160607496,1.0,0.25,1.0,Lunacek,2,1234
Matching-Fixed-Filter,7,9.93350523359413,0.9848819160607496,1.0,0.25,1.0,Lunacek,2,1234
Matching-Fixed-Filter,8,9.93350523359413,0.9848819160607496,1.0,0.25,1.0,Lunacek,2,1234
Matching-Fixed-Filter,9,9.93350523359413,0.9848819160607496,1.0,0.25,1.0,Lunacek,2,1234
Matching-Fixed-Filter,10,9.93350523359413,0.9848819160607496,1.0,0.25,1.0,Lunacek,2,1234
Matching-Fixed-Filter,11,5.530200760979121,0.5483054162244652,1.0,0.25,1.0,Lunacek,2,1234
Matching-Fixed-Filter,12,5.530200760979121,0.5483054162244652,1.0,0.25,1.0,Lunacek,2,1234
Matching-Fixed-Filter,13,5.530200760979121,0.5483054162244652,1.0,0.25,1.0,Lunacek,2,1234
Matching-Fixed-Filter,14,4.8871439014569065,0.4845479552830474,1.0,0.25,1.0,Lunacek,2,1234
Matching-Fixed-Filter,15,4.8871439014569065,0.4845479552830474,1.0,0.25,1.0,Lunacek,2,1234
Matching-Fixed-Filter,16,4.454166863966426,0.44161937727698936,1.0,0.25,1.0,Lunacek,2,1234
Matching-Fixed-Filter,17,4.454166863966426,0.44161937727698936,1.0,0.25,1.0,Lunacek,2,1234
Matching-Fixed-Filter,18,4.454166863966426,0.44161937727698936,1.0,0.25,1.0,Lunacek,2,1234
Matching-Fixed-Filter,19,4.454166863966426,0.44161937727698936,1.0,0.25,1.0,Lunacek,2,1234
Matching-Fixed-Filter,20,4.454166863966426,0.44161937727698936,1.0,0.25,1.0,Lunacek,2,1234
Matching-Adaptive-Filter,0,10.085986016806313,1.0,0.0,1.0,0.0,Lunacek,2,1234
Matching-Adaptive-Filter,1,10.085986016806313,1.0,1.0,0.82,0.24857142857138873,Lunacek,2,1234
Matching-Adaptive-Filter,2,10.085986016806313,1.0,1.0,0.82,0.24017316017312965,Lunacek,2,1234
Matching-Adaptive-Filter,3,10.085986016806313,1.0,1.0,0.83,0.23015873015870544,Lunacek,2,1234
Matching-Adaptive-Filter,4,10.085986016806313,1.0,1.0,0.8,0.2790979853479601,Lunacek,2,1234
Matching-Adaptive-Filter,5,10.085986016806313,1.0,1.0,0.8,0.2791898577612637,Lunacek,2,1234
Matching-Adaptive-Filter,6,8.326286084108517,0.8255302030197542,1.0,0.81,0.2641414141413946,Lunacek,2,1234
Matching-Adaptive-Filter,7,8.326286084108517,0.8255302030197542,1.0,0.83,0.2358041958041796,Lunacek,2,1234
Matching-Adaptive-Filter,8,8.326286084108517,0.8255302030197542,1.0,0.86,0.1903983271630207,Lunacek,2,1234
Matching-Adaptive-Filter,9,8.326286084108517,0.8255302030197542,1.0,0.85,0.2004748338081551,Lunacek,2,1234
Matching-Adaptive-Filter,10,8.326286084108517,0.8255302030197542,1.0,0.87,0.17550607287448394,Lunacek,2,1234
Matching-Adaptive-Filter,11,5.451130387031368,0.5404657886644033,1.0,0.88,0.16874255156607193,Lunacek,2,1234
Matching-Adaptive-Filter,12,5.451130387031368,0.5404657886644033,1.0,0.91,0.13047921441303126,Lunacek,2,1234
Matching-Adaptive-Filter,13,5.451130387031368,0.5404657886644033,1.0,0.94,0.08722441129561434,Lunacek,2,1234
Matching-Adaptive-Filter,14,5.451130387031368,0.5404657886644033,1.0,0.96,0.057854354556465024,Lunacek,2,1234
Matching-Adaptive-Filter,15,5.451130387031368,0.5404657886644033,1.0,0.96,0.06482873851294604,Lunacek,2,1234
Matching-Adaptive-Filter,16,5.451130387031368,0.5404657886644033,0.0,1.0,0.02281886534517996,Lunacek,2,1234
Matching-Adaptive-Filter,17,5.451130387031368,0.5404657886644033,0.0,1.0,0.03387742692090366,Lunacek,2,1234
Matching-Adaptive-Filter,18,5.451130387031368,0.5404657886644033,0.0,1.0,0.019047619047618144,Lunacek,2,1234
Matching-Adaptive-Filter,19,5.451130387031368,0.5404657886644033,0.0,1.0,0.040347967250139574,Lunacek,2,1234
Matching-Adaptive-Filter,20,4.571954222404603,0.45329769591057734,1.0,0.95,0.06691911679906407,Lunacek,2,1234
Random-Adaptive-Filter,0,10.085986016806313,1.0,0.0,1.0,0.0,Lunacek,2,1234
Random-Adaptive-Filter,1,10.085986016806313,1.0,1.0,0.93,0.099999999999975,Lunacek,2,1234
Random-Adaptive-Filter,2,10.085986016806313,1.0,1.0,0.94,0.09325757575755854,Lunacek,2,1234
Random-Adaptive-Filter,3,10.085986016806313,1.0,1.0,0.95,0.07301587301586135,Lunacek,2,1234
Random-Adaptive-Filter,4,10.085986016806313,1.0,1.0,0.96,0.05714285714284898,Lunacek,2,1234
Random-Adaptive-Filter,5,10.085986016806313,1.0,0.0,1.0,0.04999999999999375,Lunacek,2,1234
Random-Adaptive-Filter,6,8.326286084108517,0.8255302030197542,0.0,1.0,0.04444444444443951,Lunacek,2,1234
Random-Adaptive-Filter,7,8.326286084108517,0.8255302030197542,0.0,1.0,0.039999999999996004,Lunacek,2,1234
Random-Adaptive-Filter,8,6.759505337414033,0.6701878553222903,0.0,1.0,0.03636363636363306,Lunacek,2,1234
Random-Adaptive-Filter,9,6.184473145291916,0.6131748680780151,0.0,1.0,0.03333333333333056,Lunacek,2,1234
Random-Adaptive-Filter,10,5.572540971929956,0.5525033410362072,0.0,1.0,0.0307692307692284,Lunacek,2,1234
Random-Adaptive-Filter,11,5.572540971929956,0.5525033410362072,1.0,0.96,0.060571428571424925,Lunacek,2,1234
Random-Adaptive-Filter,12,5.572540971929956,0.5525033410362072,1.0,0.96,0.060581179441470165,Lunacek,2,1234
Random-Adaptive-Filter,13,5.572540971929956,0.5525033410362072,1.0,0.95,0.07105263157894372,Lunacek,2,1234
Random-Adaptive-Filter,14,5.572540971929956,0.5525033410362072,1.0,0.93,0.10394365808283751,Lunacek,2,1234
Random-Adaptive-Filter,15,5.572540971929956,0.5525033410362072,1.0,0.93,0.09941520467835806,Lunacek,2,1234
Random-Adaptive-Filter,16,5.572540971929956,0.5525033410362072,1.0,0.93,0.09931886534517696,Lunacek,2,1234
Random-Adaptive-Filter,17,5.572540971929956,0.5525033410362072,0.0,1.0,0.0429670950167826,Lunacek,2,1234
Random-Adaptive-Filter,18,5.572540971929956,0.5525033410362072,0.0,1.0,0.019047619047618144,Lunacek,2,1234
Random-Adaptive-Filter,19,5.572540971929956,0.5525033410362072,0.0,1.0,0.03565076228119564,Lunacek,2,1234
Random-Adaptive-Filter,20,5.572540971929956,0.5525033410362072,0.0,1.0,0.025710903739305763,Lunacek,2,1234
Wrong-Adaptive-Filter,0,10.085986016806313,1.0,0.0,1.0,0.0,Lunacek,2,1234
Wrong-Adaptive-Filter,1,10.085986016806313,1.0,1.0,0.92,0.1149999999999735,Lunacek,2,1234
Wrong-Adaptive-Filter,2,10.085986016806313,1.0,1.0,0.95,0.079999999999984,Lunacek,2,1234
Wrong-Adaptive-Filter,3,10.085986016806313,1.0,1.0,0.96,0.06666666666665555,Lunacek,2,1234
Wrong-Adaptive-Filter,4,10.085986016806313,1.0,1.0,0.96,0.05714285714284898,Lunacek,2,1234
Wrong-Adaptive-Filter,5,10.085986016806313,1.0,1.0,0.95,0.06700680272108098,Lunacek,2,1234
Wrong-Adaptive-Filter,6,8.326286084108517,0.8255302030197542,0.0,1.0,0.04444444444443951,Lunacek,2,1234
Wrong-Adaptive-Filter,7,8.326286084108517,0.8255302030197542,1.0,0.96,0.05704545454544947,Lunacek,2,1234
Wrong-Adaptive-Filter,8,6.759505337414033,0.6701878553222903,1.0,0.97,0.052295008912651694,Lunacek,2,1234
Wrong-Adaptive-Filter,9,6.184473145291916,0.6131748680780151,0.0,1.0,0.03665716999050035,Lunacek,2,1234
Wrong-Adaptive-Filter,10,5.572540971929956,0.5525033410362072,0.0,1.0,0.0307692307692284,Lunacek,2,1234
Wrong-Adaptive-Filter,11,5.572540971929956,0.5525033410362072,0.0,1.0,0.028571428571426534,Lunacek,2,1234
Wrong-Adaptive-Filter,12,5.572540971929956,0.5525033410362072,0.0,1.0,0.026666666666664892,Lunacek,2,1234
Wrong-Adaptive-Filter,13,5.572540971929956,0.5525033410362072,0.0,1.0,0.02499999999999844,Lunacek,2,1234
Wrong-Adaptive-Filter,14,5.572540971929956,0.5525033410362072,0.0,1.0,0.0235294117647045,Lunacek,2,1234
Wrong-Adaptive-Filter,15,5.572540971929956,0.5525033410362072,0.0,1.0,0.02222222222222099,Lunacek,2,1234
Wrong-Adaptive-Filter,16,5.572540971929956,0.5525033410362072,0.0,1.0,0.021052631578946265,Lunacek,2,1234
Wrong-Adaptive-Filter,17,5.572540971929956,0.5525033410362072,0.0,1.0,0.019999999999999005,Lunacek,2,1234
Wrong-Adaptive-Filter,18,5.572540971929956,0.5525033410362072,0.0,1.0,0.019047619047618144,Lunacek,2,1234
Wrong-Adaptive-Filter,19,5.572540971929956,0.5525033410362072,0.0,1.0,0.01818181818181736,Lunacek,2,1234
Wrong-Adaptive-Filter,20,5.572540971929956,0.5525033410362072,0.0,1.0,0.01739130434782533,Lunacek,2,1234
Oracle-Fixed-Filter,0,10.085986016806313,1.0,0.0,1.0,0.0,Lunacek,2,1234
Oracle-Fixed-Filter,1,10.085986016806313,1.0,0.0,1.0,1.0,Lunacek,2,1234
Oracle-Fixed-Filter,2,3.299513090022256,0.32713837640903587,1.0,0.25,1.0,Lunacek,2,1234
Oracle-Fixed-Filter,3,3.299513090022256,0.32713837640903587,1.0,0.25,1.0,Lunacek,2,1234
Oracle-Fixed-Filter,4,3.299513090022256,0.32713837640903587,1.0,0.25,1.0,Lunacek,2,1234
Oracle-Fixed-Filter,5,3.299513090022256,0.32713837640903587,1.0,0.25,1.0,Lunacek,2,1234
Oracle-Fixed-Filter,6,3.299513090022256,0.32713837640903587,1.0,0.25,1.0,Lunacek,2,1234
Oracle-Fixed-Filter,7,3.299513090022256,0.32713837640903587,1.0,0.25,1.0,Lunacek,2,1234
Oracle-Fixed-Filter,8,2.359721462756993,0.23396041386781433,1.0,0.25,1.0,Lunacek,2,1234
Oracle-Fixed-Filter,9,1.3769731039779216,0.13652340006058572,1.0,0.25,1.0,Lunacek,2,1234
Oracle-Fixed-Filter,10,1.3769731039779216,0.13652340006058572,1.0,0.25,1.0,Lunacek,2,1234
Oracle-Fixed-Filter,11,1.3769731039779216,0.13652340006058572,1.0,0.25,1.0,Lunacek,2,1234
Oracle-Fixed-Filter,12,1.3769731039779216,0.13652340006058572,1.0,0.25,1.0,Lunacek,2,1234
Oracle-Fixed-Filter,13,1.3769731039779216,0.13652340006058572,1.0,0.25,1.0,Lunacek,2,1234
Oracle-Fixed-Filter,14,1.3769731039779216,0.13652340006058572,1.0,0.25,1.0,Lunacek,2,1234
Oracle-Fixed-Filter,15,1.3769731039779216,0.13652340006058572,1.0,0.25,1.0,Lunacek,2,1234
Oracle-Fixed-Filter,16,1.3769731039779216,0.13652340006058572,1.0,0.25,1.0,Lunacek,2,1234
Oracle-Fixed-Filter,17,1.3769731039779216,0.13652340006058572,1.0,0.25,1.0,Lunacek,2,1234
Oracle-Fixed-Filter,18,1.3769731039779216,0.13652340006058572,1.0,0.25,1.0,Lunacek,2,1234
Oracle-Fixed-Filter,19,1.3769731039779216,0.13652340006058572,1.0,0.25,1.0,Lunacek,2,1234
Oracle-Fixed-Filter,20,1.3769731039779216,0.13652340006058572,1.0,0.25,1.0,Lunacek,2,1234
Matching-Soft-Rerank,0,10.085986016806313,1.0,0.0,1.0,,Lunacek,2,1234
Matching-Soft-Rerank,1,10.085986016806313,1.0,0.0,1.0,,Lunacek,2,1234
Matching-Soft-Rerank,2,10.085986016806313,1.0,0.0,1.0,,Lunacek,2,1234
Matching-Soft-Rerank,3,10.085986016806313,1.0,0.0,1.0,,Lunacek,2,1234
Matching-Soft-Rerank,4,10.085986016806313,1.0,0.0,1.0,,Lunacek,2,1234
Matching-Soft-Rerank,5,10.085986016806313,1.0,0.0,1.0,,Lunacek,2,1234
Matching-Soft-Rerank,6,10.085986016806313,1.0,0.0,1.0,,Lunacek,2,1234
Matching-Soft-Rerank,7,9.037570427237625,0.8960522463721733,0.0,1.0,,Lunacek,2,1234
Matching-Soft-Rerank,8,9.037570427237625,0.8960522463721733,0.0,1.0,,Lunacek,2,1234
Matching-Soft-Rerank,9,7.945918807363715,0.7878177497096867,0.0,1.0,,Lunacek,2,1234
Matching-Soft-Rerank,10,7.945918807363715,0.7878177497096867,0.0,1.0,,Lunacek,2,1234
Matching-Soft-Rerank,11,7.945918807363715,0.7878177497096867,0.0,1.0,,Lunacek,2,1234
Matching-Soft-Rerank,12,7.945918807363715,0.7878177497096867,0.0,1.0,,Lunacek,2,1234
Matching-Soft-Rerank,13,7.945918807363715,0.7878177497096867,0.0,1.0,,Lunacek,2,1234
Matching-Soft-Rerank,14,7.384534486730559,0.7321579143998103,0.0,1.0,,Lunacek,2,1234
Matching-Soft-Rerank,15,7.384534486730559,0.7321579143998103,0.0,1.0,,Lunacek,2,1234
Matching-Soft-Rerank,16,7.083556643190104,0.7023167225680017,0.0,1.0,,Lunacek,2,1234
Matching-Soft-Rerank,17,7.083556643190104,0.7023167225680017,0.0,1.0,,Lunacek,2,1234
Matching-Soft-Rerank,18,7.083556643190104,0.7023167225680017,0.0,1.0,,Lunacek,2,1234
Matching-Soft-Rerank,19,7.083556643190104,0.7023167225680017,0.0,1.0,,Lunacek,2,1234
Matching-Soft-Rerank,20,7.083556643190104,0.7023167225680017,0.0,1.0,,Lunacek,2,1234
Target-Only,0,5.433632476024606,1.0,0.0,1.0,0.0,Lunacek,2,5678
Target-Only,1,5.433632476024606,1.0,0.0,1.0,0.0,Lunacek,2,5678
Target-Only,2,5.433632476024606,1.0,0.0,1.0,0.0,Lunacek,2,5678
Target-Only,3,5.433632476024606,1.0,0.0,1.0,0.0,Lunacek,2,5678
Target-Only,4,5.433632476024606,1.0,0.0,1.0,0.0,Lunacek,2,5678
Target-Only,5,5.433632476024606,1.0,0.0,1.0,0.0,Lunacek,2,5678
Target-Only,6,5.433632476024606,1.0,0.0,1.0,0.0,Lunacek,2,5678
Target-Only,7,5.433632476024606,1.0,0.0,1.0,0.0,Lunacek,2,5678
Target-Only,8,5.433632476024606,1.0,0.0,1.0,0.0,Lunacek,2,5678
Target-Only,9,5.433632476024606,1.0,0.0,1.0,0.0,Lunacek,2,5678
Target-Only,10,5.433632476024606,1.0,0.0,1.0,0.0,Lunacek,2,5678
Target-Only,11,5.433632476024606,1.0,0.0,1.0,0.0,Lunacek,2,5678
Target-Only,12,3.6074262416386293,0.6639069273742859,0.0,1.0,0.0,Lunacek,2,5678
Target-Only,13,3.6074262416386293,0.6639069273742859,0.0,1.0,0.0,Lunacek,2,5678
Target-Only,14,3.1511030649576703,0.5799256903851369,0.0,1.0,0.0,Lunacek,2,5678
Target-Only,15,3.1511030649576703,0.5799256903851369,0.0,1.0,0.0,Lunacek,2,5678
Target-Only,16,3.1511030649576703,0.5799256903851369,0.0,1.0,0.0,Lunacek,2,5678
Target-Only,17,3.1511030649576703,0.5799256903851369,0.0,1.0,0.0,Lunacek,2,5678
Target-Only,18,3.1511030649576703,0.5799256903851369,0.0,1.0,0.0,Lunacek,2,5678
Target-Only,19,3.1511030649576703,0.5799256903851369,0.0,1.0,0.0,Lunacek,2,5678
Target-Only,20,3.1511030649576703,0.5799256903851369,0.0,1.0,0.0,Lunacek,2,5678
Matching-Fixed-Filter,0,5.433632476024606,1.0,0.0,1.0,0.0,Lunacek,2,5678
Matching-Fixed-Filter,1,5.433632476024606,1.0,1.0,0.25,1.0,Lunacek,2,5678
Matching-Fixed-Filter,2,5.433632476024606,1.0,1.0,0.25,1.0,Lunacek,2,5678
Matching-Fixed-Filter,3,5.433632476024606,1.0,1.0,0.25,1.0,Lunacek,2,5678
Matching-Fixed-Filter,4,5.433632476024606,1.0,1.0,0.25,1.0,Lunacek,2,5678
Matching-Fixed-Filter,5,5.433632476024606,1.0,1.0,0.25,1.0,Lunacek,2,5678
Matching-Fixed-Filter,6,5.433632476024606,1.0,1.0,0.25,1.0,Lunacek,2,5678
Matching-Fixed-Filter,7,5.433632476024606,1.0,1.0,0.25,1.0,Lunacek,2,5678
Matching-Fixed-Filter,8,5.433632476024606,1.0,1.0,0.25,1.0,Lunacek,2,5678
Matching-Fixed-Filter,9,5.433632476024606,1.0,1.0,0.25,1.0,Lunacek,2,5678
Matching-Fixed-Filter,10,5.433632476024606,1.0,1.0,0.25,1.0,Lunacek,2,5678
Matching-Fixed-Filter,11,5.433632476024606,1.0,1.0,0.25,1.0,Lunacek,2,5678
Matching-Fixed-Filter,12,5.433632476024606,1.0,1.0,0.25,1.0,Lunacek,2,5678
Matching-Fixed-Filter,13,3.3508638448546937,0.6166894539960268,1.0,0.25,1.0,Lunacek,2,5678
Matching-Fixed-Filter,14,3.3508638448546937,0.6166894539960268,1.0,0.25,1.0,Lunacek,2,5678
Matching-Fixed-Filter,15,3.3508638448546937,0.6166894539960268,1.0,0.25,1.0,Lunacek,2,5678
Matching-Fixed-Filter,16,2.7189567424993974,0.5003939361921402,1.0,0.25,1.0,Lunacek,2,5678
Matching-Fixed-Filter,17,2.7189567424993974,0.5003939361921402,1.0,0.25,1.0,Lunacek,2,5678
Matching-Fixed-Filter,18,2.7189567424993974,0.5003939361921402,1.0,0.25,1.0,Lunacek,2,5678
Matching-Fixed-Filter,19,2.7189567424993974,0.5003939361921402,1.0,0.25,1.0,Lunacek,2,5678
Matching-Fixed-Filter,20,2.7189567424993974,0.5003939361921402,1.0,0.25,1.0,Lunacek,2,5678
Matching-Adaptive-Filter,0,5.433632476024606,1.0,0.0,1.0,0.0,Lunacek,2,5678
Matching-Adaptive-Filter,1,5.433632476024606,1.0,1.0,0.88,0.16142857142854028,Lunacek,2,5678
Matching-Adaptive-Filter,2,5.433632476024606,1.0,1.0,0.88,0.16360389610387252,Lunacek,2,5678
Matching-Adaptive-Filter,3,5.433632476024606,1.0,1.0,0.91,0.12936507936506306,Lunacek,2,5678
Matching-Adaptive-Filter,4,5.433632476024606,1.0,1.0,0.89,0.1573031135530977,Lunacek,2,5678
Matching-Adaptive-Filter,5,5.433632476024606,1.0,1.0,0.94,0.08388991960419662,Lunacek,2,5678
Matching-Adaptive-Filter,6,5.433632476024606,1.0,1.0,0.89,0.15247474747473536,Lunacek,2,5678
Matching-Adaptive-Filter,7,5.433632476024606,1.0,1.0,0.91,0.12806818181817234,Lunacek,2,5678
Matching-Adaptive-Filter,8,5.433632476024606,1.0,1.0,0.96,0.06026069518716107,Lunacek,2,5678
Matching-Adaptive-Filter,9,5.433632476024606,1.0,1.0,0.95,0.07539004205670358,Lunacek,2,5678
Matching-Adaptive-Filter,10,5.433632476024606,1.0,1.0,0.93,0.09900231347599177,Lunacek,2,5678
Matching-Adaptive-Filter,11,5.433632476024606,1.0,1.0,0.93,0.10096715049655663,Lunacek,2,5678
Matching-Adaptive-Filter,12,5.433632476024606,1.0,1.0,0.93,0.09351291274084898,Lunacek,2,5678
Matching-Adaptive-Filter,13,5.433632476024606,1.0,1.0,0.96,0.06432123088469503,Lunacek,2,5678
Matching-Adaptive-Filter,14,5.433632476024606,1.0,1.0,0.96,0.05638258706639094,Lunacek,2,5678
Matching-Adaptive-Filter,15,3.2553263120357636,0.5991068270442629,0.0,1.0,0.048955722639930865,Lunacek,2,5678
Matching-Adaptive-Filter,16,3.2553263120357636,0.5991068270442629,1.0,0.96,0.06333185235816538,Lunacek,2,5678
Matching-Adaptive-Filter,17,3.2553263120357636,0.5991068270442629,0.0,1.0,0.04967715514299148,Lunacek,2,5678
Matching-Adaptive-Filter,18,3.2553263120357636,0.5991068270442629,1.0,0.96,0.06590987514900294,Lunacek,2,5678
Matching-Adaptive-Filter,19,3.2553263120357636,0.5991068270442629,0.0,1.0,0.028740824392997105,Lunacek,2,5678
Matching-Adaptive-Filter,20,3.2553263120357636,0.5991068270442629,1.0,0.96,0.06269361360043732,Lunacek,2,5678
Random-Adaptive-Filter,0,5.433632476024606,1.0,0.0,1.0,0.0,Lunacek,2,5678
Random-Adaptive-Filter,1,5.433632476024606,1.0,1.0,0.87,0.18214285714282394,Lunacek,2,5678
Random-Adaptive-Filter,2,5.433632476024606,1.0,1.0,0.87,0.18660173160170593,Lunacek,2,5678
Random-Adaptive-Filter,3,5.433632476024606,1.0,1.0,0.94,0.09047619047617739,Lunacek,2,5678
Random-Adaptive-Filter,4,5.433632476024606,1.0,1.0,0.95,0.07957875457874469,Lunacek,2,5678
Random-Adaptive-Filter,5,5.433632476024606,1.0,1.0,0.94,0.08506493506492631,Lunacek,2,5678
Random-Adaptive-Filter,6,5.433632476024606,1.0,1.0,0.92,0.11156565656564714,Lunacek,2,5678
Random-Adaptive-Filter,7,5.433632476024606,1.0,1.0,0.93,0.10206293706292921,Lunacek,2,5678
Random-Adaptive-Filter,8,5.433632476024606,1.0,1.0,0.93,0.10091734246145298,Lunacek,2,5678
Random-Adaptive-Filter,9,5.433632476024606,1.0,0.0,1.0,0.04757834757834404,Lunacek,2,5678
Random-Adaptive-Filter,10,5.433632476024606,1.0,1.0,0.97,0.05144592249855065,Lunacek,2,5678
Random-Adaptive-Filter,11,5.433632476024606,1.0,1.0,0.96,0.05768907563024861,Lunacek,2,5678
Random-Adaptive-Filter,12,5.433632476024606,1.0,1.0,0.96,0.06156395891689666,Lunacek,2,5678
Random-Adaptive-Filter,13,5.433632476024606,1.0,1.0,0.96,0.06013462801388183,Lunacek,2,5678
Random-Adaptive-Filter,14,5.433632476024606,1.0,1.0,0.96,0.05654638843156529,Lunacek,2,5678
Random-Adaptive-Filter,15,5.433632476024606,1.0,1.0,0.96,0.06649958228905292,Lunacek,2,5678
Random-Adaptive-Filter,16,5.433632476024606,1.0,1.0,0.93,0.10130587833218978,Lunacek,2,5678
Random-Adaptive-Filter,17,5.433632476024606,1.0,1.0,0.92,0.11985170109393228,Lunacek,2,5678
Random-Adaptive-Filter,18,5.433632476024606,1.0,1.0,0.91,0.12575424273793354,Lunacek,2,5678
Random-Adaptive-Filter,19,4.958949546691441,0.9126398534631007,1.0,0.89,0.15319734613212307,Lunacek,2,5678
Random-Adaptive-Filter,20,2.966320998227456,0.5459185933748868,1.0,0.88,0.16815507404668106,Lunacek,2,5678
Wrong-Adaptive-Filter,0,5.433632476024606,1.0,0.0,1.0,0.0,Lunacek,2,5678
Wrong-Adaptive-Filter,1,5.433632476024606,1.0,1.0,0.93,0.099999999999975,Lunacek,2,5678
Wrong-Adaptive-Filter,2,5.433632476024606,1.0,1.0,0.95,0.079999999999984,Lunacek,2,5678
Wrong-Adaptive-Filter,3,5.433632476024606,1.0,1.0,0.96,0.06666666666665555,Lunacek,2,5678
Wrong-Adaptive-Filter,4,5.433632476024606,1.0,1.0,0.96,0.05714285714284898,Lunacek,2,5678
Wrong-Adaptive-Filter,5,5.433632476024606,1.0,0.0,1.0,0.04999999999999375,Lunacek,2,5678
Wrong-Adaptive-Filter,6,5.433632476024606,1.0,0.0,1.0,0.04444444444443951,Lunacek,2,5678
Wrong-Adaptive-Filter,7,5.433632476024606,1.0,0.0,1.0,0.039999999999996004,Lunacek,2,5678
Wrong-Adaptive-Filter,8,5.433632476024606,1.0,0.0,1.0,0.03636363636363306,Lunacek,2,5678
Wrong-Adaptive-Filter,9,5.433632476024606,1.0,0.0,1.0,0.03333333333333056,Lunacek,2,5678
Wrong-Adaptive-Filter,10,5.433632476024606,1.0,0.0,1.0,0.0307692307692284,Lunacek,2,5678
Wrong-Adaptive-Filter,11,5.433632476024606,1.0,0.0,1.0,0.028571428571426534,Lunacek,2,5678
Wrong-Adaptive-Filter,12,3.6074262416386293,0.6639069273742859,0.0,1.0,0.026666666666664892,Lunacek,2,5678
Wrong-Adaptive-Filter,13,3.6074262416386293,0.6639069273742859,0.0,1.0,0.029679144385024947,Lunacek,2,5678
Wrong-Adaptive-Filter,14,3.1511030649576703,0.5799256903851369,0.0,1.0,0.0235294117647045,Lunacek,2,5678
Wrong-Adaptive-Filter,15,3.1511030649576703,0.5799256903851369,0.0,1.0,0.02222222222222099,Lunacek,2,5678
Wrong-Adaptive-Filter,16,3.1511030649576703,0.5799256903851369,0.0,1.0,0.028338345864660233,Lunacek,2,5678
Wrong-Adaptive-Filter,17,3.1511030649576703,0.5799256903851369,0.0,1.0,0.03899529042386014,Lunacek,2,5678
Wrong-Adaptive-Filter,18,3.1511030649576703,0.5799256903851369,0.0,1.0,0.028900613275612035,Lunacek,2,5678
Wrong-Adaptive-Filter,19,3.1511030649576703,0.5799256903851369,0.0,1.0,0.026916290231506507,Lunacek,2,5678
Wrong-Adaptive-Filter,20,3.1511030649576703,0.5799256903851369,0.0,1.0,0.01739130434782533,Lunacek,2,5678
Oracle-Fixed-Filter,0,5.433632476024606,1.0,0.0,1.0,0.0,Lunacek,2,5678
Oracle-Fixed-Filter,1,5.433632476024606,1.0,0.0,1.0,1.0,Lunacek,2,5678
Oracle-Fixed-Filter,2,5.433632476024606,1.0,0.0,1.0,1.0,Lunacek,2,5678
Oracle-Fixed-Filter,3,5.433632476024606,1.0,0.0,1.0,1.0,Lunacek,2,5678
Oracle-Fixed-Filter,4,5.433632476024606,1.0,0.0,1.0,1.0,Lunacek,2,5678
Oracle-Fixed-Filter,5,5.433632476024606,1.0,0.0,1.0,1.0,Lunacek,2,5678
Oracle-Fixed-Filter,6,5.433632476024606,1.0,0.0,1.0,1.0,Lunacek,2,5678
Oracle-Fixed-Filter,7,5.433632476024606,1.0,0.0,1.0,1.0,Lunacek,2,5678
Oracle-Fixed-Filter,8,5.433632476024606,1.0,0.0,1.0,1.0,Lunacek,2,5678
Oracle-Fixed-Filter,9,5.433632476024606,1.0,0.0,1.0,1.0,Lunacek,2,5678
Oracle-Fixed-Filter,10,5.433632476024606,1.0,0.0,1.0,1.0,Lunacek,2,5678
Oracle-Fixed-Filter,11,5.433632476024606,1.0,0.0,1.0,1.0,Lunacek,2,5678
Oracle-Fixed-Filter,12,3.6074262416386293,0.6639069273742859,0.0,1.0,1.0,Lunacek,2,5678
Oracle-Fixed-Filter,13,3.6074262416386293,0.6639069273742859,0.0,1.0,1.0,Lunacek,2,5678
Oracle-Fixed-Filter,14,3.1511030649576703,0.5799256903851369,0.0,1.0,1.0,Lunacek,2,5678
Oracle-Fixed-Filter,15,3.1511030649576703,0.5799256903851369,0.0,1.0,1.0,Lunacek,2,5678
Oracle-Fixed-Filter,16,3.1511030649576703,0.5799256903851369,0.0,1.0,1.0,Lunacek,2,5678
Oracle-Fixed-Filter,17,3.1511030649576703,0.5799256903851369,0.0,1.0,1.0,Lunacek,2,5678
Oracle-Fixed-Filter,18,3.1511030649576703,0.5799256903851369,0.0,1.0,1.0,Lunacek,2,5678
Oracle-Fixed-Filter,19,3.1511030649576703,0.5799256903851369,0.0,1.0,1.0,Lunacek,2,5678
Oracle-Fixed-Filter,20,3.1511030649576703,0.5799256903851369,0.0,1.0,1.0,Lunacek,2,5678
Matching-Soft-Rerank,0,5.433632476024606,1.0,0.0,1.0,,Lunacek,2,5678
Matching-Soft-Rerank,1,5.433632476024606,1.0,0.0,1.0,,Lunacek,2,5678
Matching-Soft-Rerank,2,5.433632476024606,1.0,0.0,1.0,,Lunacek,2,5678
Matching-Soft-Rerank,3,5.433632476024606,1.0,0.0,1.0,,Lunacek,2,5678
Matching-Soft-Rerank,4,5.433632476024606,1.0,0.0,1.0,,Lunacek,2,5678
Matching-Soft-Rerank,5,5.433632476024606,1.0,0.0,1.0,,Lunacek,2,5678
Matching-Soft-Rerank,6,5.433632476024606,1.0,0.0,1.0,,Lunacek,2,5678
Matching-Soft-Rerank,7,5.433632476024606,1.0,0.0,1.0,,Lunacek,2,5678
Matching-Soft-Rerank,8,5.433632476024606,1.0,0.0,1.0,,Lunacek,2,5678
Matching-Soft-Rerank,9,5.433632476024606,1.0,0.0,1.0,,Lunacek,2,5678
Matching-Soft-Rerank,10,3.6586010001457265,0.6733250760497624,0.0,1.0,,Lunacek,2,5678
Matching-Soft-Rerank,11,3.6586010001457265,0.6733250760497624,0.0,1.0,,Lunacek,2,5678
Matching-Soft-Rerank,12,3.6586010001457265,0.6733250760497624,0.0,1.0,,Lunacek,2,5678
Matching-Soft-Rerank,13,3.5474955420759873,0.6528773445257807,0.0,1.0,,Lunacek,2,5678
Matching-Soft-Rerank,14,3.5474955420759873,0.6528773445257807,0.0,1.0,,Lunacek,2,5678
Matching-Soft-Rerank,15,3.5474955420759873,0.6528773445257807,0.0,1.0,,Lunacek,2,5678
Matching-Soft-Rerank,16,2.429852037497228,0.44718741067209133,0.0,1.0,,Lunacek,2,5678
Matching-Soft-Rerank,17,2.429852037497228,0.44718741067209133,0.0,1.0,,Lunacek,2,5678
Matching-Soft-Rerank,18,2.429852037497228,0.44718741067209133,0.0,1.0,,Lunacek,2,5678
Matching-Soft-Rerank,19,2.429852037497228,0.44718741067209133,0.0,1.0,,Lunacek,2,5678
Matching-Soft-Rerank,20,2.429852037497228,0.44718741067209133,0.0,1.0,,Lunacek,2,5678
Target-Only,0,12.618322563443357,1.0,0.0,1.0,0.0,Lunacek,2,8888
Target-Only,1,12.618322563443357,1.0,0.0,1.0,0.0,Lunacek,2,8888
Target-Only,2,12.618322563443357,1.0,0.0,1.0,0.0,Lunacek,2,8888
Target-Only,3,12.618322563443357,1.0,0.0,1.0,0.0,Lunacek,2,8888
Target-Only,4,6.874276716228523,0.5447853057857345,0.0,1.0,0.0,Lunacek,2,8888
Target-Only,5,6.874276716228523,0.5447853057857345,0.0,1.0,0.0,Lunacek,2,8888
Target-Only,6,6.874276716228523,0.5447853057857345,0.0,1.0,0.0,Lunacek,2,8888
Target-Only,7,6.874276716228523,0.5447853057857345,0.0,1.0,0.0,Lunacek,2,8888
Target-Only,8,6.874276716228523,0.5447853057857345,0.0,1.0,0.0,Lunacek,2,8888
Target-Only,9,6.874276716228523,0.5447853057857345,0.0,1.0,0.0,Lunacek,2,8888
Target-Only,10,6.874276716228523,0.5447853057857345,0.0,1.0,0.0,Lunacek,2,8888
Target-Only,11,6.874276716228523,0.5447853057857345,0.0,1.0,0.0,Lunacek,2,8888
Target-Only,12,5.960232903152888,0.4723474830497935,0.0,1.0,0.0,Lunacek,2,8888
Target-Only,13,5.960232903152888,0.4723474830497935,0.0,1.0,0.0,Lunacek,2,8888
Target-Only,14,5.960232903152888,0.4723474830497935,0.0,1.0,0.0,Lunacek,2,8888
Target-Only,15,5.960232903152888,0.4723474830497935,0.0,1.0,0.0,Lunacek,2,8888
Target-Only,16,5.960232903152888,0.4723474830497935,0.0,1.0,0.0,Lunacek,2,8888
Target-Only,17,3.8317209243682773,0.3036632567524614,0.0,1.0,0.0,Lunacek,2,8888
Target-Only,18,3.8317209243682773,0.3036632567524614,0.0,1.0,0.0,Lunacek,2,8888
Target-Only,19,3.8317209243682773,0.3036632567524614,0.0,1.0,0.0,Lunacek,2,8888
Target-Only,20,3.8317209243682773,0.3036632567524614,0.0,1.0,0.0,Lunacek,2,8888
Matching-Fixed-Filter,0,12.618322563443357,1.0,0.0,1.0,0.0,Lunacek,2,8888
Matching-Fixed-Filter,1,12.618322563443357,1.0,1.0,0.25,1.0,Lunacek,2,8888
Matching-Fixed-Filter,2,12.618322563443357,1.0,1.0,0.25,1.0,Lunacek,2,8888
Matching-Fixed-Filter,3,10.550743486914351,0.8361446962436191,1.0,0.25,1.0,Lunacek,2,8888
Matching-Fixed-Filter,4,10.550743486914351,0.8361446962436191,1.0,0.25,1.0,Lunacek,2,8888
Matching-Fixed-Filter,5,5.131617514353403,0.4066798489698031,1.0,0.25,1.0,Lunacek,2,8888
Matching-Fixed-Filter,6,1.7453796387403289,0.1383210509926955,1.0,0.25,1.0,Lunacek,2,8888
Matching-Fixed-Filter,7,1.7453796387403289,0.1383210509926955,1.0,0.25,1.0,Lunacek,2,8888
Matching-Fixed-Filter,8,1.7453796387403289,0.1383210509926955,1.0,0.25,1.0,Lunacek,2,8888
Matching-Fixed-Filter,9,1.7453796387403289,0.1383210509926955,1.0,0.25,1.0,Lunacek,2,8888
Matching-Fixed-Filter,10,1.7453796387403289,0.1383210509926955,1.0,0.25,1.0,Lunacek,2,8888
Matching-Fixed-Filter,11,1.7453796387403289,0.1383210509926955,1.0,0.25,1.0,Lunacek,2,8888
Matching-Fixed-Filter,12,1.2122469546311994,0.09607037294665534,1.0,0.25,1.0,Lunacek,2,8888
Matching-Fixed-Filter,13,1.2122469546311994,0.09607037294665534,1.0,0.25,1.0,Lunacek,2,8888
Matching-Fixed-Filter,14,1.2122469546311994,0.09607037294665534,1.0,0.25,1.0,Lunacek,2,8888
Matching-Fixed-Filter,15,1.2122469546311994,0.09607037294665534,1.0,0.25,1.0,Lunacek,2,8888
Matching-Fixed-Filter,16,1.2122469546311994,0.09607037294665534,1.0,0.25,1.0,Lunacek,2,8888
Matching-Fixed-Filter,17,1.2122469546311994,0.09607037294665534,1.0,0.25,1.0,Lunacek,2,8888
Matching-Fixed-Filter,18,1.2122469546311994,0.09607037294665534,1.0,0.25,1.0,Lunacek,2,8888
Matching-Fixed-Filter,19,1.2122469546311994,0.09607037294665534,1.0,0.25,1.0,Lunacek,2,8888
Matching-Fixed-Filter,20,1.2122469546311994,0.09607037294665534,1.0,0.25,1.0,Lunacek,2,8888
Matching-Adaptive-Filter,0,12.618322563443357,1.0,0.0,1.0,0.0,Lunacek,2,8888
Matching-Adaptive-Filter,1,12.618322563443357,1.0,1.0,0.89,0.15785714285711208,Lunacek,2,8888
Matching-Adaptive-Filter,2,12.618322563443357,1.0,1.0,0.85,0.20256493506490797,Lunacek,2,8888
Matching-Adaptive-Filter,3,12.618322563443357,1.0,1.0,0.85,0.20238095238092996,Lunacek,2,8888
Matching-Adaptive-Filter,4,6.874276716228523,0.5447853057857345,1.0,0.79,0.28711080586078,Lunacek,2,8888
Matching-Adaptive-Filter,5,6.874276716228523,0.5447853057857345,1.0,0.82,0.2470727685013196,Lunacek,2,8888
Matching-Adaptive-Filter,6,6.874276716228523,0.5447853057857345,1.0,0.78,0.295126262626241,Lunacek,2,8888
Matching-Adaptive-Filter,7,6.874276716228523,0.5447853057857345,1.0,0.77,0.3166608391608179,Lunacek,2,8888
Matching-Adaptive-Filter,8,6.874276716228523,0.5447853057857345,1.0,0.76,0.32380168850755064,Lunacek,2,8888
Matching-Adaptive-Filter,9,6.874276716228523,0.5447853057857345,1.0,0.74,0.34848731515396153,Lunacek,2,8888
Matching-Adaptive-Filter,10,6.874276716228523,0.5447853057857345,1.0,0.75,0.3450549450549261,Lunacek,2,8888
Matching-Adaptive-Filter,11,6.874276716228523,0.5447853057857345,1.0,0.76,0.3231008403361177,Lunacek,2,8888
Matching-Adaptive-Filter,12,6.874276716228523,0.5447853057857345,1.0,0.75,0.33884570494862953,Lunacek,2,8888
Matching-Adaptive-Filter,13,6.874276716228523,0.5447853057857345,1.0,0.74,0.35237592644711746,Lunacek,2,8888
Matching-Adaptive-Filter,14,6.874276716228523,0.5447853057857345,1.0,0.76,0.32639813597208833,Lunacek,2,8888
Matching-Adaptive-Filter,15,6.874276716228523,0.5447853057857345,1.0,0.79,0.29239766081870094,Lunacek,2,8888
Matching-Adaptive-Filter,16,6.874276716228523,0.5447853057857345,1.0,0.79,0.28653964456594866,Lunacek,2,8888
Matching-Adaptive-Filter,17,6.874276716228523,0.5447853057857345,1.0,0.86,0.1995372329533741,Lunacek,2,8888
Matching-Adaptive-Filter,18,5.671910216017009,0.44949795723634023,1.0,0.84,0.21600195798564542,Lunacek,2,8888
Matching-Adaptive-Filter,19,5.671910216017009,0.44949795723634023,1.0,0.86,0.1952392715979601,Lunacek,2,8888
Matching-Adaptive-Filter,20,5.671910216017009,0.44949795723634023,1.0,0.86,0.1981868652777614,Lunacek,2,8888
Random-Adaptive-Filter,0,12.618322563443357,1.0,0.0,1.0,0.0,Lunacek,2,8888
Random-Adaptive-Filter,1,12.618322563443357,1.0,1.0,0.88,0.16714285714282545,Lunacek,2,8888
Random-Adaptive-Filter,2,12.618322563443357,1.0,1.0,0.87,0.17334415584413138,Lunacek,2,8888
Random-Adaptive-Filter,3,12.618322563443357,1.0,1.0,0.91,0.1253968253968094,Lunacek,2,8888
Random-Adaptive-Filter,4,6.874276716228523,0.5447853057857345,1.0,0.93,0.1020146520146404,Lunacek,2,8888
Random-Adaptive-Filter,5,6.874276716228523,0.5447853057857345,0.0,1.0,0.04999999999999375,Lunacek,2,8888
Random-Adaptive-Filter,6,5.819230583095501,0.4611730722397635,1.0,0.96,0.05717171717171139,Lunacek,2,8888
Random-Adaptive-Filter,7,5.471055381652387,0.433580244453619,1.0,0.96,0.05398601398600912,Lunacek,2,8888
Random-Adaptive-Filter,8,5.471055381652387,0.433580244453619,1.0,0.96,0.05818005523887418,Lunacek,2,8888
Random-Adaptive-Filter,9,5.471055381652387,0.433580244453619,1.0,0.96,0.05436168769501707,Lunacek,2,8888
Random-Adaptive-Filter,10,5.471055381652387,0.433580244453619,1.0,0.96,0.06075043377674563,Lunacek,2,8888
Random-Adaptive-Filter,11,5.471055381652387,0.433580244453619,1.0,0.94,0.0845874713521724,Lunacek,2,8888
Random-Adaptive-Filter,12,5.471055381652387,0.433580244453619,1.0,0.94,0.09211633138103237,Lunacek,2,8888
Random-Adaptive-Filter,13,5.471055381652387,0.433580244453619,1.0,0.95,0.07400788066422362,Lunacek,2,8888
Random-Adaptive-Filter,14,2.887009422676304,0.22879502470798158,1.0,0.94,0.08498670605952471,Lunacek,2,8888
Random-Adaptive-Filter,15,2.887009422676304,0.22879502470798158,1.0,0.96,0.06332497911444986,Lunacek,2,8888
Random-Adaptive-Filter,16,2.887009422676304,0.22879502470798158,1.0,0.94,0.08143574846206075,Lunacek,2,8888
Random-Adaptive-Filter,17,2.887009422676304,0.22879502470798158,1.0,0.96,0.06515050167223808,Lunacek,2,8888
Random-Adaptive-Filter,18,2.887009422676304,0.22879502470798158,1.0,0.95,0.07537172971955282,Lunacek,2,8888
Random-Adaptive-Filter,19,2.887009422676304,0.22879502470798158,1.0,0.96,0.06499858836815109,Lunacek,2,8888
Random-Adaptive-Filter,20,2.3397024240467443,0.1854210345537619,1.0,0.96,0.06165123179360313,Lunacek,2,8888
Wrong-Adaptive-Filter,0,12.618322563443357,1.0,0.0,1.0,0.0,Lunacek,2,8888
Wrong-Adaptive-Filter,1,12.618322563443357,1.0,1.0,0.92,0.11428571428568786,Lunacek,2,8888
Wrong-Adaptive-Filter,2,12.618322563443357,1.0,1.0,0.91,0.13221861471859397,Lunacek,2,8888
Wrong-Adaptive-Filter,3,12.618322563443357,1.0,1.0,0.9,0.14523809523807757,Lunacek,2,8888
Wrong-Adaptive-Filter,4,6.874276716228523,0.5447853057857345,1.0,0.85,0.20938644688642702,Lunacek,2,8888
Wrong-Adaptive-Filter,5,6.874276716228523,0.5447853057857345,1.0,0.91,0.1289940218511528,Lunacek,2,8888
Wrong-Adaptive-Filter,6,6.874276716228523,0.5447853057857345,1.0,0.89,0.14891414141412956,Lunacek,2,8888
Wrong-Adaptive-Filter,7,6.874276716228523,0.5447853057857345,1.0,0.88,0.1641258741258624,Lunacek,2,8888
Wrong-Adaptive-Filter,8,6.874276716228523,0.5447853057857345,1.0,0.88,0.16041421813479578,Lunacek,2,8888
Wrong-Adaptive-Filter,9,6.874276716228523,0.5447853057857345,1.0,0.87,0.18541581874914087,Lunacek,2,8888
Wrong-Adaptive-Filter,10,6.874276716228523,0.5447853057857345,1.0,0.86,0.19618276460380618,Lunacek,2,8888
Wrong-Adaptive-Filter,11,6.874276716228523,0.5447853057857345,1.0,0.85,0.2087532467532357,Lunacek,2,8888
Wrong-Adaptive-Filter,12,5.960232903152888,0.4723474830497935,1.0,0.9,0.14151393133010057,Lunacek,2,8888
Wrong-Adaptive-Filter,13,5.960232903152888,0.4723474830497935,0.0,1.0,0.043880758044842316,Lunacek,2,8888
Wrong-Adaptive-Filter,14,5.960232903152888,0.4723474830497935,0.0,1.0,0.0235294117647045,Lunacek,2,8888
Wrong-Adaptive-Filter,15,5.960232903152888,0.4723474830497935,0.0,1.0,0.02222222222222099,Lunacek,2,8888
Wrong-Adaptive-Filter,16,5.960232903152888,0.4723474830497935,0.0,1.0,0.021052631578946265,Lunacek,2,8888
Wrong-Adaptive-Filter,17,3.8317209243682773,0.3036632567524614,0.0,1.0,0.019999999999999005,Lunacek,2,8888
Wrong-Adaptive-Filter,18,3.8317209243682773,0.3036632567524614,0.0,1.0,0.019047619047618144,Lunacek,2,8888
Wrong-Adaptive-Filter,19,3.8317209243682773,0.3036632567524614,0.0,1.0,0.01818181818181736,Lunacek,2,8888
Wrong-Adaptive-Filter,20,3.8317209243682773,0.3036632567524614,0.0,1.0,0.01739130434782533,Lunacek,2,8888
Oracle-Fixed-Filter,0,12.618322563443357,1.0,0.0,1.0,0.0,Lunacek,2,8888
Oracle-Fixed-Filter,1,12.618322563443357,1.0,1.0,0.25,1.0,Lunacek,2,8888
Oracle-Fixed-Filter,2,12.618322563443357,1.0,1.0,0.25,1.0,Lunacek,2,8888
Oracle-Fixed-Filter,3,8.971542189972359,0.7109932516675304,1.0,0.25,1.0,Lunacek,2,8888
Oracle-Fixed-Filter,4,8.971542189972359,0.7109932516675304,1.0,0.25,1.0,Lunacek,2,8888
Oracle-Fixed-Filter,5,5.131617514353403,0.4066798489698031,1.0,0.25,1.0,Lunacek,2,8888
Oracle-Fixed-Filter,6,1.5306128489069681,0.12130081801374445,1.0,0.25,1.0,Lunacek,2,8888
Oracle-Fixed-Filter,7,1.5306128489069681,0.12130081801374445,1.0,0.25,1.0,Lunacek,2,8888
Oracle-Fixed-Filter,8,1.5306128489069681,0.12130081801374445,0.0,1.0,1.0,Lunacek,2,8888
Oracle-Fixed-Filter,9,1.5306128489069681,0.12130081801374445,1.0,0.25,1.0,Lunacek,2,8888
Oracle-Fixed-Filter,10,1.4796993646754668,0.11726593271298323,1.0,0.25,1.0,Lunacek,2,8888
Oracle-Fixed-Filter,11,1.4796993646754668,0.11726593271298323,0.0,1.0,1.0,Lunacek,2,8888
Oracle-Fixed-Filter,12,1.4796993646754668,0.11726593271298323,0.0,1.0,1.0,Lunacek,2,8888
Oracle-Fixed-Filter,13,1.4796993646754668,0.11726593271298323,0.0,1.0,1.0,Lunacek,2,8888
Oracle-Fixed-Filter,14,1.4796993646754668,0.11726593271298323,0.0,1.0,1.0,Lunacek,2,8888
Oracle-Fixed-Filter,15,1.4796993646754668,0.11726593271298323,0.0,1.0,1.0,Lunacek,2,8888
Oracle-Fixed-Filter,16,1.4796993646754668,0.11726593271298323,0.0,1.0,1.0,Lunacek,2,8888
Oracle-Fixed-Filter,17,1.4796993646754668,0.11726593271298323,1.0,0.25,1.0,Lunacek,2,8888
Oracle-Fixed-Filter,18,1.4796993646754668,0.11726593271298323,0.0,1.0,1.0,Lunacek,2,8888
Oracle-Fixed-Filter,19,1.4796993646754668,0.11726593271298323,0.0,1.0,1.0,Lunacek,2,8888
Oracle-Fixed-Filter,20,1.4796993646754668,0.11726593271298323,0.0,1.0,1.0,Lunacek,2,8888
Matching-Soft-Rerank,0,12.618322563443357,1.0,0.0,1.0,,Lunacek,2,8888
Matching-Soft-Rerank,1,12.618322563443357,1.0,0.0,1.0,,Lunacek,2,8888
Matching-Soft-Rerank,2,2.5616794380847088,0.2030126766220235,0.0,1.0,,Lunacek,2,8888
Matching-Soft-Rerank,3,0.1294710164163463,0.010260556881897902,0.0,1.0,,Lunacek,2,8888
Matching-Soft-Rerank,4,0.1294710164163463,0.010260556881897902,0.0,1.0,,Lunacek,2,8888
Matching-Soft-Rerank,5,0.1294710164163463,0.010260556881897902,0.0,1.0,,Lunacek,2,8888
Matching-Soft-Rerank,6,0.1294710164163463,0.010260556881897902,0.0,1.0,,Lunacek,2,8888
Matching-Soft-Rerank,7,0.1294710164163463,0.010260556881897902,0.0,1.0,,Lunacek,2,8888
Matching-Soft-Rerank,8,0.1294710164163463,0.010260556881897902,0.0,1.0,,Lunacek,2,8888
Matching-Soft-Rerank,9,0.1294710164163463,0.010260556881897902,0.0,1.0,,Lunacek,2,8888
Matching-Soft-Rerank,10,0.1294710164163463,0.010260556881897902,0.0,1.0,,Lunacek,2,8888
Matching-Soft-Rerank,11,0.1294710164163463,0.010260556881897902,0.0,1.0,,Lunacek,2,8888
Matching-Soft-Rerank,12,0.1294710164163463,0.010260556881897902,0.0,1.0,,Lunacek,2,8888
Matching-Soft-Rerank,13,0.1294710164163463,0.010260556881897902,0.0,1.0,,Lunacek,2,8888
Matching-Soft-Rerank,14,0.1294710164163463,0.010260556881897902,0.0,1.0,,Lunacek,2,8888
Matching-Soft-Rerank,15,0.1294710164163463,0.010260556881897902,0.0,1.0,,Lunacek,2,8888
Matching-Soft-Rerank,16,0.1294710164163463,0.010260556881897902,0.0,1.0,,Lunacek,2,8888
Matching-Soft-Rerank,17,0.1294710164163463,0.010260556881897902,0.0,1.0,,Lunacek,2,8888
Matching-Soft-Rerank,18,0.1294710164163463,0.010260556881897902,0.0,1.0,,Lunacek,2,8888
Matching-Soft-Rerank,19,0.1294710164163463,0.010260556881897902,0.0,1.0,,Lunacek,2,8888
Matching-Soft-Rerank,20,0.025820680597310193,0.0020462847155386164,0.0,1.0,,Lunacek,2,8888
Target-Only,0,8.09282858543249,1.0,0.0,1.0,0.0,Ackley,2,42
Target-Only,1,6.333518113353115,0.7826087067695682,0.0,1.0,0.0,Ackley,2,42
Target-Only,2,5.874810967607761,0.7259280121393803,0.0,1.0,0.0,Ackley,2,42
Target-Only,3,5.874810967607761,0.7259280121393803,0.0,1.0,0.0,Ackley,2,42
Target-Only,4,5.6980424238354495,0.7040853965561831,0.0,1.0,0.0,Ackley,2,42
Target-Only,5,5.133853829501856,0.6343707611382079,0.0,1.0,0.0,Ackley,2,42
Target-Only,6,5.133853829501856,0.6343707611382079,0.0,1.0,0.0,Ackley,2,42
Target-Only,7,5.133853829501856,0.6343707611382079,0.0,1.0,0.0,Ackley,2,42
Target-Only,8,5.133853829501856,0.6343707611382079,0.0,1.0,0.0,Ackley,2,42
Target-Only,9,5.133853829501856,0.6343707611382079,0.0,1.0,0.0,Ackley,2,42
Target-Only,10,5.133853829501856,0.6343707611382079,0.0,1.0,0.0,Ackley,2,42
Target-Only,11,5.133853829501856,0.6343707611382079,0.0,1.0,0.0,Ackley,2,42
Target-Only,12,5.133853829501856,0.6343707611382079,0.0,1.0,0.0,Ackley,2,42
Target-Only,13,5.133853829501856,0.6343707611382079,0.0,1.0,0.0,Ackley,2,42
Target-Only,14,5.133853829501856,0.6343707611382079,0.0,1.0,0.0,Ackley,2,42
Target-Only,15,5.133853829501856,0.6343707611382079,0.0,1.0,0.0,Ackley,2,42
Target-Only,16,3.8794168078558973,0.4793647569453092,0.0,1.0,0.0,Ackley,2,42
Target-Only,17,0.15407405631343396,0.01903834421882786,0.0,1.0,0.0,Ackley,2,42
Target-Only,18,0.15407405631343396,0.01903834421882786,0.0,1.0,0.0,Ackley,2,42
Target-Only,19,0.15407405631343396,0.01903834421882786,0.0,1.0,0.0,Ackley,2,42
Target-Only,20,0.15407405631343396,0.01903834421882786,0.0,1.0,0.0,Ackley,2,42
Matching-Fixed-Filter,0,8.09282858543249,1.0,0.0,1.0,0.0,Ackley,2,42
Matching-Fixed-Filter,1,6.333518113353115,0.7826087067695682,1.0,0.25,1.0,Ackley,2,42
Matching-Fixed-Filter,2,5.679105215185906,0.7017453978215464,1.0,0.25,1.0,Ackley,2,42
Matching-Fixed-Filter,3,5.57704602865579,0.6891343329197359,1.0,0.25,1.0,Ackley,2,42
Matching-Fixed-Filter,4,5.57704602865579,0.6891343329197359,1.0,0.25,1.0,Ackley,2,42
Matching-Fixed-Filter,5,2.7365755633278757,0.33814821782508186,1.0,0.25,1.0,Ackley,2,42
Matching-Fixed-Filter,6,2.7365755633278757,0.33814821782508186,1.0,0.25,1.0,Ackley,2,42
Matching-Fixed-Filter,7,2.7365755633278757,0.33814821782508186,1.0,0.25,1.0,Ackley,2,42
Matching-Fixed-Filter,8,2.7365755633278757,0.33814821782508186,1.0,0.25,1.0,Ackley,2,42
Matching-Fixed-Filter,9,2.7365755633278757,0.33814821782508186,1.0,0.25,1.0,Ackley,2,42
Matching-Fixed-Filter,10,2.7365755633278757,0.33814821782508186,1.0,0.25,1.0,Ackley,2,42
Matching-Fixed-Filter,11,2.7365755633278757,0.33814821782508186,1.0,0.25,1.0,Ackley,2,42
Matching-Fixed-Filter,12,2.7365755633278757,0.33814821782508186,1.0,0.25,1.0,Ackley,2,42
Matching-Fixed-Filter,13,2.7365755633278757,0.33814821782508186,1.0,0.25,1.0,Ackley,2,42
Matching-Fixed-Filter,14,2.7365755633278757,0.33814821782508186,1.0,0.25,1.0,Ackley,2,42
Matching-Fixed-Filter,15,2.7365755633278757,0.33814821782508186,1.0,0.25,1.0,Ackley,2,42
Matching-Fixed-Filter,16,2.7365755633278757,0.33814821782508186,1.0,0.25,1.0,Ackley,2,42
Matching-Fixed-Filter,17,2.7365755633278757,0.33814821782508186,1.0,0.25,1.0,Ackley,2,42
Matching-Fixed-Filter,18,2.7365755633278757,0.33814821782508186,1.0,0.25,1.0,Ackley,2,42
Matching-Fixed-Filter,19,2.7365755633278757,0.33814821782508186,1.0,0.25,1.0,Ackley,2,42
Matching-Fixed-Filter,20,2.6499228038466964,0.327440866425454,1.0,0.25,1.0,Ackley,2,42
Matching-Adaptive-Filter,0,8.09282858543249,1.0,0.0,1.0,0.0,Ackley,2,42
Matching-Adaptive-Filter,1,6.333518113353115,0.7826087067695682,1.0,0.84,0.21642857142853478,Ackley,2,42
Matching-Adaptive-Filter,2,5.874810967607761,0.7259280121393803,1.0,0.81,0.2583008658008336,Ackley,2,42
Matching-Adaptive-Filter,3,5.874810967607761,0.7259280121393803,1.0,0.78,0.29682539682536657,Ackley,2,42
Matching-Adaptive-Filter,4,5.6980424238354495,0.7040853965561831,1.0,0.77,0.31034798534795777,Ackley,2,42
Matching-Adaptive-Filter,5,5.133853829501856,0.6343707611382079,1.0,0.79,0.2860338074623558,Ackley,2,42
Matching-Adaptive-Filter,6,5.133853829501856,0.6343707611382079,1.0,0.8,0.27686868686866645,Ackley,2,42
Matching-Adaptive-Filter,7,5.133853829501856,0.6343707611382079,1.0,0.77,0.31403846153844045,Ackley,2,42
Matching-Adaptive-Filter,8,5.133853829501856,0.6343707611382079,1.0,0.75,0.3428439207850759,Ackley,2,42
Matching-Adaptive-Filter,9,5.133853829501856,0.6343707611382079,1.0,0.71,0.3919006919006692,Ackley,2,42
Matching-Adaptive-Filter,10,5.133853829501856,0.6343707611382079,1.0,0.7,0.409152689415825,Ackley,2,42
Matching-Adaptive-Filter,11,5.133853829501856,0.6343707611382079,1.0,0.71,0.3882024446141893,Ackley,2,42
Matching-Adaptive-Filter,12,5.133853829501856,0.6343707611382079,1.0,0.72,0.3863122294372106,Ackley,2,42
Matching-Adaptive-Filter,13,4.305775377091308,0.532048261202755,1.0,0.74,0.3571371610845129,Ackley,2,42
Matching-Adaptive-Filter,14,3.473976275488124,0.42926601481977017,1.0,0.75,0.3465041423481168,Ackley,2,42
Matching-Adaptive-Filter,15,3.473976275488124,0.42926601481977017,1.0,0.74,0.35321637426899094,Ackley,2,42
Matching-Adaptive-Filter,16,1.2117081893147241,0.1497261651501999,1.0,0.74,0.3542084757347771,Ackley,2,42
Matching-Adaptive-Filter,17,1.2117081893147241,0.1497261651501999,1.0,0.73,0.3712202083630511,Ackley,2,42
Matching-Adaptive-Filter,18,1.2117081893147241,0.1497261651501999,1.0,0.72,0.3858310721082315,Ackley,2,42
Matching-Adaptive-Filter,19,1.2117081893147241,0.1497261651501999,1.0,0.7,0.4052936194240396,Ackley,2,42
Matching-Adaptive-Filter,20,1.2117081893147241,0.1497261651501999,1.0,0.68,0.4310288160501047,Ackley,2,42
Random-Adaptive-Filter,0,8.09282858543249,1.0,0.0,1.0,0.0,Ackley,2,42
Random-Adaptive-Filter,1,6.333518113353115,0.7826087067695682,0.0,1.0,0.10857142857140271,Ackley,2,42
Random-Adaptive-Filter,2,5.874810967607761,0.7259280121393803,0.0,1.0,0.079999999999984,Ackley,2,42
Random-Adaptive-Filter,3,5.874810967607761,0.7259280121393803,1.0,0.96,0.06666666666665555,Ackley,2,42
Random-Adaptive-Filter,4,5.6980424238354495,0.7040853965561831,1.0,0.96,0.05714285714284898,Ackley,2,42
Random-Adaptive-Filter,5,5.133853829501856,0.6343707611382079,0.0,1.0,0.04999999999999375,Ackley,2,42
Random-Adaptive-Filter,6,5.133853829501856,0.6343707611382079,0.0,1.0,0.04444444444443951,Ackley,2,42
Random-Adaptive-Filter,7,5.133853829501856,0.6343707611382079,0.0,1.0,0.039999999999996004,Ackley,2,42
Random-Adaptive-Filter,8,5.133853829501856,0.6343707611382079,0.0,1.0,0.03636363636363306,Ackley,2,42
Random-Adaptive-Filter,9,5.133853829501856,0.6343707611382079,0.0,1.0,0.03333333333333056,Ackley,2,42
Random-Adaptive-Filter,10,5.133853829501856,0.6343707611382079,0.0,1.0,0.0307692307692284,Ackley,2,42
Random-Adaptive-Filter,11,5.133853829501856,0.6343707611382079,0.0,1.0,0.028571428571426534,Ackley,2,42
Random-Adaptive-Filter,12,5.133853829501856,0.6343707611382079,0.0,1.0,0.026666666666664892,Ackley,2,42
Random-Adaptive-Filter,13,5.133853829501856,0.6343707611382079,0.0,1.0,0.02499999999999844,Ackley,2,42
Random-Adaptive-Filter,14,5.133853829501856,0.6343707611382079,0.0,1.0,0.0235294117647045,Ackley,2,42
Random-Adaptive-Filter,15,5.133853829501856,0.6343707611382079,0.0,1.0,0.030743525480365998,Ackley,2,42
Random-Adaptive-Filter,16,3.8794168078558973,0.4793647569453092,0.0,1.0,0.021052631578946265,Ackley,2,42
Random-Adaptive-Filter,17,0.15407405631343396,0.01903834421882786,0.0,1.0,0.019999999999999005,Ackley,2,42
Random-Adaptive-Filter,18,0.15407405631343396,0.01903834421882786,0.0,1.0,0.03411580870819852,Ackley,2,42
Random-Adaptive-Filter,19,0.15407405631343396,0.01903834421882786,0.0,1.0,0.041007905138338296,Ackley,2,42
Random-Adaptive-Filter,20,0.15407405631343396,0.01903834421882786,0.0,1.0,0.033823665090530336,Ackley,2,42
Wrong-Adaptive-Filter,0,8.09282858543249,1.0,0.0,1.0,0.0,Ackley,2,42
Wrong-Adaptive-Filter,1,6.333518113353115,0.7826087067695682,1.0,0.85,0.21071428571424966,Ackley,2,42
Wrong-Adaptive-Filter,2,5.874810967607761,0.7259280121393803,1.0,0.84,0.2158225108224825,Ackley,2,42
Wrong-Adaptive-Filter,3,5.874810967607761,0.7259280121393803,1.0,0.87,0.18095238095236033,Ackley,2,42
Wrong-Adaptive-Filter,4,5.6980424238354495,0.7040853965561831,1.0,0.86,0.18935439560437728,Ackley,2,42
Wrong-Adaptive-Filter,5,5.133853829501856,0.6343707611382079,1.0,0.89,0.1592145949288666,Ackley,2,42
Wrong-Adaptive-Filter,6,5.133853829501856,0.6343707611382079,0.0,1.0,0.12785353535352484,Ackley,2,42
Wrong-Adaptive-Filter,7,5.133853829501856,0.6343707611382079,1.0,0.9,0.13724650349649345,Ackley,2,42
Wrong-Adaptive-Filter,8,5.133853829501856,0.6343707611382079,1.0,0.87,0.1750931666372728,Ackley,2,42
Wrong-Adaptive-Filter,9,5.133853829501856,0.6343707611382079,1.0,0.82,0.24836521503186698,Ackley,2,42
Wrong-Adaptive-Filter,10,5.133853829501856,0.6343707611382079,1.0,0.8,0.26855118565643393,Ackley,2,42
Wrong-Adaptive-Filter,11,5.133853829501856,0.6343707611382079,1.0,0.82,0.2498922841863887,Ackley,2,42
Wrong-Adaptive-Filter,12,5.133853829501856,0.6343707611382079,1.0,0.79,0.2841204057380388,Ackley,2,42
Wrong-Adaptive-Filter,13,5.133853829501856,0.6343707611382079,1.0,0.79,0.28506191950463056,Ackley,2,42
Wrong-Adaptive-Filter,14,5.133853829501856,0.6343707611382079,1.0,0.81,0.2535016388765097,Ackley,2,42
Wrong-Adaptive-Filter,15,5.133853829501856,0.6343707611382079,1.0,0.79,0.28120300751878496,Ackley,2,42
Wrong-Adaptive-Filter,16,3.4515348485112054,0.42649301317516425,1.0,0.77,0.3117084757347788,Ackley,2,42
Wrong-Adaptive-Filter,17,0.15407405631343396,0.01903834421882786,1.0,0.79,0.29023287271733345,Ackley,2,42
Wrong-Adaptive-Filter,18,0.15407405631343396,0.01903834421882786,1.0,0.78,0.2967443587008693,Ackley,2,42
Wrong-Adaptive-Filter,19,0.15407405631343396,0.01903834421882786,1.0,0.78,0.3031197063805649,Ackley,2,42
Wrong-Adaptive-Filter,20,0.15407405631343396,0.01903834421882786,1.0,0.78,0.30030615065769234,Ackley,2,42
Oracle-Fixed-Filter,0,8.09282858543249,1.0,0.0,1.0,0.0,Ackley,2,42
Oracle-Fixed-Filter,1,6.333518113353115,0.7826087067695682,1.0,0.25,1.0,Ackley,2,42
Oracle-Fixed-Filter,2,6.333518113353115,0.7826087067695682,1.0,0.25,1.0,Ackley,2,42
Oracle-Fixed-Filter,3,5.943666904396402,0.7344362779529655,1.0,0.25,1.0,Ackley,2,42
Oracle-Fixed-Filter,4,5.943666904396402,0.7344362779529655,1.0,0.25,1.0,Ackley,2,42
Oracle-Fixed-Filter,5,5.943666904396402,0.7344362779529655,1.0,0.25,1.0,Ackley,2,42
Oracle-Fixed-Filter,6,3.9532999133824913,0.4884942108496694,1.0,0.25,1.0,Ackley,2,42
Oracle-Fixed-Filter,7,3.9532999133824913,0.4884942108496694,1.0,0.25,1.0,Ackley,2,42
Oracle-Fixed-Filter,8,1.4701979826078717,0.18166676423300296,1.0,0.25,1.0,Ackley,2,42
Oracle-Fixed-Filter,9,1.4701979826078717,0.18166676423300296,1.0,0.25,1.0,Ackley,2,42
Oracle-Fixed-Filter,10,1.2445642288009364,0.1537860607898227,1.0,0.25,1.0,Ackley,2,42
Oracle-Fixed-Filter,11,1.2445642288009364,0.1537860607898227,1.0,0.25,1.0,Ackley,2,42
Oracle-Fixed-Filter,12,1.2445642288009364,0.1537860607898227,1.0,0.25,1.0,Ackley,2,42
Oracle-Fixed-Filter,13,1.2445642288009364,0.1537860607898227,0.0,1.0,1.0,Ackley,2,42
Oracle-Fixed-Filter,14,1.2445642288009364,0.1537860607898227,1.0,0.25,1.0,Ackley,2,42
Oracle-Fixed-Filter,15,1.2445642288009364,0.1537860607898227,1.0,0.25,1.0,Ackley,2,42
Oracle-Fixed-Filter,16,1.2445642288009364,0.1537860607898227,1.0,0.25,1.0,Ackley,2,42
Oracle-Fixed-Filter,17,0.15407405631343396,0.01903834421882786,1.0,0.25,1.0,Ackley,2,42
Oracle-Fixed-Filter,18,0.15407405631343396,0.01903834421882786,0.0,1.0,1.0,Ackley,2,42
Oracle-Fixed-Filter,19,0.15407405631343396,0.01903834421882786,1.0,0.25,1.0,Ackley,2,42
Oracle-Fixed-Filter,20,0.15407405631343396,0.01903834421882786,1.0,0.25,1.0,Ackley,2,42
Matching-Soft-Rerank,0,8.09282858543249,1.0,0.0,1.0,,Ackley,2,42
Matching-Soft-Rerank,1,6.633696415329059,0.8197005960647745,0.0,1.0,,Ackley,2,42
Matching-Soft-Rerank,2,6.633696415329059,0.8197005960647745,0.0,1.0,,Ackley,2,42
Matching-Soft-Rerank,3,5.676303737305858,0.7013992298716789,0.0,1.0,,Ackley,2,42
Matching-Soft-Rerank,4,2.691005891910294,0.3325173471181934,0.0,1.0,,Ackley,2,42
Matching-Soft-Rerank,5,2.691005891910294,0.3325173471181934,0.0,1.0,,Ackley,2,42
Matching-Soft-Rerank,6,2.691005891910294,0.3325173471181934,0.0,1.0,,Ackley,2,42
Matching-Soft-Rerank,7,2.691005891910294,0.3325173471181934,0.0,1.0,,Ackley,2,42
Matching-Soft-Rerank,8,2.691005891910294,0.3325173471181934,0.0,1.0,,Ackley,2,42
Matching-Soft-Rerank,9,2.691005891910294,0.3325173471181934,0.0,1.0,,Ackley,2,42
Matching-Soft-Rerank,10,2.691005891910294,0.3325173471181934,0.0,1.0,,Ackley,2,42
Matching-Soft-Rerank,11,2.691005891910294,0.3325173471181934,0.0,1.0,,Ackley,2,42
Matching-Soft-Rerank,12,2.691005891910294,0.3325173471181934,0.0,1.0,,Ackley,2,42
Matching-Soft-Rerank,13,2.691005891910294,0.3325173471181934,0.0,1.0,,Ackley,2,42
Matching-Soft-Rerank,14,2.1953569426679924,0.27127189455362344,0.0,1.0,,Ackley,2,42
Matching-Soft-Rerank,15,0.42944985087359244,0.05306548215374583,0.0,1.0,,Ackley,2,42
Matching-Soft-Rerank,16,0.42944985087359244,0.05306548215374583,0.0,1.0,,Ackley,2,42
Matching-Soft-Rerank,17,0.15407405631343396,0.01903834421882786,0.0,1.0,,Ackley,2,42
Matching-Soft-Rerank,18,0.15407405631343396,0.01903834421882786,0.0,1.0,,Ackley,2,42
Matching-Soft-Rerank,19,0.15407405631343396,0.01903834421882786,0.0,1.0,,Ackley,2,42
Matching-Soft-Rerank,20,0.15407405631343396,0.01903834421882786,0.0,1.0,,Ackley,2,42
Target-Only,0,5.67539244950752,1.0,0.0,1.0,0.0,Ackley,2,101
Target-Only,1,5.67539244950752,1.0,0.0,1.0,0.0,Ackley,2,101
Target-Only,2,5.67539244950752,1.0,0.0,1.0,0.0,Ackley,2,101
Target-Only,3,5.443920670751368,0.95921484182539,0.0,1.0,0.0,Ackley,2,101
Target-Only,4,5.443920670751368,0.95921484182539,0.0,1.0,0.0,Ackley,2,101
Target-Only,5,5.443920670751368,0.95921484182539,0.0,1.0,0.0,Ackley,2,101
Target-Only,6,5.443920670751368,0.95921484182539,0.0,1.0,0.0,Ackley,2,101
Target-Only,7,3.042062207028558,0.5360091366531897,0.0,1.0,0.0,Ackley,2,101
Target-Only,8,2.845328804599984,0.50134485498829,0.0,1.0,0.0,Ackley,2,101
Target-Only,9,2.845328804599984,0.50134485498829,0.0,1.0,0.0,Ackley,2,101
Target-Only,10,2.845328804599984,0.50134485498829,0.0,1.0,0.0,Ackley,2,101
Target-Only,11,2.4769384976509454,0.4364347522550411,0.0,1.0,0.0,Ackley,2,101
Target-Only,12,1.6511794483533788,0.2909366115283638,0.0,1.0,0.0,Ackley,2,101
Target-Only,13,1.6511794483533788,0.2909366115283638,0.0,1.0,0.0,Ackley,2,101
Target-Only,14,1.6511794483533788,0.2909366115283638,0.0,1.0,0.0,Ackley,2,101
Target-Only,15,1.6511794483533788,0.2909366115283638,0.0,1.0,0.0,Ackley,2,101
Target-Only,16,1.3002820988471204,0.2291087551064335,0.0,1.0,0.0,Ackley,2,101
Target-Only,17,1.3002820988471204,0.2291087551064335,0.0,1.0,0.0,Ackley,2,101
Target-Only,18,0.9208726543583556,0.1622570883954049,0.0,1.0,0.0,Ackley,2,101
Target-Only,19,0.9208726543583556,0.1622570883954049,0.0,1.0,0.0,Ackley,2,101
Target-Only,20,0.9208726543583556,0.1622570883954049,0.0,1.0,0.0,Ackley,2,101
Matching-Fixed-Filter,0,5.67539244950752,1.0,0.0,1.0,0.0,Ackley,2,101
Matching-Fixed-Filter,1,5.67539244950752,1.0,1.0,0.25,1.0,Ackley,2,101
Matching-Fixed-Filter,2,5.67539244950752,1.0,1.0,0.25,1.0,Ackley,2,101
Matching-Fixed-Filter,3,5.67539244950752,1.0,1.0,0.25,1.0,Ackley,2,101
Matching-Fixed-Filter,4,5.67539244950752,1.0,1.0,0.25,1.0,Ackley,2,101
Matching-Fixed-Filter,5,5.67539244950752,1.0,1.0,0.25,1.0,Ackley,2,101
Matching-Fixed-Filter,6,5.67539244950752,1.0,1.0,0.25,1.0,Ackley,2,101
Matching-Fixed-Filter,7,5.67539244950752,1.0,1.0,0.25,1.0,Ackley,2,101
Matching-Fixed-Filter,8,5.67539244950752,1.0,1.0,0.25,1.0,Ackley,2,101
Matching-Fixed-Filter,9,5.67539244950752,1.0,1.0,0.25,1.0,Ackley,2,101
Matching-Fixed-Filter,10,4.593442133587999,0.8093611454105862,1.0,0.25,1.0,Ackley,2,101
Matching-Fixed-Filter,11,4.1582579419717725,0.7326820090357987,1.0,0.25,1.0,Ackley,2,101
Matching-Fixed-Filter,12,4.1582579419717725,0.7326820090357987,1.0,0.25,1.0,Ackley,2,101
Matching-Fixed-Filter,13,1.586812985889193,0.2795952879041674,1.0,0.25,1.0,Ackley,2,101
Matching-Fixed-Filter,14,1.586812985889193,0.2795952879041674,1.0,0.25,1.0,Ackley,2,101
Matching-Fixed-Filter,15,1.5153659768472996,0.2670063771499704,1.0,0.25,1.0,Ackley,2,101
Matching-Fixed-Filter,16,1.5153659768472996,0.2670063771499704,1.0,0.25,1.0,Ackley,2,101
Matching-Fixed-Filter,17,0.22917792224317468,0.04038098233419278,1.0,0.25,1.0,Ackley,2,101
Matching-Fixed-Filter,18,0.22917792224317468,0.04038098233419278,1.0,0.25,1.0,Ackley,2,101
Matching-Fixed-Filter,19,0.22917792224317468,0.04038098233419278,1.0,0.25,1.0,Ackley,2,101
Matching-Fixed-Filter,20,0.22917792224317468,0.04038098233419278,1.0,0.25,1.0,Ackley,2,101
Matching-Adaptive-Filter,0,5.67539244950752,1.0,0.0,1.0,0.0,Ackley,2,101
Matching-Adaptive-Filter,1,5.67539244950752,1.0,1.0,0.85,0.21285714285710655,Ackley,2,101
Matching-Adaptive-Filter,2,5.67539244950752,1.0,1.0,0.81,0.25830086580083367,Ackley,2,101
Matching-Adaptive-Filter,3,5.67539244950752,1.0,1.0,0.79,0.2801587301587013,Ackley,2,101
Matching-Adaptive-Filter,4,5.67539244950752,1.0,1.0,0.82,0.24624542124539855,Ackley,2,101
Matching-Adaptive-Filter,5,5.67539244950752,1.0,1.0,0.79,0.28083900226755093,Ackley,2,101
Matching-Adaptive-Filter,6,5.67539244950752,1.0,1.0,0.77,0.3079292929292704,Ackley,2,101
Matching-Adaptive-Filter,7,5.483785591841055,0.9662390117738746,1.0,0.77,0.3173164335664122,Ackley,2,101
Matching-Adaptive-Filter,8,5.483785591841055,0.9662390117738746,1.0,0.74,0.34935517913456915,Ackley,2,101
Matching-Adaptive-Filter,9,0.4903573094351654,0.08640059939427018,1.0,0.72,0.37494234160898654,Ackley,2,101
Matching-Adaptive-Filter,10,0.4903573094351654,0.08640059939427018,1.0,0.72,0.38123915558124,Ackley,2,101
Matching-Adaptive-Filter,11,0.4903573094351654,0.08640059939427018,1.0,0.68,0.4322933537050962,Ackley,2,101
Matching-Adaptive-Filter,12,0.4903573094351654,0.08640059939427018,1.0,0.67,0.4507791146761516,Ackley,2,101
Matching-Adaptive-Filter,13,0.4903573094351654,0.08640059939427018,1.0,0.65,0.4667276479969761,Ackley,2,101
Matching-Adaptive-Filter,14,0.4903573094351654,0.08640059939427018,1.0,0.64,0.49254161618878795,Ackley,2,101
Matching-Adaptive-Filter,15,0.4903573094351654,0.08640059939427018,1.0,0.63,0.4977443609022347,Ackley,2,101
Matching-Adaptive-Filter,16,0.4903573094351654,0.08640059939427018,1.0,0.62,0.5135006835269785,Ackley,2,101
Matching-Adaptive-Filter,17,0.4903573094351654,0.08640059939427018,1.0,0.62,0.5170458113315056,Ackley,2,101
Matching-Adaptive-Filter,18,0.4903573094351654,0.08640059939427018,1.0,0.61,0.529093732354582,Ackley,2,101
Matching-Adaptive-Filter,19,0.4903573094351654,0.08640059939427018,1.0,0.6,0.5345249858836624,Ackley,2,101
Matching-Adaptive-Filter,20,0.3085637431965158,0.05436870594266849,1.0,0.6,0.5390723388305659,Ackley,2,101
Random-Adaptive-Filter,0,5.67539244950752,1.0,0.0,1.0,0.0,Ackley,2,101
Random-Adaptive-Filter,1,5.67539244950752,1.0,1.0,0.84,0.219999999999963,Ackley,2,101
Random-Adaptive-Filter,2,5.67539244950752,1.0,1.0,0.85,0.20256493506490791,Ackley,2,101
Random-Adaptive-Filter,3,4.155655263794557,0.73222341904394,1.0,0.8,0.2682539682539404,Ackley,2,101
Random-Adaptive-Filter,4,4.155655263794557,0.73222341904394,1.0,0.84,0.22220695970693885,Ackley,2,101
Random-Adaptive-Filter,5,4.155655263794557,0.73222341904394,1.0,0.91,0.13229231086372728,Ackley,2,101
Random-Adaptive-Filter,6,4.155655263794557,0.73222341904394,1.0,0.87,0.17512626262624895,Ackley,2,101
Random-Adaptive-Filter,7,4.155655263794557,0.73222341904394,0.0,1.0,0.10468531468530665,Ackley,2,101
Random-Adaptive-Filter,8,4.155655263794557,0.73222341904394,1.0,0.91,0.1257772864390426,Ackley,2,101
Random-Adaptive-Filter,9,4.155655263794557,0.73222341904394,1.0,0.86,0.19477682811014968,Ackley,2,101
Random-Adaptive-Filter,10,4.155655263794557,0.73222341904394,1.0,0.9,0.13828802776170396,Ackley,2,101
Random-Adaptive-Filter,11,4.155655263794557,0.73222341904394,1.0,0.87,0.18057142857141892,Ackley,2,101
Random-Adaptive-Filter,12,3.4663026707105193,0.6107599961675436,1.0,0.82,0.24370575502927236,Ackley,2,101
Random-Adaptive-Filter,13,3.3500696701978545,0.5902798264617903,1.0,0.84,0.21659864902897935,Ackley,2,101
Random-Adaptive-Filter,14,2.811179029331861,0.49532768955489587,1.0,0.82,0.24017994277449387,Ackley,2,101
Random-Adaptive-Filter,15,2.811179029331861,0.49532768955489587,1.0,0.83,0.23358395989973935,Ackley,2,101
Random-Adaptive-Filter,16,2.811179029331861,0.49532768955489587,1.0,0.83,0.22726042378673023,Ackley,2,101
Random-Adaptive-Filter,17,2.811179029331861,0.49532768955489587,1.0,0.82,0.24025676187165929,Ackley,2,101
Random-Adaptive-Filter,18,1.7370869445861108,0.30607344955269933,1.0,0.82,0.24988210259948448,Ackley,2,101
Random-Adaptive-Filter,19,0.41642500133475524,0.07337378076310651,1.0,0.8,0.26891939582155994,Ackley,2,101
Random-Adaptive-Filter,20,0.41642500133475524,0.07337378076310651,1.0,0.78,0.30358859526683557,Ackley,2,101
Wrong-Adaptive-Filter,0,5.67539244950752,1.0,0.0,1.0,0.0,Ackley,2,101
Wrong-Adaptive-Filter,1,5.67539244950752,1.0,1.0,0.88,0.16142857142854028,Ackley,2,101
Wrong-Adaptive-Filter,2,5.67539244950752,1.0,1.0,0.93,0.09948051948050171,Ackley,2,101
Wrong-Adaptive-Filter,3,5.0111638940008945,0.8829634141751266,1.0,0.86,0.19999999999997778,Ackley,2,101
Wrong-Adaptive-Filter,4,5.0111638940008945,0.8829634141751266,1.0,0.88,0.16211080586078963,Ackley,2,101
Wrong-Adaptive-Filter,5,5.0111638940008945,0.8829634141751266,0.0,1.0,0.16041022469592484,Ackley,2,101
Wrong-Adaptive-Filter,6,5.0111638940008945,0.8829634141751266,1.0,0.94,0.08679292929292154,Ackley,2,101
Wrong-Adaptive-Filter,7,2.120705315081072,0.37366672594863376,1.0,0.94,0.08130244755244095,Ackley,2,101
Wrong-Adaptive-Filter,8,2.120705315081072,0.37366672594863376,0.0,1.0,0.03636363636363306,Ackley,2,101
Wrong-Adaptive-Filter,9,2.120705315081072,0.37366672594863376,0.0,1.0,0.03333333333333056,Ackley,2,101
Wrong-Adaptive-Filter,10,1.8675290208152302,0.32905724801062597,0.0,1.0,0.03697223828802508,Ackley,2,101
Wrong-Adaptive-Filter,11,1.3030694232480262,0.22959987962790118,0.0,1.0,0.028571428571426534,Ackley,2,101
Wrong-Adaptive-Filter,12,1.3030694232480262,0.22959987962790118,0.0,1.0,0.026666666666664892,Ackley,2,101
Wrong-Adaptive-Filter,13,1.3030694232480262,0.22959987962790118,0.0,1.0,0.02499999999999844,Ackley,2,101
Wrong-Adaptive-Filter,14,1.3030694232480262,0.22959987962790118,0.0,1.0,0.03268272984250731,Ackley,2,101
Wrong-Adaptive-Filter,15,1.3030694232480262,0.22959987962790118,1.0,0.96,0.06131996658312164,Ackley,2,101
Wrong-Adaptive-Filter,16,1.3030694232480262,0.22959987962790118,1.0,0.96,0.06200717703349011,Ackley,2,101
Wrong-Adaptive-Filter,17,1.3030694232480262,0.22959987962790118,0.0,1.0,0.0567818516886816,Ackley,2,101
Wrong-Adaptive-Filter,18,0.5527246837163031,0.09738968514226098,0.0,1.0,0.019047619047618144,Ackley,2,101
Wrong-Adaptive-Filter,19,0.5527246837163031,0.09738968514226098,0.0,1.0,0.01818181818181736,Ackley,2,101
Wrong-Adaptive-Filter,20,0.5527246837163031,0.09738968514226098,0.0,1.0,0.01739130434782533,Ackley,2,101
Oracle-Fixed-Filter,0,5.67539244950752,1.0,0.0,1.0,0.0,Ackley,2,101
Oracle-Fixed-Filter,1,5.67539244950752,1.0,1.0,0.25,1.0,Ackley,2,101
Oracle-Fixed-Filter,2,5.67539244950752,1.0,1.0,0.25,1.0,Ackley,2,101
Oracle-Fixed-Filter,3,5.67539244950752,1.0,1.0,0.25,1.0,Ackley,2,101
Oracle-Fixed-Filter,4,3.3447157395982754,0.5893364678047086,1.0,0.25,1.0,Ackley,2,101
Oracle-Fixed-Filter,5,3.3447157395982754,0.5893364678047086,1.0,0.25,1.0,Ackley,2,101
Oracle-Fixed-Filter,6,3.3447157395982754,0.5893364678047086,1.0,0.25,1.0,Ackley,2,101
Oracle-Fixed-Filter,7,3.3447157395982754,0.5893364678047086,1.0,0.25,1.0,Ackley,2,101
Oracle-Fixed-Filter,8,1.2015698822668246,0.21171573471911884,1.0,0.25,1.0,Ackley,2,101
Oracle-Fixed-Filter,9,1.2015698822668246,0.21171573471911884,1.0,0.25,1.0,Ackley,2,101
Oracle-Fixed-Filter,10,1.2015698822668246,0.21171573471911884,1.0,0.25,1.0,Ackley,2,101
Oracle-Fixed-Filter,11,0.7726718673420305,0.1361442180811793,1.0,0.25,1.0,Ackley,2,101
Oracle-Fixed-Filter,12,0.7726718673420305,0.1361442180811793,1.0,0.25,1.0,Ackley,2,101
Oracle-Fixed-Filter,13,0.7726718673420305,0.1361442180811793,1.0,0.25,1.0,Ackley,2,101
Oracle-Fixed-Filter,14,0.7726718673420305,0.1361442180811793,1.0,0.25,1.0,Ackley,2,101
Oracle-Fixed-Filter,15,0.7726718673420305,0.1361442180811793,0.0,1.0,1.0,Ackley,2,101
Oracle-Fixed-Filter,16,0.7726718673420305,0.1361442180811793,0.0,1.0,1.0,Ackley,2,101
Oracle-Fixed-Filter,17,0.7726718673420305,0.1361442180811793,1.0,0.25,1.0,Ackley,2,101
Oracle-Fixed-Filter,18,0.7726718673420305,0.1361442180811793,0.0,1.0,1.0,Ackley,2,101
Oracle-Fixed-Filter,19,0.7726718673420305,0.1361442180811793,0.0,1.0,1.0,Ackley,2,101
Oracle-Fixed-Filter,20,0.7726718673420305,0.1361442180811793,1.0,0.25,1.0,Ackley,2,101
Matching-Soft-Rerank,0,5.67539244950752,1.0,0.0,1.0,,Ackley,2,101
Matching-Soft-Rerank,1,5.67539244950752,1.0,0.0,1.0,,Ackley,2,101
Matching-Soft-Rerank,2,5.67539244950752,1.0,0.0,1.0,,Ackley,2,101
Matching-Soft-Rerank,3,5.67539244950752,1.0,0.0,1.0,,Ackley,2,101
Matching-Soft-Rerank,4,5.67539244950752,1.0,0.0,1.0,,Ackley,2,101
Matching-Soft-Rerank,5,5.67539244950752,1.0,0.0,1.0,,Ackley,2,101
Matching-Soft-Rerank,6,3.2969510478314565,0.5809203640388865,0.0,1.0,,Ackley,2,101
Matching-Soft-Rerank,7,2.786832117668237,0.4910377815211815,0.0,1.0,,Ackley,2,101
Matching-Soft-Rerank,8,2.786832117668237,0.4910377815211815,0.0,1.0,,Ackley,2,101
Matching-Soft-Rerank,9,0.8170590323835438,0.1439652041075051,0.0,1.0,,Ackley,2,101
Matching-Soft-Rerank,10,0.8170590323835438,0.1439652041075051,0.0,1.0,,Ackley,2,101
Matching-Soft-Rerank,11,0.8170590323835438,0.1439652041075051,0.0,1.0,,Ackley,2,101
Matching-Soft-Rerank,12,0.8170590323835438,0.1439652041075051,0.0,1.0,,Ackley,2,101
Matching-Soft-Rerank,13,0.8170590323835438,0.1439652041075051,0.0,1.0,,Ackley,2,101
Matching-Soft-Rerank,14,0.8170590323835438,0.1439652041075051,0.0,1.0,,Ackley,2,101
Matching-Soft-Rerank,15,0.13511663290228926,0.023807451925904,0.0,1.0,,Ackley,2,101
Matching-Soft-Rerank,16,0.13511663290228926,0.023807451925904,0.0,1.0,,Ackley,2,101
Matching-Soft-Rerank,17,0.13511663290228926,0.023807451925904,0.0,1.0,,Ackley,2,101
Matching-Soft-Rerank,18,0.13511663290228926,0.023807451925904,0.0,1.0,,Ackley,2,101
Matching-Soft-Rerank,19,0.13511663290228926,0.023807451925904,0.0,1.0,,Ackley,2,101
Matching-Soft-Rerank,20,0.13511663290228926,0.023807451925904,0.0,1.0,,Ackley,2,101
Target-Only,0,6.622011972623028,1.0,0.0,1.0,0.0,Ackley,2,2026
Target-Only,1,6.622011972623028,1.0,0.0,1.0,0.0,Ackley,2,2026
Target-Only,2,5.179435464121333,0.7821543490912356,0.0,1.0,0.0,Ackley,2,2026
Target-Only,3,5.179435464121333,0.7821543490912356,0.0,1.0,0.0,Ackley,2,2026
Target-Only,4,5.179435464121333,0.7821543490912356,0.0,1.0,0.0,Ackley,2,2026
Target-Only,5,3.704269035309562,0.5593872452396478,0.0,1.0,0.0,Ackley,2,2026
Target-Only,6,3.704269035309562,0.5593872452396478,0.0,1.0,0.0,Ackley,2,2026
Target-Only,7,3.704269035309562,0.5593872452396478,0.0,1.0,0.0,Ackley,2,2026
Target-Only,8,3.52505366824315,0.5323236627805205,0.0,1.0,0.0,Ackley,2,2026
Target-Only,9,2.2468216228874245,0.3392959167359284,0.0,1.0,0.0,Ackley,2,2026
Target-Only,10,2.2468216228874245,0.3392959167359284,0.0,1.0,0.0,Ackley,2,2026
Target-Only,11,1.59811763158049,0.24133415013254095,0.0,1.0,0.0,Ackley,2,2026
Target-Only,12,1.59811763158049,0.24133415013254095,0.0,1.0,0.0,Ackley,2,2026
Target-Only,13,1.59811763158049,0.24133415013254095,0.0,1.0,0.0,Ackley,2,2026
Target-Only,14,1.59811763158049,0.24133415013254095,0.0,1.0,0.0,Ackley,2,2026
Target-Only,15,0.38280659167727693,0.057808199873375335,0.0,1.0,0.0,Ackley,2,2026
Target-Only,16,0.24468510406103805,0.03695026603283474,0.0,1.0,0.0,Ackley,2,2026
Target-Only,17,0.24468510406103805,0.03695026603283474,0.0,1.0,0.0,Ackley,2,2026
Target-Only,18,0.24468510406103805,0.03695026603283474,0.0,1.0,0.0,Ackley,2,2026
Target-Only,19,0.24468510406103805,0.03695026603283474,0.0,1.0,0.0,Ackley,2,2026
Target-Only,20,0.24468510406103805,0.03695026603283474,0.0,1.0,0.0,Ackley,2,2026
Matching-Fixed-Filter,0,6.622011972623028,1.0,0.0,1.0,0.0,Ackley,2,2026
Matching-Fixed-Filter,1,6.622011972623028,1.0,1.0,0.25,1.0,Ackley,2,2026
Matching-Fixed-Filter,2,6.389732961467249,0.9649231967389857,1.0,0.25,1.0,Ackley,2,2026
Matching-Fixed-Filter,3,4.040999656429438,0.6102374434138584,1.0,0.25,1.0,Ackley,2,2026
Matching-Fixed-Filter,4,3.0198981010065045,0.45603935986396293,1.0,0.25,1.0,Ackley,2,2026
Matching-Fixed-Filter,5,3.0198981010065045,0.45603935986396293,1.0,0.25,1.0,Ackley,2,2026
Matching-Fixed-Filter,6,3.0198981010065045,0.45603935986396293,1.0,0.25,1.0,Ackley,2,2026
Matching-Fixed-Filter,7,1.9610895400620696,0.2961470846277052,1.0,0.25,1.0,Ackley,2,2026
Matching-Fixed-Filter,8,1.9610895400620696,0.2961470846277052,1.0,0.25,1.0,Ackley,2,2026
Matching-Fixed-Filter,9,1.9610895400620696,0.2961470846277052,0.0,1.0,1.0,Ackley,2,2026
Matching-Fixed-Filter,10,0.7228932103665611,0.10916519229430165,1.0,0.25,1.0,Ackley,2,2026
Matching-Fixed-Filter,11,0.7228932103665611,0.10916519229430165,1.0,0.25,1.0,Ackley,2,2026
Matching-Fixed-Filter,12,0.7228932103665611,0.10916519229430165,0.0,1.0,1.0,Ackley,2,2026
Matching-Fixed-Filter,13,0.7228932103665611,0.10916519229430165,1.0,0.25,1.0,Ackley,2,2026
Matching-Fixed-Filter,14,0.7228932103665611,0.10916519229430165,1.0,0.25,1.0,Ackley,2,2026
Matching-Fixed-Filter,15,0.7228932103665611,0.10916519229430165,1.0,0.25,1.0,Ackley,2,2026
Matching-Fixed-Filter,16,0.7228932103665611,0.10916519229430165,1.0,0.25,1.0,Ackley,2,2026
Matching-Fixed-Filter,17,0.7228932103665611,0.10916519229430165,1.0,0.25,1.0,Ackley,2,2026
Matching-Fixed-Filter,18,0.7228932103665611,0.10916519229430165,1.0,0.25,1.0,Ackley,2,2026
Matching-Fixed-Filter,19,0.7228932103665611,0.10916519229430165,1.0,0.25,1.0,Ackley,2,2026
Matching-Fixed-Filter,20,0.7228932103665611,0.10916519229430165,1.0,0.25,1.0,Ackley,2,2026
Matching-Adaptive-Filter,0,6.622011972623028,1.0,0.0,1.0,0.0,Ackley,2,2026
Matching-Adaptive-Filter,1,6.622011972623028,1.0,1.0,0.83,0.23357142857139024,Ackley,2,2026
Matching-Adaptive-Filter,2,6.282665525569627,0.9487547820124246,1.0,0.79,0.2861688311687965,Ackley,2,2026
Matching-Adaptive-Filter,3,5.35202853444623,0.8082178885469837,1.0,0.78,0.30396825396822313,Ackley,2,2026
Matching-Adaptive-Filter,4,5.35202853444623,0.8082178885469837,1.0,0.74,0.34800824175821127,Ackley,2,2026
Matching-Adaptive-Filter,5,5.35202853444623,0.8082178885469837,1.0,0.72,0.3755411255410961,Ackley,2,2026
Matching-Adaptive-Filter,6,5.35202853444623,0.8082178885469837,1.0,0.71,0.39550505050502216,Ackley,2,2026
Matching-Adaptive-Filter,7,5.35202853444623,0.8082178885469837,1.0,0.69,0.4158741258740985,Ackley,2,2026
Matching-Adaptive-Filter,8,5.35202853444623,0.8082178885469837,1.0,0.68,0.43281644825759813,Ackley,2,2026
Matching-Adaptive-Filter,9,5.35202853444623,0.8082178885469837,1.0,0.67,0.44060507393838183,Ackley,2,2026
Matching-Adaptive-Filter,10,3.4666000959259304,0.5234965008003125,1.0,0.67,0.4484384037015372,Ackley,2,2026
Matching-Adaptive-Filter,11,3.4666000959259304,0.5234965008003125,1.0,0.65,0.4673949579831693,Ackley,2,2026
Matching-Adaptive-Filter,12,3.4666000959259304,0.5234965008003125,1.0,0.65,0.4786245331465687,Ackley,2,2026
Matching-Adaptive-Filter,13,3.4666000959259304,0.5234965008003125,1.0,0.66,0.45539919317006994,Ackley,2,2026
Matching-Adaptive-Filter,14,3.4666000959259304,0.5234965008003125,1.0,0.66,0.4626319758672495,Ackley,2,2026
Matching-Adaptive-Filter,15,3.4666000959259304,0.5234965008003125,1.0,0.67,0.4516290726816851,Ackley,2,2026
Matching-Adaptive-Filter,16,3.4666000959259304,0.5234965008003125,1.0,0.66,0.46029289131918844,Ackley,2,2026
Matching-Adaptive-Filter,17,3.4666000959259304,0.5234965008003125,1.0,0.68,0.43175098193730055,Ackley,2,2026
Matching-Adaptive-Filter,18,0.630477950779309,0.0952094247769189,1.0,0.67,0.44598586799672085,Ackley,2,2026
Matching-Adaptive-Filter,19,0.630477950779309,0.0952094247769189,1.0,0.68,0.4345638057594422,Ackley,2,2026
Matching-Adaptive-Filter,20,0.630477950779309,0.0952094247769189,1.0,0.68,0.4363325393298674,Ackley,2,2026
Random-Adaptive-Filter,0,6.622011972623028,1.0,0.0,1.0,0.0,Ackley,2,2026
Random-Adaptive-Filter,1,6.622011972623028,1.0,1.0,0.9,0.1349999999999715,Ackley,2,2026
Random-Adaptive-Filter,2,5.64447464164239,0.8523806155860167,1.0,0.94,0.08974025974024286,Ackley,2,2026
Random-Adaptive-Filter,3,4.6982986496917825,0.7094971542056502,1.0,0.95,0.07301587301586139,Ackley,2,2026
Random-Adaptive-Filter,4,4.6982986496917825,0.7094971542056502,1.0,0.96,0.05714285714284898,Ackley,2,2026
Random-Adaptive-Filter,5,2.190936344363092,0.33085659666894945,0.0,1.0,0.04999999999999375,Ackley,2,2026
Random-Adaptive-Filter,6,2.190936344363092,0.33085659666894945,0.0,1.0,0.04444444444443951,Ackley,2,2026
Random-Adaptive-Filter,7,1.7576633497169039,0.2654273892864437,0.0,1.0,0.039999999999996004,Ackley,2,2026
Random-Adaptive-Filter,8,1.7576633497169039,0.2654273892864437,0.0,1.0,0.03636363636363306,Ackley,2,2026
Random-Adaptive-Filter,9,0.29737344694007506,0.04490681203378779,0.0,1.0,0.03333333333333056,Ackley,2,2026
Random-Adaptive-Filter,10,0.29737344694007506,0.04490681203378779,0.0,1.0,0.0307692307692284,Ackley,2,2026
Random-Adaptive-Filter,11,0.29737344694007506,0.04490681203378779,0.0,1.0,0.028571428571426534,Ackley,2,2026
Random-Adaptive-Filter,12,0.29737344694007506,0.04490681203378779,0.0,1.0,0.026666666666664892,Ackley,2,2026
Random-Adaptive-Filter,13,0.29737344694007506,0.04490681203378779,0.0,1.0,0.02499999999999844,Ackley,2,2026
Random-Adaptive-Filter,14,0.29737344694007506,0.04490681203378779,0.0,1.0,0.0235294117647045,Ackley,2,2026
Random-Adaptive-Filter,15,0.29737344694007506,0.04490681203378779,0.0,1.0,0.02222222222222099,Ackley,2,2026
Random-Adaptive-Filter,16,0.29737344694007506,0.04490681203378779,0.0,1.0,0.021052631578946265,Ackley,2,2026
Random-Adaptive-Filter,17,0.29737344694007506,0.04490681203378779,0.0,1.0,0.019999999999999005,Ackley,2,2026
Random-Adaptive-Filter,18,0.29737344694007506,0.04490681203378779,0.0,1.0,0.019047619047618144,Ackley,2,2026
Random-Adaptive-Filter,19,0.29737344694007506,0.04490681203378779,0.0,1.0,0.01818181818181736,Ackley,2,2026
Random-Adaptive-Filter,20,0.29737344694007506,0.04490681203378779,0.0,1.0,0.02016450414498549,Ackley,2,2026
Wrong-Adaptive-Filter,0,6.622011972623028,1.0,0.0,1.0,0.0,Ackley,2,2026
Wrong-Adaptive-Filter,1,6.622011972623028,1.0,1.0,0.86,0.19714285714282243,Ackley,2,2026
Wrong-Adaptive-Filter,2,5.179435464121333,0.7821543490912356,1.0,0.9,0.14547619047616855,Ackley,2,2026
Wrong-Adaptive-Filter,3,5.179435464121333,0.7821543490912356,1.0,0.82,0.24126984126981563,Ackley,2,2026
Wrong-Adaptive-Filter,4,5.179435464121333,0.7821543490912356,1.0,0.82,0.2470467032966805,Ackley,2,2026
Wrong-Adaptive-Filter,5,3.704269035309562,0.5593872452396478,1.0,0.81,0.26620284477425166,Ackley,2,2026
Wrong-Adaptive-Filter,6,3.704269035309562,0.5593872452396478,1.0,0.81,0.26058080808078876,Ackley,2,2026
Wrong-Adaptive-Filter,7,3.704269035309562,0.5593872452396478,1.0,0.84,0.2224737762237609,Ackley,2,2026
Wrong-Adaptive-Filter,8,3.52505366824315,0.5323236627805205,1.0,0.83,0.23250940236232875,Ackley,2,2026
Wrong-Adaptive-Filter,9,2.2468216228874245,0.3392959167359284,1.0,0.82,0.2528422195088712,Ackley,2,2026
Wrong-Adaptive-Filter,10,2.2468216228874245,0.3392959167359284,1.0,0.78,0.30266772700981553,Ackley,2,2026
Wrong-Adaptive-Filter,11,1.59811763158049,0.24133415013254095,1.0,0.77,0.30793506493504896,Ackley,2,2026
Wrong-Adaptive-Filter,12,1.59811763158049,0.24133415013254095,1.0,0.75,0.3337593901196679,Ackley,2,2026
Wrong-Adaptive-Filter,13,1.59811763158049,0.24133415013254095,1.0,0.73,0.3701074209587969,Ackley,2,2026
Wrong-Adaptive-Filter,14,1.59811763158049,0.24133415013254095,1.0,0.71,0.3994584344328414,Ackley,2,2026
Wrong-Adaptive-Filter,15,1.5079758654181536,0.2277217062808832,1.0,0.69,0.41386800334167,Ackley,2,2026
Wrong-Adaptive-Filter,16,1.5079758654181536,0.2277217062808832,1.0,0.69,0.42463704716334577,Ackley,2,2026
Wrong-Adaptive-Filter,17,1.5079758654181536,0.2277217062808832,1.0,0.67,0.44367942616388106,Ackley,2,2026
Wrong-Adaptive-Filter,18,1.5079758654181536,0.2277217062808832,1.0,0.66,0.4560747877323793,Ackley,2,2026
Wrong-Adaptive-Filter,19,1.5079758654181536,0.2277217062808832,1.0,0.66,0.46360107284018653,Ackley,2,2026
Wrong-Adaptive-Filter,20,0.5245539614094672,0.07921368363242132,1.0,0.65,0.47819710478469507,Ackley,2,2026
Oracle-Fixed-Filter,0,6.622011972623028,1.0,0.0,1.0,0.0,Ackley,2,2026
Oracle-Fixed-Filter,1,5.250666301277416,0.7929110250759013,1.0,0.25,1.0,Ackley,2,2026
Oracle-Fixed-Filter,2,2.895914250149055,0.4373163718400771,1.0,0.25,1.0,Ackley,2,2026
Oracle-Fixed-Filter,3,2.895914250149055,0.4373163718400771,1.0,0.25,1.0,Ackley,2,2026
Oracle-Fixed-Filter,4,1.4073921049084785,0.21253240113835065,1.0,0.25,1.0,Ackley,2,2026
Oracle-Fixed-Filter,5,1.4073921049084785,0.21253240113835065,1.0,0.25,1.0,Ackley,2,2026
Oracle-Fixed-Filter,6,1.4073921049084785,0.21253240113835065,1.0,0.25,1.0,Ackley,2,2026
Oracle-Fixed-Filter,7,1.4073921049084785,0.21253240113835065,0.0,1.0,1.0,Ackley,2,2026
Oracle-Fixed-Filter,8,0.9220706423124487,0.13924327623153018,1.0,0.25,1.0,Ackley,2,2026
Oracle-Fixed-Filter,9,0.9220706423124487,0.13924327623153018,1.0,0.25,1.0,Ackley,2,2026
Oracle-Fixed-Filter,10,0.9220706423124487,0.13924327623153018,1.0,0.25,1.0,Ackley,2,2026
Oracle-Fixed-Filter,11,0.9220706423124487,0.13924327623153018,1.0,0.25,1.0,Ackley,2,2026
Oracle-Fixed-Filter,12,0.9220706423124487,0.13924327623153018,0.0,1.0,1.0,Ackley,2,2026
Oracle-Fixed-Filter,13,0.9220706423124487,0.13924327623153018,0.0,1.0,1.0,Ackley,2,2026
Oracle-Fixed-Filter,14,0.9220706423124487,0.13924327623153018,1.0,0.25,1.0,Ackley,2,2026
Oracle-Fixed-Filter,15,0.9220706423124487,0.13924327623153018,1.0,0.25,1.0,Ackley,2,2026
Oracle-Fixed-Filter,16,0.09795115551726541,0.014791751498218115,1.0,0.25,1.0,Ackley,2,2026
Oracle-Fixed-Filter,17,0.09795115551726541,0.014791751498218115,1.0,0.25,1.0,Ackley,2,2026
Oracle-Fixed-Filter,18,0.09795115551726541,0.014791751498218115,0.0,1.0,1.0,Ackley,2,2026
Oracle-Fixed-Filter,19,0.09795115551726541,0.014791751498218115,0.0,1.0,1.0,Ackley,2,2026
Oracle-Fixed-Filter,20,0.09795115551726541,0.014791751498218115,1.0,0.25,1.0,Ackley,2,2026
Matching-Soft-Rerank,0,6.622011972623028,1.0,0.0,1.0,,Ackley,2,2026
Matching-Soft-Rerank,1,6.08718515739265,0.9192349972423065,0.0,1.0,,Ackley,2,2026
Matching-Soft-Rerank,2,3.389706041760093,0.5118846138868283,0.0,1.0,,Ackley,2,2026
Matching-Soft-Rerank,3,3.285680694489266,0.49617558954484686,0.0,1.0,,Ackley,2,2026
Matching-Soft-Rerank,4,3.285680694489266,0.49617558954484686,0.0,1.0,,Ackley,2,2026
Matching-Soft-Rerank,5,3.285680694489266,0.49617558954484686,0.0,1.0,,Ackley,2,2026
Matching-Soft-Rerank,6,3.006973110621843,0.4540875376023759,0.0,1.0,,Ackley,2,2026
Matching-Soft-Rerank,7,3.006973110621843,0.4540875376023759,0.0,1.0,,Ackley,2,2026
Matching-Soft-Rerank,8,3.006973110621843,0.4540875376023759,0.0,1.0,,Ackley,2,2026
Matching-Soft-Rerank,9,3.006973110621843,0.4540875376023759,0.0,1.0,,Ackley,2,2026
Matching-Soft-Rerank,10,3.006973110621843,0.4540875376023759,0.0,1.0,,Ackley,2,2026
Matching-Soft-Rerank,11,3.006973110621843,0.4540875376023759,0.0,1.0,,Ackley,2,2026
Matching-Soft-Rerank,12,0.263355117463107,0.03976965287164675,0.0,1.0,,Ackley,2,2026
Matching-Soft-Rerank,13,0.263355117463107,0.03976965287164675,0.0,1.0,,Ackley,2,2026
Matching-Soft-Rerank,14,0.263355117463107,0.03976965287164675,0.0,1.0,,Ackley,2,2026
Matching-Soft-Rerank,15,0.263355117463107,0.03976965287164675,0.0,1.0,,Ackley,2,2026
Matching-Soft-Rerank,16,0.263355117463107,0.03976965287164675,0.0,1.0,,Ackley,2,2026
Matching-Soft-Rerank,17,0.263355117463107,0.03976965287164675,0.0,1.0,,Ackley,2,2026
Matching-Soft-Rerank,18,0.263355117463107,0.03976965287164675,0.0,1.0,,Ackley,2,2026
Matching-Soft-Rerank,19,0.263355117463107,0.03976965287164675,0.0,1.0,,Ackley,2,2026
Matching-Soft-Rerank,20,0.263355117463107,0.03976965287164675,0.0,1.0,,Ackley,2,2026
Target-Only,0,3.5652566501745437,1.0,0.0,1.0,0.0,Ackley,2,777
Target-Only,1,3.5652566501745437,1.0,0.0,1.0,0.0,Ackley,2,777
Target-Only,2,3.089904203156476,0.8666709037637456,0.0,1.0,0.0,Ackley,2,777
Target-Only,3,3.089904203156476,0.8666709037637456,0.0,1.0,0.0,Ackley,2,777
Target-Only,4,3.089904203156476,0.8666709037637456,0.0,1.0,0.0,Ackley,2,777
Target-Only,5,3.089904203156476,0.8666709037637456,0.0,1.0,0.0,Ackley,2,777
Target-Only,6,1.9686230575710977,0.5521686797708434,0.0,1.0,0.0,Ackley,2,777
Target-Only,7,1.9686230575710977,0.5521686797708434,0.0,1.0,0.0,Ackley,2,777
Target-Only,8,1.9686230575710977,0.5521686797708434,0.0,1.0,0.0,Ackley,2,777
Target-Only,9,1.9686230575710977,0.5521686797708434,0.0,1.0,0.0,Ackley,2,777
Target-Only,10,1.968088997065991,0.5520188839615906,0.0,1.0,0.0,Ackley,2,777
Target-Only,11,0.2760904891217817,0.07743916250973538,0.0,1.0,0.0,Ackley,2,777
Target-Only,12,0.2760904891217817,0.07743916250973538,0.0,1.0,0.0,Ackley,2,777
Target-Only,13,0.2760904891217817,0.07743916250973538,0.0,1.0,0.0,Ackley,2,777
Target-Only,14,0.2760904891217817,0.07743916250973538,0.0,1.0,0.0,Ackley,2,777
Target-Only,15,0.2760904891217817,0.07743916250973538,0.0,1.0,0.0,Ackley,2,777
Target-Only,16,0.2760904891217817,0.07743916250973538,0.0,1.0,0.0,Ackley,2,777
Target-Only,17,0.2760904891217817,0.07743916250973538,0.0,1.0,0.0,Ackley,2,777
Target-Only,18,0.2760904891217817,0.07743916250973538,0.0,1.0,0.0,Ackley,2,777
Target-Only,19,0.2760904891217817,0.07743916250973538,0.0,1.0,0.0,Ackley,2,777
Target-Only,20,0.2760904891217817,0.07743916250973538,0.0,1.0,0.0,Ackley,2,777
Matching-Fixed-Filter,0,3.5652566501745437,1.0,0.0,1.0,0.0,Ackley,2,777
Matching-Fixed-Filter,1,3.538704772621035,0.9925526041576254,1.0,0.25,1.0,Ackley,2,777
Matching-Fixed-Filter,2,3.538704772621035,0.9925526041576254,1.0,0.25,1.0,Ackley,2,777
Matching-Fixed-Filter,3,3.538704772621035,0.9925526041576254,1.0,0.25,1.0,Ackley,2,777
Matching-Fixed-Filter,4,3.2058345131841866,0.8991875838804589,1.0,0.25,1.0,Ackley,2,777
Matching-Fixed-Filter,5,3.2058345131841866,0.8991875838804589,1.0,0.25,1.0,Ackley,2,777
Matching-Fixed-Filter,6,3.2058345131841866,0.8991875838804589,1.0,0.25,1.0,Ackley,2,777
Matching-Fixed-Filter,7,3.2058345131841866,0.8991875838804589,1.0,0.25,1.0,Ackley,2,777
Matching-Fixed-Filter,8,2.8862274404904587,0.8095426847739441,1.0,0.25,1.0,Ackley,2,777
Matching-Fixed-Filter,9,2.669370317508236,0.7487175761603451,1.0,0.25,1.0,Ackley,2,777
Matching-Fixed-Filter,10,2.669370317508236,0.7487175761603451,1.0,0.25,1.0,Ackley,2,777
Matching-Fixed-Filter,11,2.254428087952658,0.6323326226296466,1.0,0.25,1.0,Ackley,2,777
Matching-Fixed-Filter,12,2.254428087952658,0.6323326226296466,1.0,0.25,1.0,Ackley,2,777
Matching-Fixed-Filter,13,2.254428087952658,0.6323326226296466,1.0,0.25,1.0,Ackley,2,777
Matching-Fixed-Filter,14,2.254428087952658,0.6323326226296466,1.0,0.25,1.0,Ackley,2,777
Matching-Fixed-Filter,15,2.254428087952658,0.6323326226296466,1.0,0.25,1.0,Ackley,2,777
Matching-Fixed-Filter,16,2.254428087952658,0.6323326226296466,1.0,0.25,1.0,Ackley,2,777
Matching-Fixed-Filter,17,0.4242248308044201,0.11898858130834732,1.0,0.25,1.0,Ackley,2,777
Matching-Fixed-Filter,18,0.4242248308044201,0.11898858130834732,1.0,0.25,1.0,Ackley,2,777
Matching-Fixed-Filter,19,0.4242248308044201,0.11898858130834732,1.0,0.25,1.0,Ackley,2,777
Matching-Fixed-Filter,20,0.4242248308044201,0.11898858130834732,1.0,0.25,1.0,Ackley,2,777
Matching-Adaptive-Filter,0,3.5652566501745437,1.0,0.0,1.0,0.0,Ackley,2,777
Matching-Adaptive-Filter,1,3.5652566501745437,1.0,1.0,0.81,0.25428571428567387,Ackley,2,777
Matching-Adaptive-Filter,2,3.5652566501745437,1.0,1.0,0.79,0.2910389610389259,Ackley,2,777
Matching-Adaptive-Filter,3,3.055855271072645,0.8571206987084758,1.0,0.76,0.32460317460314203,Ackley,2,777
Matching-Adaptive-Filter,4,3.055855271072645,0.8571206987084758,1.0,0.78,0.2983287545787279,Ackley,2,777
Matching-Adaptive-Filter,5,3.055855271072645,0.8571206987084758,1.0,0.76,0.3294887652030247,Ackley,2,777
Matching-Adaptive-Filter,6,2.941904620971386,0.82515928294457,1.0,0.73,0.3630050505050243,Ackley,2,777
Matching-Adaptive-Filter,7,2.941904620971386,0.82515928294457,1.0,0.72,0.37784965034962525,Ackley,2,777
Matching-Adaptive-Filter,8,0.320262239555682,0.08982866339790785,1.0,0.72,0.3827396867837808,Ackley,2,777
Matching-Adaptive-Filter,9,0.320262239555682,0.08982866339790785,1.0,0.71,0.39922669922667614,Ackley,2,777
Matching-Adaptive-Filter,10,0.320262239555682,0.08982866339790785,1.0,0.71,0.39881434355116385,Ackley,2,777
Matching-Adaptive-Filter,11,0.320262239555682,0.08982866339790785,1.0,0.69,0.41572116119172803,Ackley,2,777
Matching-Adaptive-Filter,12,0.320262239555682,0.08982866339790785,1.0,0.69,0.42174401578811294,Ackley,2,777
Matching-Adaptive-Filter,13,0.320262239555682,0.08982866339790785,1.0,0.68,0.43881696219155486,Ackley,2,777
Matching-Adaptive-Filter,14,0.320262239555682,0.08982866339790785,1.0,0.69,0.415559864149831,Ackley,2,777
Matching-Adaptive-Filter,15,0.320262239555682,0.08982866339790785,1.0,0.71,0.39314954051794493,Ackley,2,777
Matching-Adaptive-Filter,16,0.320262239555682,0.08982866339790785,1.0,0.7,0.40289029391659337,Ackley,2,777
Matching-Adaptive-Filter,17,0.320262239555682,0.08982866339790785,1.0,0.73,0.37330383901811026,Ackley,2,777
Matching-Adaptive-Filter,18,0.320262239555682,0.08982866339790785,1.0,0.72,0.3831675972980177,Ackley,2,777
Matching-Adaptive-Filter,19,0.320262239555682,0.08982866339790785,1.0,0.72,0.376722190852612,Ackley,2,777
Matching-Adaptive-Filter,20,0.320262239555682,0.08982866339790785,1.0,0.71,0.3943007285949648,Ackley,2,777
Random-Adaptive-Filter,0,3.5652566501745437,1.0,0.0,1.0,0.0,Ackley,2,777
Random-Adaptive-Filter,1,3.5652566501745437,1.0,1.0,0.93,0.099999999999975,Ackley,2,777
Random-Adaptive-Filter,2,3.089904203156476,0.8666709037637456,1.0,0.95,0.079999999999984,Ackley,2,777
Random-Adaptive-Filter,3,3.089904203156476,0.8666709037637456,1.0,0.96,0.06666666666665555,Ackley,2,777
Random-Adaptive-Filter,4,3.089904203156476,0.8666709037637456,1.0,0.96,0.05714285714284898,Ackley,2,777
Random-Adaptive-Filter,5,3.089904203156476,0.8666709037637456,0.0,1.0,0.04999999999999375,Ackley,2,777
Random-Adaptive-Filter,6,1.9686230575710977,0.5521686797708434,0.0,1.0,0.04444444444443951,Ackley,2,777
Random-Adaptive-Filter,7,1.9686230575710977,0.5521686797708434,0.0,1.0,0.039999999999996004,Ackley,2,777
Random-Adaptive-Filter,8,1.9686230575710977,0.5521686797708434,1.0,0.96,0.06026069518716107,Ackley,2,777
Random-Adaptive-Filter,9,1.9686230575710977,0.5521686797708434,1.0,0.96,0.05660018993351921,Ackley,2,777
Random-Adaptive-Filter,10,1.968088997065991,0.5520188839615906,1.0,0.96,0.06178426836321174,Ackley,2,777
Random-Adaptive-Filter,11,0.2760904891217817,0.07743916250973538,1.0,0.93,0.09548051948051411,Ackley,2,777
Random-Adaptive-Filter,12,0.2760904891217817,0.07743916250973538,1.0,0.94,0.09144390331889846,Ackley,2,777
Random-Adaptive-Filter,13,0.2760904891217817,0.07743916250973538,1.0,0.93,0.10479172530255608,Ackley,2,777
Random-Adaptive-Filter,14,0.2760904891217817,0.07743916250973538,1.0,0.94,0.08833363246137091,Ackley,2,777
Random-Adaptive-Filter,15,0.2760904891217817,0.07743916250973538,1.0,0.96,0.0549707602339155,Ackley,2,777
Random-Adaptive-Filter,16,0.2760904891217817,0.07743916250973538,1.0,0.96,0.058364319890633065,Ackley,2,777
Random-Adaptive-Filter,17,0.2760904891217817,0.07743916250973538,0.0,1.0,0.035737057973081174,Ackley,2,777
Random-Adaptive-Filter,18,0.2760904891217817,0.07743916250973538,0.0,1.0,0.0223319504569494,Ackley,2,777
Random-Adaptive-Filter,19,0.2760904891217817,0.07743916250973538,0.0,1.0,0.03856225296442536,Ackley,2,777
Random-Adaptive-Filter,20,0.2760904891217817,0.07743916250973538,0.0,1.0,0.04235010252226665,Ackley,2,777
Wrong-Adaptive-Filter,0,3.5652566501745437,1.0,0.0,1.0,0.0,Ackley,2,777
Wrong-Adaptive-Filter,1,3.5652566501745437,1.0,1.0,0.84,0.219999999999963,Ackley,2,777
Wrong-Adaptive-Filter,2,3.089904203156476,0.8666709037637456,1.0,0.86,0.1893073593073334,Ackley,2,777
Wrong-Adaptive-Filter,3,3.089904203156476,0.8666709037637456,1.0,0.79,0.28492063492060565,Ackley,2,777
Wrong-Adaptive-Filter,4,3.089904203156476,0.8666709037637456,1.0,0.79,0.28550824175821604,Ackley,2,777
Wrong-Adaptive-Filter,5,3.089904203156476,0.8666709037637456,1.0,0.81,0.2591115233972165,Ackley,2,777
Wrong-Adaptive-Filter,6,1.9686230575710977,0.5521686797708434,1.0,0.81,0.25921717171715253,Ackley,2,777
Wrong-Adaptive-Filter,7,1.9686230575710977,0.5521686797708434,1.0,0.81,0.26377622377620585,Ackley,2,777
Wrong-Adaptive-Filter,8,1.9686230575710977,0.5521686797708434,1.0,0.81,0.2549520332608406,Ackley,2,777
Wrong-Adaptive-Filter,9,1.9686230575710977,0.5521686797708434,1.0,0.79,0.28187491520823194,Ackley,2,777
Wrong-Adaptive-Filter,10,1.968088997065991,0.5520188839615906,1.0,0.81,0.2582128397917728,Ackley,2,777
Wrong-Adaptive-Filter,11,0.2760904891217817,0.07743916250973538,1.0,0.81,0.25590297937355416,Ackley,2,777
Wrong-Adaptive-Filter,12,0.2760904891217817,0.07743916250973538,1.0,0.81,0.2632234105763388,Ackley,2,777
Wrong-Adaptive-Filter,13,0.2760904891217817,0.07743916250973538,1.0,0.82,0.24097945398253862,Ackley,2,777
Wrong-Adaptive-Filter,14,0.2760904891217817,0.07743916250973538,1.0,0.8,0.2677205752922419,Ackley,2,777
Wrong-Adaptive-Filter,15,0.2760904891217817,0.07743916250973538,1.0,0.82,0.2456140350877088,Ackley,2,777
Wrong-Adaptive-Filter,16,0.2760904891217817,0.07743916250973538,1.0,0.81,0.25706561859192384,Ackley,2,777
Wrong-Adaptive-Filter,17,0.2760904891217817,0.07743916250973538,1.0,0.84,0.22546658310632578,Ackley,2,777
Wrong-Adaptive-Filter,18,0.2760904891217817,0.07743916250973538,1.0,0.83,0.23914128343475266,Ackley,2,777
Wrong-Adaptive-Filter,19,0.2760904891217817,0.07743916250973538,1.0,0.8,0.2715591473743549,Ackley,2,777
Wrong-Adaptive-Filter,20,0.2760904891217817,0.07743916250973538,1.0,0.78,0.29746127431192865,Ackley,2,777
Oracle-Fixed-Filter,0,3.5652566501745437,1.0,0.0,1.0,0.0,Ackley,2,777
Oracle-Fixed-Filter,1,3.538704772621035,0.9925526041576254,1.0,0.25,1.0,Ackley,2,777
Oracle-Fixed-Filter,2,3.538704772621035,0.9925526041576254,1.0,0.25,1.0,Ackley,2,777
Oracle-Fixed-Filter,3,3.538704772621035,0.9925526041576254,1.0,0.25,1.0,Ackley,2,777
Oracle-Fixed-Filter,4,3.266394929686712,0.9161738551211452,1.0,0.25,1.0,Ackley,2,777
Oracle-Fixed-Filter,5,3.266394929686712,0.9161738551211452,0.0,1.0,1.0,Ackley,2,777
Oracle-Fixed-Filter,6,3.266394929686712,0.9161738551211452,1.0,0.25,1.0,Ackley,2,777
Oracle-Fixed-Filter,7,2.77001300057313,0.7769463105657538,1.0,0.25,1.0,Ackley,2,777
Oracle-Fixed-Filter,8,1.7127726575222906,0.4804065529022822,1.0,0.25,1.0,Ackley,2,777
Oracle-Fixed-Filter,9,0.8940293550254492,0.2507615699929148,1.0,0.25,1.0,Ackley,2,777
Oracle-Fixed-Filter,10,0.8940293550254492,0.2507615699929148,1.0,0.25,1.0,Ackley,2,777
Oracle-Fixed-Filter,11,0.8940293550254492,0.2507615699929148,1.0,0.25,1.0,Ackley,2,777
Oracle-Fixed-Filter,12,0.8940293550254492,0.2507615699929148,1.0,0.25,1.0,Ackley,2,777
Oracle-Fixed-Filter,13,0.8940293550254492,0.2507615699929148,1.0,0.25,1.0,Ackley,2,777
Oracle-Fixed-Filter,14,0.8940293550254492,0.2507615699929148,0.0,1.0,1.0,Ackley,2,777
Oracle-Fixed-Filter,15,0.8940293550254492,0.2507615699929148,0.0,1.0,1.0,Ackley,2,777
Oracle-Fixed-Filter,16,0.8940293550254492,0.2507615699929148,0.0,1.0,1.0,Ackley,2,777
Oracle-Fixed-Filter,17,0.8940293550254492,0.2507615699929148,1.0,0.25,1.0,Ackley,2,777
Oracle-Fixed-Filter,18,0.8940293550254492,0.2507615699929148,1.0,0.25,1.0,Ackley,2,777
Oracle-Fixed-Filter,19,0.8940293550254492,0.2507615699929148,1.0,0.25,1.0,Ackley,2,777
Oracle-Fixed-Filter,20,0.8940293550254492,0.2507615699929148,1.0,0.25,1.0,Ackley,2,777
Matching-Soft-Rerank,0,3.5652566501745437,1.0,0.0,1.0,,Ackley,2,777
Matching-Soft-Rerank,1,3.538704772621035,0.9925526041576254,0.0,1.0,,Ackley,2,777
Matching-Soft-Rerank,2,3.538704772621035,0.9925526041576254,0.0,1.0,,Ackley,2,777
Matching-Soft-Rerank,3,3.538704772621035,0.9925526041576254,0.0,1.0,,Ackley,2,777
Matching-Soft-Rerank,4,3.538704772621035,0.9925526041576254,0.0,1.0,,Ackley,2,777
Matching-Soft-Rerank,5,3.538704772621035,0.9925526041576254,0.0,1.0,,Ackley,2,777
Matching-Soft-Rerank,6,3.538704772621035,0.9925526041576254,0.0,1.0,,Ackley,2,777
Matching-Soft-Rerank,7,3.521816802554135,0.9878157866648164,0.0,1.0,,Ackley,2,777
Matching-Soft-Rerank,8,3.521816802554135,0.9878157866648164,0.0,1.0,,Ackley,2,777
Matching-Soft-Rerank,9,3.521816802554135,0.9878157866648164,0.0,1.0,,Ackley,2,777
Matching-Soft-Rerank,10,2.888452136188644,0.8101666779156654,0.0,1.0,,Ackley,2,777
Matching-Soft-Rerank,11,2.254428087952658,0.6323326226296466,0.0,1.0,,Ackley,2,777
Matching-Soft-Rerank,12,2.254428087952658,0.6323326226296466,0.0,1.0,,Ackley,2,777
Matching-Soft-Rerank,13,2.254428087952658,0.6323326226296466,0.0,1.0,,Ackley,2,777
Matching-Soft-Rerank,14,1.6996260081733081,0.4767191186895618,0.0,1.0,,Ackley,2,777
Matching-Soft-Rerank,15,0.9211066703265236,0.25835634309283984,0.0,1.0,,Ackley,2,777
Matching-Soft-Rerank,16,0.9211066703265236,0.25835634309283984,0.0,1.0,,Ackley,2,777
Matching-Soft-Rerank,17,0.9211066703265236,0.25835634309283984,0.0,1.0,,Ackley,2,777
Matching-Soft-Rerank,18,0.9211066703265236,0.25835634309283984,0.0,1.0,,Ackley,2,777
Matching-Soft-Rerank,19,0.9211066703265236,0.25835634309283984,0.0,1.0,,Ackley,2,777
Matching-Soft-Rerank,20,0.9211066703265236,0.25835634309283984,0.0,1.0,,Ackley,2,777
Target-Only,0,4.673583574807875,1.0,0.0,1.0,0.0,Ackley,2,999
Target-Only,1,4.673583574807875,1.0,0.0,1.0,0.0,Ackley,2,999
Target-Only,2,4.673583574807875,1.0,0.0,1.0,0.0,Ackley,2,999
Target-Only,3,3.196499748360488,0.6839504840762137,0.0,1.0,0.0,Ackley,2,999
Target-Only,4,3.196499748360488,0.6839504840762137,0.0,1.0,0.0,Ackley,2,999
Target-Only,5,3.196499748360488,0.6839504840762137,0.0,1.0,0.0,Ackley,2,999
Target-Only,6,3.196499748360488,0.6839504840762137,0.0,1.0,0.0,Ackley,2,999
Target-Only,7,3.196499748360488,0.6839504840762137,0.0,1.0,0.0,Ackley,2,999
Target-Only,8,3.196499748360488,0.6839504840762137,0.0,1.0,0.0,Ackley,2,999
Target-Only,9,3.196499748360488,0.6839504840762137,0.0,1.0,0.0,Ackley,2,999
Target-Only,10,3.01933835238415,0.6460435133030162,0.0,1.0,0.0,Ackley,2,999
Target-Only,11,1.3893516763319735,0.29727759311313645,0.0,1.0,0.0,Ackley,2,999
Target-Only,12,1.3893516763319735,0.29727759311313645,0.0,1.0,0.0,Ackley,2,999
Target-Only,13,1.3893516763319735,0.29727759311313645,0.0,1.0,0.0,Ackley,2,999
Target-Only,14,1.3893516763319735,0.29727759311313645,0.0,1.0,0.0,Ackley,2,999
Target-Only,15,1.3893516763319735,0.29727759311313645,0.0,1.0,0.0,Ackley,2,999
Target-Only,16,1.3893516763319735,0.29727759311313645,0.0,1.0,0.0,Ackley,2,999
Target-Only,17,1.3893516763319735,0.29727759311313645,0.0,1.0,0.0,Ackley,2,999
Target-Only,18,1.3893516763319735,0.29727759311313645,0.0,1.0,0.0,Ackley,2,999
Target-Only,19,1.3893516763319735,0.29727759311313645,0.0,1.0,0.0,Ackley,2,999
Target-Only,20,1.3893516763319735,0.29727759311313645,0.0,1.0,0.0,Ackley,2,999
Matching-Fixed-Filter,0,4.673583574807875,1.0,0.0,1.0,0.0,Ackley,2,999
Matching-Fixed-Filter,1,4.673583574807875,1.0,1.0,0.25,1.0,Ackley,2,999
Matching-Fixed-Filter,2,4.673583574807875,1.0,1.0,0.25,1.0,Ackley,2,999
Matching-Fixed-Filter,3,3.5140117320812263,0.7518880695796014,1.0,0.25,1.0,Ackley,2,999
Matching-Fixed-Filter,4,3.4223683096555892,0.7322792574210633,1.0,0.25,1.0,Ackley,2,999
Matching-Fixed-Filter,5,3.4223683096555892,0.7322792574210633,1.0,0.25,1.0,Ackley,2,999
Matching-Fixed-Filter,6,3.4223683096555892,0.7322792574210633,1.0,0.25,1.0,Ackley,2,999
Matching-Fixed-Filter,7,3.4223683096555892,0.7322792574210633,1.0,0.25,1.0,Ackley,2,999
Matching-Fixed-Filter,8,3.4223683096555892,0.7322792574210633,1.0,0.25,1.0,Ackley,2,999
Matching-Fixed-Filter,9,3.0022094460778885,0.6423784656940269,1.0,0.25,1.0,Ackley,2,999
Matching-Fixed-Filter,10,1.127883109801282,0.24133153751244246,1.0,0.25,1.0,Ackley,2,999
Matching-Fixed-Filter,11,1.127883109801282,0.24133153751244246,1.0,0.25,1.0,Ackley,2,999
Matching-Fixed-Filter,12,1.127883109801282,0.24133153751244246,1.0,0.25,1.0,Ackley,2,999
Matching-Fixed-Filter,13,1.127883109801282,0.24133153751244246,1.0,0.25,1.0,Ackley,2,999
Matching-Fixed-Filter,14,1.127883109801282,0.24133153751244246,0.0,1.0,1.0,Ackley,2,999
Matching-Fixed-Filter,15,1.127883109801282,0.24133153751244246,1.0,0.25,1.0,Ackley,2,999
Matching-Fixed-Filter,16,1.127883109801282,0.24133153751244246,1.0,0.25,1.0,Ackley,2,999
Matching-Fixed-Filter,17,1.127883109801282,0.24133153751244246,1.0,0.25,1.0,Ackley,2,999
Matching-Fixed-Filter,18,1.127883109801282,0.24133153751244246,1.0,0.25,1.0,Ackley,2,999
Matching-Fixed-Filter,19,1.127883109801282,0.24133153751244246,1.0,0.25,1.0,Ackley,2,999
Matching-Fixed-Filter,20,1.127883109801282,0.24133153751244246,1.0,0.25,1.0,Ackley,2,999
Matching-Adaptive-Filter,0,4.673583574807875,1.0,0.0,1.0,0.0,Ackley,2,999
Matching-Adaptive-Filter,1,4.673583574807875,1.0,1.0,0.84,0.22214285714281995,Ackley,2,999
Matching-Adaptive-Filter,2,4.673583574807875,1.0,1.0,0.81,0.25830086580083367,Ackley,2,999
Matching-Adaptive-Filter,3,3.196499748360488,0.6839504840762137,1.0,0.78,0.3007936507936202,Ackley,2,999
Matching-Adaptive-Filter,4,3.196499748360488,0.6839504840762137,1.0,0.81,0.26387362637360234,Ackley,2,999
Matching-Adaptive-Filter,5,3.196499748360488,0.6839504840762137,1.0,0.87,0.1851886209028907,Ackley,2,999
Matching-Adaptive-Filter,6,3.196499748360488,0.6839504840762137,1.0,0.81,0.2598989898989706,Ackley,2,999
Matching-Adaptive-Filter,7,3.196499748360488,0.6839504840762137,1.0,0.79,0.28606643356641426,Ackley,2,999
Matching-Adaptive-Filter,8,3.196499748360488,0.6839504840762137,1.0,0.81,0.2622915075120792,Ackley,2,999
Matching-Adaptive-Filter,9,3.196499748360488,0.6839504840762137,0.0,1.0,0.32867996201327615,Ackley,2,999
Matching-Adaptive-Filter,10,3.01933835238415,0.6460435133030162,1.0,0.74,0.3595286292654517,Ackley,2,999
Matching-Adaptive-Filter,11,2.608959386143465,0.5582353122359035,1.0,0.77,0.30688693659280303,Ackley,2,999
Matching-Adaptive-Filter,12,1.9273141832407537,0.4123846620887662,1.0,0.79,0.29063778541718294,Ackley,2,999
Matching-Adaptive-Filter,13,1.9273141832407537,0.4123846620887662,1.0,0.82,0.25000938174311615,Ackley,2,999
Matching-Adaptive-Filter,14,1.9273141832407537,0.4123846620887662,1.0,0.82,0.24982466494781974,Ackley,2,999
Matching-Adaptive-Filter,15,1.9273141832407537,0.4123846620887662,1.0,0.84,0.21487050960734244,Ackley,2,999
Matching-Adaptive-Filter,16,1.9273141832407537,0.4123846620887662,1.0,0.85,0.20429938482569224,Ackley,2,999
Matching-Adaptive-Filter,17,1.9273141832407537,0.4123846620887662,1.0,0.87,0.17653042609563652,Ackley,2,999
Matching-Adaptive-Filter,18,0.19313912359826846,0.04132570232387633,1.0,0.87,0.18250053589726806,Ackley,2,999
Matching-Adaptive-Filter,19,0.19313912359826846,0.04132570232387633,1.0,0.88,0.16620200451721578,Ackley,2,999
Matching-Adaptive-Filter,20,0.19313912359826846,0.04132570232387633,1.0,0.85,0.20414318646671417,Ackley,2,999
Random-Adaptive-Filter,0,4.673583574807875,1.0,0.0,1.0,0.0,Ackley,2,999
Random-Adaptive-Filter,1,4.673583574807875,1.0,1.0,0.9,0.14642857142854176,Ackley,2,999
Random-Adaptive-Filter,2,4.673583574807875,1.0,1.0,0.86,0.1976948051947785,Ackley,2,999
Random-Adaptive-Filter,3,3.196499748360488,0.6839504840762137,1.0,0.79,0.28095238095235203,Ackley,2,999
Random-Adaptive-Filter,4,3.196499748360488,0.6839504840762137,1.0,0.77,0.31595695970693166,Ackley,2,999
Random-Adaptive-Filter,5,3.196499748360488,0.6839504840762137,1.0,0.77,0.30870954442380544,Ackley,2,999
Random-Adaptive-Filter,6,3.196499748360488,0.6839504840762137,1.0,0.75,0.33755050505048056,Ackley,2,999
Random-Adaptive-Filter,7,3.196499748360488,0.6839504840762137,1.0,0.75,0.3461625874125643,Ackley,2,999
Random-Adaptive-Filter,8,3.196499748360488,0.6839504840762137,0.0,1.0,0.3659800983330168,Ackley,2,999
Random-Adaptive-Filter,9,3.196499748360488,0.6839504840762137,0.0,1.0,0.39909103242434274,Ackley,2,999
Random-Adaptive-Filter,10,3.01933835238415,0.6460435133030162,1.0,0.69,0.4225925390398845,Ackley,2,999
Random-Adaptive-Filter,11,1.3893516763319735,0.29727759311313645,1.0,0.7,0.40706340718103323,Ackley,2,999
Random-Adaptive-Filter,12,1.3893516763319735,0.29727759311313645,1.0,0.7,0.40017459256427895,Ackley,2,999
Random-Adaptive-Filter,13,1.3893516763319735,0.29727759311313645,1.0,0.71,0.3971972042405295,Ackley,2,999
Random-Adaptive-Filter,14,1.3893516763319735,0.29727759311313645,1.0,0.72,0.3741254531502044,Ackley,2,999
Random-Adaptive-Filter,15,1.3893516763319735,0.29727759311313645,1.0,0.75,0.3345029239765939,Ackley,2,999
Random-Adaptive-Filter,16,1.3893516763319735,0.29727759311313645,1.0,0.76,0.3239617224880251,Ackley,2,999
Random-Adaptive-Filter,17,1.3893516763319735,0.29727759311313645,1.0,0.78,0.2934855206904782,Ackley,2,999
Random-Adaptive-Filter,18,1.3893516763319735,0.29727759311313645,1.0,0.8,0.27765301827800776,Ackley,2,999
Random-Adaptive-Filter,19,1.3893516763319735,0.29727759311313645,1.0,0.8,0.27458709768491374,Ackley,2,999
Random-Adaptive-Filter,20,1.3893516763319735,0.29727759311313645,1.0,0.8,0.2764733569301225,Ackley,2,999
Wrong-Adaptive-Filter,0,4.673583574807875,1.0,0.0,1.0,0.0,Ackley,2,999
Wrong-Adaptive-Filter,1,4.673583574807875,1.0,1.0,0.92,0.10857142857140271,Ackley,2,999
Wrong-Adaptive-Filter,2,4.673583574807875,1.0,1.0,0.95,0.079999999999984,Ackley,2,999
Wrong-Adaptive-Filter,3,3.196499748360488,0.6839504840762137,1.0,0.96,0.06666666666665555,Ackley,2,999
Wrong-Adaptive-Filter,4,3.196499748360488,0.6839504840762137,1.0,0.94,0.08919413919412858,Ackley,2,999
Wrong-Adaptive-Filter,5,3.196499748360488,0.6839504840762137,1.0,0.88,0.1646567717996145,Ackley,2,999
Wrong-Adaptive-Filter,6,3.196499748360488,0.6839504840762137,1.0,0.91,0.12217171717170708,Ackley,2,999
Wrong-Adaptive-Filter,7,3.196499748360488,0.6839504840762137,1.0,0.91,0.1302534965034869,Ackley,2,999
Wrong-Adaptive-Filter,8,3.196499748360488,0.6839504840762137,0.0,1.0,0.18659392078508513,Ackley,2,999
Wrong-Adaptive-Filter,9,3.196499748360488,0.6839504840762137,1.0,0.85,0.2046805046804924,Ackley,2,999
Wrong-Adaptive-Filter,10,3.01933835238415,0.6460435133030162,1.0,0.82,0.24890832851357783,Ackley,2,999
Wrong-Adaptive-Filter,11,2.1680051746958253,0.46388496963701964,1.0,0.77,0.30686019862488856,Ackley,2,999
Wrong-Adaptive-Filter,12,2.1680051746958253,0.46388496963701964,1.0,0.76,0.3297420634920473,Ackley,2,999
Wrong-Adaptive-Filter,13,2.1680051746958253,0.46388496963701964,1.0,0.73,0.367890984144837,Ackley,2,999
Wrong-Adaptive-Filter,14,2.1680051746958253,0.46388496963701964,1.0,0.72,0.37387852870419525,Ackley,2,999
Wrong-Adaptive-Filter,15,2.1680051746958253,0.46388496963701964,1.0,0.71,0.3944862155388304,Ackley,2,999
Wrong-Adaptive-Filter,16,2.1680051746958253,0.46388496963701964,1.0,0.7,0.4022279562542557,Ackley,2,999
Wrong-Adaptive-Filter,17,2.1680051746958253,0.46388496963701964,1.0,0.69,0.416250954014913,Ackley,2,999
Wrong-Adaptive-Filter,18,2.1680051746958253,0.46388496963701964,1.0,0.72,0.3765678916493992,Ackley,2,999
Wrong-Adaptive-Filter,19,2.1680051746958253,0.46388496963701964,1.0,0.72,0.37509175607000333,Ackley,2,999
Wrong-Adaptive-Filter,20,0.23447619236595374,0.050170535866707444,1.0,0.72,0.3835857672125342,Ackley,2,999
Oracle-Fixed-Filter,0,4.673583574807875,1.0,0.0,1.0,0.0,Ackley,2,999
Oracle-Fixed-Filter,1,4.559554630875535,0.975601389788557,1.0,0.25,1.0,Ackley,2,999
Oracle-Fixed-Filter,2,4.559554630875535,0.975601389788557,1.0,0.25,1.0,Ackley,2,999
Oracle-Fixed-Filter,3,2.6396749029732516,0.5648074674863955,1.0,0.25,1.0,Ackley,2,999
Oracle-Fixed-Filter,4,2.6396749029732516,0.5648074674863955,1.0,0.25,1.0,Ackley,2,999
Oracle-Fixed-Filter,5,2.6396749029732516,0.5648074674863955,1.0,0.25,1.0,Ackley,2,999
Oracle-Fixed-Filter,6,0.6104594023162062,0.13061912610416965,1.0,0.25,1.0,Ackley,2,999
Oracle-Fixed-Filter,7,0.6104594023162062,0.13061912610416965,1.0,0.25,1.0,Ackley,2,999
Oracle-Fixed-Filter,8,0.6104594023162062,0.13061912610416965,1.0,0.25,1.0,Ackley,2,999
Oracle-Fixed-Filter,9,0.6104594023162062,0.13061912610416965,1.0,0.25,1.0,Ackley,2,999
Oracle-Fixed-Filter,10,0.6104594023162062,0.13061912610416965,0.0,1.0,1.0,Ackley,2,999
Oracle-Fixed-Filter,11,0.6104594023162062,0.13061912610416965,0.0,1.0,1.0,Ackley,2,999
Oracle-Fixed-Filter,12,0.6104594023162062,0.13061912610416965,0.0,1.0,1.0,Ackley,2,999
Oracle-Fixed-Filter,13,0.6104594023162062,0.13061912610416965,1.0,0.25,1.0,Ackley,2,999
Oracle-Fixed-Filter,14,0.6104594023162062,0.13061912610416965,1.0,0.25,1.0,Ackley,2,999
Oracle-Fixed-Filter,15,0.6104594023162062,0.13061912610416965,1.0,0.25,1.0,Ackley,2,999
Oracle-Fixed-Filter,16,0.6104594023162062,0.13061912610416965,0.0,1.0,1.0,Ackley,2,999
Oracle-Fixed-Filter,17,0.6104594023162062,0.13061912610416965,1.0,0.25,1.0,Ackley,2,999
Oracle-Fixed-Filter,18,0.6104594023162062,0.13061912610416965,1.0,0.25,1.0,Ackley,2,999
Oracle-Fixed-Filter,19,0.6104594023162062,0.13061912610416965,1.0,0.25,1.0,Ackley,2,999
Oracle-Fixed-Filter,20,0.6104594023162062,0.13061912610416965,0.0,1.0,1.0,Ackley,2,999
Matching-Soft-Rerank,0,4.673583574807875,1.0,0.0,1.0,,Ackley,2,999
Matching-Soft-Rerank,1,4.673583574807875,1.0,0.0,1.0,,Ackley,2,999
Matching-Soft-Rerank,2,4.673583574807875,1.0,0.0,1.0,,Ackley,2,999
Matching-Soft-Rerank,3,4.673583574807875,1.0,0.0,1.0,,Ackley,2,999
Matching-Soft-Rerank,4,4.673583574807875,1.0,0.0,1.0,,Ackley,2,999
Matching-Soft-Rerank,5,4.56760718595384,0.9773243834933685,0.0,1.0,,Ackley,2,999
Matching-Soft-Rerank,6,4.283237202596087,0.9164781444551713,0.0,1.0,,Ackley,2,999
Matching-Soft-Rerank,7,4.013725221660799,0.8588110509665591,0.0,1.0,,Ackley,2,999
Matching-Soft-Rerank,8,4.013725221660799,0.8588110509665591,0.0,1.0,,Ackley,2,999
Matching-Soft-Rerank,9,4.013725221660799,0.8588110509665591,0.0,1.0,,Ackley,2,999
Matching-Soft-Rerank,10,3.955346996784279,0.8463199455991066,0.0,1.0,,Ackley,2,999
Matching-Soft-Rerank,11,3.955346996784279,0.8463199455991066,0.0,1.0,,Ackley,2,999
Matching-Soft-Rerank,12,3.955346996784279,0.8463199455991066,0.0,1.0,,Ackley,2,999
Matching-Soft-Rerank,13,3.5928863074436816,0.7687647497758463,0.0,1.0,,Ackley,2,999
Matching-Soft-Rerank,14,3.524298687814032,0.7540891547999997,0.0,1.0,,Ackley,2,999
Matching-Soft-Rerank,15,3.3010249346038916,0.706315588833691,0.0,1.0,,Ackley,2,999
Matching-Soft-Rerank,16,3.3010249346038916,0.706315588833691,0.0,1.0,,Ackley,2,999
Matching-Soft-Rerank,17,3.252594280712611,0.6959529510171049,0.0,1.0,,Ackley,2,999
Matching-Soft-Rerank,18,3.072729373174703,0.6574675137377892,0.0,1.0,,Ackley,2,999
Matching-Soft-Rerank,19,3.072729373174703,0.6574675137377892,0.0,1.0,,Ackley,2,999
Matching-Soft-Rerank,20,3.072729373174703,0.6574675137377892,0.0,1.0,,Ackley,2,999
Target-Only,0,8.700947993693843,1.0,0.0,1.0,0.0,Ackley,2,1234
Target-Only,1,8.291565637724599,0.9529496836131016,0.0,1.0,0.0,Ackley,2,1234
Target-Only,2,8.291565637724599,0.9529496836131016,0.0,1.0,0.0,Ackley,2,1234
Target-Only,3,7.712510773798556,0.8863989049685536,0.0,1.0,0.0,Ackley,2,1234
Target-Only,4,7.712510773798556,0.8863989049685536,0.0,1.0,0.0,Ackley,2,1234
Target-Only,5,6.937112985762795,0.7972824329935753,0.0,1.0,0.0,Ackley,2,1234
Target-Only,6,6.937112985762795,0.7972824329935753,0.0,1.0,0.0,Ackley,2,1234
Target-Only,7,6.937112985762795,0.7972824329935753,0.0,1.0,0.0,Ackley,2,1234
Target-Only,8,6.937112985762795,0.7972824329935753,0.0,1.0,0.0,Ackley,2,1234
Target-Only,9,6.937112985762795,0.7972824329935753,0.0,1.0,0.0,Ackley,2,1234
Target-Only,10,6.937112985762795,0.7972824329935753,0.0,1.0,0.0,Ackley,2,1234
Target-Only,11,6.937112985762795,0.7972824329935753,0.0,1.0,0.0,Ackley,2,1234
Target-Only,12,6.937112985762795,0.7972824329935753,0.0,1.0,0.0,Ackley,2,1234
Target-Only,13,4.411489751609167,0.5070125410250088,0.0,1.0,0.0,Ackley,2,1234
Target-Only,14,4.411489751609167,0.5070125410250088,0.0,1.0,0.0,Ackley,2,1234
Target-Only,15,4.016002234623695,0.4615591585577065,0.0,1.0,0.0,Ackley,2,1234
Target-Only,16,3.4238682612934466,0.3935051977985562,0.0,1.0,0.0,Ackley,2,1234
Target-Only,17,3.2224753908480896,0.37035911410844335,0.0,1.0,0.0,Ackley,2,1234
Target-Only,18,3.2224753908480896,0.37035911410844335,0.0,1.0,0.0,Ackley,2,1234
Target-Only,19,3.2224753908480896,0.37035911410844335,0.0,1.0,0.0,Ackley,2,1234
Target-Only,20,2.3023063639110046,0.2646040828631132,0.0,1.0,0.0,Ackley,2,1234
Matching-Fixed-Filter,0,8.700947993693843,1.0,0.0,1.0,0.0,Ackley,2,1234
Matching-Fixed-Filter,1,8.162070195911287,0.9380667717847393,1.0,0.25,1.0,Ackley,2,1234
Matching-Fixed-Filter,2,8.162070195911287,0.9380667717847393,1.0,0.25,1.0,Ackley,2,1234
Matching-Fixed-Filter,3,7.07097805850403,0.81266754652813,1.0,0.25,1.0,Ackley,2,1234
Matching-Fixed-Filter,4,4.246281645315019,0.4880251724746065,1.0,0.25,1.0,Ackley,2,1234
Matching-Fixed-Filter,5,3.7123327030057856,0.4266584176455669,1.0,0.25,1.0,Ackley,2,1234
Matching-Fixed-Filter,6,3.7123327030057856,0.4266584176455669,1.0,0.25,1.0,Ackley,2,1234
Matching-Fixed-Filter,7,3.7040269528783125,0.42570383773847026,1.0,0.25,1.0,Ackley,2,1234
Matching-Fixed-Filter,8,2.9394584314323677,0.3378319734312616,1.0,0.25,1.0,Ackley,2,1234
Matching-Fixed-Filter,9,2.9394584314323677,0.3378319734312616,1.0,0.25,1.0,Ackley,2,1234
Matching-Fixed-Filter,10,2.2070452087148564,0.25365571778091867,1.0,0.25,1.0,Ackley,2,1234
Matching-Fixed-Filter,11,2.2070452087148564,0.25365571778091867,1.0,0.25,1.0,Ackley,2,1234
Matching-Fixed-Filter,12,2.2070452087148564,0.25365571778091867,0.0,1.0,1.0,Ackley,2,1234
Matching-Fixed-Filter,13,0.48705864033071977,0.05597765216890426,1.0,0.25,1.0,Ackley,2,1234
Matching-Fixed-Filter,14,0.48705864033071977,0.05597765216890426,1.0,0.25,1.0,Ackley,2,1234
Matching-Fixed-Filter,15,0.48705864033071977,0.05597765216890426,1.0,0.25,1.0,Ackley,2,1234
Matching-Fixed-Filter,16,0.48705864033071977,0.05597765216890426,1.0,0.25,1.0,Ackley,2,1234
Matching-Fixed-Filter,17,0.48705864033071977,0.05597765216890426,1.0,0.25,1.0,Ackley,2,1234
Matching-Fixed-Filter,18,0.48705864033071977,0.05597765216890426,1.0,0.25,1.0,Ackley,2,1234
Matching-Fixed-Filter,19,0.48705864033071977,0.05597765216890426,1.0,0.25,1.0,Ackley,2,1234
Matching-Fixed-Filter,20,0.48705864033071977,0.05597765216890426,1.0,0.25,1.0,Ackley,2,1234
Matching-Adaptive-Filter,0,8.700947993693843,1.0,0.0,1.0,0.0,Ackley,2,1234
Matching-Adaptive-Filter,1,8.291565637724599,0.9529496836131016,1.0,0.86,0.18999999999996597,Ackley,2,1234
Matching-Adaptive-Filter,2,8.291565637724599,0.9529496836131016,1.0,0.83,0.23530303030300026,Ackley,2,1234
Matching-Adaptive-Filter,3,7.712510773798556,0.8863989049685536,1.0,0.78,0.3007936507936202,Ackley,2,1234
Matching-Adaptive-Filter,4,7.712510773798556,0.8863989049685536,1.0,0.75,0.33518772893769944,Ackley,2,1234
Matching-Adaptive-Filter,5,7.209329872234438,0.8285683212288499,1.0,0.74,0.3495670995670719,Ackley,2,1234
Matching-Adaptive-Filter,6,7.209329872234438,0.8285683212288499,1.0,0.72,0.37853535353532636,Ackley,2,1234
Matching-Adaptive-Filter,7,7.209329872234438,0.8285683212288499,1.0,0.73,0.3605856643356404,Ackley,2,1234
Matching-Adaptive-Filter,8,7.022015801061862,0.8070403140153446,1.0,0.72,0.3834332334332098,Ackley,2,1234
Matching-Adaptive-Filter,9,7.022015801061862,0.8070403140153446,0.0,1.0,0.3882376882376658,Ackley,2,1234
Matching-Adaptive-Filter,10,7.022015801061862,0.8070403140153446,1.0,0.71,0.3977805089646978,Ackley,2,1234
Matching-Adaptive-Filter,11,7.022015801061862,0.8070403140153446,1.0,0.69,0.42082276546980263,Ackley,2,1234
Matching-Adaptive-Filter,12,5.45163758725386,0.6265567374043638,1.0,0.68,0.42910624098122013,Ackley,2,1234
Matching-Adaptive-Filter,13,4.610789699904707,0.5299180851611174,1.0,0.67,0.45293648559900335,Ackley,2,1234
Matching-Adaptive-Filter,14,4.610789699904707,0.5299180851611174,1.0,0.67,0.4519262120150331,Ackley,2,1234
Matching-Adaptive-Filter,15,4.471562273098545,0.5139166762448626,1.0,0.65,0.4755221386800133,Ackley,2,1234
Matching-Adaptive-Filter,16,3.995401712701455,0.4591915404617047,1.0,0.64,0.48910457963087556,Ackley,2,1234
Matching-Adaptive-Filter,17,3.3528953015305487,0.38534827514893955,1.0,0.62,0.5085747792579893,Ackley,2,1234
Matching-Adaptive-Filter,18,2.66526575598261,0.30631900775804033,1.0,0.62,0.5164593005625421,Ackley,2,1234
Matching-Adaptive-Filter,19,1.7570299139143768,0.20193545751426317,1.0,0.61,0.5237330604178242,Ackley,2,1234
Matching-Adaptive-Filter,20,1.7570299139143768,0.20193545751426317,1.0,0.6,0.537679765886269,Ackley,2,1234
Random-Adaptive-Filter,0,8.700947993693843,1.0,0.0,1.0,0.0,Ackley,2,1234
Random-Adaptive-Filter,1,8.291565637724599,0.9529496836131016,0.0,1.0,0.1385714285713997,Ackley,2,1234
Random-Adaptive-Filter,2,8.291565637724599,0.9529496836131016,1.0,0.89,0.14899350649348422,Ackley,2,1234
Random-Adaptive-Filter,3,7.712510773798556,0.8863989049685536,0.0,1.0,0.17539682539680523,Ackley,2,1234
Random-Adaptive-Filter,4,7.712510773798556,0.8863989049685536,1.0,0.85,0.2029761904761711,Ackley,2,1234
Random-Adaptive-Filter,5,6.937112985762795,0.7972824329935753,0.0,1.0,0.15686456400740728,Ackley,2,1234
Random-Adaptive-Filter,6,6.937112985762795,0.7972824329935753,0.0,1.0,0.13906565656564535,Ackley,2,1234
Random-Adaptive-Filter,7,6.937112985762795,0.7972824329935753,1.0,0.91,0.1247902097902005,Ackley,2,1234
Random-Adaptive-Filter,8,6.937112985762795,0.7972824329935753,1.0,0.95,0.0712025719378607,Ackley,2,1234
Random-Adaptive-Filter,9,6.937112985762795,0.7972824329935753,0.0,1.0,0.061009361009356694,Ackley,2,1234
Random-Adaptive-Filter,10,6.937112985762795,0.7972824329935753,0.0,1.0,0.043175245806821735,Ackley,2,1234
Random-Adaptive-Filter,11,6.937112985762795,0.7972824329935753,0.0,1.0,0.036512605042014375,Ackley,2,1234
Random-Adaptive-Filter,12,6.937112985762795,0.7972824329935753,0.0,1.0,0.026666666666664892,Ackley,2,1234
Random-Adaptive-Filter,13,6.937112985762795,0.7972824329935753,0.0,1.0,0.02499999999999844,Ackley,2,1234
Random-Adaptive-Filter,14,6.937112985762795,0.7972824329935753,0.0,1.0,0.0235294117647045,Ackley,2,1234
Random-Adaptive-Filter,15,6.937112985762795,0.7972824329935753,0.0,1.0,0.02222222222222099,Ackley,2,1234
Random-Adaptive-Filter,16,6.937112985762795,0.7972824329935753,0.0,1.0,0.021052631578946265,Ackley,2,1234
Random-Adaptive-Filter,17,3.926956249863626,0.4513251030473636,0.0,1.0,0.021759110454761567,Ackley,2,1234
Random-Adaptive-Filter,18,2.0893606645846323,0.2401302324871877,0.0,1.0,0.049103287010893656,Ackley,2,1234
Random-Adaptive-Filter,19,2.0893606645846323,0.2401302324871877,1.0,0.94,0.09322063805759104,Ackley,2,1234
Random-Adaptive-Filter,20,2.0893606645846323,0.2401302324871877,1.0,0.89,0.15223195811595922,Ackley,2,1234
Wrong-Adaptive-Filter,0,8.700947993693843,1.0,0.0,1.0,0.0,Ackley,2,1234
Wrong-Adaptive-Filter,1,8.291565637724599,0.9529496836131016,1.0,0.87,0.18214285714282394,Ackley,2,1234
Wrong-Adaptive-Filter,2,8.291565637724599,0.9529496836131016,1.0,0.83,0.22908008658005705,Ackley,2,1234
Wrong-Adaptive-Filter,3,7.712510773798556,0.8863989049685536,1.0,0.79,0.28095238095235203,Ackley,2,1234
Wrong-Adaptive-Filter,4,7.712510773798556,0.8863989049685536,1.0,0.79,0.287912087912062,Ackley,2,1234
Wrong-Adaptive-Filter,5,6.937112985762795,0.7972824329935753,1.0,0.76,0.3200474129045302,Ackley,2,1234
Wrong-Adaptive-Filter,6,6.937112985762795,0.7972824329935753,1.0,0.78,0.3022474747474526,Ackley,2,1234
Wrong-Adaptive-Filter,7,6.937112985762795,0.7972824329935753,1.0,0.83,0.23099650349648765,Ackley,2,1234
Wrong-Adaptive-Filter,8,6.937112985762795,0.7972824329935753,1.0,0.81,0.2542584866114117,Ackley,2,1234
Wrong-Adaptive-Filter,9,6.937112985762795,0.7972824329935753,1.0,0.78,0.30425993759325315,Ackley,2,1234
Wrong-Adaptive-Filter,10,6.937112985762795,0.7972824329935753,1.0,0.81,0.2654496818970356,Ackley,2,1234
Wrong-Adaptive-Filter,11,6.937112985762795,0.7972824329935753,1.0,0.83,0.22697784568371604,Ackley,2,1234
Wrong-Adaptive-Filter,12,6.937112985762795,0.7972824329935753,1.0,0.83,0.2297399414311065,Ackley,2,1234
Wrong-Adaptive-Filter,13,6.034656587516299,0.6935631142595056,1.0,0.82,0.2515690965381249,Ackley,2,1234
Wrong-Adaptive-Filter,14,6.034656587516299,0.6935631142595056,1.0,0.8,0.273852124902052,Ackley,2,1234
Wrong-Adaptive-Filter,15,3.25422983247427,0.3740086522563779,1.0,0.77,0.3132832080200368,Ackley,2,1234
Wrong-Adaptive-Filter,16,2.873153725906303,0.3302115732663462,1.0,0.78,0.3022149692412728,Ackley,2,1234
Wrong-Adaptive-Filter,17,2.873153725906303,0.3302115732663462,1.0,0.77,0.30919403577787463,Ackley,2,1234
Wrong-Adaptive-Filter,18,2.873153725906303,0.3302115732663462,1.0,0.79,0.2882448318589514,Ackley,2,1234
Wrong-Adaptive-Filter,19,2.0292218649293656,0.23321847991736963,1.0,0.77,0.31464920948615455,Ackley,2,1234
Wrong-Adaptive-Filter,20,0.26944048806498033,0.03096679675137254,1.0,0.74,0.3550182254743545,Ackley,2,1234
Oracle-Fixed-Filter,0,8.700947993693843,1.0,0.0,1.0,0.0,Ackley,2,1234
Oracle-Fixed-Filter,1,8.291565637724599,0.9529496836131016,0.0,1.0,0.0,Ackley,2,1234
Oracle-Fixed-Filter,2,8.291565637724599,0.9529496836131016,0.0,1.0,0.0,Ackley,2,1234
Oracle-Fixed-Filter,3,7.712510773798556,0.8863989049685536,0.0,1.0,0.0,Ackley,2,1234
Oracle-Fixed-Filter,4,7.712510773798556,0.8863989049685536,0.0,1.0,0.0,Ackley,2,1234
Oracle-Fixed-Filter,5,6.937112985762795,0.7972824329935753,0.0,1.0,0.0,Ackley,2,1234
Oracle-Fixed-Filter,6,6.937112985762795,0.7972824329935753,0.0,1.0,0.0,Ackley,2,1234
Oracle-Fixed-Filter,7,6.937112985762795,0.7972824329935753,0.0,1.0,0.0,Ackley,2,1234
Oracle-Fixed-Filter,8,6.937112985762795,0.7972824329935753,0.0,1.0,0.0,Ackley,2,1234
Oracle-Fixed-Filter,9,6.937112985762795,0.7972824329935753,0.0,1.0,0.0,Ackley,2,1234
Oracle-Fixed-Filter,10,6.937112985762795,0.7972824329935753,1.0,0.25,1.0,Ackley,2,1234
Oracle-Fixed-Filter,11,4.3336461281183105,0.4980659729559575,1.0,0.25,1.0,Ackley,2,1234
Oracle-Fixed-Filter,12,4.3336461281183105,0.4980659729559575,1.0,0.25,1.0,Ackley,2,1234
Oracle-Fixed-Filter,13,4.3336461281183105,0.4980659729559575,1.0,0.25,1.0,Ackley,2,1234
Oracle-Fixed-Filter,14,4.3336461281183105,0.4980659729559575,1.0,0.25,1.0,Ackley,2,1234
Oracle-Fixed-Filter,15,3.1110449865036682,0.35755241713413866,1.0,0.25,1.0,Ackley,2,1234
Oracle-Fixed-Filter,16,1.060841766116035,0.12192254992041066,1.0,0.25,1.0,Ackley,2,1234
Oracle-Fixed-Filter,17,1.060841766116035,0.12192254992041066,1.0,0.25,1.0,Ackley,2,1234
Oracle-Fixed-Filter,18,1.060841766116035,0.12192254992041066,0.0,1.0,1.0,Ackley,2,1234
Oracle-Fixed-Filter,19,1.060841766116035,0.12192254992041066,1.0,0.25,1.0,Ackley,2,1234
Oracle-Fixed-Filter,20,1.060841766116035,0.12192254992041066,1.0,0.25,1.0,Ackley,2,1234
Matching-Soft-Rerank,0,8.700947993693843,1.0,0.0,1.0,,Ackley,2,1234
Matching-Soft-Rerank,1,8.38264630917116,0.9634175856753335,0.0,1.0,,Ackley,2,1234
Matching-Soft-Rerank,2,5.216963069650852,0.5995855938263202,0.0,1.0,,Ackley,2,1234
Matching-Soft-Rerank,3,5.216963069650852,0.5995855938263202,0.0,1.0,,Ackley,2,1234
Matching-Soft-Rerank,4,4.424250160893614,0.5084790949331226,0.0,1.0,,Ackley,2,1234
Matching-Soft-Rerank,5,4.424250160893614,0.5084790949331226,0.0,1.0,,Ackley,2,1234
Matching-Soft-Rerank,6,2.477035105418804,0.28468565807014085,0.0,1.0,,Ackley,2,1234
Matching-Soft-Rerank,7,2.477035105418804,0.28468565807014085,0.0,1.0,,Ackley,2,1234
Matching-Soft-Rerank,8,2.477035105418804,0.28468565807014085,0.0,1.0,,Ackley,2,1234
Matching-Soft-Rerank,9,2.477035105418804,0.28468565807014085,0.0,1.0,,Ackley,2,1234
Matching-Soft-Rerank,10,1.4050960928329244,0.16148770155289868,0.0,1.0,,Ackley,2,1234
Matching-Soft-Rerank,11,1.4050960928329244,0.16148770155289868,0.0,1.0,,Ackley,2,1234
Matching-Soft-Rerank,12,1.4050960928329244,0.16148770155289868,0.0,1.0,,Ackley,2,1234
Matching-Soft-Rerank,13,1.4050960928329244,0.16148770155289868,0.0,1.0,,Ackley,2,1234
Matching-Soft-Rerank,14,1.4050960928329244,0.16148770155289868,0.0,1.0,,Ackley,2,1234
Matching-Soft-Rerank,15,1.4050960928329244,0.16148770155289868,0.0,1.0,,Ackley,2,1234
Matching-Soft-Rerank,16,1.4050960928329244,0.16148770155289868,0.0,1.0,,Ackley,2,1234
Matching-Soft-Rerank,17,1.4050960928329244,0.16148770155289868,0.0,1.0,,Ackley,2,1234
Matching-Soft-Rerank,18,1.4050960928329244,0.16148770155289868,0.0,1.0,,Ackley,2,1234
Matching-Soft-Rerank,19,1.4050960928329244,0.16148770155289868,0.0,1.0,,Ackley,2,1234
Matching-Soft-Rerank,20,0.26944048806498033,0.03096679675137254,0.0,1.0,,Ackley,2,1234
Target-Only,0,6.458923516177194,1.0,0.0,1.0,0.0,Ackley,2,5678
Target-Only,1,2.7879300183594826,0.43164004208700685,0.0,1.0,0.0,Ackley,2,5678
Target-Only,2,2.7879300183594826,0.43164004208700685,0.0,1.0,0.0,Ackley,2,5678
Target-Only,3,2.7879300183594826,0.43164004208700685,0.0,1.0,0.0,Ackley,2,5678
Target-Only,4,2.7879300183594826,0.43164004208700685,0.0,1.0,0.0,Ackley,2,5678
Target-Only,5,2.7879300183594826,0.43164004208700685,0.0,1.0,0.0,Ackley,2,5678
Target-Only,6,2.7879300183594826,0.43164004208700685,0.0,1.0,0.0,Ackley,2,5678
Target-Only,7,2.7879300183594826,0.43164004208700685,0.0,1.0,0.0,Ackley,2,5678
Target-Only,8,2.7879300183594826,0.43164004208700685,0.0,1.0,0.0,Ackley,2,5678
Target-Only,9,2.7879300183594826,0.43164004208700685,0.0,1.0,0.0,Ackley,2,5678
Target-Only,10,2.7879300183594826,0.43164004208700685,0.0,1.0,0.0,Ackley,2,5678
Target-Only,11,2.7879300183594826,0.43164004208700685,0.0,1.0,0.0,Ackley,2,5678
Target-Only,12,2.7879300183594826,0.43164004208700685,0.0,1.0,0.0,Ackley,2,5678
Target-Only,13,2.7879300183594826,0.43164004208700685,0.0,1.0,0.0,Ackley,2,5678
Target-Only,14,2.7879300183594826,0.43164004208700685,0.0,1.0,0.0,Ackley,2,5678
Target-Only,15,2.7879300183594826,0.43164004208700685,0.0,1.0,0.0,Ackley,2,5678
Target-Only,16,2.7879300183594826,0.43164004208700685,0.0,1.0,0.0,Ackley,2,5678
Target-Only,17,2.1748044842799072,0.3367131502382453,0.0,1.0,0.0,Ackley,2,5678
Target-Only,18,0.5848707190616413,0.09055235250839523,0.0,1.0,0.0,Ackley,2,5678
Target-Only,19,0.5848707190616413,0.09055235250839523,0.0,1.0,0.0,Ackley,2,5678
Target-Only,20,0.5848707190616413,0.09055235250839523,0.0,1.0,0.0,Ackley,2,5678
Matching-Fixed-Filter,0,6.458923516177194,1.0,0.0,1.0,0.0,Ackley,2,5678
Matching-Fixed-Filter,1,2.7879300183594826,0.43164004208700685,1.0,0.25,1.0,Ackley,2,5678
Matching-Fixed-Filter,2,2.7879300183594826,0.43164004208700685,1.0,0.25,1.0,Ackley,2,5678
Matching-Fixed-Filter,3,2.7879300183594826,0.43164004208700685,1.0,0.25,1.0,Ackley,2,5678
Matching-Fixed-Filter,4,2.7879300183594826,0.43164004208700685,1.0,0.25,1.0,Ackley,2,5678
Matching-Fixed-Filter,5,2.7879300183594826,0.43164004208700685,1.0,0.25,1.0,Ackley,2,5678
Matching-Fixed-Filter,6,2.7879300183594826,0.43164004208700685,1.0,0.25,1.0,Ackley,2,5678
Matching-Fixed-Filter,7,2.7879300183594826,0.43164004208700685,0.0,1.0,1.0,Ackley,2,5678
Matching-Fixed-Filter,8,2.7879300183594826,0.43164004208700685,0.0,1.0,1.0,Ackley,2,5678
Matching-Fixed-Filter,9,2.7879300183594826,0.43164004208700685,0.0,1.0,1.0,Ackley,2,5678
Matching-Fixed-Filter,10,2.7879300183594826,0.43164004208700685,1.0,0.25,1.0,Ackley,2,5678
Matching-Fixed-Filter,11,2.7879300183594826,0.43164004208700685,1.0,0.25,1.0,Ackley,2,5678
Matching-Fixed-Filter,12,2.7879300183594826,0.43164004208700685,1.0,0.25,1.0,Ackley,2,5678
Matching-Fixed-Filter,13,2.7879300183594826,0.43164004208700685,1.0,0.25,1.0,Ackley,2,5678
Matching-Fixed-Filter,14,2.7879300183594826,0.43164004208700685,1.0,0.25,1.0,Ackley,2,5678
Matching-Fixed-Filter,15,2.7879300183594826,0.43164004208700685,0.0,1.0,1.0,Ackley,2,5678
Matching-Fixed-Filter,16,2.7879300183594826,0.43164004208700685,1.0,0.25,1.0,Ackley,2,5678
Matching-Fixed-Filter,17,2.7879300183594826,0.43164004208700685,1.0,0.25,1.0,Ackley,2,5678
Matching-Fixed-Filter,18,2.7017343566372074,0.41829483657305594,1.0,0.25,1.0,Ackley,2,5678
Matching-Fixed-Filter,19,2.7017343566372074,0.41829483657305594,1.0,0.25,1.0,Ackley,2,5678
Matching-Fixed-Filter,20,2.7017343566372074,0.41829483657305594,1.0,0.25,1.0,Ackley,2,5678
Matching-Adaptive-Filter,0,6.458923516177194,1.0,0.0,1.0,0.0,Ackley,2,5678
Matching-Adaptive-Filter,1,2.7879300183594826,0.43164004208700685,1.0,0.81,0.2542857142856739,Ackley,2,5678
Matching-Adaptive-Filter,2,2.7879300183594826,0.43164004208700685,1.0,0.79,0.2910389610389259,Ackley,2,5678
Matching-Adaptive-Filter,3,2.7879300183594826,0.43164004208700685,1.0,0.76,0.32063492063488835,Ackley,2,5678
Matching-Adaptive-Filter,4,2.7879300183594826,0.43164004208700685,1.0,0.74,0.35121336996333924,Ackley,2,5678
Matching-Adaptive-Filter,5,2.7879300183594826,0.43164004208700685,1.0,0.73,0.3703463203462912,Ackley,2,5678
Matching-Adaptive-Filter,6,0.8381852454659513,0.12977166293525685,1.0,0.71,0.3933838383838102,Ackley,2,5678
Matching-Adaptive-Filter,7,0.8381852454659513,0.12977166293525685,1.0,0.7,0.4053846153845886,Ackley,2,5678
Matching-Adaptive-Filter,8,0.8381852454659513,0.12977166293525685,1.0,0.72,0.3784437376348907,Ackley,2,5678
Matching-Adaptive-Filter,9,0.8381852454659513,0.12977166293525685,1.0,0.72,0.3738570071903188,Ackley,2,5678
Matching-Adaptive-Filter,10,0.8381852454659513,0.12977166293525685,0.0,1.0,0.3781376518218417,Ackley,2,5678
Matching-Adaptive-Filter,11,0.8381852454659513,0.12977166293525685,0.0,1.0,0.40196180290295863,Ackley,2,5678
Matching-Adaptive-Filter,12,0.8381852454659513,0.12977166293525685,1.0,0.69,0.41557147101262726,Ackley,2,5678
Matching-Adaptive-Filter,13,0.8381852454659513,0.12977166293525685,1.0,0.68,0.4307721174594039,Ackley,2,5678
Matching-Adaptive-Filter,14,0.8381852454659513,0.12977166293525685,1.0,0.67,0.44064836578295397,Ackley,2,5678
Matching-Adaptive-Filter,15,0.8381852454659513,0.12977166293525685,1.0,0.7,0.4066833751044105,Ackley,2,5678
Matching-Adaptive-Filter,16,0.8381852454659513,0.12977166293525685,1.0,0.71,0.38721496924126936,Ackley,2,5678
Matching-Adaptive-Filter,17,0.8381852454659513,0.12977166293525685,1.0,0.73,0.36463921171994285,Ackley,2,5678
Matching-Adaptive-Filter,18,0.25959495613651073,0.04019167520505883,1.0,0.75,0.34526430192189766,Ackley,2,5678
Matching-Adaptive-Filter,19,0.25959495613651073,0.04019167520505883,1.0,0.74,0.3486554206662776,Ackley,2,5678
Matching-Adaptive-Filter,20,0.25959495613651073,0.04019167520505883,1.0,0.76,0.3293194522648063,Ackley,2,5678
Random-Adaptive-Filter,0,6.458923516177194,1.0,0.0,1.0,0.0,Ackley,2,5678
Random-Adaptive-Filter,1,2.7879300183594826,0.43164004208700685,1.0,0.82,0.24857142857138873,Ackley,2,5678
Random-Adaptive-Filter,2,2.7879300183594826,0.43164004208700685,1.0,0.79,0.2861688311687965,Ackley,2,5678
Random-Adaptive-Filter,3,2.7879300183594826,0.43164004208700685,1.0,0.77,0.30873015873012744,Ackley,2,5678
Random-Adaptive-Filter,4,2.7879300183594826,0.43164004208700685,1.0,0.75,0.3415979853479553,Ackley,2,5678
Random-Adaptive-Filter,5,2.7879300183594826,0.43164004208700685,1.0,0.73,0.36774891774888885,Ackley,2,5678
Random-Adaptive-Filter,6,2.7879300183594826,0.43164004208700685,1.0,0.71,0.39126262626259817,Ackley,2,5678
Random-Adaptive-Filter,7,2.7879300183594826,0.43164004208700685,1.0,0.7,0.403636363636337,Ackley,2,5678
Random-Adaptive-Filter,8,2.7879300183594826,0.43164004208700685,1.0,0.69,0.41466976650797627,Ackley,2,5678
Random-Adaptive-Filter,9,2.7879300183594826,0.43164004208700685,1.0,0.68,0.4320580653913738,Ackley,2,5678
Random-Adaptive-Filter,10,2.7879300183594826,0.43164004208700685,1.0,0.67,0.4505060728744694,Ackley,2,5678
Random-Adaptive-Filter,11,2.7879300183594826,0.43164004208700685,1.0,0.66,0.45451795263557637,Ackley,2,5678
Random-Adaptive-Filter,12,2.7879300183594826,0.43164004208700685,1.0,0.66,0.4660553009082195,Ackley,2,5678
Random-Adaptive-Filter,13,2.7879300183594826,0.43164004208700685,1.0,0.65,0.4794516371141535,Ackley,2,5678
Random-Adaptive-Filter,14,2.4088738166211603,0.3729528319367507,1.0,0.66,0.45977156396793617,Ackley,2,5678
Random-Adaptive-Filter,15,1.8628940693633358,0.2884217570772406,1.0,0.67,0.44411027568920425,Ackley,2,5678
Random-Adaptive-Filter,16,1.8628940693633358,0.2884217570772406,1.0,0.69,0.41602665755295654,Ackley,2,5678
Random-Adaptive-Filter,17,1.3433312735633227,0.2079806751386324,1.0,0.69,0.4210027239840741,Ackley,2,5678
Random-Adaptive-Filter,18,1.3433312735633227,0.2079806751386324,1.0,0.72,0.38594903486206383,Ackley,2,5678
Random-Adaptive-Filter,19,0.09875839759009297,0.015290225583681179,1.0,0.73,0.3656197063805626,Ackley,2,5678
Random-Adaptive-Filter,20,0.09875839759009297,0.015290225583681179,1.0,0.75,0.3356536112599691,Ackley,2,5678
Wrong-Adaptive-Filter,0,6.458923516177194,1.0,0.0,1.0,0.0,Ackley,2,5678
Wrong-Adaptive-Filter,1,2.7879300183594826,0.43164004208700685,1.0,0.81,0.2542857142856739,Ackley,2,5678
Wrong-Adaptive-Filter,2,2.7879300183594826,0.43164004208700685,1.0,0.79,0.2910389610389259,Ackley,2,5678
Wrong-Adaptive-Filter,3,2.7879300183594826,0.43164004208700685,1.0,0.82,0.24682539682537072,Ackley,2,5678
Wrong-Adaptive-Filter,4,2.7879300183594826,0.43164004208700685,1.0,0.8,0.2670787545787303,Ackley,2,5678
Wrong-Adaptive-Filter,5,2.7879300183594826,0.43164004208700685,1.0,0.8,0.2756441970727461,Ackley,2,5678
Wrong-Adaptive-Filter,6,2.7879300183594826,0.43164004208700685,1.0,0.79,0.28111111111109044,Ackley,2,5678
Wrong-Adaptive-Filter,7,2.7879300183594826,0.43164004208700685,1.0,0.79,0.28781468531466586,Ackley,2,5678
Wrong-Adaptive-Filter,8,2.7879300183594826,0.43164004208700685,1.0,0.77,0.3144489089341834,Ackley,2,5678
Wrong-Adaptive-Filter,9,2.7879300183594826,0.43164004208700685,1.0,0.76,0.3255596255596065,Ackley,2,5678
Wrong-Adaptive-Filter,10,2.7879300183594826,0.43164004208700685,1.0,0.74,0.35746096009251943,Ackley,2,5678
Wrong-Adaptive-Filter,11,2.7879300183594826,0.43164004208700685,1.0,0.76,0.3251970970206095,Ackley,2,5678
Wrong-Adaptive-Filter,12,2.7879300183594826,0.43164004208700685,1.0,0.75,0.33938019904930006,Ackley,2,5678
Wrong-Adaptive-Filter,13,2.7879300183594826,0.43164004208700685,1.0,0.73,0.3607491321887438,Ackley,2,5678
Wrong-Adaptive-Filter,14,2.7879300183594826,0.43164004208700685,1.0,0.76,0.3304833909154667,Ackley,2,5678
Wrong-Adaptive-Filter,15,2.7879300183594826,0.43164004208700685,1.0,0.74,0.349373433583945,Ackley,2,5678
Wrong-Adaptive-Filter,16,2.7879300183594826,0.43164004208700685,1.0,0.72,0.3845656185919187,Ackley,2,5678
Wrong-Adaptive-Filter,17,2.3175126864361073,0.35880788503403116,1.0,0.73,0.369793064078764,Ackley,2,5678
Wrong-Adaptive-Filter,18,2.1655243995827793,0.33527636519598786,1.0,0.74,0.35531597026160905,Ackley,2,5678
Wrong-Adaptive-Filter,19,1.3332247422726806,0.2064159358650787,1.0,0.74,0.3593697063805629,Ackley,2,5678
Wrong-Adaptive-Filter,20,0.07039057495352496,0.01089818988833393,1.0,0.75,0.34311377470200355,Ackley,2,5678
Oracle-Fixed-Filter,0,6.458923516177194,1.0,0.0,1.0,0.0,Ackley,2,5678
Oracle-Fixed-Filter,1,2.7879300183594826,0.43164004208700685,1.0,0.25,1.0,Ackley,2,5678
Oracle-Fixed-Filter,2,2.7879300183594826,0.43164004208700685,1.0,0.25,1.0,Ackley,2,5678
Oracle-Fixed-Filter,3,2.7879300183594826,0.43164004208700685,1.0,0.25,1.0,Ackley,2,5678
Oracle-Fixed-Filter,4,2.7879300183594826,0.43164004208700685,1.0,0.25,1.0,Ackley,2,5678
Oracle-Fixed-Filter,5,2.7879300183594826,0.43164004208700685,1.0,0.25,1.0,Ackley,2,5678
Oracle-Fixed-Filter,6,2.7879300183594826,0.43164004208700685,1.0,0.25,1.0,Ackley,2,5678
Oracle-Fixed-Filter,7,2.7879300183594826,0.43164004208700685,1.0,0.25,1.0,Ackley,2,5678
Oracle-Fixed-Filter,8,2.7879300183594826,0.43164004208700685,1.0,0.25,1.0,Ackley,2,5678
Oracle-Fixed-Filter,9,1.4507232176709626,0.22460758577453993,1.0,0.25,1.0,Ackley,2,5678
Oracle-Fixed-Filter,10,1.4507232176709626,0.22460758577453993,1.0,0.25,1.0,Ackley,2,5678
Oracle-Fixed-Filter,11,1.390996474448198,0.21536041895592511,1.0,0.25,1.0,Ackley,2,5678
Oracle-Fixed-Filter,12,0.7904746676656633,0.12238489365694125,1.0,0.25,1.0,Ackley,2,5678
Oracle-Fixed-Filter,13,0.7904746676656633,0.12238489365694125,0.0,1.0,1.0,Ackley,2,5678
Oracle-Fixed-Filter,14,0.7904746676656633,0.12238489365694125,1.0,0.25,1.0,Ackley,2,5678
Oracle-Fixed-Filter,15,0.7904746676656633,0.12238489365694125,1.0,0.25,1.0,Ackley,2,5678
Oracle-Fixed-Filter,16,0.7904746676656633,0.12238489365694125,1.0,0.25,1.0,Ackley,2,5678
Oracle-Fixed-Filter,17,0.7904746676656633,0.12238489365694125,1.0,0.25,1.0,Ackley,2,5678
Oracle-Fixed-Filter,18,0.7904746676656633,0.12238489365694125,1.0,0.25,1.0,Ackley,2,5678
Oracle-Fixed-Filter,19,0.7904746676656633,0.12238489365694125,1.0,0.25,1.0,Ackley,2,5678
Oracle-Fixed-Filter,20,0.7904746676656633,0.12238489365694125,1.0,0.25,1.0,Ackley,2,5678
Matching-Soft-Rerank,0,6.458923516177194,1.0,0.0,1.0,,Ackley,2,5678
Matching-Soft-Rerank,1,4.616766834873918,0.7147888999321077,0.0,1.0,,Ackley,2,5678
Matching-Soft-Rerank,2,4.616766834873918,0.7147888999321077,0.0,1.0,,Ackley,2,5678
Matching-Soft-Rerank,3,4.489512538377664,0.6950868093008239,0.0,1.0,,Ackley,2,5678
Matching-Soft-Rerank,4,4.489512538377664,0.6950868093008239,0.0,1.0,,Ackley,2,5678
Matching-Soft-Rerank,5,4.436619686148465,0.6868976966574054,0.0,1.0,,Ackley,2,5678
Matching-Soft-Rerank,6,4.420956984341011,0.68447272572096,0.0,1.0,,Ackley,2,5678
Matching-Soft-Rerank,7,4.022268672093215,0.6227459826732632,0.0,1.0,,Ackley,2,5678
Matching-Soft-Rerank,8,4.022268672093215,0.6227459826732632,0.0,1.0,,Ackley,2,5678
Matching-Soft-Rerank,9,4.022268672093215,0.6227459826732632,0.0,1.0,,Ackley,2,5678
Matching-Soft-Rerank,10,3.324361602705548,0.5146928268122795,0.0,1.0,,Ackley,2,5678
Matching-Soft-Rerank,11,3.324361602705548,0.5146928268122795,0.0,1.0,,Ackley,2,5678
Matching-Soft-Rerank,12,3.324361602705548,0.5146928268122795,0.0,1.0,,Ackley,2,5678
Matching-Soft-Rerank,13,3.324361602705548,0.5146928268122795,0.0,1.0,,Ackley,2,5678
Matching-Soft-Rerank,14,2.9502753112991837,0.45677508084897495,0.0,1.0,,Ackley,2,5678
Matching-Soft-Rerank,15,2.01300244055636,0.3116622197978563,0.0,1.0,,Ackley,2,5678
Matching-Soft-Rerank,16,2.01300244055636,0.3116622197978563,0.0,1.0,,Ackley,2,5678
Matching-Soft-Rerank,17,2.01300244055636,0.3116622197978563,0.0,1.0,,Ackley,2,5678
Matching-Soft-Rerank,18,0.8303264000571606,0.12855492064234889,0.0,1.0,,Ackley,2,5678
Matching-Soft-Rerank,19,0.8303264000571606,0.12855492064234889,0.0,1.0,,Ackley,2,5678
Matching-Soft-Rerank,20,0.07039057495352496,0.01089818988833393,0.0,1.0,,Ackley,2,5678
Target-Only,0,6.173361367118094,1.0,0.0,1.0,0.0,Ackley,2,8888
Target-Only,1,6.173361367118094,1.0,0.0,1.0,0.0,Ackley,2,8888
Target-Only,2,4.235050781581695,0.6860202294554385,0.0,1.0,0.0,Ackley,2,8888
Target-Only,3,4.235050781581695,0.6860202294554385,0.0,1.0,0.0,Ackley,2,8888
Target-Only,4,4.235050781581695,0.6860202294554385,0.0,1.0,0.0,Ackley,2,8888
Target-Only,5,2.899801562252421,0.46972814157583215,0.0,1.0,0.0,Ackley,2,8888
Target-Only,6,2.899801562252421,0.46972814157583215,0.0,1.0,0.0,Ackley,2,8888
Target-Only,7,2.899801562252421,0.46972814157583215,0.0,1.0,0.0,Ackley,2,8888
Target-Only,8,2.899801562252421,0.46972814157583215,0.0,1.0,0.0,Ackley,2,8888
Target-Only,9,1.214549418495324,0.19674037307527825,0.0,1.0,0.0,Ackley,2,8888
Target-Only,10,1.214549418495324,0.19674037307527825,0.0,1.0,0.0,Ackley,2,8888
Target-Only,11,1.214549418495324,0.19674037307527825,0.0,1.0,0.0,Ackley,2,8888
Target-Only,12,1.214549418495324,0.19674037307527825,0.0,1.0,0.0,Ackley,2,8888
Target-Only,13,1.214549418495324,0.19674037307527825,0.0,1.0,0.0,Ackley,2,8888
Target-Only,14,1.214549418495324,0.19674037307527825,0.0,1.0,0.0,Ackley,2,8888
Target-Only,15,1.214549418495324,0.19674037307527825,0.0,1.0,0.0,Ackley,2,8888
Target-Only,16,1.214549418495324,0.19674037307527825,0.0,1.0,0.0,Ackley,2,8888
Target-Only,17,1.214549418495324,0.19674037307527825,0.0,1.0,0.0,Ackley,2,8888
Target-Only,18,0.3541482949370409,0.05736717387441184,0.0,1.0,0.0,Ackley,2,8888
Target-Only,19,0.3541482949370409,0.05736717387441184,0.0,1.0,0.0,Ackley,2,8888
Target-Only,20,0.3541482949370409,0.05736717387441184,0.0,1.0,0.0,Ackley,2,8888
Matching-Fixed-Filter,0,6.173361367118094,1.0,0.0,1.0,0.0,Ackley,2,8888
Matching-Fixed-Filter,1,6.173361367118094,1.0,1.0,0.25,1.0,Ackley,2,8888
Matching-Fixed-Filter,2,4.337533434705794,0.7026210158066093,1.0,0.25,1.0,Ackley,2,8888
Matching-Fixed-Filter,3,4.337533434705794,0.7026210158066093,1.0,0.25,1.0,Ackley,2,8888
Matching-Fixed-Filter,4,4.337533434705794,0.7026210158066093,1.0,0.25,1.0,Ackley,2,8888
Matching-Fixed-Filter,5,3.0952717373001346,0.5013916330553475,1.0,0.25,1.0,Ackley,2,8888
Matching-Fixed-Filter,6,3.0952717373001346,0.5013916330553475,1.0,0.25,1.0,Ackley,2,8888
Matching-Fixed-Filter,7,3.0952717373001346,0.5013916330553475,1.0,0.25,1.0,Ackley,2,8888
Matching-Fixed-Filter,8,3.0952717373001346,0.5013916330553475,0.0,1.0,1.0,Ackley,2,8888
Matching-Fixed-Filter,9,1.736327276289789,0.28126124051933754,1.0,0.25,1.0,Ackley,2,8888
Matching-Fixed-Filter,10,1.4736834525173177,0.2387165378600339,1.0,0.25,1.0,Ackley,2,8888
Matching-Fixed-Filter,11,1.40851288622552,0.22815979860305094,1.0,0.25,1.0,Ackley,2,8888
Matching-Fixed-Filter,12,0.5551357604658738,0.08992439085499816,1.0,0.25,1.0,Ackley,2,8888
Matching-Fixed-Filter,13,0.5551357604658738,0.08992439085499816,1.0,0.25,1.0,Ackley,2,8888
Matching-Fixed-Filter,14,0.5551357604658738,0.08992439085499816,1.0,0.25,1.0,Ackley,2,8888
Matching-Fixed-Filter,15,0.5551357604658738,0.08992439085499816,1.0,0.25,1.0,Ackley,2,8888
Matching-Fixed-Filter,16,0.5551357604658738,0.08992439085499816,1.0,0.25,1.0,Ackley,2,8888
Matching-Fixed-Filter,17,0.5551357604658738,0.08992439085499816,1.0,0.25,1.0,Ackley,2,8888
Matching-Fixed-Filter,18,0.5551357604658738,0.08992439085499816,1.0,0.25,1.0,Ackley,2,8888
Matching-Fixed-Filter,19,0.5551357604658738,0.08992439085499816,1.0,0.25,1.0,Ackley,2,8888
Matching-Fixed-Filter,20,0.5551357604658738,0.08992439085499816,1.0,0.25,1.0,Ackley,2,8888
Matching-Adaptive-Filter,0,6.173361367118094,1.0,0.0,1.0,0.0,Ackley,2,8888
Matching-Adaptive-Filter,1,6.173361367118094,1.0,1.0,0.83,0.23928571428567538,Ackley,2,8888
Matching-Adaptive-Filter,2,4.235050781581695,0.6860202294554385,1.0,0.81,0.2583008658008336,Ackley,2,8888
Matching-Adaptive-Filter,3,4.235050781581695,0.6860202294554385,1.0,0.82,0.24206349206346633,Ackley,2,8888
Matching-Adaptive-Filter,4,4.235050781581695,0.6860202294554385,1.0,0.8,0.27028388278385823,Ackley,2,8888
Matching-Adaptive-Filter,5,2.899801562252421,0.46972814157583215,1.0,0.77,0.30776128633269023,Ackley,2,8888
Matching-Adaptive-Filter,6,2.899801562252421,0.46972814157583215,1.0,0.77,0.31217171717169434,Ackley,2,8888
Matching-Adaptive-Filter,7,2.899801562252421,0.46972814157583215,1.0,0.77,0.3192832167831953,Ackley,2,8888
Matching-Adaptive-Filter,8,2.899801562252421,0.46972814157583215,1.0,0.75,0.3399350649350438,Ackley,2,8888
Matching-Adaptive-Filter,9,1.214549418495324,0.19674037307527825,1.0,0.73,0.3731786731786515,Ackley,2,8888
Matching-Adaptive-Filter,10,1.214549418495324,0.19674037307527825,1.0,0.72,0.37813765182184167,Ackley,2,8888
Matching-Adaptive-Filter,11,1.214549418495324,0.19674037307527825,1.0,0.72,0.37620779220777273,Ackley,2,8888
Matching-Adaptive-Filter,12,1.214549418495324,0.19674037307527825,1.0,0.7,0.4011573720397054,Ackley,2,8888
Matching-Adaptive-Filter,13,1.214549418495324,0.19674037307527825,1.0,0.68,0.43701097663943933,Ackley,2,8888
Matching-Adaptive-Filter,14,1.214549418495324,0.19674037307527825,1.0,0.68,0.43974868067274253,Ackley,2,8888
Matching-Adaptive-Filter,15,1.214549418495324,0.19674037307527825,1.0,0.66,0.4568086883876164,Ackley,2,8888
Matching-Adaptive-Filter,16,1.214549418495324,0.19674037307527825,1.0,0.65,0.47044873547503213,Ackley,2,8888
Matching-Adaptive-Filter,17,1.214549418495324,0.19674037307527825,1.0,0.65,0.4747589056905643,Ackley,2,8888
Matching-Adaptive-Filter,18,1.214549418495324,0.19674037307527825,1.0,0.65,0.47450181159418514,Ackley,2,8888
Matching-Adaptive-Filter,19,1.214549418495324,0.19674037307527825,1.0,0.63,0.49884952004515415,Ackley,2,8888
Matching-Adaptive-Filter,20,0.5104354618253955,0.08268355462620217,1.0,0.62,0.51073552731551,Ackley,2,8888
Random-Adaptive-Filter,0,6.173361367118094,1.0,0.0,1.0,0.0,Ackley,2,8888
Random-Adaptive-Filter,1,6.173361367118094,1.0,1.0,0.88,0.16142857142854028,Ackley,2,8888
Random-Adaptive-Filter,2,6.173361367118094,1.0,1.0,0.88,0.16360389610387252,Ackley,2,8888
Random-Adaptive-Filter,3,6.173361367118094,1.0,1.0,0.91,0.13015873015871376,Ackley,2,8888
Random-Adaptive-Filter,4,4.002070046426763,0.6482805409292031,1.0,0.92,0.11563644688643422,Ackley,2,8888
Random-Adaptive-Filter,5,3.1697891415796176,0.5134624320654936,1.0,0.93,0.10301999587712868,Ackley,2,8888
Random-Adaptive-Filter,6,0.5713266984207732,0.0925471010759062,1.0,0.93,0.0995202020201934,Ackley,2,8888
Random-Adaptive-Filter,7,0.5713266984207732,0.0925471010759062,1.0,0.93,0.0976923076923001,Ackley,2,8888
Random-Adaptive-Filter,8,0.5713266984207732,0.0925471010759062,1.0,0.92,0.10977857926386579,Ackley,2,8888
Random-Adaptive-Filter,9,0.5713266984207732,0.0925471010759062,1.0,0.9,0.1353547686880936,Ackley,2,8888
Random-Adaptive-Filter,10,0.5713266984207732,0.0925471010759062,1.0,0.87,0.1786075766338823,Ackley,2,8888
Random-Adaptive-Filter,11,0.5713266984207732,0.0925471010759062,1.0,0.89,0.15903666921313123,Ackley,2,8888
Random-Adaptive-Filter,12,0.5713266984207732,0.0925471010759062,1.0,0.87,0.1754456858500888,Ackley,2,8888
Random-Adaptive-Filter,13,0.5713266984207732,0.0925471010759062,1.0,0.94,0.0928065484566986,Ackley,2,8888
Random-Adaptive-Filter,14,0.5713266984207732,0.0925471010759062,1.0,0.92,0.11228041413126366,Ackley,2,8888
Random-Adaptive-Filter,15,0.5713266984207732,0.0925471010759062,1.0,0.91,0.12464494569757174,Ackley,2,8888
Random-Adaptive-Filter,16,0.5713266984207732,0.0925471010759062,1.0,0.88,0.16080587833218749,Ackley,2,8888
Random-Adaptive-Filter,17,0.5713266984207732,0.0925471010759062,1.0,0.88,0.17021872537399813,Ackley,2,8888
Random-Adaptive-Filter,18,0.5713266984207732,0.0925471010759062,1.0,0.86,0.1988911501139686,Ackley,2,8888
Random-Adaptive-Filter,19,0.09281649901445777,0.015035001759144836,1.0,0.85,0.20983554488988507,Ackley,2,8888
Random-Adaptive-Filter,20,0.09281649901445777,0.015035001759144836,1.0,0.83,0.23173183134110864,Ackley,2,8888
Wrong-Adaptive-Filter,0,6.173361367118094,1.0,0.0,1.0,0.0,Ackley,2,8888
Wrong-Adaptive-Filter,1,6.173361367118094,1.0,1.0,0.81,0.25999999999995904,Ackley,2,8888
Wrong-Adaptive-Filter,2,4.235050781581695,0.6860202294554385,1.0,0.79,0.281298701298667,Ackley,2,8888
Wrong-Adaptive-Filter,3,4.235050781581695,0.6860202294554385,1.0,0.84,0.2261904761904518,Ackley,2,8888
Wrong-Adaptive-Filter,4,4.235050781581695,0.6860202294554385,1.0,0.86,0.1869505494505313,Ackley,2,8888
Wrong-Adaptive-Filter,5,2.899801562252421,0.46972814157583215,1.0,0.83,0.23124098124096204,Ackley,2,8888
Wrong-Adaptive-Filter,6,2.899801562252421,0.46972814157583215,1.0,0.83,0.23876262626260839,Ackley,2,8888
Wrong-Adaptive-Filter,7,2.899801562252421,0.46972814157583215,1.0,0.85,0.21089160839159377,Ackley,2,8888
Wrong-Adaptive-Filter,8,2.899801562252421,0.46972814157583215,1.0,0.83,0.2347247115629319,Ackley,2,8888
Wrong-Adaptive-Filter,9,1.214549418495324,0.19674037307527825,1.0,0.81,0.2560982227648743,Ackley,2,8888
Wrong-Adaptive-Filter,10,1.214549418495324,0.19674037307527825,1.0,0.77,0.3171414112203412,Ackley,2,8888
Wrong-Adaptive-Filter,11,1.214549418495324,0.19674037307527825,1.0,0.75,0.3458762414056352,Ackley,2,8888
Wrong-Adaptive-Filter,12,1.214549418495324,0.19674037307527825,1.0,0.75,0.34275958110515264,Ackley,2,8888
Wrong-Adaptive-Filter,13,1.214549418495324,0.19674037307527825,1.0,0.74,0.353443099727913,Ackley,2,8888
Wrong-Adaptive-Filter,14,1.214549418495324,0.19674037307527825,1.0,0.74,0.3559826183597732,Ackley,2,8888
Wrong-Adaptive-Filter,15,1.214549418495324,0.19674037307527825,1.0,0.72,0.3786131996658151,Ackley,2,8888
Wrong-Adaptive-Filter,16,1.214549418495324,0.19674037307527825,1.0,0.71,0.397370813397113,Ackley,2,8888
Wrong-Adaptive-Filter,17,1.214549418495324,0.19674037307527825,1.0,0.72,0.3858167919037334,Ackley,2,8888
Wrong-Adaptive-Filter,18,0.30034935430409293,0.04865248224474252,1.0,0.72,0.38123673327476243,Ackley,2,8888
Wrong-Adaptive-Filter,19,0.30034935430409293,0.04865248224474252,1.0,0.7,0.4068075945793189,Ackley,2,8888
Wrong-Adaptive-Filter,20,0.30034935430409293,0.04865248224474252,1.0,0.68,0.4304240025066502,Ackley,2,8888
Oracle-Fixed-Filter,0,6.173361367118094,1.0,0.0,1.0,0.0,Ackley,2,8888
Oracle-Fixed-Filter,1,5.220407286292943,0.8456344891940097,1.0,0.25,1.0,Ackley,2,8888
Oracle-Fixed-Filter,2,5.220407286292943,0.8456344891940097,1.0,0.25,1.0,Ackley,2,8888
Oracle-Fixed-Filter,3,4.6793420598134325,0.757989332155018,1.0,0.25,1.0,Ackley,2,8888
Oracle-Fixed-Filter,4,4.6793420598134325,0.757989332155018,0.0,1.0,1.0,Ackley,2,8888
Oracle-Fixed-Filter,5,3.4896513722016143,0.5652757330534638,1.0,0.25,1.0,Ackley,2,8888
Oracle-Fixed-Filter,6,0.5713266984207732,0.0925471010759062,1.0,0.25,1.0,Ackley,2,8888
Oracle-Fixed-Filter,7,0.5713266984207732,0.0925471010759062,1.0,0.25,1.0,Ackley,2,8888
Oracle-Fixed-Filter,8,0.5713266984207732,0.0925471010759062,1.0,0.25,1.0,Ackley,2,8888
Oracle-Fixed-Filter,9,0.5713266984207732,0.0925471010759062,1.0,0.25,1.0,Ackley,2,8888
Oracle-Fixed-Filter,10,0.5713266984207732,0.0925471010759062,0.0,1.0,1.0,Ackley,2,8888
Oracle-Fixed-Filter,11,0.5713266984207732,0.0925471010759062,1.0,0.25,1.0,Ackley,2,8888
Oracle-Fixed-Filter,12,0.5713266984207732,0.0925471010759062,1.0,0.25,1.0,Ackley,2,8888
Oracle-Fixed-Filter,13,0.5713266984207732,0.0925471010759062,1.0,0.25,1.0,Ackley,2,8888
Oracle-Fixed-Filter,14,0.5713266984207732,0.0925471010759062,1.0,0.25,1.0,Ackley,2,8888
Oracle-Fixed-Filter,15,0.5713266984207732,0.0925471010759062,1.0,0.25,1.0,Ackley,2,8888
Oracle-Fixed-Filter,16,0.5713266984207732,0.0925471010759062,0.0,1.0,1.0,Ackley,2,8888
Oracle-Fixed-Filter,17,0.5713266984207732,0.0925471010759062,1.0,0.25,1.0,Ackley,2,8888
Oracle-Fixed-Filter,18,0.5713266984207732,0.0925471010759062,0.0,1.0,1.0,Ackley,2,8888
Oracle-Fixed-Filter,19,0.5713266984207732,0.0925471010759062,1.0,0.25,1.0,Ackley,2,8888
Oracle-Fixed-Filter,20,0.5713266984207732,0.0925471010759062,1.0,0.25,1.0,Ackley,2,8888
Matching-Soft-Rerank,0,6.173361367118094,1.0,0.0,1.0,,Ackley,2,8888
Matching-Soft-Rerank,1,6.173361367118094,1.0,0.0,1.0,,Ackley,2,8888
Matching-Soft-Rerank,2,4.45297031542615,0.7213202096259151,0.0,1.0,,Ackley,2,8888
Matching-Soft-Rerank,3,4.45297031542615,0.7213202096259151,0.0,1.0,,Ackley,2,8888
Matching-Soft-Rerank,4,3.535505933588887,0.572703544040119,0.0,1.0,,Ackley,2,8888
Matching-Soft-Rerank,5,3.535505933588887,0.572703544040119,0.0,1.0,,Ackley,2,8888
Matching-Soft-Rerank,6,3.535505933588887,0.572703544040119,0.0,1.0,,Ackley,2,8888
Matching-Soft-Rerank,7,1.0051646602778637,0.16282290967637028,0.0,1.0,,Ackley,2,8888
Matching-Soft-Rerank,8,1.0051646602778637,0.16282290967637028,0.0,1.0,,Ackley,2,8888
Matching-Soft-Rerank,9,1.0051646602778637,0.16282290967637028,0.0,1.0,,Ackley,2,8888
Matching-Soft-Rerank,10,1.0051646602778637,0.16282290967637028,0.0,1.0,,Ackley,2,8888
Matching-Soft-Rerank,11,1.0051646602778637,0.16282290967637028,0.0,1.0,,Ackley,2,8888
Matching-Soft-Rerank,12,1.0051646602778637,0.16282290967637028,0.0,1.0,,Ackley,2,8888
Matching-Soft-Rerank,13,1.0051646602778637,0.16282290967637028,0.0,1.0,,Ackley,2,8888
Matching-Soft-Rerank,14,1.0051646602778637,0.16282290967637028,0.0,1.0,,Ackley,2,8888
Matching-Soft-Rerank,15,0.2772059708879202,0.04490357106979591,0.0,1.0,,Ackley,2,8888
Matching-Soft-Rerank,16,0.2772059708879202,0.04490357106979591,0.0,1.0,,Ackley,2,8888
Matching-Soft-Rerank,17,0.2772059708879202,0.04490357106979591,0.0,1.0,,Ackley,2,8888
Matching-Soft-Rerank,18,0.2772059708879202,0.04490357106979591,0.0,1.0,,Ackley,2,8888
Matching-Soft-Rerank,19,0.2766929957997353,0.04482047613047853,0.0,1.0,,Ackley,2,8888
Matching-Soft-Rerank,20,0.2766929957997353,0.04482047613047853,0.0,1.0,,Ackley,2,8888
Target-Only,0,-0.002946928864770502,1.0,0.0,1.0,0.0,GMM,5,42
Target-Only,1,-0.002946928864770502,1.0,0.0,1.0,0.0,GMM,5,42
Target-Only,2,-0.002946928864770502,1.0,0.0,1.0,0.0,GMM,5,42
Target-Only,3,-0.002946928864770502,1.0,0.0,1.0,0.0,GMM,5,42
Target-Only,4,-0.002946928864770502,1.0,0.0,1.0,0.0,GMM,5,42
Target-Only,5,-0.002946928864770502,1.0,0.0,1.0,0.0,GMM,5,42
Target-Only,6,-0.002946928864770502,1.0,0.0,1.0,0.0,GMM,5,42
Target-Only,7,-0.002946928864770502,1.0,0.0,1.0,0.0,GMM,5,42
Target-Only,8,-0.002946928864770502,1.0,0.0,1.0,0.0,GMM,5,42
Target-Only,9,-0.002946928864770502,1.0,0.0,1.0,0.0,GMM,5,42
Target-Only,10,-0.002946928864770502,1.0,0.0,1.0,0.0,GMM,5,42
Target-Only,11,-0.002946928864770502,1.0,0.0,1.0,0.0,GMM,5,42
Target-Only,12,-0.002946928864770502,1.0,0.0,1.0,0.0,GMM,5,42
Target-Only,13,-0.002946928864770502,1.0,0.0,1.0,0.0,GMM,5,42
Target-Only,14,-0.002946928864770502,1.0,0.0,1.0,0.0,GMM,5,42
Target-Only,15,-0.002946928864770502,1.0,0.0,1.0,0.0,GMM,5,42
Target-Only,16,-0.002946928864770502,1.0,0.0,1.0,0.0,GMM,5,42
Target-Only,17,-0.002946928864770502,1.0,0.0,1.0,0.0,GMM,5,42
Target-Only,18,-0.002946928864770502,1.0,0.0,1.0,0.0,GMM,5,42
Target-Only,19,-0.002946928864770502,1.0,0.0,1.0,0.0,GMM,5,42
Target-Only,20,-0.002946928864770502,1.0,0.0,1.0,0.0,GMM,5,42
Matching-Fixed-Filter,0,-0.002946928864770502,1.0,0.0,1.0,0.0,GMM,5,42
Matching-Fixed-Filter,1,-0.002946928864770502,1.0,1.0,0.25,1.0,GMM,5,42
Matching-Fixed-Filter,2,-0.002946928864770502,1.0,1.0,0.25,1.0,GMM,5,42
Matching-Fixed-Filter,3,-0.002946928864770502,1.0,1.0,0.25,1.0,GMM,5,42
Matching-Fixed-Filter,4,-0.002946928864770502,1.0,1.0,0.25,1.0,GMM,5,42
Matching-Fixed-Filter,5,-0.002946928864770502,1.0,1.0,0.25,1.0,GMM,5,42
Matching-Fixed-Filter,6,-0.002946928864770502,1.0,1.0,0.25,1.0,GMM,5,42
Matching-Fixed-Filter,7,-0.02143280808170107,0.9814595781922049,1.0,0.25,1.0,GMM,5,42
Matching-Fixed-Filter,8,-0.02143280808170107,0.9814595781922049,1.0,0.25,1.0,GMM,5,42
Matching-Fixed-Filter,9,-0.02143280808170107,0.9814595781922049,1.0,0.25,1.0,GMM,5,42
Matching-Fixed-Filter,10,-0.02143280808170107,0.9814595781922049,1.0,0.25,1.0,GMM,5,42
Matching-Fixed-Filter,11,-0.02143280808170107,0.9814595781922049,1.0,0.25,1.0,GMM,5,42
Matching-Fixed-Filter,12,-0.03199285018090924,0.9708683786863639,1.0,0.25,1.0,GMM,5,42
Matching-Fixed-Filter,13,-0.07211939662715494,0.9306234388556358,1.0,0.25,1.0,GMM,5,42
Matching-Fixed-Filter,14,-0.12191729251957334,0.8806786142599786,1.0,0.25,1.0,GMM,5,42
Matching-Fixed-Filter,15,-0.12191729251957334,0.8806786142599786,1.0,0.25,1.0,GMM,5,42
Matching-Fixed-Filter,16,-0.12191729251957334,0.8806786142599786,1.0,0.25,1.0,GMM,5,42
Matching-Fixed-Filter,17,-0.12191729251957334,0.8806786142599786,1.0,0.25,1.0,GMM,5,42
Matching-Fixed-Filter,18,-0.12191729251957334,0.8806786142599786,1.0,0.25,1.0,GMM,5,42
Matching-Fixed-Filter,19,-0.12191729251957334,0.8806786142599786,1.0,0.25,1.0,GMM,5,42
Matching-Fixed-Filter,20,-0.12191729251957334,0.8806786142599786,1.0,0.25,1.0,GMM,5,42
Matching-Adaptive-Filter,0,-0.002946928864770502,1.0,0.0,1.0,0.0,GMM,5,42
Matching-Adaptive-Filter,1,-0.002946928864770502,1.0,0.0,1.0,0.039999999999996004,GMM,5,42
Matching-Adaptive-Filter,2,-0.002946928864770502,1.0,0.0,1.0,0.03636363636363306,GMM,5,42
Matching-Adaptive-Filter,3,-0.002946928864770502,1.0,1.0,0.97,0.05314068647401592,GMM,5,42
Matching-Adaptive-Filter,4,-0.002946928864770502,1.0,1.0,0.94,0.08039329091960173,GMM,5,42
Matching-Adaptive-Filter,5,-0.002946928864770502,1.0,1.0,0.95,0.07974789915965927,GMM,5,42
Matching-Adaptive-Filter,6,-0.002946928864770502,1.0,1.0,0.9,0.14272085349290503,GMM,5,42
Matching-Adaptive-Filter,7,-0.002946928864770502,1.0,1.0,0.91,0.12285158082371106,GMM,5,42
Matching-Adaptive-Filter,8,-0.002946928864770502,1.0,1.0,0.9,0.13598271615164248,GMM,5,42
Matching-Adaptive-Filter,9,-0.002946928864770502,1.0,1.0,0.88,0.166081871345022,GMM,5,42
Matching-Adaptive-Filter,10,-0.002946928864770502,1.0,1.0,0.85,0.20970847573478288,GMM,5,42
Matching-Adaptive-Filter,11,-0.002946928864770502,1.0,1.0,0.85,0.20917728234497596,GMM,5,42
Matching-Adaptive-Filter,12,-0.002946928864770502,1.0,1.0,0.83,0.22824525012024147,GMM,5,42
Matching-Adaptive-Filter,13,-0.002946928864770502,1.0,1.0,0.81,0.2646492094861564,GMM,5,42
Matching-Adaptive-Filter,14,-0.002946928864770502,1.0,1.0,0.8,0.2791629340872452,GMM,5,42
Matching-Adaptive-Filter,15,-0.002946928864770502,1.0,1.0,0.78,0.2995641025640925,GMM,5,42
Matching-Adaptive-Filter,16,-0.002946928864770502,1.0,1.0,0.77,0.31143798495410385,GMM,5,42
Matching-Adaptive-Filter,17,-0.002946928864770502,1.0,1.0,0.76,0.3223913563750122,GMM,5,42
Matching-Adaptive-Filter,18,-0.002946928864770502,1.0,1.0,0.76,0.32498496873495875,GMM,5,42
Matching-Adaptive-Filter,19,-0.002946928864770502,1.0,0.0,1.0,0.3289496888855556,GMM,5,42
Matching-Adaptive-Filter,20,-0.002946928864770502,1.0,1.0,0.75,0.33682437402101134,GMM,5,42
Random-Adaptive-Filter,0,-0.002946928864770502,1.0,0.0,1.0,0.0,GMM,5,42
Random-Adaptive-Filter,1,-0.002946928864770502,1.0,1.0,0.95,0.07146853146852551,GMM,5,42
Random-Adaptive-Filter,2,-0.002946928864770502,1.0,1.0,0.94,0.08796216038862462,GMM,5,42
Random-Adaptive-Filter,3,-0.002946928864770502,1.0,1.0,0.94,0.08644688644688073,GMM,5,42
Random-Adaptive-Filter,4,-0.002946928864770502,1.0,1.0,0.9,0.14035569693463618,GMM,5,42
Random-Adaptive-Filter,5,-0.002946928864770502,1.0,1.0,0.94,0.09298319327730567,GMM,5,42
Random-Adaptive-Filter,6,-0.002946928864770502,1.0,1.0,0.96,0.05928804855275112,GMM,5,42
Random-Adaptive-Filter,7,-0.002946928864770502,1.0,1.0,0.95,0.07203771460737038,GMM,5,42
Random-Adaptive-Filter,8,-0.002946928864770502,1.0,1.0,0.96,0.057854354556465024,GMM,5,42
Random-Adaptive-Filter,9,-0.002946928864770502,1.0,1.0,0.97,0.05279866332497663,GMM,5,42
Random-Adaptive-Filter,10,-0.002946928864770502,1.0,1.0,0.95,0.07293574846206105,GMM,5,42
Random-Adaptive-Filter,11,-0.002946928864770502,1.0,0.0,1.0,0.0409138687399539,GMM,5,42
Random-Adaptive-Filter,12,-0.002946928864770502,1.0,0.0,1.0,0.04547127590605664,GMM,5,42
Random-Adaptive-Filter,13,-0.002946928864770502,1.0,1.0,0.96,0.057312252964424645,GMM,5,42
Random-Adaptive-Filter,14,-0.002946928864770502,1.0,1.0,0.95,0.0769934263637384,GMM,5,42
Random-Adaptive-Filter,15,-0.1436743963951003,0.8588573160444825,1.0,0.95,0.0706951566951542,GMM,5,42
Random-Adaptive-Filter,16,-0.1436743963951003,0.8588573160444825,1.0,0.92,0.11168612391192664,GMM,5,42
Random-Adaptive-Filter,17,-0.1436743963951003,0.8588573160444825,1.0,0.88,0.16133257916379,GMM,5,42
Random-Adaptive-Filter,18,-0.1436743963951003,0.8588573160444825,1.0,0.88,0.16054033769550513,GMM,5,42
Random-Adaptive-Filter,19,-0.1436743963951003,0.8588573160444825,1.0,0.84,0.22292753957347944,GMM,5,42
Random-Adaptive-Filter,20,-0.1436743963951003,0.8588573160444825,1.0,0.85,0.21099323511383924,GMM,5,42
Wrong-Adaptive-Filter,0,-0.002946928864770502,1.0,0.0,1.0,0.0,GMM,5,42
Wrong-Adaptive-Filter,1,-0.002946928864770502,1.0,1.0,0.83,0.2386451048950885,GMM,5,42
Wrong-Adaptive-Filter,2,-0.002946928864770502,1.0,1.0,0.81,0.2591806477835726,GMM,5,42
Wrong-Adaptive-Filter,3,-0.002946928864770502,1.0,1.0,0.84,0.2136345136345008,GMM,5,42
Wrong-Adaptive-Filter,4,-0.002946928864770502,1.0,1.0,0.85,0.21169028340079785,GMM,5,42
Wrong-Adaptive-Filter,5,-0.002946928864770502,1.0,1.0,0.85,0.21090297937355648,GMM,5,42
Wrong-Adaptive-Filter,6,-0.002946928864770502,1.0,1.0,0.82,0.2527059460147571,GMM,5,42
Wrong-Adaptive-Filter,7,-0.002946928864770502,1.0,1.0,0.82,0.24253916877754744,GMM,5,42
Wrong-Adaptive-Filter,8,-0.002946928864770502,1.0,1.0,0.83,0.23960786039463117,GMM,5,42
Wrong-Adaptive-Filter,9,-0.002946928864770502,1.0,1.0,0.78,0.30526315789472386,GMM,5,42
Wrong-Adaptive-Filter,10,-0.002946928864770502,1.0,1.0,0.8,0.273844839371144,GMM,5,42
Wrong-Adaptive-Filter,11,-0.002946928864770502,1.0,1.0,0.81,0.26319531400275714,GMM,5,42
Wrong-Adaptive-Filter,12,-0.002946928864770502,1.0,1.0,0.8,0.27739225850637855,GMM,5,42
Wrong-Adaptive-Filter,13,-0.002946928864770502,1.0,1.0,0.78,0.2975684641445403,GMM,5,42
Wrong-Adaptive-Filter,14,-0.002946928864770502,1.0,1.0,0.8,0.27658462623890706,GMM,5,42
Wrong-Adaptive-Filter,15,-0.002946928864770502,1.0,1.0,0.76,0.32413390313389223,GMM,5,42
Wrong-Adaptive-Filter,16,-0.002946928864770502,1.0,1.0,0.75,0.346428532041424,GMM,5,42
Wrong-Adaptive-Filter,17,-0.002946928864770502,1.0,1.0,0.75,0.3462088823098999,GMM,5,42
Wrong-Adaptive-Filter,18,-0.2456708182260774,0.7565599537475265,1.0,0.75,0.3348382221226946,GMM,5,42
Wrong-Adaptive-Filter,19,-0.27099534951738335,0.7311607024208439,1.0,0.73,0.3662796820619129,GMM,5,42
Wrong-Adaptive-Filter,20,-0.27099534951738335,0.7311607024208439,1.0,0.71,0.3907399434745978,GMM,5,42
Oracle-Fixed-Filter,0,-0.002946928864770502,1.0,0.0,1.0,0.0,GMM,5,42
Oracle-Fixed-Filter,1,-0.002946928864770502,1.0,0.0,1.0,0.0,GMM,5,42
Oracle-Fixed-Filter,2,-0.002946928864770502,1.0,0.0,1.0,0.0,GMM,5,42
Oracle-Fixed-Filter,3,-0.002946928864770502,1.0,0.0,1.0,0.0,GMM,5,42
Oracle-Fixed-Filter,4,-0.002946928864770502,1.0,0.0,1.0,0.0,GMM,5,42
Oracle-Fixed-Filter,5,-0.002946928864770502,1.0,0.0,1.0,0.0,GMM,5,42
Oracle-Fixed-Filter,6,-0.002946928864770502,1.0,0.0,1.0,0.0,GMM,5,42
Oracle-Fixed-Filter,7,-0.002946928864770502,1.0,0.0,1.0,0.0,GMM,5,42
Oracle-Fixed-Filter,8,-0.002946928864770502,1.0,0.0,1.0,0.0,GMM,5,42
Oracle-Fixed-Filter,9,-0.002946928864770502,1.0,0.0,1.0,0.0,GMM,5,42
Oracle-Fixed-Filter,10,-0.002946928864770502,1.0,0.0,1.0,0.0,GMM,5,42
Oracle-Fixed-Filter,11,-0.002946928864770502,1.0,0.0,1.0,0.0,GMM,5,42
Oracle-Fixed-Filter,12,-0.002946928864770502,1.0,0.0,1.0,0.0,GMM,5,42
Oracle-Fixed-Filter,13,-0.002946928864770502,1.0,0.0,1.0,1.0,GMM,5,42
Oracle-Fixed-Filter,14,-0.002946928864770502,1.0,0.0,1.0,1.0,GMM,5,42
Oracle-Fixed-Filter,15,-0.002946928864770502,1.0,0.0,1.0,1.0,GMM,5,42
Oracle-Fixed-Filter,16,-0.002946928864770502,1.0,0.0,1.0,1.0,GMM,5,42
Oracle-Fixed-Filter,17,-0.002946928864770502,1.0,0.0,1.0,1.0,GMM,5,42
Oracle-Fixed-Filter,18,-0.002946928864770502,1.0,0.0,1.0,1.0,GMM,5,42
Oracle-Fixed-Filter,19,-0.002946928864770502,1.0,0.0,1.0,1.0,GMM,5,42
Oracle-Fixed-Filter,20,-0.002946928864770502,1.0,0.0,1.0,1.0,GMM,5,42
Matching-Soft-Rerank,0,-0.002946928864770502,1.0,0.0,1.0,,GMM,5,42
Matching-Soft-Rerank,1,-0.187836862137746,0.8145645489365458,0.0,1.0,,GMM,5,42
Matching-Soft-Rerank,2,-0.187836862137746,0.8145645489365458,0.0,1.0,,GMM,5,42
Matching-Soft-Rerank,3,-0.457110847834361,0.5444960702834444,0.0,1.0,,GMM,5,42
Matching-Soft-Rerank,4,-0.457110847834361,0.5444960702834444,0.0,1.0,,GMM,5,42
Matching-Soft-Rerank,5,-0.457110847834361,0.5444960702834444,0.0,1.0,,GMM,5,42
Matching-Soft-Rerank,6,-0.457110847834361,0.5444960702834444,0.0,1.0,,GMM,5,42
Matching-Soft-Rerank,7,-0.457110847834361,0.5444960702834444,0.0,1.0,,GMM,5,42
Matching-Soft-Rerank,8,-0.457110847834361,0.5444960702834444,0.0,1.0,,GMM,5,42
Matching-Soft-Rerank,9,-0.457110847834361,0.5444960702834444,0.0,1.0,,GMM,5,42
Matching-Soft-Rerank,10,-0.457110847834361,0.5444960702834444,0.0,1.0,,GMM,5,42
Matching-Soft-Rerank,11,-0.457110847834361,0.5444960702834444,0.0,1.0,,GMM,5,42
Matching-Soft-Rerank,12,-0.457110847834361,0.5444960702834444,0.0,1.0,,GMM,5,42
Matching-Soft-Rerank,13,-0.457110847834361,0.5444960702834444,0.0,1.0,,GMM,5,42
Matching-Soft-Rerank,14,-0.457110847834361,0.5444960702834444,0.0,1.0,,GMM,5,42
Matching-Soft-Rerank,15,-0.48464498141901197,0.5168806972313441,0.0,1.0,,GMM,5,42
Matching-Soft-Rerank,16,-0.48464498141901197,0.5168806972313441,0.0,1.0,,GMM,5,42
Matching-Soft-Rerank,17,-0.5270267811094019,0.47437385003125826,0.0,1.0,,GMM,5,42
Matching-Soft-Rerank,18,-0.5393755417151473,0.4619886544045166,0.0,1.0,,GMM,5,42
Matching-Soft-Rerank,19,-0.5578965659771541,0.4434129838561818,0.0,1.0,,GMM,5,42
Matching-Soft-Rerank,20,-0.6932699884432263,0.30764014207611046,0.0,1.0,,GMM,5,42
Target-Only,0,-0.013425305549179837,1.0,0.0,1.0,0.0,GMM,5,101
Target-Only,1,-0.013425305549179837,1.0,0.0,1.0,0.0,GMM,5,101
Target-Only,2,-0.013425305549179837,1.0,0.0,1.0,0.0,GMM,5,101
Target-Only,3,-0.013425305549179837,1.0,0.0,1.0,0.0,GMM,5,101
Target-Only,4,-0.013425305549179837,1.0,0.0,1.0,0.0,GMM,5,101
Target-Only,5,-0.013425305549179837,1.0,0.0,1.0,0.0,GMM,5,101
Target-Only,6,-0.013425305549179837,1.0,0.0,1.0,0.0,GMM,5,101
Target-Only,7,-0.013425305549179837,1.0,0.0,1.0,0.0,GMM,5,101
Target-Only,8,-0.013425305549179837,1.0,0.0,1.0,0.0,GMM,5,101
Target-Only,9,-0.013425305549179837,1.0,0.0,1.0,0.0,GMM,5,101
Target-Only,10,-0.013425305549179837,1.0,0.0,1.0,0.0,GMM,5,101
Target-Only,11,-0.013425305549179837,1.0,0.0,1.0,0.0,GMM,5,101
Target-Only,12,-0.013425305549179837,1.0,0.0,1.0,0.0,GMM,5,101
Target-Only,13,-0.013425305549179837,1.0,0.0,1.0,0.0,GMM,5,101
Target-Only,14,-0.013425305549179837,1.0,0.0,1.0,0.0,GMM,5,101
Target-Only,15,-0.013425305549179837,1.0,0.0,1.0,0.0,GMM,5,101
Target-Only,16,-0.013425305549179837,1.0,0.0,1.0,0.0,GMM,5,101
Target-Only,17,-0.2128779759468676,0.7978342250614692,0.0,1.0,0.0,GMM,5,101
Target-Only,18,-0.2128779759468676,0.7978342250614692,0.0,1.0,0.0,GMM,5,101
Target-Only,19,-0.22223721484070771,0.7883476747935017,0.0,1.0,0.0,GMM,5,101
Target-Only,20,-0.22223721484070771,0.7883476747935017,0.0,1.0,0.0,GMM,5,101
Matching-Fixed-Filter,0,-0.013425305549179837,1.0,0.0,1.0,0.0,GMM,5,101
Matching-Fixed-Filter,1,-0.014859243895475905,0.9985465561508151,1.0,0.25,1.0,GMM,5,101
Matching-Fixed-Filter,2,-0.014859243895475905,0.9985465561508151,1.0,0.25,1.0,GMM,5,101
Matching-Fixed-Filter,3,-0.014859243895475905,0.9985465561508151,1.0,0.25,1.0,GMM,5,101
Matching-Fixed-Filter,4,-0.014859243895475905,0.9985465561508151,1.0,0.25,1.0,GMM,5,101
Matching-Fixed-Filter,5,-0.014859243895475905,0.9985465561508151,1.0,0.25,1.0,GMM,5,101
Matching-Fixed-Filter,6,-0.024436305464937594,0.9888392202201216,1.0,0.25,1.0,GMM,5,101
Matching-Fixed-Filter,7,-0.024436305464937594,0.9888392202201216,1.0,0.25,1.0,GMM,5,101
Matching-Fixed-Filter,8,-0.024436305464937594,0.9888392202201216,1.0,0.25,1.0,GMM,5,101
Matching-Fixed-Filter,9,-0.04267231082717673,0.9703551550607563,1.0,0.25,1.0,GMM,5,101
Matching-Fixed-Filter,10,-0.25762964999181975,0.7524738052432987,1.0,0.25,1.0,GMM,5,101
Matching-Fixed-Filter,11,-0.25762964999181975,0.7524738052432987,1.0,0.25,1.0,GMM,5,101
Matching-Fixed-Filter,12,-0.25762964999181975,0.7524738052432987,1.0,0.25,1.0,GMM,5,101
Matching-Fixed-Filter,13,-0.25762964999181975,0.7524738052432987,1.0,0.25,1.0,GMM,5,101
Matching-Fixed-Filter,14,-0.25762964999181975,0.7524738052432987,1.0,0.25,1.0,GMM,5,101
Matching-Fixed-Filter,15,-0.25762964999181975,0.7524738052432987,1.0,0.25,1.0,GMM,5,101
Matching-Fixed-Filter,16,-0.25762964999181975,0.7524738052432987,1.0,0.25,1.0,GMM,5,101
Matching-Fixed-Filter,17,-0.25762964999181975,0.7524738052432987,1.0,0.25,1.0,GMM,5,101
Matching-Fixed-Filter,18,-0.25762964999181975,0.7524738052432987,1.0,0.25,1.0,GMM,5,101
Matching-Fixed-Filter,19,-0.25762964999181975,0.7524738052432987,1.0,0.25,1.0,GMM,5,101
Matching-Fixed-Filter,20,-0.2638275906329993,0.7461915555734964,1.0,0.25,1.0,GMM,5,101
Matching-Adaptive-Filter,0,-0.013425305549179837,1.0,0.0,1.0,0.0,GMM,5,101
Matching-Adaptive-Filter,1,-0.013425305549179837,1.0,1.0,0.83,0.2386451048950885,GMM,5,101
Matching-Adaptive-Filter,2,-0.013425305549179837,1.0,1.0,0.79,0.2802361853832266,GMM,5,101
Matching-Adaptive-Filter,3,-0.013425305549179837,1.0,1.0,0.79,0.28648758648756967,GMM,5,101
Matching-Adaptive-Filter,4,-0.013425305549179837,1.0,1.0,0.78,0.3006000578368833,GMM,5,101
Matching-Adaptive-Filter,5,-0.013425305549179837,1.0,1.0,0.77,0.30967303284948733,GMM,5,101
Matching-Adaptive-Filter,6,-0.013425305549179837,1.0,1.0,0.75,0.34284578983106717,GMM,5,101
Matching-Adaptive-Filter,7,-0.013425305549179837,1.0,1.0,0.76,0.3293906557838293,GMM,5,101
Matching-Adaptive-Filter,8,-0.013425305549179837,1.0,1.0,0.77,0.31708101652911125,GMM,5,101
Matching-Adaptive-Filter,9,-0.013425305549179837,1.0,1.0,0.76,0.3248120300751741,GMM,5,101
Matching-Adaptive-Filter,10,-0.013425305549179837,1.0,1.0,0.74,0.3590656185919198,GMM,5,101
Matching-Adaptive-Filter,11,-0.013425305549179837,1.0,1.0,0.75,0.33936262495267383,GMM,5,101
Matching-Adaptive-Filter,12,-0.013425305549179837,1.0,1.0,0.75,0.33920474151451147,GMM,5,101
Matching-Adaptive-Filter,13,-0.013425305549179837,1.0,1.0,0.74,0.35812747035571824,GMM,5,101
Matching-Adaptive-Filter,14,-0.013425305549179837,1.0,1.0,0.73,0.36613491684586286,GMM,5,101
Matching-Adaptive-Filter,15,-0.013425305549179837,1.0,1.0,0.74,0.35917094017092804,GMM,5,101
Matching-Adaptive-Filter,16,-0.013425305549179837,1.0,1.0,0.72,0.37587041632201706,GMM,5,101
Matching-Adaptive-Filter,17,-0.013425305549179837,1.0,1.0,0.71,0.3885077168803604,GMM,5,101
Matching-Adaptive-Filter,18,-0.013425305549179837,1.0,1.0,0.7,0.4032071536381758,GMM,5,101
Matching-Adaptive-Filter,19,-0.013425305549179837,1.0,1.0,0.69,0.42398670999729743,GMM,5,101
Matching-Adaptive-Filter,20,-0.013425305549179837,1.0,1.0,0.67,0.4407914576286451,GMM,5,101
Random-Adaptive-Filter,0,-0.013425305549179837,1.0,0.0,1.0,0.0,GMM,5,101
Random-Adaptive-Filter,1,-0.013425305549179837,1.0,1.0,0.9,0.13506118881117885,GMM,5,101
Random-Adaptive-Filter,2,-0.013425305549179837,1.0,1.0,0.92,0.1183704775616459,GMM,5,101
Random-Adaptive-Filter,3,-0.013425305549179837,1.0,1.0,0.95,0.07132003798669978,GMM,5,101
Random-Adaptive-Filter,4,-0.013425305549179837,1.0,1.0,0.94,0.08763013302486448,GMM,5,101
Random-Adaptive-Filter,5,-0.013425305549179837,1.0,1.0,0.96,0.06638961038960645,GMM,5,101
Random-Adaptive-Filter,6,-0.013425305549179837,1.0,1.0,0.93,0.09590951532127495,GMM,5,101
Random-Adaptive-Filter,7,-0.013425305549179837,1.0,1.0,0.93,0.09354536072801857,GMM,5,101
Random-Adaptive-Filter,8,-0.013425305549179837,1.0,1.0,0.94,0.09258513356641873,GMM,5,101
Random-Adaptive-Filter,9,-0.013425305549179837,1.0,1.0,0.95,0.06984126984126661,GMM,5,101
Random-Adaptive-Filter,10,-0.013425305549179837,1.0,1.0,0.93,0.09468250170881345,GMM,5,101
Random-Adaptive-Filter,11,-0.013425305549179837,1.0,1.0,0.92,0.117574475214222,GMM,5,101
Random-Adaptive-Filter,12,-0.013425305549179837,1.0,0.0,1.0,0.04442823681953932,GMM,5,101
Random-Adaptive-Filter,13,-0.013425305549179837,1.0,0.0,1.0,0.031225296442686457,GMM,5,101
Random-Adaptive-Filter,14,-0.013425305549179837,1.0,0.0,1.0,0.027696344135623385,GMM,5,101
Random-Adaptive-Filter,15,-0.013425305549179837,1.0,0.0,1.0,0.016666666666665976,GMM,5,101
Random-Adaptive-Filter,16,-0.013425305549179837,1.0,0.0,1.0,0.015999999999999362,GMM,5,101
Random-Adaptive-Filter,17,-0.013425305549179837,1.0,0.0,1.0,0.015384615384614796,GMM,5,101
Random-Adaptive-Filter,18,-0.013425305549179837,1.0,0.0,1.0,0.015188004843176698,GMM,5,101
Random-Adaptive-Filter,19,-0.013425305549179837,1.0,0.0,1.0,0.014285714285713777,GMM,5,101
Random-Adaptive-Filter,20,-0.013425305549179837,1.0,0.0,1.0,0.015192873033528804,GMM,5,101
Wrong-Adaptive-Filter,0,-0.013425305549179837,1.0,0.0,1.0,0.0,GMM,5,101
Wrong-Adaptive-Filter,1,-0.013425305549179837,1.0,1.0,0.89,0.1569143356643244,GMM,5,101
Wrong-Adaptive-Filter,2,-0.013425305549179837,1.0,1.0,0.83,0.2345900423106156,GMM,5,101
Wrong-Adaptive-Filter,3,-0.013425305549179837,1.0,1.0,0.87,0.1863654863654751,GMM,5,101
Wrong-Adaptive-Filter,4,-0.013425305549179837,1.0,1.0,0.87,0.18067524580681452,GMM,5,101
Wrong-Adaptive-Filter,5,-0.013425305549179837,1.0,1.0,0.85,0.20897249809013407,GMM,5,101
Wrong-Adaptive-Filter,6,-0.013425305549179837,1.0,1.0,0.8,0.27556850012731005,GMM,5,101
Wrong-Adaptive-Filter,7,-0.013425305549179837,1.0,1.0,0.83,0.23301669950275664,GMM,5,101
Wrong-Adaptive-Filter,8,-0.013425305549179837,1.0,1.0,0.82,0.2513771107222334,GMM,5,101
Wrong-Adaptive-Filter,9,-0.013425305549179837,1.0,1.0,0.82,0.2421052631578844,GMM,5,101
Wrong-Adaptive-Filter,10,-0.013425305549179837,1.0,1.0,0.81,0.25452665755296294,GMM,5,101
Wrong-Adaptive-Filter,11,-0.013425305549179837,1.0,1.0,0.81,0.2624097641488843,GMM,5,101
Wrong-Adaptive-Filter,12,-0.013425305549179837,1.0,1.0,0.8,0.26869405755274306,GMM,5,101
Wrong-Adaptive-Filter,13,-0.013425305549179837,1.0,1.0,0.78,0.29795666290230416,GMM,5,101
Wrong-Adaptive-Filter,14,-0.013425305549179837,1.0,1.0,0.78,0.2980183034896474,GMM,5,101
Wrong-Adaptive-Filter,15,-0.013425305549179837,1.0,1.0,0.79,0.29177635327634344,GMM,5,101
Wrong-Adaptive-Filter,16,-0.013425305549179837,1.0,1.0,0.76,0.3233279766828048,GMM,5,101
Wrong-Adaptive-Filter,17,-0.013425305549179837,1.0,1.0,0.76,0.3200431326868008,GMM,5,101
Wrong-Adaptive-Filter,18,-0.013425305549179837,1.0,1.0,0.77,0.3096841775720991,GMM,5,101
Wrong-Adaptive-Filter,19,-0.013425305549179837,1.0,1.0,0.77,0.3077517399247335,GMM,5,101
Wrong-Adaptive-Filter,20,-0.013425305549179837,1.0,1.0,0.76,0.3298911942975093,GMM,5,101
Oracle-Fixed-Filter,0,-0.013425305549179837,1.0,0.0,1.0,0.0,GMM,5,101
Oracle-Fixed-Filter,1,-0.013425305549179837,1.0,0.0,1.0,0.0,GMM,5,101
Oracle-Fixed-Filter,2,-0.013425305549179837,1.0,0.0,1.0,0.0,GMM,5,101
Oracle-Fixed-Filter,3,-0.013425305549179837,1.0,0.0,1.0,0.0,GMM,5,101
Oracle-Fixed-Filter,4,-0.013425305549179837,1.0,0.0,1.0,0.0,GMM,5,101
Oracle-Fixed-Filter,5,-0.013425305549179837,1.0,0.0,1.0,0.0,GMM,5,101
Oracle-Fixed-Filter,6,-0.013425305549179837,1.0,0.0,1.0,0.0,GMM,5,101
Oracle-Fixed-Filter,7,-0.013425305549179837,1.0,0.0,1.0,0.0,GMM,5,101
Oracle-Fixed-Filter,8,-0.013425305549179837,1.0,0.0,1.0,0.0,GMM,5,101
Oracle-Fixed-Filter,9,-0.013425305549179837,1.0,0.0,1.0,0.0,GMM,5,101
Oracle-Fixed-Filter,10,-0.013425305549179837,1.0,0.0,1.0,0.0,GMM,5,101
Oracle-Fixed-Filter,11,-0.013425305549179837,1.0,0.0,1.0,0.0,GMM,5,101
Oracle-Fixed-Filter,12,-0.013425305549179837,1.0,0.0,1.0,0.0,GMM,5,101
Oracle-Fixed-Filter,13,-0.013425305549179837,1.0,0.0,1.0,0.0,GMM,5,101
Oracle-Fixed-Filter,14,-0.013425305549179837,1.0,0.0,1.0,0.0,GMM,5,101
Oracle-Fixed-Filter,15,-0.013425305549179837,1.0,0.0,1.0,0.0,GMM,5,101
Oracle-Fixed-Filter,16,-0.013425305549179837,1.0,0.0,1.0,0.0,GMM,5,101
Oracle-Fixed-Filter,17,-0.2128779759468676,0.7978342250614692,0.0,1.0,0.0,GMM,5,101
Oracle-Fixed-Filter,18,-0.2128779759468676,0.7978342250614692,0.0,1.0,0.0,GMM,5,101
Oracle-Fixed-Filter,19,-0.22223721484070771,0.7883476747935017,0.0,1.0,0.0,GMM,5,101
Oracle-Fixed-Filter,20,-0.22223721484070771,0.7883476747935017,0.0,1.0,0.0,GMM,5,101
Matching-Soft-Rerank,0,-0.013425305549179837,1.0,0.0,1.0,,GMM,5,101
Matching-Soft-Rerank,1,-0.09265221624644127,0.919695385551061,0.0,1.0,,GMM,5,101
Matching-Soft-Rerank,2,-0.13254868811023854,0.8792562120089082,0.0,1.0,,GMM,5,101
Matching-Soft-Rerank,3,-0.13254868811023854,0.8792562120089082,0.0,1.0,,GMM,5,101
Matching-Soft-Rerank,4,-0.13254868811023854,0.8792562120089082,0.0,1.0,,GMM,5,101
Matching-Soft-Rerank,5,-0.1523996874528466,0.8591351845120052,0.0,1.0,,GMM,5,101
Matching-Soft-Rerank,6,-0.1523996874528466,0.8591351845120052,0.0,1.0,,GMM,5,101
Matching-Soft-Rerank,7,-0.1523996874528466,0.8591351845120052,0.0,1.0,,GMM,5,101
Matching-Soft-Rerank,8,-0.1523996874528466,0.8591351845120052,0.0,1.0,,GMM,5,101
Matching-Soft-Rerank,9,-0.1523996874528466,0.8591351845120052,0.0,1.0,,GMM,5,101
Matching-Soft-Rerank,10,-0.1523996874528466,0.8591351845120052,0.0,1.0,,GMM,5,101
Matching-Soft-Rerank,11,-0.2588131198691804,0.7512742369226744,0.0,1.0,,GMM,5,101
Matching-Soft-Rerank,12,-0.33861907034713845,0.6703827061604496,0.0,1.0,,GMM,5,101
Matching-Soft-Rerank,13,-0.33861907034713845,0.6703827061604496,0.0,1.0,,GMM,5,101
Matching-Soft-Rerank,14,-0.33861907034713845,0.6703827061604496,0.0,1.0,,GMM,5,101
Matching-Soft-Rerank,15,-0.33861907034713845,0.6703827061604496,0.0,1.0,,GMM,5,101
Matching-Soft-Rerank,16,-0.33861907034713845,0.6703827061604496,0.0,1.0,,GMM,5,101
Matching-Soft-Rerank,17,-0.45961072280782184,0.5477452346638984,0.0,1.0,,GMM,5,101
Matching-Soft-Rerank,18,-0.45961072280782184,0.5477452346638984,0.0,1.0,,GMM,5,101
Matching-Soft-Rerank,19,-0.45961072280782184,0.5477452346638984,0.0,1.0,,GMM,5,101
Matching-Soft-Rerank,20,-0.45961072280782184,0.5477452346638984,0.0,1.0,,GMM,5,101
Target-Only,0,-0.011684726409928122,1.0,0.0,1.0,0.0,GMM,5,2026
Target-Only,1,-0.011684726409928122,1.0,0.0,1.0,0.0,GMM,5,2026
Target-Only,2,-0.011684726409928122,1.0,0.0,1.0,0.0,GMM,5,2026
Target-Only,3,-0.011684726409928122,1.0,0.0,1.0,0.0,GMM,5,2026
Target-Only,4,-0.011684726409928122,1.0,0.0,1.0,0.0,GMM,5,2026
Target-Only,5,-0.011684726409928122,1.0,0.0,1.0,0.0,GMM,5,2026
Target-Only,6,-0.011684726409928122,1.0,0.0,1.0,0.0,GMM,5,2026
Target-Only,7,-0.011684726409928122,1.0,0.0,1.0,0.0,GMM,5,2026
Target-Only,8,-0.011684726409928122,1.0,0.0,1.0,0.0,GMM,5,2026
Target-Only,9,-0.011684726409928122,1.0,0.0,1.0,0.0,GMM,5,2026
Target-Only,10,-0.011684726409928122,1.0,0.0,1.0,0.0,GMM,5,2026
Target-Only,11,-0.011684726409928122,1.0,0.0,1.0,0.0,GMM,5,2026
Target-Only,12,-0.011684726409928122,1.0,0.0,1.0,0.0,GMM,5,2026
Target-Only,13,-0.011684726409928122,1.0,0.0,1.0,0.0,GMM,5,2026
Target-Only,14,-0.011684726409928122,1.0,0.0,1.0,0.0,GMM,5,2026
Target-Only,15,-0.011684726409928122,1.0,0.0,1.0,0.0,GMM,5,2026
Target-Only,16,-0.011684726409928122,1.0,0.0,1.0,0.0,GMM,5,2026
Target-Only,17,-0.011684726409928122,1.0,0.0,1.0,0.0,GMM,5,2026
Target-Only,18,-0.011684726409928122,1.0,0.0,1.0,0.0,GMM,5,2026
Target-Only,19,-0.011684726409928122,1.0,0.0,1.0,0.0,GMM,5,2026
Target-Only,20,-0.011684726409928122,1.0,0.0,1.0,0.0,GMM,5,2026
Matching-Fixed-Filter,0,-0.011684726409928122,1.0,0.0,1.0,0.0,GMM,5,2026
Matching-Fixed-Filter,1,-0.028622825564931637,0.982861732427727,1.0,0.25,1.0,GMM,5,2026
Matching-Fixed-Filter,2,-0.028622825564931637,0.982861732427727,1.0,0.25,1.0,GMM,5,2026
Matching-Fixed-Filter,3,-0.028622825564931637,0.982861732427727,1.0,0.25,1.0,GMM,5,2026
Matching-Fixed-Filter,4,-0.028622825564931637,0.982861732427727,1.0,0.25,1.0,GMM,5,2026
Matching-Fixed-Filter,5,-0.028622825564931637,0.982861732427727,1.0,0.25,1.0,GMM,5,2026
Matching-Fixed-Filter,6,-0.028622825564931637,0.982861732427727,1.0,0.25,1.0,GMM,5,2026
Matching-Fixed-Filter,7,-0.028622825564931637,0.982861732427727,1.0,0.25,1.0,GMM,5,2026
Matching-Fixed-Filter,8,-0.028622825564931637,0.982861732427727,1.0,0.25,1.0,GMM,5,2026
Matching-Fixed-Filter,9,-0.06889052778371096,0.9421181608598282,1.0,0.25,1.0,GMM,5,2026
Matching-Fixed-Filter,10,-0.06889052778371096,0.9421181608598282,1.0,0.25,1.0,GMM,5,2026
Matching-Fixed-Filter,11,-0.06889052778371096,0.9421181608598282,1.0,0.25,1.0,GMM,5,2026
Matching-Fixed-Filter,12,-0.06889052778371096,0.9421181608598282,1.0,0.25,1.0,GMM,5,2026
Matching-Fixed-Filter,13,-0.0969617249499549,0.913715228293041,1.0,0.25,1.0,GMM,5,2026
Matching-Fixed-Filter,14,-0.0969617249499549,0.913715228293041,1.0,0.25,1.0,GMM,5,2026
Matching-Fixed-Filter,15,-0.0969617249499549,0.913715228293041,1.0,0.25,1.0,GMM,5,2026
Matching-Fixed-Filter,16,-0.11550356120230432,0.8949542712301485,1.0,0.25,1.0,GMM,5,2026
Matching-Fixed-Filter,17,-0.11550356120230432,0.8949542712301485,1.0,0.25,1.0,GMM,5,2026
Matching-Fixed-Filter,18,-0.20083871963638775,0.8086106523162393,1.0,0.25,1.0,GMM,5,2026
Matching-Fixed-Filter,19,-0.20083871963638775,0.8086106523162393,1.0,0.25,1.0,GMM,5,2026
Matching-Fixed-Filter,20,-0.20083871963638775,0.8086106523162393,1.0,0.25,1.0,GMM,5,2026
Matching-Adaptive-Filter,0,-0.011684726409928122,1.0,0.0,1.0,0.0,GMM,5,2026
Matching-Adaptive-Filter,1,-0.011684726409928122,1.0,1.0,0.75,0.3428846153845925,GMM,5,2026
Matching-Adaptive-Filter,2,-0.011684726409928122,1.0,1.0,0.77,0.3159706714853577,GMM,5,2026
Matching-Adaptive-Filter,3,-0.011684726409928122,1.0,1.0,0.76,0.3288156288156096,GMM,5,2026
Matching-Adaptive-Filter,4,-0.011684726409928122,1.0,1.0,0.73,0.371934644303045,GMM,5,2026
Matching-Adaptive-Filter,5,-0.011684726409928122,1.0,1.0,0.72,0.37954469060349455,GMM,5,2026
Matching-Adaptive-Filter,6,-0.011684726409928122,1.0,1.0,0.72,0.3821914523384925,GMM,5,2026
Matching-Adaptive-Filter,7,-0.011684726409928122,1.0,1.0,0.71,0.3920255183412896,GMM,5,2026
Matching-Adaptive-Filter,8,-0.011684726409928122,1.0,1.0,0.7,0.4019105653174664,GMM,5,2026
Matching-Adaptive-Filter,9,-0.011684726409928122,1.0,1.0,0.69,0.4255639097744181,GMM,5,2026
Matching-Adaptive-Filter,10,-0.017054662459390097,0.9945666039607232,1.0,0.7,0.4132669172932163,GMM,5,2026
Matching-Adaptive-Filter,11,-0.017054662459390097,0.9945666039607232,1.0,0.67,0.44439672129111396,GMM,5,2026
Matching-Adaptive-Filter,12,-0.017054662459390097,0.9945666039607232,1.0,0.66,0.4563852160319381,GMM,5,2026
Matching-Adaptive-Filter,13,-0.017054662459390097,0.9945666039607232,1.0,0.68,0.4321569734613057,GMM,5,2026
Matching-Adaptive-Filter,14,-0.017054662459390097,0.9945666039607232,1.0,0.69,0.41482718553052345,GMM,5,2026
Matching-Adaptive-Filter,15,-0.017054662459390097,0.9945666039607232,1.0,0.7,0.40121225071223726,GMM,5,2026
Matching-Adaptive-Filter,16,-0.017054662459390097,0.9945666039607232,1.0,0.71,0.38787364606718194,GMM,5,2026
Matching-Adaptive-Filter,17,-0.017054662459390097,0.9945666039607232,1.0,0.7,0.4007573703883317,GMM,5,2026
Matching-Adaptive-Filter,18,-0.25924518783459066,0.749513957299162,1.0,0.7,0.4024529987891934,GMM,5,2026
Matching-Adaptive-Filter,19,-0.25924518783459066,0.749513957299162,1.0,0.68,0.428291108805393,GMM,5,2026
Matching-Adaptive-Filter,20,-0.25924518783459066,0.749513957299162,1.0,0.7,0.40519929173002844,GMM,5,2026
Random-Adaptive-Filter,0,-0.011684726409928122,1.0,0.0,1.0,0.0,GMM,5,2026
Random-Adaptive-Filter,1,-0.011684726409928122,1.0,1.0,0.87,0.1796416083915957,GMM,5,2026
Random-Adaptive-Filter,2,-0.011684726409928122,1.0,1.0,0.9,0.14455018021193522,GMM,5,2026
Random-Adaptive-Filter,3,-0.011684726409928122,1.0,1.0,0.9,0.14010310676976473,GMM,5,2026
Random-Adaptive-Filter,4,-0.011684726409928122,1.0,1.0,0.85,0.20755494505493344,GMM,5,2026
Random-Adaptive-Filter,5,-0.011684726409928122,1.0,1.0,0.87,0.17966233766232806,GMM,5,2026
Random-Adaptive-Filter,6,-0.011684726409928122,1.0,1.0,0.87,0.17435945590356478,GMM,5,2026
Random-Adaptive-Filter,7,-0.011684726409928122,1.0,1.0,0.84,0.22316586921849021,GMM,5,2026
Random-Adaptive-Filter,8,-0.011684726409928122,1.0,1.0,0.85,0.20879609016638628,GMM,5,2026
Random-Adaptive-Filter,9,-0.011684726409928122,1.0,1.0,0.85,0.20016708437760206,GMM,5,2026
Random-Adaptive-Filter,10,-0.011684726409928122,1.0,1.0,0.88,0.16908509911140787,GMM,5,2026
Random-Adaptive-Filter,11,-0.024658987791701174,0.9868724134226271,1.0,0.87,0.17706157196839722,GMM,5,2026
Random-Adaptive-Filter,12,-0.024658987791701174,0.9868724134226271,1.0,0.87,0.18065659179788918,GMM,5,2026
Random-Adaptive-Filter,13,-0.024658987791701174,0.9868724134226271,1.0,0.87,0.17843026538678053,GMM,5,2026
Random-Adaptive-Filter,14,-0.024658987791701174,0.9868724134226271,1.0,0.87,0.1766695653869835,GMM,5,2026
Random-Adaptive-Filter,15,-0.024658987791701174,0.9868724134226271,1.0,0.86,0.18925071225070578,GMM,5,2026
Random-Adaptive-Filter,16,-0.024658987791701174,0.9868724134226271,1.0,0.89,0.1552827602504971,GMM,5,2026
Random-Adaptive-Filter,17,-0.024658987791701174,0.9868724134226271,1.0,0.9,0.14314694906043512,GMM,5,2026
Random-Adaptive-Filter,18,-0.024658987791701174,0.9868724134226271,1.0,0.9,0.14382194274435212,GMM,5,2026
Random-Adaptive-Filter,19,-0.024658987791701174,0.9868724134226271,1.0,0.89,0.1517456370757379,GMM,5,2026
Random-Adaptive-Filter,20,-0.024658987791701174,0.9868724134226271,1.0,0.89,0.1503340843567639,GMM,5,2026
Wrong-Adaptive-Filter,0,-0.011684726409928122,1.0,0.0,1.0,0.0,GMM,5,2026
Wrong-Adaptive-Filter,1,-0.011684726409928122,1.0,1.0,0.79,0.2915297202797006,GMM,5,2026
Wrong-Adaptive-Filter,2,-0.011684726409928122,1.0,1.0,0.75,0.3384133023838696,GMM,5,2026
Wrong-Adaptive-Filter,3,-0.011684726409928122,1.0,1.0,0.73,0.36449599782930997,GMM,5,2026
Wrong-Adaptive-Filter,4,-0.011684726409928122,1.0,1.0,0.71,0.39467900520529947,GMM,5,2026
Wrong-Adaptive-Filter,5,-0.011684726409928122,1.0,1.0,0.7,0.41288158899921484,GMM,5,2026
Wrong-Adaptive-Filter,6,-0.15645418833319014,0.8535197041869992,1.0,0.69,0.4192439627365894,GMM,5,2026
Wrong-Adaptive-Filter,7,-0.15645418833319014,0.8535197041869992,1.0,0.67,0.4443990993526391,GMM,5,2026
Wrong-Adaptive-Filter,8,-0.15645418833319014,0.8535197041869992,1.0,0.67,0.44726642989529697,GMM,5,2026
Wrong-Adaptive-Filter,9,-0.15645418833319014,0.8535197041869992,1.0,0.66,0.4573099415204484,GMM,5,2026
Wrong-Adaptive-Filter,10,-0.15645418833319014,0.8535197041869992,1.0,0.66,0.45775393028022754,GMM,5,2026
Wrong-Adaptive-Filter,11,-0.15645418833319014,0.8535197041869992,1.0,0.65,0.47541166907624693,GMM,5,2026
Wrong-Adaptive-Filter,12,-0.15645418833319014,0.8535197041869992,1.0,0.65,0.46893893646609286,GMM,5,2026
Wrong-Adaptive-Filter,13,-0.15645418833319014,0.8535197041869992,1.0,0.65,0.4776926877470183,GMM,5,2026
Wrong-Adaptive-Filter,14,-0.15645418833319014,0.8535197041869992,1.0,0.65,0.4774093453838525,GMM,5,2026
Wrong-Adaptive-Filter,15,-0.15645418833319014,0.8535197041869992,1.0,0.64,0.48148717948716335,GMM,5,2026
Wrong-Adaptive-Filter,16,-0.15645418833319014,0.8535197041869992,1.0,0.63,0.4955629997242739,GMM,5,2026
Wrong-Adaptive-Filter,17,-0.15645418833319014,0.8535197041869992,1.0,0.63,0.4973334209873678,GMM,5,2026
Wrong-Adaptive-Filter,18,-0.15645418833319014,0.8535197041869992,1.0,0.63,0.5022683733890476,GMM,5,2026
Wrong-Adaptive-Filter,19,-0.15645418833319014,0.8535197041869992,1.0,0.61,0.5231229013666862,GMM,5,2026
Wrong-Adaptive-Filter,20,-0.15645418833319014,0.8535197041869992,1.0,0.62,0.5157934326121847,GMM,5,2026
Oracle-Fixed-Filter,0,-0.011684726409928122,1.0,0.0,1.0,0.0,GMM,5,2026
Oracle-Fixed-Filter,1,-0.011684726409928122,1.0,1.0,0.25,1.0,GMM,5,2026
Oracle-Fixed-Filter,2,-0.011684726409928122,1.0,1.0,0.25,1.0,GMM,5,2026
Oracle-Fixed-Filter,3,-0.08836322945557025,0.9224153377417578,1.0,0.25,1.0,GMM,5,2026
Oracle-Fixed-Filter,4,-0.08836322945557025,0.9224153377417578,1.0,0.25,1.0,GMM,5,2026
Oracle-Fixed-Filter,5,-0.08836322945557025,0.9224153377417578,1.0,0.25,1.0,GMM,5,2026
Oracle-Fixed-Filter,6,-0.08836322945557025,0.9224153377417578,1.0,0.25,1.0,GMM,5,2026
Oracle-Fixed-Filter,7,-0.2603075822422637,0.7484390078931298,1.0,0.25,1.0,GMM,5,2026
Oracle-Fixed-Filter,8,-0.2603075822422637,0.7484390078931298,1.0,0.25,1.0,GMM,5,2026
Oracle-Fixed-Filter,9,-0.2603075822422637,0.7484390078931298,1.0,0.25,1.0,GMM,5,2026
Oracle-Fixed-Filter,10,-0.2603075822422637,0.7484390078931298,1.0,0.25,1.0,GMM,5,2026
Oracle-Fixed-Filter,11,-0.2603075822422637,0.7484390078931298,1.0,0.25,1.0,GMM,5,2026
Oracle-Fixed-Filter,12,-0.2603075822422637,0.7484390078931298,1.0,0.25,1.0,GMM,5,2026
Oracle-Fixed-Filter,13,-0.2603075822422637,0.7484390078931298,1.0,0.25,1.0,GMM,5,2026
Oracle-Fixed-Filter,14,-0.2603075822422637,0.7484390078931298,1.0,0.25,1.0,GMM,5,2026
Oracle-Fixed-Filter,15,-0.2603075822422637,0.7484390078931298,1.0,0.25,1.0,GMM,5,2026
Oracle-Fixed-Filter,16,-0.2603075822422637,0.7484390078931298,1.0,0.25,1.0,GMM,5,2026
Oracle-Fixed-Filter,17,-0.36071018986811176,0.6468498780445529,1.0,0.25,1.0,GMM,5,2026
Oracle-Fixed-Filter,18,-0.36071018986811176,0.6468498780445529,1.0,0.25,1.0,GMM,5,2026
Oracle-Fixed-Filter,19,-0.36071018986811176,0.6468498780445529,1.0,0.25,1.0,GMM,5,2026
Oracle-Fixed-Filter,20,-0.36071018986811176,0.6468498780445529,1.0,0.25,1.0,GMM,5,2026
Matching-Soft-Rerank,0,-0.011684726409928122,1.0,0.0,1.0,,GMM,5,2026
Matching-Soft-Rerank,1,-0.028622825564931637,0.982861732427727,0.0,1.0,,GMM,5,2026
Matching-Soft-Rerank,2,-0.028622825564931637,0.982861732427727,0.0,1.0,,GMM,5,2026
Matching-Soft-Rerank,3,-0.028622825564931637,0.982861732427727,0.0,1.0,,GMM,5,2026
Matching-Soft-Rerank,4,-0.028622825564931637,0.982861732427727,0.0,1.0,,GMM,5,2026
Matching-Soft-Rerank,5,-0.028622825564931637,0.982861732427727,0.0,1.0,,GMM,5,2026
Matching-Soft-Rerank,6,-0.25188993042127533,0.75695613652239,0.0,1.0,,GMM,5,2026
Matching-Soft-Rerank,7,-0.25188993042127533,0.75695613652239,0.0,1.0,,GMM,5,2026
Matching-Soft-Rerank,8,-0.25188993042127533,0.75695613652239,0.0,1.0,,GMM,5,2026
Matching-Soft-Rerank,9,-0.25188993042127533,0.75695613652239,0.0,1.0,,GMM,5,2026
Matching-Soft-Rerank,10,-0.25188993042127533,0.75695613652239,0.0,1.0,,GMM,5,2026
Matching-Soft-Rerank,11,-0.28009895532160367,0.7284137474224935,0.0,1.0,,GMM,5,2026
Matching-Soft-Rerank,12,-0.28009895532160367,0.7284137474224935,0.0,1.0,,GMM,5,2026
Matching-Soft-Rerank,13,-0.28009895532160367,0.7284137474224935,0.0,1.0,,GMM,5,2026
Matching-Soft-Rerank,14,-0.2946969382028257,0.7136432507838586,0.0,1.0,,GMM,5,2026
Matching-Soft-Rerank,15,-0.2946969382028257,0.7136432507838586,0.0,1.0,,GMM,5,2026
Matching-Soft-Rerank,16,-0.2946969382028257,0.7136432507838586,0.0,1.0,,GMM,5,2026
Matching-Soft-Rerank,17,-0.2946969382028257,0.7136432507838586,0.0,1.0,,GMM,5,2026
Matching-Soft-Rerank,18,-0.2946969382028257,0.7136432507838586,0.0,1.0,,GMM,5,2026
Matching-Soft-Rerank,19,-0.2946969382028257,0.7136432507838586,0.0,1.0,,GMM,5,2026
Matching-Soft-Rerank,20,-0.2946969382028257,0.7136432507838586,0.0,1.0,,GMM,5,2026
Target-Only,0,-0.0739524732101836,1.0,0.0,1.0,0.0,GMM,5,777
Target-Only,1,-0.0739524732101836,1.0,0.0,1.0,0.0,GMM,5,777
Target-Only,2,-0.0739524732101836,1.0,0.0,1.0,0.0,GMM,5,777
Target-Only,3,-0.0739524732101836,1.0,0.0,1.0,0.0,GMM,5,777
Target-Only,4,-0.0739524732101836,1.0,0.0,1.0,0.0,GMM,5,777
Target-Only,5,-0.0739524732101836,1.0,0.0,1.0,0.0,GMM,5,777
Target-Only,6,-0.0739524732101836,1.0,0.0,1.0,0.0,GMM,5,777
Target-Only,7,-0.0739524732101836,1.0,0.0,1.0,0.0,GMM,5,777
Target-Only,8,-0.0739524732101836,1.0,0.0,1.0,0.0,GMM,5,777
Target-Only,9,-0.0739524732101836,1.0,0.0,1.0,0.0,GMM,5,777
Target-Only,10,-0.0739524732101836,1.0,0.0,1.0,0.0,GMM,5,777
Target-Only,11,-0.0739524732101836,1.0,0.0,1.0,0.0,GMM,5,777
Target-Only,12,-0.0739524732101836,1.0,0.0,1.0,0.0,GMM,5,777
Target-Only,13,-0.0739524732101836,1.0,0.0,1.0,0.0,GMM,5,777
Target-Only,14,-0.0739524732101836,1.0,0.0,1.0,0.0,GMM,5,777
Target-Only,15,-0.0739524732101836,1.0,0.0,1.0,0.0,GMM,5,777
Target-Only,16,-0.0739524732101836,1.0,0.0,1.0,0.0,GMM,5,777
Target-Only,17,-0.0739524732101836,1.0,0.0,1.0,0.0,GMM,5,777
Target-Only,18,-0.10788569853703728,0.9633571310802848,0.0,1.0,0.0,GMM,5,777
Target-Only,19,-0.10788569853703728,0.9633571310802848,0.0,1.0,0.0,GMM,5,777
Target-Only,20,-0.17561111807769794,0.890223686002276,0.0,1.0,0.0,GMM,5,777
Matching-Fixed-Filter,0,-0.0739524732101836,1.0,0.0,1.0,0.0,GMM,5,777
Matching-Fixed-Filter,1,-0.3751913157626165,0.674706565177575,1.0,0.25,1.0,GMM,5,777
Matching-Fixed-Filter,2,-0.3751913157626165,0.674706565177575,1.0,0.25,1.0,GMM,5,777
Matching-Fixed-Filter,3,-0.3751913157626165,0.674706565177575,1.0,0.25,1.0,GMM,5,777
Matching-Fixed-Filter,4,-0.3751913157626165,0.674706565177575,1.0,0.25,1.0,GMM,5,777
Matching-Fixed-Filter,5,-0.3751913157626165,0.674706565177575,1.0,0.25,1.0,GMM,5,777
Matching-Fixed-Filter,6,-0.3751913157626165,0.674706565177575,1.0,0.25,1.0,GMM,5,777
Matching-Fixed-Filter,7,-0.3751913157626165,0.674706565177575,1.0,0.25,1.0,GMM,5,777
Matching-Fixed-Filter,8,-0.3751913157626165,0.674706565177575,1.0,0.25,1.0,GMM,5,777
Matching-Fixed-Filter,9,-0.3751913157626165,0.674706565177575,1.0,0.25,1.0,GMM,5,777
Matching-Fixed-Filter,10,-0.3751913157626165,0.674706565177575,1.0,0.25,1.0,GMM,5,777
Matching-Fixed-Filter,11,-0.3751913157626165,0.674706565177575,1.0,0.25,1.0,GMM,5,777
Matching-Fixed-Filter,12,-0.4628053516224126,0.5800963534864066,1.0,0.25,1.0,GMM,5,777
Matching-Fixed-Filter,13,-0.4628053516224126,0.5800963534864066,1.0,0.25,1.0,GMM,5,777
Matching-Fixed-Filter,14,-0.4682137659999675,0.5742560651792586,1.0,0.25,1.0,GMM,5,777
Matching-Fixed-Filter,15,-0.4682137659999675,0.5742560651792586,1.0,0.25,1.0,GMM,5,777
Matching-Fixed-Filter,16,-0.4682137659999675,0.5742560651792586,1.0,0.25,1.0,GMM,5,777
Matching-Fixed-Filter,17,-0.4682137659999675,0.5742560651792586,1.0,0.25,1.0,GMM,5,777
Matching-Fixed-Filter,18,-0.4682137659999675,0.5742560651792586,1.0,0.25,1.0,GMM,5,777
Matching-Fixed-Filter,19,-0.4682137659999675,0.5742560651792586,1.0,0.25,1.0,GMM,5,777
Matching-Fixed-Filter,20,-0.855340150855705,0.1562167765765882,1.0,0.25,1.0,GMM,5,777
Matching-Adaptive-Filter,0,-0.0739524732101836,1.0,0.0,1.0,0.0,GMM,5,777
Matching-Adaptive-Filter,1,-0.0739524732101836,1.0,1.0,0.88,0.16194055944054786,GMM,5,777
Matching-Adaptive-Filter,2,-0.0739524732101836,1.0,1.0,0.85,0.2106256488609295,GMM,5,777
Matching-Adaptive-Filter,3,-0.0739524732101836,1.0,1.0,0.89,0.1585537918871155,GMM,5,777
Matching-Adaptive-Filter,4,-0.0739524732101836,1.0,1.0,0.81,0.2571790052053067,GMM,5,777
Matching-Adaptive-Filter,5,-0.0739524732101836,1.0,1.0,0.79,0.2807478991596492,GMM,5,777
Matching-Adaptive-Filter,6,-0.0739524732101836,1.0,1.0,0.76,0.32063842203546516,GMM,5,777
Matching-Adaptive-Filter,7,-0.13551659006129707,0.9335198513491098,1.0,0.77,0.3101815367295099,GMM,5,777
Matching-Adaptive-Filter,8,-0.13551659006129707,0.9335198513491098,1.0,0.75,0.34151675749803184,GMM,5,777
Matching-Adaptive-Filter,9,-0.13551659006129707,0.9335198513491098,1.0,0.74,0.3598997493734183,GMM,5,777
Matching-Adaptive-Filter,10,-0.13551659006129707,0.9335198513491098,1.0,0.76,0.33202016404646634,GMM,5,777
Matching-Adaptive-Filter,11,-0.13551659006129707,0.9335198513491098,1.0,0.75,0.3334343916952483,GMM,5,777
Matching-Adaptive-Filter,12,-0.13551659006129707,0.9335198513491098,1.0,0.75,0.3376215571867619,GMM,5,777
Matching-Adaptive-Filter,13,-0.13551659006129707,0.9335198513491098,1.0,0.76,0.3263339920948498,GMM,5,777
Matching-Adaptive-Filter,14,-0.13551659006129707,0.9335198513491098,1.0,0.76,0.3272623353198852,GMM,5,777
Matching-Adaptive-Filter,15,-0.13551659006129707,0.9335198513491098,1.0,0.77,0.3175370370370264,GMM,5,777
Matching-Adaptive-Filter,16,-0.1369964617461267,0.9319218086153914,1.0,0.75,0.33895482295481194,GMM,5,777
Matching-Adaptive-Filter,17,-0.1369964617461267,0.9319218086153914,1.0,0.72,0.3772187185223969,GMM,5,777
Matching-Adaptive-Filter,18,-0.1369964617461267,0.9319218086153914,1.0,0.72,0.38186016569636083,GMM,5,777
Matching-Adaptive-Filter,19,-0.1369964617461267,0.9319218086153914,1.0,0.72,0.3785096834432585,GMM,5,777
Matching-Adaptive-Filter,20,-0.1369964617461267,0.9319218086153914,1.0,0.71,0.3985455721776917,GMM,5,777
Random-Adaptive-Filter,0,-0.0739524732101836,1.0,0.0,1.0,0.0,GMM,5,777
Random-Adaptive-Filter,1,-0.0739524732101836,1.0,1.0,0.82,0.24804195804194112,GMM,5,777
Random-Adaptive-Filter,2,-0.0739524732101836,1.0,1.0,0.85,0.2084776742864844,GMM,5,777
Random-Adaptive-Filter,3,-0.0739524732101836,1.0,1.0,0.89,0.15597612264277969,GMM,5,777
Random-Adaptive-Filter,4,-0.0739524732101836,1.0,1.0,0.85,0.20445344129553505,GMM,5,777
Random-Adaptive-Filter,5,-0.0739524732101836,1.0,1.0,0.79,0.29255003819708175,GMM,5,777
Random-Adaptive-Filter,6,-0.0739524732101836,1.0,1.0,0.78,0.2952758148713886,GMM,5,777
Random-Adaptive-Filter,7,-0.0739524732101836,1.0,1.0,0.79,0.29269631297493703,GMM,5,777
Random-Adaptive-Filter,8,-0.0739524732101836,1.0,1.0,0.76,0.32353527927627984,GMM,5,777
Random-Adaptive-Filter,9,-0.0739524732101836,1.0,1.0,0.76,0.32380952380951006,GMM,5,777
Random-Adaptive-Filter,10,-0.0739524732101836,1.0,1.0,0.75,0.3346695146958169,GMM,5,777
Random-Adaptive-Filter,11,-0.0739524732101836,1.0,1.0,0.75,0.3352636183691954,GMM,5,777
Random-Adaptive-Filter,12,-0.11747287995082271,0.9530043918852616,1.0,0.75,0.34612729259467084,GMM,5,777
Random-Adaptive-Filter,13,-0.11747287995082271,0.9530043918852616,1.0,0.73,0.36581380575944467,GMM,5,777
Random-Adaptive-Filter,14,-0.11747287995082271,0.9530043918852616,1.0,0.74,0.35466803433689154,GMM,5,777
Random-Adaptive-Filter,15,-0.11747287995082271,0.9530043918852616,1.0,0.76,0.32248860398859314,GMM,5,777
Random-Adaptive-Filter,16,-0.11747287995082271,0.9530043918852616,1.0,0.76,0.32536626097915355,GMM,5,777
Random-Adaptive-Filter,17,-0.11747287995082271,0.9530043918852616,1.0,0.77,0.31863915979159985,GMM,5,777
Random-Adaptive-Filter,18,-0.11747287995082271,0.9530043918852616,1.0,0.75,0.34486252094009656,GMM,5,777
Random-Adaptive-Filter,19,-0.11747287995082271,0.9530043918852616,1.0,0.76,0.3302620714581619,GMM,5,777
Random-Adaptive-Filter,20,-0.11747287995082271,0.9530043918852616,1.0,0.77,0.31868810015662746,GMM,5,777
Wrong-Adaptive-Filter,0,-0.0739524732101836,1.0,0.0,1.0,0.0,GMM,5,777
Wrong-Adaptive-Filter,1,-0.0739524732101836,1.0,1.0,0.94,0.08020979020978371,GMM,5,777
Wrong-Adaptive-Filter,2,-0.0739524732101836,1.0,1.0,0.96,0.06545219486395455,GMM,5,777
Wrong-Adaptive-Filter,3,-0.0739524732101836,1.0,0.0,1.0,0.04825668159001134,GMM,5,777
Wrong-Adaptive-Filter,4,-0.0739524732101836,1.0,1.0,0.93,0.0938331405436612,GMM,5,777
Wrong-Adaptive-Filter,5,-0.0739524732101836,1.0,1.0,0.93,0.09958747135217164,GMM,5,777
Wrong-Adaptive-Filter,6,-0.0739524732101836,1.0,1.0,0.88,0.1666696375519821,GMM,5,777
Wrong-Adaptive-Filter,7,-0.0739524732101836,1.0,1.0,0.87,0.18597898489538467,GMM,5,777
Wrong-Adaptive-Filter,8,-0.0739524732101836,1.0,1.0,0.82,0.24262962886262374,GMM,5,777
Wrong-Adaptive-Filter,9,-0.0739524732101836,1.0,1.0,0.78,0.29356725146197576,GMM,5,777
Wrong-Adaptive-Filter,10,-0.0739524732101836,1.0,1.0,0.8,0.27958509911140356,GMM,5,777
Wrong-Adaptive-Filter,11,-0.0739524732101836,1.0,1.0,0.76,0.32679258629567914,GMM,5,777
Wrong-Adaptive-Filter,12,-0.0739524732101836,1.0,1.0,0.75,0.34581686429511216,GMM,5,777
Wrong-Adaptive-Filter,13,-0.0739524732101836,1.0,1.0,0.73,0.36041784302652563,GMM,5,777
Wrong-Adaptive-Filter,14,-0.0739524732101836,1.0,1.0,0.72,0.3821931942682371,GMM,5,777
Wrong-Adaptive-Filter,15,-0.0739524732101836,1.0,1.0,0.72,0.38317663817662534,GMM,5,777
Wrong-Adaptive-Filter,16,-0.5892894262040114,0.4435122439394364,1.0,0.7,0.4027078262239422,GMM,5,777
Wrong-Adaptive-Filter,17,-0.5892894262040114,0.4435122439394364,1.0,0.69,0.41990325553542623,GMM,5,777
Wrong-Adaptive-Filter,18,-0.5892894262040114,0.4435122439394364,1.0,0.68,0.42992133983511976,GMM,5,777
Wrong-Adaptive-Filter,19,-0.5892894262040114,0.4435122439394364,1.0,0.69,0.4209946937618082,GMM,5,777
Wrong-Adaptive-Filter,20,-0.5892894262040114,0.4435122439394364,1.0,0.68,0.4326456380104755,GMM,5,777
Oracle-Fixed-Filter,0,-0.0739524732101836,1.0,0.0,1.0,0.0,GMM,5,777
Oracle-Fixed-Filter,1,-0.0739524732101836,1.0,1.0,0.25,1.0,GMM,5,777
Oracle-Fixed-Filter,2,-0.0739524732101836,1.0,1.0,0.25,1.0,GMM,5,777
Oracle-Fixed-Filter,3,-0.0739524732101836,1.0,1.0,0.25,1.0,GMM,5,777
Oracle-Fixed-Filter,4,-0.0739524732101836,1.0,1.0,0.25,1.0,GMM,5,777
Oracle-Fixed-Filter,5,-0.0739524732101836,1.0,1.0,0.25,1.0,GMM,5,777
Oracle-Fixed-Filter,6,-0.0739524732101836,1.0,1.0,0.25,1.0,GMM,5,777
Oracle-Fixed-Filter,7,-0.13551659006129707,0.9335198513491098,1.0,0.25,1.0,GMM,5,777
Oracle-Fixed-Filter,8,-0.13551659006129707,0.9335198513491098,1.0,0.25,1.0,GMM,5,777
Oracle-Fixed-Filter,9,-0.26837631682829577,0.7900509795946866,1.0,0.25,1.0,GMM,5,777
Oracle-Fixed-Filter,10,-0.26837631682829577,0.7900509795946866,1.0,0.25,1.0,GMM,5,777
Oracle-Fixed-Filter,11,-0.26837631682829577,0.7900509795946866,1.0,0.25,1.0,GMM,5,777
Oracle-Fixed-Filter,12,-0.26837631682829577,0.7900509795946866,1.0,0.25,1.0,GMM,5,777
Oracle-Fixed-Filter,13,-0.26837631682829577,0.7900509795946866,1.0,0.25,1.0,GMM,5,777
Oracle-Fixed-Filter,14,-0.26837631682829577,0.7900509795946866,1.0,0.25,1.0,GMM,5,777
Oracle-Fixed-Filter,15,-0.26837631682829577,0.7900509795946866,1.0,0.25,1.0,GMM,5,777
Oracle-Fixed-Filter,16,-0.26837631682829577,0.7900509795946866,1.0,0.25,1.0,GMM,5,777
Oracle-Fixed-Filter,17,-0.26837631682829577,0.7900509795946866,1.0,0.25,1.0,GMM,5,777
Oracle-Fixed-Filter,18,-0.28754639937718346,0.7693501232731063,1.0,0.25,1.0,GMM,5,777
Oracle-Fixed-Filter,19,-0.28754639937718346,0.7693501232731063,1.0,0.25,1.0,GMM,5,777
Oracle-Fixed-Filter,20,-0.28754639937718346,0.7693501232731063,1.0,0.25,1.0,GMM,5,777
Matching-Soft-Rerank,0,-0.0739524732101836,1.0,0.0,1.0,,GMM,5,777
Matching-Soft-Rerank,1,-0.0739524732101836,1.0,0.0,1.0,,GMM,5,777
Matching-Soft-Rerank,2,-0.14460082949335437,0.9237102151728293,0.0,1.0,,GMM,5,777
Matching-Soft-Rerank,3,-0.14460082949335437,0.9237102151728293,0.0,1.0,,GMM,5,777
Matching-Soft-Rerank,4,-0.14460082949335437,0.9237102151728293,0.0,1.0,,GMM,5,777
Matching-Soft-Rerank,5,-0.14460082949335437,0.9237102151728293,0.0,1.0,,GMM,5,777
Matching-Soft-Rerank,6,-0.14460082949335437,0.9237102151728293,0.0,1.0,,GMM,5,777
Matching-Soft-Rerank,7,-0.14460082949335437,0.9237102151728293,0.0,1.0,,GMM,5,777
Matching-Soft-Rerank,8,-0.14460082949335437,0.9237102151728293,0.0,1.0,,GMM,5,777
Matching-Soft-Rerank,9,-0.14460082949335437,0.9237102151728293,0.0,1.0,,GMM,5,777
Matching-Soft-Rerank,10,-0.14460082949335437,0.9237102151728293,0.0,1.0,,GMM,5,777
Matching-Soft-Rerank,11,-0.14460082949335437,0.9237102151728293,0.0,1.0,,GMM,5,777
Matching-Soft-Rerank,12,-0.14460082949335437,0.9237102151728293,0.0,1.0,,GMM,5,777
Matching-Soft-Rerank,13,-0.1994874330855313,0.864440794081728,0.0,1.0,,GMM,5,777
Matching-Soft-Rerank,14,-0.1997928922940046,0.8641109432753695,0.0,1.0,,GMM,5,777
Matching-Soft-Rerank,15,-0.1997928922940046,0.8641109432753695,0.0,1.0,,GMM,5,777
Matching-Soft-Rerank,16,-0.1997928922940046,0.8641109432753695,0.0,1.0,,GMM,5,777
Matching-Soft-Rerank,17,-0.1997928922940046,0.8641109432753695,0.0,1.0,,GMM,5,777
Matching-Soft-Rerank,18,-0.6183236607473614,0.4121595611246286,0.0,1.0,,GMM,5,777
Matching-Soft-Rerank,19,-0.6183236607473614,0.4121595611246286,0.0,1.0,,GMM,5,777
Matching-Soft-Rerank,20,-0.6183236607473614,0.4121595611246286,0.0,1.0,,GMM,5,777
Target-Only,0,-0.0028049590188835498,1.0,0.0,1.0,0.0,GMM,5,999
Target-Only,1,-0.0028049590188835498,1.0,0.0,1.0,0.0,GMM,5,999
Target-Only,2,-0.0028049590188835498,1.0,0.0,1.0,0.0,GMM,5,999
Target-Only,3,-0.0028049590188835498,1.0,0.0,1.0,0.0,GMM,5,999
Target-Only,4,-0.0028049590188835498,1.0,0.0,1.0,0.0,GMM,5,999
Target-Only,5,-0.0028049590188835498,1.0,0.0,1.0,0.0,GMM,5,999
Target-Only,6,-0.0028049590188835498,1.0,0.0,1.0,0.0,GMM,5,999
Target-Only,7,-0.0028049590188835498,1.0,0.0,1.0,0.0,GMM,5,999
Target-Only,8,-0.0028049590188835498,1.0,0.0,1.0,0.0,GMM,5,999
Target-Only,9,-0.0028049590188835498,1.0,0.0,1.0,0.0,GMM,5,999
Target-Only,10,-0.0028049590188835498,1.0,0.0,1.0,0.0,GMM,5,999
Target-Only,11,-0.0028049590188835498,1.0,0.0,1.0,0.0,GMM,5,999
Target-Only,12,-0.0028049590188835498,1.0,0.0,1.0,0.0,GMM,5,999
Target-Only,13,-0.0028049590188835498,1.0,0.0,1.0,0.0,GMM,5,999
Target-Only,14,-0.0028049590188835498,1.0,0.0,1.0,0.0,GMM,5,999
Target-Only,15,-0.0028049590188835498,1.0,0.0,1.0,0.0,GMM,5,999
Target-Only,16,-0.0028049590188835498,1.0,0.0,1.0,0.0,GMM,5,999
Target-Only,17,-0.0028049590188835498,1.0,0.0,1.0,0.0,GMM,5,999
Target-Only,18,-0.0028049590188835498,1.0,0.0,1.0,0.0,GMM,5,999
Target-Only,19,-0.0028049590188835498,1.0,0.0,1.0,0.0,GMM,5,999
Target-Only,20,-0.0028049590188835498,1.0,0.0,1.0,0.0,GMM,5,999
Matching-Fixed-Filter,0,-0.0028049590188835498,1.0,0.0,1.0,0.0,GMM,5,999
Matching-Fixed-Filter,1,-0.028837975042320534,0.9738938907725065,1.0,0.25,1.0,GMM,5,999
Matching-Fixed-Filter,2,-0.028837975042320534,0.9738938907725065,1.0,0.25,1.0,GMM,5,999
Matching-Fixed-Filter,3,-0.028837975042320534,0.9738938907725065,1.0,0.25,1.0,GMM,5,999
Matching-Fixed-Filter,4,-0.028837975042320534,0.9738938907725065,1.0,0.25,1.0,GMM,5,999
Matching-Fixed-Filter,5,-0.028837975042320534,0.9738938907725065,1.0,0.25,1.0,GMM,5,999
Matching-Fixed-Filter,6,-0.028837975042320534,0.9738938907725065,1.0,0.25,1.0,GMM,5,999
Matching-Fixed-Filter,7,-0.028837975042320534,0.9738938907725065,1.0,0.25,1.0,GMM,5,999
Matching-Fixed-Filter,8,-0.028837975042320534,0.9738938907725065,1.0,0.25,1.0,GMM,5,999
Matching-Fixed-Filter,9,-0.028837975042320534,0.9738938907725065,1.0,0.25,1.0,GMM,5,999
Matching-Fixed-Filter,10,-0.028837975042320534,0.9738938907725065,1.0,0.25,1.0,GMM,5,999
Matching-Fixed-Filter,11,-0.028837975042320534,0.9738938907725065,1.0,0.25,1.0,GMM,5,999
Matching-Fixed-Filter,12,-0.028837975042320534,0.9738938907725065,1.0,0.25,1.0,GMM,5,999
Matching-Fixed-Filter,13,-0.028837975042320534,0.9738938907725065,1.0,0.25,1.0,GMM,5,999
Matching-Fixed-Filter,14,-0.04789008844129971,0.9547882845315483,1.0,0.25,1.0,GMM,5,999
Matching-Fixed-Filter,15,-0.04789008844129971,0.9547882845315483,1.0,0.25,1.0,GMM,5,999
Matching-Fixed-Filter,16,-0.04789008844129971,0.9547882845315483,1.0,0.25,1.0,GMM,5,999
Matching-Fixed-Filter,17,-0.04789008844129971,0.9547882845315483,1.0,0.25,1.0,GMM,5,999
Matching-Fixed-Filter,18,-0.15223573861975098,0.850149661848719,1.0,0.25,1.0,GMM,5,999
Matching-Fixed-Filter,19,-0.15223573861975098,0.850149661848719,1.0,0.25,1.0,GMM,5,999
Matching-Fixed-Filter,20,-0.15223573861975098,0.850149661848719,1.0,0.25,1.0,GMM,5,999
Matching-Adaptive-Filter,0,-0.0028049590188835498,1.0,0.0,1.0,0.0,GMM,5,999
Matching-Adaptive-Filter,1,-0.0028049590188835498,1.0,1.0,0.74,0.355122377622354,GMM,5,999
Matching-Adaptive-Filter,2,-0.0028049590188835498,1.0,1.0,0.73,0.36819540753362,GMM,5,999
Matching-Adaptive-Filter,3,-0.0028049590188835498,1.0,1.0,0.71,0.39434269434267155,GMM,5,999
Matching-Adaptive-Filter,4,-0.0028049590188835498,1.0,1.0,0.7,0.40501735106996056,GMM,5,999
Matching-Adaptive-Filter,5,-0.0028049590188835498,1.0,1.0,0.7,0.40971046600456257,GMM,5,999
Matching-Adaptive-Filter,6,-0.0028049590188835498,1.0,1.0,0.69,0.42119227994225944,GMM,5,999
Matching-Adaptive-Filter,7,-0.0028049590188835498,1.0,1.0,0.68,0.4279810488788618,GMM,5,999
Matching-Adaptive-Filter,8,-0.0028049590188835498,1.0,1.0,0.68,0.431248123259142,GMM,5,999
Matching-Adaptive-Filter,9,-0.0028049590188835498,1.0,1.0,0.68,0.43842940685044096,GMM,5,999
Matching-Adaptive-Filter,10,-0.0028049590188835498,1.0,1.0,0.66,0.4555461380724354,GMM,5,999
Matching-Adaptive-Filter,11,-0.0028049590188835498,1.0,1.0,0.66,0.45873145488050543,GMM,5,999
Matching-Adaptive-Filter,12,-0.0028049590188835498,1.0,1.0,0.66,0.4612527317690189,GMM,5,999
Matching-Adaptive-Filter,13,-0.0028049590188835498,1.0,1.0,0.65,0.4766833709768319,GMM,5,999
Matching-Adaptive-Filter,14,-0.0028049590188835498,1.0,1.0,0.65,0.47593314979951795,GMM,5,999
Matching-Adaptive-Filter,15,-0.0028049590188835498,1.0,1.0,0.65,0.4759871794871635,GMM,5,999
Matching-Adaptive-Filter,16,-0.0028049590188835498,1.0,1.0,0.66,0.4637431170979408,GMM,5,999
Matching-Adaptive-Filter,17,-0.0028049590188835498,1.0,1.0,0.66,0.4656009928544567,GMM,5,999
Matching-Adaptive-Filter,18,-0.003271863384555686,0.9995317847014707,1.0,0.67,0.4441025609128921,GMM,5,999
Matching-Adaptive-Filter,19,-0.003271863384555686,0.9995317847014707,1.0,0.65,0.4720506964372559,GMM,5,999
Matching-Adaptive-Filter,20,-0.003271863384555686,0.9995317847014707,1.0,0.66,0.4604854997616267,GMM,5,999
Random-Adaptive-Filter,0,-0.0028049590188835498,1.0,0.0,1.0,0.0,GMM,5,999
Random-Adaptive-Filter,1,-0.0028049590188835498,1.0,1.0,0.84,0.21832167832166324,GMM,5,999
Random-Adaptive-Filter,2,-0.0028049590188835498,1.0,1.0,0.84,0.21422805136039053,GMM,5,999
Random-Adaptive-Filter,3,-0.0028049590188835498,1.0,1.0,0.88,0.1668294668294566,GMM,5,999
Random-Adaptive-Filter,4,-0.0028049590188835498,1.0,1.0,0.88,0.16413389242335671,GMM,5,999
Random-Adaptive-Filter,5,-0.0028049590188835498,1.0,1.0,0.89,0.14684950343773076,GMM,5,999
Random-Adaptive-Filter,6,-0.0028049590188835498,1.0,1.0,0.88,0.1705662719633222,GMM,5,999
Random-Adaptive-Filter,7,-0.0028049590188835498,1.0,1.0,0.88,0.17005347593582076,GMM,5,999
Random-Adaptive-Filter,8,-0.0028049590188835498,1.0,1.0,0.88,0.16760860361276875,GMM,5,999
Random-Adaptive-Filter,9,-0.0028049590188835498,1.0,1.0,0.88,0.16390977443608307,GMM,5,999
Random-Adaptive-Filter,10,-0.0028049590188835498,1.0,1.0,0.9,0.14126691729322716,GMM,5,999
Random-Adaptive-Filter,11,-0.0028049590188835498,1.0,1.0,0.9,0.13633459707993323,GMM,5,999
Random-Adaptive-Filter,12,-0.0028049590188835498,1.0,1.0,0.88,0.16867405943492253,GMM,5,999
Random-Adaptive-Filter,13,-0.0028049590188835498,1.0,1.0,0.88,0.16232001693957612,GMM,5,999
Random-Adaptive-Filter,14,-0.0028049590188835498,1.0,1.0,0.88,0.17236863115387394,GMM,5,999
Random-Adaptive-Filter,15,-0.0028049590188835498,1.0,1.0,0.88,0.1661068376068319,GMM,5,999
Random-Adaptive-Filter,16,-0.0028049590188835498,1.0,1.0,0.88,0.16807865611090866,GMM,5,999
Random-Adaptive-Filter,17,-0.0028049590188835498,1.0,1.0,0.86,0.18893511039608443,GMM,5,999
Random-Adaptive-Filter,18,-0.0028049590188835498,1.0,1.0,0.85,0.2024127771972537,GMM,5,999
Random-Adaptive-Filter,19,-0.0028049590188835498,1.0,1.0,0.83,0.22675397188908258,GMM,5,999
Random-Adaptive-Filter,20,-0.024144571734181428,0.9786004718040955,1.0,0.82,0.2505003121381962,GMM,5,999
Wrong-Adaptive-Filter,0,-0.0028049590188835498,1.0,0.0,1.0,0.0,GMM,5,999
Wrong-Adaptive-Filter,1,-0.0028049590188835498,1.0,1.0,0.8,0.2751398601398415,GMM,5,999
Wrong-Adaptive-Filter,2,-0.0028049590188835498,1.0,1.0,0.82,0.25273672406023745,GMM,5,999
Wrong-Adaptive-Filter,3,-0.0028049590188835498,1.0,1.0,0.83,0.2331705331705193,GMM,5,999
Wrong-Adaptive-Filter,4,-0.0028049590188835498,1.0,1.0,0.83,0.22719780219778954,GMM,5,999
Wrong-Adaptive-Filter,5,-0.0028049590188835498,1.0,1.0,0.83,0.2274751718869246,GMM,5,999
Wrong-Adaptive-Filter,6,-0.0028049590188835498,1.0,1.0,0.84,0.21391201935318516,GMM,5,999
Wrong-Adaptive-Filter,7,-0.0028049590188835498,1.0,1.0,0.83,0.23605403884040546,GMM,5,999
Wrong-Adaptive-Filter,8,-0.0028049590188835498,1.0,1.0,0.83,0.22824689108171722,GMM,5,999
Wrong-Adaptive-Filter,9,-0.0028049590188835498,1.0,1.0,0.82,0.24644945697576226,GMM,5,999
Wrong-Adaptive-Filter,10,-0.0028049590188835498,1.0,1.0,0.84,0.21346172248802953,GMM,5,999
Wrong-Adaptive-Filter,11,-0.0028049590188835498,1.0,1.0,0.84,0.21993298626838137,GMM,5,999
Wrong-Adaptive-Filter,12,-0.0028049590188835498,1.0,1.0,0.82,0.24834237823367325,GMM,5,999
Wrong-Adaptive-Filter,13,-0.0028049590188835498,1.0,1.0,0.83,0.23735883681534986,GMM,5,999
Wrong-Adaptive-Filter,14,-0.0028049590188835498,1.0,1.0,0.81,0.2584692318716117,GMM,5,999
Wrong-Adaptive-Filter,15,-0.0028049590188835498,1.0,1.0,0.81,0.26054700854699975,GMM,5,999
Wrong-Adaptive-Filter,16,-0.0028049590188835498,1.0,1.0,0.81,0.2588955453148917,GMM,5,999
Wrong-Adaptive-Filter,17,-0.0028049590188835498,1.0,1.0,0.82,0.2531549671900469,GMM,5,999
Wrong-Adaptive-Filter,18,-0.0028049590188835498,1.0,1.0,0.79,0.2801347837985681,GMM,5,999
Wrong-Adaptive-Filter,19,-0.0028049590188835498,1.0,1.0,0.78,0.2957080644641899,GMM,5,999
Wrong-Adaptive-Filter,20,-0.0028049590188835498,1.0,1.0,0.78,0.2988093970624871,GMM,5,999
Oracle-Fixed-Filter,0,-0.0028049590188835498,1.0,0.0,1.0,0.0,GMM,5,999
Oracle-Fixed-Filter,1,-0.0028049590188835498,1.0,0.0,1.0,0.0,GMM,5,999
Oracle-Fixed-Filter,2,-0.0028049590188835498,1.0,0.0,1.0,0.0,GMM,5,999
Oracle-Fixed-Filter,3,-0.0028049590188835498,1.0,0.0,1.0,0.0,GMM,5,999
Oracle-Fixed-Filter,4,-0.0028049590188835498,1.0,0.0,1.0,0.0,GMM,5,999
Oracle-Fixed-Filter,5,-0.0028049590188835498,1.0,0.0,1.0,0.0,GMM,5,999
Oracle-Fixed-Filter,6,-0.0028049590188835498,1.0,0.0,1.0,0.0,GMM,5,999
Oracle-Fixed-Filter,7,-0.0028049590188835498,1.0,0.0,1.0,0.0,GMM,5,999
Oracle-Fixed-Filter,8,-0.0028049590188835498,1.0,0.0,1.0,0.0,GMM,5,999
Oracle-Fixed-Filter,9,-0.0028049590188835498,1.0,0.0,1.0,0.0,GMM,5,999
Oracle-Fixed-Filter,10,-0.0028049590188835498,1.0,0.0,1.0,0.0,GMM,5,999
Oracle-Fixed-Filter,11,-0.0028049590188835498,1.0,0.0,1.0,0.0,GMM,5,999
Oracle-Fixed-Filter,12,-0.0028049590188835498,1.0,0.0,1.0,0.0,GMM,5,999
Oracle-Fixed-Filter,13,-0.0028049590188835498,1.0,0.0,1.0,0.0,GMM,5,999
Oracle-Fixed-Filter,14,-0.0028049590188835498,1.0,0.0,1.0,0.0,GMM,5,999
Oracle-Fixed-Filter,15,-0.0028049590188835498,1.0,0.0,1.0,0.0,GMM,5,999
Oracle-Fixed-Filter,16,-0.0028049590188835498,1.0,0.0,1.0,0.0,GMM,5,999
Oracle-Fixed-Filter,17,-0.0028049590188835498,1.0,0.0,1.0,0.0,GMM,5,999
Oracle-Fixed-Filter,18,-0.0028049590188835498,1.0,0.0,1.0,0.0,GMM,5,999
Oracle-Fixed-Filter,19,-0.0028049590188835498,1.0,0.0,1.0,0.0,GMM,5,999
Oracle-Fixed-Filter,20,-0.0028049590188835498,1.0,0.0,1.0,0.0,GMM,5,999
Matching-Soft-Rerank,0,-0.0028049590188835498,1.0,0.0,1.0,,GMM,5,999
Matching-Soft-Rerank,1,-0.033236092629314734,0.969483424539241,0.0,1.0,,GMM,5,999
Matching-Soft-Rerank,2,-0.039665771505440546,0.9630356929784132,0.0,1.0,,GMM,5,999
Matching-Soft-Rerank,3,-0.11061782653803116,0.8918844250297296,0.0,1.0,,GMM,5,999
Matching-Soft-Rerank,4,-0.11061782653803116,0.8918844250297296,0.0,1.0,,GMM,5,999
Matching-Soft-Rerank,5,-0.11061782653803116,0.8918844250297296,0.0,1.0,,GMM,5,999
Matching-Soft-Rerank,6,-0.11061782653803116,0.8918844250297296,0.0,1.0,,GMM,5,999
Matching-Soft-Rerank,7,-0.2874708453343477,0.7145348539407687,0.0,1.0,,GMM,5,999
Matching-Soft-Rerank,8,-0.2874708453343477,0.7145348539407687,0.0,1.0,,GMM,5,999
Matching-Soft-Rerank,9,-0.2874708453343477,0.7145348539407687,0.0,1.0,,GMM,5,999
Matching-Soft-Rerank,10,-0.2874708453343477,0.7145348539407687,0.0,1.0,,GMM,5,999
Matching-Soft-Rerank,11,-0.2874708453343477,0.7145348539407687,0.0,1.0,,GMM,5,999
Matching-Soft-Rerank,12,-0.2874708453343477,0.7145348539407687,0.0,1.0,,GMM,5,999
Matching-Soft-Rerank,13,-0.2874708453343477,0.7145348539407687,0.0,1.0,,GMM,5,999
Matching-Soft-Rerank,14,-0.2874708453343477,0.7145348539407687,0.0,1.0,,GMM,5,999
Matching-Soft-Rerank,15,-0.2874708453343477,0.7145348539407687,0.0,1.0,,GMM,5,999
Matching-Soft-Rerank,16,-0.2874708453343477,0.7145348539407687,0.0,1.0,,GMM,5,999
Matching-Soft-Rerank,17,-0.2874708453343477,0.7145348539407687,0.0,1.0,,GMM,5,999
Matching-Soft-Rerank,18,-0.2874708453343477,0.7145348539407687,0.0,1.0,,GMM,5,999
Matching-Soft-Rerank,19,-0.2874708453343477,0.7145348539407687,0.0,1.0,,GMM,5,999
Matching-Soft-Rerank,20,-0.4266023233367189,0.5750127348577347,0.0,1.0,,GMM,5,999
Target-Only,0,-1.727547103760686e-05,1.0,0.0,1.0,0.0,GMM,5,1234
Target-Only,1,-1.727547103760686e-05,1.0,0.0,1.0,0.0,GMM,5,1234
Target-Only,2,-0.00011457694159820279,0.9999026973455586,0.0,1.0,0.0,GMM,5,1234
Target-Only,3,-0.00011457694159820279,0.9999026973455586,0.0,1.0,0.0,GMM,5,1234
Target-Only,4,-0.00011457694159820279,0.9999026973455586,0.0,1.0,0.0,GMM,5,1234
Target-Only,5,-0.00011457694159820279,0.9999026973455586,0.0,1.0,0.0,GMM,5,1234
Target-Only,6,-0.00011457694159820279,0.9999026973455586,0.0,1.0,0.0,GMM,5,1234
Target-Only,7,-0.01353210185866599,0.9864850091755643,0.0,1.0,0.0,GMM,5,1234
Target-Only,8,-0.01353210185866599,0.9864850091755643,0.0,1.0,0.0,GMM,5,1234
Target-Only,9,-0.01353210185866599,0.9864850091755643,0.0,1.0,0.0,GMM,5,1234
Target-Only,10,-0.01353210185866599,0.9864850091755643,0.0,1.0,0.0,GMM,5,1234
Target-Only,11,-0.2296217911470285,0.7703926906933388,0.0,1.0,0.0,GMM,5,1234
Target-Only,12,-0.2296217911470285,0.7703926906933388,0.0,1.0,0.0,GMM,5,1234
Target-Only,13,-0.2296217911470285,0.7703926906933388,0.0,1.0,0.0,GMM,5,1234
Target-Only,14,-0.2296217911470285,0.7703926906933388,0.0,1.0,0.0,GMM,5,1234
Target-Only,15,-0.2296217911470285,0.7703926906933388,0.0,1.0,0.0,GMM,5,1234
Target-Only,16,-0.2296217911470285,0.7703926906933388,0.0,1.0,0.0,GMM,5,1234
Target-Only,17,-0.2296217911470285,0.7703926906933388,0.0,1.0,0.0,GMM,5,1234
Target-Only,18,-0.2296217911470285,0.7703926906933388,0.0,1.0,0.0,GMM,5,1234
Target-Only,19,-0.2296217911470285,0.7703926906933388,0.0,1.0,0.0,GMM,5,1234
Target-Only,20,-0.2296217911470285,0.7703926906933388,0.0,1.0,0.0,GMM,5,1234
Matching-Fixed-Filter,0,-1.727547103760686e-05,1.0,0.0,1.0,0.0,GMM,5,1234
Matching-Fixed-Filter,1,-2.1500218242921528e-05,0.9999957752013916,1.0,0.25,1.0,GMM,5,1234
Matching-Fixed-Filter,2,-0.00011457694159820279,0.9999026973455586,1.0,0.25,1.0,GMM,5,1234
Matching-Fixed-Filter,3,-0.00011457694159820279,0.9999026973455586,1.0,0.25,1.0,GMM,5,1234
Matching-Fixed-Filter,4,-0.00011457694159820279,0.9999026973455586,1.0,0.25,1.0,GMM,5,1234
Matching-Fixed-Filter,5,-0.00011457694159820279,0.9999026973455586,1.0,0.25,1.0,GMM,5,1234
Matching-Fixed-Filter,6,-0.0007803944830327376,0.9992368717030278,1.0,0.25,1.0,GMM,5,1234
Matching-Fixed-Filter,7,-0.01353210185866599,0.9864850091755643,1.0,0.25,1.0,GMM,5,1234
Matching-Fixed-Filter,8,-0.01353210185866599,0.9864850091755643,1.0,0.25,1.0,GMM,5,1234
Matching-Fixed-Filter,9,-0.01353210185866599,0.9864850091755643,1.0,0.25,1.0,GMM,5,1234
Matching-Fixed-Filter,10,-0.01353210185866599,0.9864850091755643,1.0,0.25,1.0,GMM,5,1234
Matching-Fixed-Filter,11,-0.01353210185866599,0.9864850091755643,1.0,0.25,1.0,GMM,5,1234
Matching-Fixed-Filter,12,-0.01353210185866599,0.9864850091755643,1.0,0.25,1.0,GMM,5,1234
Matching-Fixed-Filter,13,-0.01353210185866599,0.9864850091755643,1.0,0.25,1.0,GMM,5,1234
Matching-Fixed-Filter,14,-0.11090488017902297,0.8891110461068187,1.0,0.25,1.0,GMM,5,1234
Matching-Fixed-Filter,15,-0.11090488017902297,0.8891110461068187,1.0,0.25,1.0,GMM,5,1234
Matching-Fixed-Filter,16,-0.11090488017902297,0.8891110461068187,1.0,0.25,1.0,GMM,5,1234
Matching-Fixed-Filter,17,-0.11090488017902297,0.8891110461068187,1.0,0.25,1.0,GMM,5,1234
Matching-Fixed-Filter,18,-0.11518135161426042,0.8848345226391474,1.0,0.25,1.0,GMM,5,1234
Matching-Fixed-Filter,19,-0.11518135161426042,0.8848345226391474,1.0,0.25,1.0,GMM,5,1234
Matching-Fixed-Filter,20,-0.28600981421824717,0.7140039815410549,1.0,0.25,1.0,GMM,5,1234
Matching-Adaptive-Filter,0,-1.727547103760686e-05,1.0,0.0,1.0,0.0,GMM,5,1234
Matching-Adaptive-Filter,1,-1.727547103760686e-05,1.0,1.0,0.83,0.23121503496501908,GMM,5,1234
Matching-Adaptive-Filter,2,-0.00011457694159820279,0.9999026973455586,1.0,0.81,0.2665874566609693,GMM,5,1234
Matching-Adaptive-Filter,3,-0.00011457694159820279,0.9999026973455586,1.0,0.77,0.31172161172159346,GMM,5,1234
Matching-Adaptive-Filter,4,-0.00011457694159820279,0.9999026973455586,1.0,0.75,0.33678426836319725,GMM,5,1234
Matching-Adaptive-Filter,5,-0.00011457694159820279,0.9999026973455586,1.0,0.72,0.37496715049654294,GMM,5,1234
Matching-Adaptive-Filter,6,-0.00011457694159820279,0.9999026973455586,1.0,0.73,0.3684325396825217,GMM,5,1234
Matching-Adaptive-Filter,7,-0.01353210185866599,0.9864850091755643,1.0,0.73,0.3666596303593037,GMM,5,1234
Matching-Adaptive-Filter,8,-0.01353210185866599,0.9864850091755643,1.0,0.7,0.40395441518740305,GMM,5,1234
Matching-Adaptive-Filter,9,-0.01353210185866599,0.9864850091755643,1.0,0.69,0.41988304093565465,GMM,5,1234
Matching-Adaptive-Filter,10,-0.01353210185866599,0.9864850091755643,1.0,0.68,0.4323643198906182,GMM,5,1234
Matching-Adaptive-Filter,11,-0.01353210185866599,0.9864850091755643,1.0,0.69,0.4244564131520489,GMM,5,1234
Matching-Adaptive-Filter,12,-0.01353210185866599,0.9864850091755643,1.0,0.69,0.42218843455254923,GMM,5,1234
Matching-Adaptive-Filter,13,-0.01353210185866599,0.9864850091755643,1.0,0.69,0.4196569734613061,GMM,5,1234
Matching-Adaptive-Filter,14,-0.01353210185866599,0.9864850091755643,1.0,0.69,0.42452741177486697,GMM,5,1234
Matching-Adaptive-Filter,15,-0.01353210185866599,0.9864850091755643,1.0,0.68,0.42805413105411666,GMM,5,1234
Matching-Adaptive-Filter,16,-0.01353210185866599,0.9864850091755643,1.0,0.68,0.4323761865374628,GMM,5,1234
Matching-Adaptive-Filter,17,-0.01353210185866599,0.9864850091755643,1.0,0.68,0.42948460034060615,GMM,5,1234
Matching-Adaptive-Filter,18,-0.01353210185866599,0.9864850091755643,1.0,0.68,0.42680105654242273,GMM,5,1234
Matching-Adaptive-Filter,19,-0.01353210185866599,0.9864850091755643,1.0,0.68,0.4275944118841329,GMM,5,1234
Matching-Adaptive-Filter,20,-0.14054018877567317,0.8594753769331703,1.0,0.69,0.42383869265168705,GMM,5,1234
Random-Adaptive-Filter,0,-1.727547103760686e-05,1.0,0.0,1.0,0.0,GMM,5,1234
Random-Adaptive-Filter,1,-1.727547103760686e-05,1.0,1.0,0.91,0.12129370629369723,GMM,5,1234
Random-Adaptive-Filter,2,-0.00011457694159820279,0.9999026973455586,1.0,0.93,0.09523430001370503,GMM,5,1234
Random-Adaptive-Filter,3,-0.00011457694159820279,0.9999026973455586,1.0,0.89,0.14810744810743895,GMM,5,1234
Random-Adaptive-Filter,4,-0.00011457694159820279,0.9999026973455586,1.0,0.89,0.15896471949102617,GMM,5,1234
Random-Adaptive-Filter,5,-0.00011457694159820279,0.9999026973455586,1.0,0.88,0.16275859434682088,GMM,5,1234
Random-Adaptive-Filter,6,-0.00011457694159820279,0.9999026973455586,1.0,0.87,0.17946301247770935,GMM,5,1234
Random-Adaptive-Filter,7,-0.01353210185866599,0.9864850091755643,1.0,0.82,0.24089736373016968,GMM,5,1234
Random-Adaptive-Filter,8,-0.01353210185866599,0.9864850091755643,1.0,0.85,0.21157582378136006,GMM,5,1234
Random-Adaptive-Filter,9,-0.01353210185866599,0.9864850091755643,1.0,0.91,0.13166248955722065,GMM,5,1234
Random-Adaptive-Filter,10,-0.01353210185866599,0.9864850091755643,1.0,0.9,0.13607860560491566,GMM,5,1234
Random-Adaptive-Filter,11,-0.01353210185866599,0.9864850091755643,1.0,0.91,0.12102071841201789,GMM,5,1234
Random-Adaptive-Filter,12,-0.01353210185866599,0.9864850091755643,1.0,0.91,0.12327702490745493,GMM,5,1234
Random-Adaptive-Filter,13,-0.01353210185866599,0.9864850091755643,1.0,0.9,0.14042560700168877,GMM,5,1234
Random-Adaptive-Filter,14,-0.01353210185866599,0.9864850091755643,1.0,0.91,0.1293183307950051,GMM,5,1234
Random-Adaptive-Filter,15,-0.01353210185866599,0.9864850091755643,1.0,0.91,0.12473931623931192,GMM,5,1234
Random-Adaptive-Filter,16,-0.01353210185866599,0.9864850091755643,1.0,0.9,0.13829705778092416,GMM,5,1234
Random-Adaptive-Filter,17,-0.01353210185866599,0.9864850091755643,1.0,0.93,0.10343880257673027,GMM,5,1234
Random-Adaptive-Filter,18,-0.01353210185866599,0.9864850091755643,1.0,0.92,0.1092396667827668,GMM,5,1234
Random-Adaptive-Filter,19,-0.01353210185866599,0.9864850091755643,1.0,0.93,0.10181434086426254,GMM,5,1234
Random-Adaptive-Filter,20,-0.01353210185866599,0.9864850091755643,1.0,0.95,0.07942674400126891,GMM,5,1234
Wrong-Adaptive-Filter,0,-1.727547103760686e-05,1.0,0.0,1.0,0.0,GMM,5,1234
Wrong-Adaptive-Filter,1,-1.727547103760686e-05,1.0,1.0,0.87,0.18619755244753933,GMM,5,1234
Wrong-Adaptive-Filter,2,-0.00011457694159820279,0.9999026973455586,1.0,0.84,0.22080664433604202,GMM,5,1234
Wrong-Adaptive-Filter,3,-0.00011457694159820279,0.9999026973455586,1.0,0.8,0.27332790666122386,GMM,5,1234
Wrong-Adaptive-Filter,4,-0.00011457694159820279,0.9999026973455586,1.0,0.75,0.3409196067090618,GMM,5,1234
Wrong-Adaptive-Filter,5,-0.00011457694159820279,0.9999026973455586,1.0,0.76,0.3274858670740854,GMM,5,1234
Wrong-Adaptive-Filter,6,-0.00011457694159820279,0.9999026973455586,1.0,0.77,0.3112071874204075,GMM,5,1234
Wrong-Adaptive-Filter,7,-0.01353210185866599,0.9864850091755643,1.0,0.78,0.2988530819026035,GMM,5,1234
Wrong-Adaptive-Filter,8,-0.01353210185866599,0.9864850091755643,1.0,0.76,0.3309747950109898,GMM,5,1234
Wrong-Adaptive-Filter,9,-0.01353210185866599,0.9864850091755643,1.0,0.76,0.32982456140349475,GMM,5,1234
Wrong-Adaptive-Filter,10,-0.01353210185866599,0.9864850091755643,1.0,0.73,0.36215652768282874,GMM,5,1234
Wrong-Adaptive-Filter,11,-0.2296217911470285,0.7703926906933388,1.0,0.7,0.4039998510805808,GMM,5,1234
Wrong-Adaptive-Filter,12,-0.2296217911470285,0.7703926906933388,1.0,0.68,0.4332831419787779,GMM,5,1234
Wrong-Adaptive-Filter,13,-0.2296217911470285,0.7703926906933388,1.0,0.67,0.4517221908526093,GMM,5,1234
Wrong-Adaptive-Filter,14,-0.2296217911470285,0.7703926906933388,1.0,0.69,0.4211971827999881,GMM,5,1234
Wrong-Adaptive-Filter,15,-0.2296217911470285,0.7703926906933388,1.0,0.66,0.4614145299145145,GMM,5,1234
Wrong-Adaptive-Filter,16,-0.2296217911470285,0.7703926906933388,1.0,0.65,0.466687305526,GMM,5,1234
Wrong-Adaptive-Filter,17,-0.2296217911470285,0.7703926906933388,1.0,0.66,0.45973903591869475,GMM,5,1234
Wrong-Adaptive-Filter,18,-0.2296217911470285,0.7703926906933388,1.0,0.66,0.46462801247282576,GMM,5,1234
Wrong-Adaptive-Filter,19,-0.2296217911470285,0.7703926906933388,1.0,0.66,0.4633041796622108,GMM,5,1234
Wrong-Adaptive-Filter,20,-0.2296217911470285,0.7703926906933388,1.0,0.65,0.47143332727973036,GMM,5,1234
Oracle-Fixed-Filter,0,-1.727547103760686e-05,1.0,0.0,1.0,0.0,GMM,5,1234
Oracle-Fixed-Filter,1,-1.727547103760686e-05,1.0,0.0,1.0,0.0,GMM,5,1234
Oracle-Fixed-Filter,2,-0.00011457694159820279,0.9999026973455586,0.0,1.0,0.0,GMM,5,1234
Oracle-Fixed-Filter,3,-0.00011457694159820279,0.9999026973455586,1.0,0.25,1.0,GMM,5,1234
Oracle-Fixed-Filter,4,-0.00011457694159820279,0.9999026973455586,1.0,0.25,1.0,GMM,5,1234
Oracle-Fixed-Filter,5,-0.00011457694159820279,0.9999026973455586,1.0,0.25,1.0,GMM,5,1234
Oracle-Fixed-Filter,6,-0.0007803944830327376,0.9992368717030278,1.0,0.25,1.0,GMM,5,1234
Oracle-Fixed-Filter,7,-0.0007803944830327376,0.9992368717030278,1.0,0.25,1.0,GMM,5,1234
Oracle-Fixed-Filter,8,-0.002256444561927879,0.9977608036648221,1.0,0.25,1.0,GMM,5,1234
Oracle-Fixed-Filter,9,-0.002256444561927879,0.9977608036648221,0.0,1.0,1.0,GMM,5,1234
Oracle-Fixed-Filter,10,-0.002256444561927879,0.9977608036648221,1.0,0.25,1.0,GMM,5,1234
Oracle-Fixed-Filter,11,-0.002256444561927879,0.9977608036648221,0.0,1.0,1.0,GMM,5,1234
Oracle-Fixed-Filter,12,-0.002256444561927879,0.9977608036648221,1.0,0.25,1.0,GMM,5,1234
Oracle-Fixed-Filter,13,-0.002256444561927879,0.9977608036648221,1.0,0.25,1.0,GMM,5,1234
Oracle-Fixed-Filter,14,-0.002256444561927879,0.9977608036648221,0.0,1.0,1.0,GMM,5,1234
Oracle-Fixed-Filter,15,-0.002256444561927879,0.9977608036648221,1.0,0.25,1.0,GMM,5,1234
Oracle-Fixed-Filter,16,-0.002256444561927879,0.9977608036648221,1.0,0.25,1.0,GMM,5,1234
Oracle-Fixed-Filter,17,-0.002256444561927879,0.9977608036648221,0.0,1.0,1.0,GMM,5,1234
Oracle-Fixed-Filter,18,-0.002256444561927879,0.9977608036648221,1.0,0.25,1.0,GMM,5,1234
Oracle-Fixed-Filter,19,-0.002256444561927879,0.9977608036648221,0.0,1.0,1.0,GMM,5,1234
Oracle-Fixed-Filter,20,-0.002256444561927879,0.9977608036648221,1.0,0.25,1.0,GMM,5,1234
Matching-Soft-Rerank,0,-1.727547103760686e-05,1.0,0.0,1.0,,GMM,5,1234
Matching-Soft-Rerank,1,-0.007669889953690991,0.992347292406902,0.0,1.0,,GMM,5,1234
Matching-Soft-Rerank,2,-0.060997552687781675,0.9390189808275838,0.0,1.0,,GMM,5,1234
Matching-Soft-Rerank,3,-0.060997552687781675,0.9390189808275838,0.0,1.0,,GMM,5,1234
Matching-Soft-Rerank,4,-0.060997552687781675,0.9390189808275838,0.0,1.0,,GMM,5,1234
Matching-Soft-Rerank,5,-0.060997552687781675,0.9390189808275838,0.0,1.0,,GMM,5,1234
Matching-Soft-Rerank,6,-0.060997552687781675,0.9390189808275838,0.0,1.0,,GMM,5,1234
Matching-Soft-Rerank,7,-0.060997552687781675,0.9390189808275838,0.0,1.0,,GMM,5,1234
Matching-Soft-Rerank,8,-0.060997552687781675,0.9390189808275838,0.0,1.0,,GMM,5,1234
Matching-Soft-Rerank,9,-0.060997552687781675,0.9390189808275838,0.0,1.0,,GMM,5,1234
Matching-Soft-Rerank,10,-0.060997552687781675,0.9390189808275838,0.0,1.0,,GMM,5,1234
Matching-Soft-Rerank,11,-0.060997552687781675,0.9390189808275838,0.0,1.0,,GMM,5,1234
Matching-Soft-Rerank,12,-0.060997552687781675,0.9390189808275838,0.0,1.0,,GMM,5,1234
Matching-Soft-Rerank,13,-0.060997552687781675,0.9390189808275838,0.0,1.0,,GMM,5,1234
Matching-Soft-Rerank,14,-0.060997552687781675,0.9390189808275838,0.0,1.0,,GMM,5,1234
Matching-Soft-Rerank,15,-0.14012401782262954,0.859891552949825,0.0,1.0,,GMM,5,1234
Matching-Soft-Rerank,16,-0.30174991362255843,0.6982636906247244,0.0,1.0,,GMM,5,1234
Matching-Soft-Rerank,17,-0.30174991362255843,0.6982636906247244,0.0,1.0,,GMM,5,1234
Matching-Soft-Rerank,18,-0.30174991362255843,0.6982636906247244,0.0,1.0,,GMM,5,1234
Matching-Soft-Rerank,19,-0.30174991362255843,0.6982636906247244,0.0,1.0,,GMM,5,1234
Matching-Soft-Rerank,20,-0.30174991362255843,0.6982636906247244,0.0,1.0,,GMM,5,1234
Target-Only,0,-0.061866127726089036,1.0,0.0,1.0,0.0,GMM,5,5678
Target-Only,1,-0.061866127726089036,1.0,0.0,1.0,0.0,GMM,5,5678
Target-Only,2,-0.061866127726089036,1.0,0.0,1.0,0.0,GMM,5,5678
Target-Only,3,-0.061866127726089036,1.0,0.0,1.0,0.0,GMM,5,5678
Target-Only,4,-0.061866127726089036,1.0,0.0,1.0,0.0,GMM,5,5678
Target-Only,5,-0.061866127726089036,1.0,0.0,1.0,0.0,GMM,5,5678
Target-Only,6,-0.061866127726089036,1.0,0.0,1.0,0.0,GMM,5,5678
Target-Only,7,-0.10382121803609459,0.9552783850038877,0.0,1.0,0.0,GMM,5,5678
Target-Only,8,-0.10382121803609459,0.9552783850038877,0.0,1.0,0.0,GMM,5,5678
Target-Only,9,-0.10382121803609459,0.9552783850038877,0.0,1.0,0.0,GMM,5,5678
Target-Only,10,-0.10382121803609459,0.9552783850038877,0.0,1.0,0.0,GMM,5,5678
Target-Only,11,-0.10382121803609459,0.9552783850038877,0.0,1.0,0.0,GMM,5,5678
Target-Only,12,-0.10382121803609459,0.9552783850038877,0.0,1.0,0.0,GMM,5,5678
Target-Only,13,-0.11400819200413065,0.9444196805080167,0.0,1.0,0.0,GMM,5,5678
Target-Only,14,-0.11400819200413065,0.9444196805080167,0.0,1.0,0.0,GMM,5,5678
Target-Only,15,-0.11400819200413065,0.9444196805080167,0.0,1.0,0.0,GMM,5,5678
Target-Only,16,-0.11400819200413065,0.9444196805080167,0.0,1.0,0.0,GMM,5,5678
Target-Only,17,-0.11847328685000498,0.9396601566661459,0.0,1.0,0.0,GMM,5,5678
Target-Only,18,-0.11847328685000498,0.9396601566661459,0.0,1.0,0.0,GMM,5,5678
Target-Only,19,-0.11847328685000498,0.9396601566661459,0.0,1.0,0.0,GMM,5,5678
Target-Only,20,-0.15187728771805206,0.9040534911790181,0.0,1.0,0.0,GMM,5,5678
Matching-Fixed-Filter,0,-0.061866127726089036,1.0,0.0,1.0,0.0,GMM,5,5678
Matching-Fixed-Filter,1,-0.061866127726089036,1.0,1.0,0.25,1.0,GMM,5,5678
Matching-Fixed-Filter,2,-0.061866127726089036,1.0,1.0,0.25,1.0,GMM,5,5678
Matching-Fixed-Filter,3,-0.061866127726089036,1.0,1.0,0.25,1.0,GMM,5,5678
Matching-Fixed-Filter,4,-0.061866127726089036,1.0,1.0,0.25,1.0,GMM,5,5678
Matching-Fixed-Filter,5,-0.061866127726089036,1.0,1.0,0.25,1.0,GMM,5,5678
Matching-Fixed-Filter,6,-0.061866127726089036,1.0,1.0,0.25,1.0,GMM,5,5678
Matching-Fixed-Filter,7,-0.061866127726089036,1.0,1.0,0.25,1.0,GMM,5,5678
Matching-Fixed-Filter,8,-0.061866127726089036,1.0,1.0,0.25,1.0,GMM,5,5678
Matching-Fixed-Filter,9,-0.061866127726089036,1.0,1.0,0.25,1.0,GMM,5,5678
Matching-Fixed-Filter,10,-0.061866127726089036,1.0,1.0,0.25,1.0,GMM,5,5678
Matching-Fixed-Filter,11,-0.061866127726089036,1.0,1.0,0.25,1.0,GMM,5,5678
Matching-Fixed-Filter,12,-0.061866127726089036,1.0,1.0,0.25,1.0,GMM,5,5678
Matching-Fixed-Filter,13,-0.1473450995030031,0.9088845325364717,1.0,0.25,1.0,GMM,5,5678
Matching-Fixed-Filter,14,-0.1473450995030031,0.9088845325364717,1.0,0.25,1.0,GMM,5,5678
Matching-Fixed-Filter,15,-0.1473450995030031,0.9088845325364717,1.0,0.25,1.0,GMM,5,5678
Matching-Fixed-Filter,16,-0.1473450995030031,0.9088845325364717,1.0,0.25,1.0,GMM,5,5678
Matching-Fixed-Filter,17,-0.1473450995030031,0.9088845325364717,1.0,0.25,1.0,GMM,5,5678
Matching-Fixed-Filter,18,-0.1473450995030031,0.9088845325364717,1.0,0.25,1.0,GMM,5,5678
Matching-Fixed-Filter,19,-0.1473450995030031,0.9088845325364717,1.0,0.25,1.0,GMM,5,5678
Matching-Fixed-Filter,20,-0.30451320270491355,0.7413527420164349,1.0,0.25,1.0,GMM,5,5678
Matching-Adaptive-Filter,0,-0.061866127726089036,1.0,0.0,1.0,0.0,GMM,5,5678
Matching-Adaptive-Filter,1,-0.061866127726089036,1.0,1.0,0.77,0.31906468531466387,GMM,5,5678
Matching-Adaptive-Filter,2,-0.061866127726089036,1.0,1.0,0.82,0.24636013496306053,GMM,5,5678
Matching-Adaptive-Filter,3,-0.061866127726089036,1.0,1.0,0.85,0.20006783340115472,GMM,5,5678
Matching-Adaptive-Filter,4,-0.061866127726089036,1.0,1.0,0.86,0.18687825332561114,GMM,5,5678
Matching-Adaptive-Filter,5,-0.14965997833358838,0.9064170102630328,1.0,0.81,0.26381741787622764,GMM,5,5678
Matching-Adaptive-Filter,6,-0.14965997833358838,0.9064170102630328,1.0,0.78,0.3061208725914458,GMM,5,5678
Matching-Adaptive-Filter,7,-0.26460625384651565,0.7838911608191991,1.0,0.77,0.3119875222816254,GMM,5,5678
Matching-Adaptive-Filter,8,-0.26460625384651565,0.7838911608191991,1.0,0.76,0.3300751099007783,GMM,5,5678
Matching-Adaptive-Filter,9,-0.26460625384651565,0.7838911608191991,1.0,0.77,0.3161236424394185,GMM,5,5678
Matching-Adaptive-Filter,10,-0.26460625384651565,0.7838911608191991,1.0,0.78,0.3034292549555584,GMM,5,5678
Matching-Adaptive-Filter,11,-0.26460625384651565,0.7838911608191991,1.0,0.75,0.34535911293673927,GMM,5,5678
Matching-Adaptive-Filter,12,-0.26460625384651565,0.7838911608191991,1.0,0.75,0.34542572463766824,GMM,5,5678
Matching-Adaptive-Filter,13,-0.26460625384651565,0.7838911608191991,1.0,0.73,0.36290231507621495,GMM,5,5678
Matching-Adaptive-Filter,14,-0.26460625384651565,0.7838911608191991,1.0,0.71,0.3924862879646013,GMM,5,5678
Matching-Adaptive-Filter,15,-0.26460625384651565,0.7838911608191991,1.0,0.73,0.36399715099713875,GMM,5,5678
Matching-Adaptive-Filter,16,-0.26460625384651565,0.7838911608191991,1.0,0.74,0.350844814683513,GMM,5,5678
Matching-Adaptive-Filter,17,-0.26460625384651565,0.7838911608191991,1.0,0.77,0.31168531284985235,GMM,5,5678
Matching-Adaptive-Filter,18,-0.26460625384651565,0.7838911608191991,1.0,0.78,0.29553923885819533,GMM,5,5678
Matching-Adaptive-Filter,19,-0.26460625384651565,0.7838911608191991,1.0,0.8,0.2759521161078365,GMM,5,5678
Matching-Adaptive-Filter,20,-0.3815923713639033,0.6591909618959028,1.0,0.79,0.28726364327710235,GMM,5,5678
Random-Adaptive-Filter,0,-0.061866127726089036,1.0,0.0,1.0,0.0,GMM,5,5678
Random-Adaptive-Filter,1,-0.061866127726089036,1.0,1.0,0.81,0.2650874125873946,GMM,5,5678
Random-Adaptive-Filter,2,-0.061866127726089036,1.0,1.0,0.82,0.24767989363576032,GMM,5,5678
Random-Adaptive-Filter,3,-0.061866127726089036,1.0,1.0,0.81,0.2593542260208774,GMM,5,5678
Random-Adaptive-Filter,4,-0.061866127726089036,1.0,1.0,0.79,0.28302486986695946,GMM,5,5678
Random-Adaptive-Filter,5,-0.061866127726089036,1.0,1.0,0.75,0.34107944996178524,GMM,5,5678
Random-Adaptive-Filter,6,-0.061866127726089036,1.0,1.0,0.74,0.35607020838636744,GMM,5,5678
Random-Adaptive-Filter,7,-0.12260803406979036,0.935252763620316,1.0,0.77,0.3106740782437232,GMM,5,5678
Random-Adaptive-Filter,8,-0.12260803406979036,0.935252763620316,1.0,0.75,0.3351431730352028,GMM,5,5678
Random-Adaptive-Filter,9,-0.12260803406979036,0.935252763620316,1.0,0.72,0.3831244778613037,GMM,5,5678
Random-Adaptive-Filter,10,-0.12260803406979036,0.935252763620316,1.0,0.73,0.3715396445659453,GMM,5,5678
Random-Adaptive-Filter,11,-0.12260803406979036,0.935252763620316,1.0,0.7,0.4045198279980731,GMM,5,5678
Random-Adaptive-Filter,12,-0.12260803406979036,0.935252763620316,1.0,0.7,0.4009054703348031,GMM,5,5678
Random-Adaptive-Filter,13,-0.12260803406979036,0.935252763620316,1.0,0.75,0.34372529644267524,GMM,5,5678
Random-Adaptive-Filter,14,-0.12260803406979036,0.935252763620316,1.0,0.74,0.3494240415142985,GMM,5,5678
Random-Adaptive-Filter,15,-0.12260803406979036,0.935252763620316,1.0,0.75,0.3392236467236353,GMM,5,5678
Random-Adaptive-Filter,16,-0.12260803406979036,0.935252763620316,1.0,0.75,0.33861510890542046,GMM,5,5678
Random-Adaptive-Filter,17,-0.12260803406979036,0.935252763620316,1.0,0.74,0.3597392759824588,GMM,5,5678
Random-Adaptive-Filter,18,-0.12260803406979036,0.935252763620316,1.0,0.74,0.3488250733940282,GMM,5,5678
Random-Adaptive-Filter,19,-0.12260803406979036,0.935252763620316,1.0,0.74,0.3518353726362521,GMM,5,5678
Random-Adaptive-Filter,20,-0.12260803406979036,0.935252763620316,1.0,0.76,0.3331257235930984,GMM,5,5678
Wrong-Adaptive-Filter,0,-0.061866127726089036,1.0,0.0,1.0,0.0,GMM,5,5678
Wrong-Adaptive-Filter,1,-0.061866127726089036,1.0,1.0,0.78,0.30333041958039914,GMM,5,5678
Wrong-Adaptive-Filter,2,-0.061866127726089036,1.0,1.0,0.77,0.31590333685919947,GMM,5,5678
Wrong-Adaptive-Filter,3,-0.061866127726089036,1.0,1.0,0.78,0.2972052638719131,GMM,5,5678
Wrong-Adaptive-Filter,4,-0.061866127726089036,1.0,1.0,0.82,0.24477299016771342,GMM,5,5678
Wrong-Adaptive-Filter,5,-0.061866127726089036,1.0,1.0,0.77,0.3091489686783644,GMM,5,5678
Wrong-Adaptive-Filter,6,-0.061866127726089036,1.0,1.0,0.77,0.31836251167131957,GMM,5,5678
Wrong-Adaptive-Filter,7,-0.061866127726089036,1.0,1.0,0.76,0.3306220095693626,GMM,5,5678
Wrong-Adaptive-Filter,8,-0.061866127726089036,1.0,1.0,0.76,0.32296564169291225,GMM,5,5678
Wrong-Adaptive-Filter,9,-0.10774108945748424,0.9511000366974881,1.0,0.72,0.37644110275687626,GMM,5,5678
Wrong-Adaptive-Filter,10,-0.10774108945748424,0.9511000366974881,1.0,0.7,0.4037734107997102,GMM,5,5678
Wrong-Adaptive-Filter,11,-0.10774108945748424,0.9511000366974881,1.0,0.69,0.4176818212842895,GMM,5,5678
Wrong-Adaptive-Filter,12,-0.12732022630630135,0.9302298487503494,1.0,0.66,0.4541066723131771,GMM,5,5678
Wrong-Adaptive-Filter,13,-0.3852837289433523,0.6552561956670304,1.0,0.65,0.46965697346130436,GMM,5,5678
Wrong-Adaptive-Filter,14,-0.3852837289433523,0.6552561956670304,1.0,0.63,0.49564795515136634,GMM,5,5678
Wrong-Adaptive-Filter,15,-0.3852837289433523,0.6552561956670304,1.0,0.63,0.4980028490028323,GMM,5,5678
Wrong-Adaptive-Filter,16,-0.3852837289433523,0.6552561956670304,1.0,0.62,0.5071132774035835,GMM,5,5678
Wrong-Adaptive-Filter,17,-0.3852837289433523,0.6552561956670304,1.0,0.63,0.5035154629377097,GMM,5,5678
Wrong-Adaptive-Filter,18,-0.3852837289433523,0.6552561956670304,1.0,0.62,0.5199741669569097,GMM,5,5678
Wrong-Adaptive-Filter,19,-0.3852837289433523,0.6552561956670304,1.0,0.61,0.527208569746014,GMM,5,5678
Wrong-Adaptive-Filter,20,-0.3852837289433523,0.6552561956670304,1.0,0.6,0.5347147624344357,GMM,5,5678
Oracle-Fixed-Filter,0,-0.061866127726089036,1.0,0.0,1.0,0.0,GMM,5,5678
Oracle-Fixed-Filter,1,-0.061866127726089036,1.0,0.0,1.0,0.0,GMM,5,5678
Oracle-Fixed-Filter,2,-0.061866127726089036,1.0,0.0,1.0,0.0,GMM,5,5678
Oracle-Fixed-Filter,3,-0.061866127726089036,1.0,0.0,1.0,0.0,GMM,5,5678
Oracle-Fixed-Filter,4,-0.061866127726089036,1.0,0.0,1.0,0.0,GMM,5,5678
Oracle-Fixed-Filter,5,-0.061866127726089036,1.0,0.0,1.0,0.0,GMM,5,5678
Oracle-Fixed-Filter,6,-0.061866127726089036,1.0,0.0,1.0,0.0,GMM,5,5678
Oracle-Fixed-Filter,7,-0.10382121803609459,0.9552783850038877,0.0,1.0,0.0,GMM,5,5678
Oracle-Fixed-Filter,8,-0.10382121803609459,0.9552783850038877,0.0,1.0,0.0,GMM,5,5678
Oracle-Fixed-Filter,9,-0.10382121803609459,0.9552783850038877,0.0,1.0,0.0,GMM,5,5678
Oracle-Fixed-Filter,10,-0.10382121803609459,0.9552783850038877,0.0,1.0,0.0,GMM,5,5678
Oracle-Fixed-Filter,11,-0.10382121803609459,0.9552783850038877,1.0,0.25,1.0,GMM,5,5678
Oracle-Fixed-Filter,12,-0.10382121803609459,0.9552783850038877,1.0,0.25,1.0,GMM,5,5678
Oracle-Fixed-Filter,13,-0.10382121803609459,0.9552783850038877,0.0,1.0,1.0,GMM,5,5678
Oracle-Fixed-Filter,14,-0.10382121803609459,0.9552783850038877,1.0,0.25,1.0,GMM,5,5678
Oracle-Fixed-Filter,15,-0.10382121803609459,0.9552783850038877,1.0,0.25,1.0,GMM,5,5678
Oracle-Fixed-Filter,16,-0.10382121803609459,0.9552783850038877,1.0,0.25,1.0,GMM,5,5678
Oracle-Fixed-Filter,17,-0.10382121803609459,0.9552783850038877,1.0,0.25,1.0,GMM,5,5678
Oracle-Fixed-Filter,18,-0.10382121803609459,0.9552783850038877,0.0,1.0,1.0,GMM,5,5678
Oracle-Fixed-Filter,19,-0.1521331084931348,0.9037808015452522,1.0,0.25,1.0,GMM,5,5678
Oracle-Fixed-Filter,20,-0.1521331084931348,0.9037808015452522,1.0,0.25,1.0,GMM,5,5678
Matching-Soft-Rerank,0,-0.061866127726089036,1.0,0.0,1.0,,GMM,5,5678
Matching-Soft-Rerank,1,-0.061866127726089036,1.0,0.0,1.0,,GMM,5,5678
Matching-Soft-Rerank,2,-0.18039585736262861,0.8736544029525197,0.0,1.0,,GMM,5,5678
Matching-Soft-Rerank,3,-0.18039585736262861,0.8736544029525197,0.0,1.0,,GMM,5,5678
Matching-Soft-Rerank,4,-0.18039585736262861,0.8736544029525197,0.0,1.0,,GMM,5,5678
Matching-Soft-Rerank,5,-0.18039585736262861,0.8736544029525197,0.0,1.0,,GMM,5,5678
Matching-Soft-Rerank,6,-0.18039585736262861,0.8736544029525197,0.0,1.0,,GMM,5,5678
Matching-Soft-Rerank,7,-0.37559173279932345,0.6655872834300258,0.0,1.0,,GMM,5,5678
Matching-Soft-Rerank,8,-0.37559173279932345,0.6655872834300258,0.0,1.0,,GMM,5,5678
Matching-Soft-Rerank,9,-0.37559173279932345,0.6655872834300258,0.0,1.0,,GMM,5,5678
Matching-Soft-Rerank,10,-0.37559173279932345,0.6655872834300258,0.0,1.0,,GMM,5,5678
Matching-Soft-Rerank,11,-0.37559173279932345,0.6655872834300258,0.0,1.0,,GMM,5,5678
Matching-Soft-Rerank,12,-0.37559173279932345,0.6655872834300258,0.0,1.0,,GMM,5,5678
Matching-Soft-Rerank,13,-0.37559173279932345,0.6655872834300258,0.0,1.0,,GMM,5,5678
Matching-Soft-Rerank,14,-0.4317406794892962,0.6057358671238774,0.0,1.0,,GMM,5,5678
Matching-Soft-Rerank,15,-0.5816111889565566,0.44598287471838605,0.0,1.0,,GMM,5,5678
Matching-Soft-Rerank,16,-0.5816111889565566,0.44598287471838605,0.0,1.0,,GMM,5,5678
Matching-Soft-Rerank,17,-0.5816111889565566,0.44598287471838605,0.0,1.0,,GMM,5,5678
Matching-Soft-Rerank,18,-0.5816111889565566,0.44598287471838605,0.0,1.0,,GMM,5,5678
Matching-Soft-Rerank,19,-0.5816111889565566,0.44598287471838605,0.0,1.0,,GMM,5,5678
Matching-Soft-Rerank,20,-0.5816111889565566,0.44598287471838605,0.0,1.0,,GMM,5,5678
Target-Only,0,-0.007207569150342763,1.0,0.0,1.0,0.0,GMM,5,8888
Target-Only,1,-0.007207569150342763,1.0,0.0,1.0,0.0,GMM,5,8888
Target-Only,2,-0.007207569150342763,1.0,0.0,1.0,0.0,GMM,5,8888
Target-Only,3,-0.007207569150342763,1.0,0.0,1.0,0.0,GMM,5,8888
Target-Only,4,-0.007207569150342763,1.0,0.0,1.0,0.0,GMM,5,8888
Target-Only,5,-0.007207569150342763,1.0,0.0,1.0,0.0,GMM,5,8888
Target-Only,6,-0.007207569150342763,1.0,0.0,1.0,0.0,GMM,5,8888
Target-Only,7,-0.007207569150342763,1.0,0.0,1.0,0.0,GMM,5,8888
Target-Only,8,-0.007579352668128444,0.9996255192996977,0.0,1.0,0.0,GMM,5,8888
Target-Only,9,-0.007579352668128444,0.9996255192996977,0.0,1.0,0.0,GMM,5,8888
Target-Only,10,-0.007579352668128444,0.9996255192996977,0.0,1.0,0.0,GMM,5,8888
Target-Only,11,-0.007579352668128444,0.9996255192996977,0.0,1.0,0.0,GMM,5,8888
Target-Only,12,-0.007579352668128444,0.9996255192996977,0.0,1.0,0.0,GMM,5,8888
Target-Only,13,-0.007579352668128444,0.9996255192996977,0.0,1.0,0.0,GMM,5,8888
Target-Only,14,-0.007579352668128444,0.9996255192996977,0.0,1.0,0.0,GMM,5,8888
Target-Only,15,-0.007579352668128444,0.9996255192996977,0.0,1.0,0.0,GMM,5,8888
Target-Only,16,-0.007579352668128444,0.9996255192996977,0.0,1.0,0.0,GMM,5,8888
Target-Only,17,-0.007579352668128444,0.9996255192996977,0.0,1.0,0.0,GMM,5,8888
Target-Only,18,-0.007579352668128444,0.9996255192996977,0.0,1.0,0.0,GMM,5,8888
Target-Only,19,-0.007579352668128444,0.9996255192996977,0.0,1.0,0.0,GMM,5,8888
Target-Only,20,-0.007579352668128444,0.9996255192996977,0.0,1.0,0.0,GMM,5,8888
Matching-Fixed-Filter,0,-0.007207569150342763,1.0,0.0,1.0,0.0,GMM,5,8888
Matching-Fixed-Filter,1,-0.007207569150342763,1.0,1.0,0.25,1.0,GMM,5,8888
Matching-Fixed-Filter,2,-0.007207569150342763,1.0,1.0,0.25,1.0,GMM,5,8888
Matching-Fixed-Filter,3,-0.007207569150342763,1.0,1.0,0.25,1.0,GMM,5,8888
Matching-Fixed-Filter,4,-0.007207569150342763,1.0,1.0,0.25,1.0,GMM,5,8888
Matching-Fixed-Filter,5,-0.18297963022097558,0.8229527631688385,1.0,0.25,1.0,GMM,5,8888
Matching-Fixed-Filter,6,-0.18297963022097558,0.8229527631688385,1.0,0.25,1.0,GMM,5,8888
Matching-Fixed-Filter,7,-0.21335098450735865,0.7923610734402667,1.0,0.25,1.0,GMM,5,8888
Matching-Fixed-Filter,8,-0.21335098450735865,0.7923610734402667,1.0,0.25,1.0,GMM,5,8888
Matching-Fixed-Filter,9,-0.21335098450735865,0.7923610734402667,1.0,0.25,1.0,GMM,5,8888
Matching-Fixed-Filter,10,-0.21335098450735865,0.7923610734402667,1.0,0.25,1.0,GMM,5,8888
Matching-Fixed-Filter,11,-0.21335098450735865,0.7923610734402667,1.0,0.25,1.0,GMM,5,8888
Matching-Fixed-Filter,12,-0.21335098450735865,0.7923610734402667,1.0,0.25,1.0,GMM,5,8888
Matching-Fixed-Filter,13,-0.21335098450735865,0.7923610734402667,1.0,0.25,1.0,GMM,5,8888
Matching-Fixed-Filter,14,-0.21335098450735865,0.7923610734402667,1.0,0.25,1.0,GMM,5,8888
Matching-Fixed-Filter,15,-0.21335098450735865,0.7923610734402667,1.0,0.25,1.0,GMM,5,8888
Matching-Fixed-Filter,16,-0.21335098450735865,0.7923610734402667,1.0,0.25,1.0,GMM,5,8888
Matching-Fixed-Filter,17,-0.21335098450735865,0.7923610734402667,1.0,0.25,1.0,GMM,5,8888
Matching-Fixed-Filter,18,-0.24396987518647897,0.7615200515136065,1.0,0.25,1.0,GMM,5,8888
Matching-Fixed-Filter,19,-0.24396987518647897,0.7615200515136065,1.0,0.25,1.0,GMM,5,8888
Matching-Fixed-Filter,20,-0.24396987518647897,0.7615200515136065,1.0,0.25,1.0,GMM,5,8888
Matching-Adaptive-Filter,0,-0.007207569150342763,1.0,0.0,1.0,0.0,GMM,5,8888
Matching-Adaptive-Filter,1,-0.007207569150342763,1.0,1.0,0.78,0.29983391608389587,GMM,5,8888
Matching-Adaptive-Filter,2,-0.007207569150342763,1.0,1.0,0.76,0.33190204403437634,GMM,5,8888
Matching-Adaptive-Filter,3,-0.007207569150342763,1.0,1.0,0.76,0.33288563288561346,GMM,5,8888
Matching-Adaptive-Filter,4,-0.007207569150342763,1.0,1.0,0.74,0.35022411798725667,GMM,5,8888
Matching-Adaptive-Filter,5,-0.007207569150342763,1.0,1.0,0.73,0.36261420932007293,GMM,5,8888
Matching-Adaptive-Filter,6,-0.007207569150342763,1.0,1.0,0.72,0.3806741787623955,GMM,5,8888
Matching-Adaptive-Filter,7,-0.007207569150342763,1.0,1.0,0.71,0.39260015010787175,GMM,5,8888
Matching-Adaptive-Filter,8,-0.029515650722339522,0.9775300797107963,1.0,0.68,0.4388489955625312,GMM,5,8888
Matching-Adaptive-Filter,9,-0.029515650722339522,0.9775300797107963,1.0,0.67,0.442105263157876,GMM,5,8888
Matching-Adaptive-Filter,10,-0.029515650722339522,0.9775300797107963,1.0,0.67,0.44759808612438373,GMM,5,8888
Matching-Adaptive-Filter,11,-0.029515650722339522,0.9775300797107963,1.0,0.67,0.4514976948517146,GMM,5,8888
Matching-Adaptive-Filter,12,-0.029515650722339522,0.9775300797107963,1.0,0.66,0.4640714207290121,GMM,5,8888
Matching-Adaptive-Filter,13,-0.029515650722339522,0.9775300797107963,1.0,0.65,0.4727237436476396,GMM,5,8888
Matching-Adaptive-Filter,14,-0.029515650722339522,0.9775300797107963,1.0,0.64,0.48319842129273044,GMM,5,8888
Matching-Adaptive-Filter,15,-0.029515650722339522,0.9775300797107963,1.0,0.65,0.47550142450140853,GMM,5,8888
Matching-Adaptive-Filter,16,-0.029515650722339522,0.9775300797107963,1.0,0.65,0.47280215841504625,GMM,5,8888
Matching-Adaptive-Filter,17,-0.03576103112596551,0.9712393908681756,1.0,0.65,0.47487865700205406,GMM,5,8888
Matching-Adaptive-Filter,18,-0.03576103112596551,0.9712393908681756,1.0,0.64,0.49312521769416806,GMM,5,8888
Matching-Adaptive-Filter,19,-0.03576103112596551,0.9712393908681756,1.0,0.63,0.4947959606534347,GMM,5,8888
Matching-Adaptive-Filter,20,-0.03576103112596551,0.9712393908681756,1.0,0.64,0.49196574992620773,GMM,5,8888
Random-Adaptive-Filter,0,-0.007207569150342763,1.0,0.0,1.0,0.0,GMM,5,8888
Random-Adaptive-Filter,1,-0.007207569150342763,1.0,1.0,0.94,0.09244755244754518,GMM,5,8888
Random-Adaptive-Filter,2,-0.007207569150342763,1.0,1.0,0.86,0.18880922998568833,GMM,5,8888
Random-Adaptive-Filter,3,-0.007207569150342763,1.0,1.0,0.92,0.11107041107040397,GMM,5,8888
Random-Adaptive-Filter,4,-0.007207569150342763,1.0,1.0,0.92,0.11967900520531398,GMM,5,8888
Random-Adaptive-Filter,5,-0.007207569150342763,1.0,1.0,0.92,0.10700458365163654,GMM,5,8888
Random-Adaptive-Filter,6,-0.007207569150342763,1.0,1.0,0.93,0.09461638443255589,GMM,5,8888
Random-Adaptive-Filter,7,-0.007207569150342763,1.0,1.0,0.93,0.10027676142226727,GMM,5,8888
Random-Adaptive-Filter,8,-0.007579352668128444,0.9996255192996977,1.0,0.9,0.13647167545067035,GMM,5,8888
Random-Adaptive-Filter,9,-0.007579352668128444,0.9996255192996977,1.0,0.94,0.0917293233082665,GMM,5,8888
Random-Adaptive-Filter,10,-0.007579352668128444,0.9996255192996977,1.0,0.92,0.11565652768283857,GMM,5,8888
Random-Adaptive-Filter,11,-0.007579352668128444,0.9996255192996977,1.0,0.92,0.11672439361879883,GMM,5,8888
Random-Adaptive-Filter,12,-0.007579352668128444,0.9996255192996977,1.0,0.89,0.15874656241503463,GMM,5,8888
Random-Adaptive-Filter,13,-0.007579352668128444,0.9996255192996977,1.0,0.9,0.137902315076223,GMM,5,8888
Random-Adaptive-Filter,14,-0.007579352668128444,0.9996255192996977,1.0,0.91,0.13139114831723936,GMM,5,8888
Random-Adaptive-Filter,15,-0.007579352668128444,0.9996255192996977,1.0,0.94,0.09141025641025327,GMM,5,8888
Random-Adaptive-Filter,16,-0.007579352668128444,0.9996255192996977,1.0,0.91,0.12210402142659808,GMM,5,8888
Random-Adaptive-Filter,17,-0.007579352668128444,0.9996255192996977,1.0,0.91,0.1329746472970871,GMM,5,8888
Random-Adaptive-Filter,18,-0.007579352668128444,0.9996255192996977,1.0,0.91,0.12732642517124879,GMM,5,8888
Random-Adaptive-Filter,19,-0.008868929661329412,0.9983265867962235,1.0,0.91,0.13017233589764773,GMM,5,8888
Random-Adaptive-Filter,20,-0.027866974951262335,0.9791907161505227,1.0,0.93,0.10410515084787787,GMM,5,8888
Wrong-Adaptive-Filter,0,-0.007207569150342763,1.0,0.0,1.0,0.0,GMM,5,8888
Wrong-Adaptive-Filter,1,-0.007207569150342763,1.0,1.0,0.78,0.2980856643356442,GMM,5,8888
Wrong-Adaptive-Filter,2,-0.007207569150342763,1.0,1.0,0.73,0.3702760474819069,GMM,5,8888
Wrong-Adaptive-Filter,3,-0.007207569150342763,1.0,1.0,0.71,0.39352869352867076,GMM,5,8888
Wrong-Adaptive-Filter,4,-0.007207569150342763,1.0,1.0,0.7,0.4008820127240961,GMM,5,8888
Wrong-Adaptive-Filter,5,-0.007207569150342763,1.0,1.0,0.75,0.3410794499617852,GMM,5,8888
Wrong-Adaptive-Filter,6,-0.007207569150342763,1.0,1.0,0.74,0.358777162380086,GMM,5,8888
Wrong-Adaptive-Filter,7,-0.01702052282660741,0.9901158561664889,1.0,0.73,0.3730626700440768,GMM,5,8888
Wrong-Adaptive-Filter,8,-0.01702052282660741,0.9901158561664889,1.0,0.71,0.3939014119993889,GMM,5,8888
Wrong-Adaptive-Filter,9,-0.01702052282660741,0.9901158561664889,1.0,0.7,0.40601503759396773,GMM,5,8888
Wrong-Adaptive-Filter,10,-0.01702052282660741,0.9901158561664889,1.0,0.72,0.38544873547503566,GMM,5,8888
Wrong-Adaptive-Filter,11,-0.01702052282660741,0.9901158561664889,1.0,0.71,0.39506965084603307,GMM,5,8888
Wrong-Adaptive-Filter,12,-0.03015662193108512,0.9768844584402399,1.0,0.72,0.38347802559757643,GMM,5,8888
Wrong-Adaptive-Filter,13,-0.03015662193108512,0.9768844584402399,1.0,0.71,0.39240542066627604,GMM,5,8888
Wrong-Adaptive-Filter,14,-0.03015662193108512,0.9768844584402399,1.0,0.67,0.4414570712381212,GMM,5,8888
Wrong-Adaptive-Filter,15,-0.03015662193108512,0.9768844584402399,1.0,0.65,0.476551282051266,GMM,5,8888
Wrong-Adaptive-Filter,16,-0.045727156916382794,0.9612009637008676,1.0,0.66,0.4587606443735327,GMM,5,8888
Wrong-Adaptive-Filter,17,-0.045727156916382794,0.9612009637008676,1.0,0.64,0.49323633280074564,GMM,5,8888
Wrong-Adaptive-Filter,18,-0.045727156916382794,0.9612009637008676,1.0,0.64,0.4901552470517838,GMM,5,8888
Wrong-Adaptive-Filter,19,-0.045727156916382794,0.9612009637008676,1.0,0.65,0.47283380537975755,GMM,5,8888
Wrong-Adaptive-Filter,20,-0.045727156916382794,0.9612009637008676,1.0,0.64,0.4811127216181107,GMM,5,8888
Oracle-Fixed-Filter,0,-0.007207569150342763,1.0,0.0,1.0,0.0,GMM,5,8888
Oracle-Fixed-Filter,1,-0.007207569150342763,1.0,1.0,0.25,1.0,GMM,5,8888
Oracle-Fixed-Filter,2,-0.007207569150342763,1.0,0.0,1.0,0.0,GMM,5,8888
Oracle-Fixed-Filter,3,-0.007207569150342763,1.0,1.0,0.25,1.0,GMM,5,8888
Oracle-Fixed-Filter,4,-0.007207569150342763,1.0,1.0,0.25,1.0,GMM,5,8888
Oracle-Fixed-Filter,5,-0.007207569150342763,1.0,1.0,0.25,1.0,GMM,5,8888
Oracle-Fixed-Filter,6,-0.00825190673101963,0.9989480860504704,1.0,0.25,1.0,GMM,5,8888
Oracle-Fixed-Filter,7,-0.00825190673101963,0.9989480860504704,1.0,0.25,1.0,GMM,5,8888
Oracle-Fixed-Filter,8,-0.058611385492559495,0.9482232637511782,1.0,0.25,1.0,GMM,5,8888
Oracle-Fixed-Filter,9,-0.058611385492559495,0.9482232637511782,1.0,0.25,1.0,GMM,5,8888
Oracle-Fixed-Filter,10,-0.058611385492559495,0.9482232637511782,1.0,0.25,1.0,GMM,5,8888
Oracle-Fixed-Filter,11,-0.058611385492559495,0.9482232637511782,1.0,0.25,1.0,GMM,5,8888
Oracle-Fixed-Filter,12,-0.058611385492559495,0.9482232637511782,1.0,0.25,1.0,GMM,5,8888
Oracle-Fixed-Filter,13,-0.058611385492559495,0.9482232637511782,1.0,0.25,1.0,GMM,5,8888
Oracle-Fixed-Filter,14,-0.1731284185817127,0.8328754425158686,1.0,0.25,1.0,GMM,5,8888
Oracle-Fixed-Filter,15,-0.1731284185817127,0.8328754425158686,1.0,0.25,1.0,GMM,5,8888
Oracle-Fixed-Filter,16,-0.1731284185817127,0.8328754425158686,1.0,0.25,1.0,GMM,5,8888
Oracle-Fixed-Filter,17,-0.1731284185817127,0.8328754425158686,1.0,0.25,1.0,GMM,5,8888
Oracle-Fixed-Filter,18,-0.2492632791428844,0.756188245433594,1.0,0.25,1.0,GMM,5,8888
Oracle-Fixed-Filter,19,-0.2492632791428844,0.756188245433594,1.0,0.25,1.0,GMM,5,8888
Oracle-Fixed-Filter,20,-0.2492632791428844,0.756188245433594,1.0,0.25,1.0,GMM,5,8888
Matching-Soft-Rerank,0,-0.007207569150342763,1.0,0.0,1.0,,GMM,5,8888
Matching-Soft-Rerank,1,-0.2060184206765324,0.7997468329132368,0.0,1.0,,GMM,5,8888
Matching-Soft-Rerank,2,-0.2060184206765324,0.7997468329132368,0.0,1.0,,GMM,5,8888
Matching-Soft-Rerank,3,-0.2060184206765324,0.7997468329132368,0.0,1.0,,GMM,5,8888
Matching-Soft-Rerank,4,-0.2060184206765324,0.7997468329132368,0.0,1.0,,GMM,5,8888
Matching-Soft-Rerank,5,-0.2822952793843326,0.722916607528611,0.0,1.0,,GMM,5,8888
Matching-Soft-Rerank,6,-0.2822952793843326,0.722916607528611,0.0,1.0,,GMM,5,8888
Matching-Soft-Rerank,7,-0.2822952793843326,0.722916607528611,0.0,1.0,,GMM,5,8888
Matching-Soft-Rerank,8,-0.2822952793843326,0.722916607528611,0.0,1.0,,GMM,5,8888
Matching-Soft-Rerank,9,-0.2822952793843326,0.722916607528611,0.0,1.0,,GMM,5,8888
Matching-Soft-Rerank,10,-0.3676926117114321,0.6368997421111326,0.0,1.0,,GMM,5,8888
Matching-Soft-Rerank,11,-0.3676926117114321,0.6368997421111326,0.0,1.0,,GMM,5,8888
Matching-Soft-Rerank,12,-0.3676926117114321,0.6368997421111326,0.0,1.0,,GMM,5,8888
Matching-Soft-Rerank,13,-0.3676926117114321,0.6368997421111326,0.0,1.0,,GMM,5,8888
Matching-Soft-Rerank,14,-0.40760143738836624,0.5967013893795323,0.0,1.0,,GMM,5,8888
Matching-Soft-Rerank,15,-0.4372496127018416,0.5668381250793695,0.0,1.0,,GMM,5,8888
Matching-Soft-Rerank,16,-0.4372496127018416,0.5668381250793695,0.0,1.0,,GMM,5,8888
Matching-Soft-Rerank,17,-0.4372496127018416,0.5668381250793695,0.0,1.0,,GMM,5,8888
Matching-Soft-Rerank,18,-0.4372496127018416,0.5668381250793695,0.0,1.0,,GMM,5,8888
Matching-Soft-Rerank,19,-0.4372496127018416,0.5668381250793695,0.0,1.0,,GMM,5,8888
Matching-Soft-Rerank,20,-0.4372496127018416,0.5668381250793695,0.0,1.0,,GMM,5,8888
Target-Only,0,66.61295309467812,1.0,0.0,1.0,0.0,Rastrigin,5,42
Target-Only,1,55.6921618530734,0.8360560411413857,0.0,1.0,0.0,Rastrigin,5,42
Target-Only,2,55.6921618530734,0.8360560411413857,0.0,1.0,0.0,Rastrigin,5,42
Target-Only,3,55.6921618530734,0.8360560411413857,0.0,1.0,0.0,Rastrigin,5,42
Target-Only,4,55.6921618530734,0.8360560411413857,0.0,1.0,0.0,Rastrigin,5,42
Target-Only,5,55.6921618530734,0.8360560411413857,0.0,1.0,0.0,Rastrigin,5,42
Target-Only,6,55.6921618530734,0.8360560411413857,0.0,1.0,0.0,Rastrigin,5,42
Target-Only,7,55.6921618530734,0.8360560411413857,0.0,1.0,0.0,Rastrigin,5,42
Target-Only,8,55.6921618530734,0.8360560411413857,0.0,1.0,0.0,Rastrigin,5,42
Target-Only,9,36.90902786897439,0.5540818437596509,0.0,1.0,0.0,Rastrigin,5,42
Target-Only,10,36.90902786897439,0.5540818437596509,0.0,1.0,0.0,Rastrigin,5,42
Target-Only,11,36.90902786897439,0.5540818437596509,0.0,1.0,0.0,Rastrigin,5,42
Target-Only,12,36.90902786897439,0.5540818437596509,0.0,1.0,0.0,Rastrigin,5,42
Target-Only,13,36.90902786897439,0.5540818437596509,0.0,1.0,0.0,Rastrigin,5,42
Target-Only,14,36.90902786897439,0.5540818437596509,0.0,1.0,0.0,Rastrigin,5,42
Target-Only,15,36.90902786897439,0.5540818437596509,0.0,1.0,0.0,Rastrigin,5,42
Target-Only,16,36.90902786897439,0.5540818437596509,0.0,1.0,0.0,Rastrigin,5,42
Target-Only,17,36.90902786897439,0.5540818437596509,0.0,1.0,0.0,Rastrigin,5,42
Target-Only,18,36.90902786897439,0.5540818437596509,0.0,1.0,0.0,Rastrigin,5,42
Target-Only,19,36.90902786897439,0.5540818437596509,0.0,1.0,0.0,Rastrigin,5,42
Target-Only,20,36.90902786897439,0.5540818437596509,0.0,1.0,0.0,Rastrigin,5,42
Matching-Fixed-Filter,0,66.61295309467812,1.0,0.0,1.0,0.0,Rastrigin,5,42
Matching-Fixed-Filter,1,64.16184050114163,0.9632036641574397,1.0,0.25,1.0,Rastrigin,5,42
Matching-Fixed-Filter,2,64.16184050114163,0.9632036641574397,1.0,0.25,1.0,Rastrigin,5,42
Matching-Fixed-Filter,3,62.79719908179063,0.9427175371212849,1.0,0.25,1.0,Rastrigin,5,42
Matching-Fixed-Filter,4,62.79719908179063,0.9427175371212849,1.0,0.25,1.0,Rastrigin,5,42
Matching-Fixed-Filter,5,62.79719908179063,0.9427175371212849,1.0,0.25,1.0,Rastrigin,5,42
Matching-Fixed-Filter,6,62.79719908179063,0.9427175371212849,1.0,0.25,1.0,Rastrigin,5,42
Matching-Fixed-Filter,7,62.79719908179063,0.9427175371212849,1.0,0.25,1.0,Rastrigin,5,42
Matching-Fixed-Filter,8,62.79719908179063,0.9427175371212849,1.0,0.25,1.0,Rastrigin,5,42
Matching-Fixed-Filter,9,62.79719908179063,0.9427175371212849,1.0,0.25,1.0,Rastrigin,5,42
Matching-Fixed-Filter,10,62.79719908179063,0.9427175371212849,1.0,0.25,1.0,Rastrigin,5,42
Matching-Fixed-Filter,11,62.79719908179063,0.9427175371212849,1.0,0.25,1.0,Rastrigin,5,42
Matching-Fixed-Filter,12,62.79719908179063,0.9427175371212849,1.0,0.25,1.0,Rastrigin,5,42
Matching-Fixed-Filter,13,62.79719908179063,0.9427175371212849,1.0,0.25,1.0,Rastrigin,5,42
Matching-Fixed-Filter,14,45.90458548821449,0.6891240120066366,1.0,0.25,1.0,Rastrigin,5,42
Matching-Fixed-Filter,15,20.533658052194742,0.3082532315150464,1.0,0.25,1.0,Rastrigin,5,42
Matching-Fixed-Filter,16,20.533658052194742,0.3082532315150464,1.0,0.25,1.0,Rastrigin,5,42
Matching-Fixed-Filter,17,20.533658052194742,0.3082532315150464,1.0,0.25,1.0,Rastrigin,5,42
Matching-Fixed-Filter,18,20.533658052194742,0.3082532315150464,1.0,0.25,1.0,Rastrigin,5,42
Matching-Fixed-Filter,19,20.533658052194742,0.3082532315150464,1.0,0.25,1.0,Rastrigin,5,42
Matching-Fixed-Filter,20,20.533658052194742,0.3082532315150464,1.0,0.25,1.0,Rastrigin,5,42
Matching-Adaptive-Filter,0,66.61295309467812,1.0,0.0,1.0,0.0,Rastrigin,5,42
Matching-Adaptive-Filter,1,55.6921618530734,0.8360560411413857,1.0,0.75,0.3341433566433343,Rastrigin,5,42
Matching-Adaptive-Filter,2,55.6921618530734,0.8360560411413857,1.0,0.75,0.3420830395094888,Rastrigin,5,42
Matching-Adaptive-Filter,3,55.6921618530734,0.8360560411413857,1.0,0.72,0.38633835300499725,Rastrigin,5,42
Matching-Adaptive-Filter,4,55.6921618530734,0.8360560411413857,1.0,0.7,0.40294968189702834,Rastrigin,5,42
Matching-Adaptive-Filter,5,55.6921618530734,0.8360560411413857,1.0,0.72,0.3851970970206066,Rastrigin,5,42
Matching-Adaptive-Filter,6,55.6921618530734,0.8360560411413857,1.0,0.74,0.35639780154484296,Rastrigin,5,42
Matching-Adaptive-Filter,7,55.6921618530734,0.8360560411413857,1.0,0.75,0.34318181818180216,Rastrigin,5,42
Matching-Adaptive-Filter,8,55.6921618530734,0.8360560411413857,1.0,0.74,0.35434704950452467,Rastrigin,5,42
Matching-Adaptive-Filter,9,36.90902786897439,0.5540818437596509,1.0,0.73,0.3715956558061663,Rastrigin,5,42
Matching-Adaptive-Filter,10,36.90902786897439,0.5540818437596509,1.0,0.76,0.33080587833218067,Rastrigin,5,42
Matching-Adaptive-Filter,11,36.90902786897439,0.5540818437596509,1.0,0.76,0.32275066548357223,Rastrigin,5,42
Matching-Adaptive-Filter,12,36.90902786897439,0.5540818437596509,1.0,0.76,0.3224043619423933,Rastrigin,5,42
Matching-Adaptive-Filter,13,36.90902786897439,0.5540818437596509,1.0,0.76,0.32668337097683736,Rastrigin,5,42
Matching-Adaptive-Filter,14,36.90902786897439,0.5540818437596509,1.0,0.77,0.3112914350234276,Rastrigin,5,42
Matching-Adaptive-Filter,15,36.90902786897439,0.5540818437596509,1.0,0.79,0.2919487179487081,Rastrigin,5,42
Matching-Adaptive-Filter,16,36.90902786897439,0.5540818437596509,1.0,0.79,0.29162133207293545,Rastrigin,5,42
Matching-Adaptive-Filter,17,36.90902786897439,0.5540818437596509,1.0,0.81,0.25713682477142036,Rastrigin,5,42
Matching-Adaptive-Filter,18,36.90902786897439,0.5540818437596509,1.0,0.84,0.21996048332254553,Rastrigin,5,42
Matching-Adaptive-Filter,19,36.90902786897439,0.5540818437596509,1.0,0.83,0.2338991658954947,Rastrigin,5,42
Matching-Adaptive-Filter,20,36.90902786897439,0.5540818437596509,1.0,0.84,0.22119501259902663,Rastrigin,5,42
Random-Adaptive-Filter,0,66.61295309467812,1.0,0.0,1.0,0.0,Rastrigin,5,42
Random-Adaptive-Filter,1,55.6921618530734,0.8360560411413857,1.0,0.9,0.14489510489509438,Rastrigin,5,42
Random-Adaptive-Filter,2,55.6921618530734,0.8360560411413857,1.0,0.86,0.19476161093806893,Rastrigin,5,42
Random-Adaptive-Filter,3,55.6921618530734,0.8360560411413857,1.0,0.89,0.15238095238094299,Rastrigin,5,42
Random-Adaptive-Filter,4,55.6921618530734,0.8360560411413857,1.0,0.89,0.15482938114516173,Rastrigin,5,42
Random-Adaptive-Filter,5,55.6921618530734,0.8360560411413857,1.0,0.85,0.20315431627195255,Rastrigin,5,42
Random-Adaptive-Filter,6,55.6921618530734,0.8360560411413857,1.0,0.89,0.1492382331720491,Rastrigin,5,42
Random-Adaptive-Filter,7,55.6921618530734,0.8360560411413857,1.0,0.88,0.16939675391686962,Rastrigin,5,42
Random-Adaptive-Filter,8,55.6921618530734,0.8360560411413857,1.0,0.88,0.1729235911932024,Rastrigin,5,42
Random-Adaptive-Filter,9,55.6921618530734,0.8360560411413857,1.0,0.88,0.16992481203006782,Rastrigin,5,42
Random-Adaptive-Filter,10,55.6921618530734,0.8360560411413857,1.0,0.87,0.17979289131919965,Rastrigin,5,42
Random-Adaptive-Filter,11,55.6921618530734,0.8360560411413857,1.0,0.89,0.15907210801620109,Rastrigin,5,42
Random-Adaptive-Filter,12,55.6921618530734,0.8360560411413857,1.0,0.9,0.13864943430160287,Rastrigin,5,42
Random-Adaptive-Filter,13,55.6921618530734,0.8360560411413857,1.0,0.89,0.15836038961038382,Rastrigin,5,42
Random-Adaptive-Filter,14,30.945988867850595,0.4645641340035854,1.0,0.88,0.167112692239847,Rastrigin,5,42
Random-Adaptive-Filter,15,30.945988867850595,0.4645641340035854,1.0,0.88,0.1714344729344671,Rastrigin,5,42
Random-Adaptive-Filter,16,30.945988867850595,0.4645641340035854,1.0,0.86,0.19831320650674839,Rastrigin,5,42
Random-Adaptive-Filter,17,30.945988867850595,0.4645641340035854,1.0,0.89,0.15221135656706858,Rastrigin,5,42
Random-Adaptive-Filter,18,30.945988867850595,0.4645641340035854,1.0,0.88,0.16963684463683937,Rastrigin,5,42
Random-Adaptive-Filter,19,30.945988867850595,0.4645641340035854,1.0,0.88,0.16749152757134977,Rastrigin,5,42
Random-Adaptive-Filter,20,30.945988867850595,0.4645641340035854,1.0,0.86,0.19175590792489974,Rastrigin,5,42
Wrong-Adaptive-Filter,0,66.61295309467812,1.0,0.0,1.0,0.0,Rastrigin,5,42
Wrong-Adaptive-Filter,1,55.6921618530734,0.8360560411413857,1.0,0.88,0.16368881118879947,Rastrigin,5,42
Wrong-Adaptive-Filter,2,55.6921618530734,0.8360560411413857,1.0,0.84,0.22232840688721617,Rastrigin,5,42
Wrong-Adaptive-Filter,3,55.6921618530734,0.8360560411413857,1.0,0.88,0.16900013566679198,Rastrigin,5,42
Wrong-Adaptive-Filter,4,55.6921618530734,0.8360560411413857,1.0,0.89,0.14862637362636505,Rastrigin,5,42
Wrong-Adaptive-Filter,5,55.6921618530734,0.8360560411413857,1.0,0.86,0.18939495798318318,Rastrigin,5,42
Wrong-Adaptive-Filter,6,55.6921618530734,0.8360560411413857,1.0,0.88,0.165600649350641,Rastrigin,5,42
Wrong-Adaptive-Filter,7,55.6921618530734,0.8360560411413857,1.0,0.89,0.1580682990899633,Rastrigin,5,42
Wrong-Adaptive-Filter,8,55.6921618530734,0.8360560411413857,1.0,0.89,0.1493875353344931,Rastrigin,5,42
Wrong-Adaptive-Filter,9,55.6921618530734,0.8360560411413857,1.0,0.89,0.14803675856306786,Rastrigin,5,42
Wrong-Adaptive-Filter,10,55.6921618530734,0.8360560411413857,1.0,0.91,0.1322149692412795,Rastrigin,5,42
Wrong-Adaptive-Filter,11,55.6921618530734,0.8360560411413857,1.0,0.91,0.12193160876390201,Rastrigin,5,42
Wrong-Adaptive-Filter,12,55.6921618530734,0.8360560411413857,1.0,0.9,0.1372587155195798,Rastrigin,5,42
Wrong-Adaptive-Filter,13,55.6921618530734,0.8360560411413857,1.0,0.87,0.18145821569733944,Rastrigin,5,42
Wrong-Adaptive-Filter,14,55.593456331299315,0.8345742644419831,1.0,0.86,0.19081032447576443,Rastrigin,5,42
Wrong-Adaptive-Filter,15,42.74658500933568,0.6417158078636633,1.0,0.82,0.25119230769229917,Rastrigin,5,42
Wrong-Adaptive-Filter,16,42.74658500933568,0.6417158078636633,1.0,0.79,0.28312848083814895,Rastrigin,5,42
Wrong-Adaptive-Filter,17,42.74658500933568,0.6417158078636633,1.0,0.79,0.28514186290954896,Rastrigin,5,42
Wrong-Adaptive-Filter,18,42.74658500933568,0.6417158078636633,1.0,0.79,0.2826045761390502,Rastrigin,5,42
Wrong-Adaptive-Filter,19,42.74658500933568,0.6417158078636633,1.0,0.79,0.2810747287420632,Rastrigin,5,42
Wrong-Adaptive-Filter,20,42.74658500933568,0.6417158078636633,1.0,0.78,0.3021362568386556,Rastrigin,5,42
Oracle-Fixed-Filter,0,66.61295309467812,1.0,0.0,1.0,0.0,Rastrigin,5,42
Oracle-Fixed-Filter,1,55.6921618530734,0.8360560411413857,0.0,1.0,0.0,Rastrigin,5,42
Oracle-Fixed-Filter,2,55.6921618530734,0.8360560411413857,0.0,1.0,0.0,Rastrigin,5,42
Oracle-Fixed-Filter,3,55.6921618530734,0.8360560411413857,0.0,1.0,0.0,Rastrigin,5,42
Oracle-Fixed-Filter,4,55.6921618530734,0.8360560411413857,0.0,1.0,0.0,Rastrigin,5,42
Oracle-Fixed-Filter,5,55.6921618530734,0.8360560411413857,0.0,1.0,0.0,Rastrigin,5,42
Oracle-Fixed-Filter,6,55.6921618530734,0.8360560411413857,0.0,1.0,0.0,Rastrigin,5,42
Oracle-Fixed-Filter,7,55.6921618530734,0.8360560411413857,0.0,1.0,0.0,Rastrigin,5,42
Oracle-Fixed-Filter,8,55.6921618530734,0.8360560411413857,0.0,1.0,0.0,Rastrigin,5,42
Oracle-Fixed-Filter,9,36.90902786897439,0.5540818437596509,0.0,1.0,0.0,Rastrigin,5,42
Oracle-Fixed-Filter,10,36.90902786897439,0.5540818437596509,0.0,1.0,0.0,Rastrigin,5,42
Oracle-Fixed-Filter,11,36.90902786897439,0.5540818437596509,0.0,1.0,0.0,Rastrigin,5,42
Oracle-Fixed-Filter,12,36.90902786897439,0.5540818437596509,0.0,1.0,0.0,Rastrigin,5,42
Oracle-Fixed-Filter,13,36.90902786897439,0.5540818437596509,0.0,1.0,0.0,Rastrigin,5,42
Oracle-Fixed-Filter,14,36.90902786897439,0.5540818437596509,0.0,1.0,0.0,Rastrigin,5,42
Oracle-Fixed-Filter,15,36.90902786897439,0.5540818437596509,0.0,1.0,0.0,Rastrigin,5,42
Oracle-Fixed-Filter,16,36.90902786897439,0.5540818437596509,0.0,1.0,0.0,Rastrigin,5,42
Oracle-Fixed-Filter,17,36.90902786897439,0.5540818437596509,0.0,1.0,0.0,Rastrigin,5,42
Oracle-Fixed-Filter,18,36.90902786897439,0.5540818437596509,0.0,1.0,0.0,Rastrigin,5,42
Oracle-Fixed-Filter,19,36.90902786897439,0.5540818437596509,0.0,1.0,0.0,Rastrigin,5,42
Oracle-Fixed-Filter,20,36.90902786897439,0.5540818437596509,0.0,1.0,0.0,Rastrigin,5,42
Matching-Soft-Rerank,0,66.61295309467812,1.0,0.0,1.0,,Rastrigin,5,42
Matching-Soft-Rerank,1,60.88166162485102,0.9139613062690507,0.0,1.0,,Rastrigin,5,42
Matching-Soft-Rerank,2,60.88166162485102,0.9139613062690507,0.0,1.0,,Rastrigin,5,42
Matching-Soft-Rerank,3,60.88166162485102,0.9139613062690507,0.0,1.0,,Rastrigin,5,42
Matching-Soft-Rerank,4,60.88166162485102,0.9139613062690507,0.0,1.0,,Rastrigin,5,42
Matching-Soft-Rerank,5,41.307405406842065,0.620110706518763,0.0,1.0,,Rastrigin,5,42
Matching-Soft-Rerank,6,41.307405406842065,0.620110706518763,0.0,1.0,,Rastrigin,5,42
Matching-Soft-Rerank,7,41.307405406842065,0.620110706518763,0.0,1.0,,Rastrigin,5,42
Matching-Soft-Rerank,8,41.307405406842065,0.620110706518763,0.0,1.0,,Rastrigin,5,42
Matching-Soft-Rerank,9,41.307405406842065,0.620110706518763,0.0,1.0,,Rastrigin,5,42
Matching-Soft-Rerank,10,41.307405406842065,0.620110706518763,0.0,1.0,,Rastrigin,5,42
Matching-Soft-Rerank,11,41.307405406842065,0.620110706518763,0.0,1.0,,Rastrigin,5,42
Matching-Soft-Rerank,12,41.307405406842065,0.620110706518763,0.0,1.0,,Rastrigin,5,42
Matching-Soft-Rerank,13,41.307405406842065,0.620110706518763,0.0,1.0,,Rastrigin,5,42
Matching-Soft-Rerank,14,41.307405406842065,0.620110706518763,0.0,1.0,,Rastrigin,5,42
Matching-Soft-Rerank,15,41.307405406842065,0.620110706518763,0.0,1.0,,Rastrigin,5,42
Matching-Soft-Rerank,16,41.307405406842065,0.620110706518763,0.0,1.0,,Rastrigin,5,42
Matching-Soft-Rerank,17,41.307405406842065,0.620110706518763,0.0,1.0,,Rastrigin,5,42
Matching-Soft-Rerank,18,41.307405406842065,0.620110706518763,0.0,1.0,,Rastrigin,5,42
Matching-Soft-Rerank,19,41.307405406842065,0.620110706518763,0.0,1.0,,Rastrigin,5,42
Matching-Soft-Rerank,20,41.307405406842065,0.620110706518763,0.0,1.0,,Rastrigin,5,42
Target-Only,0,51.12177968503051,1.0,0.0,1.0,0.0,Rastrigin,5,101
Target-Only,1,51.12177968503051,1.0,0.0,1.0,0.0,Rastrigin,5,101
Target-Only,2,51.12177968503051,1.0,0.0,1.0,0.0,Rastrigin,5,101
Target-Only,3,51.12177968503051,1.0,0.0,1.0,0.0,Rastrigin,5,101
Target-Only,4,51.12177968503051,1.0,0.0,1.0,0.0,Rastrigin,5,101
Target-Only,5,51.12177968503051,1.0,0.0,1.0,0.0,Rastrigin,5,101
Target-Only,6,51.12177968503051,1.0,0.0,1.0,0.0,Rastrigin,5,101
Target-Only,7,51.12177968503051,1.0,0.0,1.0,0.0,Rastrigin,5,101
Target-Only,8,51.12177968503051,1.0,0.0,1.0,0.0,Rastrigin,5,101
Target-Only,9,51.12177968503051,1.0,0.0,1.0,0.0,Rastrigin,5,101
Target-Only,10,51.12177968503051,1.0,0.0,1.0,0.0,Rastrigin,5,101
Target-Only,11,51.12177968503051,1.0,0.0,1.0,0.0,Rastrigin,5,101
Target-Only,12,51.12177968503051,1.0,0.0,1.0,0.0,Rastrigin,5,101
Target-Only,13,51.12177968503051,1.0,0.0,1.0,0.0,Rastrigin,5,101
Target-Only,14,51.12177968503051,1.0,0.0,1.0,0.0,Rastrigin,5,101
Target-Only,15,51.12177968503051,1.0,0.0,1.0,0.0,Rastrigin,5,101
Target-Only,16,51.12177968503051,1.0,0.0,1.0,0.0,Rastrigin,5,101
Target-Only,17,51.12177968503051,1.0,0.0,1.0,0.0,Rastrigin,5,101
Target-Only,18,51.12177968503051,1.0,0.0,1.0,0.0,Rastrigin,5,101
Target-Only,19,51.12177968503051,1.0,0.0,1.0,0.0,Rastrigin,5,101
Target-Only,20,51.12177968503051,1.0,0.0,1.0,0.0,Rastrigin,5,101
Matching-Fixed-Filter,0,51.12177968503051,1.0,0.0,1.0,0.0,Rastrigin,5,101
Matching-Fixed-Filter,1,51.12177968503051,1.0,1.0,0.25,1.0,Rastrigin,5,101
Matching-Fixed-Filter,2,51.12177968503051,1.0,1.0,0.25,1.0,Rastrigin,5,101
Matching-Fixed-Filter,3,42.6302385746549,0.8338958236060373,1.0,0.25,1.0,Rastrigin,5,101
Matching-Fixed-Filter,4,42.6302385746549,0.8338958236060373,1.0,0.25,1.0,Rastrigin,5,101
Matching-Fixed-Filter,5,42.6302385746549,0.8338958236060373,1.0,0.25,1.0,Rastrigin,5,101
Matching-Fixed-Filter,6,42.6302385746549,0.8338958236060373,1.0,0.25,1.0,Rastrigin,5,101
Matching-Fixed-Filter,7,42.6302385746549,0.8338958236060373,1.0,0.25,1.0,Rastrigin,5,101
Matching-Fixed-Filter,8,42.6302385746549,0.8338958236060373,1.0,0.25,1.0,Rastrigin,5,101
Matching-Fixed-Filter,9,42.6302385746549,0.8338958236060373,1.0,0.25,1.0,Rastrigin,5,101
Matching-Fixed-Filter,10,42.6302385746549,0.8338958236060373,1.0,0.25,1.0,Rastrigin,5,101
Matching-Fixed-Filter,11,42.6302385746549,0.8338958236060373,1.0,0.25,1.0,Rastrigin,5,101
Matching-Fixed-Filter,12,42.6302385746549,0.8338958236060373,1.0,0.25,1.0,Rastrigin,5,101
Matching-Fixed-Filter,13,42.6302385746549,0.8338958236060373,1.0,0.25,1.0,Rastrigin,5,101
Matching-Fixed-Filter,14,42.6302385746549,0.8338958236060373,1.0,0.25,1.0,Rastrigin,5,101
Matching-Fixed-Filter,15,42.6302385746549,0.8338958236060373,1.0,0.25,1.0,Rastrigin,5,101
Matching-Fixed-Filter,16,42.6302385746549,0.8338958236060373,1.0,0.25,1.0,Rastrigin,5,101
Matching-Fixed-Filter,17,42.6302385746549,0.8338958236060373,1.0,0.25,1.0,Rastrigin,5,101
Matching-Fixed-Filter,18,42.6302385746549,0.8338958236060373,1.0,0.25,1.0,Rastrigin,5,101
Matching-Fixed-Filter,19,42.6302385746549,0.8338958236060373,1.0,0.25,1.0,Rastrigin,5,101
Matching-Fixed-Filter,20,42.6302385746549,0.8338958236060373,1.0,0.25,1.0,Rastrigin,5,101
Matching-Adaptive-Filter,0,51.12177968503051,1.0,0.0,1.0,0.0,Rastrigin,5,101
Matching-Adaptive-Filter,1,51.12177968503051,1.0,1.0,0.89,0.1573513986013873,Rastrigin,5,101
Matching-Adaptive-Filter,2,51.12177968503051,1.0,1.0,0.88,0.16117509941038288,Rastrigin,5,101
Matching-Adaptive-Filter,3,51.12177968503051,1.0,1.0,0.92,0.11256274589607204,Rastrigin,5,101
Matching-Adaptive-Filter,4,51.12177968503051,1.0,1.0,0.92,0.11347599768651728,Rastrigin,5,101
Matching-Adaptive-Filter,5,51.12177968503051,1.0,1.0,0.92,0.11367838044308004,Rastrigin,5,101
Matching-Adaptive-Filter,6,51.12177968503051,1.0,1.0,0.89,0.15592803030302238,Rastrigin,5,101
Matching-Adaptive-Filter,7,51.12177968503051,1.0,1.0,0.9,0.1338516746411419,Rastrigin,5,101
Matching-Adaptive-Filter,8,51.12177968503051,1.0,1.0,0.91,0.12772663838755588,Rastrigin,5,101
Matching-Adaptive-Filter,9,36.691324605457126,0.717723929634654,1.0,0.91,0.12982456140350307,Rastrigin,5,101
Matching-Adaptive-Filter,10,36.691324605457126,0.717723929634654,1.0,0.86,0.18729938482569292,Rastrigin,5,101
Matching-Adaptive-Filter,11,36.691324605457126,0.717723929634654,1.0,0.86,0.18957080186893105,Rastrigin,5,101
Matching-Adaptive-Filter,12,36.691324605457126,0.717723929634654,1.0,0.85,0.2034109861555436,Rastrigin,5,101
Matching-Adaptive-Filter,13,36.691324605457126,0.717723929634654,1.0,0.86,0.18669889892715294,Rastrigin,5,101
Matching-Adaptive-Filter,14,36.691324605457126,0.717723929634654,1.0,0.87,0.1858844390022118,Rastrigin,5,101
Matching-Adaptive-Filter,15,36.691324605457126,0.717723929634654,1.0,0.86,0.19423361823361157,Rastrigin,5,101
Matching-Adaptive-Filter,16,36.691324605457126,0.717723929634654,1.0,0.87,0.1865364527945112,Rastrigin,5,101
Matching-Adaptive-Filter,17,36.691324605457126,0.717723929634654,1.0,0.87,0.18099580171569915,Rastrigin,5,101
Matching-Adaptive-Filter,18,36.691324605457126,0.717723929634654,1.0,0.86,0.198307686885267,Rastrigin,5,101
Matching-Adaptive-Filter,19,36.691324605457126,0.717723929634654,1.0,0.86,0.19602639721071374,Rastrigin,5,101
Matching-Adaptive-Filter,20,36.691324605457126,0.717723929634654,1.0,0.86,0.196397612994024,Rastrigin,5,101
Random-Adaptive-Filter,0,51.12177968503051,1.0,0.0,1.0,0.0,Rastrigin,5,101
Random-Adaptive-Filter,1,51.12177968503051,1.0,1.0,0.94,0.08020979020978371,Rastrigin,5,101
Random-Adaptive-Filter,2,51.12177968503051,1.0,1.0,0.94,0.08145090203913138,Rastrigin,5,101
Random-Adaptive-Filter,3,51.12177968503051,1.0,1.0,0.93,0.09377289377288764,Rastrigin,5,101
Random-Adaptive-Filter,4,51.12177968503051,1.0,1.0,0.96,0.06075043377674562,Rastrigin,5,101
Random-Adaptive-Filter,5,51.12177968503051,1.0,1.0,0.91,0.1265821237585874,Rastrigin,5,101
Random-Adaptive-Filter,6,51.12177968503051,1.0,1.0,0.88,0.16016949961802093,Rastrigin,5,101
Random-Adaptive-Filter,7,51.12177968503051,1.0,1.0,0.83,0.22768083309877898,Rastrigin,5,101
Random-Adaptive-Filter,8,51.12177968503051,1.0,1.0,0.85,0.20487463658818234,Rastrigin,5,101
Random-Adaptive-Filter,9,51.12177968503051,1.0,1.0,0.86,0.1934837092731746,Rastrigin,5,101
Random-Adaptive-Filter,10,51.12177968503051,1.0,1.0,0.85,0.20065652768283526,Rastrigin,5,101
Random-Adaptive-Filter,11,51.12177968503051,1.0,1.0,0.86,0.1907435421721061,Rastrigin,5,101
Random-Adaptive-Filter,12,51.12177968503051,1.0,1.0,0.85,0.20692503450654845,Rastrigin,5,101
Random-Adaptive-Filter,13,51.12177968503051,1.0,1.0,0.85,0.2080498306041708,Rastrigin,5,101
Random-Adaptive-Filter,14,51.12177968503051,1.0,1.0,0.84,0.22009394906618318,Rastrigin,5,101
Random-Adaptive-Filter,15,51.12177968503051,1.0,1.0,0.85,0.21267663817663093,Rastrigin,5,101
Random-Adaptive-Filter,16,51.12177968503051,1.0,1.0,0.87,0.18030836188900118,Rastrigin,5,101
Random-Adaptive-Filter,17,51.12177968503051,1.0,1.0,0.86,0.19161982345587295,Rastrigin,5,101
Random-Adaptive-Filter,18,51.12177968503051,1.0,1.0,0.84,0.22054359274186175,Rastrigin,5,101
Random-Adaptive-Filter,19,51.12177968503051,1.0,1.0,0.84,0.22071593190482802,Rastrigin,5,101
Random-Adaptive-Filter,20,51.12177968503051,1.0,1.0,0.84,0.22045143129553746,Rastrigin,5,101
Wrong-Adaptive-Filter,0,51.12177968503051,1.0,0.0,1.0,0.0,Rastrigin,5,101
Wrong-Adaptive-Filter,1,51.12177968503051,1.0,1.0,0.92,0.11845279720278831,Rastrigin,5,101
Wrong-Adaptive-Filter,2,51.12177968503051,1.0,1.0,0.92,0.11199388846446895,Rastrigin,5,101
Wrong-Adaptive-Filter,3,51.12177968503051,1.0,1.0,0.9,0.14512277845610283,Rastrigin,5,101
Wrong-Adaptive-Filter,4,51.12177968503051,1.0,1.0,0.93,0.1052053209947884,Rastrigin,5,101
Wrong-Adaptive-Filter,5,51.12177968503051,1.0,1.0,0.94,0.08680672268907069,Rastrigin,5,101
Wrong-Adaptive-Filter,6,51.12177968503051,1.0,1.0,0.93,0.10415106951871114,Rastrigin,5,101
Wrong-Adaptive-Filter,7,51.12177968503051,1.0,1.0,0.9,0.13565766019325734,Rastrigin,5,101
Wrong-Adaptive-Filter,8,51.12177968503051,1.0,1.0,0.96,0.057854354556465024,Rastrigin,5,101
Wrong-Adaptive-Filter,9,51.12177968503051,1.0,1.0,0.96,0.0603174603174575,Rastrigin,5,101
Wrong-Adaptive-Filter,10,51.12177968503051,1.0,1.0,0.94,0.09291626794257977,Rastrigin,5,101
Wrong-Adaptive-Filter,11,51.12177968503051,1.0,1.0,0.94,0.09066225699765705,Rastrigin,5,101
Wrong-Adaptive-Filter,12,51.12177968503051,1.0,0.0,1.0,0.047209674383585476,Rastrigin,5,101
Wrong-Adaptive-Filter,13,51.12177968503051,1.0,0.0,1.0,0.029051383399208274,Rastrigin,5,101
Wrong-Adaptive-Filter,14,51.12177968503051,1.0,0.0,1.0,0.025746742013607535,Rastrigin,5,101
Wrong-Adaptive-Filter,15,51.12177968503051,1.0,0.0,1.0,0.01954985754985676,Rastrigin,5,101
Wrong-Adaptive-Filter,16,51.12177968503051,1.0,0.0,1.0,0.015999999999999362,Rastrigin,5,101
Wrong-Adaptive-Filter,17,51.12177968503051,1.0,0.0,1.0,0.015384615384614796,Rastrigin,5,101
Wrong-Adaptive-Filter,18,51.12177968503051,1.0,0.0,1.0,0.03440729130384188,Rastrigin,5,101
Wrong-Adaptive-Filter,19,51.12177968503051,1.0,0.0,1.0,0.03631672913881789,Rastrigin,5,101
Wrong-Adaptive-Filter,20,51.12177968503051,1.0,0.0,1.0,0.031056928333067522,Rastrigin,5,101
Oracle-Fixed-Filter,0,51.12177968503051,1.0,0.0,1.0,0.0,Rastrigin,5,101
Oracle-Fixed-Filter,1,51.12177968503051,1.0,0.0,1.0,0.0,Rastrigin,5,101
Oracle-Fixed-Filter,2,51.12177968503051,1.0,0.0,1.0,0.0,Rastrigin,5,101
Oracle-Fixed-Filter,3,51.12177968503051,1.0,0.0,1.0,0.0,Rastrigin,5,101
Oracle-Fixed-Filter,4,51.12177968503051,1.0,0.0,1.0,0.0,Rastrigin,5,101
Oracle-Fixed-Filter,5,51.12177968503051,1.0,0.0,1.0,0.0,Rastrigin,5,101
Oracle-Fixed-Filter,6,51.12177968503051,1.0,0.0,1.0,0.0,Rastrigin,5,101
Oracle-Fixed-Filter,7,51.12177968503051,1.0,0.0,1.0,0.0,Rastrigin,5,101
Oracle-Fixed-Filter,8,51.12177968503051,1.0,0.0,1.0,0.0,Rastrigin,5,101
Oracle-Fixed-Filter,9,51.12177968503051,1.0,0.0,1.0,0.0,Rastrigin,5,101
Oracle-Fixed-Filter,10,51.12177968503051,1.0,0.0,1.0,0.0,Rastrigin,5,101
Oracle-Fixed-Filter,11,51.12177968503051,1.0,0.0,1.0,0.0,Rastrigin,5,101
Oracle-Fixed-Filter,12,51.12177968503051,1.0,0.0,1.0,0.0,Rastrigin,5,101
Oracle-Fixed-Filter,13,51.12177968503051,1.0,0.0,1.0,0.0,Rastrigin,5,101
Oracle-Fixed-Filter,14,51.12177968503051,1.0,0.0,1.0,0.0,Rastrigin,5,101
Oracle-Fixed-Filter,15,51.12177968503051,1.0,0.0,1.0,0.0,Rastrigin,5,101
Oracle-Fixed-Filter,16,51.12177968503051,1.0,0.0,1.0,0.0,Rastrigin,5,101
Oracle-Fixed-Filter,17,51.12177968503051,1.0,0.0,1.0,0.0,Rastrigin,5,101
Oracle-Fixed-Filter,18,51.12177968503051,1.0,0.0,1.0,0.0,Rastrigin,5,101
Oracle-Fixed-Filter,19,51.12177968503051,1.0,0.0,1.0,0.0,Rastrigin,5,101
Oracle-Fixed-Filter,20,51.12177968503051,1.0,0.0,1.0,0.0,Rastrigin,5,101
Matching-Soft-Rerank,0,51.12177968503051,1.0,0.0,1.0,,Rastrigin,5,101
Matching-Soft-Rerank,1,44.970912644707305,0.879682063531049,0.0,1.0,,Rastrigin,5,101
Matching-Soft-Rerank,2,44.970912644707305,0.879682063531049,0.0,1.0,,Rastrigin,5,101
Matching-Soft-Rerank,3,44.970912644707305,0.879682063531049,0.0,1.0,,Rastrigin,5,101
Matching-Soft-Rerank,4,44.970912644707305,0.879682063531049,0.0,1.0,,Rastrigin,5,101
Matching-Soft-Rerank,5,44.970912644707305,0.879682063531049,0.0,1.0,,Rastrigin,5,101
Matching-Soft-Rerank,6,44.970912644707305,0.879682063531049,0.0,1.0,,Rastrigin,5,101
Matching-Soft-Rerank,7,44.970912644707305,0.879682063531049,0.0,1.0,,Rastrigin,5,101
Matching-Soft-Rerank,8,44.970912644707305,0.879682063531049,0.0,1.0,,Rastrigin,5,101
Matching-Soft-Rerank,9,44.77201130165385,0.8757913276396361,0.0,1.0,,Rastrigin,5,101
Matching-Soft-Rerank,10,44.77201130165385,0.8757913276396361,0.0,1.0,,Rastrigin,5,101
Matching-Soft-Rerank,11,44.77201130165385,0.8757913276396361,0.0,1.0,,Rastrigin,5,101
Matching-Soft-Rerank,12,44.77201130165385,0.8757913276396361,0.0,1.0,,Rastrigin,5,101
Matching-Soft-Rerank,13,44.77201130165385,0.8757913276396361,0.0,1.0,,Rastrigin,5,101
Matching-Soft-Rerank,14,44.77201130165385,0.8757913276396361,0.0,1.0,,Rastrigin,5,101
Matching-Soft-Rerank,15,44.77201130165385,0.8757913276396361,0.0,1.0,,Rastrigin,5,101
Matching-Soft-Rerank,16,44.77201130165385,0.8757913276396361,0.0,1.0,,Rastrigin,5,101
Matching-Soft-Rerank,17,44.77201130165385,0.8757913276396361,0.0,1.0,,Rastrigin,5,101
Matching-Soft-Rerank,18,39.12385969500041,0.765307075302323,0.0,1.0,,Rastrigin,5,101
Matching-Soft-Rerank,19,39.12385969500041,0.765307075302323,0.0,1.0,,Rastrigin,5,101
Matching-Soft-Rerank,20,39.12385969500041,0.765307075302323,0.0,1.0,,Rastrigin,5,101
Target-Only,0,69.49678317210348,1.0,0.0,1.0,0.0,Rastrigin,5,2026
Target-Only,1,69.49678317210348,1.0,0.0,1.0,0.0,Rastrigin,5,2026
Target-Only,2,69.49678317210348,1.0,0.0,1.0,0.0,Rastrigin,5,2026
Target-Only,3,69.49678317210348,1.0,0.0,1.0,0.0,Rastrigin,5,2026
Target-Only,4,69.49678317210348,1.0,0.0,1.0,0.0,Rastrigin,5,2026
Target-Only,5,53.06956075715044,0.763626146921473,0.0,1.0,0.0,Rastrigin,5,2026
Target-Only,6,53.06956075715044,0.763626146921473,0.0,1.0,0.0,Rastrigin,5,2026
Target-Only,7,53.06956075715044,0.763626146921473,0.0,1.0,0.0,Rastrigin,5,2026
Target-Only,8,53.06956075715044,0.763626146921473,0.0,1.0,0.0,Rastrigin,5,2026
Target-Only,9,53.06956075715044,0.763626146921473,0.0,1.0,0.0,Rastrigin,5,2026
Target-Only,10,53.06956075715044,0.763626146921473,0.0,1.0,0.0,Rastrigin,5,2026
Target-Only,11,42.50795846232929,0.6116536121831938,0.0,1.0,0.0,Rastrigin,5,2026
Target-Only,12,42.50795846232929,0.6116536121831938,0.0,1.0,0.0,Rastrigin,5,2026
Target-Only,13,42.50795846232929,0.6116536121831938,0.0,1.0,0.0,Rastrigin,5,2026
Target-Only,14,42.50795846232929,0.6116536121831938,0.0,1.0,0.0,Rastrigin,5,2026
Target-Only,15,42.50795846232929,0.6116536121831938,0.0,1.0,0.0,Rastrigin,5,2026
Target-Only,16,42.50795846232929,0.6116536121831938,0.0,1.0,0.0,Rastrigin,5,2026
Target-Only,17,42.50795846232929,0.6116536121831938,0.0,1.0,0.0,Rastrigin,5,2026
Target-Only,18,42.50795846232929,0.6116536121831938,0.0,1.0,0.0,Rastrigin,5,2026
Target-Only,19,42.50795846232929,0.6116536121831938,0.0,1.0,0.0,Rastrigin,5,2026
Target-Only,20,42.50795846232929,0.6116536121831938,0.0,1.0,0.0,Rastrigin,5,2026
Matching-Fixed-Filter,0,69.49678317210348,1.0,0.0,1.0,0.0,Rastrigin,5,2026
Matching-Fixed-Filter,1,69.49678317210348,1.0,1.0,0.25,1.0,Rastrigin,5,2026
Matching-Fixed-Filter,2,67.78704619895564,0.9753983293167138,1.0,0.25,1.0,Rastrigin,5,2026
Matching-Fixed-Filter,3,67.78704619895564,0.9753983293167138,1.0,0.25,1.0,Rastrigin,5,2026
Matching-Fixed-Filter,4,67.78704619895564,0.9753983293167138,1.0,0.25,1.0,Rastrigin,5,2026
Matching-Fixed-Filter,5,67.78704619895564,0.9753983293167138,1.0,0.25,1.0,Rastrigin,5,2026
Matching-Fixed-Filter,6,67.78704619895564,0.9753983293167138,1.0,0.25,1.0,Rastrigin,5,2026
Matching-Fixed-Filter,7,55.862199284363726,0.8038098561486688,1.0,0.25,1.0,Rastrigin,5,2026
Matching-Fixed-Filter,8,55.862199284363726,0.8038098561486688,1.0,0.25,1.0,Rastrigin,5,2026
Matching-Fixed-Filter,9,55.862199284363726,0.8038098561486688,1.0,0.25,1.0,Rastrigin,5,2026
Matching-Fixed-Filter,10,55.862199284363726,0.8038098561486688,1.0,0.25,1.0,Rastrigin,5,2026
Matching-Fixed-Filter,11,55.862199284363726,0.8038098561486688,1.0,0.25,1.0,Rastrigin,5,2026
Matching-Fixed-Filter,12,48.923333967809796,0.7039654460934529,1.0,0.25,1.0,Rastrigin,5,2026
Matching-Fixed-Filter,13,48.923333967809796,0.7039654460934529,1.0,0.25,1.0,Rastrigin,5,2026
Matching-Fixed-Filter,14,42.07636100524424,0.6054432893828386,1.0,0.25,1.0,Rastrigin,5,2026
Matching-Fixed-Filter,15,42.07636100524424,0.6054432893828386,1.0,0.25,1.0,Rastrigin,5,2026
Matching-Fixed-Filter,16,42.07636100524424,0.6054432893828386,1.0,0.25,1.0,Rastrigin,5,2026
Matching-Fixed-Filter,17,42.07636100524424,0.6054432893828386,1.0,0.25,1.0,Rastrigin,5,2026
Matching-Fixed-Filter,18,34.30386221177676,0.4936035978359727,1.0,0.25,1.0,Rastrigin,5,2026
Matching-Fixed-Filter,19,34.30386221177676,0.4936035978359727,1.0,0.25,1.0,Rastrigin,5,2026
Matching-Fixed-Filter,20,34.30386221177676,0.4936035978359727,1.0,0.25,1.0,Rastrigin,5,2026
Matching-Adaptive-Filter,0,69.49678317210348,1.0,0.0,1.0,0.0,Rastrigin,5,2026
Matching-Adaptive-Filter,1,69.49678317210348,1.0,1.0,0.96,0.06229020979020439,Rastrigin,5,2026
Matching-Adaptive-Filter,2,69.49678317210348,1.0,1.0,0.96,0.06254333901392241,Rastrigin,5,2026
Matching-Adaptive-Filter,3,69.49678317210348,1.0,1.0,0.93,0.10103106769772782,Rastrigin,5,2026
Matching-Adaptive-Filter,4,69.49678317210348,1.0,1.0,0.96,0.06385193753614395,Rastrigin,5,2026
Matching-Adaptive-Filter,5,53.06956075715044,0.763626146921473,1.0,0.95,0.07397249809014084,Rastrigin,5,2026
Matching-Adaptive-Filter,6,53.06956075715044,0.763626146921473,0.0,1.0,0.04161525974025725,Rastrigin,5,2026
Matching-Adaptive-Filter,7,53.06956075715044,0.763626146921473,0.0,1.0,0.02499999999999844,Rastrigin,5,2026
Matching-Adaptive-Filter,8,53.06956075715044,0.763626146921473,0.0,1.0,0.0235294117647045,Rastrigin,5,2026
Matching-Adaptive-Filter,9,53.06956075715044,0.763626146921473,0.0,1.0,0.02222222222222099,Rastrigin,5,2026
Matching-Adaptive-Filter,10,53.06956075715044,0.763626146921473,0.0,1.0,0.021052631578946265,Rastrigin,5,2026
Matching-Adaptive-Filter,11,42.50795846232929,0.6116536121831938,0.0,1.0,0.019999999999999005,Rastrigin,5,2026
Matching-Adaptive-Filter,12,42.50795846232929,0.6116536121831938,0.0,1.0,0.019047619047618144,Rastrigin,5,2026
Matching-Adaptive-Filter,13,42.50795846232929,0.6116536121831938,0.0,1.0,0.01818181818181736,Rastrigin,5,2026
Matching-Adaptive-Filter,14,42.50795846232929,0.6116536121831938,0.0,1.0,0.01739130434782533,Rastrigin,5,2026
Matching-Adaptive-Filter,15,42.50795846232929,0.6116536121831938,0.0,1.0,0.016666666666665976,Rastrigin,5,2026
Matching-Adaptive-Filter,16,42.50795846232929,0.6116536121831938,0.0,1.0,0.015999999999999362,Rastrigin,5,2026
Matching-Adaptive-Filter,17,42.50795846232929,0.6116536121831938,0.0,1.0,0.015384615384614796,Rastrigin,5,2026
Matching-Adaptive-Filter,18,42.50795846232929,0.6116536121831938,0.0,1.0,0.014814814814814267,Rastrigin,5,2026
Matching-Adaptive-Filter,19,42.50795846232929,0.6116536121831938,0.0,1.0,0.014285714285713777,Rastrigin,5,2026
Matching-Adaptive-Filter,20,42.50795846232929,0.6116536121831938,0.0,1.0,0.013793103448275388,Rastrigin,5,2026
Random-Adaptive-Filter,0,69.49678317210348,1.0,0.0,1.0,0.0,Rastrigin,5,2026
Random-Adaptive-Filter,1,69.49678317210348,1.0,0.0,1.0,0.039999999999996004,Rastrigin,5,2026
Random-Adaptive-Filter,2,69.49678317210348,1.0,0.0,1.0,0.03636363636363306,Rastrigin,5,2026
Random-Adaptive-Filter,3,69.49678317210348,1.0,0.0,1.0,0.03333333333333056,Rastrigin,5,2026
Random-Adaptive-Filter,4,69.49678317210348,1.0,0.0,1.0,0.0307692307692284,Rastrigin,5,2026
Random-Adaptive-Filter,5,53.06956075715044,0.763626146921473,0.0,1.0,0.0314805194805173,Rastrigin,5,2026
Random-Adaptive-Filter,6,53.06956075715044,0.763626146921473,0.0,1.0,0.026666666666664892,Rastrigin,5,2026
Random-Adaptive-Filter,7,53.06956075715044,0.763626146921473,0.0,1.0,0.02499999999999844,Rastrigin,5,2026
Random-Adaptive-Filter,8,53.06956075715044,0.763626146921473,0.0,1.0,0.0235294117647045,Rastrigin,5,2026
Random-Adaptive-Filter,9,53.06956075715044,0.763626146921473,0.0,1.0,0.02222222222222099,Rastrigin,5,2026
Random-Adaptive-Filter,10,53.06956075715044,0.763626146921473,0.0,1.0,0.021052631578946265,Rastrigin,5,2026
Random-Adaptive-Filter,11,42.50795846232929,0.6116536121831938,0.0,1.0,0.019999999999999005,Rastrigin,5,2026
Random-Adaptive-Filter,12,42.50795846232929,0.6116536121831938,0.0,1.0,0.019047619047618144,Rastrigin,5,2026
Random-Adaptive-Filter,13,42.50795846232929,0.6116536121831938,0.0,1.0,0.01818181818181736,Rastrigin,5,2026
Random-Adaptive-Filter,14,42.50795846232929,0.6116536121831938,0.0,1.0,0.01739130434782533,Rastrigin,5,2026
Random-Adaptive-Filter,15,42.50795846232929,0.6116536121831938,0.0,1.0,0.016666666666665976,Rastrigin,5,2026
Random-Adaptive-Filter,16,42.50795846232929,0.6116536121831938,0.0,1.0,0.015999999999999362,Rastrigin,5,2026
Random-Adaptive-Filter,17,42.50795846232929,0.6116536121831938,0.0,1.0,0.015384615384614796,Rastrigin,5,2026
Random-Adaptive-Filter,18,42.50795846232929,0.6116536121831938,0.0,1.0,0.014814814814814267,Rastrigin,5,2026
Random-Adaptive-Filter,19,42.50795846232929,0.6116536121831938,0.0,1.0,0.014285714285713777,Rastrigin,5,2026
Random-Adaptive-Filter,20,42.50795846232929,0.6116536121831938,0.0,1.0,0.013793103448275388,Rastrigin,5,2026
Wrong-Adaptive-Filter,0,69.49678317210348,1.0,0.0,1.0,0.0,Rastrigin,5,2026
Wrong-Adaptive-Filter,1,69.49678317210348,1.0,1.0,0.96,0.05398601398600912,Rastrigin,5,2026
Wrong-Adaptive-Filter,2,69.49678317210348,1.0,0.0,1.0,0.04654463183874558,Rastrigin,5,2026
Wrong-Adaptive-Filter,3,69.49678317210348,1.0,1.0,0.95,0.06765703432369631,Rastrigin,5,2026
Wrong-Adaptive-Filter,4,69.49678317210348,1.0,0.0,1.0,0.045242914979753975,Rastrigin,5,2026
Wrong-Adaptive-Filter,5,53.06956075715044,0.763626146921473,0.0,1.0,0.04648051948051655,Rastrigin,5,2026
Wrong-Adaptive-Filter,6,53.06956075715044,0.763626146921473,1.0,0.91,0.12104797979797356,Rastrigin,5,2026
Wrong-Adaptive-Filter,7,28.4997599369277,0.4100874693199859,1.0,0.88,0.16077727741813658,Rastrigin,5,2026
Wrong-Adaptive-Filter,8,28.4997599369277,0.4100874693199859,1.0,0.86,0.18861185030251343,Rastrigin,5,2026
Wrong-Adaptive-Filter,9,28.4997599369277,0.4100874693199859,1.0,0.8,0.2736842105263042,Rastrigin,5,2026
Wrong-Adaptive-Filter,10,28.4997599369277,0.4100874693199859,1.0,0.83,0.23388380041010665,Rastrigin,5,2026
Wrong-Adaptive-Filter,11,28.4997599369277,0.4100874693199859,1.0,0.77,0.30698506462480424,Rastrigin,5,2026
Wrong-Adaptive-Filter,12,28.4997599369277,0.4100874693199859,1.0,0.74,0.35246623847166,Rastrigin,5,2026
Wrong-Adaptive-Filter,13,28.4997599369277,0.4100874693199859,1.0,0.75,0.344191134951992,Rastrigin,5,2026
Wrong-Adaptive-Filter,14,28.4997599369277,0.4100874693199859,1.0,0.74,0.3535061916157182,Rastrigin,5,2026
Wrong-Adaptive-Filter,15,28.4997599369277,0.4100874693199859,1.0,0.74,0.35667948717947523,Rastrigin,5,2026
Wrong-Adaptive-Filter,16,28.4997599369277,0.4100874693199859,1.0,0.74,0.35356252707864455,Rastrigin,5,2026
Wrong-Adaptive-Filter,17,28.4997599369277,0.4100874693199859,1.0,0.75,0.34374582812270776,Rastrigin,5,2026
Wrong-Adaptive-Filter,18,28.4997599369277,0.4100874693199859,1.0,0.76,0.320470406030741,Rastrigin,5,2026
Wrong-Adaptive-Filter,19,28.4997599369277,0.4100874693199859,1.0,0.77,0.3174190848011338,Rastrigin,5,2026
Wrong-Adaptive-Filter,20,28.4997599369277,0.4100874693199859,1.0,0.76,0.3302995221447772,Rastrigin,5,2026
Oracle-Fixed-Filter,0,69.49678317210348,1.0,0.0,1.0,0.0,Rastrigin,5,2026
Oracle-Fixed-Filter,1,69.49678317210348,1.0,0.0,1.0,0.0,Rastrigin,5,2026
Oracle-Fixed-Filter,2,69.49678317210348,1.0,0.0,1.0,0.0,Rastrigin,5,2026
Oracle-Fixed-Filter,3,69.49678317210348,1.0,0.0,1.0,0.0,Rastrigin,5,2026
Oracle-Fixed-Filter,4,69.49678317210348,1.0,0.0,1.0,0.0,Rastrigin,5,2026
Oracle-Fixed-Filter,5,53.06956075715044,0.763626146921473,0.0,1.0,0.0,Rastrigin,5,2026
Oracle-Fixed-Filter,6,53.06956075715044,0.763626146921473,0.0,1.0,0.0,Rastrigin,5,2026
Oracle-Fixed-Filter,7,53.06956075715044,0.763626146921473,0.0,1.0,0.0,Rastrigin,5,2026
Oracle-Fixed-Filter,8,53.06956075715044,0.763626146921473,0.0,1.0,0.0,Rastrigin,5,2026
Oracle-Fixed-Filter,9,53.06956075715044,0.763626146921473,0.0,1.0,0.0,Rastrigin,5,2026
Oracle-Fixed-Filter,10,53.06956075715044,0.763626146921473,0.0,1.0,0.0,Rastrigin,5,2026
Oracle-Fixed-Filter,11,42.50795846232929,0.6116536121831938,0.0,1.0,0.0,Rastrigin,5,2026
Oracle-Fixed-Filter,12,42.50795846232929,0.6116536121831938,0.0,1.0,0.0,Rastrigin,5,2026
Oracle-Fixed-Filter,13,42.50795846232929,0.6116536121831938,0.0,1.0,0.0,Rastrigin,5,2026
Oracle-Fixed-Filter,14,42.50795846232929,0.6116536121831938,0.0,1.0,0.0,Rastrigin,5,2026
Oracle-Fixed-Filter,15,42.50795846232929,0.6116536121831938,0.0,1.0,0.0,Rastrigin,5,2026
Oracle-Fixed-Filter,16,42.50795846232929,0.6116536121831938,0.0,1.0,0.0,Rastrigin,5,2026
Oracle-Fixed-Filter,17,42.50795846232929,0.6116536121831938,0.0,1.0,0.0,Rastrigin,5,2026
Oracle-Fixed-Filter,18,42.50795846232929,0.6116536121831938,0.0,1.0,0.0,Rastrigin,5,2026
Oracle-Fixed-Filter,19,42.50795846232929,0.6116536121831938,0.0,1.0,0.0,Rastrigin,5,2026
Oracle-Fixed-Filter,20,42.50795846232929,0.6116536121831938,0.0,1.0,0.0,Rastrigin,5,2026
Matching-Soft-Rerank,0,69.49678317210348,1.0,0.0,1.0,,Rastrigin,5,2026
Matching-Soft-Rerank,1,52.73236505877101,0.758774185679693,0.0,1.0,,Rastrigin,5,2026
Matching-Soft-Rerank,2,52.73236505877101,0.758774185679693,0.0,1.0,,Rastrigin,5,2026
Matching-Soft-Rerank,3,46.870603448821726,0.674428388041361,0.0,1.0,,Rastrigin,5,2026
Matching-Soft-Rerank,4,46.870603448821726,0.674428388041361,0.0,1.0,,Rastrigin,5,2026
Matching-Soft-Rerank,5,46.870603448821726,0.674428388041361,0.0,1.0,,Rastrigin,5,2026
Matching-Soft-Rerank,6,46.870603448821726,0.674428388041361,0.0,1.0,,Rastrigin,5,2026
Matching-Soft-Rerank,7,46.870603448821726,0.674428388041361,0.0,1.0,,Rastrigin,5,2026
Matching-Soft-Rerank,8,46.870603448821726,0.674428388041361,0.0,1.0,,Rastrigin,5,2026
Matching-Soft-Rerank,9,46.870603448821726,0.674428388041361,0.0,1.0,,Rastrigin,5,2026
Matching-Soft-Rerank,10,46.870603448821726,0.674428388041361,0.0,1.0,,Rastrigin,5,2026
Matching-Soft-Rerank,11,46.870603448821726,0.674428388041361,0.0,1.0,,Rastrigin,5,2026
Matching-Soft-Rerank,12,46.870603448821726,0.674428388041361,0.0,1.0,,Rastrigin,5,2026
Matching-Soft-Rerank,13,46.870603448821726,0.674428388041361,0.0,1.0,,Rastrigin,5,2026
Matching-Soft-Rerank,14,46.870603448821726,0.674428388041361,0.0,1.0,,Rastrigin,5,2026
Matching-Soft-Rerank,15,46.870603448821726,0.674428388041361,0.0,1.0,,Rastrigin,5,2026
Matching-Soft-Rerank,16,46.870603448821726,0.674428388041361,0.0,1.0,,Rastrigin,5,2026
Matching-Soft-Rerank,17,46.870603448821726,0.674428388041361,0.0,1.0,,Rastrigin,5,2026
Matching-Soft-Rerank,18,46.870603448821726,0.674428388041361,0.0,1.0,,Rastrigin,5,2026
Matching-Soft-Rerank,19,46.870603448821726,0.674428388041361,0.0,1.0,,Rastrigin,5,2026
Matching-Soft-Rerank,20,46.870603448821726,0.674428388041361,0.0,1.0,,Rastrigin,5,2026
Target-Only,0,61.25116591399666,1.0,0.0,1.0,0.0,Rastrigin,5,777
Target-Only,1,61.25116591399666,1.0,0.0,1.0,0.0,Rastrigin,5,777
Target-Only,2,61.25116591399666,1.0,0.0,1.0,0.0,Rastrigin,5,777
Target-Only,3,61.25116591399666,1.0,0.0,1.0,0.0,Rastrigin,5,777
Target-Only,4,56.008851016628576,0.9144128145294594,0.0,1.0,0.0,Rastrigin,5,777
Target-Only,5,52.45689139129149,0.8564227408331575,0.0,1.0,0.0,Rastrigin,5,777
Target-Only,6,52.45689139129149,0.8564227408331575,0.0,1.0,0.0,Rastrigin,5,777
Target-Only,7,52.45689139129149,0.8564227408331575,0.0,1.0,0.0,Rastrigin,5,777
Target-Only,8,52.45689139129149,0.8564227408331575,0.0,1.0,0.0,Rastrigin,5,777
Target-Only,9,52.45689139129149,0.8564227408331575,0.0,1.0,0.0,Rastrigin,5,777
Target-Only,10,52.45689139129149,0.8564227408331575,0.0,1.0,0.0,Rastrigin,5,777
Target-Only,11,52.45689139129149,0.8564227408331575,0.0,1.0,0.0,Rastrigin,5,777
Target-Only,12,52.45689139129149,0.8564227408331575,0.0,1.0,0.0,Rastrigin,5,777
Target-Only,13,52.45689139129149,0.8564227408331575,0.0,1.0,0.0,Rastrigin,5,777
Target-Only,14,52.45689139129149,0.8564227408331575,0.0,1.0,0.0,Rastrigin,5,777
Target-Only,15,52.45689139129149,0.8564227408331575,0.0,1.0,0.0,Rastrigin,5,777
Target-Only,16,52.45689139129149,0.8564227408331575,0.0,1.0,0.0,Rastrigin,5,777
Target-Only,17,40.11597456493905,0.6549422197328664,0.0,1.0,0.0,Rastrigin,5,777
Target-Only,18,40.11597456493905,0.6549422197328664,0.0,1.0,0.0,Rastrigin,5,777
Target-Only,19,40.11597456493905,0.6549422197328664,0.0,1.0,0.0,Rastrigin,5,777
Target-Only,20,40.11597456493905,0.6549422197328664,0.0,1.0,0.0,Rastrigin,5,777
Matching-Fixed-Filter,0,61.25116591399666,1.0,0.0,1.0,0.0,Rastrigin,5,777
Matching-Fixed-Filter,1,61.25116591399666,1.0,1.0,0.25,1.0,Rastrigin,5,777
Matching-Fixed-Filter,2,61.25116591399666,1.0,1.0,0.25,1.0,Rastrigin,5,777
Matching-Fixed-Filter,3,61.25116591399666,1.0,1.0,0.25,1.0,Rastrigin,5,777
Matching-Fixed-Filter,4,61.25116591399666,1.0,1.0,0.25,1.0,Rastrigin,5,777
Matching-Fixed-Filter,5,60.161974973525474,0.9822176292611225,1.0,0.25,1.0,Rastrigin,5,777
Matching-Fixed-Filter,6,42.30223961654056,0.690635663587817,1.0,0.25,1.0,Rastrigin,5,777
Matching-Fixed-Filter,7,42.30223961654056,0.690635663587817,1.0,0.25,1.0,Rastrigin,5,777
Matching-Fixed-Filter,8,42.30223961654056,0.690635663587817,1.0,0.25,1.0,Rastrigin,5,777
Matching-Fixed-Filter,9,42.30223961654056,0.690635663587817,1.0,0.25,1.0,Rastrigin,5,777
Matching-Fixed-Filter,10,42.30223961654056,0.690635663587817,1.0,0.25,1.0,Rastrigin,5,777
Matching-Fixed-Filter,11,42.30223961654056,0.690635663587817,1.0,0.25,1.0,Rastrigin,5,777
Matching-Fixed-Filter,12,42.30223961654056,0.690635663587817,1.0,0.25,1.0,Rastrigin,5,777
Matching-Fixed-Filter,13,42.30223961654056,0.690635663587817,1.0,0.25,1.0,Rastrigin,5,777
Matching-Fixed-Filter,14,42.30223961654056,0.690635663587817,1.0,0.25,1.0,Rastrigin,5,777
Matching-Fixed-Filter,15,42.30223961654056,0.690635663587817,1.0,0.25,1.0,Rastrigin,5,777
Matching-Fixed-Filter,16,42.30223961654056,0.690635663587817,1.0,0.25,1.0,Rastrigin,5,777
Matching-Fixed-Filter,17,42.30223961654056,0.690635663587817,1.0,0.25,1.0,Rastrigin,5,777
Matching-Fixed-Filter,18,42.30223961654056,0.690635663587817,1.0,0.25,1.0,Rastrigin,5,777
Matching-Fixed-Filter,19,42.30223961654056,0.690635663587817,1.0,0.25,1.0,Rastrigin,5,777
Matching-Fixed-Filter,20,41.7095109215581,0.6809586446096849,1.0,0.25,1.0,Rastrigin,5,777
Matching-Adaptive-Filter,0,61.25116591399666,1.0,0.0,1.0,0.0,Rastrigin,5,777
Matching-Adaptive-Filter,1,61.25116591399666,1.0,1.0,0.76,0.3297727272727052,Rastrigin,5,777
Matching-Adaptive-Filter,2,61.25116591399666,1.0,1.0,0.72,0.3863420892832419,Rastrigin,5,777
Matching-Adaptive-Filter,3,61.25116591399666,1.0,1.0,0.78,0.2934065934065762,Rastrigin,5,777
Matching-Adaptive-Filter,4,56.008851016628576,0.9144128145294594,1.0,0.76,0.3223105841526717,Rastrigin,5,777
Matching-Adaptive-Filter,5,52.45689139129149,0.8564227408331575,1.0,0.77,0.3101970970206102,Rastrigin,5,777
Matching-Adaptive-Filter,6,52.45689139129149,0.8564227408331575,1.0,0.79,0.2872584033613304,Rastrigin,5,777
Matching-Adaptive-Filter,7,52.45689139129149,0.8564227408331575,1.0,0.77,0.31042780748661647,Rastrigin,5,777
Matching-Adaptive-Filter,8,52.45689139129149,0.8564227408331575,1.0,0.81,0.2587310585796134,Rastrigin,5,777
Matching-Adaptive-Filter,9,50.09680712957734,0.8178914863419701,1.0,0.82,0.25146198830408273,Rastrigin,5,777
Matching-Adaptive-Filter,10,50.09680712957734,0.8178914863419701,1.0,0.81,0.25540977443607976,Rastrigin,5,777
Matching-Adaptive-Filter,11,50.09680712957734,0.8178914863419701,1.0,0.84,0.2201873902494934,Rastrigin,5,777
Matching-Adaptive-Filter,12,50.09680712957734,0.8178914863419701,1.0,0.83,0.2369372425078857,Rastrigin,5,777
Matching-Adaptive-Filter,13,50.09680712957734,0.8178914863419701,1.0,0.8,0.2737330604178331,Rastrigin,5,777
Matching-Adaptive-Filter,14,50.09680712957734,0.8178914863419701,1.0,0.81,0.2633114947051269,Rastrigin,5,777
Matching-Adaptive-Filter,15,38.73986500542833,0.6324755525441481,1.0,0.79,0.28524216524215557,Rastrigin,5,777
Matching-Adaptive-Filter,16,38.73986500542833,0.6324755525441481,1.0,0.77,0.310079128756538,Rastrigin,5,777
Matching-Adaptive-Filter,17,26.636525831353985,0.4348737764233677,1.0,0.78,0.30072480173810134,Rastrigin,5,777
Matching-Adaptive-Filter,18,26.636525831353985,0.4348737764233677,1.0,0.76,0.32572357399942603,Rastrigin,5,777
Matching-Adaptive-Filter,19,26.636525831353985,0.4348737764233677,1.0,0.75,0.33512544802866395,Rastrigin,5,777
Matching-Adaptive-Filter,20,26.636525831353985,0.4348737764233677,1.0,0.73,0.3614297064765736,Rastrigin,5,777
Random-Adaptive-Filter,0,61.25116591399666,1.0,0.0,1.0,0.0,Rastrigin,5,777
Random-Adaptive-Filter,1,61.25116591399666,1.0,1.0,0.92,0.11430069930069067,Rastrigin,5,777
Random-Adaptive-Filter,2,61.25116591399666,1.0,1.0,0.88,0.16339040861098608,Rastrigin,5,777
Random-Adaptive-Filter,3,61.25116591399666,1.0,1.0,0.88,0.1685931352597916,Rastrigin,5,777
Random-Adaptive-Filter,4,56.008851016628576,0.9144128145294594,1.0,0.83,0.22719780219778954,Rastrigin,5,777
Random-Adaptive-Filter,5,52.45689139129149,0.8564227408331575,1.0,0.76,0.3286997708174008,Rastrigin,5,777
Random-Adaptive-Filter,6,52.45689139129149,0.8564227408331575,1.0,0.73,0.3632082908920967,Rastrigin,5,777
Random-Adaptive-Filter,7,52.45689139129149,0.8564227408331575,1.0,0.75,0.3465475185289266,Rastrigin,5,777
Random-Adaptive-Filter,8,52.45689139129149,0.8564227408331575,1.0,0.78,0.29991610033673577,Rastrigin,5,777
Random-Adaptive-Filter,9,34.605619028699266,0.5649789438667885,1.0,0.78,0.3017543859648994,Rastrigin,5,777
Random-Adaptive-Filter,10,34.605619028699266,0.5649789438667885,1.0,0.78,0.3028773069036103,Rastrigin,5,777
Random-Adaptive-Filter,11,34.605619028699266,0.5649789438667885,1.0,0.78,0.29362575312884726,Rastrigin,5,777
Random-Adaptive-Filter,12,34.605619028699266,0.5649789438667885,1.0,0.78,0.29814128604888346,Rastrigin,5,777
Random-Adaptive-Filter,13,34.605619028699266,0.5649789438667885,1.0,0.79,0.28716473743646614,Rastrigin,5,777
Random-Adaptive-Filter,14,34.605619028699266,0.5649789438667885,1.0,0.78,0.30239091427136044,Rastrigin,5,777
Random-Adaptive-Filter,15,34.605619028699266,0.5649789438667885,1.0,0.77,0.3089188034187931,Rastrigin,5,777
Random-Adaptive-Filter,16,34.605619028699266,0.5649789438667885,1.0,0.77,0.3147218874315545,Rastrigin,5,777
Random-Adaptive-Filter,17,34.605619028699266,0.5649789438667885,1.0,0.76,0.32176719059658154,Rastrigin,5,777
Random-Adaptive-Filter,18,34.605619028699266,0.5649789438667885,1.0,0.78,0.30248212834418803,Rastrigin,5,777
Random-Adaptive-Filter,19,34.605619028699266,0.5649789438667885,1.0,0.77,0.3120588391084928,Rastrigin,5,777
Random-Adaptive-Filter,20,34.605619028699266,0.5649789438667885,1.0,0.77,0.31246937072937286,Rastrigin,5,777
Wrong-Adaptive-Filter,0,61.25116591399666,1.0,0.0,1.0,0.0,Rastrigin,5,777
Wrong-Adaptive-Filter,1,61.25116591399666,1.0,1.0,0.91,0.12522727272726342,Rastrigin,5,777
Wrong-Adaptive-Filter,2,61.25116591399666,1.0,1.0,0.95,0.07196345321344783,Rastrigin,5,777
Wrong-Adaptive-Filter,3,61.25116591399666,1.0,1.0,0.96,0.06568986568986113,Rastrigin,5,777
Wrong-Adaptive-Filter,4,56.008851016628576,0.9144128145294594,1.0,0.95,0.07625795257373727,Rastrigin,5,777
Wrong-Adaptive-Filter,5,56.008851016628576,0.9144128145294594,1.0,0.9,0.1454430863254314,Rastrigin,5,777
Wrong-Adaptive-Filter,6,56.008851016628576,0.9144128145294594,1.0,0.87,0.1744629063746623,Rastrigin,5,777
Wrong-Adaptive-Filter,7,56.008851016628576,0.9144128145294594,1.0,0.87,0.17333708603057618,Rastrigin,5,777
Wrong-Adaptive-Filter,8,56.008851016628576,0.9144128145294594,1.0,0.88,0.16482886999779503,Rastrigin,5,777
Wrong-Adaptive-Filter,9,56.008851016628576,0.9144128145294594,1.0,0.88,0.160233918128648,Rastrigin,5,777
Wrong-Adaptive-Filter,10,56.008851016628576,0.9144128145294594,1.0,0.9,0.14027341079972072,Rastrigin,5,777
Wrong-Adaptive-Filter,11,56.008851016628576,0.9144128145294594,1.0,0.89,0.15510216491582335,Rastrigin,5,777
Wrong-Adaptive-Filter,12,43.78265466215856,0.7148052450729543,1.0,0.9,0.14510634293242428,Rastrigin,5,777
Wrong-Adaptive-Filter,13,43.78265466215856,0.7148052450729543,1.0,0.93,0.10447840203274596,Rastrigin,5,777
Wrong-Adaptive-Filter,14,43.78265466215856,0.7148052450729543,1.0,0.93,0.10506366938136885,Rastrigin,5,777
Wrong-Adaptive-Filter,15,43.78265466215856,0.7148052450729543,1.0,0.91,0.12804558404557967,Rastrigin,5,777
Wrong-Adaptive-Filter,16,43.78265466215856,0.7148052450729543,1.0,0.92,0.10953460159911407,Rastrigin,5,777
Wrong-Adaptive-Filter,17,43.78265466215856,0.7148052450729543,1.0,0.9,0.13622591083268198,Rastrigin,5,777
Wrong-Adaptive-Filter,18,43.78265466215856,0.7148052450729543,1.0,0.9,0.13863356471114657,Rastrigin,5,777
Wrong-Adaptive-Filter,19,43.78265466215856,0.7148052450729543,1.0,0.92,0.11409159881972471,Rastrigin,5,777
Wrong-Adaptive-Filter,20,43.78265466215856,0.7148052450729543,1.0,0.92,0.1137114707952113,Rastrigin,5,777
Oracle-Fixed-Filter,0,61.25116591399666,1.0,0.0,1.0,0.0,Rastrigin,5,777
Oracle-Fixed-Filter,1,61.25116591399666,1.0,0.0,1.0,0.0,Rastrigin,5,777
Oracle-Fixed-Filter,2,61.25116591399666,1.0,0.0,1.0,0.0,Rastrigin,5,777
Oracle-Fixed-Filter,3,61.25116591399666,1.0,0.0,1.0,0.0,Rastrigin,5,777
Oracle-Fixed-Filter,4,56.008851016628576,0.9144128145294594,0.0,1.0,0.0,Rastrigin,5,777
Oracle-Fixed-Filter,5,52.45689139129149,0.8564227408331575,0.0,1.0,0.0,Rastrigin,5,777
Oracle-Fixed-Filter,6,52.45689139129149,0.8564227408331575,0.0,1.0,0.0,Rastrigin,5,777
Oracle-Fixed-Filter,7,52.45689139129149,0.8564227408331575,0.0,1.0,0.0,Rastrigin,5,777
Oracle-Fixed-Filter,8,52.45689139129149,0.8564227408331575,0.0,1.0,0.0,Rastrigin,5,777
Oracle-Fixed-Filter,9,52.45689139129149,0.8564227408331575,0.0,1.0,0.0,Rastrigin,5,777
Oracle-Fixed-Filter,10,52.45689139129149,0.8564227408331575,0.0,1.0,0.0,Rastrigin,5,777
Oracle-Fixed-Filter,11,52.45689139129149,0.8564227408331575,0.0,1.0,0.0,Rastrigin,5,777
Oracle-Fixed-Filter,12,52.45689139129149,0.8564227408331575,0.0,1.0,0.0,Rastrigin,5,777
Oracle-Fixed-Filter,13,52.45689139129149,0.8564227408331575,0.0,1.0,0.0,Rastrigin,5,777
Oracle-Fixed-Filter,14,52.45689139129149,0.8564227408331575,0.0,1.0,0.0,Rastrigin,5,777
Oracle-Fixed-Filter,15,52.45689139129149,0.8564227408331575,0.0,1.0,0.0,Rastrigin,5,777
Oracle-Fixed-Filter,16,52.45689139129149,0.8564227408331575,0.0,1.0,0.0,Rastrigin,5,777
Oracle-Fixed-Filter,17,40.11597456493905,0.6549422197328664,0.0,1.0,0.0,Rastrigin,5,777
Oracle-Fixed-Filter,18,40.11597456493905,0.6549422197328664,0.0,1.0,0.0,Rastrigin,5,777
Oracle-Fixed-Filter,19,40.11597456493905,0.6549422197328664,0.0,1.0,0.0,Rastrigin,5,777
Oracle-Fixed-Filter,20,40.11597456493905,0.6549422197328664,0.0,1.0,0.0,Rastrigin,5,777
Matching-Soft-Rerank,0,61.25116591399666,1.0,0.0,1.0,,Rastrigin,5,777
Matching-Soft-Rerank,1,48.20254562066441,0.78696535651821,0.0,1.0,,Rastrigin,5,777
Matching-Soft-Rerank,2,48.20254562066441,0.78696535651821,0.0,1.0,,Rastrigin,5,777
Matching-Soft-Rerank,3,20.598382875817585,0.33629372712251665,0.0,1.0,,Rastrigin,5,777
Matching-Soft-Rerank,4,20.598382875817585,0.33629372712251665,0.0,1.0,,Rastrigin,5,777
Matching-Soft-Rerank,5,20.598382875817585,0.33629372712251665,0.0,1.0,,Rastrigin,5,777
Matching-Soft-Rerank,6,20.598382875817585,0.33629372712251665,0.0,1.0,,Rastrigin,5,777
Matching-Soft-Rerank,7,20.598382875817585,0.33629372712251665,0.0,1.0,,Rastrigin,5,777
Matching-Soft-Rerank,8,20.598382875817585,0.33629372712251665,0.0,1.0,,Rastrigin,5,777
Matching-Soft-Rerank,9,20.598382875817585,0.33629372712251665,0.0,1.0,,Rastrigin,5,777
Matching-Soft-Rerank,10,20.598382875817585,0.33629372712251665,0.0,1.0,,Rastrigin,5,777
Matching-Soft-Rerank,11,20.598382875817585,0.33629372712251665,0.0,1.0,,Rastrigin,5,777
Matching-Soft-Rerank,12,20.598382875817585,0.33629372712251665,0.0,1.0,,Rastrigin,5,777
Matching-Soft-Rerank,13,20.598382875817585,0.33629372712251665,0.0,1.0,,Rastrigin,5,777
Matching-Soft-Rerank,14,20.598382875817585,0.33629372712251665,0.0,1.0,,Rastrigin,5,777
Matching-Soft-Rerank,15,20.598382875817585,0.33629372712251665,0.0,1.0,,Rastrigin,5,777
Matching-Soft-Rerank,16,20.598382875817585,0.33629372712251665,0.0,1.0,,Rastrigin,5,777
Matching-Soft-Rerank,17,20.598382875817585,0.33629372712251665,0.0,1.0,,Rastrigin,5,777
Matching-Soft-Rerank,18,20.598382875817585,0.33629372712251665,0.0,1.0,,Rastrigin,5,777
Matching-Soft-Rerank,19,20.598382875817585,0.33629372712251665,0.0,1.0,,Rastrigin,5,777
Matching-Soft-Rerank,20,20.598382875817585,0.33629372712251665,0.0,1.0,,Rastrigin,5,777
Target-Only,0,71.20870146204726,1.0,0.0,1.0,0.0,Rastrigin,5,999
Target-Only,1,71.20870146204726,1.0,0.0,1.0,0.0,Rastrigin,5,999
Target-Only,2,68.25432802176257,0.9585110614345453,0.0,1.0,0.0,Rastrigin,5,999
Target-Only,3,68.25432802176257,0.9585110614345453,0.0,1.0,0.0,Rastrigin,5,999
Target-Only,4,68.25432802176257,0.9585110614345453,0.0,1.0,0.0,Rastrigin,5,999
Target-Only,5,68.25432802176257,0.9585110614345453,0.0,1.0,0.0,Rastrigin,5,999
Target-Only,6,68.25432802176257,0.9585110614345453,0.0,1.0,0.0,Rastrigin,5,999
Target-Only,7,68.25432802176257,0.9585110614345453,0.0,1.0,0.0,Rastrigin,5,999
Target-Only,8,68.25432802176257,0.9585110614345453,0.0,1.0,0.0,Rastrigin,5,999
Target-Only,9,68.25432802176257,0.9585110614345453,0.0,1.0,0.0,Rastrigin,5,999
Target-Only,10,57.10965856154236,0.8020039319489712,0.0,1.0,0.0,Rastrigin,5,999
Target-Only,11,57.10965856154236,0.8020039319489712,0.0,1.0,0.0,Rastrigin,5,999
Target-Only,12,57.10965856154236,0.8020039319489712,0.0,1.0,0.0,Rastrigin,5,999
Target-Only,13,57.10965856154236,0.8020039319489712,0.0,1.0,0.0,Rastrigin,5,999
Target-Only,14,57.10965856154236,0.8020039319489712,0.0,1.0,0.0,Rastrigin,5,999
Target-Only,15,57.10965856154236,0.8020039319489712,0.0,1.0,0.0,Rastrigin,5,999
Target-Only,16,57.10965856154236,0.8020039319489712,0.0,1.0,0.0,Rastrigin,5,999
Target-Only,17,57.10965856154236,0.8020039319489712,0.0,1.0,0.0,Rastrigin,5,999
Target-Only,18,57.10965856154236,0.8020039319489712,0.0,1.0,0.0,Rastrigin,5,999
Target-Only,19,57.10965856154236,0.8020039319489712,0.0,1.0,0.0,Rastrigin,5,999
Target-Only,20,57.10965856154236,0.8020039319489712,0.0,1.0,0.0,Rastrigin,5,999
Matching-Fixed-Filter,0,71.20870146204726,1.0,0.0,1.0,0.0,Rastrigin,5,999
Matching-Fixed-Filter,1,71.20870146204726,1.0,1.0,0.25,1.0,Rastrigin,5,999
Matching-Fixed-Filter,2,71.20870146204726,1.0,1.0,0.25,1.0,Rastrigin,5,999
Matching-Fixed-Filter,3,71.20870146204726,1.0,1.0,0.25,1.0,Rastrigin,5,999
Matching-Fixed-Filter,4,71.20870146204726,1.0,1.0,0.25,1.0,Rastrigin,5,999
Matching-Fixed-Filter,5,71.20870146204726,1.0,1.0,0.25,1.0,Rastrigin,5,999
Matching-Fixed-Filter,6,71.20870146204726,1.0,1.0,0.25,1.0,Rastrigin,5,999
Matching-Fixed-Filter,7,50.62055322344939,0.7108759489235889,1.0,0.25,1.0,Rastrigin,5,999
Matching-Fixed-Filter,8,50.62055322344939,0.7108759489235889,1.0,0.25,1.0,Rastrigin,5,999
Matching-Fixed-Filter,9,50.62055322344939,0.7108759489235889,1.0,0.25,1.0,Rastrigin,5,999
Matching-Fixed-Filter,10,50.62055322344939,0.7108759489235889,1.0,0.25,1.0,Rastrigin,5,999
Matching-Fixed-Filter,11,50.62055322344939,0.7108759489235889,1.0,0.25,1.0,Rastrigin,5,999
Matching-Fixed-Filter,12,50.62055322344939,0.7108759489235889,1.0,0.25,1.0,Rastrigin,5,999
Matching-Fixed-Filter,13,50.62055322344939,0.7108759489235889,1.0,0.25,1.0,Rastrigin,5,999
Matching-Fixed-Filter,14,50.62055322344939,0.7108759489235889,1.0,0.25,1.0,Rastrigin,5,999
Matching-Fixed-Filter,15,50.62055322344939,0.7108759489235889,1.0,0.25,1.0,Rastrigin,5,999
Matching-Fixed-Filter,16,49.38167938987621,0.6934781617411688,1.0,0.25,1.0,Rastrigin,5,999
Matching-Fixed-Filter,17,49.38167938987621,0.6934781617411688,1.0,0.25,1.0,Rastrigin,5,999
Matching-Fixed-Filter,18,49.38167938987621,0.6934781617411688,1.0,0.25,1.0,Rastrigin,5,999
Matching-Fixed-Filter,19,49.38167938987621,0.6934781617411688,1.0,0.25,1.0,Rastrigin,5,999
Matching-Fixed-Filter,20,49.38167938987621,0.6934781617411688,1.0,0.25,1.0,Rastrigin,5,999
Matching-Adaptive-Filter,0,71.20870146204726,1.0,0.0,1.0,0.0,Rastrigin,5,999
Matching-Adaptive-Filter,1,71.20870146204726,1.0,1.0,0.95,0.07496503496502879,Rastrigin,5,999
Matching-Adaptive-Filter,2,68.25432802176257,0.9585110614345453,1.0,0.95,0.07708761826408315,Rastrigin,5,999
Matching-Adaptive-Filter,3,68.25432802176257,0.9585110614345453,1.0,0.9,0.1402387735720982,Rastrigin,5,999
Matching-Adaptive-Filter,4,68.25432802176257,0.9585110614345453,1.0,0.91,0.1320850202429073,Rastrigin,5,999
Matching-Adaptive-Filter,5,68.25432802176257,0.9585110614345453,1.0,0.83,0.2316944232238228,Rastrigin,5,999
Matching-Adaptive-Filter,6,68.25432802176257,0.9585110614345453,1.0,0.8,0.2689476699770685,Rastrigin,5,999
Matching-Adaptive-Filter,7,68.25432802176257,0.9585110614345453,1.0,0.79,0.28383056571909737,Rastrigin,5,999
Matching-Adaptive-Filter,8,68.25432802176257,0.9585110614345453,1.0,0.79,0.2852082046219757,Rastrigin,5,999
Matching-Adaptive-Filter,9,68.25432802176257,0.9585110614345453,1.0,0.8,0.2783625730994033,Rastrigin,5,999
Matching-Adaptive-Filter,10,68.25432802176257,0.9585110614345453,1.0,0.79,0.2828967874230917,Rastrigin,5,999
Matching-Adaptive-Filter,11,68.25432802176257,0.9585110614345453,1.0,0.78,0.3051558379508571,Rastrigin,5,999
Matching-Adaptive-Filter,12,68.25432802176257,0.9585110614345453,1.0,0.78,0.3015001202501089,Rastrigin,5,999
Matching-Adaptive-Filter,13,62.8107634614944,0.8820658454918072,1.0,0.78,0.30121753246752153,Rastrigin,5,999
Matching-Adaptive-Filter,14,62.8107634614944,0.8820658454918072,1.0,0.77,0.31833792238495023,Rastrigin,5,999
Matching-Adaptive-Filter,15,62.8107634614944,0.8820658454918072,1.0,0.78,0.3035754985754883,Rastrigin,5,999
Matching-Adaptive-Filter,16,53.955076248216145,0.7577034146167244,1.0,0.77,0.3195911221394988,Rastrigin,5,999
Matching-Adaptive-Filter,17,53.955076248216145,0.7577034146167244,1.0,0.75,0.33759659488636035,Rastrigin,5,999
Matching-Adaptive-Filter,18,53.955076248216145,0.7577034146167244,1.0,0.74,0.35758726426828774,Rastrigin,5,999
Matching-Adaptive-Filter,19,53.955076248216145,0.7577034146167244,1.0,0.73,0.36260177040781866,Rastrigin,5,999
Matching-Adaptive-Filter,20,53.955076248216145,0.7577034146167244,1.0,0.73,0.3728149928491868,Rastrigin,5,999
Random-Adaptive-Filter,0,71.20870146204726,1.0,0.0,1.0,0.0,Rastrigin,5,999
Random-Adaptive-Filter,1,71.20870146204726,1.0,1.0,0.89,0.15188811188810095,Rastrigin,5,999
Random-Adaptive-Filter,2,68.25432802176257,0.9585110614345453,1.0,0.88,0.16256219270924083,Rastrigin,5,999
Random-Adaptive-Filter,3,68.25432802176257,0.9585110614345453,1.0,0.87,0.1756478089811316,Rastrigin,5,999
Random-Adaptive-Filter,4,68.25432802176257,0.9585110614345453,1.0,0.86,0.18791208791207725,Rastrigin,5,999
Random-Adaptive-Filter,5,68.25432802176257,0.9585110614345453,1.0,0.87,0.18299923605804982,Rastrigin,5,999
Random-Adaptive-Filter,6,68.25432802176257,0.9585110614345453,1.0,0.86,0.1928770902300217,Rastrigin,5,999
Random-Adaptive-Filter,7,68.25432802176257,0.9585110614345453,1.0,0.91,0.12564264940425318,Rastrigin,5,999
Random-Adaptive-Filter,8,68.25432802176257,0.9585110614345453,1.0,0.94,0.09250201048558396,Rastrigin,5,999
Random-Adaptive-Filter,9,68.25432802176257,0.9585110614345453,1.0,0.96,0.0639933166248926,Rastrigin,5,999
Random-Adaptive-Filter,10,57.10965856154236,0.8020039319489712,1.0,0.95,0.07933834586465818,Rastrigin,5,999
Random-Adaptive-Filter,11,57.10965856154236,0.8020039319489712,1.0,0.96,0.05626373626373386,Rastrigin,5,999
Random-Adaptive-Filter,12,57.10965856154236,0.8020039319489712,1.0,0.97,0.050885145450360755,Rastrigin,5,999
Random-Adaptive-Filter,13,57.10965856154236,0.8020039319489712,0.0,1.0,0.029827780914736188,Rastrigin,5,999
Random-Adaptive-Filter,14,57.10965856154236,0.8020039319489712,0.0,1.0,0.02602525660246694,Rastrigin,5,999
Random-Adaptive-Filter,15,57.10965856154236,0.8020039319489712,1.0,0.97,0.050371794871793066,Rastrigin,5,999
Random-Adaptive-Filter,16,57.10965856154236,0.8020039319489712,0.0,1.0,0.03774169916105266,Rastrigin,5,999
Random-Adaptive-Filter,17,57.10965856154236,0.8020039319489712,0.0,1.0,0.030101324142460476,Rastrigin,5,999
Random-Adaptive-Filter,18,57.10965856154236,0.8020039319489712,0.0,1.0,0.0443123766399614,Rastrigin,5,999
Random-Adaptive-Filter,19,57.10965856154236,0.8020039319489712,0.0,1.0,0.048202432623029194,Rastrigin,5,999
Random-Adaptive-Filter,20,57.10965856154236,0.8020039319489712,0.0,1.0,0.018988791400875605,Rastrigin,5,999
Wrong-Adaptive-Filter,0,71.20870146204726,1.0,0.0,1.0,0.0,Rastrigin,5,999
Wrong-Adaptive-Filter,1,71.20870146204726,1.0,0.0,1.0,0.039999999999996004,Rastrigin,5,999
Wrong-Adaptive-Filter,2,68.25432802176257,0.9585110614345453,0.0,1.0,0.03636363636363306,Rastrigin,5,999
Wrong-Adaptive-Filter,3,68.25432802176257,0.9585110614345453,0.0,1.0,0.03333333333333056,Rastrigin,5,999
Wrong-Adaptive-Filter,4,68.25432802176257,0.9585110614345453,0.0,1.0,0.0307692307692284,Rastrigin,5,999
Wrong-Adaptive-Filter,5,68.25432802176257,0.9585110614345453,0.0,1.0,0.028571428571426534,Rastrigin,5,999
Wrong-Adaptive-Filter,6,68.25432802176257,0.9585110614345453,0.0,1.0,0.027425303454713407,Rastrigin,5,999
Wrong-Adaptive-Filter,7,68.25432802176257,0.9585110614345453,0.0,1.0,0.02499999999999844,Rastrigin,5,999
Wrong-Adaptive-Filter,8,68.25432802176257,0.9585110614345453,0.0,1.0,0.0235294117647045,Rastrigin,5,999
Wrong-Adaptive-Filter,9,68.25432802176257,0.9585110614345453,0.0,1.0,0.02222222222222099,Rastrigin,5,999
Wrong-Adaptive-Filter,10,57.10965856154236,0.8020039319489712,0.0,1.0,0.021052631578946265,Rastrigin,5,999
Wrong-Adaptive-Filter,11,57.10965856154236,0.8020039319489712,0.0,1.0,0.019999999999999005,Rastrigin,5,999
Wrong-Adaptive-Filter,12,57.10965856154236,0.8020039319489712,0.0,1.0,0.019047619047618182,Rastrigin,5,999
Wrong-Adaptive-Filter,13,57.10965856154236,0.8020039319489712,0.0,1.0,0.01818181818181736,Rastrigin,5,999
Wrong-Adaptive-Filter,14,57.10965856154236,0.8020039319489712,0.0,1.0,0.031257303333626044,Rastrigin,5,999
Wrong-Adaptive-Filter,15,57.10965856154236,0.8020039319489712,1.0,0.96,0.06256267806267582,Rastrigin,5,999
Wrong-Adaptive-Filter,16,57.10965856154236,0.8020039319489712,0.0,1.0,0.03264598842018078,Rastrigin,5,999
Wrong-Adaptive-Filter,17,57.10965856154236,0.8020039319489712,0.0,1.0,0.04381216574198881,Rastrigin,5,999
Wrong-Adaptive-Filter,18,57.10965856154236,0.8020039319489712,1.0,0.97,0.05186688311688144,Rastrigin,5,999
Wrong-Adaptive-Filter,19,57.10965856154236,0.8020039319489712,1.0,0.97,0.05300235036543188,Rastrigin,5,999
Wrong-Adaptive-Filter,20,57.10965856154236,0.8020039319489712,0.0,1.0,0.02707881773398927,Rastrigin,5,999
Oracle-Fixed-Filter,0,71.20870146204726,1.0,0.0,1.0,0.0,Rastrigin,5,999
Oracle-Fixed-Filter,1,71.20870146204726,1.0,0.0,1.0,0.0,Rastrigin,5,999
Oracle-Fixed-Filter,2,68.25432802176257,0.9585110614345453,0.0,1.0,0.0,Rastrigin,5,999
Oracle-Fixed-Filter,3,68.25432802176257,0.9585110614345453,0.0,1.0,0.0,Rastrigin,5,999
Oracle-Fixed-Filter,4,68.25432802176257,0.9585110614345453,0.0,1.0,0.0,Rastrigin,5,999
Oracle-Fixed-Filter,5,68.25432802176257,0.9585110614345453,0.0,1.0,0.0,Rastrigin,5,999
Oracle-Fixed-Filter,6,68.25432802176257,0.9585110614345453,0.0,1.0,0.0,Rastrigin,5,999
Oracle-Fixed-Filter,7,68.25432802176257,0.9585110614345453,0.0,1.0,0.0,Rastrigin,5,999
Oracle-Fixed-Filter,8,68.25432802176257,0.9585110614345453,0.0,1.0,0.0,Rastrigin,5,999
Oracle-Fixed-Filter,9,68.25432802176257,0.9585110614345453,0.0,1.0,0.0,Rastrigin,5,999
Oracle-Fixed-Filter,10,57.10965856154236,0.8020039319489712,0.0,1.0,0.0,Rastrigin,5,999
Oracle-Fixed-Filter,11,57.10965856154236,0.8020039319489712,0.0,1.0,0.0,Rastrigin,5,999
Oracle-Fixed-Filter,12,57.10965856154236,0.8020039319489712,0.0,1.0,0.0,Rastrigin,5,999
Oracle-Fixed-Filter,13,57.10965856154236,0.8020039319489712,0.0,1.0,0.0,Rastrigin,5,999
Oracle-Fixed-Filter,14,57.10965856154236,0.8020039319489712,0.0,1.0,0.0,Rastrigin,5,999
Oracle-Fixed-Filter,15,57.10965856154236,0.8020039319489712,0.0,1.0,0.0,Rastrigin,5,999
Oracle-Fixed-Filter,16,57.10965856154236,0.8020039319489712,0.0,1.0,0.0,Rastrigin,5,999
Oracle-Fixed-Filter,17,57.10965856154236,0.8020039319489712,0.0,1.0,0.0,Rastrigin,5,999
Oracle-Fixed-Filter,18,57.10965856154236,0.8020039319489712,0.0,1.0,0.0,Rastrigin,5,999
Oracle-Fixed-Filter,19,57.10965856154236,0.8020039319489712,0.0,1.0,0.0,Rastrigin,5,999
Oracle-Fixed-Filter,20,57.10965856154236,0.8020039319489712,0.0,1.0,0.0,Rastrigin,5,999
Matching-Soft-Rerank,0,71.20870146204726,1.0,0.0,1.0,,Rastrigin,5,999
Matching-Soft-Rerank,1,55.92973700376817,0.7854340249917006,0.0,1.0,,Rastrigin,5,999
Matching-Soft-Rerank,2,32.599173110755885,0.4577976067732475,0.0,1.0,,Rastrigin,5,999
Matching-Soft-Rerank,3,32.599173110755885,0.4577976067732475,0.0,1.0,,Rastrigin,5,999
Matching-Soft-Rerank,4,32.599173110755885,0.4577976067732475,0.0,1.0,,Rastrigin,5,999
Matching-Soft-Rerank,5,32.599173110755885,0.4577976067732475,0.0,1.0,,Rastrigin,5,999
Matching-Soft-Rerank,6,32.599173110755885,0.4577976067732475,0.0,1.0,,Rastrigin,5,999
Matching-Soft-Rerank,7,32.599173110755885,0.4577976067732475,0.0,1.0,,Rastrigin,5,999
Matching-Soft-Rerank,8,32.599173110755885,0.4577976067732475,0.0,1.0,,Rastrigin,5,999
Matching-Soft-Rerank,9,32.599173110755885,0.4577976067732475,0.0,1.0,,Rastrigin,5,999
Matching-Soft-Rerank,10,19.425951265396666,0.2728030544939833,0.0,1.0,,Rastrigin,5,999
Matching-Soft-Rerank,11,19.425951265396666,0.2728030544939833,0.0,1.0,,Rastrigin,5,999
Matching-Soft-Rerank,12,19.425951265396666,0.2728030544939833,0.0,1.0,,Rastrigin,5,999
Matching-Soft-Rerank,13,19.425951265396666,0.2728030544939833,0.0,1.0,,Rastrigin,5,999
Matching-Soft-Rerank,14,19.425951265396666,0.2728030544939833,0.0,1.0,,Rastrigin,5,999
Matching-Soft-Rerank,15,19.425951265396666,0.2728030544939833,0.0,1.0,,Rastrigin,5,999
Matching-Soft-Rerank,16,19.425951265396666,0.2728030544939833,0.0,1.0,,Rastrigin,5,999
Matching-Soft-Rerank,17,19.425951265396666,0.2728030544939833,0.0,1.0,,Rastrigin,5,999
Matching-Soft-Rerank,18,19.425951265396666,0.2728030544939833,0.0,1.0,,Rastrigin,5,999
Matching-Soft-Rerank,19,19.425951265396666,0.2728030544939833,0.0,1.0,,Rastrigin,5,999
Matching-Soft-Rerank,20,19.425951265396666,0.2728030544939833,0.0,1.0,,Rastrigin,5,999
Target-Only,0,46.1032673042093,1.0,0.0,1.0,0.0,Rastrigin,5,1234
Target-Only,1,46.1032673042093,1.0,0.0,1.0,0.0,Rastrigin,5,1234
Target-Only,2,46.1032673042093,1.0,0.0,1.0,0.0,Rastrigin,5,1234
Target-Only,3,46.1032673042093,1.0,0.0,1.0,0.0,Rastrigin,5,1234
Target-Only,4,46.1032673042093,1.0,0.0,1.0,0.0,Rastrigin,5,1234
Target-Only,5,46.1032673042093,1.0,0.0,1.0,0.0,Rastrigin,5,1234
Target-Only,6,46.1032673042093,1.0,0.0,1.0,0.0,Rastrigin,5,1234
Target-Only,7,46.1032673042093,1.0,0.0,1.0,0.0,Rastrigin,5,1234
Target-Only,8,46.1032673042093,1.0,0.0,1.0,0.0,Rastrigin,5,1234
Target-Only,9,46.1032673042093,1.0,0.0,1.0,0.0,Rastrigin,5,1234
Target-Only,10,46.1032673042093,1.0,0.0,1.0,0.0,Rastrigin,5,1234
Target-Only,11,46.1032673042093,1.0,0.0,1.0,0.0,Rastrigin,5,1234
Target-Only,12,46.1032673042093,1.0,0.0,1.0,0.0,Rastrigin,5,1234
Target-Only,13,46.1032673042093,1.0,0.0,1.0,0.0,Rastrigin,5,1234
Target-Only,14,46.1032673042093,1.0,0.0,1.0,0.0,Rastrigin,5,1234
Target-Only,15,46.1032673042093,1.0,0.0,1.0,0.0,Rastrigin,5,1234
Target-Only,16,46.1032673042093,1.0,0.0,1.0,0.0,Rastrigin,5,1234
Target-Only,17,46.1032673042093,1.0,0.0,1.0,0.0,Rastrigin,5,1234
Target-Only,18,46.1032673042093,1.0,0.0,1.0,0.0,Rastrigin,5,1234
Target-Only,19,46.1032673042093,1.0,0.0,1.0,0.0,Rastrigin,5,1234
Target-Only,20,46.1032673042093,1.0,0.0,1.0,0.0,Rastrigin,5,1234
Matching-Fixed-Filter,0,46.1032673042093,1.0,0.0,1.0,0.0,Rastrigin,5,1234
Matching-Fixed-Filter,1,46.1032673042093,1.0,1.0,0.25,1.0,Rastrigin,5,1234
Matching-Fixed-Filter,2,46.1032673042093,1.0,1.0,0.25,1.0,Rastrigin,5,1234
Matching-Fixed-Filter,3,46.1032673042093,1.0,1.0,0.25,1.0,Rastrigin,5,1234
Matching-Fixed-Filter,4,46.1032673042093,1.0,1.0,0.25,1.0,Rastrigin,5,1234
Matching-Fixed-Filter,5,46.1032673042093,1.0,1.0,0.25,1.0,Rastrigin,5,1234
Matching-Fixed-Filter,6,46.1032673042093,1.0,1.0,0.25,1.0,Rastrigin,5,1234
Matching-Fixed-Filter,7,46.1032673042093,1.0,1.0,0.25,1.0,Rastrigin,5,1234
Matching-Fixed-Filter,8,46.1032673042093,1.0,1.0,0.25,1.0,Rastrigin,5,1234
Matching-Fixed-Filter,9,46.1032673042093,1.0,1.0,0.25,1.0,Rastrigin,5,1234
Matching-Fixed-Filter,10,46.1032673042093,1.0,1.0,0.25,1.0,Rastrigin,5,1234
Matching-Fixed-Filter,11,46.1032673042093,1.0,1.0,0.25,1.0,Rastrigin,5,1234
Matching-Fixed-Filter,12,46.1032673042093,1.0,1.0,0.25,1.0,Rastrigin,5,1234
Matching-Fixed-Filter,13,46.1032673042093,1.0,1.0,0.25,1.0,Rastrigin,5,1234
Matching-Fixed-Filter,14,46.1032673042093,1.0,1.0,0.25,1.0,Rastrigin,5,1234
Matching-Fixed-Filter,15,46.1032673042093,1.0,1.0,0.25,1.0,Rastrigin,5,1234
Matching-Fixed-Filter,16,46.1032673042093,1.0,1.0,0.25,1.0,Rastrigin,5,1234
Matching-Fixed-Filter,17,46.1032673042093,1.0,1.0,0.25,1.0,Rastrigin,5,1234
Matching-Fixed-Filter,18,46.1032673042093,1.0,1.0,0.25,1.0,Rastrigin,5,1234
Matching-Fixed-Filter,19,46.1032673042093,1.0,1.0,0.25,1.0,Rastrigin,5,1234
Matching-Fixed-Filter,20,46.1032673042093,1.0,1.0,0.25,1.0,Rastrigin,5,1234
Matching-Adaptive-Filter,0,46.1032673042093,1.0,0.0,1.0,0.0,Rastrigin,5,1234
Matching-Adaptive-Filter,1,46.1032673042093,1.0,1.0,0.87,0.1792045454545328,Rastrigin,5,1234
Matching-Adaptive-Filter,2,46.1032673042093,1.0,1.0,0.85,0.2114538647626747,Rastrigin,5,1234
Matching-Adaptive-Filter,3,46.1032673042093,1.0,1.0,0.83,0.22964319630984928,Rastrigin,5,1234
Matching-Adaptive-Filter,4,46.1032673042093,1.0,1.0,0.83,0.23650231347598444,Rastrigin,5,1234
Matching-Adaptive-Filter,5,46.1032673042093,1.0,1.0,0.8,0.2668227654698103,Rastrigin,5,1234
Matching-Adaptive-Filter,6,46.1032673042093,1.0,1.0,0.79,0.2840169552669413,Rastrigin,5,1234
Matching-Adaptive-Filter,7,46.1032673042093,1.0,1.0,0.78,0.29696500609811916,Rastrigin,5,1234
Matching-Adaptive-Filter,8,46.1032673042093,1.0,1.0,0.79,0.28872382198198654,Rastrigin,5,1234
Matching-Adaptive-Filter,9,46.1032673042093,1.0,1.0,0.78,0.2975772765246323,Rastrigin,5,1234
Matching-Adaptive-Filter,10,45.76120761024995,0.9925805758689011,1.0,0.8,0.2768253588516633,Rastrigin,5,1234
Matching-Adaptive-Filter,11,45.76120761024995,0.9925805758689011,1.0,0.79,0.293037521484715,Rastrigin,5,1234
Matching-Adaptive-Filter,12,45.76120761024995,0.9925805758689011,1.0,0.76,0.3219387194930552,Rastrigin,5,1234
Matching-Adaptive-Filter,13,45.76120761024995,0.9925805758689011,1.0,0.76,0.3222967250141046,Rastrigin,5,1234
Matching-Adaptive-Filter,14,45.76120761024995,0.9925805758689011,1.0,0.77,0.31386974287176583,Rastrigin,5,1234
Matching-Adaptive-Filter,15,45.76120761024995,0.9925805758689011,1.0,0.78,0.2983418803418703,Rastrigin,5,1234
Matching-Adaptive-Filter,16,45.76120761024995,0.9925805758689011,1.0,0.77,0.3131365552010611,Rastrigin,5,1234
Matching-Adaptive-Filter,17,45.76120761024995,0.9925805758689011,1.0,0.76,0.3296080731349834,Rastrigin,5,1234
Matching-Adaptive-Filter,18,45.76120761024995,0.9925805758689011,1.0,0.76,0.3259179438058648,Rastrigin,5,1234
Matching-Adaptive-Filter,19,45.76120761024995,0.9925805758689011,1.0,0.75,0.33861433338629215,Rastrigin,5,1234
Matching-Adaptive-Filter,20,45.76120761024995,0.9925805758689011,1.0,0.73,0.3618987650677519,Rastrigin,5,1234
Random-Adaptive-Filter,0,46.1032673042093,1.0,0.0,1.0,0.0,Rastrigin,5,1234
Random-Adaptive-Filter,1,46.1032673042093,1.0,1.0,0.88,0.16347027972026804,Rastrigin,5,1234
Random-Adaptive-Filter,2,46.1032673042093,1.0,1.0,0.89,0.14828725196371267,Rastrigin,5,1234
Random-Adaptive-Filter,3,46.1032673042093,1.0,1.0,0.88,0.16398046398045393,Rastrigin,5,1234
Random-Adaptive-Filter,4,46.1032673042093,1.0,1.0,0.93,0.09900231347599173,Rastrigin,5,1234
Random-Adaptive-Filter,5,46.1032673042093,1.0,1.0,0.92,0.11723453017570018,Rastrigin,5,1234
Random-Adaptive-Filter,6,46.1032673042093,1.0,1.0,0.92,0.10913393387657526,Rastrigin,5,1234
Random-Adaptive-Filter,7,46.1032673042093,1.0,1.0,0.92,0.11431419457734687,Rastrigin,5,1234
Random-Adaptive-Filter,8,46.1032673042093,1.0,1.0,0.93,0.10451818525919532,Rastrigin,5,1234
Random-Adaptive-Filter,9,46.1032673042093,1.0,1.0,0.93,0.10142021720968637,Rastrigin,5,1234
Random-Adaptive-Filter,10,46.1032673042093,1.0,1.0,0.9,0.14391626794257767,Rastrigin,5,1234
Random-Adaptive-Filter,11,46.1032673042093,1.0,1.0,0.91,0.12577993435135787,Rastrigin,5,1234
Random-Adaptive-Filter,12,46.1032673042093,1.0,1.0,0.92,0.11694428759645693,Rastrigin,5,1234
Random-Adaptive-Filter,13,46.1032673042093,1.0,1.0,0.9,0.1371647374364715,Rastrigin,5,1234
Random-Adaptive-Filter,14,46.1032673042093,1.0,1.0,0.92,0.1113858822850978,Rastrigin,5,1234
Random-Adaptive-Filter,15,46.1032673042093,1.0,1.0,0.93,0.10559116809116442,Rastrigin,5,1234
Random-Adaptive-Filter,16,46.1032673042093,1.0,1.0,0.9,0.13388077513883528,Rastrigin,5,1234
Random-Adaptive-Filter,17,46.1032673042093,1.0,1.0,0.91,0.13011748843569362,Rastrigin,5,1234
Random-Adaptive-Filter,18,46.1032673042093,1.0,1.0,0.92,0.11224851138643889,Rastrigin,5,1234
Random-Adaptive-Filter,19,46.1032673042093,1.0,1.0,0.92,0.11361633270289605,Rastrigin,5,1234
Random-Adaptive-Filter,20,46.1032673042093,1.0,1.0,0.94,0.08670998955755577,Rastrigin,5,1234
Wrong-Adaptive-Filter,0,46.1032673042093,1.0,0.0,1.0,0.0,Rastrigin,5,1234
Wrong-Adaptive-Filter,1,46.1032673042093,1.0,1.0,0.84,0.21985139860138345,Rastrigin,5,1234
Wrong-Adaptive-Filter,2,46.1032673042093,1.0,1.0,0.85,0.20771679301089724,Rastrigin,5,1234
Wrong-Adaptive-Filter,3,46.1032673042093,1.0,1.0,0.86,0.18799348799347662,Rastrigin,5,1234
Wrong-Adaptive-Filter,4,46.1032673042093,1.0,1.0,0.9,0.14138953152110229,Rastrigin,5,1234
Wrong-Adaptive-Filter,5,46.1032673042093,1.0,1.0,0.87,0.17436822001526953,Rastrigin,5,1234
Wrong-Adaptive-Filter,6,46.1032673042093,1.0,1.0,0.91,0.12451357057974062,Rastrigin,5,1234
Wrong-Adaptive-Filter,7,46.1032673042093,1.0,1.0,0.92,0.11965006098132448,Rastrigin,5,1234
Wrong-Adaptive-Filter,8,46.1032673042093,1.0,1.0,0.88,0.16875276837249414,Rastrigin,5,1234
Wrong-Adaptive-Filter,9,46.1032673042093,1.0,1.0,0.89,0.15873015873015184,Rastrigin,5,1234
Wrong-Adaptive-Filter,10,46.1032673042093,1.0,1.0,0.88,0.17063055365686242,Rastrigin,5,1234
Wrong-Adaptive-Filter,11,46.1032673042093,1.0,1.0,0.86,0.1994081694702734,Rastrigin,5,1234
Wrong-Adaptive-Filter,12,46.1032673042093,1.0,1.0,0.81,0.25572436319717956,Rastrigin,5,1234
Wrong-Adaptive-Filter,13,46.1032673042093,1.0,1.0,0.82,0.25207156973460404,Rastrigin,5,1234
Wrong-Adaptive-Filter,14,46.1032673042093,1.0,1.0,0.82,0.2531296703175473,Rastrigin,5,1234
Wrong-Adaptive-Filter,15,46.1032673042093,1.0,1.0,0.82,0.24199430199429378,Rastrigin,5,1234
Wrong-Adaptive-Filter,16,46.1032673042093,1.0,1.0,0.86,0.19457635196344236,Rastrigin,5,1234
Wrong-Adaptive-Filter,17,46.1032673042093,1.0,1.0,0.84,0.22301536211093886,Rastrigin,5,1234
Wrong-Adaptive-Filter,18,46.1032673042093,1.0,1.0,0.84,0.21872947454843328,Rastrigin,5,1234
Wrong-Adaptive-Filter,19,46.1032673042093,1.0,1.0,0.84,0.22615988924304675,Rastrigin,5,1234
Wrong-Adaptive-Filter,20,46.1032673042093,1.0,1.0,0.82,0.24409445302035568,Rastrigin,5,1234
Oracle-Fixed-Filter,0,46.1032673042093,1.0,0.0,1.0,0.0,Rastrigin,5,1234
Oracle-Fixed-Filter,1,46.1032673042093,1.0,0.0,1.0,0.0,Rastrigin,5,1234
Oracle-Fixed-Filter,2,46.1032673042093,1.0,0.0,1.0,0.0,Rastrigin,5,1234
Oracle-Fixed-Filter,3,46.1032673042093,1.0,0.0,1.0,0.0,Rastrigin,5,1234
Oracle-Fixed-Filter,4,46.1032673042093,1.0,0.0,1.0,0.0,Rastrigin,5,1234
Oracle-Fixed-Filter,5,46.1032673042093,1.0,0.0,1.0,0.0,Rastrigin,5,1234
Oracle-Fixed-Filter,6,46.1032673042093,1.0,0.0,1.0,0.0,Rastrigin,5,1234
Oracle-Fixed-Filter,7,46.1032673042093,1.0,0.0,1.0,0.0,Rastrigin,5,1234
Oracle-Fixed-Filter,8,46.1032673042093,1.0,0.0,1.0,0.0,Rastrigin,5,1234
Oracle-Fixed-Filter,9,46.1032673042093,1.0,0.0,1.0,0.0,Rastrigin,5,1234
Oracle-Fixed-Filter,10,46.1032673042093,1.0,0.0,1.0,0.0,Rastrigin,5,1234
Oracle-Fixed-Filter,11,46.1032673042093,1.0,0.0,1.0,0.0,Rastrigin,5,1234
Oracle-Fixed-Filter,12,46.1032673042093,1.0,0.0,1.0,0.0,Rastrigin,5,1234
Oracle-Fixed-Filter,13,46.1032673042093,1.0,0.0,1.0,0.0,Rastrigin,5,1234
Oracle-Fixed-Filter,14,46.1032673042093,1.0,0.0,1.0,0.0,Rastrigin,5,1234
Oracle-Fixed-Filter,15,46.1032673042093,1.0,0.0,1.0,0.0,Rastrigin,5,1234
Oracle-Fixed-Filter,16,46.1032673042093,1.0,0.0,1.0,0.0,Rastrigin,5,1234
Oracle-Fixed-Filter,17,46.1032673042093,1.0,0.0,1.0,0.0,Rastrigin,5,1234
Oracle-Fixed-Filter,18,46.1032673042093,1.0,0.0,1.0,0.0,Rastrigin,5,1234
Oracle-Fixed-Filter,19,46.1032673042093,1.0,0.0,1.0,0.0,Rastrigin,5,1234
Oracle-Fixed-Filter,20,46.1032673042093,1.0,0.0,1.0,0.0,Rastrigin,5,1234
Matching-Soft-Rerank,0,46.1032673042093,1.0,0.0,1.0,,Rastrigin,5,1234
Matching-Soft-Rerank,1,46.1032673042093,1.0,0.0,1.0,,Rastrigin,5,1234
Matching-Soft-Rerank,2,46.1032673042093,1.0,0.0,1.0,,Rastrigin,5,1234
Matching-Soft-Rerank,3,46.1032673042093,1.0,0.0,1.0,,Rastrigin,5,1234
Matching-Soft-Rerank,4,46.1032673042093,1.0,0.0,1.0,,Rastrigin,5,1234
Matching-Soft-Rerank,5,36.759569834889874,0.797331121725806,0.0,1.0,,Rastrigin,5,1234
Matching-Soft-Rerank,6,23.44330634565874,0.5084955517570949,0.0,1.0,,Rastrigin,5,1234
Matching-Soft-Rerank,7,23.44330634565874,0.5084955517570949,0.0,1.0,,Rastrigin,5,1234
Matching-Soft-Rerank,8,23.44330634565874,0.5084955517570949,0.0,1.0,,Rastrigin,5,1234
Matching-Soft-Rerank,9,23.44330634565874,0.5084955517570949,0.0,1.0,,Rastrigin,5,1234
Matching-Soft-Rerank,10,23.44330634565874,0.5084955517570949,0.0,1.0,,Rastrigin,5,1234
Matching-Soft-Rerank,11,23.44330634565874,0.5084955517570949,0.0,1.0,,Rastrigin,5,1234
Matching-Soft-Rerank,12,23.44330634565874,0.5084955517570949,0.0,1.0,,Rastrigin,5,1234
Matching-Soft-Rerank,13,23.44330634565874,0.5084955517570949,0.0,1.0,,Rastrigin,5,1234
Matching-Soft-Rerank,14,23.44330634565874,0.5084955517570949,0.0,1.0,,Rastrigin,5,1234
Matching-Soft-Rerank,15,23.44330634565874,0.5084955517570949,0.0,1.0,,Rastrigin,5,1234
Matching-Soft-Rerank,16,23.44330634565874,0.5084955517570949,0.0,1.0,,Rastrigin,5,1234
Matching-Soft-Rerank,17,23.44330634565874,0.5084955517570949,0.0,1.0,,Rastrigin,5,1234
Matching-Soft-Rerank,18,23.44330634565874,0.5084955517570949,0.0,1.0,,Rastrigin,5,1234
Matching-Soft-Rerank,19,23.44330634565874,0.5084955517570949,0.0,1.0,,Rastrigin,5,1234
Matching-Soft-Rerank,20,23.44330634565874,0.5084955517570949,0.0,1.0,,Rastrigin,5,1234
Target-Only,0,50.59671119924187,1.0,0.0,1.0,0.0,Rastrigin,5,5678
Target-Only,1,50.59671119924187,1.0,0.0,1.0,0.0,Rastrigin,5,5678
Target-Only,2,50.59671119924187,1.0,0.0,1.0,0.0,Rastrigin,5,5678
Target-Only,3,50.59671119924187,1.0,0.0,1.0,0.0,Rastrigin,5,5678
Target-Only,4,50.59671119924187,1.0,0.0,1.0,0.0,Rastrigin,5,5678
Target-Only,5,50.59671119924187,1.0,0.0,1.0,0.0,Rastrigin,5,5678
Target-Only,6,50.59671119924187,1.0,0.0,1.0,0.0,Rastrigin,5,5678
Target-Only,7,50.59671119924187,1.0,0.0,1.0,0.0,Rastrigin,5,5678
Target-Only,8,35.70411805876092,0.705660846574864,0.0,1.0,0.0,Rastrigin,5,5678
Target-Only,9,35.70411805876092,0.705660846574864,0.0,1.0,0.0,Rastrigin,5,5678
Target-Only,10,35.70411805876092,0.705660846574864,0.0,1.0,0.0,Rastrigin,5,5678
Target-Only,11,35.70411805876092,0.705660846574864,0.0,1.0,0.0,Rastrigin,5,5678
Target-Only,12,35.70411805876092,0.705660846574864,0.0,1.0,0.0,Rastrigin,5,5678
Target-Only,13,35.70411805876092,0.705660846574864,0.0,1.0,0.0,Rastrigin,5,5678
Target-Only,14,35.70411805876092,0.705660846574864,0.0,1.0,0.0,Rastrigin,5,5678
Target-Only,15,35.70411805876092,0.705660846574864,0.0,1.0,0.0,Rastrigin,5,5678
Target-Only,16,35.70411805876092,0.705660846574864,0.0,1.0,0.0,Rastrigin,5,5678
Target-Only,17,35.70411805876092,0.705660846574864,0.0,1.0,0.0,Rastrigin,5,5678
Target-Only,18,35.70411805876092,0.705660846574864,0.0,1.0,0.0,Rastrigin,5,5678
Target-Only,19,35.70411805876092,0.705660846574864,0.0,1.0,0.0,Rastrigin,5,5678
Target-Only,20,35.70411805876092,0.705660846574864,0.0,1.0,0.0,Rastrigin,5,5678
Matching-Fixed-Filter,0,50.59671119924187,1.0,0.0,1.0,0.0,Rastrigin,5,5678
Matching-Fixed-Filter,1,50.59671119924187,1.0,1.0,0.25,1.0,Rastrigin,5,5678
Matching-Fixed-Filter,2,50.59671119924187,1.0,1.0,0.25,1.0,Rastrigin,5,5678
Matching-Fixed-Filter,3,50.59671119924187,1.0,1.0,0.25,1.0,Rastrigin,5,5678
Matching-Fixed-Filter,4,50.59671119924187,1.0,1.0,0.25,1.0,Rastrigin,5,5678
Matching-Fixed-Filter,5,50.59671119924187,1.0,1.0,0.25,1.0,Rastrigin,5,5678
Matching-Fixed-Filter,6,50.59671119924187,1.0,1.0,0.25,1.0,Rastrigin,5,5678
Matching-Fixed-Filter,7,50.59671119924187,1.0,1.0,0.25,1.0,Rastrigin,5,5678
Matching-Fixed-Filter,8,50.59671119924187,1.0,1.0,0.25,1.0,Rastrigin,5,5678
Matching-Fixed-Filter,9,44.10700878685458,0.8717366750018225,1.0,0.25,1.0,Rastrigin,5,5678
Matching-Fixed-Filter,10,44.10700878685458,0.8717366750018225,1.0,0.25,1.0,Rastrigin,5,5678
Matching-Fixed-Filter,11,44.10700878685458,0.8717366750018225,1.0,0.25,1.0,Rastrigin,5,5678
Matching-Fixed-Filter,12,44.10700878685458,0.8717366750018225,1.0,0.25,1.0,Rastrigin,5,5678
Matching-Fixed-Filter,13,44.10700878685458,0.8717366750018225,1.0,0.25,1.0,Rastrigin,5,5678
Matching-Fixed-Filter,14,44.10700878685458,0.8717366750018225,1.0,0.25,1.0,Rastrigin,5,5678
Matching-Fixed-Filter,15,44.10700878685458,0.8717366750018225,1.0,0.25,1.0,Rastrigin,5,5678
Matching-Fixed-Filter,16,44.10700878685458,0.8717366750018225,1.0,0.25,1.0,Rastrigin,5,5678
Matching-Fixed-Filter,17,44.10700878685458,0.8717366750018225,1.0,0.25,1.0,Rastrigin,5,5678
Matching-Fixed-Filter,18,44.10700878685458,0.8717366750018225,1.0,0.25,1.0,Rastrigin,5,5678
Matching-Fixed-Filter,19,44.10700878685458,0.8717366750018225,1.0,0.25,1.0,Rastrigin,5,5678
Matching-Fixed-Filter,20,44.10700878685458,0.8717366750018225,1.0,0.25,1.0,Rastrigin,5,5678
Matching-Adaptive-Filter,0,50.59671119924187,1.0,0.0,1.0,0.0,Rastrigin,5,5678
Matching-Adaptive-Filter,1,50.59671119924187,1.0,1.0,0.91,0.1326573426573329,Rastrigin,5,5678
Matching-Adaptive-Filter,2,50.59671119924187,1.0,1.0,0.89,0.1473243668096511,Rastrigin,5,5678
Matching-Adaptive-Filter,3,50.59671119924187,1.0,1.0,0.89,0.15624745624744665,Rastrigin,5,5678
Matching-Adaptive-Filter,4,50.59671119924187,1.0,1.0,0.85,0.20238577212260286,Rastrigin,5,5678
Matching-Adaptive-Filter,5,50.59671119924187,1.0,1.0,0.84,0.21934148204735285,Rastrigin,5,5678
Matching-Adaptive-Filter,6,50.59671119924187,1.0,1.0,0.85,0.21098092267208865,Rastrigin,5,5678
Matching-Adaptive-Filter,7,50.59671119924187,1.0,1.0,0.85,0.21159114363447717,Rastrigin,5,5678
Matching-Adaptive-Filter,8,50.59671119924187,1.0,1.0,0.81,0.2666570888168561,Rastrigin,5,5678
Matching-Adaptive-Filter,9,50.59671119924187,1.0,1.0,0.81,0.26633249791143393,Rastrigin,5,5678
Matching-Adaptive-Filter,10,50.59671119924187,1.0,1.0,0.78,0.2939357484620522,Rastrigin,5,5678
Matching-Adaptive-Filter,11,50.59671119924187,1.0,1.0,0.74,0.3475109983184382,Rastrigin,5,5678
Matching-Adaptive-Filter,12,50.59671119924187,1.0,1.0,0.74,0.3488280188008318,Rastrigin,5,5678
Matching-Adaptive-Filter,13,50.59671119924187,1.0,1.0,0.73,0.3645327498588236,Rastrigin,5,5678
Matching-Adaptive-Filter,14,50.59671119924187,1.0,1.0,0.73,0.3674558132415564,Rastrigin,5,5678
Matching-Adaptive-Filter,15,50.59671119924187,1.0,1.0,0.74,0.3511011396011279,Rastrigin,5,5678
Matching-Adaptive-Filter,16,50.59671119924187,1.0,1.0,0.73,0.3682834692189411,Rastrigin,5,5678
Matching-Adaptive-Filter,17,50.59671119924187,1.0,1.0,0.74,0.35069167293909065,Rastrigin,5,5678
Matching-Adaptive-Filter,18,50.59671119924187,1.0,1.0,0.74,0.3559908402580707,Rastrigin,5,5678
Matching-Adaptive-Filter,19,50.59671119924187,1.0,1.0,0.73,0.36391415298042495,Rastrigin,5,5678
Matching-Adaptive-Filter,20,50.59671119924187,1.0,1.0,0.76,0.32285827790514615,Rastrigin,5,5678
Random-Adaptive-Filter,0,50.59671119924187,1.0,0.0,1.0,0.0,Rastrigin,5,5678
Random-Adaptive-Filter,1,50.59671119924187,1.0,1.0,0.89,0.15210664335663238,Rastrigin,5,5678
Random-Adaptive-Filter,2,50.59671119924187,1.0,1.0,0.86,0.19532048833518156,Rastrigin,5,5678
Random-Adaptive-Filter,3,50.59671119924187,1.0,1.0,0.87,0.1837878171211393,Rastrigin,5,5678
Random-Adaptive-Filter,4,50.59671119924187,1.0,1.0,0.84,0.22099479467899283,Rastrigin,5,5678
Random-Adaptive-Filter,5,50.59671119924187,1.0,1.0,0.84,0.22358747135216545,Rastrigin,5,5678
Random-Adaptive-Filter,6,50.59671119924187,1.0,1.0,0.86,0.19158395934130268,Rastrigin,5,5678
Random-Adaptive-Filter,7,50.59671119924187,1.0,1.0,0.86,0.18803124120460687,Rastrigin,5,5678
Random-Adaptive-Filter,8,50.59671119924187,1.0,1.0,0.86,0.18714008281243938,Rastrigin,5,5678
Random-Adaptive-Filter,9,50.59671119924187,1.0,1.0,0.86,0.18947368421051813,Rastrigin,5,5678
Random-Adaptive-Filter,10,50.59671119924187,1.0,1.0,0.85,0.20485133287764024,Rastrigin,5,5678
Random-Adaptive-Filter,11,50.59671119924187,1.0,1.0,0.85,0.21302560793243186,Rastrigin,5,5678
Random-Adaptive-Filter,12,50.59671119924187,1.0,1.0,0.86,0.1984627590605776,Rastrigin,5,5678
Random-Adaptive-Filter,13,50.59671119924187,1.0,1.0,0.85,0.20129517221907792,Rastrigin,5,5678
Random-Adaptive-Filter,14,50.59671119924187,1.0,1.0,0.87,0.18229958762134124,Rastrigin,5,5678
Random-Adaptive-Filter,15,50.59671119924187,1.0,1.0,0.86,0.19030056980056334,Rastrigin,5,5678
Random-Adaptive-Filter,16,50.59671119924187,1.0,1.0,0.85,0.2037486312970117,Rastrigin,5,5678
Random-Adaptive-Filter,17,50.59671119924187,1.0,1.0,0.85,0.20403352053381654,Rastrigin,5,5678
Random-Adaptive-Filter,18,50.59671119924187,1.0,1.0,0.85,0.20242832678176875,Rastrigin,5,5678
Random-Adaptive-Filter,19,50.59671119924187,1.0,1.0,0.86,0.1936986733885191,Rastrigin,5,5678
Random-Adaptive-Filter,20,49.022524190729136,0.96888756262608,1.0,0.87,0.18311930489659187,Rastrigin,5,5678
Wrong-Adaptive-Filter,0,50.59671119924187,1.0,0.0,1.0,0.0,Rastrigin,5,5678
Wrong-Adaptive-Filter,1,50.59671119924187,1.0,1.0,0.73,0.36189685314682907,Rastrigin,5,5678
Wrong-Adaptive-Filter,2,50.59671119924187,1.0,1.0,0.74,0.34776608195723674,Rastrigin,5,5678
Wrong-Adaptive-Filter,3,50.59671119924187,1.0,1.0,0.73,0.36802333468998005,Rastrigin,5,5678
Wrong-Adaptive-Filter,4,50.59671119924187,1.0,1.0,0.72,0.3864083285135706,Rastrigin,5,5678
Wrong-Adaptive-Filter,5,50.59671119924187,1.0,1.0,0.72,0.3786623376623181,Rastrigin,5,5678
Wrong-Adaptive-Filter,6,50.59671119924187,1.0,1.0,0.7,0.401691866140376,Rastrigin,5,5678
Wrong-Adaptive-Filter,7,50.59671119924187,1.0,1.0,0.69,0.4152570597616845,Rastrigin,5,5678
Wrong-Adaptive-Filter,8,50.59671119924187,1.0,1.0,0.69,0.41833715296830964,Rastrigin,5,5678
Wrong-Adaptive-Filter,9,50.59671119924187,1.0,1.0,0.68,0.4297410192146853,Rastrigin,5,5678
Wrong-Adaptive-Filter,10,50.59671119924187,1.0,1.0,0.68,0.43744224196854,Rastrigin,5,5678
Wrong-Adaptive-Filter,11,50.59671119924187,1.0,1.0,0.72,0.3854904102108921,Rastrigin,5,5678
Wrong-Adaptive-Filter,12,50.59671119924187,1.0,1.0,0.72,0.3854088896208317,Rastrigin,5,5678
Wrong-Adaptive-Filter,13,50.59671119924187,1.0,1.0,0.7,0.4026538678712446,Rastrigin,5,5678
Wrong-Adaptive-Filter,14,50.59671119924187,1.0,1.0,0.7,0.4087476489413521,Rastrigin,5,5678
Wrong-Adaptive-Filter,15,50.59671119924187,1.0,1.0,0.72,0.3788048433048306,Rastrigin,5,5678
Wrong-Adaptive-Filter,16,50.59671119924187,1.0,1.0,0.72,0.3844765055732673,Rastrigin,5,5678
Wrong-Adaptive-Filter,17,50.59671119924187,1.0,1.0,0.73,0.36881168561445676,Rastrigin,5,5678
Wrong-Adaptive-Filter,18,50.59671119924187,1.0,1.0,0.73,0.3636697434111116,Rastrigin,5,5678
Wrong-Adaptive-Filter,19,50.59671119924187,1.0,1.0,0.74,0.34689638554716373,Rastrigin,5,5678
Wrong-Adaptive-Filter,20,50.59671119924187,1.0,1.0,0.76,0.3319639395246324,Rastrigin,5,5678
Oracle-Fixed-Filter,0,50.59671119924187,1.0,0.0,1.0,0.0,Rastrigin,5,5678
Oracle-Fixed-Filter,1,50.59671119924187,1.0,0.0,1.0,0.0,Rastrigin,5,5678
Oracle-Fixed-Filter,2,50.59671119924187,1.0,0.0,1.0,0.0,Rastrigin,5,5678
Oracle-Fixed-Filter,3,50.59671119924187,1.0,0.0,1.0,0.0,Rastrigin,5,5678
Oracle-Fixed-Filter,4,50.59671119924187,1.0,0.0,1.0,0.0,Rastrigin,5,5678
Oracle-Fixed-Filter,5,50.59671119924187,1.0,0.0,1.0,0.0,Rastrigin,5,5678
Oracle-Fixed-Filter,6,50.59671119924187,1.0,0.0,1.0,0.0,Rastrigin,5,5678
Oracle-Fixed-Filter,7,50.59671119924187,1.0,0.0,1.0,0.0,Rastrigin,5,5678
Oracle-Fixed-Filter,8,35.70411805876092,0.705660846574864,0.0,1.0,0.0,Rastrigin,5,5678
Oracle-Fixed-Filter,9,35.70411805876092,0.705660846574864,0.0,1.0,0.0,Rastrigin,5,5678
Oracle-Fixed-Filter,10,35.70411805876092,0.705660846574864,0.0,1.0,0.0,Rastrigin,5,5678
Oracle-Fixed-Filter,11,35.70411805876092,0.705660846574864,0.0,1.0,0.0,Rastrigin,5,5678
Oracle-Fixed-Filter,12,35.70411805876092,0.705660846574864,0.0,1.0,0.0,Rastrigin,5,5678
Oracle-Fixed-Filter,13,35.70411805876092,0.705660846574864,0.0,1.0,0.0,Rastrigin,5,5678
Oracle-Fixed-Filter,14,35.70411805876092,0.705660846574864,0.0,1.0,0.0,Rastrigin,5,5678
Oracle-Fixed-Filter,15,35.70411805876092,0.705660846574864,0.0,1.0,0.0,Rastrigin,5,5678
Oracle-Fixed-Filter,16,35.70411805876092,0.705660846574864,0.0,1.0,0.0,Rastrigin,5,5678
Oracle-Fixed-Filter,17,35.70411805876092,0.705660846574864,0.0,1.0,0.0,Rastrigin,5,5678
Oracle-Fixed-Filter,18,35.70411805876092,0.705660846574864,0.0,1.0,0.0,Rastrigin,5,5678
Oracle-Fixed-Filter,19,35.70411805876092,0.705660846574864,0.0,1.0,0.0,Rastrigin,5,5678
Oracle-Fixed-Filter,20,35.70411805876092,0.705660846574864,0.0,1.0,0.0,Rastrigin,5,5678
Matching-Soft-Rerank,0,50.59671119924187,1.0,0.0,1.0,,Rastrigin,5,5678
Matching-Soft-Rerank,1,50.59671119924187,1.0,0.0,1.0,,Rastrigin,5,5678
Matching-Soft-Rerank,2,50.59671119924187,1.0,0.0,1.0,,Rastrigin,5,5678
Matching-Soft-Rerank,3,48.02229298902401,0.9491188626849638,0.0,1.0,,Rastrigin,5,5678
Matching-Soft-Rerank,4,48.02229298902401,0.9491188626849638,0.0,1.0,,Rastrigin,5,5678
Matching-Soft-Rerank,5,48.02229298902401,0.9491188626849638,0.0,1.0,,Rastrigin,5,5678
Matching-Soft-Rerank,6,48.02229298902401,0.9491188626849638,0.0,1.0,,Rastrigin,5,5678
Matching-Soft-Rerank,7,48.02229298902401,0.9491188626849638,0.0,1.0,,Rastrigin,5,5678
Matching-Soft-Rerank,8,48.02229298902401,0.9491188626849638,0.0,1.0,,Rastrigin,5,5678
Matching-Soft-Rerank,9,44.58217786013826,0.8811279785474727,0.0,1.0,,Rastrigin,5,5678
Matching-Soft-Rerank,10,44.58217786013826,0.8811279785474727,0.0,1.0,,Rastrigin,5,5678
Matching-Soft-Rerank,11,44.58217786013826,0.8811279785474727,0.0,1.0,,Rastrigin,5,5678
Matching-Soft-Rerank,12,41.87874144572672,0.8276969086155589,0.0,1.0,,Rastrigin,5,5678
Matching-Soft-Rerank,13,41.87874144572672,0.8276969086155589,0.0,1.0,,Rastrigin,5,5678
Matching-Soft-Rerank,14,41.87874144572672,0.8276969086155589,0.0,1.0,,Rastrigin,5,5678
Matching-Soft-Rerank,15,41.87874144572672,0.8276969086155589,0.0,1.0,,Rastrigin,5,5678
Matching-Soft-Rerank,16,41.87874144572672,0.8276969086155589,0.0,1.0,,Rastrigin,5,5678
Matching-Soft-Rerank,17,41.87874144572672,0.8276969086155589,0.0,1.0,,Rastrigin,5,5678
Matching-Soft-Rerank,18,41.87874144572672,0.8276969086155589,0.0,1.0,,Rastrigin,5,5678
Matching-Soft-Rerank,19,41.87874144572672,0.8276969086155589,0.0,1.0,,Rastrigin,5,5678
Matching-Soft-Rerank,20,41.87874144572672,0.8276969086155589,0.0,1.0,,Rastrigin,5,5678
Target-Only,0,72.89714095546057,1.0,0.0,1.0,0.0,Rastrigin,5,8888
Target-Only,1,72.89714095546057,1.0,0.0,1.0,0.0,Rastrigin,5,8888
Target-Only,2,72.89714095546057,1.0,0.0,1.0,0.0,Rastrigin,5,8888
Target-Only,3,72.89714095546057,1.0,0.0,1.0,0.0,Rastrigin,5,8888
Target-Only,4,47.44252360054532,0.6508145995675225,0.0,1.0,0.0,Rastrigin,5,8888
Target-Only,5,27.43688911293936,0.37637812338488047,0.0,1.0,0.0,Rastrigin,5,8888
Target-Only,6,27.43688911293936,0.37637812338488047,0.0,1.0,0.0,Rastrigin,5,8888
Target-Only,7,27.43688911293936,0.37637812338488047,0.0,1.0,0.0,Rastrigin,5,8888
Target-Only,8,27.43688911293936,0.37637812338488047,0.0,1.0,0.0,Rastrigin,5,8888
Target-Only,9,27.43688911293936,0.37637812338488047,0.0,1.0,0.0,Rastrigin,5,8888
Target-Only,10,27.43688911293936,0.37637812338488047,0.0,1.0,0.0,Rastrigin,5,8888
Target-Only,11,27.43688911293936,0.37637812338488047,0.0,1.0,0.0,Rastrigin,5,8888
Target-Only,12,27.43688911293936,0.37637812338488047,0.0,1.0,0.0,Rastrigin,5,8888
Target-Only,13,27.43688911293936,0.37637812338488047,0.0,1.0,0.0,Rastrigin,5,8888
Target-Only,14,27.43688911293936,0.37637812338488047,0.0,1.0,0.0,Rastrigin,5,8888
Target-Only,15,27.43688911293936,0.37637812338488047,0.0,1.0,0.0,Rastrigin,5,8888
Target-Only,16,27.43688911293936,0.37637812338488047,0.0,1.0,0.0,Rastrigin,5,8888
Target-Only,17,22.0321164616751,0.3022356730716847,0.0,1.0,0.0,Rastrigin,5,8888
Target-Only,18,22.0321164616751,0.3022356730716847,0.0,1.0,0.0,Rastrigin,5,8888
Target-Only,19,22.0321164616751,0.3022356730716847,0.0,1.0,0.0,Rastrigin,5,8888
Target-Only,20,22.0321164616751,0.3022356730716847,0.0,1.0,0.0,Rastrigin,5,8888
Matching-Fixed-Filter,0,72.89714095546057,1.0,0.0,1.0,0.0,Rastrigin,5,8888
Matching-Fixed-Filter,1,55.224545476193185,0.7575680575721733,1.0,0.25,1.0,Rastrigin,5,8888
Matching-Fixed-Filter,2,48.39971118512066,0.6639452597282574,1.0,0.25,1.0,Rastrigin,5,8888
Matching-Fixed-Filter,3,48.39971118512066,0.6639452597282574,1.0,0.25,1.0,Rastrigin,5,8888
Matching-Fixed-Filter,4,48.39971118512066,0.6639452597282574,1.0,0.25,1.0,Rastrigin,5,8888
Matching-Fixed-Filter,5,44.1545201471039,0.6057099025883865,1.0,0.25,1.0,Rastrigin,5,8888
Matching-Fixed-Filter,6,44.1545201471039,0.6057099025883865,1.0,0.25,1.0,Rastrigin,5,8888
Matching-Fixed-Filter,7,44.1545201471039,0.6057099025883865,1.0,0.25,1.0,Rastrigin,5,8888
Matching-Fixed-Filter,8,44.1545201471039,0.6057099025883865,1.0,0.25,1.0,Rastrigin,5,8888
Matching-Fixed-Filter,9,44.1545201471039,0.6057099025883865,1.0,0.25,1.0,Rastrigin,5,8888
Matching-Fixed-Filter,10,44.1545201471039,0.6057099025883865,1.0,0.25,1.0,Rastrigin,5,8888
Matching-Fixed-Filter,11,44.1545201471039,0.6057099025883865,1.0,0.25,1.0,Rastrigin,5,8888
Matching-Fixed-Filter,12,44.1545201471039,0.6057099025883865,1.0,0.25,1.0,Rastrigin,5,8888
Matching-Fixed-Filter,13,44.1545201471039,0.6057099025883865,1.0,0.25,1.0,Rastrigin,5,8888
Matching-Fixed-Filter,14,44.1545201471039,0.6057099025883865,1.0,0.25,1.0,Rastrigin,5,8888
Matching-Fixed-Filter,15,44.1545201471039,0.6057099025883865,1.0,0.25,1.0,Rastrigin,5,8888
Matching-Fixed-Filter,16,44.1545201471039,0.6057099025883865,1.0,0.25,1.0,Rastrigin,5,8888
Matching-Fixed-Filter,17,44.1545201471039,0.6057099025883865,1.0,0.25,1.0,Rastrigin,5,8888
Matching-Fixed-Filter,18,44.1545201471039,0.6057099025883865,1.0,0.25,1.0,Rastrigin,5,8888
Matching-Fixed-Filter,19,44.1545201471039,0.6057099025883865,1.0,0.25,1.0,Rastrigin,5,8888
Matching-Fixed-Filter,20,44.1545201471039,0.6057099025883865,1.0,0.25,1.0,Rastrigin,5,8888
Matching-Adaptive-Filter,0,72.89714095546057,1.0,0.0,1.0,0.0,Rastrigin,5,8888
Matching-Adaptive-Filter,1,71.3425202266104,0.9786737763858253,1.0,0.91,0.12806818181817234,Rastrigin,5,8888
Matching-Adaptive-Filter,2,71.3425202266104,0.9786737763858253,1.0,0.91,0.12273376133669417,Rastrigin,5,8888
Matching-Adaptive-Filter,3,71.3425202266104,0.9786737763858253,1.0,0.89,0.15272011938677663,Rastrigin,5,8888
Matching-Adaptive-Filter,4,71.3425202266104,0.9786737763858253,1.0,0.89,0.15379554655869562,Rastrigin,5,8888
Matching-Adaptive-Filter,5,71.3425202266104,0.9786737763858253,1.0,0.94,0.08723453017570171,Rastrigin,5,8888
Matching-Adaptive-Filter,6,71.3425202266104,0.9786737763858253,1.0,0.97,0.05094304388421743,Rastrigin,5,8888
Matching-Adaptive-Filter,7,71.3425202266104,0.9786737763858253,1.0,0.96,0.05750773993807749,Rastrigin,5,8888
Matching-Adaptive-Filter,8,71.0454998625514,0.9745992631721934,1.0,0.96,0.056138107416877,Rastrigin,5,8888
Matching-Adaptive-Filter,9,71.0454998625514,0.9745992631721934,0.0,1.0,0.02222222222222099,Rastrigin,5,8888
Matching-Adaptive-Filter,10,71.0454998625514,0.9745992631721934,0.0,1.0,0.021052631578946265,Rastrigin,5,8888
Matching-Adaptive-Filter,11,71.0454998625514,0.9745992631721934,0.0,1.0,0.019999999999999005,Rastrigin,5,8888
Matching-Adaptive-Filter,12,71.0454998625514,0.9745992631721934,0.0,1.0,0.019047619047618144,Rastrigin,5,8888
Matching-Adaptive-Filter,13,49.08087051109966,0.6732893755200575,0.0,1.0,0.01818181818181736,Rastrigin,5,8888
Matching-Adaptive-Filter,14,49.08087051109966,0.6732893755200575,0.0,1.0,0.02992446084649864,Rastrigin,5,8888
Matching-Adaptive-Filter,15,49.08087051109966,0.6732893755200575,0.0,1.0,0.0233105413105404,Rastrigin,5,8888
Matching-Adaptive-Filter,16,47.787669364757896,0.6555492950533641,0.0,1.0,0.015999999999999362,Rastrigin,5,8888
Matching-Adaptive-Filter,17,47.787669364757896,0.6555492950533641,0.0,1.0,0.024415814070985614,Rastrigin,5,8888
Matching-Adaptive-Filter,18,47.787669364757896,0.6555492950533641,0.0,1.0,0.04243087691363419,Rastrigin,5,8888
Matching-Adaptive-Filter,19,47.787669364757896,0.6555492950533641,1.0,0.95,0.07603520458980542,Rastrigin,5,8888
Matching-Adaptive-Filter,20,47.787669364757896,0.6555492950533641,1.0,0.96,0.06431367619350106,Rastrigin,5,8888
Random-Adaptive-Filter,0,72.89714095546057,1.0,0.0,1.0,0.0,Rastrigin,5,8888
Random-Adaptive-Filter,1,72.89714095546057,1.0,1.0,0.88,0.16106643356642206,Rastrigin,5,8888
Random-Adaptive-Filter,2,72.89714095546057,1.0,1.0,0.89,0.15902712483593784,Rastrigin,5,8888
Random-Adaptive-Filter,3,72.89714095546057,1.0,1.0,0.84,0.22028218694884047,Rastrigin,5,8888
Random-Adaptive-Filter,4,47.44252360054532,0.6508145995675225,1.0,0.84,0.21582562174666226,Rastrigin,5,8888
Random-Adaptive-Filter,5,27.43688911293936,0.37637812338488047,1.0,0.77,0.30735752482809703,Rastrigin,5,8888
Random-Adaptive-Filter,6,27.43688911293936,0.37637812338488047,1.0,0.75,0.3448975575078348,Rastrigin,5,8888
Random-Adaptive-Filter,7,27.43688911293936,0.37637812338488047,1.0,0.76,0.33029364855988697,Rastrigin,5,8888
Random-Adaptive-Filter,8,27.43688911293936,0.37637812338488047,1.0,0.73,0.3732233232434979,Rastrigin,5,8888
Random-Adaptive-Filter,9,27.43688911293936,0.37637812338488047,1.0,0.72,0.37994987468670066,Rastrigin,5,8888
Random-Adaptive-Filter,10,27.43688911293936,0.37637812338488047,1.0,0.71,0.38831886534516535,Rastrigin,5,8888
Random-Adaptive-Filter,11,27.43688911293936,0.37637812338488047,1.0,0.69,0.4216592103548461,Rastrigin,5,8888
Random-Adaptive-Filter,12,27.43688911293936,0.37637812338488047,1.0,0.69,0.4206487101867379,Rastrigin,5,8888
Random-Adaptive-Filter,13,27.43688911293936,0.37637812338488047,1.0,0.68,0.4344861660078895,Rastrigin,5,8888
Random-Adaptive-Filter,14,27.43688911293936,0.37637812338488047,1.0,0.68,0.43509902006009055,Rastrigin,5,8888
Random-Adaptive-Filter,15,27.43688911293936,0.37637812338488047,1.0,0.67,0.45028917378915867,Rastrigin,5,8888
Random-Adaptive-Filter,16,27.43688911293936,0.37637812338488047,1.0,0.66,0.46623435346014475,Rastrigin,5,8888
Random-Adaptive-Filter,17,22.0321164616751,0.3022356730716847,1.0,0.65,0.47208711556864946,Rastrigin,5,8888
Random-Adaptive-Filter,18,22.0321164616751,0.3022356730716847,1.0,0.63,0.49998517606274695,Rastrigin,5,8888
Random-Adaptive-Filter,19,22.0321164616751,0.3022356730716847,1.0,0.62,0.5136310809084327,Rastrigin,5,8888
Random-Adaptive-Filter,20,22.0321164616751,0.3022356730716847,1.0,0.62,0.5189721686227178,Rastrigin,5,8888
Wrong-Adaptive-Filter,0,72.89714095546057,1.0,0.0,1.0,0.0,Rastrigin,5,8888
Wrong-Adaptive-Filter,1,72.89714095546057,1.0,1.0,0.96,0.060979020979015676,Rastrigin,5,8888
Wrong-Adaptive-Filter,2,72.89714095546057,1.0,1.0,0.96,0.05381677146382596,Rastrigin,5,8888
Wrong-Adaptive-Filter,3,72.89714095546057,1.0,0.0,1.0,0.037606837606834594,Rastrigin,5,8888
Wrong-Adaptive-Filter,4,47.44252360054532,0.6508145995675225,0.0,1.0,0.0307692307692284,Rastrigin,5,8888
Wrong-Adaptive-Filter,5,27.43688911293936,0.37637812338488047,0.0,1.0,0.04180672268907293,Rastrigin,5,8888
Wrong-Adaptive-Filter,6,27.43688911293936,0.37637812338488047,1.0,0.96,0.06004668534079963,Rastrigin,5,8888
Wrong-Adaptive-Filter,7,27.43688911293936,0.37637812338488047,1.0,0.96,0.05685101791912637,Rastrigin,5,8888
Wrong-Adaptive-Filter,8,27.43688911293936,0.37637812338488047,1.0,0.93,0.09822527908070591,Rastrigin,5,8888
Wrong-Adaptive-Filter,9,27.43688911293936,0.37637812338488047,1.0,0.93,0.09807852965747262,Rastrigin,5,8888
Wrong-Adaptive-Filter,10,27.43688911293936,0.37637812338488047,1.0,0.94,0.08165652768283994,Rastrigin,5,8888
Wrong-Adaptive-Filter,11,27.43688911293936,0.37637812338488047,1.0,0.9,0.13360192602428095,Rastrigin,5,8888
Wrong-Adaptive-Filter,12,27.43688911293936,0.37637812338488047,1.0,0.9,0.13537752002425393,Rastrigin,5,8888
Wrong-Adaptive-Filter,13,27.43688911293936,0.37637812338488047,1.0,0.9,0.13654361942404913,Rastrigin,5,8888
Wrong-Adaptive-Filter,14,27.43688911293936,0.37637812338488047,1.0,0.89,0.14910856718133614,Rastrigin,5,8888
Wrong-Adaptive-Filter,15,27.43688911293936,0.37637812338488047,1.0,0.88,0.17170085470084884,Rastrigin,5,8888
Wrong-Adaptive-Filter,16,27.43688911293936,0.37637812338488047,1.0,0.9,0.14565752885107247,Rastrigin,5,8888
Wrong-Adaptive-Filter,17,22.0321164616751,0.3022356730716847,1.0,0.89,0.14774457018860662,Rastrigin,5,8888
Wrong-Adaptive-Filter,18,22.0321164616751,0.3022356730716847,1.0,0.9,0.14221774394187742,Rastrigin,5,8888
Wrong-Adaptive-Filter,19,22.0321164616751,0.3022356730716847,1.0,0.9,0.13786300578814725,Rastrigin,5,8888
Wrong-Adaptive-Filter,20,22.0321164616751,0.3022356730716847,1.0,0.9,0.14112621733898933,Rastrigin,5,8888
Oracle-Fixed-Filter,0,72.89714095546057,1.0,0.0,1.0,0.0,Rastrigin,5,8888
Oracle-Fixed-Filter,1,72.89714095546057,1.0,0.0,1.0,0.0,Rastrigin,5,8888
Oracle-Fixed-Filter,2,72.89714095546057,1.0,0.0,1.0,0.0,Rastrigin,5,8888
Oracle-Fixed-Filter,3,72.89714095546057,1.0,0.0,1.0,0.0,Rastrigin,5,8888
Oracle-Fixed-Filter,4,47.44252360054532,0.6508145995675225,0.0,1.0,0.0,Rastrigin,5,8888
Oracle-Fixed-Filter,5,27.43688911293936,0.37637812338488047,0.0,1.0,0.0,Rastrigin,5,8888
Oracle-Fixed-Filter,6,27.43688911293936,0.37637812338488047,0.0,1.0,0.0,Rastrigin,5,8888
Oracle-Fixed-Filter,7,27.43688911293936,0.37637812338488047,0.0,1.0,0.0,Rastrigin,5,8888
Oracle-Fixed-Filter,8,27.43688911293936,0.37637812338488047,0.0,1.0,0.0,Rastrigin,5,8888
Oracle-Fixed-Filter,9,27.43688911293936,0.37637812338488047,0.0,1.0,0.0,Rastrigin,5,8888
Oracle-Fixed-Filter,10,27.43688911293936,0.37637812338488047,0.0,1.0,0.0,Rastrigin,5,8888
Oracle-Fixed-Filter,11,27.43688911293936,0.37637812338488047,0.0,1.0,0.0,Rastrigin,5,8888
Oracle-Fixed-Filter,12,27.43688911293936,0.37637812338488047,0.0,1.0,0.0,Rastrigin,5,8888
Oracle-Fixed-Filter,13,27.43688911293936,0.37637812338488047,0.0,1.0,0.0,Rastrigin,5,8888
Oracle-Fixed-Filter,14,27.43688911293936,0.37637812338488047,0.0,1.0,0.0,Rastrigin,5,8888
Oracle-Fixed-Filter,15,27.43688911293936,0.37637812338488047,0.0,1.0,0.0,Rastrigin,5,8888
Oracle-Fixed-Filter,16,27.43688911293936,0.37637812338488047,0.0,1.0,0.0,Rastrigin,5,8888
Oracle-Fixed-Filter,17,22.0321164616751,0.3022356730716847,0.0,1.0,0.0,Rastrigin,5,8888
Oracle-Fixed-Filter,18,22.0321164616751,0.3022356730716847,0.0,1.0,0.0,Rastrigin,5,8888
Oracle-Fixed-Filter,19,22.0321164616751,0.3022356730716847,0.0,1.0,0.0,Rastrigin,5,8888
Oracle-Fixed-Filter,20,22.0321164616751,0.3022356730716847,0.0,1.0,0.0,Rastrigin,5,8888
Matching-Soft-Rerank,0,72.89714095546057,1.0,0.0,1.0,,Rastrigin,5,8888
Matching-Soft-Rerank,1,60.581416383777146,0.8310533937235177,0.0,1.0,,Rastrigin,5,8888
Matching-Soft-Rerank,2,60.581416383777146,0.8310533937235177,0.0,1.0,,Rastrigin,5,8888
Matching-Soft-Rerank,3,60.581416383777146,0.8310533937235177,0.0,1.0,,Rastrigin,5,8888
Matching-Soft-Rerank,4,60.581416383777146,0.8310533937235177,0.0,1.0,,Rastrigin,5,8888
Matching-Soft-Rerank,5,60.581416383777146,0.8310533937235177,0.0,1.0,,Rastrigin,5,8888
Matching-Soft-Rerank,6,60.581416383777146,0.8310533937235177,0.0,1.0,,Rastrigin,5,8888
Matching-Soft-Rerank,7,60.581416383777146,0.8310533937235177,0.0,1.0,,Rastrigin,5,8888
Matching-Soft-Rerank,8,60.581416383777146,0.8310533937235177,0.0,1.0,,Rastrigin,5,8888
Matching-Soft-Rerank,9,60.581416383777146,0.8310533937235177,0.0,1.0,,Rastrigin,5,8888
Matching-Soft-Rerank,10,49.69226027936643,0.6816763953709503,0.0,1.0,,Rastrigin,5,8888
Matching-Soft-Rerank,11,49.69226027936643,0.6816763953709503,0.0,1.0,,Rastrigin,5,8888
Matching-Soft-Rerank,12,49.69226027936643,0.6816763953709503,0.0,1.0,,Rastrigin,5,8888
Matching-Soft-Rerank,13,49.69226027936643,0.6816763953709503,0.0,1.0,,Rastrigin,5,8888
Matching-Soft-Rerank,14,49.69226027936643,0.6816763953709503,0.0,1.0,,Rastrigin,5,8888
Matching-Soft-Rerank,15,49.69226027936643,0.6816763953709503,0.0,1.0,,Rastrigin,5,8888
Matching-Soft-Rerank,16,49.69226027936643,0.6816763953709503,0.0,1.0,,Rastrigin,5,8888
Matching-Soft-Rerank,17,49.69226027936643,0.6816763953709503,0.0,1.0,,Rastrigin,5,8888
Matching-Soft-Rerank,18,49.69226027936643,0.6816763953709503,0.0,1.0,,Rastrigin,5,8888
Matching-Soft-Rerank,19,49.69226027936643,0.6816763953709503,0.0,1.0,,Rastrigin,5,8888
Matching-Soft-Rerank,20,47.701902080476735,0.6543727429532815,0.0,1.0,,Rastrigin,5,8888
Target-Only,0,38.81207572462091,1.0,0.0,1.0,0.0,Lunacek,5,42
Target-Only,1,38.81207572462091,1.0,0.0,1.0,0.0,Lunacek,5,42
Target-Only,2,38.81207572462091,1.0,0.0,1.0,0.0,Lunacek,5,42
Target-Only,3,38.81207572462091,1.0,0.0,1.0,0.0,Lunacek,5,42
Target-Only,4,38.81207572462091,1.0,0.0,1.0,0.0,Lunacek,5,42
Target-Only,5,38.81207572462091,1.0,0.0,1.0,0.0,Lunacek,5,42
Target-Only,6,38.81207572462091,1.0,0.0,1.0,0.0,Lunacek,5,42
Target-Only,7,38.81207572462091,1.0,0.0,1.0,0.0,Lunacek,5,42
Target-Only,8,38.81207572462091,1.0,0.0,1.0,0.0,Lunacek,5,42
Target-Only,9,38.81207572462091,1.0,0.0,1.0,0.0,Lunacek,5,42
Target-Only,10,31.407434797072767,0.8092181160295191,0.0,1.0,0.0,Lunacek,5,42
Target-Only,11,31.407434797072767,0.8092181160295191,0.0,1.0,0.0,Lunacek,5,42
Target-Only,12,31.407434797072767,0.8092181160295191,0.0,1.0,0.0,Lunacek,5,42
Target-Only,13,31.407434797072767,0.8092181160295191,0.0,1.0,0.0,Lunacek,5,42
Target-Only,14,31.407434797072767,0.8092181160295191,0.0,1.0,0.0,Lunacek,5,42
Target-Only,15,31.407434797072767,0.8092181160295191,0.0,1.0,0.0,Lunacek,5,42
Target-Only,16,31.407434797072767,0.8092181160295191,0.0,1.0,0.0,Lunacek,5,42
Target-Only,17,29.212158688168707,0.7526564385639807,0.0,1.0,0.0,Lunacek,5,42
Target-Only,18,29.212158688168707,0.7526564385639807,0.0,1.0,0.0,Lunacek,5,42
Target-Only,19,29.212158688168707,0.7526564385639807,0.0,1.0,0.0,Lunacek,5,42
Target-Only,20,29.212158688168707,0.7526564385639807,0.0,1.0,0.0,Lunacek,5,42
Matching-Fixed-Filter,0,38.81207572462091,1.0,0.0,1.0,0.0,Lunacek,5,42
Matching-Fixed-Filter,1,38.81207572462091,1.0,1.0,0.25,1.0,Lunacek,5,42
Matching-Fixed-Filter,2,38.81207572462091,1.0,1.0,0.25,1.0,Lunacek,5,42
Matching-Fixed-Filter,3,38.81207572462091,1.0,1.0,0.25,1.0,Lunacek,5,42
Matching-Fixed-Filter,4,38.81207572462091,1.0,1.0,0.25,1.0,Lunacek,5,42
Matching-Fixed-Filter,5,38.81207572462091,1.0,1.0,0.25,1.0,Lunacek,5,42
Matching-Fixed-Filter,6,38.81207572462091,1.0,1.0,0.25,1.0,Lunacek,5,42
Matching-Fixed-Filter,7,38.81207572462091,1.0,1.0,0.25,1.0,Lunacek,5,42
Matching-Fixed-Filter,8,38.81207572462091,1.0,1.0,0.25,1.0,Lunacek,5,42
Matching-Fixed-Filter,9,38.81207572462091,1.0,1.0,0.25,1.0,Lunacek,5,42
Matching-Fixed-Filter,10,38.81207572462091,1.0,1.0,0.25,1.0,Lunacek,5,42
Matching-Fixed-Filter,11,38.81207572462091,1.0,1.0,0.25,1.0,Lunacek,5,42
Matching-Fixed-Filter,12,38.81207572462091,1.0,1.0,0.25,1.0,Lunacek,5,42
Matching-Fixed-Filter,13,38.81207572462091,1.0,1.0,0.25,1.0,Lunacek,5,42
Matching-Fixed-Filter,14,38.81207572462091,1.0,1.0,0.25,1.0,Lunacek,5,42
Matching-Fixed-Filter,15,38.81207572462091,1.0,1.0,0.25,1.0,Lunacek,5,42
Matching-Fixed-Filter,16,38.81207572462091,1.0,1.0,0.25,1.0,Lunacek,5,42
Matching-Fixed-Filter,17,38.81207572462091,1.0,1.0,0.25,1.0,Lunacek,5,42
Matching-Fixed-Filter,18,38.81207572462091,1.0,1.0,0.25,1.0,Lunacek,5,42
Matching-Fixed-Filter,19,38.81207572462091,1.0,1.0,0.25,1.0,Lunacek,5,42
Matching-Fixed-Filter,20,38.81207572462091,1.0,1.0,0.25,1.0,Lunacek,5,42
Matching-Adaptive-Filter,0,38.81207572462091,1.0,0.0,1.0,0.0,Lunacek,5,42
Matching-Adaptive-Filter,1,38.81207572462091,1.0,0.0,1.0,0.041748251748247645,Lunacek,5,42
Matching-Adaptive-Filter,2,38.81207572462091,1.0,0.0,1.0,0.03636363636363306,Lunacek,5,42
Matching-Adaptive-Filter,3,38.81207572462091,1.0,1.0,0.96,0.05470085470085074,Lunacek,5,42
Matching-Adaptive-Filter,4,38.81207572462091,1.0,1.0,0.96,0.06075043377674563,Lunacek,5,42
Matching-Adaptive-Filter,5,38.81207572462091,1.0,0.0,1.0,0.04798319327730791,Lunacek,5,42
Matching-Adaptive-Filter,6,38.81207572462091,1.0,1.0,0.95,0.06915032679738184,Lunacek,5,42
Matching-Adaptive-Filter,7,38.81207572462091,1.0,1.0,0.94,0.08459752321981,Lunacek,5,42
Matching-Adaptive-Filter,8,38.81207572462091,1.0,0.0,1.0,0.03668730650154604,Lunacek,5,42
Matching-Adaptive-Filter,9,38.81207572462091,1.0,0.0,1.0,0.027736006683373643,Lunacek,5,42
Matching-Adaptive-Filter,10,38.81207572462091,1.0,0.0,1.0,0.0272344497607642,Lunacek,5,42
Matching-Adaptive-Filter,11,38.81207572462091,1.0,0.0,1.0,0.02723189853624509,Lunacek,5,42
Matching-Adaptive-Filter,12,37.647720770909345,0.9700001885502624,0.0,1.0,0.019047619047618144,Lunacek,5,42
Matching-Adaptive-Filter,13,37.647720770909345,0.9700001885502624,0.0,1.0,0.021287408243929048,Lunacek,5,42
Matching-Adaptive-Filter,14,37.647720770909345,0.9700001885502624,0.0,1.0,0.021569023180716435,Lunacek,5,42
Matching-Adaptive-Filter,15,37.647720770909345,0.9700001885502624,0.0,1.0,0.028074074074073002,Lunacek,5,42
Matching-Adaptive-Filter,16,37.647720770909345,0.9700001885502624,1.0,0.97,0.05133026113671097,Lunacek,5,42
Matching-Adaptive-Filter,17,37.647720770909345,0.9700001885502624,1.0,0.96,0.05376720980169077,Lunacek,5,42
Matching-Adaptive-Filter,18,37.647720770909345,0.9700001885502624,0.0,1.0,0.044110232041265074,Lunacek,5,42
Matching-Adaptive-Filter,19,37.647720770909345,0.9700001885502624,0.0,1.0,0.04856563314981013,Lunacek,5,42
Matching-Adaptive-Filter,20,37.647720770909345,0.9700001885502624,1.0,0.96,0.05348484143379103,Lunacek,5,42
Random-Adaptive-Filter,0,38.81207572462091,1.0,0.0,1.0,0.0,Lunacek,5,42
Random-Adaptive-Filter,1,38.81207572462091,1.0,0.0,1.0,0.039999999999996004,Lunacek,5,42
Random-Adaptive-Filter,2,38.81207572462091,1.0,0.0,1.0,0.03636363636363306,Lunacek,5,42
Random-Adaptive-Filter,3,38.81207572462091,1.0,0.0,1.0,0.03333333333333056,Lunacek,5,42
Random-Adaptive-Filter,4,38.81207572462091,1.0,0.0,1.0,0.0307692307692284,Lunacek,5,42
Random-Adaptive-Filter,5,38.81207572462091,1.0,0.0,1.0,0.03994576012222809,Lunacek,5,42
Random-Adaptive-Filter,6,38.81207572462091,1.0,1.0,0.97,0.052563767931412,Lunacek,5,42
Random-Adaptive-Filter,7,38.81207572462091,1.0,1.0,0.96,0.06637348719391717,Lunacek,5,42
Random-Adaptive-Filter,8,38.81207572462091,1.0,1.0,0.93,0.10329089741863526,Lunacek,5,42
Random-Adaptive-Filter,9,38.81207572462091,1.0,1.0,0.93,0.09640768588136578,Lunacek,5,42
Random-Adaptive-Filter,10,38.81207572462091,1.0,1.0,0.94,0.08728639781270986,Lunacek,5,42
Random-Adaptive-Filter,11,38.81207572462091,1.0,1.0,0.93,0.09555053642009777,Lunacek,5,42
Random-Adaptive-Filter,12,38.81207572462091,1.0,1.0,0.91,0.12301626513582563,Lunacek,5,42
Random-Adaptive-Filter,13,38.81207572462091,1.0,1.0,0.9,0.13751411631845903,Lunacek,5,42
Random-Adaptive-Filter,14,38.81207572462091,1.0,1.0,0.88,0.1638101099337151,Lunacek,5,42
Random-Adaptive-Filter,15,38.81207572462091,1.0,1.0,0.9,0.14614387464386963,Lunacek,5,42
Random-Adaptive-Filter,16,38.81207572462091,1.0,1.0,0.89,0.1556224742998885,Lunacek,5,42
Random-Adaptive-Filter,17,38.81207572462091,1.0,1.0,0.88,0.1730728973923111,Lunacek,5,42
Random-Adaptive-Filter,18,38.81207572462091,1.0,1.0,0.89,0.14719620258412902,Lunacek,5,42
Random-Adaptive-Filter,19,35.54142331730385,0.9157310618859202,1.0,0.89,0.15873961004497728,Lunacek,5,42
Random-Adaptive-Filter,20,35.54142331730385,0.9157310618859202,1.0,0.9,0.1438042950216752,Lunacek,5,42
Wrong-Adaptive-Filter,0,38.81207572462091,1.0,0.0,1.0,0.0,Lunacek,5,42
Wrong-Adaptive-Filter,1,38.81207572462091,1.0,1.0,0.97,0.052019230769226016,Lunacek,5,42
Wrong-Adaptive-Filter,2,38.81207572462091,1.0,0.0,1.0,0.03636363636363309,Lunacek,5,42
Wrong-Adaptive-Filter,3,38.81207572462091,1.0,1.0,0.96,0.05544702211368478,Lunacek,5,42
Wrong-Adaptive-Filter,4,38.81207572462091,1.0,1.0,0.92,0.11967900520531392,Lunacek,5,42
Wrong-Adaptive-Filter,5,38.81207572462091,1.0,1.0,0.92,0.11527731092436339,Lunacek,5,42
Wrong-Adaptive-Filter,6,38.81207572462091,1.0,1.0,0.91,0.12722052457345923,Lunacek,5,42
Wrong-Adaptive-Filter,7,38.81207572462091,1.0,1.0,0.91,0.13253823060323963,Lunacek,5,42
Wrong-Adaptive-Filter,8,38.81207572462091,1.0,1.0,0.93,0.1059068296684346,Lunacek,5,42
Wrong-Adaptive-Filter,9,38.81207572462091,1.0,1.0,0.88,0.16691729323307547,Lunacek,5,42
Wrong-Adaptive-Filter,10,31.407434797072767,0.8092181160295191,1.0,0.86,0.1966825017088093,Lunacek,5,42
Wrong-Adaptive-Filter,11,31.407434797072767,0.8092181160295191,1.0,0.84,0.2211739812981962,Lunacek,5,42
Wrong-Adaptive-Filter,12,31.407434797072767,0.8092181160295191,1.0,0.88,0.16581811907898233,Lunacek,5,42
Wrong-Adaptive-Filter,13,31.407434797072767,0.8092181160295191,1.0,0.88,0.17101566911348895,Lunacek,5,42
Wrong-Adaptive-Filter,14,31.407434797072767,0.8092181160295191,1.0,0.88,0.17175187151898555,Lunacek,5,42
Wrong-Adaptive-Filter,15,31.407434797072767,0.8092181160295191,1.0,0.87,0.17655840455839855,Lunacek,5,42
Wrong-Adaptive-Filter,16,31.407434797072767,0.8092181160295191,1.0,0.86,0.1995588246878504,Lunacek,5,42
Wrong-Adaptive-Filter,17,29.212158688168707,0.7526564385639807,1.0,0.86,0.19929626231803463,Lunacek,5,42
Wrong-Adaptive-Filter,18,29.212158688168707,0.7526564385639807,1.0,0.86,0.19008973146903596,Lunacek,5,42
Wrong-Adaptive-Filter,19,29.212158688168707,0.7526564385639807,1.0,0.83,0.2274533691860064,Lunacek,5,42
Wrong-Adaptive-Filter,20,29.212158688168707,0.7526564385639807,1.0,0.83,0.230655677510152,Lunacek,5,42
Oracle-Fixed-Filter,0,38.81207572462091,1.0,0.0,1.0,0.0,Lunacek,5,42
Oracle-Fixed-Filter,1,38.81207572462091,1.0,0.0,1.0,0.0,Lunacek,5,42
Oracle-Fixed-Filter,2,38.81207572462091,1.0,0.0,1.0,0.0,Lunacek,5,42
Oracle-Fixed-Filter,3,38.81207572462091,1.0,0.0,1.0,0.0,Lunacek,5,42
Oracle-Fixed-Filter,4,38.81207572462091,1.0,0.0,1.0,0.0,Lunacek,5,42
Oracle-Fixed-Filter,5,38.81207572462091,1.0,0.0,1.0,0.0,Lunacek,5,42
Oracle-Fixed-Filter,6,38.81207572462091,1.0,0.0,1.0,0.0,Lunacek,5,42
Oracle-Fixed-Filter,7,38.81207572462091,1.0,0.0,1.0,0.0,Lunacek,5,42
Oracle-Fixed-Filter,8,38.81207572462091,1.0,0.0,1.0,0.0,Lunacek,5,42
Oracle-Fixed-Filter,9,38.81207572462091,1.0,0.0,1.0,0.0,Lunacek,5,42
Oracle-Fixed-Filter,10,31.407434797072767,0.8092181160295191,0.0,1.0,0.0,Lunacek,5,42
Oracle-Fixed-Filter,11,31.407434797072767,0.8092181160295191,0.0,1.0,0.0,Lunacek,5,42
Oracle-Fixed-Filter,12,31.407434797072767,0.8092181160295191,0.0,1.0,0.0,Lunacek,5,42
Oracle-Fixed-Filter,13,31.407434797072767,0.8092181160295191,0.0,1.0,0.0,Lunacek,5,42
Oracle-Fixed-Filter,14,31.407434797072767,0.8092181160295191,0.0,1.0,0.0,Lunacek,5,42
Oracle-Fixed-Filter,15,31.407434797072767,0.8092181160295191,0.0,1.0,0.0,Lunacek,5,42
Oracle-Fixed-Filter,16,31.407434797072767,0.8092181160295191,0.0,1.0,0.0,Lunacek,5,42
Oracle-Fixed-Filter,17,29.212158688168707,0.7526564385639807,0.0,1.0,0.0,Lunacek,5,42
Oracle-Fixed-Filter,18,29.212158688168707,0.7526564385639807,0.0,1.0,0.0,Lunacek,5,42
Oracle-Fixed-Filter,19,29.212158688168707,0.7526564385639807,0.0,1.0,0.0,Lunacek,5,42
Oracle-Fixed-Filter,20,29.212158688168707,0.7526564385639807,0.0,1.0,0.0,Lunacek,5,42
Matching-Soft-Rerank,0,38.81207572462091,1.0,0.0,1.0,,Lunacek,5,42
Matching-Soft-Rerank,1,38.81207572462091,1.0,0.0,1.0,,Lunacek,5,42
Matching-Soft-Rerank,2,38.81207572462091,1.0,0.0,1.0,,Lunacek,5,42
Matching-Soft-Rerank,3,38.81207572462091,1.0,0.0,1.0,,Lunacek,5,42
Matching-Soft-Rerank,4,38.81207572462091,1.0,0.0,1.0,,Lunacek,5,42
Matching-Soft-Rerank,5,38.81207572462091,1.0,0.0,1.0,,Lunacek,5,42
Matching-Soft-Rerank,6,38.81207572462091,1.0,0.0,1.0,,Lunacek,5,42
Matching-Soft-Rerank,7,38.81207572462091,1.0,0.0,1.0,,Lunacek,5,42
Matching-Soft-Rerank,8,38.81207572462091,1.0,0.0,1.0,,Lunacek,5,42
Matching-Soft-Rerank,9,38.41515800906169,0.9897733448121809,0.0,1.0,,Lunacek,5,42
Matching-Soft-Rerank,10,38.41515800906169,0.9897733448121809,0.0,1.0,,Lunacek,5,42
Matching-Soft-Rerank,11,38.41515800906169,0.9897733448121809,0.0,1.0,,Lunacek,5,42
Matching-Soft-Rerank,12,38.41515800906169,0.9897733448121809,0.0,1.0,,Lunacek,5,42
Matching-Soft-Rerank,13,38.41515800906169,0.9897733448121809,0.0,1.0,,Lunacek,5,42
Matching-Soft-Rerank,14,38.41515800906169,0.9897733448121809,0.0,1.0,,Lunacek,5,42
Matching-Soft-Rerank,15,38.41515800906169,0.9897733448121809,0.0,1.0,,Lunacek,5,42
Matching-Soft-Rerank,16,38.41515800906169,0.9897733448121809,0.0,1.0,,Lunacek,5,42
Matching-Soft-Rerank,17,38.41515800906169,0.9897733448121809,0.0,1.0,,Lunacek,5,42
Matching-Soft-Rerank,18,38.41515800906169,0.9897733448121809,0.0,1.0,,Lunacek,5,42
Matching-Soft-Rerank,19,38.41515800906169,0.9897733448121809,0.0,1.0,,Lunacek,5,42
Matching-Soft-Rerank,20,38.41515800906169,0.9897733448121809,0.0,1.0,,Lunacek,5,42
Target-Only,0,44.72833436467948,1.0,0.0,1.0,0.0,Lunacek,5,101
Target-Only,1,44.72833436467948,1.0,0.0,1.0,0.0,Lunacek,5,101
Target-Only,2,44.72833436467948,1.0,0.0,1.0,0.0,Lunacek,5,101
Target-Only,3,44.72833436467948,1.0,0.0,1.0,0.0,Lunacek,5,101
Target-Only,4,44.72833436467948,1.0,0.0,1.0,0.0,Lunacek,5,101
Target-Only,5,44.72833436467948,1.0,0.0,1.0,0.0,Lunacek,5,101
Target-Only,6,44.72833436467948,1.0,0.0,1.0,0.0,Lunacek,5,101
Target-Only,7,44.72833436467948,1.0,0.0,1.0,0.0,Lunacek,5,101
Target-Only,8,44.72833436467948,1.0,0.0,1.0,0.0,Lunacek,5,101
Target-Only,9,44.72833436467948,1.0,0.0,1.0,0.0,Lunacek,5,101
Target-Only,10,44.72833436467948,1.0,0.0,1.0,0.0,Lunacek,5,101
Target-Only,11,44.72833436467948,1.0,0.0,1.0,0.0,Lunacek,5,101
Target-Only,12,44.72833436467948,1.0,0.0,1.0,0.0,Lunacek,5,101
Target-Only,13,44.72833436467948,1.0,0.0,1.0,0.0,Lunacek,5,101
Target-Only,14,44.72833436467948,1.0,0.0,1.0,0.0,Lunacek,5,101
Target-Only,15,44.72833436467948,1.0,0.0,1.0,0.0,Lunacek,5,101
Target-Only,16,44.72833436467948,1.0,0.0,1.0,0.0,Lunacek,5,101
Target-Only,17,44.72833436467948,1.0,0.0,1.0,0.0,Lunacek,5,101
Target-Only,18,33.137254047322315,0.7408559812924698,0.0,1.0,0.0,Lunacek,5,101
Target-Only,19,33.137254047322315,0.7408559812924698,0.0,1.0,0.0,Lunacek,5,101
Target-Only,20,33.137254047322315,0.7408559812924698,0.0,1.0,0.0,Lunacek,5,101
Matching-Fixed-Filter,0,44.72833436467948,1.0,0.0,1.0,0.0,Lunacek,5,101
Matching-Fixed-Filter,1,44.72833436467948,1.0,1.0,0.25,1.0,Lunacek,5,101
Matching-Fixed-Filter,2,44.72833436467948,1.0,1.0,0.25,1.0,Lunacek,5,101
Matching-Fixed-Filter,3,44.72833436467948,1.0,1.0,0.25,1.0,Lunacek,5,101
Matching-Fixed-Filter,4,44.72833436467948,1.0,1.0,0.25,1.0,Lunacek,5,101
Matching-Fixed-Filter,5,44.72833436467948,1.0,1.0,0.25,1.0,Lunacek,5,101
Matching-Fixed-Filter,6,44.72833436467948,1.0,1.0,0.25,1.0,Lunacek,5,101
Matching-Fixed-Filter,7,44.72833436467948,1.0,1.0,0.25,1.0,Lunacek,5,101
Matching-Fixed-Filter,8,44.72833436467948,1.0,1.0,0.25,1.0,Lunacek,5,101
Matching-Fixed-Filter,9,44.72833436467948,1.0,1.0,0.25,1.0,Lunacek,5,101
Matching-Fixed-Filter,10,44.72833436467948,1.0,1.0,0.25,1.0,Lunacek,5,101
Matching-Fixed-Filter,11,44.72833436467948,1.0,1.0,0.25,1.0,Lunacek,5,101
Matching-Fixed-Filter,12,44.72833436467948,1.0,1.0,0.25,1.0,Lunacek,5,101
Matching-Fixed-Filter,13,44.72833436467948,1.0,1.0,0.25,1.0,Lunacek,5,101
Matching-Fixed-Filter,14,44.72833436467948,1.0,1.0,0.25,1.0,Lunacek,5,101
Matching-Fixed-Filter,15,44.72833436467948,1.0,1.0,0.25,1.0,Lunacek,5,101
Matching-Fixed-Filter,16,44.72833436467948,1.0,1.0,0.25,1.0,Lunacek,5,101
Matching-Fixed-Filter,17,44.72833436467948,1.0,1.0,0.25,1.0,Lunacek,5,101
Matching-Fixed-Filter,18,44.72833436467948,1.0,1.0,0.25,1.0,Lunacek,5,101
Matching-Fixed-Filter,19,44.72833436467948,1.0,1.0,0.25,1.0,Lunacek,5,101
Matching-Fixed-Filter,20,44.72833436467948,1.0,1.0,0.25,1.0,Lunacek,5,101
Matching-Adaptive-Filter,0,44.72833436467948,1.0,0.0,1.0,0.0,Lunacek,5,101
Matching-Adaptive-Filter,1,44.72833436467948,1.0,1.0,0.79,0.29240384615382636,Lunacek,5,101
Matching-Adaptive-Filter,2,44.72833436467948,1.0,1.0,0.82,0.2483061056590311,Lunacek,5,101
Matching-Adaptive-Filter,3,44.72833436467948,1.0,1.0,0.85,0.20997150997149738,Lunacek,5,101
Matching-Adaptive-Filter,4,44.72833436467948,1.0,1.0,0.85,0.20858877964139955,Lunacek,5,101
Matching-Adaptive-Filter,5,44.72833436467948,1.0,1.0,0.88,0.168550038197088,Lunacek,5,101
Matching-Adaptive-Filter,6,44.72833436467948,1.0,1.0,0.92,0.11161674518291585,Lunacek,5,101
Matching-Adaptive-Filter,7,44.72833436467948,1.0,1.0,0.96,0.06177643306125954,Lunacek,5,101
Matching-Adaptive-Filter,8,44.72833436467948,1.0,1.0,0.95,0.07991864292510026,Lunacek,5,101
Matching-Adaptive-Filter,9,44.72833436467948,1.0,1.0,0.9,0.1413533834586404,Lunacek,5,101
Matching-Adaptive-Filter,10,44.72833436467948,1.0,1.0,0.93,0.09998120300751458,Lunacek,5,101
Matching-Adaptive-Filter,11,44.72833436467948,1.0,1.0,0.93,0.09880690737833195,Lunacek,5,101
Matching-Adaptive-Filter,12,44.72833436467948,1.0,1.0,0.94,0.08646643714578156,Lunacek,5,101
Matching-Adaptive-Filter,13,44.72833436467948,1.0,1.0,0.95,0.07431535855448616,Lunacek,5,101
Matching-Adaptive-Filter,14,44.72833436467948,1.0,1.0,0.95,0.07018961531677347,Lunacek,5,101
Matching-Adaptive-Filter,15,44.72833436467948,1.0,1.0,0.92,0.11159259259258875,Lunacek,5,101
Matching-Adaptive-Filter,16,44.72833436467948,1.0,1.0,0.91,0.13150277679309508,Lunacek,5,101
Matching-Adaptive-Filter,17,44.72833436467948,1.0,1.0,0.92,0.11020780042255787,Lunacek,5,101
Matching-Adaptive-Filter,18,33.137254047322315,0.7408559812924698,1.0,0.89,0.15166670813222066,Lunacek,5,101
Matching-Adaptive-Filter,19,33.137254047322315,0.7408559812924698,1.0,0.88,0.16402694559469572,Lunacek,5,101
Matching-Adaptive-Filter,20,33.137254047322315,0.7408559812924698,1.0,0.85,0.20592147737848712,Lunacek,5,101
Random-Adaptive-Filter,0,44.72833436467948,1.0,0.0,1.0,0.0,Lunacek,5,101
Random-Adaptive-Filter,1,44.72833436467948,1.0,1.0,0.83,0.23449300699299092,Lunacek,5,101
Random-Adaptive-Filter,2,44.72833436467948,1.0,1.0,0.84,0.22378283481223227,Lunacek,5,101
Random-Adaptive-Filter,3,44.72833436467948,1.0,1.0,0.83,0.23737620404285661,Lunacek,5,101
Random-Adaptive-Filter,4,44.72833436467948,1.0,1.0,0.83,0.23029930595718787,Lunacek,5,101
Random-Adaptive-Filter,5,44.72833436467948,1.0,1.0,0.84,0.22394576012221892,Lunacek,5,101
Random-Adaptive-Filter,6,44.72833436467948,1.0,1.0,0.81,0.2577922608437187,Lunacek,5,101
Random-Adaptive-Filter,7,44.72833436467948,1.0,1.0,0.81,0.25600197016604476,Lunacek,5,101
Random-Adaptive-Filter,8,44.72833436467948,1.0,1.0,0.86,0.19024497436126672,Lunacek,5,101
Random-Adaptive-Filter,9,44.72833436467948,1.0,1.0,0.92,0.10910609857977796,Lunacek,5,101
Random-Adaptive-Filter,10,44.72833436467948,1.0,1.0,0.89,0.14954613807244757,Lunacek,5,101
Random-Adaptive-Filter,11,44.72833436467948,1.0,1.0,0.9,0.1371846786753564,Lunacek,5,101
Random-Adaptive-Filter,12,44.72833436467948,1.0,1.0,0.95,0.07259029215550665,Lunacek,5,101
Random-Adaptive-Filter,13,44.72833436467948,1.0,1.0,0.94,0.08840697346131794,Lunacek,5,101
Random-Adaptive-Filter,14,44.72833436467948,1.0,1.0,0.94,0.08560348643551213,Lunacek,5,101
Random-Adaptive-Filter,15,44.72833436467948,1.0,1.0,0.93,0.10020085470085122,Lunacek,5,101
Random-Adaptive-Filter,16,44.72833436467948,1.0,1.0,0.96,0.061521682618454705,Lunacek,5,101
Random-Adaptive-Filter,17,44.72833436467948,1.0,0.0,1.0,0.043299229506124595,Lunacek,5,101
Random-Adaptive-Filter,18,33.137254047322315,0.7408559812924698,1.0,0.96,0.06388930354447392,Lunacek,5,101
Random-Adaptive-Filter,19,33.137254047322315,0.7408559812924698,1.0,0.96,0.05639132182349963,Lunacek,5,101
Random-Adaptive-Filter,20,33.137254047322315,0.7408559812924698,1.0,0.95,0.06807305736532453,Lunacek,5,101
Wrong-Adaptive-Filter,0,44.72833436467948,1.0,0.0,1.0,0.0,Lunacek,5,101
Wrong-Adaptive-Filter,1,44.72833436467948,1.0,0.0,1.0,0.039999999999996004,Lunacek,5,101
Wrong-Adaptive-Filter,2,44.72833436467948,1.0,0.0,1.0,0.03636363636363306,Lunacek,5,101
Wrong-Adaptive-Filter,3,44.72833436467948,1.0,0.0,1.0,0.03333333333333056,Lunacek,5,101
Wrong-Adaptive-Filter,4,44.72833436467948,1.0,0.0,1.0,0.0307692307692284,Lunacek,5,101
Wrong-Adaptive-Filter,5,44.72833436467948,1.0,0.0,1.0,0.028571428571426534,Lunacek,5,101
Wrong-Adaptive-Filter,6,44.72833436467948,1.0,0.0,1.0,0.026666666666664892,Lunacek,5,101
Wrong-Adaptive-Filter,7,44.72833436467948,1.0,0.0,1.0,0.02499999999999844,Lunacek,5,101
Wrong-Adaptive-Filter,8,44.72833436467948,1.0,0.0,1.0,0.0235294117647045,Lunacek,5,101
Wrong-Adaptive-Filter,9,44.72833436467948,1.0,0.0,1.0,0.02222222222222099,Lunacek,5,101
Wrong-Adaptive-Filter,10,44.72833436467948,1.0,0.0,1.0,0.021052631578946265,Lunacek,5,101
Wrong-Adaptive-Filter,11,44.72833436467948,1.0,0.0,1.0,0.019999999999999005,Lunacek,5,101
Wrong-Adaptive-Filter,12,44.72833436467948,1.0,0.0,1.0,0.019047619047618144,Lunacek,5,101
Wrong-Adaptive-Filter,13,44.72833436467948,1.0,0.0,1.0,0.01818181818181736,Lunacek,5,101
Wrong-Adaptive-Filter,14,44.72833436467948,1.0,0.0,1.0,0.01739130434782533,Lunacek,5,101
Wrong-Adaptive-Filter,15,44.72833436467948,1.0,0.0,1.0,0.016666666666665976,Lunacek,5,101
Wrong-Adaptive-Filter,16,44.72833436467948,1.0,0.0,1.0,0.015999999999999362,Lunacek,5,101
Wrong-Adaptive-Filter,17,44.72833436467948,1.0,0.0,1.0,0.015384615384614796,Lunacek,5,101
Wrong-Adaptive-Filter,18,33.137254047322315,0.7408559812924698,0.0,1.0,0.014814814814814267,Lunacek,5,101
Wrong-Adaptive-Filter,19,33.137254047322315,0.7408559812924698,0.0,1.0,0.014285714285713777,Lunacek,5,101
Wrong-Adaptive-Filter,20,33.137254047322315,0.7408559812924698,0.0,1.0,0.013793103448275388,Lunacek,5,101
Oracle-Fixed-Filter,0,44.72833436467948,1.0,0.0,1.0,0.0,Lunacek,5,101
Oracle-Fixed-Filter,1,44.72833436467948,1.0,0.0,1.0,0.0,Lunacek,5,101
Oracle-Fixed-Filter,2,44.72833436467948,1.0,0.0,1.0,0.0,Lunacek,5,101
Oracle-Fixed-Filter,3,44.72833436467948,1.0,0.0,1.0,0.0,Lunacek,5,101
Oracle-Fixed-Filter,4,44.72833436467948,1.0,0.0,1.0,0.0,Lunacek,5,101
Oracle-Fixed-Filter,5,44.72833436467948,1.0,0.0,1.0,0.0,Lunacek,5,101
Oracle-Fixed-Filter,6,44.72833436467948,1.0,0.0,1.0,0.0,Lunacek,5,101
Oracle-Fixed-Filter,7,44.72833436467948,1.0,0.0,1.0,0.0,Lunacek,5,101
Oracle-Fixed-Filter,8,44.72833436467948,1.0,0.0,1.0,0.0,Lunacek,5,101
Oracle-Fixed-Filter,9,44.72833436467948,1.0,0.0,1.0,0.0,Lunacek,5,101
Oracle-Fixed-Filter,10,44.72833436467948,1.0,0.0,1.0,0.0,Lunacek,5,101
Oracle-Fixed-Filter,11,44.72833436467948,1.0,0.0,1.0,0.0,Lunacek,5,101
Oracle-Fixed-Filter,12,44.72833436467948,1.0,0.0,1.0,0.0,Lunacek,5,101
Oracle-Fixed-Filter,13,44.72833436467948,1.0,0.0,1.0,0.0,Lunacek,5,101
Oracle-Fixed-Filter,14,44.72833436467948,1.0,0.0,1.0,0.0,Lunacek,5,101
Oracle-Fixed-Filter,15,44.72833436467948,1.0,0.0,1.0,0.0,Lunacek,5,101
Oracle-Fixed-Filter,16,44.72833436467948,1.0,0.0,1.0,0.0,Lunacek,5,101
Oracle-Fixed-Filter,17,44.72833436467948,1.0,0.0,1.0,0.0,Lunacek,5,101
Oracle-Fixed-Filter,18,33.137254047322315,0.7408559812924698,0.0,1.0,0.0,Lunacek,5,101
Oracle-Fixed-Filter,19,33.137254047322315,0.7408559812924698,0.0,1.0,0.0,Lunacek,5,101
Oracle-Fixed-Filter,20,33.137254047322315,0.7408559812924698,0.0,1.0,0.0,Lunacek,5,101
Matching-Soft-Rerank,0,44.72833436467948,1.0,0.0,1.0,,Lunacek,5,101
Matching-Soft-Rerank,1,44.72833436467948,1.0,0.0,1.0,,Lunacek,5,101
Matching-Soft-Rerank,2,34.026579780075025,0.760738808260759,0.0,1.0,,Lunacek,5,101
Matching-Soft-Rerank,3,34.026579780075025,0.760738808260759,0.0,1.0,,Lunacek,5,101
Matching-Soft-Rerank,4,34.026579780075025,0.760738808260759,0.0,1.0,,Lunacek,5,101
Matching-Soft-Rerank,5,34.026579780075025,0.760738808260759,0.0,1.0,,Lunacek,5,101
Matching-Soft-Rerank,6,34.026579780075025,0.760738808260759,0.0,1.0,,Lunacek,5,101
Matching-Soft-Rerank,7,34.026579780075025,0.760738808260759,0.0,1.0,,Lunacek,5,101
Matching-Soft-Rerank,8,34.026579780075025,0.760738808260759,0.0,1.0,,Lunacek,5,101
Matching-Soft-Rerank,9,34.026579780075025,0.760738808260759,0.0,1.0,,Lunacek,5,101
Matching-Soft-Rerank,10,34.026579780075025,0.760738808260759,0.0,1.0,,Lunacek,5,101
Matching-Soft-Rerank,11,34.026579780075025,0.760738808260759,0.0,1.0,,Lunacek,5,101
Matching-Soft-Rerank,12,34.026579780075025,0.760738808260759,0.0,1.0,,Lunacek,5,101
Matching-Soft-Rerank,13,34.026579780075025,0.760738808260759,0.0,1.0,,Lunacek,5,101
Matching-Soft-Rerank,14,34.026579780075025,0.760738808260759,0.0,1.0,,Lunacek,5,101
Matching-Soft-Rerank,15,34.026579780075025,0.760738808260759,0.0,1.0,,Lunacek,5,101
Matching-Soft-Rerank,16,34.026579780075025,0.760738808260759,0.0,1.0,,Lunacek,5,101
Matching-Soft-Rerank,17,34.026579780075025,0.760738808260759,0.0,1.0,,Lunacek,5,101
Matching-Soft-Rerank,18,34.026579780075025,0.760738808260759,0.0,1.0,,Lunacek,5,101
Matching-Soft-Rerank,19,34.026579780075025,0.760738808260759,0.0,1.0,,Lunacek,5,101
Matching-Soft-Rerank,20,34.026579780075025,0.760738808260759,0.0,1.0,,Lunacek,5,101
Target-Only,0,42.36913485589654,1.0,0.0,1.0,0.0,Lunacek,5,2026
Target-Only,1,42.36913485589654,1.0,0.0,1.0,0.0,Lunacek,5,2026
Target-Only,2,42.36913485589654,1.0,0.0,1.0,0.0,Lunacek,5,2026
Target-Only,3,42.36913485589654,1.0,0.0,1.0,0.0,Lunacek,5,2026
Target-Only,4,42.36913485589654,1.0,0.0,1.0,0.0,Lunacek,5,2026
Target-Only,5,42.36913485589654,1.0,0.0,1.0,0.0,Lunacek,5,2026
Target-Only,6,42.36913485589654,1.0,0.0,1.0,0.0,Lunacek,5,2026
Target-Only,7,42.36913485589654,1.0,0.0,1.0,0.0,Lunacek,5,2026
Target-Only,8,42.36913485589654,1.0,0.0,1.0,0.0,Lunacek,5,2026
Target-Only,9,42.36913485589654,1.0,0.0,1.0,0.0,Lunacek,5,2026
Target-Only,10,42.36913485589654,1.0,0.0,1.0,0.0,Lunacek,5,2026
Target-Only,11,42.36913485589654,1.0,0.0,1.0,0.0,Lunacek,5,2026
Target-Only,12,42.36913485589654,1.0,0.0,1.0,0.0,Lunacek,5,2026
Target-Only,13,42.36913485589654,1.0,0.0,1.0,0.0,Lunacek,5,2026
Target-Only,14,42.36913485589654,1.0,0.0,1.0,0.0,Lunacek,5,2026
Target-Only,15,42.36913485589654,1.0,0.0,1.0,0.0,Lunacek,5,2026
Target-Only,16,42.36913485589654,1.0,0.0,1.0,0.0,Lunacek,5,2026
Target-Only,17,42.36913485589654,1.0,0.0,1.0,0.0,Lunacek,5,2026
Target-Only,18,42.36913485589654,1.0,0.0,1.0,0.0,Lunacek,5,2026
Target-Only,19,42.36913485589654,1.0,0.0,1.0,0.0,Lunacek,5,2026
Target-Only,20,42.36913485589654,1.0,0.0,1.0,0.0,Lunacek,5,2026
Matching-Fixed-Filter,0,42.36913485589654,1.0,0.0,1.0,0.0,Lunacek,5,2026
Matching-Fixed-Filter,1,42.36913485589654,1.0,1.0,0.25,1.0,Lunacek,5,2026
Matching-Fixed-Filter,2,42.36913485589654,1.0,1.0,0.25,1.0,Lunacek,5,2026
Matching-Fixed-Filter,3,42.36913485589654,1.0,1.0,0.25,1.0,Lunacek,5,2026
Matching-Fixed-Filter,4,42.36913485589654,1.0,1.0,0.25,1.0,Lunacek,5,2026
Matching-Fixed-Filter,5,42.36913485589654,1.0,1.0,0.25,1.0,Lunacek,5,2026
Matching-Fixed-Filter,6,42.36913485589654,1.0,1.0,0.25,1.0,Lunacek,5,2026
Matching-Fixed-Filter,7,42.36913485589654,1.0,1.0,0.25,1.0,Lunacek,5,2026
Matching-Fixed-Filter,8,42.36913485589654,1.0,1.0,0.25,1.0,Lunacek,5,2026
Matching-Fixed-Filter,9,42.36913485589654,1.0,1.0,0.25,1.0,Lunacek,5,2026
Matching-Fixed-Filter,10,42.36913485589654,1.0,1.0,0.25,1.0,Lunacek,5,2026
Matching-Fixed-Filter,11,42.36913485589654,1.0,1.0,0.25,1.0,Lunacek,5,2026
Matching-Fixed-Filter,12,42.36913485589654,1.0,1.0,0.25,1.0,Lunacek,5,2026
Matching-Fixed-Filter,13,42.36913485589654,1.0,1.0,0.25,1.0,Lunacek,5,2026
Matching-Fixed-Filter,14,42.36913485589654,1.0,1.0,0.25,1.0,Lunacek,5,2026
Matching-Fixed-Filter,15,42.36913485589654,1.0,1.0,0.25,1.0,Lunacek,5,2026
Matching-Fixed-Filter,16,42.36913485589654,1.0,1.0,0.25,1.0,Lunacek,5,2026
Matching-Fixed-Filter,17,42.36913485589654,1.0,1.0,0.25,1.0,Lunacek,5,2026
Matching-Fixed-Filter,18,42.36913485589654,1.0,1.0,0.25,1.0,Lunacek,5,2026
Matching-Fixed-Filter,19,42.36913485589654,1.0,1.0,0.25,1.0,Lunacek,5,2026
Matching-Fixed-Filter,20,42.36913485589654,1.0,1.0,0.25,1.0,Lunacek,5,2026
Matching-Adaptive-Filter,0,42.36913485589654,1.0,0.0,1.0,0.0,Lunacek,5,2026
Matching-Adaptive-Filter,1,42.36913485589654,1.0,1.0,0.84,0.21854020979019467,Lunacek,5,2026
Matching-Adaptive-Filter,2,42.36913485589654,1.0,1.0,0.82,0.2505887494857924,Lunacek,5,2026
Matching-Adaptive-Filter,3,42.36913485589654,1.0,1.0,0.89,0.15353412020077742,Lunacek,5,2026
Matching-Adaptive-Filter,4,42.36913485589654,1.0,1.0,0.86,0.18687825332561123,Lunacek,5,2026
Matching-Adaptive-Filter,5,42.36913485589654,1.0,1.0,0.87,0.18302597402596427,Lunacek,5,2026
Matching-Adaptive-Filter,6,42.36913485589654,1.0,1.0,0.86,0.18996323529410813,Lunacek,5,2026
Matching-Adaptive-Filter,7,42.36913485589654,1.0,1.0,0.84,0.2192255371047837,Lunacek,5,2026
Matching-Adaptive-Filter,8,42.36913485589654,1.0,1.0,0.87,0.17594291486469982,Lunacek,5,2026
Matching-Adaptive-Filter,9,42.36913485589654,1.0,1.0,0.86,0.19114452798662496,Lunacek,5,2026
Matching-Adaptive-Filter,10,42.36913485589654,1.0,1.0,0.88,0.16135782638413543,Lunacek,5,2026
Matching-Adaptive-Filter,11,42.36913485589654,1.0,1.0,0.92,0.1115817102152461,Lunacek,5,2026
Matching-Adaptive-Filter,12,42.36913485589654,1.0,1.0,0.93,0.10342823943367017,Lunacek,5,2026
Matching-Adaptive-Filter,13,42.36913485589654,1.0,1.0,0.92,0.10940852625634824,Lunacek,5,2026
Matching-Adaptive-Filter,14,42.36913485589654,1.0,1.0,0.92,0.11182345054847743,Lunacek,5,2026
Matching-Adaptive-Filter,15,42.36913485589654,1.0,1.0,0.91,0.13027065527065076,Lunacek,5,2026
Matching-Adaptive-Filter,16,42.36913485589654,1.0,1.0,0.94,0.0890385206191628,Lunacek,5,2026
Matching-Adaptive-Filter,17,42.36913485589654,1.0,1.0,0.92,0.11428008202055018,Lunacek,5,2026
Matching-Adaptive-Filter,18,42.36913485589654,1.0,1.0,0.9,0.14021703073426778,Lunacek,5,2026
Matching-Adaptive-Filter,19,42.36913485589654,1.0,1.0,0.9,0.14380113187284116,Lunacek,5,2026
Matching-Adaptive-Filter,20,42.36913485589654,1.0,1.0,0.89,0.15372661233569737,Lunacek,5,2026
Random-Adaptive-Filter,0,42.36913485589654,1.0,0.0,1.0,0.0,Lunacek,5,2026
Random-Adaptive-Filter,1,42.36913485589654,1.0,1.0,0.84,0.22444055944054392,Lunacek,5,2026
Random-Adaptive-Filter,2,42.36913485589654,1.0,1.0,0.85,0.21118452625804213,Lunacek,5,2026
Random-Adaptive-Filter,3,42.36913485589654,1.0,1.0,0.94,0.08637905304571405,Lunacek,5,2026
Random-Adaptive-Filter,4,42.36913485589654,1.0,1.0,0.88,0.16620156159628896,Lunacek,5,2026
Random-Adaptive-Filter,5,42.36913485589654,1.0,1.0,0.96,0.0632184873949542,Lunacek,5,2026
Random-Adaptive-Filter,6,42.36913485589654,1.0,0.0,1.0,0.031649531024529,Lunacek,5,2026
Random-Adaptive-Filter,7,42.36913485589654,1.0,0.0,1.0,0.02499999999999844,Lunacek,5,2026
Random-Adaptive-Filter,8,42.36913485589654,1.0,0.0,1.0,0.02867815318346858,Lunacek,5,2026
Random-Adaptive-Filter,9,42.36913485589654,1.0,0.0,1.0,0.02222222222222099,Lunacek,5,2026
Random-Adaptive-Filter,10,42.36913485589654,1.0,0.0,1.0,0.021052631578946265,Lunacek,5,2026
Random-Adaptive-Filter,11,42.36913485589654,1.0,0.0,1.0,0.019999999999999005,Lunacek,5,2026
Random-Adaptive-Filter,12,42.36913485589654,1.0,0.0,1.0,0.019047619047618144,Lunacek,5,2026
Random-Adaptive-Filter,13,42.36913485589654,1.0,0.0,1.0,0.01818181818181736,Lunacek,5,2026
Random-Adaptive-Filter,14,42.36913485589654,1.0,0.0,1.0,0.01739130434782533,Lunacek,5,2026
Random-Adaptive-Filter,15,42.36913485589654,1.0,0.0,1.0,0.016666666666665976,Lunacek,5,2026
Random-Adaptive-Filter,16,42.36913485589654,1.0,0.0,1.0,0.015999999999999362,Lunacek,5,2026
Random-Adaptive-Filter,17,42.36913485589654,1.0,0.0,1.0,0.015384615384614796,Lunacek,5,2026
Random-Adaptive-Filter,18,42.36913485589654,1.0,0.0,1.0,0.02526413560896233,Lunacek,5,2026
Random-Adaptive-Filter,19,42.36913485589654,1.0,0.0,1.0,0.042441181144314014,Lunacek,5,2026
Random-Adaptive-Filter,20,42.36913485589654,1.0,1.0,0.97,0.0506853022632842,Lunacek,5,2026
Wrong-Adaptive-Filter,0,42.36913485589654,1.0,0.0,1.0,0.0,Lunacek,5,2026
Wrong-Adaptive-Filter,1,42.36913485589654,1.0,1.0,0.95,0.07999125874125224,Lunacek,5,2026
Wrong-Adaptive-Filter,2,42.36913485589654,1.0,1.0,0.94,0.09011013496306967,Lunacek,5,2026
Wrong-Adaptive-Filter,3,42.36913485589654,1.0,1.0,0.91,0.1296567629900882,Lunacek,5,2026
Wrong-Adaptive-Filter,4,42.36913485589654,1.0,1.0,0.88,0.16620156159628893,Lunacek,5,2026
Wrong-Adaptive-Filter,5,42.36913485589654,1.0,1.0,0.9,0.13452330022917525,Lunacek,5,2026
Wrong-Adaptive-Filter,6,42.36913485589654,1.0,1.0,0.91,0.13232408114760377,Lunacek,5,2026
Wrong-Adaptive-Filter,7,42.36913485589654,1.0,1.0,0.88,0.16217281170840764,Lunacek,5,2026
Wrong-Adaptive-Filter,8,42.36913485589654,1.0,1.0,0.91,0.12372450652501232,Lunacek,5,2026
Wrong-Adaptive-Filter,9,42.36913485589654,1.0,1.0,0.88,0.16006683375103725,Lunacek,5,2026
Wrong-Adaptive-Filter,10,42.36913485589654,1.0,1.0,0.93,0.10307211209842353,Lunacek,5,2026
Wrong-Adaptive-Filter,11,42.36913485589654,1.0,1.0,0.94,0.0925144420796557,Lunacek,5,2026
Wrong-Adaptive-Filter,12,42.36913485589654,1.0,1.0,0.91,0.1248602092352044,Lunacek,5,2026
Wrong-Adaptive-Filter,13,42.36913485589654,1.0,1.0,0.89,0.1536243647656634,Lunacek,5,2026
Wrong-Adaptive-Filter,14,42.36913485589654,1.0,1.0,0.91,0.12508088150494437,Lunacek,5,2026
Wrong-Adaptive-Filter,15,42.36913485589654,1.0,1.0,0.92,0.10880341880341504,Lunacek,5,2026
Wrong-Adaptive-Filter,16,42.36913485589654,1.0,1.0,0.88,0.16966398834140212,Lunacek,5,2026
Wrong-Adaptive-Filter,17,42.36913485589654,1.0,1.0,0.88,0.17239991864915696,Lunacek,5,2026
Wrong-Adaptive-Filter,18,42.36913485589654,1.0,1.0,0.87,0.18448410625134193,Lunacek,5,2026
Wrong-Adaptive-Filter,19,42.36913485589654,1.0,1.0,0.87,0.17662959881764567,Lunacek,5,2026
Wrong-Adaptive-Filter,20,42.36913485589654,1.0,1.0,0.88,0.1708225636194361,Lunacek,5,2026
Oracle-Fixed-Filter,0,42.36913485589654,1.0,0.0,1.0,0.0,Lunacek,5,2026
Oracle-Fixed-Filter,1,42.36913485589654,1.0,0.0,1.0,0.0,Lunacek,5,2026
Oracle-Fixed-Filter,2,42.36913485589654,1.0,0.0,1.0,0.0,Lunacek,5,2026
Oracle-Fixed-Filter,3,42.36913485589654,1.0,0.0,1.0,0.0,Lunacek,5,2026
Oracle-Fixed-Filter,4,42.36913485589654,1.0,0.0,1.0,0.0,Lunacek,5,2026
Oracle-Fixed-Filter,5,42.36913485589654,1.0,0.0,1.0,0.0,Lunacek,5,2026
Oracle-Fixed-Filter,6,42.36913485589654,1.0,0.0,1.0,0.0,Lunacek,5,2026
Oracle-Fixed-Filter,7,42.36913485589654,1.0,0.0,1.0,0.0,Lunacek,5,2026
Oracle-Fixed-Filter,8,42.36913485589654,1.0,0.0,1.0,0.0,Lunacek,5,2026
Oracle-Fixed-Filter,9,42.36913485589654,1.0,0.0,1.0,0.0,Lunacek,5,2026
Oracle-Fixed-Filter,10,42.36913485589654,1.0,0.0,1.0,0.0,Lunacek,5,2026
Oracle-Fixed-Filter,11,42.36913485589654,1.0,0.0,1.0,0.0,Lunacek,5,2026
Oracle-Fixed-Filter,12,42.36913485589654,1.0,0.0,1.0,0.0,Lunacek,5,2026
Oracle-Fixed-Filter,13,42.36913485589654,1.0,0.0,1.0,0.0,Lunacek,5,2026
Oracle-Fixed-Filter,14,42.36913485589654,1.0,0.0,1.0,0.0,Lunacek,5,2026
Oracle-Fixed-Filter,15,42.36913485589654,1.0,0.0,1.0,0.0,Lunacek,5,2026
Oracle-Fixed-Filter,16,42.36913485589654,1.0,0.0,1.0,0.0,Lunacek,5,2026
Oracle-Fixed-Filter,17,42.36913485589654,1.0,0.0,1.0,0.0,Lunacek,5,2026
Oracle-Fixed-Filter,18,42.36913485589654,1.0,0.0,1.0,0.0,Lunacek,5,2026
Oracle-Fixed-Filter,19,42.36913485589654,1.0,0.0,1.0,0.0,Lunacek,5,2026
Oracle-Fixed-Filter,20,42.36913485589654,1.0,0.0,1.0,0.0,Lunacek,5,2026
Matching-Soft-Rerank,0,42.36913485589654,1.0,0.0,1.0,,Lunacek,5,2026
Matching-Soft-Rerank,1,42.36913485589654,1.0,0.0,1.0,,Lunacek,5,2026
Matching-Soft-Rerank,2,42.36913485589654,1.0,0.0,1.0,,Lunacek,5,2026
Matching-Soft-Rerank,3,42.36913485589654,1.0,0.0,1.0,,Lunacek,5,2026
Matching-Soft-Rerank,4,42.36913485589654,1.0,0.0,1.0,,Lunacek,5,2026
Matching-Soft-Rerank,5,42.36913485589654,1.0,0.0,1.0,,Lunacek,5,2026
Matching-Soft-Rerank,6,42.36913485589654,1.0,0.0,1.0,,Lunacek,5,2026
Matching-Soft-Rerank,7,42.36913485589654,1.0,0.0,1.0,,Lunacek,5,2026
Matching-Soft-Rerank,8,42.09113582113863,0.9934386426415497,0.0,1.0,,Lunacek,5,2026
Matching-Soft-Rerank,9,42.09113582113863,0.9934386426415497,0.0,1.0,,Lunacek,5,2026
Matching-Soft-Rerank,10,42.09113582113863,0.9934386426415497,0.0,1.0,,Lunacek,5,2026
Matching-Soft-Rerank,11,42.09113582113863,0.9934386426415497,0.0,1.0,,Lunacek,5,2026
Matching-Soft-Rerank,12,42.09113582113863,0.9934386426415497,0.0,1.0,,Lunacek,5,2026
Matching-Soft-Rerank,13,42.09113582113863,0.9934386426415497,0.0,1.0,,Lunacek,5,2026
Matching-Soft-Rerank,14,42.09113582113863,0.9934386426415497,0.0,1.0,,Lunacek,5,2026
Matching-Soft-Rerank,15,42.09113582113863,0.9934386426415497,0.0,1.0,,Lunacek,5,2026
Matching-Soft-Rerank,16,42.09113582113863,0.9934386426415497,0.0,1.0,,Lunacek,5,2026
Matching-Soft-Rerank,17,42.09113582113863,0.9934386426415497,0.0,1.0,,Lunacek,5,2026
Matching-Soft-Rerank,18,42.09113582113863,0.9934386426415497,0.0,1.0,,Lunacek,5,2026
Matching-Soft-Rerank,19,42.09113582113863,0.9934386426415497,0.0,1.0,,Lunacek,5,2026
Matching-Soft-Rerank,20,42.09113582113863,0.9934386426415497,0.0,1.0,,Lunacek,5,2026
Target-Only,0,42.80151391035035,1.0,0.0,1.0,0.0,Lunacek,5,777
Target-Only,1,22.142366484806068,0.5173267125827424,0.0,1.0,0.0,Lunacek,5,777
Target-Only,2,22.142366484806068,0.5173267125827424,0.0,1.0,0.0,Lunacek,5,777
Target-Only,3,22.142366484806068,0.5173267125827424,0.0,1.0,0.0,Lunacek,5,777
Target-Only,4,22.142366484806068,0.5173267125827424,0.0,1.0,0.0,Lunacek,5,777
Target-Only,5,22.142366484806068,0.5173267125827424,0.0,1.0,0.0,Lunacek,5,777
Target-Only,6,22.142366484806068,0.5173267125827424,0.0,1.0,0.0,Lunacek,5,777
Target-Only,7,22.142366484806068,0.5173267125827424,0.0,1.0,0.0,Lunacek,5,777
Target-Only,8,22.142366484806068,0.5173267125827424,0.0,1.0,0.0,Lunacek,5,777
Target-Only,9,22.142366484806068,0.5173267125827424,0.0,1.0,0.0,Lunacek,5,777
Target-Only,10,22.142366484806068,0.5173267125827424,0.0,1.0,0.0,Lunacek,5,777
Target-Only,11,21.77573610697079,0.5087608852476813,0.0,1.0,0.0,Lunacek,5,777
Target-Only,12,21.77573610697079,0.5087608852476813,0.0,1.0,0.0,Lunacek,5,777
Target-Only,13,21.77573610697079,0.5087608852476813,0.0,1.0,0.0,Lunacek,5,777
Target-Only,14,21.77573610697079,0.5087608852476813,0.0,1.0,0.0,Lunacek,5,777
Target-Only,15,21.77573610697079,0.5087608852476813,0.0,1.0,0.0,Lunacek,5,777
Target-Only,16,21.77573610697079,0.5087608852476813,0.0,1.0,0.0,Lunacek,5,777
Target-Only,17,21.77573610697079,0.5087608852476813,0.0,1.0,0.0,Lunacek,5,777
Target-Only,18,21.77573610697079,0.5087608852476813,0.0,1.0,0.0,Lunacek,5,777
Target-Only,19,21.77573610697079,0.5087608852476813,0.0,1.0,0.0,Lunacek,5,777
Target-Only,20,18.228041235199438,0.4258737500121811,0.0,1.0,0.0,Lunacek,5,777
Matching-Fixed-Filter,0,42.80151391035035,1.0,0.0,1.0,0.0,Lunacek,5,777
Matching-Fixed-Filter,1,22.142366484806068,0.5173267125827424,1.0,0.25,1.0,Lunacek,5,777
Matching-Fixed-Filter,2,22.142366484806068,0.5173267125827424,1.0,0.25,1.0,Lunacek,5,777
Matching-Fixed-Filter,3,22.142366484806068,0.5173267125827424,1.0,0.25,1.0,Lunacek,5,777
Matching-Fixed-Filter,4,22.142366484806068,0.5173267125827424,1.0,0.25,1.0,Lunacek,5,777
Matching-Fixed-Filter,5,22.142366484806068,0.5173267125827424,1.0,0.25,1.0,Lunacek,5,777
Matching-Fixed-Filter,6,22.142366484806068,0.5173267125827424,1.0,0.25,1.0,Lunacek,5,777
Matching-Fixed-Filter,7,22.142366484806068,0.5173267125827424,1.0,0.25,1.0,Lunacek,5,777
Matching-Fixed-Filter,8,22.142366484806068,0.5173267125827424,1.0,0.25,1.0,Lunacek,5,777
Matching-Fixed-Filter,9,22.142366484806068,0.5173267125827424,1.0,0.25,1.0,Lunacek,5,777
Matching-Fixed-Filter,10,22.142366484806068,0.5173267125827424,1.0,0.25,1.0,Lunacek,5,777
Matching-Fixed-Filter,11,22.142366484806068,0.5173267125827424,1.0,0.25,1.0,Lunacek,5,777
Matching-Fixed-Filter,12,22.142366484806068,0.5173267125827424,1.0,0.25,1.0,Lunacek,5,777
Matching-Fixed-Filter,13,22.142366484806068,0.5173267125827424,1.0,0.25,1.0,Lunacek,5,777
Matching-Fixed-Filter,14,22.142366484806068,0.5173267125827424,1.0,0.25,1.0,Lunacek,5,777
Matching-Fixed-Filter,15,22.142366484806068,0.5173267125827424,1.0,0.25,1.0,Lunacek,5,777
Matching-Fixed-Filter,16,22.142366484806068,0.5173267125827424,1.0,0.25,1.0,Lunacek,5,777
Matching-Fixed-Filter,17,22.142366484806068,0.5173267125827424,1.0,0.25,1.0,Lunacek,5,777
Matching-Fixed-Filter,18,22.142366484806068,0.5173267125827424,1.0,0.25,1.0,Lunacek,5,777
Matching-Fixed-Filter,19,22.142366484806068,0.5173267125827424,1.0,0.25,1.0,Lunacek,5,777
Matching-Fixed-Filter,20,22.142366484806068,0.5173267125827424,1.0,0.25,1.0,Lunacek,5,777
Matching-Adaptive-Filter,0,42.80151391035035,1.0,0.0,1.0,0.0,Lunacek,5,777
Matching-Adaptive-Filter,1,22.142366484806068,0.5173267125827424,1.0,0.94,0.0830506993006926,Lunacek,5,777
Matching-Adaptive-Filter,2,22.142366484806068,0.5173267125827424,1.0,0.88,0.16110776478422473,Lunacek,5,777
Matching-Adaptive-Filter,3,22.142366484806068,0.5173267125827424,1.0,0.95,0.07742504409170556,Lunacek,5,777
Matching-Adaptive-Filter,4,22.142366484806068,0.5173267125827424,1.0,0.89,0.15586321573162787,Lunacek,5,777
Matching-Adaptive-Filter,5,22.142366484806068,0.5173267125827424,1.0,0.9,0.14172116119174175,Lunacek,5,777
Matching-Adaptive-Filter,6,22.142366484806068,0.5173267125827424,1.0,0.87,0.1772733108394784,Lunacek,5,777
Matching-Adaptive-Filter,7,22.142366484806068,0.5173267125827424,1.0,0.86,0.19295665634674003,Lunacek,5,777
Matching-Adaptive-Filter,8,22.142366484806068,0.5173267125827424,1.0,0.85,0.2055273972523846,Lunacek,5,777
Matching-Adaptive-Filter,9,22.142366484806068,0.5173267125827424,1.0,0.84,0.21487050960734244,Lunacek,5,777
Matching-Adaptive-Filter,10,22.142366484806068,0.5173267125827424,1.0,0.88,0.16202016404647307,Lunacek,5,777
Matching-Adaptive-Filter,11,21.77573610697079,0.5087608852476813,1.0,0.85,0.20175737306171299,Lunacek,5,777
Matching-Adaptive-Filter,12,21.77573610697079,0.5087608852476813,1.0,0.82,0.24305268000919256,Lunacek,5,777
Matching-Adaptive-Filter,13,21.77573610697079,0.5087608852476813,1.0,0.84,0.21651256352342518,Lunacek,5,777
Matching-Adaptive-Filter,14,21.77573610697079,0.5087608852476813,1.0,0.86,0.189178829702789,Lunacek,5,777
Matching-Adaptive-Filter,15,21.77573610697079,0.5087608852476813,1.0,0.87,0.18144729344728724,Lunacek,5,777
Matching-Adaptive-Filter,16,21.77573610697079,0.5087608852476813,1.0,0.86,0.18846149907439613,Lunacek,5,777
Matching-Adaptive-Filter,17,21.77573610697079,0.5087608852476813,1.0,0.86,0.19707127136043628,Lunacek,5,777
Matching-Adaptive-Filter,18,21.77573610697079,0.5087608852476813,1.0,0.86,0.18899348576072128,Lunacek,5,777
Matching-Adaptive-Filter,19,20.626518238161992,0.48191095019127456,1.0,0.85,0.20664697469643523,Lunacek,5,777
Matching-Adaptive-Filter,20,20.626518238161992,0.48191095019127456,1.0,0.86,0.1903709507162098,Lunacek,5,777
Random-Adaptive-Filter,0,42.80151391035035,1.0,0.0,1.0,0.0,Lunacek,5,777
Random-Adaptive-Filter,1,22.142366484806068,0.5173267125827424,0.0,1.0,0.039999999999996004,Lunacek,5,777
Random-Adaptive-Filter,2,22.142366484806068,0.5173267125827424,0.0,1.0,0.03636363636363306,Lunacek,5,777
Random-Adaptive-Filter,3,22.142366484806068,0.5173267125827424,0.0,1.0,0.03333333333333056,Lunacek,5,777
Random-Adaptive-Filter,4,22.142366484806068,0.5173267125827424,0.0,1.0,0.0307692307692284,Lunacek,5,777
Random-Adaptive-Filter,5,22.142366484806068,0.5173267125827424,0.0,1.0,0.028571428571426534,Lunacek,5,777
Random-Adaptive-Filter,6,22.142366484806068,0.5173267125827424,0.0,1.0,0.031649531024529,Lunacek,5,777
Random-Adaptive-Filter,7,22.142366484806068,0.5173267125827424,1.0,0.93,0.09510507552302745,Lunacek,5,777
Random-Adaptive-Filter,8,22.142366484806068,0.5173267125827424,1.0,0.93,0.10026668415414752,Lunacek,5,777
Random-Adaptive-Filter,9,22.142366484806068,0.5173267125827424,1.0,0.89,0.15087719298244956,Lunacek,5,777
Random-Adaptive-Filter,10,22.142366484806068,0.5173267125827424,1.0,0.93,0.10428639781270921,Lunacek,5,777
Random-Adaptive-Filter,11,21.77573610697079,0.5087608852476813,1.0,0.9,0.1384939284318111,Lunacek,5,777
Random-Adaptive-Filter,12,21.77573610697079,0.5087608852476813,1.0,0.92,0.1129335539661583,Lunacek,5,777
Random-Adaptive-Filter,13,21.77573610697079,0.5087608852476813,1.0,0.89,0.14702498588367607,Lunacek,5,777
Random-Adaptive-Filter,14,21.77573610697079,0.5087608852476813,1.0,0.89,0.15235517351617767,Lunacek,5,777
Random-Adaptive-Filter,15,21.77573610697079,0.5087608852476813,1.0,0.9,0.13367094017093556,Lunacek,5,777
Random-Adaptive-Filter,16,21.77573610697079,0.5087608852476813,1.0,0.91,0.130257158611993,Lunacek,5,777
Random-Adaptive-Filter,17,21.77573610697079,0.5087608852476813,1.0,0.91,0.12101227008970111,Lunacek,5,777
Random-Adaptive-Filter,18,21.77573610697079,0.5087608852476813,1.0,0.9,0.13593312020035736,Lunacek,5,777
Random-Adaptive-Filter,19,21.77573610697079,0.5087608852476813,1.0,0.92,0.10876915838637684,Lunacek,5,777
Random-Adaptive-Filter,20,18.228041235199438,0.4258737500121811,1.0,0.91,0.12373352477809449,Lunacek,5,777
Wrong-Adaptive-Filter,0,42.80151391035035,1.0,0.0,1.0,0.0,Lunacek,5,777
Wrong-Adaptive-Filter,1,22.142366484806068,0.5173267125827424,1.0,0.9,0.14620629370628307,Lunacek,5,777
Wrong-Adaptive-Filter,2,22.142366484806068,0.5173267125827424,1.0,0.86,0.1967075816340395,Lunacek,5,777
Wrong-Adaptive-Filter,3,22.142366484806068,0.5173267125827424,1.0,0.86,0.19871116537782005,Lunacek,5,777
Wrong-Adaptive-Filter,4,22.142366484806068,0.5173267125827424,1.0,0.83,0.23546847888951838,Lunacek,5,777
Wrong-Adaptive-Filter,5,22.142366484806068,0.5173267125827424,1.0,0.82,0.24721848739494498,Lunacek,5,777
Wrong-Adaptive-Filter,6,22.142366484806068,0.5173267125827424,1.0,0.82,0.2476023894406125,Lunacek,5,777
Wrong-Adaptive-Filter,7,22.142366484806068,0.5173267125827424,1.0,0.78,0.2986068111454969,Lunacek,5,777
Wrong-Adaptive-Filter,8,22.142366484806068,0.5173267125827424,1.0,0.78,0.29877438037350557,Lunacek,5,777
Wrong-Adaptive-Filter,9,22.142366484806068,0.5173267125827424,1.0,0.74,0.3538847117794336,Lunacek,5,777
Wrong-Adaptive-Filter,10,22.142366484806068,0.5173267125827424,1.0,0.79,0.2876435406698447,Lunacek,5,777
Wrong-Adaptive-Filter,11,21.77573610697079,0.5087608852476813,1.0,0.75,0.34360558695961085,Lunacek,5,777
Wrong-Adaptive-Filter,12,21.77573610697079,0.5087608852476813,1.0,0.74,0.34666743783590304,Lunacek,5,777
Wrong-Adaptive-Filter,13,21.77573610697079,0.5087608852476813,1.0,0.73,0.3714815076227985,Lunacek,5,777
Wrong-Adaptive-Filter,14,21.77573610697079,0.5087608852476813,1.0,0.73,0.36631786270325095,Lunacek,5,777
Wrong-Adaptive-Filter,15,21.77573610697079,0.5087608852476813,1.0,0.75,0.3452250712250596,Lunacek,5,777
Wrong-Adaptive-Filter,16,21.77573610697079,0.5087608852476813,1.0,0.74,0.35390224112803603,Lunacek,5,777
Wrong-Adaptive-Filter,17,21.77573610697079,0.5087608852476813,1.0,0.73,0.3608311659884444,Lunacek,5,777
Wrong-Adaptive-Filter,18,21.77573610697079,0.5087608852476813,1.0,0.73,0.3678810892172848,Lunacek,5,777
Wrong-Adaptive-Filter,19,21.77573610697079,0.5087608852476813,1.0,0.72,0.3761981618750467,Lunacek,5,777
Wrong-Adaptive-Filter,20,21.77573610697079,0.5087608852476813,1.0,0.74,0.3517285873192335,Lunacek,5,777
Oracle-Fixed-Filter,0,42.80151391035035,1.0,0.0,1.0,0.0,Lunacek,5,777
Oracle-Fixed-Filter,1,22.142366484806068,0.5173267125827424,0.0,1.0,0.0,Lunacek,5,777
Oracle-Fixed-Filter,2,22.142366484806068,0.5173267125827424,0.0,1.0,0.0,Lunacek,5,777
Oracle-Fixed-Filter,3,22.142366484806068,0.5173267125827424,0.0,1.0,0.0,Lunacek,5,777
Oracle-Fixed-Filter,4,22.142366484806068,0.5173267125827424,0.0,1.0,0.0,Lunacek,5,777
Oracle-Fixed-Filter,5,22.142366484806068,0.5173267125827424,0.0,1.0,0.0,Lunacek,5,777
Oracle-Fixed-Filter,6,22.142366484806068,0.5173267125827424,0.0,1.0,0.0,Lunacek,5,777
Oracle-Fixed-Filter,7,22.142366484806068,0.5173267125827424,0.0,1.0,0.0,Lunacek,5,777
Oracle-Fixed-Filter,8,22.142366484806068,0.5173267125827424,0.0,1.0,0.0,Lunacek,5,777
Oracle-Fixed-Filter,9,22.142366484806068,0.5173267125827424,0.0,1.0,0.0,Lunacek,5,777
Oracle-Fixed-Filter,10,22.142366484806068,0.5173267125827424,0.0,1.0,0.0,Lunacek,5,777
Oracle-Fixed-Filter,11,21.77573610697079,0.5087608852476813,0.0,1.0,0.0,Lunacek,5,777
Oracle-Fixed-Filter,12,21.77573610697079,0.5087608852476813,0.0,1.0,0.0,Lunacek,5,777
Oracle-Fixed-Filter,13,21.77573610697079,0.5087608852476813,0.0,1.0,0.0,Lunacek,5,777
Oracle-Fixed-Filter,14,21.77573610697079,0.5087608852476813,0.0,1.0,0.0,Lunacek,5,777
Oracle-Fixed-Filter,15,21.77573610697079,0.5087608852476813,0.0,1.0,0.0,Lunacek,5,777
Oracle-Fixed-Filter,16,21.77573610697079,0.5087608852476813,0.0,1.0,0.0,Lunacek,5,777
Oracle-Fixed-Filter,17,21.77573610697079,0.5087608852476813,0.0,1.0,0.0,Lunacek,5,777
Oracle-Fixed-Filter,18,21.77573610697079,0.5087608852476813,0.0,1.0,0.0,Lunacek,5,777
Oracle-Fixed-Filter,19,21.77573610697079,0.5087608852476813,0.0,1.0,0.0,Lunacek,5,777
Oracle-Fixed-Filter,20,18.228041235199438,0.4258737500121811,0.0,1.0,0.0,Lunacek,5,777
Matching-Soft-Rerank,0,42.80151391035035,1.0,0.0,1.0,,Lunacek,5,777
Matching-Soft-Rerank,1,42.80151391035035,1.0,0.0,1.0,,Lunacek,5,777
Matching-Soft-Rerank,2,42.80151391035035,1.0,0.0,1.0,,Lunacek,5,777
Matching-Soft-Rerank,3,42.80151391035035,1.0,0.0,1.0,,Lunacek,5,777
Matching-Soft-Rerank,4,36.353996105711104,0.8493623889532539,0.0,1.0,,Lunacek,5,777
Matching-Soft-Rerank,5,36.353996105711104,0.8493623889532539,0.0,1.0,,Lunacek,5,777
Matching-Soft-Rerank,6,36.353996105711104,0.8493623889532539,0.0,1.0,,Lunacek,5,777
Matching-Soft-Rerank,7,36.353996105711104,0.8493623889532539,0.0,1.0,,Lunacek,5,777
Matching-Soft-Rerank,8,36.353996105711104,0.8493623889532539,0.0,1.0,,Lunacek,5,777
Matching-Soft-Rerank,9,22.524477020110403,0.526254213046971,0.0,1.0,,Lunacek,5,777
Matching-Soft-Rerank,10,22.524477020110403,0.526254213046971,0.0,1.0,,Lunacek,5,777
Matching-Soft-Rerank,11,22.524477020110403,0.526254213046971,0.0,1.0,,Lunacek,5,777
Matching-Soft-Rerank,12,22.524477020110403,0.526254213046971,0.0,1.0,,Lunacek,5,777
Matching-Soft-Rerank,13,22.524477020110403,0.526254213046971,0.0,1.0,,Lunacek,5,777
Matching-Soft-Rerank,14,22.524477020110403,0.526254213046971,0.0,1.0,,Lunacek,5,777
Matching-Soft-Rerank,15,22.524477020110403,0.526254213046971,0.0,1.0,,Lunacek,5,777
Matching-Soft-Rerank,16,22.524477020110403,0.526254213046971,0.0,1.0,,Lunacek,5,777
Matching-Soft-Rerank,17,22.524477020110403,0.526254213046971,0.0,1.0,,Lunacek,5,777
Matching-Soft-Rerank,18,22.524477020110403,0.526254213046971,0.0,1.0,,Lunacek,5,777
Matching-Soft-Rerank,19,22.524477020110403,0.526254213046971,0.0,1.0,,Lunacek,5,777
Matching-Soft-Rerank,20,22.524477020110403,0.526254213046971,0.0,1.0,,Lunacek,5,777
Target-Only,0,44.84898355409921,1.0,0.0,1.0,0.0,Lunacek,5,999
Target-Only,1,44.84898355409921,1.0,0.0,1.0,0.0,Lunacek,5,999
Target-Only,2,44.84898355409921,1.0,0.0,1.0,0.0,Lunacek,5,999
Target-Only,3,44.84898355409921,1.0,0.0,1.0,0.0,Lunacek,5,999
Target-Only,4,44.84898355409921,1.0,0.0,1.0,0.0,Lunacek,5,999
Target-Only,5,44.84898355409921,1.0,0.0,1.0,0.0,Lunacek,5,999
Target-Only,6,44.84898355409921,1.0,0.0,1.0,0.0,Lunacek,5,999
Target-Only,7,44.84898355409921,1.0,0.0,1.0,0.0,Lunacek,5,999
Target-Only,8,44.84898355409921,1.0,0.0,1.0,0.0,Lunacek,5,999
Target-Only,9,44.84898355409921,1.0,0.0,1.0,0.0,Lunacek,5,999
Target-Only,10,44.84898355409921,1.0,0.0,1.0,0.0,Lunacek,5,999
Target-Only,11,44.84898355409921,1.0,0.0,1.0,0.0,Lunacek,5,999
Target-Only,12,44.84898355409921,1.0,0.0,1.0,0.0,Lunacek,5,999
Target-Only,13,44.84898355409921,1.0,0.0,1.0,0.0,Lunacek,5,999
Target-Only,14,44.84898355409921,1.0,0.0,1.0,0.0,Lunacek,5,999
Target-Only,15,44.84898355409921,1.0,0.0,1.0,0.0,Lunacek,5,999
Target-Only,16,44.84898355409921,1.0,0.0,1.0,0.0,Lunacek,5,999
Target-Only,17,44.84898355409921,1.0,0.0,1.0,0.0,Lunacek,5,999
Target-Only,18,44.84898355409921,1.0,0.0,1.0,0.0,Lunacek,5,999
Target-Only,19,44.84898355409921,1.0,0.0,1.0,0.0,Lunacek,5,999
Target-Only,20,44.84898355409921,1.0,0.0,1.0,0.0,Lunacek,5,999
Matching-Fixed-Filter,0,44.84898355409921,1.0,0.0,1.0,0.0,Lunacek,5,999
Matching-Fixed-Filter,1,44.84898355409921,1.0,1.0,0.25,1.0,Lunacek,5,999
Matching-Fixed-Filter,2,44.84898355409921,1.0,1.0,0.25,1.0,Lunacek,5,999
Matching-Fixed-Filter,3,44.84898355409921,1.0,1.0,0.25,1.0,Lunacek,5,999
Matching-Fixed-Filter,4,44.84898355409921,1.0,1.0,0.25,1.0,Lunacek,5,999
Matching-Fixed-Filter,5,44.84898355409921,1.0,1.0,0.25,1.0,Lunacek,5,999
Matching-Fixed-Filter,6,44.84898355409921,1.0,1.0,0.25,1.0,Lunacek,5,999
Matching-Fixed-Filter,7,44.84898355409921,1.0,1.0,0.25,1.0,Lunacek,5,999
Matching-Fixed-Filter,8,44.84898355409921,1.0,1.0,0.25,1.0,Lunacek,5,999
Matching-Fixed-Filter,9,44.84898355409921,1.0,1.0,0.25,1.0,Lunacek,5,999
Matching-Fixed-Filter,10,44.84898355409921,1.0,1.0,0.25,1.0,Lunacek,5,999
Matching-Fixed-Filter,11,44.84898355409921,1.0,1.0,0.25,1.0,Lunacek,5,999
Matching-Fixed-Filter,12,44.84898355409921,1.0,1.0,0.25,1.0,Lunacek,5,999
Matching-Fixed-Filter,13,44.84898355409921,1.0,1.0,0.25,1.0,Lunacek,5,999
Matching-Fixed-Filter,14,44.84898355409921,1.0,1.0,0.25,1.0,Lunacek,5,999
Matching-Fixed-Filter,15,44.84898355409921,1.0,1.0,0.25,1.0,Lunacek,5,999
Matching-Fixed-Filter,16,44.84898355409921,1.0,1.0,0.25,1.0,Lunacek,5,999
Matching-Fixed-Filter,17,44.84898355409921,1.0,1.0,0.25,1.0,Lunacek,5,999
Matching-Fixed-Filter,18,44.84898355409921,1.0,1.0,0.25,1.0,Lunacek,5,999
Matching-Fixed-Filter,19,44.84898355409921,1.0,1.0,0.25,1.0,Lunacek,5,999
Matching-Fixed-Filter,20,44.84898355409921,1.0,1.0,0.25,1.0,Lunacek,5,999
Matching-Adaptive-Filter,0,44.84898355409921,1.0,0.0,1.0,0.0,Lunacek,5,999
Matching-Adaptive-Filter,1,44.84898355409921,1.0,1.0,0.77,0.31360139860137753,Lunacek,5,999
Matching-Adaptive-Filter,2,44.84898355409921,1.0,1.0,0.81,0.2629177195353499,Lunacek,5,999
Matching-Adaptive-Filter,3,44.84898355409921,1.0,1.0,0.79,0.283638583638567,Lunacek,5,999
Matching-Adaptive-Filter,4,44.84898355409921,1.0,1.0,0.78,0.29336321573162055,Lunacek,5,999
Matching-Adaptive-Filter,5,44.84898355409921,1.0,1.0,0.77,0.3135607333842465,Lunacek,5,999
Matching-Adaptive-Filter,6,44.84898355409921,1.0,1.0,0.75,0.3362422014260085,Lunacek,5,999
Matching-Adaptive-Filter,7,44.84898355409921,1.0,1.0,0.74,0.3564804390655618,Lunacek,5,999
Matching-Adaptive-Filter,8,42.448019022016936,0.9464655753193134,1.0,0.73,0.3616203190775651,Lunacek,5,999
Matching-Adaptive-Filter,9,42.448019022016936,0.9464655753193134,1.0,0.73,0.36658312447784575,Lunacek,5,999
Matching-Adaptive-Filter,10,40.968104233158904,0.9134678422252538,1.0,0.71,0.3898643198906198,Lunacek,5,999
Matching-Adaptive-Filter,11,40.968104233158904,0.9134678422252538,1.0,0.75,0.3451617947269987,Lunacek,5,999
Matching-Adaptive-Filter,12,40.968104233158904,0.9134678422252538,1.0,0.72,0.3822859809272709,Lunacek,5,999
Matching-Adaptive-Filter,13,40.968104233158904,0.9134678422252538,1.0,0.71,0.39034796725012694,Lunacek,5,999
Matching-Adaptive-Filter,14,40.968104233158904,0.9134678422252538,1.0,0.72,0.37389748705962456,Lunacek,5,999
Matching-Adaptive-Filter,15,40.968104233158904,0.9134678422252538,1.0,0.73,0.37169088319087074,Lunacek,5,999
Matching-Adaptive-Filter,16,40.968104233158904,0.9134678422252538,1.0,0.73,0.36986880144943457,Lunacek,5,999
Matching-Adaptive-Filter,17,40.968104233158904,0.9134678422252538,1.0,0.73,0.36924660112801716,Lunacek,5,999
Matching-Adaptive-Filter,18,40.968104233158904,0.9134678422252538,1.0,0.75,0.3339493042079146,Lunacek,5,999
Matching-Adaptive-Filter,19,40.968104233158904,0.9134678422252538,1.0,0.78,0.2978494623655826,Lunacek,5,999
Matching-Adaptive-Filter,20,40.968104233158904,0.9134678422252538,1.0,0.78,0.2945760198406308,Lunacek,5,999
Random-Adaptive-Filter,0,44.84898355409921,1.0,0.0,1.0,0.0,Lunacek,5,999
Random-Adaptive-Filter,1,44.84898355409921,1.0,1.0,0.9,0.1446765734265629,Lunacek,5,999
Random-Adaptive-Filter,2,44.84898355409921,1.0,1.0,0.91,0.12799259563964577,Lunacek,5,999
Random-Adaptive-Filter,3,44.84898355409921,1.0,1.0,0.89,0.15014245014244088,Lunacek,5,999
Random-Adaptive-Filter,4,44.84898355409921,1.0,1.0,0.89,0.15689705031809395,Lunacek,5,999
Random-Adaptive-Filter,5,44.84898355409921,1.0,1.0,0.91,0.12765699006874778,Lunacek,5,999
Random-Adaptive-Filter,6,44.84898355409921,1.0,1.0,0.93,0.09570261437907993,Lunacek,5,999
Random-Adaptive-Filter,7,44.84898355409921,1.0,1.0,0.94,0.0850900647340233,Lunacek,5,999
Random-Adaptive-Filter,8,44.84898355409921,1.0,1.0,0.95,0.07558890833220797,Lunacek,5,999
Random-Adaptive-Filter,9,44.84898355409921,1.0,1.0,0.92,0.10743525480367108,Lunacek,5,999
Random-Adaptive-Filter,10,44.84898355409921,1.0,1.0,0.9,0.1419292549555648,Lunacek,5,999
Random-Adaptive-Filter,11,44.84898355409921,1.0,1.0,0.89,0.14780387314548216,Lunacek,5,999
Random-Adaptive-Filter,12,44.84898355409921,1.0,1.0,0.84,0.21392208837860202,Lunacek,5,999
Random-Adaptive-Filter,13,44.84898355409921,1.0,1.0,0.83,0.23549548277808285,Lunacek,5,999
Random-Adaptive-Filter,14,44.84898355409921,1.0,1.0,0.83,0.23282199751367838,Lunacek,5,999
Random-Adaptive-Filter,15,44.84898355409921,1.0,1.0,0.86,0.18893732193731552,Lunacek,5,999
Random-Adaptive-Filter,16,44.84898355409921,1.0,1.0,0.86,0.19729406435857394,Lunacek,5,999
Random-Adaptive-Filter,17,44.84898355409921,1.0,1.0,0.85,0.20837667407539703,Lunacek,5,999
Random-Adaptive-Filter,18,44.84898355409921,1.0,1.0,0.86,0.1953454910351401,Lunacek,5,999
Random-Adaptive-Filter,19,44.84898355409921,1.0,1.0,0.86,0.19591028105717045,Lunacek,5,999
Random-Adaptive-Filter,20,44.84898355409921,1.0,1.0,0.85,0.20953273478467535,Lunacek,5,999
Wrong-Adaptive-Filter,0,44.84898355409921,1.0,0.0,1.0,0.0,Lunacek,5,999
Wrong-Adaptive-Filter,1,44.84898355409921,1.0,0.0,1.0,0.039999999999996004,Lunacek,5,999
Wrong-Adaptive-Filter,2,44.84898355409921,1.0,0.0,1.0,0.03636363636363306,Lunacek,5,999
Wrong-Adaptive-Filter,3,44.84898355409921,1.0,0.0,1.0,0.03333333333333056,Lunacek,5,999
Wrong-Adaptive-Filter,4,44.84898355409921,1.0,0.0,1.0,0.0307692307692284,Lunacek,5,999
Wrong-Adaptive-Filter,5,44.84898355409921,1.0,0.0,1.0,0.028571428571426534,Lunacek,5,999
Wrong-Adaptive-Filter,6,44.84898355409921,1.0,0.0,1.0,0.026666666666664892,Lunacek,5,999
Wrong-Adaptive-Filter,7,44.84898355409921,1.0,0.0,1.0,0.02499999999999844,Lunacek,5,999
Wrong-Adaptive-Filter,8,44.84898355409921,1.0,0.0,1.0,0.0235294117647045,Lunacek,5,999
Wrong-Adaptive-Filter,9,44.84898355409921,1.0,0.0,1.0,0.02222222222222099,Lunacek,5,999
Wrong-Adaptive-Filter,10,44.84898355409921,1.0,0.0,1.0,0.021052631578946265,Lunacek,5,999
Wrong-Adaptive-Filter,11,44.84898355409921,1.0,0.0,1.0,0.019999999999999005,Lunacek,5,999
Wrong-Adaptive-Filter,12,44.84898355409921,1.0,0.0,1.0,0.019047619047618144,Lunacek,5,999
Wrong-Adaptive-Filter,13,44.84898355409921,1.0,0.0,1.0,0.01818181818181736,Lunacek,5,999
Wrong-Adaptive-Filter,14,44.84898355409921,1.0,0.0,1.0,0.01739130434782533,Lunacek,5,999
Wrong-Adaptive-Filter,15,44.84898355409921,1.0,0.0,1.0,0.016666666666665976,Lunacek,5,999
Wrong-Adaptive-Filter,16,44.84898355409921,1.0,0.0,1.0,0.015999999999999362,Lunacek,5,999
Wrong-Adaptive-Filter,17,44.84898355409921,1.0,0.0,1.0,0.015384615384614796,Lunacek,5,999
Wrong-Adaptive-Filter,18,44.84898355409921,1.0,0.0,1.0,0.014814814814814267,Lunacek,5,999
Wrong-Adaptive-Filter,19,44.84898355409921,1.0,0.0,1.0,0.01777324945551018,Lunacek,5,999
Wrong-Adaptive-Filter,20,44.84898355409921,1.0,0.0,1.0,0.024524670268551582,Lunacek,5,999
Oracle-Fixed-Filter,0,44.84898355409921,1.0,0.0,1.0,0.0,Lunacek,5,999
Oracle-Fixed-Filter,1,44.84898355409921,1.0,0.0,1.0,0.0,Lunacek,5,999
Oracle-Fixed-Filter,2,44.84898355409921,1.0,0.0,1.0,0.0,Lunacek,5,999
Oracle-Fixed-Filter,3,44.84898355409921,1.0,0.0,1.0,0.0,Lunacek,5,999
Oracle-Fixed-Filter,4,44.84898355409921,1.0,0.0,1.0,0.0,Lunacek,5,999
Oracle-Fixed-Filter,5,44.84898355409921,1.0,0.0,1.0,0.0,Lunacek,5,999
Oracle-Fixed-Filter,6,44.84898355409921,1.0,0.0,1.0,0.0,Lunacek,5,999
Oracle-Fixed-Filter,7,44.84898355409921,1.0,0.0,1.0,0.0,Lunacek,5,999
Oracle-Fixed-Filter,8,44.84898355409921,1.0,0.0,1.0,0.0,Lunacek,5,999
Oracle-Fixed-Filter,9,44.84898355409921,1.0,0.0,1.0,0.0,Lunacek,5,999
Oracle-Fixed-Filter,10,44.84898355409921,1.0,0.0,1.0,0.0,Lunacek,5,999
Oracle-Fixed-Filter,11,44.84898355409921,1.0,0.0,1.0,0.0,Lunacek,5,999
Oracle-Fixed-Filter,12,44.84898355409921,1.0,0.0,1.0,0.0,Lunacek,5,999
Oracle-Fixed-Filter,13,44.84898355409921,1.0,0.0,1.0,0.0,Lunacek,5,999
Oracle-Fixed-Filter,14,44.84898355409921,1.0,0.0,1.0,0.0,Lunacek,5,999
Oracle-Fixed-Filter,15,44.84898355409921,1.0,0.0,1.0,0.0,Lunacek,5,999
Oracle-Fixed-Filter,16,44.84898355409921,1.0,0.0,1.0,0.0,Lunacek,5,999
Oracle-Fixed-Filter,17,44.84898355409921,1.0,0.0,1.0,0.0,Lunacek,5,999
Oracle-Fixed-Filter,18,44.84898355409921,1.0,0.0,1.0,0.0,Lunacek,5,999
Oracle-Fixed-Filter,19,44.84898355409921,1.0,0.0,1.0,0.0,Lunacek,5,999
Oracle-Fixed-Filter,20,44.84898355409921,1.0,0.0,1.0,0.0,Lunacek,5,999
Matching-Soft-Rerank,0,44.84898355409921,1.0,0.0,1.0,,Lunacek,5,999
Matching-Soft-Rerank,1,44.84898355409921,1.0,0.0,1.0,,Lunacek,5,999
Matching-Soft-Rerank,2,44.84898355409921,1.0,0.0,1.0,,Lunacek,5,999
Matching-Soft-Rerank,3,44.84898355409921,1.0,0.0,1.0,,Lunacek,5,999
Matching-Soft-Rerank,4,44.84898355409921,1.0,0.0,1.0,,Lunacek,5,999
Matching-Soft-Rerank,5,44.84898355409921,1.0,0.0,1.0,,Lunacek,5,999
Matching-Soft-Rerank,6,44.84898355409921,1.0,0.0,1.0,,Lunacek,5,999
Matching-Soft-Rerank,7,44.84898355409921,1.0,0.0,1.0,,Lunacek,5,999
Matching-Soft-Rerank,8,44.84898355409921,1.0,0.0,1.0,,Lunacek,5,999
Matching-Soft-Rerank,9,44.84898355409921,1.0,0.0,1.0,,Lunacek,5,999
Matching-Soft-Rerank,10,44.84898355409921,1.0,0.0,1.0,,Lunacek,5,999
Matching-Soft-Rerank,11,44.84898355409921,1.0,0.0,1.0,,Lunacek,5,999
Matching-Soft-Rerank,12,44.84898355409921,1.0,0.0,1.0,,Lunacek,5,999
Matching-Soft-Rerank,13,44.84898355409921,1.0,0.0,1.0,,Lunacek,5,999
Matching-Soft-Rerank,14,44.84898355409921,1.0,0.0,1.0,,Lunacek,5,999
Matching-Soft-Rerank,15,44.84898355409921,1.0,0.0,1.0,,Lunacek,5,999
Matching-Soft-Rerank,16,44.84898355409921,1.0,0.0,1.0,,Lunacek,5,999
Matching-Soft-Rerank,17,44.84898355409921,1.0,0.0,1.0,,Lunacek,5,999
Matching-Soft-Rerank,18,44.84898355409921,1.0,0.0,1.0,,Lunacek,5,999
Matching-Soft-Rerank,19,44.84898355409921,1.0,0.0,1.0,,Lunacek,5,999
Matching-Soft-Rerank,20,44.84898355409921,1.0,0.0,1.0,,Lunacek,5,999
Target-Only,0,59.76692131670185,1.0,0.0,1.0,0.0,Lunacek,5,1234
Target-Only,1,59.76692131670185,1.0,0.0,1.0,0.0,Lunacek,5,1234
Target-Only,2,59.76692131670185,1.0,0.0,1.0,0.0,Lunacek,5,1234
Target-Only,3,59.76692131670185,1.0,0.0,1.0,0.0,Lunacek,5,1234
Target-Only,4,51.12035652175845,0.8553285897206301,0.0,1.0,0.0,Lunacek,5,1234
Target-Only,5,51.12035652175845,0.8553285897206301,0.0,1.0,0.0,Lunacek,5,1234
Target-Only,6,51.12035652175845,0.8553285897206301,0.0,1.0,0.0,Lunacek,5,1234
Target-Only,7,51.12035652175845,0.8553285897206301,0.0,1.0,0.0,Lunacek,5,1234
Target-Only,8,51.12035652175845,0.8553285897206301,0.0,1.0,0.0,Lunacek,5,1234
Target-Only,9,51.12035652175845,0.8553285897206301,0.0,1.0,0.0,Lunacek,5,1234
Target-Only,10,51.12035652175845,0.8553285897206301,0.0,1.0,0.0,Lunacek,5,1234
Target-Only,11,38.524921174488874,0.6445860072053452,0.0,1.0,0.0,Lunacek,5,1234
Target-Only,12,38.524921174488874,0.6445860072053452,0.0,1.0,0.0,Lunacek,5,1234
Target-Only,13,38.524921174488874,0.6445860072053452,0.0,1.0,0.0,Lunacek,5,1234
Target-Only,14,38.524921174488874,0.6445860072053452,0.0,1.0,0.0,Lunacek,5,1234
Target-Only,15,38.524921174488874,0.6445860072053452,0.0,1.0,0.0,Lunacek,5,1234
Target-Only,16,38.524921174488874,0.6445860072053452,0.0,1.0,0.0,Lunacek,5,1234
Target-Only,17,38.524921174488874,0.6445860072053452,0.0,1.0,0.0,Lunacek,5,1234
Target-Only,18,38.524921174488874,0.6445860072053452,0.0,1.0,0.0,Lunacek,5,1234
Target-Only,19,38.524921174488874,0.6445860072053452,0.0,1.0,0.0,Lunacek,5,1234
Target-Only,20,38.524921174488874,0.6445860072053452,0.0,1.0,0.0,Lunacek,5,1234
Matching-Fixed-Filter,0,59.76692131670185,1.0,0.0,1.0,0.0,Lunacek,5,1234
Matching-Fixed-Filter,1,43.37747788643967,0.725777351933265,1.0,0.25,1.0,Lunacek,5,1234
Matching-Fixed-Filter,2,43.37747788643967,0.725777351933265,1.0,0.25,1.0,Lunacek,5,1234
Matching-Fixed-Filter,3,43.37747788643967,0.725777351933265,1.0,0.25,1.0,Lunacek,5,1234
Matching-Fixed-Filter,4,43.37747788643967,0.725777351933265,1.0,0.25,1.0,Lunacek,5,1234
Matching-Fixed-Filter,5,43.37747788643967,0.725777351933265,1.0,0.25,1.0,Lunacek,5,1234
Matching-Fixed-Filter,6,30.389236656519955,0.5084624736731703,1.0,0.25,1.0,Lunacek,5,1234
Matching-Fixed-Filter,7,30.389236656519955,0.5084624736731703,1.0,0.25,1.0,Lunacek,5,1234
Matching-Fixed-Filter,8,30.389236656519955,0.5084624736731703,1.0,0.25,1.0,Lunacek,5,1234
Matching-Fixed-Filter,9,30.389236656519955,0.5084624736731703,1.0,0.25,1.0,Lunacek,5,1234
Matching-Fixed-Filter,10,30.389236656519955,0.5084624736731703,1.0,0.25,1.0,Lunacek,5,1234
Matching-Fixed-Filter,11,30.389236656519955,0.5084624736731703,1.0,0.25,1.0,Lunacek,5,1234
Matching-Fixed-Filter,12,30.389236656519955,0.5084624736731703,1.0,0.25,1.0,Lunacek,5,1234
Matching-Fixed-Filter,13,30.389236656519955,0.5084624736731703,1.0,0.25,1.0,Lunacek,5,1234
Matching-Fixed-Filter,14,30.389236656519955,0.5084624736731703,1.0,0.25,1.0,Lunacek,5,1234
Matching-Fixed-Filter,15,30.389236656519955,0.5084624736731703,1.0,0.25,1.0,Lunacek,5,1234
Matching-Fixed-Filter,16,30.389236656519955,0.5084624736731703,1.0,0.25,1.0,Lunacek,5,1234
Matching-Fixed-Filter,17,30.389236656519955,0.5084624736731703,1.0,0.25,1.0,Lunacek,5,1234
Matching-Fixed-Filter,18,30.389236656519955,0.5084624736731703,1.0,0.25,1.0,Lunacek,5,1234
Matching-Fixed-Filter,19,30.389236656519955,0.5084624736731703,1.0,0.25,1.0,Lunacek,5,1234
Matching-Fixed-Filter,20,30.389236656519955,0.5084624736731703,1.0,0.25,1.0,Lunacek,5,1234
Matching-Adaptive-Filter,0,59.76692131670185,1.0,0.0,1.0,0.0,Lunacek,5,1234
Matching-Adaptive-Filter,1,59.76692131670185,1.0,0.0,1.0,0.048522727272722735,Lunacek,5,1234
Matching-Adaptive-Filter,2,59.76692131670185,1.0,0.0,1.0,0.04432932263814242,Lunacek,5,1234
Matching-Adaptive-Filter,3,59.76692131670185,1.0,0.0,1.0,0.03333333333333056,Lunacek,5,1234
Matching-Adaptive-Filter,4,51.12035652175845,0.8553285897206301,0.0,1.0,0.0307692307692284,Lunacek,5,1234
Matching-Adaptive-Filter,5,51.12035652175845,0.8553285897206301,0.0,1.0,0.04311688311688036,Lunacek,5,1234
Matching-Adaptive-Filter,6,51.12035652175845,0.8553285897206301,0.0,1.0,0.026666666666664892,Lunacek,5,1234
Matching-Adaptive-Filter,7,51.12035652175845,0.8553285897206301,0.0,1.0,0.02499999999999844,Lunacek,5,1234
Matching-Adaptive-Filter,8,51.12035652175845,0.8553285897206301,1.0,0.95,0.0728091747172342,Lunacek,5,1234
Matching-Adaptive-Filter,9,51.12035652175845,0.8553285897206301,0.0,1.0,0.02322472848788511,Lunacek,5,1234
Matching-Adaptive-Filter,10,51.12035652175845,0.8553285897206301,1.0,0.96,0.06531886534517825,Lunacek,5,1234
Matching-Adaptive-Filter,11,38.524921174488874,0.6445860072053452,1.0,0.96,0.06381829350773184,Lunacek,5,1234
Matching-Adaptive-Filter,12,38.524921174488874,0.6445860072053452,0.0,1.0,0.04203793891293718,Lunacek,5,1234
Matching-Adaptive-Filter,13,38.524921174488874,0.6445860072053452,0.0,1.0,0.03273927159796591,Lunacek,5,1234
Matching-Adaptive-Filter,14,38.524921174488874,0.6445860072053452,0.0,1.0,0.03403050313078622,Lunacek,5,1234
Matching-Adaptive-Filter,15,38.524921174488874,0.6445860072053452,0.0,1.0,0.016666666666665976,Lunacek,5,1234
Matching-Adaptive-Filter,16,38.524921174488874,0.6445860072053452,0.0,1.0,0.015999999999999362,Lunacek,5,1234
Matching-Adaptive-Filter,17,38.524921174488874,0.6445860072053452,0.0,1.0,0.025618533513269467,Lunacek,5,1234
Matching-Adaptive-Filter,18,38.524921174488874,0.6445860072053452,1.0,0.96,0.06305480917549683,Lunacek,5,1234
Matching-Adaptive-Filter,19,38.524921174488874,0.6445860072053452,1.0,0.96,0.06155849065617902,Lunacek,5,1234
Matching-Adaptive-Filter,20,38.524921174488874,0.6445860072053452,0.0,1.0,0.03955281378402186,Lunacek,5,1234
Random-Adaptive-Filter,0,59.76692131670185,1.0,0.0,1.0,0.0,Lunacek,5,1234
Random-Adaptive-Filter,1,59.76692131670185,1.0,1.0,0.92,0.11626748251747376,Lunacek,5,1234
Random-Adaptive-Filter,2,59.76692131670185,1.0,1.0,0.93,0.10610884213824646,Lunacek,5,1234
Random-Adaptive-Filter,3,59.76692131670185,1.0,1.0,0.96,0.06202686202685766,Lunacek,5,1234
Random-Adaptive-Filter,4,51.12035652175845,0.8553285897206301,1.0,0.94,0.09073163678426284,Lunacek,5,1234
Random-Adaptive-Filter,5,51.12035652175845,0.8553285897206301,1.0,0.91,0.12181207028265181,Lunacek,5,1234
Random-Adaptive-Filter,6,51.12035652175845,0.8553285897206301,1.0,0.93,0.0949439775910314,Lunacek,5,1234
Random-Adaptive-Filter,7,51.12035652175845,0.8553285897206301,1.0,0.92,0.11070222347311585,Lunacek,5,1234
Random-Adaptive-Filter,8,51.12035652175845,0.8553285897206301,1.0,0.89,0.15151206348876942,Lunacek,5,1234
Random-Adaptive-Filter,9,51.12035652175845,0.8553285897206301,1.0,0.9,0.14068504594819764,Lunacek,5,1234
Random-Adaptive-Filter,10,51.12035652175845,0.8553285897206301,1.0,0.87,0.18034483937114765,Lunacek,5,1234
Random-Adaptive-Filter,11,38.524921174488874,0.6445860072053452,1.0,0.87,0.17581685395349295,Lunacek,5,1234
Random-Adaptive-Filter,12,38.524921174488874,0.6445860072053452,1.0,0.89,0.15700816393750575,Lunacek,5,1234
Random-Adaptive-Filter,13,38.524921174488874,0.6445860072053452,1.0,0.91,0.13149703557311765,Lunacek,5,1234
Random-Adaptive-Filter,14,38.524921174488874,0.6445860072053452,1.0,0.86,0.19622531706431157,Lunacek,5,1234
Random-Adaptive-Filter,15,38.524921174488874,0.6445860072053452,1.0,0.89,0.15947863247862704,Lunacek,5,1234
Random-Adaptive-Filter,16,38.524921174488874,0.6445860072053452,1.0,0.91,0.13093658671077596,Lunacek,5,1234
Random-Adaptive-Filter,17,38.524921174488874,0.6445860072053452,1.0,0.91,0.12490410376072411,Lunacek,5,1234
Random-Adaptive-Filter,18,38.524921174488874,0.6445860072053452,1.0,0.94,0.0867290515997385,Lunacek,5,1234
Random-Adaptive-Filter,19,38.524921174488874,0.6445860072053452,1.0,0.93,0.1059931722039915,Lunacek,5,1234
Random-Adaptive-Filter,20,38.524921174488874,0.6445860072053452,1.0,0.92,0.11679293886631066,Lunacek,5,1234
Wrong-Adaptive-Filter,0,59.76692131670185,1.0,0.0,1.0,0.0,Lunacek,5,1234
Wrong-Adaptive-Filter,1,59.76692131670185,1.0,1.0,0.84,0.22159965034963505,Lunacek,5,1234
Wrong-Adaptive-Filter,2,59.76692131670185,1.0,1.0,0.87,0.18299151828562404,Lunacek,5,1234
Wrong-Adaptive-Filter,3,59.76692131670185,1.0,1.0,0.85,0.20929317595983007,Lunacek,5,1234
Wrong-Adaptive-Filter,4,59.76692131670185,1.0,1.0,0.86,0.18687825332561123,Lunacek,5,1234
Wrong-Adaptive-Filter,5,59.76692131670185,1.0,1.0,0.87,0.17489228418639247,Lunacek,5,1234
Wrong-Adaptive-Filter,6,59.76692131670185,1.0,1.0,0.9,0.13351376156522532,Lunacek,5,1234
Wrong-Adaptive-Filter,7,59.76692131670185,1.0,1.0,0.91,0.13286659161271516,Lunacek,5,1234
Wrong-Adaptive-Filter,8,59.20579851810055,0.9906114823009213,1.0,0.91,0.12650179534349093,Lunacek,5,1234
Wrong-Adaptive-Filter,9,59.20579851810055,0.9906114823009213,1.0,0.85,0.20701754385964022,Lunacek,5,1234
Wrong-Adaptive-Filter,10,59.20579851810055,0.9906114823009213,1.0,0.88,0.167650034176343,Lunacek,5,1234
Wrong-Adaptive-Filter,11,59.20579851810055,0.9906114823009213,1.0,0.87,0.17979424302404956,Lunacek,5,1234
Wrong-Adaptive-Filter,12,59.20579851810055,0.9906114823009213,1.0,0.88,0.16601058462470872,Lunacek,5,1234
Wrong-Adaptive-Filter,13,47.304351632648,0.7914804810169939,1.0,0.9,0.14034796725013593,Lunacek,5,1234
Wrong-Adaptive-Filter,14,47.304351632648,0.7914804810169939,1.0,0.88,0.1656245505640786,Lunacek,5,1234
Wrong-Adaptive-Filter,15,47.304351632648,0.7914804810169939,1.0,0.88,0.169789173789168,Lunacek,5,1234
Wrong-Adaptive-Filter,16,47.304351632648,0.7914804810169939,1.0,0.85,0.20533396352750516,Lunacek,5,1234
Wrong-Adaptive-Filter,17,47.304351632648,0.7914804810169939,1.0,0.86,0.18877906895147678,Lunacek,5,1234
Wrong-Adaptive-Filter,18,40.593634436513035,0.6791990208331035,1.0,0.86,0.19024781891160614,Lunacek,5,1234
Wrong-Adaptive-Filter,19,40.593634436513035,0.6791990208331035,1.0,0.83,0.2336642332127442,Lunacek,5,1234
Wrong-Adaptive-Filter,20,40.593634436513035,0.6791990208331035,1.0,0.81,0.2666196340605131,Lunacek,5,1234
Oracle-Fixed-Filter,0,59.76692131670185,1.0,0.0,1.0,0.0,Lunacek,5,1234
Oracle-Fixed-Filter,1,59.76692131670185,1.0,0.0,1.0,0.0,Lunacek,5,1234
Oracle-Fixed-Filter,2,59.76692131670185,1.0,0.0,1.0,0.0,Lunacek,5,1234
Oracle-Fixed-Filter,3,59.76692131670185,1.0,0.0,1.0,0.0,Lunacek,5,1234
Oracle-Fixed-Filter,4,51.12035652175845,0.8553285897206301,0.0,1.0,0.0,Lunacek,5,1234
Oracle-Fixed-Filter,5,51.12035652175845,0.8553285897206301,0.0,1.0,0.0,Lunacek,5,1234
Oracle-Fixed-Filter,6,51.12035652175845,0.8553285897206301,0.0,1.0,0.0,Lunacek,5,1234
Oracle-Fixed-Filter,7,51.12035652175845,0.8553285897206301,0.0,1.0,0.0,Lunacek,5,1234
Oracle-Fixed-Filter,8,51.12035652175845,0.8553285897206301,0.0,1.0,0.0,Lunacek,5,1234
Oracle-Fixed-Filter,9,51.12035652175845,0.8553285897206301,0.0,1.0,0.0,Lunacek,5,1234
Oracle-Fixed-Filter,10,51.12035652175845,0.8553285897206301,0.0,1.0,0.0,Lunacek,5,1234
Oracle-Fixed-Filter,11,38.524921174488874,0.6445860072053452,0.0,1.0,0.0,Lunacek,5,1234
Oracle-Fixed-Filter,12,38.524921174488874,0.6445860072053452,0.0,1.0,0.0,Lunacek,5,1234
Oracle-Fixed-Filter,13,38.524921174488874,0.6445860072053452,0.0,1.0,0.0,Lunacek,5,1234
Oracle-Fixed-Filter,14,38.524921174488874,0.6445860072053452,0.0,1.0,0.0,Lunacek,5,1234
Oracle-Fixed-Filter,15,38.524921174488874,0.6445860072053452,0.0,1.0,0.0,Lunacek,5,1234
Oracle-Fixed-Filter,16,38.524921174488874,0.6445860072053452,0.0,1.0,0.0,Lunacek,5,1234
Oracle-Fixed-Filter,17,38.524921174488874,0.6445860072053452,0.0,1.0,0.0,Lunacek,5,1234
Oracle-Fixed-Filter,18,38.524921174488874,0.6445860072053452,0.0,1.0,0.0,Lunacek,5,1234
Oracle-Fixed-Filter,19,38.524921174488874,0.6445860072053452,0.0,1.0,0.0,Lunacek,5,1234
Oracle-Fixed-Filter,20,38.524921174488874,0.6445860072053452,0.0,1.0,0.0,Lunacek,5,1234
Matching-Soft-Rerank,0,59.76692131670185,1.0,0.0,1.0,,Lunacek,5,1234
Matching-Soft-Rerank,1,59.76692131670185,1.0,0.0,1.0,,Lunacek,5,1234
Matching-Soft-Rerank,2,59.76692131670185,1.0,0.0,1.0,,Lunacek,5,1234
Matching-Soft-Rerank,3,57.64134402461589,0.9644355565711235,0.0,1.0,,Lunacek,5,1234
Matching-Soft-Rerank,4,33.56616300514537,0.5616177354573778,0.0,1.0,,Lunacek,5,1234
Matching-Soft-Rerank,5,33.56616300514537,0.5616177354573778,0.0,1.0,,Lunacek,5,1234
Matching-Soft-Rerank,6,33.56616300514537,0.5616177354573778,0.0,1.0,,Lunacek,5,1234
Matching-Soft-Rerank,7,33.56616300514537,0.5616177354573778,0.0,1.0,,Lunacek,5,1234
Matching-Soft-Rerank,8,33.56616300514537,0.5616177354573778,0.0,1.0,,Lunacek,5,1234
Matching-Soft-Rerank,9,33.56616300514537,0.5616177354573778,0.0,1.0,,Lunacek,5,1234
Matching-Soft-Rerank,10,33.56616300514537,0.5616177354573778,0.0,1.0,,Lunacek,5,1234
Matching-Soft-Rerank,11,33.56616300514537,0.5616177354573778,0.0,1.0,,Lunacek,5,1234
Matching-Soft-Rerank,12,33.56616300514537,0.5616177354573778,0.0,1.0,,Lunacek,5,1234
Matching-Soft-Rerank,13,33.56616300514537,0.5616177354573778,0.0,1.0,,Lunacek,5,1234
Matching-Soft-Rerank,14,33.56616300514537,0.5616177354573778,0.0,1.0,,Lunacek,5,1234
Matching-Soft-Rerank,15,33.56616300514537,0.5616177354573778,0.0,1.0,,Lunacek,5,1234
Matching-Soft-Rerank,16,33.56616300514537,0.5616177354573778,0.0,1.0,,Lunacek,5,1234
Matching-Soft-Rerank,17,33.56616300514537,0.5616177354573778,0.0,1.0,,Lunacek,5,1234
Matching-Soft-Rerank,18,33.56616300514537,0.5616177354573778,0.0,1.0,,Lunacek,5,1234
Matching-Soft-Rerank,19,33.56616300514537,0.5616177354573778,0.0,1.0,,Lunacek,5,1234
Matching-Soft-Rerank,20,33.56616300514537,0.5616177354573778,0.0,1.0,,Lunacek,5,1234
Target-Only,0,38.0389599655423,1.0,0.0,1.0,0.0,Lunacek,5,5678
Target-Only,1,38.0389599655423,1.0,0.0,1.0,0.0,Lunacek,5,5678
Target-Only,2,38.0389599655423,1.0,0.0,1.0,0.0,Lunacek,5,5678
Target-Only,3,38.0389599655423,1.0,0.0,1.0,0.0,Lunacek,5,5678
Target-Only,4,38.0389599655423,1.0,0.0,1.0,0.0,Lunacek,5,5678
Target-Only,5,38.0389599655423,1.0,0.0,1.0,0.0,Lunacek,5,5678
Target-Only,6,38.0389599655423,1.0,0.0,1.0,0.0,Lunacek,5,5678
Target-Only,7,38.0389599655423,1.0,0.0,1.0,0.0,Lunacek,5,5678
Target-Only,8,38.0389599655423,1.0,0.0,1.0,0.0,Lunacek,5,5678
Target-Only,9,38.0389599655423,1.0,0.0,1.0,0.0,Lunacek,5,5678
Target-Only,10,38.0389599655423,1.0,0.0,1.0,0.0,Lunacek,5,5678
Target-Only,11,38.0389599655423,1.0,0.0,1.0,0.0,Lunacek,5,5678
Target-Only,12,38.0389599655423,1.0,0.0,1.0,0.0,Lunacek,5,5678
Target-Only,13,38.0389599655423,1.0,0.0,1.0,0.0,Lunacek,5,5678
Target-Only,14,38.0389599655423,1.0,0.0,1.0,0.0,Lunacek,5,5678
Target-Only,15,38.0389599655423,1.0,0.0,1.0,0.0,Lunacek,5,5678
Target-Only,16,27.538068555966767,0.723943782398683,0.0,1.0,0.0,Lunacek,5,5678
Target-Only,17,27.538068555966767,0.723943782398683,0.0,1.0,0.0,Lunacek,5,5678
Target-Only,18,27.538068555966767,0.723943782398683,0.0,1.0,0.0,Lunacek,5,5678
Target-Only,19,27.538068555966767,0.723943782398683,0.0,1.0,0.0,Lunacek,5,5678
Target-Only,20,27.538068555966767,0.723943782398683,0.0,1.0,0.0,Lunacek,5,5678
Matching-Fixed-Filter,0,38.0389599655423,1.0,0.0,1.0,0.0,Lunacek,5,5678
Matching-Fixed-Filter,1,38.0389599655423,1.0,1.0,0.25,1.0,Lunacek,5,5678
Matching-Fixed-Filter,2,38.0389599655423,1.0,1.0,0.25,1.0,Lunacek,5,5678
Matching-Fixed-Filter,3,38.0389599655423,1.0,1.0,0.25,1.0,Lunacek,5,5678
Matching-Fixed-Filter,4,38.0389599655423,1.0,1.0,0.25,1.0,Lunacek,5,5678
Matching-Fixed-Filter,5,38.0389599655423,1.0,1.0,0.25,1.0,Lunacek,5,5678
Matching-Fixed-Filter,6,38.0389599655423,1.0,1.0,0.25,1.0,Lunacek,5,5678
Matching-Fixed-Filter,7,38.0389599655423,1.0,1.0,0.25,1.0,Lunacek,5,5678
Matching-Fixed-Filter,8,38.0389599655423,1.0,1.0,0.25,1.0,Lunacek,5,5678
Matching-Fixed-Filter,9,38.0389599655423,1.0,1.0,0.25,1.0,Lunacek,5,5678
Matching-Fixed-Filter,10,38.0389599655423,1.0,1.0,0.25,1.0,Lunacek,5,5678
Matching-Fixed-Filter,11,38.0389599655423,1.0,1.0,0.25,1.0,Lunacek,5,5678
Matching-Fixed-Filter,12,38.0389599655423,1.0,1.0,0.25,1.0,Lunacek,5,5678
Matching-Fixed-Filter,13,38.0389599655423,1.0,1.0,0.25,1.0,Lunacek,5,5678
Matching-Fixed-Filter,14,38.0389599655423,1.0,1.0,0.25,1.0,Lunacek,5,5678
Matching-Fixed-Filter,15,38.0389599655423,1.0,1.0,0.25,1.0,Lunacek,5,5678
Matching-Fixed-Filter,16,38.0389599655423,1.0,1.0,0.25,1.0,Lunacek,5,5678
Matching-Fixed-Filter,17,38.0389599655423,1.0,1.0,0.25,1.0,Lunacek,5,5678
Matching-Fixed-Filter,18,38.0389599655423,1.0,1.0,0.25,1.0,Lunacek,5,5678
Matching-Fixed-Filter,19,38.0389599655423,1.0,1.0,0.25,1.0,Lunacek,5,5678
Matching-Fixed-Filter,20,38.0389599655423,1.0,1.0,0.25,1.0,Lunacek,5,5678
Matching-Adaptive-Filter,0,38.0389599655423,1.0,0.0,1.0,0.0,Lunacek,5,5678
Matching-Adaptive-Filter,1,38.0389599655423,1.0,1.0,0.92,0.11255244755243901,Lunacek,5,5678
Matching-Adaptive-Filter,2,38.0389599655423,1.0,1.0,0.97,0.050907915613793805,Lunacek,5,5678
Matching-Adaptive-Filter,3,38.0389599655423,1.0,1.0,0.94,0.08529371862704635,Lunacek,5,5678
Matching-Adaptive-Filter,4,34.35643352930352,0.9031906645298767,1.0,0.94,0.09176547137072896,Lunacek,5,5678
Matching-Adaptive-Filter,5,34.35643352930352,0.9031906645298767,1.0,0.92,0.11968907563024553,Lunacek,5,5678
Matching-Adaptive-Filter,6,34.35643352930352,0.9031906645298767,1.0,0.9,0.14510021432814812,Lunacek,5,5678
Matching-Adaptive-Filter,7,34.35643352930352,0.9031906645298767,1.0,0.86,0.1891805047377713,Lunacek,5,5678
Matching-Adaptive-Filter,8,34.35643352930352,0.9031906645298767,1.0,0.86,0.1926971052458918,Lunacek,5,5678
Matching-Adaptive-Filter,9,34.35643352930352,0.9031906645298767,1.0,0.86,0.19181286549706766,Lunacek,5,5678
Matching-Adaptive-Filter,10,34.35643352930352,0.9031906645298767,1.0,0.85,0.20926691729322447,Lunacek,5,5678
Matching-Adaptive-Filter,11,34.35643352930352,0.9031906645298767,1.0,0.85,0.20175365007662344,Lunacek,5,5678
Matching-Adaptive-Filter,12,34.35643352930352,0.9031906645298767,1.0,0.82,0.24223935786434866,Lunacek,5,5678
Matching-Adaptive-Filter,13,34.35643352930352,0.9031906645298767,1.0,0.84,0.2198510728401952,Lunacek,5,5678
Matching-Adaptive-Filter,14,34.35643352930352,0.9031906645298767,1.0,0.86,0.19842954159231896,Lunacek,5,5678
Matching-Adaptive-Filter,15,34.35643352930352,0.9031906645298767,1.0,0.85,0.20333760683759997,Lunacek,5,5678
Matching-Adaptive-Filter,16,34.35643352930352,0.9031906645298767,1.0,0.83,0.23930536846665096,Lunacek,5,5678
Matching-Adaptive-Filter,17,34.35643352930352,0.9031906645298767,1.0,0.83,0.23671820158510276,Lunacek,5,5678
Matching-Adaptive-Filter,18,34.35643352930352,0.9031906645298767,1.0,0.83,0.23715832379624752,Lunacek,5,5678
Matching-Adaptive-Filter,19,34.35643352930352,0.9031906645298767,1.0,0.82,0.2529557169549242,Lunacek,5,5678
Matching-Adaptive-Filter,20,34.35643352930352,0.9031906645298767,1.0,0.81,0.26170340627907807,Lunacek,5,5678
Random-Adaptive-Filter,0,38.0389599655423,1.0,0.0,1.0,0.0,Lunacek,5,5678
Random-Adaptive-Filter,1,38.0389599655423,1.0,1.0,0.86,0.1960314685314548,Lunacek,5,5678
Random-Adaptive-Filter,2,38.0389599655423,1.0,1.0,0.86,0.1896374458874336,Lunacek,5,5678
Random-Adaptive-Filter,3,38.0389599655423,1.0,1.0,0.85,0.20101750101748897,Lunacek,5,5678
Random-Adaptive-Filter,4,38.0389599655423,1.0,1.0,0.86,0.1972165991902723,Lunacek,5,5678
Random-Adaptive-Filter,5,38.0389599655423,1.0,1.0,0.85,0.21037891520243354,Lunacek,5,5678
Random-Adaptive-Filter,6,38.0389599655423,1.0,1.0,0.84,0.21998111365757328,Lunacek,5,5678
Random-Adaptive-Filter,7,38.0389599655423,1.0,1.0,0.81,0.2550989773899871,Lunacek,5,5678
Random-Adaptive-Filter,8,38.0389599655423,1.0,1.0,0.85,0.20315838944859435,Lunacek,5,5678
Random-Adaptive-Filter,9,38.0389599655423,1.0,1.0,0.9,0.1430242272347473,Lunacek,5,5678
Random-Adaptive-Filter,10,38.0389599655423,1.0,1.0,0.94,0.08165652768283996,Lunacek,5,5678
Random-Adaptive-Filter,11,38.0389599655423,1.0,1.0,0.95,0.07687790470398849,Lunacek,5,5678
Random-Adaptive-Filter,12,38.0389599655423,1.0,1.0,0.93,0.10554536043666067,Lunacek,5,5678
Random-Adaptive-Filter,13,38.0389599655423,1.0,1.0,0.95,0.06818181818181557,Lunacek,5,5678
Random-Adaptive-Filter,14,38.0389599655423,1.0,1.0,0.95,0.07225867835312848,Lunacek,5,5678
Random-Adaptive-Filter,15,38.0389599655423,1.0,1.0,0.92,0.11289316239315847,Lunacek,5,5678
Random-Adaptive-Filter,16,27.538068555966767,0.723943782398683,1.0,0.95,0.07148662806727077,Lunacek,5,5678
Random-Adaptive-Filter,17,27.538068555966767,0.723943782398683,1.0,0.92,0.11337704217316671,Lunacek,5,5678
Random-Adaptive-Filter,18,27.538068555966767,0.723943782398683,1.0,0.92,0.1166594101938893,Lunacek,5,5678
Random-Adaptive-Filter,19,27.538068555966767,0.723943782398683,1.0,0.88,0.1618666450636565,Lunacek,5,5678
Random-Adaptive-Filter,20,27.538068555966767,0.723943782398683,1.0,0.9,0.13912852148645485,Lunacek,5,5678
Wrong-Adaptive-Filter,0,38.0389599655423,1.0,0.0,1.0,0.0,Lunacek,5,5678
Wrong-Adaptive-Filter,1,38.0389599655423,1.0,1.0,0.9,0.14249125874124832,Lunacek,5,5678
Wrong-Adaptive-Filter,2,38.0389599655423,1.0,1.0,0.88,0.1620033153121282,Lunacek,5,5678
Wrong-Adaptive-Filter,3,38.0389599655423,1.0,1.0,0.86,0.1930131596798147,Lunacek,5,5678
Wrong-Adaptive-Filter,4,38.0389599655423,1.0,1.0,0.87,0.17343840370155175,Lunacek,5,5678
Wrong-Adaptive-Filter,5,38.0389599655423,1.0,1.0,0.88,0.16240030557676746,Lunacek,5,5678
Wrong-Adaptive-Filter,6,38.0389599655423,1.0,1.0,0.86,0.18953219166453508,Lunacek,5,5678
Wrong-Adaptive-Filter,7,38.0389599655423,1.0,1.0,0.88,0.16200863120366987,Lunacek,5,5678
Wrong-Adaptive-Filter,8,38.0389599655423,1.0,1.0,0.92,0.11775675828037643,Lunacek,5,5678
Wrong-Adaptive-Filter,9,38.0389599655423,1.0,1.0,0.93,0.09540517961570165,Lunacek,5,5678
Wrong-Adaptive-Filter,10,38.0389599655423,1.0,1.0,0.9,0.1377344497607598,Lunacek,5,5678
Wrong-Adaptive-Filter,11,38.0389599655423,1.0,1.0,0.9,0.14324197541588274,Lunacek,5,5678
Wrong-Adaptive-Filter,12,38.0389599655423,1.0,1.0,0.85,0.20221273291924696,Lunacek,5,5678
Wrong-Adaptive-Filter,13,38.0389599655423,1.0,1.0,0.87,0.18355448898926488,Lunacek,5,5678
Wrong-Adaptive-Filter,14,38.0389599655423,1.0,1.0,0.88,0.1725754691941298,Lunacek,5,5678
Wrong-Adaptive-Filter,15,38.0389599655423,1.0,1.0,0.86,0.1974928774928708,Lunacek,5,5678
Wrong-Adaptive-Filter,16,27.538068555966767,0.723943782398683,1.0,0.84,0.22526385442513736,Lunacek,5,5678
Wrong-Adaptive-Filter,17,27.538068555966767,0.723943782398683,1.0,0.81,0.2595998789586125,Lunacek,5,5678
Wrong-Adaptive-Filter,18,27.538068555966767,0.723943782398683,1.0,0.83,0.23100068832826737,Lunacek,5,5678
Wrong-Adaptive-Filter,19,27.538068555966767,0.723943782398683,1.0,0.83,0.2288494634041906,Lunacek,5,5678
Wrong-Adaptive-Filter,20,27.538068555966767,0.723943782398683,1.0,0.86,0.19758605934030443,Lunacek,5,5678
Oracle-Fixed-Filter,0,38.0389599655423,1.0,0.0,1.0,0.0,Lunacek,5,5678
Oracle-Fixed-Filter,1,38.0389599655423,1.0,0.0,1.0,0.0,Lunacek,5,5678
Oracle-Fixed-Filter,2,38.0389599655423,1.0,0.0,1.0,0.0,Lunacek,5,5678
Oracle-Fixed-Filter,3,38.0389599655423,1.0,0.0,1.0,0.0,Lunacek,5,5678
Oracle-Fixed-Filter,4,38.0389599655423,1.0,0.0,1.0,0.0,Lunacek,5,5678
Oracle-Fixed-Filter,5,38.0389599655423,1.0,0.0,1.0,0.0,Lunacek,5,5678
Oracle-Fixed-Filter,6,38.0389599655423,1.0,0.0,1.0,0.0,Lunacek,5,5678
Oracle-Fixed-Filter,7,38.0389599655423,1.0,0.0,1.0,0.0,Lunacek,5,5678
Oracle-Fixed-Filter,8,38.0389599655423,1.0,0.0,1.0,0.0,Lunacek,5,5678
Oracle-Fixed-Filter,9,38.0389599655423,1.0,0.0,1.0,0.0,Lunacek,5,5678
Oracle-Fixed-Filter,10,38.0389599655423,1.0,0.0,1.0,0.0,Lunacek,5,5678
Oracle-Fixed-Filter,11,38.0389599655423,1.0,0.0,1.0,0.0,Lunacek,5,5678
Oracle-Fixed-Filter,12,38.0389599655423,1.0,0.0,1.0,0.0,Lunacek,5,5678
Oracle-Fixed-Filter,13,38.0389599655423,1.0,0.0,1.0,0.0,Lunacek,5,5678
Oracle-Fixed-Filter,14,38.0389599655423,1.0,0.0,1.0,0.0,Lunacek,5,5678
Oracle-Fixed-Filter,15,38.0389599655423,1.0,0.0,1.0,0.0,Lunacek,5,5678
Oracle-Fixed-Filter,16,27.538068555966767,0.723943782398683,0.0,1.0,0.0,Lunacek,5,5678
Oracle-Fixed-Filter,17,27.538068555966767,0.723943782398683,0.0,1.0,0.0,Lunacek,5,5678
Oracle-Fixed-Filter,18,27.538068555966767,0.723943782398683,0.0,1.0,0.0,Lunacek,5,5678
Oracle-Fixed-Filter,19,27.538068555966767,0.723943782398683,0.0,1.0,0.0,Lunacek,5,5678
Oracle-Fixed-Filter,20,27.538068555966767,0.723943782398683,0.0,1.0,0.0,Lunacek,5,5678
Matching-Soft-Rerank,0,38.0389599655423,1.0,0.0,1.0,,Lunacek,5,5678
Matching-Soft-Rerank,1,38.0389599655423,1.0,0.0,1.0,,Lunacek,5,5678
Matching-Soft-Rerank,2,38.0389599655423,1.0,0.0,1.0,,Lunacek,5,5678
Matching-Soft-Rerank,3,38.0389599655423,1.0,0.0,1.0,,Lunacek,5,5678
Matching-Soft-Rerank,4,38.0389599655423,1.0,0.0,1.0,,Lunacek,5,5678
Matching-Soft-Rerank,5,38.0389599655423,1.0,0.0,1.0,,Lunacek,5,5678
Matching-Soft-Rerank,6,38.0389599655423,1.0,0.0,1.0,,Lunacek,5,5678
Matching-Soft-Rerank,7,38.0389599655423,1.0,0.0,1.0,,Lunacek,5,5678
Matching-Soft-Rerank,8,38.0389599655423,1.0,0.0,1.0,,Lunacek,5,5678
Matching-Soft-Rerank,9,38.0389599655423,1.0,0.0,1.0,,Lunacek,5,5678
Matching-Soft-Rerank,10,38.0389599655423,1.0,0.0,1.0,,Lunacek,5,5678
Matching-Soft-Rerank,11,38.0389599655423,1.0,0.0,1.0,,Lunacek,5,5678
Matching-Soft-Rerank,12,38.0389599655423,1.0,0.0,1.0,,Lunacek,5,5678
Matching-Soft-Rerank,13,38.0389599655423,1.0,0.0,1.0,,Lunacek,5,5678
Matching-Soft-Rerank,14,30.363020570834102,0.7982084840999474,0.0,1.0,,Lunacek,5,5678
Matching-Soft-Rerank,15,30.363020570834102,0.7982084840999474,0.0,1.0,,Lunacek,5,5678
Matching-Soft-Rerank,16,30.363020570834102,0.7982084840999474,0.0,1.0,,Lunacek,5,5678
Matching-Soft-Rerank,17,30.363020570834102,0.7982084840999474,0.0,1.0,,Lunacek,5,5678
Matching-Soft-Rerank,18,30.363020570834102,0.7982084840999474,0.0,1.0,,Lunacek,5,5678
Matching-Soft-Rerank,19,30.363020570834102,0.7982084840999474,0.0,1.0,,Lunacek,5,5678
Matching-Soft-Rerank,20,30.363020570834102,0.7982084840999474,0.0,1.0,,Lunacek,5,5678
Target-Only,0,63.49054045371574,1.0,0.0,1.0,0.0,Lunacek,5,8888
Target-Only,1,63.49054045371574,1.0,0.0,1.0,0.0,Lunacek,5,8888
Target-Only,2,63.49054045371574,1.0,0.0,1.0,0.0,Lunacek,5,8888
Target-Only,3,63.49054045371574,1.0,0.0,1.0,0.0,Lunacek,5,8888
Target-Only,4,63.49054045371574,1.0,0.0,1.0,0.0,Lunacek,5,8888
Target-Only,5,63.49054045371574,1.0,0.0,1.0,0.0,Lunacek,5,8888
Target-Only,6,53.75483323946666,0.8466589330524544,0.0,1.0,0.0,Lunacek,5,8888
Target-Only,7,53.75483323946666,0.8466589330524544,0.0,1.0,0.0,Lunacek,5,8888
Target-Only,8,44.537141964692864,0.701476812867268,0.0,1.0,0.0,Lunacek,5,8888
Target-Only,9,44.537141964692864,0.701476812867268,0.0,1.0,0.0,Lunacek,5,8888
Target-Only,10,44.537141964692864,0.701476812867268,0.0,1.0,0.0,Lunacek,5,8888
Target-Only,11,44.537141964692864,0.701476812867268,0.0,1.0,0.0,Lunacek,5,8888
Target-Only,12,44.537141964692864,0.701476812867268,0.0,1.0,0.0,Lunacek,5,8888
Target-Only,13,44.537141964692864,0.701476812867268,0.0,1.0,0.0,Lunacek,5,8888
Target-Only,14,44.537141964692864,0.701476812867268,0.0,1.0,0.0,Lunacek,5,8888
Target-Only,15,44.537141964692864,0.701476812867268,0.0,1.0,0.0,Lunacek,5,8888
Target-Only,16,29.563943003239707,0.46564327208384154,0.0,1.0,0.0,Lunacek,5,8888
Target-Only,17,29.563943003239707,0.46564327208384154,0.0,1.0,0.0,Lunacek,5,8888
Target-Only,18,29.563943003239707,0.46564327208384154,0.0,1.0,0.0,Lunacek,5,8888
Target-Only,19,29.563943003239707,0.46564327208384154,0.0,1.0,0.0,Lunacek,5,8888
Target-Only,20,29.563943003239707,0.46564327208384154,0.0,1.0,0.0,Lunacek,5,8888
Matching-Fixed-Filter,0,63.49054045371574,1.0,0.0,1.0,0.0,Lunacek,5,8888
Matching-Fixed-Filter,1,63.49054045371574,1.0,1.0,0.25,1.0,Lunacek,5,8888
Matching-Fixed-Filter,2,63.49054045371574,1.0,1.0,0.25,1.0,Lunacek,5,8888
Matching-Fixed-Filter,3,63.49054045371574,1.0,1.0,0.25,1.0,Lunacek,5,8888
Matching-Fixed-Filter,4,47.479134696068606,0.747814309923549,1.0,0.25,1.0,Lunacek,5,8888
Matching-Fixed-Filter,5,47.479134696068606,0.747814309923549,1.0,0.25,1.0,Lunacek,5,8888
Matching-Fixed-Filter,6,47.479134696068606,0.747814309923549,1.0,0.25,1.0,Lunacek,5,8888
Matching-Fixed-Filter,7,43.18861153918971,0.6802369491668444,1.0,0.25,1.0,Lunacek,5,8888
Matching-Fixed-Filter,8,43.18861153918971,0.6802369491668444,1.0,0.25,1.0,Lunacek,5,8888
Matching-Fixed-Filter,9,43.18861153918971,0.6802369491668444,1.0,0.25,1.0,Lunacek,5,8888
Matching-Fixed-Filter,10,43.18861153918971,0.6802369491668444,1.0,0.25,1.0,Lunacek,5,8888
Matching-Fixed-Filter,11,43.18861153918971,0.6802369491668444,1.0,0.25,1.0,Lunacek,5,8888
Matching-Fixed-Filter,12,43.18861153918971,0.6802369491668444,1.0,0.25,1.0,Lunacek,5,8888
Matching-Fixed-Filter,13,38.898795511664254,0.6126707259646225,1.0,0.25,1.0,Lunacek,5,8888
Matching-Fixed-Filter,14,38.898795511664254,0.6126707259646225,1.0,0.25,1.0,Lunacek,5,8888
Matching-Fixed-Filter,15,38.898795511664254,0.6126707259646225,1.0,0.25,1.0,Lunacek,5,8888
Matching-Fixed-Filter,16,38.898795511664254,0.6126707259646225,1.0,0.25,1.0,Lunacek,5,8888
Matching-Fixed-Filter,17,38.898795511664254,0.6126707259646225,1.0,0.25,1.0,Lunacek,5,8888
Matching-Fixed-Filter,18,25.830310136988693,0.40683714380757,1.0,0.25,1.0,Lunacek,5,8888
Matching-Fixed-Filter,19,25.830310136988693,0.40683714380757,1.0,0.25,1.0,Lunacek,5,8888
Matching-Fixed-Filter,20,25.830310136988693,0.40683714380757,1.0,0.25,1.0,Lunacek,5,8888
Matching-Adaptive-Filter,0,63.49054045371574,1.0,0.0,1.0,0.0,Lunacek,5,8888
Matching-Adaptive-Filter,1,63.49054045371574,1.0,1.0,0.83,0.229248251748236,Lunacek,5,8888
Matching-Adaptive-Filter,2,63.49054045371574,1.0,1.0,0.82,0.24047508863683803,Lunacek,5,8888
Matching-Adaptive-Filter,3,63.49054045371574,1.0,1.0,0.82,0.25216388549720387,Lunacek,5,8888
Matching-Adaptive-Filter,4,43.95436050366186,0.6922977846708417,1.0,0.84,0.22513013302485727,Lunacek,5,8888
Matching-Adaptive-Filter,5,43.95436050366186,0.6922977846708417,1.0,0.84,0.21798854087088235,Lunacek,5,8888
Matching-Adaptive-Filter,6,43.95436050366186,0.6922977846708417,1.0,0.84,0.2237742975978159,Lunacek,5,8888
Matching-Adaptive-Filter,7,43.95436050366186,0.6922977846708417,1.0,0.85,0.20978515808236176,Lunacek,5,8888
Matching-Adaptive-Filter,8,43.95436050366186,0.6922977846708417,1.0,0.8,0.27368587874038264,Lunacek,5,8888
Matching-Adaptive-Filter,9,43.95436050366186,0.6922977846708417,1.0,0.85,0.21136173767751804,Lunacek,5,8888
Matching-Adaptive-Filter,10,43.95436050366186,0.6922977846708417,1.0,0.83,0.2282539302802367,Lunacek,5,8888
Matching-Adaptive-Filter,11,43.95436050366186,0.6922977846708417,1.0,0.84,0.22077562189362565,Lunacek,5,8888
Matching-Adaptive-Filter,12,43.95436050366186,0.6922977846708417,1.0,0.84,0.21472299339146347,Lunacek,5,8888
Matching-Adaptive-Filter,13,43.95436050366186,0.6922977846708417,1.0,0.83,0.22792560700168568,Lunacek,5,8888
Matching-Adaptive-Filter,14,43.95436050366186,0.6922977846708417,1.0,0.83,0.2307850182657458,Lunacek,5,8888
Matching-Adaptive-Filter,15,43.95436050366186,0.6922977846708417,1.0,0.84,0.2156068376068303,Lunacek,5,8888
Matching-Adaptive-Filter,16,43.95436050366186,0.6922977846708417,1.0,0.82,0.24077746268068062,Lunacek,5,8888
Matching-Adaptive-Filter,17,43.95436050366186,0.6922977846708417,1.0,0.84,0.2193127787047863,Lunacek,5,8888
Matching-Adaptive-Filter,18,43.95436050366186,0.6922977846708417,1.0,0.85,0.20339758421654341,Lunacek,5,8888
Matching-Adaptive-Filter,19,43.95436050366186,0.6922977846708417,1.0,0.85,0.20786754449647238,Lunacek,5,8888
Matching-Adaptive-Filter,20,43.95436050366186,0.6922977846708417,1.0,0.85,0.20949372885972473,Lunacek,5,8888
Random-Adaptive-Filter,0,63.49054045371574,1.0,0.0,1.0,0.0,Lunacek,5,8888
Random-Adaptive-Filter,1,63.49054045371574,1.0,1.0,0.85,0.20455419580418158,Lunacek,5,8888
Random-Adaptive-Filter,2,63.49054045371574,1.0,1.0,0.88,0.16629926446101823,Lunacek,5,8888
Random-Adaptive-Filter,3,63.49054045371574,1.0,1.0,0.87,0.17890381223713472,Lunacek,5,8888
Random-Adaptive-Filter,4,62.90912101704702,0.9908424242018766,1.0,0.84,0.21479178716019615,Lunacek,5,8888
Random-Adaptive-Filter,5,62.90912101704702,0.9908424242018766,1.0,0.86,0.1888441558441458,Lunacek,5,8888
Random-Adaptive-Filter,6,62.90912101704702,0.9908424242018766,1.0,0.85,0.20848086962056514,Lunacek,5,8888
Random-Adaptive-Filter,7,62.90912101704702,0.9908424242018766,1.0,0.86,0.19254620508489562,Lunacek,5,8888
Random-Adaptive-Filter,8,61.37807337966466,0.9667278454561109,1.0,0.87,0.18501555465816302,Lunacek,5,8888
Random-Adaptive-Filter,9,61.37807337966466,0.9667278454561109,1.0,0.88,0.16190476190475495,Lunacek,5,8888
Random-Adaptive-Filter,10,60.68910054513559,0.9558762630061027,1.0,0.87,0.17924094326725165,Lunacek,5,8888
Random-Adaptive-Filter,11,60.68910054513559,0.9558762630061027,1.0,0.9,0.1334654165710013,Lunacek,5,8888
Random-Adaptive-Filter,12,60.68910054513559,0.9558762630061027,1.0,0.9,0.1392330395047733,Lunacek,5,8888
Random-Adaptive-Filter,13,60.68910054513559,0.9558762630061027,1.0,0.86,0.1901538678712522,Lunacek,5,8888
Random-Adaptive-Filter,14,60.10536163464084,0.946682154618881,1.0,0.89,0.150342086451113,Lunacek,5,8888
Random-Adaptive-Filter,15,60.10536163464084,0.946682154618881,1.0,0.95,0.07270085470085214,Lunacek,5,8888
Random-Adaptive-Filter,16,60.10536163464084,0.946682154618881,1.0,0.95,0.07646910079167889,Lunacek,5,8888
Random-Adaptive-Filter,17,60.10536163464084,0.946682154618881,1.0,0.94,0.08272850192087675,Lunacek,5,8888
Random-Adaptive-Filter,18,60.10536163464084,0.946682154618881,1.0,0.96,0.06346428156772786,Lunacek,5,8888
Random-Adaptive-Filter,19,59.99185397696567,0.9448943661252878,1.0,0.96,0.06132490816126039,Lunacek,5,8888
Random-Adaptive-Filter,20,59.99185397696567,0.9448943661252878,0.0,1.0,0.027479739392975457,Lunacek,5,8888
Wrong-Adaptive-Filter,0,63.49054045371574,1.0,0.0,1.0,0.0,Lunacek,5,8888
Wrong-Adaptive-Filter,1,63.49054045371574,1.0,1.0,0.87,0.1800786713286586,Lunacek,5,8888
Wrong-Adaptive-Filter,2,63.49054045371574,1.0,1.0,0.84,0.22440904683550306,Lunacek,5,8888
Wrong-Adaptive-Filter,3,63.49054045371574,1.0,1.0,0.84,0.22394519061184393,Lunacek,5,8888
Wrong-Adaptive-Filter,4,63.49054045371574,1.0,1.0,0.89,0.15586321573162784,Lunacek,5,8888
Wrong-Adaptive-Filter,5,63.49054045371574,1.0,1.0,0.89,0.15975324675323815,Lunacek,5,8888
Wrong-Adaptive-Filter,6,53.75483323946666,0.8466589330524544,1.0,0.88,0.16980763517527367,Lunacek,5,8888
Wrong-Adaptive-Filter,7,53.75483323946666,0.8466589330524544,1.0,0.87,0.18482972136222037,Lunacek,5,8888
Wrong-Adaptive-Filter,8,44.537141964692864,0.701476812867268,1.0,0.88,0.16205402597581153,Lunacek,5,8888
Wrong-Adaptive-Filter,9,44.537141964692864,0.701476812867268,1.0,0.84,0.2187134502923883,Lunacek,5,8888
Wrong-Adaptive-Filter,10,44.537141964692864,0.701476812867268,1.0,0.85,0.2066175666438739,Lunacek,5,8888
Wrong-Adaptive-Filter,11,44.537141964692864,0.701476812867268,1.0,0.86,0.19679711592754295,Lunacek,5,8888
Wrong-Adaptive-Filter,12,44.53187665651058,0.7013938822740702,1.0,0.84,0.2148037047493488,Lunacek,5,8888
Wrong-Adaptive-Filter,13,44.53187665651058,0.7013938822740702,1.0,0.89,0.15572063805758882,Lunacek,5,8888
Wrong-Adaptive-Filter,14,44.53187665651058,0.7013938822740702,1.0,0.92,0.10815122204169017,Lunacek,5,8888
Wrong-Adaptive-Filter,15,44.53187665651058,0.7013938822740702,1.0,0.93,0.10153276353276003,Lunacek,5,8888
Wrong-Adaptive-Filter,16,42.22334061583662,0.6650335674275321,1.0,0.91,0.1267467801016146,Lunacek,5,8888
Wrong-Adaptive-Filter,17,42.22334061583662,0.6650335674275321,1.0,0.94,0.08989200454717405,Lunacek,5,8888
Wrong-Adaptive-Filter,18,42.22334061583662,0.6650335674275321,1.0,0.95,0.07683174105587653,Lunacek,5,8888
Wrong-Adaptive-Filter,19,42.22334061583662,0.6650335674275321,1.0,0.95,0.07914603735450189,Lunacek,5,8888
Wrong-Adaptive-Filter,20,42.22334061583662,0.6650335674275321,1.0,0.92,0.10745867290186056,Lunacek,5,8888
Oracle-Fixed-Filter,0,63.49054045371574,1.0,0.0,1.0,0.0,Lunacek,5,8888
Oracle-Fixed-Filter,1,63.49054045371574,1.0,0.0,1.0,0.0,Lunacek,5,8888
Oracle-Fixed-Filter,2,63.49054045371574,1.0,0.0,1.0,0.0,Lunacek,5,8888
Oracle-Fixed-Filter,3,63.49054045371574,1.0,0.0,1.0,0.0,Lunacek,5,8888
Oracle-Fixed-Filter,4,63.49054045371574,1.0,0.0,1.0,0.0,Lunacek,5,8888
Oracle-Fixed-Filter,5,63.49054045371574,1.0,0.0,1.0,0.0,Lunacek,5,8888
Oracle-Fixed-Filter,6,53.75483323946666,0.8466589330524544,0.0,1.0,0.0,Lunacek,5,8888
Oracle-Fixed-Filter,7,53.75483323946666,0.8466589330524544,0.0,1.0,0.0,Lunacek,5,8888
Oracle-Fixed-Filter,8,44.537141964692864,0.701476812867268,0.0,1.0,0.0,Lunacek,5,8888
Oracle-Fixed-Filter,9,44.537141964692864,0.701476812867268,0.0,1.0,0.0,Lunacek,5,8888
Oracle-Fixed-Filter,10,44.537141964692864,0.701476812867268,0.0,1.0,0.0,Lunacek,5,8888
Oracle-Fixed-Filter,11,44.537141964692864,0.701476812867268,0.0,1.0,0.0,Lunacek,5,8888
Oracle-Fixed-Filter,12,44.537141964692864,0.701476812867268,0.0,1.0,0.0,Lunacek,5,8888
Oracle-Fixed-Filter,13,44.537141964692864,0.701476812867268,0.0,1.0,0.0,Lunacek,5,8888
Oracle-Fixed-Filter,14,44.537141964692864,0.701476812867268,0.0,1.0,0.0,Lunacek,5,8888
Oracle-Fixed-Filter,15,44.537141964692864,0.701476812867268,0.0,1.0,0.0,Lunacek,5,8888
Oracle-Fixed-Filter,16,29.563943003239707,0.46564327208384154,0.0,1.0,0.0,Lunacek,5,8888
Oracle-Fixed-Filter,17,29.563943003239707,0.46564327208384154,0.0,1.0,0.0,Lunacek,5,8888
Oracle-Fixed-Filter,18,29.563943003239707,0.46564327208384154,0.0,1.0,0.0,Lunacek,5,8888
Oracle-Fixed-Filter,19,29.563943003239707,0.46564327208384154,0.0,1.0,0.0,Lunacek,5,8888
Oracle-Fixed-Filter,20,29.563943003239707,0.46564327208384154,0.0,1.0,0.0,Lunacek,5,8888
Matching-Soft-Rerank,0,63.49054045371574,1.0,0.0,1.0,,Lunacek,5,8888
Matching-Soft-Rerank,1,63.49054045371574,1.0,0.0,1.0,,Lunacek,5,8888
Matching-Soft-Rerank,2,33.88238159467721,0.5336603114817913,0.0,1.0,,Lunacek,5,8888
Matching-Soft-Rerank,3,33.88238159467721,0.5336603114817913,0.0,1.0,,Lunacek,5,8888
Matching-Soft-Rerank,4,33.88238159467721,0.5336603114817913,0.0,1.0,,Lunacek,5,8888
Matching-Soft-Rerank,5,33.88238159467721,0.5336603114817913,0.0,1.0,,Lunacek,5,8888
Matching-Soft-Rerank,6,33.88238159467721,0.5336603114817913,0.0,1.0,,Lunacek,5,8888
Matching-Soft-Rerank,7,33.88238159467721,0.5336603114817913,0.0,1.0,,Lunacek,5,8888
Matching-Soft-Rerank,8,33.88238159467721,0.5336603114817913,0.0,1.0,,Lunacek,5,8888
Matching-Soft-Rerank,9,33.88238159467721,0.5336603114817913,0.0,1.0,,Lunacek,5,8888
Matching-Soft-Rerank,10,33.88238159467721,0.5336603114817913,0.0,1.0,,Lunacek,5,8888
Matching-Soft-Rerank,11,33.88238159467721,0.5336603114817913,0.0,1.0,,Lunacek,5,8888
Matching-Soft-Rerank,12,33.88238159467721,0.5336603114817913,0.0,1.0,,Lunacek,5,8888
Matching-Soft-Rerank,13,33.88238159467721,0.5336603114817913,0.0,1.0,,Lunacek,5,8888
Matching-Soft-Rerank,14,33.88238159467721,0.5336603114817913,0.0,1.0,,Lunacek,5,8888
Matching-Soft-Rerank,15,33.88238159467721,0.5336603114817913,0.0,1.0,,Lunacek,5,8888
Matching-Soft-Rerank,16,33.88238159467721,0.5336603114817913,0.0,1.0,,Lunacek,5,8888
Matching-Soft-Rerank,17,33.88238159467721,0.5336603114817913,0.0,1.0,,Lunacek,5,8888
Matching-Soft-Rerank,18,33.88238159467721,0.5336603114817913,0.0,1.0,,Lunacek,5,8888
Matching-Soft-Rerank,19,33.88238159467721,0.5336603114817913,0.0,1.0,,Lunacek,5,8888
Matching-Soft-Rerank,20,33.88238159467721,0.5336603114817913,0.0,1.0,,Lunacek,5,8888
Target-Only,0,9.336485390803412,1.0,0.0,1.0,0.0,Ackley,5,42
Target-Only,1,9.129920972999575,0.9778755699647634,0.0,1.0,0.0,Ackley,5,42
Target-Only,2,9.129920972999575,0.9778755699647634,0.0,1.0,0.0,Ackley,5,42
Target-Only,3,9.129920972999575,0.9778755699647634,0.0,1.0,0.0,Ackley,5,42
Target-Only,4,8.790584299465962,0.941530343754924,0.0,1.0,0.0,Ackley,5,42
Target-Only,5,8.790584299465962,0.941530343754924,0.0,1.0,0.0,Ackley,5,42
Target-Only,6,7.8828376391695,0.8443046081274032,0.0,1.0,0.0,Ackley,5,42
Target-Only,7,7.8828376391695,0.8443046081274032,0.0,1.0,0.0,Ackley,5,42
Target-Only,8,7.8828376391695,0.8443046081274032,0.0,1.0,0.0,Ackley,5,42
Target-Only,9,7.8828376391695,0.8443046081274032,0.0,1.0,0.0,Ackley,5,42
Target-Only,10,7.8828376391695,0.8443046081274032,0.0,1.0,0.0,Ackley,5,42
Target-Only,11,4.93380844812058,0.5284438674300781,0.0,1.0,0.0,Ackley,5,42
Target-Only,12,4.93380844812058,0.5284438674300781,0.0,1.0,0.0,Ackley,5,42
Target-Only,13,4.93380844812058,0.5284438674300781,0.0,1.0,0.0,Ackley,5,42
Target-Only,14,4.93380844812058,0.5284438674300781,0.0,1.0,0.0,Ackley,5,42
Target-Only,15,2.955480013662197,0.316551666923122,0.0,1.0,0.0,Ackley,5,42
Target-Only,16,2.955480013662197,0.316551666923122,0.0,1.0,0.0,Ackley,5,42
Target-Only,17,2.955480013662197,0.316551666923122,0.0,1.0,0.0,Ackley,5,42
Target-Only,18,2.955480013662197,0.316551666923122,0.0,1.0,0.0,Ackley,5,42
Target-Only,19,2.955480013662197,0.316551666923122,0.0,1.0,0.0,Ackley,5,42
Target-Only,20,2.955480013662197,0.316551666923122,0.0,1.0,0.0,Ackley,5,42
Matching-Fixed-Filter,0,9.336485390803412,1.0,0.0,1.0,0.0,Ackley,5,42
Matching-Fixed-Filter,1,9.336485390803412,1.0,1.0,0.25,1.0,Ackley,5,42
Matching-Fixed-Filter,2,6.544763689393509,0.7009879430476276,1.0,0.25,1.0,Ackley,5,42
Matching-Fixed-Filter,3,6.544763689393509,0.7009879430476276,1.0,0.25,1.0,Ackley,5,42
Matching-Fixed-Filter,4,6.544763689393509,0.7009879430476276,1.0,0.25,1.0,Ackley,5,42
Matching-Fixed-Filter,5,6.544763689393509,0.7009879430476276,1.0,0.25,1.0,Ackley,5,42
Matching-Fixed-Filter,6,6.544763689393509,0.7009879430476276,1.0,0.25,1.0,Ackley,5,42
Matching-Fixed-Filter,7,6.544763689393509,0.7009879430476276,1.0,0.25,1.0,Ackley,5,42
Matching-Fixed-Filter,8,6.544763689393509,0.7009879430476276,1.0,0.25,1.0,Ackley,5,42
Matching-Fixed-Filter,9,6.544763689393509,0.7009879430476276,1.0,0.25,1.0,Ackley,5,42
Matching-Fixed-Filter,10,6.544763689393509,0.7009879430476276,1.0,0.25,1.0,Ackley,5,42
Matching-Fixed-Filter,11,6.544763689393509,0.7009879430476276,1.0,0.25,1.0,Ackley,5,42
Matching-Fixed-Filter,12,6.544763689393509,0.7009879430476276,1.0,0.25,1.0,Ackley,5,42
Matching-Fixed-Filter,13,6.437973421371101,0.6895499914467395,1.0,0.25,1.0,Ackley,5,42
Matching-Fixed-Filter,14,6.437973421371101,0.6895499914467395,1.0,0.25,1.0,Ackley,5,42
Matching-Fixed-Filter,15,6.437973421371101,0.6895499914467395,1.0,0.25,1.0,Ackley,5,42
Matching-Fixed-Filter,16,6.437973421371101,0.6895499914467395,1.0,0.25,1.0,Ackley,5,42
Matching-Fixed-Filter,17,6.437973421371101,0.6895499914467395,1.0,0.25,1.0,Ackley,5,42
Matching-Fixed-Filter,18,6.437973421371101,0.6895499914467395,1.0,0.25,1.0,Ackley,5,42
Matching-Fixed-Filter,19,6.437973421371101,0.6895499914467395,1.0,0.25,1.0,Ackley,5,42
Matching-Fixed-Filter,20,5.807301726087221,0.6220008368253332,1.0,0.25,1.0,Ackley,5,42
Matching-Adaptive-Filter,0,9.336485390803412,1.0,0.0,1.0,0.0,Ackley,5,42
Matching-Adaptive-Filter,1,9.129920972999575,0.9778755699647634,1.0,0.94,0.09222902097901373,Ackley,5,42
Matching-Adaptive-Filter,2,9.129920972999575,0.9778755699647634,1.0,0.95,0.07563319033906708,Ackley,5,42
Matching-Adaptive-Filter,3,9.129920972999575,0.9778755699647634,1.0,0.96,0.0608058608058565,Ackley,5,42
Matching-Adaptive-Filter,4,7.841733981430261,0.8399021316045217,1.0,0.95,0.07935945633313561,Ackley,5,42
Matching-Adaptive-Filter,5,7.841733981430261,0.8399021316045217,1.0,0.94,0.08239495798318855,Ackley,5,42
Matching-Adaptive-Filter,6,7.841733981430261,0.8399021316045217,1.0,0.94,0.08659897292249773,Ackley,5,42
Matching-Adaptive-Filter,7,7.841733981430261,0.8399021316045217,1.0,0.94,0.08771695280982768,Ackley,5,42
Matching-Adaptive-Filter,8,7.841733981430261,0.8399021316045217,1.0,0.94,0.08874680306904953,Ackley,5,42
Matching-Adaptive-Filter,9,7.841733981430261,0.8399021316045217,1.0,0.89,0.15522138680032738,Ackley,5,42
Matching-Adaptive-Filter,10,7.841733981430261,0.8399021316045217,1.0,0.91,0.12713704716335758,Ackley,5,42
Matching-Adaptive-Filter,11,7.841733981430261,0.8399021316045217,1.0,0.88,0.16018031657782578,Ackley,5,42
Matching-Adaptive-Filter,12,7.841733981430261,0.8399021316045217,1.0,0.89,0.15600237624693547,Ackley,5,42
Matching-Adaptive-Filter,13,7.114389684258253,0.761998695062067,1.0,0.89,0.15727343308864467,Ackley,5,42
Matching-Adaptive-Filter,14,7.114389684258253,0.761998695062067,1.0,0.9,0.137904498683911,Ackley,5,42
Matching-Adaptive-Filter,15,7.114389684258253,0.761998695062067,1.0,0.88,0.17000854700854123,Ackley,5,42
Matching-Adaptive-Filter,16,7.009202868033398,0.7507324838678134,1.0,0.89,0.1476958131474212,Ackley,5,42
Matching-Adaptive-Filter,17,7.009202868033398,0.7507324838678134,1.0,0.91,0.12063496987876518,Ackley,5,42
Matching-Adaptive-Filter,18,7.009202868033398,0.7507324838678134,1.0,0.89,0.14870192068467464,Ackley,5,42
Matching-Adaptive-Filter,19,7.009202868033398,0.7507324838678134,1.0,0.89,0.15448111762316624,Ackley,5,42
Matching-Adaptive-Filter,20,7.009202868033398,0.7507324838678134,1.0,0.88,0.1676512337971848,Ackley,5,42
Random-Adaptive-Filter,0,9.336485390803412,1.0,0.0,1.0,0.0,Ackley,5,42
Random-Adaptive-Filter,1,9.129920972999575,0.9778755699647634,1.0,0.94,0.08720279720279027,Ackley,5,42
Random-Adaptive-Filter,2,9.129920972999575,0.9778755699647634,1.0,0.9,0.1410151123386323,Ackley,5,42
Random-Adaptive-Filter,3,9.129920972999575,0.9778755699647634,1.0,0.88,0.1706281372947936,Ackley,5,42
Random-Adaptive-Filter,4,7.841733981430261,0.8399021316045217,1.0,0.86,0.18997975708500953,Ackley,5,42
Random-Adaptive-Filter,5,7.841733981430261,0.8399021316045217,1.0,0.85,0.21250190985483977,Ackley,5,42
Random-Adaptive-Filter,6,7.841733981430261,0.8399021316045217,1.0,0.82,0.24382644724555283,Ackley,5,42
Random-Adaptive-Filter,7,7.841733981430261,0.8399021316045217,1.0,0.77,0.3074725584013366,Ackley,5,42
Random-Adaptive-Filter,8,7.841733981430261,0.8399021316045217,1.0,0.8,0.274585563850594,Ackley,5,42
Random-Adaptive-Filter,9,7.841733981430261,0.8399021316045217,1.0,0.76,0.3256474519632276,Ackley,5,42
Random-Adaptive-Filter,10,7.841733981430261,0.8399021316045217,1.0,0.78,0.30376042378672724,Ackley,5,42
Random-Adaptive-Filter,11,7.841733981430261,0.8399021316045217,1.0,0.76,0.33167714273303045,Ackley,5,42
Random-Adaptive-Filter,12,7.841733981430261,0.8399021316045217,1.0,0.76,0.32263407888406676,Ackley,5,42
Random-Adaptive-Filter,13,7.841733981430261,0.8399021316045217,1.0,0.76,0.33238989271596764,Ackley,5,42
Random-Adaptive-Filter,14,6.189363411797132,0.6629221974570596,1.0,0.76,0.3246601352886791,Ackley,5,42
Random-Adaptive-Filter,15,6.189363411797132,0.6629221974570596,1.0,0.75,0.3396467236467122,Ackley,5,42
Random-Adaptive-Filter,16,3.6786055078410347,0.39400324146220156,1.0,0.74,0.3471079601402069,Ackley,5,42
Random-Adaptive-Filter,17,3.6786055078410347,0.39400324146220156,1.0,0.75,0.34496095085930667,Ackley,5,42
Random-Adaptive-Filter,18,3.6786055078410347,0.39400324146220156,1.0,0.77,0.3193948931017798,Ackley,5,42
Random-Adaptive-Filter,19,3.368179440097912,0.3607545344006667,1.0,0.76,0.322025925683575,Ackley,5,42
Random-Adaptive-Filter,20,3.368179440097912,0.3607545344006667,1.0,0.75,0.3348948151006692,Ackley,5,42
Wrong-Adaptive-Filter,0,9.336485390803412,1.0,0.0,1.0,0.0,Ackley,5,42
Wrong-Adaptive-Filter,1,9.129920972999575,0.9778755699647634,1.0,0.85,0.20695804195802758,Ackley,5,42
Wrong-Adaptive-Filter,2,7.581428000800578,0.8120216209269074,1.0,0.8,0.2781555454349397,Ackley,5,42
Wrong-Adaptive-Filter,3,7.581428000800578,0.8120216209269074,1.0,0.78,0.3012752679419169,Ackley,5,42
Wrong-Adaptive-Filter,4,7.581428000800578,0.8120216209269074,1.0,0.82,0.24167148640831504,Ackley,5,42
Wrong-Adaptive-Filter,5,7.581428000800578,0.8120216209269074,1.0,0.83,0.23665699006874233,Ackley,5,42
Wrong-Adaptive-Filter,6,7.581428000800578,0.8120216209269074,1.0,0.82,0.24934380570408748,Ackley,5,42
Wrong-Adaptive-Filter,7,7.581428000800578,0.8120216209269074,1.0,0.82,0.25041983300496057,Ackley,5,42
Wrong-Adaptive-Filter,8,7.185806902332164,0.7696479565437224,1.0,0.82,0.24026306585532858,Ackley,5,42
Wrong-Adaptive-Filter,9,7.185806902332164,0.7696479565437224,1.0,0.81,0.25948203842939577,Ackley,5,42
Wrong-Adaptive-Filter,10,7.185806902332164,0.7696479565437224,1.0,0.8,0.2696500341763389,Ackley,5,42
Wrong-Adaptive-Filter,11,7.185806902332164,0.7696479565437224,1.0,0.8,0.27726447465576814,Ackley,5,42
Wrong-Adaptive-Filter,12,6.374414901390821,0.6827424490665108,1.0,0.79,0.2896728020369216,Ackley,5,42
Wrong-Adaptive-Filter,13,5.399421286516489,0.5783141150560794,1.0,0.77,0.31076722190851497,Ackley,5,42
Wrong-Adaptive-Filter,14,5.399421286516489,0.5783141150560794,1.0,0.74,0.34753416984945223,Ackley,5,42
Wrong-Adaptive-Filter,15,4.775782983241957,0.5115182837372808,1.0,0.72,0.380215099715087,Ackley,5,42
Wrong-Adaptive-Filter,16,4.775782983241957,0.5115182837372808,1.0,0.7,0.40485934853675476,Ackley,5,42
Wrong-Adaptive-Filter,17,4.775782983241957,0.5115182837372808,1.0,0.68,0.427702927128201,Ackley,5,42
Wrong-Adaptive-Filter,18,3.5092110890063286,0.3758599667989581,1.0,0.67,0.4441103357051497,Ackley,5,42
Wrong-Adaptive-Filter,19,3.5092110890063286,0.3758599667989581,1.0,0.66,0.46174066215287124,Ackley,5,42
Wrong-Adaptive-Filter,20,3.5092110890063286,0.3758599667989581,1.0,0.65,0.4711879355746613,Ackley,5,42
Oracle-Fixed-Filter,0,9.336485390803412,1.0,0.0,1.0,0.0,Ackley,5,42
Oracle-Fixed-Filter,1,9.129920972999575,0.9778755699647634,0.0,1.0,0.0,Ackley,5,42
Oracle-Fixed-Filter,2,9.129920972999575,0.9778755699647634,0.0,1.0,0.0,Ackley,5,42
Oracle-Fixed-Filter,3,9.129920972999575,0.9778755699647634,0.0,1.0,0.0,Ackley,5,42
Oracle-Fixed-Filter,4,8.790584299465962,0.941530343754924,0.0,1.0,0.0,Ackley,5,42
Oracle-Fixed-Filter,5,8.790584299465962,0.941530343754924,0.0,1.0,0.0,Ackley,5,42
Oracle-Fixed-Filter,6,7.8828376391695,0.8443046081274032,0.0,1.0,0.0,Ackley,5,42
Oracle-Fixed-Filter,7,7.8828376391695,0.8443046081274032,0.0,1.0,0.0,Ackley,5,42
Oracle-Fixed-Filter,8,7.8828376391695,0.8443046081274032,0.0,1.0,0.0,Ackley,5,42
Oracle-Fixed-Filter,9,7.8828376391695,0.8443046081274032,0.0,1.0,0.0,Ackley,5,42
Oracle-Fixed-Filter,10,7.8828376391695,0.8443046081274032,0.0,1.0,0.0,Ackley,5,42
Oracle-Fixed-Filter,11,4.93380844812058,0.5284438674300781,0.0,1.0,0.0,Ackley,5,42
Oracle-Fixed-Filter,12,4.93380844812058,0.5284438674300781,1.0,0.25,1.0,Ackley,5,42
Oracle-Fixed-Filter,13,4.93380844812058,0.5284438674300781,1.0,0.25,1.0,Ackley,5,42
Oracle-Fixed-Filter,14,4.205755867407454,0.45046456898547615,1.0,0.25,1.0,Ackley,5,42
Oracle-Fixed-Filter,15,4.205755867407454,0.45046456898547615,1.0,0.25,1.0,Ackley,5,42
Oracle-Fixed-Filter,16,4.205755867407454,0.45046456898547615,1.0,0.25,1.0,Ackley,5,42
Oracle-Fixed-Filter,17,4.205755867407454,0.45046456898547615,1.0,0.25,1.0,Ackley,5,42
Oracle-Fixed-Filter,18,4.205755867407454,0.45046456898547615,1.0,0.25,1.0,Ackley,5,42
Oracle-Fixed-Filter,19,3.8115010570035754,0.4082372431876737,1.0,0.25,1.0,Ackley,5,42
Oracle-Fixed-Filter,20,3.524728967567676,0.3775220353302957,1.0,0.25,1.0,Ackley,5,42
Matching-Soft-Rerank,0,9.336485390803412,1.0,0.0,1.0,,Ackley,5,42
Matching-Soft-Rerank,1,7.662107584811965,0.820662943719621,0.0,1.0,,Ackley,5,42
Matching-Soft-Rerank,2,7.662107584811965,0.820662943719621,0.0,1.0,,Ackley,5,42
Matching-Soft-Rerank,3,7.662107584811965,0.820662943719621,0.0,1.0,,Ackley,5,42
Matching-Soft-Rerank,4,7.662107584811965,0.820662943719621,0.0,1.0,,Ackley,5,42
Matching-Soft-Rerank,5,6.803108632721408,0.7286584135206358,0.0,1.0,,Ackley,5,42
Matching-Soft-Rerank,6,6.42059484924409,0.6876886301957349,0.0,1.0,,Ackley,5,42
Matching-Soft-Rerank,7,6.42059484924409,0.6876886301957349,0.0,1.0,,Ackley,5,42
Matching-Soft-Rerank,8,6.42059484924409,0.6876886301957349,0.0,1.0,,Ackley,5,42
Matching-Soft-Rerank,9,6.407040052929279,0.6862368208962567,0.0,1.0,,Ackley,5,42
Matching-Soft-Rerank,10,6.407040052929279,0.6862368208962567,0.0,1.0,,Ackley,5,42
Matching-Soft-Rerank,11,6.407040052929279,0.6862368208962567,0.0,1.0,,Ackley,5,42
Matching-Soft-Rerank,12,6.407040052929279,0.6862368208962567,0.0,1.0,,Ackley,5,42
Matching-Soft-Rerank,13,6.407040052929279,0.6862368208962567,0.0,1.0,,Ackley,5,42
Matching-Soft-Rerank,14,6.407040052929279,0.6862368208962567,0.0,1.0,,Ackley,5,42
Matching-Soft-Rerank,15,6.407040052929279,0.6862368208962567,0.0,1.0,,Ackley,5,42
Matching-Soft-Rerank,16,6.407040052929279,0.6862368208962567,0.0,1.0,,Ackley,5,42
Matching-Soft-Rerank,17,6.407040052929279,0.6862368208962567,0.0,1.0,,Ackley,5,42
Matching-Soft-Rerank,18,6.407040052929279,0.6862368208962567,0.0,1.0,,Ackley,5,42
Matching-Soft-Rerank,19,6.407040052929279,0.6862368208962567,0.0,1.0,,Ackley,5,42
Matching-Soft-Rerank,20,5.692370191756318,0.6096909011782307,0.0,1.0,,Ackley,5,42
Target-Only,0,7.6264432528809305,1.0,0.0,1.0,0.0,Ackley,5,101
Target-Only,1,7.6264432528809305,1.0,0.0,1.0,0.0,Ackley,5,101
Target-Only,2,7.6264432528809305,1.0,0.0,1.0,0.0,Ackley,5,101
Target-Only,3,7.6264432528809305,1.0,0.0,1.0,0.0,Ackley,5,101
Target-Only,4,7.6264432528809305,1.0,0.0,1.0,0.0,Ackley,5,101
Target-Only,5,7.6264432528809305,1.0,0.0,1.0,0.0,Ackley,5,101
Target-Only,6,7.6264432528809305,1.0,0.0,1.0,0.0,Ackley,5,101
Target-Only,7,7.6264432528809305,1.0,0.0,1.0,0.0,Ackley,5,101
Target-Only,8,7.6264432528809305,1.0,0.0,1.0,0.0,Ackley,5,101
Target-Only,9,7.6264432528809305,1.0,0.0,1.0,0.0,Ackley,5,101
Target-Only,10,7.6264432528809305,1.0,0.0,1.0,0.0,Ackley,5,101
Target-Only,11,6.6875038592393,0.8768837107275477,0.0,1.0,0.0,Ackley,5,101
Target-Only,12,6.6875038592393,0.8768837107275477,0.0,1.0,0.0,Ackley,5,101
Target-Only,13,6.6875038592393,0.8768837107275477,0.0,1.0,0.0,Ackley,5,101
Target-Only,14,6.6875038592393,0.8768837107275477,0.0,1.0,0.0,Ackley,5,101
Target-Only,15,6.6875038592393,0.8768837107275477,0.0,1.0,0.0,Ackley,5,101
Target-Only,16,6.6875038592393,0.8768837107275477,0.0,1.0,0.0,Ackley,5,101
Target-Only,17,6.4088143450752035,0.8403411829825442,0.0,1.0,0.0,Ackley,5,101
Target-Only,18,4.790226543587043,0.6281075443362814,0.0,1.0,0.0,Ackley,5,101
Target-Only,19,4.790226543587043,0.6281075443362814,0.0,1.0,0.0,Ackley,5,101
Target-Only,20,4.790226543587043,0.6281075443362814,0.0,1.0,0.0,Ackley,5,101
Matching-Fixed-Filter,0,7.6264432528809305,1.0,0.0,1.0,0.0,Ackley,5,101
Matching-Fixed-Filter,1,7.623728577585624,0.999644044385398,1.0,0.25,1.0,Ackley,5,101
Matching-Fixed-Filter,2,7.623728577585624,0.999644044385398,1.0,0.25,1.0,Ackley,5,101
Matching-Fixed-Filter,3,7.623728577585624,0.999644044385398,1.0,0.25,1.0,Ackley,5,101
Matching-Fixed-Filter,4,7.089327711358058,0.929571948061113,1.0,0.25,1.0,Ackley,5,101
Matching-Fixed-Filter,5,7.089327711358058,0.929571948061113,1.0,0.25,1.0,Ackley,5,101
Matching-Fixed-Filter,6,6.68358483684732,0.8763698378431597,1.0,0.25,1.0,Ackley,5,101
Matching-Fixed-Filter,7,6.193101569743408,0.8120563366683323,1.0,0.25,1.0,Ackley,5,101
Matching-Fixed-Filter,8,6.04951332174161,0.793228654714814,1.0,0.25,1.0,Ackley,5,101
Matching-Fixed-Filter,9,6.04951332174161,0.793228654714814,1.0,0.25,1.0,Ackley,5,101
Matching-Fixed-Filter,10,4.680842338042595,0.6137647895399184,1.0,0.25,1.0,Ackley,5,101
Matching-Fixed-Filter,11,4.090099673252194,0.5363050032145897,1.0,0.25,1.0,Ackley,5,101
Matching-Fixed-Filter,12,3.9540308595559748,0.5184632899566016,1.0,0.25,1.0,Ackley,5,101
Matching-Fixed-Filter,13,3.1395549702899257,0.4116669941920752,1.0,0.25,1.0,Ackley,5,101
Matching-Fixed-Filter,14,3.1395549702899257,0.4116669941920752,1.0,0.25,1.0,Ackley,5,101
Matching-Fixed-Filter,15,3.1395549702899257,0.4116669941920752,1.0,0.25,1.0,Ackley,5,101
Matching-Fixed-Filter,16,3.1395549702899257,0.4116669941920752,1.0,0.25,1.0,Ackley,5,101
Matching-Fixed-Filter,17,3.1395549702899257,0.4116669941920752,1.0,0.25,1.0,Ackley,5,101
Matching-Fixed-Filter,18,3.1395549702899257,0.4116669941920752,1.0,0.25,1.0,Ackley,5,101
Matching-Fixed-Filter,19,3.1395549702899257,0.4116669941920752,1.0,0.25,1.0,Ackley,5,101
Matching-Fixed-Filter,20,3.1395549702899257,0.4116669941920752,1.0,0.25,1.0,Ackley,5,101
Matching-Adaptive-Filter,0,7.6264432528809305,1.0,0.0,1.0,0.0,Ackley,5,101
Matching-Adaptive-Filter,1,7.6264432528809305,1.0,1.0,0.9,0.1379020979020878,Ackley,5,101
Matching-Adaptive-Filter,2,7.6264432528809305,1.0,1.0,0.83,0.23029409316172555,Ackley,5,101
Matching-Adaptive-Filter,3,7.6264432528809305,1.0,1.0,0.84,0.2266585266585132,Ackley,5,101
Matching-Adaptive-Filter,4,7.6264432528809305,1.0,1.0,0.77,0.3171414112203412,Ackley,5,101
Matching-Adaptive-Filter,5,7.6264432528809305,1.0,1.0,0.78,0.3038548510313058,Ackley,5,101
Matching-Adaptive-Filter,6,7.6264432528809305,1.0,1.0,0.75,0.3419837025719211,Ackley,5,101
Matching-Adaptive-Filter,7,7.6264432528809305,1.0,1.0,0.72,0.38242095881412985,Ackley,5,101
Matching-Adaptive-Filter,8,7.6264432528809305,1.0,1.0,0.68,0.4296125544038937,Ackley,5,101
Matching-Adaptive-Filter,9,7.6264432528809305,1.0,1.0,0.69,0.4252297410191967,Ackley,5,101
Matching-Adaptive-Filter,10,7.6264432528809305,1.0,1.0,0.67,0.44638380041009806,Ackley,5,101
Matching-Adaptive-Filter,11,7.6264432528809305,1.0,1.0,0.67,0.4458350345306694,Ackley,5,101
Matching-Adaptive-Filter,12,7.6264432528809305,1.0,1.0,0.67,0.4407830896961167,Ackley,5,101
Matching-Adaptive-Filter,13,6.751670341795997,0.8852973945941991,1.0,0.7,0.40385728402031285,Ackley,5,101
Matching-Adaptive-Filter,14,6.539465316242829,0.8574724939797475,1.0,0.66,0.4538468746395875,Ackley,5,101
Matching-Adaptive-Filter,15,6.539465316242829,0.8574724939797475,1.0,0.68,0.4303888888888745,Ackley,5,101
Matching-Adaptive-Filter,16,6.539465316242829,0.8574724939797475,1.0,0.67,0.4463044625625126,Ackley,5,101
Matching-Adaptive-Filter,17,6.539465316242829,0.8574724939797475,1.0,0.68,0.4319228479391683,Ackley,5,101
Matching-Adaptive-Filter,18,6.539465316242829,0.8574724939797475,1.0,0.68,0.43328782488263917,Ackley,5,101
Matching-Adaptive-Filter,19,6.539465316242829,0.8574724939797475,1.0,0.66,0.45514094403054645,Ackley,5,101
Matching-Adaptive-Filter,20,6.539465316242829,0.8574724939797475,1.0,0.66,0.4632267769176504,Ackley,5,101
Random-Adaptive-Filter,0,7.6264432528809305,1.0,0.0,1.0,0.0,Ackley,5,101
Random-Adaptive-Filter,1,7.6264432528809305,1.0,1.0,0.95,0.06906468531467948,Ackley,5,101
Random-Adaptive-Filter,2,7.6264432528809305,1.0,1.0,0.88,0.16837990440930511,Ackley,5,101
Random-Adaptive-Filter,3,7.6264432528809305,1.0,1.0,0.9,0.1398317731650978,Ackley,5,101
Random-Adaptive-Filter,4,7.6264432528809305,1.0,1.0,0.89,0.15586321573162784,Ackley,5,101
Random-Adaptive-Filter,5,7.6264432528809305,1.0,1.0,0.84,0.22022383498852927,Ackley,5,101
Random-Adaptive-Filter,6,7.394976816507366,0.9696494907654198,1.0,0.88,0.16341094771241008,Ackley,5,101
Random-Adaptive-Filter,7,7.394976816507366,0.9696494907654198,1.0,0.85,0.2040388404165397,Ackley,5,101
Random-Adaptive-Filter,8,6.891789981763569,0.9036702632200349,1.0,0.83,0.22767236390535944,Ackley,5,101
Random-Adaptive-Filter,9,6.816054518711381,0.8937396231377686,1.0,0.82,0.2431077694235485,Ackley,5,101
Random-Adaptive-Filter,10,6.816054518711381,0.8937396231377686,1.0,0.81,0.2540850991114045,Ackley,5,101
Random-Adaptive-Filter,11,6.816054518711381,0.8937396231377686,1.0,0.83,0.2325750026371053,Ackley,5,101
Random-Adaptive-Filter,12,6.816054518711381,0.8937396231377686,1.0,0.79,0.2914608690423798,Ackley,5,101
Random-Adaptive-Filter,13,6.816054518711381,0.8937396231377686,1.0,0.8,0.2681818181818084,Ackley,5,101
Random-Adaptive-Filter,14,6.816054518711381,0.8937396231377686,1.0,0.8,0.26878621775084366,Ackley,5,101
Random-Adaptive-Filter,15,6.816054518711381,0.8937396231377686,1.0,0.81,0.26546723646722753,Ackley,5,101
Random-Adaptive-Filter,16,6.816054518711381,0.8937396231377686,1.0,0.8,0.2711252510929842,Ackley,5,101
Random-Adaptive-Filter,17,6.703909808338608,0.8790349034336772,1.0,0.79,0.28125843147015883,Ackley,5,101
Random-Adaptive-Filter,18,6.703909808338608,0.8790349034336772,1.0,0.81,0.2596689389792758,Ackley,5,101
Random-Adaptive-Filter,19,6.3686875971628005,0.8350796545633502,1.0,0.8,0.2696440385572021,Ackley,5,101
Random-Adaptive-Filter,20,5.304171689585793,0.6954974309396603,1.0,0.83,0.23090106921522116,Ackley,5,101
Wrong-Adaptive-Filter,0,7.6264432528809305,1.0,0.0,1.0,0.0,Ackley,5,101
Wrong-Adaptive-Filter,1,7.6264432528809305,1.0,1.0,0.96,0.0655681818181762,Ackley,5,101
Wrong-Adaptive-Filter,2,7.6264432528809305,1.0,1.0,0.95,0.0682263814616704,Ackley,5,101
Wrong-Adaptive-Filter,3,7.6264432528809305,1.0,0.0,1.0,0.04330484330484,Ackley,5,101
Wrong-Adaptive-Filter,4,7.6264432528809305,1.0,0.0,1.0,0.0307692307692284,Ackley,5,101
Wrong-Adaptive-Filter,5,7.6264432528809305,1.0,0.0,1.0,0.028571428571426534,Ackley,5,101
Wrong-Adaptive-Filter,6,7.6264432528809305,1.0,0.0,1.0,0.026666666666664892,Ackley,5,101
Wrong-Adaptive-Filter,7,7.6264432528809305,1.0,0.0,1.0,0.02499999999999844,Ackley,5,101
Wrong-Adaptive-Filter,8,7.6264432528809305,1.0,0.0,1.0,0.0235294117647045,Ackley,5,101
Wrong-Adaptive-Filter,9,7.6264432528809305,1.0,0.0,1.0,0.02222222222222099,Ackley,5,101
Wrong-Adaptive-Filter,10,7.6264432528809305,1.0,0.0,1.0,0.021052631578946265,Ackley,5,101
Wrong-Adaptive-Filter,11,6.6875038592393,0.8768837107275477,0.0,1.0,0.019999999999999005,Ackley,5,101
Wrong-Adaptive-Filter,12,6.6875038592393,0.8768837107275477,0.0,1.0,0.04416126848191883,Ackley,5,101
Wrong-Adaptive-Filter,13,6.6875038592393,0.8768837107275477,1.0,0.95,0.07606225296442398,Ackley,5,101
Wrong-Adaptive-Filter,14,6.6875038592393,0.8768837107275477,1.0,0.92,0.11213780341163859,Ackley,5,101
Wrong-Adaptive-Filter,15,6.6875038592393,0.8768837107275477,1.0,0.93,0.10189316239315885,Ackley,5,101
Wrong-Adaptive-Filter,16,6.6875038592393,0.8768837107275477,1.0,0.95,0.07680881484107033,Ackley,5,101
Wrong-Adaptive-Filter,17,6.4088143450752035,0.8403411829825442,1.0,0.91,0.1206921850751213,Ackley,5,101
Wrong-Adaptive-Filter,18,4.790226543587043,0.6281075443362814,1.0,0.88,0.16013086530327414,Ackley,5,101
Wrong-Adaptive-Filter,19,4.790226543587043,0.6281075443362814,1.0,0.87,0.1832536203209446,Ackley,5,101
Wrong-Adaptive-Filter,20,4.790226543587043,0.6281075443362814,1.0,0.86,0.19876956822773026,Ackley,5,101
Oracle-Fixed-Filter,0,7.6264432528809305,1.0,0.0,1.0,0.0,Ackley,5,101
Oracle-Fixed-Filter,1,7.6264432528809305,1.0,0.0,1.0,0.0,Ackley,5,101
Oracle-Fixed-Filter,2,7.6264432528809305,1.0,0.0,1.0,0.0,Ackley,5,101
Oracle-Fixed-Filter,3,7.6264432528809305,1.0,0.0,1.0,0.0,Ackley,5,101
Oracle-Fixed-Filter,4,7.6264432528809305,1.0,0.0,1.0,0.0,Ackley,5,101
Oracle-Fixed-Filter,5,7.6264432528809305,1.0,0.0,1.0,0.0,Ackley,5,101
Oracle-Fixed-Filter,6,7.6264432528809305,1.0,0.0,1.0,0.0,Ackley,5,101
Oracle-Fixed-Filter,7,7.6264432528809305,1.0,0.0,1.0,0.0,Ackley,5,101
Oracle-Fixed-Filter,8,7.6264432528809305,1.0,0.0,1.0,0.0,Ackley,5,101
Oracle-Fixed-Filter,9,7.6264432528809305,1.0,0.0,1.0,0.0,Ackley,5,101
Oracle-Fixed-Filter,10,7.6264432528809305,1.0,0.0,1.0,0.0,Ackley,5,101
Oracle-Fixed-Filter,11,6.6875038592393,0.8768837107275477,0.0,1.0,0.0,Ackley,5,101
Oracle-Fixed-Filter,12,6.6875038592393,0.8768837107275477,0.0,1.0,0.0,Ackley,5,101
Oracle-Fixed-Filter,13,6.6875038592393,0.8768837107275477,0.0,1.0,0.0,Ackley,5,101
Oracle-Fixed-Filter,14,6.6875038592393,0.8768837107275477,0.0,1.0,0.0,Ackley,5,101
Oracle-Fixed-Filter,15,6.6875038592393,0.8768837107275477,0.0,1.0,0.0,Ackley,5,101
Oracle-Fixed-Filter,16,6.6875038592393,0.8768837107275477,0.0,1.0,0.0,Ackley,5,101
Oracle-Fixed-Filter,17,6.4088143450752035,0.8403411829825442,0.0,1.0,0.0,Ackley,5,101
Oracle-Fixed-Filter,18,4.790226543587043,0.6281075443362814,1.0,0.25,1.0,Ackley,5,101
Oracle-Fixed-Filter,19,4.790226543587043,0.6281075443362814,1.0,0.25,1.0,Ackley,5,101
Oracle-Fixed-Filter,20,4.790226543587043,0.6281075443362814,1.0,0.25,1.0,Ackley,5,101
Matching-Soft-Rerank,0,7.6264432528809305,1.0,0.0,1.0,,Ackley,5,101
Matching-Soft-Rerank,1,7.057716993717044,0.9254270647134171,0.0,1.0,,Ackley,5,101
Matching-Soft-Rerank,2,7.057716993717044,0.9254270647134171,0.0,1.0,,Ackley,5,101
Matching-Soft-Rerank,3,6.529611843128169,0.8561804797618565,0.0,1.0,,Ackley,5,101
Matching-Soft-Rerank,4,6.5260373169099815,0.8557117781535627,0.0,1.0,,Ackley,5,101
Matching-Soft-Rerank,5,5.860153692814894,0.7683993046956966,0.0,1.0,,Ackley,5,101
Matching-Soft-Rerank,6,5.860153692814894,0.7683993046956966,0.0,1.0,,Ackley,5,101
Matching-Soft-Rerank,7,5.701068071705603,0.7475395649934186,0.0,1.0,,Ackley,5,101
Matching-Soft-Rerank,8,5.701068071705603,0.7475395649934186,0.0,1.0,,Ackley,5,101
Matching-Soft-Rerank,9,5.389393984322673,0.7066720102174497,0.0,1.0,,Ackley,5,101
Matching-Soft-Rerank,10,4.9776864021354825,0.6526877912918495,0.0,1.0,,Ackley,5,101
Matching-Soft-Rerank,11,4.465853802647697,0.5855749075377564,0.0,1.0,,Ackley,5,101
Matching-Soft-Rerank,12,4.465853802647697,0.5855749075377564,0.0,1.0,,Ackley,5,101
Matching-Soft-Rerank,13,4.465853802647697,0.5855749075377564,0.0,1.0,,Ackley,5,101
Matching-Soft-Rerank,14,4.465853802647697,0.5855749075377564,0.0,1.0,,Ackley,5,101
Matching-Soft-Rerank,15,4.465853802647697,0.5855749075377564,0.0,1.0,,Ackley,5,101
Matching-Soft-Rerank,16,4.465853802647697,0.5855749075377564,0.0,1.0,,Ackley,5,101
Matching-Soft-Rerank,17,4.465853802647697,0.5855749075377564,0.0,1.0,,Ackley,5,101
Matching-Soft-Rerank,18,4.465853802647697,0.5855749075377564,0.0,1.0,,Ackley,5,101
Matching-Soft-Rerank,19,4.465853802647697,0.5855749075377564,0.0,1.0,,Ackley,5,101
Matching-Soft-Rerank,20,4.465853802647697,0.5855749075377564,0.0,1.0,,Ackley,5,101
Target-Only,0,8.683545502476353,1.0,0.0,1.0,0.0,Ackley,5,2026
Target-Only,1,5.871080663417615,0.6761156098903742,0.0,1.0,0.0,Ackley,5,2026
Target-Only,2,5.871080663417615,0.6761156098903742,0.0,1.0,0.0,Ackley,5,2026
Target-Only,3,5.871080663417615,0.6761156098903742,0.0,1.0,0.0,Ackley,5,2026
Target-Only,4,5.871080663417615,0.6761156098903742,0.0,1.0,0.0,Ackley,5,2026
Target-Only,5,5.871080663417615,0.6761156098903742,0.0,1.0,0.0,Ackley,5,2026
Target-Only,6,5.211171798161551,0.6001202845859956,0.0,1.0,0.0,Ackley,5,2026
Target-Only,7,5.211171798161551,0.6001202845859956,0.0,1.0,0.0,Ackley,5,2026
Target-Only,8,5.211171798161551,0.6001202845859956,0.0,1.0,0.0,Ackley,5,2026
Target-Only,9,5.211171798161551,0.6001202845859956,0.0,1.0,0.0,Ackley,5,2026
Target-Only,10,5.211171798161551,0.6001202845859956,0.0,1.0,0.0,Ackley,5,2026
Target-Only,11,5.211171798161551,0.6001202845859956,0.0,1.0,0.0,Ackley,5,2026
Target-Only,12,5.211171798161551,0.6001202845859956,0.0,1.0,0.0,Ackley,5,2026
Target-Only,13,5.211171798161551,0.6001202845859956,0.0,1.0,0.0,Ackley,5,2026
Target-Only,14,5.211171798161551,0.6001202845859956,0.0,1.0,0.0,Ackley,5,2026
Target-Only,15,4.352891786899171,0.5012804718600051,0.0,1.0,0.0,Ackley,5,2026
Target-Only,16,3.1085164256507416,0.3579777896901976,0.0,1.0,0.0,Ackley,5,2026
Target-Only,17,3.1085164256507416,0.3579777896901976,0.0,1.0,0.0,Ackley,5,2026
Target-Only,18,3.1085164256507416,0.3579777896901976,0.0,1.0,0.0,Ackley,5,2026
Target-Only,19,2.2804181007313145,0.26261371004286094,0.0,1.0,0.0,Ackley,5,2026
Target-Only,20,2.2804181007313145,0.26261371004286094,0.0,1.0,0.0,Ackley,5,2026
Matching-Fixed-Filter,0,8.683545502476353,1.0,0.0,1.0,0.0,Ackley,5,2026
Matching-Fixed-Filter,1,8.683545502476353,1.0,1.0,0.25,1.0,Ackley,5,2026
Matching-Fixed-Filter,2,8.683545502476353,1.0,1.0,0.25,1.0,Ackley,5,2026
Matching-Fixed-Filter,3,6.122804658159652,0.7051042291899737,1.0,0.25,1.0,Ackley,5,2026
Matching-Fixed-Filter,4,6.122804658159652,0.7051042291899737,1.0,0.25,1.0,Ackley,5,2026
Matching-Fixed-Filter,5,6.122804658159652,0.7051042291899737,1.0,0.25,1.0,Ackley,5,2026
Matching-Fixed-Filter,6,6.122804658159652,0.7051042291899737,1.0,0.25,1.0,Ackley,5,2026
Matching-Fixed-Filter,7,6.122804658159652,0.7051042291899737,1.0,0.25,1.0,Ackley,5,2026
Matching-Fixed-Filter,8,6.122804658159652,0.7051042291899737,1.0,0.25,1.0,Ackley,5,2026
Matching-Fixed-Filter,9,6.122804658159652,0.7051042291899737,1.0,0.25,1.0,Ackley,5,2026
Matching-Fixed-Filter,10,6.122804658159652,0.7051042291899737,1.0,0.25,1.0,Ackley,5,2026
Matching-Fixed-Filter,11,6.122804658159652,0.7051042291899737,1.0,0.25,1.0,Ackley,5,2026
Matching-Fixed-Filter,12,6.122804658159652,0.7051042291899737,1.0,0.25,1.0,Ackley,5,2026
Matching-Fixed-Filter,13,6.122804658159652,0.7051042291899737,1.0,0.25,1.0,Ackley,5,2026
Matching-Fixed-Filter,14,5.79457525434734,0.667305221432289,1.0,0.25,1.0,Ackley,5,2026
Matching-Fixed-Filter,15,4.934220751214703,0.5682265095297276,1.0,0.25,1.0,Ackley,5,2026
Matching-Fixed-Filter,16,4.149285841559184,0.4778331431989273,1.0,0.25,1.0,Ackley,5,2026
Matching-Fixed-Filter,17,3.9884833647650457,0.45931507627012713,1.0,0.25,1.0,Ackley,5,2026
Matching-Fixed-Filter,18,3.590811026706231,0.41351899701362904,1.0,0.25,1.0,Ackley,5,2026
Matching-Fixed-Filter,19,3.590811026706231,0.41351899701362904,1.0,0.25,1.0,Ackley,5,2026
Matching-Fixed-Filter,20,3.5299064551629127,0.4065052062151643,1.0,0.25,1.0,Ackley,5,2026
Matching-Adaptive-Filter,0,8.683545502476353,1.0,0.0,1.0,0.0,Ackley,5,2026
Matching-Adaptive-Filter,1,5.871080663417615,0.6761156098903742,1.0,0.9,0.13571678321677325,Ackley,5,2026
Matching-Adaptive-Filter,2,5.871080663417615,0.6761156098903742,1.0,0.95,0.074178762414051,Ackley,5,2026
Matching-Adaptive-Filter,3,5.871080663417615,0.6761156098903742,1.0,0.95,0.06901370234703091,Ackley,5,2026
Matching-Adaptive-Filter,4,5.871080663417615,0.6761156098903742,0.0,1.0,0.043175245806821735,Ackley,5,2026
Matching-Adaptive-Filter,5,5.871080663417615,0.6761156098903742,0.0,1.0,0.03915966386554365,Ackley,5,2026
Matching-Adaptive-Filter,6,5.211171798161551,0.6001202845859956,0.0,1.0,0.026666666666664892,Ackley,5,2026
Matching-Adaptive-Filter,7,5.211171798161551,0.6001202845859956,0.0,1.0,0.02499999999999844,Ackley,5,2026
Matching-Adaptive-Filter,8,5.211171798161551,0.6001202845859956,0.0,1.0,0.02867815318346858,Ackley,5,2026
Matching-Adaptive-Filter,9,5.211171798161551,0.6001202845859956,0.0,1.0,0.027234753550541585,Ackley,5,2026
Matching-Adaptive-Filter,10,5.211171798161551,0.6001202845859956,0.0,1.0,0.021052631578946265,Ackley,5,2026
Matching-Adaptive-Filter,11,5.211171798161551,0.6001202845859956,0.0,1.0,0.019999999999999005,Ackley,5,2026
Matching-Adaptive-Filter,12,5.211171798161551,0.6001202845859956,0.0,1.0,0.019047619047618144,Ackley,5,2026
Matching-Adaptive-Filter,13,5.211171798161551,0.6001202845859956,0.0,1.0,0.01818181818181736,Ackley,5,2026
Matching-Adaptive-Filter,14,5.211171798161551,0.6001202845859956,0.0,1.0,0.01739130434782533,Ackley,5,2026
Matching-Adaptive-Filter,15,4.352891786899171,0.5012804718600051,0.0,1.0,0.016666666666665976,Ackley,5,2026
Matching-Adaptive-Filter,16,3.1085164256507416,0.3579777896901976,0.0,1.0,0.015999999999999362,Ackley,5,2026
Matching-Adaptive-Filter,17,3.1085164256507416,0.3579777896901976,0.0,1.0,0.015384615384614796,Ackley,5,2026
Matching-Adaptive-Filter,18,3.1085164256507416,0.3579777896901976,0.0,1.0,0.014814814814814267,Ackley,5,2026
Matching-Adaptive-Filter,19,2.2804181007313145,0.26261371004286094,0.0,1.0,0.014285714285713777,Ackley,5,2026
Matching-Adaptive-Filter,20,2.2804181007313145,0.26261371004286094,0.0,1.0,0.013793103448275388,Ackley,5,2026
Random-Adaptive-Filter,0,8.683545502476353,1.0,0.0,1.0,0.0,Ackley,5,2026
Random-Adaptive-Filter,1,5.871080663417615,0.6761156098903742,0.0,1.0,0.0,Ackley,5,2026
Random-Adaptive-Filter,2,5.871080663417615,0.6761156098903742,0.0,1.0,0.0,Ackley,5,2026
Random-Adaptive-Filter,3,5.871080663417615,0.6761156098903742,0.0,1.0,0.0,Ackley,5,2026
Random-Adaptive-Filter,4,5.871080663417615,0.6761156098903742,0.0,1.0,0.0,Ackley,5,2026
Random-Adaptive-Filter,5,5.871080663417615,0.6761156098903742,0.0,1.0,0.0,Ackley,5,2026
Random-Adaptive-Filter,6,5.211171798161551,0.6001202845859956,0.0,1.0,0.0,Ackley,5,2026
Random-Adaptive-Filter,7,5.211171798161551,0.6001202845859956,0.0,1.0,0.0,Ackley,5,2026
Random-Adaptive-Filter,8,5.211171798161551,0.6001202845859956,0.0,1.0,0.0,Ackley,5,2026
Random-Adaptive-Filter,9,5.211171798161551,0.6001202845859956,0.0,1.0,0.0,Ackley,5,2026
Random-Adaptive-Filter,10,5.211171798161551,0.6001202845859956,0.0,1.0,0.0,Ackley,5,2026
Random-Adaptive-Filter,11,5.211171798161551,0.6001202845859956,0.0,1.0,0.0,Ackley,5,2026
Random-Adaptive-Filter,12,5.211171798161551,0.6001202845859956,0.0,1.0,0.0,Ackley,5,2026
Random-Adaptive-Filter,13,5.211171798161551,0.6001202845859956,0.0,1.0,0.0,Ackley,5,2026
Random-Adaptive-Filter,14,5.211171798161551,0.6001202845859956,0.0,1.0,0.0,Ackley,5,2026
Random-Adaptive-Filter,15,4.352891786899171,0.5012804718600051,0.0,1.0,0.0,Ackley,5,2026
Random-Adaptive-Filter,16,3.1085164256507416,0.3579777896901976,0.0,1.0,0.0,Ackley,5,2026
Random-Adaptive-Filter,17,3.1085164256507416,0.3579777896901976,0.0,1.0,0.0,Ackley,5,2026
Random-Adaptive-Filter,18,3.1085164256507416,0.3579777896901976,0.0,1.0,0.0,Ackley,5,2026
Random-Adaptive-Filter,19,2.2804181007313145,0.26261371004286094,0.0,1.0,0.0,Ackley,5,2026
Random-Adaptive-Filter,20,2.2804181007313145,0.26261371004286094,0.0,1.0,0.0,Ackley,5,2026
Wrong-Adaptive-Filter,0,8.683545502476353,1.0,0.0,1.0,0.0,Ackley,5,2026
Wrong-Adaptive-Filter,1,5.871080663417615,0.6761156098903742,1.0,0.8,0.27907342657340767,Ackley,5,2026
Wrong-Adaptive-Filter,2,5.871080663417615,0.6761156098903742,1.0,0.77,0.3166642181347866,Ackley,5,2026
Wrong-Adaptive-Filter,3,5.871080663417615,0.6761156098903742,1.0,0.77,0.31538461538459694,Ackley,5,2026
Wrong-Adaptive-Filter,4,5.871080663417615,0.6761156098903742,1.0,0.75,0.33678426836319725,Ackley,5,2026
Wrong-Adaptive-Filter,5,5.871080663417615,0.6761156098903742,1.0,0.71,0.3880099312452054,Ackley,5,2026
Wrong-Adaptive-Filter,6,5.871080663417615,0.6761156098903742,1.0,0.7,0.4066747304982401,Ackley,5,2026
Wrong-Adaptive-Filter,7,5.871080663417615,0.6761156098903742,1.0,0.72,0.3854582981517787,Ackley,5,2026
Wrong-Adaptive-Filter,8,5.871080663417615,0.6761156098903742,1.0,0.73,0.37248988429495594,Ackley,5,2026
Wrong-Adaptive-Filter,9,5.871080663417615,0.6761156098903742,1.0,0.73,0.36507936507934957,Ackley,5,2026
Wrong-Adaptive-Filter,10,5.00399846648126,0.5762621345226131,1.0,0.72,0.3832409432672435,Ackley,5,2026
Wrong-Adaptive-Filter,11,5.00399846648126,0.5762621345226131,1.0,0.71,0.3914868981949576,Ackley,5,2026
Wrong-Adaptive-Filter,12,5.00399846648126,0.5762621345226131,1.0,0.74,0.3528387524311305,Ackley,5,2026
Wrong-Adaptive-Filter,13,5.00399846648126,0.5762621345226131,1.0,0.73,0.36581380575944467,Ackley,5,2026
Wrong-Adaptive-Filter,14,5.00399846648126,0.5762621345226131,1.0,0.73,0.3700819054556303,Ackley,5,2026
Wrong-Adaptive-Filter,15,3.0494352032296637,0.35117397638557113,1.0,0.72,0.37929059829058553,Ackley,5,2026
Wrong-Adaptive-Filter,16,2.1895195611980403,0.25214580387396346,1.0,0.71,0.3918369766434155,Ackley,5,2026
Wrong-Adaptive-Filter,17,2.1895195611980403,0.25214580387396346,1.0,0.71,0.38902505428517514,Ackley,5,2026
Wrong-Adaptive-Filter,18,2.1895195611980403,0.25214580387396346,1.0,0.7,0.40973797913451826,Ackley,5,2026
Wrong-Adaptive-Filter,19,2.1895195611980403,0.25214580387396346,1.0,0.7,0.40962611221721446,Ackley,5,2026
Wrong-Adaptive-Filter,20,2.1895195611980403,0.25214580387396346,1.0,0.68,0.42934050305326676,Ackley,5,2026
Oracle-Fixed-Filter,0,8.683545502476353,1.0,0.0,1.0,0.0,Ackley,5,2026
Oracle-Fixed-Filter,1,5.871080663417615,0.6761156098903742,0.0,1.0,0.0,Ackley,5,2026
Oracle-Fixed-Filter,2,5.871080663417615,0.6761156098903742,1.0,0.25,1.0,Ackley,5,2026
Oracle-Fixed-Filter,3,5.871080663417615,0.6761156098903742,1.0,0.25,1.0,Ackley,5,2026
Oracle-Fixed-Filter,4,5.502204316178002,0.6336356865532514,1.0,0.25,1.0,Ackley,5,2026
Oracle-Fixed-Filter,5,5.502204316178002,0.6336356865532514,1.0,0.25,1.0,Ackley,5,2026
Oracle-Fixed-Filter,6,5.502204316178002,0.6336356865532514,1.0,0.25,1.0,Ackley,5,2026
Oracle-Fixed-Filter,7,5.502204316178002,0.6336356865532514,1.0,0.25,1.0,Ackley,5,2026
Oracle-Fixed-Filter,8,5.502204316178002,0.6336356865532514,1.0,0.25,1.0,Ackley,5,2026
Oracle-Fixed-Filter,9,5.502204316178002,0.6336356865532514,1.0,0.25,1.0,Ackley,5,2026
Oracle-Fixed-Filter,10,4.813004188512927,0.5542671696878154,1.0,0.25,1.0,Ackley,5,2026
Oracle-Fixed-Filter,11,4.813004188512927,0.5542671696878154,1.0,0.25,1.0,Ackley,5,2026
Oracle-Fixed-Filter,12,4.813004188512927,0.5542671696878154,1.0,0.25,1.0,Ackley,5,2026
Oracle-Fixed-Filter,13,4.813004188512927,0.5542671696878154,1.0,0.25,1.0,Ackley,5,2026
Oracle-Fixed-Filter,14,4.813004188512927,0.5542671696878154,1.0,0.25,1.0,Ackley,5,2026
Oracle-Fixed-Filter,15,4.813004188512927,0.5542671696878154,1.0,0.25,1.0,Ackley,5,2026
Oracle-Fixed-Filter,16,4.813004188512927,0.5542671696878154,0.0,1.0,1.0,Ackley,5,2026
Oracle-Fixed-Filter,17,3.4156946308661635,0.39335253438725964,1.0,0.25,1.0,Ackley,5,2026
Oracle-Fixed-Filter,18,3.4156946308661635,0.39335253438725964,1.0,0.25,1.0,Ackley,5,2026
Oracle-Fixed-Filter,19,2.800867774359745,0.32254886826596346,1.0,0.25,1.0,Ackley,5,2026
Oracle-Fixed-Filter,20,2.800867774359745,0.32254886826596346,1.0,0.25,1.0,Ackley,5,2026
Matching-Soft-Rerank,0,8.683545502476353,1.0,0.0,1.0,,Ackley,5,2026
Matching-Soft-Rerank,1,7.997663839664703,0.9210136386553106,0.0,1.0,,Ackley,5,2026
Matching-Soft-Rerank,2,7.911834317689401,0.9111294822412255,0.0,1.0,,Ackley,5,2026
Matching-Soft-Rerank,3,7.911834317689401,0.9111294822412255,0.0,1.0,,Ackley,5,2026
Matching-Soft-Rerank,4,6.744668863517093,0.7767183187551289,0.0,1.0,,Ackley,5,2026
Matching-Soft-Rerank,5,6.744668863517093,0.7767183187551289,0.0,1.0,,Ackley,5,2026
Matching-Soft-Rerank,6,6.744668863517093,0.7767183187551289,0.0,1.0,,Ackley,5,2026
Matching-Soft-Rerank,7,6.744668863517093,0.7767183187551289,0.0,1.0,,Ackley,5,2026
Matching-Soft-Rerank,8,6.715410943467521,0.7733489669113194,0.0,1.0,,Ackley,5,2026
Matching-Soft-Rerank,9,6.715410943467521,0.7733489669113194,0.0,1.0,,Ackley,5,2026
Matching-Soft-Rerank,10,6.487832113903313,0.7471409128970566,0.0,1.0,,Ackley,5,2026
Matching-Soft-Rerank,11,6.487832113903313,0.7471409128970566,0.0,1.0,,Ackley,5,2026
Matching-Soft-Rerank,12,6.487832113903313,0.7471409128970566,0.0,1.0,,Ackley,5,2026
Matching-Soft-Rerank,13,6.487832113903313,0.7471409128970566,0.0,1.0,,Ackley,5,2026
Matching-Soft-Rerank,14,6.487832113903313,0.7471409128970566,0.0,1.0,,Ackley,5,2026
Matching-Soft-Rerank,15,6.487832113903313,0.7471409128970566,0.0,1.0,,Ackley,5,2026
Matching-Soft-Rerank,16,6.487832113903313,0.7471409128970566,0.0,1.0,,Ackley,5,2026
Matching-Soft-Rerank,17,6.487832113903313,0.7471409128970566,0.0,1.0,,Ackley,5,2026
Matching-Soft-Rerank,18,6.487832113903313,0.7471409128970566,0.0,1.0,,Ackley,5,2026
Matching-Soft-Rerank,19,6.487832113903313,0.7471409128970566,0.0,1.0,,Ackley,5,2026
Matching-Soft-Rerank,20,6.222902675715201,0.7166315503201507,0.0,1.0,,Ackley,5,2026
Target-Only,0,6.521725263247674,1.0,0.0,1.0,0.0,Ackley,5,777
Target-Only,1,6.521725263247674,1.0,0.0,1.0,0.0,Ackley,5,777
Target-Only,2,6.069891455310799,0.9307186688033111,0.0,1.0,0.0,Ackley,5,777
Target-Only,3,6.069891455310799,0.9307186688033111,0.0,1.0,0.0,Ackley,5,777
Target-Only,4,6.069891455310799,0.9307186688033111,0.0,1.0,0.0,Ackley,5,777
Target-Only,5,6.069891455310799,0.9307186688033111,0.0,1.0,0.0,Ackley,5,777
Target-Only,6,6.069891455310799,0.9307186688033111,0.0,1.0,0.0,Ackley,5,777
Target-Only,7,6.069891455310799,0.9307186688033111,0.0,1.0,0.0,Ackley,5,777
Target-Only,8,6.069891455310799,0.9307186688033111,0.0,1.0,0.0,Ackley,5,777
Target-Only,9,6.069891455310799,0.9307186688033111,0.0,1.0,0.0,Ackley,5,777
Target-Only,10,6.069891455310799,0.9307186688033111,0.0,1.0,0.0,Ackley,5,777
Target-Only,11,6.069891455310799,0.9307186688033111,0.0,1.0,0.0,Ackley,5,777
Target-Only,12,6.069891455310799,0.9307186688033111,0.0,1.0,0.0,Ackley,5,777
Target-Only,13,6.069891455310799,0.9307186688033111,0.0,1.0,0.0,Ackley,5,777
Target-Only,14,6.069891455310799,0.9307186688033111,0.0,1.0,0.0,Ackley,5,777
Target-Only,15,3.1709281378695136,0.4862100149693306,0.0,1.0,0.0,Ackley,5,777
Target-Only,16,3.1709281378695136,0.4862100149693306,0.0,1.0,0.0,Ackley,5,777
Target-Only,17,2.5106807498366384,0.38497186687474394,0.0,1.0,0.0,Ackley,5,777
Target-Only,18,2.5106807498366384,0.38497186687474394,0.0,1.0,0.0,Ackley,5,777
Target-Only,19,2.5106807498366384,0.38497186687474394,0.0,1.0,0.0,Ackley,5,777
Target-Only,20,2.5106807498366384,0.38497186687474394,0.0,1.0,0.0,Ackley,5,777
Matching-Fixed-Filter,0,6.521725263247674,1.0,0.0,1.0,0.0,Ackley,5,777
Matching-Fixed-Filter,1,6.521725263247674,1.0,1.0,0.25,1.0,Ackley,5,777
Matching-Fixed-Filter,2,6.521725263247674,1.0,1.0,0.25,1.0,Ackley,5,777
Matching-Fixed-Filter,3,6.494389556361348,0.9958085160317358,1.0,0.25,1.0,Ackley,5,777
Matching-Fixed-Filter,4,6.107876767837407,0.9365430957752152,1.0,0.25,1.0,Ackley,5,777
Matching-Fixed-Filter,5,6.107876767837407,0.9365430957752152,1.0,0.25,1.0,Ackley,5,777
Matching-Fixed-Filter,6,6.107876767837407,0.9365430957752152,1.0,0.25,1.0,Ackley,5,777
Matching-Fixed-Filter,7,6.107876767837407,0.9365430957752152,1.0,0.25,1.0,Ackley,5,777
Matching-Fixed-Filter,8,6.107876767837407,0.9365430957752152,1.0,0.25,1.0,Ackley,5,777
Matching-Fixed-Filter,9,6.107876767837407,0.9365430957752152,1.0,0.25,1.0,Ackley,5,777
Matching-Fixed-Filter,10,3.206015621972917,0.491590107304887,1.0,0.25,1.0,Ackley,5,777
Matching-Fixed-Filter,11,3.206015621972917,0.491590107304887,1.0,0.25,1.0,Ackley,5,777
Matching-Fixed-Filter,12,3.206015621972917,0.491590107304887,1.0,0.25,1.0,Ackley,5,777
Matching-Fixed-Filter,13,3.206015621972917,0.491590107304887,1.0,0.25,1.0,Ackley,5,777
Matching-Fixed-Filter,14,3.206015621972917,0.491590107304887,1.0,0.25,1.0,Ackley,5,777
Matching-Fixed-Filter,15,3.206015621972917,0.491590107304887,1.0,0.25,1.0,Ackley,5,777
Matching-Fixed-Filter,16,3.206015621972917,0.491590107304887,1.0,0.25,1.0,Ackley,5,777
Matching-Fixed-Filter,17,3.206015621972917,0.491590107304887,1.0,0.25,1.0,Ackley,5,777
Matching-Fixed-Filter,18,2.780600692210378,0.42635967937504016,1.0,0.25,1.0,Ackley,5,777
Matching-Fixed-Filter,19,2.780600692210378,0.42635967937504016,1.0,0.25,1.0,Ackley,5,777
Matching-Fixed-Filter,20,2.780600692210378,0.42635967937504016,1.0,0.25,1.0,Ackley,5,777
Matching-Adaptive-Filter,0,6.521725263247674,1.0,0.0,1.0,0.0,Ackley,5,777
Matching-Adaptive-Filter,1,6.521725263247674,1.0,1.0,0.77,0.3173164335664122,Ackley,5,777
Matching-Adaptive-Filter,2,6.069891455310799,0.9307186688033111,1.0,0.75,0.34138949286005993,Ackley,5,777
Matching-Adaptive-Filter,3,6.069891455310799,0.9307186688033111,1.0,0.75,0.3379053045719515,Ackley,5,777
Matching-Adaptive-Filter,4,4.400433065969608,0.6747345048046827,1.0,0.71,0.3977805089646978,Ackley,5,777
Matching-Adaptive-Filter,5,4.400433065969608,0.6747345048046827,1.0,0.72,0.3853628724216761,Ackley,5,777
Matching-Adaptive-Filter,6,3.97818227756941,0.6099892462486779,1.0,0.7,0.4022263602410465,Ackley,5,777
Matching-Adaptive-Filter,7,3.97818227756941,0.6099892462486779,1.0,0.72,0.37568955811988114,Ackley,5,777
Matching-Adaptive-Filter,8,3.397671858648963,0.5209774594149336,1.0,0.75,0.343968888382657,Ackley,5,777
Matching-Adaptive-Filter,9,3.397671858648963,0.5209774594149336,1.0,0.75,0.34252297410190685,Ackley,5,777
Matching-Adaptive-Filter,10,3.397671858648963,0.5209774594149336,1.0,0.72,0.37849419002049045,Ackley,5,777
Matching-Adaptive-Filter,11,3.397671858648963,0.5209774594149336,1.0,0.72,0.37415392061353336,Ackley,5,777
Matching-Adaptive-Filter,12,3.397671858648963,0.5209774594149336,1.0,0.73,0.36999302026474545,Ackley,5,777
Matching-Adaptive-Filter,13,3.397671858648963,0.5209774594149336,1.0,0.73,0.3718308865047861,Ackley,5,777
Matching-Adaptive-Filter,14,3.397671858648963,0.5209774594149336,1.0,0.73,0.3673684361156397,Ackley,5,777
Matching-Adaptive-Filter,15,3.397671858648963,0.5209774594149336,1.0,0.71,0.395273504273491,Ackley,5,777
Matching-Adaptive-Filter,16,3.397671858648963,0.5209774594149336,1.0,0.72,0.3823249832604546,Ackley,5,777
Matching-Adaptive-Filter,17,3.397671858648963,0.5209774594149336,1.0,0.7,0.4059051376353123,Ackley,5,777
Matching-Adaptive-Filter,18,3.397671858648963,0.5209774594149336,1.0,0.69,0.4227322485943045,Ackley,5,777
Matching-Adaptive-Filter,19,3.397671858648963,0.5209774594149336,1.0,0.69,0.4174680031448867,Ackley,5,777
Matching-Adaptive-Filter,20,3.397671858648963,0.5209774594149336,1.0,0.7,0.4070947821842746,Ackley,5,777
Random-Adaptive-Filter,0,6.521725263247674,1.0,0.0,1.0,0.0,Ackley,5,777
Random-Adaptive-Filter,1,6.521725263247674,1.0,0.0,1.0,0.039999999999996004,Ackley,5,777
Random-Adaptive-Filter,2,6.069891455310799,0.9307186688033111,1.0,0.95,0.06822638146167043,Ackley,5,777
Random-Adaptive-Filter,3,6.069891455310799,0.9307186688033111,1.0,0.96,0.0632478632478588,Ackley,5,777
Random-Adaptive-Filter,4,6.069891455310799,0.9307186688033111,1.0,0.92,0.11140832851358506,Ackley,5,777
Random-Adaptive-Filter,5,6.069891455310799,0.9307186688033111,1.0,0.92,0.10747517188693065,Ackley,5,777
Random-Adaptive-Filter,6,6.069891455310799,0.9307186688033111,1.0,0.89,0.15158311051692636,Ackley,5,777
Random-Adaptive-Filter,7,6.069891455310799,0.9307186688033111,1.0,0.84,0.2144643024673883,Ackley,5,777
Random-Adaptive-Filter,8,6.069891455310799,0.9307186688033111,1.0,0.85,0.20650531585044046,Ackley,5,777
Random-Adaptive-Filter,9,3.8792801479586143,0.594824220796265,1.0,0.86,0.19298245614034248,Ackley,5,777
Random-Adaptive-Filter,10,3.8792801479586143,0.594824220796265,1.0,0.87,0.185864319890628,Ackley,5,777
Random-Adaptive-Filter,11,3.8792801479586143,0.594824220796265,1.0,0.86,0.19935108369890192,Ackley,5,777
Random-Adaptive-Filter,12,3.8792801479586143,0.594824220796265,1.0,0.85,0.20395733996276694,Ackley,5,777
Random-Adaptive-Filter,13,3.048070758577094,0.46737184342218396,1.0,0.83,0.23041007905137495,Ackley,5,777
Random-Adaptive-Filter,14,3.048070758577094,0.46737184342218396,1.0,0.83,0.23359781082308703,Ackley,5,777
Random-Adaptive-Filter,15,3.048070758577094,0.46737184342218396,1.0,0.85,0.2126296296296224,Ackley,5,777
Random-Adaptive-Filter,16,3.048070758577094,0.46737184342218396,1.0,0.87,0.17815683957618855,Ackley,5,777
Random-Adaptive-Filter,17,3.048070758577094,0.46737184342218396,1.0,0.88,0.1648547146429732,Ackley,5,777
Random-Adaptive-Filter,18,3.048070758577094,0.46737184342218396,1.0,0.89,0.15081407258130924,Ackley,5,777
Random-Adaptive-Filter,19,3.048070758577094,0.46737184342218396,1.0,0.89,0.15165652467883256,Ackley,5,777
Random-Adaptive-Filter,20,3.048070758577094,0.46737184342218396,1.0,0.89,0.15937901523233972,Ackley,5,777
Wrong-Adaptive-Filter,0,6.521725263247674,1.0,0.0,1.0,0.0,Ackley,5,777
Wrong-Adaptive-Filter,1,6.521725263247674,1.0,1.0,0.77,0.30966783216781135,Ackley,5,777
Wrong-Adaptive-Filter,2,6.521725263247674,1.0,1.0,0.75,0.3419483702571725,Ackley,5,777
Wrong-Adaptive-Filter,3,6.521725263247674,1.0,1.0,0.73,0.369787003120315,Ackley,5,777
Wrong-Adaptive-Filter,4,4.6924189687489815,0.719505771761422,1.0,0.74,0.3481564488143244,Ackley,5,777
Wrong-Adaptive-Filter,5,4.6924189687489815,0.719505771761422,1.0,0.72,0.38219174942702383,Ackley,5,777
Wrong-Adaptive-Filter,6,4.6924189687489815,0.719505771761422,1.0,0.75,0.34610447967063923,Ackley,5,777
Wrong-Adaptive-Filter,7,3.907817315457422,0.5991999291168263,1.0,0.73,0.3723238577727568,Ackley,5,777
Wrong-Adaptive-Filter,8,3.907817315457422,0.5991999291168263,1.0,0.69,0.4149853369734731,Ackley,5,777
Wrong-Adaptive-Filter,9,3.907817315457422,0.5991999291168263,1.0,0.68,0.4317460317460135,Ackley,5,777
Wrong-Adaptive-Filter,10,3.907817315457422,0.5991999291168263,1.0,0.67,0.4449487354750332,Ackley,5,777
Wrong-Adaptive-Filter,11,3.669129267460175,0.5626010172702415,1.0,0.66,0.45873145488050543,Ackley,5,777
Wrong-Adaptive-Filter,12,3.669129267460175,0.5626010172702415,1.0,0.67,0.44838858303530543,Ackley,5,777
Wrong-Adaptive-Filter,13,3.669129267460175,0.5626010172702415,1.0,0.67,0.4408138057594419,Ackley,5,777
Wrong-Adaptive-Filter,14,3.669129267460175,0.5626010172702415,1.0,0.67,0.45286422328992293,Ackley,5,777
Wrong-Adaptive-Filter,15,3.669129267460175,0.5626010172702415,1.0,0.67,0.4455256410256261,Ackley,5,777
Wrong-Adaptive-Filter,16,3.669129267460175,0.5626010172702415,1.0,0.69,0.4224112410886467,Ackley,5,777
Wrong-Adaptive-Filter,17,3.124850426940775,0.47914475093737213,1.0,0.69,0.4141645313302775,Ackley,5,777
Wrong-Adaptive-Filter,18,3.124850426940775,0.47914475093737213,1.0,0.67,0.4512527781924196,Ackley,5,777
Wrong-Adaptive-Filter,19,3.124850426940775,0.47914475093737213,1.0,0.67,0.44872485145336005,Ackley,5,777
Wrong-Adaptive-Filter,20,3.124850426940775,0.47914475093737213,1.0,0.68,0.432609100814952,Ackley,5,777
Oracle-Fixed-Filter,0,6.521725263247674,1.0,0.0,1.0,0.0,Ackley,5,777
Oracle-Fixed-Filter,1,6.521725263247674,1.0,0.0,1.0,0.0,Ackley,5,777
Oracle-Fixed-Filter,2,6.069891455310799,0.9307186688033111,0.0,1.0,0.0,Ackley,5,777
Oracle-Fixed-Filter,3,6.069891455310799,0.9307186688033111,1.0,0.25,1.0,Ackley,5,777
Oracle-Fixed-Filter,4,6.069891455310799,0.9307186688033111,1.0,0.25,1.0,Ackley,5,777
Oracle-Fixed-Filter,5,5.136408580852159,0.7875843237061386,1.0,0.25,1.0,Ackley,5,777
Oracle-Fixed-Filter,6,5.136408580852159,0.7875843237061386,1.0,0.25,1.0,Ackley,5,777
Oracle-Fixed-Filter,7,5.136408580852159,0.7875843237061386,1.0,0.25,1.0,Ackley,5,777
Oracle-Fixed-Filter,8,5.136408580852159,0.7875843237061386,1.0,0.25,1.0,Ackley,5,777
Oracle-Fixed-Filter,9,3.8792801479586143,0.594824220796265,1.0,0.25,1.0,Ackley,5,777
Oracle-Fixed-Filter,10,3.8792801479586143,0.594824220796265,1.0,0.25,1.0,Ackley,5,777
Oracle-Fixed-Filter,11,3.8792801479586143,0.594824220796265,1.0,0.25,1.0,Ackley,5,777
Oracle-Fixed-Filter,12,3.8792801479586143,0.594824220796265,1.0,0.25,1.0,Ackley,5,777
Oracle-Fixed-Filter,13,3.6512443282565283,0.5598586540945899,1.0,0.25,1.0,Ackley,5,777
Oracle-Fixed-Filter,14,3.6512443282565283,0.5598586540945899,1.0,0.25,1.0,Ackley,5,777
Oracle-Fixed-Filter,15,3.6512443282565283,0.5598586540945899,1.0,0.25,1.0,Ackley,5,777
Oracle-Fixed-Filter,16,3.6512443282565283,0.5598586540945899,1.0,0.25,1.0,Ackley,5,777
Oracle-Fixed-Filter,17,3.6512443282565283,0.5598586540945899,1.0,0.25,1.0,Ackley,5,777
Oracle-Fixed-Filter,18,3.2576157841859303,0.4995021490009393,1.0,0.25,1.0,Ackley,5,777
Oracle-Fixed-Filter,19,3.2576157841859303,0.4995021490009393,1.0,0.25,1.0,Ackley,5,777
Oracle-Fixed-Filter,20,3.2576157841859303,0.4995021490009393,1.0,0.25,1.0,Ackley,5,777
Matching-Soft-Rerank,0,6.521725263247674,1.0,0.0,1.0,,Ackley,5,777
Matching-Soft-Rerank,1,6.521725263247674,1.0,0.0,1.0,,Ackley,5,777
Matching-Soft-Rerank,2,5.57854170581869,0.8553782136846255,0.0,1.0,,Ackley,5,777
Matching-Soft-Rerank,3,5.57854170581869,0.8553782136846255,0.0,1.0,,Ackley,5,777
Matching-Soft-Rerank,4,5.57854170581869,0.8553782136846255,0.0,1.0,,Ackley,5,777
Matching-Soft-Rerank,5,5.57854170581869,0.8553782136846255,0.0,1.0,,Ackley,5,777
Matching-Soft-Rerank,6,5.471963937613587,0.8390362544785689,0.0,1.0,,Ackley,5,777
Matching-Soft-Rerank,7,5.317829253832375,0.8154022193790197,0.0,1.0,,Ackley,5,777
Matching-Soft-Rerank,8,5.317829253832375,0.8154022193790197,0.0,1.0,,Ackley,5,777
Matching-Soft-Rerank,9,5.317829253832375,0.8154022193790197,0.0,1.0,,Ackley,5,777
Matching-Soft-Rerank,10,5.317829253832375,0.8154022193790197,0.0,1.0,,Ackley,5,777
Matching-Soft-Rerank,11,5.317829253832375,0.8154022193790197,0.0,1.0,,Ackley,5,777
Matching-Soft-Rerank,12,5.317829253832375,0.8154022193790197,0.0,1.0,,Ackley,5,777
Matching-Soft-Rerank,13,4.959126163613238,0.760400961929467,0.0,1.0,,Ackley,5,777
Matching-Soft-Rerank,14,3.8619318444289417,0.5921641419322508,0.0,1.0,,Ackley,5,777
Matching-Soft-Rerank,15,3.8619318444289417,0.5921641419322508,0.0,1.0,,Ackley,5,777
Matching-Soft-Rerank,16,3.8619318444289417,0.5921641419322508,0.0,1.0,,Ackley,5,777
Matching-Soft-Rerank,17,3.8619318444289417,0.5921641419322508,0.0,1.0,,Ackley,5,777
Matching-Soft-Rerank,18,3.8619318444289417,0.5921641419322508,0.0,1.0,,Ackley,5,777
Matching-Soft-Rerank,19,3.8619318444289417,0.5921641419322508,0.0,1.0,,Ackley,5,777
Matching-Soft-Rerank,20,3.8619318444289417,0.5921641419322508,0.0,1.0,,Ackley,5,777
Target-Only,0,8.829574776802133,1.0,0.0,1.0,0.0,Ackley,5,999
Target-Only,1,8.829574776802133,1.0,0.0,1.0,0.0,Ackley,5,999
Target-Only,2,8.058732201203176,0.9126976558798522,0.0,1.0,0.0,Ackley,5,999
Target-Only,3,8.058732201203176,0.9126976558798522,0.0,1.0,0.0,Ackley,5,999
Target-Only,4,8.058732201203176,0.9126976558798522,0.0,1.0,0.0,Ackley,5,999
Target-Only,5,8.058732201203176,0.9126976558798522,0.0,1.0,0.0,Ackley,5,999
Target-Only,6,8.058732201203176,0.9126976558798522,0.0,1.0,0.0,Ackley,5,999
Target-Only,7,8.016484579952019,0.9079128703925426,0.0,1.0,0.0,Ackley,5,999
Target-Only,8,8.016484579952019,0.9079128703925426,0.0,1.0,0.0,Ackley,5,999
Target-Only,9,8.016484579952019,0.9079128703925426,0.0,1.0,0.0,Ackley,5,999
Target-Only,10,7.313589522870778,0.8283059725691105,0.0,1.0,0.0,Ackley,5,999
Target-Only,11,7.18236525494096,0.8134440713737571,0.0,1.0,0.0,Ackley,5,999
Target-Only,12,7.18236525494096,0.8134440713737571,0.0,1.0,0.0,Ackley,5,999
Target-Only,13,7.18236525494096,0.8134440713737571,0.0,1.0,0.0,Ackley,5,999
Target-Only,14,7.18236525494096,0.8134440713737571,0.0,1.0,0.0,Ackley,5,999
Target-Only,15,7.18236525494096,0.8134440713737571,0.0,1.0,0.0,Ackley,5,999
Target-Only,16,7.18236525494096,0.8134440713737571,0.0,1.0,0.0,Ackley,5,999
Target-Only,17,7.091912879140949,0.8031998208762524,0.0,1.0,0.0,Ackley,5,999
Target-Only,18,5.900916977553127,0.6683127021084363,0.0,1.0,0.0,Ackley,5,999
Target-Only,19,5.900916977553127,0.6683127021084363,0.0,1.0,0.0,Ackley,5,999
Target-Only,20,5.900916977553127,0.6683127021084363,0.0,1.0,0.0,Ackley,5,999
Matching-Fixed-Filter,0,8.829574776802133,1.0,0.0,1.0,0.0,Ackley,5,999
Matching-Fixed-Filter,1,8.829574776802133,1.0,1.0,0.25,1.0,Ackley,5,999
Matching-Fixed-Filter,2,8.829574776802133,1.0,1.0,0.25,1.0,Ackley,5,999
Matching-Fixed-Filter,3,8.829574776802133,1.0,1.0,0.25,1.0,Ackley,5,999
Matching-Fixed-Filter,4,8.829574776802133,1.0,1.0,0.25,1.0,Ackley,5,999
Matching-Fixed-Filter,5,8.829574776802133,1.0,1.0,0.25,1.0,Ackley,5,999
Matching-Fixed-Filter,6,8.829574776802133,1.0,1.0,0.25,1.0,Ackley,5,999
Matching-Fixed-Filter,7,8.572773264216357,0.970915755392834,1.0,0.25,1.0,Ackley,5,999
Matching-Fixed-Filter,8,8.413084186201285,0.9528300511486589,1.0,0.25,1.0,Ackley,5,999
Matching-Fixed-Filter,9,8.413084186201285,0.9528300511486589,1.0,0.25,1.0,Ackley,5,999
Matching-Fixed-Filter,10,8.413084186201285,0.9528300511486589,1.0,0.25,1.0,Ackley,5,999
Matching-Fixed-Filter,11,8.413084186201285,0.9528300511486589,1.0,0.25,1.0,Ackley,5,999
Matching-Fixed-Filter,12,8.413084186201285,0.9528300511486589,1.0,0.25,1.0,Ackley,5,999
Matching-Fixed-Filter,13,8.054000288122781,0.9121617395758387,1.0,0.25,1.0,Ackley,5,999
Matching-Fixed-Filter,14,8.054000288122781,0.9121617395758387,1.0,0.25,1.0,Ackley,5,999
Matching-Fixed-Filter,15,8.054000288122781,0.9121617395758387,1.0,0.25,1.0,Ackley,5,999
Matching-Fixed-Filter,16,8.054000288122781,0.9121617395758387,1.0,0.25,1.0,Ackley,5,999
Matching-Fixed-Filter,17,5.827425465610322,0.65998936674965,1.0,0.25,1.0,Ackley,5,999
Matching-Fixed-Filter,18,5.827425465610322,0.65998936674965,1.0,0.25,1.0,Ackley,5,999
Matching-Fixed-Filter,19,5.827425465610322,0.65998936674965,1.0,0.25,1.0,Ackley,5,999
Matching-Fixed-Filter,20,5.827425465610322,0.65998936674965,1.0,0.25,1.0,Ackley,5,999
Matching-Adaptive-Filter,0,8.829574776802133,1.0,0.0,1.0,0.0,Ackley,5,999
Matching-Adaptive-Filter,1,8.829574776802133,1.0,1.0,0.82,0.24847902097900396,Ackley,5,999
Matching-Adaptive-Filter,2,8.058732201203176,0.9126976558798522,1.0,0.82,0.252534720181763,Ackley,5,999
Matching-Adaptive-Filter,3,8.058732201203176,0.9126976558798522,1.0,0.78,0.29354226020890967,Ackley,5,999
Matching-Adaptive-Filter,4,8.058732201203176,0.9126976558798522,1.0,0.8,0.27578802776169675,Ackley,5,999
Matching-Adaptive-Filter,5,8.058732201203176,0.9126976558798522,1.0,0.79,0.2884965622612531,Ackley,5,999
Matching-Adaptive-Filter,6,8.058732201203176,0.9126976558798522,1.0,0.77,0.31467277820217454,Ackley,5,999
Matching-Adaptive-Filter,7,8.016484579952019,0.9079128703925426,1.0,0.76,0.3316070925977892,Ackley,5,999
Matching-Adaptive-Filter,8,8.016484579952019,0.9079128703925426,1.0,0.76,0.33195515840554074,Ackley,5,999
Matching-Adaptive-Filter,9,7.101730359506178,0.8043117068518966,1.0,0.76,0.3224728487886245,Ackley,5,999
Matching-Adaptive-Filter,10,7.101730359506178,0.8043117068518966,1.0,0.74,0.35641626794256925,Ackley,5,999
Matching-Adaptive-Filter,11,7.101730359506178,0.8043117068518966,1.0,0.71,0.3953352237824133,Ackley,5,999
Matching-Adaptive-Filter,12,5.989063592057878,0.6782958119107723,1.0,0.7,0.41110614425830283,Ackley,5,999
Matching-Adaptive-Filter,13,5.989063592057878,0.6782958119107723,1.0,0.68,0.43355448898925586,Ackley,5,999
Matching-Adaptive-Filter,14,5.989063592057878,0.6782958119107723,1.0,0.66,0.4603363328233913,Ackley,5,999
Matching-Adaptive-Filter,15,4.696212451783758,0.5318730030037321,1.0,0.65,0.47838461538459937,Ackley,5,999
Matching-Adaptive-Filter,16,4.696212451783758,0.5318730030037321,1.0,0.64,0.49171290716450405,Ackley,5,999
Matching-Adaptive-Filter,17,3.636237448320579,0.4118247526340718,1.0,0.66,0.46574062994206716,Ackley,5,999
Matching-Adaptive-Filter,18,3.636237448320579,0.4118247526340718,1.0,0.64,0.4818776848949116,Ackley,5,999
Matching-Adaptive-Filter,19,3.636237448320579,0.4118247526340718,1.0,0.64,0.48967604839487183,Ackley,5,999
Matching-Adaptive-Filter,20,3.636237448320579,0.4118247526340718,1.0,0.63,0.4990302660552398,Ackley,5,999
Random-Adaptive-Filter,0,8.829574776802133,1.0,0.0,1.0,0.0,Ackley,5,999
Random-Adaptive-Filter,1,8.829574776802133,1.0,0.0,1.0,0.039999999999996004,Ackley,5,999
Random-Adaptive-Filter,2,8.058732201203176,0.9126976558798522,0.0,1.0,0.03636363636363306,Ackley,5,999
Random-Adaptive-Filter,3,8.058732201203176,0.9126976558798522,0.0,1.0,0.03333333333333056,Ackley,5,999
Random-Adaptive-Filter,4,8.058732201203176,0.9126976558798522,0.0,1.0,0.04317524580682172,Ackley,5,999
Random-Adaptive-Filter,5,8.058732201203176,0.9126976558798522,0.0,1.0,0.0314805194805173,Ackley,5,999
Random-Adaptive-Filter,6,8.058732201203176,0.9126976558798522,0.0,1.0,0.031649531024529,Ackley,5,999
Random-Adaptive-Filter,7,8.016484579952019,0.9079128703925426,0.0,1.0,0.02499999999999844,Ackley,5,999
Random-Adaptive-Filter,8,8.016484579952019,0.9079128703925426,1.0,0.96,0.05441941548079382,Ackley,5,999
Random-Adaptive-Filter,9,8.016484579952019,0.9079128703925426,0.0,1.0,0.03893065998328964,Ackley,5,999
Random-Adaptive-Filter,10,7.313589522870778,0.8283059725691105,1.0,0.95,0.07569548872180124,Ackley,5,999
Random-Adaptive-Filter,11,7.18236525494096,0.8134440713737571,0.0,1.0,0.03554160125588539,Ackley,5,999
Random-Adaptive-Filter,12,7.18236525494096,0.8134440713737571,0.0,1.0,0.048606601731599725,Ackley,5,999
Random-Adaptive-Filter,13,7.18236525494096,0.8134440713737571,0.0,1.0,0.044385234330884746,Ackley,5,999
Random-Adaptive-Filter,14,7.18236525494096,0.8134440713737571,0.0,1.0,0.017391304347825372,Ackley,5,999
Random-Adaptive-Filter,15,7.18236525494096,0.8134440713737571,0.0,1.0,0.016666666666665976,Ackley,5,999
Random-Adaptive-Filter,16,7.18236525494096,0.8134440713737571,0.0,1.0,0.015999999999999362,Ackley,5,999
Random-Adaptive-Filter,17,7.091912879140949,0.8031998208762524,0.0,1.0,0.015384615384614796,Ackley,5,999
Random-Adaptive-Filter,18,5.900916977553127,0.6683127021084363,0.0,1.0,0.014814814814814267,Ackley,5,999
Random-Adaptive-Filter,19,5.900916977553127,0.6683127021084363,0.0,1.0,0.014285714285713777,Ackley,5,999
Random-Adaptive-Filter,20,5.900916977553127,0.6683127021084363,0.0,1.0,0.013793103448275388,Ackley,5,999
Wrong-Adaptive-Filter,0,8.829574776802133,1.0,0.0,1.0,0.0,Ackley,5,999
Wrong-Adaptive-Filter,1,8.829574776802133,1.0,1.0,0.93,0.10424825174824373,Ackley,5,999
Wrong-Adaptive-Filter,2,8.829574776802133,1.0,1.0,0.96,0.06323688566335134,Ackley,5,999
Wrong-Adaptive-Filter,3,8.296546496398792,0.939631489185214,0.0,1.0,0.039709673043003234,Ackley,5,999
Wrong-Adaptive-Filter,4,8.296546496398792,0.939631489185214,1.0,0.95,0.07419028340080507,Ackley,5,999
Wrong-Adaptive-Filter,5,8.296546496398792,0.939631489185214,1.0,0.96,0.06638961038960647,Ackley,5,999
Wrong-Adaptive-Filter,6,7.330859484733466,0.8302618948302891,1.0,0.95,0.07151244588744199,Ackley,5,999
Wrong-Adaptive-Filter,7,6.976805828749265,0.7901632870338635,1.0,0.93,0.09494089501828969,Ackley,5,999
Wrong-Adaptive-Filter,8,6.976805828749265,0.7901632870338635,1.0,0.92,0.10754239852368302,Ackley,5,999
Wrong-Adaptive-Filter,9,6.976805828749265,0.7901632870338635,1.0,0.89,0.15438596491227397,Ackley,5,999
Wrong-Adaptive-Filter,10,6.976805828749265,0.7901632870338635,1.0,0.91,0.13077990430621458,Ackley,5,999
Wrong-Adaptive-Filter,11,6.976805828749265,0.7901632870338635,1.0,0.91,0.12199986349054176,Ackley,5,999
Wrong-Adaptive-Filter,12,6.976805828749265,0.7901632870338635,1.0,0.9,0.1424801195181575,Ackley,5,999
Wrong-Adaptive-Filter,13,6.5842167776023075,0.7457003246522091,1.0,0.88,0.16534796725013506,Ackley,5,999
Wrong-Adaptive-Filter,14,6.201218195521552,0.7023235379141881,1.0,0.85,0.2101032621415462,Ackley,5,999
Wrong-Adaptive-Filter,15,6.201218195521552,0.7023235379141881,1.0,0.84,0.22142022792022042,Ackley,5,999
Wrong-Adaptive-Filter,16,4.650658800582551,0.5267137906574151,1.0,0.83,0.23522879987395345,Ackley,5,999
Wrong-Adaptive-Filter,17,4.650658800582551,0.5267137906574151,1.0,0.81,0.2655686642679904,Ackley,5,999
Wrong-Adaptive-Filter,18,4.650658800582551,0.5267137906574151,1.0,0.79,0.29140564097459754,Ackley,5,999
Wrong-Adaptive-Filter,19,4.650658800582551,0.5267137906574151,1.0,0.79,0.28192804745182365,Ackley,5,999
Wrong-Adaptive-Filter,20,4.650658800582551,0.5267137906574151,1.0,0.79,0.28459544051212554,Ackley,5,999
Oracle-Fixed-Filter,0,8.829574776802133,1.0,0.0,1.0,0.0,Ackley,5,999
Oracle-Fixed-Filter,1,8.829574776802133,1.0,0.0,1.0,0.0,Ackley,5,999
Oracle-Fixed-Filter,2,8.058732201203176,0.9126976558798522,0.0,1.0,0.0,Ackley,5,999
Oracle-Fixed-Filter,3,8.058732201203176,0.9126976558798522,0.0,1.0,0.0,Ackley,5,999
Oracle-Fixed-Filter,4,8.058732201203176,0.9126976558798522,0.0,1.0,0.0,Ackley,5,999
Oracle-Fixed-Filter,5,8.058732201203176,0.9126976558798522,0.0,1.0,0.0,Ackley,5,999
Oracle-Fixed-Filter,6,8.058732201203176,0.9126976558798522,0.0,1.0,0.0,Ackley,5,999
Oracle-Fixed-Filter,7,8.016484579952019,0.9079128703925426,0.0,1.0,0.0,Ackley,5,999
Oracle-Fixed-Filter,8,8.016484579952019,0.9079128703925426,0.0,1.0,0.0,Ackley,5,999
Oracle-Fixed-Filter,9,8.016484579952019,0.9079128703925426,0.0,1.0,0.0,Ackley,5,999
Oracle-Fixed-Filter,10,7.313589522870778,0.8283059725691105,0.0,1.0,0.0,Ackley,5,999
Oracle-Fixed-Filter,11,7.18236525494096,0.8134440713737571,0.0,1.0,0.0,Ackley,5,999
Oracle-Fixed-Filter,12,7.18236525494096,0.8134440713737571,0.0,1.0,0.0,Ackley,5,999
Oracle-Fixed-Filter,13,7.18236525494096,0.8134440713737571,0.0,1.0,0.0,Ackley,5,999
Oracle-Fixed-Filter,14,7.18236525494096,0.8134440713737571,0.0,1.0,0.0,Ackley,5,999
Oracle-Fixed-Filter,15,7.18236525494096,0.8134440713737571,0.0,1.0,0.0,Ackley,5,999
Oracle-Fixed-Filter,16,7.18236525494096,0.8134440713737571,0.0,1.0,0.0,Ackley,5,999
Oracle-Fixed-Filter,17,7.091912879140949,0.8031998208762524,0.0,1.0,0.0,Ackley,5,999
Oracle-Fixed-Filter,18,5.900916977553127,0.6683127021084363,0.0,1.0,0.0,Ackley,5,999
Oracle-Fixed-Filter,19,5.900916977553127,0.6683127021084363,0.0,1.0,0.0,Ackley,5,999
Oracle-Fixed-Filter,20,5.900916977553127,0.6683127021084363,0.0,1.0,0.0,Ackley,5,999
Matching-Soft-Rerank,0,8.829574776802133,1.0,0.0,1.0,,Ackley,5,999
Matching-Soft-Rerank,1,8.15235303664738,0.9233007526099658,0.0,1.0,,Ackley,5,999
Matching-Soft-Rerank,2,8.15235303664738,0.9233007526099658,0.0,1.0,,Ackley,5,999
Matching-Soft-Rerank,3,8.15235303664738,0.9233007526099658,0.0,1.0,,Ackley,5,999
Matching-Soft-Rerank,4,8.15235303664738,0.9233007526099658,0.0,1.0,,Ackley,5,999
Matching-Soft-Rerank,5,8.15235303664738,0.9233007526099658,0.0,1.0,,Ackley,5,999
Matching-Soft-Rerank,6,8.15235303664738,0.9233007526099658,0.0,1.0,,Ackley,5,999
Matching-Soft-Rerank,7,8.15235303664738,0.9233007526099658,0.0,1.0,,Ackley,5,999
Matching-Soft-Rerank,8,5.003360917601373,0.5666593289120402,0.0,1.0,,Ackley,5,999
Matching-Soft-Rerank,9,4.709320716725433,0.5333575892123583,0.0,1.0,,Ackley,5,999
Matching-Soft-Rerank,10,4.709320716725433,0.5333575892123583,0.0,1.0,,Ackley,5,999
Matching-Soft-Rerank,11,4.709320716725433,0.5333575892123583,0.0,1.0,,Ackley,5,999
Matching-Soft-Rerank,12,4.709320716725433,0.5333575892123583,0.0,1.0,,Ackley,5,999
Matching-Soft-Rerank,13,4.709320716725433,0.5333575892123583,0.0,1.0,,Ackley,5,999
Matching-Soft-Rerank,14,4.709320716725433,0.5333575892123583,0.0,1.0,,Ackley,5,999
Matching-Soft-Rerank,15,4.709320716725433,0.5333575892123583,0.0,1.0,,Ackley,5,999
Matching-Soft-Rerank,16,4.709320716725433,0.5333575892123583,0.0,1.0,,Ackley,5,999
Matching-Soft-Rerank,17,4.709320716725433,0.5333575892123583,0.0,1.0,,Ackley,5,999
Matching-Soft-Rerank,18,4.709320716725433,0.5333575892123583,0.0,1.0,,Ackley,5,999
Matching-Soft-Rerank,19,4.709320716725433,0.5333575892123583,0.0,1.0,,Ackley,5,999
Matching-Soft-Rerank,20,3.916048336695479,0.4435149410574198,0.0,1.0,,Ackley,5,999
Target-Only,0,10.100374091973595,1.0,0.0,1.0,0.0,Ackley,5,1234
Target-Only,1,10.100374091973595,1.0,0.0,1.0,0.0,Ackley,5,1234
Target-Only,2,10.100374091973595,1.0,0.0,1.0,0.0,Ackley,5,1234
Target-Only,3,10.100374091973595,1.0,0.0,1.0,0.0,Ackley,5,1234
Target-Only,4,9.910800127999293,0.9812309957781712,0.0,1.0,0.0,Ackley,5,1234
Target-Only,5,9.910800127999293,0.9812309957781712,0.0,1.0,0.0,Ackley,5,1234
Target-Only,6,9.910800127999293,0.9812309957781712,0.0,1.0,0.0,Ackley,5,1234
Target-Only,7,9.910800127999293,0.9812309957781712,0.0,1.0,0.0,Ackley,5,1234
Target-Only,8,9.910800127999293,0.9812309957781712,0.0,1.0,0.0,Ackley,5,1234
Target-Only,9,9.910800127999293,0.9812309957781712,0.0,1.0,0.0,Ackley,5,1234
Target-Only,10,9.910800127999293,0.9812309957781712,0.0,1.0,0.0,Ackley,5,1234
Target-Only,11,9.910800127999293,0.9812309957781712,0.0,1.0,0.0,Ackley,5,1234
Target-Only,12,9.52108969159421,0.9426472331515203,0.0,1.0,0.0,Ackley,5,1234
Target-Only,13,9.52108969159421,0.9426472331515203,0.0,1.0,0.0,Ackley,5,1234
Target-Only,14,9.400160921270258,0.9306745310295218,0.0,1.0,0.0,Ackley,5,1234
Target-Only,15,7.7443236562776825,0.7667363194430411,0.0,1.0,0.0,Ackley,5,1234
Target-Only,16,7.7443236562776825,0.7667363194430411,0.0,1.0,0.0,Ackley,5,1234
Target-Only,17,7.7443236562776825,0.7667363194430411,0.0,1.0,0.0,Ackley,5,1234
Target-Only,18,7.7443236562776825,0.7667363194430411,0.0,1.0,0.0,Ackley,5,1234
Target-Only,19,7.7443236562776825,0.7667363194430411,0.0,1.0,0.0,Ackley,5,1234
Target-Only,20,7.7443236562776825,0.7667363194430411,0.0,1.0,0.0,Ackley,5,1234
Matching-Fixed-Filter,0,10.100374091973595,1.0,0.0,1.0,0.0,Ackley,5,1234
Matching-Fixed-Filter,1,10.100374091973595,1.0,1.0,0.25,1.0,Ackley,5,1234
Matching-Fixed-Filter,2,7.7649357784292015,0.7687770480303019,1.0,0.25,1.0,Ackley,5,1234
Matching-Fixed-Filter,3,7.7649357784292015,0.7687770480303019,1.0,0.25,1.0,Ackley,5,1234
Matching-Fixed-Filter,4,7.7649357784292015,0.7687770480303019,1.0,0.25,1.0,Ackley,5,1234
Matching-Fixed-Filter,5,7.7649357784292015,0.7687770480303019,1.0,0.25,1.0,Ackley,5,1234
Matching-Fixed-Filter,6,7.7649357784292015,0.7687770480303019,1.0,0.25,1.0,Ackley,5,1234
Matching-Fixed-Filter,7,7.7649357784292015,0.7687770480303019,1.0,0.25,1.0,Ackley,5,1234
Matching-Fixed-Filter,8,7.7649357784292015,0.7687770480303019,1.0,0.25,1.0,Ackley,5,1234
Matching-Fixed-Filter,9,7.7649357784292015,0.7687770480303019,1.0,0.25,1.0,Ackley,5,1234
Matching-Fixed-Filter,10,7.7649357784292015,0.7687770480303019,1.0,0.25,1.0,Ackley,5,1234
Matching-Fixed-Filter,11,6.429985625460311,0.6366086609178159,1.0,0.25,1.0,Ackley,5,1234
Matching-Fixed-Filter,12,6.170771506432345,0.6109448472147221,1.0,0.25,1.0,Ackley,5,1234
Matching-Fixed-Filter,13,6.170771506432345,0.6109448472147221,1.0,0.25,1.0,Ackley,5,1234
Matching-Fixed-Filter,14,6.0209997338071055,0.5961165080600112,1.0,0.25,1.0,Ackley,5,1234
Matching-Fixed-Filter,15,5.658780293915029,0.5602545254647409,1.0,0.25,1.0,Ackley,5,1234
Matching-Fixed-Filter,16,5.172990205525821,0.5121582783390776,1.0,0.25,1.0,Ackley,5,1234
Matching-Fixed-Filter,17,5.172990205525821,0.5121582783390776,1.0,0.25,1.0,Ackley,5,1234
Matching-Fixed-Filter,18,5.172990205525821,0.5121582783390776,1.0,0.25,1.0,Ackley,5,1234
Matching-Fixed-Filter,19,3.952898985873397,0.39136164164598847,1.0,0.25,1.0,Ackley,5,1234
Matching-Fixed-Filter,20,2.716486533995202,0.26894910121733967,1.0,0.25,1.0,Ackley,5,1234
Matching-Adaptive-Filter,0,10.100374091973595,1.0,0.0,1.0,0.0,Ackley,5,1234
Matching-Adaptive-Filter,1,10.100374091973595,1.0,1.0,0.76,0.3328321678321456,Ackley,5,1234
Matching-Adaptive-Filter,2,10.100374091973595,1.0,1.0,0.77,0.31236826898589654,Ackley,5,1234
Matching-Adaptive-Filter,3,10.100374091973595,1.0,1.0,0.74,0.35662732329396923,Ackley,5,1234
Matching-Adaptive-Filter,4,7.268289794073919,0.719605999529242,1.0,0.75,0.3378181029496633,Ackley,5,1234
Matching-Adaptive-Filter,5,7.268289794073919,0.719605999529242,1.0,0.74,0.3598013750954741,Ackley,5,1234
Matching-Adaptive-Filter,6,7.268289794073919,0.719605999529242,1.0,0.73,0.3649669489007546,Ackley,5,1234
Matching-Adaptive-Filter,7,7.268289794073919,0.719605999529242,1.0,0.74,0.35204756543764193,Ackley,5,1234
Matching-Adaptive-Filter,8,6.444352255984917,0.6380310469001353,1.0,0.74,0.35647402245529625,Ackley,5,1234
Matching-Adaptive-Filter,9,6.444352255984917,0.6380310469001353,1.0,0.72,0.383458646616525,Ackley,5,1234
Matching-Adaptive-Filter,10,6.444352255984917,0.6380310469001353,1.0,0.71,0.3905266575529575,Ackley,5,1234
Matching-Adaptive-Filter,11,6.444352255984917,0.6380310469001353,1.0,0.71,0.39591600945636674,Ackley,5,1234
Matching-Adaptive-Filter,12,6.444352255984917,0.6380310469001353,1.0,0.69,0.4264413022565036,Ackley,5,1234
Matching-Adaptive-Filter,13,5.715930950190554,0.5659127967084704,1.0,0.7,0.4024597684923626,Ackley,5,1234
Matching-Adaptive-Filter,14,5.715930950190554,0.5659127967084704,1.0,0.68,0.43787221985725067,Ackley,5,1234
Matching-Adaptive-Filter,15,4.671975308210804,0.46255468021956286,1.0,0.69,0.42576638176636744,Ackley,5,1234
Matching-Adaptive-Filter,16,4.15101280390946,0.4109761446566737,1.0,0.68,0.4395101815746834,Ackley,5,1234
Matching-Adaptive-Filter,17,4.15101280390946,0.4109761446566737,1.0,0.67,0.4423992304663672,Ackley,5,1234
Matching-Adaptive-Filter,18,4.15101280390946,0.4109761446566737,1.0,0.66,0.4641356089631809,Ackley,5,1234
Matching-Adaptive-Filter,19,2.026052609415651,0.20059183857612578,1.0,0.66,0.45821667191161347,Ackley,5,1234
Matching-Adaptive-Filter,20,2.026052609415651,0.20059183857612578,1.0,0.65,0.47466785657531946,Ackley,5,1234
Random-Adaptive-Filter,0,10.100374091973595,1.0,0.0,1.0,0.0,Ackley,5,1234
Random-Adaptive-Filter,1,10.100374091973595,1.0,0.0,1.0,0.039999999999996004,Ackley,5,1234
Random-Adaptive-Filter,2,10.100374091973595,1.0,0.0,1.0,0.03636363636363306,Ackley,5,1234
Random-Adaptive-Filter,3,10.100374091973595,1.0,0.0,1.0,0.03333333333333056,Ackley,5,1234
Random-Adaptive-Filter,4,9.910800127999293,0.9812309957781712,0.0,1.0,0.0307692307692284,Ackley,5,1234
Random-Adaptive-Filter,5,9.910800127999293,0.9812309957781712,0.0,1.0,0.028571428571426534,Ackley,5,1234
Random-Adaptive-Filter,6,9.910800127999293,0.9812309957781712,0.0,1.0,0.026666666666664892,Ackley,5,1234
Random-Adaptive-Filter,7,9.910800127999293,0.9812309957781712,0.0,1.0,0.02499999999999844,Ackley,5,1234
Random-Adaptive-Filter,8,9.910800127999293,0.9812309957781712,0.0,1.0,0.0235294117647045,Ackley,5,1234
Random-Adaptive-Filter,9,9.910800127999293,0.9812309957781712,0.0,1.0,0.02222222222222099,Ackley,5,1234
Random-Adaptive-Filter,10,9.910800127999293,0.9812309957781712,0.0,1.0,0.021052631578946265,Ackley,5,1234
Random-Adaptive-Filter,11,9.910800127999293,0.9812309957781712,0.0,1.0,0.019999999999999005,Ackley,5,1234
Random-Adaptive-Filter,12,9.52108969159421,0.9426472331515203,1.0,0.96,0.06297943200116855,Ackley,5,1234
Random-Adaptive-Filter,13,9.52108969159421,0.9426472331515203,1.0,0.96,0.057894551101070585,Ackley,5,1234
Random-Adaptive-Filter,14,9.400160921270258,0.9306745310295218,1.0,0.94,0.08932349930803503,Ackley,5,1234
Random-Adaptive-Filter,15,7.7443236562776825,0.7667363194430411,1.0,0.93,0.09361965811965489,Ackley,5,1234
Random-Adaptive-Filter,16,7.7443236562776825,0.7667363194430411,0.0,1.0,0.0426109338689969,Ackley,5,1234
Random-Adaptive-Filter,17,7.7443236562776825,0.7667363194430411,1.0,0.96,0.056349095550545604,Ackley,5,1234
Random-Adaptive-Filter,18,7.7443236562776825,0.7667363194430411,0.0,1.0,0.021353415103414354,Ackley,5,1234
Random-Adaptive-Filter,19,7.7443236562776825,0.7667363194430411,0.0,1.0,0.014285714285713777,Ackley,5,1234
Random-Adaptive-Filter,20,7.7443236562776825,0.7667363194430411,0.0,1.0,0.032772695285009555,Ackley,5,1234
Wrong-Adaptive-Filter,0,10.100374091973595,1.0,0.0,1.0,0.0,Ackley,5,1234
Wrong-Adaptive-Filter,1,10.100374091973595,1.0,1.0,0.91,0.12697552447551505,Ackley,5,1234
Wrong-Adaptive-Filter,2,10.100374091973595,1.0,1.0,0.85,0.2055014838102941,Ackley,5,1234
Wrong-Adaptive-Filter,3,10.100374091973595,1.0,1.0,0.88,0.16750780084112393,Ackley,5,1234
Wrong-Adaptive-Filter,4,10.100374091973595,1.0,1.0,0.88,0.16826923076922118,Ackley,5,1234
Wrong-Adaptive-Filter,5,9.988243801646657,0.9888984022467006,1.0,0.84,0.2262345301756947,Ackley,5,1234
Wrong-Adaptive-Filter,6,8.065704242090995,0.7985550008984835,1.0,0.8,0.27230981028773804,Ackley,5,1234
Wrong-Adaptive-Filter,7,8.065704242090995,0.7985550008984835,1.0,0.8,0.27447227694904425,Ackley,5,1234
Wrong-Adaptive-Filter,8,8.065704242090995,0.7985550008984835,1.0,0.77,0.3142206046297978,Ackley,5,1234
Wrong-Adaptive-Filter,9,6.453738592560541,0.638960352734766,1.0,0.78,0.29908103592312846,Ackley,5,1234
Wrong-Adaptive-Filter,10,6.453738592560541,0.638960352734766,1.0,0.75,0.3350006835269857,Ackley,5,1234
Wrong-Adaptive-Filter,11,6.453738592560541,0.638960352734766,1.0,0.75,0.3401444518214572,Ackley,5,1234
Wrong-Adaptive-Filter,12,4.485307566001531,0.4440734100696175,1.0,0.71,0.3936849080870672,Ackley,5,1234
Wrong-Adaptive-Filter,13,4.485307566001531,0.4440734100696175,1.0,0.69,0.41794889892714465,Ackley,5,1234
Wrong-Adaptive-Filter,14,4.430222890643037,0.4386196838158278,1.0,0.68,0.42893586083088175,Ackley,5,1234
Wrong-Adaptive-Filter,15,4.430222890643037,0.4386196838158278,1.0,0.67,0.4460584045583896,Ackley,5,1234
Wrong-Adaptive-Filter,16,4.430222890643037,0.4386196838158278,1.0,0.66,0.4628372129662302,Ackley,5,1234
Wrong-Adaptive-Filter,17,4.430222890643037,0.4386196838158278,1.0,0.66,0.4654861623554762,Ackley,5,1234
Wrong-Adaptive-Filter,18,4.118364318367139,0.4077437410600321,1.0,0.64,0.4868483687449056,Ackley,5,1234
Wrong-Adaptive-Filter,19,4.118364318367139,0.4077437410600321,1.0,0.62,0.5179354797165283,Ackley,5,1234
Wrong-Adaptive-Filter,20,4.118364318367139,0.4077437410600321,1.0,0.63,0.5031056445937518,Ackley,5,1234
Oracle-Fixed-Filter,0,10.100374091973595,1.0,0.0,1.0,0.0,Ackley,5,1234
Oracle-Fixed-Filter,1,10.100374091973595,1.0,0.0,1.0,0.0,Ackley,5,1234
Oracle-Fixed-Filter,2,10.100374091973595,1.0,0.0,1.0,0.0,Ackley,5,1234
Oracle-Fixed-Filter,3,10.100374091973595,1.0,0.0,1.0,0.0,Ackley,5,1234
Oracle-Fixed-Filter,4,9.910800127999293,0.9812309957781712,0.0,1.0,0.0,Ackley,5,1234
Oracle-Fixed-Filter,5,9.910800127999293,0.9812309957781712,0.0,1.0,0.0,Ackley,5,1234
Oracle-Fixed-Filter,6,9.910800127999293,0.9812309957781712,0.0,1.0,0.0,Ackley,5,1234
Oracle-Fixed-Filter,7,9.910800127999293,0.9812309957781712,0.0,1.0,0.0,Ackley,5,1234
Oracle-Fixed-Filter,8,9.910800127999293,0.9812309957781712,0.0,1.0,0.0,Ackley,5,1234
Oracle-Fixed-Filter,9,9.910800127999293,0.9812309957781712,0.0,1.0,0.0,Ackley,5,1234
Oracle-Fixed-Filter,10,9.910800127999293,0.9812309957781712,0.0,1.0,0.0,Ackley,5,1234
Oracle-Fixed-Filter,11,9.910800127999293,0.9812309957781712,0.0,1.0,0.0,Ackley,5,1234
Oracle-Fixed-Filter,12,9.52108969159421,0.9426472331515203,0.0,1.0,0.0,Ackley,5,1234
Oracle-Fixed-Filter,13,9.52108969159421,0.9426472331515203,0.0,1.0,0.0,Ackley,5,1234
Oracle-Fixed-Filter,14,9.400160921270258,0.9306745310295218,0.0,1.0,0.0,Ackley,5,1234
Oracle-Fixed-Filter,15,7.7443236562776825,0.7667363194430411,0.0,1.0,0.0,Ackley,5,1234
Oracle-Fixed-Filter,16,7.7443236562776825,0.7667363194430411,0.0,1.0,0.0,Ackley,5,1234
Oracle-Fixed-Filter,17,7.7443236562776825,0.7667363194430411,0.0,1.0,0.0,Ackley,5,1234
Oracle-Fixed-Filter,18,7.7443236562776825,0.7667363194430411,0.0,1.0,0.0,Ackley,5,1234
Oracle-Fixed-Filter,19,7.7443236562776825,0.7667363194430411,0.0,1.0,0.0,Ackley,5,1234
Oracle-Fixed-Filter,20,7.7443236562776825,0.7667363194430411,0.0,1.0,0.0,Ackley,5,1234
Matching-Soft-Rerank,0,10.100374091973595,1.0,0.0,1.0,,Ackley,5,1234
Matching-Soft-Rerank,1,10.100374091973595,1.0,0.0,1.0,,Ackley,5,1234
Matching-Soft-Rerank,2,7.46775476370842,0.7393542749711396,0.0,1.0,,Ackley,5,1234
Matching-Soft-Rerank,3,7.46775476370842,0.7393542749711396,0.0,1.0,,Ackley,5,1234
Matching-Soft-Rerank,4,7.46775476370842,0.7393542749711396,0.0,1.0,,Ackley,5,1234
Matching-Soft-Rerank,5,6.981462600837492,0.6912083193418954,0.0,1.0,,Ackley,5,1234
Matching-Soft-Rerank,6,6.327216085794355,0.6264338358340971,0.0,1.0,,Ackley,5,1234
Matching-Soft-Rerank,7,6.327216085794355,0.6264338358340971,0.0,1.0,,Ackley,5,1234
Matching-Soft-Rerank,8,5.4705490635530865,0.5416184602410257,0.0,1.0,,Ackley,5,1234
Matching-Soft-Rerank,9,5.4705490635530865,0.5416184602410257,0.0,1.0,,Ackley,5,1234
Matching-Soft-Rerank,10,5.4705490635530865,0.5416184602410257,0.0,1.0,,Ackley,5,1234
Matching-Soft-Rerank,11,5.330638706026736,0.5277664626563489,0.0,1.0,,Ackley,5,1234
Matching-Soft-Rerank,12,5.252903162815365,0.5200701592814921,0.0,1.0,,Ackley,5,1234
Matching-Soft-Rerank,13,3.991549761078748,0.39518830933704613,0.0,1.0,,Ackley,5,1234
Matching-Soft-Rerank,14,3.991549761078748,0.39518830933704613,0.0,1.0,,Ackley,5,1234
Matching-Soft-Rerank,15,3.991549761078748,0.39518830933704613,0.0,1.0,,Ackley,5,1234
Matching-Soft-Rerank,16,3.991549761078748,0.39518830933704613,0.0,1.0,,Ackley,5,1234
Matching-Soft-Rerank,17,3.991549761078748,0.39518830933704613,0.0,1.0,,Ackley,5,1234
Matching-Soft-Rerank,18,3.991549761078748,0.39518830933704613,0.0,1.0,,Ackley,5,1234
Matching-Soft-Rerank,19,3.991549761078748,0.39518830933704613,0.0,1.0,,Ackley,5,1234
Matching-Soft-Rerank,20,2.716486533995202,0.26894910121733967,0.0,1.0,,Ackley,5,1234
Target-Only,0,6.562282196693278,1.0,0.0,1.0,0.0,Ackley,5,5678
Target-Only,1,6.562282196693278,1.0,0.0,1.0,0.0,Ackley,5,5678
Target-Only,2,6.562282196693278,1.0,0.0,1.0,0.0,Ackley,5,5678
Target-Only,3,6.562282196693278,1.0,0.0,1.0,0.0,Ackley,5,5678
Target-Only,4,6.562282196693278,1.0,0.0,1.0,0.0,Ackley,5,5678
Target-Only,5,6.085036297338814,0.9272744016411016,0.0,1.0,0.0,Ackley,5,5678
Target-Only,6,6.085036297338814,0.9272744016411016,0.0,1.0,0.0,Ackley,5,5678
Target-Only,7,6.085036297338814,0.9272744016411016,0.0,1.0,0.0,Ackley,5,5678
Target-Only,8,6.085036297338814,0.9272744016411016,0.0,1.0,0.0,Ackley,5,5678
Target-Only,9,5.977582048877352,0.9108998774678486,0.0,1.0,0.0,Ackley,5,5678
Target-Only,10,5.828001997809363,0.888105970320216,0.0,1.0,0.0,Ackley,5,5678
Target-Only,11,5.828001997809363,0.888105970320216,0.0,1.0,0.0,Ackley,5,5678
Target-Only,12,5.036949443175857,0.7675606278733283,0.0,1.0,0.0,Ackley,5,5678
Target-Only,13,5.036949443175857,0.7675606278733283,0.0,1.0,0.0,Ackley,5,5678
Target-Only,14,5.036949443175857,0.7675606278733283,0.0,1.0,0.0,Ackley,5,5678
Target-Only,15,5.036949443175857,0.7675606278733283,0.0,1.0,0.0,Ackley,5,5678
Target-Only,16,4.469275769694782,0.6810551018282698,0.0,1.0,0.0,Ackley,5,5678
Target-Only,17,4.469275769694782,0.6810551018282698,0.0,1.0,0.0,Ackley,5,5678
Target-Only,18,4.469275769694782,0.6810551018282698,0.0,1.0,0.0,Ackley,5,5678
Target-Only,19,1.8905479378680998,0.2880930568363462,0.0,1.0,0.0,Ackley,5,5678
Target-Only,20,1.8905479378680998,0.2880930568363462,0.0,1.0,0.0,Ackley,5,5678
Matching-Fixed-Filter,0,6.562282196693278,1.0,0.0,1.0,0.0,Ackley,5,5678
Matching-Fixed-Filter,1,6.562282196693278,1.0,1.0,0.25,1.0,Ackley,5,5678
Matching-Fixed-Filter,2,6.1872993816389545,0.9428578650209104,1.0,0.25,1.0,Ackley,5,5678
Matching-Fixed-Filter,3,6.1872993816389545,0.9428578650209104,1.0,0.25,1.0,Ackley,5,5678
Matching-Fixed-Filter,4,5.06665685233612,0.7720876214206696,1.0,0.25,1.0,Ackley,5,5678
Matching-Fixed-Filter,5,5.06665685233612,0.7720876214206696,1.0,0.25,1.0,Ackley,5,5678
Matching-Fixed-Filter,6,5.06665685233612,0.7720876214206696,1.0,0.25,1.0,Ackley,5,5678
Matching-Fixed-Filter,7,5.017962709766849,0.7646673153274924,1.0,0.25,1.0,Ackley,5,5678
Matching-Fixed-Filter,8,5.017962709766849,0.7646673153274924,1.0,0.25,1.0,Ackley,5,5678
Matching-Fixed-Filter,9,4.361023268149392,0.6645589350526412,1.0,0.25,1.0,Ackley,5,5678
Matching-Fixed-Filter,10,4.136401979371104,0.630329793109999,1.0,0.25,1.0,Ackley,5,5678
Matching-Fixed-Filter,11,4.136401979371104,0.630329793109999,1.0,0.25,1.0,Ackley,5,5678
Matching-Fixed-Filter,12,4.136401979371104,0.630329793109999,1.0,0.25,1.0,Ackley,5,5678
Matching-Fixed-Filter,13,4.136401979371104,0.630329793109999,1.0,0.25,1.0,Ackley,5,5678
Matching-Fixed-Filter,14,4.136401979371104,0.630329793109999,1.0,0.25,1.0,Ackley,5,5678
Matching-Fixed-Filter,15,4.111662906985327,0.6265599045797187,1.0,0.25,1.0,Ackley,5,5678
Matching-Fixed-Filter,16,4.111662906985327,0.6265599045797187,1.0,0.25,1.0,Ackley,5,5678
Matching-Fixed-Filter,17,4.111662906985327,0.6265599045797187,1.0,0.25,1.0,Ackley,5,5678
Matching-Fixed-Filter,18,3.7186939858011105,0.5666769386532864,1.0,0.25,1.0,Ackley,5,5678
Matching-Fixed-Filter,19,3.7186939858011105,0.5666769386532864,1.0,0.25,1.0,Ackley,5,5678
Matching-Fixed-Filter,20,2.773335909089401,0.4226175933864714,1.0,0.25,1.0,Ackley,5,5678
Matching-Adaptive-Filter,0,6.562282196693278,1.0,0.0,1.0,0.0,Ackley,5,5678
Matching-Adaptive-Filter,1,6.562282196693278,1.0,1.0,0.75,0.3389510489510263,Ackley,5,5678
Matching-Adaptive-Filter,2,6.562282196693278,1.0,1.0,0.75,0.3440963448316176,Ackley,5,5678
Matching-Adaptive-Filter,3,6.562282196693278,1.0,1.0,0.8,0.26980056980055395,Ackley,5,5678
Matching-Adaptive-Filter,4,5.983411560095135,0.9117882134221788,1.0,0.75,0.3388519375361295,Ackley,5,5678
Matching-Adaptive-Filter,5,5.983411560095135,0.9117882134221788,1.0,0.73,0.3636623376623189,Ackley,5,5678
Matching-Adaptive-Filter,6,3.8638372160283017,0.5887947363762079,1.0,0.72,0.3754671717171534,Ackley,5,5678
Matching-Adaptive-Filter,7,3.8638372160283017,0.5887947363762079,1.0,0.71,0.39136879632233845,Ackley,5,5678
Matching-Adaptive-Filter,8,3.8638372160283017,0.5887947363762079,1.0,0.69,0.4187454339829979,Ackley,5,5678
Matching-Adaptive-Filter,9,3.8638372160283017,0.5887947363762079,1.0,0.68,0.43241436925645627,Ackley,5,5678
Matching-Adaptive-Filter,10,3.8638372160283017,0.5887947363762079,1.0,0.67,0.44947470950100704,Ackley,5,5678
Matching-Adaptive-Filter,11,3.8638372160283017,0.5887947363762079,1.0,0.66,0.4538431754580647,Ackley,5,5678
Matching-Adaptive-Filter,12,2.849974585004262,0.4342962554155867,1.0,0.65,0.4737692008072265,Ackley,5,5678
Matching-Adaptive-Filter,13,2.849974585004262,0.4342962554155867,1.0,0.64,0.4822734330886331,Ackley,5,5678
Matching-Adaptive-Filter,14,2.849974585004262,0.4342962554155867,1.0,0.64,0.48709762553676217,Ackley,5,5678
Matching-Adaptive-Filter,15,2.749985949918209,0.4190593862763051,1.0,0.65,0.46970370370368797,Ackley,5,5678
Matching-Adaptive-Filter,16,1.901610219451055,0.2897787937875138,1.0,0.66,0.4646490212296512,Ackley,5,5678
Matching-Adaptive-Filter,17,1.901610219451055,0.2897787937875138,1.0,0.63,0.4943530293953611,Ackley,5,5678
Matching-Adaptive-Filter,18,1.901610219451055,0.2897787937875138,1.0,0.63,0.4968726675623076,Ackley,5,5678
Matching-Adaptive-Filter,19,1.901610219451055,0.2897787937875138,1.0,0.66,0.46184057605243184,Ackley,5,5678
Matching-Adaptive-Filter,20,1.901610219451055,0.2897787937875138,1.0,0.64,0.4922476788268003,Ackley,5,5678
Random-Adaptive-Filter,0,6.562282196693278,1.0,0.0,1.0,0.0,Ackley,5,5678
Random-Adaptive-Filter,1,6.562282196693278,1.0,1.0,0.95,0.07605769230768605,Ackley,5,5678
Random-Adaptive-Filter,2,6.562282196693278,1.0,1.0,0.95,0.0704416906622736,Ackley,5,5678
Random-Adaptive-Filter,3,6.562282196693278,1.0,1.0,0.96,0.05714285714285304,Ackley,5,5678
Random-Adaptive-Filter,4,6.562282196693278,1.0,0.0,1.0,0.0307692307692284,Ackley,5,5678
Random-Adaptive-Filter,5,6.085036297338814,0.9272744016411016,0.0,1.0,0.03148051948051726,Ackley,5,5678
Random-Adaptive-Filter,6,6.085036297338814,0.9272744016411016,0.0,1.0,0.031649531024529,Ackley,5,5678
Random-Adaptive-Filter,7,6.085036297338814,0.9272744016411016,0.0,1.0,0.02499999999999844,Ackley,5,5678
Random-Adaptive-Filter,8,6.085036297338814,0.9272744016411016,0.0,1.0,0.0235294117647045,Ackley,5,5678
Random-Adaptive-Filter,9,5.977582048877352,0.9108998774678486,0.0,1.0,0.02222222222222099,Ackley,5,5678
Random-Adaptive-Filter,10,5.828001997809363,0.888105970320216,0.0,1.0,0.021052631578946265,Ackley,5,5678
Random-Adaptive-Filter,11,5.828001997809363,0.888105970320216,0.0,1.0,0.022150023889153245,Ackley,5,5678
Random-Adaptive-Filter,12,5.036949443175857,0.7675606278733283,0.0,1.0,0.038828110295499964,Ackley,5,5678
Random-Adaptive-Filter,13,5.036949443175857,0.7675606278733283,0.0,1.0,0.04586038961038777,Ackley,5,5678
Random-Adaptive-Filter,14,5.036949443175857,0.7675606278733283,0.0,1.0,0.04301464652289076,Ackley,5,5678
Random-Adaptive-Filter,15,5.036949443175857,0.7675606278733283,0.0,1.0,0.041863247863246335,Ackley,5,5678
Random-Adaptive-Filter,16,4.469275769694782,0.6810551018282698,0.0,1.0,0.0379681751939803,Ackley,5,5678
Random-Adaptive-Filter,17,4.469275769694782,0.6810551018282698,0.0,1.0,0.04058570879502382,Ackley,5,5678
Random-Adaptive-Filter,18,4.469275769694782,0.6810551018282698,0.0,1.0,0.0493582168151118,Ackley,5,5678
Random-Adaptive-Filter,19,1.8905479378680998,0.2880930568363462,0.0,1.0,0.032872399979642336,Ackley,5,5678
Random-Adaptive-Filter,20,1.8905479378680998,0.2880930568363462,0.0,1.0,0.045679212730697055,Ackley,5,5678
Wrong-Adaptive-Filter,0,6.562282196693278,1.0,0.0,1.0,0.0,Ackley,5,5678
Wrong-Adaptive-Filter,1,6.562282196693278,1.0,1.0,0.87,0.1816083916083788,Ackley,5,5678
Wrong-Adaptive-Filter,2,6.562282196693278,1.0,1.0,0.91,0.12051845213609094,Ackley,5,5678
Wrong-Adaptive-Filter,3,6.562282196693278,1.0,1.0,0.91,0.12897842897842085,Ackley,5,5678
Wrong-Adaptive-Filter,4,6.562282196693278,1.0,1.0,0.89,0.14759253903989897,Ackley,5,5678
Wrong-Adaptive-Filter,5,6.085036297338814,0.9272744016411016,1.0,0.89,0.15106875477462897,Ackley,5,5678
Wrong-Adaptive-Filter,6,6.085036297338814,0.9272744016411016,1.0,0.87,0.17499740047533285,Ackley,5,5678
Wrong-Adaptive-Filter,7,6.085036297338814,0.9272744016411016,1.0,0.88,0.16676986584106523,Ackley,5,5678
Wrong-Adaptive-Filter,8,6.085036297338814,0.9272744016411016,1.0,0.87,0.18003061460457326,Ackley,5,5678
Wrong-Adaptive-Filter,9,6.085036297338814,0.9272744016411016,1.0,0.83,0.22940685045947212,Ackley,5,5678
Wrong-Adaptive-Filter,10,6.085036297338814,0.9272744016411016,1.0,0.87,0.18498120300751103,Ackley,5,5678
Wrong-Adaptive-Filter,11,6.085036297338814,0.9272744016411016,1.0,0.84,0.22540949733495436,Ackley,5,5678
Wrong-Adaptive-Filter,12,6.029894937090308,0.9188716297706248,1.0,0.83,0.23524851255828627,Ackley,5,5678
Wrong-Adaptive-Filter,13,5.321126328420323,0.8108652095305546,1.0,0.82,0.24939299830603268,Ackley,5,5678
Wrong-Adaptive-Filter,14,5.321126328420323,0.8108652095305546,1.0,0.78,0.2973179212147216,Ackley,5,5678
Wrong-Adaptive-Filter,15,4.730854259674512,0.7209160042002432,1.0,0.77,0.3125227920227815,Ackley,5,5678
Wrong-Adaptive-Filter,16,3.2355357021001834,0.4930503756346479,1.0,0.75,0.34348434361336466,Ackley,5,5678
Wrong-Adaptive-Filter,17,2.2849622885157896,0.3481962859913549,1.0,0.72,0.3794845203193541,Ackley,5,5678
Wrong-Adaptive-Filter,18,2.2849622885157896,0.3481962859913549,1.0,0.7,0.40760509445853027,Ackley,5,5678
Wrong-Adaptive-Filter,19,2.2849622885157896,0.3481962859913549,1.0,0.68,0.4325144963435747,Ackley,5,5678
Wrong-Adaptive-Filter,20,2.2849622885157896,0.3481962859913549,1.0,0.67,0.45019386052528726,Ackley,5,5678
Oracle-Fixed-Filter,0,6.562282196693278,1.0,0.0,1.0,0.0,Ackley,5,5678
Oracle-Fixed-Filter,1,6.562282196693278,1.0,0.0,1.0,0.0,Ackley,5,5678
Oracle-Fixed-Filter,2,6.562282196693278,1.0,0.0,1.0,0.0,Ackley,5,5678
Oracle-Fixed-Filter,3,6.562282196693278,1.0,0.0,1.0,0.0,Ackley,5,5678
Oracle-Fixed-Filter,4,6.562282196693278,1.0,0.0,1.0,0.0,Ackley,5,5678
Oracle-Fixed-Filter,5,6.085036297338814,0.9272744016411016,0.0,1.0,0.0,Ackley,5,5678
Oracle-Fixed-Filter,6,6.085036297338814,0.9272744016411016,0.0,1.0,0.0,Ackley,5,5678
Oracle-Fixed-Filter,7,6.085036297338814,0.9272744016411016,0.0,1.0,0.0,Ackley,5,5678
Oracle-Fixed-Filter,8,6.085036297338814,0.9272744016411016,0.0,1.0,0.0,Ackley,5,5678
Oracle-Fixed-Filter,9,5.977582048877352,0.9108998774678486,0.0,1.0,0.0,Ackley,5,5678
Oracle-Fixed-Filter,10,5.828001997809363,0.888105970320216,1.0,0.25,1.0,Ackley,5,5678
Oracle-Fixed-Filter,11,4.53600417934593,0.6912235779240969,1.0,0.25,1.0,Ackley,5,5678
Oracle-Fixed-Filter,12,2.849974585004262,0.4342962554155867,1.0,0.25,1.0,Ackley,5,5678
Oracle-Fixed-Filter,13,2.849974585004262,0.4342962554155867,1.0,0.25,1.0,Ackley,5,5678
Oracle-Fixed-Filter,14,2.849974585004262,0.4342962554155867,1.0,0.25,1.0,Ackley,5,5678
Oracle-Fixed-Filter,15,2.849974585004262,0.4342962554155867,1.0,0.25,1.0,Ackley,5,5678
Oracle-Fixed-Filter,16,1.901610219451055,0.2897787937875138,1.0,0.25,1.0,Ackley,5,5678
Oracle-Fixed-Filter,17,1.901610219451055,0.2897787937875138,1.0,0.25,1.0,Ackley,5,5678
Oracle-Fixed-Filter,18,1.901610219451055,0.2897787937875138,1.0,0.25,1.0,Ackley,5,5678
Oracle-Fixed-Filter,19,1.901610219451055,0.2897787937875138,1.0,0.25,1.0,Ackley,5,5678
Oracle-Fixed-Filter,20,1.901610219451055,0.2897787937875138,1.0,0.25,1.0,Ackley,5,5678
Matching-Soft-Rerank,0,6.562282196693278,1.0,0.0,1.0,,Ackley,5,5678
Matching-Soft-Rerank,1,6.562282196693278,1.0,0.0,1.0,,Ackley,5,5678
Matching-Soft-Rerank,2,6.562282196693278,1.0,0.0,1.0,,Ackley,5,5678
Matching-Soft-Rerank,3,6.562282196693278,1.0,0.0,1.0,,Ackley,5,5678
Matching-Soft-Rerank,4,6.562282196693278,1.0,0.0,1.0,,Ackley,5,5678
Matching-Soft-Rerank,5,6.562282196693278,1.0,0.0,1.0,,Ackley,5,5678
Matching-Soft-Rerank,6,6.4984432685782885,0.9902718404662393,0.0,1.0,,Ackley,5,5678
Matching-Soft-Rerank,7,6.4984432685782885,0.9902718404662393,0.0,1.0,,Ackley,5,5678
Matching-Soft-Rerank,8,6.4984432685782885,0.9902718404662393,0.0,1.0,,Ackley,5,5678
Matching-Soft-Rerank,9,6.4984432685782885,0.9902718404662393,0.0,1.0,,Ackley,5,5678
Matching-Soft-Rerank,10,4.588846378756088,0.6992759898482268,0.0,1.0,,Ackley,5,5678
Matching-Soft-Rerank,11,4.588846378756088,0.6992759898482268,0.0,1.0,,Ackley,5,5678
Matching-Soft-Rerank,12,4.588846378756088,0.6992759898482268,0.0,1.0,,Ackley,5,5678
Matching-Soft-Rerank,13,4.588846378756088,0.6992759898482268,0.0,1.0,,Ackley,5,5678
Matching-Soft-Rerank,14,4.588846378756088,0.6992759898482268,0.0,1.0,,Ackley,5,5678
Matching-Soft-Rerank,15,3.5278040149541785,0.5375879776599415,0.0,1.0,,Ackley,5,5678
Matching-Soft-Rerank,16,3.5278040149541785,0.5375879776599415,0.0,1.0,,Ackley,5,5678
Matching-Soft-Rerank,17,3.5278040149541785,0.5375879776599415,0.0,1.0,,Ackley,5,5678
Matching-Soft-Rerank,18,3.5278040149541785,0.5375879776599415,0.0,1.0,,Ackley,5,5678
Matching-Soft-Rerank,19,3.5278040149541785,0.5375879776599415,0.0,1.0,,Ackley,5,5678
Matching-Soft-Rerank,20,3.5278040149541785,0.5375879776599415,0.0,1.0,,Ackley,5,5678
Target-Only,0,7.046446719430779,1.0,0.0,1.0,0.0,Ackley,5,8888
Target-Only,1,7.046446719430779,1.0,0.0,1.0,0.0,Ackley,5,8888
Target-Only,2,7.046446719430779,1.0,0.0,1.0,0.0,Ackley,5,8888
Target-Only,3,7.046446719430779,1.0,0.0,1.0,0.0,Ackley,5,8888
Target-Only,4,7.046446719430779,1.0,0.0,1.0,0.0,Ackley,5,8888
Target-Only,5,7.046446719430779,1.0,0.0,1.0,0.0,Ackley,5,8888
Target-Only,6,7.046446719430779,1.0,0.0,1.0,0.0,Ackley,5,8888
Target-Only,7,7.046446719430779,1.0,0.0,1.0,0.0,Ackley,5,8888
Target-Only,8,7.046446719430779,1.0,0.0,1.0,0.0,Ackley,5,8888
Target-Only,9,7.046446719430779,1.0,0.0,1.0,0.0,Ackley,5,8888
Target-Only,10,7.046446719430779,1.0,0.0,1.0,0.0,Ackley,5,8888
Target-Only,11,7.046446719430779,1.0,0.0,1.0,0.0,Ackley,5,8888
Target-Only,12,7.046446719430779,1.0,0.0,1.0,0.0,Ackley,5,8888
Target-Only,13,6.439813374840224,0.913909326395991,0.0,1.0,0.0,Ackley,5,8888
Target-Only,14,6.439813374840224,0.913909326395991,0.0,1.0,0.0,Ackley,5,8888
Target-Only,15,6.439813374840224,0.913909326395991,0.0,1.0,0.0,Ackley,5,8888
Target-Only,16,4.415920363412809,0.6266875404359167,0.0,1.0,0.0,Ackley,5,8888
Target-Only,17,3.934447522788471,0.5583590821653585,0.0,1.0,0.0,Ackley,5,8888
Target-Only,18,3.071964947647079,0.43595943742482957,0.0,1.0,0.0,Ackley,5,8888
Target-Only,19,3.071964947647079,0.43595943742482957,0.0,1.0,0.0,Ackley,5,8888
Target-Only,20,3.071964947647079,0.43595943742482957,0.0,1.0,0.0,Ackley,5,8888
Matching-Fixed-Filter,0,7.046446719430779,1.0,0.0,1.0,0.0,Ackley,5,8888
Matching-Fixed-Filter,1,7.046446719430779,1.0,1.0,0.25,1.0,Ackley,5,8888
Matching-Fixed-Filter,2,7.046446719430779,1.0,1.0,0.25,1.0,Ackley,5,8888
Matching-Fixed-Filter,3,7.046446719430779,1.0,1.0,0.25,1.0,Ackley,5,8888
Matching-Fixed-Filter,4,6.619514600938729,0.9394117155083607,1.0,0.25,1.0,Ackley,5,8888
Matching-Fixed-Filter,5,6.619514600938729,0.9394117155083607,1.0,0.25,1.0,Ackley,5,8888
Matching-Fixed-Filter,6,6.619514600938729,0.9394117155083607,1.0,0.25,1.0,Ackley,5,8888
Matching-Fixed-Filter,7,6.619514600938729,0.9394117155083607,1.0,0.25,1.0,Ackley,5,8888
Matching-Fixed-Filter,8,6.0130535980648965,0.8533454998650211,1.0,0.25,1.0,Ackley,5,8888
Matching-Fixed-Filter,9,5.316091639949285,0.7544357960289417,1.0,0.25,1.0,Ackley,5,8888
Matching-Fixed-Filter,10,5.316091639949285,0.7544357960289417,1.0,0.25,1.0,Ackley,5,8888
Matching-Fixed-Filter,11,5.316091639949285,0.7544357960289417,1.0,0.25,1.0,Ackley,5,8888
Matching-Fixed-Filter,12,5.316091639949285,0.7544357960289417,1.0,0.25,1.0,Ackley,5,8888
Matching-Fixed-Filter,13,5.316091639949285,0.7544357960289417,1.0,0.25,1.0,Ackley,5,8888
Matching-Fixed-Filter,14,5.316091639949285,0.7544357960289417,1.0,0.25,1.0,Ackley,5,8888
Matching-Fixed-Filter,15,5.316091639949285,0.7544357960289417,1.0,0.25,1.0,Ackley,5,8888
Matching-Fixed-Filter,16,5.316091639949285,0.7544357960289417,1.0,0.25,1.0,Ackley,5,8888
Matching-Fixed-Filter,17,5.316091639949285,0.7544357960289417,1.0,0.25,1.0,Ackley,5,8888
Matching-Fixed-Filter,18,5.316091639949285,0.7544357960289417,1.0,0.25,1.0,Ackley,5,8888
Matching-Fixed-Filter,19,5.316091639949285,0.7544357960289417,1.0,0.25,1.0,Ackley,5,8888
Matching-Fixed-Filter,20,3.7930694688447457,0.5382953451397351,1.0,0.25,1.0,Ackley,5,8888
Matching-Adaptive-Filter,0,7.046446719430779,1.0,0.0,1.0,0.0,Ackley,5,8888
Matching-Adaptive-Filter,1,7.046446719430779,1.0,0.0,1.0,0.04699300699300256,Ackley,5,8888
Matching-Adaptive-Filter,2,7.046446719430779,1.0,0.0,1.0,0.03636363636363306,Ackley,5,8888
Matching-Adaptive-Filter,3,7.046446719430779,1.0,1.0,0.94,0.08719305385971479,Ackley,5,8888
Matching-Adaptive-Filter,4,7.046446719430779,1.0,1.0,0.96,0.06178426836321174,Ackley,5,8888
Matching-Adaptive-Filter,5,7.046446719430779,1.0,1.0,0.96,0.06217035905270828,Ackley,5,8888
Matching-Adaptive-Filter,6,7.046446719430779,1.0,0.0,1.0,0.038908305746538696,Ackley,5,8888
Matching-Adaptive-Filter,7,7.046446719430779,1.0,0.0,1.0,0.02499999999999844,Ackley,5,8888
Matching-Adaptive-Filter,8,7.046446719430779,1.0,0.0,1.0,0.0279422694384315,Ackley,5,8888
Matching-Adaptive-Filter,9,7.046446719430779,1.0,0.0,1.0,0.026399331662488153,Ackley,5,8888
Matching-Adaptive-Filter,10,7.046446719430779,1.0,0.0,1.0,0.03198120300751728,Ackley,5,8888
Matching-Adaptive-Filter,11,7.046446719430779,1.0,1.0,0.95,0.07085845831187143,Ackley,5,8888
Matching-Adaptive-Filter,12,7.046446719430779,1.0,1.0,0.94,0.08163617280464786,Ackley,5,8888
Matching-Adaptive-Filter,13,6.439813374840224,0.913909326395991,1.0,0.92,0.11767715979672064,Ackley,5,8888
Matching-Adaptive-Filter,14,6.439813374840224,0.913909326395991,1.0,0.92,0.11249994064053544,Ackley,5,8888
Matching-Adaptive-Filter,15,6.439813374840224,0.913909326395991,1.0,0.91,0.1276538461538418,Ackley,5,8888
Matching-Adaptive-Filter,16,6.439813374840224,0.913909326395991,1.0,0.92,0.11406412225766684,Ackley,5,8888
Matching-Adaptive-Filter,17,5.625152651395815,0.7982963435860936,1.0,0.94,0.08849203271465533,Ackley,5,8888
Matching-Adaptive-Filter,18,5.625152651395815,0.7982963435860936,1.0,0.92,0.10949364332984676,Ackley,5,8888
Matching-Adaptive-Filter,19,5.625152651395815,0.7982963435860936,1.0,0.87,0.17627584960568798,Ackley,5,8888
Matching-Adaptive-Filter,20,5.119653772924355,0.7265582181735317,1.0,0.9,0.14481746157862055,Ackley,5,8888
Random-Adaptive-Filter,0,7.046446719430779,1.0,0.0,1.0,0.0,Ackley,5,8888
Random-Adaptive-Filter,1,7.046446719430779,1.0,1.0,0.92,0.11823426573425685,Ackley,5,8888
Random-Adaptive-Filter,2,7.046446719430779,1.0,1.0,0.93,0.1017455583631983,Ackley,5,8888
Random-Adaptive-Filter,3,7.046446719430779,1.0,1.0,0.9,0.14376611043276818,Ackley,5,8888
Random-Adaptive-Filter,4,7.046446719430779,1.0,1.0,0.84,0.22099479467899283,Ackley,5,8888
Random-Adaptive-Filter,5,7.046446719430779,1.0,1.0,0.84,0.22094041252863614,Ackley,5,8888
Random-Adaptive-Filter,6,7.046446719430779,1.0,1.0,0.83,0.22929165605635052,Ackley,5,8888
Random-Adaptive-Filter,7,7.046446719430779,1.0,1.0,0.86,0.19123276104699352,Ackley,5,8888
Random-Adaptive-Filter,8,7.046446719430779,1.0,1.0,0.86,0.19514923613051685,Ackley,5,8888
Random-Adaptive-Filter,9,7.046446719430779,1.0,1.0,0.86,0.1966583124477777,Ackley,5,8888
Random-Adaptive-Filter,10,7.046446719430779,1.0,1.0,0.87,0.1739422419685505,Ackley,5,8888
Random-Adaptive-Filter,11,7.046446719430779,1.0,1.0,0.86,0.1889825702247988,Ackley,5,8888
Random-Adaptive-Filter,12,6.924444828657284,0.9826860408328822,1.0,0.86,0.1928998839324853,Ackley,5,8888
Random-Adaptive-Filter,13,6.924444828657284,0.9826860408328822,1.0,0.86,0.198267221908519,Ackley,5,8888
Random-Adaptive-Filter,14,6.630145392892974,0.9409203896497447,1.0,0.86,0.19094548596741673,Ackley,5,8888
Random-Adaptive-Filter,15,6.630145392892974,0.9409203896497447,1.0,0.86,0.18680626780626144,Ackley,5,8888
Random-Adaptive-Filter,16,6.630145392892974,0.9409203896497447,1.0,0.87,0.1734008428847082,Ackley,5,8888
Random-Adaptive-Filter,17,6.630145392892974,0.9409203896497447,1.0,0.9,0.13730979871330304,Ackley,5,8888
Random-Adaptive-Filter,18,4.581363969049146,0.6501665522306305,1.0,0.91,0.12485404123334767,Ackley,5,8888
Random-Adaptive-Filter,19,4.581363969049146,0.6501665522306305,1.0,0.91,0.12359017021713764,Ackley,5,8888
Random-Adaptive-Filter,20,4.146520285851782,0.5884554940886211,1.0,0.9,0.14220011463984514,Ackley,5,8888
Wrong-Adaptive-Filter,0,7.046446719430779,1.0,0.0,1.0,0.0,Ackley,5,8888
Wrong-Adaptive-Filter,1,7.046446719430779,1.0,1.0,0.79,0.28475524475522546,Ackley,5,8888
Wrong-Adaptive-Filter,2,7.046446719430779,1.0,1.0,0.82,0.24850810953750557,Ackley,5,8888
Wrong-Adaptive-Filter,3,7.046446719430779,1.0,1.0,0.8,0.27414190747522466,Ackley,5,8888
Wrong-Adaptive-Filter,4,7.046446719430779,1.0,1.0,0.78,0.29439705031808666,Ackley,5,8888
Wrong-Adaptive-Filter,5,7.046446719430779,1.0,1.0,0.79,0.29293506493504967,Ackley,5,8888
Wrong-Adaptive-Filter,6,7.046446719430779,1.0,1.0,0.81,0.2648441346235333,Ackley,5,8888
Wrong-Adaptive-Filter,7,7.046446719430779,1.0,1.0,0.83,0.2282554648653612,Ackley,5,8888
Wrong-Adaptive-Filter,8,7.046446719430779,1.0,1.0,0.82,0.24680045168333198,Ackley,5,8888
Wrong-Adaptive-Filter,9,7.046446719430779,1.0,1.0,0.81,0.2623224728487774,Ackley,5,8888
Wrong-Adaptive-Filter,10,6.618946474309851,0.939331089534519,1.0,0.83,0.22737081339711981,Ackley,5,8888
Wrong-Adaptive-Filter,11,6.618946474309851,0.939331089534519,1.0,0.8,0.27478993056631734,Ackley,5,8888
Wrong-Adaptive-Filter,12,6.618946474309851,0.939331089534519,1.0,0.81,0.2610823556475632,Ackley,5,8888
Wrong-Adaptive-Filter,13,4.402206893607705,0.6247413865301064,1.0,0.79,0.2932206380575839,Ackley,5,8888
Wrong-Adaptive-Filter,14,2.820864937343764,0.40032445424800384,1.0,0.76,0.3314520002442102,Ackley,5,8888
Wrong-Adaptive-Filter,15,2.820864937343764,0.40032445424800384,1.0,0.77,0.31872792022790947,Ackley,5,8888
Wrong-Adaptive-Filter,16,2.820864937343764,0.40032445424800384,1.0,0.75,0.335784158493825,Ackley,5,8888
Wrong-Adaptive-Filter,17,2.820864937343764,0.40032445424800384,1.0,0.74,0.35534690936988655,Ackley,5,8888
Wrong-Adaptive-Filter,18,2.820864937343764,0.40032445424800384,1.0,0.76,0.3308367957074752,Ackley,5,8888
Wrong-Adaptive-Filter,19,2.820864937343764,0.40032445424800384,1.0,0.74,0.3552027410890094,Ackley,5,8888
Wrong-Adaptive-Filter,20,2.820864937343764,0.40032445424800384,1.0,0.73,0.3680592324805234,Ackley,5,8888
Oracle-Fixed-Filter,0,7.046446719430779,1.0,0.0,1.0,0.0,Ackley,5,8888
Oracle-Fixed-Filter,1,7.046446719430779,1.0,0.0,1.0,0.0,Ackley,5,8888
Oracle-Fixed-Filter,2,7.046446719430779,1.0,0.0,1.0,0.0,Ackley,5,8888
Oracle-Fixed-Filter,3,7.046446719430779,1.0,0.0,1.0,0.0,Ackley,5,8888
Oracle-Fixed-Filter,4,7.046446719430779,1.0,0.0,1.0,0.0,Ackley,5,8888
Oracle-Fixed-Filter,5,7.046446719430779,1.0,0.0,1.0,0.0,Ackley,5,8888
Oracle-Fixed-Filter,6,7.046446719430779,1.0,0.0,1.0,0.0,Ackley,5,8888
Oracle-Fixed-Filter,7,7.046446719430779,1.0,0.0,1.0,0.0,Ackley,5,8888
Oracle-Fixed-Filter,8,7.046446719430779,1.0,0.0,1.0,0.0,Ackley,5,8888
Oracle-Fixed-Filter,9,7.046446719430779,1.0,0.0,1.0,0.0,Ackley,5,8888
Oracle-Fixed-Filter,10,7.046446719430779,1.0,0.0,1.0,0.0,Ackley,5,8888
Oracle-Fixed-Filter,11,7.046446719430779,1.0,0.0,1.0,0.0,Ackley,5,8888
Oracle-Fixed-Filter,12,7.046446719430779,1.0,0.0,1.0,0.0,Ackley,5,8888
Oracle-Fixed-Filter,13,6.439813374840224,0.913909326395991,0.0,1.0,0.0,Ackley,5,8888
Oracle-Fixed-Filter,14,6.439813374840224,0.913909326395991,0.0,1.0,0.0,Ackley,5,8888
Oracle-Fixed-Filter,15,6.439813374840224,0.913909326395991,0.0,1.0,0.0,Ackley,5,8888
Oracle-Fixed-Filter,16,4.415920363412809,0.6266875404359167,0.0,1.0,0.0,Ackley,5,8888
Oracle-Fixed-Filter,17,3.934447522788471,0.5583590821653585,1.0,0.25,1.0,Ackley,5,8888
Oracle-Fixed-Filter,18,3.071964947647079,0.43595943742482957,1.0,0.25,1.0,Ackley,5,8888
Oracle-Fixed-Filter,19,3.071964947647079,0.43595943742482957,1.0,0.25,1.0,Ackley,5,8888
Oracle-Fixed-Filter,20,3.071964947647079,0.43595943742482957,1.0,0.25,1.0,Ackley,5,8888
Matching-Soft-Rerank,0,7.046446719430779,1.0,0.0,1.0,,Ackley,5,8888
Matching-Soft-Rerank,1,7.046446719430779,1.0,0.0,1.0,,Ackley,5,8888
Matching-Soft-Rerank,2,7.046446719430779,1.0,0.0,1.0,,Ackley,5,8888
Matching-Soft-Rerank,3,7.046446719430779,1.0,0.0,1.0,,Ackley,5,8888
Matching-Soft-Rerank,4,7.046446719430779,1.0,0.0,1.0,,Ackley,5,8888
Matching-Soft-Rerank,5,7.046446719430779,1.0,0.0,1.0,,Ackley,5,8888
Matching-Soft-Rerank,6,7.046446719430779,1.0,0.0,1.0,,Ackley,5,8888
Matching-Soft-Rerank,7,7.046446719430779,1.0,0.0,1.0,,Ackley,5,8888
Matching-Soft-Rerank,8,7.046446719430779,1.0,0.0,1.0,,Ackley,5,8888
Matching-Soft-Rerank,9,7.046446719430779,1.0,0.0,1.0,,Ackley,5,8888
Matching-Soft-Rerank,10,7.046446719430779,1.0,0.0,1.0,,Ackley,5,8888
Matching-Soft-Rerank,11,7.046446719430779,1.0,0.0,1.0,,Ackley,5,8888
Matching-Soft-Rerank,12,7.046446719430779,1.0,0.0,1.0,,Ackley,5,8888
Matching-Soft-Rerank,13,6.0601035437538116,0.8600226163695954,0.0,1.0,,Ackley,5,8888
Matching-Soft-Rerank,14,6.0601035437538116,0.8600226163695954,0.0,1.0,,Ackley,5,8888
Matching-Soft-Rerank,15,6.0601035437538116,0.8600226163695954,0.0,1.0,,Ackley,5,8888
Matching-Soft-Rerank,16,6.0601035437538116,0.8600226163695954,0.0,1.0,,Ackley,5,8888
Matching-Soft-Rerank,17,6.0601035437538116,0.8600226163695954,0.0,1.0,,Ackley,5,8888
Matching-Soft-Rerank,18,6.0601035437538116,0.8600226163695954,0.0,1.0,,Ackley,5,8888
Matching-Soft-Rerank,19,4.076442585704253,0.5785103823269316,0.0,1.0,,Ackley,5,8888
Matching-Soft-Rerank,20,3.7930694688447457,0.5382953451397351,0.0,1.0,,Ackley,5,8888
