dimension,panel,seed,relation,control,relation_or_control,condition,shell,method,n_rows,pairwise_accuracy,ndcg_at_top,normalized_top1_regret,standardized_rmse,spearman,precision_at_top,mean_negative_log_likelihood,interval_coverage_95
2,test,11,identity,identity_label_permutation,identity_label_permutation,identity_label_permutation,0.35,dual,1,0.8086860236220472,0.9641660654480296,0.0,0.7442179514625137,0.8236415033876578,0.6923076923076923,-2.068205169368622,1.0
2,test,11,identity,identity_label_permutation,identity_label_permutation,identity_label_permutation,0.35,geometry,1,0.8174212598425197,0.9523000159204512,0.0040070110274749,0.7445795859773063,0.8184112342061892,0.6923076923076923,-2.4294656568653976,1.0
2,test,11,identity,identity_label_permutation,identity_label_permutation,identity_label_permutation,0.35,rank,1,0.8086860236220472,0.9641660654480296,0.0,0.7442179514323104,0.8236415033876578,0.6923076923076923,-2.0682051694534263,1.0
2,test,11,identity,identity_label_permutation,identity_label_permutation,identity_label_permutation,0.35,target_only,1,0.8220964566929134,0.9672768073076328,0.0,0.7111922828097745,0.835744369163157,0.6923076923076923,-2.173786456140653,1.0
2,test,11,identity,identity_label_permutation,identity_label_permutation,identity_label_permutation,0.35,value,1,0.8220964566929134,0.9672768073076328,0.0,0.7111922828097745,0.835744369163157,0.6923076923076923,-2.173786456140653,1.0
2,test,11,identity,identity_label_permutation,identity_label_permutation,identity_label_permutation,0.7,dual,1,0.8699557086614174,0.960104781692631,0.0,1.6322018876291575,0.9014317432704632,0.6923076923076923,-0.5408274916927531,0.78125
2,test,11,identity,identity_label_permutation,identity_label_permutation,identity_label_permutation,0.7,geometry,1,0.8697096456692913,0.9480729491974652,0.0023626035374125,1.0726127154392135,0.9115661051089544,0.5384615384615384,-0.9577297957663636,0.796875
2,test,11,identity,identity_label_permutation,identity_label_permutation,identity_label_permutation,0.7,rank,1,0.8699557086614174,0.960104781692631,0.0,1.6322018876390425,0.9014317432704632,0.6923076923076923,-0.5408274916866993,0.78125
2,test,11,identity,identity_label_permutation,identity_label_permutation,identity_label_permutation,0.7,target_only,1,0.8647883858267716,0.9662742401108232,0.0,1.660682452574072,0.8923960813037906,0.6923076923076923,-0.5174980784792141,0.78125
2,test,11,identity,identity_label_permutation,identity_label_permutation,identity_label_permutation,0.7,value,1,0.8647883858267716,0.9662742401108232,0.0,1.660682452574072,0.8923960813037906,0.6923076923076923,-0.5174980784792141,0.78125
2,test,11,identity,identity_label_permutation,identity_label_permutation,identity_label_permutation,1.0,dual,1,0.8544537401574803,0.9775141266759876,0.0,0.6051727391453312,0.8765507690899103,0.7692307692307693,-0.674007098938646,0.90625
2,test,11,identity,identity_label_permutation,identity_label_permutation,identity_label_permutation,1.0,geometry,1,0.8304625984251969,0.8656857791705586,0.0769570402605366,0.4989944484997403,0.857695477018861,0.2307692307692307,-0.6120888002687748,0.84375
2,test,11,identity,identity_label_permutation,identity_label_permutation,identity_label_permutation,1.0,rank,1,0.8544537401574803,0.9775141266759876,0.0,0.6051727391656067,0.8765507690899103,0.7692307692307693,-0.6740070989133699,0.90625
2,test,11,identity,identity_label_permutation,identity_label_permutation,identity_label_permutation,1.0,target_only,1,0.8377214566929134,0.938120893417529,0.0,0.6492962882852624,0.8544222669840689,0.4615384615384615,-0.6136183909971485,0.90625
2,test,11,identity,identity_label_permutation,identity_label_permutation,identity_label_permutation,1.0,value,1,0.8377214566929134,0.938120893417529,0.0,0.6492962882852624,0.8544222669840689,0.4615384615384615,-0.6136183909971485,0.90625
2,test,11,identity,none,identity,identity,0.35,dual,1,0.9290108267716536,0.9755301749088254,0.0008889656006722,0.1077480204490951,0.9620433528657756,0.7692307692307693,-4.243782897766611,0.984375
2,test,11,identity,none,identity,identity,0.35,geometry,1,0.8174212598425197,0.9523000159204512,0.0040070110274749,0.7445795859773063,0.8184112342061892,0.6923076923076923,-2.4294656568653976,1.0
2,test,11,identity,none,identity,identity,0.35,rank,1,0.8989911417322834,0.96012972173589,0.0040070110274749,0.2415038373732072,0.9348333638527742,0.6923076923076923,-3.4351864046145417,0.9609375
2,test,11,identity,none,identity,identity,0.35,target_only,1,0.8220964566929134,0.9672768073076328,0.0,0.7111922828097745,0.835744369163157,0.6923076923076923,-2.173786456140653,1.0
2,test,11,identity,none,identity,identity,0.35,value,1,0.9422982283464568,0.9938218478921298,0.0,0.0485670143189061,0.9674510162973814,0.9230769230769232,-4.651431570235446,1.0
2,test,11,identity,none,identity,identity,0.7,dual,1,0.843996062992126,0.9917226894980412,0.0049894523771315,0.5498301415233388,0.8409860831349569,0.8461538461538461,7.264062741420883,0.328125
2,test,11,identity,none,identity,identity,0.7,geometry,1,0.8697096456692913,0.9480729491974652,0.0023626035374125,1.0726127154392135,0.9115661051089544,0.5384615384615384,-0.9577297957663636,0.796875
2,test,11,identity,none,identity,identity,0.7,rank,1,0.8101624015748031,0.9908258474858354,0.0049894523771315,1.1541840007871644,0.7963800128181652,0.8461538461538461,6.86931895313339,0.3515625
2,test,11,identity,none,identity,identity,0.7,target_only,1,0.8647883858267716,0.9662742401108232,0.0,1.660682452574072,0.8923960813037906,0.6923076923076923,-0.5174980784792141,0.78125
2,test,11,identity,none,identity,identity,0.7,value,1,0.9104330708661418,0.9996119602696422,0.0,0.1880692953948579,0.9293169749130196,1.0,-2.663926920133283,0.6640625
2,test,11,identity,none,identity,identity,1.0,dual,1,0.9340551181102362,0.9908408062449904,0.003402620695572,0.2098125652950309,0.9687614447903314,0.7692307692307693,4.332136214724127,0.2578125
2,test,11,identity,none,identity,identity,1.0,geometry,1,0.8304625984251969,0.8656857791705586,0.0769570402605366,0.4989944484997403,0.857695477018861,0.2307692307692307,-0.6120888002687748,0.84375
2,test,11,identity,none,identity,identity,1.0,rank,1,0.8759842519685039,0.983243839448389,0.003402620695572,0.4471510152405412,0.908933803332723,0.6923076923076923,4.435157129399508,0.2734375
2,test,11,identity,none,identity,identity,1.0,target_only,1,0.8377214566929134,0.938120893417529,0.0,0.6492962882852624,0.8544222669840689,0.4615384615384615,-0.6136183909971485,0.90625
2,test,11,identity,none,identity,identity,1.0,value,1,0.9649360236220472,0.9992974086685192,0.0,0.0697072848093763,0.987382118659586,0.9230769230769232,-2.61224794671266,0.84375
2,test,11,independent_expert,none,independent_expert,independent_expert,0.35,dual,1,0.8220964566929134,0.9672768073076328,0.0,0.7111922828241581,0.835744369163157,0.6923076923076923,-2.173786456132018,1.0
2,test,11,independent_expert,none,independent_expert,independent_expert,0.35,geometry,1,0.8174212598425197,0.9523000159204512,0.0040070110274749,0.7445795859773063,0.8184112342061892,0.6923076923076923,-2.4294656568653976,1.0
2,test,11,independent_expert,none,independent_expert,independent_expert,0.35,rank,1,0.8220964566929134,0.9672768073076328,0.0,0.7111922832836091,0.835744369163157,0.6923076923076923,-2.1737864558496574,1.0
2,test,11,independent_expert,none,independent_expert,independent_expert,0.35,target_only,1,0.8220964566929134,0.9672768073076328,0.0,0.7111922828097745,0.835744369163157,0.6923076923076923,-2.173786456140653,1.0
2,test,11,independent_expert,none,independent_expert,independent_expert,0.35,value,1,0.8220964566929134,0.9672768073076328,0.0,0.7111922828097745,0.835744369163157,0.6923076923076923,-2.173786456140653,1.0
2,test,11,independent_expert,none,independent_expert,independent_expert,0.7,dual,1,0.8647883858267716,0.9662742401108232,0.0,1.6606824525785355,0.8923960813037906,0.6923076923076923,-0.5174980784714903,0.78125
2,test,11,independent_expert,none,independent_expert,independent_expert,0.7,geometry,1,0.8697096456692913,0.9480729491974652,0.0023626035374125,1.0726127154392135,0.9115661051089544,0.5384615384615384,-0.9577297957663636,0.796875
2,test,11,independent_expert,none,independent_expert,independent_expert,0.7,rank,1,0.8647883858267716,0.9662742401108232,0.0,1.6606824527408317,0.8923960813037906,0.6923076923076923,-0.5174980782043795,0.78125
2,test,11,independent_expert,none,independent_expert,independent_expert,0.7,target_only,1,0.8647883858267716,0.9662742401108232,0.0,1.660682452574072,0.8923960813037906,0.6923076923076923,-0.5174980784792141,0.78125
2,test,11,independent_expert,none,independent_expert,independent_expert,0.7,value,1,0.8647883858267716,0.9662742401108232,0.0,1.660682452574072,0.8923960813037906,0.6923076923076923,-0.5174980784792141,0.78125
2,test,11,independent_expert,none,independent_expert,independent_expert,1.0,dual,1,0.8377214566929134,0.938120893417529,0.0,0.6492962882807021,0.8544222669840689,0.4615384615384615,-0.6136183910043662,0.90625
2,test,11,independent_expert,none,independent_expert,independent_expert,1.0,geometry,1,0.8304625984251969,0.8656857791705586,0.0769570402605366,0.4989944484997403,0.857695477018861,0.2307692307692307,-0.6120888002687748,0.84375
2,test,11,independent_expert,none,independent_expert,independent_expert,1.0,rank,1,0.8377214566929134,0.938120893417529,0.0,0.6492962881263014,0.8544222669840689,0.4615384615384615,-0.6136183912482113,0.90625
2,test,11,independent_expert,none,independent_expert,independent_expert,1.0,target_only,1,0.8377214566929134,0.938120893417529,0.0,0.6492962882852624,0.8544222669840689,0.4615384615384615,-0.6136183909971485,0.90625
2,test,11,independent_expert,none,independent_expert,independent_expert,1.0,value,1,0.8377214566929134,0.938120893417529,0.0,0.6492962882852624,0.8544222669840689,0.4615384615384615,-0.6136183909971485,0.90625
2,test,11,output_affine,none,output_affine,output_affine,0.35,dual,1,0.9290108267716536,0.9755301749088254,0.0008889656006714,0.1077480204490946,0.9620433528657756,0.7692307692307693,-3.327492165892461,0.984375
2,test,11,output_affine,none,output_affine,output_affine,0.35,geometry,1,0.8174212598425197,0.9523000159204512,0.0040070110274754,0.7445795859773059,0.8184112342061892,0.6923076923076923,-1.513174924991243,1.0
2,test,11,output_affine,none,output_affine,output_affine,0.35,rank,1,0.8989911417322834,0.96012972173589,0.0040070110274754,0.2415038373732082,0.9348333638527742,0.6923076923076923,-2.518895672740393,0.9609375
2,test,11,output_affine,none,output_affine,output_affine,0.35,target_only,1,0.8220964566929134,0.9672768073076328,0.0,0.7111922828097746,0.835744369163157,0.6923076923076923,-1.257495724266498,1.0
2,test,11,output_affine,none,output_affine,output_affine,0.35,value,1,0.9422982283464568,0.9938218478921298,0.0,0.0485670143189061,0.9674510162973814,0.9230769230769232,-3.735140838361288,1.0
2,test,11,output_affine,none,output_affine,output_affine,0.7,dual,1,0.843996062992126,0.9917226894980412,0.0049894523771319,0.5498301415233389,0.8409860831349569,0.8461538461538461,8.180353473294943,0.328125
2,test,11,output_affine,none,output_affine,output_affine,0.7,geometry,1,0.8697096456692913,0.9480729491974652,0.0023626035374125,1.0726127154392138,0.9115661051089544,0.5384615384615384,-0.0414390638922082,0.796875
2,test,11,output_affine,none,output_affine,output_affine,0.7,rank,1,0.8101624015748031,0.9908258474858354,0.0049894523771319,1.154184000787164,0.7963800128181652,0.8461538461538461,7.78560968500754,0.3515625
2,test,11,output_affine,none,output_affine,output_affine,0.7,target_only,1,0.8647883858267716,0.9662742401108232,0.0,1.660682452574072,0.8923960813037906,0.6923076923076923,0.3987926533949412,0.78125
2,test,11,output_affine,none,output_affine,output_affine,0.7,value,1,0.9104330708661418,0.9996119602696422,0.0,0.1880692953948585,0.9293169749130196,1.0,-1.7476361882591245,0.6640625
2,test,11,output_affine,none,output_affine,output_affine,1.0,dual,1,0.9340551181102362,0.9908408062449904,0.0034026206955719,0.2098125652950304,0.9687614447903314,0.7692307692307693,5.248426946598228,0.2578125
2,test,11,output_affine,none,output_affine,output_affine,1.0,geometry,1,0.8304625984251969,0.8656857791705586,0.0769570402605364,0.4989944484997401,0.857695477018861,0.2307692307692307,0.3042019316053798,0.84375
2,test,11,output_affine,none,output_affine,output_affine,1.0,rank,1,0.8759842519685039,0.983243839448389,0.0034026206955719,0.4471510152405408,0.908933803332723,0.6923076923076923,5.351447861273659,0.2734375
2,test,11,output_affine,none,output_affine,output_affine,1.0,target_only,1,0.8377214566929134,0.938120893417529,0.0,0.6492962882852624,0.8544222669840689,0.4615384615384615,0.3026723408770065,0.90625
2,test,11,output_affine,none,output_affine,output_affine,1.0,value,1,0.9649360236220472,0.9992974086685192,0.0,0.0697072848093764,0.987382118659586,0.9230769230769232,-1.6959572148385034,0.84375
2,test,11,reversal,none,reversal,reversal,0.35,dual,1,0.8220964566929134,0.7547944275552564,0.0058190998487471,0.7111922828097745,0.835744369163157,0.1538461538461538,-2.173786456140653,1.0
2,test,11,reversal,none,reversal,reversal,0.35,geometry,1,0.8220964566929134,0.7547944275552564,0.0058190998487471,0.7111922828097745,0.835744369163157,0.1538461538461538,-2.173786456140653,1.0
2,test,11,reversal,none,reversal,reversal,0.35,rank,1,0.8220964566929134,0.7547944275552564,0.0058190998487471,0.7111922828097745,0.835744369163157,0.1538461538461538,-2.173786456140653,1.0
2,test,11,reversal,none,reversal,reversal,0.35,target_only,1,0.8220964566929134,0.7547944275552564,0.0058190998487471,0.7111922828097745,0.835744369163157,0.1538461538461538,-2.173786456140653,1.0
2,test,11,reversal,none,reversal,reversal,0.35,value,1,0.8220964566929134,0.7547944275552564,0.0058190998487471,0.7111922828097745,0.835744369163157,0.1538461538461538,-2.173786456140653,1.0
2,test,11,reversal,none,reversal,reversal,0.7,dual,1,0.8647883858267716,0.9317126279557668,0.0002653996465532,1.660682452574072,0.8923960813037906,0.4615384615384615,-0.5174980784792141,0.78125
2,test,11,reversal,none,reversal,reversal,0.7,geometry,1,0.8647883858267716,0.9317126279557668,0.0002653996465532,1.660682452574072,0.8923960813037906,0.4615384615384615,-0.5174980784792141,0.78125
2,test,11,reversal,none,reversal,reversal,0.7,rank,1,0.8647883858267716,0.9317126279557668,0.0002653996465532,1.660682452574072,0.8923960813037906,0.4615384615384615,-0.5174980784792141,0.78125
2,test,11,reversal,none,reversal,reversal,0.7,target_only,1,0.8647883858267716,0.9317126279557668,0.0002653996465532,1.660682452574072,0.8923960813037906,0.4615384615384615,-0.5174980784792141,0.78125
2,test,11,reversal,none,reversal,reversal,0.7,value,1,0.8647883858267716,0.9317126279557668,0.0002653996465532,1.660682452574072,0.8923960813037906,0.4615384615384615,-0.5174980784792141,0.78125
2,test,11,reversal,none,reversal,reversal,1.0,dual,1,0.8377214566929134,0.7769427953653197,0.0539606074640956,0.6492962882852624,0.8544222669840689,0.0,-0.6136183909971485,0.90625
2,test,11,reversal,none,reversal,reversal,1.0,geometry,1,0.8377214566929134,0.7769427953653197,0.0539606074640956,0.6492962882852624,0.8544222669840689,0.0,-0.6136183909971485,0.90625
2,test,11,reversal,none,reversal,reversal,1.0,rank,1,0.8377214566929134,0.7769427953653197,0.0539606074640956,0.6492962882852624,0.8544222669840689,0.0,-0.6136183909971485,0.90625
2,test,11,reversal,none,reversal,reversal,1.0,target_only,1,0.8377214566929134,0.7769427953653197,0.0539606074640956,0.6492962882852624,0.8544222669840689,0.0,-0.6136183909971485,0.90625
2,test,11,reversal,none,reversal,reversal,1.0,value,1,0.8377214566929134,0.7769427953653197,0.0539606074640956,0.6492962882852624,0.8544222669840689,0.0,-0.6136183909971485,0.90625
2,test,11,rotate_45,none,rotate_45,rotate_45,0.35,dual,1,0.9078494094488188,0.9990230616620996,0.0,0.1507946356407264,0.9268334554110969,1.0,-3.1889839302290133,0.7421875
2,test,11,rotate_45,none,rotate_45,rotate_45,0.35,geometry,1,0.8016732283464567,0.9313798036802744,0.0266048469093905,0.6539169751908565,0.7869495055850577,0.5384615384615384,-2.3853688066304954,0.9453125
2,test,11,rotate_45,none,rotate_45,rotate_45,0.35,rank,1,0.8223425196850394,0.965617585187426,0.0272281682944648,0.4252510027403784,0.8213010437648782,0.8461538461538461,-1.9557834741033868,0.6875
2,test,11,rotate_45,none,rotate_45,rotate_45,0.35,target_only,1,0.7223179133858267,0.9315570649858316,0.0272281682944648,0.8291410234190685,0.5859732649697856,0.5384615384615384,-2.138114583711186,1.0
2,test,11,rotate_45,none,rotate_45,rotate_45,0.35,value,1,0.9442667322834646,0.9848426673940792,0.0266048469093905,0.0630155553341881,0.9706841695660136,0.9230769230769232,-4.698547736778113,1.0
2,test,11,rotate_45,none,rotate_45,rotate_45,0.7,dual,1,0.8512549212598425,0.999545369500895,0.0,0.3957047604375728,0.8474237776963925,1.0,0.9833565290409256,0.484375
2,test,11,rotate_45,none,rotate_45,rotate_45,0.7,geometry,1,0.8458415354330708,0.9772812446150888,0.0589725490579628,1.0459664119489172,0.8629314685954953,0.6923076923076923,-0.949234968926428,0.7734375
2,test,11,rotate_45,none,rotate_45,rotate_45,0.7,rank,1,0.813361220472441,0.9934777035560176,0.0699014679372715,1.0684388047176911,0.7859766984068851,1.0,2.293294315905916,0.4921875
2,test,11,rotate_45,none,rotate_45,rotate_45,0.7,target_only,1,0.796875,0.9284014643925949,0.0715038560125868,1.5830039992841622,0.7729696941952023,0.5384615384615384,-0.7443477131003834,0.78125
2,test,11,rotate_45,none,rotate_45,rotate_45,0.7,value,1,0.9076033464566928,0.9993531698416434,0.0,0.1415717986400769,0.9316974913019592,1.0,-3.037254640620185,0.7265625
2,test,11,rotate_45,none,rotate_45,rotate_45,1.0,dual,1,0.9474655511811024,0.9989516188475518,0.0,0.1420532981127647,0.9797827778795092,0.9230769230769232,-0.8283419348137053,0.6171875
2,test,11,rotate_45,none,rotate_45,rotate_45,1.0,geometry,1,0.8064714566929134,0.9339120395871908,0.0391462527008706,0.5906321718688674,0.816557178172496,0.4615384615384615,0.2065327567268452,0.5703125
2,test,11,rotate_45,none,rotate_45,rotate_45,1.0,rank,1,0.8800442913385826,0.9989516188475518,0.0,0.4288411474346979,0.9077092107672587,0.9230769230769232,1.3721014528568884,0.4609375
2,test,11,rotate_45,none,rotate_45,rotate_45,1.0,target_only,1,0.8089320866141733,0.9632288154295456,0.0321374026515026,0.7274886683635561,0.8029836568394066,0.6153846153846154,-0.4052760851609698,0.84375
2,test,11,rotate_45,none,rotate_45,rotate_45,1.0,value,1,0.9781003937007874,1.0,0.0,0.0550009383647986,0.9943806079472622,1.0,-2.5271465506018758,0.8203125
2,test,11,roughness,none,roughness,roughness,0.35,dual,1,0.4429133858267716,0.9295840929675636,0.0224536093579526,1.555598774293234,-0.104971616919978,0.6923076923076923,26.281421431245388,0.40625
2,test,11,roughness,none,roughness,roughness,0.35,geometry,1,0.4489419291338583,0.7904221364944006,0.1669067750159434,1.5662415980461368,-0.1128799670390038,0.6153846153846154,14.562368304703114,0.4296875
2,test,11,roughness,none,roughness,roughness,0.35,rank,1,0.4398375984251969,0.892924523857186,0.0224536093579526,1.5504800246507873,-0.1218183482878593,0.6923076923076923,28.02111032275465,0.40625
2,test,11,roughness,none,roughness,roughness,0.35,target_only,1,0.4442667322834646,0.931597484009274,0.0224536093579526,1.5386622974371436,-0.1274835195019227,0.6923076923076923,3.9032470926807807,0.5703125
2,test,11,roughness,none,roughness,roughness,0.35,value,1,0.4501722440944882,0.9451794453676454,0.0050042453645707,1.5699695864397882,-0.0863795550265519,0.6923076923076923,18.66859672800604,0.4296875
2,test,11,roughness,none,roughness,roughness,0.7,dual,1,0.5828001968503937,0.6920116262661606,0.0134012332205707,1.1481182271118306,0.2422289873649514,0.2307692307692307,29.64803526127837,0.2890625
2,test,11,roughness,none,roughness,roughness,0.7,geometry,1,0.592888779527559,0.7061454711276579,0.0590991953063711,1.2268696082758404,0.2705262314594396,0.2307692307692307,15.471760122231965,0.25
2,test,11,roughness,none,roughness,roughness,0.7,rank,1,0.5907972440944882,0.6920116262661606,0.0134012332205707,1.1310911766150524,0.2653875206006226,0.2307692307692307,31.63071596733109,0.28125
2,test,11,roughness,none,roughness,roughness,0.7,target_only,1,0.6267224409448819,0.6938687692509962,0.0,1.1065435455477095,0.3805965024720746,0.2307692307692307,4.639768607677643,0.5
2,test,11,roughness,none,roughness,roughness,0.7,value,1,0.5815698818897638,0.6937728536665573,0.0,1.2291466874733412,0.2339486815601538,0.2307692307692307,21.188092700335645,0.265625
2,test,11,roughness,none,roughness,roughness,1.0,dual,1,0.6144192913385826,0.6174660824270907,0.0741582329849365,1.001869953832747,0.3471090459622779,0.1538461538461538,12.078714860859584,0.2890625
2,test,11,roughness,none,roughness,roughness,1.0,geometry,1,0.6256151574803149,0.6231181161296993,0.0741582329849365,0.9355706907235112,0.3840814411279985,0.1538461538461538,5.966873955690135,0.359375
2,test,11,roughness,none,roughness,roughness,1.0,rank,1,0.6028543307086615,0.6258381576616654,0.0741582329849365,1.002233515921974,0.3181079472624061,0.1538461538461538,13.097180672364958,0.3125
2,test,11,roughness,none,roughness,roughness,1.0,target_only,1,0.6836860236220472,0.6198800224313434,0.0542069766262733,1.0009587476580106,0.5602167643288776,0.1538461538461538,1.9240499804445992,0.578125
2,test,11,roughness,none,roughness,roughness,1.0,value,1,0.6428395669291339,0.6192766605179642,0.0542069766262733,1.028210168270612,0.4405843709943233,0.1538461538461538,8.40434923955836,0.25
2,test,11,scale_0.7,none,scale_0.7,scale_0.7,0.35,dual,1,0.9306102362204725,0.959846491564873,0.0025123658386592,0.2093920149650933,0.97153108405054,0.6923076923076923,0.072026249466121,0.2265625
2,test,11,scale_0.7,none,scale_0.7,scale_0.7,0.35,geometry,1,0.7586122047244095,0.8765870433511355,0.0359160682520651,0.7463872172928855,0.7156827961911737,0.4615384615384615,-2.364998303576587,0.7109375
2,test,11,scale_0.7,none,scale_0.7,scale_0.7,0.35,rank,1,0.8515009842519685,0.9170937921863213,0.0195238191624139,0.4530501518519441,0.890748031496063,0.6153846153846154,0.5573602803594211,0.2265625
2,test,11,scale_0.7,none,scale_0.7,scale_0.7,0.35,target_only,1,0.8085629921259843,0.9467433535374756,0.0195238191624139,0.6782340842480465,0.8097589727156198,0.6923076923076923,-2.8247416927689626,1.0
2,test,11,scale_0.7,none,scale_0.7,scale_0.7,0.35,value,1,0.9771161417322834,0.9755301749088254,0.0005571074764421,0.0679793769437355,0.9954907526094122,0.7692307692307693,-5.120856395943903,0.8828125
2,test,11,scale_0.7,none,scale_0.7,scale_0.7,0.7,dual,1,0.9099409448818898,0.9906280705729972,0.0015166348807614,0.22012184146729,0.9421122505035706,0.9230769230769232,-0.296264961164127,0.4609375
2,test,11,scale_0.7,none,scale_0.7,scale_0.7,0.7,geometry,1,0.7213336614173228,0.8532050582163292,0.1257025342466083,0.9122287174139784,0.6545218366599523,0.2307692307692307,-1.3973977043608403,0.671875
2,test,11,scale_0.7,none,scale_0.7,scale_0.7,0.7,rank,1,0.8452263779527559,0.9680650172195604,0.006830757862168,0.4825963364359961,0.8556010803882073,0.7692307692307693,0.3043904040596694,0.4765625
2,test,11,scale_0.7,none,scale_0.7,scale_0.7,0.7,target_only,1,0.7429872047244095,0.9662742401108232,0.0,0.834120375338031,0.6694687328328145,0.6923076923076923,-1.7407379635946554,0.984375
2,test,11,scale_0.7,none,scale_0.7,scale_0.7,0.7,value,1,0.9653051181102362,0.9995647524624722,0.0,0.0655345845160026,0.9894479033144112,1.0,-4.217324514617033,0.90625
2,test,11,scale_0.7,none,scale_0.7,scale_0.7,1.0,dual,1,0.9110482283464568,0.9980298981966104,0.0049894523771313,0.0869285049856249,0.9220895898187146,1.0,-3.480492967401232,0.8671875
2,test,11,scale_0.7,none,scale_0.7,scale_0.7,1.0,geometry,1,0.8299704724409449,0.8664006786959895,0.1192619749411247,0.6652142017257648,0.8598585423915034,0.2307692307692307,-1.6117975248162133,0.8203125
2,test,11,scale_0.7,none,scale_0.7,scale_0.7,1.0,rank,1,0.8518700787401575,0.994667973503143,0.0049894523771313,0.1905716565138445,0.8301535890862478,0.9230769230769232,-2.6838078465585564,0.859375
2,test,11,scale_0.7,none,scale_0.7,scale_0.7,1.0,target_only,1,0.8196358267716536,0.8617156077618996,0.1620914968873453,1.0525413600407207,0.8539015290239883,0.2307692307692307,-1.3572273353816169,0.90625
2,test,11,scale_0.7,none,scale_0.7,scale_0.7,1.0,value,1,0.9593996062992126,0.9999630507997244,0.0,0.0886846150733416,0.984641091375206,1.0,-3.825169232829565,0.859375
2,test,11,scale_1.5,none,scale_1.5,scale_1.5,0.35,dual,1,0.7737450787401575,0.9274029652842414,0.0035884495283169,1.2251914034555698,0.7325981963010437,0.3846153846153846,-1.1736982916269645,0.71875
2,test,11,scale_1.5,none,scale_1.5,scale_1.5,0.35,geometry,1,0.6612942913385826,0.9207783126024598,0.0907543530018168,0.9155383619403896,0.530757874015748,0.6153846153846154,-1.469640292897778,0.875
2,test,11,scale_1.5,none,scale_1.5,scale_1.5,0.35,rank,1,0.735113188976378,0.9122193522179084,0.0444293032680989,2.3161775061434087,0.658092611243362,0.3076923076923077,-0.1273502986141675,0.6015625
2,test,11,scale_1.5,none,scale_1.5,scale_1.5,0.35,target_only,1,0.6481299212598425,0.8642860370081394,0.1636616538671207,1.07594243950267,0.4675940761765244,0.4615384615384615,-1.3289933032970542,1.0
2,test,11,scale_1.5,none,scale_1.5,scale_1.5,0.35,value,1,0.7958907480314961,0.9655237943842402,0.0035884495283169,0.876828008021212,0.7616336293719098,0.6153846153846154,-1.8394683859902103,0.8359375
2,test,11,scale_1.5,none,scale_1.5,scale_1.5,0.7,dual,1,0.8623277559055118,0.9954036380136746,0.0,1.1219666583114254,0.8976492400659221,0.8461538461538461,4.537289866754342,0.4375
2,test,11,scale_1.5,none,scale_1.5,scale_1.5,0.7,geometry,1,0.9333169291338582,0.9655955963149228,0.0,0.2389625671940547,0.969076176524446,0.6923076923076923,-1.1578572725776926,0.9765625
2,test,11,scale_1.5,none,scale_1.5,scale_1.5,0.7,rank,1,0.8216043307086615,0.9717959437259563,0.0034574379040294,1.5792460504020618,0.8296156839406701,0.6153846153846154,4.316202759560687,0.3828125
2,test,11,scale_1.5,none,scale_1.5,scale_1.5,0.7,target_only,1,0.8838582677165354,0.9495635512334966,0.0798251860997577,0.4835419801696427,0.931153863761216,0.6923076923076923,-0.5801137988707197,1.0
2,test,11,scale_1.5,none,scale_1.5,scale_1.5,0.7,value,1,0.8698326771653543,0.988557059654049,0.0,0.9643826757329952,0.9082528383080022,0.7692307692307693,3.169324118930721,0.5234375
2,test,11,scale_1.5,none,scale_1.5,scale_1.5,1.0,dual,1,0.7826033464566929,0.7776513807044064,0.1570751054972544,0.8008603615796173,0.7542975187694562,0.3846153846153846,3.689121915411546,0.6171875
2,test,11,scale_1.5,none,scale_1.5,scale_1.5,1.0,geometry,1,0.906126968503937,0.8727531368707141,0.0818239661785926,0.2996819714553358,0.9510620765427578,0.3076923076923077,-0.6348301711280985,1.0
2,test,11,scale_1.5,none,scale_1.5,scale_1.5,1.0,rank,1,0.7452017716535433,0.5752368707805948,0.1894477205184477,0.8815453759526884,0.6606791338582677,0.0,1.9938365421015964,0.6953125
2,test,11,scale_1.5,none,scale_1.5,scale_1.5,1.0,target_only,1,0.8858267716535433,0.9612611003631812,0.0,0.5598324549665143,0.9298148232924373,0.6923076923076923,-0.1153278785548231,1.0
2,test,11,scale_1.5,none,scale_1.5,scale_1.5,1.0,value,1,0.8000738188976378,0.8374746682308528,0.1133128431183033,0.76828405485284,0.788231322102179,0.2307692307692307,3.375603832206449,0.5625
2,test,23,identity,identity_label_permutation,identity_label_permutation,identity_label_permutation,0.35,dual,1,0.9120324803149606,0.9494945686818744,0.0,0.3221407372164071,0.9525899560520052,0.5384615384615384,-2.452077883047501,1.0
2,test,23,identity,identity_label_permutation,identity_label_permutation,identity_label_permutation,0.35,geometry,1,0.9005905511811023,0.943306170490682,0.0,0.3823631626248066,0.9400922450100712,0.5384615384615384,-1.724860287828881,0.6484375
2,test,23,identity,identity_label_permutation,identity_label_permutation,identity_label_permutation,0.35,rank,1,0.9120324803149606,0.9494945686818744,0.0,0.3221407372164071,0.9525899560520052,0.5384615384615384,-2.452077883047501,1.0
2,test,23,identity,identity_label_permutation,identity_label_permutation,identity_label_permutation,0.35,target_only,1,0.9120324803149606,0.9494945686818744,0.0,0.3221407372164071,0.9525899560520052,0.5384615384615384,-2.452077883047501,1.0
2,test,23,identity,identity_label_permutation,identity_label_permutation,identity_label_permutation,0.35,value,1,0.9120324803149606,0.9494945686818744,0.0,0.3221407372164071,0.9525899560520052,0.5384615384615384,-2.452077883047501,1.0
2,test,23,identity,identity_label_permutation,identity_label_permutation,identity_label_permutation,0.7,dual,1,0.8200049212598425,0.949036344454076,0.0,0.5537937541143012,0.8158819355429409,0.5384615384615384,-1.7643586638286457,1.0
2,test,23,identity,identity_label_permutation,identity_label_permutation,identity_label_permutation,0.7,geometry,1,0.8993602362204725,0.9340777942137432,0.0161977838651984,0.6191928154666455,0.9350164804980772,0.5384615384615384,-0.459725270935134,0.6875
2,test,23,identity,identity_label_permutation,identity_label_permutation,identity_label_permutation,0.7,rank,1,0.8200049212598425,0.949036344454076,0.0,0.5537937541143012,0.8158819355429409,0.5384615384615384,-1.7643586638286457,1.0
2,test,23,identity,identity_label_permutation,identity_label_permutation,identity_label_permutation,0.7,target_only,1,0.8200049212598425,0.949036344454076,0.0,0.5537937541143012,0.8158819355429409,0.5384615384615384,-1.7643586638286457,1.0
2,test,23,identity,identity_label_permutation,identity_label_permutation,identity_label_permutation,0.7,value,1,0.8200049212598425,0.949036344454076,0.0,0.5537937541143012,0.8158819355429409,0.5384615384615384,-1.7643586638286457,1.0
2,test,23,identity,identity_label_permutation,identity_label_permutation,identity_label_permutation,1.0,dual,1,0.71751968503937,0.9479216894347262,0.0041589036797748,1.0663729135095628,0.6172347097601172,0.5384615384615384,1.2987151944131292,0.5390625
2,test,23,identity,identity_label_permutation,identity_label_permutation,identity_label_permutation,1.0,geometry,1,0.8467027559055118,0.9379209368088336,0.0109679935258359,0.7682478255949351,0.8691059329793078,0.5384615384615384,7.2142881822700975,0.234375
2,test,23,identity,identity_label_permutation,identity_label_permutation,identity_label_permutation,1.0,rank,1,0.71751968503937,0.9479216894347262,0.0041589036797748,1.0663729135095628,0.6172347097601172,0.5384615384615384,1.2987151944131292,0.5390625
2,test,23,identity,identity_label_permutation,identity_label_permutation,identity_label_permutation,1.0,target_only,1,0.71751968503937,0.9479216894347262,0.0041589036797748,1.0663729135095628,0.6172347097601172,0.5384615384615384,1.2987151944131292,0.5390625
2,test,23,identity,identity_label_permutation,identity_label_permutation,identity_label_permutation,1.0,value,1,0.71751968503937,0.9479216894347262,0.0041589036797748,1.0663729135095628,0.6172347097601172,0.5384615384615384,1.2987151944131292,0.5390625
2,test,23,identity,none,identity,identity,0.35,dual,1,0.9256889763779528,0.9981840933936368,0.0,0.1327186325514578,0.9545126808276873,0.9230769230769232,-3.3908496675245914,0.65625
2,test,23,identity,none,identity,identity,0.35,geometry,1,0.9005905511811023,0.943306170490682,0.0,0.3823631626248066,0.9400922450100712,0.5384615384615384,-1.724860287828881,0.6484375
2,test,23,identity,none,identity,identity,0.35,rank,1,0.905265748031496,0.9853661739405104,0.0178754046422014,0.2895277936685593,0.9407102636879692,0.9230769230769232,-2.1056078748340905,0.5625
2,test,23,identity,none,identity,identity,0.35,target_only,1,0.9120324803149606,0.9494945686818744,0.0,0.3221407372164071,0.9525899560520052,0.5384615384615384,-2.452077883047501,1.0
2,test,23,identity,none,identity,identity,0.35,value,1,0.9491879921259844,0.9994370202763868,0.0,0.0337614981026626,0.9713308002197398,1.0,-5.0635433786581805,1.0
2,test,23,identity,none,identity,identity,0.7,dual,1,0.8727854330708661,0.9998834097663112,0.0,0.2043589882257056,0.8680472898736495,1.0,-1.3338462010080812,0.6953125
2,test,23,identity,none,identity,identity,0.7,geometry,1,0.8993602362204725,0.9340777942137432,0.0161977838651984,0.6191928154666455,0.9350164804980772,0.5384615384615384,-0.459725270935134,0.6875
2,test,23,identity,none,identity,identity,0.7,rank,1,0.8396899606299213,0.999448161514476,0.0,0.4154353267569202,0.8283167002380516,1.0,-0.3588354030471627,0.6640625
2,test,23,identity,none,identity,identity,0.7,target_only,1,0.8200049212598425,0.949036344454076,0.0,0.5537937541143012,0.8158819355429409,0.5384615384615384,-1.7643586638286457,1.0
2,test,23,identity,none,identity,identity,0.7,value,1,0.9133858267716536,0.9987966403279592,0.0,0.0845310107373115,0.9413969511078556,1.0,-3.8547364850957946,0.8828125
2,test,23,identity,none,identity,identity,1.0,dual,1,0.9480807086614174,0.996524155731094,0.0017921364872932,0.2849772122556715,0.9805266892510528,1.0,18.47913950496259,0.1796875
2,test,23,identity,none,identity,identity,1.0,geometry,1,0.8467027559055118,0.9379209368088336,0.0109679935258359,0.7682478255949351,0.8691059329793078,0.5384615384615384,7.2142881822700975,0.234375
2,test,23,identity,none,identity,identity,1.0,rank,1,0.8604822834645669,0.9962385620146804,0.0017921364872932,0.7065339329278646,0.8830399652078373,1.0,28.87670438764011,0.1796875
2,test,23,identity,none,identity,identity,1.0,target_only,1,0.71751968503937,0.9479216894347262,0.0041589036797748,1.0663729135095628,0.6172347097601172,0.5384615384615384,1.2987151944131292,0.5390625
2,test,23,identity,none,identity,identity,1.0,value,1,0.9728100393700788,0.9975198356028724,0.0017921364872932,0.0573145776675603,0.9932075169382898,0.9230769230769232,-1.4010869757184032,0.671875
2,test,23,independent_expert,none,independent_expert,independent_expert,0.35,dual,1,0.8540846456692913,0.9185555396160798,0.0321079268595892,0.5292661353102109,0.8951428309833365,0.5384615384615384,-2.1747856461970465,0.9140625
2,test,23,independent_expert,none,independent_expert,independent_expert,0.35,geometry,1,0.9005905511811023,0.943306170490682,0.0,0.3823631626248066,0.9400922450100712,0.5384615384615384,-1.724860287828881,0.6484375
2,test,23,independent_expert,none,independent_expert,independent_expert,0.35,rank,1,0.8540846456692913,0.9185555396160798,0.0321079268595892,0.529266135310211,0.8951428309833365,0.5384615384615384,-2.174785646197046,0.9140625
2,test,23,independent_expert,none,independent_expert,independent_expert,0.35,target_only,1,0.9120324803149606,0.9494945686818744,0.0,0.3221407372164071,0.9525899560520052,0.5384615384615384,-2.452077883047501,1.0
2,test,23,independent_expert,none,independent_expert,independent_expert,0.35,value,1,0.9108021653543308,0.9479216894347262,0.00230266672854,0.3249088845315233,0.9516343160593296,0.5384615384615384,-2.4495280381684883,1.0
2,test,23,independent_expert,none,independent_expert,independent_expert,0.7,dual,1,0.8020423228346457,0.9471379448934966,0.0,0.6229378235130942,0.79038294268449,0.5384615384615384,-1.677486461627104,0.96875
2,test,23,independent_expert,none,independent_expert,independent_expert,0.7,geometry,1,0.8993602362204725,0.9340777942137432,0.0161977838651984,0.6191928154666455,0.9350164804980772,0.5384615384615384,-0.459725270935134,0.6875
2,test,23,independent_expert,none,independent_expert,independent_expert,0.7,rank,1,0.8020423228346457,0.9471379448934966,0.0,0.6229378235130942,0.79038294268449,0.5384615384615384,-1.6774864616271037,0.96875
2,test,23,independent_expert,none,independent_expert,independent_expert,0.7,target_only,1,0.8200049212598425,0.949036344454076,0.0,0.5537937541143012,0.8158819355429409,0.5384615384615384,-1.7643586638286457,1.0
2,test,23,independent_expert,none,independent_expert,independent_expert,0.7,value,1,0.8196358267716536,0.949036344454076,0.0,0.5537521470793926,0.815859045962278,0.5384615384615384,-1.7638862249795213,1.0
2,test,23,independent_expert,none,independent_expert,independent_expert,1.0,dual,1,0.734867125984252,0.9429276868878746,0.0109679935258359,1.0420991709533387,0.6644959714338033,0.5384615384615384,1.186846977964287,0.5546875
2,test,23,independent_expert,none,independent_expert,independent_expert,1.0,geometry,1,0.8467027559055118,0.9379209368088336,0.0109679935258359,0.7682478255949351,0.8691059329793078,0.5384615384615384,7.2142881822700975,0.234375
2,test,23,independent_expert,none,independent_expert,independent_expert,1.0,rank,1,0.734867125984252,0.9429276868878746,0.0109679935258359,1.0420991709533387,0.6644959714338033,0.5384615384615384,1.1868469779642876,0.5546875
2,test,23,independent_expert,none,independent_expert,independent_expert,1.0,target_only,1,0.71751968503937,0.9479216894347262,0.0041589036797748,1.0663729135095628,0.6172347097601172,0.5384615384615384,1.2987151944131292,0.5390625
2,test,23,independent_expert,none,independent_expert,independent_expert,1.0,value,1,0.7173966535433071,0.9479216894347262,0.0041589036797748,1.0659059536385869,0.6179156747848379,0.5384615384615384,1.2963059863876036,0.5390625
2,test,23,output_affine,none,output_affine,output_affine,0.35,dual,1,0.9256889763779528,0.9981840933936368,0.0,0.1327186325514593,0.9545126808276873,0.9230769230769232,-2.4745589356504234,0.65625
2,test,23,output_affine,none,output_affine,output_affine,0.35,geometry,1,0.9005905511811023,0.943306170490682,0.0,0.3823631626248067,0.9400922450100712,0.5384615384615384,-0.8085695559547236,0.6484375
2,test,23,output_affine,none,output_affine,output_affine,0.35,rank,1,0.905265748031496,0.9853661739405104,0.0178754046422015,0.2895277936685599,0.9407102636879692,0.9230769230769232,-1.1893171429599054,0.5625
2,test,23,output_affine,none,output_affine,output_affine,0.35,target_only,1,0.9120324803149606,0.9494945686818744,0.0,0.3221407372164074,0.9525899560520052,0.5384615384615384,-1.5357871511733456,1.0
2,test,23,output_affine,none,output_affine,output_affine,0.35,value,1,0.9491879921259844,0.9994370202763868,0.0,0.0337614981026638,0.9713308002197398,1.0,-4.147252646784008,1.0
2,test,23,output_affine,none,output_affine,output_affine,0.7,dual,1,0.8727854330708661,0.9998834097663112,0.0,0.2043589882257059,0.8680472898736495,1.0,-0.4175554691339088,0.6953125
2,test,23,output_affine,none,output_affine,output_affine,0.7,geometry,1,0.8993602362204725,0.9340777942137432,0.0161977838651983,0.6191928154666455,0.9350164804980772,0.5384615384615384,0.4565654609390195,0.6875
2,test,23,output_affine,none,output_affine,output_affine,0.7,rank,1,0.8396899606299213,0.999448161514476,0.0,0.4154353267569204,0.8283167002380516,1.0,0.5574553288270201,0.6640625
2,test,23,output_affine,none,output_affine,output_affine,0.7,target_only,1,0.8200049212598425,0.949036344454076,0.0,0.5537937541143011,0.8158819355429409,0.5384615384615384,-0.848067931954491,1.0
2,test,23,output_affine,none,output_affine,output_affine,0.7,value,1,0.9133858267716536,0.9987966403279592,0.0,0.0845310107373115,0.9413969511078556,1.0,-2.9384457532216364,0.8828125
2,test,23,output_affine,none,output_affine,output_affine,1.0,dual,1,0.9480807086614174,0.996524155731094,0.001792136487293,0.2849772122556714,0.9805266892510528,1.0,19.395430236836543,0.1796875
2,test,23,output_affine,none,output_affine,output_affine,1.0,geometry,1,0.8467027559055118,0.9379209368088336,0.0109679935258356,0.7682478255949349,0.8691059329793078,0.5384615384615384,8.130578914144253,0.234375
2,test,23,output_affine,none,output_affine,output_affine,1.0,rank,1,0.8604822834645669,0.9962385620146804,0.001792136487293,0.7065339329278643,0.8830399652078373,1.0,29.79299511951428,0.1796875
2,test,23,output_affine,none,output_affine,output_affine,1.0,target_only,1,0.71751968503937,0.9479216894347262,0.0041589036797748,1.0663729135095628,0.6172347097601172,0.5384615384615384,2.2150059262872848,0.5390625
2,test,23,output_affine,none,output_affine,output_affine,1.0,value,1,0.9728100393700788,0.9975198356028724,0.001792136487293,0.0573145776675604,0.9932075169382898,0.9230769230769232,-0.4847962438442174,0.671875
2,test,23,reversal,none,reversal,reversal,0.35,dual,1,0.9120324803149606,0.8206770208030751,0.0058981766347774,0.3221407372164071,0.9525899560520052,0.3076923076923077,-2.452077883047501,1.0
2,test,23,reversal,none,reversal,reversal,0.35,geometry,1,0.9120324803149606,0.8206770208030751,0.0058981766347774,0.3221407372164071,0.9525899560520052,0.3076923076923077,-2.452077883047501,1.0
2,test,23,reversal,none,reversal,reversal,0.35,rank,1,0.9120324803149606,0.8206770208030751,0.0058981766347774,0.3221407372164071,0.9525899560520052,0.3076923076923077,-2.452077883047501,1.0
2,test,23,reversal,none,reversal,reversal,0.35,target_only,1,0.9120324803149606,0.8206770208030751,0.0058981766347774,0.3221407372164071,0.9525899560520052,0.3076923076923077,-2.452077883047501,1.0
2,test,23,reversal,none,reversal,reversal,0.35,value,1,0.9120324803149606,0.8206770208030751,0.0058981766347774,0.3221407372164071,0.9525899560520052,0.3076923076923077,-2.452077883047501,1.0
2,test,23,reversal,none,reversal,reversal,0.7,dual,1,0.8200049212598425,0.6868313895547657,0.0628830581544422,0.5537937541143012,0.8158819355429409,0.1538461538461538,-1.7643586638286457,1.0
2,test,23,reversal,none,reversal,reversal,0.7,geometry,1,0.8200049212598425,0.6868313895547657,0.0628830581544422,0.5537937541143012,0.8158819355429409,0.1538461538461538,-1.7643586638286457,1.0
2,test,23,reversal,none,reversal,reversal,0.7,rank,1,0.8200049212598425,0.6868313895547657,0.0628830581544422,0.5537937541143012,0.8158819355429409,0.1538461538461538,-1.7643586638286457,1.0
2,test,23,reversal,none,reversal,reversal,0.7,target_only,1,0.8200049212598425,0.6868313895547657,0.0628830581544422,0.5537937541143012,0.8158819355429409,0.1538461538461538,-1.7643586638286457,1.0
2,test,23,reversal,none,reversal,reversal,0.7,value,1,0.8200049212598425,0.6868313895547657,0.0628830581544422,0.5537937541143012,0.8158819355429409,0.1538461538461538,-1.7643586638286457,1.0
2,test,23,reversal,none,reversal,reversal,1.0,dual,1,0.71751968503937,0.5592988561208896,0.2829927858158176,1.0663729135095628,0.6172347097601172,0.0,1.2987151944131292,0.5390625
2,test,23,reversal,none,reversal,reversal,1.0,geometry,1,0.71751968503937,0.5592988561208896,0.2829927858158176,1.0663729135095628,0.6172347097601172,0.0,1.2987151944131292,0.5390625
2,test,23,reversal,none,reversal,reversal,1.0,rank,1,0.71751968503937,0.5592988561208896,0.2829927858158176,1.0663729135095628,0.6172347097601172,0.0,1.2987151944131292,0.5390625
2,test,23,reversal,none,reversal,reversal,1.0,target_only,1,0.71751968503937,0.5592988561208896,0.2829927858158176,1.0663729135095628,0.6172347097601172,0.0,1.2987151944131292,0.5390625
2,test,23,reversal,none,reversal,reversal,1.0,value,1,0.71751968503937,0.5592988561208896,0.2829927858158176,1.0663729135095628,0.6172347097601172,0.0,1.2987151944131292,0.5390625
2,test,23,rotate_45,none,rotate_45,rotate_45,0.35,dual,1,0.9498031496062992,0.9991985835332492,0.0,0.1342487278581421,0.9781576176524444,1.0,-3.401878946736362,0.7421875
2,test,23,rotate_45,none,rotate_45,rotate_45,0.35,geometry,1,0.9304872047244096,0.9753164305428532,0.0502951953580293,0.6415905108614985,0.9708100622596594,0.6923076923076923,-2.490920097859839,1.0
2,test,23,rotate_45,none,rotate_45,rotate_45,0.35,rank,1,0.9308562992125984,0.9935205498200972,1.2257075277323676e-05,0.3669519127579954,0.96891022706464,0.9230769230769232,-2.3815917601749463,0.7421875
2,test,23,rotate_45,none,rotate_45,rotate_45,0.35,target_only,1,0.9106791338582676,0.940916985208084,0.0013356710880549,0.6370890959500234,0.9577973356528108,0.5384615384615384,-2.239613960744141,1.0
2,test,23,rotate_45,none,rotate_45,rotate_45,0.35,value,1,0.968996062992126,0.9996156525763916,0.0,0.0578520965746735,0.9856138985533784,1.0,-4.762775157924712,1.0
2,test,23,rotate_45,none,rotate_45,rotate_45,0.7,dual,1,0.9141240157480316,0.9998534859141408,0.0,0.5963882734980784,0.9484412195568576,1.0,6.394086682702126,0.1015625
2,test,23,rotate_45,none,rotate_45,rotate_45,0.7,geometry,1,0.938361220472441,0.96799829655118,0.1288963550918753,1.533981121110643,0.9737170390038452,0.7692307692307693,-0.8289335890738945,0.8046875
2,test,23,rotate_45,none,rotate_45,rotate_45,0.7,rank,1,0.8933316929133859,0.9994429483923564,0.0,1.5640751974856857,0.9299464383812488,1.0,7.519802338919445,0.0703125
2,test,23,rotate_45,none,rotate_45,rotate_45,0.7,target_only,1,0.9307332677165354,0.9527308175029198,0.001902675187565,1.9205655579708445,0.9700661508881158,0.5384615384615384,-0.7722298608321372,0.859375
2,test,23,rotate_45,none,rotate_45,rotate_45,0.7,value,1,0.9601377952755904,0.9950741888376752,0.001902675187565,0.1501148134101025,0.982266297381432,1.0,-3.219011989462772,0.8125
2,test,23,rotate_45,none,rotate_45,rotate_45,1.0,dual,1,0.9750246062992126,0.9995683544968922,0.0,0.1199431096027175,0.9957253708112068,1.0,-1.6527885638691984,0.6484375
2,test,23,rotate_45,none,rotate_45,rotate_45,1.0,geometry,1,0.9574311023622047,0.9515357191071824,0.0012982516089276,0.2787423253012596,0.98693577183666,0.6153846153846154,-1.2892702974418349,0.9765625
2,test,23,rotate_45,none,rotate_45,rotate_45,1.0,rank,1,0.9410679133858268,0.9993565154823698,0.0,0.3213357220568775,0.9787355795641824,1.0,-0.6077888924160957,0.6171875
2,test,23,rotate_45,none,rotate_45,rotate_45,1.0,target_only,1,0.9381151574803148,0.93649915159479,0.0012982516089276,0.4935212620839796,0.9727499542208384,0.4615384615384615,-0.8589446988482818,1.0
2,test,23,rotate_45,none,rotate_45,rotate_45,1.0,value,1,0.984867125984252,0.9950442511848492,0.0004395630137862,0.089787528927831,0.9977396539095404,0.9230769230769232,-1.6482094868634356,0.7109375
2,test,23,roughness,none,roughness,roughness,0.35,dual,1,0.6434547244094488,0.7843986028364287,0.4628538752189928,1.2985142602545394,0.3722303607397911,0.0,25.826496596049623,0.546875
2,test,23,roughness,none,roughness,roughness,0.35,geometry,1,0.6186023622047244,0.7458056476628779,0.4738518910894937,1.3904440550254349,0.2953900384544954,0.0,24.012975677002625,0.53125
2,test,23,roughness,none,roughness,roughness,0.35,rank,1,0.6231545275590551,0.7237183817409351,0.4986313754561126,1.3263590244148888,0.3225313587255081,0.0,24.32097895722772,0.53125
2,test,23,roughness,none,roughness,roughness,0.35,target_only,1,0.6215551181102362,0.7519185926057815,0.4986313754561126,1.3701466560102766,0.3075730177623146,0.0,7.141173319559508,0.609375
2,test,23,roughness,none,roughness,roughness,0.35,value,1,0.6500984251968503,0.7928855544877219,0.4627331137192623,1.2897332517320692,0.3905363028749313,0.0,25.893673313886165,0.5234375
2,test,23,roughness,none,roughness,roughness,0.7,dual,1,0.4144931102362205,0.7277410699623489,0.0895422010230627,1.319080061613264,-0.2733702618568028,0.2307692307692307,29.62359242839524,0.171875
2,test,23,roughness,none,roughness,roughness,0.7,geometry,1,0.4440206692913386,0.6960587964052329,0.2404596592992904,1.2978394890400269,-0.1637406152719282,0.2307692307692307,24.59015449041948,0.203125
2,test,23,roughness,none,roughness,roughness,0.7,rank,1,0.421628937007874,0.7277410699623489,0.0895422010230627,1.3069796748590616,-0.2456738692547152,0.2307692307692307,26.229642581393332,0.1875
2,test,23,roughness,none,roughness,roughness,0.7,target_only,1,0.4339320866141732,0.7179132155755575,0.0895422010230627,1.349402786916117,-0.2048846365134591,0.2307692307692307,8.62838832741642,0.296875
2,test,23,roughness,none,roughness,roughness,0.7,value,1,0.4135088582677165,0.7281399434498137,0.0895422010230627,1.3301311766268942,-0.2739882805347006,0.2307692307692307,30.751607030006987,0.1484375
2,test,23,roughness,none,roughness,roughness,1.0,dual,1,0.6860236220472441,0.6752520689443644,0.0640132334581926,0.9687121133163832,0.5244460721479582,0.1538461538461538,11.025348218639271,0.359375
2,test,23,roughness,none,roughness,roughness,1.0,geometry,1,0.5338336614173228,0.6707083732018283,0.0640132334581926,1.0687780839822052,0.1236037355795642,0.1538461538461538,9.353898038374588,0.328125
2,test,23,roughness,none,roughness,roughness,1.0,rank,1,0.5670521653543307,0.6752520689443644,0.0640132334581926,1.0514390941445235,0.2078831715802966,0.1538461538461538,9.491256039807208,0.3125
2,test,23,roughness,none,roughness,roughness,1.0,target_only,1,0.5330954724409449,0.6744406556478042,0.0640132334581926,1.2712650163845765,0.0921992309100897,0.1538461538461538,3.37447317395558,0.5078125
2,test,23,roughness,none,roughness,roughness,1.0,value,1,0.6924212598425197,0.6752520689443644,0.0640132334581926,1.0040451218756608,0.5440796099615455,0.1538461538461538,12.386841876437725,0.375
2,test,23,scale_0.7,none,scale_0.7,scale_0.7,0.35,dual,1,0.9597687007874016,0.974053083449996,0.0,0.1353657058382567,0.989470792895074,0.7692307692307693,1.589569559010978,0.3671875
2,test,23,scale_0.7,none,scale_0.7,scale_0.7,0.35,geometry,1,0.923843503937008,0.9305657120654172,0.020252277069294,0.2644655329067374,0.9674452939022156,0.5384615384615384,-2.8798056226148208,0.75
2,test,23,scale_0.7,none,scale_0.7,scale_0.7,0.35,rank,1,0.9160925196850394,0.9473623912231748,0.0014457114113841,0.2822538426683187,0.957322376854056,0.5384615384615384,2.2154644625125,0.3671875
2,test,23,scale_0.7,none,scale_0.7,scale_0.7,0.35,target_only,1,0.9486958661417324,0.9325276067191997,0.020252277069294,0.2007305863975621,0.9840345174876396,0.6153846153846154,-2.996023422082813,1.0
2,test,23,scale_0.7,none,scale_0.7,scale_0.7,0.35,value,1,0.9949557086614174,0.9991531549072564,0.0,0.0190155656347791,0.9996165995238968,1.0,-5.540190508915898,1.0
2,test,23,scale_0.7,none,scale_0.7,scale_0.7,0.7,dual,1,0.9614911417322834,0.998000861634512,0.0039201484436843,0.1102589541524472,0.986689708844534,1.0,-2.93691407102137,0.6875
2,test,23,scale_0.7,none,scale_0.7,scale_0.7,0.7,geometry,1,0.6802411417322834,0.9455049857423832,0.0039201484436843,0.7253047722609363,0.5878444881889764,0.5384615384615384,0.5237678064366733,0.328125
2,test,23,scale_0.7,none,scale_0.7,scale_0.7,0.7,rank,1,0.9313484251968503,0.9955522478301612,0.0039201484436843,0.2296361321853954,0.961825901849478,0.9230769230769232,-2.2328184274108738,0.6875
2,test,23,scale_0.7,none,scale_0.7,scale_0.7,0.7,target_only,1,0.7530757874015748,0.9582070155569108,0.0039201484436843,0.4365744787706723,0.682584462552646,0.6923076923076923,-2.2647426244486657,1.0
2,test,23,scale_0.7,none,scale_0.7,scale_0.7,0.7,value,1,0.985851377952756,0.9993726037412176,0.0,0.0354277632602663,0.9977854330708662,1.0,-4.788831168363943,1.0
2,test,23,scale_0.7,none,scale_0.7,scale_0.7,1.0,dual,1,0.9212598425196852,0.9947435240622298,0.0076516362208489,0.1508141956883919,0.9579804522981138,1.0,0.1608225205023857,0.53125
2,test,23,scale_0.7,none,scale_0.7,scale_0.7,1.0,geometry,1,0.9078494094488188,0.9473623912231748,0.006113419537653,0.6868215410916799,0.954861746932796,0.5384615384615384,-0.6726431643587644,0.796875
2,test,23,scale_0.7,none,scale_0.7,scale_0.7,1.0,rank,1,0.8855807086614174,0.9941020156213592,0.0076516362208489,0.3128745821519971,0.912063953488372,1.0,0.9180000339009796,0.546875
2,test,23,scale_0.7,none,scale_0.7,scale_0.7,1.0,target_only,1,0.6690452755905512,0.943309118469536,0.006113419537653,0.5801829613011067,0.5574642922541659,0.5384615384615384,-1.6780086213030057,1.0
2,test,23,scale_0.7,none,scale_0.7,scale_0.7,1.0,value,1,0.9634596456692912,0.9984896777369984,0.0,0.0438032072570172,0.9886181560153818,1.0,-4.1826088891498285,0.9921875
2,test,23,scale_1.5,none,scale_1.5,scale_1.5,0.35,dual,1,0.7470472440944882,0.933300095718962,0.0279094072405094,2.0663710271679525,0.6554889214429591,0.6153846153846154,0.7338595879434691,0.2890625
2,test,23,scale_1.5,none,scale_1.5,scale_1.5,0.35,geometry,1,0.6994340551181102,0.9188063399883212,0.0333308661243213,0.7328063089863482,0.5995582310932064,0.5384615384615384,-1.190514908770281,0.6640625
2,test,23,scale_1.5,none,scale_1.5,scale_1.5,0.35,rank,1,0.7822342519685039,0.9217281425986223,0.0279094072405094,2.430925163380895,0.7320316791796373,0.5384615384615384,2.2786315685563885,0.3828125
2,test,23,scale_1.5,none,scale_1.5,scale_1.5,0.35,target_only,1,0.7573818897637795,0.968276882764966,0.011454696931662,0.5786605826962133,0.6950192272477568,0.6923076923076923,-1.5928400603832955,1.0
2,test,23,scale_1.5,none,scale_1.5,scale_1.5,0.35,value,1,0.7389271653543307,0.933300095718962,0.0279094072405094,1.8355683033535528,0.636547793444424,0.6153846153846154,-0.2610009120585134,0.3984375
2,test,23,scale_1.5,none,scale_1.5,scale_1.5,0.7,dual,1,0.828371062992126,0.9894540362204136,0.0049053112221956,0.9916370058246192,0.8319046420069585,0.8461538461538461,1.0934537608886217,0.6171875
2,test,23,scale_1.5,none,scale_1.5,scale_1.5,0.7,geometry,1,0.8822588582677166,0.9340777942137432,0.0111291143291115,0.3664491788915696,0.9149423182567296,0.5384615384615384,-0.8765827495019025,0.859375
2,test,23,scale_1.5,none,scale_1.5,scale_1.5,0.7,rank,1,0.7641486220472441,0.9892231500854886,0.0049053112221956,1.2061047198625918,0.6948818897637794,0.8461538461538461,2.216769518791102,0.5
2,test,23,scale_1.5,none,scale_1.5,scale_1.5,0.7,target_only,1,0.8106545275590551,0.973369851863358,0.0,0.5193585067900454,0.8031324391137153,0.6923076923076923,-0.7095018364172794,1.0
2,test,23,scale_1.5,none,scale_1.5,scale_1.5,0.7,value,1,0.8395669291338582,0.9871007204404376,0.0111291143291115,0.8887518595427749,0.8567798937923456,0.8461538461538461,0.5320682226070035,0.671875
2,test,23,scale_1.5,none,scale_1.5,scale_1.5,1.0,dual,1,0.8271407480314961,0.9292150772403748,0.0363228460223941,0.6116604219385632,0.8421420069584326,0.6153846153846154,0.2467076870207344,0.75
2,test,23,scale_1.5,none,scale_1.5,scale_1.5,1.0,geometry,1,0.874630905511811,0.9186066944009764,0.0131879521044485,0.4974748364632496,0.9166418696209484,0.5384615384615384,0.3389686107077581,0.625
2,test,23,scale_1.5,none,scale_1.5,scale_1.5,1.0,rank,1,0.6927903543307087,0.9240289751651786,0.0363228460223941,0.9635591896637822,0.5717187786119757,0.5384615384615384,1.8522309764851812,0.5546875
2,test,23,scale_1.5,none,scale_1.5,scale_1.5,1.0,target_only,1,0.7321604330708661,0.94660559274513,0.0,0.8927255089911411,0.6661955227980223,0.5384615384615384,0.3992367446629205,0.7734375
2,test,23,scale_1.5,none,scale_1.5,scale_1.5,1.0,value,1,0.843626968503937,0.9250216080532582,0.0363228460223941,0.5255788250819787,0.869466443874748,0.6153846153846154,-0.1036654895905201,0.8046875
2,test,37,identity,identity_label_permutation,identity_label_permutation,identity_label_permutation,0.35,dual,1,0.500123031496063,0.1474829209668474,1.0003849133919078,2.380679285833749,-0.0121600897271561,0.0,3.2667888962005467,0.5234375
2,test,37,identity,identity_label_permutation,identity_label_permutation,identity_label_permutation,0.35,geometry,1,0.7408956692913385,0.906826121358289,0.0543980725261562,0.7604245231910212,0.6801982237685406,0.5384615384615384,-1.9507111453199804,0.875
2,test,37,identity,identity_label_permutation,identity_label_permutation,identity_label_permutation,0.35,rank,1,0.500123031496063,0.1474829209668474,1.0003849133919078,2.3806792858361048,-0.0121600897271561,0.0,3.266788896211205,0.5234375
2,test,37,identity,identity_label_permutation,identity_label_permutation,identity_label_permutation,0.35,target_only,1,0.7015255905511811,0.9227437391905372,0.0543980725261562,0.8848760811450938,0.5521024079838857,0.6153846153846154,-1.971462220879383,1.0
2,test,37,identity,identity_label_permutation,identity_label_permutation,identity_label_permutation,0.35,value,1,0.5905511811023622,0.8869109474152868,0.0,1.422714500369835,0.2283006775315876,0.6153846153846154,-0.3215869645479061,0.6875
2,test,37,identity,identity_label_permutation,identity_label_permutation,identity_label_permutation,0.7,dual,1,0.6868848425196851,0.7652412173119824,0.418196093512118,2.1943089696418467,0.543925105292071,0.1538461538461538,0.3907120076605689,0.65625
2,test,37,identity,identity_label_permutation,identity_label_permutation,identity_label_permutation,0.7,geometry,1,0.749876968503937,0.93101189440516,0.0006651770147577,1.2592109822624766,0.6734686870536531,0.3846153846153846,-0.926373113916306,0.84375
2,test,37,identity,identity_label_permutation,identity_label_permutation,identity_label_permutation,0.7,rank,1,0.6868848425196851,0.7652412173119824,0.418196093512118,2.1943089696404225,0.543925105292071,0.1538461538461538,0.3907120076581847,0.65625
2,test,37,identity,identity_label_permutation,identity_label_permutation,identity_label_permutation,0.7,target_only,1,0.7129675196850394,0.5576718829988849,0.8521078441012692,1.6976794162699784,0.5740020142830984,0.0,-0.6926527509033885,0.8828125
2,test,37,identity,identity_label_permutation,identity_label_permutation,identity_label_permutation,0.7,value,1,0.7046013779527559,0.7453917759082175,0.6023487826657372,2.167929899093485,0.6040216993224684,0.0769230769230769,0.1503714876322365,0.65625
2,test,37,identity,identity_label_permutation,identity_label_permutation,identity_label_permutation,1.0,dual,1,0.6443159448818898,0.8865132674235912,0.1093345170221955,1.1482946865559227,0.4081498351950192,0.5384615384615384,1.060219178022647,0.6171875
2,test,37,identity,identity_label_permutation,identity_label_permutation,identity_label_permutation,1.0,geometry,1,0.7540600393700787,0.93101189440516,0.0004540840138006,0.747297403836089,0.6841352316425563,0.3846153846153846,-0.086996400347292,0.71875
2,test,37,identity,identity_label_permutation,identity_label_permutation,identity_label_permutation,1.0,rank,1,0.6443159448818898,0.8865132674235912,0.1093345170221955,1.1482946865557924,0.4081498351950192,0.5384615384615384,1.060219178023481,0.6171875
2,test,37,identity,identity_label_permutation,identity_label_permutation,identity_label_permutation,1.0,target_only,1,0.749138779527559,0.7389795613957778,0.2595709599552064,1.0094728525148515,0.662086843069035,0.0769230769230769,-0.1113982842578087,0.8359375
2,test,37,identity,identity_label_permutation,identity_label_permutation,identity_label_permutation,1.0,value,1,0.656373031496063,0.8240761576115802,0.0815838477455557,1.0787486178221046,0.463096273576268,0.3846153846153846,0.5188514187185378,0.59375
2,test,37,identity,none,identity,identity,0.35,dual,1,0.9329478346456692,0.983172792864873,0.0001370752590485,0.1297747980066758,0.9649159952389672,0.8461538461538461,-3.062804967816083,0.671875
2,test,37,identity,none,identity,identity,0.35,geometry,1,0.7408956692913385,0.906826121358289,0.0543980725261562,0.7604245231910212,0.6801982237685406,0.5384615384615384,-1.9507111453199804,0.875
2,test,37,identity,none,identity,identity,0.35,rank,1,0.8932086614173228,0.9291690653777396,0.0355909355426314,0.3178072190583287,0.9356402215711408,0.6153846153846154,-2.309333992414435,0.703125
2,test,37,identity,none,identity,identity,0.35,target_only,1,0.7015255905511811,0.9227437391905372,0.0543980725261562,0.8848760811450938,0.5521024079838857,0.6153846153846154,-1.971462220879383,1.0
2,test,37,identity,none,identity,identity,0.35,value,1,0.9517716535433072,0.9966086240357314,0.0,0.0680000135512608,0.9769788042483062,1.0,-4.492838510070334,1.0
2,test,37,identity,none,identity,identity,0.7,dual,1,0.8212352362204725,0.997880142371206,0.0003645778629625,0.4151557116718565,0.8029436000732466,1.0,2.061724914275209,0.3828125
2,test,37,identity,none,identity,identity,0.7,geometry,1,0.749876968503937,0.93101189440516,0.0006651770147577,1.2592109822624766,0.6734686870536531,0.3846153846153846,-0.926373113916306,0.84375
2,test,37,identity,none,identity,identity,0.7,rank,1,0.7710383858267716,0.9867324476505076,0.0003645778629625,1.0360423581598828,0.7088617011536349,0.8461538461538461,2.57075473091166,0.359375
2,test,37,identity,none,identity,identity,0.7,target_only,1,0.7129675196850394,0.5576718829988849,0.8521078441012692,1.6976794162699784,0.5740020142830984,0.0,-0.6926527509033885,0.8828125
2,test,37,identity,none,identity,identity,0.7,value,1,0.8882874015748031,1.0,0.0,0.1321656280409594,0.9110110327778792,1.0,-3.2210693965326467,0.828125
2,test,37,identity,none,identity,identity,1.0,dual,1,0.937253937007874,0.9975732315860508,0.0,0.1913316739142457,0.973705594213514,0.9230769230769232,2.023351259638022,0.2890625
2,test,37,identity,none,identity,identity,1.0,geometry,1,0.7540600393700787,0.93101189440516,0.0004540840138006,0.747297403836089,0.6841352316425563,0.3846153846153846,-0.086996400347292,0.71875
2,test,37,identity,none,identity,identity,1.0,rank,1,0.8645423228346457,0.9927522665321816,0.0,0.4573065206710997,0.8956063449917596,0.8461538461538461,1.696840680773673,0.2421875
2,test,37,identity,none,identity,identity,1.0,target_only,1,0.749138779527559,0.7389795613957778,0.2595709599552064,1.0094728525148515,0.662086843069035,0.0769230769230769,-0.1113982842578087,0.8359375
2,test,37,identity,none,identity,identity,1.0,value,1,0.9656742125984252,0.9979868237855452,0.0004540840138006,0.0974607727095825,0.9913877952755904,1.0,-1.3368546300084805,0.671875
2,test,37,independent_expert,none,independent_expert,independent_expert,0.35,dual,1,0.7015255905511811,0.9227437391905372,0.0543980725261562,0.8848760810306263,0.5521024079838857,0.6153846153846154,-1.9714622209992916,1.0
2,test,37,independent_expert,none,independent_expert,independent_expert,0.35,geometry,1,0.7408956692913385,0.906826121358289,0.0543980725261562,0.7604245231910212,0.6801982237685406,0.5384615384615384,-1.9507111453199804,0.875
2,test,37,independent_expert,none,independent_expert,independent_expert,0.35,rank,1,0.7015255905511811,0.9227437391905372,0.0543980725261562,0.8848760811450938,0.5521024079838857,0.6153846153846154,-1.971462220879383,1.0
2,test,37,independent_expert,none,independent_expert,independent_expert,0.35,target_only,1,0.7015255905511811,0.9227437391905372,0.0543980725261562,0.8848760811450938,0.5521024079838857,0.6153846153846154,-1.971462220879383,1.0
2,test,37,independent_expert,none,independent_expert,independent_expert,0.35,value,1,0.7015255905511811,0.9227437391905372,0.0543980725261562,0.8848760811450938,0.5521024079838857,0.6153846153846154,-1.971462220879383,1.0
2,test,37,independent_expert,none,independent_expert,independent_expert,0.7,dual,1,0.7129675196850394,0.5576718829988849,0.8521078441012692,1.6976794162867557,0.5740020142830984,0.0,-0.6926527509785232,0.8828125
2,test,37,independent_expert,none,independent_expert,independent_expert,0.7,geometry,1,0.749876968503937,0.93101189440516,0.0006651770147577,1.2592109822624766,0.6734686870536531,0.3846153846153846,-0.926373113916306,0.84375
2,test,37,independent_expert,none,independent_expert,independent_expert,0.7,rank,1,0.7129675196850394,0.5576718829988849,0.8521078441012692,1.6976794162699784,0.5740020142830984,0.0,-0.6926527509033885,0.8828125
2,test,37,independent_expert,none,independent_expert,independent_expert,0.7,target_only,1,0.7129675196850394,0.5576718829988849,0.8521078441012692,1.6976794162699784,0.5740020142830984,0.0,-0.6926527509033885,0.8828125
2,test,37,independent_expert,none,independent_expert,independent_expert,0.7,value,1,0.7129675196850394,0.5576718829988849,0.8521078441012692,1.6976794162699784,0.5740020142830984,0.0,-0.6926527509033885,0.8828125
2,test,37,independent_expert,none,independent_expert,independent_expert,1.0,dual,1,0.749138779527559,0.7389795613957778,0.2595709599552064,1.009472852531188,0.662086843069035,0.0769230769230769,-0.1113982842305515,0.8359375
2,test,37,independent_expert,none,independent_expert,independent_expert,1.0,geometry,1,0.7540600393700787,0.93101189440516,0.0004540840138006,0.747297403836089,0.6841352316425563,0.3846153846153846,-0.086996400347292,0.71875
2,test,37,independent_expert,none,independent_expert,independent_expert,1.0,rank,1,0.749138779527559,0.7389795613957778,0.2595709599552064,1.0094728525148515,0.662086843069035,0.0769230769230769,-0.1113982842578087,0.8359375
2,test,37,independent_expert,none,independent_expert,independent_expert,1.0,target_only,1,0.749138779527559,0.7389795613957778,0.2595709599552064,1.0094728525148515,0.662086843069035,0.0769230769230769,-0.1113982842578087,0.8359375
2,test,37,independent_expert,none,independent_expert,independent_expert,1.0,value,1,0.749138779527559,0.7389795613957778,0.2595709599552064,1.0094728525148515,0.662086843069035,0.0769230769230769,-0.1113982842578087,0.8359375
2,test,37,output_affine,none,output_affine,output_affine,0.35,dual,1,0.9329478346456692,0.983172792864873,0.0001370752590487,0.1297747980066748,0.9649159952389672,0.8461538461538461,-2.146514235941944,0.671875
2,test,37,output_affine,none,output_affine,output_affine,0.35,geometry,1,0.7408956692913385,0.906826121358289,0.0543980725261566,0.7604245231910212,0.6801982237685406,0.5384615384615384,-1.0344204134458213,0.875
2,test,37,output_affine,none,output_affine,output_affine,0.35,rank,1,0.8932086614173228,0.9291690653777396,0.035590935542632,0.3178072190583286,0.9356402215711408,0.6153846153846154,-1.393043260540272,0.703125
2,test,37,output_affine,none,output_affine,output_affine,0.35,target_only,1,0.7015255905511811,0.9227437391905372,0.0543980725261566,0.884876081145094,0.5521024079838857,0.6153846153846154,-1.0551714890052293,1.0
2,test,37,output_affine,none,output_affine,output_affine,0.35,value,1,0.9517716535433072,0.9966086240357314,0.0,0.0680000135512602,0.9769788042483062,1.0,-3.576547778196176,1.0
2,test,37,output_affine,none,output_affine,output_affine,0.7,dual,1,0.8212352362204725,0.997880142371206,0.000364577862963,0.4151557116718579,0.8029436000732466,1.0,2.9780156461494136,0.3828125
2,test,37,output_affine,none,output_affine,output_affine,0.7,geometry,1,0.749876968503937,0.93101189440516,0.0006651770147578,1.2592109822624755,0.6734686870536531,0.3846153846153846,-0.0100823820421539,0.84375
2,test,37,output_affine,none,output_affine,output_affine,0.7,rank,1,0.7710383858267716,0.9867324476505076,0.000364577862963,1.0360423581598832,0.7088617011536349,0.8461538461538461,3.487045462785816,0.359375
2,test,37,output_affine,none,output_affine,output_affine,0.7,target_only,1,0.7129675196850394,0.5576718829988849,0.8521078441012688,1.6976794162699778,0.5740020142830984,0.0,0.2236379809707664,0.8828125
2,test,37,output_affine,none,output_affine,output_affine,0.7,value,1,0.8882874015748031,1.0,0.0,0.1321656280409606,0.9110110327778792,1.0,-2.3047786646584845,0.828125
2,test,37,output_affine,none,output_affine,output_affine,1.0,dual,1,0.937253937007874,0.9975732315860508,0.0,0.1913316739142455,0.973705594213514,0.9230769230769232,2.9396419915121523,0.2890625
2,test,37,output_affine,none,output_affine,output_affine,1.0,geometry,1,0.7540600393700787,0.93101189440516,0.0004540840138005,0.7472974038360887,0.6841352316425563,0.3846153846153846,0.8292943315268606,0.71875
2,test,37,output_affine,none,output_affine,output_affine,1.0,rank,1,0.8645423228346457,0.9927522665321816,0.0,0.4573065206710993,0.8956063449917596,0.8461538461538461,2.61313141264782,0.2421875
2,test,37,output_affine,none,output_affine,output_affine,1.0,target_only,1,0.749138779527559,0.7389795613957778,0.2595709599552062,1.0094728525148515,0.662086843069035,0.0769230769230769,0.8048924476163459,0.8359375
2,test,37,output_affine,none,output_affine,output_affine,1.0,value,1,0.9656742125984252,0.9979868237855452,0.0004540840138005,0.0974607727095828,0.9913877952755904,1.0,-0.4205638981343371,0.671875
2,test,37,reversal,none,reversal,reversal,0.35,dual,1,0.7015255905511811,0.8619522743627831,0.003983463716184,0.8848760811450938,0.5521024079838857,0.3846153846153846,-1.971462220879383,1.0
2,test,37,reversal,none,reversal,reversal,0.35,geometry,1,0.7015255905511811,0.8619522743627831,0.003983463716184,0.8848760811450938,0.5521024079838857,0.3846153846153846,-1.971462220879383,1.0
2,test,37,reversal,none,reversal,reversal,0.35,rank,1,0.7015255905511811,0.8619522743627831,0.003983463716184,0.8848760811450938,0.5521024079838857,0.3846153846153846,-1.971462220879383,1.0
2,test,37,reversal,none,reversal,reversal,0.35,target_only,1,0.7015255905511811,0.8619522743627831,0.003983463716184,0.8848760811450938,0.5521024079838857,0.3846153846153846,-1.971462220879383,1.0
2,test,37,reversal,none,reversal,reversal,0.35,value,1,0.7015255905511811,0.8619522743627831,0.003983463716184,0.8848760811450938,0.5521024079838857,0.3846153846153846,-1.971462220879383,1.0
2,test,37,reversal,none,reversal,reversal,0.7,dual,1,0.7129675196850394,0.760995265487925,0.0334384887876027,1.6976794162699784,0.5740020142830984,0.1538461538461538,-0.6926527509033885,0.8828125
2,test,37,reversal,none,reversal,reversal,0.7,geometry,1,0.7129675196850394,0.760995265487925,0.0334384887876027,1.6976794162699784,0.5740020142830984,0.1538461538461538,-0.6926527509033885,0.8828125
2,test,37,reversal,none,reversal,reversal,0.7,rank,1,0.7129675196850394,0.760995265487925,0.0334384887876027,1.6976794162699784,0.5740020142830984,0.1538461538461538,-0.6926527509033885,0.8828125
2,test,37,reversal,none,reversal,reversal,0.7,target_only,1,0.7129675196850394,0.760995265487925,0.0334384887876027,1.6976794162699784,0.5740020142830984,0.1538461538461538,-0.6926527509033885,0.8828125
2,test,37,reversal,none,reversal,reversal,0.7,value,1,0.7129675196850394,0.760995265487925,0.0334384887876027,1.6976794162699784,0.5740020142830984,0.1538461538461538,-0.6926527509033885,0.8828125
2,test,37,reversal,none,reversal,reversal,1.0,dual,1,0.749138779527559,0.7303689860800813,0.0680043646118219,1.0094728525148515,0.662086843069035,0.0,-0.1113982842578087,0.8359375
2,test,37,reversal,none,reversal,reversal,1.0,geometry,1,0.749138779527559,0.7303689860800813,0.0680043646118219,1.0094728525148515,0.662086843069035,0.0,-0.1113982842578087,0.8359375
2,test,37,reversal,none,reversal,reversal,1.0,rank,1,0.749138779527559,0.7303689860800813,0.0680043646118219,1.0094728525148515,0.662086843069035,0.0,-0.1113982842578087,0.8359375
2,test,37,reversal,none,reversal,reversal,1.0,target_only,1,0.749138779527559,0.7303689860800813,0.0680043646118219,1.0094728525148515,0.662086843069035,0.0,-0.1113982842578087,0.8359375
2,test,37,reversal,none,reversal,reversal,1.0,value,1,0.749138779527559,0.7303689860800813,0.0680043646118219,1.0094728525148515,0.662086843069035,0.0,-0.1113982842578087,0.8359375
2,test,37,rotate_45,none,rotate_45,rotate_45,0.35,dual,1,0.8970226377952756,0.982439573105364,0.0030422547026452,0.2402800861416562,0.9299807727522432,0.7692307692307693,-1.0494757863972846,0.390625
2,test,37,rotate_45,none,rotate_45,rotate_45,0.35,geometry,1,0.6998031496062992,0.9254165665172356,0.0539175408540423,0.9097668495577202,0.5367434993590917,0.6153846153846154,-0.6165695312121593,0.5234375
2,test,37,rotate_45,none,rotate_45,rotate_45,0.35,rank,1,0.8163139763779528,0.9496647019770852,0.0030422547026452,0.5647959831878784,0.83080594213514,0.6153846153846154,-0.129397090369283,0.3828125
2,test,37,rotate_45,none,rotate_45,rotate_45,0.35,target_only,1,0.7201033464566929,0.8982407169298423,0.0539175408540423,0.8679049044238629,0.6009716626991394,0.5384615384615384,-1.8568924398549425,0.96875
2,test,37,rotate_45,none,rotate_45,rotate_45,0.35,value,1,0.9361466535433072,0.9947845821911672,0.0030422547026452,0.0716593284084063,0.9621062992125984,0.9230769230769232,-4.3552823644575245,1.0
2,test,37,rotate_45,none,rotate_45,rotate_45,0.7,dual,1,0.8663877952755905,0.99563977874875,0.0080777670486946,0.3367470799291333,0.8773347372276139,0.9230769230769232,0.1702818692289148,0.3984375
2,test,37,rotate_45,none,rotate_45,rotate_45,0.7,geometry,1,0.7880167322834646,0.8861442600536914,0.0188820451522822,0.9294501741737,0.7646149972532503,0.3846153846153846,-0.514360922730833,0.4765625
2,test,37,rotate_45,none,rotate_45,rotate_45,0.7,rank,1,0.8259104330708661,0.9900660207638586,0.0080777670486946,0.7619506331273651,0.8168890770921077,0.8461538461538461,0.9837187177388308,0.34375
2,test,37,rotate_45,none,rotate_45,rotate_45,0.7,target_only,1,0.7832185039370079,0.9146684777332184,0.1375033747110333,1.14889591915719,0.7803630287493134,0.6153846153846154,-0.7947770911384442,0.8828125
2,test,37,rotate_45,none,rotate_45,rotate_45,0.7,value,1,0.921136811023622,0.9973070113659328,0.0,0.1086918527226261,0.9549819172312763,0.9230769230769232,-2.998186316870886,0.8046875
2,test,37,rotate_45,none,rotate_45,rotate_45,1.0,dual,1,0.9500492125984252,0.9975259603006258,0.0,0.1470483798796429,0.980400796557407,1.0,-0.1369752296509991,0.5234375
2,test,37,rotate_45,none,rotate_45,rotate_45,1.0,geometry,1,0.7787893700787402,0.8157802026738259,0.2035083148053122,0.668378793359481,0.77485808459989,0.3846153846153846,0.8178633105368464,0.4921875
2,test,37,rotate_45,none,rotate_45,rotate_45,1.0,rank,1,0.9078494094488188,0.9963784629156546,0.0,0.340048357366581,0.945711637062809,1.0,0.8498626559944316,0.515625
2,test,37,rotate_45,none,rotate_45,rotate_45,1.0,target_only,1,0.7778051181102362,0.9426034608928052,0.0054866889813238,0.9463771834137238,0.7591844442409815,0.6153846153846154,-0.1902171497113549,0.84375
2,test,37,rotate_45,none,rotate_45,rotate_45,1.0,value,1,0.9666584645669292,0.9983508637494454,0.0,0.0830234317096181,0.9900773667826406,1.0,-2.2877150037099963,0.734375
2,test,37,roughness,none,roughness,roughness,0.35,dual,1,0.4500492125984252,0.7909363654792433,0.0,1.3161472913138554,-0.1168741988646767,0.6153846153846154,52.80831869107158,0.296875
2,test,37,roughness,none,roughness,roughness,0.35,geometry,1,0.4945866141732283,0.7910794416703228,0.0007423715638576,1.315883263746556,0.0078911829335286,0.6153846153846154,33.04236677051633,0.3046875
2,test,37,roughness,none,roughness,roughness,0.35,rank,1,0.4546013779527559,0.7925341951723813,0.0,1.326299458266424,-0.1070030672038088,0.6153846153846154,54.35093139283078,0.296875
2,test,37,roughness,none,roughness,roughness,0.35,target_only,1,0.4881889763779528,0.7913238896736285,0.0007423715638576,1.3105810262539523,-0.011896859549533,0.6153846153846154,9.662868967328045,0.484375
2,test,37,roughness,none,roughness,roughness,0.35,value,1,0.452878937007874,0.7884682993065251,0.0,1.2964842653602686,-0.1131603644021241,0.6153846153846154,43.02013049956127,0.3125
2,test,37,roughness,none,roughness,roughness,0.7,dual,1,0.5451525590551181,0.6262837597740003,0.0,1.191562308621753,0.1231116095953122,0.1538461538461538,20.95543257818247,0.21875
2,test,37,roughness,none,roughness,roughness,0.7,geometry,1,0.5374015748031497,0.5835650034659627,0.4715795741733835,1.0754476972426696,0.1130516388939754,0.2307692307692307,12.72746499331555,0.3125
2,test,37,roughness,none,roughness,roughness,0.7,rank,1,0.5410925196850394,0.6252821878295016,0.0,1.2117740877555585,0.1138241622413477,0.1538461538461538,21.360097322255516,0.1953125
2,test,37,roughness,none,roughness,roughness,0.7,target_only,1,0.5372785433070866,0.5085420096404981,0.559406102559175,1.0996456363369267,0.1069000640908258,0.1538461538461538,3.3147416215050347,0.515625
2,test,37,roughness,none,roughness,roughness,0.7,value,1,0.5450295275590551,0.4356684153798133,0.559406102559175,1.1615402139711355,0.1210286577549899,0.1538461538461538,17.42165564603194,0.2421875
2,test,37,roughness,none,roughness,roughness,1.0,dual,1,0.6115895669291339,0.7016834515236857,0.0597560833432311,0.969741780920124,0.3314640175791979,0.2307692307692307,12.145751788493827,0.4140625
2,test,37,roughness,none,roughness,roughness,1.0,geometry,1,0.5172244094488189,0.7209387190107664,0.0658047831244912,1.1479414731699156,0.0742595220655557,0.2307692307692307,9.381858542779408,0.4296875
2,test,37,roughness,none,roughness,roughness,1.0,rank,1,0.5732037401574803,0.7045137868305004,0.0597560833432311,1.035919010658647,0.20449551364219,0.2307692307692307,13.339148613334192,0.3828125
2,test,37,roughness,none,roughness,roughness,1.0,target_only,1,0.5527805118110236,0.4996068938913855,0.5882699069130242,1.1750354748134149,0.1657033968137703,0.1538461538461538,2.7608125811454194,0.6171875
2,test,37,roughness,none,roughness,roughness,1.0,value,1,0.6766732283464567,0.7179238914933579,0.0597560833432311,0.8861088311334608,0.5229811389855338,0.3076923076923077,9.091754923158147,0.4453125
2,test,37,scale_0.7,none,scale_0.7,scale_0.7,0.35,dual,1,0.9614911417322834,0.9545642839967532,8.602068833239086e-05,0.155024014743091,0.9903405969602636,0.6153846153846154,-2.457856861073537,0.7265625
2,test,37,scale_0.7,none,scale_0.7,scale_0.7,0.35,geometry,1,0.7680856299212598,0.949345555782068,0.0105926676157005,0.7762781444090642,0.7110190441311115,0.6153846153846154,-2.186420696838363,0.7265625
2,test,37,scale_0.7,none,scale_0.7,scale_0.7,0.35,rank,1,0.9176919291338582,0.9543355219369786,8.602068833239086e-05,0.3589251965765236,0.9588559787584692,0.6153846153846154,-1.660472993091366,0.734375
2,test,37,scale_0.7,none,scale_0.7,scale_0.7,0.35,target_only,1,0.7359744094488189,0.9542017388982648,8.602068833239086e-05,0.8725368575045735,0.6266480498077275,0.6153846153846154,-2.545406419756174,0.8671875
2,test,37,scale_0.7,none,scale_0.7,scale_0.7,0.35,value,1,0.9729330708661418,0.9956297499637076,0.0,0.0691915303789236,0.9942318256729537,1.0,-4.913072058579726,0.84375
2,test,37,scale_0.7,none,scale_0.7,scale_0.7,0.7,dual,1,0.9254429133858268,0.9992677497654384,0.0,0.1687446906452921,0.9600119025819448,1.0,-2.4945502005965694,0.6484375
2,test,37,scale_0.7,none,scale_0.7,scale_0.7,0.7,geometry,1,0.6967273622047244,0.8555803043601441,0.1159587526859223,0.8676008148071624,0.5362971525361655,0.3076923076923077,-1.4543383936374434,0.734375
2,test,37,scale_0.7,none,scale_0.7,scale_0.7,0.7,rank,1,0.8645423228346457,0.9834212840276052,0.0,0.3800071592641216,0.8880070042116828,0.8461538461538461,-1.7352261103530766,0.640625
2,test,37,scale_0.7,none,scale_0.7,scale_0.7,0.7,target_only,1,0.6626476377952756,0.5265957820100304,0.7275253791668533,1.1644184636123691,0.4511822468412378,0.0,-1.4489226092224128,0.796875
2,test,37,scale_0.7,none,scale_0.7,scale_0.7,0.7,value,1,0.9458661417322834,1.0,0.0,0.0940609945226811,0.9733279161325764,1.0,-3.9626638506951855,0.7890625
2,test,37,scale_0.7,none,scale_0.7,scale_0.7,1.0,dual,1,0.8772145669291339,0.999970313370024,0.0,0.108421133538454,0.8968938839040468,1.0,-2.8542158660780625,0.6640625
2,test,37,scale_0.7,none,scale_0.7,scale_0.7,1.0,geometry,1,0.6524360236220472,0.8947310056958122,0.1270540024574982,0.94780339049307,0.4752163065372642,0.3846153846153846,-1.383446651181759,0.7890625
2,test,37,scale_0.7,none,scale_0.7,scale_0.7,1.0,rank,1,0.7978592519685039,0.999704903941827,0.0,0.238652525301029,0.7520314502838308,1.0,-2.126035851551741,0.7421875
2,test,37,scale_0.7,none,scale_0.7,scale_0.7,1.0,target_only,1,0.6892224409448819,0.7786999763104346,0.5186694044715288,1.528719589824936,0.5436847646951107,0.1538461538461538,-0.9470259638176932,0.796875
2,test,37,scale_0.7,none,scale_0.7,scale_0.7,1.0,value,1,0.9149852362204725,0.9980913484425816,0.0006651770147578,0.1296282173481763,0.9452195110785572,1.0,-3.2388717835306133,0.78125
2,test,37,scale_1.5,none,scale_1.5,scale_1.5,0.35,dual,1,0.7081692913385826,0.8218420466320662,0.0157695671363567,1.4705158613780254,0.5826256637978392,0.3076923076923077,-0.924095330956909,0.7578125
2,test,37,scale_1.5,none,scale_1.5,scale_1.5,0.35,geometry,1,0.6341043307086615,0.8258082991591861,0.3038412805154077,1.2063215109113012,0.4265530580479765,0.3846153846153846,-1.1137561111265926,0.84375
2,test,37,scale_1.5,none,scale_1.5,scale_1.5,0.35,rank,1,0.7463090551181102,0.8762053910083111,0.0004717350196997,1.9668811691318555,0.6753399102728438,0.3846153846153846,-0.947642856381802,0.8046875
2,test,37,scale_1.5,none,scale_1.5,scale_1.5,0.35,target_only,1,0.641486220472441,0.8686309461470664,0.2865076341515934,1.2373507160700534,0.4259808185314044,0.4615384615384615,-1.2897353761937105,1.0
2,test,37,scale_1.5,none,scale_1.5,scale_1.5,0.35,value,1,0.7081692913385826,0.8218420466320662,0.0157695671363567,1.470515861377781,0.5826256637978392,0.3076923076923077,-0.924095330957166,0.7578125
2,test,37,scale_1.5,none,scale_1.5,scale_1.5,0.7,dual,1,0.8738927165354331,0.9950603870287102,0.0002531920602659,0.8588532663830704,0.9104159036806446,0.9230769230769232,1.4036266166069873,0.5859375
2,test,37,scale_1.5,none,scale_1.5,scale_1.5,0.7,geometry,1,0.875123031496063,0.933915582642816,0.0004618748664628,0.402949906179336,0.9061584416773484,0.3846153846153846,-1.0331935361845197,1.0
2,test,37,scale_1.5,none,scale_1.5,scale_1.5,0.7,rank,1,0.8202509842519685,0.9756977656575608,0.0299401818163208,1.0471639693540074,0.8208833089177805,0.7692307692307693,0.6208990201826203,0.6796875
2,test,37,scale_1.5,none,scale_1.5,scale_1.5,0.7,target_only,1,0.8218503937007874,0.8849738242379314,0.0886778267570808,0.5807913997265972,0.8414724867240432,0.3846153846153846,-0.4553145363553608,1.0
2,test,37,scale_1.5,none,scale_1.5,scale_1.5,0.7,value,1,0.8738927165354331,0.9950603870287102,0.0002531920602659,0.8588532663830116,0.9104159036806446,0.9230769230769232,1.403626616606897,0.5859375
2,test,37,scale_1.5,none,scale_1.5,scale_1.5,1.0,dual,1,0.8016732283464567,0.972622624047136,0.0,0.813759061318301,0.7860396447537081,0.8461538461538461,2.4211922282742884,0.734375
2,test,37,scale_1.5,none,scale_1.5,scale_1.5,1.0,geometry,1,0.8399360236220472,0.9285920061999956,0.0179016020569614,0.5114521352006095,0.8672690441311115,0.3846153846153846,-0.2323780461421763,0.984375
2,test,37,scale_1.5,none,scale_1.5,scale_1.5,1.0,rank,1,0.7718996062992126,0.9346020422710004,0.0,1.010557339306148,0.7342691356894342,0.6923076923076923,1.3666305452955618,0.5546875
2,test,37,scale_1.5,none,scale_1.5,scale_1.5,1.0,target_only,1,0.7893700787401575,0.741891904473786,0.181964521522976,1.0596903402880464,0.7832642830983337,0.2307692307692307,0.5114873737186343,0.8828125
2,test,37,scale_1.5,none,scale_1.5,scale_1.5,1.0,value,1,0.8016732283464567,0.972622624047136,0.0,0.8137590613182857,0.7860396447537081,0.8461538461538461,2.4211922282744576,0.734375
2,test,53,identity,identity_label_permutation,identity_label_permutation,identity_label_permutation,0.35,dual,1,0.9003444881889764,0.9476316679560848,0.0363190552937531,0.5315660675612947,0.9440979216260758,0.7692307692307693,-2.224659571494004,1.0
2,test,53,identity,identity_label_permutation,identity_label_permutation,identity_label_permutation,0.35,geometry,1,0.92310531496063,0.9818403454064872,0.0117749425223954,0.5261658837172151,0.9627357626808276,0.9230769230769232,-2.3439820545919687,0.8828125
2,test,53,identity,identity_label_permutation,identity_label_permutation,identity_label_permutation,0.35,rank,1,0.9003444881889764,0.9476316679560848,0.0363190552937531,0.5315660675612947,0.9440979216260758,0.7692307692307693,-2.224659571494004,1.0
2,test,53,identity,identity_label_permutation,identity_label_permutation,identity_label_permutation,0.35,target_only,1,0.9003444881889764,0.9476316679560848,0.0363190552937531,0.5315660675612947,0.9440979216260758,0.7692307692307693,-2.224659571494004,1.0
2,test,53,identity,identity_label_permutation,identity_label_permutation,identity_label_permutation,0.35,value,1,0.9003444881889764,0.9476316679560848,0.0363190552937531,0.5315660675473466,0.9440979216260758,0.7692307692307693,-2.2246595714616992,1.0
2,test,53,identity,identity_label_permutation,identity_label_permutation,identity_label_permutation,0.7,dual,1,0.8086860236220472,0.93032633148744,0.1317713232263,1.4355237658829227,0.8002941311115179,0.6923076923076923,-0.93020589067839,0.8515625
2,test,53,identity,identity_label_permutation,identity_label_permutation,identity_label_permutation,0.7,geometry,1,0.8930856299212598,0.9394027497064136,0.0076843403895818,0.9704595261521048,0.9310336934627356,0.5384615384615384,0.0188877028128402,0.5390625
2,test,53,identity,identity_label_permutation,identity_label_permutation,identity_label_permutation,0.7,rank,1,0.8086860236220472,0.93032633148744,0.1317713232263,1.4355237658829227,0.8002941311115179,0.6923076923076923,-0.93020589067839,0.8515625
2,test,53,identity,identity_label_permutation,identity_label_permutation,identity_label_permutation,0.7,target_only,1,0.8086860236220472,0.93032633148744,0.1317713232263,1.4355237658829227,0.8002941311115179,0.6923076923076923,-0.93020589067839,0.8515625
2,test,53,identity,identity_label_permutation,identity_label_permutation,identity_label_permutation,0.7,value,1,0.8086860236220472,0.93032633148744,0.1317713232263,1.4355237661172908,0.8002941311115179,0.6923076923076923,-0.9302058904069292,0.8515625
2,test,53,identity,identity_label_permutation,identity_label_permutation,identity_label_permutation,1.0,dual,1,0.7641486220472441,0.8772621003363831,0.2051669141056646,0.8573697026792467,0.6884842519685039,0.6153846153846154,-0.2380391980105307,0.8046875
2,test,53,identity,identity_label_permutation,identity_label_permutation,identity_label_permutation,1.0,geometry,1,0.8711860236220472,0.8912589081365739,0.1147502180765017,0.6261986243669073,0.9037149789415856,0.4615384615384615,1.3607078901005456,0.390625
2,test,53,identity,identity_label_permutation,identity_label_permutation,identity_label_permutation,1.0,rank,1,0.7641486220472441,0.8772621003363831,0.2051669141056646,0.8573697026792467,0.6884842519685039,0.6153846153846154,-0.2380391980105307,0.8046875
2,test,53,identity,identity_label_permutation,identity_label_permutation,identity_label_permutation,1.0,target_only,1,0.7641486220472441,0.8772621003363831,0.2051669141056646,0.8573697026792467,0.6884842519685039,0.6153846153846154,-0.2380391980105307,0.8046875
2,test,53,identity,identity_label_permutation,identity_label_permutation,identity_label_permutation,1.0,value,1,0.7641486220472441,0.8772621003363831,0.2051669141056646,0.8573697025335323,0.6884842519685039,0.6153846153846154,-0.2380391984260844,0.8046875
2,test,53,identity,none,identity,identity,0.35,dual,1,0.9120324803149606,0.9985106594775286,0.0,0.1218040258247898,0.9446816059329792,0.9230769230769232,-3.720352080998592,0.875
2,test,53,identity,none,identity,identity,0.35,geometry,1,0.92310531496063,0.9818403454064872,0.0117749425223954,0.5261658837172151,0.9627357626808276,0.9230769230769232,-2.3439820545919687,0.8828125
2,test,53,identity,none,identity,identity,0.35,rank,1,0.8821358267716536,0.9976941429450492,0.0,0.2825259884494832,0.9157606207654276,0.9230769230769232,-2.9210466624431626,0.890625
2,test,53,identity,none,identity,identity,0.35,target_only,1,0.9003444881889764,0.9476316679560848,0.0363190552937531,0.5315660675612947,0.9440979216260758,0.7692307692307693,-2.224659571494004,1.0
2,test,53,identity,none,identity,identity,0.35,value,1,0.9325787401574804,0.9990075447511708,0.0,0.0634802227488966,0.958569859000183,0.9230769230769232,-4.49736752122124,1.0
2,test,53,identity,none,identity,identity,0.7,dual,1,0.8513779527559056,0.9978425805165152,0.0,0.4169755203396644,0.8511662241347737,0.9230769230769232,1.42635255038924,0.4140625
2,test,53,identity,none,identity,identity,0.7,geometry,1,0.8930856299212598,0.9394027497064136,0.0076843403895818,0.9704595261521048,0.9310336934627356,0.5384615384615384,0.0188877028128402,0.5390625
2,test,53,identity,none,identity,identity,0.7,rank,1,0.79564468503937,0.9791450071267505,0.0311242270280029,1.0484016059568892,0.7621257553561619,0.7692307692307693,2.273464314988943,0.4140625
2,test,53,identity,none,identity,identity,0.7,target_only,1,0.8086860236220472,0.93032633148744,0.1317713232263,1.4355237658829227,0.8002941311115179,0.6923076923076923,-0.93020589067839,0.8515625
2,test,53,identity,none,identity,identity,0.7,value,1,0.9094488188976378,0.9989018794054504,0.0032839882330819,0.1573803847977494,0.9279207104925836,1.0,-3.077160230118181,0.8359375
2,test,53,identity,none,identity,identity,1.0,dual,1,0.9469734251968503,0.9980434521668308,0.0,0.2089172100228842,0.9804065189525728,0.9230769230769232,3.763797608096653,0.4375
2,test,53,identity,none,identity,identity,1.0,geometry,1,0.8711860236220472,0.8912589081365739,0.1147502180765017,0.6261986243669073,0.9037149789415856,0.4615384615384615,1.3607078901005456,0.390625
2,test,53,identity,none,identity,identity,1.0,rank,1,0.8640501968503937,0.991739977106393,0.0,0.5236288852842376,0.8862101721296466,0.8461538461538461,3.4092760019355257,0.4375
2,test,53,identity,none,identity,identity,1.0,target_only,1,0.7641486220472441,0.8772621003363831,0.2051669141056646,0.8573697026792467,0.6884842519685039,0.6153846153846154,-0.2380391980105307,0.8046875
2,test,53,identity,none,identity,identity,1.0,value,1,0.969242125984252,0.9970389795853484,0.0022047954567714,0.0916093983883707,0.9919543123969968,0.9230769230769232,-0.9074998165899104,0.6171875
2,test,53,independent_expert,none,independent_expert,independent_expert,0.35,dual,1,0.9003444881889764,0.9476316679560848,0.0363190552937531,0.5315660675612947,0.9440979216260758,0.7692307692307693,-2.224659571494004,1.0
2,test,53,independent_expert,none,independent_expert,independent_expert,0.35,geometry,1,0.92310531496063,0.9818403454064872,0.0117749425223954,0.5261658837172151,0.9627357626808276,0.9230769230769232,-2.3439820545919687,0.8828125
2,test,53,independent_expert,none,independent_expert,independent_expert,0.35,rank,1,0.9003444881889764,0.9476316679560848,0.0363190552937531,0.5315660676930541,0.9440979216260758,0.7692307692307693,-2.224659571397648,1.0
2,test,53,independent_expert,none,independent_expert,independent_expert,0.35,target_only,1,0.9003444881889764,0.9476316679560848,0.0363190552937531,0.5315660675612947,0.9440979216260758,0.7692307692307693,-2.224659571494004,1.0
2,test,53,independent_expert,none,independent_expert,independent_expert,0.35,value,1,0.9003444881889764,0.9476316679560848,0.0363190552937531,0.5315660675612947,0.9440979216260758,0.7692307692307693,-2.224659571494004,1.0
2,test,53,independent_expert,none,independent_expert,independent_expert,0.7,dual,1,0.8086860236220472,0.93032633148744,0.1317713232263,1.4355237658829227,0.8002941311115179,0.6923076923076923,-0.93020589067839,0.8515625
2,test,53,independent_expert,none,independent_expert,independent_expert,0.7,geometry,1,0.8930856299212598,0.9394027497064136,0.0076843403895818,0.9704595261521048,0.9310336934627356,0.5384615384615384,0.0188877028128402,0.5390625
2,test,53,independent_expert,none,independent_expert,independent_expert,0.7,rank,1,0.8086860236220472,0.93032633148744,0.1317713232263,1.4355237658714477,0.8002941311115179,0.6923076923076923,-0.9302058907841662,0.8515625
2,test,53,independent_expert,none,independent_expert,independent_expert,0.7,target_only,1,0.8086860236220472,0.93032633148744,0.1317713232263,1.4355237658829227,0.8002941311115179,0.6923076923076923,-0.93020589067839,0.8515625
2,test,53,independent_expert,none,independent_expert,independent_expert,0.7,value,1,0.8086860236220472,0.93032633148744,0.1317713232263,1.4355237658829227,0.8002941311115179,0.6923076923076923,-0.93020589067839,0.8515625
2,test,53,independent_expert,none,independent_expert,independent_expert,1.0,dual,1,0.7641486220472441,0.8772621003363831,0.2051669141056646,0.8573697026792467,0.6884842519685039,0.6153846153846154,-0.2380391980105307,0.8046875
2,test,53,independent_expert,none,independent_expert,independent_expert,1.0,geometry,1,0.8711860236220472,0.8912589081365739,0.1147502180765017,0.6261986243669073,0.9037149789415856,0.4615384615384615,1.3607078901005456,0.390625
2,test,53,independent_expert,none,independent_expert,independent_expert,1.0,rank,1,0.7641486220472441,0.8772621003363831,0.2051669141056646,0.8573697026927761,0.6884842519685039,0.6153846153846154,-0.2380391980626462,0.8046875
2,test,53,independent_expert,none,independent_expert,independent_expert,1.0,target_only,1,0.7641486220472441,0.8772621003363831,0.2051669141056646,0.8573697026792467,0.6884842519685039,0.6153846153846154,-0.2380391980105307,0.8046875
2,test,53,independent_expert,none,independent_expert,independent_expert,1.0,value,1,0.7641486220472441,0.8772621003363831,0.2051669141056646,0.8573697026792467,0.6884842519685039,0.6153846153846154,-0.2380391980105307,0.8046875
2,test,53,output_affine,none,output_affine,output_affine,0.35,dual,1,0.9120324803149606,0.9985106594775286,0.0,0.1218040258247895,0.9446816059329792,0.9230769230769232,-2.8040613491244457,0.875
2,test,53,output_affine,none,output_affine,output_affine,0.35,geometry,1,0.92310531496063,0.9818403454064872,0.0117749425223972,0.5261658837172141,0.9627357626808276,0.9230769230769232,-1.4276913227178194,0.8828125
2,test,53,output_affine,none,output_affine,output_affine,0.35,rank,1,0.8821358267716536,0.9976941429450492,0.0,0.2825259884494829,0.9157606207654276,0.9230769230769232,-2.004755930569017,0.890625
2,test,53,output_affine,none,output_affine,output_affine,0.35,target_only,1,0.9003444881889764,0.9476316679560848,0.0363190552937547,0.5315660675612934,0.9440979216260758,0.7692307692307693,-1.3083688396198498,1.0
2,test,53,output_affine,none,output_affine,output_affine,0.35,value,1,0.9325787401574804,0.9990075447511708,0.0,0.0634802227488962,0.958569859000183,0.9230769230769232,-3.5810767893470925,1.0
2,test,53,output_affine,none,output_affine,output_affine,0.7,dual,1,0.8513779527559056,0.9978425805165152,0.0,0.4169755203396658,0.8511662241347737,0.9230769230769232,2.3426432822634307,0.4140625
2,test,53,output_affine,none,output_affine,output_affine,0.7,geometry,1,0.8930856299212598,0.9394027497064136,0.007684340389583,0.970459526152106,0.9310336934627356,0.5384615384615384,0.9351784346869972,0.5390625
2,test,53,output_affine,none,output_affine,output_affine,0.7,rank,1,0.79564468503937,0.9791450071267505,0.0311242270280041,1.0484016059568897,0.7621257553561619,0.7692307692307693,3.189755046863102,0.4140625
2,test,53,output_affine,none,output_affine,output_affine,0.7,target_only,1,0.8086860236220472,0.93032633148744,0.1317713232262999,1.4355237658829243,0.8002941311115179,0.6923076923076923,-0.0139151588042339,0.8515625
2,test,53,output_affine,none,output_affine,output_affine,0.7,value,1,0.9094488188976378,0.9989018794054504,0.0032839882330825,0.1573803847977505,0.9279207104925836,1.0,-2.160869498244012,0.8359375
2,test,53,output_affine,none,output_affine,output_affine,1.0,dual,1,0.9469734251968503,0.9980434521668308,0.0,0.2089172100228839,0.9804065189525728,0.9230769230769232,4.680088339970782,0.4375
2,test,53,output_affine,none,output_affine,output_affine,1.0,geometry,1,0.8711860236220472,0.8912589081365739,0.1147502180765016,0.6261986243669074,0.9037149789415856,0.4615384615384615,2.276998621974699,0.390625
2,test,53,output_affine,none,output_affine,output_affine,1.0,rank,1,0.8640501968503937,0.991739977106393,0.0,0.5236288852842377,0.8862101721296466,0.8461538461538461,4.325566733809686,0.4375
2,test,53,output_affine,none,output_affine,output_affine,1.0,target_only,1,0.7641486220472441,0.8772621003363831,0.2051669141056644,0.8573697026792463,0.6884842519685039,0.6153846153846154,0.678251533863623,0.8046875
2,test,53,output_affine,none,output_affine,output_affine,1.0,value,1,0.969242125984252,0.9970389795853484,0.0022047954567713,0.0916093983883707,0.9919543123969968,0.9230769230769232,0.0087909152842399,0.6171875
2,test,53,reversal,none,reversal,reversal,0.35,dual,1,0.9003444881889764,0.7888070675654536,0.0060931231284042,0.5315660675612947,0.9440979216260758,0.2307692307692307,-2.224659571494004,1.0
2,test,53,reversal,none,reversal,reversal,0.35,geometry,1,0.9003444881889764,0.7888070675654536,0.0060931231284042,0.5315660675612947,0.9440979216260758,0.2307692307692307,-2.224659571494004,1.0
2,test,53,reversal,none,reversal,reversal,0.35,rank,1,0.9003444881889764,0.7888070675654536,0.0060931231284042,0.5315660675612947,0.9440979216260758,0.2307692307692307,-2.224659571494004,1.0
2,test,53,reversal,none,reversal,reversal,0.35,target_only,1,0.9003444881889764,0.7888070675654536,0.0060931231284042,0.5315660675612947,0.9440979216260758,0.2307692307692307,-2.224659571494004,1.0
2,test,53,reversal,none,reversal,reversal,0.35,value,1,0.9003444881889764,0.7888070675654536,0.0060931231284042,0.5315660675612947,0.9440979216260758,0.2307692307692307,-2.224659571494004,1.0
2,test,53,reversal,none,reversal,reversal,0.7,dual,1,0.8086860236220472,0.917170400588822,0.002202309378392,1.4355237658829227,0.8002941311115179,0.5384615384615384,-0.93020589067839,0.8515625
2,test,53,reversal,none,reversal,reversal,0.7,geometry,1,0.8086860236220472,0.917170400588822,0.002202309378392,1.4355237658829227,0.8002941311115179,0.5384615384615384,-0.93020589067839,0.8515625
2,test,53,reversal,none,reversal,reversal,0.7,rank,1,0.8086860236220472,0.917170400588822,0.002202309378392,1.4355237658829227,0.8002941311115179,0.5384615384615384,-0.93020589067839,0.8515625
2,test,53,reversal,none,reversal,reversal,0.7,target_only,1,0.8086860236220472,0.917170400588822,0.002202309378392,1.4355237658829227,0.8002941311115179,0.5384615384615384,-0.93020589067839,0.8515625
2,test,53,reversal,none,reversal,reversal,0.7,value,1,0.8086860236220472,0.917170400588822,0.002202309378392,1.4355237658829227,0.8002941311115179,0.5384615384615384,-0.93020589067839,0.8515625
2,test,53,reversal,none,reversal,reversal,1.0,dual,1,0.7641486220472441,0.9285160461070302,2.6366884662600333e-07,0.8573697026792467,0.6884842519685039,0.5384615384615384,-0.2380391980105307,0.8046875
2,test,53,reversal,none,reversal,reversal,1.0,geometry,1,0.7641486220472441,0.9285160461070302,2.6366884662600333e-07,0.8573697026792467,0.6884842519685039,0.5384615384615384,-0.2380391980105307,0.8046875
2,test,53,reversal,none,reversal,reversal,1.0,rank,1,0.7641486220472441,0.9285160461070302,2.6366884662600333e-07,0.8573697026792467,0.6884842519685039,0.5384615384615384,-0.2380391980105307,0.8046875
2,test,53,reversal,none,reversal,reversal,1.0,target_only,1,0.7641486220472441,0.9285160461070302,2.6366884662600333e-07,0.8573697026792467,0.6884842519685039,0.5384615384615384,-0.2380391980105307,0.8046875
2,test,53,reversal,none,reversal,reversal,1.0,value,1,0.7641486220472441,0.9285160461070302,2.6366884662600333e-07,0.8573697026792467,0.6884842519685039,0.5384615384615384,-0.2380391980105307,0.8046875
2,test,53,rotate_45,none,rotate_45,rotate_45,0.35,dual,1,0.9156003937007874,0.9841073947390724,0.0097617905797076,0.1474838643580988,0.944481322102179,0.8461538461538461,-2.4702045641103334,0.6171875
2,test,53,rotate_45,none,rotate_45,rotate_45,0.35,geometry,1,0.8848425196850394,0.9364682514124292,0.0190872829379479,0.7035494671554178,0.9304671763413292,0.5384615384615384,-2.11321593518093,0.7890625
2,test,53,rotate_45,none,rotate_45,rotate_45,0.35,rank,1,0.8401820866141733,0.954957134142257,0.0097617905797076,0.4250391195563369,0.8502334737227614,0.6153846153846154,-1.4048158904291308,0.59375
2,test,53,rotate_45,none,rotate_45,rotate_45,0.35,target_only,1,0.8496555118110236,0.9516498739706768,0.0,0.7598122871390572,0.8796580296648965,0.5384615384615384,-2.127955022288869,1.0
2,test,53,rotate_45,none,rotate_45,rotate_45,0.35,value,1,0.9483267716535432,0.999520505986607,0.0,0.0707281800841115,0.9714681377037172,1.0,-4.432731603753205,0.90625
2,test,53,rotate_45,none,rotate_45,rotate_45,0.7,dual,1,0.8849655511811023,0.9895333096092264,0.0258181156060416,0.2604138216457708,0.9103815693096504,0.9230769230769232,-1.1439050305959966,0.609375
2,test,53,rotate_45,none,rotate_45,rotate_45,0.7,geometry,1,0.8259104330708661,0.930028835930927,0.0328055124591418,1.022086758032056,0.8418787767808092,0.5384615384615384,-0.9962385829145268,0.671875
2,test,53,rotate_45,none,rotate_45,rotate_45,0.7,rank,1,0.8463336614173228,0.9775756433053088,0.0258181156060416,0.7966718812961698,0.8543192638710857,0.8461538461538461,0.2808201649354883,0.53125
2,test,53,rotate_45,none,rotate_45,rotate_45,0.7,target_only,1,0.7792814960629921,0.7808402914151427,0.4350521457287317,1.284002758534848,0.7475965940303974,0.3846153846153846,-0.9801763098882093,0.765625
2,test,53,rotate_45,none,rotate_45,rotate_45,0.7,value,1,0.922244094488189,0.9994701092923124,0.0,0.1129773228928256,0.9552508698040652,1.0,-3.342389551942334,0.734375
2,test,53,rotate_45,none,rotate_45,rotate_45,1.0,dual,1,0.9613681102362204,0.992483407494341,0.0173185963129279,0.2033060395093298,0.9884750961362386,1.0,5.938315346094164,0.390625
2,test,53,rotate_45,none,rotate_45,rotate_45,1.0,geometry,1,0.844119094488189,0.9180317173399696,0.1599813134856203,0.6349728262194291,0.8669199780260025,0.5384615384615384,0.4589080699013096,0.6328125
2,test,53,rotate_45,none,rotate_45,rotate_45,1.0,rank,1,0.9243356299212598,0.9901160296365936,0.0173185963129279,0.4923999462455877,0.9602522431789048,0.9230769230769232,3.074036493758694,0.484375
2,test,53,rotate_45,none,rotate_45,rotate_45,1.0,target_only,1,0.780388779527559,0.7693638816992034,0.2678334341936244,0.9614277539197484,0.7328557040835012,0.3846153846153846,0.3602022653186271,0.6875
2,test,53,rotate_45,none,rotate_45,rotate_45,1.0,value,1,0.9673966535433072,0.999970313370024,0.0,0.1290414015244308,0.991393517670756,1.0,3.998053351386997,0.46875
2,test,53,roughness,none,roughness,roughness,0.35,dual,1,0.5419537401574803,0.9401762177066052,0.0646453720245952,1.1402707640349394,0.1554660318622962,0.7692307692307693,64.3003063461754,0.375
2,test,53,roughness,none,roughness,roughness,0.35,geometry,1,0.4152312992125984,0.2106642026213225,1.066441153185027,1.298253806362486,-0.2174567386925471,0.1538461538461538,37.92880648486519,0.3359375
2,test,53,roughness,none,roughness,roughness,0.35,rank,1,0.5709891732283464,0.8362101893422602,0.0646453720245952,1.1522806118576605,0.2080605658304339,0.6153846153846154,45.76832323694581,0.359375
2,test,53,roughness,none,roughness,roughness,0.35,target_only,1,0.4555856299212598,0.1795355664789605,1.0250437213496173,1.3005295897365272,-0.1263333180736129,0.0,6.101765630308236,0.59375
2,test,53,roughness,none,roughness,roughness,0.35,value,1,0.5067667322834646,0.9401762177066052,0.0646453720245952,1.1477416467185757,0.0661909448818897,0.7692307692307693,62.89589547109556,0.3828125
2,test,53,roughness,none,roughness,roughness,0.7,dual,1,0.6147883858267716,0.6749887855152619,0.1662954346077469,1.0662167648283791,0.3200077824574253,0.1538461538461538,56.47154565995152,0.125
2,test,53,roughness,none,roughness,roughness,0.7,geometry,1,0.6417322834645669,0.6806387031724955,0.217656945866764,1.0017244348482484,0.4168993774034059,0.1538461538461538,26.9961004852902,0.1875
2,test,53,roughness,none,roughness,roughness,0.7,rank,1,0.608513779527559,0.6817232486574853,0.1662954346077469,1.0722534834264408,0.3193210950375389,0.1538461538461538,42.39643919531766,0.171875
2,test,53,roughness,none,roughness,roughness,0.7,target_only,1,0.6032234251968503,0.4736569626137872,0.4632532255697393,1.0218022715217256,0.3052153909540377,0.0,4.826806916745311,0.515625
2,test,53,roughness,none,roughness,roughness,0.7,value,1,0.6035925196850394,0.7067483453756749,0.1662954346077469,1.0765873968409334,0.2957333821644387,0.1538461538461538,53.19223597401096,0.1484375
2,test,53,roughness,none,roughness,roughness,1.0,dual,1,0.7122293307086615,0.6064792809778288,0.1556117836074515,0.7716450873973877,0.6014294543123969,0.0,21.87578959781777,0.265625
2,test,53,roughness,none,roughness,roughness,1.0,geometry,1,0.7121062992125984,0.6638980689641582,0.0937444890018992,0.7903950630307612,0.5933437099432338,0.1538461538461538,9.459786099918734,0.2890625
2,test,53,roughness,none,roughness,roughness,1.0,rank,1,0.6913139763779528,0.6095843625662264,0.1556117836074515,0.8394539059291327,0.5551524446072148,0.0,14.375426267236854,0.21875
2,test,53,roughness,none,roughness,roughness,1.0,target_only,1,0.6338582677165354,0.6405822208621014,0.5143773795269068,0.9552173584747832,0.3953259476286394,0.2307692307692307,1.5895969014918037,0.5390625
2,test,53,roughness,none,roughness,roughness,1.0,value,1,0.7212106299212598,0.5765966741212366,0.3492110800988739,0.7660449078778514,0.6152204266617836,0.0,22.688925342122445,0.2578125
2,test,53,scale_0.7,none,scale_0.7,scale_0.7,0.35,dual,1,0.9753937007874016,0.9959556855701512,0.0007768107412505,0.1110566344290519,0.9954506958432522,0.8461538461538461,-1.7996583086256712,0.4453125
2,test,53,scale_0.7,none,scale_0.7,scale_0.7,0.35,geometry,1,0.9349163385826772,0.9726744382947876,0.0018205041926855,0.2268942904471522,0.9758057132393336,0.6153846153846154,-3.392238187900116,0.875
2,test,53,scale_0.7,none,scale_0.7,scale_0.7,0.35,rank,1,0.9506643700787402,0.975309046555364,0.0007768107412505,0.2343351573596216,0.986014466214979,0.6923076923076923,-1.0068568212333728,0.4765625
2,test,53,scale_0.7,none,scale_0.7,scale_0.7,0.35,target_only,1,0.9607529527559056,0.9824814093306758,0.0,0.1528662788107851,0.9903177073796008,0.6923076923076923,-3.0601583686171847,1.0
2,test,53,scale_0.7,none,scale_0.7,scale_0.7,0.35,value,1,0.9896653543307088,0.9993953447924274,0.0,0.0243185987468366,0.9986895715070498,0.9230769230769232,-5.477922132847771,1.0
2,test,53,scale_0.7,none,scale_0.7,scale_0.7,0.7,dual,1,0.9408218503937008,0.9982352766574965,0.0,0.1335428922779826,0.973985991576634,0.9230769230769232,-2.623657045715972,0.6640625
2,test,53,scale_0.7,none,scale_0.7,scale_0.7,0.7,geometry,1,0.7282234251968503,0.9578127777295756,0.0049320830821913,0.7168891456307365,0.6367824116462186,0.5384615384615384,0.5498305328129101,0.3828125
2,test,53,scale_0.7,none,scale_0.7,scale_0.7,0.7,rank,1,0.8793061023622047,0.9928865970140992,0.0,0.2886478989568773,0.8934776139901116,0.8461538461538461,-1.6602249452831508,0.6640625
2,test,53,scale_0.7,none,scale_0.7,scale_0.7,0.7,target_only,1,0.7292076771653543,0.942938170764151,0.0021059547863301,0.6337249816332594,0.650739333455411,0.4615384615384615,-2.024463299560824,0.9921875
2,test,53,scale_0.7,none,scale_0.7,scale_0.7,0.7,value,1,0.9676427165354332,1.0,0.0,0.0511607911256999,0.9914907983885736,1.0,-4.487262771223765,1.0
2,test,53,scale_0.7,none,scale_0.7,scale_0.7,1.0,dual,1,0.9116633858267716,0.9964649218535356,0.0032839882330818,0.1980892792951015,0.9336431056583044,0.9230769230769232,0.9302060335147024,0.4140625
2,test,53,scale_0.7,none,scale_0.7,scale_0.7,1.0,geometry,1,0.8207431102362205,0.9032143396074344,0.1328296691042015,0.840902387483671,0.8325741622413478,0.4615384615384615,-0.3565636484289712,0.6328125
2,test,53,scale_0.7,none,scale_0.7,scale_0.7,1.0,rank,1,0.8847194881889764,0.9910377047934268,0.0032839882330818,0.4155646905980132,0.9026277238600988,0.8461538461538461,2.145355774348876,0.34375
2,test,53,scale_0.7,none,scale_0.7,scale_0.7,1.0,target_only,1,0.8009350393700787,0.9388553640487406,0.021698104329009,0.622600654192679,0.7832471159128366,0.4615384615384615,-1.7133183268036722,1.0
2,test,53,scale_0.7,none,scale_0.7,scale_0.7,1.0,value,1,0.9693651574803148,0.999721767455336,0.0,0.0462392912646081,0.990168925105292,1.0,-4.286457772035636,1.0
2,test,53,scale_1.5,none,scale_1.5,scale_1.5,0.35,dual,1,0.8161909448818898,0.9824567802067548,0.0219904592413451,0.7131355141462536,0.7781885185863394,0.9230769230769232,-1.8864988842683577,1.0
2,test,53,scale_1.5,none,scale_1.5,scale_1.5,0.35,geometry,1,0.6344734251968503,0.8341991249558086,0.2702161547500181,1.2352616373375431,0.450421168284197,0.3846153846153846,-1.3172260807534832,0.78125
2,test,53,scale_1.5,none,scale_1.5,scale_1.5,0.35,rank,1,0.7985974409448819,0.9676541924150224,0.0672710091415129,1.2189115167998064,0.7723173411463102,0.8461538461538461,-1.1546524386236556,0.859375
2,test,53,scale_1.5,none,scale_1.5,scale_1.5,0.35,target_only,1,0.6593257874015748,0.8777194345849217,0.14561216665713,1.242115468460483,0.4964692821827504,0.3846153846153846,-1.3958677448168937,1.0
2,test,53,scale_1.5,none,scale_1.5,scale_1.5,0.35,value,1,0.8161909448818898,0.9824567802067548,0.0219904592413451,0.7131355141462529,0.7781885185863394,0.9230769230769232,-1.886498884268359,1.0
2,test,53,scale_1.5,none,scale_1.5,scale_1.5,0.7,dual,1,0.8817667322834646,0.9843551897043866,0.0022324587382451,0.887008940903337,0.9189136605017396,0.8461538461538461,2.427369494077672,0.6640625
2,test,53,scale_1.5,none,scale_1.5,scale_1.5,0.7,geometry,1,0.906373031496063,0.9017331115900574,0.0980358617405401,0.3219720892524981,0.9533167002380516,0.4615384615384615,-1.1223321210451878,0.9453125
2,test,53,scale_1.5,none,scale_1.5,scale_1.5,0.7,rank,1,0.7929379921259843,0.9825736179378745,0.0145975412427194,1.1110729492749765,0.7692329701519867,0.8461538461538461,1.4976182247779224,0.4375
2,test,53,scale_1.5,none,scale_1.5,scale_1.5,0.7,target_only,1,0.8345226377952756,0.8999284507918374,0.0956888931014997,0.6661600425133329,0.8531862296282732,0.4615384615384615,-0.4911779428878792,1.0
2,test,53,scale_1.5,none,scale_1.5,scale_1.5,0.7,value,1,0.8817667322834646,0.9843551897043866,0.0022324587382451,0.8870089409033363,0.9189136605017396,0.8461538461538461,2.427369494077671,0.6640625
2,test,53,scale_1.5,none,scale_1.5,scale_1.5,1.0,dual,1,0.8015501968503937,0.8653929443951132,0.1487565735264335,0.9056679579379676,0.7881798205456875,0.4615384615384615,2.9120070823282,0.515625
2,test,53,scale_1.5,none,scale_1.5,scale_1.5,1.0,geometry,1,0.8939468503937008,0.815391872385913,0.1501886230377074,0.4363875391057351,0.9334886009888296,0.3076923076923077,-0.4985441644808974,0.859375
2,test,53,scale_1.5,none,scale_1.5,scale_1.5,1.0,rank,1,0.6824557086614174,0.4560458410280477,0.8138921605376028,1.3410811014251218,0.5031244277604835,0.2307692307692307,2.939444629782018,0.5546875
2,test,53,scale_1.5,none,scale_1.5,scale_1.5,1.0,target_only,1,0.8109005905511811,0.9129020743843724,0.0654969848708932,0.8530696563787942,0.8141537722028932,0.4615384615384615,0.1367440582421599,0.859375
2,test,53,scale_1.5,none,scale_1.5,scale_1.5,1.0,value,1,0.8015501968503937,0.8653929443951132,0.1487565735264335,0.9056679579379672,0.7881798205456875,0.4615384615384615,2.9120070823282043,0.515625
2,test,71,identity,identity_label_permutation,identity_label_permutation,identity_label_permutation,0.35,dual,1,0.8464566929133859,0.9116622813805572,0.0359285781201225,0.6100955918915596,0.8670573155099798,0.4615384615384615,-2.1981889713185505,1.0
2,test,71,identity,identity_label_permutation,identity_label_permutation,identity_label_permutation,0.35,geometry,1,0.7848179133858267,0.8715916573706451,0.0601069755408287,0.8139858612130147,0.7359972990294817,0.4615384615384615,-1.7000523713573474,0.7109375
2,test,71,identity,identity_label_permutation,identity_label_permutation,identity_label_permutation,0.35,rank,1,0.8464566929133859,0.9116622813805572,0.0359285781201225,0.6100955920333078,0.8670573155099798,0.4615384615384615,-2.1981889712747944,1.0
2,test,71,identity,identity_label_permutation,identity_label_permutation,identity_label_permutation,0.35,target_only,1,0.8464566929133859,0.9116622813805572,0.0359285781201225,0.6100955918915596,0.8670573155099798,0.4615384615384615,-2.1981889713185505,1.0
2,test,71,identity,identity_label_permutation,identity_label_permutation,identity_label_permutation,0.35,value,1,0.8464566929133859,0.9116622813805572,0.0359285781201225,0.610095591905458,0.8670573155099798,0.4615384615384615,-2.1981889713450684,1.0
2,test,71,identity,identity_label_permutation,identity_label_permutation,identity_label_permutation,0.7,dual,1,0.7603346456692913,0.9645432025398516,0.1734860715511329,1.153119726884128,0.6798377128731001,0.8461538461538461,-0.9964462341607294,0.8984375
2,test,71,identity,identity_label_permutation,identity_label_permutation,identity_label_permutation,0.7,geometry,1,0.7635334645669292,0.8234225172232592,0.501897793502764,0.9499216125557116,0.7209245101629739,0.3846153846153846,-0.3168559523155306,0.6328125
2,test,71,identity,identity_label_permutation,identity_label_permutation,identity_label_permutation,0.7,rank,1,0.7603346456692913,0.9645432025398516,0.1734860715511329,1.153119726739534,0.6798377128731001,0.8461538461538461,-0.9964462343893477,0.8984375
2,test,71,identity,identity_label_permutation,identity_label_permutation,identity_label_permutation,0.7,target_only,1,0.7603346456692913,0.9645432025398516,0.1734860715511329,1.153119726884128,0.6798377128731001,0.8461538461538461,-0.9964462341607294,0.8984375
2,test,71,identity,identity_label_permutation,identity_label_permutation,identity_label_permutation,0.7,value,1,0.7603346456692913,0.9645432025398516,0.1734860715511329,1.1531197267697413,0.6798377128731001,0.8461538461538461,-0.9964462343220084,0.8984375
2,test,71,identity,identity_label_permutation,identity_label_permutation,identity_label_permutation,1.0,dual,1,0.7292076771653543,0.9790570244872404,0.0047132298686903,0.8958212651792453,0.5879761032777879,0.8461538461538461,0.0625242173243418,0.71875
2,test,71,identity,identity_label_permutation,identity_label_permutation,identity_label_permutation,1.0,geometry,1,0.6820866141732284,0.6999377743789894,0.2837389662847326,0.89861488834842,0.5074620032960996,0.0769230769230769,4.019822518930635,0.1171875
2,test,71,identity,identity_label_permutation,identity_label_permutation,identity_label_permutation,1.0,rank,1,0.7292076771653543,0.9790570244872404,0.0047132298686903,0.8958212651906211,0.5879761032777879,0.8461538461538461,0.0625242173452228,0.71875
2,test,71,identity,identity_label_permutation,identity_label_permutation,identity_label_permutation,1.0,target_only,1,0.7292076771653543,0.9790570244872404,0.0047132298686903,0.8958212651792453,0.5879761032777879,0.8461538461538461,0.0625242173243418,0.71875
2,test,71,identity,identity_label_permutation,identity_label_permutation,identity_label_permutation,1.0,value,1,0.7292076771653543,0.9790570244872404,0.0047132298686903,0.8958212651855076,0.5879761032777879,0.8461538461538461,0.0625242173717629,0.71875
2,test,71,identity,none,identity,identity,0.35,dual,1,0.8725393700787402,0.9404143140634342,0.0026026870792556,0.2149167264893569,0.8938610144662149,0.5384615384615384,-2.175927042851664,0.5078125
2,test,71,identity,none,identity,identity,0.35,geometry,1,0.7848179133858267,0.8715916573706451,0.0601069755408287,0.8139858612130147,0.7359972990294817,0.4615384615384615,-1.7000523713573474,0.7109375
2,test,71,identity,none,identity,identity,0.35,rank,1,0.765132874015748,0.9281401012840824,0.0026026870792556,0.5561548791393128,0.7322090734297747,0.4615384615384615,-1.178568465999752,0.5078125
2,test,71,identity,none,identity,identity,0.35,target_only,1,0.8464566929133859,0.9116622813805572,0.0359285781201225,0.6100955918915596,0.8670573155099798,0.4615384615384615,-2.1981889713185505,1.0
2,test,71,identity,none,identity,identity,0.35,value,1,0.9605068897637796,0.9862398048687724,0.0026026870792556,0.0434501503788414,0.9805724684123786,0.9230769230769232,-4.770409592314364,1.0
2,test,71,identity,none,identity,identity,0.7,dual,1,0.7955216535433071,0.9900841045401296,0.0069360654837087,0.3143694909955204,0.7489642464750047,1.0,0.2075308125038437,0.4921875
2,test,71,identity,none,identity,identity,0.7,geometry,1,0.7635334645669292,0.8234225172232592,0.501897793502764,0.9499216125557116,0.7209245101629739,0.3846153846153846,-0.3168559523155306,0.6328125
2,test,71,identity,none,identity,identity,0.7,rank,1,0.7317913385826772,0.9791168869748416,0.0069360654837087,0.8007396926026467,0.6236094579747299,0.8461538461538461,1.0604147945642803,0.5
2,test,71,identity,none,identity,identity,0.7,target_only,1,0.7603346456692913,0.9645432025398516,0.1734860715511329,1.153119726884128,0.6798377128731001,0.8461538461538461,-0.9964462341607294,0.8984375
2,test,71,identity,none,identity,identity,0.7,value,1,0.905388779527559,0.9999794094346692,0.0,0.0883645656997296,0.9251796832082037,1.0,-3.5555648404053373,0.8671875
2,test,71,identity,none,identity,identity,1.0,dual,1,0.924089566929134,0.9932216998957952,0.0047132298686903,0.2245092122144623,0.9605555301226882,0.9230769230769232,5.819297978220337,0.28125
2,test,71,identity,none,identity,identity,1.0,geometry,1,0.6820866141732284,0.6999377743789894,0.2837389662847326,0.89861488834842,0.5074620032960996,0.0769230769230769,4.019822518930635,0.1171875
2,test,71,identity,none,identity,identity,1.0,rank,1,0.8329232283464567,0.9922222134078644,0.0047132298686903,0.5532898382909734,0.842193508514924,0.9230769230769232,5.794770334570764,0.265625
2,test,71,identity,none,identity,identity,1.0,target_only,1,0.7292076771653543,0.9790570244872404,0.0047132298686903,0.8958212651792453,0.5879761032777879,0.8461538461538461,0.0625242173243418,0.71875
2,test,71,identity,none,identity,identity,1.0,value,1,0.96751968503937,0.994221267241462,0.0047132298686903,0.0801967425638862,0.989310565830434,1.0,-1.4969236778506048,0.609375
2,test,71,independent_expert,none,independent_expert,independent_expert,0.35,dual,1,0.8464566929133859,0.9116622813805572,0.0359285781201225,0.6100955918915596,0.8670573155099798,0.4615384615384615,-2.1981889713185505,1.0
2,test,71,independent_expert,none,independent_expert,independent_expert,0.35,geometry,1,0.7848179133858267,0.8715916573706451,0.0601069755408287,0.8139858612130147,0.7359972990294817,0.4615384615384615,-1.7000523713573474,0.7109375
2,test,71,independent_expert,none,independent_expert,independent_expert,0.35,rank,1,0.8464566929133859,0.9116622813805572,0.0359285781201225,0.6100955918915596,0.8670573155099798,0.4615384615384615,-2.1981889713185505,1.0
2,test,71,independent_expert,none,independent_expert,independent_expert,0.35,target_only,1,0.8464566929133859,0.9116622813805572,0.0359285781201225,0.6100955918915596,0.8670573155099798,0.4615384615384615,-2.1981889713185505,1.0
2,test,71,independent_expert,none,independent_expert,independent_expert,0.35,value,1,0.8464566929133859,0.9116622813805572,0.0359285781201225,0.6100955916984405,0.8670573155099798,0.4615384615384615,-2.198188971484047,1.0
2,test,71,independent_expert,none,independent_expert,independent_expert,0.7,dual,1,0.7603346456692913,0.9645432025398516,0.1734860715511329,1.153119726884128,0.6798377128731001,0.8461538461538461,-0.9964462341607294,0.8984375
2,test,71,independent_expert,none,independent_expert,independent_expert,0.7,geometry,1,0.7635334645669292,0.8234225172232592,0.501897793502764,0.9499216125557116,0.7209245101629739,0.3846153846153846,-0.3168559523155306,0.6328125
2,test,71,independent_expert,none,independent_expert,independent_expert,0.7,rank,1,0.7603346456692913,0.9645432025398516,0.1734860715511329,1.153119726884128,0.6798377128731001,0.8461538461538461,-0.9964462341607294,0.8984375
2,test,71,independent_expert,none,independent_expert,independent_expert,0.7,target_only,1,0.7603346456692913,0.9645432025398516,0.1734860715511329,1.153119726884128,0.6798377128731001,0.8461538461538461,-0.9964462341607294,0.8984375
2,test,71,independent_expert,none,independent_expert,independent_expert,0.7,value,1,0.7603346456692913,0.9645432025398516,0.1734860715511329,1.1531197270485931,0.6798377128731001,0.8461538461538461,-0.9964462340141286,0.8984375
2,test,71,independent_expert,none,independent_expert,independent_expert,1.0,dual,1,0.7292076771653543,0.9790570244872404,0.0047132298686903,0.8958212651792453,0.5879761032777879,0.8461538461538461,0.0625242173243418,0.71875
2,test,71,independent_expert,none,independent_expert,independent_expert,1.0,geometry,1,0.6820866141732284,0.6999377743789894,0.2837389662847326,0.89861488834842,0.5074620032960996,0.0769230769230769,4.019822518930635,0.1171875
2,test,71,independent_expert,none,independent_expert,independent_expert,1.0,rank,1,0.7292076771653543,0.9790570244872404,0.0047132298686903,0.8958212651792453,0.5879761032777879,0.8461538461538461,0.0625242173243418,0.71875
2,test,71,independent_expert,none,independent_expert,independent_expert,1.0,target_only,1,0.7292076771653543,0.9790570244872404,0.0047132298686903,0.8958212651792453,0.5879761032777879,0.8461538461538461,0.0625242173243418,0.71875
2,test,71,independent_expert,none,independent_expert,independent_expert,1.0,value,1,0.7292076771653543,0.9790570244872404,0.0047132298686903,0.8958212651765142,0.5879761032777879,0.8461538461538461,0.0625242173304264,0.71875
2,test,71,output_affine,none,output_affine,output_affine,0.35,dual,1,0.8725393700787402,0.9404143140634342,0.0026026870792549,0.2149167264893566,0.8938610144662149,0.5384615384615384,-1.2596363109775215,0.5078125
2,test,71,output_affine,none,output_affine,output_affine,0.35,geometry,1,0.7848179133858267,0.8715916573706451,0.0601069755408284,0.8139858612130149,0.7359972990294817,0.4615384615384615,-0.7837616394831931,0.7109375
2,test,71,output_affine,none,output_affine,output_affine,0.35,rank,1,0.765132874015748,0.9281401012840824,0.0026026870792549,0.5561548791393132,0.7322090734297747,0.4615384615384615,-0.2622777341256061,0.5078125
2,test,71,output_affine,none,output_affine,output_affine,0.35,target_only,1,0.8464566929133859,0.9116622813805572,0.035928578120122,0.6100955918915598,0.8670573155099798,0.4615384615384615,-1.2818982394443952,1.0
2,test,71,output_affine,none,output_affine,output_affine,0.35,value,1,0.9605068897637796,0.9862398048687724,0.0026026870792549,0.043450150378842,0.9805724684123786,0.9230769230769232,-3.854118860440207,1.0
2,test,71,output_affine,none,output_affine,output_affine,0.7,dual,1,0.7955216535433071,0.9900841045401296,0.0069360654837094,0.31436949099552,0.7489642464750047,1.0,1.123821544378019,0.4921875
2,test,71,output_affine,none,output_affine,output_affine,0.7,geometry,1,0.7635334645669292,0.8234225172232592,0.5018977935027641,0.949921612555713,0.7209245101629739,0.3846153846153846,0.5994347795586263,0.6328125
2,test,71,output_affine,none,output_affine,output_affine,0.7,rank,1,0.7317913385826772,0.9791168869748416,0.0069360654837094,0.8007396926026472,0.6236094579747299,0.8461538461538461,1.9767055264384363,0.5
2,test,71,output_affine,none,output_affine,output_affine,0.7,target_only,1,0.7603346456692913,0.9645432025398516,0.1734860715511334,1.1531197268841284,0.6798377128731001,0.8461538461538461,-0.0801555022865739,0.8984375
2,test,71,output_affine,none,output_affine,output_affine,0.7,value,1,0.905388779527559,0.9999794094346692,0.0,0.0883645656997299,0.9251796832082037,1.0,-2.6392741085311786,0.8671875
2,test,71,output_affine,none,output_affine,output_affine,1.0,dual,1,0.924089566929134,0.9932216998957952,0.0047132298686903,0.2245092122144626,0.9605555301226882,0.9230769230769232,6.735588710094518,0.28125
2,test,71,output_affine,none,output_affine,output_affine,1.0,geometry,1,0.6820866141732284,0.6999377743789894,0.2837389662847329,0.8986148883484202,0.5074620032960996,0.0769230769230769,4.936113250804786,0.1171875
2,test,71,output_affine,none,output_affine,output_affine,1.0,rank,1,0.8329232283464567,0.9922222134078644,0.0047132298686903,0.5532898382909737,0.842193508514924,0.9230769230769232,6.711061066444906,0.265625
2,test,71,output_affine,none,output_affine,output_affine,1.0,target_only,1,0.7292076771653543,0.9790570244872404,0.0047132298686903,0.8958212651792457,0.5879761032777879,0.8461538461538461,0.9788149491984978,0.71875
2,test,71,output_affine,none,output_affine,output_affine,1.0,value,1,0.96751968503937,0.994221267241462,0.0047132298686903,0.0801967425638866,0.989310565830434,1.0,-0.5806329459764369,0.609375
2,test,71,reversal,none,reversal,reversal,0.35,dual,1,0.8464566929133859,0.884669100522818,0.0017320287344707,0.6100955918915596,0.8670573155099798,0.3846153846153846,-2.1981889713185505,1.0
2,test,71,reversal,none,reversal,reversal,0.35,geometry,1,0.8464566929133859,0.884669100522818,0.0017320287344707,0.6100955918915596,0.8670573155099798,0.3846153846153846,-2.1981889713185505,1.0
2,test,71,reversal,none,reversal,reversal,0.35,rank,1,0.8464566929133859,0.884669100522818,0.0017320287344707,0.6100955918915596,0.8670573155099798,0.3846153846153846,-2.1981889713185505,1.0
2,test,71,reversal,none,reversal,reversal,0.35,target_only,1,0.8464566929133859,0.884669100522818,0.0017320287344707,0.6100955918915596,0.8670573155099798,0.3846153846153846,-2.1981889713185505,1.0
2,test,71,reversal,none,reversal,reversal,0.35,value,1,0.8464566929133859,0.884669100522818,0.0017320287344707,0.6100955918915596,0.8670573155099798,0.3846153846153846,-2.1981889713185505,1.0
2,test,71,reversal,none,reversal,reversal,0.7,dual,1,0.7603346456692913,0.6619044609996962,0.0655057264542379,1.153119726884128,0.6798377128731001,0.0,-0.9964462341607294,0.8984375
2,test,71,reversal,none,reversal,reversal,0.7,geometry,1,0.7603346456692913,0.6619044609996962,0.0655057264542379,1.153119726884128,0.6798377128731001,0.0,-0.9964462341607294,0.8984375
2,test,71,reversal,none,reversal,reversal,0.7,rank,1,0.7603346456692913,0.6619044609996962,0.0655057264542379,1.153119726884128,0.6798377128731001,0.0,-0.9964462341607294,0.8984375
2,test,71,reversal,none,reversal,reversal,0.7,target_only,1,0.7603346456692913,0.6619044609996962,0.0655057264542379,1.153119726884128,0.6798377128731001,0.0,-0.9964462341607294,0.8984375
2,test,71,reversal,none,reversal,reversal,0.7,value,1,0.7603346456692913,0.6619044609996962,0.0655057264542379,1.153119726884128,0.6798377128731001,0.0,-0.9964462341607294,0.8984375
2,test,71,reversal,none,reversal,reversal,1.0,dual,1,0.7292076771653543,0.6897643185706553,0.1192590137443219,0.8958212651792453,0.5879761032777879,0.0,0.0625242173243418,0.71875
2,test,71,reversal,none,reversal,reversal,1.0,geometry,1,0.7292076771653543,0.6897643185706553,0.1192590137443219,0.8958212651792453,0.5879761032777879,0.0,0.0625242173243418,0.71875
2,test,71,reversal,none,reversal,reversal,1.0,rank,1,0.7292076771653543,0.6897643185706553,0.1192590137443219,0.8958212651792453,0.5879761032777879,0.0,0.0625242173243418,0.71875
2,test,71,reversal,none,reversal,reversal,1.0,target_only,1,0.7292076771653543,0.6897643185706553,0.1192590137443219,0.8958212651792453,0.5879761032777879,0.0,0.0625242173243418,0.71875
2,test,71,reversal,none,reversal,reversal,1.0,value,1,0.7292076771653543,0.6897643185706553,0.1192590137443219,0.8958212651792453,0.5879761032777879,0.0,0.0625242173243418,0.71875
2,test,71,rotate_45,none,rotate_45,rotate_45,0.35,dual,1,0.9121555118110236,0.9919495198308796,0.0021627109942779,0.1122311342149909,0.9368190349752792,0.8461538461538461,-3.502533009810512,0.8203125
2,test,71,rotate_45,none,rotate_45,rotate_45,0.35,geometry,1,0.8025344488188977,0.7804336037391392,0.2004876268182382,0.6156174694756573,0.8133068577183665,0.1538461538461538,-1.7144547420615286,0.6875
2,test,71,rotate_45,none,rotate_45,rotate_45,0.35,rank,1,0.8448572834645669,0.9506325216652184,0.0916895297380411,0.3178055146127828,0.8617927119575169,0.6923076923076923,-2.453744215276345,0.8203125
2,test,71,rotate_45,none,rotate_45,rotate_45,0.35,target_only,1,0.8313238188976378,0.7564329420680582,0.2004876268182382,0.6092199323260706,0.8544508789598975,0.0769230769230769,-2.0285965258455696,1.0
2,test,71,rotate_45,none,rotate_45,rotate_45,0.35,value,1,0.95435531496063,0.9985660805588276,0.0010103309774806,0.0510830059313882,0.9778142739425012,1.0,-4.523137176747513,1.0
2,test,71,rotate_45,none,rotate_45,rotate_45,0.7,dual,1,0.9163385826771654,0.9942259373639868,0.0170526470100062,0.3838776328678407,0.9439949185130928,1.0,0.1838475851206265,0.3515625
2,test,71,rotate_45,none,rotate_45,rotate_45,0.7,geometry,1,0.8583907480314961,0.8470935982684735,0.2968064751964327,1.1947324458647053,0.8934318348287857,0.3076923076923077,-0.1718447783874018,0.5703125
2,test,71,rotate_45,none,rotate_45,rotate_45,0.7,rank,1,0.8982529527559056,0.9843505198466,0.0170526470100062,1.0798712713175966,0.9269479033144112,0.8461538461538461,1.1730296018280293,0.3515625
2,test,71,rotate_45,none,rotate_45,rotate_45,0.7,target_only,1,0.859498031496063,0.8260502962263784,0.4366376528845776,1.54834522104326,0.8968194927668924,0.3076923076923077,-0.6755735674875128,0.8359375
2,test,71,rotate_45,none,rotate_45,rotate_45,0.7,value,1,0.9427903543307088,0.9999630507997244,0.0,0.1353894793319995,0.973419474455228,1.0,-2.8893289812342395,0.7421875
2,test,71,rotate_45,none,rotate_45,rotate_45,1.0,dual,1,0.971456692913386,0.9948028861466304,0.0018316893072063,0.1068430752633068,0.9926982237685406,0.8461538461538461,-1.5615173019628763,0.6640625
2,test,71,rotate_45,none,rotate_45,rotate_45,1.0,geometry,1,0.8797982283464567,0.9085501923588972,0.1394677384470596,0.4771218618759631,0.9196747390587804,0.4615384615384615,-0.7554242051242543,0.8046875
2,test,71,rotate_45,none,rotate_45,rotate_45,1.0,rank,1,0.938976377952756,0.993115800505404,0.00391187670506,0.2856000536999499,0.9724180553012268,0.8461538461538461,-0.8563577586567065,0.734375
2,test,71,rotate_45,none,rotate_45,rotate_45,1.0,target_only,1,0.8125,0.6312169534579023,0.3091644520643519,0.7070036857882797,0.8056159586156381,0.0,-0.5483003541086016,0.8828125
2,test,71,rotate_45,none,rotate_45,rotate_45,1.0,value,1,0.9755167322834646,1.0,0.0,0.0713023584796737,0.9948956235121772,1.0,-2.492643439357721,0.75
2,test,71,roughness,none,roughness,roughness,0.35,dual,1,0.4750246062992126,0.7665651923179756,0.0144037544432506,1.4611259901676132,-0.0578934718915949,0.4615384615384615,29.07476836196624,0.34375
2,test,71,roughness,none,roughness,roughness,0.35,geometry,1,0.453494094488189,0.5110778288108064,0.5878296146299425,1.5752988676322868,-0.1166968046145394,0.4615384615384615,30.90171452908702,0.28125
2,test,71,roughness,none,roughness,roughness,0.35,rank,1,0.4735482283464567,0.7665651923179756,0.0144037544432506,1.4618008847274249,-0.057767579197949,0.4615384615384615,29.65906413904253,0.34375
2,test,71,roughness,none,roughness,roughness,0.35,target_only,1,0.4436515748031496,0.7234620564703139,0.1891823724333343,1.5130008426489838,-0.1428882072880425,0.4615384615384615,6.43662992344232,0.5
2,test,71,roughness,none,roughness,roughness,0.35,value,1,0.4546013779527559,0.7604136062779248,0.0144037544432506,1.4737297606362394,-0.1404447445522798,0.4615384615384615,19.767771474168818,0.359375
2,test,71,roughness,none,roughness,roughness,0.7,dual,1,0.6296751968503937,0.6653773374089976,0.0412595455283087,1.1628153032121575,0.3887451931880608,0.2307692307692307,13.976754364078367,0.328125
2,test,71,roughness,none,roughness,roughness,0.7,geometry,1,0.6158956692913385,0.6002208123451527,0.6200419033107656,1.0815932392322225,0.3569916224134773,0.2307692307692307,12.24948997779477,0.2734375
2,test,71,roughness,none,roughness,roughness,0.7,rank,1,0.6302903543307087,0.6653773374089976,0.0412595455283087,1.164786248650426,0.3898953946163706,0.2307692307692307,14.30962986256549,0.328125
2,test,71,roughness,none,roughness,roughness,0.7,target_only,1,0.657111220472441,0.6562195376411769,0.0412595455283087,1.106697691583129,0.4696255264603551,0.2307692307692307,2.321818890066905,0.5703125
2,test,71,roughness,none,roughness,roughness,0.7,value,1,0.6184793307086615,0.6562195376411769,0.0412595455283087,1.1437269235399272,0.3509888298846365,0.2307692307692307,8.817845652503955,0.390625
2,test,71,roughness,none,roughness,roughness,1.0,dual,1,0.687746062992126,0.6536708180502576,0.1288952807537457,0.908231319671614,0.5379165903680644,0.1538461538461538,7.214900238833065,0.4140625
2,test,71,roughness,none,roughness,roughness,1.0,geometry,1,0.65625,0.5337164602133749,0.7786619576375464,0.9250221258659632,0.448515610694012,0.2307692307692307,7.446995517215669,0.390625
2,test,71,roughness,none,roughness,roughness,1.0,rank,1,0.6865157480314961,0.6553180730553246,0.1288952807537457,0.9079800227934915,0.5347177714704265,0.1538461538461538,7.424916989180743,0.40625
2,test,71,roughness,none,roughness,roughness,1.0,target_only,1,0.6587106299212598,0.6504954434716075,0.1288952807537457,0.929651526893568,0.4880745284746383,0.1538461538461538,1.5664992666690918,0.6484375
2,test,71,roughness,none,roughness,roughness,1.0,value,1,0.7014025590551181,0.6678062952918316,0.1288952807537457,0.962337258182915,0.5666659036806445,0.2307692307692307,4.7142787372637205,0.484375
2,test,71,scale_0.7,none,scale_0.7,scale_0.7,0.35,dual,1,0.9435285433070866,0.9279982295889476,0.0016461022540703,0.1739297604053533,0.9788557498626624,0.4615384615384615,-1.4017281560299946,0.5234375
2,test,71,scale_0.7,none,scale_0.7,scale_0.7,0.35,geometry,1,0.8363681102362205,0.9004930129244239,0.0228417887915443,0.5382660352650301,0.8589601263504852,0.4615384615384615,-0.6452258122990203,0.40625
2,test,71,scale_0.7,none,scale_0.7,scale_0.7,0.35,rank,1,0.8841043307086615,0.9279982295889476,0.0016461022540703,0.3902301709624,0.9217748580845996,0.4615384615384615,-0.8883599617505171,0.546875
2,test,71,scale_0.7,none,scale_0.7,scale_0.7,0.35,target_only,1,0.8879183070866141,0.9257860543627124,0.0016461022540703,0.3921336130378144,0.9288649056949276,0.4615384615384615,-2.9622186290445067,1.0
2,test,71,scale_0.7,none,scale_0.7,scale_0.7,0.35,value,1,0.9869586614173228,0.9818780846379525,0.0016461022540703,0.0387106207794256,0.998174555942135,0.8461538461538461,-5.400286074132038,1.0
2,test,71,scale_0.7,none,scale_0.7,scale_0.7,0.7,dual,1,0.9336860236220472,0.989492902227912,0.004441236858227,0.1344586209931578,0.9671648965390952,0.8461538461538461,-3.011533611846401,0.6875
2,test,71,scale_0.7,none,scale_0.7,scale_0.7,0.7,geometry,1,0.6802411417322834,0.9588709664431444,0.0009812153450054,0.7298208628488682,0.5566917689067936,0.5384615384615384,3.456435561778377,0.3359375
2,test,71,scale_0.7,none,scale_0.7,scale_0.7,0.7,rank,1,0.8726624015748031,0.9721636142749828,0.0175889503980231,0.3039404400669931,0.8910799304156747,0.7692307692307693,-2.241255315059155,0.6953125
2,test,71,scale_0.7,none,scale_0.7,scale_0.7,0.7,target_only,1,0.7641486220472441,0.983498445859834,0.0,0.5154384252073171,0.7026414576084966,0.6923076923076923,-2.105334411814331,1.0
2,test,71,scale_0.7,none,scale_0.7,scale_0.7,0.7,value,1,0.9728100393700788,0.9996687483285436,0.0,0.0488538075408741,0.993939983519502,1.0,-4.612465931408051,1.0
2,test,71,scale_0.7,none,scale_0.7,scale_0.7,1.0,dual,1,0.9175688976377953,0.9984271156517336,0.0,0.1237367072636645,0.9477659769273026,0.9230769230769232,-3.221488614331511,0.8046875
2,test,71,scale_0.7,none,scale_0.7,scale_0.7,1.0,geometry,1,0.7522145669291339,0.9591841565366004,0.0,0.8948866627430853,0.6441585790148325,0.5384615384615384,1.6448074261766616,0.71875
2,test,71,scale_0.7,none,scale_0.7,scale_0.7,1.0,rank,1,0.8767224409448819,0.993179247585508,0.0,0.2719969474901624,0.8910856528108404,0.8461538461538461,-2.4588091044593483,0.8359375
2,test,71,scale_0.7,none,scale_0.7,scale_0.7,1.0,target_only,1,0.73314468503937,0.9194074875424116,0.1813466885819774,0.7421196789129716,0.6386250228895807,0.6153846153846154,-1.6448832909098603,1.0
2,test,71,scale_0.7,none,scale_0.7,scale_0.7,1.0,value,1,0.9571850393700788,1.0,0.0,0.0630406327218872,0.984166132576451,1.0,-4.160953716660259,1.0
2,test,71,scale_1.5,none,scale_1.5,scale_1.5,0.35,dual,1,0.812253937007874,0.9321522033494078,0.0010853477798019,1.012845845253185,0.8057475737044497,0.5384615384615384,-1.3228401515830628,0.796875
2,test,71,scale_1.5,none,scale_1.5,scale_1.5,0.35,geometry,1,0.6114665354330708,0.8725095555348249,0.111253376904479,1.1375587214476186,0.3956578465482512,0.4615384615384615,-1.0707464703499958,0.6875
2,test,71,scale_1.5,none,scale_1.5,scale_1.5,0.35,rank,1,0.7645177165354331,0.93058789991195,0.0010853477798019,2.0581627876769977,0.7112250503570774,0.5384615384615384,-0.0059052525953258,0.6484375
2,test,71,scale_1.5,none,scale_1.5,scale_1.5,0.35,target_only,1,0.6434547244094488,0.927263608225718,0.0049118310993806,1.0470353956757583,0.4660490294817798,0.4615384615384615,-1.3613935517834943,1.0
2,test,71,scale_1.5,none,scale_1.5,scale_1.5,0.35,value,1,0.8447342519685039,0.9938545429235563,0.0010853477798019,0.6883029100203355,0.8570774583409632,0.8461538461538461,-1.8196820212899416,0.875
2,test,71,scale_1.5,none,scale_1.5,scale_1.5,0.7,dual,1,0.8401820866141733,0.987219377026253,0.0047806298863601,0.6875062113860491,0.8621703900384544,0.9230769230769232,0.3930298689330728,0.6484375
2,test,71,scale_1.5,none,scale_1.5,scale_1.5,0.7,geometry,1,0.8526082677165354,0.7769463910332838,0.2641017659659024,0.4682063130116345,0.8894948269547701,0.1538461538461538,-0.7189121746905722,0.8984375
2,test,71,scale_1.5,none,scale_1.5,scale_1.5,0.7,rank,1,0.7791584645669292,0.9957866726110328,0.0047806298863601,1.0585785799689251,0.7462804431422816,1.0,1.5196936771471496,0.484375
2,test,71,scale_1.5,none,scale_1.5,scale_1.5,0.7,target_only,1,0.8394438976377953,0.9219874101370952,0.0611390947411424,0.6020559181979491,0.8613749771104192,0.4615384615384615,-0.4579538534605639,1.0
2,test,71,scale_1.5,none,scale_1.5,scale_1.5,0.7,value,1,0.8558070866141733,0.9804006119532684,0.0047806298863601,0.5815037754332456,0.8869598058963559,0.8461538461538461,-0.0888635633074433,0.7109375
2,test,71,scale_1.5,none,scale_1.5,scale_1.5,1.0,dual,1,0.766117125984252,0.9192304504633644,0.0219957394449515,0.7476578682560269,0.7227041750595129,0.4615384615384615,2.3928779292056865,0.6640625
2,test,71,scale_1.5,none,scale_1.5,scale_1.5,1.0,geometry,1,0.8287401574803149,0.6986958776658369,0.1643856416927489,0.6061927708672,0.848133354696942,0.0769230769230769,0.3898484342448662,0.671875
2,test,71,scale_1.5,none,scale_1.5,scale_1.5,1.0,rank,1,0.7065698818897638,0.9242484522542324,0.0057607845480411,0.9737025316781716,0.5845598333638528,0.4615384615384615,2.448330427533129,0.640625
2,test,71,scale_1.5,none,scale_1.5,scale_1.5,1.0,target_only,1,0.8225885826771654,0.9132384302102756,0.0672234717251366,0.7501473310180501,0.8277044039553195,0.4615384615384615,0.1507323094458288,0.9140625
2,test,71,scale_1.5,none,scale_1.5,scale_1.5,1.0,value,1,0.7845718503937008,0.906137741504667,0.0219957394449515,0.6933420515811478,0.7682372733931514,0.4615384615384615,2.0603648701036583,0.703125
2,test,89,identity,identity_label_permutation,identity_label_permutation,identity_label_permutation,0.35,dual,1,0.874507874015748,0.9045688282902062,0.041404688558741,0.6925481950116847,0.9215059055118108,0.4615384615384615,-2.041880602944446,1.0
2,test,89,identity,identity_label_permutation,identity_label_permutation,identity_label_permutation,0.35,geometry,1,0.7958907480314961,0.8590289631172574,0.0945329445639482,0.6461557842256322,0.8033956692913384,0.4615384615384615,-2.1831519618771824,0.8984375
2,test,89,identity,identity_label_permutation,identity_label_permutation,identity_label_permutation,0.35,rank,1,0.874507874015748,0.9045688282902062,0.041404688558741,0.6925481950193815,0.9215059055118108,0.4615384615384615,-2.041880602950465,1.0
2,test,89,identity,identity_label_permutation,identity_label_permutation,identity_label_permutation,0.35,target_only,1,0.874507874015748,0.9045688282902062,0.041404688558741,0.6925481950193815,0.9215059055118108,0.4615384615384615,-2.041880602950465,1.0
2,test,89,identity,identity_label_permutation,identity_label_permutation,identity_label_permutation,0.35,value,1,0.874507874015748,0.9045688282902062,0.041404688558741,0.6925481950193815,0.9215059055118108,0.4615384615384615,-2.041880602950465,1.0
2,test,89,identity,identity_label_permutation,identity_label_permutation,identity_label_permutation,0.7,dual,1,0.8396899606299213,0.8610269233651637,0.187908345906025,1.210335552330421,0.8606997344808642,0.3846153846153846,-0.8670541024643474,0.8828125
2,test,89,identity,identity_label_permutation,identity_label_permutation,identity_label_permutation,0.7,geometry,1,0.8576525590551181,0.9471386171775198,0.0790931304286514,1.0486099899370327,0.8759899743636697,0.7692307692307693,-0.801263715383275,0.7265625
2,test,89,identity,identity_label_permutation,identity_label_permutation,identity_label_permutation,0.7,rank,1,0.8396899606299213,0.8610269233651637,0.187908345906025,1.2103355522891046,0.8606997344808642,0.3846153846153846,-0.8670541026105211,0.8828125
2,test,89,identity,identity_label_permutation,identity_label_permutation,identity_label_permutation,0.7,target_only,1,0.8396899606299213,0.8610269233651637,0.187908345906025,1.2103355522891046,0.8606997344808642,0.3846153846153846,-0.8670541026105211,0.8828125
2,test,89,identity,identity_label_permutation,identity_label_permutation,identity_label_permutation,0.7,value,1,0.8396899606299213,0.8610269233651637,0.187908345906025,1.2103355522891046,0.8606997344808642,0.3846153846153846,-0.8670541026105211,0.8828125
2,test,89,identity,identity_label_permutation,identity_label_permutation,identity_label_permutation,1.0,dual,1,0.8061023622047244,0.8072132408076016,0.2290785834395649,0.8449427821817378,0.8114928584508332,0.2307692307692307,-0.0273943660081952,0.8203125
2,test,89,identity,identity_label_permutation,identity_label_permutation,identity_label_permutation,1.0,geometry,1,0.859005905511811,0.9107160548177607,0.0391293497870946,0.5578981523519091,0.8767167185497161,0.4615384615384615,-0.1508026249645571,0.75
2,test,89,identity,identity_label_permutation,identity_label_permutation,identity_label_permutation,1.0,rank,1,0.8061023622047244,0.8072132408076016,0.2290785834395649,0.8449427821535966,0.8114928584508332,0.2307692307692307,-0.0273943661389895,0.8203125
2,test,89,identity,identity_label_permutation,identity_label_permutation,identity_label_permutation,1.0,target_only,1,0.8061023622047244,0.8072132408076016,0.2290785834395649,0.8449427821535966,0.8114928584508332,0.2307692307692307,-0.0273943661389895,0.8203125
2,test,89,identity,identity_label_permutation,identity_label_permutation,identity_label_permutation,1.0,value,1,0.8061023622047244,0.8072132408076016,0.2290785834395649,0.8449427821535966,0.8114928584508332,0.2307692307692307,-0.0273943661389895,0.8203125
2,test,89,identity,none,identity,identity,0.35,dual,1,0.9405757874015748,0.98361138628098,0.000265589336619,0.105431124422566,0.9681892052737594,0.8461538461538461,-3.910974125874842,0.890625
2,test,89,identity,none,identity,identity,0.35,geometry,1,0.7958907480314961,0.8590289631172574,0.0945329445639482,0.6461557842256322,0.8033956692913384,0.4615384615384615,-2.1831519618771824,0.8984375
2,test,89,identity,none,identity,identity,0.35,rank,1,0.9149852362204725,0.9467441243215168,0.000265589336619,0.3001497240947808,0.950970518220106,0.5384615384615384,-2.881594740333698,0.890625
2,test,89,identity,none,identity,identity,0.35,target_only,1,0.874507874015748,0.9045688282902062,0.041404688558741,0.6925481950193815,0.9215059055118108,0.4615384615384615,-2.041880602950465,1.0
2,test,89,identity,none,identity,identity,0.35,value,1,0.9584153543307088,0.991239819003049,0.000265589336619,0.056158093740826,0.981018815235305,0.9230769230769232,-4.546511016653231,0.9765625
2,test,89,identity,none,identity,identity,0.7,dual,1,0.8703248031496063,0.9995395840506064,0.0,0.3468096690050498,0.8794062442776047,1.0,0.5660468020977623,0.4609375
2,test,89,identity,none,identity,identity,0.7,geometry,1,0.8576525590551181,0.9471386171775198,0.0790931304286514,1.0486099899370327,0.8759899743636697,0.7692307692307693,-0.801263715383275,0.7265625
2,test,89,identity,none,identity,identity,0.7,rank,1,0.8314468503937008,0.9884052238581772,0.0116304023347655,1.019741635330394,0.8209748672404321,0.8461538461538461,1.699370145484825,0.4921875
2,test,89,identity,none,identity,identity,0.7,target_only,1,0.8396899606299213,0.8610269233651637,0.187908345906025,1.2103355522891046,0.8606997344808642,0.3846153846153846,-0.8670541026105211,0.8828125
2,test,89,identity,none,identity,identity,0.7,value,1,0.9281496062992126,0.9968827431302864,0.000705191961381,0.1056521540664555,0.9557944973448088,1.0,-3.230147003001911,0.84375
2,test,89,identity,none,identity,identity,1.0,dual,1,0.9301181102362204,0.9979444888379944,0.0004821210815369,0.1800301137161734,0.9652993957150704,1.0,1.7712280140348269,0.3984375
2,test,89,identity,none,identity,identity,1.0,geometry,1,0.859005905511811,0.9107160548177607,0.0391293497870946,0.5578981523519091,0.8767167185497161,0.4615384615384615,-0.1508026249645571,0.75
2,test,89,identity,none,identity,identity,1.0,rank,1,0.844488188976378,0.9987746034446336,0.0001188092671235,0.5107075529596642,0.860991576634316,1.0,2.6264334886912604,0.3984375
2,test,89,identity,none,identity,identity,1.0,target_only,1,0.8061023622047244,0.8072132408076016,0.2290785834395649,0.8449427821535966,0.8114928584508332,0.2307692307692307,-0.0273943661389895,0.8203125
2,test,89,identity,none,identity,identity,1.0,value,1,0.9637057086614174,0.9977700176079533,0.0004821210815369,0.0828059006164845,0.9862948635780991,1.0,-1.8057885124708093,0.6953125
2,test,89,independent_expert,none,independent_expert,independent_expert,0.35,dual,1,0.5330954724409449,0.4943868555028644,0.8213664351435318,1.3595569306458657,0.1429683208203626,0.0,-1.2889848130780863,0.7734375
2,test,89,independent_expert,none,independent_expert,independent_expert,0.35,geometry,1,0.7958907480314961,0.8590289631172574,0.0945329445639482,0.6461557842256322,0.8033956692913384,0.4615384615384615,-2.1831519618771824,0.8984375
2,test,89,independent_expert,none,independent_expert,independent_expert,0.35,rank,1,0.6151574803149606,0.5511486894076155,0.73053111232809,1.1621419303276497,0.4114058780443142,0.0,-1.5712929135755525,0.8671875
2,test,89,independent_expert,none,independent_expert,independent_expert,0.35,target_only,1,0.874507874015748,0.9045688282902062,0.041404688558741,0.6925481950193815,0.9215059055118108,0.4615384615384615,-2.041880602950465,1.0
2,test,89,independent_expert,none,independent_expert,independent_expert,0.35,value,1,0.5330954724409449,0.4943868555028644,0.8213664351435318,1.3595569306458433,0.1429683208203626,0.0,-1.2889848130777806,0.7734375
2,test,89,independent_expert,none,independent_expert,independent_expert,0.7,dual,1,0.8291092519685039,0.9196821010011104,0.0718995963841011,0.9576698455213276,0.8490203259476286,0.5384615384615384,-1.1419092886602449,0.9375
2,test,89,independent_expert,none,independent_expert,independent_expert,0.7,geometry,1,0.8576525590551181,0.9471386171775198,0.0790931304286514,1.0486099899370327,0.8759899743636697,0.7692307692307693,-0.801263715383275,0.7265625
2,test,89,independent_expert,none,independent_expert,independent_expert,0.7,rank,1,0.84498031496063,0.8871656972935168,0.1064281530930969,1.0039377808867025,0.864327733015931,0.4615384615384615,-1.0963726398528515,0.9453125
2,test,89,independent_expert,none,independent_expert,independent_expert,0.7,target_only,1,0.8396899606299213,0.8610269233651637,0.187908345906025,1.2103355522891046,0.8606997344808642,0.3846153846153846,-0.8670541026105211,0.8828125
2,test,89,independent_expert,none,independent_expert,independent_expert,0.7,value,1,0.8291092519685039,0.9196821010011104,0.0718995963841011,0.9576698455213242,0.8490203259476286,0.5384615384615384,-1.1419092886603337,0.9375
2,test,89,independent_expert,none,independent_expert,independent_expert,1.0,dual,1,0.811638779527559,0.885503518396844,0.0996665800379155,0.913733177265628,0.8216272202893241,0.4615384615384615,0.1956589913275441,0.7734375
2,test,89,independent_expert,none,independent_expert,independent_expert,1.0,geometry,1,0.859005905511811,0.9107160548177607,0.0391293497870946,0.5578981523519091,0.8767167185497161,0.4615384615384615,-0.1508026249645571,0.75
2,test,89,independent_expert,none,independent_expert,independent_expert,1.0,rank,1,0.811638779527559,0.8425549069286652,0.1169968222734102,0.8940020729303001,0.8222337941768906,0.3076923076923077,0.1095468288170687,0.78125
2,test,89,independent_expert,none,independent_expert,independent_expert,1.0,target_only,1,0.8061023622047244,0.8072132408076016,0.2290785834395649,0.8449427821535966,0.8114928584508332,0.2307692307692307,-0.0273943661389895,0.8203125
2,test,89,independent_expert,none,independent_expert,independent_expert,1.0,value,1,0.811638779527559,0.885503518396844,0.0996665800379155,0.9137331772655856,0.8216272202893241,0.4615384615384615,0.1956589913277628,0.7734375
2,test,89,output_affine,none,output_affine,output_affine,0.35,dual,1,0.9405757874015748,0.98361138628098,0.0002655893366189,0.1054311244225647,0.9681892052737594,0.8461538461538461,-2.994683394000706,0.890625
2,test,89,output_affine,none,output_affine,output_affine,0.35,geometry,1,0.7958907480314961,0.8590289631172574,0.0945329445639486,0.6461557842256318,0.8033956692913384,0.4615384615384615,-1.2668612300030275,0.8984375
2,test,89,output_affine,none,output_affine,output_affine,0.35,rank,1,0.9149852362204725,0.9467441243215168,0.0002655893366189,0.3001497240947798,0.950970518220106,0.5384615384615384,-1.965304008459548,0.890625
2,test,89,output_affine,none,output_affine,output_affine,0.35,target_only,1,0.874507874015748,0.9045688282902062,0.0414046885587411,0.6925481950193804,0.9215059055118108,0.4615384615384615,-1.1255898710763113,1.0
2,test,89,output_affine,none,output_affine,output_affine,0.35,value,1,0.9584153543307088,0.991239819003049,0.0002655893366189,0.0561580937408265,0.981018815235305,0.9230769230769232,-3.630220284779062,0.9765625
2,test,89,output_affine,none,output_affine,output_affine,0.7,dual,1,0.8703248031496063,0.9995395840506064,0.0,0.3468096690050511,0.8794062442776047,1.0,1.4823375339719125,0.4609375
2,test,89,output_affine,none,output_affine,output_affine,0.7,geometry,1,0.8576525590551181,0.9471386171775198,0.0790931304286512,1.0486099899370325,0.8759899743636697,0.7692307692307693,0.1150270164908775,0.7265625
2,test,89,output_affine,none,output_affine,output_affine,0.7,rank,1,0.8314468503937008,0.9884052238581772,0.0116304023347654,1.019741635330394,0.8209748672404321,0.8461538461538461,2.6156608773589687,0.4921875
2,test,89,output_affine,none,output_affine,output_affine,0.7,target_only,1,0.8396899606299213,0.8610269233651637,0.1879083459060258,1.2103355522891044,0.8606997344808642,0.3846153846153846,0.049236629263633,0.8828125
2,test,89,output_affine,none,output_affine,output_affine,0.7,value,1,0.9281496062992126,0.9968827431302864,0.0007051919613812,0.1056521540664547,0.9557944973448088,1.0,-2.313856271127777,0.84375
2,test,89,output_affine,none,output_affine,output_affine,1.0,dual,1,0.9301181102362204,0.9979444888379944,0.0004821210815367,0.180030113716173,0.9652993957150704,1.0,2.6875187459089025,0.3984375
2,test,89,output_affine,none,output_affine,output_affine,1.0,geometry,1,0.859005905511811,0.9107160548177607,0.0391293497870947,0.557898152351909,0.8767167185497161,0.4615384615384615,0.765488106909598,0.75
2,test,89,output_affine,none,output_affine,output_affine,1.0,rank,1,0.844488188976378,0.9987746034446336,0.0001188092671236,0.5107075529596645,0.860991576634316,1.0,3.542724220565411,0.3984375
2,test,89,output_affine,none,output_affine,output_affine,1.0,target_only,1,0.8061023622047244,0.8072132408076016,0.2290785834395649,0.8449427821535965,0.8114928584508332,0.2307692307692307,0.8888963657351652,0.8203125
2,test,89,output_affine,none,output_affine,output_affine,1.0,value,1,0.9637057086614174,0.9977700176079533,0.0004821210815367,0.0828059006164846,0.9862948635780991,1.0,-0.8894977805966593,0.6953125
2,test,89,reversal,none,reversal,reversal,0.35,dual,1,0.874507874015748,0.8550841197614684,0.0014491753726737,0.6925481950193815,0.9215059055118108,0.3076923076923077,-2.041880602950465,1.0
2,test,89,reversal,none,reversal,reversal,0.35,geometry,1,0.874507874015748,0.8550841197614684,0.0014491753726737,0.6925481950193815,0.9215059055118108,0.3076923076923077,-2.041880602950465,1.0
2,test,89,reversal,none,reversal,reversal,0.35,rank,1,0.874507874015748,0.8550841197614684,0.0014491753726737,0.6925481950193815,0.9215059055118108,0.3076923076923077,-2.041880602950465,1.0
2,test,89,reversal,none,reversal,reversal,0.35,target_only,1,0.874507874015748,0.8550841197614684,0.0014491753726737,0.6925481950193815,0.9215059055118108,0.3076923076923077,-2.041880602950465,1.0
2,test,89,reversal,none,reversal,reversal,0.35,value,1,0.874507874015748,0.8550841197614684,0.0014491753726737,0.6925481950193815,0.9215059055118108,0.3076923076923077,-2.041880602950465,1.0
2,test,89,reversal,none,reversal,reversal,0.7,dual,1,0.8396899606299213,0.9378878375123568,2.314304863913985e-05,1.2103355522891046,0.8606997344808642,0.4615384615384615,-0.8670541026105211,0.8828125
2,test,89,reversal,none,reversal,reversal,0.7,geometry,1,0.8396899606299213,0.9378878375123568,2.314304863913985e-05,1.2103355522891046,0.8606997344808642,0.4615384615384615,-0.8670541026105211,0.8828125
2,test,89,reversal,none,reversal,reversal,0.7,rank,1,0.8396899606299213,0.9378878375123568,2.314304863913985e-05,1.2103355522891046,0.8606997344808642,0.4615384615384615,-0.8670541026105211,0.8828125
2,test,89,reversal,none,reversal,reversal,0.7,target_only,1,0.8396899606299213,0.9378878375123568,2.314304863913985e-05,1.2103355522891046,0.8606997344808642,0.4615384615384615,-0.8670541026105211,0.8828125
2,test,89,reversal,none,reversal,reversal,0.7,value,1,0.8396899606299213,0.9378878375123568,2.314304863913985e-05,1.2103355522891046,0.8606997344808642,0.4615384615384615,-0.8670541026105211,0.8828125
2,test,89,reversal,none,reversal,reversal,1.0,dual,1,0.8061023622047244,0.9184157652846248,0.0001792902926422,0.8449427821535966,0.8114928584508332,0.4615384615384615,-0.0273943661389895,0.8203125
2,test,89,reversal,none,reversal,reversal,1.0,geometry,1,0.8061023622047244,0.9184157652846248,0.0001792902926422,0.8449427821535966,0.8114928584508332,0.4615384615384615,-0.0273943661389895,0.8203125
2,test,89,reversal,none,reversal,reversal,1.0,rank,1,0.8061023622047244,0.9184157652846248,0.0001792902926422,0.8449427821535966,0.8114928584508332,0.4615384615384615,-0.0273943661389895,0.8203125
2,test,89,reversal,none,reversal,reversal,1.0,target_only,1,0.8061023622047244,0.9184157652846248,0.0001792902926422,0.8449427821535966,0.8114928584508332,0.4615384615384615,-0.0273943661389895,0.8203125
2,test,89,reversal,none,reversal,reversal,1.0,value,1,0.8061023622047244,0.9184157652846248,0.0001792902926422,0.8449427821535966,0.8114928584508332,0.4615384615384615,-0.0273943661389895,0.8203125
2,test,89,rotate_45,none,rotate_45,rotate_45,0.35,dual,1,0.9171998031496064,0.9960001108040202,0.0002718844715165,0.1658889356868011,0.9406129829701518,0.9230769230769232,-3.063398045384776,0.7265625
2,test,89,rotate_45,none,rotate_45,rotate_45,0.35,geometry,1,0.7618110236220472,0.7941939428086782,0.2501360858521155,0.9062726657489396,0.6493545138253067,0.2307692307692307,-1.8114428899957369,0.765625
2,test,89,rotate_45,none,rotate_45,rotate_45,0.35,rank,1,0.8380905511811023,0.9404137622551588,0.0340940421270034,0.5308440176307031,0.8214612708295183,0.6153846153846154,-1.85052915558653,0.75
2,test,89,rotate_45,none,rotate_45,rotate_45,0.35,target_only,1,0.5595472440944882,0.8056294373104218,0.2501360858521155,1.2136560143269235,0.1570797472990294,0.2307692307692307,-1.945520711814935,1.0
2,test,89,rotate_45,none,rotate_45,rotate_45,0.35,value,1,0.950910433070866,0.9961623383218232,0.0002718844715165,0.0781952462267584,0.977493819813221,0.9230769230769232,-4.598144163032922,1.0
2,test,89,rotate_45,none,rotate_45,rotate_45,0.7,dual,1,0.8715551181102362,0.987968313493344,0.0076368446275529,0.2986734561023601,0.8917837850210584,0.9230769230769232,-0.7890372327231953,0.4296875
2,test,89,rotate_45,none,rotate_45,rotate_45,0.7,geometry,1,0.8314468503937008,0.928054389432578,0.0721934035559522,0.979852654536928,0.8480246291887932,0.4615384615384615,-0.4842462036464913,0.578125
2,test,89,rotate_45,none,rotate_45,rotate_45,0.7,rank,1,0.8371062992125984,0.9762733741993732,0.0227438090899118,0.7977596130989087,0.8484366416407251,0.8461538461538461,-0.1242737400148915,0.53125
2,test,89,rotate_45,none,rotate_45,rotate_45,0.7,target_only,1,0.7394192913385826,0.9476832594844916,0.0007253627605921,0.9738210063869616,0.6520612067386925,0.4615384615384615,-1.2881956479143415,0.9140625
2,test,89,rotate_45,none,rotate_45,rotate_45,0.7,value,1,0.9111712598425196,0.999739389536202,0.0,0.0857489384244731,0.9401551913568944,1.0,-3.770790278708748,0.8984375
2,test,89,rotate_45,none,rotate_45,rotate_45,1.0,dual,1,0.9584153543307088,0.9953995663150756,0.0051903290784973,0.1697981167861289,0.9867240432155284,1.0,1.309766453551717,0.328125
2,test,89,rotate_45,none,rotate_45,rotate_45,1.0,geometry,1,0.8951771653543307,0.9787843656295492,0.0,0.6369979340815298,0.9269021241530854,0.6923076923076923,0.1787462906331773,0.578125
2,test,89,rotate_45,none,rotate_45,rotate_45,1.0,rank,1,0.9025590551181102,0.986604992675062,0.0051903290784973,0.5132752889390522,0.9443668741988646,0.9230769230769232,1.481376158322782,0.484375
2,test,89,rotate_45,none,rotate_45,rotate_45,1.0,target_only,1,0.7447096456692913,0.947086298592212,0.0,0.9857974292862496,0.6399526185680278,0.4615384615384615,-0.1017806101932282,0.6875
2,test,89,rotate_45,none,rotate_45,rotate_45,1.0,value,1,0.9705954724409448,0.9998834097663112,0.0,0.0790931931439525,0.9926467222120492,1.0,-1.4438658438500789,0.5546875
2,test,89,roughness,none,roughness,roughness,0.35,dual,1,0.6275836614173228,0.6922673102082443,0.4688152504525386,1.10058782339833,0.352739882805347,0.0,13.673544164188309,0.46875
2,test,89,roughness,none,roughness,roughness,0.35,geometry,1,0.6131889763779528,0.6790260614089901,0.4800087932120758,1.2197268328361526,0.2811984984435085,0.0,7.773340517708266,0.546875
2,test,89,roughness,none,roughness,roughness,0.35,rank,1,0.6156496062992126,0.6926014221175896,0.4688152504525386,1.135521087079807,0.3143139992675334,0.0,12.849646324103167,0.5
2,test,89,roughness,none,roughness,roughness,0.35,target_only,1,0.6078986220472441,0.6790260614089901,0.4800087932120758,1.2387525313680092,0.2849123329060611,0.0,2.26642412380259,0.640625
2,test,89,roughness,none,roughness,roughness,0.35,value,1,0.6316437007874016,0.6909963721265358,0.4688152504525386,1.079588323314003,0.3688198132210217,0.0,12.162089655463095,0.46875
2,test,89,roughness,none,roughness,roughness,0.7,dual,1,0.5679133858267716,0.7284754086489136,0.2105927888387164,1.0965480749851373,0.1832539827870353,0.1538461538461538,23.72981687753685,0.2890625
2,test,89,roughness,none,roughness,roughness,0.7,geometry,1,0.5948572834645669,0.7079758922719235,0.1660491473821359,1.0531160808600202,0.2653817982054569,0.1538461538461538,14.483324508979706,0.34375
2,test,89,roughness,none,roughness,roughness,0.7,rank,1,0.5955954724409449,0.7990869217100731,0.0040306388911143,1.0432369431159303,0.2628009979857169,0.1538461538461538,20.404525498336085,0.296875
2,test,89,roughness,none,roughness,roughness,0.7,target_only,1,0.59375,0.5912312098455761,0.5956258386760969,1.054505623241189,0.2684432796191173,0.1538461538461538,5.652206517533727,0.5
2,test,89,roughness,none,roughness,roughness,0.7,value,1,0.5350639763779528,0.694596048889908,0.2105927888387164,1.1661238960877929,0.1014752334737227,0.1538461538461538,23.922497086672063,0.28125
2,test,89,roughness,none,roughness,roughness,1.0,dual,1,0.7148129921259843,0.6527508758249552,0.0636580158199138,0.8181313173711808,0.6201359641091375,0.0769230769230769,9.998601343002978,0.390625
2,test,89,roughness,none,roughness,roughness,1.0,geometry,1,0.7239173228346457,0.7296762686701206,0.13027067456311,0.7687592613664831,0.6373718183482878,0.1538461538461538,6.070636708680002,0.5390625
2,test,89,roughness,none,roughness,roughness,1.0,rank,1,0.7090305118110236,0.6605046458530034,0.0636580158199138,0.8237664488751639,0.6144135689434169,0.0769230769230769,9.261490359979582,0.375
2,test,89,roughness,none,roughness,roughness,1.0,target_only,1,0.7105068897637795,0.6658360591994608,0.0806225713006628,0.9428575585668664,0.6040560336934627,0.1538461538461538,2.706730927900219,0.6171875
2,test,89,roughness,none,roughness,roughness,1.0,value,1,0.718257874015748,0.6039514762044549,0.2872608364863385,0.8502572770064359,0.6215951748763963,0.0769230769230769,9.683520889796393,0.3984375
2,test,89,scale_0.7,none,scale_0.7,scale_0.7,0.35,dual,1,0.983390748031496,0.9862098904989764,4.087800585965176e-05,0.1354630816497158,0.9974821461270827,0.8461538461538461,-2.5086234427101344,0.53125
2,test,89,scale_0.7,none,scale_0.7,scale_0.7,0.35,geometry,1,0.8708169291338582,0.924454497213548,0.0074344719089712,0.5010229937462249,0.9078122138802416,0.5384615384615384,-2.6812586349613974,0.8359375
2,test,89,scale_0.7,none,scale_0.7,scale_0.7,0.35,rank,1,0.9564468503937008,0.9332589994078396,0.0191502130941074,0.2951093785055712,0.98693577183666,0.6153846153846154,-1.826016340496274,0.546875
2,test,89,scale_0.7,none,scale_0.7,scale_0.7,0.35,target_only,1,0.8778297244094488,0.8328757585236444,0.0863444212287312,0.582048084745813,0.921643242995788,0.3846153846153846,-2.7053549669445065,1.0
2,test,89,scale_0.7,none,scale_0.7,scale_0.7,0.35,value,1,0.9907726377952756,0.9946818119167194,4.087800585965176e-05,0.0537190746429546,0.9987010162973814,0.9230769230769232,-5.083574632190225,0.9140625
2,test,89,scale_0.7,none,scale_0.7,scale_0.7,0.7,dual,1,0.9416830708661418,0.9913409746743972,0.000452216759338,0.1331553920771011,0.97407182750412,0.9230769230769232,-2.840031675827617,0.6328125
2,test,89,scale_0.7,none,scale_0.7,scale_0.7,0.7,geometry,1,0.7365895669291339,0.8890018668353524,0.1254121212131156,0.734532419024144,0.6697376854056034,0.4615384615384615,-1.5507745663769192,0.671875
2,test,89,scale_0.7,none,scale_0.7,scale_0.7,0.7,rank,1,0.8881643700787402,0.9847114920248002,0.000452216759338,0.2964712006536985,0.9083215070499908,0.8461538461538461,-2.0492337313748767,0.6171875
2,test,89,scale_0.7,none,scale_0.7,scale_0.7,0.7,target_only,1,0.7157972440944882,0.775270192866829,0.359717557684848,0.8375990049089107,0.6141560611609596,0.2307692307692307,-1.6731149106352523,0.8046875
2,test,89,scale_0.7,none,scale_0.7,scale_0.7,0.7,value,1,0.9566929133858268,0.9939580488458348,0.000452216759338,0.0696353358121589,0.9845953122138802,0.9230769230769232,-3.998539116976665,0.703125
2,test,89,scale_0.7,none,scale_0.7,scale_0.7,1.0,dual,1,0.8881643700787402,0.991883941284504,0.0007051919613809,0.1219202085744668,0.9039782091192088,0.9230769230769232,-1.2413934383309395,0.578125
2,test,89,scale_0.7,none,scale_0.7,scale_0.7,1.0,geometry,1,0.7862942913385826,0.9113920762650184,0.0588203349017578,0.606682959193791,0.7873386284563266,0.4615384615384615,-1.496028641603267,0.828125
2,test,89,scale_0.7,none,scale_0.7,scale_0.7,1.0,rank,1,0.8417814960629921,0.9844032839752648,0.0007051919613809,0.2702717551673239,0.83334668558872,0.8461538461538461,-0.4692735369860015,0.5625
2,test,89,scale_0.7,none,scale_0.7,scale_0.7,1.0,target_only,1,0.735113188976378,0.7366042310357751,0.6050209025625044,1.0681357093218198,0.6813083684306903,0.1538461538461538,-1.2653538658625172,0.8671875
2,test,89,scale_0.7,none,scale_0.7,scale_0.7,1.0,value,1,0.9420521653543308,0.9986734851397184,0.0001737383581502,0.0878040420989616,0.975096136238784,1.0,-3.6214658281561176,0.8828125
2,test,89,scale_1.5,none,scale_1.5,scale_1.5,0.35,dual,1,0.9418061023622047,0.9869803911091936,0.0,0.5537546815954708,0.9783407342977476,0.8461538461538461,-2.17315987065913,1.0
2,test,89,scale_1.5,none,scale_1.5,scale_1.5,0.35,geometry,1,0.6745816929133859,0.6254494758381534,0.6251733504856897,0.8534178199516321,0.4741805530122688,0.0,-1.7375269380865608,1.0
2,test,89,scale_1.5,none,scale_1.5,scale_1.5,0.35,rank,1,0.8889025590551181,0.9706512212879522,0.0136693084910859,1.5166162476756375,0.9246703900384544,0.7692307692307693,-1.128860672402331,0.859375
2,test,89,scale_1.5,none,scale_1.5,scale_1.5,0.35,target_only,1,0.6221702755905512,0.5250614082522729,0.6472856525371259,1.14401652164411,0.3380104376487822,0.0,-1.3560356402751736,1.0
2,test,89,scale_1.5,none,scale_1.5,scale_1.5,0.35,value,1,0.9404527559055118,0.986455594515432,0.0,0.4889404194451226,0.9766182933528658,0.8461538461538461,-2.262825267817464,1.0
2,test,89,scale_1.5,none,scale_1.5,scale_1.5,0.7,dual,1,0.8853346456692913,0.9718917341179126,0.0,0.6649711161852795,0.9202240889946895,0.6923076923076923,2.394352899302173,0.4921875
2,test,89,scale_1.5,none,scale_1.5,scale_1.5,0.7,geometry,1,0.9280265748031497,0.9357358421629908,0.0237098643062121,0.2335109224038242,0.9719202069218092,0.6153846153846154,-1.2414287554908516,1.0
2,test,89,scale_1.5,none,scale_1.5,scale_1.5,0.7,rank,1,0.8462106299212598,0.9737632527998834,0.0,0.9559901573574052,0.8765107123237502,0.6923076923076923,0.9806287884340248,0.4921875
2,test,89,scale_1.5,none,scale_1.5,scale_1.5,0.7,target_only,1,0.8929625984251969,0.8832304105005463,0.0997111289112487,0.312436951536063,0.9374141640725142,0.4615384615384615,-0.8374084264069244,1.0
2,test,89,scale_1.5,none,scale_1.5,scale_1.5,0.7,value,1,0.8884104330708661,0.9718917341179126,0.0,0.6436611709133863,0.9225988829884636,0.6923076923076923,2.2463331699813214,0.515625
2,test,89,scale_1.5,none,scale_1.5,scale_1.5,1.0,dual,1,0.8019192913385826,0.5746584354987675,0.2867485539062794,0.7387879437381603,0.8184112342061892,0.0,3.606106063444432,0.3671875
2,test,89,scale_1.5,none,scale_1.5,scale_1.5,1.0,geometry,1,0.9319635826771654,0.9812169873482666,0.0001449914771323,0.2923360369814124,0.9693165171214064,0.7692307692307693,-0.7262963693020635,1.0
2,test,89,scale_1.5,none,scale_1.5,scale_1.5,1.0,rank,1,0.719611220472441,0.5630005910685056,0.4388479918178026,1.0026804447928894,0.6424819172312763,0.0,2.0120285544701,0.6015625
2,test,89,scale_1.5,none,scale_1.5,scale_1.5,1.0,target_only,1,0.8708169291338582,0.8327295213635996,0.1135477598892311,0.7542693175686114,0.908418787767808,0.3076923076923077,0.1236112222403443,0.9140625
2,test,89,scale_1.5,none,scale_1.5,scale_1.5,1.0,value,1,0.8063484251968503,0.5970644918841382,0.2867485539062794,0.7273061037177794,0.8272580571323933,0.0,3.5221682795687634,0.359375
2,test,107,identity,identity_label_permutation,identity_label_permutation,identity_label_permutation,0.35,dual,1,0.7449557086614174,0.8587616149850843,0.1313140499199597,0.7385416419270077,0.7085698590001831,0.2307692307692307,-1.7090520365717143,0.8828125
2,test,107,identity,identity_label_permutation,identity_label_permutation,identity_label_permutation,0.35,geometry,1,0.8516240157480315,0.8715016352981197,0.0972395812154369,0.6689562986901822,0.893574894707929,0.3846153846153846,-1.6256701033848795,0.640625
2,test,107,identity,identity_label_permutation,identity_label_permutation,identity_label_permutation,0.35,rank,1,0.7449557086614174,0.8587616149850843,0.1313140499199597,0.7385416420041632,0.7085698590001831,0.2307692307692307,-1.7090520364658823,0.8828125
2,test,107,identity,identity_label_permutation,identity_label_permutation,identity_label_permutation,0.35,target_only,1,0.8426427165354331,0.8565933965063418,0.1859919398426585,0.6886305482962521,0.8807510071415492,0.3846153846153846,-2.0960083618582006,1.0
2,test,107,identity,identity_label_permutation,identity_label_permutation,identity_label_permutation,0.35,value,1,0.8426427165354331,0.8565933965063418,0.1859919398426585,0.6886305478696233,0.8807510071415492,0.3846153846153846,-2.096008362002436,1.0
2,test,107,identity,identity_label_permutation,identity_label_permutation,identity_label_permutation,0.7,dual,1,0.7696850393700787,0.8588225756644194,0.4571365942621638,2.015512923989834,0.6839120582310931,0.3846153846153846,-0.2240413945385422,0.765625
2,test,107,identity,identity_label_permutation,identity_label_permutation,identity_label_permutation,0.7,geometry,1,0.8562992125984252,0.9418665027500914,0.0461209430070183,1.0617513484048542,0.8884991301959348,0.4615384615384615,0.0542889441912703,0.5546875
2,test,107,identity,identity_label_permutation,identity_label_permutation,identity_label_permutation,0.7,rank,1,0.7696850393700787,0.8588225756644194,0.4571365942621638,2.015512924040208,0.6839120582310931,0.3846153846153846,-0.2240413944772359,0.765625
2,test,107,identity,identity_label_permutation,identity_label_permutation,identity_label_permutation,0.7,target_only,1,0.7883858267716536,0.8524743803800507,0.3142487482118171,1.6609417816023822,0.7667666178355612,0.3846153846153846,-0.65009481973402,0.78125
2,test,107,identity,identity_label_permutation,identity_label_permutation,identity_label_permutation,0.7,value,1,0.7883858267716536,0.8524743803800507,0.3142487482118171,1.6609417817133754,0.7667666178355612,0.3846153846153846,-0.6500948196530101,0.78125
2,test,107,identity,identity_label_permutation,identity_label_permutation,identity_label_permutation,1.0,dual,1,0.7367125984251969,0.9102873497012982,0.0151241480093647,0.9597452260918412,0.6225450924739058,0.5384615384615384,0.3200423098727983,0.7578125
2,test,107,identity,identity_label_permutation,identity_label_permutation,identity_label_permutation,1.0,geometry,1,0.7892470472440944,0.7004845255199534,0.3071334613379764,0.7835290035508378,0.739533739241897,0.1538461538461538,2.9518098176631358,0.25
2,test,107,identity,identity_label_permutation,identity_label_permutation,identity_label_permutation,1.0,rank,1,0.7367125984251969,0.9102873497012982,0.0151241480093647,0.959745226107586,0.6225450924739058,0.5384615384615384,0.3200423099653086,0.7578125
2,test,107,identity,identity_label_permutation,identity_label_permutation,identity_label_permutation,1.0,target_only,1,0.7598425196850394,0.8769328215359657,0.181329659553202,0.8646398071140501,0.6750309009338948,0.4615384615384615,-0.0799436534856056,0.7890625
2,test,107,identity,identity_label_permutation,identity_label_permutation,identity_label_permutation,1.0,value,1,0.7598425196850394,0.8769328215359657,0.181329659553202,0.8646398071434657,0.6750309009338948,0.4615384615384615,-0.0799436533836049,0.7890625
2,test,107,identity,none,identity,identity,0.35,dual,1,0.9174458661417324,0.9999227549237298,0.0,0.1509198847905249,0.9440578648599156,1.0,-3.704212287716526,0.890625
2,test,107,identity,none,identity,identity,0.35,geometry,1,0.8516240157480315,0.8715016352981197,0.0972395812154369,0.6689562986901822,0.893574894707929,0.3846153846153846,-1.6256701033848795,0.640625
2,test,107,identity,none,identity,identity,0.35,rank,1,0.8671259842519685,0.9942010179968458,0.0,0.375670695736677,0.882004211682842,0.9230769230769232,-2.647332663556727,0.7734375
2,test,107,identity,none,identity,identity,0.35,target_only,1,0.8426427165354331,0.8565933965063418,0.1859919398426585,0.6886305482962521,0.8807510071415492,0.3846153846153846,-2.0960083618582006,1.0
2,test,107,identity,none,identity,identity,0.35,value,1,0.9544783464566928,0.999952441553706,0.0,0.0547676533378069,0.97792299945065,1.0,-4.596998326865553,1.0
2,test,107,identity,none,identity,identity,0.7,dual,1,0.9041584645669292,0.9980707631078982,0.0,0.4124748411206246,0.932647408899469,0.9230769230769232,-0.0122415877454602,0.6015625
2,test,107,identity,none,identity,identity,0.7,geometry,1,0.8562992125984252,0.9418665027500914,0.0461209430070183,1.0617513484048542,0.8884991301959348,0.4615384615384615,0.0542889441912703,0.5546875
2,test,107,identity,none,identity,identity,0.7,rank,1,0.8543307086614174,0.9968580956122408,0.0,0.9535797868362678,0.8457757278886651,0.9230769230769232,1.4133903913859571,0.5859375
2,test,107,identity,none,identity,identity,0.7,target_only,1,0.7883858267716536,0.8524743803800507,0.3142487482118171,1.6609417816023822,0.7667666178355612,0.3846153846153846,-0.65009481973402,0.78125
2,test,107,identity,none,identity,identity,0.7,value,1,0.9279035433070866,0.9999630507997244,0.0,0.1691218845032975,0.9592737136055668,1.0,-2.776305049074544,0.7890625
2,test,107,identity,none,identity,identity,1.0,dual,1,0.950418307086614,0.9971383889536614,0.0,0.1948826586299392,0.9794451565647316,0.9230769230769232,1.4834977985603115,0.6953125
2,test,107,identity,none,identity,identity,1.0,geometry,1,0.7892470472440944,0.7004845255199534,0.3071334613379764,0.7835290035508378,0.739533739241897,0.1538461538461538,2.9518098176631358,0.25
2,test,107,identity,none,identity,identity,1.0,rank,1,0.8981299212598425,0.996032964356782,0.0,0.4419827713750881,0.93356871452115,0.9230769230769232,2.6910222217299253,0.6484375
2,test,107,identity,none,identity,identity,1.0,target_only,1,0.7598425196850394,0.8769328215359657,0.181329659553202,0.8646398071140501,0.6750309009338948,0.4615384615384615,-0.0799436534856056,0.7890625
2,test,107,identity,none,identity,identity,1.0,value,1,0.9634596456692912,0.9982053082462792,0.0,0.0982136577171854,0.9861518036989564,0.9230769230769232,-1.328392729508303,0.671875
2,test,107,independent_expert,none,independent_expert,independent_expert,0.35,dual,1,0.8426427165354331,0.8565933965063418,0.1859919398426585,0.6886305482962521,0.8807510071415492,0.3846153846153846,-2.0960083618582006,1.0
2,test,107,independent_expert,none,independent_expert,independent_expert,0.35,geometry,1,0.8516240157480315,0.8715016352981197,0.0972395812154369,0.6689562986901822,0.893574894707929,0.3846153846153846,-1.6256701033848795,0.640625
2,test,107,independent_expert,none,independent_expert,independent_expert,0.35,rank,1,0.8426427165354331,0.8565933965063418,0.1859919398426585,0.6886305482962521,0.8807510071415492,0.3846153846153846,-2.0960083618582006,1.0
2,test,107,independent_expert,none,independent_expert,independent_expert,0.35,target_only,1,0.8426427165354331,0.8565933965063418,0.1859919398426585,0.6886305482962521,0.8807510071415492,0.3846153846153846,-2.0960083618582006,1.0
2,test,107,independent_expert,none,independent_expert,independent_expert,0.35,value,1,0.8426427165354331,0.8565933965063418,0.1859919398426585,0.6886305481074084,0.8807510071415492,0.3846153846153846,-2.0960083619907417,1.0
2,test,107,independent_expert,none,independent_expert,independent_expert,0.7,dual,1,0.7883858267716536,0.8524743803800507,0.3142487482118171,1.6609417816023822,0.7667666178355612,0.3846153846153846,-0.65009481973402,0.78125
2,test,107,independent_expert,none,independent_expert,independent_expert,0.7,geometry,1,0.8562992125984252,0.9418665027500914,0.0461209430070183,1.0617513484048542,0.8884991301959348,0.4615384615384615,0.0542889441912703,0.5546875
2,test,107,independent_expert,none,independent_expert,independent_expert,0.7,rank,1,0.7883858267716536,0.8524743803800507,0.3142487482118171,1.6609417816023822,0.7667666178355612,0.3846153846153846,-0.65009481973402,0.78125
2,test,107,independent_expert,none,independent_expert,independent_expert,0.7,target_only,1,0.7883858267716536,0.8524743803800507,0.3142487482118171,1.6609417816023822,0.7667666178355612,0.3846153846153846,-0.65009481973402,0.78125
2,test,107,independent_expert,none,independent_expert,independent_expert,0.7,value,1,0.7883858267716536,0.8524743803800507,0.3142487482118171,1.660941781820694,0.7667666178355612,0.3846153846153846,-0.6500948194071856,0.78125
2,test,107,independent_expert,none,independent_expert,independent_expert,1.0,dual,1,0.7598425196850394,0.8769328215359657,0.181329659553202,0.8646398071140501,0.6750309009338948,0.4615384615384615,-0.0799436534856056,0.7890625
2,test,107,independent_expert,none,independent_expert,independent_expert,1.0,geometry,1,0.7892470472440944,0.7004845255199534,0.3071334613379764,0.7835290035508378,0.739533739241897,0.1538461538461538,2.9518098176631358,0.25
2,test,107,independent_expert,none,independent_expert,independent_expert,1.0,rank,1,0.7598425196850394,0.8769328215359657,0.181329659553202,0.8646398071140501,0.6750309009338948,0.4615384615384615,-0.0799436534856056,0.7890625
2,test,107,independent_expert,none,independent_expert,independent_expert,1.0,target_only,1,0.7598425196850394,0.8769328215359657,0.181329659553202,0.8646398071140501,0.6750309009338948,0.4615384615384615,-0.0799436534856056,0.7890625
2,test,107,independent_expert,none,independent_expert,independent_expert,1.0,value,1,0.7598425196850394,0.8769328215359657,0.181329659553202,0.8646398071672379,0.6750309009338948,0.4615384615384615,-0.0799436533906837,0.7890625
2,test,107,output_affine,none,output_affine,output_affine,0.35,dual,1,0.9174458661417324,0.9999227549237298,0.0,0.1509198847905236,0.9440578648599156,1.0,-2.7879215558423907,0.890625
2,test,107,output_affine,none,output_affine,output_affine,0.35,geometry,1,0.8516240157480315,0.8715016352981197,0.0972395812154369,0.6689562986901815,0.893574894707929,0.3846153846153846,-0.7093793715107313,0.640625
2,test,107,output_affine,none,output_affine,output_affine,0.35,rank,1,0.8671259842519685,0.9942010179968458,0.0,0.3756706957366762,0.882004211682842,0.9230769230769232,-1.7310419316825811,0.7734375
2,test,107,output_affine,none,output_affine,output_affine,0.35,target_only,1,0.8426427165354331,0.8565933965063418,0.1859919398426583,0.6886305482962507,0.8807510071415492,0.3846153846153846,-1.179717629984047,1.0
2,test,107,output_affine,none,output_affine,output_affine,0.35,value,1,0.9544783464566928,0.999952441553706,0.0,0.0547676533378058,0.97792299945065,1.0,-3.680707594991404,1.0
2,test,107,output_affine,none,output_affine,output_affine,0.7,dual,1,0.9041584645669292,0.9980707631078982,0.0,0.4124748411206249,0.932647408899469,0.9230769230769232,0.9040491441286984,0.6015625
2,test,107,output_affine,none,output_affine,output_affine,0.7,geometry,1,0.8562992125984252,0.9418665027500914,0.0461209430070189,1.0617513484048544,0.8884991301959348,0.4615384615384615,0.9705796760654284,0.5546875
2,test,107,output_affine,none,output_affine,output_affine,0.7,rank,1,0.8543307086614174,0.9968580956122408,0.0,0.9535797868362684,0.8457757278886651,0.9230769230769232,2.32968112326011,0.5859375
2,test,107,output_affine,none,output_affine,output_affine,0.7,target_only,1,0.7883858267716536,0.8524743803800507,0.3142487482118178,1.6609417816023826,0.7667666178355612,0.3846153846153846,0.2661959121401356,0.78125
2,test,107,output_affine,none,output_affine,output_affine,0.7,value,1,0.9279035433070866,0.9999630507997244,0.0,0.1691218845032973,0.9592737136055668,1.0,-1.8600143172003851,0.7890625
2,test,107,output_affine,none,output_affine,output_affine,1.0,dual,1,0.950418307086614,0.9971383889536614,0.0,0.1948826586299389,0.9794451565647316,0.9230769230769232,2.399788530434445,0.6953125
2,test,107,output_affine,none,output_affine,output_affine,1.0,geometry,1,0.7892470472440944,0.7004845255199534,0.3071334613379762,0.7835290035508375,0.739533739241897,0.1538461538461538,3.868100549537291,0.25
2,test,107,output_affine,none,output_affine,output_affine,1.0,rank,1,0.8981299212598425,0.996032964356782,0.0,0.441982771375088,0.93356871452115,0.9230769230769232,3.607312953604077,0.6484375
2,test,107,output_affine,none,output_affine,output_affine,1.0,target_only,1,0.7598425196850394,0.8769328215359657,0.1813296595532016,0.86463980711405,0.6750309009338948,0.4615384615384615,0.8363470783885502,0.7890625
2,test,107,output_affine,none,output_affine,output_affine,1.0,value,1,0.9634596456692912,0.9982053082462792,0.0,0.0982136577171855,0.9861518036989564,0.9230769230769232,-0.4121019976341245,0.671875
2,test,107,reversal,none,reversal,reversal,0.35,dual,1,0.8426427165354331,0.8460261917102876,0.0051564171206485,0.6886305482962521,0.8807510071415492,0.3846153846153846,-2.0960083618582006,1.0
2,test,107,reversal,none,reversal,reversal,0.35,geometry,1,0.8426427165354331,0.8460261917102876,0.0051564171206485,0.6886305482962521,0.8807510071415492,0.3846153846153846,-2.0960083618582006,1.0
2,test,107,reversal,none,reversal,reversal,0.35,rank,1,0.8426427165354331,0.8460261917102876,0.0051564171206485,0.6886305482962521,0.8807510071415492,0.3846153846153846,-2.0960083618582006,1.0
2,test,107,reversal,none,reversal,reversal,0.35,target_only,1,0.8426427165354331,0.8460261917102876,0.0051564171206485,0.6886305482962521,0.8807510071415492,0.3846153846153846,-2.0960083618582006,1.0
2,test,107,reversal,none,reversal,reversal,0.35,value,1,0.8426427165354331,0.8460261917102876,0.0051564171206485,0.6886305482962521,0.8807510071415492,0.3846153846153846,-2.0960083618582006,1.0
2,test,107,reversal,none,reversal,reversal,0.7,dual,1,0.7883858267716536,0.9337886978267956,0.0001053921626542,1.6609417816023822,0.7667666178355612,0.5384615384615384,-0.65009481973402,0.78125
2,test,107,reversal,none,reversal,reversal,0.7,geometry,1,0.7883858267716536,0.9337886978267956,0.0001053921626542,1.6609417816023822,0.7667666178355612,0.5384615384615384,-0.65009481973402,0.78125
2,test,107,reversal,none,reversal,reversal,0.7,rank,1,0.7883858267716536,0.9337886978267956,0.0001053921626542,1.6609417816023822,0.7667666178355612,0.5384615384615384,-0.65009481973402,0.78125
2,test,107,reversal,none,reversal,reversal,0.7,target_only,1,0.7883858267716536,0.9337886978267956,0.0001053921626542,1.6609417816023822,0.7667666178355612,0.5384615384615384,-0.65009481973402,0.78125
2,test,107,reversal,none,reversal,reversal,0.7,value,1,0.7883858267716536,0.9337886978267956,0.0001053921626542,1.6609417816023822,0.7667666178355612,0.5384615384615384,-0.65009481973402,0.78125
2,test,107,reversal,none,reversal,reversal,1.0,dual,1,0.7598425196850394,0.9356074469225504,0.000117779613636,0.8646398071140501,0.6750309009338948,0.5384615384615384,-0.0799436534856056,0.7890625
2,test,107,reversal,none,reversal,reversal,1.0,geometry,1,0.7598425196850394,0.9356074469225504,0.000117779613636,0.8646398071140501,0.6750309009338948,0.5384615384615384,-0.0799436534856056,0.7890625
2,test,107,reversal,none,reversal,reversal,1.0,rank,1,0.7598425196850394,0.9356074469225504,0.000117779613636,0.8646398071140501,0.6750309009338948,0.5384615384615384,-0.0799436534856056,0.7890625
2,test,107,reversal,none,reversal,reversal,1.0,target_only,1,0.7598425196850394,0.9356074469225504,0.000117779613636,0.8646398071140501,0.6750309009338948,0.5384615384615384,-0.0799436534856056,0.7890625
2,test,107,reversal,none,reversal,reversal,1.0,value,1,0.7598425196850394,0.9356074469225504,0.000117779613636,0.8646398071140501,0.6750309009338948,0.5384615384615384,-0.0799436534856056,0.7890625
2,test,107,rotate_45,none,rotate_45,rotate_45,0.35,dual,1,0.8531003937007874,0.9654621881097672,0.0,0.2689474813989226,0.8657926661783555,0.6923076923076923,0.9556226561888768,0.09375
2,test,107,rotate_45,none,rotate_45,rotate_45,0.35,geometry,1,0.8190206692913385,0.7657192469605519,0.2959544030762918,0.6243445000687633,0.8122367698223769,0.2307692307692307,-2.127477325036504,0.890625
2,test,107,rotate_45,none,rotate_45,rotate_45,0.35,rank,1,0.7534448818897638,0.9321238679025764,0.0216118319201725,0.6427501601997094,0.6994884178721846,0.6153846153846154,1.6512272078700083,0.1484375
2,test,107,rotate_45,none,rotate_45,rotate_45,0.35,target_only,1,0.827386811023622,0.6784028784138837,0.3602902722480404,0.6062645031391399,0.8254783922358543,0.0,-2.072000755941517,1.0
2,test,107,rotate_45,none,rotate_45,rotate_45,0.35,value,1,0.9565698818897638,0.9989207021312984,0.0,0.0528291635027805,0.9744266160043948,1.0,-4.543329722300465,0.9296875
2,test,107,rotate_45,none,rotate_45,rotate_45,0.7,dual,1,0.8480561023622047,0.9994015981661236,0.0,0.4006086707748661,0.8492663889397546,1.0,1.748836014962598,0.46875
2,test,107,rotate_45,none,rotate_45,rotate_45,0.7,geometry,1,0.8655265748031497,0.9446579650511048,0.0171272972520604,0.9400594836830376,0.8932487181834828,0.5384615384615384,-1.172368065994129,0.859375
2,test,107,rotate_45,none,rotate_45,rotate_45,0.7,rank,1,0.7914616141732284,0.998915111531518,0.0,0.9520695045095644,0.7426753341878777,1.0,2.464137767105865,0.4765625
2,test,107,rotate_45,none,rotate_45,rotate_45,0.7,target_only,1,0.8105314960629921,0.8618619014536087,0.2007903879597764,1.3061871877530014,0.8091352316425562,0.3846153846153846,-0.707090515448423,0.8046875
2,test,107,rotate_45,none,rotate_45,rotate_45,0.7,value,1,0.921751968503937,0.9975101612760456,0.0171272972520604,0.1129061311996312,0.9515942592931697,0.9230769230769232,-3.189404451253649,0.8203125
2,test,107,rotate_45,none,rotate_45,rotate_45,1.0,dual,1,0.9469734251968503,0.9990119992957928,0.0,0.1590130485367953,0.973625480681194,1.0,1.3284032030494894,0.4765625
2,test,107,rotate_45,none,rotate_45,rotate_45,1.0,geometry,1,0.8468257874015748,0.9152913102294118,0.0483472792168941,0.5829290343281548,0.8538156930965024,0.6923076923076923,-0.1567773616386764,0.6875
2,test,107,rotate_45,none,rotate_45,rotate_45,1.0,rank,1,0.906126968503937,0.9965809092420512,0.0,0.358412645245964,0.932584462552646,0.9230769230769232,1.7073322013244072,0.46875
2,test,107,rotate_45,none,rotate_45,rotate_45,1.0,target_only,1,0.7646407480314961,0.809824548059532,0.2046301770358838,1.0018930161492754,0.7089647042666178,0.2307692307692307,0.2016694278952725,0.78125
2,test,107,rotate_45,none,rotate_45,rotate_45,1.0,value,1,0.9585383858267716,0.9983743493885184,0.0,0.0972533056122906,0.9845094762863944,1.0,-1.3321873068215808,0.6328125
2,test,107,roughness,none,roughness,roughness,0.35,dual,1,0.484005905511811,0.6168022394046953,0.2932248622098358,1.5005218475201365,-0.0285204175059512,0.3846153846153846,24.702681818637075,0.2578125
2,test,107,roughness,none,roughness,roughness,0.35,geometry,1,0.452878937007874,0.1109746118081067,1.0464164655301105,1.6190415944055834,-0.1326908991027284,0.0,19.847745626006507,0.3046875
2,test,107,roughness,none,roughness,roughness,0.35,rank,1,0.4876968503937008,0.5325180999892983,0.2932248622098358,1.5043363902403315,-0.0178367057315509,0.3076923076923077,24.296423473185,0.265625
2,test,107,roughness,none,roughness,roughness,0.35,target_only,1,0.4715797244094488,0.1203631696333074,0.9751478106961956,1.6208203692800849,-0.0789289965207837,0.0,7.122338246424384,0.5625
2,test,107,roughness,none,roughness,roughness,0.35,value,1,0.4825295275590551,0.6522345751849161,0.2932248622098358,1.5106286397143345,-0.0384945522798022,0.3846153846153846,23.6911336340734,0.2578125
2,test,107,roughness,none,roughness,roughness,0.7,dual,1,0.5655757874015748,0.6099023142768913,0.0,1.2847200785549435,0.1960835927485808,0.0769230769230769,15.903658463527965,0.265625
2,test,107,roughness,none,roughness,roughness,0.7,geometry,1,0.5647145669291339,0.5596475949257734,0.1911899560068303,1.3051221879182158,0.1915400109869987,0.0,11.612874987388524,0.3359375
2,test,107,roughness,none,roughness,roughness,0.7,rank,1,0.5762795275590551,0.6095965622067281,0.0,1.289499419559595,0.2321518494781176,0.0769230769230769,15.751321746707532,0.28125
2,test,107,roughness,none,roughness,roughness,0.7,target_only,1,0.5804625984251969,0.5532007438790706,0.207083732940423,1.3289375761069937,0.2421488738326314,0.0,5.150908186630431,0.5234375
2,test,107,roughness,none,roughness,roughness,0.7,value,1,0.5522883858267716,0.6036731573633726,0.0,1.2917381800508014,0.1529195660135506,0.0769230769230769,15.347406076413687,0.28125
2,test,107,roughness,none,roughness,roughness,1.0,dual,1,0.6852854330708661,0.7138012709377974,0.0716436538433149,0.8905747042111973,0.5427920710492584,0.3076923076923077,6.790074338813463,0.4609375
2,test,107,roughness,none,roughness,roughness,1.0,geometry,1,0.6005167322834646,0.5220734586344432,0.2333348709375186,1.0177620821620936,0.2967691356894341,0.0769230769230769,4.874808701748535,0.453125
2,test,107,roughness,none,roughness,roughness,1.0,rank,1,0.6705216535433071,0.7137478561756061,0.0716436538433149,0.9267956954423654,0.5018254440578648,0.3076923076923077,6.392315865046616,0.421875
2,test,107,roughness,none,roughness,roughness,1.0,target_only,1,0.62376968503937,0.7223132304256921,0.1769745747947591,1.117959374610756,0.3637211591283648,0.3846153846153846,1.979826085821146,0.5859375
2,test,107,roughness,none,roughness,roughness,1.0,value,1,0.6991879921259843,0.6845763059615971,0.0716436538433149,0.8884495191588361,0.5769719373741073,0.2307692307692307,6.88953273192234,0.5
2,test,107,scale_0.7,none,scale_0.7,scale_0.7,0.35,dual,1,0.9741633858267716,0.9951790154383076,0.0,0.0687923193719353,0.9948612891411828,0.9230769230769232,-4.741724150271194,0.8984375
2,test,107,scale_0.7,none,scale_0.7,scale_0.7,0.35,geometry,1,0.8419045275590551,0.9274485737013612,0.0,0.5023879149081094,0.872030076908991,0.4615384615384615,-1.4776671175189384,0.6640625
2,test,107,scale_0.7,none,scale_0.7,scale_0.7,0.35,rank,1,0.9414370078740156,0.9890024673156576,0.0,0.1648280984278835,0.9787355795641824,0.8461538461538461,-3.872940681125589,0.90625
2,test,107,scale_0.7,none,scale_0.7,scale_0.7,0.35,target_only,1,0.8700787401574803,0.933233851241058,0.0373658923209055,0.4194604851784363,0.9107592473905878,0.5384615384615384,-2.8637021998346057,1.0
2,test,107,scale_0.7,none,scale_0.7,scale_0.7,0.35,value,1,0.9879429133858268,0.9996143810754038,0.0,0.0315170102397637,0.9985007324665812,1.0,-5.420708904936123,1.0
2,test,107,scale_0.7,none,scale_0.7,scale_0.7,0.7,dual,1,0.9459891732283464,0.9952748260491762,0.0,0.2366626353863551,0.9812534334370996,0.9230769230769232,-2.009232360169322,0.6171875
2,test,107,scale_0.7,none,scale_0.7,scale_0.7,0.7,geometry,1,0.6849163385826772,0.8932430859152821,0.0296278053094,0.751852726949393,0.5494071598608313,0.3076923076923077,0.9351408581268116,0.53125
2,test,107,scale_0.7,none,scale_0.7,scale_0.7,0.7,rank,1,0.8917322834645669,0.9863721791762124,0.0,0.5718953972675543,0.9321209485442228,0.7692307692307693,-0.9604020772282632,0.6015625
2,test,107,scale_0.7,none,scale_0.7,scale_0.7,0.7,target_only,1,0.750369094488189,0.9626495965385988,0.0982658636630144,0.6608639243348275,0.680043719099066,0.6923076923076923,-2.0330843410983883,1.0
2,test,107,scale_0.7,none,scale_0.7,scale_0.7,0.7,value,1,0.967888779527559,0.9985905983530038,0.0046956233684676,0.058391788416582,0.991685359824208,1.0,-4.552552502929105,1.0
2,test,107,scale_0.7,none,scale_0.7,scale_0.7,1.0,dual,1,0.8543307086614174,0.9999342500842544,0.0,0.1824179872906731,0.8428515839589819,1.0,-2.39540804713459,0.609375
2,test,107,scale_0.7,none,scale_0.7,scale_0.7,1.0,geometry,1,0.6544045275590551,0.8684910853940783,0.3102280493809552,1.1434825892799647,0.4516743728254898,0.2307692307692307,0.7942588359607561,0.3984375
2,test,107,scale_0.7,none,scale_0.7,scale_0.7,1.0,rank,1,0.7994586614173228,0.9978743476391536,0.0,0.4196161374784281,0.7477968778611975,0.9230769230769232,-1.6240056493290496,0.6015625
2,test,107,scale_0.7,none,scale_0.7,scale_0.7,1.0,target_only,1,0.797244094488189,0.970386932922948,0.0187493904727561,0.6487839513490852,0.7542231276323017,0.6923076923076923,-1.7111963671584984,1.0
2,test,107,scale_0.7,none,scale_0.7,scale_0.7,1.0,value,1,0.9456200787401576,0.99916932928891,0.0073665516352651,0.0488829804362843,0.9725725599707012,1.0,-4.250933929145401,1.0
2,test,107,scale_1.5,none,scale_1.5,scale_1.5,0.35,dual,1,0.8036417322834646,0.9810872041194356,0.0051919422849806,0.7712566680044792,0.7759338948910457,0.8461538461538461,-1.6798735131781597,0.8671875
2,test,107,scale_1.5,none,scale_1.5,scale_1.5,0.35,geometry,1,0.625738188976378,0.8576976649197157,0.3967956035708278,1.3995376701271398,0.4341638436183849,0.4615384615384615,0.5204760487598936,0.3828125
2,test,107,scale_1.5,none,scale_1.5,scale_1.5,0.35,rank,1,0.78001968503937,0.9205659500895804,0.0158351537081603,1.303538738859253,0.7526551913568944,0.6153846153846154,-1.1871339947096002,0.8046875
2,test,107,scale_1.5,none,scale_1.5,scale_1.5,0.35,target_only,1,0.6133120078740157,0.719711708195104,0.4035259888156376,1.5826085640867904,0.3498271836659952,0.3076923076923077,-1.2391847321820877,1.0
2,test,107,scale_1.5,none,scale_1.5,scale_1.5,0.35,value,1,0.8008120078740157,0.9807875261785636,0.0051919422849806,0.7593994119202705,0.7670813495696758,0.8461538461538461,-1.704520192406811,0.8671875
2,test,107,scale_1.5,none,scale_1.5,scale_1.5,0.7,dual,1,0.8480561023622047,0.895744205300989,0.015337287407595,0.9277508800194304,0.872745376304706,0.6153846153846154,2.459461544752836,0.5
2,test,107,scale_1.5,none,scale_1.5,scale_1.5,0.7,geometry,1,0.8889025590551181,0.8179917690483205,0.26797854343916,0.4430329119630635,0.93356871452115,0.4615384615384615,-0.5286877212530441,0.640625
2,test,107,scale_1.5,none,scale_1.5,scale_1.5,0.7,rank,1,0.7358513779527559,0.8924167677568718,0.015337287407595,1.3154866061203474,0.6401757919794909,0.4615384615384615,2.5308333291471614,0.359375
2,test,107,scale_1.5,none,scale_1.5,scale_1.5,0.7,target_only,1,0.8415354330708661,0.832728488877245,0.2426340153228169,0.6981555015092148,0.8663706280900934,0.3076923076923077,-0.4740747733629045,1.0
2,test,107,scale_1.5,none,scale_1.5,scale_1.5,0.7,value,1,0.8494094488188977,0.8919444405464801,0.015337287407595,0.9121600456778548,0.8746738234755539,0.6153846153846154,2.419719091740322,0.5078125
2,test,107,scale_1.5,none,scale_1.5,scale_1.5,1.0,dual,1,0.7634104330708661,0.8710169489264308,0.1313317322064109,0.9538948605510988,0.6886158670573155,0.4615384615384615,2.8551271335958828,0.6171875
2,test,107,scale_1.5,none,scale_1.5,scale_1.5,1.0,geometry,1,0.8822588582677166,0.7789880803716736,0.1667675301587111,0.6567634487389975,0.9185016480498076,0.3076923076923077,1.1481563069043927,0.5546875
2,test,107,scale_1.5,none,scale_1.5,scale_1.5,1.0,rank,1,0.6902066929133859,0.8095805351736329,0.1579280006916626,1.1355554950930131,0.5219854422266983,0.3076923076923077,2.454960010316961,0.59375
2,test,107,scale_1.5,none,scale_1.5,scale_1.5,1.0,target_only,1,0.8080708661417323,0.8793806607410085,0.1313317322064109,0.731676689663697,0.8006660867972899,0.3846153846153846,0.1251446861496831,0.890625
2,test,107,scale_1.5,none,scale_1.5,scale_1.5,1.0,value,1,0.7675935039370079,0.885532894490731,0.1313317322064109,0.9449783722719568,0.6964326588536898,0.5384615384615384,2.842804037989489,0.625
2,test,131,identity,identity_label_permutation,identity_label_permutation,identity_label_permutation,0.35,dual,1,0.8209891732283464,0.976491539733887,0.0,1.357418932559465,0.8009464841604101,0.6923076923076923,-1.51564368486064,0.8046875
2,test,131,identity,identity_label_permutation,identity_label_permutation,identity_label_permutation,0.35,geometry,1,0.9002214566929134,0.923821651624027,0.0213988038985149,0.4099825039926028,0.9482237685405602,0.4615384615384615,-2.465041936851391,1.0
2,test,131,identity,identity_label_permutation,identity_label_permutation,identity_label_permutation,0.35,rank,1,0.8924704724409449,0.995683529365862,0.0041365277410784,0.6776189914717342,0.930169611792712,1.0,-2.0348411122409527,1.0
2,test,131,identity,identity_label_permutation,identity_label_permutation,identity_label_permutation,0.35,target_only,1,0.907726377952756,0.9237091769258924,0.0067869712839302,0.4603059042053885,0.9513367515107124,0.4615384615384615,-2.180098890465852,1.0
2,test,131,identity,identity_label_permutation,identity_label_permutation,identity_label_permutation,0.35,value,1,0.8209891732283464,0.976491539733887,0.0,1.3574189325594634,0.8009464841604101,0.6923076923076923,-1.5156436848606414,0.8046875
2,test,131,identity,identity_label_permutation,identity_label_permutation,identity_label_permutation,0.7,dual,1,0.8009350393700787,0.923150121910658,0.1066992952752206,1.9397510775513385,0.8051009430507233,0.5384615384615384,0.4591112876320449,0.5859375
2,test,131,identity,identity_label_permutation,identity_label_permutation,identity_label_permutation,0.7,geometry,1,0.9002214566929134,0.9687977447376774,0.0755320358093601,1.1446528914749052,0.9409906610510894,0.8461538461538461,-0.2097275915196875,0.609375
2,test,131,identity,identity_label_permutation,identity_label_permutation,identity_label_permutation,0.7,rank,1,0.8567913385826772,0.946337947046294,0.1066992952752206,1.5004755555414095,0.8957207928950741,0.6923076923076923,-0.4609990546786732,0.7890625
2,test,131,identity,identity_label_permutation,identity_label_permutation,identity_label_permutation,0.7,target_only,1,0.8566683070866141,0.8752484183420184,0.5394684363242015,1.3730126995517535,0.8859583867423548,0.5384615384615384,-0.9221873616576508,0.8984375
2,test,131,identity,identity_label_permutation,identity_label_permutation,identity_label_permutation,0.7,value,1,0.8009350393700787,0.923150121910658,0.1066992952752206,1.9397510775513371,0.8051009430507233,0.5384615384615384,0.4591112876320441,0.5859375
2,test,131,identity,identity_label_permutation,identity_label_permutation,identity_label_permutation,1.0,dual,1,0.7840797244094488,0.795300438835972,0.1460296784669317,0.7175816890297042,0.7746864127449185,0.1538461538461538,-0.3743059647263237,0.8359375
2,test,131,identity,identity_label_permutation,identity_label_permutation,identity_label_permutation,1.0,geometry,1,0.875369094488189,0.9492709900071392,0.0692424754008002,0.4659335410417016,0.9163958066288226,0.6923076923076923,-0.5713849767410095,0.7890625
2,test,131,identity,identity_label_permutation,identity_label_permutation,identity_label_permutation,1.0,rank,1,0.8026574803149606,0.7294311628409972,0.3227311196455611,0.708956416145452,0.8098963101995971,0.1538461538461538,-0.5787884019355127,0.875
2,test,131,identity,identity_label_permutation,identity_label_permutation,identity_label_permutation,1.0,target_only,1,0.7875246062992126,0.689896880872754,0.3023310002954156,0.8092752685343384,0.7718423823475554,0.0769230769230769,-0.3363967164235416,0.8515625
2,test,131,identity,identity_label_permutation,identity_label_permutation,identity_label_permutation,1.0,value,1,0.7840797244094488,0.795300438835972,0.1460296784669317,0.7175816890297042,0.7746864127449185,0.1538461538461538,-0.374305964726324,0.8359375
2,test,131,identity,none,identity,identity,0.35,dual,1,0.9495570866141732,0.9991694306138128,0.0,0.0912400893116917,0.974724180553012,1.0,-4.133768187090227,0.953125
2,test,131,identity,none,identity,identity,0.35,geometry,1,0.9002214566929134,0.923821651624027,0.0213988038985149,0.4099825039926028,0.9482237685405602,0.4615384615384615,-2.465041936851391,1.0
2,test,131,identity,none,identity,identity,0.35,rank,1,0.9144931102362204,0.9795765742318056,0.0067869712839302,0.2660144875211927,0.9542265610694012,0.8461538461538461,-3.0409790560702694,0.921875
2,test,131,identity,none,identity,identity,0.35,target_only,1,0.907726377952756,0.9237091769258924,0.0067869712839302,0.4603059042053885,0.9513367515107124,0.4615384615384615,-2.180098890465852,1.0
2,test,131,identity,none,identity,identity,0.35,value,1,0.953986220472441,0.9991422544995048,0.0,0.0382932593465957,0.9741347738509428,1.0,-4.675955460723738,1.0
2,test,131,identity,none,identity,identity,0.7,dual,1,0.8831200787401575,0.9838983947950912,0.0180128775673857,0.3837660945474448,0.9097692730269182,0.8461538461538461,0.9326186150208604,0.265625
2,test,131,identity,none,identity,identity,0.7,geometry,1,0.9002214566929134,0.9687977447376774,0.0755320358093601,1.1446528914749052,0.9409906610510894,0.8461538461538461,-0.2097275915196875,0.609375
2,test,131,identity,none,identity,identity,0.7,rank,1,0.8501476377952756,0.9716001941953392,0.0180128775673857,0.9636679692893764,0.8623935634499177,0.8461538461538461,1.8839562156333696,0.2734375
2,test,131,identity,none,identity,identity,0.7,target_only,1,0.8566683070866141,0.8752484183420184,0.5394684363242015,1.3730126995517535,0.8859583867423548,0.5384615384615384,-0.9221873616576508,0.8984375
2,test,131,identity,none,identity,identity,0.7,value,1,0.9291338582677166,0.9996712819868824,0.0,0.1452367739212945,0.9573567112250504,1.0,-2.937122866278068,0.8203125
2,test,131,identity,none,identity,identity,1.0,dual,1,0.952632874015748,0.9884909483182298,0.0122000717285542,0.146343736564861,0.984103186229628,0.8461538461538461,-0.6139436538972252,0.5625
2,test,131,identity,none,identity,identity,1.0,geometry,1,0.875369094488189,0.9492709900071392,0.0692424754008002,0.4659335410417016,0.9163958066288226,0.6923076923076923,-0.5713849767410095,0.7890625
2,test,131,identity,none,identity,identity,1.0,rank,1,0.8855807086614174,0.9794889316701488,0.0122000717285542,0.380579890554613,0.9201783098333636,0.8461538461538461,0.3080229618664308,0.4765625
2,test,131,identity,none,identity,identity,1.0,target_only,1,0.7875246062992126,0.689896880872754,0.3023310002954156,0.8092752685343384,0.7718423823475554,0.0769230769230769,-0.3363967164235416,0.8515625
2,test,131,identity,none,identity,identity,1.0,value,1,0.9772391732283464,0.9998177960727416,0.0,0.0691809115148181,0.9950272386009889,1.0,-2.0042378295978005,0.6640625
2,test,131,independent_expert,none,independent_expert,independent_expert,0.35,dual,1,0.9080954724409448,0.9237091769258924,0.0067869712839302,0.460327127160017,0.9514912561801868,0.4615384615384615,-2.180101224045181,1.0
2,test,131,independent_expert,none,independent_expert,independent_expert,0.35,geometry,1,0.9002214566929134,0.923821651624027,0.0213988038985149,0.4099825039926028,0.9482237685405602,0.4615384615384615,-2.465041936851391,1.0
2,test,131,independent_expert,none,independent_expert,independent_expert,0.35,rank,1,0.907726377952756,0.9237091769258924,0.0067869712839302,0.4603059041097808,0.9513367515107124,0.4615384615384615,-2.1800988905112124,1.0
2,test,131,independent_expert,none,independent_expert,independent_expert,0.35,target_only,1,0.907726377952756,0.9237091769258924,0.0067869712839302,0.4603059042053885,0.9513367515107124,0.4615384615384615,-2.180098890465852,1.0
2,test,131,independent_expert,none,independent_expert,independent_expert,0.35,value,1,0.9080954724409448,0.9237091769258924,0.0067869712839302,0.4603271265891339,0.9514912561801868,0.4615384615384615,-2.1801012239903,1.0
2,test,131,independent_expert,none,independent_expert,independent_expert,0.7,dual,1,0.8566683070866141,0.8752484183420184,0.5394684363242015,1.3728580968959625,0.8859583867423548,0.5384615384615384,-0.9222802811406284,0.8984375
2,test,131,independent_expert,none,independent_expert,independent_expert,0.7,geometry,1,0.9002214566929134,0.9687977447376774,0.0755320358093601,1.1446528914749052,0.9409906610510894,0.8461538461538461,-0.2097275915196875,0.609375
2,test,131,independent_expert,none,independent_expert,independent_expert,0.7,rank,1,0.8566683070866141,0.8752484183420184,0.5394684363242015,1.3730126991427984,0.8859583867423548,0.5384615384615384,-0.9221873620310216,0.8984375
2,test,131,independent_expert,none,independent_expert,independent_expert,0.7,target_only,1,0.8566683070866141,0.8752484183420184,0.5394684363242015,1.3730126995517535,0.8859583867423548,0.5384615384615384,-0.9221873616576508,0.8984375
2,test,131,independent_expert,none,independent_expert,independent_expert,0.7,value,1,0.8566683070866141,0.8752484183420184,0.5394684363242015,1.3728581009450171,0.8859583867423548,0.5384615384615384,-0.9222802787095776,0.8984375
2,test,131,independent_expert,none,independent_expert,independent_expert,1.0,dual,1,0.7874015748031497,0.689896880872754,0.3023310002954156,0.809376775707431,0.7715162058231093,0.0769230769230769,-0.3361132845180924,0.8515625
2,test,131,independent_expert,none,independent_expert,independent_expert,1.0,geometry,1,0.875369094488189,0.9492709900071392,0.0692424754008002,0.4659335410417016,0.9163958066288226,0.6923076923076923,-0.5713849767410095,0.7890625
2,test,131,independent_expert,none,independent_expert,independent_expert,1.0,rank,1,0.7875246062992126,0.689896880872754,0.3023310002954156,0.8092752688394895,0.7718423823475554,0.0769230769230769,-0.3363967156076113,0.8515625
2,test,131,independent_expert,none,independent_expert,independent_expert,1.0,target_only,1,0.7875246062992126,0.689896880872754,0.3023310002954156,0.8092752685343384,0.7718423823475554,0.0769230769230769,-0.3363967164235416,0.8515625
2,test,131,independent_expert,none,independent_expert,independent_expert,1.0,value,1,0.7874015748031497,0.689896880872754,0.3023310002954156,0.8093767730456789,0.7715162058231093,0.0769230769230769,-0.3361132919515868,0.8515625
2,test,131,output_affine,none,output_affine,output_affine,0.35,dual,1,0.9495570866141732,0.9991694306138128,0.0,0.0912400893116914,0.974724180553012,1.0,-3.217477455216069,0.953125
2,test,131,output_affine,none,output_affine,output_affine,0.35,geometry,1,0.9002214566929134,0.923821651624027,0.0213988038985147,0.4099825039926024,0.9482237685405602,0.4615384615384615,-1.5487512049772378,1.0
2,test,131,output_affine,none,output_affine,output_affine,0.35,rank,1,0.9144931102362204,0.9795765742318056,0.0067869712839316,0.266014487521191,0.9542265610694012,0.8461538461538461,-2.124688324196122,0.921875
2,test,131,output_affine,none,output_affine,output_affine,0.35,target_only,1,0.907726377952756,0.9237091769258924,0.0067869712839316,0.4603059042053882,0.9513367515107124,0.4615384615384615,-1.2638081585916972,1.0
2,test,131,output_affine,none,output_affine,output_affine,0.35,value,1,0.953986220472441,0.9991422544995048,0.0,0.0382932593465957,0.9741347738509428,1.0,-3.75966472884958,1.0
2,test,131,output_affine,none,output_affine,output_affine,0.7,dual,1,0.8831200787401575,0.9838983947950912,0.018012877567386,0.3837660945474445,0.9097692730269182,0.8461538461538461,1.848909346894975,0.265625
2,test,131,output_affine,none,output_affine,output_affine,0.7,geometry,1,0.9002214566929134,0.9687977447376774,0.0755320358093599,1.1446528914749048,0.9409906610510894,0.8461538461538461,0.7065631403544682,0.609375
2,test,131,output_affine,none,output_affine,output_affine,0.7,rank,1,0.8501476377952756,0.9716001941953392,0.018012877567386,0.963667969289376,0.8623935634499177,0.8461538461538461,2.8002469475075173,0.2734375
2,test,131,output_affine,none,output_affine,output_affine,0.7,target_only,1,0.8566683070866141,0.8752484183420184,0.539468436324202,1.3730126995517524,0.8859583867423548,0.5384615384615384,-0.005896629783496,0.8984375
2,test,131,output_affine,none,output_affine,output_affine,0.7,value,1,0.9291338582677166,0.9996712819868824,0.0,0.1452367739212945,0.9573567112250504,1.0,-2.0208321344039226,0.8203125
2,test,131,output_affine,none,output_affine,output_affine,1.0,dual,1,0.952632874015748,0.9884909483182298,0.0122000717285539,0.1463437365648611,0.984103186229628,0.8461538461538461,0.3023470779769208,0.5625
2,test,131,output_affine,none,output_affine,output_affine,1.0,geometry,1,0.875369094488189,0.9492709900071392,0.0692424754007999,0.4659335410417014,0.9163958066288226,0.6923076923076923,0.3449057551331438,0.7890625
2,test,131,output_affine,none,output_affine,output_affine,1.0,rank,1,0.8855807086614174,0.9794889316701488,0.0122000717285539,0.3805798905546131,0.9201783098333636,0.8461538461538461,1.224313693740586,0.4765625
2,test,131,output_affine,none,output_affine,output_affine,1.0,target_only,1,0.7875246062992126,0.689896880872754,0.3023310002954151,0.8092752685343383,0.7718423823475554,0.0769230769230769,0.5798940154506128,0.8515625
2,test,131,output_affine,none,output_affine,output_affine,1.0,value,1,0.9772391732283464,0.9998177960727416,0.0,0.0691809115148185,0.9950272386009889,1.0,-1.0879470977236203,0.6640625
2,test,131,reversal,none,reversal,reversal,0.35,dual,1,0.907726377952756,0.8213147499842229,0.0062688719693254,0.4603059042053885,0.9513367515107124,0.2307692307692307,-2.180098890465852,1.0
2,test,131,reversal,none,reversal,reversal,0.35,geometry,1,0.907726377952756,0.8213147499842229,0.0062688719693254,0.4603059042053885,0.9513367515107124,0.2307692307692307,-2.180098890465852,1.0
2,test,131,reversal,none,reversal,reversal,0.35,rank,1,0.907726377952756,0.8213147499842229,0.0062688719693254,0.4603059042053885,0.9513367515107124,0.2307692307692307,-2.180098890465852,1.0
2,test,131,reversal,none,reversal,reversal,0.35,target_only,1,0.907726377952756,0.8213147499842229,0.0062688719693254,0.4603059042053885,0.9513367515107124,0.2307692307692307,-2.180098890465852,1.0
2,test,131,reversal,none,reversal,reversal,0.35,value,1,0.907726377952756,0.8213147499842229,0.0062688719693254,0.4603059042053885,0.9513367515107124,0.2307692307692307,-2.180098890465852,1.0
2,test,131,reversal,none,reversal,reversal,0.7,dual,1,0.8566683070866141,0.8713712640337103,0.0094555441361616,1.3730126995517535,0.8859583867423548,0.4615384615384615,-0.9221873616576508,0.8984375
2,test,131,reversal,none,reversal,reversal,0.7,geometry,1,0.8566683070866141,0.8713712640337103,0.0094555441361616,1.3730126995517535,0.8859583867423548,0.4615384615384615,-0.9221873616576508,0.8984375
2,test,131,reversal,none,reversal,reversal,0.7,rank,1,0.8566683070866141,0.8713712640337103,0.0094555441361616,1.3730126995517535,0.8859583867423548,0.4615384615384615,-0.9221873616576508,0.8984375
2,test,131,reversal,none,reversal,reversal,0.7,target_only,1,0.8566683070866141,0.8713712640337103,0.0094555441361616,1.3730126995517535,0.8859583867423548,0.4615384615384615,-0.9221873616576508,0.8984375
2,test,131,reversal,none,reversal,reversal,0.7,value,1,0.8566683070866141,0.8713712640337103,0.0094555441361616,1.3730126995517535,0.8859583867423548,0.4615384615384615,-0.9221873616576508,0.8984375
2,test,131,reversal,none,reversal,reversal,1.0,dual,1,0.7875246062992126,0.8143422159705022,0.0260633055897597,0.8092752685343384,0.7718423823475554,0.2307692307692307,-0.3363967164235416,0.8515625
2,test,131,reversal,none,reversal,reversal,1.0,geometry,1,0.7875246062992126,0.8143422159705022,0.0260633055897597,0.8092752685343384,0.7718423823475554,0.2307692307692307,-0.3363967164235416,0.8515625
2,test,131,reversal,none,reversal,reversal,1.0,rank,1,0.7875246062992126,0.8143422159705022,0.0260633055897597,0.8092752685343384,0.7718423823475554,0.2307692307692307,-0.3363967164235416,0.8515625
2,test,131,reversal,none,reversal,reversal,1.0,target_only,1,0.7875246062992126,0.8143422159705022,0.0260633055897597,0.8092752685343384,0.7718423823475554,0.2307692307692307,-0.3363967164235416,0.8515625
2,test,131,reversal,none,reversal,reversal,1.0,value,1,0.7875246062992126,0.8143422159705022,0.0260633055897597,0.8092752685343384,0.7718423823475554,0.2307692307692307,-0.3363967164235416,0.8515625
2,test,131,rotate_45,none,rotate_45,rotate_45,0.35,dual,1,0.8956692913385826,0.9968569363046892,0.004411570666435,0.1958361876108406,0.9092084783006774,1.0,-2.231549084919504,0.5234375
2,test,131,rotate_45,none,rotate_45,rotate_45,0.35,geometry,1,0.7995816929133859,0.8334918912067121,0.16524938794103,0.6450905912915222,0.7951153634865409,0.3846153846153846,-1.7353933055705824,0.6484375
2,test,131,rotate_45,none,rotate_45,rotate_45,0.35,rank,1,0.8292322834645669,0.9634826155247476,0.0698009193752512,0.4652492347208311,0.8196644387474821,0.8461538461538461,-1.072071443880766,0.5234375
2,test,131,rotate_45,none,rotate_45,rotate_45,0.35,target_only,1,0.8299704724409449,0.9160595618074244,0.0698009193752512,0.5541366428996564,0.8470804339864495,0.6153846153846154,-2.1427073767827283,1.0
2,test,131,rotate_45,none,rotate_45,rotate_45,0.35,value,1,0.9517716535433072,0.9998534859141408,0.0,0.0513778588199356,0.9713193554294084,1.0,-4.632258429646916,1.0
2,test,131,rotate_45,none,rotate_45,rotate_45,0.7,dual,1,0.8312007874015748,0.9994396365847512,0.0,0.3891679753499711,0.814136605017396,1.0,1.1105087967155158,0.5
2,test,131,rotate_45,none,rotate_45,rotate_45,0.7,geometry,1,0.7461860236220472,0.8483374777268864,0.2690071921308093,1.2917039704390685,0.6947960538362937,0.2307692307692307,-0.1952408948628944,0.5859375
2,test,131,rotate_45,none,rotate_45,rotate_45,0.7,rank,1,0.796136811023622,0.9993379879047856,0.0,0.9128048009552168,0.757593618384911,1.0,2.2474948956925838,0.5078125
2,test,131,rotate_45,none,rotate_45,rotate_45,0.7,target_only,1,0.7365895669291339,0.8219872363410622,0.3100624893648445,1.570463656735735,0.6613257645119941,0.1538461538461538,-0.7225113765973084,0.8828125
2,test,131,rotate_45,none,rotate_45,rotate_45,0.7,value,1,0.8829970472440944,0.9979735466378112,0.0037199225196216,0.1470707911261621,0.9063873374839772,1.0,-2.810858737963394,0.796875
2,test,131,rotate_45,none,rotate_45,rotate_45,1.0,dual,1,0.938361220472441,0.9963311209813372,0.0025363679776117,0.2011492304468785,0.9729731276323018,0.9230769230769232,1.701607696929918,0.4296875
2,test,131,rotate_45,none,rotate_45,rotate_45,1.0,geometry,1,0.7415108267716536,0.8864878312198174,0.0421692720492018,0.744543544770706,0.6733427943600073,0.3076923076923077,0.6871697755808746,0.3828125
2,test,131,rotate_45,none,rotate_45,rotate_45,1.0,rank,1,0.8564222440944882,0.9893188493400454,0.0025363679776117,0.4780824908970102,0.8783304339864493,0.8461538461538461,3.540390492133082,0.421875
2,test,131,rotate_45,none,rotate_45,rotate_45,1.0,target_only,1,0.7213336614173228,0.4472994185036578,0.6391609707272428,0.9347855603765622,0.6118213239333455,0.0769230769230769,-0.065891349949214,0.7890625
2,test,131,rotate_45,none,rotate_45,rotate_45,1.0,value,1,0.967027559055118,0.999970313370024,0.0,0.0867361363882944,0.9910959531221388,1.0,-2.240209199128661,0.71875
2,test,131,roughness,none,roughness,roughness,0.35,dual,1,0.4400836614173228,0.7664671743846752,0.1177518750659048,1.5031911266000273,-0.1799922175425746,0.4615384615384615,32.9946665772038,0.5234375
2,test,131,roughness,none,roughness,roughness,0.35,geometry,1,0.4106791338582677,0.746532123164714,0.1177518750659048,1.5596496126701591,-0.2357054568760299,0.4615384615384615,28.89027917726564,0.421875
2,test,131,roughness,none,roughness,roughness,0.35,rank,1,0.4405757874015748,0.7630275365442433,0.1177518750659048,1.5434634644008731,-0.1848562534334371,0.4615384615384615,32.433402929812004,0.5234375
2,test,131,roughness,none,roughness,roughness,0.35,target_only,1,0.4029281496062992,0.7710432927953084,0.0381658389106375,1.5640174719943736,-0.2572502746749679,0.4615384615384615,4.721406033958967,0.609375
2,test,131,roughness,none,roughness,roughness,0.35,value,1,0.4189222440944882,0.7696731426095013,0.1177518750659048,1.464512794642488,-0.210681422816334,0.4615384615384615,27.41564729013495,0.5234375
2,test,131,roughness,none,roughness,roughness,0.7,dual,1,0.5979330708661418,0.7402741987676631,0.1022870140886374,1.15378259355911,0.2829152169932247,0.2307692307692307,25.91659953472894,0.1171875
2,test,131,roughness,none,roughness,roughness,0.7,geometry,1,0.6375492125984252,0.6444442727783187,0.1022870140886374,1.1411165426826049,0.3841157754989928,0.0769230769230769,24.27824306050087,0.2265625
2,test,131,roughness,none,roughness,roughness,0.7,rank,1,0.6194635826771654,0.6638812667893418,0.1022870140886374,1.1395255474785462,0.3473493865592382,0.0769230769230769,23.720684356742524,0.171875
2,test,131,roughness,none,roughness,roughness,0.7,target_only,1,0.625123031496063,0.6758887753577772,0.3851878605582125,1.1636882437003655,0.3630573612891411,0.1538461538461538,3.694407841036172,0.4765625
2,test,131,roughness,none,roughness,roughness,0.7,value,1,0.5698818897637795,0.6670184666909789,0.2513079077613384,1.1905906605013978,0.2060634499175975,0.2307692307692307,23.69691044518481,0.1484375
2,test,131,roughness,none,roughness,roughness,1.0,dual,1,0.6788877952755905,0.5904892731397839,0.1988862804453064,0.8665401983181403,0.53120994323384,0.0769230769230769,11.64366303372201,0.3359375
2,test,131,roughness,none,roughness,roughness,1.0,geometry,1,0.6166338582677166,0.4985793535957493,0.7567409730412935,0.9168417028634755,0.3494781175608862,0.1538461538461538,10.399580763044554,0.40625
2,test,131,roughness,none,roughness,roughness,1.0,rank,1,0.64185531496063,0.5670528318253306,0.1988862804453064,0.9192047739568568,0.4104616828419703,0.0769230769230769,11.101000152702614,0.359375
2,test,131,roughness,none,roughness,roughness,1.0,target_only,1,0.5655757874015748,0.5791786230832098,0.5487087100574393,1.070578331430854,0.2087987548068119,0.2307692307692307,1.687262857385809,0.640625
2,test,131,roughness,none,roughness,roughness,1.0,value,1,0.6930364173228346,0.6482678134586968,0.1988862804453064,0.8319130377822747,0.5582654275773667,0.0769230769230769,10.057909483767126,0.375
2,test,131,scale_0.7,none,scale_0.7,scale_0.7,0.35,dual,1,0.9141240157480316,0.9268607269561272,0.0135529733506961,0.3137297931938579,0.9562293993774034,0.4615384615384615,7.721520624466088,0.2578125
2,test,131,scale_0.7,none,scale_0.7,scale_0.7,0.35,geometry,1,0.8804133858267716,0.9284946755620768,0.0042888057124505,0.4415185177480605,0.916121131660868,0.4615384615384615,-3.138554732954149,0.828125
2,test,131,scale_0.7,none,scale_0.7,scale_0.7,0.35,rank,1,0.8166830708661418,0.9024274108586036,0.0251012463087705,0.690161751734284,0.8175471525361656,0.4615384615384615,8.591500970580878,0.2578125
2,test,131,scale_0.7,none,scale_0.7,scale_0.7,0.35,target_only,1,0.8884104330708661,0.9237091769258924,0.0042888057124505,0.4322806493198843,0.9224386559238236,0.4615384615384615,-2.9918840404049982,1.0
2,test,131,scale_0.7,none,scale_0.7,scale_0.7,0.35,value,1,0.9798228346456692,0.9816667639717156,0.0042888057124505,0.0462448777160012,0.995879875480681,0.8461538461538461,-5.383369537172601,1.0
2,test,131,scale_0.7,none,scale_0.7,scale_0.7,0.7,dual,1,0.9163385826771654,0.9753409526809064,0.0114933798902448,0.186026408760123,0.9591478209119207,0.7692307692307693,-0.2233693018699132,0.359375
2,test,131,scale_0.7,none,scale_0.7,scale_0.7,0.7,geometry,1,0.7050935039370079,0.8966758317108687,0.1621565038177326,0.7292710458682631,0.6049773393151437,0.4615384615384615,-0.6825350785811768,0.5078125
2,test,131,scale_0.7,none,scale_0.7,scale_0.7,0.7,rank,1,0.8451033464566929,0.9512502687777568,0.0114933798902448,0.4187621166418607,0.8710687145211499,0.6153846153846154,0.6226720757065628,0.3515625
2,test,131,scale_0.7,none,scale_0.7,scale_0.7,0.7,target_only,1,0.6733513779527559,0.8326695589065386,0.2341289021402488,0.8442457067576934,0.5277822285295733,0.2307692307692307,-1.7013004096832756,0.8984375
2,test,131,scale_0.7,none,scale_0.7,scale_0.7,0.7,value,1,0.9596456692913384,0.9998745113749206,0.0,0.068535592289022,0.9839086247939938,1.0,-4.080680294821999,0.84375
2,test,131,scale_0.7,none,scale_0.7,scale_0.7,1.0,dual,1,0.9116633858267716,0.9874324754277876,0.0180128775673856,0.1196964891113487,0.9393139992675332,0.8461538461538461,-2.379517695640052,0.625
2,test,131,scale_0.7,none,scale_0.7,scale_0.7,1.0,geometry,1,0.8543307086614174,0.9079676720266584,0.07005455135979,0.6386910036679129,0.8822846090459623,0.4615384615384615,-1.17991456792739,0.71875
2,test,131,scale_0.7,none,scale_0.7,scale_0.7,1.0,rank,1,0.8674950787401575,0.9799746780327138,0.0180128775673856,0.2722957534328434,0.8756809650247207,0.8461538461538461,-1.4298272111633883,0.59375
2,test,131,scale_0.7,none,scale_0.7,scale_0.7,1.0,target_only,1,0.7369586614173228,0.7834335185094227,0.5271443861290716,1.0336445276675106,0.6715631294634682,0.1538461538461538,-1.480747558091419,0.9453125
2,test,131,scale_0.7,none,scale_0.7,scale_0.7,1.0,value,1,0.951402559055118,0.9998485881884824,0.0,0.0904950992272064,0.9798113898553378,1.0,-3.804917287733472,0.9375
2,test,131,scale_1.5,none,scale_1.5,scale_1.5,0.35,dual,1,0.7843257874015748,0.9578330450883068,0.0,0.9552973170241846,0.7520943966306537,0.5384615384615384,-1.9745770058774264,1.0
2,test,131,scale_1.5,none,scale_1.5,scale_1.5,0.35,geometry,1,0.6668307086614174,0.960691993352513,0.0540570833895846,1.0965455564779774,0.5094247848379417,0.7692307692307693,-1.038304145314009,0.734375
2,test,131,scale_1.5,none,scale_1.5,scale_1.5,0.35,rank,1,0.7556594488188977,0.9572735827949036,0.0,2.1207819870657363,0.6835286577549898,0.5384615384615384,-0.9678503687370186,0.7734375
2,test,131,scale_1.5,none,scale_1.5,scale_1.5,0.35,target_only,1,0.6596948818897638,0.9714515548168178,0.0077854474479711,1.219283978337088,0.4997253250320454,0.7692307692307693,-1.186908574691521,1.0
2,test,131,scale_1.5,none,scale_1.5,scale_1.5,0.35,value,1,0.7843257874015748,0.9578330450883068,0.0,0.9552973170230158,0.7520943966306537,0.5384615384615384,-1.9745770058784455,1.0
2,test,131,scale_1.5,none,scale_1.5,scale_1.5,0.7,dual,1,0.8882874015748031,0.9957487763050804,0.0123705959047369,0.7990535932839784,0.9212026185680278,1.0,1.0397138447325724,0.7890625
2,test,131,scale_1.5,none,scale_1.5,scale_1.5,0.7,geometry,1,0.9024360236220472,0.9348885123644428,0.0501742615585036,0.335987001670931,0.9466615546603184,0.5384615384615384,-1.1346024928900589,1.0
2,test,131,scale_1.5,none,scale_1.5,scale_1.5,0.7,rank,1,0.8391978346456693,0.9754065575211224,0.0075851076323142,1.034532365510353,0.8489802691814685,0.7692307692307693,0.7993292722462524,0.6484375
2,test,131,scale_1.5,none,scale_1.5,scale_1.5,0.7,target_only,1,0.8857037401574803,0.9568881730021718,0.006367564240527,0.5269217522479226,0.9188507141549166,0.5384615384615384,-0.5827460961632376,1.0
2,test,131,scale_1.5,none,scale_1.5,scale_1.5,0.7,value,1,0.8882874015748031,0.9957487763050804,0.0123705959047369,0.7990535932838004,0.9212026185680278,1.0,1.0397138447326,0.7890625
2,test,131,scale_1.5,none,scale_1.5,scale_1.5,1.0,dual,1,0.7764517716535433,0.7172339593108131,0.1733779235531672,0.8166079497956671,0.7527982512360374,0.2307692307692307,1.9424600119689697,0.6171875
2,test,131,scale_1.5,none,scale_1.5,scale_1.5,1.0,geometry,1,0.8705708661417323,0.9094472213631478,0.075412600314116,0.3966314196138539,0.9121154550448636,0.5384615384615384,-0.5790725814591982,0.9921875
2,test,131,scale_1.5,none,scale_1.5,scale_1.5,1.0,rank,1,0.6497293307086615,0.4230034794386662,0.6496778625679327,1.1045012463491957,0.471697033510346,0.0,2.1575617097005666,0.5859375
2,test,131,scale_1.5,none,scale_1.5,scale_1.5,1.0,target_only,1,0.8316929133858267,0.9268709717631906,0.0526951461425881,0.8304972013272404,0.8583936092290788,0.5384615384615384,0.177472429968943,0.8984375
2,test,131,scale_1.5,none,scale_1.5,scale_1.5,1.0,value,1,0.7764517716535433,0.7172339593108131,0.1733779235531672,0.8166079497954586,0.7527982512360374,0.2307692307692307,1.942460011968108,0.6171875
