problem,dim,seed,n_init,target_only_r2_oos,match_partial_corr,match_corr_pval,match_delta_r2_oos,match_perm_pval,rand_partial_corr,rand_delta_r2_oos,wrong_partial_corr,wrong_delta_r2_oos,method,top1_true_y,top1_raw_regret,top1_normalized_regret,top1_signed_improvement,top1_positive_improvement,is_improved,top1_hit_top05,top1_hit_top10,rank_of_pool_oracle
GMM,2,42,6,0.04950616309855682,0.3279965060234632,0.0,0.10065134204834114,0.0,-0.0704118012730355,0.004278591924651631,0.3438227672269622,0.11093938567047845,Target-Only,-0.4515434739065007,0.5178007135956362,0.5375426766436863,0.21233775883549258,0.21233775883549258,1.0,0.0,0.0,485
GMM,2,42,6,0.04950616309855682,0.3279965060234632,0.0,0.10065134204834114,0.0,-0.0704118012730355,0.004278591924651631,0.3438227672269622,0.11093938567047845,Source-Region,-0.3261880464523191,0.6431561410498179,0.6676774760679992,0.08698233138131098,0.08698233138131098,1.0,0.0,0.0,330
GMM,2,42,6,0.04950616309855682,0.3279965060234632,0.0,0.10065134204834114,0.0,-0.0704118012730355,0.004278591924651631,0.3438227672269622,0.11093938567047845,Random-Region,-0.17283871448652754,0.7965054730156094,0.8268734914500596,-0.06636700058448056,0.0,0.0,0.0,0.0,460
GMM,2,42,6,0.04950616309855682,0.3279965060234632,0.0,0.10065134204834114,0.0,-0.0704118012730355,0.004278591924651631,0.3438227672269622,0.11093938567047845,Wrong-Source,-0.48234364848682404,0.48700053901531287,0.5055681971764193,0.24313793341581594,0.24313793341581594,1.0,0.0,1.0,458
GMM,2,42,6,0.04950616309855682,0.3279965060234632,0.0,0.10065134204834114,0.0,-0.0704118012730355,0.004278591924651631,0.3438227672269622,0.11093938567047845,Oracle-Target-Region,-0.3742026252260755,0.5951415622760614,0.617832266290788,0.1349969101550674,0.1349969101550674,1.0,0.0,0.0,190
GMM,2,42,6,0.04950616309855682,0.3279965060234632,0.0,0.10065134204834114,0.0,-0.0704118012730355,0.004278591924651631,0.3438227672269622,0.11093938567047845,Hard-Filter,-0.4515434739065007,0.5178007135956362,0.5375426766436863,0.21233775883549258,0.21233775883549258,1.0,0.0,0.0,221
GMM,2,101,6,0.23128108641707257,0.5011194329416656,0.0,0.1878640509237841,0.0,-0.23651288193549375,0.04129879679640602,0.08647120464874428,0.004886511297924501,Target-Only,-0.442492046653962,0.505169161628912,0.5385952767210473,0.15662638987341743,0.15662638987341743,1.0,0.0,0.0,734
GMM,2,101,6,0.23128108641707257,0.5011194329416656,0.0,0.1878640509237841,0.0,-0.23651288193549375,0.04129879679640602,0.08647120464874428,0.004886511297924501,Source-Region,-0.5193982112548833,0.42826299702799075,0.45660037253642705,0.23353255447433868,0.23353255447433868,1.0,0.0,0.0,326
GMM,2,101,6,0.23128108641707257,0.5011194329416656,0.0,0.1878640509237841,0.0,-0.23651288193549375,0.04129879679640602,0.08647120464874428,0.004886511297924501,Random-Region,-0.24092025895821598,0.706740949324658,0.7535046991867378,-0.04494539782232862,0.0,0.0,0.0,0.0,765
GMM,2,101,6,0.23128108641707257,0.5011194329416656,0.0,0.1878640509237841,0.0,-0.23651288193549375,0.04129879679640602,0.08647120464874428,0.004886511297924501,Wrong-Source,-0.2815730483349064,0.6660881599479677,0.7101619894432936,-0.004292608445638224,0.0,0.0,0.0,0.0,443
GMM,2,101,6,0.23128108641707257,0.5011194329416656,0.0,0.1878640509237841,0.0,-0.23651288193549375,0.04129879679640602,0.08647120464874428,0.004886511297924501,Oracle-Target-Region,-0.1181700234607867,0.8294911848220874,0.8843770921929381,-0.1676956333197579,0.0,0.0,0.0,0.0,279
GMM,2,101,6,0.23128108641707257,0.5011194329416656,0.0,0.1878640509237841,0.0,-0.23651288193549375,0.04129879679640602,0.08647120464874428,0.004886511297924501,Hard-Filter,-0.442492046653962,0.505169161628912,0.5385952767210473,0.15662638987341743,0.15662638987341743,1.0,0.0,0.0,357
GMM,2,2026,6,0.10989777722622063,0.7513299504377761,0.0,0.5014948809886841,0.0,0.10726969074046515,0.00756293087836124,0.4581886779789559,0.1849438024435227,Target-Only,-0.3892398528875258,0.5940699035792074,0.6145763212577974,-0.07579082658243819,0.0,0.0,0.0,0.0,789
GMM,2,2026,6,0.10989777722622063,0.7513299504377761,0.0,0.5014948809886841,0.0,0.10726969074046515,0.00756293087836124,0.4581886779789559,0.1849438024435227,Source-Region,-0.5997354753626779,0.3835742811040552,0.3968147000710731,0.13470479589271395,0.13470479589271395,1.0,1.0,1.0,297
GMM,2,2026,6,0.10989777722622063,0.7513299504377761,0.0,0.5014948809886841,0.0,0.10726969074046515,0.00756293087836124,0.4581886779789559,0.1849438024435227,Random-Region,-0.5088936756856007,0.4744160807811324,0.4907922248128767,0.043862996215636774,0.043862996215636774,1.0,0.0,1.0,606
GMM,2,2026,6,0.10989777722622063,0.7513299504377761,0.0,0.5014948809886841,0.0,0.10726969074046515,0.00756293087836124,0.4581886779789559,0.1849438024435227,Wrong-Source,-0.5680810388827687,0.4152287175839644,0.4295618010538068,0.10305035941280477,0.10305035941280477,1.0,0.0,1.0,929
GMM,2,2026,6,0.10989777722622063,0.7513299504377761,0.0,0.5014948809886841,0.0,0.10726969074046515,0.00756293087836124,0.4581886779789559,0.1849438024435227,Oracle-Target-Region,-0.13688522164805145,0.8464245348186816,0.875641862509957,-0.3281454578219125,0.0,0.0,0.0,0.0,259
GMM,2,2026,6,0.10989777722622063,0.7513299504377761,0.0,0.5014948809886841,0.0,0.10726969074046515,0.00756293087836124,0.4581886779789559,0.1849438024435227,Hard-Filter,-0.3892398528875258,0.5940699035792074,0.6145763212577974,-0.07579082658243819,0.0,0.0,0.0,0.0,367
GMM,2,777,6,0.012200406341978609,0.744370780644922,0.0,0.5469899601997354,0.0,-0.10153624361070507,0.009749260300072726,0.4131793142304907,0.16514188960997034,Target-Only,-0.5580595063646447,0.4144313852912963,0.42934127293927604,-0.11497257843735409,0.0,0.0,0.0,0.0,968
GMM,2,777,6,0.012200406341978609,0.744370780644922,0.0,0.5469899601997354,0.0,-0.10153624361070507,0.009749260300072726,0.4131793142304907,0.16514188960997034,Source-Region,-0.5605332098824127,0.4119576817735283,0.4267785736484239,-0.1124988749195861,0.0,0.0,0.0,1.0,448
GMM,2,777,6,0.012200406341978609,0.744370780644922,0.0,0.5469899601997354,0.0,-0.10153624361070507,0.009749260300072726,0.4131793142304907,0.16514188960997034,Random-Region,-0.28285034027394135,0.6896405513819996,0.714451565951683,-0.3901817445280575,0.0,0.0,0.0,0.0,726
GMM,2,777,6,0.012200406341978609,0.744370780644922,0.0,0.5469899601997354,0.0,-0.10153624361070507,0.009749260300072726,0.4131793142304907,0.16514188960997034,Wrong-Source,-0.65800199676989,0.31448889488605103,0.32580317815635046,-0.015030088032108813,0.0,0.0,0.0,1.0,589
GMM,2,777,6,0.012200406341978609,0.744370780644922,0.0,0.5469899601997354,0.0,-0.10153624361070507,0.009749260300072726,0.4131793142304907,0.16514188960997034,Oracle-Target-Region,-0.8980047403917046,0.07448615126423641,0.07716591970382886,0.2249726555897058,0.2249726555897058,1.0,1.0,1.0,456
GMM,2,777,6,0.012200406341978609,0.744370780644922,0.0,0.5469899601997354,0.0,-0.10153624361070507,0.009749260300072726,0.4131793142304907,0.16514188960997034,Hard-Filter,-0.5580595063646447,0.4144313852912963,0.42934127293927604,-0.11497257843735409,0.0,0.0,0.0,0.0,373
GMM,2,999,6,-0.00022371257361375463,0.3394414015484622,0.0,0.11264836054849037,0.0,0.01641678385148417,-0.0009978518529942804,0.3388917904305849,0.11326829209144162,Target-Only,-0.32782248840031375,0.6617214665164208,0.6767070794665832,-0.16303765325068736,0.0,0.0,0.0,0.0,452
GMM,2,999,6,-0.00022371257361375463,0.3394414015484622,0.0,0.11264836054849037,0.0,0.01641678385148417,-0.0009978518529942804,0.3388917904305849,0.11326829209144162,Source-Region,-0.47917907841698226,0.5103648764997523,0.5219228066706528,-0.011681063234018851,0.0,0.0,0.0,0.0,169
GMM,2,999,6,-0.00022371257361375463,0.3394414015484622,0.0,0.11264836054849037,0.0,0.01641678385148417,-0.0009978518529942804,0.3388917904305849,0.11326829209144162,Random-Region,-0.2673058285287777,0.7222381263879568,0.7385942241837229,-0.2235543131222234,0.0,0.0,0.0,0.0,291
GMM,2,999,6,-0.00022371257361375463,0.3394414015484622,0.0,0.11264836054849037,0.0,0.01641678385148417,-0.0009978518529942804,0.3388917904305849,0.11326829209144162,Wrong-Source,-0.47917907841698226,0.5103648764997523,0.5219228066706528,-0.011681063234018851,0.0,0.0,0.0,0.0,212
GMM,2,999,6,-0.00022371257361375463,0.3394414015484622,0.0,0.11264836054849037,0.0,0.01641678385148417,-0.0009978518529942804,0.3388917904305849,0.11326829209144162,Oracle-Target-Region,-0.9301525007420127,0.0593914541747218,0.060736457155349144,0.4392923590910116,0.4392923590910116,1.0,1.0,1.0,26
GMM,2,999,6,-0.00022371257361375463,0.3394414015484622,0.0,0.11264836054849037,0.0,0.01641678385148417,-0.0009978518529942804,0.3388917904305849,0.11326829209144162,Hard-Filter,-0.32782248840031375,0.6617214665164208,0.6767070794665832,-0.16303765325068736,0.0,0.0,0.0,0.0,97
GMM,2,1234,6,0.0013148735411885326,0.5273858846973569,0.0,0.27559047459077446,0.0,-0.18528600126418623,0.03392576580778839,0.435266321414717,0.18877716179066895,Target-Only,-0.16794402241839143,0.8270124696265083,0.8406540415111915,0.019776956728393413,0.019776956728393413,1.0,0.0,0.0,645
GMM,2,1234,6,0.0013148735411885326,0.5273858846973569,0.0,0.27559047459077446,0.0,-0.18528600126418623,0.03392576580778839,0.435266321414717,0.18877716179066895,Source-Region,-0.17392393290432612,0.8210325591405736,0.8345754923931276,0.0257568672143281,0.0257568672143281,1.0,0.0,0.0,236
GMM,2,1234,6,0.0013148735411885326,0.5273858846973569,0.0,0.27559047459077446,0.0,-0.18528600126418623,0.03392576580778839,0.435266321414717,0.18877716179066895,Random-Region,-0.12471871860436175,0.870237773440538,0.8845923467742595,-0.02344834708563627,0.0,0.0,0.0,0.0,677
GMM,2,1234,6,0.0013148735411885326,0.5273858846973569,0.0,0.27559047459077446,0.0,-0.18528600126418623,0.03392576580778839,0.435266321414717,0.18877716179066895,Wrong-Source,-0.19607492935978751,0.7988815626851122,0.8120591152190405,0.0479078636697895,0.0479078636697895,1.0,0.0,0.0,369
GMM,2,1234,6,0.0013148735411885326,0.5273858846973569,0.0,0.27559047459077446,0.0,-0.18528600126418623,0.03392576580778839,0.435266321414717,0.18877716179066895,Oracle-Target-Region,-0.14135939528799193,0.8535970967569079,0.8676771821046234,-0.006807670402006083,0.0,0.0,0.0,0.0,190
GMM,2,1234,6,0.0013148735411885326,0.5273858846973569,0.0,0.27559047459077446,0.0,-0.18528600126418623,0.03392576580778839,0.435266321414717,0.18877716179066895,Hard-Filter,-0.12295662176990273,0.871999870274997,0.8863835093985558,-0.02521044392009529,0.0,0.0,0.0,0.0,211
GMM,2,5678,6,-0.0010920017029365514,0.6009418333334758,0.0,0.3593131548518208,0.0,0.03892538646861597,-0.0030249953501331195,0.2512498846847852,0.06189872908181959,Target-Only,-0.1810134897671786,0.8179260140391387,0.8253513618968256,-0.006250793570565544,0.0,0.0,0.0,0.0,36
GMM,2,5678,6,-0.0010920017029365514,0.6009418333334758,0.0,0.3593131548518208,0.0,0.03892538646861597,-0.0030249953501331195,0.2512498846847852,0.06189872908181959,Source-Region,-0.8034589011586304,0.19548060264768685,0.19725522706257909,0.6161946178208862,0.6161946178208862,1.0,1.0,1.0,56
GMM,2,5678,6,-0.0010920017029365514,0.6009418333334758,0.0,0.3593131548518208,0.0,0.03892538646861597,-0.0030249953501331195,0.2512498846847852,0.06189872908181959,Random-Region,-0.4453104544372952,0.553629049369022,0.5586550397460548,0.2580461710995511,0.2580461710995511,1.0,0.0,0.0,447
GMM,2,5678,6,-0.0010920017029365514,0.6009418333334758,0.0,0.3593131548518208,0.0,0.03892538646861597,-0.0030249953501331195,0.2512498846847852,0.06189872908181959,Wrong-Source,-0.4697564902418313,0.5291830135644859,0.5339870763875902,0.28249220690408716,0.28249220690408716,1.0,0.0,0.0,182
GMM,2,5678,6,-0.0010920017029365514,0.6009418333334758,0.0,0.3593131548518208,0.0,0.03892538646861597,-0.0030249953501331195,0.2512498846847852,0.06189872908181959,Oracle-Target-Region,-0.9989395038063172,0.0,0.0,0.8116752204685731,0.8116752204685731,1.0,1.0,1.0,0
GMM,2,5678,6,-0.0010920017029365514,0.6009418333334758,0.0,0.3593131548518208,0.0,0.03892538646861597,-0.0030249953501331195,0.2512498846847852,0.06189872908181959,Hard-Filter,-0.15209405298066056,0.8468454508256567,0.8545333369500112,-0.03517023035708358,0.0,0.0,0.0,0.0,23
GMM,2,8888,6,0.09670129814843587,0.6359570128635517,0.0,0.35955490607720153,0.0,0.12181096028283764,0.01245397073228649,0.3602028469445204,0.11670897343107012,Target-Only,-0.4965314486036311,0.4576542394503036,0.4815192054506199,0.3632898159316007,0.3632898159316007,1.0,0.0,1.0,688
GMM,2,8888,6,0.09670129814843587,0.6359570128635517,0.0,0.35955490607720153,0.0,0.12181096028283764,0.01245397073228649,0.3602028469445204,0.11670897343107012,Source-Region,-0.475389579693746,0.47879610836018865,0.5037635441711716,0.3421479470217156,0.3421479470217156,1.0,0.0,1.0,287
GMM,2,8888,6,0.09670129814843587,0.6359570128635517,0.0,0.35955490607720153,0.0,0.12181096028283764,0.01245397073228649,0.3602028469445204,0.11670897343107012,Random-Region,-0.06418725602871274,0.8899984320252219,0.9364085392409405,-0.06905437664331766,0.0,0.0,0.0,0.0,201
GMM,2,8888,6,0.09670129814843587,0.6359570128635517,0.0,0.35955490607720153,0.0,0.12181096028283764,0.01245397073228649,0.3602028469445204,0.11670897343107012,Wrong-Source,-0.475389579693746,0.47879610836018865,0.5037635441711716,0.3421479470217156,0.3421479470217156,1.0,0.0,1.0,651
GMM,2,8888,6,0.09670129814843587,0.6359570128635517,0.0,0.35955490607720153,0.0,0.12181096028283764,0.01245397073228649,0.3602028469445204,0.11670897343107012,Oracle-Target-Region,-0.475389579693746,0.47879610836018865,0.5037635441711716,0.3421479470217156,0.3421479470217156,1.0,0.0,1.0,200
GMM,2,8888,6,0.09670129814843587,0.6359570128635517,0.0,0.35955490607720153,0.0,0.12181096028283764,0.01245397073228649,0.3602028469445204,0.11670897343107012,Hard-Filter,-0.4965314486036311,0.4576542394503036,0.4815192054506199,0.3632898159316007,0.3632898159316007,1.0,0.0,1.0,298
Rastrigin,2,42,6,0.026035719151567105,0.24432346369283756,4.884981308350689e-15,0.057810534644338385,0.0,0.014808510696057188,-0.003090959465125054,0.22516864195114697,0.04719199525334794,Target-Only,33.94576101265491,31.679471973292138,0.5677061728352801,-18.08350052971595,0.0,0.0,0.0,0.0,648
Rastrigin,2,42,6,0.026035719151567105,0.24432346369283756,4.884981308350689e-15,0.057810534644338385,0.0,0.014808510696057188,-0.003090959465125054,0.22516864195114697,0.04719199525334794,Source-Region,31.87333301559457,29.607043976231797,0.5305676066470651,-16.01107253265561,0.0,0.0,0.0,0.0,225
Rastrigin,2,42,6,0.026035719151567105,0.24432346369283756,4.884981308350689e-15,0.057810534644338385,0.0,0.014808510696057188,-0.003090959465125054,0.22516864195114697,0.04719199525334794,Random-Region,55.69362067023451,53.427331630871734,0.957434706946332,-39.831360187295545,0.0,0.0,0.0,0.0,507
Rastrigin,2,42,6,0.026035719151567105,0.24432346369283756,4.884981308350689e-15,0.057810534644338385,0.0,0.014808510696057188,-0.003090959465125054,0.22516864195114697,0.04719199525334794,Wrong-Source,43.48806786015591,41.22177882079313,0.738707334249263,-27.625807377216944,0.0,0.0,0.0,0.0,677
Rastrigin,2,42,6,0.026035719151567105,0.24432346369283756,4.884981308350689e-15,0.057810534644338385,0.0,0.014808510696057188,-0.003090959465125054,0.22516864195114697,0.04719199525334794,Oracle-Target-Region,36.49978094985047,34.23349191048769,0.6134750191441037,-20.637520466911504,0.0,0.0,0.0,0.0,309
Rastrigin,2,42,6,0.026035719151567105,0.24432346369283756,4.884981308350689e-15,0.057810534644338385,0.0,0.014808510696057188,-0.003090959465125054,0.22516864195114697,0.04719199525334794,Hard-Filter,33.94576101265491,31.679471973292138,0.5677061728352801,-18.08350052971595,0.0,0.0,0.0,0.0,204
Rastrigin,2,101,6,0.02888881862343562,0.33232883711864447,0.0,0.105963577520784,0.0,-0.13105658875710105,0.016182850556717754,0.04017241084394776,0.0002514265649602443,Target-Only,37.635457300739404,36.43341445332075,0.6981676430634967,-4.77736193220349,0.0,0.0,0.0,0.0,666
Rastrigin,2,101,6,0.02888881862343562,0.33232883711864447,0.0,0.105963577520784,0.0,-0.13105658875710105,0.016182850556717754,0.04017241084394776,0.0002514265649602443,Source-Region,8.371043793510262,7.169000946091613,0.13737840849546176,24.487051575025653,24.487051575025653,1.0,1.0,1.0,429
Rastrigin,2,101,6,0.02888881862343562,0.33232883711864447,0.0,0.105963577520784,0.0,-0.13105658875710105,0.016182850556717754,0.04017241084394776,0.0002514265649602443,Random-Region,33.868777318281474,32.66673447086282,0.6259873622694353,-1.0106819497455604,0.0,0.0,0.0,0.0,360
Rastrigin,2,101,6,0.02888881862343562,0.33232883711864447,0.0,0.105963577520784,0.0,-0.13105658875710105,0.016182850556717754,0.04017241084394776,0.0002514265649602443,Wrong-Source,24.624181391054865,23.422138543636216,0.44883466202346867,8.233913977481048,8.233913977481048,1.0,0.0,0.0,435
Rastrigin,2,101,6,0.02888881862343562,0.33232883711864447,0.0,0.105963577520784,0.0,-0.13105658875710105,0.016182850556717754,0.04017241084394776,0.0002514265649602443,Oracle-Target-Region,14.647112813635173,13.445069966216524,0.2576457065577509,18.21098255490074,18.21098255490074,1.0,0.0,1.0,270
Rastrigin,2,101,6,0.02888881862343562,0.33232883711864447,0.0,0.105963577520784,0.0,-0.13105658875710105,0.016182850556717754,0.04017241084394776,0.0002514265649602443,Hard-Filter,37.635457300739404,36.43341445332075,0.6981676430634967,-4.77736193220349,0.0,0.0,0.0,0.0,296
Rastrigin,2,2026,6,0.0631115557334957,0.388021821864808,0.0,0.1401620278918061,0.0,0.13900877781949114,0.01699674257483008,0.08104882021428085,0.0026142594931332086,Target-Only,21.391819992715654,19.69696011124592,0.37988414327570724,-9.026626130673147,0.0,0.0,0.0,0.0,625
Rastrigin,2,2026,6,0.0631115557334957,0.388021821864808,0.0,0.1401620278918061,0.0,0.13900877781949114,0.01699674257483008,0.08104882021428085,0.0026142594931332086,Source-Region,26.32622904771435,24.631369166244617,0.4750513033777288,-13.961035185671843,0.0,0.0,0.0,0.0,450
Rastrigin,2,2026,6,0.0631115557334957,0.388021821864808,0.0,0.1401620278918061,0.0,0.13900877781949114,0.01699674257483008,0.08104882021428085,0.0026142594931332086,Random-Region,17.115837776492427,15.420977895022695,0.29741568968196275,-4.75064391444992,0.0,0.0,0.0,1.0,513
Rastrigin,2,2026,6,0.0631115557334957,0.388021821864808,0.0,0.1401620278918061,0.0,0.13900877781949114,0.01699674257483008,0.08104882021428085,0.0026142594931332086,Wrong-Source,27.020693496638845,25.325833615169113,0.48844504691607776,-14.655499634596339,0.0,0.0,0.0,0.0,874
Rastrigin,2,2026,6,0.0631115557334957,0.388021821864808,0.0,0.1401620278918061,0.0,0.13900877781949114,0.01699674257483008,0.08104882021428085,0.0026142594931332086,Oracle-Target-Region,19.996162592408332,18.3013027109386,0.352966887372882,-7.630968730365826,0.0,0.0,0.0,0.0,251
Rastrigin,2,2026,6,0.0631115557334957,0.388021821864808,0.0,0.1401620278918061,0.0,0.13900877781949114,0.01699674257483008,0.08104882021428085,0.0026142594931332086,Hard-Filter,21.391819992715654,19.69696011124592,0.37988414327570724,-9.026626130673147,0.0,0.0,0.0,0.0,356
Rastrigin,2,777,6,-0.0013414703279901463,0.3476208331194582,0.0,0.11919550142136404,0.0,0.21840873146371143,0.04659668771002046,0.02433743595683557,-0.004692024953329099,Target-Only,19.78935492451581,18.35766686588242,0.3346468820531318,-5.300416013524231,0.0,0.0,0.0,0.0,925
Rastrigin,2,777,6,-0.0013414703279901463,0.3476208331194582,0.0,0.11919550142136404,0.0,0.21840873146371143,0.04659668771002046,0.02433743595683557,-0.004692024953329099,Source-Region,33.4880719306934,32.05638387206001,0.5843645050897119,-18.999133019701823,0.0,0.0,0.0,0.0,198
Rastrigin,2,777,6,-0.0013414703279901463,0.3476208331194582,0.0,0.11919550142136404,0.0,0.21840873146371143,0.04659668771002046,0.02433743595683557,-0.004692024953329099,Random-Region,32.379706128293705,30.948018069660314,0.5641598046418184,-17.890767217302127,0.0,0.0,0.0,0.0,323
Rastrigin,2,777,6,-0.0013414703279901463,0.3476208331194582,0.0,0.11919550142136404,0.0,0.21840873146371143,0.04659668771002046,0.02433743595683557,-0.004692024953329099,Wrong-Source,33.225527629257776,31.793839570624385,0.5795785139004102,-18.736588718266198,0.0,0.0,0.0,0.0,257
Rastrigin,2,777,6,-0.0013414703279901463,0.3476208331194582,0.0,0.11919550142136404,0.0,0.21840873146371143,0.04659668771002046,0.02433743595683557,-0.004692024953329099,Oracle-Target-Region,33.4880719306934,32.05638387206001,0.5843645050897119,-18.999133019701823,0.0,0.0,0.0,0.0,206
Rastrigin,2,777,6,-0.0013414703279901463,0.3476208331194582,0.0,0.11919550142136404,0.0,0.21840873146371143,0.04659668771002046,0.02433743595683557,-0.004692024953329099,Hard-Filter,19.78935492451581,18.35766686588242,0.3346468820531318,-5.300416013524231,0.0,0.0,0.0,0.0,287
Rastrigin,2,999,6,0.024804880690239672,0.37240710247858566,0.0,0.13380425358794346,0.0,0.019382201471279493,-0.0004426228564274881,0.16230985988965185,0.023153302043969815,Target-Only,23.827874413710248,22.16172565171773,0.3932834989585628,-1.3011447868059633,0.0,0.0,0.0,0.0,327
Rastrigin,2,999,6,0.024804880690239672,0.37240710247858566,0.0,0.13380425358794346,0.0,0.019382201471279493,-0.0004426228564274881,0.16230985988965185,0.023153302043969815,Source-Region,21.351265188077665,19.68511642608515,0.34933342227604847,1.1754644388266193,1.1754644388266193,1.0,0.0,0.0,103
Rastrigin,2,999,6,0.024804880690239672,0.37240710247858566,0.0,0.13380425358794346,0.0,0.019382201471279493,-0.0004426228564274881,0.16230985988965185,0.023153302043969815,Random-Region,13.047422225944047,11.38127346395153,0.20197285720663927,9.479307400960238,9.479307400960238,1.0,0.0,1.0,212
Rastrigin,2,999,6,0.024804880690239672,0.37240710247858566,0.0,0.13380425358794346,0.0,0.019382201471279493,-0.0004426228564274881,0.16230985988965185,0.023153302043969815,Wrong-Source,41.11883109064196,39.452682328649445,0.7001299986000539,-18.592101463737677,0.0,0.0,0.0,0.0,139
Rastrigin,2,999,6,0.024804880690239672,0.37240710247858566,0.0,0.13380425358794346,0.0,0.019382201471279493,-0.0004426228564274881,0.16230985988965185,0.023153302043969815,Oracle-Target-Region,40.261754718918326,38.59560595692581,0.6849202626957537,-17.73502509201404,0.0,0.0,0.0,0.0,87
Rastrigin,2,999,6,0.024804880690239672,0.37240710247858566,0.0,0.13380425358794346,0.0,0.019382201471279493,-0.0004426228564274881,0.16230985988965185,0.023153302043969815,Hard-Filter,38.16804863258226,36.501899870589746,0.647765211308261,-15.641319005677978,0.0,0.0,0.0,0.0,77
Rastrigin,2,1234,6,-0.00488937685468982,0.26753466027568096,0.0,0.06961653752401198,0.0,-0.2401364672698397,0.05643777263640093,0.1849582832487533,0.033459610108832916,Target-Only,31.465885171818808,27.998187603313824,0.5295701450167993,1.3613960962797371,1.3613960962797371,1.0,0.0,0.0,406
Rastrigin,2,1234,6,-0.00488937685468982,0.26753466027568096,0.0,0.06961653752401198,0.0,-0.2401364672698397,0.05643777263640093,0.1849582832487533,0.033459610108832916,Source-Region,27.504481473279228,24.036783904774243,0.4546423975201223,5.322799794819318,5.322799794819318,1.0,0.0,0.0,179
Rastrigin,2,1234,6,-0.00488937685468982,0.26753466027568096,0.0,0.06961653752401198,0.0,-0.2401364672698397,0.05643777263640093,0.1849582832487533,0.033459610108832916,Random-Region,65.90499763465743,62.437300066152446,1.1809668011002343,-33.07771636655889,0.0,0.0,0.0,0.0,480
Rastrigin,2,1234,6,-0.00488937685468982,0.26753466027568096,0.0,0.06961653752401198,0.0,-0.2401364672698397,0.05643777263640093,0.1849582832487533,0.033459610108832916,Wrong-Source,24.4013294681777,20.933631899672715,0.3959480034174024,8.425951799920846,8.425951799920846,1.0,0.0,0.0,206
Rastrigin,2,1234,6,-0.00488937685468982,0.26753466027568096,0.0,0.06961653752401198,0.0,-0.2401364672698397,0.05643777263640093,0.1849582832487533,0.033459610108832916,Oracle-Target-Region,39.46086880187877,35.993171233373786,0.6807908133102238,-6.633587533780222,0.0,0.0,0.0,0.0,139
Rastrigin,2,1234,6,-0.00488937685468982,0.26753466027568096,0.0,0.06961653752401198,0.0,-0.2401364672698397,0.05643777263640093,0.1849582832487533,0.033459610108832916,Hard-Filter,22.491501239268004,19.02380367076302,0.35982466477596914,10.335780028830541,10.335780028830541,1.0,0.0,0.0,65
Rastrigin,2,5678,6,0.07768636458060929,0.31823428288739897,0.0,0.09100600069342935,0.0,0.0470859064060053,0.0008382469011862792,0.2235155542597595,0.04564355851100832,Target-Only,17.079929542825123,16.33481585882169,0.31465647777561173,-1.1586159376596505,0.0,0.0,0.0,0.0,26
Rastrigin,2,5678,6,0.07768636458060929,0.31823428288739897,0.0,0.09100600069342935,0.0,0.0470859064060053,0.0008382469011862792,0.2235155542597595,0.04564355851100832,Source-Region,21.82239440943865,21.077280725435216,0.4060102649134878,-5.901080804273178,0.0,0.0,0.0,0.0,293
Rastrigin,2,5678,6,0.07768636458060929,0.31823428288739897,0.0,0.09100600069342935,0.0,0.0470859064060053,0.0008382469011862792,0.2235155542597595,0.04564355851100832,Random-Region,17.079929542825123,16.33481585882169,0.31465647777561173,-1.1586159376596505,0.0,0.0,0.0,0.0,158
Rastrigin,2,5678,6,0.07768636458060929,0.31823428288739897,0.0,0.09100600069342935,0.0,0.0470859064060053,0.0008382469011862792,0.2235155542597595,0.04564355851100832,Wrong-Source,17.079929542825123,16.33481585882169,0.31465647777561173,-1.1586159376596505,0.0,0.0,0.0,0.0,10
Rastrigin,2,5678,6,0.07768636458060929,0.31823428288739897,0.0,0.09100600069342935,0.0,0.0470859064060053,0.0008382469011862792,0.2235155542597595,0.04564355851100832,Oracle-Target-Region,0.7451136840034351,0.0,0.0,15.176199921162038,15.176199921162038,1.0,1.0,1.0,0
Rastrigin,2,5678,6,0.07768636458060929,0.31823428288739897,0.0,0.09100600069342935,0.0,0.0470859064060053,0.0008382469011862792,0.2235155542597595,0.04564355851100832,Hard-Filter,17.079929542825123,16.33481585882169,0.31465647777561173,-1.1586159376596505,0.0,0.0,0.0,0.0,549
Rastrigin,2,8888,6,-0.0024167604398857012,0.4333927976103919,0.0,0.18653194415651342,0.0,-0.1168733948077056,0.012188067562385219,-0.20822339054336184,0.04225480532068582,Target-Only,52.55912782784303,51.50089479421268,0.9171546304439113,-24.63772329784012,0.0,0.0,0.0,0.0,471
Rastrigin,2,8888,6,-0.0024167604398857012,0.4333927976103919,0.0,0.18653194415651342,0.0,-0.1168733948077056,0.012188067562385219,-0.20822339054336184,0.04225480532068582,Source-Region,33.8997627573861,32.84152972375575,0.5848589850207554,-5.978358227383193,0.0,0.0,0.0,0.0,96
Rastrigin,2,8888,6,-0.0024167604398857012,0.4333927976103919,0.0,0.18653194415651342,0.0,-0.1168733948077056,0.012188067562385219,-0.20822339054336184,0.04225480532068582,Random-Region,33.26511821699701,32.20688518336666,0.5735569060718434,-5.3437136869941035,0.0,0.0,0.0,0.0,579
Rastrigin,2,8888,6,-0.0024167604398857012,0.4333927976103919,0.0,0.18653194415651342,0.0,-0.1168733948077056,0.012188067562385219,-0.20822339054336184,0.04225480532068582,Wrong-Source,66.94793268451838,65.88969965088802,1.173397925897034,-39.026528154515475,0.0,0.0,0.0,0.0,58
Rastrigin,2,8888,6,-0.0024167604398857012,0.4333927976103919,0.0,0.18653194415651342,0.0,-0.1168733948077056,0.012188067562385219,-0.20822339054336184,0.04225480532068582,Oracle-Target-Region,27.452568515621806,26.394335481991455,0.47004400800272667,0.46883601438110034,0.46883601438110034,1.0,0.0,0.0,96
Rastrigin,2,8888,6,-0.0024167604398857012,0.4333927976103919,0.0,0.18653194415651342,0.0,-0.1168733948077056,0.012188067562385219,-0.20822339054336184,0.04225480532068582,Hard-Filter,34.68313046004975,33.6248974264194,0.5988096031354316,-6.761725930046847,0.0,0.0,0.0,0.0,182
Lunacek,2,42,6,-0.05463762842721831,0.06624771708331091,0.03629850582179639,0.0029813477044615677,0.12,0.05544791092991576,0.00042205231344993877,0.0663998905591524,-0.003890949647170183,Target-Only,15.091847032984141,14.814661646057456,0.3857493829874417,-1.2066269359438788,0.0,0.0,0.0,0.0,980
Lunacek,2,42,6,-0.05463762842721831,0.06624771708331091,0.03629850582179639,0.0029813477044615677,0.12,0.05544791092991576,0.00042205231344993877,0.0663998905591524,-0.003890949647170183,Source-Region,12.397305862296667,12.120120475369982,0.31558796999941263,1.4879142347435952,1.4879142347435952,1.0,0.0,0.0,697
Lunacek,2,42,6,-0.05463762842721831,0.06624771708331091,0.03629850582179639,0.0029813477044615677,0.12,0.05544791092991576,0.00042205231344993877,0.0663998905591524,-0.003890949647170183,Random-Region,12.397305862296667,12.120120475369982,0.31558796999941263,1.4879142347435952,1.4879142347435952,1.0,0.0,0.0,47
Lunacek,2,42,6,-0.05463762842721831,0.06624771708331091,0.03629850582179639,0.0029813477044615677,0.12,0.05544791092991576,0.00042205231344993877,0.0663998905591524,-0.003890949647170183,Wrong-Source,29.51984428474523,29.242658897818544,0.7614306621540492,-15.634624187704967,0.0,0.0,0.0,0.0,104
Lunacek,2,42,6,-0.05463762842721831,0.06624771708331091,0.03629850582179639,0.0029813477044615677,0.12,0.05544791092991576,0.00042205231344993877,0.0663998905591524,-0.003890949647170183,Oracle-Target-Region,12.397305862296667,12.120120475369982,0.31558796999941263,1.4879142347435952,1.4879142347435952,1.0,0.0,0.0,2
Lunacek,2,42,6,-0.05463762842721831,0.06624771708331091,0.03629850582179639,0.0029813477044615677,0.12,0.05544791092991576,0.00042205231344993877,0.0663998905591524,-0.003890949647170183,Hard-Filter,15.091847032984141,14.814661646057456,0.3857493829874417,-1.2066269359438788,0.0,0.0,0.0,0.0,985
Lunacek,2,101,6,-0.001399689882859878,-0.008830857918899492,0.7804193635835674,-0.0042280204345195305,0.9,0.010982939042942626,-0.0017088177336725963,0.002107520234902888,-0.005825490064147232,Target-Only,17.29963037118475,16.023419813020425,0.4130047097968415,-12.391237448171118,0.0,0.0,0.0,0.0,682
Lunacek,2,101,6,-0.001399689882859878,-0.008830857918899492,0.7804193635835674,-0.0042280204345195305,0.9,0.010982939042942626,-0.0017088177336725963,0.002107520234902888,-0.005825490064147232,Source-Region,9.126136808069639,7.849926249905312,0.20233237040536742,-4.217743885056006,0.0,0.0,0.0,1.0,908
Lunacek,2,101,6,-0.001399689882859878,-0.008830857918899492,0.7804193635835674,-0.0042280204345195305,0.9,0.010982939042942626,-0.0017088177336725963,0.002107520234902888,-0.005825490064147232,Random-Region,10.092880193968966,8.81666963580464,0.22725024537840696,-5.184487270955334,0.0,0.0,0.0,1.0,508
Lunacek,2,101,6,-0.001399689882859878,-0.008830857918899492,0.7804193635835674,-0.0042280204345195305,0.9,0.010982939042942626,-0.0017088177336725963,0.002107520234902888,-0.005825490064147232,Wrong-Source,13.56575274427828,12.289542186113954,0.3167637659962972,-8.657359821264647,0.0,0.0,0.0,0.0,721
Lunacek,2,101,6,-0.001399689882859878,-0.008830857918899492,0.7804193635835674,-0.0042280204345195305,0.9,0.010982939042942626,-0.0017088177336725963,0.002107520234902888,-0.005825490064147232,Oracle-Target-Region,24.433595983176193,23.157385425011867,0.5968831472129914,-19.52520306016256,0.0,0.0,0.0,0.0,290
Lunacek,2,101,6,-0.001399689882859878,-0.008830857918899492,0.7804193635835674,-0.0042280204345195305,0.9,0.010982939042942626,-0.0017088177336725963,0.002107520234902888,-0.005825490064147232,Hard-Filter,17.29963037118475,16.023419813020425,0.4130047097968415,-12.391237448171118,0.0,0.0,0.0,0.0,844
Lunacek,2,2026,6,-0.000273019784017281,0.08819086790530818,0.005280709502843761,0.006764778497554413,0.0,-0.12256938407809953,0.0066632405401174655,0.06557678624067113,0.0017529142727686908,Target-Only,26.599821436023543,25.17370705176853,0.6789086157840747,-10.95783478561938,0.0,0.0,0.0,0.0,538
Lunacek,2,2026,6,-0.000273019784017281,0.08819086790530818,0.005280709502843761,0.006764778497554413,0.0,-0.12256938407809953,0.0066632405401174655,0.06557678624067113,0.0017529142727686908,Source-Region,13.486902837087001,12.060788452831988,0.3252668817086863,2.1550838133171624,2.1550838133171624,1.0,0.0,0.0,719
Lunacek,2,2026,6,-0.000273019784017281,0.08819086790530818,0.005280709502843761,0.006764778497554413,0.0,-0.12256938407809953,0.0066632405401174655,0.06557678624067113,0.0017529142727686908,Random-Region,17.352204543571787,15.926090159316773,0.4295100361134345,-1.7102178931676235,0.0,0.0,0.0,0.0,651
Lunacek,2,2026,6,-0.000273019784017281,0.08819086790530818,0.005280709502843761,0.006764778497554413,0.0,-0.12256938407809953,0.0066632405401174655,0.06557678624067113,0.0017529142727686908,Wrong-Source,4.452494066494038,3.026379682239024,0.08161830264730911,11.189492583910127,11.189492583910127,1.0,1.0,1.0,898
Lunacek,2,2026,6,-0.000273019784017281,0.08819086790530818,0.005280709502843761,0.006764778497554413,0.0,-0.12256938407809953,0.0066632405401174655,0.06557678624067113,0.0017529142727686908,Oracle-Target-Region,4.233969447165905,2.8078550629108916,0.07572492164793097,11.40801720323826,11.40801720323826,1.0,1.0,1.0,325
Lunacek,2,2026,6,-0.000273019784017281,0.08819086790530818,0.005280709502843761,0.006764778497554413,0.0,-0.12256938407809953,0.0066632405401174655,0.06557678624067113,0.0017529142727686908,Hard-Filter,19.132142813143403,17.706028428888388,0.477513114257266,-3.4901561627392397,0.0,0.0,0.0,0.0,733
Lunacek,2,777,6,-0.008955977583011254,-0.014929306216464136,0.6374225881541806,-0.0007537237308092859,0.32,-0.14371866419038182,0.020472747317854534,0.09580607049381241,0.0062243708446541035,Target-Only,17.80151733395397,15.954325082273662,0.4481345289165321,-9.676623566961721,0.0,0.0,0.0,0.0,945
Lunacek,2,777,6,-0.008955977583011254,-0.014929306216464136,0.6374225881541806,-0.0007537237308092859,0.32,-0.14371866419038182,0.020472747317854534,0.09580607049381241,0.0062243708446541035,Source-Region,24.31218175829512,22.464989506614813,0.6310099260072844,-16.187287991302874,0.0,0.0,0.0,0.0,593
Lunacek,2,777,6,-0.008955977583011254,-0.014929306216464136,0.6374225881541806,-0.0007537237308092859,0.32,-0.14371866419038182,0.020472747317854534,0.09580607049381241,0.0062243708446541035,Random-Region,21.36405189103363,19.51685963935332,0.5482011088096279,-13.23915812404138,0.0,0.0,0.0,0.0,920
Lunacek,2,777,6,-0.008955977583011254,-0.014929306216464136,0.6374225881541806,-0.0007537237308092859,0.32,-0.14371866419038182,0.020472747317854534,0.09580607049381241,0.0062243708446541035,Wrong-Source,18.34435688571159,16.497164634031282,0.4633821276428766,-10.219463118719341,0.0,0.0,0.0,0.0,787
Lunacek,2,777,6,-0.008955977583011254,-0.014929306216464136,0.6374225881541806,-0.0007537237308092859,0.32,-0.14371866419038182,0.020472747317854534,0.09580607049381241,0.0062243708446541035,Oracle-Target-Region,14.298574838325463,12.451382586645154,0.3497418061278806,-6.173681071333213,0.0,0.0,0.0,0.0,571
Lunacek,2,777,6,-0.008955977583011254,-0.014929306216464136,0.6374225881541806,-0.0007537237308092859,0.32,-0.14371866419038182,0.020472747317854534,0.09580607049381241,0.0062243708446541035,Hard-Filter,30.443988946175722,28.596796694495414,0.8032437567320296,-22.31909517918347,0.0,0.0,0.0,0.0,477
Lunacek,2,999,6,0.007509811907250752,0.1635767318023067,2.0063857975038957e-07,0.023074794804458287,0.0,-0.05609314913260923,-0.0008127395196511067,-0.10968524492261404,0.00802083240867546,Target-Only,6.851668828471257,6.063180850375463,0.15375460070385216,-0.9945018483937611,0.0,0.0,1.0,1.0,289
Lunacek,2,999,6,0.007509811907250752,0.1635767318023067,2.0063857975038957e-07,0.023074794804458287,0.0,-0.05609314913260923,-0.0008127395196511067,-0.10968524492261404,0.00802083240867546,Source-Region,19.642097479437588,18.853609501341793,0.4781037003911322,-13.784930499360092,0.0,0.0,0.0,0.0,315
Lunacek,2,999,6,0.007509811907250752,0.1635767318023067,2.0063857975038957e-07,0.023074794804458287,0.0,-0.05609314913260923,-0.0008127395196511067,-0.10968524492261404,0.00802083240867546,Random-Region,30.588682662460265,29.80019468436447,0.7556952608972204,-24.73151568238277,0.0,0.0,0.0,0.0,655
Lunacek,2,999,6,0.007509811907250752,0.1635767318023067,2.0063857975038957e-07,0.023074794804458287,0.0,-0.05609314913260923,-0.0008127395196511067,-0.10968524492261404,0.00802083240867546,Wrong-Source,30.825830860080156,30.03734288198436,0.761709039363094,-24.96866388000266,0.0,0.0,0.0,0.0,582
Lunacek,2,999,6,0.007509811907250752,0.1635767318023067,2.0063857975038957e-07,0.023074794804458287,0.0,-0.05609314913260923,-0.0008127395196511067,-0.10968524492261404,0.00802083240867546,Oracle-Target-Region,5.766485062985544,4.977997084889751,0.1262357124057691,0.09068191709195172,0.09068191709195172,1.0,1.0,1.0,70
Lunacek,2,999,6,0.007509811907250752,0.1635767318023067,2.0063857975038957e-07,0.023074794804458287,0.0,-0.05609314913260923,-0.0008127395196511067,-0.10968524492261404,0.00802083240867546,Hard-Filter,6.851668828471257,6.063180850375463,0.15375460070385216,-0.9945018483937611,0.0,0.0,1.0,1.0,232
Lunacek,2,1234,6,0.001198113877700524,0.0827051214546048,0.008915789417116349,0.0056861818541431575,0.0,-0.0347199481343411,0.0004722144288396013,-0.029658561374332745,-0.0033563178737111565,Target-Only,23.71607347151083,21.60047986338291,0.5711880911665819,-12.267102864480867,0.0,0.0,0.0,0.0,862
Lunacek,2,1234,6,0.001198113877700524,0.0827051214546048,0.008915789417116349,0.0056861818541431575,0.0,-0.0347199481343411,0.0004722144288396013,-0.029658561374332745,-0.0033563178737111565,Source-Region,33.15567690462968,31.04008329650176,0.8208024099425653,-21.706706297599716,0.0,0.0,0.0,0.0,983
Lunacek,2,1234,6,0.001198113877700524,0.0827051214546048,0.008915789417116349,0.0056861818541431575,0.0,-0.0347199481343411,0.0004722144288396013,-0.029658561374332745,-0.0033563178737111565,Random-Region,23.71607347151083,21.60047986338291,0.5711880911665819,-12.267102864480867,0.0,0.0,0.0,0.0,763
Lunacek,2,1234,6,0.001198113877700524,0.0827051214546048,0.008915789417116349,0.0056861818541431575,0.0,-0.0347199481343411,0.0004722144288396013,-0.029658561374332745,-0.0033563178737111565,Wrong-Source,36.3015977825801,34.18600417445219,0.9039909572620034,-24.85262717555014,0.0,0.0,0.0,0.0,675
Lunacek,2,1234,6,0.001198113877700524,0.0827051214546048,0.008915789417116349,0.0056861818541431575,0.0,-0.0347199481343411,0.0004722144288396013,-0.029658561374332745,-0.0033563178737111565,Oracle-Target-Region,32.93330854233779,30.81771493420987,0.8149222553720801,-21.484337935307828,0.0,0.0,0.0,0.0,399
Lunacek,2,1234,6,0.001198113877700524,0.0827051214546048,0.008915789417116349,0.0056861818541431575,0.0,-0.0347199481343411,0.0004722144288396013,-0.029658561374332745,-0.0033563178737111565,Hard-Filter,8.726229754598297,6.610636146470378,0.17480707214751048,2.7227408524316647,2.7227408524316647,1.0,0.0,1.0,934
Lunacek,2,5678,6,-0.0019116164310313266,0.03126522438311707,0.32354319085460137,-0.0006944363142884491,0.36,0.013611219628698646,-0.0029010203369053134,0.09302617562394,0.007371131974006184,Target-Only,32.10635369565281,29.652002494283238,0.8160886615534978,-13.345753525142765,0.0,0.0,0.0,0.0,500
Lunacek,2,5678,6,-0.0019116164310313266,0.03126522438311707,0.32354319085460137,-0.0006944363142884491,0.36,0.013611219628698646,-0.0029010203369053134,0.09302617562394,0.007371131974006184,Source-Region,25.585070649739283,23.130719448369714,0.6366085352592574,-6.824470479229241,0.0,0.0,0.0,0.0,247
Lunacek,2,5678,6,-0.0019116164310313266,0.03126522438311707,0.32354319085460137,-0.0006944363142884491,0.36,0.013611219628698646,-0.0029010203369053134,0.09302617562394,0.007371131974006184,Random-Region,22.107773874802525,19.653422673432956,0.5409056406089031,-3.3471737042924836,0.0,0.0,0.0,0.0,208
Lunacek,2,5678,6,-0.0019116164310313266,0.03126522438311707,0.32354319085460137,-0.0006944363142884491,0.36,0.013611219628698646,-0.0029010203369053134,0.09302617562394,0.007371131974006184,Wrong-Source,26.264610400363647,23.81025919899408,0.6553109714831298,-7.5040102298536056,0.0,0.0,0.0,0.0,371
Lunacek,2,5678,6,-0.0019116164310313266,0.03126522438311707,0.32354319085460137,-0.0006944363142884491,0.36,0.013611219628698646,-0.0029010203369053134,0.09302617562394,0.007371131974006184,Oracle-Target-Region,20.516151848685304,18.061800647315735,0.49710068378538025,-1.7555516781752623,0.0,0.0,0.0,0.0,745
Lunacek,2,5678,6,-0.0019116164310313266,0.03126522438311707,0.32354319085460137,-0.0006944363142884491,0.36,0.013611219628698646,-0.0029010203369053134,0.09302617562394,0.007371131974006184,Hard-Filter,37.80429527038881,35.349944069019244,0.9729086103658197,-19.04369509987877,0.0,0.0,0.0,0.0,265
Lunacek,2,8888,6,0.009332778914235673,0.03118231974698778,0.3248285108760338,0.0007282532505195061,0.1,-0.04261076389957513,-0.0027934950731069996,0.04050781154073607,-0.0013566857912472585,Target-Only,23.07977444400631,21.243239972997408,0.5711704993041761,-6.499248973679137,0.0,0.0,0.0,0.0,456
Lunacek,2,8888,6,0.009332778914235673,0.03118231974698778,0.3248285108760338,0.0007282532505195061,0.1,-0.04261076389957513,-0.0027934950731069996,0.04050781154073607,-0.0013566857912472585,Source-Region,35.559085846986164,33.72255137597726,0.9067038046790892,-18.97856037665899,0.0,0.0,0.0,0.0,223
Lunacek,2,8888,6,0.009332778914235673,0.03118231974698778,0.3248285108760338,0.0007282532505195061,0.1,-0.04261076389957513,-0.0027934950731069996,0.04050781154073607,-0.0013566857912472585,Random-Region,22.813165574558575,20.97663110354967,0.5640021426281252,-6.2326401042314,0.0,0.0,0.0,0.0,113
Lunacek,2,8888,6,0.009332778914235673,0.03118231974698778,0.3248285108760338,0.0007282532505195061,0.1,-0.04261076389957513,-0.0027934950731069996,0.04050781154073607,-0.0013566857912472585,Wrong-Source,23.07977444400631,21.243239972997408,0.5711704993041761,-6.499248973679137,0.0,0.0,0.0,0.0,201
Lunacek,2,8888,6,0.009332778914235673,0.03118231974698778,0.3248285108760338,0.0007282532505195061,0.1,-0.04261076389957513,-0.0027934950731069996,0.04050781154073607,-0.0013566857912472585,Oracle-Target-Region,35.74638854181174,33.90985407080284,0.9117398431487637,-19.165863071484566,0.0,0.0,0.0,0.0,90
Lunacek,2,8888,6,0.009332778914235673,0.03118231974698778,0.3248285108760338,0.0007282532505195061,0.1,-0.04261076389957513,-0.0027934950731069996,0.04050781154073607,-0.0013566857912472585,Hard-Filter,35.559085846986164,33.72255137597726,0.9067038046790892,-18.97856037665899,0.0,0.0,0.0,0.0,269
Ackley,2,42,6,0.1441815572511479,0.30322251866938943,0.0,0.07822388676486913,0.0,-0.1760845550096071,0.02667960813895176,0.22890902716610148,0.043523867687157214,Target-Only,10.04406801428816,9.239063862353147,0.7846552235105235,-4.060980538979413,0.0,0.0,0.0,0.0,446
Ackley,2,42,6,0.1441815572511479,0.30322251866938943,0.0,0.07822388676486913,0.0,-0.1760845550096071,0.02667960813895176,0.22890902716610148,0.043523867687157214,Source-Region,8.44047940286659,7.635475250931577,0.6484656485644047,-2.4573919275578433,0.0,0.0,0.0,0.0,192
Ackley,2,42,6,0.1441815572511479,0.30322251866938943,0.0,0.07822388676486913,0.0,-0.1760845550096071,0.02667960813895176,0.22890902716610148,0.043523867687157214,Random-Region,8.795150120218574,7.990145968283562,0.6785871235474317,-2.812062644909828,0.0,0.0,0.0,0.0,460
Ackley,2,42,6,0.1441815572511479,0.30322251866938943,0.0,0.07822388676486913,0.0,-0.1760845550096071,0.02667960813895176,0.22890902716610148,0.043523867687157214,Wrong-Source,5.706871327394172,4.901867175459159,0.416305779620315,0.2762161479145746,0.2762161479145746,1.0,0.0,0.0,308
Ackley,2,42,6,0.1441815572511479,0.30322251866938943,0.0,0.07822388676486913,0.0,-0.1760845550096071,0.02667960813895176,0.22890902716610148,0.043523867687157214,Oracle-Target-Region,3.5735760477367653,2.7685718958017524,0.23512927630656988,2.409511427571981,2.409511427571981,1.0,1.0,1.0,161
Ackley,2,42,6,0.1441815572511479,0.30322251866938943,0.0,0.07822388676486913,0.0,-0.1760845550096071,0.02667960813895176,0.22890902716610148,0.043523867687157214,Hard-Filter,9.332030466353698,8.527026314418686,0.7241832980377516,-3.348942991044952,0.0,0.0,0.0,0.0,170
Ackley,2,101,6,0.10012775465818369,0.5021675146614816,0.0,0.22634267672907604,0.0,-0.07290683572098319,0.0031558938706647277,0.011160841443679381,-0.002153812823116108,Target-Only,8.439143688780003,6.699426886629428,0.6084577363072794,-7.324059370799105,0.0,0.0,0.0,0.0,380
Ackley,2,101,6,0.10012775465818369,0.5021675146614816,0.0,0.22634267672907604,0.0,-0.07290683572098319,0.0031558938706647277,0.011160841443679381,-0.002153812823116108,Source-Region,4.0598493905995205,2.320132588448945,0.210719908820535,-2.944765072618622,0.0,0.0,0.0,1.0,188
Ackley,2,101,6,0.10012775465818369,0.5021675146614816,0.0,0.22634267672907604,0.0,-0.07290683572098319,0.0031558938706647277,0.011160841443679381,-0.002153812823116108,Random-Region,10.515165039567925,8.77544823741735,0.7970068873021219,-9.400080721587027,0.0,0.0,0.0,0.0,258
Ackley,2,101,6,0.10012775465818369,0.5021675146614816,0.0,0.22634267672907604,0.0,-0.07290683572098319,0.0031558938706647277,0.011160841443679381,-0.002153812823116108,Wrong-Source,9.78452203992265,8.044805237772074,0.730648168394363,-8.669437721941751,0.0,0.0,0.0,0.0,443
Ackley,2,101,6,0.10012775465818369,0.5021675146614816,0.0,0.22634267672907604,0.0,-0.07290683572098319,0.0031558938706647277,0.011160841443679381,-0.002153812823116108,Oracle-Target-Region,4.0598493905995205,2.320132588448945,0.210719908820535,-2.944765072618622,0.0,0.0,0.0,1.0,111
Ackley,2,101,6,0.10012775465818369,0.5021675146614816,0.0,0.22634267672907604,0.0,-0.07290683572098319,0.0031558938706647277,0.011160841443679381,-0.002153812823116108,Hard-Filter,6.0118739308118485,4.272157128661274,0.3880073772940377,-4.8967896128309505,0.0,0.0,0.0,0.0,159
Ackley,2,2026,6,0.08428540355829228,0.717887301173973,0.0,0.47200839699143915,0.0,0.25210883242921356,0.057382599385689015,0.033089496115394024,-0.0005959384298241943,Target-Only,6.64194679650366,5.48922078589683,0.4944730461683309,-2.411626707742272,0.0,0.0,0.0,0.0,213
Ackley,2,2026,6,0.08428540355829228,0.717887301173973,0.0,0.47200839699143915,0.0,0.25210883242921356,0.057382599385689015,0.033089496115394024,-0.0005959384298241943,Source-Region,4.581139735127682,3.428413724520851,0.3088340301859741,-0.35081964636629337,0.0,0.0,0.0,1.0,110
Ackley,2,2026,6,0.08428540355829228,0.717887301173973,0.0,0.47200839699143915,0.0,0.25210883242921356,0.057382599385689015,0.033089496115394024,-0.0005959384298241943,Random-Region,8.05795936104418,6.905233350437349,0.622028499576202,-3.8276392722827914,0.0,0.0,0.0,0.0,147
Ackley,2,2026,6,0.08428540355829228,0.717887301173973,0.0,0.47200839699143915,0.0,0.25210883242921356,0.057382599385689015,0.033089496115394024,-0.0005959384298241943,Wrong-Source,3.6232931988744395,2.4705671882676086,0.222550509625133,0.6070268898869489,0.6070268898869489,1.0,1.0,1.0,149
Ackley,2,2026,6,0.08428540355829228,0.717887301173973,0.0,0.47200839699143915,0.0,0.25210883242921356,0.057382599385689015,0.033089496115394024,-0.0005959384298241943,Oracle-Target-Region,3.8766146515481847,2.723888640941354,0.24536989242081125,0.3537054372132036,0.3537054372132036,1.0,1.0,1.0,54
Ackley,2,2026,6,0.08428540355829228,0.717887301173973,0.0,0.47200839699143915,0.0,0.25210883242921356,0.057382599385689015,0.033089496115394024,-0.0005959384298241943,Hard-Filter,6.64194679650366,5.48922078589683,0.4944730461683309,-2.411626707742272,0.0,0.0,0.0,0.0,125
Ackley,2,777,6,0.5919123148534047,0.4750620303093742,0.0,0.09150211015857912,0.0,0.3944685421477163,0.062453478942808616,0.21150585557828386,0.01776647565546352,Target-Only,5.710960766727506,5.6383621512070725,0.4489511083064589,2.0846452742360917,2.0846452742360917,1.0,0.0,0.0,117
Ackley,2,777,6,0.5919123148534047,0.4750620303093742,0.0,0.09150211015857912,0.0,0.3944685421477163,0.062453478942808616,0.21150585557828386,0.01776647565546352,Source-Region,5.710960766727506,5.6383621512070725,0.4489511083064589,2.0846452742360917,2.0846452742360917,1.0,0.0,0.0,60
Ackley,2,777,6,0.5919123148534047,0.4750620303093742,0.0,0.09150211015857912,0.0,0.3944685421477163,0.062453478942808616,0.21150585557828386,0.01776647565546352,Random-Region,2.7212962558732987,2.6486976403528644,0.21090091578288353,5.0743097850903,5.0743097850903,1.0,1.0,1.0,10
Ackley,2,777,6,0.5919123148534047,0.4750620303093742,0.0,0.09150211015857912,0.0,0.3944685421477163,0.062453478942808616,0.21150585557828386,0.01776647565546352,Wrong-Source,5.314496448492836,5.241897832972402,0.417382881523205,2.4811095924707622,2.4811095924707622,1.0,0.0,0.0,131
Ackley,2,777,6,0.5919123148534047,0.4750620303093742,0.0,0.09150211015857912,0.0,0.3944685421477163,0.062453478942808616,0.21150585557828386,0.01776647565546352,Oracle-Target-Region,3.13010752432351,3.057508908803076,0.24345226086092184,4.665498516640088,4.665498516640088,1.0,1.0,1.0,24
Ackley,2,777,6,0.5919123148534047,0.4750620303093742,0.0,0.09150211015857912,0.0,0.3944685421477163,0.062453478942808616,0.21150585557828386,0.01776647565546352,Hard-Filter,5.710960766727506,5.6383621512070725,0.4489511083064589,2.0846452742360917,2.0846452742360917,1.0,0.0,0.0,53
Ackley,2,999,6,0.14134516971669542,0.3680083477971137,0.0,0.1151319904782998,0.0,-0.13065650655554084,0.012976046710905464,0.05046859046735335,0.0005167034982503926,Target-Only,5.798482428054172,5.217198819984439,0.453116573473798,-1.226380472468513,0.0,0.0,0.0,0.0,478
Ackley,2,999,6,0.14134516971669542,0.3680083477971137,0.0,0.1151319904782998,0.0,-0.13065650655554084,0.012976046710905464,0.05046859046735335,0.0005167034982503926,Source-Region,7.16848386547923,6.587200257409497,0.5721019482696299,-2.596381909893571,0.0,0.0,0.0,0.0,266
Ackley,2,999,6,0.14134516971669542,0.3680083477971137,0.0,0.1151319904782998,0.0,-0.13065650655554084,0.012976046710905464,0.05046859046735335,0.0005167034982503926,Random-Region,8.16528690621709,7.584003298147358,0.658674838019833,-3.593184950631432,0.0,0.0,0.0,0.0,347
Ackley,2,999,6,0.14134516971669542,0.3680083477971137,0.0,0.1151319904782998,0.0,-0.13065650655554084,0.012976046710905464,0.05046859046735335,0.0005167034982503926,Wrong-Source,4.583360078722308,4.002076470652575,0.34758253226155844,-0.01125812313664909,0.0,0.0,0.0,1.0,189
Ackley,2,999,6,0.14134516971669542,0.3680083477971137,0.0,0.1151319904782998,0.0,-0.13065650655554084,0.012976046710905464,0.05046859046735335,0.0005167034982503926,Oracle-Target-Region,3.9244199018651256,3.343136293795393,0.2903532171896372,0.647682053720533,0.647682053720533,1.0,1.0,1.0,188
Ackley,2,999,6,0.14134516971669542,0.3680083477971137,0.0,0.1151319904782998,0.0,-0.13065650655554084,0.012976046710905464,0.05046859046735335,0.0005167034982503926,Hard-Filter,7.16848386547923,6.587200257409497,0.5721019482696299,-2.596381909893571,0.0,0.0,0.0,0.0,640
Ackley,2,1234,6,0.009409134027650312,0.4018288250071422,0.0,0.15288173226292812,0.0,-0.07199780861337621,0.00467151381984976,0.4292595162542936,0.18741859466413868,Target-Only,7.773345865977136,5.406152923161949,0.5394792943389276,-0.07332021035817426,0.0,0.0,0.0,0.0,698
Ackley,2,1234,6,0.009409134027650312,0.4018288250071422,0.0,0.15288173226292812,0.0,-0.07199780861337621,0.00467151381984976,0.4292595162542936,0.18741859466413868,Source-Region,7.254121684452338,4.886928741637151,0.4876659810579422,0.44590397116662395,0.44590397116662395,1.0,0.0,0.0,402
Ackley,2,1234,6,0.009409134027650312,0.4018288250071422,0.0,0.15288173226292812,0.0,-0.07199780861337621,0.00467151381984976,0.4292595162542936,0.18741859466413868,Random-Region,6.955158243885924,4.587965301070737,0.4578324583584816,0.744867411733038,0.744867411733038,1.0,0.0,0.0,717
Ackley,2,1234,6,0.009409134027650312,0.4018288250071422,0.0,0.15288173226292812,0.0,-0.07199780861337621,0.00467151381984976,0.4292595162542936,0.18741859466413868,Wrong-Source,8.591605388428386,6.224412445613199,0.621133305246914,-0.8915797328094239,0.0,0.0,0.0,0.0,378
Ackley,2,1234,6,0.009409134027650312,0.4018288250071422,0.0,0.15288173226292812,0.0,-0.07199780861337621,0.00467151381984976,0.4292595162542936,0.18741859466413868,Oracle-Target-Region,6.87416905611893,4.506976113303743,0.4497505578857021,0.8258565995000318,0.8258565995000318,1.0,0.0,0.0,338
Ackley,2,1234,6,0.009409134027650312,0.4018288250071422,0.0,0.15288173226292812,0.0,-0.07199780861337621,0.00467151381984976,0.4292595162542936,0.18741859466413868,Hard-Filter,7.254121684452338,4.886928741637151,0.4876659810579422,0.44590397116662395,0.44590397116662395,1.0,0.0,0.0,722
Ackley,2,5678,6,0.3377205182911929,0.21279115413790753,1.081379430445395e-11,0.027537564772520895,0.0,-0.09279211485594481,0.005009533653305809,-0.13349453010344223,0.011221931459831747,Target-Only,6.267684641557903,5.586817408222707,0.4769820104043792,-1.9165883231284582,0.0,0.0,0.0,0.0,149
Ackley,2,5678,6,0.3377205182911929,0.21279115413790753,1.081379430445395e-11,0.027537564772520895,0.0,-0.09279211485594481,0.005009533653305809,-0.13349453010344223,0.011221931459831747,Source-Region,6.365652248502421,5.6847850151672255,0.4853461259106649,-2.0145559300729765,0.0,0.0,0.0,0.0,200
Ackley,2,5678,6,0.3377205182911929,0.21279115413790753,1.081379430445395e-11,0.027537564772520895,0.0,-0.09279211485594481,0.005009533653305809,-0.13349453010344223,0.011221931459831747,Random-Region,5.883049554641303,5.202182321306108,0.44414327528489606,-1.5319532362118586,0.0,0.0,0.0,0.0,28
Ackley,2,5678,6,0.3377205182911929,0.21279115413790753,1.081379430445395e-11,0.027537564772520895,0.0,-0.09279211485594481,0.005009533653305809,-0.13349453010344223,0.011221931459831747,Wrong-Source,4.703933708120456,4.02306647478526,0.3434746824389214,-0.3528373896910111,0.0,0.0,0.0,0.0,202
Ackley,2,5678,6,0.3377205182911929,0.21279115413790753,1.081379430445395e-11,0.027537564772520895,0.0,-0.09279211485594481,0.005009533653305809,-0.13349453010344223,0.011221931459831747,Oracle-Target-Region,3.988397376318851,3.307530142983655,0.28238481084981587,0.3626989421105935,0.3626989421105935,1.0,0.0,1.0,19
Ackley,2,5678,6,0.3377205182911929,0.21279115413790753,1.081379430445395e-11,0.027537564772520895,0.0,-0.09279211485594481,0.005009533653305809,-0.13349453010344223,0.011221931459831747,Hard-Filter,6.267684641557903,5.586817408222707,0.4769820104043792,-1.9165883231284582,0.0,0.0,0.0,0.0,145
Ackley,2,8888,6,0.015390794898685223,0.36850263261396193,0.0,0.13128003120146692,0.0,0.1501678808017143,0.0218347903560413,0.13275996018701458,0.013559180859403885,Target-Only,12.512871707766179,11.49829356669361,0.9690302984007377,-4.208042419065887,0.0,0.0,0.0,0.0,654
Ackley,2,8888,6,0.015390794898685223,0.36850263261396193,0.0,0.13128003120146692,0.0,0.1501678808017143,0.0218347903560413,0.13275996018701458,0.013559180859403885,Source-Region,9.354050949603423,8.339472808530854,0.7028174900285904,-1.0492216609031306,0.0,0.0,0.0,0.0,230
Ackley,2,8888,6,0.015390794898685223,0.36850263261396193,0.0,0.13128003120146692,0.0,0.1501678808017143,0.0218347903560413,0.13275996018701458,0.013559180859403885,Random-Region,11.605207859384056,10.590629718311487,0.8925360112490304,-3.3003785706837636,0.0,0.0,0.0,0.0,333
Ackley,2,8888,6,0.015390794898685223,0.36850263261396193,0.0,0.13128003120146692,0.0,0.1501678808017143,0.0218347903560413,0.13275996018701458,0.013559180859403885,Wrong-Source,11.691015162948387,10.676437021875818,0.8997675083834192,-3.3861858742480955,0.0,0.0,0.0,0.0,328
Ackley,2,8888,6,0.015390794898685223,0.36850263261396193,0.0,0.13128003120146692,0.0,0.1501678808017143,0.0218347903560413,0.13275996018701458,0.013559180859403885,Oracle-Target-Region,7.6325087434479055,6.617930602375337,0.5577327826270858,0.6723205452523864,0.6723205452523864,1.0,0.0,0.0,225
Ackley,2,8888,6,0.015390794898685223,0.36850263261396193,0.0,0.13128003120146692,0.0,0.1501678808017143,0.0218347903560413,0.13275996018701458,0.013559180859403885,Hard-Filter,10.399009541234665,9.384431400162097,0.7908824302731119,-2.0941802525343736,0.0,0.0,0.0,0.0,64
GMM,5,42,12,-0.00511913020880006,0.5930719284455704,4.933174154805538e-96,-0.10568347070193296,1.0,-0.006161700775898386,-0.00028559166080355247,0.054421751503222246,0.00291557491390404,Target-Only,-2.9977140597066746e-11,0.5995072490076232,0.9999999999580178,-0.00028196651808069117,0.0,0.0,0.0,0.0,675
GMM,5,42,12,-0.00511913020880006,0.5930719284455704,4.933174154805538e-96,-0.10568347070193296,1.0,-0.006161700775898386,-0.00028559166080355247,0.054421751503222246,0.00291557491390404,Source-Region,-0.5995072490376003,0.0,0.0,0.5992252824895425,0.5992252824895425,1.0,1.0,1.0,0
GMM,5,42,12,-0.00511913020880006,0.5930719284455704,4.933174154805538e-96,-0.10568347070193296,1.0,-0.006161700775898386,-0.00028559166080355247,0.054421751503222246,0.00291557491390404,Random-Region,-1.1904289957181207e-08,0.5995072371333103,0.9999999801512299,-0.0002819546437678746,0.0,0.0,0.0,0.0,326
GMM,5,42,12,-0.00511913020880006,0.5930719284455704,4.933174154805538e-96,-0.10568347070193296,1.0,-0.006161700775898386,-0.00028559166080355247,0.054421751503222246,0.00291557491390404,Wrong-Source,-0.0288430385188242,0.5706642105187761,0.9518887577080188,0.028561071970766367,0.028561071970766367,1.0,1.0,1.0,745
GMM,5,42,12,-0.00511913020880006,0.5930719284455704,4.933174154805538e-96,-0.10568347070193296,1.0,-0.006161700775898386,-0.00028559166080355247,0.054421751503222246,0.00291557491390404,Oracle-Target-Region,-0.04130481710010497,0.5582024319374954,0.9311020556266248,0.04102285055204714,0.04102285055204714,1.0,1.0,1.0,611
GMM,5,42,12,-0.00511913020880006,0.5930719284455704,4.933174154805538e-96,-0.10568347070193296,1.0,-0.006161700775898386,-0.00028559166080355247,0.054421751503222246,0.00291557491390404,Hard-Filter,-5.823388590314863e-06,0.59950142564901,0.99999028638304,-0.0002761431594675169,0.0,0.0,0.0,0.0,49
GMM,5,101,12,-0.0015642125075201463,0.005874686155899711,0.8528030484530508,-0.00047658438575748363,0.88,-0.004808776524560115,-0.006655929734797894,0.09043690847456475,-0.012324839222160877,Target-Only,-0.0025151942920610447,0.3796344701689275,0.9934183004250381,-0.010755426848802506,0.0,0.0,0.0,1.0,152
GMM,5,101,12,-0.0015642125075201463,0.005874686155899711,0.8528030484530508,-0.00047658438575748363,0.88,-0.004808776524560115,-0.006655929734797894,0.09043690847456475,-0.012324839222160877,Source-Region,-0.0018882575146402223,0.3802614069463483,0.9950588534222994,-0.01138236362622333,0.0,0.0,0.0,1.0,440
GMM,5,101,12,-0.0015642125075201463,0.005874686155899711,0.8528030484530508,-0.00047658438575748363,0.88,-0.004808776524560115,-0.006655929734797894,0.09043690847456475,-0.012324839222160877,Random-Region,-5.954338916983458e-12,0.3821496644550342,1.000000000005245,-0.013270621134909212,0.0,0.0,0.0,0.0,630
GMM,5,101,12,-0.0015642125075201463,0.005874686155899711,0.8528030484530508,-0.00047658438575748363,0.88,-0.004808776524560115,-0.006655929734797894,0.09043690847456475,-0.012324839222160877,Wrong-Source,-0.12549370539991545,0.2566559590610731,0.6716111066810023,0.11222308425905189,0.11222308425905189,1.0,1.0,1.0,25
GMM,5,101,12,-0.0015642125075201463,0.005874686155899711,0.8528030484530508,-0.00047658438575748363,0.88,-0.004808776524560115,-0.006655929734797894,0.09043690847456475,-0.012324839222160877,Oracle-Target-Region,-0.3245478763253176,0.057601788135670906,0.1507309661467746,0.3112772551844541,0.3112772551844541,1.0,1.0,1.0,739
GMM,5,101,12,-0.0015642125075201463,0.005874686155899711,0.8528030484530508,-0.00047658438575748363,0.88,-0.004808776524560115,-0.006655929734797894,0.09043690847456475,-0.012324839222160877,Hard-Filter,-7.48792464296311e-05,0.3820747852145589,0.9998040578196553,-0.01319574189443392,0.0,0.0,0.0,0.0,161
GMM,5,2026,12,-0.0036172418867437273,-0.004526183662023845,0.8863279236234797,-0.0065081659275703085,0.88,0.0,0.0,0.3502166123050609,-0.0031123287313052916,Target-Only,-8.599055717587252e-09,0.2994756253468704,0.9999999713024883,-0.002352550321199573,0.0,0.0,0.0,0.0,681
GMM,5,2026,12,-0.0036172418867437273,-0.004526183662023845,0.8863279236234797,-0.0065081659275703085,0.88,0.0,0.0,0.3502166123050609,-0.0031123287313052916,Source-Region,-1.5466526442866602e-05,0.2994601674194833,0.9999483546578094,-0.002337092393812424,0.0,0.0,0.0,0.0,62
GMM,5,2026,12,-0.0036172418867437273,-0.004526183662023845,0.8863279236234797,-0.0065081659275703085,0.88,0.0,0.0,0.3502166123050609,-0.0031123287313052916,Random-Region,-8.599055717587252e-09,0.2994756253468704,0.9999999713024883,-0.002352550321199573,0.0,0.0,0.0,0.0,681
GMM,5,2026,12,-0.0036172418867437273,-0.004526183662023845,0.8863279236234797,-0.0065081659275703085,0.88,0.0,0.0,0.3502166123050609,-0.0031123287313052916,Wrong-Source,-0.27386336295158553,0.025612270994340602,0.0855237224387344,0.27151080403133027,0.27151080403133027,1.0,1.0,1.0,21
GMM,5,2026,12,-0.0036172418867437273,-0.004526183662023845,0.8863279236234797,-0.0065081659275703085,0.88,0.0,0.0,0.3502166123050609,-0.0031123287313052916,Oracle-Target-Region,-0.19311186986127848,0.10636376408464765,0.3551666714413752,0.1907593109410232,0.1907593109410232,1.0,1.0,1.0,407
GMM,5,2026,12,-0.0036172418867437273,-0.004526183662023845,0.8863279236234797,-0.0065081659275703085,0.88,0.0,0.0,0.3502166123050609,-0.0031123287313052916,Hard-Filter,-1.5466526442866602e-05,0.2994601674194833,0.9999483546578094,-0.002337092393812424,0.0,0.0,0.0,0.0,682
GMM,5,777,12,-0.0021247645711830465,-0.007391301865174679,0.8155072633264411,-9.380155216009989e-05,0.4,0.0,0.0,-0.004461999268402655,-3.116744648012926e-05,Target-Only,-0.0004569515287657079,0.298354699998828,0.9984707707202995,-0.1886290937243701,0.0,0.0,0.0,0.0,487
GMM,5,777,12,-0.0021247645711830465,-0.007391301865174679,0.8155072633264411,-9.380155216009989e-05,0.4,0.0,0.0,-0.004461999268402655,-3.116744648012926e-05,Source-Region,-3.1209789804877393e-10,0.2988116512154958,0.999999998962689,-0.1890860449410379,0.0,0.0,0.0,0.0,75
GMM,5,777,12,-0.0021247645711830465,-0.007391301865174679,0.8155072633264411,-9.380155216009989e-05,0.4,0.0,0.0,-0.004461999268402655,-3.116744648012926e-05,Random-Region,-0.0004569515287657079,0.298354699998828,0.9984707707202995,-0.1886290937243701,0.0,0.0,0.0,0.0,487
GMM,5,777,12,-0.0021247645711830465,-0.007391301865174679,0.8155072633264411,-9.380155216009989e-05,0.4,0.0,0.0,-0.004461999268402655,-3.116744648012926e-05,Wrong-Source,-3.9008695941309306e-11,0.298811651488585,0.9999999998766066,-0.1890860452141271,0.0,0.0,0.0,0.0,700
GMM,5,777,12,-0.0021247645711830465,-0.007391301865174679,0.8155072633264411,-9.380155216009989e-05,0.4,0.0,0.0,-0.004461999268402655,-3.116744648012926e-05,Oracle-Target-Region,-2.7564627859914305e-07,0.2988113758813151,0.9999990775321514,-0.1890857696068572,0.0,0.0,0.0,0.0,594
GMM,5,777,12,-0.0021247645711830465,-0.007391301865174679,0.8155072633264411,-9.380155216009989e-05,0.4,0.0,0.0,-0.004461999268402655,-3.116744648012926e-05,Hard-Filter,-0.005859560122693917,0.2929520914048998,0.9803904563605766,-0.18322648513044187,0.0,0.0,0.0,1.0,490
GMM,5,999,12,0.009620231421599401,-0.0009575993591271365,0.9758844845790722,-0.0009656547943356353,0.84,-0.023751002815991226,0.0007462903995808512,-5.9110064361313115e-05,-0.0008730307980486796,Target-Only,-0.0010883673945941874,0.5568221470991958,0.998049207961951,-0.05058429262742343,0.0,0.0,0.0,0.0,85
GMM,5,999,12,0.009620231421599401,-0.0009575993591271365,0.9758844845790722,-0.0009656547943356353,0.84,-0.023751002815991226,0.0007462903995808512,-5.9110064361313115e-05,-0.0008730307980486796,Source-Region,-0.00010910074945320853,0.5578014137443367,0.9998044475921597,-0.05156355927256441,0.0,0.0,0.0,0.0,289
GMM,5,999,12,0.009620231421599401,-0.0009575993591271365,0.9758844845790722,-0.0009656547943356353,0.84,-0.023751002815991226,0.0007462903995808512,-5.9110064361313115e-05,-0.0008730307980486796,Random-Region,-0.0010883673945941874,0.5568221470991958,0.998049207961951,-0.05058429262742343,0.0,0.0,0.0,0.0,85
GMM,5,999,12,0.009620231421599401,-0.0009575993591271365,0.9758844845790722,-0.0009656547943356353,0.84,-0.023751002815991226,0.0007462903995808512,-5.9110064361313115e-05,-0.0008730307980486796,Wrong-Source,-0.000795892814191273,0.5571146216795987,0.9985734400257092,-0.05087676720782634,0.0,0.0,0.0,0.0,256
GMM,5,999,12,0.009620231421599401,-0.0009575993591271365,0.9758844845790722,-0.0009656547943356353,0.84,-0.023751002815991226,0.0007462903995808512,-5.9110064361313115e-05,-0.0008730307980486796,Oracle-Target-Region,-0.026352282564384884,0.531558231929405,0.9527661123512878,-0.025320377457632735,0.0,0.0,1.0,1.0,14
GMM,5,999,12,0.009620231421599401,-0.0009575993591271365,0.9758844845790722,-0.0009656547943356353,0.84,-0.023751002815991226,0.0007462903995808512,-5.9110064361313115e-05,-0.0008730307980486796,Hard-Filter,-0.002017807366186217,0.5558927071276037,0.9963832777680316,-0.0496548526558314,0.0,0.0,0.0,0.0,86
GMM,5,1234,12,0.0,-0.0021133766181545975,0.9467828587247418,0.0,1.0,-0.0026842910326024517,6.244567623658881e-06,-0.0026505413975668373,-6.615779719809645e-05,Target-Only,-9.22552129009892e-10,0.5438872761697419,0.9999999983049351,-0.0021177489366692678,0.0,0.0,0.0,0.0,31
GMM,5,1234,12,0.0,-0.0021133766181545975,0.9467828587247418,0.0,1.0,-0.0026842910326024517,6.244567623658881e-06,-0.0026505413975668373,-6.615779719809645e-05,Source-Region,-9.22552129009892e-10,0.5438872761697419,0.9999999983049351,-0.0021177489366692678,0.0,0.0,0.0,0.0,31
GMM,5,1234,12,0.0,-0.0021133766181545975,0.9467828587247418,0.0,1.0,-0.0026842910326024517,6.244567623658881e-06,-0.0026505413975668373,-6.615779719809645e-05,Random-Region,-5.889232131863616e-14,0.5438872770922352,1.0000000000010463,-0.0021177498591625045,0.0,0.0,0.0,0.0,284
GMM,5,1234,12,0.0,-0.0021133766181545975,0.9467828587247418,0.0,1.0,-0.0026842910326024517,6.244567623658881e-06,-0.0026505413975668373,-6.615779719809645e-05,Wrong-Source,-3.7618697260195434e-05,0.5438496583950339,0.999930833652088,-0.002080131161961201,0.0,0.0,0.0,0.0,231
GMM,5,1234,12,0.0,-0.0021133766181545975,0.9467828587247418,0.0,1.0,-0.0026842910326024517,6.244567623658881e-06,-0.0026505413975668373,-6.615779719809645e-05,Oracle-Target-Region,-0.543887277092294,0.0,0.0,0.5417695272330726,0.5417695272330726,1.0,1.0,1.0,0
GMM,5,1234,12,0.0,-0.0021133766181545975,0.9467828587247418,0.0,1.0,-0.0026842910326024517,6.244567623658881e-06,-0.0026505413975668373,-6.615779719809645e-05,Hard-Filter,-9.22552129009892e-10,0.5438872761697419,0.9999999983049351,-0.0021177489366692678,0.0,0.0,0.0,0.0,31
GMM,5,5678,12,-0.0013310868240588025,-0.004087901853769181,0.8973220953044829,-0.000143065228251249,0.5,0.0,0.0,0.047573753377138,0.001068726263813824,Target-Only,-8.01911646625032e-07,0.3560804550870404,0.999997747957402,-0.0623940593620139,0.0,0.0,0.0,0.0,586
GMM,5,5678,12,-0.0013310868240588025,-0.004087901853769181,0.8973220953044829,-0.000143065228251249,0.5,0.0,0.0,0.047573753377138,0.001068726263813824,Source-Region,-8.01911646625032e-07,0.3560804550870404,0.999997747957402,-0.0623940593620139,0.0,0.0,0.0,0.0,586
GMM,5,5678,12,-0.0013310868240588025,-0.004087901853769181,0.8973220953044829,-0.000143065228251249,0.5,0.0,0.0,0.047573753377138,0.001068726263813824,Random-Region,-8.01911646625032e-07,0.3560804550870404,0.999997747957402,-0.0623940593620139,0.0,0.0,0.0,0.0,586
GMM,5,5678,12,-0.0013310868240588025,-0.004087901853769181,0.8973220953044829,-0.000143065228251249,0.5,0.0,0.0,0.047573753377138,0.001068726263813824,Wrong-Source,-7.474740320237776e-05,0.35600650959548463,0.9997900833019261,-0.062320113870458146,0.0,0.0,0.0,0.0,436
GMM,5,5678,12,-0.0013310868240588025,-0.004087901853769181,0.8973220953044829,-0.000143065228251249,0.5,0.0,0.0,0.047573753377138,0.001068726263813824,Oracle-Target-Region,-0.004413126121674572,0.3516681308770125,0.9876064071515516,-0.05798173515198596,0.0,0.0,0.0,1.0,867
GMM,5,5678,12,-0.0013310868240588025,-0.004087901853769181,0.8973220953044829,-0.000143065228251249,0.5,0.0,0.0,0.047573753377138,0.001068726263813824,Hard-Filter,-8.01911646625032e-07,0.3560804550870404,0.999997747957402,-0.0623940593620139,0.0,0.0,0.0,0.0,586
GMM,5,8888,12,-0.004809178697115168,0.07833225905632238,0.013219765549747466,-0.010020906465420865,0.94,0.007139636237471652,-0.0045526036338505715,-0.002440855103332972,-0.00018422073595392163,Target-Only,-2.38646270548973e-06,0.42649004155821313,0.9999944044455844,-0.0003405956548712068,0.0,0.0,0.0,0.0,659
GMM,5,8888,12,-0.004809178697115168,0.07833225905632238,0.013219765549747466,-0.010020906465420865,0.94,0.007139636237471652,-0.0045526036338505715,-0.002440855103332972,-0.00018422073595392163,Source-Region,-0.0013559171271341486,0.42513651089378446,0.9968207709283069,0.001012935009557452,0.001012935009557452,1.0,0.0,1.0,135
GMM,5,8888,12,-0.004809178697115168,0.07833225905632238,0.013219765549747466,-0.010020906465420865,0.94,0.007139636237471652,-0.0045526036338505715,-0.002440855103332972,-0.00018422073595392163,Random-Region,-0.0005997980637954069,0.42589262995712324,0.9985936489764576,0.00025681594621871035,0.00025681594621871035,1.0,0.0,0.0,874
GMM,5,8888,12,-0.004809178697115168,0.07833225905632238,0.013219765549747466,-0.010020906465420865,0.94,0.007139636237471652,-0.0045526036338505715,-0.002440855103332972,-0.00018422073595392163,Wrong-Source,-0.000773936490098855,0.42571849153081975,0.9981853453000898,0.0004309543725221584,0.0004309543725221584,1.0,0.0,0.0,29
GMM,5,8888,12,-0.004809178697115168,0.07833225905632238,0.013219765549747466,-0.010020906465420865,0.94,0.007139636237471652,-0.0045526036338505715,-0.002440855103332972,-0.00018422073595392163,Oracle-Target-Region,-0.07598178515827687,0.3505106428626418,0.8218449375292722,0.07563880304070018,0.07563880304070018,1.0,1.0,1.0,596
GMM,5,8888,12,-0.004809178697115168,0.07833225905632238,0.013219765549747466,-0.010020906465420865,0.94,0.007139636237471652,-0.0045526036338505715,-0.002440855103332972,-0.00018422073595392163,Hard-Filter,-0.0007458026719168833,0.42574662534900176,0.9982513108749363,0.00040282055434018673,0.00040282055434018673,1.0,0.0,0.0,669
Rastrigin,5,42,12,0.021721054182275323,0.07466776665561034,0.01825710542758574,-0.0145291556178605,0.78,-0.019343132574474252,-0.7097383210011298,-0.0138979230760635,-2.8762750397426373e-05,Target-Only,58.78141743097636,32.91253686442089,0.33769870443155603,-18.25597681664736,0.0,0.0,0.0,1.0,9
Rastrigin,5,42,12,0.021721054182275323,0.07466776665561034,0.01825710542758574,-0.0145291556178605,0.78,-0.019343132574474252,-0.7097383210011298,-0.0138979230760635,-2.8762750397426373e-05,Source-Region,77.6183895945531,51.749509027997625,0.53097523979124,-37.092948980224094,0.0,0.0,0.0,0.0,38
Rastrigin,5,42,12,0.021721054182275323,0.07466776665561034,0.01825710542758574,-0.0145291556178605,0.78,-0.019343132574474252,-0.7097383210011298,-0.0138979230760635,-2.8762750397426373e-05,Random-Region,101.14476824426137,75.2758876777059,0.7723673762497705,-60.61932762993237,0.0,0.0,0.0,0.0,195
Rastrigin,5,42,12,0.021721054182275323,0.07466776665561034,0.01825710542758574,-0.0145291556178605,0.78,-0.019343132574474252,-0.7097383210011298,-0.0138979230760635,-2.8762750397426373e-05,Wrong-Source,82.83645980934796,56.96757924279249,0.5845151889731586,-42.31101919501896,0.0,0.0,0.0,0.0,72
Rastrigin,5,42,12,0.021721054182275323,0.07466776665561034,0.01825710542758574,-0.0145291556178605,0.78,-0.019343132574474252,-0.7097383210011298,-0.0138979230760635,-2.8762750397426373e-05,Oracle-Target-Region,58.78141743097636,32.91253686442089,0.33769870443155603,-18.25597681664736,0.0,0.0,0.0,1.0,10
Rastrigin,5,42,12,0.021721054182275323,0.07466776665561034,0.01825710542758574,-0.0145291556178605,0.78,-0.019343132574474252,-0.7097383210011298,-0.0138979230760635,-2.8762750397426373e-05,Hard-Filter,31.243050691947264,5.374170125391796,0.05514161051199525,9.282389922381736,9.282389922381736,1.0,1.0,1.0,16
Rastrigin,5,101,12,0.03344093884528632,0.03543536215966697,0.2631600536854479,0.0007275184104668098,0.06,-0.02541668353806932,0.0005734202568737912,0.05099276460479187,-0.0004647482680293358,Target-Only,74.18426335117593,57.280062008573665,0.5216392158927077,-19.673385909168914,0.0,0.0,0.0,0.0,302
Rastrigin,5,101,12,0.03344093884528632,0.03543536215966697,0.2631600536854479,0.0007275184104668098,0.06,-0.02541668353806932,0.0005734202568737912,0.05099276460479187,-0.0004647482680293358,Source-Region,55.08833306514856,38.1841317225463,0.34773601551464006,-0.577455623141546,0.0,0.0,0.0,1.0,496
Rastrigin,5,101,12,0.03344093884528632,0.03543536215966697,0.2631600536854479,0.0007275184104668098,0.06,-0.02541668353806932,0.0005734202568737912,0.05099276460479187,-0.0004647482680293358,Random-Region,74.18426335117593,57.280062008573665,0.5216392158927077,-19.673385909168914,0.0,0.0,0.0,0.0,302
Rastrigin,5,101,12,0.03344093884528632,0.03543536215966697,0.2631600536854479,0.0007275184104668098,0.06,-0.02541668353806932,0.0005734202568737912,0.05099276460479187,-0.0004647482680293358,Wrong-Source,99.25955461318918,82.35535327058692,0.749995380560267,-44.748677171182166,0.0,0.0,0.0,0.0,138
Rastrigin,5,101,12,0.03344093884528632,0.03543536215966697,0.2631600536854479,0.0007275184104668098,0.06,-0.02541668353806932,0.0005734202568737912,0.05099276460479187,-0.0004647482680293358,Oracle-Target-Region,55.663025095818234,38.75882375321597,0.3529696324093537,-1.1521476538112196,0.0,0.0,0.0,1.0,100
Rastrigin,5,101,12,0.03344093884528632,0.03543536215966697,0.2631600536854479,0.0007275184104668098,0.06,-0.02541668353806932,0.0005734202568737912,0.05099276460479187,-0.0004647482680293358,Hard-Filter,81.67730153166607,64.77310018906381,0.5898769660637874,-27.16642408965906,0.0,0.0,0.0,0.0,305
Rastrigin,5,2026,12,0.017354684221594807,0.09397427861760252,0.0029480429796042706,0.008669222809177368,0.02,-0.015607587800817611,0.0,0.023226513047241937,-0.0022933030996745707,Target-Only,66.914911541125,43.351768976483704,0.40189016922127474,-22.661040324415417,0.0,0.0,0.0,0.0,32
Rastrigin,5,2026,12,0.017354684221594807,0.09397427861760252,0.0029480429796042706,0.008669222809177368,0.02,-0.015607587800817611,0.0,0.023226513047241937,-0.0022933030996745707,Source-Region,96.8588606634103,73.29571809876902,0.6794838883250203,-52.60498944670072,0.0,0.0,0.0,0.0,151
Rastrigin,5,2026,12,0.017354684221594807,0.09397427861760252,0.0029480429796042706,0.008669222809177368,0.02,-0.015607587800817611,0.0,0.023226513047241937,-0.0022933030996745707,Random-Region,66.914911541125,43.351768976483704,0.40189016922127474,-22.661040324415417,0.0,0.0,0.0,0.0,32
Rastrigin,5,2026,12,0.017354684221594807,0.09397427861760252,0.0029480429796042706,0.008669222809177368,0.02,-0.015607587800817611,0.0,0.023226513047241937,-0.0022933030996745707,Wrong-Source,66.914911541125,43.351768976483704,0.40189016922127474,-22.661040324415417,0.0,0.0,0.0,0.0,32
Rastrigin,5,2026,12,0.017354684221594807,0.09397427861760252,0.0029480429796042706,0.008669222809177368,0.02,-0.015607587800817611,0.0,0.023226513047241937,-0.0022933030996745707,Oracle-Target-Region,47.089820715193085,23.526678150551795,0.21810276457850422,-2.835949498483508,0.0,0.0,1.0,1.0,8
Rastrigin,5,2026,12,0.017354684221594807,0.09397427861760252,0.0029480429796042706,0.008669222809177368,0.02,-0.015607587800817611,0.0,0.023226513047241937,-0.0022933030996745707,Hard-Filter,46.08522931362632,22.522086748985032,0.2087897557231352,-1.8313580969167447,0.0,0.0,1.0,1.0,39
Rastrigin,5,777,12,0.0007207321983789816,0.12830431927566485,4.7611426470473006e-05,-0.0436104967120311,1.0,0.04046215352413864,0.00014847063846346042,0.07810101185416851,-0.024500518227456136,Target-Only,120.0069431312385,88.45943894748379,0.928945349476472,-70.88182172424378,0.0,0.0,0.0,0.0,457
Rastrigin,5,777,12,0.0007207321983789816,0.12830431927566485,4.7611426470473006e-05,-0.0436104967120311,1.0,0.04046215352413864,0.00014847063846346042,0.07810101185416851,-0.024500518227456136,Source-Region,69.65338273262857,38.10587854887387,0.4001639518277606,-20.52826132563385,0.0,0.0,0.0,0.0,286
Rastrigin,5,777,12,0.0007207321983789816,0.12830431927566485,4.7611426470473006e-05,-0.0436104967120311,1.0,0.04046215352413864,0.00014847063846346042,0.07810101185416851,-0.024500518227456136,Random-Region,53.18809064071671,21.640586456962005,0.22725581790172772,-4.0629692337219865,0.0,0.0,1.0,1.0,101
Rastrigin,5,777,12,0.0007207321983789816,0.12830431927566485,4.7611426470473006e-05,-0.0436104967120311,1.0,0.04046215352413864,0.00014847063846346042,0.07810101185416851,-0.024500518227456136,Wrong-Source,98.3867093837345,66.8392051999798,0.7019032629190217,-49.261587976739776,0.0,0.0,0.0,0.0,407
Rastrigin,5,777,12,0.0007207321983789816,0.12830431927566485,4.7611426470473006e-05,-0.0436104967120311,1.0,0.04046215352413864,0.00014847063846346042,0.07810101185416851,-0.024500518227456136,Oracle-Target-Region,70.10152414306143,38.55401995930672,0.4048700508498963,-20.976402736066703,0.0,0.0,0.0,0.0,137
Rastrigin,5,777,12,0.0007207321983789816,0.12830431927566485,4.7611426470473006e-05,-0.0436104967120311,1.0,0.04046215352413864,0.00014847063846346042,0.07810101185416851,-0.024500518227456136,Hard-Filter,56.221590474345064,24.67408629059036,0.259111723801828,-7.096469067350341,0.0,0.0,1.0,1.0,482
Rastrigin,5,999,12,0.040463793802879344,0.04218752773921767,0.18274739477186897,-0.7304472269570057,0.94,0.025115440116298182,-0.2627042274613447,-0.005751742866525144,0.0,Target-Only,65.52231796533121,40.32915077182158,0.3876741854227859,12.01745060832431,12.01745060832431,1.0,0.0,0.0,301
Rastrigin,5,999,12,0.040463793802879344,0.04218752773921767,0.18274739477186897,-0.7304472269570057,0.94,0.025115440116298182,-0.2627042274613447,-0.005751742866525144,0.0,Source-Region,55.090230189625785,29.897062996116155,0.28739309709569505,22.449538384029736,22.449538384029736,1.0,0.0,1.0,209
Rastrigin,5,999,12,0.040463793802879344,0.04218752773921767,0.18274739477186897,-0.7304472269570057,0.94,0.025115440116298182,-0.2627042274613447,-0.005751742866525144,0.0,Random-Region,69.99652049393059,44.80335330042096,0.43068359146024876,7.543248079724933,7.543248079724933,1.0,0.0,0.0,86
Rastrigin,5,999,12,0.040463793802879344,0.04218752773921767,0.18274739477186897,-0.7304472269570057,0.94,0.025115440116298182,-0.2627042274613447,-0.005751742866525144,0.0,Wrong-Source,65.52231796533121,40.32915077182158,0.3876741854227859,12.01745060832431,12.01745060832431,1.0,0.0,0.0,301
Rastrigin,5,999,12,0.040463793802879344,0.04218752773921767,0.18274739477186897,-0.7304472269570057,0.94,0.025115440116298182,-0.2627042274613447,-0.005751742866525144,0.0,Oracle-Target-Region,65.52231796533121,40.32915077182158,0.3876741854227859,12.01745060832431,12.01745060832431,1.0,0.0,0.0,91
Rastrigin,5,999,12,0.040463793802879344,0.04218752773921767,0.18274739477186897,-0.7304472269570057,0.94,0.025115440116298182,-0.2627042274613447,-0.005751742866525144,0.0,Hard-Filter,63.1149462003662,37.92177900685657,0.36453271405203946,14.424822373289324,14.424822373289324,1.0,0.0,0.0,301
Rastrigin,5,1234,12,0.12113906275584807,-0.01373972569614225,0.6644716233073975,-0.006468294353254245,0.9,-0.01052173808513172,-0.0035594138702763622,0.06116911644577294,0.0,Target-Only,73.62053202822476,48.35012032304734,0.47120798896687016,-2.994824919521065,0.0,0.0,0.0,0.0,480
Rastrigin,5,1234,12,0.12113906275584807,-0.01373972569614225,0.6644716233073975,-0.006468294353254245,0.9,-0.01052173808513172,-0.0035594138702763622,0.06116911644577294,0.0,Source-Region,67.47913247173179,42.20872076655437,0.4113554691567459,3.1465746369719056,3.1465746369719056,1.0,0.0,0.0,231
Rastrigin,5,1234,12,0.12113906275584807,-0.01373972569614225,0.6644716233073975,-0.006468294353254245,0.9,-0.01052173808513172,-0.0035594138702763622,0.06116911644577294,0.0,Random-Region,106.38232746883153,81.11191576365411,0.790496123957375,-35.75662036012784,0.0,0.0,0.0,0.0,393
Rastrigin,5,1234,12,0.12113906275584807,-0.01373972569614225,0.6644716233073975,-0.006468294353254245,0.9,-0.01052173808513172,-0.0035594138702763622,0.06116911644577294,0.0,Wrong-Source,73.62053202822476,48.35012032304734,0.47120798896687016,-2.994824919521065,0.0,0.0,0.0,0.0,480
Rastrigin,5,1234,12,0.12113906275584807,-0.01373972569614225,0.6644716233073975,-0.006468294353254245,0.9,-0.01052173808513172,-0.0035594138702763622,0.06116911644577294,0.0,Oracle-Target-Region,61.235924347856496,35.96551264267908,0.3505107489141244,9.389782760847197,9.389782760847197,1.0,0.0,0.0,205
Rastrigin,5,1234,12,0.12113906275584807,-0.01373972569614225,0.6644716233073975,-0.006468294353254245,0.9,-0.01052173808513172,-0.0035594138702763622,0.06116911644577294,0.0,Hard-Filter,77.46278151970786,52.192369814530444,0.508653576359291,-6.837074411004167,0.0,0.0,0.0,0.0,482
Rastrigin,5,5678,12,0.008702413401460274,0.11208197857187456,0.00038622068157523337,0.012228894530498802,0.0,0.08934832451076494,0.007325555889895696,0.07472776217517677,0.003989696991908098,Target-Only,118.49187733795699,96.69483726133782,0.9244066026907023,-50.98127107539294,0.0,0.0,0.0,0.0,166
Rastrigin,5,5678,12,0.008702413401460274,0.11208197857187456,0.00038622068157523337,0.012228894530498802,0.0,0.08934832451076494,0.007325555889895696,0.07472776217517677,0.003989696991908098,Source-Region,103.8959362117792,82.09889613516003,0.7848688079989649,-36.38532994921515,0.0,0.0,0.0,0.0,279
Rastrigin,5,5678,12,0.008702413401460274,0.11208197857187456,0.00038622068157523337,0.012228894530498802,0.0,0.08934832451076494,0.007325555889895696,0.07472776217517677,0.003989696991908098,Random-Region,112.32930473297321,90.53226465635404,0.8654921563049943,-44.81869847040916,0.0,0.0,0.0,0.0,524
Rastrigin,5,5678,12,0.008702413401460274,0.11208197857187456,0.00038622068157523337,0.012228894530498802,0.0,0.08934832451076494,0.007325555889895696,0.07472776217517677,0.003989696991908098,Wrong-Source,102.6484405866088,80.85140050998965,0.7729426987526302,-35.137834324044746,0.0,0.0,0.0,0.0,64
Rastrigin,5,5678,12,0.008702413401460274,0.11208197857187456,0.00038622068157523337,0.012228894530498802,0.0,0.08934832451076494,0.007325555889895696,0.07472776217517677,0.003989696991908098,Oracle-Target-Region,66.11445081618426,44.3174107395651,0.42367626092680816,1.3961554463797938,1.3961554463797938,1.0,0.0,0.0,15
Rastrigin,5,5678,12,0.008702413401460274,0.11208197857187456,0.00038622068157523337,0.012228894530498802,0.0,0.08934832451076494,0.007325555889895696,0.07472776217517677,0.003989696991908098,Hard-Filter,103.8959362117792,82.09889613516003,0.7848688079989649,-36.38532994921515,0.0,0.0,0.0,0.0,181
Rastrigin,5,8888,12,0.0,0.0,1.0,0.0,1.0,0.0,0.0,-0.018853866009506625,-0.07613766474366324,Target-Only,117.50151536226177,91.41472942762306,0.9164423991025263,-74.94217230769812,0.0,0.0,0.0,0.0,156
Rastrigin,5,8888,12,0.0,0.0,1.0,0.0,1.0,0.0,0.0,-0.018853866009506625,-0.07613766474366324,Source-Region,117.50151536226177,91.41472942762306,0.9164423991025263,-74.94217230769812,0.0,0.0,0.0,0.0,156
Rastrigin,5,8888,12,0.0,0.0,1.0,0.0,1.0,0.0,0.0,-0.018853866009506625,-0.07613766474366324,Random-Region,117.50151536226177,91.41472942762306,0.9164423991025263,-74.94217230769812,0.0,0.0,0.0,0.0,156
Rastrigin,5,8888,12,0.0,0.0,1.0,0.0,1.0,0.0,0.0,-0.018853866009506625,-0.07613766474366324,Wrong-Source,131.89410202896383,105.8073160943251,1.0607296133918442,-89.33475897440016,0.0,0.0,0.0,0.0,344
Rastrigin,5,8888,12,0.0,0.0,1.0,0.0,1.0,0.0,0.0,-0.018853866009506625,-0.07613766474366324,Oracle-Target-Region,80.96814482717937,54.88135889254065,0.5501914683159228,-38.40880177261571,0.0,0.0,0.0,0.0,24
Rastrigin,5,8888,12,0.0,0.0,1.0,0.0,1.0,0.0,0.0,-0.018853866009506625,-0.07613766474366324,Hard-Filter,117.50151536226177,91.41472942762306,0.9164423991025263,-74.94217230769812,0.0,0.0,0.0,0.0,156
Lunacek,5,42,12,0.09099243302606519,0.0824522282107434,0.00912747992634766,0.006025197496452361,0.0,-0.027480958625449935,-0.035833736116596904,0.031271354165335837,0.0,Target-Only,87.94541804334175,72.36188974898229,0.8486052982681822,-23.47790608901252,0.0,0.0,0.0,0.0,335
Lunacek,5,42,12,0.09099243302606519,0.0824522282107434,0.00912747992634766,0.006025197496452361,0.0,-0.027480958625449935,-0.035833736116596904,0.031271354165335837,0.0,Source-Region,73.58932896610705,58.005800671747586,0.6802479862132867,-9.121817011777821,0.0,0.0,0.0,0.0,197
Lunacek,5,42,12,0.09099243302606519,0.0824522282107434,0.00912747992634766,0.006025197496452361,0.0,-0.027480958625449935,-0.035833736116596904,0.031271354165335837,0.0,Random-Region,82.35087727824168,66.76734898388223,0.7829967721350182,-17.883365323912457,0.0,0.0,0.0,0.0,69
Lunacek,5,42,12,0.09099243302606519,0.0824522282107434,0.00912747992634766,0.006025197496452361,0.0,-0.027480958625449935,-0.035833736116596904,0.031271354165335837,0.0,Wrong-Source,87.94541804334175,72.36188974898229,0.8486052982681822,-23.47790608901252,0.0,0.0,0.0,0.0,335
Lunacek,5,42,12,0.09099243302606519,0.0824522282107434,0.00912747992634766,0.006025197496452361,0.0,-0.027480958625449935,-0.035833736116596904,0.031271354165335837,0.0,Oracle-Target-Region,72.27279401128334,56.68926571692388,0.6648086639140184,-7.805282056954113,0.0,0.0,0.0,0.0,131
Lunacek,5,42,12,0.09099243302606519,0.0824522282107434,0.00912747992634766,0.006025197496452361,0.0,-0.027480958625449935,-0.035833736116596904,0.031271354165335837,0.0,Hard-Filter,90.11966218074318,74.53613388638372,0.8741031825982876,-25.65215022641395,0.0,0.0,0.0,0.0,340
Lunacek,5,101,12,-0.0015612158006268473,0.0067765959872419625,0.8306079570528411,-0.00495377102467387,0.22,0.03192857693089067,0.0007269969128504972,-0.004266995628858594,-0.006750081185681767,Target-Only,89.23859960976483,69.68566953872595,0.8008368374675299,-41.861733541562145,0.0,0.0,0.0,0.0,73
Lunacek,5,101,12,-0.0015612158006268473,0.0067765959872419625,0.8306079570528411,-0.00495377102467387,0.22,0.03192857693089067,0.0007269969128504972,-0.004266995628858594,-0.006750081185681767,Source-Region,96.07494057802377,76.52201050698488,0.8794009628768111,-48.69807450982108,0.0,0.0,0.0,0.0,9
Lunacek,5,101,12,-0.0015612158006268473,0.0067765959872419625,0.8306079570528411,-0.00495377102467387,0.22,0.03192857693089067,0.0007269969128504972,-0.004266995628858594,-0.006750081185681767,Random-Region,66.8164700639913,47.26353999295242,0.5431587892607073,-19.439603995788616,0.0,0.0,0.0,0.0,17
Lunacek,5,101,12,-0.0015612158006268473,0.0067765959872419625,0.8306079570528411,-0.00495377102467387,0.22,0.03192857693089067,0.0007269969128504972,-0.004266995628858594,-0.006750081185681767,Wrong-Source,118.03324897745073,98.48031890641184,1.131748717747149,-70.65638290924804,0.0,0.0,0.0,0.0,377
Lunacek,5,101,12,-0.0015612158006268473,0.0067765959872419625,0.8306079570528411,-0.00495377102467387,0.22,0.03192857693089067,0.0007269969128504972,-0.004266995628858594,-0.006750081185681767,Oracle-Target-Region,76.13626567867774,56.58333560763886,0.6502631005963618,-28.759399610475057,0.0,0.0,0.0,0.0,570
Lunacek,5,101,12,-0.0015612158006268473,0.0067765959872419625,0.8306079570528411,-0.00495377102467387,0.22,0.03192857693089067,0.0007269969128504972,-0.004266995628858594,-0.006750081185681767,Hard-Filter,76.65540729670619,57.1024772256673,0.6562291440358761,-29.2785412285035,0.0,0.0,0.0,0.0,74
Lunacek,5,2026,12,0.01724190579137408,-0.029125695835726453,0.3577727830828663,-0.010623639203723778,0.5,0.001803179910403322,-0.01080211768062711,-0.026982503598931742,-0.09216013779887045,Target-Only,57.564232730818546,33.58558313170353,0.4022968295725373,-26.064696089945606,0.0,0.0,0.0,0.0,537
Lunacek,5,2026,12,0.01724190579137408,-0.029125695835726453,0.3577727830828663,-0.010623639203723778,0.5,0.001803179910403322,-0.01080211768062711,-0.026982503598931742,-0.09216013779887045,Source-Region,96.1710646724933,72.19241507337829,0.8647394803096167,-64.67152803162037,0.0,0.0,0.0,0.0,235
Lunacek,5,2026,12,0.01724190579137408,-0.029125695835726453,0.3577727830828663,-0.010623639203723778,0.5,0.001803179910403322,-0.01080211768062711,-0.026982503598931742,-0.09216013779887045,Random-Region,86.98587154647316,63.00722194735815,0.754716853662969,-55.48633490560022,0.0,0.0,0.0,0.0,680
Lunacek,5,2026,12,0.01724190579137408,-0.029125695835726453,0.3577727830828663,-0.010623639203723778,0.5,0.001803179910403322,-0.01080211768062711,-0.026982503598931742,-0.09216013779887045,Wrong-Source,64.8932334119976,40.91458381288258,0.49008550146819035,-33.39369677112466,0.0,0.0,0.0,0.0,508
Lunacek,5,2026,12,0.01724190579137408,-0.029125695835726453,0.3577727830828663,-0.010623639203723778,0.5,0.001803179910403322,-0.01080211768062711,-0.026982503598931742,-0.09216013779887045,Oracle-Target-Region,53.21341872634201,29.234769127226993,0.35018165047331035,-21.713882085469074,0.0,0.0,0.0,0.0,613
Lunacek,5,2026,12,0.01724190579137408,-0.029125695835726453,0.3577727830828663,-0.010623639203723778,0.5,0.001803179910403322,-0.01080211768062711,-0.026982503598931742,-0.09216013779887045,Hard-Filter,96.1710646724933,72.19241507337829,0.8647394803096167,-64.67152803162037,0.0,0.0,0.0,0.0,541
Lunacek,5,777,12,0.007335421037723222,0.08856210153411015,0.005091609728150148,0.007077195733390718,0.0,-0.04183275616676276,0.00018918780781385092,0.03424129019890625,-0.09099949276389774,Target-Only,65.75430691665855,47.05987250099662,0.5704121975149437,-29.50793534963995,0.0,0.0,0.0,0.0,64
Lunacek,5,777,12,0.007335421037723222,0.08856210153411015,0.005091609728150148,0.007077195733390718,0.0,-0.04183275616676276,0.00018918780781385092,0.03424129019890625,-0.09099949276389774,Source-Region,66.19812497711274,47.50369056145081,0.5757917113492647,-29.951753410094142,0.0,0.0,0.0,0.0,24
Lunacek,5,777,12,0.007335421037723222,0.08856210153411015,0.005091609728150148,0.007077195733390718,0.0,-0.04183275616676276,0.00018918780781385092,0.03424129019890625,-0.09099949276389774,Random-Region,76.84227917580091,58.14784476013898,0.704809387439081,-40.59590760878231,0.0,0.0,0.0,0.0,14
Lunacek,5,777,12,0.007335421037723222,0.08856210153411015,0.005091609728150148,0.007077195733390718,0.0,-0.04183275616676276,0.00018918780781385092,0.03424129019890625,-0.09099949276389774,Wrong-Source,76.84227917580091,58.14784476013898,0.704809387439081,-40.59590760878231,0.0,0.0,0.0,0.0,8
Lunacek,5,777,12,0.007335421037723222,0.08856210153411015,0.005091609728150148,0.007077195733390718,0.0,-0.04183275616676276,0.00018918780781385092,0.03424129019890625,-0.09099949276389774,Oracle-Target-Region,68.45047544944174,49.75604103377981,0.6030924266766978,-32.20410388242314,0.0,0.0,0.0,0.0,68
Lunacek,5,777,12,0.007335421037723222,0.08856210153411015,0.005091609728150148,0.007077195733390718,0.0,-0.04183275616676276,0.00018918780781385092,0.03424129019890625,-0.09099949276389774,Hard-Filter,70.05215202794113,51.3577176122792,0.6225063308862918,-33.805780460922534,0.0,0.0,0.0,0.0,163
Lunacek,5,999,12,0.005741543742532551,-0.00037284214206494403,0.9906093917536427,-0.03459107733133315,0.34,0.014184374310032078,-0.0008852340735329145,0.15050730289937247,0.021006678452744842,Target-Only,65.80028572702888,45.601880189038,0.5473926904923435,-10.33490587667211,0.0,0.0,0.0,0.0,435
Lunacek,5,999,12,0.005741543742532551,-0.00037284214206494403,0.9906093917536427,-0.03459107733133315,0.34,0.014184374310032078,-0.0008852340735329145,0.15050730289937247,0.021006678452744842,Source-Region,65.64126487439441,45.44285933640353,0.5454838469971384,-10.17588502403764,0.0,0.0,0.0,0.0,114
Lunacek,5,999,12,0.005741543742532551,-0.00037284214206494403,0.9906093917536427,-0.03459107733133315,0.34,0.014184374310032078,-0.0008852340735329145,0.15050730289937247,0.021006678452744842,Random-Region,67.19285980384953,46.99445426585865,0.5641087747296769,-11.727479953492761,0.0,0.0,0.0,0.0,140
Lunacek,5,999,12,0.005741543742532551,-0.00037284214206494403,0.9906093917536427,-0.03459107733133315,0.34,0.014184374310032078,-0.0008852340735329145,0.15050730289937247,0.021006678452744842,Wrong-Source,70.59066548278335,50.39225994479247,0.6048951191666075,-15.125285632426582,0.0,0.0,0.0,0.0,144
Lunacek,5,999,12,0.005741543742532551,-0.00037284214206494403,0.9906093917536427,-0.03459107733133315,0.34,0.014184374310032078,-0.0008852340735329145,0.15050730289937247,0.021006678452744842,Oracle-Target-Region,47.49138590740888,27.292980369418,0.32761758712663297,7.973993942947885,7.973993942947885,1.0,1.0,1.0,723
Lunacek,5,999,12,0.005741543742532551,-0.00037284214206494403,0.9906093917536427,-0.03459107733133315,0.34,0.014184374310032078,-0.0008852340735329145,0.15050730289937247,0.021006678452744842,Hard-Filter,82.34971989768998,62.1513143596991,0.7460476419822989,-26.88434004733321,0.0,0.0,0.0,0.0,436
Lunacek,5,1234,12,0.04833637880824271,0.037913611437166816,0.2312035806955417,-0.007370807283519687,0.56,-0.014663094846122243,-0.02374773217523829,0.042495215958161275,0.0,Target-Only,58.84734524675504,33.7877313715583,0.4041773626495143,-6.456348164144771,0.0,0.0,0.0,0.0,874
Lunacek,5,1234,12,0.04833637880824271,0.037913611437166816,0.2312035806955417,-0.007370807283519687,0.56,-0.014663094846122243,-0.02374773217523829,0.042495215958161275,0.0,Source-Region,49.619377892022186,24.559764016825447,0.29379009020921837,2.7716191905880834,2.7716191905880834,1.0,0.0,1.0,714
Lunacek,5,1234,12,0.04833637880824271,0.037913611437166816,0.2312035806955417,-0.007370807283519687,0.56,-0.014663094846122243,-0.02374773217523829,0.042495215958161275,0.0,Random-Region,81.277690626785,56.218076751588264,0.6724948101668587,-28.886693544174733,0.0,0.0,0.0,0.0,917
Lunacek,5,1234,12,0.04833637880824271,0.037913611437166816,0.2312035806955417,-0.007370807283519687,0.56,-0.014663094846122243,-0.02374773217523829,0.042495215958161275,0.0,Wrong-Source,58.84734524675504,33.7877313715583,0.4041773626495143,-6.456348164144771,0.0,0.0,0.0,0.0,874
Lunacek,5,1234,12,0.04833637880824271,0.037913611437166816,0.2312035806955417,-0.007370807283519687,0.56,-0.014663094846122243,-0.02374773217523829,0.042495215958161275,0.0,Oracle-Target-Region,49.619377892022186,24.559764016825447,0.29379009020921837,2.7716191905880834,2.7716191905880834,1.0,0.0,1.0,403
Lunacek,5,1234,12,0.04833637880824271,0.037913611437166816,0.2312035806955417,-0.007370807283519687,0.56,-0.014663094846122243,-0.02374773217523829,0.042495215958161275,0.0,Hard-Filter,90.02409628003277,64.96448240483602,0.7771215201024138,-37.633099197422496,0.0,0.0,0.0,0.0,875
Lunacek,5,5678,12,0.03694338583403989,0.0071587477662461395,0.8212124025305596,-0.0011872234162475515,0.52,0.0029336385452450654,-0.0007059473958932472,0.02490580290909189,0.000144099780198359,Target-Only,87.98329534679331,63.81629914203802,0.7787488052084358,-37.93565903638191,0.0,0.0,0.0,0.0,18
Lunacek,5,5678,12,0.03694338583403989,0.0071587477662461395,0.8212124025305596,-0.0011872234162475515,0.52,0.0029336385452450654,-0.0007059473958932472,0.02490580290909189,0.000144099780198359,Source-Region,60.007767200406036,35.84077099565074,0.4373640898305595,-9.96013088999463,0.0,0.0,0.0,0.0,12
Lunacek,5,5678,12,0.03694338583403989,0.0071587477662461395,0.8212124025305596,-0.0011872234162475515,0.52,0.0029336385452450654,-0.0007059473958932472,0.02490580290909189,0.000144099780198359,Random-Region,59.952667745654296,35.785671540899,0.4366917124734826,-9.90503143524289,0.0,0.0,0.0,0.0,6
Lunacek,5,5678,12,0.03694338583403989,0.0071587477662461395,0.8212124025305596,-0.0011872234162475515,0.52,0.0029336385452450654,-0.0007059473958932472,0.02490580290909189,0.000144099780198359,Wrong-Source,88.60619702739177,64.43920082263648,0.786350059841656,-38.55856071698037,0.0,0.0,0.0,0.0,331
Lunacek,5,5678,12,0.03694338583403989,0.0071587477662461395,0.8212124025305596,-0.0011872234162475515,0.52,0.0029336385452450654,-0.0007059473958932472,0.02490580290909189,0.000144099780198359,Oracle-Target-Region,55.11165534268854,30.94465913793325,0.37761695139374757,-5.0640190322771375,0.0,0.0,0.0,0.0,337
Lunacek,5,5678,12,0.03694338583403989,0.0071587477662461395,0.8212124025305596,-0.0011872234162475515,0.52,0.0029336385452450654,-0.0007059473958932472,0.02490580290909189,0.000144099780198359,Hard-Filter,60.007767200406036,35.84077099565074,0.4373640898305595,-9.96013088999463,0.0,0.0,0.0,0.0,4
Lunacek,5,8888,12,0.02213439498799863,-0.02292914880822228,0.46912187537584593,8.881997156540145e-05,0.04,0.0,0.0,0.036877056578511085,0.00015428957176288893,Target-Only,78.93814231556024,53.154443032488416,0.6835039121654926,-13.450740830604246,0.0,0.0,0.0,0.0,339
Lunacek,5,8888,12,0.02213439498799863,-0.02292914880822228,0.46912187537584593,8.881997156540145e-05,0.04,0.0,0.0,0.036877056578511085,0.00015428957176288893,Source-Region,67.53471250706667,41.751013223994846,0.5368691542498463,-2.0473110221106765,0.0,0.0,0.0,0.0,411
Lunacek,5,8888,12,0.02213439498799863,-0.02292914880822228,0.46912187537584593,8.881997156540145e-05,0.04,0.0,0.0,0.036877056578511085,0.00015428957176288893,Random-Region,78.93814231556024,53.154443032488416,0.6835039121654926,-13.450740830604246,0.0,0.0,0.0,0.0,339
Lunacek,5,8888,12,0.02213439498799863,-0.02292914880822228,0.46912187537584593,8.881997156540145e-05,0.04,0.0,0.0,0.036877056578511085,0.00015428957176288893,Wrong-Source,78.93814231556024,53.154443032488416,0.6835039121654926,-13.450740830604246,0.0,0.0,0.0,0.0,339
Lunacek,5,8888,12,0.02213439498799863,-0.02292914880822228,0.46912187537584593,8.881997156540145e-05,0.04,0.0,0.0,0.036877056578511085,0.00015428957176288893,Oracle-Target-Region,66.84829653222397,41.06459724915214,0.5280426483660179,-1.3608950472679737,0.0,0.0,0.0,0.0,26
Lunacek,5,8888,12,0.02213439498799863,-0.02292914880822228,0.46912187537584593,8.881997156540145e-05,0.04,0.0,0.0,0.036877056578511085,0.00015428957176288893,Hard-Filter,91.06259562172795,65.27889633865612,0.8394101881952934,-25.575194136771955,0.0,0.0,0.0,0.0,339
Ackley,5,42,12,0.08138395929880715,0.011571810951407196,0.7148844163200216,-0.745870069283706,0.98,-0.00836469714502764,-0.005323794772837731,0.030486830438854192,-0.017389076201112297,Target-Only,9.45447737545937,4.696763368843616,0.665985876159825,-3.2065046445366967,0.0,0.0,0.0,0.0,252
Ackley,5,42,12,0.08138395929880715,0.011571810951407196,0.7148844163200216,-0.745870069283706,0.98,-0.00836469714502764,-0.005323794772837731,0.030486830438854192,-0.017389076201112297,Source-Region,7.547058812511562,2.7893448058958086,0.3955200844882569,-1.2990860815888894,0.0,0.0,0.0,1.0,245
Ackley,5,42,12,0.08138395929880715,0.011571810951407196,0.7148844163200216,-0.745870069283706,0.98,-0.00836469714502764,-0.005323794772837731,0.030486830438854192,-0.017389076201112297,Random-Region,6.541082245499641,1.783368238883888,0.25287585637534726,-0.2931095145769689,0.0,0.0,1.0,1.0,53
Ackley,5,42,12,0.08138395929880715,0.011571810951407196,0.7148844163200216,-0.745870069283706,0.98,-0.00836469714502764,-0.005323794772837731,0.030486830438854192,-0.017389076201112297,Wrong-Source,7.547058812511562,2.7893448058958086,0.3955200844882569,-1.2990860815888894,0.0,0.0,0.0,1.0,182
Ackley,5,42,12,0.08138395929880715,0.011571810951407196,0.7148844163200216,-0.745870069283706,0.98,-0.00836469714502764,-0.005323794772837731,0.030486830438854192,-0.017389076201112297,Oracle-Target-Region,5.657889498692644,0.9001754920768903,0.1276419774019896,0.5900832322300289,0.5900832322300289,1.0,1.0,1.0,73
Ackley,5,42,12,0.08138395929880715,0.011571810951407196,0.7148844163200216,-0.745870069283706,0.98,-0.00836469714502764,-0.005323794772837731,0.030486830438854192,-0.017389076201112297,Hard-Filter,9.399700768716293,4.64198676210054,0.6582187302403933,-3.151728037793621,0.0,0.0,0.0,0.0,253
Ackley,5,101,12,0.06572393132935073,0.030119880502832833,0.3415933146717336,0.000813545927555781,0.12,0.04011417160395568,0.00029201464512707,-0.001656541964780003,-0.01599666416785861,Target-Only,11.38667213379865,8.436000680643302,0.9357770609133895,-2.5839269668788862,0.0,0.0,0.0,0.0,13
Ackley,5,101,12,0.06572393132935073,0.030119880502832833,0.3415933146717336,0.000813545927555781,0.12,0.04011417160395568,0.00029201464512707,-0.001656541964780003,-0.01599666416785861,Source-Region,9.880936589831514,6.930265136676166,0.7687509029995495,-1.0781914229117504,0.0,0.0,0.0,0.0,20
Ackley,5,101,12,0.06572393132935073,0.030119880502832833,0.3415933146717336,0.000813545927555781,0.12,0.04011417160395568,0.00029201464512707,-0.001656541964780003,-0.01599666416785861,Random-Region,11.38667213379865,8.436000680643302,0.9357770609133895,-2.5839269668788862,0.0,0.0,0.0,0.0,13
Ackley,5,101,12,0.06572393132935073,0.030119880502832833,0.3415933146717336,0.000813545927555781,0.12,0.04011417160395568,0.00029201464512707,-0.001656541964780003,-0.01599666416785861,Wrong-Source,8.149746765193646,5.199075312038298,0.5767158632561371,0.6529984017261175,0.6529984017261175,1.0,0.0,0.0,157
Ackley,5,101,12,0.06572393132935073,0.030119880502832833,0.3415933146717336,0.000813545927555781,0.12,0.04011417160395568,0.00029201464512707,-0.001656541964780003,-0.01599666416785861,Oracle-Target-Region,2.950671453155348,0.0,0.0,5.852073713764415,5.852073713764415,1.0,1.0,1.0,0
Ackley,5,101,12,0.06572393132935073,0.030119880502832833,0.3415933146717336,0.000813545927555781,0.12,0.04011417160395568,0.00029201464512707,-0.001656541964780003,-0.01599666416785861,Hard-Filter,8.640077009579985,5.689405556424637,0.6311065410593782,0.16266815733977857,0.16266815733977857,1.0,0.0,0.0,14
Ackley,5,2026,12,0.0,0.001459121502264859,0.9632618836575668,0.0,1.0,0.0,0.0,0.08807804392179502,-0.00941784789503275,Target-Only,10.227310794057285,5.799548311891222,0.7644712820860472,-1.6145533500931943,0.0,0.0,0.0,0.0,22
Ackley,5,2026,12,0.0,0.001459121502264859,0.9632618836575668,0.0,1.0,0.0,0.0,0.08807804392179502,-0.00941784789503275,Source-Region,10.227310794057285,5.799548311891222,0.7644712820860472,-1.6145533500931943,0.0,0.0,0.0,0.0,22
Ackley,5,2026,12,0.0,0.001459121502264859,0.9632618836575668,0.0,1.0,0.0,0.0,0.08807804392179502,-0.00941784789503275,Random-Region,10.227310794057285,5.799548311891222,0.7644712820860472,-1.6145533500931943,0.0,0.0,0.0,0.0,22
Ackley,5,2026,12,0.0,0.001459121502264859,0.9632618836575668,0.0,1.0,0.0,0.0,0.08807804392179502,-0.00941784789503275,Wrong-Source,7.080083520980239,2.6523210388141756,0.34961744536013106,1.532673922983852,1.532673922983852,1.0,1.0,1.0,2
Ackley,5,2026,12,0.0,0.001459121502264859,0.9632618836575668,0.0,1.0,0.0,0.0,0.08807804392179502,-0.00941784789503275,Oracle-Target-Region,6.695994758240609,2.2682322760745457,0.29898853202142,1.9167626857234819,1.9167626857234819,1.0,1.0,1.0,1
Ackley,5,2026,12,0.0,0.001459121502264859,0.9632618836575668,0.0,1.0,0.0,0.0,0.08807804392179502,-0.00941784789503275,Hard-Filter,10.227310794057285,5.799548311891222,0.7644712820860472,-1.6145533500931943,0.0,0.0,0.0,0.0,22
Ackley,5,777,12,-0.004719484177242217,0.07546365547740817,0.017051612750391465,0.00023996875553256025,0.02,0.0044481329785465065,-7.135073915920387e-06,-0.018073095827943968,0.00012549585789889406,Target-Only,9.640081018463112,5.109207793152541,0.6582298032005495,-1.457925886779094,0.0,0.0,0.0,0.0,426
Ackley,5,777,12,-0.004719484177242217,0.07546365547740817,0.017051612750391465,0.00023996875553256025,0.02,0.0044481329785465065,-7.135073915920387e-06,-0.018073095827943968,0.00012549585789889406,Source-Region,9.640081018463112,5.109207793152541,0.6582298032005495,-1.457925886779094,0.0,0.0,0.0,0.0,426
Ackley,5,777,12,-0.004719484177242217,0.07546365547740817,0.017051612750391465,0.00023996875553256025,0.02,0.0044481329785465065,-7.135073915920387e-06,-0.018073095827943968,0.00012549585789889406,Random-Region,8.293162112120491,3.7622888868099196,0.48470345576226026,-0.11100698043647306,0.0,0.0,0.0,0.0,230
Ackley,5,777,12,-0.004719484177242217,0.07546365547740817,0.017051612750391465,0.00023996875553256025,0.02,0.0044481329785465065,-7.135073915920387e-06,-0.018073095827943968,0.00012549585789889406,Wrong-Source,8.93640409757074,4.405530872260169,0.5675736506407497,-0.7542489658867222,0.0,0.0,0.0,0.0,153
Ackley,5,777,12,-0.004719484177242217,0.07546365547740817,0.017051612750391465,0.00023996875553256025,0.02,0.0044481329785465065,-7.135073915920387e-06,-0.018073095827943968,0.00012549585789889406,Oracle-Target-Region,7.913737063040651,3.3828638377300795,0.43582134223383806,0.26841806864336704,0.26841806864336704,1.0,0.0,1.0,96
Ackley,5,777,12,-0.004719484177242217,0.07546365547740817,0.017051612750391465,0.00023996875553256025,0.02,0.0044481329785465065,-7.135073915920387e-06,-0.018073095827943968,0.00012549585789889406,Hard-Filter,9.640081018463112,5.109207793152541,0.6582298032005495,-1.457925886779094,0.0,0.0,0.0,0.0,426
Ackley,5,999,12,0.0,0.09772072119728241,0.0019868461636332047,0.0,1.0,0.0,0.0,0.014234454238391666,-0.0002277891923826436,Target-Only,10.19874836460112,5.720804970275104,0.7465611126228374,-0.8252216590149359,0.0,0.0,0.0,0.0,547
Ackley,5,999,12,0.0,0.09772072119728241,0.0019868461636332047,0.0,1.0,0.0,0.0,0.014234454238391666,-0.0002277891923826436,Source-Region,10.19874836460112,5.720804970275104,0.7465611126228374,-0.8252216590149359,0.0,0.0,0.0,0.0,547
Ackley,5,999,12,0.0,0.09772072119728241,0.0019868461636332047,0.0,1.0,0.0,0.0,0.014234454238391666,-0.0002277891923826436,Random-Region,10.19874836460112,5.720804970275104,0.7465611126228374,-0.8252216590149359,0.0,0.0,0.0,0.0,547
Ackley,5,999,12,0.0,0.09772072119728241,0.0019868461636332047,0.0,1.0,0.0,0.0,0.014234454238391666,-0.0002277891923826436,Wrong-Source,11.415240395023806,6.937297000697791,0.9053124856285671,-2.041713689437623,0.0,0.0,0.0,0.0,747
Ackley,5,999,12,0.0,0.09772072119728241,0.0019868461636332047,0.0,1.0,0.0,0.0,0.014234454238391666,-0.0002277891923826436,Oracle-Target-Region,7.191670341632374,2.713726947306359,0.35413949953937796,2.181856363953809,2.181856363953809,1.0,1.0,1.0,210
Ackley,5,999,12,0.0,0.09772072119728241,0.0019868461636332047,0.0,1.0,0.0,0.0,0.014234454238391666,-0.0002277891923826436,Hard-Filter,10.19874836460112,5.720804970275104,0.7465611126228374,-0.8252216590149359,0.0,0.0,0.0,0.0,547
Ackley,5,1234,12,0.02122008800686781,0.07724652744702229,0.014601252213713334,-0.2105025409370933,0.68,-0.009269688698997327,-0.0006432465698270606,0.0703884888070962,-0.0922484436703348,Target-Only,9.372788772500654,4.417532199144217,0.6114740952834011,-0.4269053564675769,0.0,0.0,0.0,0.0,599
Ackley,5,1234,12,0.02122008800686781,0.07724652744702229,0.014601252213713334,-0.2105025409370933,0.68,-0.009269688698997327,-0.0006432465698270606,0.0703884888070962,-0.0922484436703348,Source-Region,8.726838976486734,3.7715824031302976,0.5220618285901042,0.21904443954634267,0.21904443954634267,1.0,0.0,1.0,192
Ackley,5,1234,12,0.02122008800686781,0.07724652744702229,0.014601252213713334,-0.2105025409370933,0.68,-0.009269688698997327,-0.0006432465698270606,0.0703884888070962,-0.0922484436703348,Random-Region,11.59520011720051,6.639943543844074,0.9190999155572573,-2.649316701167434,0.0,0.0,0.0,0.0,745
Ackley,5,1234,12,0.02122008800686781,0.07724652744702229,0.014601252213713334,-0.2105025409370933,0.68,-0.009269688698997327,-0.0006432465698270606,0.0703884888070962,-0.0922484436703348,Wrong-Source,10.808309982571624,5.853053409215187,0.8101787099002062,-1.8624265665385469,0.0,0.0,0.0,0.0,426
Ackley,5,1234,12,0.02122008800686781,0.07724652744702229,0.014601252213713334,-0.2105025409370933,0.68,-0.009269688698997327,-0.0006432465698270606,0.0703884888070962,-0.0922484436703348,Oracle-Target-Region,7.860005975370225,2.9047494020137883,0.4020749442336765,1.085877440662852,1.085877440662852,1.0,1.0,1.0,155
Ackley,5,1234,12,0.02122008800686781,0.07724652744702229,0.014601252213713334,-0.2105025409370933,0.68,-0.009269688698997327,-0.0006432465698270606,0.0703884888070962,-0.0922484436703348,Hard-Filter,10.475452301399859,5.520195728043422,0.764104603300131,-1.529568885366782,0.0,0.0,0.0,0.0,599
Ackley,5,5678,12,-0.002817235145939012,0.06577855801436867,0.0376441061105286,0.00434575435224982,0.0,0.08859417119617033,-0.6130900566542572,0.04281672173575788,-0.0013900511250688474,Target-Only,10.792025990990675,6.813087645725714,0.8488287229359076,-4.099068043011522,0.0,0.0,0.0,0.0,940
Ackley,5,5678,12,-0.002817235145939012,0.06577855801436867,0.0376441061105286,0.00434575435224982,0.0,0.08859417119617033,-0.6130900566542572,0.04281672173575788,-0.0013900511250688474,Source-Region,8.953392313621226,4.974453968356265,0.6197570952888483,-2.260434365642073,0.0,0.0,0.0,0.0,637
Ackley,5,5678,12,-0.002817235145939012,0.06577855801436867,0.0376441061105286,0.00434575435224982,0.0,0.08859417119617033,-0.6130900566542572,0.04281672173575788,-0.0013900511250688474,Random-Region,11.136634149967666,7.157695804702705,0.8917627520733789,-4.443676201988513,0.0,0.0,0.0,0.0,671
Ackley,5,5678,12,-0.002817235145939012,0.06577855801436867,0.0376441061105286,0.00434575435224982,0.0,0.08859417119617033,-0.6130900566542572,0.04281672173575788,-0.0013900511250688474,Wrong-Source,11.605464687420572,7.626526342155611,0.9501733945122984,-4.912506739441419,0.0,0.0,0.0,0.0,870
Ackley,5,5678,12,-0.002817235145939012,0.06577855801436867,0.0376441061105286,0.00434575435224982,0.0,0.08859417119617033,-0.6130900566542572,0.04281672173575788,-0.0013900511250688474,Oracle-Target-Region,8.479939755301354,4.501001410036393,0.5607706046774262,-1.786981807322201,0.0,0.0,0.0,0.0,506
Ackley,5,5678,12,-0.002817235145939012,0.06577855801436867,0.0376441061105286,0.00434575435224982,0.0,0.08859417119617033,-0.6130900566542572,0.04281672173575788,-0.0013900511250688474,Hard-Filter,7.7160837227840435,3.737145377519082,0.4656033362810876,-1.0231257748048908,0.0,0.0,0.0,1.0,940
Ackley,5,8888,12,0.017314526611094117,0.03464908189122165,0.2739069050108074,0.00012082886888442612,0.12,0.1145308898903328,0.01131740650694324,0.17006337708380231,0.022367268759643566,Target-Only,11.760052570021097,6.680507874893577,0.9294172645780667,-5.437180599736843,0.0,0.0,0.0,0.0,183
Ackley,5,8888,12,0.017314526611094117,0.03464908189122165,0.2739069050108074,0.00012082886888442612,0.12,0.1145308898903328,0.01131740650694324,0.17006337708380231,0.022367268759643566,Source-Region,11.717876420517275,6.6383317253897545,0.9235495607692596,-5.395004450233021,0.0,0.0,0.0,0.0,447
Ackley,5,8888,12,0.017314526611094117,0.03464908189122165,0.2739069050108074,0.00012082886888442612,0.12,0.1145308898903328,0.01131740650694324,0.17006337708380231,0.022367268759643566,Random-Region,8.689939606336827,3.6103949112093066,0.5022916558535127,-2.367067636052573,0.0,0.0,0.0,0.0,38
Ackley,5,8888,12,0.017314526611094117,0.03464908189122165,0.2739069050108074,0.00012082886888442612,0.12,0.1145308898903328,0.01131740650694324,0.17006337708380231,0.022367268759643566,Wrong-Source,9.873805650356868,4.794260955229348,0.6669955317961022,-3.550933680072614,0.0,0.0,0.0,0.0,23
Ackley,5,8888,12,0.017314526611094117,0.03464908189122165,0.2739069050108074,0.00012082886888442612,0.12,0.1145308898903328,0.01131740650694324,0.17006337708380231,0.022367268759643566,Oracle-Target-Region,7.178428178865369,2.0988834837378487,0.2920045275981043,-0.855556208581115,0.0,0.0,1.0,1.0,18
Ackley,5,8888,12,0.017314526611094117,0.03464908189122165,0.2739069050108074,0.00012082886888442612,0.12,0.1145308898903328,0.01131740650694324,0.17006337708380231,0.022367268759643566,Hard-Filter,8.502506068627845,3.422961373500325,0.476215200414794,-2.179634098343591,0.0,0.0,0.0,0.0,184
