dim,seed,sample_size,noise_level,task_id,region_id,center,covariance,region_quality,core_count,context_count,bic,model_type,oof_spearman,oof_ndcg,oof_precision_at_top,geometry_spearman,geometry_ndcg,reliability,boundary_fraction,center_true_y
2,42,100,0.0,controlled_d2_s42,controlled_d2_s42::region_0,"[1.2896750039142897, -0.8646570314630951]","[[6.131285726566116, -0.5102737991049322], [-0.5102737991049322, 0.6088770482166234]]",0.8881673881673882,14,42,164.04856534052146,gp,0.9351754314885342,0.9948697288588981,0.8,0.49955433109148367,0.6581879454587581,0.9303777279605011,0.6666666666666667,-0.26682679885091704
2,42,100,0.0,controlled_d2_s42,controlled_d2_s42::region_1,"[2.809060266363125, 3.303198701245123]","[[0.23747250172355158, -0.153008419258847], [-0.153008419258847, 0.1723758478060042]]",0.9410774410774411,6,20,164.04856534052146,gp,0.932330827067669,1.0,1.0,0.8676691729323308,0.8417624349420092,0.932330827067669,0.7,-0.7428821331266995
2,42,100,0.02,controlled_d2_s42,controlled_d2_s42::region_0,"[1.2896750039142897, -0.8646570314630951]","[[6.131285726566116, -0.5102737991049322], [-0.5102737991049322, 0.6088770482166234]]",0.8874458874458874,14,42,164.04856534052146,gp,0.7876995381249494,0.9712376981773134,0.8,0.5162466574831862,0.6866072747382925,0.7650434862638088,0.6666666666666667,-0.26682679885091704
2,42,100,0.02,controlled_d2_s42,controlled_d2_s42::region_1,"[2.809060266363125, 3.303198701245123]","[[0.23747250172355158, -0.153008419258847], [-0.153008419258847, 0.1723758478060042]]",0.9427609427609428,6,20,164.04856534052146,gp,0.8601503759398496,1.0,1.0,0.8556390977443609,0.8417624349420092,0.8601503759398496,0.7,-0.7428821331266995
2,42,100,0.05,controlled_d2_s42,controlled_d2_s42::region_0,"[2.703440900085688, 3.2091897602700525]","[[0.30701154671168857, -0.027896457163520044], [-0.027896457163520044, 0.24747766521448103]]",0.935064935064935,7,21,172.34700494157104,gp,0.43376623376623374,0.7429352836111981,0.0,0.7857142857142857,0.9073070887047594,0.3222602399040781,0.6666666666666667,-0.861879463879192
2,42,100,0.05,controlled_d2_s42,controlled_d2_s42::region_1,"[1.294518174699655, -0.8597825164149245]","[[6.602517653933844, -0.5498191557451697], [-0.5498191557451697, 0.6555037676997436]]",0.8873348873348874,13,39,172.34700494157104,gp,0.7694331983805669,0.978666563624448,1.0,0.415587044534413,0.5574888918542567,0.7530185441976777,0.6666666666666667,-0.268131403678892
2,42,250,0.0,controlled_d2_s42,controlled_d2_s42::region_0,"[-2.7580033665343104, -0.9586797700728883]","[[0.44428233491727226, -0.08274386622498142], [-0.08274386622498142, 0.6356242243128497]]",0.8966776195691858,11,33,399.4591680789214,gp,0.9816176470588236,0.9923453812093145,1.0,0.886029411764706,0.9844890941365853,0.9741037381723786,0.6666666666666667,-0.6506514872992029
2,42,250,0.0,controlled_d2_s42,controlled_d2_s42::region_1,"[2.7779793036585763, 2.985699740666107]","[[0.9206489905810227, -0.30757309684990963], [-0.30757309684990963, 0.31195608067134406]]",0.9053714859437751,16,48,399.4591680789214,gp,0.9897959183673469,0.9811809778987771,1.0,0.9376899696048632,0.9972517649896047,0.9711689271038916,0.6666666666666667,-0.9828979908693866
2,42,250,0.0,controlled_d2_s42,controlled_d2_s42::region_2,"[2.438024941781623, -1.4487578055071928]","[[0.6724993074289526, -0.2583562994193178], [-0.2583562994193178, 0.8491441389813291]]",0.9013445084686573,23,69,399.4591680789214,gp,0.9853118498301185,0.9905050640936585,1.0,0.8880160759956157,0.9878887057214236,0.9759563769682228,0.6666666666666667,-0.8255157799683871
2,42,250,0.02,controlled_d2_s42,controlled_d2_s42::region_0,"[-2.67415780777375, -0.8893314552844542]","[[0.613121827625975, -0.20947788603983197], [-0.20947788603983197, 0.7124610458810164]]",0.8863144887241272,13,39,401.2616478809348,gp,0.907940686420131,0.9592316655884036,0.75,0.8305668016194333,0.9592316655884036,0.8709254568902607,0.6666666666666667,-0.6753888207928754
2,42,250,0.02,controlled_d2_s42,controlled_d2_s42::region_1,"[2.597564006925766, -1.4452026641327707]","[[0.8636539468523919, -0.36512829711835587], [-0.36512829711835587, 0.7696279807196446]]",0.8970883534136546,24,72,401.2616478809348,gp,0.9422773905891443,0.993622540438948,0.875,0.7651939031448968,0.9881052541551582,0.9362680546353684,0.6666666666666667,-0.8437121862374773
2,42,250,0.02,controlled_d2_s42,controlled_d2_s42::region_2,"[2.7890393435749337, 2.931672888644186]","[[0.6871212495674317, -0.1462485063651397], [-0.1462485063651397, 0.2143614044161803]]",0.9252394192153228,13,39,401.2616478809348,gp,0.8967611336032388,0.99075212094344,1.0,0.8724696356275305,0.998108485248647,0.8884679950970524,0.6666666666666667,-0.9902941636524465
2,42,250,0.05,controlled_d2_s42,controlled_d2_s42::region_0,"[2.3609301155450275, -1.4157523498653481]","[[0.5661990822162444, -0.21160962477006784], [-0.21160962477006784, 0.8629897644533934]]",0.9103687477181452,22,66,402.1406776403613,gp,0.8113434020210437,0.9867730858567413,0.7142857142857143,0.7877465817764326,0.9752010947376109,0.8006118325018119,0.6666666666666667,-0.8113427820436004
2,42,250,0.05,controlled_d2_s42,controlled_d2_s42::region_1,"[-2.665742018440711, -0.8774583625159494]","[[0.6405961279420819, -0.19429177722177904], [-0.19429177722177904, 0.6998523261543524]]",0.8832252085264133,13,39,402.1406776403613,gp,0.7034412955465588,0.9142102418325065,0.5,0.8230769230769232,0.9193511131484087,0.6430932369165911,0.6666666666666667,-0.6776203345266608
2,42,250,0.05,controlled_d2_s42,controlled_d2_s42::region_2,"[2.8838257259483946, 2.9404984234543434]","[[0.8028316412775376, -0.2515297278214826], [-0.2515297278214826, 0.30003427850640574]]",0.904685408299866,15,45,402.1406776403613,gp,0.5189723320158103,0.9143954502159034,0.6,0.8198945981554676,0.9838438273867636,0.47454593918319415,0.6666666666666667,-0.9943739367211538
2,42,500,0.0,controlled_d2_s42,controlled_d2_s42::region_0,"[-2.432878007064282, -0.9830549031431005]","[[0.4926494606831854, 0.02658862848837944], [0.02658862848837944, 0.5707054321456065]]",0.890994109430983,33,96,732.8101858093939,gp,0.9984536082474226,0.9981319055417104,0.9,0.975596852957135,0.995266957094202,0.9965884025949963,0.65625,-0.6884034724945949
2,42,500,0.0,controlled_d2_s42,controlled_d2_s42::region_1,"[2.3355952674494986, -1.3435876942432892]","[[0.5448045541124965, 0.0006201709406253474], [0.0006201709406253474, 0.6751229425728352]]",0.9083500334001336,45,96,732.8101858093939,gp,0.9923900216596929,0.9998557869985877,1.0,0.9157487791644059,0.9800517462903009,0.9922469061160978,0.53125,-0.8073178741850104
2,42,500,0.0,controlled_d2_s42,controlled_d2_s42::region_2,"[3.038517610420231, 2.8128434508350066]","[[0.7999724136833128, -0.23111764673896568], [-0.23111764673896568, 0.2923169220759858]]",0.9000728730187649,22,66,732.8101858093939,gp,0.9970358000208748,0.9960189359673249,0.8571428571428571,0.9696900114810565,0.9974810880486277,0.9930665366581223,0.6666666666666667,-0.990839815130582
2,42,500,0.02,controlled_d2_s42,controlled_d2_s42::region_0,"[-2.3637472796113634, -1.0402025765482763]","[[0.5923849496588427, -0.016770031811791486], [-0.016770031811791486, 0.48842317214158293]]",0.8887775551102205,34,96,733.7665980408054,gp,0.9663456321215409,0.9948995069819658,0.9,0.9379001627780793,0.9909572225594385,0.9614167929718972,0.6458333333333333,-0.6762324513893874
2,42,500,0.02,controlled_d2_s42,controlled_d2_s42::region_1,"[2.4231962536310125, -1.4440870727164483]","[[0.4974003558371235, 0.040259355768661215], [0.040259355768661215, 0.6993858558674159]]",0.9132217924220535,43,96,733.7665980408054,gp,0.9715677099063967,0.9982390055677663,1.0,0.9471242539338036,0.9852843068647898,0.9698567845787136,0.5520833333333333,-0.8231222824792305
2,42,500,0.02,controlled_d2_s42,controlled_d2_s42::region_2,"[3.045774842269901, 2.8517507938746074]","[[0.7663541785475576, -0.21484244682897186], [-0.21484244682897186, 0.3129087510912027]]",0.8953559292498039,23,69,733.7665980408054,gp,0.8839868833660998,0.9939187989191378,0.8571428571428571,0.8998173182316406,0.9978446785680232,0.8786111813755059,0.6666666666666667,-0.9890352272905639
2,42,500,0.05,controlled_d2_s42,controlled_d2_s42::region_0,"[2.5114644020370336, -1.4528486559773692]","[[0.7243068117803605, 0.0029441623125402373], [0.0029441623125402373, 0.7184161857352956]]",0.9044898307252802,47,96,746.4762154859059,gp,0.9099596783817868,0.9931890042820778,0.9,0.9192620727075419,0.9770122199314571,0.9037619469088466,0.5104166666666667,-0.8362609909161434
2,42,500,0.05,controlled_d2_s42,controlled_d2_s42::region_1,"[-2.4599606834037964, -0.9383570198177387]","[[0.42153843492924553, 0.08057455384939399], [0.08057455384939399, 0.6545650861837141]]",0.8929734468937875,32,96,746.4762154859059,gp,0.8782555615843733,0.9824926301442813,0.8,0.8673223005968529,0.9880629822292828,0.8628796166398738,0.6666666666666667,-0.6937747945925575
2,42,500,0.05,controlled_d2_s42,controlled_d2_s42::region_2,"[3.0082812864203983, 2.891768902712501]","[[0.7402846079553329, -0.23856524248217126], [-0.23856524248217126, 0.3192014113083112]]",0.9044756179024714,21,63,746.4762154859059,gp,0.786962365591398,0.9848961485590663,0.8571428571428571,0.8687596006144392,0.9990282887885573,0.7750762029318997,0.6666666666666667,-0.9901203204648487
2,101,100,0.0,controlled_d2_s101,controlled_d2_s101::region_0,"[-0.9899291665731889, 1.2199799031551233]","[[2.663103498298897, -2.1715439419374256], [-2.1715439419374256, 2.7502998638067058]]",0.9010101010101009,15,45,168.83747443772572,gp,0.7905138339920948,0.9155383592938023,0.4,0.7656126482213437,0.5894751947589429,0.7237457385721757,0.6666666666666667,-0.12898192338378436
2,101,100,0.0,controlled_d2_s101,controlled_d2_s101::region_1,"[-2.14699932217884, -3.626188419221534]","[[0.6284737741057027, -0.004954728527777029], [-0.004954728527777029, 0.08765100204436202]]",0.9131313131313131,5,20,168.83747443772572,gp,0.9172932330827066,0.9460124056131834,0.5,0.6240601503759398,1.0,0.8677707780812659,0.75,-0.9168023255895147
2,101,100,0.02,controlled_d2_s101,controlled_d2_s101::region_0,"[-0.98992914800282, 1.2199803262791138]","[[2.6631037206512134, -2.1715442184492892], [-2.1715442184492892, 2.7502980234288343]]",0.9016835016835016,15,45,162.57597529790038,gp,0.5441370223978919,0.8856926950268791,0.4,0.6878787878787878,0.6578385922679751,0.4819381858314901,0.6666666666666667,-0.12898185636290194
2,101,100,0.02,controlled_d2_s101,controlled_d2_s101::region_1,"[-2.203621959000086, -3.4727113205828757]","[[0.7446563834258454, -0.15620223619057205], [-0.15620223619057205, 0.05398799567022374]]",0.9111111111111111,5,20,162.57597529790038,gp,0.2902255639097744,0.7897088922475857,0.0,0.5849624060150376,0.7747618853474786,0.22919370857711882,0.75,-0.9645053214312507
2,101,100,0.05,controlled_d2_s101,controlled_d2_s101::region_0,"[-1.1635541476219584, 1.9836364709659033]","[[2.100770212143342, -1.6130777394518485], [-1.6130777394518485, 1.4773152675956043]]",0.9282828282828282,10,30,166.90229920184646,gp,0.5030033370411569,0.7178485648611703,0.3333333333333333,0.553281423804227,0.7742415037269047,0.361080223615374,0.6666666666666667,-0.03174953431397862
2,101,100,0.05,controlled_d2_s101,controlled_d2_s101::region_1,"[-1.7469671348917153, -2.6029911523965676]","[[1.4564711169114446, 0.9873813227924186], [0.9873813227924186, 1.4520967977384251]]",0.8797979797979798,10,30,166.90229920184646,gp,0.5052280311457175,0.756965025955482,0.0,0.2992213570634038,0.8965093501594262,0.38243994970965506,0.6666666666666667,-0.2652924180222167
2,101,250,0.0,controlled_d2_s101,controlled_d2_s101::region_0,"[-2.1216568213329206, -3.45963347079126]","[[0.26002697540633213, -0.032542153704971225], [-0.032542153704971225, 0.3840602582762355]]",0.9101861993428257,11,33,378.7908916981955,gp,0.9745989304812834,1.0,1.0,0.9411764705882354,0.9977477746323121,0.9745989304812834,0.6666666666666667,-0.9915978643453293
2,101,250,0.0,controlled_d2_s101,controlled_d2_s101::region_1,"[0.5188128972854406, -0.04148188849122908]","[[0.8486619907863373, -0.09526371632316412], [-0.09526371632316412, 0.7238402224668087]]",0.8929049531459171,27,81,378.7908916981955,gp,0.984405876371209,0.9976599941328658,1.0,0.9488708220415537,0.9986438561666273,0.982102360844859,0.6666666666666667,-0.68694785421803
2,101,250,0.0,controlled_d2_s101,controlled_d2_s101::region_2,"[-2.421937278560774, 3.2850205344925447]","[[0.25079739895756636, -0.018017734263469757], [-0.018017734263469757, 0.2524983009849268]]",0.9133199464524765,12,36,378.7908916981955,gp,0.9747747747747749,0.9934991451653363,0.75,0.825997425997426,0.9609873534479123,0.9684379054674721,0.6666666666666667,-0.8035392106143349
2,101,250,0.02,controlled_d2_s101,controlled_d2_s101::region_0,"[0.5409920314403254, 0.001583619007337279]","[[0.7102448615164058, -0.06504503887591823], [-0.06504503887591823, 0.7429964366036403]]",0.8979919678714858,25,75,375.4925708824263,gp,0.9642526921699914,0.9930650971737104,0.875,0.9253769559032715,0.9853343239388608,0.9575656934498044,0.6666666666666667,-0.682215798580771
2,101,250,0.02,controlled_d2_s101,controlled_d2_s101::region_1,"[-2.121619701000623, -3.459546949832182]","[[0.26002401615326626, -0.03249967394978587], [-0.03249967394978587, 0.3841157766714793]]",0.9101861993428259,11,33,375.4925708824263,gp,0.8455882352941178,0.9988330656462536,1.0,0.8405748663101605,0.9977477746323121,0.8446014893332293,0.6666666666666667,-0.9916177630844508
2,101,250,0.02,controlled_d2_s101,controlled_d2_s101::region_2,"[-2.3831052615357775, 3.2756278751702457]","[[0.22906642320727907, -0.04112334947003062], [-0.04112334947003062, 0.3257004351146628]]",0.9013195639701663,14,42,375.4925708824263,gp,0.9021149015476867,0.9820980832691341,0.8,0.7176890041325663,0.9780174038034047,0.8859653156985067,0.6666666666666667,-0.805382886219642
2,101,250,0.05,controlled_d2_s101,controlled_d2_s101::region_0,"[-2.3493516595246264, 3.1516121075137]","[[0.2487417445580314, -0.020799063704517264], [-0.020799063704517264, 0.27027741162975255]]",0.9243641231593038,12,36,376.31011179774697,gp,0.7585585585585587,0.9914429738357697,0.75,0.7737451737451738,0.9776377031261005,0.7520675531258723,0.6666666666666667,-0.8315117304040359
2,101,250,0.05,controlled_d2_s101,controlled_d2_s101::region_1,"[0.6364453229572632, 0.06430742134066965]","[[0.9558961419974684, -0.11388694442052599], [-0.11388694442052599, 0.7769609855272265]]",0.8847805013156071,29,87,376.31011179774697,gp,0.747393744987971,0.9772773397422088,0.6666666666666666,0.6666909674126995,0.9536567367511238,0.7304109708418111,0.6666666666666667,-0.6596111391399565
2,101,250,0.05,controlled_d2_s101,controlled_d2_s101::region_2,"[-2.2700422416994748, -3.27906647296671]","[[0.17516185803035259, 0.09848165967810266], [0.09848165967810266, 0.28685841533187795]]",0.925479696564034,9,27,376.31011179774697,gp,0.5018315018315018,0.8974209038194109,0.6666666666666666,0.6703296703296703,0.9720090826206437,0.4503540799386787,0.6666666666666667,-0.9168164204696534
2,101,500,0.0,controlled_d2_s101,controlled_d2_s101::region_0,"[-2.060295635104963, -3.4414286598265362]","[[0.38170126160255075, -0.06335183294845517], [-0.06335183294845517, 0.31497899764547227]]",0.9068136272545089,26,78,717.0520475300964,gp,0.9962252698467313,0.9982449594008758,1.0,0.9347993778373525,0.9978172025498178,0.9944768540522768,0.6666666666666667,-0.9992049293731241
2,101,500,0.0,controlled_d2_s101,controlled_d2_s101::region_1,"[-2.454100583018151, 3.0937592306988466]","[[0.5156266025570746, 0.11126472272617718], [0.11126472272617718, 0.20823726263098996]]",0.9144689378757515,25,75,717.0520475300964,gp,0.9929729729729729,0.9980242738963095,1.0,0.9292745376955902,0.9996362767808293,0.9910111303500111,0.6666666666666667,-0.84588657730086
2,101,500,0.0,controlled_d2_s101,controlled_d2_s101::region_2,"[0.21458976361087995, -0.18793109388854304]","[[0.6745227110993057, -0.11164497236444326], [-0.11164497236444326, 0.951446912825557]]",0.8906384196965359,49,96,717.0520475300964,gp,0.9980602016680822,0.9994404685746014,1.0,0.9444112859468258,0.9870759322383579,0.9975017556208092,0.48958333333333337,-0.6874355026387013
2,101,500,0.02,controlled_d2_s101,controlled_d2_s101::region_0,"[-2.4857617111887103, 3.0563018523831174]","[[0.5118619696525349, 0.08607640331558318], [0.08607640331558318, 0.18193634077306914]]",0.9176686706746827,24,72,715.5655432740308,gp,0.8661559116293106,0.9966359131380356,1.0,0.8819216669882308,0.9979370986343592,0.8632420879065856,0.6666666666666667,-0.8418095857320392
2,101,500,0.02,controlled_d2_s101,controlled_d2_s101::region_1,"[0.22459629309668072, -0.2170507678881494]","[[0.6297230494729877, -0.08162666734331739], [-0.08162666734331739, 1.0006102138188582]]",0.8918244652570447,49,96,715.5655432740308,gp,0.9739008940246814,0.9992979460407561,1.0,0.9289609332609876,0.984573944336194,0.9732171630461202,0.48958333333333337,-0.6849663858941925
2,101,500,0.02,controlled_d2_s101,controlled_d2_s101::region_2,"[-2.0390715159282613, -3.479531861514851]","[[0.3794784356348392, -0.0823487086751675], [-0.0823487086751675, 0.34076221325159595]]",0.9021004972908782,27,81,715.5655432740308,gp,0.824722361815097,0.9985082202404292,0.8888888888888888,0.8189250225835591,0.9993051107196773,0.8234920576884758,0.6666666666666667,-0.9935208030695004
2,101,500,0.05,controlled_d2_s101,controlled_d2_s101::region_0,"[-2.0440455647175733, -3.411954234780178]","[[0.335499024229652, -0.045210777062365204], [-0.045210777062365204, 0.31658113575426045]]",0.9109886439545759,24,72,735.7141070480048,gp,0.7953469302698504,0.9957963629881587,0.875,0.8794456235127662,0.9984749778739678,0.7920035804765136,0.6666666666666667,-0.999356524294395
2,101,500,0.05,controlled_d2_s101,controlled_d2_s101::region_1,"[-2.324514646712163, 3.129818446315527]","[[0.6249281827621977, 0.11836547111026688], [0.11836547111026688, 0.2046604211291528]]",0.9142284569138276,25,75,735.7141070480048,gp,0.7204836415362731,0.9831195083427458,0.75,0.7738264580369842,0.9968530965745427,0.7083215234361319,0.6666666666666667,-0.8250316419611792
2,101,500,0.05,controlled_d2_s101,controlled_d2_s101::region_2,"[0.26002873621920153, -0.07984155621234143]","[[0.718544841188514, -0.020721102672814712], [-0.020721102672814712, 1.2299954426202884]]",0.8894259106448191,51,96,735.7141070480048,gp,0.8914760493015361,0.9933259474589214,0.9,0.8732365708084645,0.9843140953267426,0.8855262913093845,0.46875,-0.6977316740149733
2,2026,100,0.0,controlled_d2_s2026,controlled_d2_s2026::region_0,"[2.1002075319055105, 1.2357927841833551]","[[1.0847164802030311, -1.1985692336093088], [-1.1985692336093088, 2.104584977051633]]",0.8841750841750842,15,45,145.06390350458483,gp,0.971705260911215,0.9571377219506249,0.8,0.816600790513834,0.9362646235959418,0.9300557598359979,0.6666666666666667,-0.3773442763960688
2,2026,100,0.0,controlled_d2_s2026,controlled_d2_s2026::region_1,"[-0.9305658165015928, -3.5742377706336153]","[[0.08574446513244716, 0.06930516887135113], [0.06930516887135113, 0.218214897525635]]",0.9636363636363636,5,20,145.06390350458483,gp,0.8842105263157894,0.9008292819224751,0.5,0.6932330827067669,0.8977559407978107,0.7965227334893464,0.75,-0.9508330056183913
2,2026,100,0.02,controlled_d2_s2026,controlled_d2_s2026::region_0,"[2.1002075319055105, 1.235792784183355]","[[1.0847164802030311, -1.1985692336093088], [-1.1985692336093088, 2.104584977051633]]",0.8841750841750842,15,45,145.06390350458483,gp,0.8345191040843214,0.955213521715482,0.8,0.7899868247694334,0.9391193795153304,0.7971439323512335,0.6666666666666667,-0.3773442763960688
2,2026,100,0.02,controlled_d2_s2026,controlled_d2_s2026::region_1,"[-0.9305658165015928, -3.5742377706336153]","[[0.08574446513244716, 0.06930516887135113], [0.06930516887135113, 0.218214897525635]]",0.9636363636363636,5,20,145.06390350458483,gp,0.6165413533834586,0.9008292819224751,0.5,0.8090225563909773,0.8692485637020436,0.555398504643932,0.75,-0.9508330056183913
2,2026,100,0.05,controlled_d2_s2026,controlled_d2_s2026::region_0,"[1.17350393790477, 2.4550609733586026]","[[0.30813631048851836, 0.2770065241250782], [0.2770065241250782, 0.3510940477373784]]",0.8874458874458873,7,21,153.77587032153588,gp,0.6805194805194805,0.8719365908342771,0.6666666666666666,0.7051948051948052,0.8116311133268518,0.5933698358404691,0.6666666666666667,-0.46823911664995754
2,2026,100,0.05,controlled_d2_s2026,controlled_d2_s2026::region_1,"[-1.0671880367319164, -3.3081454494392504]","[[0.1647999306267956, -0.12401631114657363], [-0.12401631114657363, 0.535889419311305]]",0.9393939393939394,6,20,153.77587032153588,gp,0.0015037593984962405,0.710243474387993,0.5,0.7548872180451127,1.0,0.0010680352998315682,0.7,-0.9462945083459547
2,2026,100,0.05,controlled_d2_s2026,controlled_d2_s2026::region_2,"[3.0506533124968103, 0.013043133305092845]","[[0.2873091966747668, -0.39369216004053603], [-0.39369216004053603, 1.0024917830322724]]",0.8903318903318904,7,21,153.77587032153588,gp,0.7233766233766233,0.8101027739166983,0.3333333333333333,0.5298701298701299,0.8524474104259244,0.5860094091838973,0.6666666666666667,-0.8333039147266242
2,2026,250,0.0,controlled_d2_s2026,controlled_d2_s2026::region_0,"[-0.8238880593234787, -3.1304075596228955]","[[0.3057402092440079, 0.020953171803881808], [0.020953171803881808, 0.7102853617344971]]",0.9074392809332569,21,63,357.75082292737585,gp,0.9705857645879963,0.9924802491957911,0.8571428571428571,0.9168106758832567,0.9560244884261745,0.963287201504182,0.6666666666666667,-0.9590231672109679
2,2026,250,0.0,controlled_d2_s2026,controlled_d2_s2026::region_1,"[2.4606318780083627, 1.1131578188422837]","[[0.7918168428973815, -0.5347716436481074], [-0.5347716436481074, 1.4252683608189973]]",0.8973826339842128,29,87,357.75082292737585,gp,0.9923999416782093,0.9923479689717222,0.8888888888888888,0.8600094772909527,0.9357431109521029,0.9848060665320265,0.6666666666666667,-0.47852408786831746
2,2026,250,0.02,controlled_d2_s2026,controlled_d2_s2026::region_0,"[-0.7308860847318523, -3.2479249508322634]","[[0.31982888074946836, 0.002584052412586941], [0.002584052412586941, 0.7342126277127742]]",0.90782176324345,21,63,359.4350041887775,gp,0.8878648233486943,0.996557116182507,0.8571428571428571,0.858054915514593,0.9753623156718284,0.8848080079162658,0.6666666666666667,-0.9826973482695265
2,2026,250,0.02,controlled_d2_s2026,controlled_d2_s2026::region_1,"[2.460631877834574, 1.1131578206045762]","[[0.7918168439298058, -0.5347716461109142], [-0.5347716461109142, 1.4252683538496072]]",0.8971056640354521,29,87,359.4350041887775,gp,0.8861631552088649,0.9958379118456439,0.8888888888888888,0.7617372603338922,0.9363190370368865,0.8824748660377432,0.6666666666666667,-0.4785240875109293
2,2026,250,0.05,controlled_d2_s2026,controlled_d2_s2026::region_0,"[2.3259816125025123, 1.141661929437916]","[[0.903217171332691, -0.6828940568510122], [-0.6828940568510122, 1.5134596831502654]]",0.8938420348058903,30,90,362.29418636664354,gp,0.7317035024900193,0.9718531121994245,0.7777777777777778,0.7381075852985964,0.9472836196745179,0.7111083261021446,0.6666666666666667,-0.4321744611557935
2,2026,250,0.05,controlled_d2_s2026,controlled_d2_s2026::region_1,"[-0.7918901211803924, -3.1840013787099726]","[[0.39026934811309094, -0.02935026352745481], [-0.02935026352745481, 0.6132680847921832]]",0.9132530120481928,20,60,362.29418636664354,gp,0.8823562100583496,0.9896499888396428,0.8333333333333334,0.8521811614337318,0.9841937461511591,0.8732238134368353,0.6666666666666667,-0.9748994250224376
2,2026,500,0.0,controlled_d2_s2026,controlled_d2_s2026::region_0,"[2.3290052480311103, 1.5307444971840019]","[[0.7475982453070631, -0.5401297401883811], [-0.5401297401883811, 2.4111782556935855]]",0.9022821762928844,67,96,747.6227741833267,gp,0.9955473261971455,0.9904217462833271,0.9,0.8074064026044493,0.8825859487306669,0.9860117213198739,0.30208333333333337,-0.44299802032301605
2,2026,500,0.0,controlled_d2_s2026,controlled_d2_s2026::region_1,"[-0.6420107675522766, -3.25731183882033]","[[0.6709652759309866, -0.11595208111273231], [-0.11595208111273231, 0.7174904711699717]]",0.8977955911823647,33,96,747.6227741833267,gp,0.9987214923012688,0.9951245360002351,0.9,0.9559007053716767,0.9944448567550612,0.9938522616197625,0.65625,-0.963114497312191
2,2026,500,0.02,controlled_d2_s2026,controlled_d2_s2026::region_0,"[2.360987158968584, 1.5730781653434243]","[[0.7976272006024195, -0.47569565807335773], [-0.47569565807335773, 2.365670934227499]]",0.8999448171705731,69,96,749.2467804389807,gp,0.9823859359011626,0.9942922804768196,0.9,0.7789338035811177,0.8698516490552027,0.9767787525155217,0.28125,-0.4442791685124721
2,2026,500,0.02,controlled_d2_s2026,controlled_d2_s2026::region_1,"[-0.6414670352956036, -3.161691927848343]","[[0.6926120969393397, -0.1261817000442668], [-0.1261817000442668, 0.6127106363089676]]",0.902708643092637,31,93,749.2467804389807,gp,0.9300965370098752,0.991832381195751,0.9,0.8679090447912625,0.9902253476680227,0.9224998630444264,0.6666666666666667,-0.9402136049667514
2,2026,500,0.05,controlled_d2_s2026,controlled_d2_s2026::region_0,"[2.30025433098346, 1.5572194260498955]","[[0.8292298822069544, -0.40114455633677765], [-0.40114455633677765, 2.1238846613894324]]",0.9043317404038848,65,96,758.5746557708336,gp,0.9060326439032155,0.9831977980677649,0.8,0.7343733043950081,0.8709312116255165,0.8908093004631568,0.32291666666666663,-0.4480272807836807
2,2026,500,0.05,controlled_d2_s2026,controlled_d2_s2026::region_1,"[-0.643883670194365, -3.383873211435566]","[[0.7756987019055351, -0.06794053688105559], [-0.06794053688105559, 0.7414079566968381]]",0.8942456341253936,35,96,758.5746557708336,gp,0.727967009928749,0.9899416092161651,0.9,0.8036218122626152,0.9835750173929054,0.7206448332651458,0.6354166666666667,-0.9720759095321704
2,777,100,0.0,controlled_d2_s777,controlled_d2_s777::region_0,"[1.5396029000700415, -1.2154882351508798]","[[3.1739823196102255, -1.7476506971685464], [-1.7476506971685464, 3.9506659415808647]]",0.904040404040404,20,60,173.48647717370352,gp,0.978382884134482,0.9890299740359489,0.8333333333333334,0.5076410113920535,0.5872196055341661,0.9676499984927436,0.6666666666666667,-0.06276260316642544
2,777,100,0.02,controlled_d2_s777,controlled_d2_s777::region_0,"[1.5396029000700417, -1.2154882351508798]","[[3.173982319610225, -1.7476506971685466], [-1.7476506971685466, 3.950665941580865]]",0.904040404040404,20,60,173.48647717370352,gp,0.8116699083078635,0.9528647782984554,0.8333333333333334,0.4617949430397333,0.601405288737475,0.7734116672313,0.6666666666666667,-0.06276260316642546
2,777,100,0.05,controlled_d2_s777,controlled_d2_s777::region_0,"[1.6442822391374599, -1.187737714239393]","[[3.2076904216094593, -1.6870216673599694], [-1.6870216673599694, 3.9804425426332197]]",0.904040404040404,20,60,174.38723518292664,gp,0.740372325646013,0.7201591094207577,0.5,0.35998888580161165,0.642011842571758,0.5331858746770078,0.6666666666666667,-0.07403499125309446
2,777,250,0.0,controlled_d2_s777,controlled_d2_s777::region_0,"[3.1737637021167084, -2.388117795067746]","[[0.5840832469241966, -0.0005313153991610645], [-0.0005313153991610645, 0.8006045393770291]]",0.9080939141180104,26,78,383.16659361555537,gp,0.996155742991186,0.9974626681527003,0.875,0.72951099533378,0.9831896807077037,0.993628165299624,0.6666666666666667,-0.9445298286742285
2,777,250,0.0,controlled_d2_s777,controlled_d2_s777::region_1,"[0.28616517888412835, 3.2374336224572464]","[[0.26240858187121247, 0.015518153199786427], [0.015518153199786427, 0.5664506109779414]]",0.8847389558232932,10,30,383.16659361555537,gp,0.9981088058202632,1.0,1.0,0.889210233592881,0.9324476458245196,0.9981088058202632,0.6666666666666667,-0.6719424858570732
2,777,250,0.0,controlled_d2_s777,controlled_d2_s777::region_2,"[-0.28095177813287703, -1.4366163165190553]","[[0.3876697376746509, 0.000822062615669133], [0.000822062615669133, 0.3128438718564074]]",0.9016064257028111,14,42,383.16659361555537,gp,0.9954622802041974,0.9914165073971455,0.8,0.8426383599384167,0.9961415422952316,0.9869177370856439,0.6666666666666667,-0.8410717022193217
2,777,250,0.02,controlled_d2_s777,controlled_d2_s777::region_0,"[3.0707338035117324, -2.371461374805491]","[[0.5729238136637599, -0.02464214489818168], [-0.02464214489818168, 0.8229072522844747]]",0.906858202038925,26,78,383.19439776296304,gp,0.9300193477408667,0.9980431398585171,0.875,0.6996674211864085,0.9848264629054976,0.9281994299484647,0.6666666666666667,-0.9383116742848717
2,777,250,0.02,controlled_d2_s777,controlled_d2_s777::region_1,"[0.2861651611167708, 3.2374336515267417]","[[0.26240858124119737, 0.015518173195694396], [0.015518173195694396, 0.5664506128637878]]",0.8855421686746988,10,30,383.19439776296304,gp,0.907007786429366,0.9697285865462897,0.6666666666666666,0.8424916573971077,0.9453201107905325,0.879551378720628,0.6666666666666667,-0.6719424921381061
2,777,250,0.02,controlled_d2_s777,controlled_d2_s777::region_2,"[-0.2771311867780294, -1.4380720955432316]","[[0.39516492884605103, -0.0019493581208459257], [-0.0019493581208459257, 0.31310115959860657]]",0.9033275960986804,14,42,383.19439776296304,gp,0.8876914350538855,0.9658334929031271,0.8,0.8116846284741918,0.9961415422952316,0.8573621193382837,0.6666666666666667,-0.8406552507804337
2,777,250,0.05,controlled_d2_s777,controlled_d2_s777::region_0,"[3.3550124767381444, -2.335303785871691]","[[0.6844009666091475, 0.09300827185941131], [0.09300827185941131, 0.8413222720324146]]",0.9080939141180105,26,78,404.89264283718927,gp,0.7907661958294869,0.9908803501208517,0.875,0.7147662464118159,0.9824147792345048,0.783554684987256,0.6666666666666667,-0.9453332905229221
2,777,250,0.05,controlled_d2_s777,controlled_d2_s777::region_1,"[-0.38948239438974536, -1.298182942398731]","[[0.44830629698317936, 0.031220638726966957], [0.031220638726966957, 0.34242957435738386]]",0.8979919678714858,15,45,404.89264283718927,gp,0.8471673254281951,0.9731427982395983,0.6,0.7756258234519103,0.9945268954352805,0.8244147816443501,0.6666666666666667,-0.8370319999620851
2,777,250,0.05,controlled_d2_s777,controlled_d2_s777::region_2,"[-0.2729880317223648, 3.2517197575575736]","[[1.4939480027939318, 0.33895316771640205], [0.33895316771640205, 0.5539065825259601]]",0.8888888888888888,9,28,404.89264283718927,gp,0.3541324575807335,0.8176463216553318,0.3333333333333333,0.4094143404488232,0.7465359047912693,0.28955510131964957,0.6785714285714286,-0.5325510665310202
2,777,500,0.0,controlled_d2_s777,controlled_d2_s777::region_0,"[0.23181689149941398, 3.4211124125876458]","[[0.24889456819956848, 0.013933597781350565], [0.013933597781350565, 0.41185509469871406]]",0.9115373604351562,21,63,732.7226377783417,gp,0.9951514581098513,0.9976266105789054,1.0,0.9362999231950845,0.9826663009495671,0.9927895761667865,0.6666666666666667,-0.6746130334674998
2,777,500,0.0,controlled_d2_s777,controlled_d2_s777::region_1,"[3.1605690435422265, -2.0757964428531173]","[[0.8691032079323773, 0.006026834521095889], [0.006026834521095889, 0.8476290758907967]]",0.9007826974704125,53,96,732.7226377783417,gp,0.9963544369103579,0.9952700373197081,1.0,0.9418475311991318,0.998017622706392,0.9916417176074286,0.44791666666666663,-0.9964231096048036
2,777,500,0.0,controlled_d2_s777,controlled_d2_s777::region_2,"[-0.4328421827885491, -1.3964689644477206]","[[0.46543779042507755, 0.07945098782291957], [0.07945098782291957, 0.34643929611770835]]",0.8921689532911979,26,78,732.7226377783417,gp,0.9949858686123,0.9885307085976378,1.0,0.9125431530494821,0.9830194669907942,0.9835740857439531,0.6666666666666667,-0.825537083921306
2,777,500,0.02,controlled_d2_s777,controlled_d2_s777::region_0,"[0.23489084869841856, 3.44862788075224]","[[0.2549124269726976, 0.03968101374009293], [0.03968101374009293, 0.39061678030358365]]",0.9091516366065465,21,63,733.3900907521195,gp,0.9154185867895545,0.9930562952715598,1.0,0.9170506912442398,0.9768110435272548,0.9090621904199618,0.6666666666666667,-0.6690396695797767
2,777,500,0.02,controlled_d2_s777,controlled_d2_s777::region_1,"[3.1942763513583112, -2.175018363854363]","[[0.8461803269697962, 0.06453760619671546], [0.06453760619671546, 0.8601103460852662]]",0.9034607676892248,52,96,733.3900907521195,gp,0.9699403147042864,0.9892912766555068,0.9,0.9245387954422137,0.9985022461225164,0.9595534922134475,0.45833333333333337,-0.9948276393058305
2,777,500,0.02,controlled_d2_s777,controlled_d2_s777::region_2,"[-0.4614559155341969, -1.373745883569791]","[[0.49096625415783585, 0.05253318833477312], [0.05253318833477312, 0.34676956667585485]]",0.889185778965338,27,81,733.3900907521195,gp,0.9157388380573309,0.9930510401857584,0.8888888888888888,0.8376919602529359,0.994716037984997,0.9093754056713302,0.6666666666666667,-0.8176672399595483
2,777,500,0.05,controlled_d2_s777,controlled_d2_s777::region_0,"[3.23435558810176, -2.2416402586528377]","[[0.7433999405599061, -0.015205418741775237], [-0.015205418741775237, 0.9996069400263817]]",0.9040881763527052,50,96,751.1189015522654,gp,0.8767346275172813,0.9958062350590567,1.0,0.8774823657080846,0.9906211919723922,0.8730578085738884,0.47916666666666663,-0.9849455758059422
2,777,500,0.05,controlled_d2_s777,controlled_d2_s777::region_1,"[-0.4951898553937463, -1.4824016039768364]","[[1.106393962329194, 0.34790525541229933], [0.34790525541229933, 0.4366106489897208]]",0.8851897343073243,31,94,751.1189015522654,gp,0.7674773957980782,0.9855878117014084,0.8,0.44493010150633966,0.939246930549706,0.7564163670549235,0.6702127659574468,-0.785394306993955
2,777,500,0.05,controlled_d2_s777,controlled_d2_s777::region_2,"[0.1632377889017784, 3.4094984465736453]","[[0.21643863976929703, 0.031123126099292946], [0.031123126099292946, 0.39113941210540143]]",0.9176247231304715,19,57,751.1189015522654,gp,0.7752787140264454,0.9805218670164798,0.8333333333333334,0.7927145449831476,0.981035059049847,0.7601777321353458,0.6666666666666667,-0.6895807988754856
2,999,100,0.0,controlled_d2_s999,controlled_d2_s999::region_0,"[1.6614622465097015, 2.2478474324426814]","[[0.8513725647440561, 0.24244021674039573], [0.24244021674039573, 0.26525781053146047]]",0.8646464646464647,5,20,168.8030624221912,gp,0.9819548872180449,1.0,1.0,0.8736842105263156,0.9725138712399656,0.9819548872180449,0.75,-0.6065910778296022
2,999,100,0.0,controlled_d2_s999,controlled_d2_s999::region_1,"[1.7931439441331154, -2.551748008334432]","[[0.14381329139857077, 0.15848998059069236], [0.15848998059069236, 0.7926044176399429]]",0.9141414141414141,8,24,168.8030624221912,gp,0.9113043478260868,0.9789614084028283,0.6666666666666666,0.7669565217391304,0.9962932709699448,0.8921317878314469,0.6666666666666667,-0.7907073564697266
2,999,100,0.0,controlled_d2_s999,controlled_d2_s999::region_2,"[-2.8340082958071173, -2.5696711052598817]","[[0.707046392354759, 0.3467486979248976], [0.3467486979248976, 0.4842091280917695]]",0.9206349206349207,7,21,168.8030624221912,gp,0.916883116883117,0.930019437250165,0.6666666666666666,0.7090909090909091,0.930019437250165,0.8527191203878137,0.6666666666666667,-0.9629670558917768
2,999,100,0.02,controlled_d2_s999,controlled_d2_s999::region_0,"[1.6614622465097015, 2.2478474324426814]","[[0.8513725647440561, 0.24244021674039573], [0.24244021674039573, 0.26525781053146047]]",0.8666666666666666,5,20,168.8030624221912,gp,0.12932330827067667,0.8506405054486371,0.5,0.6796992481203006,0.9725138712399656,0.11000764431365832,0.75,-0.6065910778296022
2,999,100,0.02,controlled_d2_s999,controlled_d2_s999::region_1,"[1.7931439441331154, -2.551748008334432]","[[0.14381329139857077, 0.15848998059069236], [0.15848998059069236, 0.7926044176399429]]",0.9141414141414141,8,24,168.8030624221912,gp,0.8417391304347825,0.9962932709699448,1.0,0.7313043478260869,0.9962932709699448,0.8386190315642665,0.6666666666666667,-0.7907073564697266
2,999,100,0.02,controlled_d2_s999,controlled_d2_s999::region_2,"[-2.8340082958071164, -2.5696711052598826]","[[0.707046392354759, 0.3467486979248976], [0.3467486979248976, 0.4842091280917697]]",0.9191919191919192,7,21,168.8030624221912,gp,0.3948051948051948,0.7562370791544085,0.3333333333333333,0.7233766233766233,0.9637295035857478,0.2985663273544678,0.6666666666666667,-0.9629670558917764
2,999,100,0.05,controlled_d2_s999,controlled_d2_s999::region_0,"[1.7931457904962, -2.551738765015464]","[[0.14381485003264188, 0.15849873575980492], [0.15849873575980492, 0.7926480456637661]]",0.9217171717171717,8,24,168.24390973470557,gp,0.6904347826086955,0.9962932709699448,1.0,0.6843478260869565,1.0,0.68787552795664,0.6666666666666667,-0.7907047923375773
2,999,100,0.05,controlled_d2_s999,controlled_d2_s999::region_1,"[-0.9609011610427582, -0.5623768108371853]","[[5.679142988378107, 5.567135458707625], [5.567135458707625, 6.033926574627116]]",0.8922558922558923,12,36,168.24390973470557,gp,0.4808236808236809,0.6902922961582865,0.25,0.22290862290862293,0.2204546215476297,0.33190888268305774,0.6666666666666667,-0.003140290044901026
2,999,250,0.0,controlled_d2_s999,controlled_d2_s999::region_0,"[-3.3068497948217046, -2.9146042098978]","[[0.6149951220443878, -0.0322675735476958], [-0.0322675735476958, 0.42991266392477456]]",0.9054551539491298,24,72,371.8666632977758,gp,0.9949755207691827,0.9936061855267526,0.875,0.8864235642163485,0.9398548405296664,0.9886138318839619,0.6666666666666667,-0.8215164678277516
2,999,250,0.0,controlled_d2_s999,controlled_d2_s999::region_1,"[1.5959669306781832, 1.970667988194769]","[[0.477538587747929, -0.015064785265080677], [-0.015064785265080677, 0.35848860210859196]]",0.895917001338688,12,36,371.8666632977758,gp,0.9835180289921213,0.9840798402985004,1.0,0.8383526383526384,0.9899345794043413,0.9678602649012625,0.6666666666666667,-0.6775554002669746
2,999,250,0.0,controlled_d2_s999,controlled_d2_s999::region_2,"[1.8403183024597538, -2.684595583460933]","[[0.15149175260660688, 0.05515366314857037], [0.05515366314857037, 0.7896109407262482]]",0.899885255306942,14,42,371.8666632977758,gp,0.9730934563357219,0.9779646613186641,0.8,0.871485292926019,0.9731024450673421,0.9516510124567725,0.6666666666666667,-0.7854894166960141
2,999,250,0.02,controlled_d2_s999,controlled_d2_s999::region_0,"[1.7746024672016498, 2.1009065122500634]","[[0.6030761306841594, 0.12463900042489501], [0.12463900042489501, 0.41977381834321764]]",0.8798049340218013,14,42,367.7734238457138,gp,0.8338870431893688,0.9856818163590907,1.0,0.8549550279555953,0.9953256166697549,0.8219472953692085,0.6666666666666667,-0.6611007820593786
2,999,250,0.02,controlled_d2_s999,controlled_d2_s999::region_1,"[-3.393680294432992, -2.924802754656289]","[[0.46078046013974366, -0.05492357562020064], [-0.05492357562020064, 0.44610355510559224]]",0.9104243059193295,23,69,367.7734238457138,gp,0.9190354402630617,0.9859505404270497,0.8571428571428571,0.8550237486298868,0.9429953792132312,0.9061234889989772,0.6666666666666667,-0.7922793813007274
2,999,250,0.02,controlled_d2_s999,controlled_d2_s999::region_2,"[1.8679021057441054, -2.5463609581093714]","[[0.1527481095764096, 0.006675527741344097], [0.006675527741344097, 0.561187362317684]]",0.9094840902069817,13,39,367.7734238457138,gp,0.8823886639676114,0.9942662602865509,1.0,0.8295546558704454,0.9731048083601973,0.877329277042323,0.6666666666666667,-0.7541222069726549
2,999,250,0.05,controlled_d2_s999,controlled_d2_s999::region_0,"[1.422051506363753, 1.8630057137664964]","[[0.598370115148662, 0.12525271040140779], [0.12525271040140779, 0.5058350564911849]]",0.878370625358577,14,42,379.3411617312196,gp,0.5954946924884531,0.971547090190665,0.8,0.8222186208573049,0.9730310456058548,0.5785511357111415,0.6666666666666667,-0.6494314890598724
2,999,250,0.05,controlled_d2_s999,controlled_d2_s999::region_1,"[-3.3018140039708697, -2.8777251003922735]","[[0.6545493645100672, -0.040842822530080314], [-0.040842822530080314, 0.41644178389621517]]",0.9111227518770736,23,69,379.3411617312196,gp,0.7906101571063208,0.9940179288729168,1.0,0.7857142857142858,0.9472811975096619,0.7858806709127164,0.6666666666666667,-0.8451006116035609
2,999,250,0.05,controlled_d2_s999,controlled_d2_s999::region_2,"[1.7930579912737408, -2.65488031078276]","[[0.13140469212522127, 0.08237223731782542], [0.08237223731782542, 0.8266358263164324]]",0.9097930182267532,13,39,379.3411617312196,gp,0.746709875600977,0.9465128635286544,0.5,0.7720647773279353,0.9591539749823303,0.706770502580206,0.6666666666666667,-0.8066892361774403
2,999,500,0.0,controlled_d2_s999,controlled_d2_s999::region_0,"[-3.2121998509196397, -2.3584728864315156]","[[0.7819470851287078, -0.009979620513692463], [-0.009979620513692463, 0.5813412281591592]]",0.9080035070140282,32,96,732.7814741262815,gp,0.9984264573145571,0.993837463878049,1.0,0.9432582745523603,0.9973026823701907,0.9922736182062447,0.6666666666666667,-0.9689921931175483
2,999,500,0.0,controlled_d2_s999,controlled_d2_s999::region_1,"[1.7174281833898863, 1.945081295201052]","[[0.5705287591397873, 0.1805056155188065], [0.1805056155188065, 0.46341170175392515]]",0.8979322280925488,44,96,732.7814741262815,gp,0.9989385476812314,0.9963765260634441,1.0,0.9406673901247964,0.9916829739469963,0.9953189198894874,0.5416666666666667,-0.6919498201222636
2,999,500,0.0,controlled_d2_s999,controlled_d2_s999::region_2,"[1.636110409886651, -2.67466912542323]","[[0.24706075579783335, 0.0360369285139855], [0.0360369285139855, 0.8708487034622463]]",0.8964595858383433,24,72,732.7814741262815,gp,0.9842106960743754,0.995993861395828,0.875,0.8919866229339509,0.9834416261745913,0.9802678116101928,0.6666666666666667,-0.8376441291893892
2,999,500,0.02,controlled_d2_s999,controlled_d2_s999::region_0,"[1.6344020231083198, -2.594920072689869]","[[0.2577825763550996, 0.04311501302432009], [0.04311501302432009, 0.7630009194533869]]",0.9014550840812059,23,69,736.370404884488,gp,0.7735912823786576,0.9320841570208805,0.5714285714285714,0.8351479722323712,0.9894424916347178,0.721052178314613,0.6666666666666667,-0.8216684283216567
2,999,500,0.02,controlled_d2_s999,controlled_d2_s999::region_1,"[-3.195198550510393, -2.39944791909435]","[[0.8082275285423529, -0.019682520055107407], [-0.019682520055107407, 0.6159016713954072]]",0.9032003400740876,33,96,736.370404884488,gp,0.9118225619564482,0.9976246636352271,1.0,0.8873575691806836,0.9969940136653008,0.9096566766668126,0.65625,-0.9805260721797435
2,999,500,0.02,controlled_d2_s999,controlled_d2_s999::region_2,"[1.6978494205038979, 1.9060375057649521]","[[0.5321245413439888, 0.15265068517122662], [0.15265068517122662, 0.5072260541705673]]",0.8986609582801968,44,96,736.370404884488,gp,0.968773738469886,0.9952498175196064,0.9,0.9528757460661964,0.9965843376994651,0.9641718864299409,0.5416666666666667,-0.6958296876579138
2,999,500,0.05,controlled_d2_s999,controlled_d2_s999::region_0,"[-3.0553113949949773, -2.407226602668152]","[[0.983107137056725, -0.0853573820950227], [-0.0853573820950227, 0.6139298379270016]]",0.900543945032923,35,96,755.1887403956833,gp,0.8117407675845079,0.9897024577959459,0.9,0.8323657080846446,0.9824978822284354,0.8033818327715552,0.6354166666666667,-0.9938618259398538
2,999,500,0.05,controlled_d2_s999,controlled_d2_s999::region_1,"[1.7380191945385275, 1.8021775934186883]","[[0.5289777902195342, 0.13813173106735388], [0.13813173106735388, 0.5526625525355664]]",0.8995665750104863,43,96,755.1887403956833,gp,0.8515085848820833,0.9961348064551465,0.9,0.8917254476397178,0.9946005427874409,0.8482173393964098,0.5520833333333333,-0.6991473650503993
2,999,500,0.05,controlled_d2_s999,controlled_d2_s999::region_2,"[1.579705364532921, -2.7271746814450526]","[[0.38988512334602843, 0.24683354496257648], [0.24683354496257648, 0.8579090217477632]]",0.903625432683549,22,66,755.1887403956833,gp,0.6346519152489304,0.9564818563368739,0.7142857142857143,0.8632293080054275,0.9632889717205184,0.6070330420250493,0.6666666666666667,-0.8365983014932519
2,1234,100,0.0,controlled_d2_s1234,controlled_d2_s1234::region_0,"[1.5574300928406106, 3.3575155505873]","[[0.3974924751875197, -0.11950968949622678], [-0.11950968949622678, 0.9448241770955147]]",0.8943985307621672,11,33,152.85624074854076,gp,0.9789438502673797,0.9977477746323121,1.0,0.8465909090909091,0.9550720340872842,0.9767390480942655,0.6666666666666667,-0.7762992239298082
2,1234,100,0.0,controlled_d2_s1234,controlled_d2_s1234::region_1,"[0.1402364319566704, -2.1886264653800365]","[[0.6656953066862445, -0.17666746050282806], [-0.17666746050282806, 0.5452429983436615]]",0.9158249158249158,9,27,152.85624074854076,gp,0.949778670812261,0.9746200987490842,1.0,0.8785103785103784,0.9967213077206802,0.9256733819368197,0.6666666666666667,-0.9394826036537127
2,1234,100,0.02,controlled_d2_s1234,controlled_d2_s1234::region_0,"[1.5574300928406106, 3.3575155505873]","[[0.3974924751875197, -0.11950968949622678], [-0.11950968949622678, 0.9448241770955147]]",0.8971533516988064,11,33,152.85624074854076,gp,0.6824866310160428,0.984911423457743,1.0,0.770053475935829,0.9550720340872842,0.6721888792448901,0.6666666666666667,-0.7762992239298082
2,1234,100,0.02,controlled_d2_s1234,controlled_d2_s1234::region_1,"[0.14023643195667043, -2.188626465380037]","[[0.6656953066862442, -0.176667460502828], [-0.176667460502828, 0.5452429983436614]]",0.9124579124579125,9,27,152.85624074854076,gp,0.9249084249084248,0.9905081816325516,1.0,0.8553113553113553,0.9967213077206802,0.9161293621326713,0.6666666666666667,-0.9394826036537125
2,1234,100,0.05,controlled_d2_s1234,controlled_d2_s1234::region_0,"[1.557423024274015, 3.357648033762995]","[[0.3977577682830063, -0.11922477329264408], [-0.11922477329264408, 0.9454493266713283]]",0.888888888888889,11,33,158.55809787372914,gp,0.786096256684492,0.984911423457743,1.0,0.7760695187165776,0.9550720340872842,0.7742351831459263,0.6666666666666667,-0.7763250242295295
2,1234,100,0.05,controlled_d2_s1234,controlled_d2_s1234::region_1,"[0.20186432248214087, -1.9611614578390248]","[[0.602472592470148, -0.02735297180604404], [-0.02735297180604404, 1.045140023091139]]",0.9225589225589226,9,27,158.55809787372914,gp,0.7081807081807082,0.7491890532345447,0.3333333333333333,0.8901098901098901,1.0,0.5305612342808741,0.6666666666666667,-0.995175642419817
2,1234,250,0.0,controlled_d2_s1234,controlled_d2_s1234::region_0,"[0.2747631063882678, -1.853632709257102]","[[0.848878602903907, 0.1307695970639871], [0.1307695970639871, 0.9612305379822375]]",0.9029451137884873,30,90,373.91546565006234,gp,0.9969954891516858,0.9954323140411525,0.8888888888888888,0.8688562373955632,0.9928386222111603,0.9924415268548533,0.6666666666666667,-0.9975460671495109
2,1234,250,0.0,controlled_d2_s1234,controlled_d2_s1234::region_1,"[1.604810236890092, 2.7586542098391806]","[[0.6494227058055021, 0.545360471687068], [0.545360471687068, 1.4721066014559918]]",0.8995983935742974,20,60,373.91546565006234,gp,0.9665462628507921,0.9174730614956464,0.6666666666666666,0.7074742984162269,0.871591627600406,0.886780158854892,0.6666666666666667,-0.5402217179688154
2,1234,250,0.02,controlled_d2_s1234,controlled_d2_s1234::region_0,"[0.23038402952269904, -1.886576666013618]","[[0.8854799635139584, 0.1884957156524392], [0.1884957156524392, 0.9888319255771184]]",0.9005052467936262,31,93,372.31801410181276,gp,0.9508068306703568,0.9931467088669216,0.9,0.8346363880516844,0.9937975214805073,0.9442906746484532,0.6666666666666667,-0.9997875822313073
2,1234,250,0.02,controlled_d2_s1234,controlled_d2_s1234::region_1,"[1.5947960173548976, 2.668176690539081]","[[0.6768448331245593, 0.5227919912039147], [0.5227919912039147, 1.231585385917008]]",0.9034030860283239,19,57,372.31801410181276,gp,0.9405626134301273,0.9496789032609186,0.6666666666666666,0.7037205081669692,0.8296440576515803,0.8932324711705466,0.6666666666666667,-0.48711029030952724
2,1234,250,0.05,controlled_d2_s1234,controlled_d2_s1234::region_0,"[0.3369861975344295, -1.7894289197565296]","[[0.7629229922339096, 0.09755123447384206], [0.09755123447384206, 1.0494719467372235]]",0.9087384018833957,29,87,375.53513438917594,gp,0.8838849602682802,0.9944110114197078,0.8888888888888888,0.7896041408471238,0.9771426736153248,0.8789449373190488,0.6666666666666667,-0.9871322377962937
2,1234,250,0.05,controlled_d2_s1234,controlled_d2_s1234::region_1,"[1.762641967661657, 2.6884318723594007]","[[0.7829614431213643, 0.3985272596803288], [0.3985272596803288, 1.0840120625994405]]",0.8917575062153377,21,63,375.53513438917594,gp,0.8981374807987711,0.9063763445733257,0.42857142857142855,0.6432891705069125,0.8535609917354947,0.8140505667706857,0.6666666666666667,-0.5539816415174035
2,1234,500,0.0,controlled_d2_s1234,controlled_d2_s1234::region_0,"[1.6605830287177092, 3.0042240050174396]","[[0.60138143208863, 0.3470567547764211], [0.3470567547764211, 1.1718229607862478]]",0.8955860438826372,39,96,703.9132149353685,gp,0.9928343490098768,0.9888809439341555,0.9,0.7437194791101466,0.8076238802931924,0.9817949682191397,0.59375,-0.692061436805703
2,1234,500,0.0,controlled_d2_s1234,controlled_d2_s1234::region_1,"[0.20885089431372528, -1.896560974267567]","[[0.744373860485365, 0.23100751762295446], [0.23100751762295446, 1.0014432047152875]]",0.9041361411347285,61,96,703.9132149353685,gp,0.9942756375474768,0.9958270069207575,0.9,0.9376966901790559,0.9980428796100449,0.9901265321931318,0.36458333333333337,-0.9998310056788985
2,1234,500,0.02,controlled_d2_s1234,controlled_d2_s1234::region_0,"[1.6617780690317483, 3.0060120829516945]","[[0.6005809356606453, 0.3443883452595793], [0.3443883452595793, 1.1709550070830541]]",0.8950721956733982,39,96,704.2917180570607,gp,0.9736264705240146,0.983212121945195,0.8,0.7216630493760173,0.8178960197743022,0.9572813480659274,0.59375,-0.6933805251312675
2,1234,500,0.02,controlled_d2_s1234,controlled_d2_s1234::region_1,"[0.22379574910336467, -1.837067708105622]","[[0.7724963384636926, 0.28894582614291753], [0.28894582614291753, 1.0166053657275056]]",0.904464667038996,61,96,704.2917180570607,gp,0.9720835594139988,0.9964124318795785,0.9,0.9287303309820945,0.9977221312513059,0.9685961434258593,0.36458333333333337,-0.9996645578907586
2,1234,500,0.05,controlled_d2_s1234,controlled_d2_s1234::region_0,"[1.6723728991398477, 3.102884723663537]","[[0.6016942059035003, 0.35842039819812965], [0.35842039819812965, 1.1428858938005617]]",0.8918349519551925,39,96,703.903377784481,gp,0.9328676071622356,0.9763899544418068,0.8,0.7224226804123711,0.8263213034554758,0.9108425604573726,0.59375,-0.7409700243912907
2,1234,500,0.05,controlled_d2_s1234,controlled_d2_s1234::region_1,"[0.23040384816271559, -1.9549587993117241]","[[0.7622913137828007, 0.20496785157998534], [0.20496785157998534, 0.9654700230207696]]",0.9065343802358816,61,96,703.903377784481,gp,0.9443705914270211,0.9935373145180515,0.9,0.9361502984264786,0.9980497703702094,0.9382674213162265,0.36458333333333337,-0.9955003685454648
2,5678,100,0.0,controlled_d2_s5678,controlled_d2_s5678::region_0,"[-3.2196465413838853, -2.783413243773466]","[[0.9345973604725902, -0.13639078693047252], [-0.13639078693047252, 0.9377264174141233]]",0.8943985307621672,11,33,171.98014595624733,gp,0.9695855614973262,0.9542521815935355,0.75,0.7784090909090909,0.9752874079755878,0.9252291373004167,0.6666666666666667,-0.6876159725535534
2,5678,100,0.0,controlled_d2_s5678,controlled_d2_s5678::region_1,"[0.28218150926708996, 1.106543535543398]","[[1.0383241042472475, -0.26563604890189163], [-0.26563604890189163, 1.0124567438887586]]",0.9158249158249158,9,27,171.98014595624733,gp,0.868131868131868,1.0,1.0,0.8144078144078144,0.9485799776740109,0.868131868131868,0.6666666666666667,-0.7583335058634223
2,5678,100,0.02,controlled_d2_s5678,controlled_d2_s5678::region_0,"[-1.6058530069290944, -1.0149308656055014]","[[4.041545911012924, 3.095228308231508], [3.095228308231508, 4.626507196382721]]",0.904040404040404,20,60,172.69626189720034,gp,0.38255070853014733,0.7592000892982822,0.5,0.5440955821061407,0.7121798444123968,0.290432532077209,0.6666666666666667,-0.5879307458990338
2,5678,100,0.05,controlled_d2_s5678,controlled_d2_s5678::region_0,"[-2.7422007797781376, -2.7202306519926376]","[[1.869864685180016, -1.1177306557875561], [-1.1177306557875561, 1.3960639190859339]]",0.9023569023569024,9,27,198.8387594100992,gp,0.6758241758241758,0.7652515371304264,0.0,0.5952380952380952,0.8766305724818603,0.517175489379354,0.6666666666666667,-0.49662397656715906
2,5678,100,0.05,controlled_d2_s5678,controlled_d2_s5678::region_1,"[0.789161512334847, 0.4153286081619438]","[[4.105049572608587, -3.4708395075760685], [-3.4708395075760685, 4.755905141200363]]",0.9054178145087235,11,36,198.8387594100992,gp,0.18970398970398972,0.6284415838126193,0.25,0.0833976833976834,0.7486579396866667,0.11921787574514812,0.6944444444444444,-0.20501687952488837
2,5678,250,0.0,controlled_d2_s5678,controlled_d2_s5678::region_0,"[0.2886047386218718, 1.364989219349681]","[[0.7491537774210142, -0.3259789525218765], [-0.3259789525218765, 0.35920764295797625]]",0.9225135837467517,17,51,372.7045822691886,gp,0.9931221719457014,0.9976734913444598,1.0,0.93131221719457,0.9971555373144362,0.9908116646166608,0.6666666666666667,-0.847574590664936
2,5678,250,0.0,controlled_d2_s5678,controlled_d2_s5678::region_1,"[-2.392123077452944, -1.9437301961947153]","[[1.8671659347311051, 0.700831205198668], [0.700831205198668, 1.0973438077263336]]",0.8908360715589632,33,96,372.7045822691886,gp,0.9815382528486164,0.988723954750726,0.9,0.5310499186109604,0.7230942626947683,0.9704703830956021,0.65625,-0.1674372249881095
2,5678,250,0.02,controlled_d2_s5678,controlled_d2_s5678::region_0,"[-1.4826228087798428, -0.794933345881315]","[[3.249685418200215, 2.4307511377287074], [2.4307511377287074, 3.282062050954888]]",0.9016064257028112,50,96,381.3224865634177,gp,0.8829896907216493,0.9710367703431296,0.7,0.579869777536625,0.5689712334477726,0.8574154575246292,0.47916666666666663,-0.5192851577601594
2,5678,250,0.05,controlled_d2_s5678,controlled_d2_s5678::region_0,"[0.5142506559401185, 1.182193755264959]","[[1.2669765739444392, -1.2009334746459421], [-1.2009334746459421, 1.4997396167642014]]",0.9190093708165996,18,55,409.5301017387296,gp,0.7527417027417028,0.9919824746877831,0.8333333333333334,0.6103174603174605,0.9703095874484984,0.74670657708641,0.6727272727272727,-0.8120655871371524
2,5678,250,0.05,controlled_d2_s5678,controlled_d2_s5678::region_1,"[-2.3909967214828023, -1.9313080584594178]","[[2.205694821309468, 0.23558051962709298], [0.23558051962709298, 1.302630928442223]]",0.8918172690763052,32,96,409.5301017387296,gp,0.7312669560499186,0.9775746237714357,0.7,0.49301410743353224,0.7151891031131582,0.7148680194369822,0.6666666666666667,-0.16495770878018137
2,5678,500,0.0,controlled_d2_s5678,controlled_d2_s5678::region_0,"[0.41916104703633533, 1.2536661645290619]","[[1.004453772950234, -0.17218983232722007], [-0.17218983232722007, 0.23759177625804753]]",0.9115831663326653,25,75,719.8979549741119,gp,0.9919416212314991,0.9946885686320981,0.875,0.9010241820768137,0.9950045182852667,0.9866729913893626,0.6666666666666667,-0.8403151549842162
2,5678,500,0.0,controlled_d2_s5678,controlled_d2_s5678::region_1,"[-3.466848037903681, -3.3777275889847362]","[[0.6812296595718657, -0.24869890243851422], [-0.24869890243851422, 0.5585675111946681]]",0.8867491079720417,41,96,719.8979549741119,gp,0.993593982622312,0.9905906469198529,0.9,0.6306836679327185,0.9442411521900381,0.9842449060215092,0.5729166666666667,-0.5076635119774747
2,5678,500,0.0,controlled_d2_s5678,controlled_d2_s5678::region_2,"[-1.0963598441119942, -1.5156764511181138]","[[0.8000345320872476, 0.17822040915715992], [0.17822040915715992, 0.35795989922222043]]",0.9098196392785571,34,96,719.8979549741119,gp,0.9778893109061313,0.9960552468527437,0.8,0.5912913727618013,0.935309793277232,0.9740317789692661,0.6458333333333333,-0.8342782532871585
2,5678,500,0.02,controlled_d2_s5678,controlled_d2_s5678::region_0,"[-3.4865970354649467, -3.343594373871705]","[[0.6780020156740997, -0.23139071041616266], [-0.23139071041616266, 0.5468708356336198]]",0.8872745490981963,40,96,716.4377483103776,gp,0.9357162235485621,0.9815838763843019,0.8,0.572069994574064,0.9383043890559795,0.9184839579064775,0.5833333333333333,-0.5222694228832125
2,5678,500,0.02,controlled_d2_s5678,controlled_d2_s5678::region_1,"[0.5466937911000397, 1.2604600515086584]","[[1.0097946067177335, -0.06792422495191777], [-0.06792422495191777, 0.2175612356656566]]",0.9098196392785571,26,78,716.4377483103776,gp,0.8112698141882101,0.995555476680484,0.875,0.7744533947065592,0.9975763788533626,0.8076641065806313,0.6666666666666667,-0.82095994690056
2,5678,500,0.02,controlled_d2_s5678,controlled_d2_s5678::region_2,"[-0.9964976305296069, -1.5483305347747822]","[[0.645002106024505, 0.17548384475146564], [0.17548384475146564, 0.3795556372763655]]",0.909819639278557,34,96,716.4377483103776,gp,0.8754883342376559,0.9918080347995779,0.8,0.41591155724362455,0.9217924573922051,0.8683163642702055,0.6458333333333333,-0.8246958881481706
2,5678,500,0.05,controlled_d2_s5678,controlled_d2_s5678::region_0,"[0.2706027264117345, -1.8626751623341278]","[[7.144889154375904, -4.128473849250216], [-4.128473849250216, 2.9259941747302083]]",0.8296593186372746,5,24,833.4866088602645,gp,0.7852173913043478,0.8754563353017739,0.3333333333333333,0.34695652173913033,0.7751252105230092,0.6874235398065233,0.7916666666666666,-0.08163808098381407
2,5678,500,0.05,controlled_d2_s5678,controlled_d2_s5678::region_1,"[-3.5372091647782424, -3.356648506181314]","[[0.5135475923132518, -0.2721241795790871], [-0.2721241795790871, 0.5100369848497559]]",0.8965788720297738,28,84,833.4866088602645,gp,0.8517768553204415,0.9931158888984442,0.8888888888888888,0.631041814316088,0.9295933545497151,0.8459131288146817,0.6666666666666667,-0.5068163440093294
2,5678,500,0.05,controlled_d2_s5678,controlled_d2_s5678::region_2,"[-0.4226486340226284, -0.31882079056987683]","[[2.8929961253349457, 2.106244197135699], [2.106244197135699, 3.1223091554306457]]",0.907875452397332,67,96,833.4866088602645,gp,0.8586272381985893,0.9716331497270745,0.7,0.2689907759088443,0.3602256619324257,0.8342706878923544,0.30208333333333337,-0.06091214708942303
2,8888,100,0.0,controlled_d2_s8888,controlled_d2_s8888::region_0,"[-0.1937904589944085, -0.6577119654319331]","[[0.8431863659683525, 0.478555152761727], [0.478555152761727, 4.090687845619941]]",0.904040404040404,20,60,151.87927653054436,gp,0.9401908891000292,0.961354569860993,0.8333333333333334,0.9048624617949431,0.9805621521343342,0.9038568077779832,0.6666666666666667,-0.9172167802396206
2,8888,100,0.02,controlled_d2_s8888,controlled_d2_s8888::region_0,"[-0.0656257689168249, -0.510036123163973]","[[0.7325058682946346, 0.5870933672481422], [0.5870933672481422, 4.487755371100313]]",0.904040404040404,20,60,150.07596540949308,gp,0.8705872546999474,0.8846501226185214,0.3333333333333333,0.8644623506529594,0.9617448604491593,0.7701651216204304,0.6666666666666667,-0.9664957007188578
2,8888,100,0.05,controlled_d2_s8888,controlled_d2_s8888::region_0,"[-0.17927578560702975, -0.9314257968715408]","[[0.8535161622960538, 0.375154428723072], [0.375154428723072, 4.317073225121047]]",0.904040404040404,20,60,153.795426873101,gp,0.7902195054181719,0.9627335667272737,0.6666666666666666,0.756265629341484,0.9812143385955823,0.7607708429486988,0.6666666666666667,-0.824957538620226
2,8888,250,0.0,controlled_d2_s8888,controlled_d2_s8888::region_0,"[-0.03959883972335053, -0.1470383671548868]","[[0.9331823855996442, 0.5014151315598928], [0.5014151315598928, 3.162080846804974]]",0.9016064257028112,50,96,352.99072860460274,gp,0.966385870759974,0.9922431445418367,0.9,0.8600786760716224,0.9587198268156101,0.9588897552436776,0.47916666666666663,-1.0025482009587232
2,8888,250,0.02,controlled_d2_s8888,controlled_d2_s8888::region_0,"[0.0010687843599698965, -0.19673658733310384]","[[0.8777526059272158, 0.4366183699968822], [0.4366183699968822, 3.403232070882722]]",0.9016064257028112,50,96,354.7590382231212,gp,0.9787404325220161,0.9972608414844771,0.9,0.8557650569723277,0.9588500379684661,0.9760595073317869,0.47916666666666663,-1.0032625740499057
2,8888,250,0.05,controlled_d2_s8888,controlled_d2_s8888::region_0,"[-0.018188912960176128, -0.07247994246016574]","[[0.8506405173151389, 0.5154919030335516], [0.5154919030335516, 3.42803209974551]]",0.9016064257028112,50,96,352.07255098776324,gp,0.9201848963058162,0.9863304572099417,0.8,0.8216359196961475,0.9251344051524883,0.9076063894909986,0.47916666666666663,-0.995862421315597
2,8888,500,0.0,controlled_d2_s8888,controlled_d2_s8888::region_0,"[-0.04410738238886504, -0.44287563422230464]","[[0.9126587240677938, 0.44640501642357433], [0.44640501642357433, 3.9491838035236753]]",0.9008016032064128,100,96,713.1096908831961,gp,0.9910536852445119,0.9944668280187738,1.0,0.7414134563212154,0.9766415045567556,0.985570014761426,0.0,-0.9810194000648499
2,8888,500,0.02,controlled_d2_s8888,controlled_d2_s8888::region_0,"[-0.008609883124631236, -0.338027238944582]","[[0.9025008434267027, 0.44146437574598674], [0.44146437574598674, 3.988439071023194]]",0.9008016032064128,100,96,713.1007629469866,gp,0.9685562745909364,0.9940695026198815,0.9,0.7216901790558871,0.9659821857659766,0.9628122541419775,0.0,-0.996334801236764
2,8888,500,0.05,controlled_d2_s8888,controlled_d2_s8888::region_0,"[0.0057850262302508336, -0.4711066273249724]","[[0.948438782043293, 0.5543821858264656], [0.5543821858264656, 4.128637902522434]]",0.9008016032064128,100,96,718.9130412232356,gp,0.9218665219750406,0.9854218427908666,0.9,0.7341291372761801,0.9701244968625062,0.9084274068918514,0.0,-0.9741314093190953
5,42,100,0.0,controlled_d5_s42,controlled_d5_s42::region_0,"[-0.03446110122273937, 3.3292479803016866, 1.2305140072072398, -2.4410920055920218, 0.6724759868369947]","[[4.129176244914123, 1.355023248576447, -1.1947770404776124, 1.0942826559336414, 0.7697473131513124], [1.355023248576447, 0.5948776268599777, -0.34842936572678984, 0.4556636661744284, 0.41597403076732287], [-1.1947770404776124, -0.34842936572678984, 0.6625328918015919, -0.2658707884898669, -0.5742195672174913], [1.0942826559336414, 0.4556636661744284, -0.2658707884898669, 2.450273207043247, -0.7070012817131957], [0.7697473131513124, 0.41597403076732287, -0.5742195672174913, -0.7070012817131957, 1.364578324211579]]",0.9151515151515153,5,20,441.28225160850644,gp,0.35639097744360904,0.6116028431209408,0.5,0.7503759398496239,0.9273307475492574,0.21796973506716238,0.75,-1.626014599897734e-05
5,42,100,0.0,controlled_d5_s42,controlled_d5_s42::region_1,"[-0.17091775429737768, -1.6556727752499416, -1.7454182479928677, 2.965722348254625, -0.27687114470036406]","[[7.508680312274293, 2.5304200004391015, 0.3208148253183608, 0.3461276981609166, 1.4809898538650645], [2.5304200004391015, 3.7482984453966033, -0.3328055172454237, 0.008465777618617311, 1.0213364555364093], [0.3208148253183608, -0.3328055172454237, 2.4440514524751, 0.5867345996273057, -0.15178297123539142], [0.3461276981609166, 0.008465777618617311, 0.5867345996273057, 1.270497236777274, 0.2508391819471562], [1.4809898538650645, 1.0213364555364093, -0.15178297123539142, 0.2508391819471562, 2.466452147882845]]",0.913682277318641,11,33,441.28225160850644,gp,0.6006016042780749,0.9173212657316991,0.25,0.8068181818181819,0.9584574375279694,0.5509446238368527,0.6666666666666667,-0.3466858559565798
5,42,100,0.0,controlled_d5_s42,controlled_d5_s42::region_2,"[1.017972061766438, -1.259044745260686, 2.312508515279058, -1.530518964880048, 0.7856313249577357]","[[4.521125189135823, 3.0325221658359807, 0.45224078296771664, -2.3904811944262048, 0.8519535015864959], [3.0325221658359807, 3.169249882690177, -0.3371487288779087, -2.469975893413977, 0.2833889001637486], [0.45224078296771664, -0.3371487288779087, 0.6011489757032303, 0.15101271200996164, 0.5116834681843208], [-2.3904811944262048, -2.469975893413977, 0.15101271200996164, 1.9964076189641575, -0.3762819303138014], [0.8519535015864959, 0.2833889001637486, 0.5116834681843208, -0.3762819303138014, 0.6195951672214564]]",0.8636363636363636,4,20,441.28225160850644,gp,-0.38646616541353385,0.5458930587619066,0.0,0.08571428571428572,0.7245731088736405,0.0,0.8,-3.200759372800803e-10
5,42,100,0.02,controlled_d5_s42,controlled_d5_s42::region_0,"[0.39452559851967955, -1.27073027593774, -2.601131590291622, -3.5272277476117293, 2.127010252272219]","[[3.2066243400472043, -1.9968002934423241, 2.690931851877748, 1.027365090676192, 2.4479869913586763], [-1.9968002934423241, 11.425150045952943, -3.538258192825386, -2.373663646855516, 4.356756395045745], [2.690931851877748, -3.538258192825386, 3.8180305943803075, 0.9154061583804375, 2.071105284524105], [1.027365090676192, -2.373663646855516, 0.9154061583804375, 0.6918515322230145, -0.45525409270976425], [2.4479869913586763, 4.356756395045745, 2.071105284524105, -0.45525409270976425, 6.266769858124537]]",0.9090909090909091,4,20,478.715208000771,gp,0.12932330827067667,0.8012633509742605,0.0,0.4060150375939849,0.9204603285455422,0.10362202734403969,0.8,-3.343633663510806e-14
5,42,100,0.02,controlled_d5_s42,controlled_d5_s42::region_1,"[1.2307093940802614, -0.32050331008016686, -1.7742702722313868, 2.8043594548875284, -2.5383464552218866]","[[6.785418221219208, 1.7458368439296186, 0.9912174338653181, 0.2540577296807651, -1.0035009890093818], [1.7458368439296186, 8.99087415823372, 0.4166727156532785, -1.4742396914752485, 1.665142294615027], [0.9912174338653181, 0.4166727156532785, 1.8253217858625768, -1.1495774801708738, 0.319971258862045], [0.2540577296807651, -1.4742396914752485, -1.1495774801708738, 1.3269951089898955, -0.45768469502651754], [-1.0035009890093818, 1.665142294615027, 0.319971258862045, -0.45768469502651754, 0.9244233141211395]]",0.9191919191919192,5,20,478.715208000771,gp,0.3744360902255639,0.5291078716383572,0.0,0.625563909774436,0.9273307475492574,0.198117082763836,0.75,-0.0001431360430564699
5,42,100,0.02,controlled_d5_s42,controlled_d5_s42::region_2,"[-1.5763072479089784, 0.9974159917221804, 1.420435270132422, -2.8423426885084653, 0.6792699791085891]","[[5.2392360008628245, -0.1302937231885244, 2.0376385064503717, 0.449304400286035, 1.9060347750510158], [-0.1302937231885244, 3.9517985638743354, -1.6690288441303642, -1.8215825223945832, 0.014068313258259895], [2.0376385064503717, -1.6690288441303642, 4.440978514378111, 0.571967117343753, 2.8299501472073976], [0.449304400286035, -1.8215825223945832, 0.571967117343753, 2.229945506009177, 0.5772901947445079], [1.9060347750510158, 0.014068313258259895, 2.8299501472073976, 0.5772901947445079, 5.778908062501634]]",0.8953168044077136,11,33,478.715208000771,gp,0.2820855614973262,0.6473292928658843,0.0,0.46557486631016043,0.636539433169476,0.18260224705174008,0.6666666666666667,-9.075994446374577e-08
5,42,100,0.05,controlled_d5_s42,controlled_d5_s42::region_0,"[3.246294888876666, 1.52211461230045, 0.7513601823407471, 3.3060040992144653, 0.3191322550243792]","[[0.49366385287511544, 1.435928293289157, 0.7163731045031299, -0.5628588532093862, 0.05845351118162524], [1.435928293289157, 6.494348178001733, 5.115725930983643, -1.7567845466723673, -1.8931308068709325], [0.7163731045031299, 5.115725930983643, 6.825701830627999, -0.6009248333685446, -0.6056822508512507], [-0.5628588532093862, -1.7567845466723673, -0.6009248333685446, 1.1761414863825315, 1.3868819744817045], [0.05845351118162524, -1.8931308068709325, -0.6056822508512507, 1.3868819744817045, 6.444788693901137]]",0.8868686868686868,5,20,510.71300459067197,gp,0.5473684210526315,0.4865367790985408,0.0,0.4481203007518797,0.6725121832776032,0.2663148685592013,0.75,-1.4042460189329929e-07
5,42,100,0.05,controlled_d5_s42,controlled_d5_s42::region_1,"[0.6331861015238408, 1.0065390600916813, -2.1569861278489464, -2.8136649394151636, -1.883698432781908]","[[8.757901689527873, 1.530297138770923, 3.9760345499649086, 0.634445378406608, -0.4221809998620436], [1.530297138770923, 8.637231104563634, 2.1234942082926462, -3.9669382474081925, 2.2125965174859226], [3.9760345499649086, 2.1234942082926462, 2.594316173976537, -0.9342253818077787, 0.8740849977686017], [0.634445378406608, -3.9669382474081925, -0.9342253818077787, 2.8038456278506834, -1.062018853294651], [-0.4221809998620436, 2.2125965174859226, 0.8740849977686017, -1.062018853294651, 3.7998233023285546]]",0.9074074074074074,6,20,510.71300459067197,gp,0.35939849624060144,0.7747618853474786,0.0,0.524812030075188,0.8572568568300623,0.27844825653841704,0.7,-1.760469424974162e-13
5,42,100,0.05,controlled_d5_s42,controlled_d5_s42::region_2,"[-0.198565721598094, -0.2973196507400939, 2.8602829050790306, -1.622646021974365, 2.1311178219756055]","[[1.8407473451620493, -2.4822047269754797, -0.49361774854639984, -0.4974537650674832, 0.29382239768220275], [-2.4822047269754797, 4.509483231698473, -0.23804105568548667, -0.31772053791048355, -0.0016494569181555508], [-0.49361774854639984, -0.23804105568548667, 1.9823707272510895, 1.8806122332972226, -1.937242826551709], [-0.4974537650674832, -0.31772053791048355, 1.8806122332972226, 4.38603383366392, -1.1306855925797623], [0.29382239768220275, -0.0016494569181555508, -1.937242826551709, -1.1306855925797623, 5.376975010867339]]",0.9113355780022447,9,27,510.71300459067197,gp,-0.6318681318681317,0.38826989271931983,0.0,0.5402930402930403,0.7333415589370927,0.0,0.6666666666666667,-6.41607208812894e-09
5,42,250,0.0,controlled_d5_s42,controlled_d5_s42::region_0,"[0.5213546875445411, -0.5247035699209982, -0.10004840924656369, 1.025359840194577, 0.2245576020267246]","[[5.283768202478527, -0.35089502931631295, -0.5344402026755288, -0.11218006186881242, 2.3254302192464618], [-0.35089502931631295, 6.975108862031273, 2.31366797697442, -2.4305213260922547, 0.8303149051444219], [-0.5344402026755288, 2.31366797697442, 6.312839885625281, -3.235954267024306, 1.8387620295811142], [-0.11218006186881242, -2.4305213260922547, -3.235954267024306, 4.327074123652013, -1.7061255696628757], [2.3254302192464618, 0.8303149051444219, 1.8387620295811142, -1.7061255696628757, 5.134320104883334]]",0.9016064257028112,50,96,1156.2616351925103,gp,0.45710797612588167,0.7394881797316759,0.4,0.5754205100379816,0.7363004702880562,0.3380259452061586,0.47916666666666663,-0.002634113834385574
5,42,250,0.02,controlled_d5_s42,controlled_d5_s42::region_0,"[-0.38615354532344964, -0.4144834472233376, 0.18386847776143764, -0.4336748805117064, 0.45443323396196206]","[[8.51117573484745, 0.11326678523422401, 0.58679892601197, 1.975427332509302, -0.42287375646244274], [0.11326678523422401, 7.4742090522712825, -1.3011099568661508, 1.0440197678309917, -0.14874438486635183], [0.58679892601197, -1.3011099568661508, 8.235113291097555, 0.09632703924936853, 1.7615406895096752], [1.975427332509302, 1.0440197678309917, 0.09632703924936853, 8.66060967115965, 0.8463825188337616], [-0.42287375646244274, -0.14874438486635183, 1.7615406895096752, 0.8463825188337616, 9.24109784787014]]",0.9016064257028112,50,96,1311.7148709274313,gp,-0.21627780792186654,0.3272581340044445,0.0,-0.4734943027672273,0.37151813601271827,0.0,0.47916666666666663,-5.1207169778211705e-06
5,42,250,0.05,controlled_d5_s42,controlled_d5_s42::region_0,"[-0.33843458685486366, -0.347143509833337, 0.12311987091674964, 0.35788929262970287, -0.22365980637049304]","[[7.1237818759711535, -1.0826878726671343, -0.5481213980780797, 0.8415674308616155, 1.6168387147334116], [-1.0826878726671343, 8.116086864336182, 0.2779008447426089, 2.1358292250253017, -0.24762308999607816], [-0.5481213980780797, 0.2779008447426089, 9.485557023195454, -2.9271496460555255, 2.3339197549444073], [0.8415674308616155, 2.1358292250253017, -2.9271496460555255, 7.9063026751442855, -1.7719979375847013], [1.6168387147334116, -0.24762308999607816, 2.3339197549444073, -1.7719979375847013, 9.42071291381219]]",0.9016064257028112,50,96,1298.5987335901425,gp,0.03962289744981009,0.3942980159961579,0.0,-0.45874932175800326,0.2610716300178575,0.015623229852479341,0.47916666666666663,-0.00017613701291252013
5,42,500,0.0,controlled_d5_s42,controlled_d5_s42::region_0,"[0.7384174124583402, -0.0004407110466180919, -0.03602160753911027, 0.5981038685868719, 0.6351529148595891]","[[6.635598635379362, -0.11286246445627056, -0.369219096247455, 0.5859591824927666, 2.1982791385440685], [-0.11286246445627056, 8.314229369159753, 3.3194914487548353, -4.5810201685207526, 1.5467596971442938], [-0.369219096247455, 3.3194914487548353, 4.764318472920947, -3.0777708932095615, 0.9235654796261807], [0.5859591824927666, -4.5810201685207526, -3.0777708932095615, 7.351198228349793, -2.0677721700315725], [2.1982791385440685, 1.5467596971442938, 0.9235654796261807, -2.0677721700315725, 4.317758540420194]]",0.9008016032064128,100,96,2287.949758228701,gp,0.10793543136190993,0.42066149522673385,0.1,0.3829354313619099,0.48810592015387494,0.045404279944643536,0.0,-0.00014414625892467301
5,42,500,0.02,controlled_d5_s42,controlled_d5_s42::region_0,"[-0.0030214962803700287, 0.03557243621620716, 0.25404944463039564, 0.0007826903344404901, -0.09960376639446665]","[[8.469758087732515, 0.5738792206666516, 0.8132475106364727, -0.2652586842808269, -0.4858449780423863], [0.5738792206666516, 8.860482997659593, -0.8223683727629718, -0.8591268361103264, 0.880819568828555], [0.8132475106364727, -0.8223683727629718, 7.492128409643297, 0.6122819500245729, -0.40252833121873743], [-0.2652586842808269, -0.8591268361103264, 0.6122819500245729, 8.054793192350612, -0.14128294911354744], [-0.4858449780423863, 0.880819568828555, -0.40252833121873743, -0.14128294911354744, 7.745704163307871]]",0.9008016032064128,100,96,2551.5429972702445,gp,-0.12505425935973954,0.41570781622374864,0.1,-0.0010444926749864352,0.5319059180254027,0.0,0.0,-2.426433444758688e-05
5,42,500,0.05,controlled_d5_s42,controlled_d5_s42::region_0,"[0.0881861974041296, -0.10645124514999786, 0.31282056778706463, 0.4297833800904243, 0.21601921222539025]","[[9.012832678705054, -0.17921582860625576, -0.059521265454508324, -0.15091562336608466, -0.5254235322376306], [-0.17921582860625576, 8.372382413446449, -1.9174431570295627, -0.6348605968635437, -1.8239110308474897], [-0.059521265454508324, -1.9174431570295627, 8.501825108058545, -0.03225175021459407, -0.5294025006776052], [-0.15091562336608466, -0.6348605968635437, -0.03225175021459407, 8.378171646972117, 0.3708137114287847], [-0.5254235322376306, -1.8239110308474897, -0.5294025006776052, 0.3708137114287847, 9.299281905035627]]",0.9008016032064128,100,96,2580.858657602282,gp,-0.17767227346717307,0.3611409299584844,0.0,-0.17934074877916442,0.3907245776975172,0.0,0.0,-8.241774200737844e-05
5,101,100,0.0,controlled_d5_s101,controlled_d5_s101::region_0,"[-0.34366274755306825, -1.801516833017109, -0.744194503059779, 0.9613687698358652, -1.9173763312813026]","[[3.4134677229425985, -0.3724297611840931, -0.49034781412753325, -0.12358199685175456, -0.05313525135411992], [-0.3724297611840931, 2.791297935637238, 0.2827161626334683, -0.3588983210266115, 0.035125321068043884], [-0.49034781412753325, 0.2827161626334683, 7.1720169791229305, -1.5157883396239054, -2.8604812634239987], [-0.12358199685175456, -0.3588983210266115, -1.5157883396239054, 5.704554574346283, 2.2172726888894867], [-0.05313525135411992, 0.035125321068043884, -2.8604812634239987, 2.2172726888894867, 6.4983059536152]]",0.904040404040404,20,60,492.6823016884353,gp,0.9150154412642929,0.9391422347469296,0.6666666666666666,0.7813281467074189,0.8628151260092408,0.8593296463368959,0.6666666666666667,-0.0011187054451094664
5,101,100,0.02,controlled_d5_s101,controlled_d5_s101::region_0,"[0.6439466782221316, 0.36246126038070314, -0.8619660697791112, 0.23952010770885895, 0.6719986713186403]","[[9.190066682457308, 1.3664110974752672, 1.4179317314642361, -1.3643777582543073, 3.153778832898768], [1.3664110974752672, 9.41934532292115, 1.080366979402752, 0.6463211853200838, 1.0543306281378197], [1.4179317314642361, 1.080366979402752, 6.932692867187158, -3.545187328097992, 1.596749635212717], [-1.3643777582543073, 0.6463211853200838, -3.545187328097992, 9.401412590583934, -4.296541801129227], [3.153778832898768, 1.0543306281378197, 1.596749635212717, -4.296541801129227, 10.055497919268483]]",0.904040404040404,20,63,549.8782573028171,gp,-0.013248847926267281,0.43444715307310766,0.0,-0.2115015360983103,0.5710176599488487,0.0,0.6825396825396826,-1.6394528817612686e-16
5,101,100,0.05,controlled_d5_s101,controlled_d5_s101::region_0,"[-2.806816234110557, 0.8229072272396855, -0.8202191307878539, -0.7844329916650155, -3.573481031897517]","[[4.196324253038657, 0.12074122839714516, -3.009444480016767, -1.4126613115504483, 0.3165680368187447], [0.12074122839714516, 6.509100184887736, 6.5419214324255615, -4.103429567007109, -1.5092536330770694], [-3.009444480016767, 6.5419214324255615, 9.53191499384273, -1.1798919656626936, -1.9488136161548657], [-1.4126613115504483, -4.103429567007109, -1.1798919656626936, 9.380111747161497, 0.2812869826827443], [0.3165680368187447, -1.5092536330770694, -1.9488136161548657, 0.2812869826827443, 0.436695693438746]]",0.8964646464646465,4,20,510.60313067666834,gp,0.3578947368421052,0.9397597700304111,0.5,0.2902255639097744,0.8572647985478274,0.3363350755898313,0.8,-5.111077918890666e-09
5,101,100,0.05,controlled_d5_s101,controlled_d5_s101::region_1,"[0.3315576490836433, 0.5931220177650935, -0.0004002351641524767, 0.6092718107170563, 2.1642689590941258]","[[10.122444858103206, 0.24987486355509436, 4.75663875784416, 0.5842622094066632, -2.4692001564291317], [0.24987486355509436, 7.155759120444044, 0.5955977213881479, -0.6042678121526914, -0.08416467556352358], [4.75663875784416, 0.5955977213881479, 7.872037344309406, -2.785045451631896, -0.823765303486873], [0.5842622094066632, -0.6042678121526914, -2.785045451631896, 8.846640410879397, -1.1431821854939612], [-2.4692001564291317, -0.08416467556352358, -0.823765303486873, -1.1431821854939612, 2.968631423833013]]",0.9059343434343434,16,48,510.60313067666834,gp,-0.14947894051237515,0.5679197064929409,0.2,0.20332175423360835,0.40430341339387377,0.0,0.6666666666666667,-1.765418313715489e-25
5,101,250,0.0,controlled_d5_s101,controlled_d5_s101::region_0,"[-1.1902058507960385, -1.5705314861908835, -0.2184442668164128, 0.8511610445681981, -2.045869820546285]","[[5.257430362923999, 0.1987943356693093, -1.1636569919933168, 1.5565412643682084, -0.410189255067826], [0.1987943356693093, 3.2182626858668684, 1.9295790427820794, -0.8653714186101712, -1.088481907985682], [-1.1636569919933168, 1.9295790427820794, 7.31926551736415, -3.7494145318959253, -1.4871582154342153], [1.5565412643682084, -0.8653714186101712, -3.7494145318959253, 5.5536719401312675, 1.582880163980413], [-0.410189255067826, -1.088481907985682, -1.4871582154342153, 1.582880163980413, 4.595825298843107]]",0.9016064257028112,50,96,1145.993708847028,gp,0.8669017905588713,0.9357614948256723,0.7,0.7229381443298969,0.9088164702587437,0.8112133154004213,0.47916666666666663,-8.11565941956867e-05
5,101,250,0.02,controlled_d5_s101,controlled_d5_s101::region_0,"[-0.2129927526440366, 0.18444543351126094, 0.23447865472163834, 0.431141215855249, -0.5460335870112164]","[[9.458538909877074, -1.645209880115884, -0.5612074289806104, 1.0839137410256088, 0.4378222654492194], [-1.645209880115884, 8.069513143526152, -0.7968469161445816, -1.0900632038650764, 1.7598862642044382], [-0.5612074289806104, -0.7968469161445816, 8.468216888165973, 0.9251064663893505, 0.12484123314287252], [1.0839137410256088, -1.0900632038650764, 0.9251064663893505, 8.487968900139633, -2.9450714747763262], [0.4378222654492194, 1.7598862642044382, 0.12484123314287252, -2.9450714747763262, 7.762794619121323]]",0.9016064257028112,50,96,1305.8294252322448,gp,0.1587900162778079,0.6001398546455907,0.1,-0.5957406402604449,0.2983164840601487,0.09529621728813462,0.47916666666666663,-3.2789579568359604e-12
5,101,250,0.05,controlled_d5_s101,controlled_d5_s101::region_0,"[0.5228430023422278, -0.10582435225550561, 0.07593376980633854, 0.27797809382088834, -0.1741293758586919]","[[10.434316692155768, -0.4690294059826352, -0.08379834054486904, 0.1743046713575493, 0.9854100564137291], [-0.4690294059826352, 9.654338179004222, -0.021056701104642216, 0.35914955755714467, 0.00910488649383294], [-0.08379834054486904, -0.021056701104642216, 8.982029715071231, 1.633440121308567, 0.18562983742909628], [0.1743046713575493, 0.35914955755714467, 1.633440121308567, 7.2055663677489905, 0.4417499257338361], [0.9854100564137291, 0.00910488649383294, 0.18562983742909628, 0.4417499257338361, 10.709948586542977]]",0.9016064257028112,50,96,1342.4871149993903,gp,0.36756646771568097,0.45785996513879507,0.0,-0.6647042864894195,0.16457162337833514,0.16829397009449173,0.47916666666666663,-1.216127502709272e-13
5,101,500,0.0,controlled_d5_s101,controlled_d5_s101::region_0,"[-0.8828269077878782, -1.7297759123662464, -0.5189539924520836, 1.1808794412537398, -1.600571497846036]","[[4.657758237716504, -0.028055944838642113, -1.3752096069757687, 0.03536600086763204, -0.6420115526838999], [-0.028055944838642113, 3.6247248210425735, 0.7901454282437193, -0.5841535964071765, -1.0945011869342518], [-1.3752096069757687, 0.7901454282437193, 6.691520395520692, -3.401190743213354, -2.187231705185157], [0.03536600086763204, -0.5841535964071765, -3.401190743213354, 5.5833859955554574, 1.6946209125138425], [-0.6420115526838999, -1.0945011869342518, -2.187231705185157, 1.6946209125138425, 6.325167858467532]]",0.9008016032064128,100,96,2270.0908386078527,gp,0.5142041311889687,0.7790145137626563,0.4,0.5103499728703201,0.7048890639072597,0.40057248123292355,0.0,-0.00011419466141159815
5,101,500,0.02,controlled_d5_s101,controlled_d5_s101::region_0,"[0.221406952193702, 0.03331397151282661, -0.5036876630286978, -0.5608578705493437, -0.016970908519506854]","[[7.609022592506046, -1.0287487420147097, -0.4626159363203991, 1.1457502579755938, 0.6712015697156624], [-1.0287487420147097, 7.945387518194652, -0.3312866830571398, 0.12200229833880272, -0.5652762354850296], [-0.4626159363203991, -0.3312866830571398, 6.794681347621118, -0.5163674957563684, -1.1824443509393292], [1.1457502579755938, 0.12200229833880272, -0.5163674957563684, 8.242375899239134, 0.35442495735288354], [0.6712015697156624, -0.5652762354850296, -1.1824443509393292, 0.35442495735288354, 7.792183422659605]]",0.9008016032064128,100,96,2520.1767869252394,gp,0.22388768312533913,0.42247372610806333,0.0,0.10752848616386328,0.7071545952156413,0.0945866637196634,0.0,-1.7909769257099412e-16
5,101,500,0.05,controlled_d5_s101,controlled_d5_s101::region_0,"[0.044107899496694074, -0.15793341183885468, -0.18462712372589188, 0.40369282455317906, -0.24260188579969938]","[[7.150734624442246, -0.27563906958556617, -1.8749981121462715, 0.28751042209669025, 0.4944997664567213], [-0.27563906958556617, 8.05416787712797, 0.07463914412126758, -0.8155423401789116, -0.5519991277015579], [-1.8749981121462715, 0.07463914412126758, 8.103661864738545, 0.8907033969615709, 0.5278741660789328], [0.28751042209669025, -0.8155423401789116, 0.8907033969615709, 6.257057752874904, 0.1227145467563898], [0.4944997664567213, -0.5519991277015579, 0.5278741660789328, 0.1227145467563898, 9.382082450424011]]",0.9008016032064128,100,96,2521.617828113153,gp,-0.04750406945198047,0.38552322543542866,0.0,0.05942756375474769,0.48764594601755806,0.0,0.0,-3.643328057702555e-12
5,2026,100,0.0,controlled_d5_s2026,controlled_d5_s2026::region_0,"[-1.1047172491262627, -2.3467835550751515, 1.4126611655623758, -0.6062456735833323, 2.765155312533729]","[[0.7812451847448175, -0.29728334151780905, 0.10292731169570493, 1.2085977905617826, 1.0837427277762652], [-0.29728334151780905, 0.6116013494983382, 0.1273894246992751, 0.12554163532745857, -0.5788630662922876], [0.10292731169570493, 0.1273894246992751, 0.1987904739702614, 0.42665291724063537, 0.39724656606438447], [1.2085977905617826, 0.12554163532745857, 0.42665291724063537, 2.645430008712785, 1.6639547394691863], [1.0837427277762652, -0.5788630662922876, 0.39724656606438447, 1.6639547394691863, 2.3752901602792917]]",0.9368686868686869,4,20,428.59868763973896,gp,0.6736842105263157,0.7897088922475857,0.0,0.5729323308270676,0.9204603285455422,0.5320144116194261,0.8,-0.031243317284571203
5,2026,100,0.0,controlled_d5_s2026,controlled_d5_s2026::region_1,"[0.9120146851539352, 3.07008406677838, 3.2623074987835583, -0.6893704884085902, -2.1086459263370045]","[[3.910163052444513, 1.0935514715323364, -1.7479354221870906, 1.647683419934309, 1.040472249866808], [1.0935514715323364, 0.9277395792487455, -0.5193363989129087, -0.6638477483397958, 1.4155813098027106], [-1.7479354221870906, -0.5193363989129087, 0.9388646222751557, -0.7224900849501645, -0.7063643449540431], [1.647683419934309, -0.6638477483397958, -0.7224900849501645, 3.083399386683039, -1.411011700445296], [1.040472249866808, 1.4155813098027106, -0.7063643449540431, -1.411011700445296, 2.674318822041118]]",0.884848484848485,5,20,428.59868763973896,gp,0.6180451127819548,0.7897088922475857,0.0,0.6736842105263157,0.9725138712399656,0.48807572137407174,0.75,-0.0023614826088876923
5,2026,100,0.0,controlled_d5_s2026,controlled_d5_s2026::region_2,"[2.324637465559715, -1.8724151993008507, 2.048746283083126, 0.27689036739317635, -0.4300559379566748]","[[1.6351134393290634, 0.41545760781546853, -1.148159537684304, -1.4515350809816776, -0.33869132218984316], [0.41545760781546853, 2.4384777494934426, -1.0284785407481079, -3.8602816597727925, -0.22725693426885202], [-1.148159537684304, -1.0284785407481079, 4.257770566159931, 2.4055650182480504, 1.1616241790072048], [-1.4515350809816776, -3.8602816597727925, 2.4055650182480504, 9.06754945790527, 1.077660744398726], [-0.33869132218984316, -0.22725693426885202, 1.1616241790072048, 1.077660744398726, 2.6366888848008005]]",0.9008264462809918,11,33,428.59868763973896,gp,0.8392379679144386,0.8962743561850213,0.5,0.6624331550802139,0.8065909755607055,0.752187469378539,0.6666666666666667,-9.939013646134118e-05
5,2026,100,0.02,controlled_d5_s2026,controlled_d5_s2026::region_0,"[-1.8502694118144283, 1.8414437892060211, -0.19289119318310438, -3.0619325993032716, -1.8423982268509975]","[[2.6108824127955654, -1.9920786373234054, -2.1007030477603337, -0.9680642674832931, -0.9823602057017468], [-1.9920786373234054, 6.41136284514498, 0.08435255448427144, 1.9100288245691055, 2.4185155305011317], [-2.1007030477603337, 0.08435255448427144, 6.82483104789919, -0.983946053223439, 2.989052985171133], [-0.9680642674832931, 1.9100288245691055, -0.983946053223439, 1.139237460043618, 0.04368080004187529], [-0.9823602057017468, 2.4185155305011317, 2.989052985171133, 0.04368080004187529, 2.6925307588179686]]",0.9545454545454546,6,20,526.1760084259774,gp,0.6661654135338345,0.6779158478389465,0.0,0.6511278195488721,1.0,0.45160409111677186,0.7,-6.019431105270903e-15
5,2026,100,0.02,controlled_d5_s2026,controlled_d5_s2026::region_1,"[0.6179109396969062, -0.9319125565187972, 2.2554500758376017, -0.006487159799918913, 1.259894507815343]","[[10.6151757276113, -3.4972874597606007, -0.5913111974385893, -1.802111136314365, -2.907010237274962], [-3.4972874597606007, 10.021887715450635, 0.9485611480338455, 1.8799440436900725, 3.1783472274224893], [-0.5913111974385893, 0.9485611480338455, 3.350306353562503, 4.2201362117063015, -1.3813968876191136], [-1.802111136314365, 1.8799440436900725, 4.2201362117063015, 7.947050568273439, -0.720480784685501], [-2.907010237274962, 3.1783472274224893, -1.3813968876191136, -0.720480784685501, 5.907915035174872]]",0.8742985409652076,9,28,526.1760084259774,gp,-0.12972085385878487,0.3296472715783023,0.0,-0.10454296661193212,0.5524377268830966,0.0,0.6785714285714286,-0.004140852043781721
5,2026,100,0.02,controlled_d5_s2026,controlled_d5_s2026::region_2,"[1.5062859651764395, -0.9318054271580968, -4.080031876146453, 1.2411389871304832, 0.4775604056824217]","[[6.470330209151971, 2.5759652436668334, -0.47590030141272743, -0.7056490396373178, 1.542164662783828], [2.5759652436668334, 6.119746237912072, -0.9985309146536541, 1.8401061830064591, 1.985992000903035], [-0.47590030141272743, -0.9985309146536541, 0.31247371379631106, 0.23749492718052803, -0.6945282634401088], [-0.7056490396373178, 1.8401061830064591, 0.23749492718052803, 2.9468419856299772, -0.9572615051187688], [1.542164662783828, 1.985992000903035, -0.6945282634401088, -0.9572615051187688, 1.6869088827444405]]",0.8969696969696971,5,20,526.1760084259774,gp,0.49022556390977434,0.7897088922475857,0.0,0.4285714285714286,0.9397597700304111,0.3871354870266359,0.75,-1.2082864171160007e-17
5,2026,100,0.05,controlled_d5_s2026,controlled_d5_s2026::region_0,"[-4.3606274148617485, 0.8966017535439494, -0.1865645341439416, 0.7470157085451294, 1.9233783136341878]","[[0.3493033150707272, 0.00809507472099024, -0.022803448166668978, -0.06156939338253861, -0.20135066250140787], [0.00809507472099024, 5.078572778472901, -0.36737762377759553, 3.713038104919776, -1.6118032717192299], [-0.022803448166668978, -0.36737762377759553, 5.2149109226462445, -2.325900487945832, -0.8693926212925234], [-0.06156939338253861, 3.713038104919776, -2.325900487945832, 6.424731358325269, 0.7032653626452618], [-0.20135066250140787, -1.6118032717192299, -0.8693926212925234, 0.7032653626452618, 2.760419223309171]]",0.9242424242424243,6,20,531.2816678401709,gp,-0.26165413533834586,0.30894650158904063,0.0,0.23308270676691725,0.3381341557167657,0.0,0.7,-1.1788334073476302e-13
5,2026,100,0.05,controlled_d5_s2026,controlled_d5_s2026::region_1,"[1.7028459450884796, -0.7104333256269476, -0.9019823703178668, 3.1975199854941727, -2.2166827120596286]","[[5.607264258346825, 3.2942802853103137, -6.098885410987242, 1.3542348283036727, 2.8591493181997043], [3.2942802853103137, 7.831888763503598, 0.42888408132163425, 3.460013112152658, 8.263906595548], [-6.098885410987242, 0.42888408132163425, 9.449253220085552, 0.13990087658755107, 1.4669705597663139], [1.3542348283036727, 3.460013112152658, 0.13990087658755107, 2.2866826739229076, 3.343664876431922], [2.8591493181997043, 8.263906595548, 1.4669705597663139, 3.343664876431922, 8.97152818357771]]",0.8787878787878787,4,20,531.2816678401709,gp,0.3142857142857143,0.8720695149033666,0.5,0.5142857142857143,0.7520518547320612,0.27407899039820094,0.8,-2.0023931921851765e-10
5,2026,100,0.05,controlled_d5_s2026,controlled_d5_s2026::region_2,"[0.8935608569547757, -1.3251897930643617, 0.8987143713110229, -2.4825997987999906, 0.08971038137645504]","[[4.907409129667718, -0.4968734484821332, -2.9006279012483427, -1.2767072643306756, 4.503781978861604], [-0.4968734484821332, 7.950225085781947, 1.3996989906388912, -1.6802118341988126, -3.5412622156893034], [-2.9006279012483427, 1.3996989906388912, 6.049693619239029, 3.142523162826506, -3.507808538483574], [-1.2767072643306756, -1.6802118341988126, 3.142523162826506, 2.8345590816385715, -1.659117541488703], [4.503781978861604, -3.5412622156893034, -3.507808538483574, -1.659117541488703, 13.106401428937886]]",0.902020202020202,10,30,531.2816678401709,gp,-0.17997775305895441,0.300417394570691,0.3333333333333333,0.34905450500556173,0.36183022781729096,0.0,0.6666666666666667,-6.864707152614016e-05
5,2026,250,0.0,controlled_d5_s2026,controlled_d5_s2026::region_0,"[1.0820052268847458, -1.3763565584962743, 2.606757300987484, 0.5026313233310035, -0.25630238579541986]","[[4.7990693082945475, 1.1623882098244682, -0.09119829154338176, -1.2644930609123493, -1.3931322518651421], [1.1623882098244682, 4.939934490962781, 0.21379227935878153, -2.2836232251139963, -1.8060980607054453], [-0.09119829154338176, 0.21379227935878153, 2.3326764360797125, -0.3858508395417012, -0.3821237869823635], [-1.2644930609123493, -2.2836232251139963, -0.3858508395417012, 6.580534771137433, 0.37044933651420286], [-1.3931322518651421, -1.8060980607054453, -0.3821237869823635, 0.37044933651420286, 5.012334014987873]]",0.9016064257028112,50,96,1138.6181106464708,gp,0.801991345588512,0.9595567626239706,0.8,0.8076505697232772,0.8816779354955019,0.7695562192253547,0.47916666666666663,-0.00045163103536406885
5,2026,250,0.02,controlled_d5_s2026,controlled_d5_s2026::region_0,"[-0.01522519329813953, -0.6245172812808287, 0.40275767326528167, -0.40921151317047366, -0.36586768509401835]","[[7.717431319638979, 0.4149286499910039, 0.778442378726292, -0.262105300675574, 2.5479943266105227], [0.4149286499910039, 8.450521310120742, -1.5431168858675912, -1.0708526648182768, 0.7398762439830773], [0.778442378726292, -1.5431168858675912, 7.420012039798386, -0.8311462856877155, 1.1604969526057751], [-0.262105300675574, -1.0708526648182768, -0.8311462856877155, 8.88712199218107, -2.938984398043321], [2.5479943266105227, 0.7398762439830773, 1.1604969526057751, -2.938984398043321, 6.984480488211588]]",0.9016064257028112,50,96,1283.5988570953157,gp,0.20613130765056972,0.4524253808523327,0.1,-0.502197504069452,0.26903877803663795,0.09325903536939836,0.47916666666666663,-5.6621833114313014e-06
5,2026,250,0.05,controlled_d5_s2026,controlled_d5_s2026::region_0,"[-0.6532723626394938, 0.37661768311431826, 0.14915065811953326, -0.5700788679863564, 0.35605237406686674]","[[7.842835312636768, 1.8032574387695937, 0.5485787368041899, -1.6192041710081007, 1.860912256437224], [1.8032574387695937, 9.04098526990463, 0.5488503817545933, -1.5665331355605274, -1.2612085037552667], [0.5485787368041899, 0.5488503817545933, 8.505626117531113, -1.2385206549824235, 0.6657289521546592], [-1.6192041710081007, -1.5665331355605274, -1.2385206549824235, 7.757598422257069, -1.2004078061464183], [1.860912256437224, -1.2612085037552667, 0.6657289521546592, -1.2004078061464183, 9.751282001503752]]",0.9016064257028112,50,96,1312.0274401208837,gp,-0.1723277265328269,0.15806958981126604,0.0,-0.4065246880086814,0.32249737123606187,0.0,0.47916666666666663,-2.9241017886666237e-07
5,2026,500,0.0,controlled_d5_s2026,controlled_d5_s2026::region_0,"[0.6294278316899158, -0.6603199840564783, 2.5175726088093, -0.3630161760865087, -0.3227396680462827]","[[5.250669209931364, 2.0468197162601376, -0.1410749592667545, -2.5884742768061537, -1.4867044573680894], [2.0468197162601376, 6.390731216872075, 1.0017936523053121, -2.4784548083113673, -2.352457675927451], [-0.1410749592667545, 1.0017936523053121, 1.864556551559323, -0.20686086948486107, -0.5175841069319218], [-2.5884742768061537, -2.4784548083113673, -0.20686086948486107, 6.911121504395572, 1.1890867819294666], [-1.4867044573680894, -2.352457675927451, -0.5175841069319218, 1.1890867819294666, 5.14852246741391]]",0.9008016032064128,100,96,2207.5266237766687,gp,0.4812126966901791,0.784238300953978,0.4,0.5538117200217038,0.6940446944402502,0.37738542764978794,0.0,-0.0035681967941222346
5,2026,500,0.02,controlled_d5_s2026,controlled_d5_s2026::region_0,"[0.04921719294285283, -0.05499584019562045, 0.31384104622989367, 0.08245062094923267, 0.010448734836448393]","[[7.795163895109656, -0.3011444770247357, -0.5575257876007266, -0.6891132853333493, 0.06893503615100563], [-0.3011444770247357, 7.758234803404222, 1.323358049374899, -1.3236196223355334, 0.3562757353488439], [-0.5575257876007266, 1.323358049374899, 8.429212424993715, -0.7520874401361413, -2.1068113824949726], [-0.6891132853333493, -1.3236196223355334, -0.7520874401361413, 8.275430683018127, 0.8504610681994775], [0.06893503615100563, 0.3562757353488439, -2.1068113824949726, 0.8504610681994775, 8.92772010181082]]",0.9008016032064128,100,96,2549.533281705809,gp,-0.19384156266956049,0.399299668996033,0.0,0.1889853499728703,0.5261493569012071,0.0,0.0,-1.259311796279822e-06
5,2026,500,0.05,controlled_d5_s2026,controlled_d5_s2026::region_0,"[-0.1397429714281283, -0.17796117343749188, -0.017669002599930178, 0.09854166639042497, 0.3270856647762536]","[[7.0123932852852935, 0.08017854537364598, -0.33658957909673703, -2.2922589478897413, 0.6697986628447559], [0.08017854537364598, 8.850644768421605, -0.3361571549895002, 0.10106381143833311, -0.5998251239394565], [-0.33658957909673703, -0.3361571549895002, 9.847404302027222, 0.7398938052441131, -0.7488285619492308], [-2.2922589478897413, 0.10106381143833311, 0.7398938052441131, 8.257412020232298, -0.6925418899893894], [0.6697986628447559, -0.5998251239394565, -0.7488285619492308, -0.6925418899893894, 8.09158250047372]]",0.9008016032064128,100,96,2560.070858474364,gp,0.12455236028214867,0.5633644295834633,0.0,0.04674443841562669,0.5199375744852999,0.0701683694036267,0.0,-1.0023710765871008e-06
5,777,100,0.0,controlled_d5_s777,controlled_d5_s777::region_0,"[0.1622212737863157, -1.683179442712613, 0.6540577318605295, -0.6348113348948631, -0.31954598077068214]","[[7.471467371964753, 0.16791462147113034, -0.06284281426781752, -1.281186202961154, 1.8118266624035577], [0.16791462147113034, 3.0615350708894704, 0.6004454651555775, 1.0388137295420736, -0.27557237444793736], [-0.06284281426781752, 0.6004454651555775, 1.7777346853037201, -0.6837472287792796, -0.5271923177347567], [-1.281186202961154, 1.0388137295420736, -0.6837472287792796, 3.1177165281275085, -0.6889892327156877], [1.8118266624035577, -0.27557237444793736, -0.5271923177347567, -0.6889892327156877, 2.3695606173933084]]",0.904040404040404,20,60,440.5392428186797,gp,0.8991233555098811,0.9807787927132144,0.8333333333333334,0.8634065018060574,0.9785440039297212,0.8818411191172355,0.6666666666666667,-0.0979713991462251
5,777,100,0.02,controlled_d5_s777,controlled_d5_s777::region_0,"[-0.07363738013391304, -1.3372646161135666, 0.8313801127528254, -0.4997838360049465, -1.8011511977132935]","[[6.487535393858742, -0.7328109554650171, 0.658295102041736, 0.6047622783813105, 1.7254956036185916], [-0.7328109554650171, 6.233994253253974, -2.107135081689904, -1.4417449693398905, -3.5519962963831375], [0.658295102041736, -2.107135081689904, 2.07910455234679, 2.610079658089414, 1.1982599223034045], [0.6047622783813105, -1.4417449693398905, 2.610079658089414, 5.00111489570501, 0.46454761911573456], [1.7254956036185916, -3.5519962963831375, 1.1982599223034045, 0.46454761911573456, 3.0176051500924665]]",0.935720844811754,11,33,443.94269711018467,gp,0.013703208556149734,0.5014952041244993,0.25,0.6958556149732621,0.9493219430668067,0.006872093372026896,0.6666666666666667,-0.06420550852710474
5,777,100,0.02,controlled_d5_s777,controlled_d5_s777::region_1,"[1.2144210290876511, -0.8252319429434817, 2.1119345438513477, -2.489115711911005, 3.9895250870813483]","[[3.4878577529321984, 3.077041733958831, -0.6569540205421862, 0.9841754559339362, -1.7912289562450434], [3.077041733958831, 8.430464098313292, -2.036586809196871, 0.4392056417071146, -2.290404357943885], [-0.6569540205421862, -2.036586809196871, 3.150339770502499, 2.1476506111563043, 1.0479515578440588], [0.9841754559339362, 0.4392056417071146, 2.1476506111563043, 2.53108952889793, -0.1984159311262534], [-1.7912289562450434, -2.290404357943885, 1.0479515578440588, -0.1984159311262534, 1.22887380038477]]",0.8626262626262626,5,20,443.94269711018467,gp,0.38796992481203,0.5175217569442678,0.0,0.41804511278195483,0.7747618853474786,0.20078287713025728,0.75,-1.7444217943639355e-07
5,777,100,0.02,controlled_d5_s777,controlled_d5_s777::region_2,"[1.5994322404786, -2.8315540962094317, -3.955223359794726, -0.631614190731364, 3.189341102296881]","[[4.975782705871991, 0.5641543554956718, -0.5412662117594755, 0.4412364178906283, 0.6056098157480471], [0.5641543554956718, 2.298502237340392, 0.5902515909636117, 5.046969710513425, 1.2248585517278956], [-0.5412662117594755, 0.5902515909636117, 0.3011009749789289, 1.4913941670250428, 0.253248485471888], [0.4412364178906283, 5.046969710513425, 1.4913941670250428, 11.400179975996474, 2.6145734334596673], [0.6056098157480471, 1.2248585517278956, 0.253248485471888, 2.6145734334596673, 0.69114175544386]]",0.8686868686868687,4,20,443.94269711018467,gp,-0.07368421052631578,0.9397597700304111,0.5,0.39999999999999997,0.9460124056131834,0.0,0.8,-3.073658739486326e-11
5,777,100,0.05,controlled_d5_s777,controlled_d5_s777::region_0,"[0.15156063086378427, -0.8697894014738038, 0.9596495499698752, 0.6380821683150151, -2.088075746121049]","[[7.753765797194899, -4.223794670854934, -3.4052550292163195, 0.5495523590595686, 2.7288171928796428], [-4.223794670854934, 5.55702981428323, 2.345603549861699, -1.001858507329108, -1.535695915027637], [-3.4052550292163195, 2.345603549861699, 5.076929110933506, -2.0941336233225334, -2.6314197891761886], [0.5495523590595686, -1.001858507329108, -2.0941336233225334, 6.998798283831102, 0.2465343192624197], [2.7288171928796428, -1.535695915027637, -2.6314197891761886, 0.2465343192624197, 4.508823542989117]]",0.9008838383838385,16,48,472.8604030989454,gp,0.0140034737299175,0.6789278711934456,0.4,0.42466348241424223,0.7797279269787704,0.009507348608766227,0.6666666666666667,-0.005484874188885434
5,777,100,0.05,controlled_d5_s777,controlled_d5_s777::region_1,"[-1.3139223316243802, -2.673285330441225, 0.7303678221066329, -2.694946428421023, 2.6074483128814276]","[[3.4970739353673177, 1.1645007924636321, -0.012583850559812348, -1.517195883264729, 2.1708122258830373], [1.1645007924636321, 1.1230329538799995, -0.41694169895185884, -0.714170631317878, 0.27500948706100986], [-0.012583850559812348, -0.41694169895185884, 0.2443300237405103, 0.08229054282135684, 0.29635908155272495], [-1.517195883264729, -0.714170631317878, 0.08229054282135684, 2.030427251951053, -2.3488899249601003], [2.1708122258830373, 0.27500948706100986, 0.29635908155272495, -2.3488899249601003, 3.442446209176788]]",0.9166666666666667,4,20,472.8604030989454,gp,0.4601503759398496,0.7650721928413889,0.0,0.4360902255639097,0.7650721928413889,0.3520482571570902,0.8,-6.635146784597999e-10
5,777,250,0.0,controlled_d5_s777,controlled_d5_s777::region_0,"[0.9546322906554326, -1.810502240861699, 0.3190953274214519, -0.8831517341514524, -0.5116960231021791]","[[6.9615498722399325, -0.4807791202986605, 2.855472045325425, -1.8409089355463215, 0.8994147182638343], [-0.4807791202986605, 2.4070752127190356, -0.04016126680516302, 0.2982403659414081, 0.3266196288480222], [2.855472045325425, -0.04016126680516302, 5.625399700507789, 0.09675013218793495, -0.07328293689510817], [-1.8409089355463215, 0.2982403659414081, 0.09675013218793495, 5.364173390581622, -1.2312240259484042], [0.8994147182638343, 0.3266196288480222, -0.07328293689510817, -1.2312240259484042, 3.7039733358124307]]",0.9016064257028112,50,96,1139.5087940311653,gp,0.8569374453360785,0.9660290432502857,0.6,0.697069994574064,0.8858675378077386,0.827826460443356,0.47916666666666663,-0.02984329900443755
5,777,250,0.02,controlled_d5_s777,controlled_d5_s777::region_0,"[0.5297108469557965, -0.4096608931255448, 0.021887827978552713, -0.5874675306187005, 0.03672316687869305]","[[7.205398276280702, -2.459079238605794, 0.6678468128045885, 0.8553707838718108, -0.494908618465721], [-2.459079238605794, 10.030463110152615, 0.4299633818051334, 1.2687155826497414, 0.8609812058252244], [0.6678468128045885, 0.4299633818051334, 8.014405760608835, 0.2373166223903712, -0.24931121618218444], [0.8553707838718108, 1.2687155826497414, 0.2373166223903712, 6.5611739852540545, 0.41436260691691607], [-0.494908618465721, 0.8609812058252244, -0.24931121618218444, 0.41436260691691607, 7.736593732001793]]",0.9016064257028112,50,96,1293.4700465097071,gp,0.09310906131307652,0.24488257615944103,0.1,-0.5869099294628323,0.12561978534153026,0.022800786798133525,0.47916666666666663,-0.014645122062960392
5,777,250,0.05,controlled_d5_s777,controlled_d5_s777::region_0,"[-0.10570176390484853, 0.38294182743993505, 0.23253538346660182, -0.23211596110591373, 0.8036493387517298]","[[7.879083626879629, -1.8302693944208068, 0.0030745939622815834, -3.074444803282387, 0.6827586576030562], [-1.8302693944208068, 7.399359474340912, -1.962106526319581, 0.7035064399817805, 2.313468940492715], [0.0030745939622815834, -1.962106526319581, 6.793208991377279, 2.4954426511826675, -0.5565368276726063], [-3.074444803282387, 0.7035064399817805, 2.4954426511826675, 8.608466103441636, -1.490100619547627], [0.6827586576030562, 2.313468940492715, -0.5565368276726063, -1.490100619547627, 7.128817357683104]]",0.9016064257028112,50,96,1261.559052646502,gp,-0.18311177428106348,0.3108023540170962,0.0,-0.49177970699945744,0.3711895135930037,0.0,0.47916666666666663,-0.0015421877502990778
5,777,500,0.0,controlled_d5_s777,controlled_d5_s777::region_0,"[0.2910815182471845, -1.5640786578495796, 0.3793187424703481, -0.4680529180889392, -0.5169243822259456]","[[6.369073020347842, 0.16462694354010587, 1.3366101040890621, -1.2055896238327206, 0.9996287142786436], [0.16462694354010587, 4.068375841610018, 0.20957098714835065, 1.0667778995833221, 0.5911077956340866], [1.3366101040890621, 0.20957098714835065, 3.845965429183427, -0.8996181678026314, -0.42179966213072717], [-1.2055896238327206, 1.0667778995833221, -0.8996181678026314, 4.381740900579179, 0.14709357774060897], [0.9996287142786436, 0.5911077956340866, -0.42179966213072717, 0.14709357774060897, 3.7950972345728586]]",0.9008016032064128,100,96,2218.2097508760316,gp,0.723534997287032,0.9115534250018567,0.6,0.5524959305480195,0.9177321591707587,0.6595408048857031,0.0,-0.1168980451296338
5,777,500,0.02,controlled_d5_s777,controlled_d5_s777::region_0,"[0.43571859642368005, -0.34588118308956195, -0.012088047925364167, -0.22254963871231745, 0.03222870694403967]","[[8.226392568077738, 0.16510187792106062, -0.38628288864073823, 0.44375514401984356, -0.29168271098332144], [0.16510187792106062, 7.276075753702644, -0.13436491140663176, 0.391277616514334, -2.002235801652782], [-0.38628288864073823, -0.13436491140663176, 9.019280533344064, 0.22169491929630258, -0.037542677938673094], [0.44375514401984356, 0.391277616514334, 0.22169491929630258, 8.857902373931703, 0.7790316984144865], [-0.29168271098332144, -2.002235801652782, -0.037542677938673094, 0.7790316984144865, 9.259978202780282]]",0.9008016032064128,100,96,2572.722446483461,gp,-0.03578404774823657,0.2894538280579242,0.0,0.14158979924036896,0.544182275038943,0.0,0.0,-0.01641755332595488
5,777,500,0.05,controlled_d5_s777,controlled_d5_s777::region_0,"[0.17559954300611533, -0.2969946439569972, -0.03501170294806411, -0.08585356702376899, -0.40976168370057386]","[[8.601717298566884, -1.207581547904021, -0.48994215614701053, 0.2711404832411069, 1.034022746045056], [-1.207581547904021, 8.41743166290186, 0.07977064591676936, 0.2437113175985346, 0.1520414794405508], [-0.48994215614701053, 0.07977064591676936, 9.055858904632316, -0.5513802210180058, 1.044649976166117], [0.2711404832411069, 0.2437113175985346, -0.5513802210180058, 9.233782935560434, -0.7648044246045576], [1.034022746045056, 0.1520414794405508, 1.044649976166117, -0.7648044246045576, 7.950319712734905]]",0.9008016032064128,100,96,2582.088460639234,gp,-0.12883884970157353,0.2088600344931155,0.0,-0.1839663591969615,0.4877999729754243,0.0,0.0,-0.03365366745160906
5,999,100,0.0,controlled_d5_s999,controlled_d5_s999::region_0,"[2.716943457954274, -0.7303108298090576, -1.0454744408768921, -0.03680200613089107, -1.2664057948870022]","[[1.0058465603149513, 1.0753350341007504, -0.6067574975709243, 0.2901896874311589, 1.0277550245446125], [1.0753350341007504, 2.113211253176547, 0.3331923443841118, 0.5680263258768905, 1.696952056192694], [-0.6067574975709243, 0.3331923443841118, 1.4537575136441199, 0.17718141159924336, 0.23596897962826485], [0.2901896874311589, 0.5680263258768905, 0.17718141159924336, 1.2808672385562374, 0.8307122214904124], [1.0277550245446125, 1.696952056192694, 0.23596897962826485, 0.8307122214904124, 2.7735145608399137]]",0.8804713804713805,6,20,424.5487125634808,gp,0.03609022556390977,0.6347184659142502,0.0,0.4526315789473684,0.7357136406471176,0.022907132604424063,0.7,-0.006405563020348101
5,999,100,0.0,controlled_d5_s999,controlled_d5_s999::region_1,"[-2.2247958337945826, -1.478047474324151, 2.594485745648749, -2.459943337594374, 1.6593601095105162]","[[2.8667181815471214, -1.1651397749076142, 0.937034809049577, 1.0519047206279688, 0.4613649599855627], [-1.1651397749076142, 1.1863537849244137, -0.40386565236915606, -0.2347530245707542, -0.06638541651407662], [0.937034809049577, -0.40386565236915606, 2.1097963804064426, 0.9028348305558997, -1.6770580966258966], [1.0519047206279688, -0.2347530245707542, 0.9028348305558997, 0.6263660973474289, -0.3704024397362592], [0.4613649599855627, -0.06638541651407662, -1.6770580966258966, -0.3704024397362592, 1.9598131887803858]]",0.9166666666666666,4,20,424.5487125634808,gp,0.5428571428571428,0.8287494797342949,0.5,0.5007518796992482,0.7897088922475857,0.4498925747129029,0.8,-0.15328707326464536
5,999,100,0.0,controlled_d5_s999,controlled_d5_s999::region_2,"[1.0662135144350113, 1.7969199468920878, 0.178138236171028, -2.6177851894796373, -0.31090253669744916]","[[2.445996078944154, 0.4487830420261993, 1.7238049181606405, 0.539142763412344, -1.2185042252655434], [0.4487830420261993, 1.364495101562722, -0.04122346827931613, 1.100058377965097, -0.5603977959163995], [1.7238049181606405, -0.04122346827931613, 2.573302363679219, -0.49900385942423964, -2.7290726727925456], [0.539142763412344, 1.100058377965097, -0.49900385942423964, 2.036921310136356, -0.10998480044863498], [-1.2185042252655434, -0.5603977959163995, -2.7290726727925456, -0.10998480044863498, 6.570607142783395]]",0.9131313131313131,10,30,424.5487125634808,gp,0.5986651835372636,0.7939769543622573,0.3333333333333333,0.7543937708565073,0.8329421130523657,0.4753263591076384,0.6666666666666667,-0.04428341296285491
5,999,100,0.02,controlled_d5_s999,controlled_d5_s999::region_0,"[-1.9271318004057176, 1.4106967153089796, -1.71036338933171, -1.559063278358072, -2.088948095543443]","[[2.5976557962857094, -0.007302432705885838, -2.06654628097225, -2.319706406257638, 1.2563704760030117], [-0.007302432705885838, 4.862649441383755, -1.3464205580132473, 1.9150230859485462, -0.3634172581720768], [-2.06654628097225, -1.3464205580132473, 4.063915454292255, 2.265965826677415, -1.511167427947568], [-2.319706406257638, 1.9150230859485462, 2.265965826677415, 3.277987703773127, -1.5508293576135788], [1.2563704760030117, -0.3634172581720768, -1.511167427947568, -1.5508293576135788, 0.8271802487475232]]",0.9267676767676768,4,20,482.87736308256683,gp,0.3954887218045112,0.4999447094219272,0.0,0.4586466165413533,0.8958236291393454,0.19772249410220577,0.8,-6.758974159424366e-07
5,999,100,0.02,controlled_d5_s999,controlled_d5_s999::region_1,"[0.41540043501705753, -0.5810174352814589, -0.16383906974025125, 3.282449076822866, -0.2012803858102092]","[[9.337490729192414, -2.072491072063899, -1.7762237229340623, 0.5386533168069402, -2.622659860637545], [-2.072491072063899, 9.146586893202308, 1.3986794043422655, 1.4178943330535807, 0.31501589290770715], [-1.7762237229340623, 1.3986794043422655, 7.5993169021308775, 1.2636344184230457, -3.2443585499375494], [0.5386533168069402, 1.4178943330535807, 1.2636344184230457, 1.745742647381664, -2.6793231181298136], [-2.622659860637545, 0.31501589290770715, -3.2443585499375494, -2.6793231181298136, 7.839018662878085]]",0.888888888888889,11,33,482.87736308256683,gp,-0.2159090909090909,0.28631773342251304,0.0,0.23495989304812837,0.4344480094247814,0.0,0.6666666666666667,-1.8180072289671293e-08
5,999,100,0.02,controlled_d5_s999,controlled_d5_s999::region_2,"[2.8816808165606425, 1.8722873083904856, 2.483745278319555, -2.6870772970120114, -0.8208162681216745]","[[3.0380079436604714, 0.12282119625993215, -0.9933540499696379, -1.5437739079538348, 0.6482678756236495], [0.12282119625993215, 3.3385158355845364, -2.7241340861383385, 0.8311278831597644, 0.9406806680732109], [-0.9933540499696379, -2.7241340861383385, 2.657889646770485, 0.21176103645576166, -0.3812783515804857], [-1.5437739079538348, 0.8311278831597644, 0.21176103645576166, 2.2305992923214766, 1.4165330407001238], [0.6482678756236495, 0.9406806680732109, -0.3812783515804857, 1.4165330407001238, 2.4970658476632352]]",0.919191919191919,5,20,482.87736308256683,gp,0.6195488721804511,0.9460124056131834,0.5,0.4842105263157894,0.9112523929346439,0.5861009189663632,0.75,-0.001963414362797311
5,999,100,0.05,controlled_d5_s999,controlled_d5_s999::region_0,"[0.03992110372446648, -0.04967891759156945, 0.19711032882780688, 0.3260410789222173, 0.29021946763923184]","[[8.759040517677283, -1.75796240581142, -0.8165486367400072, -0.7974480427871193, 0.6368979686098588], [-1.75796240581142, 11.324927386960912, 2.864592192522361, -1.0048732781602374, 0.9577834845977518], [-0.8165486367400072, 2.864592192522361, 8.864991658559841, 2.086432201746998, -2.041588281374703], [-0.7974480427871193, -1.0048732781602374, 2.086432201746998, 9.773121961067302, -2.2991519858051355], [0.6368979686098588, 0.9577834845977518, -2.041588281374703, -2.2991519858051355, 8.499354755013526]]",0.904040404040404,20,69,560.9161218016667,gp,-0.08673730361709903,0.46741713946359975,0.2857142857142857,-0.3138838143953234,0.3168358659515505,0.0,0.7101449275362319,-0.0037485226887877506
5,999,250,0.0,controlled_d5_s999,controlled_d5_s999::region_0,"[0.49905926883372165, -0.5932783709909828, 0.3244070713820734, -2.4730724787428904, 0.5393580128403542]","[[7.226276286658747, 1.6396741245006594, -2.00030907378513, -0.021651082925086287, -1.4416248155127893], [1.6396741245006594, 4.883402658729071, -1.139179326636294, 0.7435100877465902, -0.9423461393326968], [-2.00030907378513, -1.139179326636294, 4.073307498738418, 0.4169228193685611, 0.03325727111304611], [-0.021651082925086287, 0.7435100877465902, 0.4169228193685611, 2.7856007885476743, -0.0020170380549055012], [-1.4416248155127893, -0.9423461393326968, 0.03325727111304611, -0.0020170380549055012, 4.323465531452296]]",0.9016064257028112,50,96,1138.5246065549377,gp,0.7439549636319382,0.8788576137545915,0.6,0.7220157352143245,0.9309928374621458,0.6538304840784491,0.47916666666666663,-0.14720260691815268
5,999,250,0.02,controlled_d5_s999,controlled_d5_s999::region_0,"[-0.053889301307428555, 0.048666201934167416, 0.46782075877154916, 0.12611533900543925, -0.5599226009698682]","[[8.474855336225856, 1.239829966748776, -0.8834147344621297, -0.08999474616427142, -0.05241313858798051], [1.239829966748776, 6.902382404758281, 0.24455256456247615, 1.2711011049260534, -1.654928438479121], [-0.8834147344621297, 0.24455256456247615, 8.2495564040413, 1.4947307549051336, 0.8918232412816163], [-0.08999474616427142, 1.2711011049260534, 1.4947307549051336, 7.859855458301358, -0.5201968277350681], [-0.05241313858798051, -1.654928438479121, 0.8918232412816163, -0.5201968277350681, 7.735468793071171]]",0.9016064257028112,50,96,1293.165243455316,gp,-0.007867607162235484,0.4133856112473409,0.1,-0.4365436787845904,0.2218748856138455,0.0,0.47916666666666663,-0.0026972502103625746
5,999,250,0.05,controlled_d5_s999,controlled_d5_s999::region_0,"[-0.6891921991632783, 0.4174466573915136, -0.14965457572870863, -0.3808143649503194, -0.2696608277826239]","[[8.514034871224716, -0.1103383230204453, -1.6557406138916027, 0.027458792532629665, 1.450037530004959], [-0.1103383230204453, 7.759654117092896, -1.4113017600236617, -0.9079436287741597, -0.4538115264354455], [-1.6557406138916027, -1.4113017600236617, 8.613683526829806, 2.306673620802382, 1.422255546579084], [0.027458792532629665, -0.9079436287741597, 2.306673620802382, 8.275644002082085, -0.8005960554059898], [1.450037530004959, -0.4538115264354455, 1.422255546579084, -0.8005960554059898, 8.323170709316713]]",0.9016064257028112,50,96,1303.5285601114388,gp,0.13932447097124254,0.396512478186071,0.1,-0.5185160065111232,0.31247674073164156,0.055243891256770684,0.47916666666666663,-0.002245926178710771
5,999,500,0.0,controlled_d5_s999,controlled_d5_s999::region_0,"[0.6814550533606962, -0.3750034845241953, 0.27232357275131647, -1.7034140172086192, 0.4075300768502343]","[[5.182562698433833, 0.7041545476339759, -1.5499423558914258, 0.1494305225076949, -1.640003849964148], [0.7041545476339759, 4.66637433932161, -0.01846978974448011, -0.23525182469736539, -1.3843876321685455], [-1.5499423558914258, -0.01846978974448011, 4.275211248010824, -0.13940693319336933, 0.18461124893520617], [0.1494305225076949, -0.23525182469736539, -0.13940693319336933, 3.6098381185100985, -0.3651560283538522], [-1.640003849964148, -1.3843876321685455, 0.18461124893520617, -0.3651560283538522, 5.336306996571484]]",0.9008016032064128,100,96,2238.4939115337015,gp,0.5923494302767227,0.8872551432558079,0.4,0.5877509495387955,0.9013619739498966,0.5255650786176698,0.0,-0.2315830775599505
5,999,500,0.02,controlled_d5_s999,controlled_d5_s999::region_0,"[0.27397171853877994, 0.5755620311528459, 0.3532774927173146, 0.07999793818519875, 0.03830193896711944]","[[8.232552877407047, 0.35695065973147894, -0.3330532829617132, 0.3983425023239317, 0.32509322939309415], [0.35695065973147894, 7.3458470704964265, -0.9670449288614319, -1.0105225844370147, -1.304162675984282], [-0.3330532829617132, -0.9670449288614319, 7.427800868322531, 0.8721924353593532, 0.5715578499801586], [0.3983425023239317, -1.0105225844370147, 0.8721924353593532, 7.848814715349241, -0.3115037718753957], [0.32509322939309415, -1.304162675984282, 0.5715578499801586, -0.3115037718753957, 7.556932924445429]]",0.9008016032064128,100,96,2520.6204314428014,gp,0.24498100922409116,0.5778618469093916,0.2,-0.028445469343461746,0.5078325129396557,0.14156517844796002,0.0,-0.008727849613978099
5,999,500,0.05,controlled_d5_s999,controlled_d5_s999::region_0,"[0.2543568158171308, 0.28879385505474486, -0.3636056450629035, 0.07881355971976446, 0.20933988232258285]","[[8.83902971800991, -2.062798523826582, -0.691941990060642, -1.3028831158683478, -0.6428988076244427], [-2.062798523826582, 8.435759228033278, -0.39705570393438266, 0.7513895020005563, -0.08564115079645085], [-0.691941990060642, -0.39705570393438266, 8.235726307111625, 0.8009176348072721, -1.2822561767161567], [-1.3028831158683478, 0.7513895020005563, 0.8009176348072721, 8.059160794239446, 0.10465822591570992], [-0.6428988076244427, -0.08564115079645085, -1.2822561767161567, 0.10465822591570992, 7.822924020455063]]",0.9008016032064128,100,96,2553.203976527432,gp,-0.04050461204557786,0.39214488517501667,0.1,0.09913185024416711,0.5939021935741721,0.0,0.0,-0.010364515941491358
5,1234,100,0.0,controlled_d5_s1234,controlled_d5_s1234::region_0,"[1.281842688392119, -1.2511319043293954, 0.11917776623307755, 1.0055898924327908, -0.5253564120220163]","[[2.8709055883053933, 0.433690817485327, -1.1849049417479125, 1.241371249747501, -0.493360751223453], [0.433690817485327, 4.290960706001288, -0.9937467894066359, 0.49805407078985464, 1.722531657763021], [-1.1849049417479125, -0.9937467894066359, 4.18843673817495, -1.6553394257903715, -1.4332320432572665], [1.241371249747501, 0.49805407078985464, -1.6553394257903715, 3.713357707322782, 1.3121755794595662], [-0.493360751223453, 1.722531657763021, -1.4332320432572665, 1.3121755794595662, 4.80280471450319]]",0.904040404040404,20,60,462.48398862050163,gp,0.541483745484857,0.7459081522905241,0.3333333333333333,0.6310641844956933,0.8173069894636359,0.4038971400899621,0.6666666666666667,-6.084321232005905e-06
5,1234,100,0.02,controlled_d5_s1234,controlled_d5_s1234::region_0,"[-2.308794655286406, -0.43932941442734563, 2.2301537930280837, 1.1604006138479956, -2.5900002694118203]","[[3.3506920850309303, -1.0368148400337582, 0.23342023036061565, -1.3086618586654943, -0.669574479770261], [-1.0368148400337582, 4.098276837662416, 1.2479145627774144, -0.4000061158291161, 1.201223003610635], [0.23342023036061565, 1.2479145627774144, 1.3865687371938122, -0.6882670366288594, 0.7648249452565282], [-1.3086618586654943, -0.4000061158291161, -0.6882670366288594, 1.3338794065409825, -0.38814537468807475], [-0.669574479770261, 1.201223003610635, 0.7648249452565282, -0.38814537468807475, 0.786502128585316]]",0.8666666666666666,5,20,507.0303526388768,gp,0.4661654135338345,0.587896887994507,0.0,0.32631578947368417,0.7357136406471176,0.2740571959072137,0.75,-2.703625604929231e-08
5,1234,100,0.02,controlled_d5_s1234,controlled_d5_s1234::region_1,"[2.628000013173225, -0.4043113060258157, 0.5252939492298988, -1.5102770764566018, 1.2350160582086083]","[[2.1711043477166325, -1.011500365641879, -0.9640584107581375, 0.32675613967741135, -1.7778499978333238], [-1.011500365641879, 8.920743553998985, 3.966770795503446, -1.2370939038335327, -2.6167066309515086], [-0.9640584107581375, 3.966770795503446, 5.557268185911138, -1.6860496551313335, 0.7053666702986255], [0.32675613967741135, -1.2370939038335327, -1.6860496551313335, 8.213512046579703, 0.9419057941676438], [-1.7778499978333238, -2.6167066309515086, 0.7053666702986255, 0.9419057941676438, 4.373903554150458]]",0.9262626262626263,10,30,507.0303526388768,gp,0.21557285873192436,0.32755665717209514,0.0,0.5261401557285873,0.5408603893596445,0.07061232498326145,0.6666666666666667,-3.218226152914791e-08
5,1234,100,0.02,controlled_d5_s1234,controlled_d5_s1234::region_2,"[-1.956879101390129, 1.6849839226270253, -1.8266272541877984, -2.6346879473558444, -3.5340755450289985]","[[5.544923196787438, 0.5511274667683196, -0.9816801672462154, 1.1942845848188641, -0.43115233695190114], [0.5511274667683196, 4.384818094157758, 0.39887540302451846, 1.1096903844853738, -0.12284606885538163], [-0.9816801672462154, 0.39887540302451846, 3.8134012617252693, 0.5361275451081526, -1.9743650536519075], [1.1942845848188641, 1.1096903844853738, 0.5361275451081526, 1.3622426397296412, 0.28075376974492006], [-0.43115233695190114, -0.12284606885538163, -1.9743650536519075, 0.28075376974492006, 1.9615480425210465]]",0.8969696969696971,5,20,507.0303526388768,gp,-0.7578947368421052,0.13919012148286186,0.0,0.38195488721804516,0.7357136406471176,0.0,0.75,-4.8657066392966886e-21
5,1234,100,0.05,controlled_d5_s1234,controlled_d5_s1234::region_0,"[-1.015650655368428, 0.15369662496393396, -1.2344784626997962, -0.2212377368507887, 0.10846318534519812]","[[5.66434092096327, -2.5798609907832746, 1.032344768884704, -0.5874173026233795, 2.563273742047463], [-2.5798609907832746, 6.596226730702251, 1.5779762095237224, -2.520933371493391, -2.0540935504870563], [1.032344768884704, 1.5779762095237224, 7.060879767591193, -0.9566472739521434, 0.40724303753304103], [-0.5874173026233795, -2.520933371493391, -0.9566472739521434, 9.744877403428141, 0.3381323514628969], [2.563273742047463, -2.0540935504870563, 0.40724303753304103, 0.3381323514628969, 6.049605731714601]]",0.904040404040404,20,62,521.6176073155531,gp,-0.07813955830878094,0.35683972659993174,0.14285714285714285,0.1586714008712951,0.40745192503999006,0.0,0.6774193548387097,-2.1446056787959778e-08
5,1234,250,0.0,controlled_d5_s1234,controlled_d5_s1234::region_0,"[1.1638856549928829, -0.36342664507167216, -0.08987168857781042, 0.12549821692235594, -0.6243901708454064]","[[4.649254790493024, -0.07328996670833197, -0.7810258048464903, -1.1685859951491109, 1.0822127175780794], [-0.07328996670833197, 5.731413910566255, -2.4655801141100167, 0.8418346749209921, 1.9096189061448312], [-0.7810258048464903, -2.4655801141100167, 6.647403621403847, 0.5744746088693802, -1.3461508358271945], [-1.1685859951491109, 0.8418346749209921, 0.5744746088693802, 4.507617455242773, 0.8570961836819114], [1.0822127175780794, 1.9096189061448312, -1.3461508358271945, 0.8570961836819114, 3.87406869017981]]",0.9016064257028112,50,96,1156.4628812401093,gp,0.47977482365708085,0.8243555329442077,0.3,0.47091698317959846,0.7890585534366866,0.39550503044904617,0.47916666666666663,-6.799140794328436e-06
5,1234,250,0.02,controlled_d5_s1234,controlled_d5_s1234::region_0,"[-0.3694056198503266, 0.45548887424633167, 0.1121326799540602, 0.3412080416714837, 0.2907052288981091]","[[6.193844102424964, 0.5858142365962449, -2.203702159284536, -0.41509950298351017, 0.80856042850959], [0.5858142365962449, 8.396475974004355, -1.1576423233938617, 0.8497361416384785, 0.11496469349760982], [-2.203702159284536, -1.1576423233938617, 8.453665277671266, 0.1688503879821509, 0.38379397546193034], [-0.41509950298351017, 0.8497361416384785, 0.1688503879821509, 9.00270759204244, -1.5439906963293144], [0.80856042850959, 0.11496469349760982, 0.38379397546193034, -1.5439906963293144, 8.146166674439938]]",0.9016064257028112,50,96,1297.5000288377666,gp,0.15846446011937057,0.3640664067970512,0.0,-0.4727211068909387,0.31052837806894323,0.057691586600693866,0.47916666666666663,-5.017141955570017e-09
5,1234,250,0.05,controlled_d5_s1234,controlled_d5_s1234::region_0,"[0.38581726979303965, 0.4264328052846234, 0.0196838636083368, 0.13265957150253457, 0.550792118808183]","[[8.283588891376494, -1.222834765519894, 0.8005695034510271, -0.8244493327546016, -1.1966287255645918], [-1.222834765519894, 8.212603333031554, 1.6445175532533665, 1.1969187509798282, 0.8913283890088475], [0.8005695034510271, 1.6445175532533665, 7.575632584727163, -1.0001368724876212, 0.35208512706297646], [-0.8244493327546016, 1.1969187509798282, -1.0001368724876212, 8.267641148296446, -0.14306107396649337], [-1.1966287255645918, 0.8913283890088475, 0.35208512706297646, -0.14306107396649337, 7.600919030199281]]",0.9016064257028112,50,96,1298.3849803432122,gp,0.25082745523602823,0.3918677715641082,0.1,-0.5000813890396093,0.21794664762539798,0.09829119593043847,0.47916666666666663,-2.071864957665392e-08
5,1234,500,0.0,controlled_d5_s1234,controlled_d5_s1234::region_0,"[0.6984891400867315, -2.0421361484257834, 1.6484809305622727, -0.05356185737666347, -0.649250709797317]","[[2.6947312306170184, -1.3621998742990797, -0.061829440122297075, -0.9591118835289092, 0.41482606083675044], [-1.3621998742990797, 3.1197049655334643, 0.3739756593236103, 0.43562927229465015, 0.3495645776396976], [-0.061829440122297075, 0.3739756593236103, 2.613607684800483, -1.0563122993034488, 0.01948143257463821], [-0.9591118835289092, 0.43562927229465015, -1.0563122993034488, 7.072243216544411, 2.577299894146471], [0.41482606083675044, 0.3495645776396976, 0.01948143257463821, 2.577299894146471, 3.9441513990504506]]",0.9026052104208416,65,96,2228.0778827096333,gp,0.7525908844275637,0.9798806926708886,0.7,0.6924308193163321,0.9366178850302622,0.7374492771306779,0.32291666666666663,-0.005252999290056684
5,1234,500,0.0,controlled_d5_s1234,controlled_d5_s1234::region_1,"[2.3323230675077995, 1.8181626003645375, -2.228212351923886, -0.3270574765213944, 0.5492531369023156]","[[3.1272676527444814, 0.6537656751330261, 0.4471709135516314, -0.207300910345537, 0.5093942968757198], [0.6537656751330261, 2.7983785850765353, 0.5772362202544797, -0.06881785039589511, 0.13694168580875354], [0.4471709135516314, 0.5772362202544797, 1.5049864051199686, 0.6813217374525233, 0.10185735457491177], [-0.207300910345537, -0.06881785039589511, 0.6813217374525233, 1.7764024469607402, -0.5817101551162951], [0.5093942968757198, 0.13694168580875354, 0.10185735457491177, -0.5817101551162951, 3.053893570766262]]",0.897452046951045,35,96,2228.0778827096333,gp,0.9551572701669857,0.9837025632921962,0.8,0.7375610417797069,0.9833603230668269,0.9395906550104406,0.6354166666666667,-0.5608623646504632
5,1234,500,0.02,controlled_d5_s1234,controlled_d5_s1234::region_0,"[-0.14668251852027647, -0.1892633833002899, 0.35172083717791014, 0.22572079808190637, -0.09867139788449515]","[[8.180034448302633, 1.0193418436073547, -0.6906391435730626, 0.5763106266873872, 0.13154775211397818], [1.0193418436073547, 7.616866980639021, 0.7653932159140546, -0.959546290675032, 0.3302130444682405], [-0.6906391435730626, 0.7653932159140546, 7.9632192041152186, 1.36552637842747, -0.07456872642649909], [0.5763106266873872, -0.959546290675032, 1.36552637842747, 7.812601709733809, 0.26451011745986475], [0.13154775211397818, 0.3302130444682405, -0.07456872642649909, 0.26451011745986475, 8.788983269801355]]",0.9008016032064128,100,96,2544.2723779946136,gp,-0.04441128594682583,0.3919289051007373,0.0,0.09781606077048291,0.6477784887515282,0.0,0.0,-1.3492104663379551e-06
5,1234,500,0.05,controlled_d5_s1234,controlled_d5_s1234::region_0,"[0.4720126974403307, -0.28776829968310286, -0.4004020238470705, -0.5053315905138952, 0.23080985888160896]","[[7.103661430364111, 0.2204101843672105, -1.2421369020143054, -0.0509906548168452, 0.16545897473369076], [0.2204101843672105, 8.678853773562006, 0.23871448250399407, 1.104674467670073, 1.7397026553253316], [-1.2421369020143054, 0.23871448250399407, 7.754514583362659, 0.25535979061312203, -0.2433284489574362], [-0.0509906548168452, 1.104674467670073, 0.25535979061312203, 7.270383572044859, 1.3776198651976097], [0.16545897473369076, 1.7397026553253316, -0.2433284489574362, 1.3776198651976097, 7.6645013199140415]]",0.9008016032064128,100,96,2517.505985360561,gp,0.31664405860010847,0.7824974399154396,0.5,0.12628865979381443,0.6432488259942186,0.24777316521901932,0.0,-2.002874474631783e-07
5,5678,100,0.0,controlled_d5_s5678,controlled_d5_s5678::region_0,"[-1.3122578263632685, 0.6856466462662365, -0.6270882388210771, -0.40731353323083835, 0.48694478057324375]","[[5.129270920138608, -2.6875944063781385, -1.742762836984392, 1.6146976335934617, 2.2829242274288184], [-2.6875944063781385, 6.320498871976644, 1.9523211693795122, -3.1885568515596385, -0.10271570386727699], [-1.742762836984392, 1.9523211693795122, 4.576288925065688, 0.21829575568470358, -1.9123193186907215], [1.6146976335934617, -3.1885568515596385, 0.21829575568470358, 6.906907687790959, -1.3317641907896436], [2.2829242274288184, -0.10271570386727699, -1.9123193186907215, -1.3317641907896436, 4.745452150310474]]",0.904040404040404,20,60,486.61190433335366,gp,0.5609335926646292,0.8444715583776421,0.6666666666666666,0.726924145595999,0.9449009498570207,0.4736924651438689,0.6666666666666667,-9.151280081588042e-07
5,5678,100,0.02,controlled_d5_s5678,controlled_d5_s5678::region_0,"[0.3071734076342714, -1.58998356224743, 4.300833321984707, -1.726341701837366, 2.033513075964899]","[[8.158786249790316, 1.526986709596923, 0.5902500881234947, 1.7084976091229316, 1.537700766370169], [1.526986709596923, 8.023783384409155, 0.3626720172159004, 1.4976659250132167, -1.3507191831105736], [0.5902500881234947, 0.3626720172159004, 0.0874179497931151, -0.2830167069400453, 0.3036758954334289], [1.7084976091229316, 1.4976659250132167, -0.2830167069400453, 8.073356654858166, -4.826833278092206], [1.537700766370169, -1.3507191831105736, 0.3036758954334289, -4.826833278092206, 4.913179266225017]]",0.8969696969696969,5,20,526.6955542604378,gp,0.5548872180451127,0.8977559407978107,0.5,0.7308270676691728,0.8572568568300623,0.49815329647277007,0.75,-2.692269281917442e-26
5,5678,100,0.02,controlled_d5_s5678,controlled_d5_s5678::region_1,"[-0.4302847637715149, 0.6565985028326811, -1.6759475751214197, 0.08865023759992181, 0.17166827664982798]","[[5.41376245247999, -3.0287559088779776, -2.812022438564044, -1.23832079243899, -2.059747626014737], [-3.0287559088779776, 6.292215043242229, 2.9141933271941665, 0.5850145204177079, 0.9723570030864392], [-2.812022438564044, 2.9141933271941665, 5.384192405325944, -3.3716046189161317, 2.1769948333116487], [-1.23832079243899, 0.5850145204177079, -3.3716046189161317, 9.757495775202084, -3.188075737607096], [-2.059747626014737, 0.9723570030864392, 2.1769948333116487, -3.188075737607096, 7.971080659221093]]",0.9063973063973064,15,45,526.6955542604378,gp,-0.15573122529644268,0.32661401438174564,0.2,0.28432147562582344,0.4817996882754316,0.0,0.6666666666666667,-2.03368557405662e-06
5,5678,100,0.05,controlled_d5_s5678,controlled_d5_s5678::region_0,"[-0.4685252007813337, 0.582539024275465, -0.21761784173234586, -0.9348629484688102, 0.3576458210511702]","[[10.860326997390887, -0.3785487178402288, -1.910219592921183, -3.584346811990028, -0.24281911064097672], [-0.3785487178402288, 11.355778310104581, 1.9165016142180336, 2.8354270147803806, 1.726415385145531], [-1.910219592921183, 1.9165016142180336, 8.262630495695149, -1.0903768132407559, -0.23708977319084656], [-3.584346811990028, 2.8354270147803806, -1.0903768132407559, 6.551281833815145, 2.0192236467806], [-0.24281911064097672, 1.726415385145531, -0.23708977319084656, 2.0192236467806, 7.851491613789075]]",0.904040404040404,20,64,548.0247403860263,gp,0.035210622710622703,0.44856032492464787,0.14285714285714285,-0.11167582417582418,0.39769833282563405,0.015794088363876104,0.6875,-3.6388652589672414e-07
5,5678,250,0.0,controlled_d5_s5678,controlled_d5_s5678::region_0,"[-1.0322226978061233, -0.3758241067474205, -1.3372676860393022, -0.3720133228840092, 0.7763932161318511]","[[3.0201381587786686, -1.437596586869434, -1.0951665251431382, 1.9204824046287414, -0.027903873365929137], [-1.437596586869434, 7.643942196707689, 0.7834157006640864, -3.051168072795488, -0.35537650426879286], [-1.0951665251431382, 0.7834157006640864, 4.236561163667371, 0.9263340909852074, 0.5969438174587838], [1.9204824046287414, -3.051168072795488, 0.9263340909852074, 5.953962872862261, 0.13751213521108052], [-0.027903873365929137, -0.35537650426879286, 0.5969438174587838, 0.13751213521108052, 2.6264738674829755]]",0.9016064257028112,50,96,1112.8513473601222,gp,0.8652430318926309,0.8852235835764328,0.4,0.7620320130222463,0.7909011882363342,0.7659335373565325,0.47916666666666663,-3.8761160610449376e-05
5,5678,250,0.02,controlled_d5_s5678,controlled_d5_s5678::region_0,"[0.2716378530916502, 0.6123903255946137, 0.38280042933230696, -0.09717167031488401, 0.14577146441765707]","[[9.395793067074546, 1.9705698177257207, -0.21694708257165948, -0.025070013072893756, -0.5679907736147847], [1.9705698177257207, 7.190338095120752, 1.9036670002499598, -0.2381165738666579, 0.5383007007413065], [-0.21694708257165948, 1.9036670002499598, 7.144283715801407, 0.39130269653789324, 0.7498945266823307], [-0.025070013072893756, -0.2381165738666579, 0.39130269653789324, 8.482234369036616, -1.0231684807766641], [-0.5679907736147847, 0.5383007007413065, 0.7498945266823307, -1.0231684807766641, 9.350686044123231]]",0.9016064257028112,50,96,1306.5480371651815,gp,0.24515735214324472,0.565739115466661,0.1,-0.494275637547477,0.3235658617478174,0.138695103551668,0.47916666666666663,-3.468817131426699e-05
5,5678,250,0.05,controlled_d5_s5678,controlled_d5_s5678::region_0,"[-0.8801601600214419, -0.4142072124058974, 0.5184617767256499, -0.4195851468963929, -0.4921795172528387]","[[7.448419606031928, 0.6230527684010603, -0.7912832880935549, 0.740359718623529, 1.103687759425184], [0.6230527684010603, 8.3043954335074, 0.6812672483359704, 0.19331474454226538, 0.3927965250736111], [-0.7912832880935549, 0.6812672483359704, 9.873577411138848, 0.26733114980932493, -0.2235059340966008], [0.740359718623529, 0.19331474454226538, 0.26733114980932493, 6.173729243984304, -0.3748304979148032], [1.103687759425184, 0.3927965250736111, -0.2235059340966008, -0.3748304979148032, 7.928622811834732]]",0.9016064257028112,50,96,1299.803443976617,gp,0.29876559956592513,0.698173825534563,0.2,-0.6085458491589799,0.26115910779583773,0.2085903215870693,0.47916666666666663,-0.0014237373364779247
5,5678,500,0.0,controlled_d5_s5678,controlled_d5_s5678::region_0,"[-1.4020338008145643, -0.11265732897993473, -1.2826844301817777, -0.4694254636265069, 0.3810715674735194]","[[4.356015944615295, -1.9949187628683536, -1.0893203213834362, 1.117883448553171, 1.3624478449287656], [-1.9949187628683536, 6.9285923673567735, 0.26926262917511823, -2.3045569422465517, -0.5484322431861282], [-1.0893203213834362, 0.26926262917511823, 4.27269493178952, 1.5905269511626101, 0.11752017326518512], [1.117883448553171, -2.3045569422465517, 1.5905269511626101, 5.649199956515743, -0.27902837046378437], [1.3624478449287656, -0.5484322431861282, 0.11752017326518512, -0.27902837046378437, 4.10527619859584]]",0.9008016032064128,100,96,2239.145813653094,gp,0.334020618556701,0.8083598117261438,0.2,0.5146907216494845,0.7842872784450025,0.2700088443291449,0.0,-9.445601548844982e-06
5,5678,500,0.02,controlled_d5_s5678,controlled_d5_s5678::region_0,"[-0.18272193953865082, -0.07222907695248573, -0.24007246737144936, 0.15745207897139743, -0.20942884912550536]","[[8.023479440619289, 1.8205579233533349, -0.8131703877170469, -0.3302000660037908, 1.2649023186970088], [1.8205579233533349, 7.782981944928263, -0.9392885928753842, -1.6935444189478943, 0.8156425726967651], [-0.8131703877170469, -0.9392885928753842, 8.206008948746014, 2.002870794085899, 0.37099889879926917], [-0.3302000660037908, -1.6935444189478943, 2.002870794085899, 8.259889508395219, -0.23087694045023244], [1.2649023186970088, 0.8156425726967651, 0.37099889879926917, -0.23087694045023244, 8.923305803161146]]",0.9008016032064128,100,96,2544.5218041060275,gp,-0.11227618014107434,0.5086301279826996,0.0,-0.11192349430276723,0.2890151212631376,0.0,0.0,-0.007699429980614045
5,5678,500,0.05,controlled_d5_s5678,controlled_d5_s5678::region_0,"[-0.2794196502813757, 0.11322151128873742, -0.4763949021677535, 0.16754713444647243, -0.16777438583366588]","[[7.50470292018309, -0.7822167314790396, 1.213462443245412, 0.37234864440863086, -0.6029607368763719], [-0.7822167314790396, 7.562010044962256, -1.7370407460583064, -1.0337742605457838, 0.37933420678579904], [1.213462443245412, -1.7370407460583064, 9.66619555349036, 0.05463962457248088, 0.2380326108466162], [0.37234864440863086, -1.0337742605457838, 0.05463962457248088, 8.019257083380117, 0.4611771411759756], [-0.6029607368763719, 0.37933420678579904, 0.2380326108466162, 0.4611771411759756, 9.101499531168649]]",0.9008016032064128,100,96,2560.6669866496227,gp,-0.047870320130222466,0.3136918415782001,0.0,0.12425393380358112,0.5195661918422708,0.0,0.0,-0.003231924528728576
5,8888,100,0.0,controlled_d5_s8888,controlled_d5_s8888::region_0,"[-2.459165768984715, -1.9360152256108207, 0.457400319002347, 2.2766537522157, -2.5014497263687536]","[[3.2071310251669023, -0.9451047268464766, -2.3851825950895575, -2.5470281475805185, 0.893089201548205], [-0.9451047268464766, 0.4693257290823753, 1.0069938876256876, 0.4328095655921865, 0.01072290371656275], [-2.3851825950895575, 1.0069938876256876, 2.3013286075449835, 1.4279017853239502, -0.16425813237516268], [-2.5470281475805185, 0.4328095655921865, 1.4279017853239502, 2.910317640283086, -0.9624819155197037], [0.893089201548205, 0.01072290371656275, -0.16425813237516268, -0.9624819155197037, 0.8449241864813625]]",0.8762626262626263,4,20,397.84123447733975,gp,0.09774436090225563,0.5878207408109524,0.0,0.31729323308270674,0.6882650971475515,0.057456162635657,0.8,-2.168592086628991e-05
5,8888,100,0.0,controlled_d5_s8888,controlled_d5_s8888::region_1,"[2.039576439391439, -3.207872469776176, 2.422132846111406, 0.3345244633946468, 0.00818064073493075]","[[1.9267817340064004, 0.051410500750171825, -0.18315877828886734, 0.40598675312202553, -0.3581962888219127], [0.051410500750171825, 1.5278616991386513, 0.247285703335983, -0.01324116286654932, 0.7387250742956328], [-0.18315877828886734, 0.247285703335983, 3.2497693822927927, 0.6616189884864615, 1.2131712699255448], [0.40598675312202553, -0.01324116286654932, 0.6616189884864615, 1.1421508411048293, 0.5283177596916846], [-0.3581962888219127, 0.7387250742956328, 1.2131712699255448, 0.5283177596916846, 3.7593967665040315]]",0.9242424242424242,12,36,397.84123447733975,gp,0.8293436293436294,0.9738767139364648,0.75,0.7480051480051481,0.945959529862451,0.8076784484693152,0.6666666666666667,-0.2602741109254487
5,8888,100,0.0,controlled_d5_s8888,controlled_d5_s8888::region_2,"[-0.8512360038124769, 0.5486697127661331, 1.2763659515594625, 1.6457056329220086, -1.4971217823450833]","[[0.5154418081463656, 0.5606888954753028, -0.5697094525684687, -0.15989356502774182, -0.7310935695185705], [0.5606888954753028, 0.6334183944607764, -0.6442463434577714, -0.3001466256971158, -0.7662527930391654], [-0.5697094525684687, -0.6442463434577714, 1.228702164088756, 1.0354247233067988, 1.561329076778459], [-0.15989356502774182, -0.3001466256971158, 1.0354247233067988, 3.505222755627375, 0.03154772233310635], [-0.7310935695185705, -0.7662527930391654, 1.561329076778459, 0.03154772233310635, 2.767976286769585]]",0.8712121212121212,4,20,397.84123447733975,gp,0.21353383458646616,0.8287494797342949,0.5,0.362406015037594,0.7101615635794764,0.17696605431920281,0.8,-0.0001065388314623026
5,8888,100,0.02,controlled_d5_s8888,controlled_d5_s8888::region_0,"[1.6875646244156726, -0.6798147772408664, 1.4974677979079207, -2.0231460657682785, 0.3885043961779603]","[[7.008686242004917, -4.071820934354398, -2.7157238605810208, 2.784318026518803, -2.212403036672719], [-4.071820934354398, 8.508332529421711, -1.257259753693263, -0.41977990491625583, 0.9184681283453173], [-2.7157238605810208, -1.257259753693263, 6.557812554364937, -1.3034859861552563, 0.48955234393155567], [2.784318026518803, -0.41977990491625583, -1.3034859861552563, 6.427668598204001, 2.1136561214502176], [-2.212403036672719, 0.9184681283453173, 0.48955234393155567, 2.1136561214502176, 10.964715990032827]]",0.9071969696969697,16,48,514.1945940343544,gp,-0.11474164133738603,0.3863963465304782,0.0,0.03549717759444203,0.3603411902944092,0.0,0.6666666666666667,-7.327332793322704e-06
5,8888,100,0.02,controlled_d5_s8888,controlled_d5_s8888::region_1,"[-1.1810963598250361, -2.7294615159774906, -2.612667286194394, 1.9671363147111884, -1.856446835726553]","[[11.732542694489073, -1.4910704140150384, -3.3060471767434807, 3.2899728942980033, 6.5963682370435475], [-1.4910704140150384, 3.8661726470803375, 4.873413298234237, 2.124572422963954, -0.9935713666868015], [-3.3060471767434807, 4.873413298234237, 6.349538639549573, 2.2573399828172804, -2.1210216048504478], [3.2899728942980033, 2.124572422963954, 2.2573399828172804, 5.566414001969835, -0.4006329327394528], [6.5963682370435475, -0.9935713666868015, -2.1210216048504478, -0.4006329327394528, 5.327413486929324]]",0.8914141414141414,4,20,514.1945940343544,gp,-0.05413533834586466,0.8417624349420092,0.0,0.0631578947368421,0.8572647985478274,0.0,0.8,-1.0345091313616599e-14
5,8888,100,0.05,controlled_d5_s8888,controlled_d5_s8888::region_0,"[0.23078204970435548, 1.8553017104133893, -0.48498652112811325, 0.8650975331535626, -2.613809224268566]","[[1.0234629499981966, 2.527641391008754, 0.2715433734238975, -0.013275043947221512, -0.2238771130543934], [2.527641391008754, 7.660925482892518, 1.726710985346173, 2.383745593081775, -1.7709062545392054], [0.2715433734238975, 1.726710985346173, 5.969380793163884, 2.868419946006642, 1.5439258662454702], [-0.013275043947221512, 2.383745593081775, 2.868419946006642, 4.505477162724837, -1.6529075846533752], [-0.2238771130543934, -1.7709062545392054, 1.5439258662454702, -1.6529075846533752, 2.414368874070217]]",0.8737373737373737,4,20,529.7577325296852,gp,0.5293233082706766,0.9112523929346439,0.5,0.23458646616541348,0.8012633509742605,0.48234713129773626,0.8,-1.1021662477514163e-08
5,8888,100,0.05,controlled_d5_s8888,controlled_d5_s8888::region_1,"[-3.313372083678477, 2.389426126278625, -1.6999362631601806, -0.5032562018099763, 2.458703782734582]","[[1.3839568328795173, 1.1718983996528753, -0.43593752571076505, -0.1199270514992895, 0.18206419149783476], [1.1718983996528753, 5.629280516789572, -0.4875298497315737, 0.3993491164246744, -1.0817473623704155], [-0.43593752571076505, -0.4875298497315737, 6.974234842169603, -1.1961126840874334, 3.011870063917982], [-0.1199270514992895, 0.3993491164246744, -1.1961126840874334, 9.076454374848096, -0.33931545145463804], [0.18206419149783476, -1.0817473623704155, 3.011870063917982, -0.33931545145463804, 2.424684243577755]]",0.9040404040404041,8,24,529.7577325296852,gp,0.5104347826086956,0.7086487037299463,0.3333333333333333,0.42260869565217385,0.7337444113610884,0.36171894703432905,0.6666666666666667,-1.0655184789038142e-22
5,8888,100,0.05,controlled_d5_s8888,controlled_d5_s8888::region_2,"[2.0695506417076515, -3.0274911471125225, 1.3143945418502285, 0.6938189452630755, 1.8201907716295707]","[[3.237363076638856, 0.9217439404951321, 0.9996692502962621, -3.2851449868443154, -0.43736510864792283], [0.9217439404951321, 4.320371602361249, 2.1098726581998575, -1.7286562507955634, 2.0216764258741877], [0.9996692502962621, 2.1098726581998575, 9.948787416581654, 1.2268429223861363, -2.7156416806856996], [-3.2851449868443154, -1.7286562507955634, 1.2268429223861363, 4.759586506727247, -0.5315483526691513], [-0.43736510864792283, 2.0216764258741877, -2.7156416806856996, -0.5315483526691513, 4.074539398628666]]",0.9191919191919192,8,24,529.7577325296852,gp,-0.02608695652173913,0.5375275284745706,0.0,0.6295652173913043,0.6025770160765358,0.0,0.6666666666666667,-0.0007714370842756399
5,8888,250,0.0,controlled_d5_s8888,controlled_d5_s8888::region_0,"[0.36869032304314386, -1.2949160254678578, 1.885789756619542, 0.6781107158320683, -0.6156810588148932]","[[5.834752263658093, -2.1176100013940564, -0.442520085954905, -2.1896078614129375, 1.5870666958826947], [-2.1176100013940564, 5.346969392453431, -0.15927768349270863, -0.36066017331629024, -0.21043889231859492], [-0.442520085954905, -0.15927768349270863, 4.048120569601312, 0.6832223069033878, -0.09047898772961241], [-2.1896078614129375, -0.36066017331629024, 0.6832223069033878, 4.7500199683140565, -2.5562878300893797], [1.5870666958826947, -0.21043889231859492, -0.09047898772961241, -2.5562878300893797, 4.816054970803286]]",0.9016064257028112,50,96,1145.8986614488322,gp,0.8495106450998778,0.9640672969391362,0.7,0.77866250678242,0.8653393513810294,0.818985431342461,0.47916666666666663,-0.22544113435891752
5,8888,250,0.02,controlled_d5_s8888,controlled_d5_s8888::region_0,"[-0.7364725339416293, -0.27136096619018946, -0.19896904261054552, -0.10358931378753057, 0.051145428446955174]","[[9.903519532021408, -1.619634552373727, -2.99722574944436, -0.9399780838062995, -0.7499553803687856], [-1.619634552373727, 6.474192246772913, 0.12228779267352362, 0.810291448301293, 1.9621260405586332], [-2.99722574944436, 0.12228779267352362, 9.500486209798684, 0.5549656881839382, -0.892003835867591], [-0.9399780838062995, 0.810291448301293, 0.5549656881839382, 7.8691087233151995, -0.4801240597507015], [-0.7499553803687856, 1.9621260405586332, -0.892003835867591, -0.4801240597507015, 7.1647819231384]]",0.9016064257028112,50,96,1295.7803413314052,gp,0.3192078133478025,0.6420435966801549,0.1,-0.407447097124254,0.37505234964326145,0.20494533257023068,0.47916666666666663,-0.00022119991439086334
5,8888,250,0.05,controlled_d5_s8888,controlled_d5_s8888::region_0,"[0.0016679797213004833, 0.028649438126176072, 0.37809642338950783, 0.5686391846677327, -0.4277520015908638]","[[7.921901861492081, -1.6881613026676878, 0.9281691124421436, -0.40587424058026267, -0.2179771989567737], [-1.6881613026676878, 7.7339604096537435, 0.31520208958120033, -1.315023836639062, -1.1471951212726048], [0.9281691124421436, 0.31520208958120033, 9.156913457718275, 0.5149182148411349, -1.6893051248955202], [-0.40587424058026267, -1.315023836639062, 0.5149182148411349, 7.017181289561442, 1.5725231012935117], [-0.2179771989567737, -1.1471951212726048, -1.6893051248955202, 1.5725231012935117, 7.240033176598145]]",0.9016064257028112,50,96,1289.1806591289333,gp,0.05874932175800326,0.4104100983902028,0.1,-0.4819045035268584,0.3321971304461467,0.0241113149230598,0.47916666666666663,-0.007546773367929318
5,8888,500,0.0,controlled_d5_s8888,controlled_d5_s8888::region_0,"[0.7509992482365517, -1.3708449918872696, 1.9239916383472166, 0.9072255270661641, -0.585240934655795]","[[5.460125025268738, -1.7114644692918626, -0.753382606761374, -1.4296255468906387, 1.378197935441975], [-1.7114644692918626, 4.898685697425641, 1.1246296474686202, 0.1791469211892056, 0.9733809139524241], [-0.753382606761374, 1.1246296474686202, 3.740392912644488, 0.8082834368764087, 0.8857041040277379], [-1.4296255468906387, 0.1791469211892056, 0.8082834368764087, 4.628281922906634, -1.9388689719182972], [1.378197935441975, 0.9733809139524241, 0.8857041040277379, -1.9388689719182972, 5.127082130346992]]",0.9008016032064128,100,96,2218.3399553972486,gp,0.6728320958866267,0.9058663206645134,0.6,0.648399348887683,0.8683755582000214,0.6094959351258117,0.0,-0.0893340070061656
5,8888,500,0.02,controlled_d5_s8888,controlled_d5_s8888::region_0,"[0.21991312082157702, -0.47142357734730894, 0.01502498095163415, -0.09282371425761786, -0.2225427548309645]","[[9.362237737762777, 1.019609100146775, -1.2785684480040076, 0.012660530408323864, 1.805797910137175], [1.019609100146775, 8.338043332991537, -0.7106743576491078, 0.05597631045400153, 0.09684077724820883], [-1.2785684480040076, -0.7106743576491078, 8.506550456078951, -0.1093572880116912, -0.4725883352758219], [0.012660530408323864, 0.05597631045400153, -0.1093572880116912, 8.331764221562452, -0.7429709327768683], [1.805797910137175, 0.09684077724820883, -0.4725883352758219, -0.7429709327768683, 7.993943401725147]]",0.9008016032064128,100,96,2571.3950087809794,gp,0.021785132935431363,0.3207353473908662,0.0,-0.04701573521432448,0.3937290375994566,0.006987262180001778,0.0,-0.0052744424913622415
5,8888,500,0.05,controlled_d5_s8888,controlled_d5_s8888::region_0,"[-0.18080026189930568, 0.2793991304844621, 0.052632399234033296, 0.09608989074843527, 0.0839036436735234]","[[8.419899503377247, -0.2910793644989559, 0.6528280508163248, -0.7709556910777513, -1.3912539816027394], [-0.2910793644989559, 9.51880986457447, -0.09634173028611595, 0.6917302382975871, 0.8071008946915419], [0.6528280508163248, -0.09634173028611595, 7.515296438541125, -1.057160287842983, 1.553838223997274], [-0.7709556910777513, 0.6917302382975871, -1.057160287842983, 8.983009639501583, -0.6649831496532802], [-1.3912539816027394, 0.8071008946915419, 1.553838223997274, -0.6649831496532802, 7.915986711342488]]",0.9008016032064128,100,96,2564.57380975159,gp,0.03646228974498101,0.5309907231758794,0.2,-0.06574877916440586,0.33086755254301753,0.019361137600335917,0.0,-0.0016291591021008428
