seed,dimension,relation,control,relation_or_control,shell,panel,method,model_seed,standardized_rmse,ndcg_at_top,spearman,pairwise_accuracy,precision_at_top,normalized_top1_regret,mean_negative_log_likelihood,interval_coverage_95,n_test,effective_mode,prior_names,prior_coefficients,source_data_hash,source_query_transform,source_context_query_hash,source_test_query_hash,target_context_design_hash,target_test_design_hash,target_test_truth_hash,srmse_delta_vs_target_only,negative_transfer
11,2,identity,none,identity,0.35,test,Target-Only,1343501679,0.7111922828097745,0.9672768073076329,0.835744369163157,0.8220964566929134,0.6923076923076923,0.0,-2.173786456140653,1.0,128,target_only,none,[],77162a3317b3cc419500a9a83f350de1fbb6e974953a87c77096d6e3cf0eb6c0,identity,5c31872fb5b63ca51804fd284f1b92baf550c90c3147d9a15343637ee8299b81,0af4734d604e41783fc922434b3859418663f183ae2b80093197a60102c0d3f7,5c31872fb5b63ca51804fd284f1b92baf550c90c3147d9a15343637ee8299b81,0af4734d604e41783fc922434b3859418663f183ae2b80093197a60102c0d3f7,96e2d1122ba8ac5554d788ad65de9946e550a73096fc6fab6952ed49b5ff082a,0.0,False
11,2,identity,none,identity,0.35,test,Geometry-Prior+Residual,1343501679,0.7445795859773063,0.9523000159204513,0.8184112342061892,0.8174212598425197,0.6923076923076923,0.004007011027474997,-2.4294656568653976,1.0,128,calibrated,geometry,[0.2520798240145541],77162a3317b3cc419500a9a83f350de1fbb6e974953a87c77096d6e3cf0eb6c0,identity,5c31872fb5b63ca51804fd284f1b92baf550c90c3147d9a15343637ee8299b81,0af4734d604e41783fc922434b3859418663f183ae2b80093197a60102c0d3f7,5c31872fb5b63ca51804fd284f1b92baf550c90c3147d9a15343637ee8299b81,0af4734d604e41783fc922434b3859418663f183ae2b80093197a60102c0d3f7,96e2d1122ba8ac5554d788ad65de9946e550a73096fc6fab6952ed49b5ff082a,0.0333873031675318,True
11,2,identity,none,identity,0.35,test,Oracle-Rank+Residual,1343501679,0.24150383737320724,0.96012972173589,0.9348333638527742,0.8989911417322834,0.6923076923076923,0.004007011027474997,-3.4351864046145417,0.9609375,128,calibrated,oracle_rank,[0.30563037879513183],77162a3317b3cc419500a9a83f350de1fbb6e974953a87c77096d6e3cf0eb6c0,identity,5c31872fb5b63ca51804fd284f1b92baf550c90c3147d9a15343637ee8299b81,0af4734d604e41783fc922434b3859418663f183ae2b80093197a60102c0d3f7,5c31872fb5b63ca51804fd284f1b92baf550c90c3147d9a15343637ee8299b81,0af4734d604e41783fc922434b3859418663f183ae2b80093197a60102c0d3f7,96e2d1122ba8ac5554d788ad65de9946e550a73096fc6fab6952ed49b5ff082a,-0.4696884454365673,False
11,2,identity,none,identity,0.35,test,Oracle-Value+Residual,1343501679,0.048567014318906185,0.9938218478921298,0.9674510162973814,0.9422982283464567,0.9230769230769231,0.0,-4.651431570235446,1.0,128,calibrated,oracle_value,[0.3101707791745171],77162a3317b3cc419500a9a83f350de1fbb6e974953a87c77096d6e3cf0eb6c0,identity,5c31872fb5b63ca51804fd284f1b92baf550c90c3147d9a15343637ee8299b81,0af4734d604e41783fc922434b3859418663f183ae2b80093197a60102c0d3f7,5c31872fb5b63ca51804fd284f1b92baf550c90c3147d9a15343637ee8299b81,0af4734d604e41783fc922434b3859418663f183ae2b80093197a60102c0d3f7,96e2d1122ba8ac5554d788ad65de9946e550a73096fc6fab6952ed49b5ff082a,-0.6626252684908683,False
11,2,identity,none,identity,0.35,test,Oracle-Rank+Value+Residual,1343501679,0.10774802044909516,0.9755301749088254,0.9620433528657756,0.9290108267716536,0.7692307692307693,0.0008889656006722163,-4.243782897766611,0.984375,128,calibrated,oracle_rank|oracle_value,"[0.13678978976448633, 0.18600155665592513]",77162a3317b3cc419500a9a83f350de1fbb6e974953a87c77096d6e3cf0eb6c0,identity,5c31872fb5b63ca51804fd284f1b92baf550c90c3147d9a15343637ee8299b81,0af4734d604e41783fc922434b3859418663f183ae2b80093197a60102c0d3f7,5c31872fb5b63ca51804fd284f1b92baf550c90c3147d9a15343637ee8299b81,0af4734d604e41783fc922434b3859418663f183ae2b80093197a60102c0d3f7,96e2d1122ba8ac5554d788ad65de9946e550a73096fc6fab6952ed49b5ff082a,-0.6034442623606794,False
11,2,identity,none,identity,0.7,test,Target-Only,651802812,1.660682452574072,0.9662742401108233,0.8923960813037906,0.8647883858267716,0.6923076923076923,0.0,-0.5174980784792141,0.78125,128,target_only,none,[],77162a3317b3cc419500a9a83f350de1fbb6e974953a87c77096d6e3cf0eb6c0,identity,5c31872fb5b63ca51804fd284f1b92baf550c90c3147d9a15343637ee8299b81,565c12d7b0d9827858cc79f49175e28cd3a10c14fc8d245966b1ea6bb7aab1ae,5c31872fb5b63ca51804fd284f1b92baf550c90c3147d9a15343637ee8299b81,565c12d7b0d9827858cc79f49175e28cd3a10c14fc8d245966b1ea6bb7aab1ae,065310cf2c5e65a89e3f044bb033c3049dfd5f89b9144ef6ea1212bc7888aec1,0.0,False
11,2,identity,none,identity,0.7,test,Geometry-Prior+Residual,651802812,1.0726127154392135,0.9480729491974651,0.9115661051089544,0.8697096456692913,0.5384615384615384,0.0023626035374125134,-0.9577297957663635,0.796875,128,calibrated,geometry,[0.2520798240145541],77162a3317b3cc419500a9a83f350de1fbb6e974953a87c77096d6e3cf0eb6c0,identity,5c31872fb5b63ca51804fd284f1b92baf550c90c3147d9a15343637ee8299b81,565c12d7b0d9827858cc79f49175e28cd3a10c14fc8d245966b1ea6bb7aab1ae,5c31872fb5b63ca51804fd284f1b92baf550c90c3147d9a15343637ee8299b81,565c12d7b0d9827858cc79f49175e28cd3a10c14fc8d245966b1ea6bb7aab1ae,065310cf2c5e65a89e3f044bb033c3049dfd5f89b9144ef6ea1212bc7888aec1,-0.5880697371348584,False
11,2,identity,none,identity,0.7,test,Oracle-Rank+Residual,651802812,1.1541840007871644,0.9908258474858354,0.7963800128181652,0.8101624015748031,0.8461538461538461,0.004989452377131575,6.86931895313339,0.3515625,128,calibrated,oracle_rank,[0.30563037879513183],77162a3317b3cc419500a9a83f350de1fbb6e974953a87c77096d6e3cf0eb6c0,identity,5c31872fb5b63ca51804fd284f1b92baf550c90c3147d9a15343637ee8299b81,565c12d7b0d9827858cc79f49175e28cd3a10c14fc8d245966b1ea6bb7aab1ae,5c31872fb5b63ca51804fd284f1b92baf550c90c3147d9a15343637ee8299b81,565c12d7b0d9827858cc79f49175e28cd3a10c14fc8d245966b1ea6bb7aab1ae,065310cf2c5e65a89e3f044bb033c3049dfd5f89b9144ef6ea1212bc7888aec1,-0.5064984517869076,False
11,2,identity,none,identity,0.7,test,Oracle-Value+Residual,651802812,0.18806929539485792,0.9996119602696422,0.9293169749130196,0.9104330708661418,1.0,0.0,-2.663926920133283,0.6640625,128,calibrated,oracle_value,[0.3101707791745171],77162a3317b3cc419500a9a83f350de1fbb6e974953a87c77096d6e3cf0eb6c0,identity,5c31872fb5b63ca51804fd284f1b92baf550c90c3147d9a15343637ee8299b81,565c12d7b0d9827858cc79f49175e28cd3a10c14fc8d245966b1ea6bb7aab1ae,5c31872fb5b63ca51804fd284f1b92baf550c90c3147d9a15343637ee8299b81,565c12d7b0d9827858cc79f49175e28cd3a10c14fc8d245966b1ea6bb7aab1ae,065310cf2c5e65a89e3f044bb033c3049dfd5f89b9144ef6ea1212bc7888aec1,-1.472613157179214,False
11,2,identity,none,identity,0.7,test,Oracle-Rank+Value+Residual,651802812,0.5498301415233388,0.9917226894980413,0.8409860831349569,0.843996062992126,0.8461538461538461,0.004989452377131575,7.264062741420883,0.328125,128,calibrated,oracle_rank|oracle_value,"[0.13678978976448633, 0.18600155665592513]",77162a3317b3cc419500a9a83f350de1fbb6e974953a87c77096d6e3cf0eb6c0,identity,5c31872fb5b63ca51804fd284f1b92baf550c90c3147d9a15343637ee8299b81,565c12d7b0d9827858cc79f49175e28cd3a10c14fc8d245966b1ea6bb7aab1ae,5c31872fb5b63ca51804fd284f1b92baf550c90c3147d9a15343637ee8299b81,565c12d7b0d9827858cc79f49175e28cd3a10c14fc8d245966b1ea6bb7aab1ae,065310cf2c5e65a89e3f044bb033c3049dfd5f89b9144ef6ea1212bc7888aec1,-1.1108523110507331,False
11,2,identity,none,identity,1.0,test,Target-Only,977760002,0.6492962882852624,0.938120893417529,0.8544222669840689,0.8377214566929134,0.46153846153846156,0.0,-0.6136183909971485,0.90625,128,target_only,none,[],77162a3317b3cc419500a9a83f350de1fbb6e974953a87c77096d6e3cf0eb6c0,identity,5c31872fb5b63ca51804fd284f1b92baf550c90c3147d9a15343637ee8299b81,19ad2ce9361b568e7d28247e7742516574ba76f67a6157473541cfcd6bdc7cb8,5c31872fb5b63ca51804fd284f1b92baf550c90c3147d9a15343637ee8299b81,19ad2ce9361b568e7d28247e7742516574ba76f67a6157473541cfcd6bdc7cb8,f4b1230702062b34f2cb3045efd4197b64bd3e6f82817236bc60314d886b3475,0.0,False
11,2,identity,none,identity,1.0,test,Geometry-Prior+Residual,977760002,0.49899444849974034,0.8656857791705586,0.857695477018861,0.8304625984251969,0.23076923076923078,0.07695704026053668,-0.6120888002687748,0.84375,128,calibrated,geometry,[0.2520798240145541],77162a3317b3cc419500a9a83f350de1fbb6e974953a87c77096d6e3cf0eb6c0,identity,5c31872fb5b63ca51804fd284f1b92baf550c90c3147d9a15343637ee8299b81,19ad2ce9361b568e7d28247e7742516574ba76f67a6157473541cfcd6bdc7cb8,5c31872fb5b63ca51804fd284f1b92baf550c90c3147d9a15343637ee8299b81,19ad2ce9361b568e7d28247e7742516574ba76f67a6157473541cfcd6bdc7cb8,f4b1230702062b34f2cb3045efd4197b64bd3e6f82817236bc60314d886b3475,-0.15030183978552208,False
11,2,identity,none,identity,1.0,test,Oracle-Rank+Residual,977760002,0.44715101524054124,0.983243839448389,0.908933803332723,0.8759842519685039,0.6923076923076923,0.0034026206955720334,4.435157129399508,0.2734375,128,calibrated,oracle_rank,[0.30563037879513183],77162a3317b3cc419500a9a83f350de1fbb6e974953a87c77096d6e3cf0eb6c0,identity,5c31872fb5b63ca51804fd284f1b92baf550c90c3147d9a15343637ee8299b81,19ad2ce9361b568e7d28247e7742516574ba76f67a6157473541cfcd6bdc7cb8,5c31872fb5b63ca51804fd284f1b92baf550c90c3147d9a15343637ee8299b81,19ad2ce9361b568e7d28247e7742516574ba76f67a6157473541cfcd6bdc7cb8,f4b1230702062b34f2cb3045efd4197b64bd3e6f82817236bc60314d886b3475,-0.20214527304472119,False
11,2,identity,none,identity,1.0,test,Oracle-Value+Residual,977760002,0.06970728480937635,0.9992974086685192,0.9873821186595861,0.9649360236220472,0.9230769230769231,0.0,-2.6122479467126594,0.84375,128,calibrated,oracle_value,[0.3101707791745171],77162a3317b3cc419500a9a83f350de1fbb6e974953a87c77096d6e3cf0eb6c0,identity,5c31872fb5b63ca51804fd284f1b92baf550c90c3147d9a15343637ee8299b81,19ad2ce9361b568e7d28247e7742516574ba76f67a6157473541cfcd6bdc7cb8,5c31872fb5b63ca51804fd284f1b92baf550c90c3147d9a15343637ee8299b81,19ad2ce9361b568e7d28247e7742516574ba76f67a6157473541cfcd6bdc7cb8,f4b1230702062b34f2cb3045efd4197b64bd3e6f82817236bc60314d886b3475,-0.579589003475886,False
11,2,identity,none,identity,1.0,test,Oracle-Rank+Value+Residual,977760002,0.2098125652950309,0.9908408062449903,0.9687614447903314,0.9340551181102362,0.7692307692307693,0.0034026206955720334,4.332136214724127,0.2578125,128,calibrated,oracle_rank|oracle_value,"[0.13678978976448633, 0.18600155665592513]",77162a3317b3cc419500a9a83f350de1fbb6e974953a87c77096d6e3cf0eb6c0,identity,5c31872fb5b63ca51804fd284f1b92baf550c90c3147d9a15343637ee8299b81,19ad2ce9361b568e7d28247e7742516574ba76f67a6157473541cfcd6bdc7cb8,5c31872fb5b63ca51804fd284f1b92baf550c90c3147d9a15343637ee8299b81,19ad2ce9361b568e7d28247e7742516574ba76f67a6157473541cfcd6bdc7cb8,f4b1230702062b34f2cb3045efd4197b64bd3e6f82817236bc60314d886b3475,-0.43948372299023153,False
11,2,identity,identity_label_permutation,identity_label_permutation,0.35,test,Target-Only,2111304516,0.7111922828097745,0.9672768073076329,0.835744369163157,0.8220964566929134,0.6923076923076923,0.0,-2.173786456140653,1.0,128,target_only,none,[],19ff921f4e63cf441724a3f4ab1e053d3a4d9277bf4435a7378157ed18961526,identity,5c31872fb5b63ca51804fd284f1b92baf550c90c3147d9a15343637ee8299b81,0af4734d604e41783fc922434b3859418663f183ae2b80093197a60102c0d3f7,5c31872fb5b63ca51804fd284f1b92baf550c90c3147d9a15343637ee8299b81,0af4734d604e41783fc922434b3859418663f183ae2b80093197a60102c0d3f7,96e2d1122ba8ac5554d788ad65de9946e550a73096fc6fab6952ed49b5ff082a,0.0,False
11,2,identity,identity_label_permutation,identity_label_permutation,0.35,test,Geometry-Prior+Residual,2111304516,0.7445795859773063,0.9523000159204513,0.8184112342061892,0.8174212598425197,0.6923076923076923,0.004007011027474997,-2.4294656568653976,1.0,128,calibrated,geometry,[0.2520798240145541],19ff921f4e63cf441724a3f4ab1e053d3a4d9277bf4435a7378157ed18961526,identity,5c31872fb5b63ca51804fd284f1b92baf550c90c3147d9a15343637ee8299b81,0af4734d604e41783fc922434b3859418663f183ae2b80093197a60102c0d3f7,5c31872fb5b63ca51804fd284f1b92baf550c90c3147d9a15343637ee8299b81,0af4734d604e41783fc922434b3859418663f183ae2b80093197a60102c0d3f7,96e2d1122ba8ac5554d788ad65de9946e550a73096fc6fab6952ed49b5ff082a,0.0333873031675318,True
11,2,identity,identity_label_permutation,identity_label_permutation,0.35,test,Oracle-Rank+Residual,2111304516,0.7442179514323104,0.9641660654480295,0.8236415033876578,0.8086860236220472,0.6923076923076923,0.0,-2.0682051694534263,1.0,128,calibrated,oracle_rank,[0.013197128301030436],19ff921f4e63cf441724a3f4ab1e053d3a4d9277bf4435a7378157ed18961526,identity,5c31872fb5b63ca51804fd284f1b92baf550c90c3147d9a15343637ee8299b81,0af4734d604e41783fc922434b3859418663f183ae2b80093197a60102c0d3f7,5c31872fb5b63ca51804fd284f1b92baf550c90c3147d9a15343637ee8299b81,0af4734d604e41783fc922434b3859418663f183ae2b80093197a60102c0d3f7,96e2d1122ba8ac5554d788ad65de9946e550a73096fc6fab6952ed49b5ff082a,0.033025668622535864,True
11,2,identity,identity_label_permutation,identity_label_permutation,0.35,test,Oracle-Value+Residual,2111304516,0.7111922828097745,0.9672768073076329,0.835744369163157,0.8220964566929134,0.6923076923076923,0.0,-2.173786456140653,1.0,128,target_only,oracle_value,[6.871667467279457e-17],19ff921f4e63cf441724a3f4ab1e053d3a4d9277bf4435a7378157ed18961526,identity,5c31872fb5b63ca51804fd284f1b92baf550c90c3147d9a15343637ee8299b81,0af4734d604e41783fc922434b3859418663f183ae2b80093197a60102c0d3f7,5c31872fb5b63ca51804fd284f1b92baf550c90c3147d9a15343637ee8299b81,0af4734d604e41783fc922434b3859418663f183ae2b80093197a60102c0d3f7,96e2d1122ba8ac5554d788ad65de9946e550a73096fc6fab6952ed49b5ff082a,0.0,False
11,2,identity,identity_label_permutation,identity_label_permutation,0.35,test,Oracle-Rank+Value+Residual,2111304516,0.7442179514625137,0.9641660654480295,0.8236415033876578,0.8086860236220472,0.6923076923076923,0.0,-2.068205169368622,1.0,128,calibrated,oracle_rank|oracle_value,"[0.013197128307606802, 3.7332266536739836e-14]",19ff921f4e63cf441724a3f4ab1e053d3a4d9277bf4435a7378157ed18961526,identity,5c31872fb5b63ca51804fd284f1b92baf550c90c3147d9a15343637ee8299b81,0af4734d604e41783fc922434b3859418663f183ae2b80093197a60102c0d3f7,5c31872fb5b63ca51804fd284f1b92baf550c90c3147d9a15343637ee8299b81,0af4734d604e41783fc922434b3859418663f183ae2b80093197a60102c0d3f7,96e2d1122ba8ac5554d788ad65de9946e550a73096fc6fab6952ed49b5ff082a,0.03302566865273915,True
11,2,identity,identity_label_permutation,identity_label_permutation,0.7,test,Target-Only,818308853,1.660682452574072,0.9662742401108233,0.8923960813037906,0.8647883858267716,0.6923076923076923,0.0,-0.5174980784792141,0.78125,128,target_only,none,[],19ff921f4e63cf441724a3f4ab1e053d3a4d9277bf4435a7378157ed18961526,identity,5c31872fb5b63ca51804fd284f1b92baf550c90c3147d9a15343637ee8299b81,565c12d7b0d9827858cc79f49175e28cd3a10c14fc8d245966b1ea6bb7aab1ae,5c31872fb5b63ca51804fd284f1b92baf550c90c3147d9a15343637ee8299b81,565c12d7b0d9827858cc79f49175e28cd3a10c14fc8d245966b1ea6bb7aab1ae,065310cf2c5e65a89e3f044bb033c3049dfd5f89b9144ef6ea1212bc7888aec1,0.0,False
11,2,identity,identity_label_permutation,identity_label_permutation,0.7,test,Geometry-Prior+Residual,818308853,1.0726127154392135,0.9480729491974651,0.9115661051089544,0.8697096456692913,0.5384615384615384,0.0023626035374125134,-0.9577297957663635,0.796875,128,calibrated,geometry,[0.2520798240145541],19ff921f4e63cf441724a3f4ab1e053d3a4d9277bf4435a7378157ed18961526,identity,5c31872fb5b63ca51804fd284f1b92baf550c90c3147d9a15343637ee8299b81,565c12d7b0d9827858cc79f49175e28cd3a10c14fc8d245966b1ea6bb7aab1ae,5c31872fb5b63ca51804fd284f1b92baf550c90c3147d9a15343637ee8299b81,565c12d7b0d9827858cc79f49175e28cd3a10c14fc8d245966b1ea6bb7aab1ae,065310cf2c5e65a89e3f044bb033c3049dfd5f89b9144ef6ea1212bc7888aec1,-0.5880697371348584,False
11,2,identity,identity_label_permutation,identity_label_permutation,0.7,test,Oracle-Rank+Residual,818308853,1.6322018876390423,0.960104781692631,0.9014317432704632,0.8699557086614174,0.6923076923076923,0.0,-0.5408274916866993,0.78125,128,calibrated,oracle_rank,[0.013197128301030436],19ff921f4e63cf441724a3f4ab1e053d3a4d9277bf4435a7378157ed18961526,identity,5c31872fb5b63ca51804fd284f1b92baf550c90c3147d9a15343637ee8299b81,565c12d7b0d9827858cc79f49175e28cd3a10c14fc8d245966b1ea6bb7aab1ae,5c31872fb5b63ca51804fd284f1b92baf550c90c3147d9a15343637ee8299b81,565c12d7b0d9827858cc79f49175e28cd3a10c14fc8d245966b1ea6bb7aab1ae,065310cf2c5e65a89e3f044bb033c3049dfd5f89b9144ef6ea1212bc7888aec1,-0.028480564935029706,False
11,2,identity,identity_label_permutation,identity_label_permutation,0.7,test,Oracle-Value+Residual,818308853,1.660682452574072,0.9662742401108233,0.8923960813037906,0.8647883858267716,0.6923076923076923,0.0,-0.5174980784792141,0.78125,128,target_only,oracle_value,[6.871667467279457e-17],19ff921f4e63cf441724a3f4ab1e053d3a4d9277bf4435a7378157ed18961526,identity,5c31872fb5b63ca51804fd284f1b92baf550c90c3147d9a15343637ee8299b81,565c12d7b0d9827858cc79f49175e28cd3a10c14fc8d245966b1ea6bb7aab1ae,5c31872fb5b63ca51804fd284f1b92baf550c90c3147d9a15343637ee8299b81,565c12d7b0d9827858cc79f49175e28cd3a10c14fc8d245966b1ea6bb7aab1ae,065310cf2c5e65a89e3f044bb033c3049dfd5f89b9144ef6ea1212bc7888aec1,0.0,False
11,2,identity,identity_label_permutation,identity_label_permutation,0.7,test,Oracle-Rank+Value+Residual,818308853,1.6322018876291575,0.960104781692631,0.9014317432704632,0.8699557086614174,0.6923076923076923,0.0,-0.5408274916927531,0.78125,128,calibrated,oracle_rank|oracle_value,"[0.013197128307606802, 3.7332266536739836e-14]",19ff921f4e63cf441724a3f4ab1e053d3a4d9277bf4435a7378157ed18961526,identity,5c31872fb5b63ca51804fd284f1b92baf550c90c3147d9a15343637ee8299b81,565c12d7b0d9827858cc79f49175e28cd3a10c14fc8d245966b1ea6bb7aab1ae,5c31872fb5b63ca51804fd284f1b92baf550c90c3147d9a15343637ee8299b81,565c12d7b0d9827858cc79f49175e28cd3a10c14fc8d245966b1ea6bb7aab1ae,065310cf2c5e65a89e3f044bb033c3049dfd5f89b9144ef6ea1212bc7888aec1,-0.028480564944914466,False
11,2,identity,identity_label_permutation,identity_label_permutation,1.0,test,Target-Only,1248725915,0.6492962882852624,0.938120893417529,0.8544222669840689,0.8377214566929134,0.46153846153846156,0.0,-0.6136183909971485,0.90625,128,target_only,none,[],19ff921f4e63cf441724a3f4ab1e053d3a4d9277bf4435a7378157ed18961526,identity,5c31872fb5b63ca51804fd284f1b92baf550c90c3147d9a15343637ee8299b81,19ad2ce9361b568e7d28247e7742516574ba76f67a6157473541cfcd6bdc7cb8,5c31872fb5b63ca51804fd284f1b92baf550c90c3147d9a15343637ee8299b81,19ad2ce9361b568e7d28247e7742516574ba76f67a6157473541cfcd6bdc7cb8,f4b1230702062b34f2cb3045efd4197b64bd3e6f82817236bc60314d886b3475,0.0,False
11,2,identity,identity_label_permutation,identity_label_permutation,1.0,test,Geometry-Prior+Residual,1248725915,0.49899444849974034,0.8656857791705586,0.857695477018861,0.8304625984251969,0.23076923076923078,0.07695704026053668,-0.6120888002687748,0.84375,128,calibrated,geometry,[0.2520798240145541],19ff921f4e63cf441724a3f4ab1e053d3a4d9277bf4435a7378157ed18961526,identity,5c31872fb5b63ca51804fd284f1b92baf550c90c3147d9a15343637ee8299b81,19ad2ce9361b568e7d28247e7742516574ba76f67a6157473541cfcd6bdc7cb8,5c31872fb5b63ca51804fd284f1b92baf550c90c3147d9a15343637ee8299b81,19ad2ce9361b568e7d28247e7742516574ba76f67a6157473541cfcd6bdc7cb8,f4b1230702062b34f2cb3045efd4197b64bd3e6f82817236bc60314d886b3475,-0.15030183978552208,False
11,2,identity,identity_label_permutation,identity_label_permutation,1.0,test,Oracle-Rank+Residual,1248725915,0.6051727391656067,0.9775141266759876,0.8765507690899103,0.8544537401574803,0.7692307692307693,0.0,-0.6740070989133699,0.90625,128,calibrated,oracle_rank,[0.013197128301030436],19ff921f4e63cf441724a3f4ab1e053d3a4d9277bf4435a7378157ed18961526,identity,5c31872fb5b63ca51804fd284f1b92baf550c90c3147d9a15343637ee8299b81,19ad2ce9361b568e7d28247e7742516574ba76f67a6157473541cfcd6bdc7cb8,5c31872fb5b63ca51804fd284f1b92baf550c90c3147d9a15343637ee8299b81,19ad2ce9361b568e7d28247e7742516574ba76f67a6157473541cfcd6bdc7cb8,f4b1230702062b34f2cb3045efd4197b64bd3e6f82817236bc60314d886b3475,-0.04412354911965577,False
11,2,identity,identity_label_permutation,identity_label_permutation,1.0,test,Oracle-Value+Residual,1248725915,0.6492962882852624,0.938120893417529,0.8544222669840689,0.8377214566929134,0.46153846153846156,0.0,-0.6136183909971485,0.90625,128,target_only,oracle_value,[6.871667467279457e-17],19ff921f4e63cf441724a3f4ab1e053d3a4d9277bf4435a7378157ed18961526,identity,5c31872fb5b63ca51804fd284f1b92baf550c90c3147d9a15343637ee8299b81,19ad2ce9361b568e7d28247e7742516574ba76f67a6157473541cfcd6bdc7cb8,5c31872fb5b63ca51804fd284f1b92baf550c90c3147d9a15343637ee8299b81,19ad2ce9361b568e7d28247e7742516574ba76f67a6157473541cfcd6bdc7cb8,f4b1230702062b34f2cb3045efd4197b64bd3e6f82817236bc60314d886b3475,0.0,False
11,2,identity,identity_label_permutation,identity_label_permutation,1.0,test,Oracle-Rank+Value+Residual,1248725915,0.6051727391453312,0.9775141266759876,0.8765507690899103,0.8544537401574803,0.7692307692307693,0.0,-0.674007098938646,0.90625,128,calibrated,oracle_rank|oracle_value,"[0.013197128307606802, 3.7332266536739836e-14]",19ff921f4e63cf441724a3f4ab1e053d3a4d9277bf4435a7378157ed18961526,identity,5c31872fb5b63ca51804fd284f1b92baf550c90c3147d9a15343637ee8299b81,19ad2ce9361b568e7d28247e7742516574ba76f67a6157473541cfcd6bdc7cb8,5c31872fb5b63ca51804fd284f1b92baf550c90c3147d9a15343637ee8299b81,19ad2ce9361b568e7d28247e7742516574ba76f67a6157473541cfcd6bdc7cb8,f4b1230702062b34f2cb3045efd4197b64bd3e6f82817236bc60314d886b3475,-0.04412354913993122,False
11,2,output_affine,none,output_affine,0.35,test,Target-Only,1457997233,0.7111922828097746,0.9672768073076329,0.835744369163157,0.8220964566929134,0.6923076923076923,0.0,-1.2574957242664981,1.0,128,target_only,none,[],77162a3317b3cc419500a9a83f350de1fbb6e974953a87c77096d6e3cf0eb6c0,output_affine,5c31872fb5b63ca51804fd284f1b92baf550c90c3147d9a15343637ee8299b81,0af4734d604e41783fc922434b3859418663f183ae2b80093197a60102c0d3f7,5c31872fb5b63ca51804fd284f1b92baf550c90c3147d9a15343637ee8299b81,0af4734d604e41783fc922434b3859418663f183ae2b80093197a60102c0d3f7,10cf3eec1bac46304d8f668ed267a514adf5e41366953e73dfbf6ab234f1cd64,0.0,False
11,2,output_affine,none,output_affine,0.35,test,Geometry-Prior+Residual,1457997233,0.7445795859773059,0.9523000159204513,0.8184112342061892,0.8174212598425197,0.6923076923076923,0.004007011027475437,-1.513174924991243,1.0,128,calibrated,geometry,[0.6301995600363849],77162a3317b3cc419500a9a83f350de1fbb6e974953a87c77096d6e3cf0eb6c0,output_affine,5c31872fb5b63ca51804fd284f1b92baf550c90c3147d9a15343637ee8299b81,0af4734d604e41783fc922434b3859418663f183ae2b80093197a60102c0d3f7,5c31872fb5b63ca51804fd284f1b92baf550c90c3147d9a15343637ee8299b81,0af4734d604e41783fc922434b3859418663f183ae2b80093197a60102c0d3f7,10cf3eec1bac46304d8f668ed267a514adf5e41366953e73dfbf6ab234f1cd64,0.033387303167531246,True
11,2,output_affine,none,output_affine,0.35,test,Oracle-Rank+Residual,1457997233,0.24150383737320824,0.96012972173589,0.9348333638527742,0.8989911417322834,0.6923076923076923,0.004007011027475437,-2.518895672740393,0.9609375,128,calibrated,oracle_rank,[0.7640759469878292],77162a3317b3cc419500a9a83f350de1fbb6e974953a87c77096d6e3cf0eb6c0,output_affine,5c31872fb5b63ca51804fd284f1b92baf550c90c3147d9a15343637ee8299b81,0af4734d604e41783fc922434b3859418663f183ae2b80093197a60102c0d3f7,5c31872fb5b63ca51804fd284f1b92baf550c90c3147d9a15343637ee8299b81,0af4734d604e41783fc922434b3859418663f183ae2b80093197a60102c0d3f7,10cf3eec1bac46304d8f668ed267a514adf5e41366953e73dfbf6ab234f1cd64,-0.4696884454365664,False
11,2,output_affine,none,output_affine,0.35,test,Oracle-Value+Residual,1457997233,0.0485670143189061,0.9938218478921298,0.9674510162973814,0.9422982283464567,0.9230769230769231,0.0,-3.7351408383612874,1.0,128,calibrated,oracle_value,[0.7754269479362926],77162a3317b3cc419500a9a83f350de1fbb6e974953a87c77096d6e3cf0eb6c0,output_affine,5c31872fb5b63ca51804fd284f1b92baf550c90c3147d9a15343637ee8299b81,0af4734d604e41783fc922434b3859418663f183ae2b80093197a60102c0d3f7,5c31872fb5b63ca51804fd284f1b92baf550c90c3147d9a15343637ee8299b81,0af4734d604e41783fc922434b3859418663f183ae2b80093197a60102c0d3f7,10cf3eec1bac46304d8f668ed267a514adf5e41366953e73dfbf6ab234f1cd64,-0.6626252684908686,False
11,2,output_affine,none,output_affine,0.35,test,Oracle-Rank+Value+Residual,1457997233,0.10774802044909465,0.9755301749088254,0.9620433528657756,0.9290108267716536,0.7692307692307693,0.0008889656006714041,-3.327492165892461,0.984375,128,calibrated,oracle_rank|oracle_value,"[0.3419744744112153, 0.4650038916398127]",77162a3317b3cc419500a9a83f350de1fbb6e974953a87c77096d6e3cf0eb6c0,output_affine,5c31872fb5b63ca51804fd284f1b92baf550c90c3147d9a15343637ee8299b81,0af4734d604e41783fc922434b3859418663f183ae2b80093197a60102c0d3f7,5c31872fb5b63ca51804fd284f1b92baf550c90c3147d9a15343637ee8299b81,0af4734d604e41783fc922434b3859418663f183ae2b80093197a60102c0d3f7,10cf3eec1bac46304d8f668ed267a514adf5e41366953e73dfbf6ab234f1cd64,-0.6034442623606799,False
11,2,output_affine,none,output_affine,0.7,test,Target-Only,111036368,1.660682452574072,0.9662742401108233,0.8923960813037906,0.8647883858267716,0.6923076923076923,0.0,0.3987926533949412,0.78125,128,target_only,none,[],77162a3317b3cc419500a9a83f350de1fbb6e974953a87c77096d6e3cf0eb6c0,output_affine,5c31872fb5b63ca51804fd284f1b92baf550c90c3147d9a15343637ee8299b81,565c12d7b0d9827858cc79f49175e28cd3a10c14fc8d245966b1ea6bb7aab1ae,5c31872fb5b63ca51804fd284f1b92baf550c90c3147d9a15343637ee8299b81,565c12d7b0d9827858cc79f49175e28cd3a10c14fc8d245966b1ea6bb7aab1ae,c21d42a3f15c8647786a2dac98c4a9eeaac50ad33950698e6d9e144946e15f51,0.0,False
11,2,output_affine,none,output_affine,0.7,test,Geometry-Prior+Residual,111036368,1.0726127154392138,0.9480729491974651,0.9115661051089544,0.8697096456692913,0.5384615384615384,0.002362603537412513,-0.04143906389220829,0.796875,128,calibrated,geometry,[0.6301995600363849],77162a3317b3cc419500a9a83f350de1fbb6e974953a87c77096d6e3cf0eb6c0,output_affine,5c31872fb5b63ca51804fd284f1b92baf550c90c3147d9a15343637ee8299b81,565c12d7b0d9827858cc79f49175e28cd3a10c14fc8d245966b1ea6bb7aab1ae,5c31872fb5b63ca51804fd284f1b92baf550c90c3147d9a15343637ee8299b81,565c12d7b0d9827858cc79f49175e28cd3a10c14fc8d245966b1ea6bb7aab1ae,c21d42a3f15c8647786a2dac98c4a9eeaac50ad33950698e6d9e144946e15f51,-0.5880697371348582,False
11,2,output_affine,none,output_affine,0.7,test,Oracle-Rank+Residual,111036368,1.154184000787164,0.9908258474858354,0.7963800128181652,0.8101624015748031,0.8461538461538461,0.004989452377131978,7.78560968500754,0.3515625,128,calibrated,oracle_rank,[0.7640759469878292],77162a3317b3cc419500a9a83f350de1fbb6e974953a87c77096d6e3cf0eb6c0,output_affine,5c31872fb5b63ca51804fd284f1b92baf550c90c3147d9a15343637ee8299b81,565c12d7b0d9827858cc79f49175e28cd3a10c14fc8d245966b1ea6bb7aab1ae,5c31872fb5b63ca51804fd284f1b92baf550c90c3147d9a15343637ee8299b81,565c12d7b0d9827858cc79f49175e28cd3a10c14fc8d245966b1ea6bb7aab1ae,c21d42a3f15c8647786a2dac98c4a9eeaac50ad33950698e6d9e144946e15f51,-0.506498451786908,False
11,2,output_affine,none,output_affine,0.7,test,Oracle-Value+Residual,111036368,0.1880692953948585,0.9996119602696422,0.9293169749130196,0.9104330708661418,1.0,0.0,-1.7476361882591243,0.6640625,128,calibrated,oracle_value,[0.7754269479362926],77162a3317b3cc419500a9a83f350de1fbb6e974953a87c77096d6e3cf0eb6c0,output_affine,5c31872fb5b63ca51804fd284f1b92baf550c90c3147d9a15343637ee8299b81,565c12d7b0d9827858cc79f49175e28cd3a10c14fc8d245966b1ea6bb7aab1ae,5c31872fb5b63ca51804fd284f1b92baf550c90c3147d9a15343637ee8299b81,565c12d7b0d9827858cc79f49175e28cd3a10c14fc8d245966b1ea6bb7aab1ae,c21d42a3f15c8647786a2dac98c4a9eeaac50ad33950698e6d9e144946e15f51,-1.4726131571792136,False
11,2,output_affine,none,output_affine,0.7,test,Oracle-Rank+Value+Residual,111036368,0.5498301415233389,0.9917226894980413,0.8409860831349569,0.843996062992126,0.8461538461538461,0.004989452377131978,8.180353473294943,0.328125,128,calibrated,oracle_rank|oracle_value,"[0.3419744744112153, 0.4650038916398127]",77162a3317b3cc419500a9a83f350de1fbb6e974953a87c77096d6e3cf0eb6c0,output_affine,5c31872fb5b63ca51804fd284f1b92baf550c90c3147d9a15343637ee8299b81,565c12d7b0d9827858cc79f49175e28cd3a10c14fc8d245966b1ea6bb7aab1ae,5c31872fb5b63ca51804fd284f1b92baf550c90c3147d9a15343637ee8299b81,565c12d7b0d9827858cc79f49175e28cd3a10c14fc8d245966b1ea6bb7aab1ae,c21d42a3f15c8647786a2dac98c4a9eeaac50ad33950698e6d9e144946e15f51,-1.1108523110507331,False
11,2,output_affine,none,output_affine,1.0,test,Target-Only,240870900,0.6492962882852624,0.938120893417529,0.8544222669840689,0.8377214566929134,0.46153846153846156,0.0,0.30267234087700656,0.90625,128,target_only,none,[],77162a3317b3cc419500a9a83f350de1fbb6e974953a87c77096d6e3cf0eb6c0,output_affine,5c31872fb5b63ca51804fd284f1b92baf550c90c3147d9a15343637ee8299b81,19ad2ce9361b568e7d28247e7742516574ba76f67a6157473541cfcd6bdc7cb8,5c31872fb5b63ca51804fd284f1b92baf550c90c3147d9a15343637ee8299b81,19ad2ce9361b568e7d28247e7742516574ba76f67a6157473541cfcd6bdc7cb8,dbe2455fa9bb37f340ee68e79a51249b29298faead1f5b260865c09825ac1ed5,0.0,False
11,2,output_affine,none,output_affine,1.0,test,Geometry-Prior+Residual,240870900,0.4989944484997401,0.8656857791705586,0.857695477018861,0.8304625984251969,0.23076923076923078,0.07695704026053649,0.3042019316053798,0.84375,128,calibrated,geometry,[0.6301995600363849],77162a3317b3cc419500a9a83f350de1fbb6e974953a87c77096d6e3cf0eb6c0,output_affine,5c31872fb5b63ca51804fd284f1b92baf550c90c3147d9a15343637ee8299b81,19ad2ce9361b568e7d28247e7742516574ba76f67a6157473541cfcd6bdc7cb8,5c31872fb5b63ca51804fd284f1b92baf550c90c3147d9a15343637ee8299b81,19ad2ce9361b568e7d28247e7742516574ba76f67a6157473541cfcd6bdc7cb8,dbe2455fa9bb37f340ee68e79a51249b29298faead1f5b260865c09825ac1ed5,-0.1503018397855223,False
11,2,output_affine,none,output_affine,1.0,test,Oracle-Rank+Residual,240870900,0.44715101524054085,0.983243839448389,0.908933803332723,0.8759842519685039,0.6923076923076923,0.003402620695571963,5.351447861273659,0.2734375,128,calibrated,oracle_rank,[0.7640759469878292],77162a3317b3cc419500a9a83f350de1fbb6e974953a87c77096d6e3cf0eb6c0,output_affine,5c31872fb5b63ca51804fd284f1b92baf550c90c3147d9a15343637ee8299b81,19ad2ce9361b568e7d28247e7742516574ba76f67a6157473541cfcd6bdc7cb8,5c31872fb5b63ca51804fd284f1b92baf550c90c3147d9a15343637ee8299b81,19ad2ce9361b568e7d28247e7742516574ba76f67a6157473541cfcd6bdc7cb8,dbe2455fa9bb37f340ee68e79a51249b29298faead1f5b260865c09825ac1ed5,-0.20214527304472157,False
11,2,output_affine,none,output_affine,1.0,test,Oracle-Value+Residual,240870900,0.0697072848093764,0.9992974086685192,0.9873821186595861,0.9649360236220472,0.9230769230769231,0.0,-1.6959572148385034,0.84375,128,calibrated,oracle_value,[0.7754269479362926],77162a3317b3cc419500a9a83f350de1fbb6e974953a87c77096d6e3cf0eb6c0,output_affine,5c31872fb5b63ca51804fd284f1b92baf550c90c3147d9a15343637ee8299b81,19ad2ce9361b568e7d28247e7742516574ba76f67a6157473541cfcd6bdc7cb8,5c31872fb5b63ca51804fd284f1b92baf550c90c3147d9a15343637ee8299b81,19ad2ce9361b568e7d28247e7742516574ba76f67a6157473541cfcd6bdc7cb8,dbe2455fa9bb37f340ee68e79a51249b29298faead1f5b260865c09825ac1ed5,-0.579589003475886,False
11,2,output_affine,none,output_affine,1.0,test,Oracle-Rank+Value+Residual,240870900,0.20981256529503045,0.9908408062449903,0.9687614447903314,0.9340551181102362,0.7692307692307693,0.003402620695571963,5.248426946598228,0.2578125,128,calibrated,oracle_rank|oracle_value,"[0.3419744744112153, 0.4650038916398127]",77162a3317b3cc419500a9a83f350de1fbb6e974953a87c77096d6e3cf0eb6c0,output_affine,5c31872fb5b63ca51804fd284f1b92baf550c90c3147d9a15343637ee8299b81,19ad2ce9361b568e7d28247e7742516574ba76f67a6157473541cfcd6bdc7cb8,5c31872fb5b63ca51804fd284f1b92baf550c90c3147d9a15343637ee8299b81,19ad2ce9361b568e7d28247e7742516574ba76f67a6157473541cfcd6bdc7cb8,dbe2455fa9bb37f340ee68e79a51249b29298faead1f5b260865c09825ac1ed5,-0.439483722990232,False
11,2,scale_0.7,none,scale_0.7,0.35,test,Target-Only,1155218627,0.6782340842480465,0.9467433535374756,0.8097589727156198,0.8085629921259843,0.6923076923076923,0.0195238191624139,-2.8247416927689626,1.0,128,target_only,none,[],77162a3317b3cc419500a9a83f350de1fbb6e974953a87c77096d6e3cf0eb6c0,scale_0.7,6572ffb2010537764add50c55b90ecdff791c4a92fb4faef855b5ec1ff49abcc,23e19a9e8c5f1e4a792436e3d029b5480b4a5abffb8036947495b8c64f59f46d,5c31872fb5b63ca51804fd284f1b92baf550c90c3147d9a15343637ee8299b81,0af4734d604e41783fc922434b3859418663f183ae2b80093197a60102c0d3f7,d533103c82a78b39d68647e25cc72d19a7bd7746a235e11be3a1d3067d998c30,0.0,False
11,2,scale_0.7,none,scale_0.7,0.35,test,Geometry-Prior+Residual,1155218627,0.7463872172928855,0.8765870433511355,0.7156827961911737,0.7586122047244095,0.46153846153846156,0.03591606825206515,-2.364998303576587,0.7109375,128,calibrated,geometry,[0.10490205773268466],77162a3317b3cc419500a9a83f350de1fbb6e974953a87c77096d6e3cf0eb6c0,scale_0.7,6572ffb2010537764add50c55b90ecdff791c4a92fb4faef855b5ec1ff49abcc,23e19a9e8c5f1e4a792436e3d029b5480b4a5abffb8036947495b8c64f59f46d,5c31872fb5b63ca51804fd284f1b92baf550c90c3147d9a15343637ee8299b81,0af4734d604e41783fc922434b3859418663f183ae2b80093197a60102c0d3f7,d533103c82a78b39d68647e25cc72d19a7bd7746a235e11be3a1d3067d998c30,0.06815313304483894,True
11,2,scale_0.7,none,scale_0.7,0.35,test,Oracle-Rank+Residual,1155218627,0.4530501518519441,0.9170937921863213,0.890748031496063,0.8515009842519685,0.6153846153846154,0.0195238191624139,0.5573602803594211,0.2265625,128,calibrated,oracle_rank,[0.128541774485934],77162a3317b3cc419500a9a83f350de1fbb6e974953a87c77096d6e3cf0eb6c0,scale_0.7,6572ffb2010537764add50c55b90ecdff791c4a92fb4faef855b5ec1ff49abcc,23e19a9e8c5f1e4a792436e3d029b5480b4a5abffb8036947495b8c64f59f46d,5c31872fb5b63ca51804fd284f1b92baf550c90c3147d9a15343637ee8299b81,0af4734d604e41783fc922434b3859418663f183ae2b80093197a60102c0d3f7,d533103c82a78b39d68647e25cc72d19a7bd7746a235e11be3a1d3067d998c30,-0.22518393239610246,False
11,2,scale_0.7,none,scale_0.7,0.35,test,Oracle-Value+Residual,1155218627,0.06797937694373558,0.9755301749088254,0.9954907526094122,0.9771161417322834,0.7692307692307693,0.0005571074764421606,-5.120856395943903,0.8828125,128,calibrated,oracle_value,[0.13047050774108113],77162a3317b3cc419500a9a83f350de1fbb6e974953a87c77096d6e3cf0eb6c0,scale_0.7,6572ffb2010537764add50c55b90ecdff791c4a92fb4faef855b5ec1ff49abcc,23e19a9e8c5f1e4a792436e3d029b5480b4a5abffb8036947495b8c64f59f46d,5c31872fb5b63ca51804fd284f1b92baf550c90c3147d9a15343637ee8299b81,0af4734d604e41783fc922434b3859418663f183ae2b80093197a60102c0d3f7,d533103c82a78b39d68647e25cc72d19a7bd7746a235e11be3a1d3067d998c30,-0.610254707304311,False
11,2,scale_0.7,none,scale_0.7,0.35,test,Oracle-Rank+Value+Residual,1155218627,0.2093920149650933,0.959846491564873,0.9715310840505401,0.9306102362204725,0.6923076923076923,0.002512365838659238,0.07202624946612102,0.2265625,128,calibrated,oracle_rank|oracle_value,"[0.057150458986343244, 0.07848636322460707]",77162a3317b3cc419500a9a83f350de1fbb6e974953a87c77096d6e3cf0eb6c0,scale_0.7,6572ffb2010537764add50c55b90ecdff791c4a92fb4faef855b5ec1ff49abcc,23e19a9e8c5f1e4a792436e3d029b5480b4a5abffb8036947495b8c64f59f46d,5c31872fb5b63ca51804fd284f1b92baf550c90c3147d9a15343637ee8299b81,0af4734d604e41783fc922434b3859418663f183ae2b80093197a60102c0d3f7,d533103c82a78b39d68647e25cc72d19a7bd7746a235e11be3a1d3067d998c30,-0.46884206928295324,False
11,2,scale_0.7,none,scale_0.7,0.7,test,Target-Only,981510994,0.834120375338031,0.9662742401108233,0.6694687328328145,0.7429872047244095,0.6923076923076923,0.0,-1.7407379635946554,0.984375,128,target_only,none,[],77162a3317b3cc419500a9a83f350de1fbb6e974953a87c77096d6e3cf0eb6c0,scale_0.7,6572ffb2010537764add50c55b90ecdff791c4a92fb4faef855b5ec1ff49abcc,277cc0f4237d94569a9dbfc121470fcb5206dcfaa74c3cb53e9f7de4399846b3,5c31872fb5b63ca51804fd284f1b92baf550c90c3147d9a15343637ee8299b81,565c12d7b0d9827858cc79f49175e28cd3a10c14fc8d245966b1ea6bb7aab1ae,a4554b53ba13361d3a04ff089307e0f7fbcedee6494dc936e73146ab3e4ddb73,0.0,False
11,2,scale_0.7,none,scale_0.7,0.7,test,Geometry-Prior+Residual,981510994,0.9122287174139784,0.8532050582163292,0.6545218366599523,0.7213336614173228,0.23076923076923078,0.12570253424660835,-1.3973977043608403,0.671875,128,calibrated,geometry,[0.10490205773268466],77162a3317b3cc419500a9a83f350de1fbb6e974953a87c77096d6e3cf0eb6c0,scale_0.7,6572ffb2010537764add50c55b90ecdff791c4a92fb4faef855b5ec1ff49abcc,277cc0f4237d94569a9dbfc121470fcb5206dcfaa74c3cb53e9f7de4399846b3,5c31872fb5b63ca51804fd284f1b92baf550c90c3147d9a15343637ee8299b81,565c12d7b0d9827858cc79f49175e28cd3a10c14fc8d245966b1ea6bb7aab1ae,a4554b53ba13361d3a04ff089307e0f7fbcedee6494dc936e73146ab3e4ddb73,0.07810834207594741,True
11,2,scale_0.7,none,scale_0.7,0.7,test,Oracle-Rank+Residual,981510994,0.4825963364359961,0.9680650172195604,0.8556010803882073,0.8452263779527559,0.7692307692307693,0.006830757862168043,0.3043904040596694,0.4765625,128,calibrated,oracle_rank,[0.128541774485934],77162a3317b3cc419500a9a83f350de1fbb6e974953a87c77096d6e3cf0eb6c0,scale_0.7,6572ffb2010537764add50c55b90ecdff791c4a92fb4faef855b5ec1ff49abcc,277cc0f4237d94569a9dbfc121470fcb5206dcfaa74c3cb53e9f7de4399846b3,5c31872fb5b63ca51804fd284f1b92baf550c90c3147d9a15343637ee8299b81,565c12d7b0d9827858cc79f49175e28cd3a10c14fc8d245966b1ea6bb7aab1ae,a4554b53ba13361d3a04ff089307e0f7fbcedee6494dc936e73146ab3e4ddb73,-0.3515240389020349,False
11,2,scale_0.7,none,scale_0.7,0.7,test,Oracle-Value+Residual,981510994,0.06553458451600262,0.9995647524624722,0.9894479033144111,0.9653051181102362,1.0,0.0,-4.217324514617033,0.90625,128,calibrated,oracle_value,[0.13047050774108113],77162a3317b3cc419500a9a83f350de1fbb6e974953a87c77096d6e3cf0eb6c0,scale_0.7,6572ffb2010537764add50c55b90ecdff791c4a92fb4faef855b5ec1ff49abcc,277cc0f4237d94569a9dbfc121470fcb5206dcfaa74c3cb53e9f7de4399846b3,5c31872fb5b63ca51804fd284f1b92baf550c90c3147d9a15343637ee8299b81,565c12d7b0d9827858cc79f49175e28cd3a10c14fc8d245966b1ea6bb7aab1ae,a4554b53ba13361d3a04ff089307e0f7fbcedee6494dc936e73146ab3e4ddb73,-0.7685857908220284,False
11,2,scale_0.7,none,scale_0.7,0.7,test,Oracle-Rank+Value+Residual,981510994,0.22012184146729005,0.9906280705729972,0.9421122505035706,0.9099409448818898,0.9230769230769231,0.0015166348807614883,-0.29626496116412704,0.4609375,128,calibrated,oracle_rank|oracle_value,"[0.057150458986343244, 0.07848636322460707]",77162a3317b3cc419500a9a83f350de1fbb6e974953a87c77096d6e3cf0eb6c0,scale_0.7,6572ffb2010537764add50c55b90ecdff791c4a92fb4faef855b5ec1ff49abcc,277cc0f4237d94569a9dbfc121470fcb5206dcfaa74c3cb53e9f7de4399846b3,5c31872fb5b63ca51804fd284f1b92baf550c90c3147d9a15343637ee8299b81,565c12d7b0d9827858cc79f49175e28cd3a10c14fc8d245966b1ea6bb7aab1ae,a4554b53ba13361d3a04ff089307e0f7fbcedee6494dc936e73146ab3e4ddb73,-0.6139985338707409,False
11,2,scale_0.7,none,scale_0.7,1.0,test,Target-Only,413663191,1.0525413600407207,0.8617156077618996,0.8539015290239883,0.8196358267716536,0.23076923076923078,0.1620914968873453,-1.3572273353816167,0.90625,128,target_only,none,[],77162a3317b3cc419500a9a83f350de1fbb6e974953a87c77096d6e3cf0eb6c0,scale_0.7,6572ffb2010537764add50c55b90ecdff791c4a92fb4faef855b5ec1ff49abcc,565c12d7b0d9827858cc79f49175e28cd3a10c14fc8d245966b1ea6bb7aab1ae,5c31872fb5b63ca51804fd284f1b92baf550c90c3147d9a15343637ee8299b81,19ad2ce9361b568e7d28247e7742516574ba76f67a6157473541cfcd6bdc7cb8,dcd5ee681563308fec9726b6880e98508a602017b1c09f3893df54aed9b0f60f,0.0,False
11,2,scale_0.7,none,scale_0.7,1.0,test,Geometry-Prior+Residual,413663191,0.6652142017257648,0.8664006786959895,0.8598585423915034,0.8299704724409449,0.23076923076923078,0.11926197494112475,-1.6117975248162133,0.8203125,128,calibrated,geometry,[0.10490205773268466],77162a3317b3cc419500a9a83f350de1fbb6e974953a87c77096d6e3cf0eb6c0,scale_0.7,6572ffb2010537764add50c55b90ecdff791c4a92fb4faef855b5ec1ff49abcc,565c12d7b0d9827858cc79f49175e28cd3a10c14fc8d245966b1ea6bb7aab1ae,5c31872fb5b63ca51804fd284f1b92baf550c90c3147d9a15343637ee8299b81,19ad2ce9361b568e7d28247e7742516574ba76f67a6157473541cfcd6bdc7cb8,dcd5ee681563308fec9726b6880e98508a602017b1c09f3893df54aed9b0f60f,-0.3873271583149559,False
11,2,scale_0.7,none,scale_0.7,1.0,test,Oracle-Rank+Residual,413663191,0.19057165651384456,0.994667973503143,0.8301535890862478,0.8518700787401575,0.9230769230769231,0.004989452377131374,-2.6838078465585564,0.859375,128,calibrated,oracle_rank,[0.128541774485934],77162a3317b3cc419500a9a83f350de1fbb6e974953a87c77096d6e3cf0eb6c0,scale_0.7,6572ffb2010537764add50c55b90ecdff791c4a92fb4faef855b5ec1ff49abcc,565c12d7b0d9827858cc79f49175e28cd3a10c14fc8d245966b1ea6bb7aab1ae,5c31872fb5b63ca51804fd284f1b92baf550c90c3147d9a15343637ee8299b81,19ad2ce9361b568e7d28247e7742516574ba76f67a6157473541cfcd6bdc7cb8,dcd5ee681563308fec9726b6880e98508a602017b1c09f3893df54aed9b0f60f,-0.8619697035268762,False
11,2,scale_0.7,none,scale_0.7,1.0,test,Oracle-Value+Residual,413663191,0.08868461507334169,0.9999630507997244,0.984641091375206,0.9593996062992126,1.0,0.0,-3.825169232829565,0.859375,128,calibrated,oracle_value,[0.13047050774108113],77162a3317b3cc419500a9a83f350de1fbb6e974953a87c77096d6e3cf0eb6c0,scale_0.7,6572ffb2010537764add50c55b90ecdff791c4a92fb4faef855b5ec1ff49abcc,565c12d7b0d9827858cc79f49175e28cd3a10c14fc8d245966b1ea6bb7aab1ae,5c31872fb5b63ca51804fd284f1b92baf550c90c3147d9a15343637ee8299b81,19ad2ce9361b568e7d28247e7742516574ba76f67a6157473541cfcd6bdc7cb8,dcd5ee681563308fec9726b6880e98508a602017b1c09f3893df54aed9b0f60f,-0.963856744967379,False
11,2,scale_0.7,none,scale_0.7,1.0,test,Oracle-Rank+Value+Residual,413663191,0.08692850498562495,0.9980298981966104,0.9220895898187146,0.9110482283464567,1.0,0.004989452377131374,-3.480492967401232,0.8671875,128,calibrated,oracle_rank|oracle_value,"[0.057150458986343244, 0.07848636322460707]",77162a3317b3cc419500a9a83f350de1fbb6e974953a87c77096d6e3cf0eb6c0,scale_0.7,6572ffb2010537764add50c55b90ecdff791c4a92fb4faef855b5ec1ff49abcc,565c12d7b0d9827858cc79f49175e28cd3a10c14fc8d245966b1ea6bb7aab1ae,5c31872fb5b63ca51804fd284f1b92baf550c90c3147d9a15343637ee8299b81,19ad2ce9361b568e7d28247e7742516574ba76f67a6157473541cfcd6bdc7cb8,dcd5ee681563308fec9726b6880e98508a602017b1c09f3893df54aed9b0f60f,-0.9656128550550958,False
11,2,scale_1.5,none,scale_1.5,0.35,test,Target-Only,2028675989,1.07594243950267,0.8642860370081394,0.4675940761765244,0.6481299212598425,0.46153846153846156,0.16366165386712073,-1.3289933032970542,1.0,128,target_only,none,[],77162a3317b3cc419500a9a83f350de1fbb6e974953a87c77096d6e3cf0eb6c0,scale_1.5,8d007d9c0f5dd1faec3465069e58a99681892760119c6d2c62bb6f49729bd5e5,9fb7fb499399aaf1a0ee9ec86f3b253debd0bb7a5e629f0c631125fd978c55f6,5c31872fb5b63ca51804fd284f1b92baf550c90c3147d9a15343637ee8299b81,0af4734d604e41783fc922434b3859418663f183ae2b80093197a60102c0d3f7,77697e59a56d28c9e4bf37679bee5d5c60f229fe2543d755971a59f1cbbdeb6b,0.0,False
11,2,scale_1.5,none,scale_1.5,0.35,test,Geometry-Prior+Residual,2028675989,0.9155383619403896,0.9207783126024598,0.530757874015748,0.6612942913385826,0.6153846153846154,0.09075435300181686,-1.469640292897778,0.875,128,calibrated,geometry,[0.5524644431718196],77162a3317b3cc419500a9a83f350de1fbb6e974953a87c77096d6e3cf0eb6c0,scale_1.5,8d007d9c0f5dd1faec3465069e58a99681892760119c6d2c62bb6f49729bd5e5,9fb7fb499399aaf1a0ee9ec86f3b253debd0bb7a5e629f0c631125fd978c55f6,5c31872fb5b63ca51804fd284f1b92baf550c90c3147d9a15343637ee8299b81,0af4734d604e41783fc922434b3859418663f183ae2b80093197a60102c0d3f7,77697e59a56d28c9e4bf37679bee5d5c60f229fe2543d755971a59f1cbbdeb6b,-0.16040407756228037,False
11,2,scale_1.5,none,scale_1.5,0.35,test,Oracle-Rank+Residual,2028675989,2.3161775061434087,0.9122193522179083,0.658092611243362,0.735113188976378,0.3076923076923077,0.0444293032680989,-0.12735029861416758,0.6015625,128,calibrated,oracle_rank,[0.5484815139863207],77162a3317b3cc419500a9a83f350de1fbb6e974953a87c77096d6e3cf0eb6c0,scale_1.5,8d007d9c0f5dd1faec3465069e58a99681892760119c6d2c62bb6f49729bd5e5,9fb7fb499399aaf1a0ee9ec86f3b253debd0bb7a5e629f0c631125fd978c55f6,5c31872fb5b63ca51804fd284f1b92baf550c90c3147d9a15343637ee8299b81,0af4734d604e41783fc922434b3859418663f183ae2b80093197a60102c0d3f7,77697e59a56d28c9e4bf37679bee5d5c60f229fe2543d755971a59f1cbbdeb6b,1.2402350666407387,True
11,2,scale_1.5,none,scale_1.5,0.35,test,Oracle-Value+Residual,2028675989,0.876828008021212,0.9655237943842402,0.7616336293719098,0.7958907480314961,0.6153846153846154,0.0035884495283169983,-1.8394683859902106,0.8359375,128,calibrated,oracle_value,[0.6054475708805208],77162a3317b3cc419500a9a83f350de1fbb6e974953a87c77096d6e3cf0eb6c0,scale_1.5,8d007d9c0f5dd1faec3465069e58a99681892760119c6d2c62bb6f49729bd5e5,9fb7fb499399aaf1a0ee9ec86f3b253debd0bb7a5e629f0c631125fd978c55f6,5c31872fb5b63ca51804fd284f1b92baf550c90c3147d9a15343637ee8299b81,0af4734d604e41783fc922434b3859418663f183ae2b80093197a60102c0d3f7,77697e59a56d28c9e4bf37679bee5d5c60f229fe2543d755971a59f1cbbdeb6b,-0.19911443148145802,False
11,2,scale_1.5,none,scale_1.5,0.35,test,Oracle-Rank+Value+Residual,2028675989,1.2251914034555698,0.9274029652842414,0.7325981963010437,0.7737450787401575,0.38461538461538464,0.0035884495283169983,-1.1736982916269643,0.71875,128,calibrated,oracle_rank|oracle_value,"[0.13083933534997885, 0.49507155694901656]",77162a3317b3cc419500a9a83f350de1fbb6e974953a87c77096d6e3cf0eb6c0,scale_1.5,8d007d9c0f5dd1faec3465069e58a99681892760119c6d2c62bb6f49729bd5e5,9fb7fb499399aaf1a0ee9ec86f3b253debd0bb7a5e629f0c631125fd978c55f6,5c31872fb5b63ca51804fd284f1b92baf550c90c3147d9a15343637ee8299b81,0af4734d604e41783fc922434b3859418663f183ae2b80093197a60102c0d3f7,77697e59a56d28c9e4bf37679bee5d5c60f229fe2543d755971a59f1cbbdeb6b,0.14924896395289977,True
11,2,scale_1.5,none,scale_1.5,0.7,test,Target-Only,1764896021,0.4835419801696427,0.9495635512334966,0.9311538637612159,0.8838582677165354,0.6923076923076923,0.07982518609975776,-0.5801137988707197,1.0,128,target_only,none,[],77162a3317b3cc419500a9a83f350de1fbb6e974953a87c77096d6e3cf0eb6c0,scale_1.5,8d007d9c0f5dd1faec3465069e58a99681892760119c6d2c62bb6f49729bd5e5,724effac8ec1dcac0d6f8ff1251fcc32e9d6910a1dc1339e5de5c0218289f59d,5c31872fb5b63ca51804fd284f1b92baf550c90c3147d9a15343637ee8299b81,565c12d7b0d9827858cc79f49175e28cd3a10c14fc8d245966b1ea6bb7aab1ae,6f801e977d89b88ccecb509e8081a1536f0f2d4703d4006439955fcd2108a6f8,0.0,False
11,2,scale_1.5,none,scale_1.5,0.7,test,Geometry-Prior+Residual,1764896021,0.2389625671940547,0.9655955963149229,0.969076176524446,0.9333169291338582,0.6923076923076923,0.0,-1.1578572725776926,0.9765625,128,calibrated,geometry,[0.5524644431718196],77162a3317b3cc419500a9a83f350de1fbb6e974953a87c77096d6e3cf0eb6c0,scale_1.5,8d007d9c0f5dd1faec3465069e58a99681892760119c6d2c62bb6f49729bd5e5,724effac8ec1dcac0d6f8ff1251fcc32e9d6910a1dc1339e5de5c0218289f59d,5c31872fb5b63ca51804fd284f1b92baf550c90c3147d9a15343637ee8299b81,565c12d7b0d9827858cc79f49175e28cd3a10c14fc8d245966b1ea6bb7aab1ae,6f801e977d89b88ccecb509e8081a1536f0f2d4703d4006439955fcd2108a6f8,-0.24457941297558802,False
11,2,scale_1.5,none,scale_1.5,0.7,test,Oracle-Rank+Residual,1764896021,1.5792460504020618,0.9717959437259565,0.8296156839406701,0.8216043307086615,0.6153846153846154,0.003457437904029419,4.316202759560687,0.3828125,128,calibrated,oracle_rank,[0.5484815139863207],77162a3317b3cc419500a9a83f350de1fbb6e974953a87c77096d6e3cf0eb6c0,scale_1.5,8d007d9c0f5dd1faec3465069e58a99681892760119c6d2c62bb6f49729bd5e5,724effac8ec1dcac0d6f8ff1251fcc32e9d6910a1dc1339e5de5c0218289f59d,5c31872fb5b63ca51804fd284f1b92baf550c90c3147d9a15343637ee8299b81,565c12d7b0d9827858cc79f49175e28cd3a10c14fc8d245966b1ea6bb7aab1ae,6f801e977d89b88ccecb509e8081a1536f0f2d4703d4006439955fcd2108a6f8,1.095704070232419,True
11,2,scale_1.5,none,scale_1.5,0.7,test,Oracle-Value+Residual,1764896021,0.9643826757329951,0.988557059654049,0.9082528383080022,0.8698326771653543,0.7692307692307693,0.0,3.169324118930721,0.5234375,128,calibrated,oracle_value,[0.6054475708805208],77162a3317b3cc419500a9a83f350de1fbb6e974953a87c77096d6e3cf0eb6c0,scale_1.5,8d007d9c0f5dd1faec3465069e58a99681892760119c6d2c62bb6f49729bd5e5,724effac8ec1dcac0d6f8ff1251fcc32e9d6910a1dc1339e5de5c0218289f59d,5c31872fb5b63ca51804fd284f1b92baf550c90c3147d9a15343637ee8299b81,565c12d7b0d9827858cc79f49175e28cd3a10c14fc8d245966b1ea6bb7aab1ae,6f801e977d89b88ccecb509e8081a1536f0f2d4703d4006439955fcd2108a6f8,0.48084069556335235,True
11,2,scale_1.5,none,scale_1.5,0.7,test,Oracle-Rank+Value+Residual,1764896021,1.1219666583114254,0.9954036380136746,0.8976492400659221,0.8623277559055118,0.8461538461538461,0.0,4.537289866754342,0.4375,128,calibrated,oracle_rank|oracle_value,"[0.13083933534997885, 0.49507155694901656]",77162a3317b3cc419500a9a83f350de1fbb6e974953a87c77096d6e3cf0eb6c0,scale_1.5,8d007d9c0f5dd1faec3465069e58a99681892760119c6d2c62bb6f49729bd5e5,724effac8ec1dcac0d6f8ff1251fcc32e9d6910a1dc1339e5de5c0218289f59d,5c31872fb5b63ca51804fd284f1b92baf550c90c3147d9a15343637ee8299b81,565c12d7b0d9827858cc79f49175e28cd3a10c14fc8d245966b1ea6bb7aab1ae,6f801e977d89b88ccecb509e8081a1536f0f2d4703d4006439955fcd2108a6f8,0.6384246781417826,True
11,2,scale_1.5,none,scale_1.5,1.0,test,Target-Only,1971318511,0.5598324549665143,0.9612611003631811,0.9298148232924371,0.8858267716535433,0.6923076923076923,0.0,-0.11532787855482313,1.0,128,target_only,none,[],77162a3317b3cc419500a9a83f350de1fbb6e974953a87c77096d6e3cf0eb6c0,scale_1.5,8d007d9c0f5dd1faec3465069e58a99681892760119c6d2c62bb6f49729bd5e5,e81fbf744d4a64a648aa5b5fa1fffb839ca7bd898a232fea4fbe840786c2c3d3,5c31872fb5b63ca51804fd284f1b92baf550c90c3147d9a15343637ee8299b81,19ad2ce9361b568e7d28247e7742516574ba76f67a6157473541cfcd6bdc7cb8,5007063a03e6adb5315f02c9b906a32b09aea594e134439de9dc579f2aaad216,0.0,False
11,2,scale_1.5,none,scale_1.5,1.0,test,Geometry-Prior+Residual,1971318511,0.29968197145533587,0.8727531368707141,0.9510620765427578,0.906126968503937,0.3076923076923077,0.08182396617859261,-0.6348301711280985,1.0,128,calibrated,geometry,[0.5524644431718196],77162a3317b3cc419500a9a83f350de1fbb6e974953a87c77096d6e3cf0eb6c0,scale_1.5,8d007d9c0f5dd1faec3465069e58a99681892760119c6d2c62bb6f49729bd5e5,e81fbf744d4a64a648aa5b5fa1fffb839ca7bd898a232fea4fbe840786c2c3d3,5c31872fb5b63ca51804fd284f1b92baf550c90c3147d9a15343637ee8299b81,19ad2ce9361b568e7d28247e7742516574ba76f67a6157473541cfcd6bdc7cb8,5007063a03e6adb5315f02c9b906a32b09aea594e134439de9dc579f2aaad216,-0.2601504835111785,False
11,2,scale_1.5,none,scale_1.5,1.0,test,Oracle-Rank+Residual,1971318511,0.8815453759526884,0.5752368707805948,0.6606791338582677,0.7452017716535433,0.0,0.18944772051844774,1.9938365421015964,0.6953125,128,calibrated,oracle_rank,[0.5484815139863207],77162a3317b3cc419500a9a83f350de1fbb6e974953a87c77096d6e3cf0eb6c0,scale_1.5,8d007d9c0f5dd1faec3465069e58a99681892760119c6d2c62bb6f49729bd5e5,e81fbf744d4a64a648aa5b5fa1fffb839ca7bd898a232fea4fbe840786c2c3d3,5c31872fb5b63ca51804fd284f1b92baf550c90c3147d9a15343637ee8299b81,19ad2ce9361b568e7d28247e7742516574ba76f67a6157473541cfcd6bdc7cb8,5007063a03e6adb5315f02c9b906a32b09aea594e134439de9dc579f2aaad216,0.3217129209861741,True
11,2,scale_1.5,none,scale_1.5,1.0,test,Oracle-Value+Residual,1971318511,0.76828405485284,0.8374746682308528,0.788231322102179,0.8000738188976378,0.23076923076923078,0.11331284311830335,3.3756038322064486,0.5625,128,calibrated,oracle_value,[0.6054475708805208],77162a3317b3cc419500a9a83f350de1fbb6e974953a87c77096d6e3cf0eb6c0,scale_1.5,8d007d9c0f5dd1faec3465069e58a99681892760119c6d2c62bb6f49729bd5e5,e81fbf744d4a64a648aa5b5fa1fffb839ca7bd898a232fea4fbe840786c2c3d3,5c31872fb5b63ca51804fd284f1b92baf550c90c3147d9a15343637ee8299b81,19ad2ce9361b568e7d28247e7742516574ba76f67a6157473541cfcd6bdc7cb8,5007063a03e6adb5315f02c9b906a32b09aea594e134439de9dc579f2aaad216,0.20845159988632567,True
11,2,scale_1.5,none,scale_1.5,1.0,test,Oracle-Rank+Value+Residual,1971318511,0.8008603615796173,0.7776513807044064,0.7542975187694562,0.7826033464566929,0.38461538461538464,0.15707510549725445,3.6891219154115467,0.6171875,128,calibrated,oracle_rank|oracle_value,"[0.13083933534997885, 0.49507155694901656]",77162a3317b3cc419500a9a83f350de1fbb6e974953a87c77096d6e3cf0eb6c0,scale_1.5,8d007d9c0f5dd1faec3465069e58a99681892760119c6d2c62bb6f49729bd5e5,e81fbf744d4a64a648aa5b5fa1fffb839ca7bd898a232fea4fbe840786c2c3d3,5c31872fb5b63ca51804fd284f1b92baf550c90c3147d9a15343637ee8299b81,19ad2ce9361b568e7d28247e7742516574ba76f67a6157473541cfcd6bdc7cb8,5007063a03e6adb5315f02c9b906a32b09aea594e134439de9dc579f2aaad216,0.24102790661310292,True
11,2,rotate_45,none,rotate_45,0.35,test,Target-Only,892176566,0.8291410234190685,0.9315570649858315,0.5859732649697856,0.7223179133858267,0.5384615384615384,0.027228168294464856,-2.138114583711186,1.0,128,target_only,none,[],77162a3317b3cc419500a9a83f350de1fbb6e974953a87c77096d6e3cf0eb6c0,rotate_45,69a660f5fd51fcf999703a52d60fcff199f8b775515c15985cdfb428dca544c3,ad57c98c6cc7301c912430fa080f0aa9740e7bd2cb2ad231f6516f0f19a6202e,5c31872fb5b63ca51804fd284f1b92baf550c90c3147d9a15343637ee8299b81,0af4734d604e41783fc922434b3859418663f183ae2b80093197a60102c0d3f7,3be8586c8df971dab69ce2757063aad99a8722ec58ebb4eee683812f18e571fe,0.0,False
11,2,rotate_45,none,rotate_45,0.35,test,Geometry-Prior+Residual,892176566,0.6539169751908565,0.9313798036802744,0.7869495055850577,0.8016732283464567,0.5384615384615384,0.026604846909390575,-2.3853688066304954,0.9453125,128,calibrated,geometry,[0.22956483945348563],77162a3317b3cc419500a9a83f350de1fbb6e974953a87c77096d6e3cf0eb6c0,rotate_45,69a660f5fd51fcf999703a52d60fcff199f8b775515c15985cdfb428dca544c3,ad57c98c6cc7301c912430fa080f0aa9740e7bd2cb2ad231f6516f0f19a6202e,5c31872fb5b63ca51804fd284f1b92baf550c90c3147d9a15343637ee8299b81,0af4734d604e41783fc922434b3859418663f183ae2b80093197a60102c0d3f7,3be8586c8df971dab69ce2757063aad99a8722ec58ebb4eee683812f18e571fe,-0.17522404822821203,False
11,2,rotate_45,none,rotate_45,0.35,test,Oracle-Rank+Residual,892176566,0.42525100274037847,0.9656175851874259,0.8213010437648782,0.8223425196850394,0.8461538461538461,0.027228168294464856,-1.9557834741033868,0.6875,128,calibrated,oracle_rank,[0.2595388308280349],77162a3317b3cc419500a9a83f350de1fbb6e974953a87c77096d6e3cf0eb6c0,rotate_45,69a660f5fd51fcf999703a52d60fcff199f8b775515c15985cdfb428dca544c3,ad57c98c6cc7301c912430fa080f0aa9740e7bd2cb2ad231f6516f0f19a6202e,5c31872fb5b63ca51804fd284f1b92baf550c90c3147d9a15343637ee8299b81,0af4734d604e41783fc922434b3859418663f183ae2b80093197a60102c0d3f7,3be8586c8df971dab69ce2757063aad99a8722ec58ebb4eee683812f18e571fe,-0.40389002067869,False
11,2,rotate_45,none,rotate_45,0.35,test,Oracle-Value+Residual,892176566,0.06301555533418815,0.9848426673940791,0.9706841695660136,0.9442667322834646,0.9230769230769231,0.026604846909390575,-4.698547736778113,1.0,128,calibrated,oracle_value,[0.27059835961359713],77162a3317b3cc419500a9a83f350de1fbb6e974953a87c77096d6e3cf0eb6c0,rotate_45,69a660f5fd51fcf999703a52d60fcff199f8b775515c15985cdfb428dca544c3,ad57c98c6cc7301c912430fa080f0aa9740e7bd2cb2ad231f6516f0f19a6202e,5c31872fb5b63ca51804fd284f1b92baf550c90c3147d9a15343637ee8299b81,0af4734d604e41783fc922434b3859418663f183ae2b80093197a60102c0d3f7,3be8586c8df971dab69ce2757063aad99a8722ec58ebb4eee683812f18e571fe,-0.7661254680848804,False
11,2,rotate_45,none,rotate_45,0.35,test,Oracle-Rank+Value+Residual,892176566,0.1507946356407264,0.9990230616620996,0.9268334554110967,0.9078494094488189,1.0,0.0,-3.1889839302290133,0.7421875,128,calibrated,oracle_rank|oracle_value,"[0.09072259407007444, 0.18998392298588263]",77162a3317b3cc419500a9a83f350de1fbb6e974953a87c77096d6e3cf0eb6c0,rotate_45,69a660f5fd51fcf999703a52d60fcff199f8b775515c15985cdfb428dca544c3,ad57c98c6cc7301c912430fa080f0aa9740e7bd2cb2ad231f6516f0f19a6202e,5c31872fb5b63ca51804fd284f1b92baf550c90c3147d9a15343637ee8299b81,0af4734d604e41783fc922434b3859418663f183ae2b80093197a60102c0d3f7,3be8586c8df971dab69ce2757063aad99a8722ec58ebb4eee683812f18e571fe,-0.6783463877783421,False
11,2,rotate_45,none,rotate_45,0.7,test,Target-Only,1283512000,1.5830039992841622,0.9284014643925949,0.7729696941952023,0.796875,0.5384615384615384,0.0715038560125868,-0.7443477131003834,0.78125,128,target_only,none,[],77162a3317b3cc419500a9a83f350de1fbb6e974953a87c77096d6e3cf0eb6c0,rotate_45,69a660f5fd51fcf999703a52d60fcff199f8b775515c15985cdfb428dca544c3,3a38d7107b491d67b4e9e61655c94f05a3e42abac1ea2e1935f5d90aa7bdcb08,5c31872fb5b63ca51804fd284f1b92baf550c90c3147d9a15343637ee8299b81,565c12d7b0d9827858cc79f49175e28cd3a10c14fc8d245966b1ea6bb7aab1ae,54ebaf91d3fc065c3afc88fe461900705faac528b6968ce34d65c506782ee2dc,0.0,False
11,2,rotate_45,none,rotate_45,0.7,test,Geometry-Prior+Residual,1283512000,1.0459664119489172,0.9772812446150887,0.8629314685954953,0.8458415354330708,0.6923076923076923,0.058972549057962884,-0.9492349689264281,0.7734375,128,calibrated,geometry,[0.22956483945348563],77162a3317b3cc419500a9a83f350de1fbb6e974953a87c77096d6e3cf0eb6c0,rotate_45,69a660f5fd51fcf999703a52d60fcff199f8b775515c15985cdfb428dca544c3,3a38d7107b491d67b4e9e61655c94f05a3e42abac1ea2e1935f5d90aa7bdcb08,5c31872fb5b63ca51804fd284f1b92baf550c90c3147d9a15343637ee8299b81,565c12d7b0d9827858cc79f49175e28cd3a10c14fc8d245966b1ea6bb7aab1ae,54ebaf91d3fc065c3afc88fe461900705faac528b6968ce34d65c506782ee2dc,-0.5370375873352451,False
11,2,rotate_45,none,rotate_45,0.7,test,Oracle-Rank+Residual,1283512000,1.0684388047176911,0.9934777035560175,0.7859766984068851,0.813361220472441,1.0,0.06990146793727156,2.293294315905916,0.4921875,128,calibrated,oracle_rank,[0.2595388308280349],77162a3317b3cc419500a9a83f350de1fbb6e974953a87c77096d6e3cf0eb6c0,rotate_45,69a660f5fd51fcf999703a52d60fcff199f8b775515c15985cdfb428dca544c3,3a38d7107b491d67b4e9e61655c94f05a3e42abac1ea2e1935f5d90aa7bdcb08,5c31872fb5b63ca51804fd284f1b92baf550c90c3147d9a15343637ee8299b81,565c12d7b0d9827858cc79f49175e28cd3a10c14fc8d245966b1ea6bb7aab1ae,54ebaf91d3fc065c3afc88fe461900705faac528b6968ce34d65c506782ee2dc,-0.5145651945664711,False
11,2,rotate_45,none,rotate_45,0.7,test,Oracle-Value+Residual,1283512000,0.14157179864007693,0.9993531698416434,0.9316974913019593,0.9076033464566929,1.0,0.0,-3.0372546406201852,0.7265625,128,calibrated,oracle_value,[0.27059835961359713],77162a3317b3cc419500a9a83f350de1fbb6e974953a87c77096d6e3cf0eb6c0,rotate_45,69a660f5fd51fcf999703a52d60fcff199f8b775515c15985cdfb428dca544c3,3a38d7107b491d67b4e9e61655c94f05a3e42abac1ea2e1935f5d90aa7bdcb08,5c31872fb5b63ca51804fd284f1b92baf550c90c3147d9a15343637ee8299b81,565c12d7b0d9827858cc79f49175e28cd3a10c14fc8d245966b1ea6bb7aab1ae,54ebaf91d3fc065c3afc88fe461900705faac528b6968ce34d65c506782ee2dc,-1.4414322006440854,False
11,2,rotate_45,none,rotate_45,0.7,test,Oracle-Rank+Value+Residual,1283512000,0.39570476043757286,0.999545369500895,0.8474237776963925,0.8512549212598425,1.0,0.0,0.9833565290409255,0.484375,128,calibrated,oracle_rank|oracle_value,"[0.09072259407007444, 0.18998392298588263]",77162a3317b3cc419500a9a83f350de1fbb6e974953a87c77096d6e3cf0eb6c0,rotate_45,69a660f5fd51fcf999703a52d60fcff199f8b775515c15985cdfb428dca544c3,3a38d7107b491d67b4e9e61655c94f05a3e42abac1ea2e1935f5d90aa7bdcb08,5c31872fb5b63ca51804fd284f1b92baf550c90c3147d9a15343637ee8299b81,565c12d7b0d9827858cc79f49175e28cd3a10c14fc8d245966b1ea6bb7aab1ae,54ebaf91d3fc065c3afc88fe461900705faac528b6968ce34d65c506782ee2dc,-1.1872992388465895,False
11,2,rotate_45,none,rotate_45,1.0,test,Target-Only,1153247445,0.7274886683635561,0.9632288154295457,0.8029836568394066,0.8089320866141733,0.6153846153846154,0.03213740265150266,-0.4052760851609698,0.84375,128,target_only,none,[],77162a3317b3cc419500a9a83f350de1fbb6e974953a87c77096d6e3cf0eb6c0,rotate_45,69a660f5fd51fcf999703a52d60fcff199f8b775515c15985cdfb428dca544c3,1a78b7188d76d6460569a674c59010df7994cf8e257dc04ae5b877442b5131aa,5c31872fb5b63ca51804fd284f1b92baf550c90c3147d9a15343637ee8299b81,19ad2ce9361b568e7d28247e7742516574ba76f67a6157473541cfcd6bdc7cb8,3af7b30ad5ebebef0852c38b7e8e6e75dbe696045631f492bc4375d8f9731153,0.0,False
11,2,rotate_45,none,rotate_45,1.0,test,Geometry-Prior+Residual,1153247445,0.5906321718688674,0.9339120395871908,0.816557178172496,0.8064714566929134,0.46153846153846156,0.039146252700870646,0.20653275672684523,0.5703125,128,calibrated,geometry,[0.22956483945348563],77162a3317b3cc419500a9a83f350de1fbb6e974953a87c77096d6e3cf0eb6c0,rotate_45,69a660f5fd51fcf999703a52d60fcff199f8b775515c15985cdfb428dca544c3,1a78b7188d76d6460569a674c59010df7994cf8e257dc04ae5b877442b5131aa,5c31872fb5b63ca51804fd284f1b92baf550c90c3147d9a15343637ee8299b81,19ad2ce9361b568e7d28247e7742516574ba76f67a6157473541cfcd6bdc7cb8,3af7b30ad5ebebef0852c38b7e8e6e75dbe696045631f492bc4375d8f9731153,-0.13685649649468867,False
11,2,rotate_45,none,rotate_45,1.0,test,Oracle-Rank+Residual,1153247445,0.4288411474346979,0.9989516188475518,0.9077092107672587,0.8800442913385826,0.9230769230769231,0.0,1.3721014528568884,0.4609375,128,calibrated,oracle_rank,[0.2595388308280349],77162a3317b3cc419500a9a83f350de1fbb6e974953a87c77096d6e3cf0eb6c0,rotate_45,69a660f5fd51fcf999703a52d60fcff199f8b775515c15985cdfb428dca544c3,1a78b7188d76d6460569a674c59010df7994cf8e257dc04ae5b877442b5131aa,5c31872fb5b63ca51804fd284f1b92baf550c90c3147d9a15343637ee8299b81,19ad2ce9361b568e7d28247e7742516574ba76f67a6157473541cfcd6bdc7cb8,3af7b30ad5ebebef0852c38b7e8e6e75dbe696045631f492bc4375d8f9731153,-0.29864752092885816,False
11,2,rotate_45,none,rotate_45,1.0,test,Oracle-Value+Residual,1153247445,0.055000938364798635,1.0,0.9943806079472622,0.9781003937007874,1.0,0.0,-2.5271465506018753,0.8203125,128,calibrated,oracle_value,[0.27059835961359713],77162a3317b3cc419500a9a83f350de1fbb6e974953a87c77096d6e3cf0eb6c0,rotate_45,69a660f5fd51fcf999703a52d60fcff199f8b775515c15985cdfb428dca544c3,1a78b7188d76d6460569a674c59010df7994cf8e257dc04ae5b877442b5131aa,5c31872fb5b63ca51804fd284f1b92baf550c90c3147d9a15343637ee8299b81,19ad2ce9361b568e7d28247e7742516574ba76f67a6157473541cfcd6bdc7cb8,3af7b30ad5ebebef0852c38b7e8e6e75dbe696045631f492bc4375d8f9731153,-0.6724877299987575,False
11,2,rotate_45,none,rotate_45,1.0,test,Oracle-Rank+Value+Residual,1153247445,0.14205329811276474,0.9989516188475518,0.9797827778795092,0.9474655511811023,0.9230769230769231,0.0,-0.8283419348137053,0.6171875,128,calibrated,oracle_rank|oracle_value,"[0.09072259407007444, 0.18998392298588263]",77162a3317b3cc419500a9a83f350de1fbb6e974953a87c77096d6e3cf0eb6c0,rotate_45,69a660f5fd51fcf999703a52d60fcff199f8b775515c15985cdfb428dca544c3,1a78b7188d76d6460569a674c59010df7994cf8e257dc04ae5b877442b5131aa,5c31872fb5b63ca51804fd284f1b92baf550c90c3147d9a15343637ee8299b81,19ad2ce9361b568e7d28247e7742516574ba76f67a6157473541cfcd6bdc7cb8,3af7b30ad5ebebef0852c38b7e8e6e75dbe696045631f492bc4375d8f9731153,-0.5854353702507913,False
11,2,roughness,none,roughness,0.35,test,Target-Only,524262253,1.5386622974371436,0.931597484009274,-0.12748351950192272,0.4442667322834646,0.6923076923076923,0.022453609357952695,3.9032470926807807,0.5703125,128,target_only,none,[],77162a3317b3cc419500a9a83f350de1fbb6e974953a87c77096d6e3cf0eb6c0,roughness,5c31872fb5b63ca51804fd284f1b92baf550c90c3147d9a15343637ee8299b81,0af4734d604e41783fc922434b3859418663f183ae2b80093197a60102c0d3f7,5c31872fb5b63ca51804fd284f1b92baf550c90c3147d9a15343637ee8299b81,0af4734d604e41783fc922434b3859418663f183ae2b80093197a60102c0d3f7,f0b776bf6d73c862e1b0548e2a212353a3c3dd951af80a3488c97c48bcbcc170,0.0,False
11,2,roughness,none,roughness,0.35,test,Geometry-Prior+Residual,524262253,1.5662415980461368,0.7904221364944006,-0.11287996703900384,0.4489419291338583,0.6153846153846154,0.16690677501594345,14.562368304703114,0.4296875,128,calibrated,geometry,[0.2892473968725459],77162a3317b3cc419500a9a83f350de1fbb6e974953a87c77096d6e3cf0eb6c0,roughness,5c31872fb5b63ca51804fd284f1b92baf550c90c3147d9a15343637ee8299b81,0af4734d604e41783fc922434b3859418663f183ae2b80093197a60102c0d3f7,5c31872fb5b63ca51804fd284f1b92baf550c90c3147d9a15343637ee8299b81,0af4734d604e41783fc922434b3859418663f183ae2b80093197a60102c0d3f7,f0b776bf6d73c862e1b0548e2a212353a3c3dd951af80a3488c97c48bcbcc170,0.027579300608993274,True
11,2,roughness,none,roughness,0.35,test,Oracle-Rank+Residual,524262253,1.5504800246507873,0.892924523857186,-0.12181834828785937,0.4398375984251969,0.6923076923076923,0.022453609357952695,28.02111032275465,0.40625,128,calibrated,oracle_rank,[0.3269952562397163],77162a3317b3cc419500a9a83f350de1fbb6e974953a87c77096d6e3cf0eb6c0,roughness,5c31872fb5b63ca51804fd284f1b92baf550c90c3147d9a15343637ee8299b81,0af4734d604e41783fc922434b3859418663f183ae2b80093197a60102c0d3f7,5c31872fb5b63ca51804fd284f1b92baf550c90c3147d9a15343637ee8299b81,0af4734d604e41783fc922434b3859418663f183ae2b80093197a60102c0d3f7,f0b776bf6d73c862e1b0548e2a212353a3c3dd951af80a3488c97c48bcbcc170,0.011817727213643714,True
11,2,roughness,none,roughness,0.35,test,Oracle-Value+Residual,524262253,1.5699695864397882,0.9451794453676454,-0.08637955502655192,0.4501722440944882,0.6923076923076923,0.00500424536457075,18.66859672800604,0.4296875,128,calibrated,oracle_value,[0.30908595742713557],77162a3317b3cc419500a9a83f350de1fbb6e974953a87c77096d6e3cf0eb6c0,roughness,5c31872fb5b63ca51804fd284f1b92baf550c90c3147d9a15343637ee8299b81,0af4734d604e41783fc922434b3859418663f183ae2b80093197a60102c0d3f7,5c31872fb5b63ca51804fd284f1b92baf550c90c3147d9a15343637ee8299b81,0af4734d604e41783fc922434b3859418663f183ae2b80093197a60102c0d3f7,f0b776bf6d73c862e1b0548e2a212353a3c3dd951af80a3488c97c48bcbcc170,0.03130728900264468,True
11,2,roughness,none,roughness,0.35,test,Oracle-Rank+Value+Residual,524262253,1.555598774293234,0.9295840929675637,-0.10497161691997801,0.44291338582677164,0.6923076923076923,0.022453609357952695,26.281421431245388,0.40625,128,calibrated,oracle_rank|oracle_value,"[0.2637671090991653, 0.06965465981925596]",77162a3317b3cc419500a9a83f350de1fbb6e974953a87c77096d6e3cf0eb6c0,roughness,5c31872fb5b63ca51804fd284f1b92baf550c90c3147d9a15343637ee8299b81,0af4734d604e41783fc922434b3859418663f183ae2b80093197a60102c0d3f7,5c31872fb5b63ca51804fd284f1b92baf550c90c3147d9a15343637ee8299b81,0af4734d604e41783fc922434b3859418663f183ae2b80093197a60102c0d3f7,f0b776bf6d73c862e1b0548e2a212353a3c3dd951af80a3488c97c48bcbcc170,0.016936476856090454,True
11,2,roughness,none,roughness,0.7,test,Target-Only,91949593,1.1065435455477095,0.6938687692509962,0.38059650247207466,0.6267224409448819,0.23076923076923078,0.0,4.639768607677643,0.5,128,target_only,none,[],77162a3317b3cc419500a9a83f350de1fbb6e974953a87c77096d6e3cf0eb6c0,roughness,5c31872fb5b63ca51804fd284f1b92baf550c90c3147d9a15343637ee8299b81,565c12d7b0d9827858cc79f49175e28cd3a10c14fc8d245966b1ea6bb7aab1ae,5c31872fb5b63ca51804fd284f1b92baf550c90c3147d9a15343637ee8299b81,565c12d7b0d9827858cc79f49175e28cd3a10c14fc8d245966b1ea6bb7aab1ae,46a3e70d06f1582a7b20274ca73fc628bf12bda6763b3bb9a2c00d655e90c7f3,0.0,False
11,2,roughness,none,roughness,0.7,test,Geometry-Prior+Residual,91949593,1.2268696082758404,0.7061454711276579,0.27052623145943966,0.592888779527559,0.23076923076923078,0.05909919530637116,15.471760122231963,0.25,128,calibrated,geometry,[0.2892473968725459],77162a3317b3cc419500a9a83f350de1fbb6e974953a87c77096d6e3cf0eb6c0,roughness,5c31872fb5b63ca51804fd284f1b92baf550c90c3147d9a15343637ee8299b81,565c12d7b0d9827858cc79f49175e28cd3a10c14fc8d245966b1ea6bb7aab1ae,5c31872fb5b63ca51804fd284f1b92baf550c90c3147d9a15343637ee8299b81,565c12d7b0d9827858cc79f49175e28cd3a10c14fc8d245966b1ea6bb7aab1ae,46a3e70d06f1582a7b20274ca73fc628bf12bda6763b3bb9a2c00d655e90c7f3,0.12032606272813084,True
11,2,roughness,none,roughness,0.7,test,Oracle-Rank+Residual,91949593,1.1310911766150524,0.6920116262661606,0.2653875206006226,0.5907972440944882,0.23076923076923078,0.013401233220570718,31.630715967331092,0.28125,128,calibrated,oracle_rank,[0.3269952562397163],77162a3317b3cc419500a9a83f350de1fbb6e974953a87c77096d6e3cf0eb6c0,roughness,5c31872fb5b63ca51804fd284f1b92baf550c90c3147d9a15343637ee8299b81,565c12d7b0d9827858cc79f49175e28cd3a10c14fc8d245966b1ea6bb7aab1ae,5c31872fb5b63ca51804fd284f1b92baf550c90c3147d9a15343637ee8299b81,565c12d7b0d9827858cc79f49175e28cd3a10c14fc8d245966b1ea6bb7aab1ae,46a3e70d06f1582a7b20274ca73fc628bf12bda6763b3bb9a2c00d655e90c7f3,0.024547631067342923,True
11,2,roughness,none,roughness,0.7,test,Oracle-Value+Residual,91949593,1.2291466874733412,0.6937728536665573,0.2339486815601538,0.5815698818897638,0.23076923076923078,0.0,21.188092700335645,0.265625,128,calibrated,oracle_value,[0.30908595742713557],77162a3317b3cc419500a9a83f350de1fbb6e974953a87c77096d6e3cf0eb6c0,roughness,5c31872fb5b63ca51804fd284f1b92baf550c90c3147d9a15343637ee8299b81,565c12d7b0d9827858cc79f49175e28cd3a10c14fc8d245966b1ea6bb7aab1ae,5c31872fb5b63ca51804fd284f1b92baf550c90c3147d9a15343637ee8299b81,565c12d7b0d9827858cc79f49175e28cd3a10c14fc8d245966b1ea6bb7aab1ae,46a3e70d06f1582a7b20274ca73fc628bf12bda6763b3bb9a2c00d655e90c7f3,0.12260314192563171,True
11,2,roughness,none,roughness,0.7,test,Oracle-Rank+Value+Residual,91949593,1.1481182271118306,0.6920116262661606,0.24222898736495144,0.5828001968503937,0.23076923076923078,0.013401233220570718,29.648035261278366,0.2890625,128,calibrated,oracle_rank|oracle_value,"[0.2637671090991653, 0.06965465981925596]",77162a3317b3cc419500a9a83f350de1fbb6e974953a87c77096d6e3cf0eb6c0,roughness,5c31872fb5b63ca51804fd284f1b92baf550c90c3147d9a15343637ee8299b81,565c12d7b0d9827858cc79f49175e28cd3a10c14fc8d245966b1ea6bb7aab1ae,5c31872fb5b63ca51804fd284f1b92baf550c90c3147d9a15343637ee8299b81,565c12d7b0d9827858cc79f49175e28cd3a10c14fc8d245966b1ea6bb7aab1ae,46a3e70d06f1582a7b20274ca73fc628bf12bda6763b3bb9a2c00d655e90c7f3,0.04157468156412114,True
11,2,roughness,none,roughness,1.0,test,Target-Only,1200021962,1.0009587476580106,0.6198800224313434,0.5602167643288776,0.6836860236220472,0.15384615384615385,0.0542069766262733,1.9240499804445992,0.578125,128,target_only,none,[],77162a3317b3cc419500a9a83f350de1fbb6e974953a87c77096d6e3cf0eb6c0,roughness,5c31872fb5b63ca51804fd284f1b92baf550c90c3147d9a15343637ee8299b81,19ad2ce9361b568e7d28247e7742516574ba76f67a6157473541cfcd6bdc7cb8,5c31872fb5b63ca51804fd284f1b92baf550c90c3147d9a15343637ee8299b81,19ad2ce9361b568e7d28247e7742516574ba76f67a6157473541cfcd6bdc7cb8,3a274af7277484888bd3ae5c74d754683d4dc946644f4b6b884859d10faf670a,0.0,False
11,2,roughness,none,roughness,1.0,test,Geometry-Prior+Residual,1200021962,0.9355706907235113,0.6231181161296993,0.3840814411279985,0.6256151574803149,0.15384615384615385,0.07415823298493654,5.966873955690135,0.359375,128,calibrated,geometry,[0.2892473968725459],77162a3317b3cc419500a9a83f350de1fbb6e974953a87c77096d6e3cf0eb6c0,roughness,5c31872fb5b63ca51804fd284f1b92baf550c90c3147d9a15343637ee8299b81,19ad2ce9361b568e7d28247e7742516574ba76f67a6157473541cfcd6bdc7cb8,5c31872fb5b63ca51804fd284f1b92baf550c90c3147d9a15343637ee8299b81,19ad2ce9361b568e7d28247e7742516574ba76f67a6157473541cfcd6bdc7cb8,3a274af7277484888bd3ae5c74d754683d4dc946644f4b6b884859d10faf670a,-0.06538805693449934,False
11,2,roughness,none,roughness,1.0,test,Oracle-Rank+Residual,1200021962,1.002233515921974,0.6258381576616654,0.31810794726240615,0.6028543307086615,0.15384615384615385,0.07415823298493654,13.097180672364958,0.3125,128,calibrated,oracle_rank,[0.3269952562397163],77162a3317b3cc419500a9a83f350de1fbb6e974953a87c77096d6e3cf0eb6c0,roughness,5c31872fb5b63ca51804fd284f1b92baf550c90c3147d9a15343637ee8299b81,19ad2ce9361b568e7d28247e7742516574ba76f67a6157473541cfcd6bdc7cb8,5c31872fb5b63ca51804fd284f1b92baf550c90c3147d9a15343637ee8299b81,19ad2ce9361b568e7d28247e7742516574ba76f67a6157473541cfcd6bdc7cb8,3a274af7277484888bd3ae5c74d754683d4dc946644f4b6b884859d10faf670a,0.0012747682639633329,False
11,2,roughness,none,roughness,1.0,test,Oracle-Value+Residual,1200021962,1.028210168270612,0.6192766605179642,0.4405843709943233,0.6428395669291339,0.15384615384615385,0.0542069766262733,8.40434923955836,0.25,128,calibrated,oracle_value,[0.30908595742713557],77162a3317b3cc419500a9a83f350de1fbb6e974953a87c77096d6e3cf0eb6c0,roughness,5c31872fb5b63ca51804fd284f1b92baf550c90c3147d9a15343637ee8299b81,19ad2ce9361b568e7d28247e7742516574ba76f67a6157473541cfcd6bdc7cb8,5c31872fb5b63ca51804fd284f1b92baf550c90c3147d9a15343637ee8299b81,19ad2ce9361b568e7d28247e7742516574ba76f67a6157473541cfcd6bdc7cb8,3a274af7277484888bd3ae5c74d754683d4dc946644f4b6b884859d10faf670a,0.02725142061260133,True
11,2,roughness,none,roughness,1.0,test,Oracle-Rank+Value+Residual,1200021962,1.0018699538327467,0.6174660824270907,0.34710904596227793,0.6144192913385826,0.15384615384615385,0.07415823298493654,12.078714860859584,0.2890625,128,calibrated,oracle_rank|oracle_value,"[0.2637671090991653, 0.06965465981925596]",77162a3317b3cc419500a9a83f350de1fbb6e974953a87c77096d6e3cf0eb6c0,roughness,5c31872fb5b63ca51804fd284f1b92baf550c90c3147d9a15343637ee8299b81,19ad2ce9361b568e7d28247e7742516574ba76f67a6157473541cfcd6bdc7cb8,5c31872fb5b63ca51804fd284f1b92baf550c90c3147d9a15343637ee8299b81,19ad2ce9361b568e7d28247e7742516574ba76f67a6157473541cfcd6bdc7cb8,3a274af7277484888bd3ae5c74d754683d4dc946644f4b6b884859d10faf670a,0.0009112061747360567,False
11,2,reversal,none,reversal,0.35,test,Target-Only,1736607800,0.7111922828097745,0.7547944275552564,0.835744369163157,0.8220964566929134,0.15384615384615385,0.005819099848747129,-2.173786456140653,1.0,128,target_only,none,[],77162a3317b3cc419500a9a83f350de1fbb6e974953a87c77096d6e3cf0eb6c0,reversal,5c31872fb5b63ca51804fd284f1b92baf550c90c3147d9a15343637ee8299b81,0af4734d604e41783fc922434b3859418663f183ae2b80093197a60102c0d3f7,5c31872fb5b63ca51804fd284f1b92baf550c90c3147d9a15343637ee8299b81,0af4734d604e41783fc922434b3859418663f183ae2b80093197a60102c0d3f7,934d1f2d6cf894037e256d1269deac64d89696dd0a769c00e1276dfc372bb071,0.0,False
11,2,reversal,none,reversal,0.35,test,Geometry-Prior+Residual,1736607800,0.7111922828097745,0.7547944275552564,0.835744369163157,0.8220964566929134,0.15384615384615385,0.005819099848747129,-2.173786456140653,1.0,128,target_only,geometry,[1.3665256363923298e-20],77162a3317b3cc419500a9a83f350de1fbb6e974953a87c77096d6e3cf0eb6c0,reversal,5c31872fb5b63ca51804fd284f1b92baf550c90c3147d9a15343637ee8299b81,0af4734d604e41783fc922434b3859418663f183ae2b80093197a60102c0d3f7,5c31872fb5b63ca51804fd284f1b92baf550c90c3147d9a15343637ee8299b81,0af4734d604e41783fc922434b3859418663f183ae2b80093197a60102c0d3f7,934d1f2d6cf894037e256d1269deac64d89696dd0a769c00e1276dfc372bb071,0.0,False
11,2,reversal,none,reversal,0.35,test,Oracle-Rank+Residual,1736607800,0.7111922828097745,0.7547944275552564,0.835744369163157,0.8220964566929134,0.15384615384615385,0.005819099848747129,-2.173786456140653,1.0,128,target_only,oracle_rank,[1.656825964837522e-20],77162a3317b3cc419500a9a83f350de1fbb6e974953a87c77096d6e3cf0eb6c0,reversal,5c31872fb5b63ca51804fd284f1b92baf550c90c3147d9a15343637ee8299b81,0af4734d604e41783fc922434b3859418663f183ae2b80093197a60102c0d3f7,5c31872fb5b63ca51804fd284f1b92baf550c90c3147d9a15343637ee8299b81,0af4734d604e41783fc922434b3859418663f183ae2b80093197a60102c0d3f7,934d1f2d6cf894037e256d1269deac64d89696dd0a769c00e1276dfc372bb071,0.0,False
11,2,reversal,none,reversal,0.35,test,Oracle-Value+Residual,1736607800,0.7111922828097745,0.7547944275552564,0.835744369163157,0.8220964566929134,0.15384615384615385,0.005819099848747129,-2.173786456140653,1.0,128,target_only,oracle_value,[1.6814371730003888e-20],77162a3317b3cc419500a9a83f350de1fbb6e974953a87c77096d6e3cf0eb6c0,reversal,5c31872fb5b63ca51804fd284f1b92baf550c90c3147d9a15343637ee8299b81,0af4734d604e41783fc922434b3859418663f183ae2b80093197a60102c0d3f7,5c31872fb5b63ca51804fd284f1b92baf550c90c3147d9a15343637ee8299b81,0af4734d604e41783fc922434b3859418663f183ae2b80093197a60102c0d3f7,934d1f2d6cf894037e256d1269deac64d89696dd0a769c00e1276dfc372bb071,0.0,False
11,2,reversal,none,reversal,0.35,test,Oracle-Rank+Value+Residual,1736607800,0.7111922828097745,0.7547944275552564,0.835744369163157,0.8220964566929134,0.15384615384615385,0.005819099848747129,-2.173786456140653,1.0,128,target_only,oracle_rank|oracle_value,"[7.415396310550864e-21, 1.0083144258913876e-20]",77162a3317b3cc419500a9a83f350de1fbb6e974953a87c77096d6e3cf0eb6c0,reversal,5c31872fb5b63ca51804fd284f1b92baf550c90c3147d9a15343637ee8299b81,0af4734d604e41783fc922434b3859418663f183ae2b80093197a60102c0d3f7,5c31872fb5b63ca51804fd284f1b92baf550c90c3147d9a15343637ee8299b81,0af4734d604e41783fc922434b3859418663f183ae2b80093197a60102c0d3f7,934d1f2d6cf894037e256d1269deac64d89696dd0a769c00e1276dfc372bb071,0.0,False
11,2,reversal,none,reversal,0.7,test,Target-Only,335546759,1.660682452574072,0.9317126279557667,0.8923960813037906,0.8647883858267716,0.46153846153846156,0.0002653996465532534,-0.5174980784792141,0.78125,128,target_only,none,[],77162a3317b3cc419500a9a83f350de1fbb6e974953a87c77096d6e3cf0eb6c0,reversal,5c31872fb5b63ca51804fd284f1b92baf550c90c3147d9a15343637ee8299b81,565c12d7b0d9827858cc79f49175e28cd3a10c14fc8d245966b1ea6bb7aab1ae,5c31872fb5b63ca51804fd284f1b92baf550c90c3147d9a15343637ee8299b81,565c12d7b0d9827858cc79f49175e28cd3a10c14fc8d245966b1ea6bb7aab1ae,902de50c0e40e2ad1b71aea23f77697b05274ff657058d559592b36aa6884726,0.0,False
11,2,reversal,none,reversal,0.7,test,Geometry-Prior+Residual,335546759,1.660682452574072,0.9317126279557667,0.8923960813037906,0.8647883858267716,0.46153846153846156,0.0002653996465532534,-0.5174980784792141,0.78125,128,target_only,geometry,[1.3665256363923298e-20],77162a3317b3cc419500a9a83f350de1fbb6e974953a87c77096d6e3cf0eb6c0,reversal,5c31872fb5b63ca51804fd284f1b92baf550c90c3147d9a15343637ee8299b81,565c12d7b0d9827858cc79f49175e28cd3a10c14fc8d245966b1ea6bb7aab1ae,5c31872fb5b63ca51804fd284f1b92baf550c90c3147d9a15343637ee8299b81,565c12d7b0d9827858cc79f49175e28cd3a10c14fc8d245966b1ea6bb7aab1ae,902de50c0e40e2ad1b71aea23f77697b05274ff657058d559592b36aa6884726,0.0,False
11,2,reversal,none,reversal,0.7,test,Oracle-Rank+Residual,335546759,1.660682452574072,0.9317126279557667,0.8923960813037906,0.8647883858267716,0.46153846153846156,0.0002653996465532534,-0.5174980784792141,0.78125,128,target_only,oracle_rank,[1.656825964837522e-20],77162a3317b3cc419500a9a83f350de1fbb6e974953a87c77096d6e3cf0eb6c0,reversal,5c31872fb5b63ca51804fd284f1b92baf550c90c3147d9a15343637ee8299b81,565c12d7b0d9827858cc79f49175e28cd3a10c14fc8d245966b1ea6bb7aab1ae,5c31872fb5b63ca51804fd284f1b92baf550c90c3147d9a15343637ee8299b81,565c12d7b0d9827858cc79f49175e28cd3a10c14fc8d245966b1ea6bb7aab1ae,902de50c0e40e2ad1b71aea23f77697b05274ff657058d559592b36aa6884726,0.0,False
11,2,reversal,none,reversal,0.7,test,Oracle-Value+Residual,335546759,1.660682452574072,0.9317126279557667,0.8923960813037906,0.8647883858267716,0.46153846153846156,0.0002653996465532534,-0.5174980784792141,0.78125,128,target_only,oracle_value,[1.6814371730003888e-20],77162a3317b3cc419500a9a83f350de1fbb6e974953a87c77096d6e3cf0eb6c0,reversal,5c31872fb5b63ca51804fd284f1b92baf550c90c3147d9a15343637ee8299b81,565c12d7b0d9827858cc79f49175e28cd3a10c14fc8d245966b1ea6bb7aab1ae,5c31872fb5b63ca51804fd284f1b92baf550c90c3147d9a15343637ee8299b81,565c12d7b0d9827858cc79f49175e28cd3a10c14fc8d245966b1ea6bb7aab1ae,902de50c0e40e2ad1b71aea23f77697b05274ff657058d559592b36aa6884726,0.0,False
11,2,reversal,none,reversal,0.7,test,Oracle-Rank+Value+Residual,335546759,1.660682452574072,0.9317126279557667,0.8923960813037906,0.8647883858267716,0.46153846153846156,0.0002653996465532534,-0.5174980784792141,0.78125,128,target_only,oracle_rank|oracle_value,"[7.415396310550864e-21, 1.0083144258913876e-20]",77162a3317b3cc419500a9a83f350de1fbb6e974953a87c77096d6e3cf0eb6c0,reversal,5c31872fb5b63ca51804fd284f1b92baf550c90c3147d9a15343637ee8299b81,565c12d7b0d9827858cc79f49175e28cd3a10c14fc8d245966b1ea6bb7aab1ae,5c31872fb5b63ca51804fd284f1b92baf550c90c3147d9a15343637ee8299b81,565c12d7b0d9827858cc79f49175e28cd3a10c14fc8d245966b1ea6bb7aab1ae,902de50c0e40e2ad1b71aea23f77697b05274ff657058d559592b36aa6884726,0.0,False
11,2,reversal,none,reversal,1.0,test,Target-Only,1651475004,0.6492962882852624,0.7769427953653197,0.8544222669840689,0.8377214566929134,0.0,0.05396060746409565,-0.6136183909971485,0.90625,128,target_only,none,[],77162a3317b3cc419500a9a83f350de1fbb6e974953a87c77096d6e3cf0eb6c0,reversal,5c31872fb5b63ca51804fd284f1b92baf550c90c3147d9a15343637ee8299b81,19ad2ce9361b568e7d28247e7742516574ba76f67a6157473541cfcd6bdc7cb8,5c31872fb5b63ca51804fd284f1b92baf550c90c3147d9a15343637ee8299b81,19ad2ce9361b568e7d28247e7742516574ba76f67a6157473541cfcd6bdc7cb8,2dac4adc6f4b1a92756c89e0c6ad45082fb84307509ba5e18a338427bde5734b,0.0,False
11,2,reversal,none,reversal,1.0,test,Geometry-Prior+Residual,1651475004,0.6492962882852624,0.7769427953653197,0.8544222669840689,0.8377214566929134,0.0,0.05396060746409565,-0.6136183909971485,0.90625,128,target_only,geometry,[1.3665256363923298e-20],77162a3317b3cc419500a9a83f350de1fbb6e974953a87c77096d6e3cf0eb6c0,reversal,5c31872fb5b63ca51804fd284f1b92baf550c90c3147d9a15343637ee8299b81,19ad2ce9361b568e7d28247e7742516574ba76f67a6157473541cfcd6bdc7cb8,5c31872fb5b63ca51804fd284f1b92baf550c90c3147d9a15343637ee8299b81,19ad2ce9361b568e7d28247e7742516574ba76f67a6157473541cfcd6bdc7cb8,2dac4adc6f4b1a92756c89e0c6ad45082fb84307509ba5e18a338427bde5734b,0.0,False
11,2,reversal,none,reversal,1.0,test,Oracle-Rank+Residual,1651475004,0.6492962882852624,0.7769427953653197,0.8544222669840689,0.8377214566929134,0.0,0.05396060746409565,-0.6136183909971485,0.90625,128,target_only,oracle_rank,[1.656825964837522e-20],77162a3317b3cc419500a9a83f350de1fbb6e974953a87c77096d6e3cf0eb6c0,reversal,5c31872fb5b63ca51804fd284f1b92baf550c90c3147d9a15343637ee8299b81,19ad2ce9361b568e7d28247e7742516574ba76f67a6157473541cfcd6bdc7cb8,5c31872fb5b63ca51804fd284f1b92baf550c90c3147d9a15343637ee8299b81,19ad2ce9361b568e7d28247e7742516574ba76f67a6157473541cfcd6bdc7cb8,2dac4adc6f4b1a92756c89e0c6ad45082fb84307509ba5e18a338427bde5734b,0.0,False
11,2,reversal,none,reversal,1.0,test,Oracle-Value+Residual,1651475004,0.6492962882852624,0.7769427953653197,0.8544222669840689,0.8377214566929134,0.0,0.05396060746409565,-0.6136183909971485,0.90625,128,target_only,oracle_value,[1.6814371730003888e-20],77162a3317b3cc419500a9a83f350de1fbb6e974953a87c77096d6e3cf0eb6c0,reversal,5c31872fb5b63ca51804fd284f1b92baf550c90c3147d9a15343637ee8299b81,19ad2ce9361b568e7d28247e7742516574ba76f67a6157473541cfcd6bdc7cb8,5c31872fb5b63ca51804fd284f1b92baf550c90c3147d9a15343637ee8299b81,19ad2ce9361b568e7d28247e7742516574ba76f67a6157473541cfcd6bdc7cb8,2dac4adc6f4b1a92756c89e0c6ad45082fb84307509ba5e18a338427bde5734b,0.0,False
11,2,reversal,none,reversal,1.0,test,Oracle-Rank+Value+Residual,1651475004,0.6492962882852624,0.7769427953653197,0.8544222669840689,0.8377214566929134,0.0,0.05396060746409565,-0.6136183909971485,0.90625,128,target_only,oracle_rank|oracle_value,"[7.415396310550864e-21, 1.0083144258913876e-20]",77162a3317b3cc419500a9a83f350de1fbb6e974953a87c77096d6e3cf0eb6c0,reversal,5c31872fb5b63ca51804fd284f1b92baf550c90c3147d9a15343637ee8299b81,19ad2ce9361b568e7d28247e7742516574ba76f67a6157473541cfcd6bdc7cb8,5c31872fb5b63ca51804fd284f1b92baf550c90c3147d9a15343637ee8299b81,19ad2ce9361b568e7d28247e7742516574ba76f67a6157473541cfcd6bdc7cb8,2dac4adc6f4b1a92756c89e0c6ad45082fb84307509ba5e18a338427bde5734b,0.0,False
11,2,independent_expert,none,independent_expert,0.35,test,Target-Only,993813649,0.7111922828097745,0.9672768073076329,0.835744369163157,0.8220964566929134,0.6923076923076923,0.0,-2.173786456140653,1.0,128,target_only,none,[],3f7f8c6d6b9a229b7d7689fee52dadd41f56160a4ea34131afa26a83bd95db8b,independent_expert,5c31872fb5b63ca51804fd284f1b92baf550c90c3147d9a15343637ee8299b81,0af4734d604e41783fc922434b3859418663f183ae2b80093197a60102c0d3f7,5c31872fb5b63ca51804fd284f1b92baf550c90c3147d9a15343637ee8299b81,0af4734d604e41783fc922434b3859418663f183ae2b80093197a60102c0d3f7,96e2d1122ba8ac5554d788ad65de9946e550a73096fc6fab6952ed49b5ff082a,0.0,False
11,2,independent_expert,none,independent_expert,0.35,test,Geometry-Prior+Residual,993813649,0.7445795859773063,0.9523000159204513,0.8184112342061892,0.8174212598425197,0.6923076923076923,0.004007011027474997,-2.4294656568653976,1.0,128,calibrated,geometry,[0.2520798240145541],3f7f8c6d6b9a229b7d7689fee52dadd41f56160a4ea34131afa26a83bd95db8b,independent_expert,5c31872fb5b63ca51804fd284f1b92baf550c90c3147d9a15343637ee8299b81,0af4734d604e41783fc922434b3859418663f183ae2b80093197a60102c0d3f7,5c31872fb5b63ca51804fd284f1b92baf550c90c3147d9a15343637ee8299b81,0af4734d604e41783fc922434b3859418663f183ae2b80093197a60102c0d3f7,96e2d1122ba8ac5554d788ad65de9946e550a73096fc6fab6952ed49b5ff082a,0.0333873031675318,True
11,2,independent_expert,none,independent_expert,0.35,test,Oracle-Rank+Residual,993813649,0.7111922832836091,0.9672768073076329,0.835744369163157,0.8220964566929134,0.6923076923076923,0.0,-2.1737864558496574,1.0,128,calibrated,oracle_rank,[5.817783382094696e-11],3f7f8c6d6b9a229b7d7689fee52dadd41f56160a4ea34131afa26a83bd95db8b,independent_expert,5c31872fb5b63ca51804fd284f1b92baf550c90c3147d9a15343637ee8299b81,0af4734d604e41783fc922434b3859418663f183ae2b80093197a60102c0d3f7,5c31872fb5b63ca51804fd284f1b92baf550c90c3147d9a15343637ee8299b81,0af4734d604e41783fc922434b3859418663f183ae2b80093197a60102c0d3f7,96e2d1122ba8ac5554d788ad65de9946e550a73096fc6fab6952ed49b5ff082a,4.738345271704247e-10,False
11,2,independent_expert,none,independent_expert,0.35,test,Oracle-Value+Residual,993813649,0.7111922828097745,0.9672768073076329,0.835744369163157,0.8220964566929134,0.6923076923076923,0.0,-2.173786456140653,1.0,128,target_only,oracle_value,[3.4771268586520745e-19],3f7f8c6d6b9a229b7d7689fee52dadd41f56160a4ea34131afa26a83bd95db8b,independent_expert,5c31872fb5b63ca51804fd284f1b92baf550c90c3147d9a15343637ee8299b81,0af4734d604e41783fc922434b3859418663f183ae2b80093197a60102c0d3f7,5c31872fb5b63ca51804fd284f1b92baf550c90c3147d9a15343637ee8299b81,0af4734d604e41783fc922434b3859418663f183ae2b80093197a60102c0d3f7,96e2d1122ba8ac5554d788ad65de9946e550a73096fc6fab6952ed49b5ff082a,0.0,False
11,2,independent_expert,none,independent_expert,0.35,test,Oracle-Rank+Value+Residual,993813649,0.7111922828241581,0.9672768073076329,0.835744369163157,0.8220964566929134,0.6923076923076923,0.0,-2.173786456132018,1.0,128,calibrated,oracle_rank|oracle_value,"[7.083560337829328e-13, 1.0387468000776944e-12]",3f7f8c6d6b9a229b7d7689fee52dadd41f56160a4ea34131afa26a83bd95db8b,independent_expert,5c31872fb5b63ca51804fd284f1b92baf550c90c3147d9a15343637ee8299b81,0af4734d604e41783fc922434b3859418663f183ae2b80093197a60102c0d3f7,5c31872fb5b63ca51804fd284f1b92baf550c90c3147d9a15343637ee8299b81,0af4734d604e41783fc922434b3859418663f183ae2b80093197a60102c0d3f7,96e2d1122ba8ac5554d788ad65de9946e550a73096fc6fab6952ed49b5ff082a,1.4383605417833678e-11,False
11,2,independent_expert,none,independent_expert,0.7,test,Target-Only,1031681975,1.660682452574072,0.9662742401108233,0.8923960813037906,0.8647883858267716,0.6923076923076923,0.0,-0.5174980784792141,0.78125,128,target_only,none,[],3f7f8c6d6b9a229b7d7689fee52dadd41f56160a4ea34131afa26a83bd95db8b,independent_expert,5c31872fb5b63ca51804fd284f1b92baf550c90c3147d9a15343637ee8299b81,565c12d7b0d9827858cc79f49175e28cd3a10c14fc8d245966b1ea6bb7aab1ae,5c31872fb5b63ca51804fd284f1b92baf550c90c3147d9a15343637ee8299b81,565c12d7b0d9827858cc79f49175e28cd3a10c14fc8d245966b1ea6bb7aab1ae,065310cf2c5e65a89e3f044bb033c3049dfd5f89b9144ef6ea1212bc7888aec1,0.0,False
11,2,independent_expert,none,independent_expert,0.7,test,Geometry-Prior+Residual,1031681975,1.0726127154392135,0.9480729491974651,0.9115661051089544,0.8697096456692913,0.5384615384615384,0.0023626035374125134,-0.9577297957663635,0.796875,128,calibrated,geometry,[0.2520798240145541],3f7f8c6d6b9a229b7d7689fee52dadd41f56160a4ea34131afa26a83bd95db8b,independent_expert,5c31872fb5b63ca51804fd284f1b92baf550c90c3147d9a15343637ee8299b81,565c12d7b0d9827858cc79f49175e28cd3a10c14fc8d245966b1ea6bb7aab1ae,5c31872fb5b63ca51804fd284f1b92baf550c90c3147d9a15343637ee8299b81,565c12d7b0d9827858cc79f49175e28cd3a10c14fc8d245966b1ea6bb7aab1ae,065310cf2c5e65a89e3f044bb033c3049dfd5f89b9144ef6ea1212bc7888aec1,-0.5880697371348584,False
11,2,independent_expert,none,independent_expert,0.7,test,Oracle-Rank+Residual,1031681975,1.6606824527408317,0.9662742401108233,0.8923960813037906,0.8647883858267716,0.6923076923076923,0.0,-0.5174980782043795,0.78125,128,calibrated,oracle_rank,[5.817783382094696e-11],3f7f8c6d6b9a229b7d7689fee52dadd41f56160a4ea34131afa26a83bd95db8b,independent_expert,5c31872fb5b63ca51804fd284f1b92baf550c90c3147d9a15343637ee8299b81,565c12d7b0d9827858cc79f49175e28cd3a10c14fc8d245966b1ea6bb7aab1ae,5c31872fb5b63ca51804fd284f1b92baf550c90c3147d9a15343637ee8299b81,565c12d7b0d9827858cc79f49175e28cd3a10c14fc8d245966b1ea6bb7aab1ae,065310cf2c5e65a89e3f044bb033c3049dfd5f89b9144ef6ea1212bc7888aec1,1.667597171461921e-10,False
11,2,independent_expert,none,independent_expert,0.7,test,Oracle-Value+Residual,1031681975,1.660682452574072,0.9662742401108233,0.8923960813037906,0.8647883858267716,0.6923076923076923,0.0,-0.5174980784792141,0.78125,128,target_only,oracle_value,[3.4771268586520745e-19],3f7f8c6d6b9a229b7d7689fee52dadd41f56160a4ea34131afa26a83bd95db8b,independent_expert,5c31872fb5b63ca51804fd284f1b92baf550c90c3147d9a15343637ee8299b81,565c12d7b0d9827858cc79f49175e28cd3a10c14fc8d245966b1ea6bb7aab1ae,5c31872fb5b63ca51804fd284f1b92baf550c90c3147d9a15343637ee8299b81,565c12d7b0d9827858cc79f49175e28cd3a10c14fc8d245966b1ea6bb7aab1ae,065310cf2c5e65a89e3f044bb033c3049dfd5f89b9144ef6ea1212bc7888aec1,0.0,False
11,2,independent_expert,none,independent_expert,0.7,test,Oracle-Rank+Value+Residual,1031681975,1.6606824525785355,0.9662742401108233,0.8923960813037906,0.8647883858267716,0.6923076923076923,0.0,-0.5174980784714903,0.78125,128,calibrated,oracle_rank|oracle_value,"[7.083560337829328e-13, 1.0387468000776944e-12]",3f7f8c6d6b9a229b7d7689fee52dadd41f56160a4ea34131afa26a83bd95db8b,independent_expert,5c31872fb5b63ca51804fd284f1b92baf550c90c3147d9a15343637ee8299b81,565c12d7b0d9827858cc79f49175e28cd3a10c14fc8d245966b1ea6bb7aab1ae,5c31872fb5b63ca51804fd284f1b92baf550c90c3147d9a15343637ee8299b81,565c12d7b0d9827858cc79f49175e28cd3a10c14fc8d245966b1ea6bb7aab1ae,065310cf2c5e65a89e3f044bb033c3049dfd5f89b9144ef6ea1212bc7888aec1,4.463540648202979e-12,False
11,2,independent_expert,none,independent_expert,1.0,test,Target-Only,41178274,0.6492962882852624,0.938120893417529,0.8544222669840689,0.8377214566929134,0.46153846153846156,0.0,-0.6136183909971485,0.90625,128,target_only,none,[],3f7f8c6d6b9a229b7d7689fee52dadd41f56160a4ea34131afa26a83bd95db8b,independent_expert,5c31872fb5b63ca51804fd284f1b92baf550c90c3147d9a15343637ee8299b81,19ad2ce9361b568e7d28247e7742516574ba76f67a6157473541cfcd6bdc7cb8,5c31872fb5b63ca51804fd284f1b92baf550c90c3147d9a15343637ee8299b81,19ad2ce9361b568e7d28247e7742516574ba76f67a6157473541cfcd6bdc7cb8,f4b1230702062b34f2cb3045efd4197b64bd3e6f82817236bc60314d886b3475,0.0,False
11,2,independent_expert,none,independent_expert,1.0,test,Geometry-Prior+Residual,41178274,0.49899444849974034,0.8656857791705586,0.857695477018861,0.8304625984251969,0.23076923076923078,0.07695704026053668,-0.6120888002687748,0.84375,128,calibrated,geometry,[0.2520798240145541],3f7f8c6d6b9a229b7d7689fee52dadd41f56160a4ea34131afa26a83bd95db8b,independent_expert,5c31872fb5b63ca51804fd284f1b92baf550c90c3147d9a15343637ee8299b81,19ad2ce9361b568e7d28247e7742516574ba76f67a6157473541cfcd6bdc7cb8,5c31872fb5b63ca51804fd284f1b92baf550c90c3147d9a15343637ee8299b81,19ad2ce9361b568e7d28247e7742516574ba76f67a6157473541cfcd6bdc7cb8,f4b1230702062b34f2cb3045efd4197b64bd3e6f82817236bc60314d886b3475,-0.15030183978552208,False
11,2,independent_expert,none,independent_expert,1.0,test,Oracle-Rank+Residual,41178274,0.6492962881263014,0.938120893417529,0.8544222669840689,0.8377214566929134,0.46153846153846156,0.0,-0.6136183912482113,0.90625,128,calibrated,oracle_rank,[5.817783382094696e-11],3f7f8c6d6b9a229b7d7689fee52dadd41f56160a4ea34131afa26a83bd95db8b,independent_expert,5c31872fb5b63ca51804fd284f1b92baf550c90c3147d9a15343637ee8299b81,19ad2ce9361b568e7d28247e7742516574ba76f67a6157473541cfcd6bdc7cb8,5c31872fb5b63ca51804fd284f1b92baf550c90c3147d9a15343637ee8299b81,19ad2ce9361b568e7d28247e7742516574ba76f67a6157473541cfcd6bdc7cb8,f4b1230702062b34f2cb3045efd4197b64bd3e6f82817236bc60314d886b3475,-1.5896106653201514e-10,False
11,2,independent_expert,none,independent_expert,1.0,test,Oracle-Value+Residual,41178274,0.6492962882852624,0.938120893417529,0.8544222669840689,0.8377214566929134,0.46153846153846156,0.0,-0.6136183909971485,0.90625,128,target_only,oracle_value,[3.4771268586520745e-19],3f7f8c6d6b9a229b7d7689fee52dadd41f56160a4ea34131afa26a83bd95db8b,independent_expert,5c31872fb5b63ca51804fd284f1b92baf550c90c3147d9a15343637ee8299b81,19ad2ce9361b568e7d28247e7742516574ba76f67a6157473541cfcd6bdc7cb8,5c31872fb5b63ca51804fd284f1b92baf550c90c3147d9a15343637ee8299b81,19ad2ce9361b568e7d28247e7742516574ba76f67a6157473541cfcd6bdc7cb8,f4b1230702062b34f2cb3045efd4197b64bd3e6f82817236bc60314d886b3475,0.0,False
11,2,independent_expert,none,independent_expert,1.0,test,Oracle-Rank+Value+Residual,41178274,0.6492962882807021,0.938120893417529,0.8544222669840689,0.8377214566929134,0.46153846153846156,0.0,-0.6136183910043662,0.90625,128,calibrated,oracle_rank|oracle_value,"[7.083560337829328e-13, 1.0387468000776944e-12]",3f7f8c6d6b9a229b7d7689fee52dadd41f56160a4ea34131afa26a83bd95db8b,independent_expert,5c31872fb5b63ca51804fd284f1b92baf550c90c3147d9a15343637ee8299b81,19ad2ce9361b568e7d28247e7742516574ba76f67a6157473541cfcd6bdc7cb8,5c31872fb5b63ca51804fd284f1b92baf550c90c3147d9a15343637ee8299b81,19ad2ce9361b568e7d28247e7742516574ba76f67a6157473541cfcd6bdc7cb8,f4b1230702062b34f2cb3045efd4197b64bd3e6f82817236bc60314d886b3475,-4.560352095950293e-12,False
23,2,identity,none,identity,0.35,test,Target-Only,1391147966,0.3221407372164071,0.9494945686818745,0.9525899560520051,0.9120324803149606,0.5384615384615384,0.0,-2.452077883047501,1.0,128,target_only,none,[],7a622cbb59873547e95cc8b6180b6d2bc16bef83355a5d8d89c7bc4fb25a4f7e,identity,7e7dcf0683f6d0e6de0ef02526bbe2555b491ccc34d680c19d571270d85ce637,e293cc3bcf48d031f8c097d9f13c69393a95109c0ba687a81b37e8d18f27e71e,7e7dcf0683f6d0e6de0ef02526bbe2555b491ccc34d680c19d571270d85ce637,e293cc3bcf48d031f8c097d9f13c69393a95109c0ba687a81b37e8d18f27e71e,6c653213ed42603d2b3c9f2c4c770db1f4b11f43ba5d75727fc22a14f82dbf50,0.0,False
23,2,identity,none,identity,0.35,test,Geometry-Prior+Residual,1391147966,0.3823631626248066,0.943306170490682,0.9400922450100713,0.9005905511811023,0.5384615384615384,0.0,-1.724860287828881,0.6484375,128,calibrated,geometry,[0.19772982464353253],7a622cbb59873547e95cc8b6180b6d2bc16bef83355a5d8d89c7bc4fb25a4f7e,identity,7e7dcf0683f6d0e6de0ef02526bbe2555b491ccc34d680c19d571270d85ce637,e293cc3bcf48d031f8c097d9f13c69393a95109c0ba687a81b37e8d18f27e71e,7e7dcf0683f6d0e6de0ef02526bbe2555b491ccc34d680c19d571270d85ce637,e293cc3bcf48d031f8c097d9f13c69393a95109c0ba687a81b37e8d18f27e71e,6c653213ed42603d2b3c9f2c4c770db1f4b11f43ba5d75727fc22a14f82dbf50,0.06022242540839945,True
23,2,identity,none,identity,0.35,test,Oracle-Rank+Residual,1391147966,0.28952779366855935,0.9853661739405103,0.9407102636879691,0.9052657480314961,0.9230769230769231,0.017875404642201456,-2.1056078748340905,0.5625,128,calibrated,oracle_rank,[0.21151427954870752],7a622cbb59873547e95cc8b6180b6d2bc16bef83355a5d8d89c7bc4fb25a4f7e,identity,7e7dcf0683f6d0e6de0ef02526bbe2555b491ccc34d680c19d571270d85ce637,e293cc3bcf48d031f8c097d9f13c69393a95109c0ba687a81b37e8d18f27e71e,7e7dcf0683f6d0e6de0ef02526bbe2555b491ccc34d680c19d571270d85ce637,e293cc3bcf48d031f8c097d9f13c69393a95109c0ba687a81b37e8d18f27e71e,6c653213ed42603d2b3c9f2c4c770db1f4b11f43ba5d75727fc22a14f82dbf50,-0.03261294354784777,False
23,2,identity,none,identity,0.35,test,Oracle-Value+Residual,1391147966,0.03376149810266261,0.9994370202763869,0.9713308002197398,0.9491879921259843,1.0,0.0,-5.0635433786581805,1.0,128,calibrated,oracle_value,[0.21519171641407236],7a622cbb59873547e95cc8b6180b6d2bc16bef83355a5d8d89c7bc4fb25a4f7e,identity,7e7dcf0683f6d0e6de0ef02526bbe2555b491ccc34d680c19d571270d85ce637,e293cc3bcf48d031f8c097d9f13c69393a95109c0ba687a81b37e8d18f27e71e,7e7dcf0683f6d0e6de0ef02526bbe2555b491ccc34d680c19d571270d85ce637,e293cc3bcf48d031f8c097d9f13c69393a95109c0ba687a81b37e8d18f27e71e,6c653213ed42603d2b3c9f2c4c770db1f4b11f43ba5d75727fc22a14f82dbf50,-0.2883792391137445,False
23,2,identity,none,identity,0.35,test,Oracle-Rank+Value+Residual,1391147966,0.1327186325514578,0.9981840933936369,0.9545126808276871,0.9256889763779528,0.9230769230769231,0.0,-3.3908496675245914,0.65625,128,calibrated,oracle_rank|oracle_value,"[0.09113110950156336, 0.13221732956024776]",7a622cbb59873547e95cc8b6180b6d2bc16bef83355a5d8d89c7bc4fb25a4f7e,identity,7e7dcf0683f6d0e6de0ef02526bbe2555b491ccc34d680c19d571270d85ce637,e293cc3bcf48d031f8c097d9f13c69393a95109c0ba687a81b37e8d18f27e71e,7e7dcf0683f6d0e6de0ef02526bbe2555b491ccc34d680c19d571270d85ce637,e293cc3bcf48d031f8c097d9f13c69393a95109c0ba687a81b37e8d18f27e71e,6c653213ed42603d2b3c9f2c4c770db1f4b11f43ba5d75727fc22a14f82dbf50,-0.18942210466494933,False
23,2,identity,none,identity,0.7,test,Target-Only,551999306,0.5537937541143012,0.949036344454076,0.8158819355429409,0.8200049212598425,0.5384615384615384,0.0,-1.7643586638286455,1.0,128,target_only,none,[],7a622cbb59873547e95cc8b6180b6d2bc16bef83355a5d8d89c7bc4fb25a4f7e,identity,7e7dcf0683f6d0e6de0ef02526bbe2555b491ccc34d680c19d571270d85ce637,ff6f4be9108f7149a05ffbb9a5e7f901eb5411cbec9665494b3d6351c45d3162,7e7dcf0683f6d0e6de0ef02526bbe2555b491ccc34d680c19d571270d85ce637,ff6f4be9108f7149a05ffbb9a5e7f901eb5411cbec9665494b3d6351c45d3162,bdcebf83a113cec80a10248bbd599aea05f66cd55516715f1da6ec86ccf1ce83,0.0,False
23,2,identity,none,identity,0.7,test,Geometry-Prior+Residual,551999306,0.6191928154666455,0.9340777942137433,0.9350164804980773,0.8993602362204725,0.5384615384615384,0.016197783865198465,-0.459725270935134,0.6875,128,calibrated,geometry,[0.19772982464353253],7a622cbb59873547e95cc8b6180b6d2bc16bef83355a5d8d89c7bc4fb25a4f7e,identity,7e7dcf0683f6d0e6de0ef02526bbe2555b491ccc34d680c19d571270d85ce637,ff6f4be9108f7149a05ffbb9a5e7f901eb5411cbec9665494b3d6351c45d3162,7e7dcf0683f6d0e6de0ef02526bbe2555b491ccc34d680c19d571270d85ce637,ff6f4be9108f7149a05ffbb9a5e7f901eb5411cbec9665494b3d6351c45d3162,bdcebf83a113cec80a10248bbd599aea05f66cd55516715f1da6ec86ccf1ce83,0.0653990613523443,True
23,2,identity,none,identity,0.7,test,Oracle-Rank+Residual,551999306,0.4154353267569202,0.999448161514476,0.8283167002380516,0.8396899606299213,1.0,0.0,-0.35883540304716277,0.6640625,128,calibrated,oracle_rank,[0.21151427954870752],7a622cbb59873547e95cc8b6180b6d2bc16bef83355a5d8d89c7bc4fb25a4f7e,identity,7e7dcf0683f6d0e6de0ef02526bbe2555b491ccc34d680c19d571270d85ce637,ff6f4be9108f7149a05ffbb9a5e7f901eb5411cbec9665494b3d6351c45d3162,7e7dcf0683f6d0e6de0ef02526bbe2555b491ccc34d680c19d571270d85ce637,ff6f4be9108f7149a05ffbb9a5e7f901eb5411cbec9665494b3d6351c45d3162,bdcebf83a113cec80a10248bbd599aea05f66cd55516715f1da6ec86ccf1ce83,-0.13835842735738102,False
23,2,identity,none,identity,0.7,test,Oracle-Value+Residual,551999306,0.08453101073731152,0.9987966403279592,0.9413969511078555,0.9133858267716536,1.0,0.0,-3.8547364850957946,0.8828125,128,calibrated,oracle_value,[0.21519171641407236],7a622cbb59873547e95cc8b6180b6d2bc16bef83355a5d8d89c7bc4fb25a4f7e,identity,7e7dcf0683f6d0e6de0ef02526bbe2555b491ccc34d680c19d571270d85ce637,ff6f4be9108f7149a05ffbb9a5e7f901eb5411cbec9665494b3d6351c45d3162,7e7dcf0683f6d0e6de0ef02526bbe2555b491ccc34d680c19d571270d85ce637,ff6f4be9108f7149a05ffbb9a5e7f901eb5411cbec9665494b3d6351c45d3162,bdcebf83a113cec80a10248bbd599aea05f66cd55516715f1da6ec86ccf1ce83,-0.4692627433769897,False
23,2,identity,none,identity,0.7,test,Oracle-Rank+Value+Residual,551999306,0.20435898822570567,0.9998834097663112,0.8680472898736495,0.8727854330708661,1.0,0.0,-1.3338462010080812,0.6953125,128,calibrated,oracle_rank|oracle_value,"[0.09113110950156336, 0.13221732956024776]",7a622cbb59873547e95cc8b6180b6d2bc16bef83355a5d8d89c7bc4fb25a4f7e,identity,7e7dcf0683f6d0e6de0ef02526bbe2555b491ccc34d680c19d571270d85ce637,ff6f4be9108f7149a05ffbb9a5e7f901eb5411cbec9665494b3d6351c45d3162,7e7dcf0683f6d0e6de0ef02526bbe2555b491ccc34d680c19d571270d85ce637,ff6f4be9108f7149a05ffbb9a5e7f901eb5411cbec9665494b3d6351c45d3162,bdcebf83a113cec80a10248bbd599aea05f66cd55516715f1da6ec86ccf1ce83,-0.34943476588859557,False
23,2,identity,none,identity,1.0,test,Target-Only,991248397,1.0663729135095628,0.9479216894347262,0.6172347097601172,0.71751968503937,0.5384615384615384,0.004158903679774812,1.2987151944131292,0.5390625,128,target_only,none,[],7a622cbb59873547e95cc8b6180b6d2bc16bef83355a5d8d89c7bc4fb25a4f7e,identity,7e7dcf0683f6d0e6de0ef02526bbe2555b491ccc34d680c19d571270d85ce637,8b6a1b7b662866e6d0e202f28f7e665c5560a0a2c2ebffdb8896e870853ccc77,7e7dcf0683f6d0e6de0ef02526bbe2555b491ccc34d680c19d571270d85ce637,8b6a1b7b662866e6d0e202f28f7e665c5560a0a2c2ebffdb8896e870853ccc77,46b5a3c06fd728af3fb8264f83a8ec8767b6472d135a8f2ba96439c570f94a70,0.0,False
23,2,identity,none,identity,1.0,test,Geometry-Prior+Residual,991248397,0.7682478255949351,0.9379209368088335,0.8691059329793078,0.8467027559055118,0.5384615384615384,0.010967993525835933,7.2142881822700975,0.234375,128,calibrated,geometry,[0.19772982464353253],7a622cbb59873547e95cc8b6180b6d2bc16bef83355a5d8d89c7bc4fb25a4f7e,identity,7e7dcf0683f6d0e6de0ef02526bbe2555b491ccc34d680c19d571270d85ce637,8b6a1b7b662866e6d0e202f28f7e665c5560a0a2c2ebffdb8896e870853ccc77,7e7dcf0683f6d0e6de0ef02526bbe2555b491ccc34d680c19d571270d85ce637,8b6a1b7b662866e6d0e202f28f7e665c5560a0a2c2ebffdb8896e870853ccc77,46b5a3c06fd728af3fb8264f83a8ec8767b6472d135a8f2ba96439c570f94a70,-0.29812508791462766,False
23,2,identity,none,identity,1.0,test,Oracle-Rank+Residual,991248397,0.7065339329278646,0.9962385620146805,0.8830399652078373,0.8604822834645669,1.0,0.0017921364872932229,28.87670438764011,0.1796875,128,calibrated,oracle_rank,[0.21151427954870752],7a622cbb59873547e95cc8b6180b6d2bc16bef83355a5d8d89c7bc4fb25a4f7e,identity,7e7dcf0683f6d0e6de0ef02526bbe2555b491ccc34d680c19d571270d85ce637,8b6a1b7b662866e6d0e202f28f7e665c5560a0a2c2ebffdb8896e870853ccc77,7e7dcf0683f6d0e6de0ef02526bbe2555b491ccc34d680c19d571270d85ce637,8b6a1b7b662866e6d0e202f28f7e665c5560a0a2c2ebffdb8896e870853ccc77,46b5a3c06fd728af3fb8264f83a8ec8767b6472d135a8f2ba96439c570f94a70,-0.35983898058169816,False
23,2,identity,none,identity,1.0,test,Oracle-Value+Residual,991248397,0.057314577667560394,0.9975198356028723,0.9932075169382898,0.9728100393700787,0.9230769230769231,0.0017921364872932229,-1.4010869757184032,0.671875,128,calibrated,oracle_value,[0.21519171641407236],7a622cbb59873547e95cc8b6180b6d2bc16bef83355a5d8d89c7bc4fb25a4f7e,identity,7e7dcf0683f6d0e6de0ef02526bbe2555b491ccc34d680c19d571270d85ce637,8b6a1b7b662866e6d0e202f28f7e665c5560a0a2c2ebffdb8896e870853ccc77,7e7dcf0683f6d0e6de0ef02526bbe2555b491ccc34d680c19d571270d85ce637,8b6a1b7b662866e6d0e202f28f7e665c5560a0a2c2ebffdb8896e870853ccc77,46b5a3c06fd728af3fb8264f83a8ec8767b6472d135a8f2ba96439c570f94a70,-1.0090583358420024,False
23,2,identity,none,identity,1.0,test,Oracle-Rank+Value+Residual,991248397,0.2849772122556715,0.9965241557310939,0.9805266892510528,0.9480807086614174,1.0,0.0017921364872932229,18.47913950496259,0.1796875,128,calibrated,oracle_rank|oracle_value,"[0.09113110950156336, 0.13221732956024776]",7a622cbb59873547e95cc8b6180b6d2bc16bef83355a5d8d89c7bc4fb25a4f7e,identity,7e7dcf0683f6d0e6de0ef02526bbe2555b491ccc34d680c19d571270d85ce637,8b6a1b7b662866e6d0e202f28f7e665c5560a0a2c2ebffdb8896e870853ccc77,7e7dcf0683f6d0e6de0ef02526bbe2555b491ccc34d680c19d571270d85ce637,8b6a1b7b662866e6d0e202f28f7e665c5560a0a2c2ebffdb8896e870853ccc77,46b5a3c06fd728af3fb8264f83a8ec8767b6472d135a8f2ba96439c570f94a70,-0.7813957012538912,False
23,2,identity,identity_label_permutation,identity_label_permutation,0.35,test,Target-Only,1106221333,0.3221407372164071,0.9494945686818745,0.9525899560520051,0.9120324803149606,0.5384615384615384,0.0,-2.452077883047501,1.0,128,target_only,none,[],07a752d847ecdfcd946c081f187abf07ee8d666a697e91354be22413d2bc257f,identity,7e7dcf0683f6d0e6de0ef02526bbe2555b491ccc34d680c19d571270d85ce637,e293cc3bcf48d031f8c097d9f13c69393a95109c0ba687a81b37e8d18f27e71e,7e7dcf0683f6d0e6de0ef02526bbe2555b491ccc34d680c19d571270d85ce637,e293cc3bcf48d031f8c097d9f13c69393a95109c0ba687a81b37e8d18f27e71e,6c653213ed42603d2b3c9f2c4c770db1f4b11f43ba5d75727fc22a14f82dbf50,0.0,False
23,2,identity,identity_label_permutation,identity_label_permutation,0.35,test,Geometry-Prior+Residual,1106221333,0.3823631626248066,0.943306170490682,0.9400922450100713,0.9005905511811023,0.5384615384615384,0.0,-1.724860287828881,0.6484375,128,calibrated,geometry,[0.19772982464353253],07a752d847ecdfcd946c081f187abf07ee8d666a697e91354be22413d2bc257f,identity,7e7dcf0683f6d0e6de0ef02526bbe2555b491ccc34d680c19d571270d85ce637,e293cc3bcf48d031f8c097d9f13c69393a95109c0ba687a81b37e8d18f27e71e,7e7dcf0683f6d0e6de0ef02526bbe2555b491ccc34d680c19d571270d85ce637,e293cc3bcf48d031f8c097d9f13c69393a95109c0ba687a81b37e8d18f27e71e,6c653213ed42603d2b3c9f2c4c770db1f4b11f43ba5d75727fc22a14f82dbf50,0.06022242540839945,True
23,2,identity,identity_label_permutation,identity_label_permutation,0.35,test,Oracle-Rank+Residual,1106221333,0.3221407372164071,0.9494945686818745,0.9525899560520051,0.9120324803149606,0.5384615384615384,0.0,-2.452077883047501,1.0,128,target_only,oracle_rank,[3.418963634772536e-13],07a752d847ecdfcd946c081f187abf07ee8d666a697e91354be22413d2bc257f,identity,7e7dcf0683f6d0e6de0ef02526bbe2555b491ccc34d680c19d571270d85ce637,e293cc3bcf48d031f8c097d9f13c69393a95109c0ba687a81b37e8d18f27e71e,7e7dcf0683f6d0e6de0ef02526bbe2555b491ccc34d680c19d571270d85ce637,e293cc3bcf48d031f8c097d9f13c69393a95109c0ba687a81b37e8d18f27e71e,6c653213ed42603d2b3c9f2c4c770db1f4b11f43ba5d75727fc22a14f82dbf50,0.0,False
23,2,identity,identity_label_permutation,identity_label_permutation,0.35,test,Oracle-Value+Residual,1106221333,0.3221407372164071,0.9494945686818745,0.9525899560520051,0.9120324803149606,0.5384615384615384,0.0,-2.452077883047501,1.0,128,target_only,oracle_value,[5.486943758149287e-16],07a752d847ecdfcd946c081f187abf07ee8d666a697e91354be22413d2bc257f,identity,7e7dcf0683f6d0e6de0ef02526bbe2555b491ccc34d680c19d571270d85ce637,e293cc3bcf48d031f8c097d9f13c69393a95109c0ba687a81b37e8d18f27e71e,7e7dcf0683f6d0e6de0ef02526bbe2555b491ccc34d680c19d571270d85ce637,e293cc3bcf48d031f8c097d9f13c69393a95109c0ba687a81b37e8d18f27e71e,6c653213ed42603d2b3c9f2c4c770db1f4b11f43ba5d75727fc22a14f82dbf50,0.0,False
23,2,identity,identity_label_permutation,identity_label_permutation,0.35,test,Oracle-Rank+Value+Residual,1106221333,0.3221407372164071,0.9494945686818745,0.9525899560520051,0.9120324803149606,0.5384615384615384,0.0,-2.452077883047501,1.0,128,target_only,oracle_rank|oracle_value,"[2.2057441215458773e-16, 4.119265772309706e-17]",07a752d847ecdfcd946c081f187abf07ee8d666a697e91354be22413d2bc257f,identity,7e7dcf0683f6d0e6de0ef02526bbe2555b491ccc34d680c19d571270d85ce637,e293cc3bcf48d031f8c097d9f13c69393a95109c0ba687a81b37e8d18f27e71e,7e7dcf0683f6d0e6de0ef02526bbe2555b491ccc34d680c19d571270d85ce637,e293cc3bcf48d031f8c097d9f13c69393a95109c0ba687a81b37e8d18f27e71e,6c653213ed42603d2b3c9f2c4c770db1f4b11f43ba5d75727fc22a14f82dbf50,0.0,False
23,2,identity,identity_label_permutation,identity_label_permutation,0.7,test,Target-Only,1600848465,0.5537937541143012,0.949036344454076,0.8158819355429409,0.8200049212598425,0.5384615384615384,0.0,-1.7643586638286455,1.0,128,target_only,none,[],07a752d847ecdfcd946c081f187abf07ee8d666a697e91354be22413d2bc257f,identity,7e7dcf0683f6d0e6de0ef02526bbe2555b491ccc34d680c19d571270d85ce637,ff6f4be9108f7149a05ffbb9a5e7f901eb5411cbec9665494b3d6351c45d3162,7e7dcf0683f6d0e6de0ef02526bbe2555b491ccc34d680c19d571270d85ce637,ff6f4be9108f7149a05ffbb9a5e7f901eb5411cbec9665494b3d6351c45d3162,bdcebf83a113cec80a10248bbd599aea05f66cd55516715f1da6ec86ccf1ce83,0.0,False
23,2,identity,identity_label_permutation,identity_label_permutation,0.7,test,Geometry-Prior+Residual,1600848465,0.6191928154666455,0.9340777942137433,0.9350164804980773,0.8993602362204725,0.5384615384615384,0.016197783865198465,-0.459725270935134,0.6875,128,calibrated,geometry,[0.19772982464353253],07a752d847ecdfcd946c081f187abf07ee8d666a697e91354be22413d2bc257f,identity,7e7dcf0683f6d0e6de0ef02526bbe2555b491ccc34d680c19d571270d85ce637,ff6f4be9108f7149a05ffbb9a5e7f901eb5411cbec9665494b3d6351c45d3162,7e7dcf0683f6d0e6de0ef02526bbe2555b491ccc34d680c19d571270d85ce637,ff6f4be9108f7149a05ffbb9a5e7f901eb5411cbec9665494b3d6351c45d3162,bdcebf83a113cec80a10248bbd599aea05f66cd55516715f1da6ec86ccf1ce83,0.0653990613523443,True
23,2,identity,identity_label_permutation,identity_label_permutation,0.7,test,Oracle-Rank+Residual,1600848465,0.5537937541143012,0.949036344454076,0.8158819355429409,0.8200049212598425,0.5384615384615384,0.0,-1.7643586638286455,1.0,128,target_only,oracle_rank,[3.418963634772536e-13],07a752d847ecdfcd946c081f187abf07ee8d666a697e91354be22413d2bc257f,identity,7e7dcf0683f6d0e6de0ef02526bbe2555b491ccc34d680c19d571270d85ce637,ff6f4be9108f7149a05ffbb9a5e7f901eb5411cbec9665494b3d6351c45d3162,7e7dcf0683f6d0e6de0ef02526bbe2555b491ccc34d680c19d571270d85ce637,ff6f4be9108f7149a05ffbb9a5e7f901eb5411cbec9665494b3d6351c45d3162,bdcebf83a113cec80a10248bbd599aea05f66cd55516715f1da6ec86ccf1ce83,0.0,False
23,2,identity,identity_label_permutation,identity_label_permutation,0.7,test,Oracle-Value+Residual,1600848465,0.5537937541143012,0.949036344454076,0.8158819355429409,0.8200049212598425,0.5384615384615384,0.0,-1.7643586638286455,1.0,128,target_only,oracle_value,[5.486943758149287e-16],07a752d847ecdfcd946c081f187abf07ee8d666a697e91354be22413d2bc257f,identity,7e7dcf0683f6d0e6de0ef02526bbe2555b491ccc34d680c19d571270d85ce637,ff6f4be9108f7149a05ffbb9a5e7f901eb5411cbec9665494b3d6351c45d3162,7e7dcf0683f6d0e6de0ef02526bbe2555b491ccc34d680c19d571270d85ce637,ff6f4be9108f7149a05ffbb9a5e7f901eb5411cbec9665494b3d6351c45d3162,bdcebf83a113cec80a10248bbd599aea05f66cd55516715f1da6ec86ccf1ce83,0.0,False
23,2,identity,identity_label_permutation,identity_label_permutation,0.7,test,Oracle-Rank+Value+Residual,1600848465,0.5537937541143012,0.949036344454076,0.8158819355429409,0.8200049212598425,0.5384615384615384,0.0,-1.7643586638286455,1.0,128,target_only,oracle_rank|oracle_value,"[2.2057441215458773e-16, 4.119265772309706e-17]",07a752d847ecdfcd946c081f187abf07ee8d666a697e91354be22413d2bc257f,identity,7e7dcf0683f6d0e6de0ef02526bbe2555b491ccc34d680c19d571270d85ce637,ff6f4be9108f7149a05ffbb9a5e7f901eb5411cbec9665494b3d6351c45d3162,7e7dcf0683f6d0e6de0ef02526bbe2555b491ccc34d680c19d571270d85ce637,ff6f4be9108f7149a05ffbb9a5e7f901eb5411cbec9665494b3d6351c45d3162,bdcebf83a113cec80a10248bbd599aea05f66cd55516715f1da6ec86ccf1ce83,0.0,False
23,2,identity,identity_label_permutation,identity_label_permutation,1.0,test,Target-Only,568697161,1.0663729135095628,0.9479216894347262,0.6172347097601172,0.71751968503937,0.5384615384615384,0.004158903679774812,1.2987151944131292,0.5390625,128,target_only,none,[],07a752d847ecdfcd946c081f187abf07ee8d666a697e91354be22413d2bc257f,identity,7e7dcf0683f6d0e6de0ef02526bbe2555b491ccc34d680c19d571270d85ce637,8b6a1b7b662866e6d0e202f28f7e665c5560a0a2c2ebffdb8896e870853ccc77,7e7dcf0683f6d0e6de0ef02526bbe2555b491ccc34d680c19d571270d85ce637,8b6a1b7b662866e6d0e202f28f7e665c5560a0a2c2ebffdb8896e870853ccc77,46b5a3c06fd728af3fb8264f83a8ec8767b6472d135a8f2ba96439c570f94a70,0.0,False
23,2,identity,identity_label_permutation,identity_label_permutation,1.0,test,Geometry-Prior+Residual,568697161,0.7682478255949351,0.9379209368088335,0.8691059329793078,0.8467027559055118,0.5384615384615384,0.010967993525835933,7.2142881822700975,0.234375,128,calibrated,geometry,[0.19772982464353253],07a752d847ecdfcd946c081f187abf07ee8d666a697e91354be22413d2bc257f,identity,7e7dcf0683f6d0e6de0ef02526bbe2555b491ccc34d680c19d571270d85ce637,8b6a1b7b662866e6d0e202f28f7e665c5560a0a2c2ebffdb8896e870853ccc77,7e7dcf0683f6d0e6de0ef02526bbe2555b491ccc34d680c19d571270d85ce637,8b6a1b7b662866e6d0e202f28f7e665c5560a0a2c2ebffdb8896e870853ccc77,46b5a3c06fd728af3fb8264f83a8ec8767b6472d135a8f2ba96439c570f94a70,-0.29812508791462766,False
23,2,identity,identity_label_permutation,identity_label_permutation,1.0,test,Oracle-Rank+Residual,568697161,1.0663729135095628,0.9479216894347262,0.6172347097601172,0.71751968503937,0.5384615384615384,0.004158903679774812,1.2987151944131292,0.5390625,128,target_only,oracle_rank,[3.418963634772536e-13],07a752d847ecdfcd946c081f187abf07ee8d666a697e91354be22413d2bc257f,identity,7e7dcf0683f6d0e6de0ef02526bbe2555b491ccc34d680c19d571270d85ce637,8b6a1b7b662866e6d0e202f28f7e665c5560a0a2c2ebffdb8896e870853ccc77,7e7dcf0683f6d0e6de0ef02526bbe2555b491ccc34d680c19d571270d85ce637,8b6a1b7b662866e6d0e202f28f7e665c5560a0a2c2ebffdb8896e870853ccc77,46b5a3c06fd728af3fb8264f83a8ec8767b6472d135a8f2ba96439c570f94a70,0.0,False
23,2,identity,identity_label_permutation,identity_label_permutation,1.0,test,Oracle-Value+Residual,568697161,1.0663729135095628,0.9479216894347262,0.6172347097601172,0.71751968503937,0.5384615384615384,0.004158903679774812,1.2987151944131292,0.5390625,128,target_only,oracle_value,[5.486943758149287e-16],07a752d847ecdfcd946c081f187abf07ee8d666a697e91354be22413d2bc257f,identity,7e7dcf0683f6d0e6de0ef02526bbe2555b491ccc34d680c19d571270d85ce637,8b6a1b7b662866e6d0e202f28f7e665c5560a0a2c2ebffdb8896e870853ccc77,7e7dcf0683f6d0e6de0ef02526bbe2555b491ccc34d680c19d571270d85ce637,8b6a1b7b662866e6d0e202f28f7e665c5560a0a2c2ebffdb8896e870853ccc77,46b5a3c06fd728af3fb8264f83a8ec8767b6472d135a8f2ba96439c570f94a70,0.0,False
23,2,identity,identity_label_permutation,identity_label_permutation,1.0,test,Oracle-Rank+Value+Residual,568697161,1.0663729135095628,0.9479216894347262,0.6172347097601172,0.71751968503937,0.5384615384615384,0.004158903679774812,1.2987151944131292,0.5390625,128,target_only,oracle_rank|oracle_value,"[2.2057441215458773e-16, 4.119265772309706e-17]",07a752d847ecdfcd946c081f187abf07ee8d666a697e91354be22413d2bc257f,identity,7e7dcf0683f6d0e6de0ef02526bbe2555b491ccc34d680c19d571270d85ce637,8b6a1b7b662866e6d0e202f28f7e665c5560a0a2c2ebffdb8896e870853ccc77,7e7dcf0683f6d0e6de0ef02526bbe2555b491ccc34d680c19d571270d85ce637,8b6a1b7b662866e6d0e202f28f7e665c5560a0a2c2ebffdb8896e870853ccc77,46b5a3c06fd728af3fb8264f83a8ec8767b6472d135a8f2ba96439c570f94a70,0.0,False
23,2,output_affine,none,output_affine,0.35,test,Target-Only,1213593323,0.32214073721640746,0.9494945686818745,0.9525899560520051,0.9120324803149606,0.5384615384615384,0.0,-1.5357871511733456,1.0,128,target_only,none,[],7a622cbb59873547e95cc8b6180b6d2bc16bef83355a5d8d89c7bc4fb25a4f7e,output_affine,7e7dcf0683f6d0e6de0ef02526bbe2555b491ccc34d680c19d571270d85ce637,e293cc3bcf48d031f8c097d9f13c69393a95109c0ba687a81b37e8d18f27e71e,7e7dcf0683f6d0e6de0ef02526bbe2555b491ccc34d680c19d571270d85ce637,e293cc3bcf48d031f8c097d9f13c69393a95109c0ba687a81b37e8d18f27e71e,f15bf9ce91edfbb9abffd76c9c0352b88b1e36cf4b037be9d1c48cb5a3f0426a,0.0,False
23,2,output_affine,none,output_affine,0.35,test,Geometry-Prior+Residual,1213593323,0.38236316262480674,0.943306170490682,0.9400922450100713,0.9005905511811023,0.5384615384615384,0.0,-0.8085695559547236,0.6484375,128,calibrated,geometry,[0.49432456160883137],7a622cbb59873547e95cc8b6180b6d2bc16bef83355a5d8d89c7bc4fb25a4f7e,output_affine,7e7dcf0683f6d0e6de0ef02526bbe2555b491ccc34d680c19d571270d85ce637,e293cc3bcf48d031f8c097d9f13c69393a95109c0ba687a81b37e8d18f27e71e,7e7dcf0683f6d0e6de0ef02526bbe2555b491ccc34d680c19d571270d85ce637,e293cc3bcf48d031f8c097d9f13c69393a95109c0ba687a81b37e8d18f27e71e,f15bf9ce91edfbb9abffd76c9c0352b88b1e36cf4b037be9d1c48cb5a3f0426a,0.06022242540839928,True
23,2,output_affine,none,output_affine,0.35,test,Oracle-Rank+Residual,1213593323,0.2895277936685599,0.9853661739405103,0.9407102636879691,0.9052657480314961,0.9230769230769231,0.017875404642201595,-1.1893171429599054,0.5625,128,calibrated,oracle_rank,[0.5287856988717689],7a622cbb59873547e95cc8b6180b6d2bc16bef83355a5d8d89c7bc4fb25a4f7e,output_affine,7e7dcf0683f6d0e6de0ef02526bbe2555b491ccc34d680c19d571270d85ce637,e293cc3bcf48d031f8c097d9f13c69393a95109c0ba687a81b37e8d18f27e71e,7e7dcf0683f6d0e6de0ef02526bbe2555b491ccc34d680c19d571270d85ce637,e293cc3bcf48d031f8c097d9f13c69393a95109c0ba687a81b37e8d18f27e71e,f15bf9ce91edfbb9abffd76c9c0352b88b1e36cf4b037be9d1c48cb5a3f0426a,-0.03261294354784755,False
23,2,output_affine,none,output_affine,0.35,test,Oracle-Value+Residual,1213593323,0.03376149810266385,0.9994370202763869,0.9713308002197398,0.9491879921259843,1.0,0.0,-4.147252646784008,1.0,128,calibrated,oracle_value,[0.5379792910351809],7a622cbb59873547e95cc8b6180b6d2bc16bef83355a5d8d89c7bc4fb25a4f7e,output_affine,7e7dcf0683f6d0e6de0ef02526bbe2555b491ccc34d680c19d571270d85ce637,e293cc3bcf48d031f8c097d9f13c69393a95109c0ba687a81b37e8d18f27e71e,7e7dcf0683f6d0e6de0ef02526bbe2555b491ccc34d680c19d571270d85ce637,e293cc3bcf48d031f8c097d9f13c69393a95109c0ba687a81b37e8d18f27e71e,f15bf9ce91edfbb9abffd76c9c0352b88b1e36cf4b037be9d1c48cb5a3f0426a,-0.28837923911374364,False
23,2,output_affine,none,output_affine,0.35,test,Oracle-Rank+Value+Residual,1213593323,0.13271863255145933,0.9981840933936369,0.9545126808276871,0.9256889763779528,0.9230769230769231,0.0,-2.4745589356504234,0.65625,128,calibrated,oracle_rank|oracle_value,"[0.2278277737539083, 0.3305433239006195]",7a622cbb59873547e95cc8b6180b6d2bc16bef83355a5d8d89c7bc4fb25a4f7e,output_affine,7e7dcf0683f6d0e6de0ef02526bbe2555b491ccc34d680c19d571270d85ce637,e293cc3bcf48d031f8c097d9f13c69393a95109c0ba687a81b37e8d18f27e71e,7e7dcf0683f6d0e6de0ef02526bbe2555b491ccc34d680c19d571270d85ce637,e293cc3bcf48d031f8c097d9f13c69393a95109c0ba687a81b37e8d18f27e71e,f15bf9ce91edfbb9abffd76c9c0352b88b1e36cf4b037be9d1c48cb5a3f0426a,-0.18942210466494813,False
23,2,output_affine,none,output_affine,0.7,test,Target-Only,2093424990,0.5537937541143011,0.949036344454076,0.8158819355429409,0.8200049212598425,0.5384615384615384,0.0,-0.848067931954491,1.0,128,target_only,none,[],7a622cbb59873547e95cc8b6180b6d2bc16bef83355a5d8d89c7bc4fb25a4f7e,output_affine,7e7dcf0683f6d0e6de0ef02526bbe2555b491ccc34d680c19d571270d85ce637,ff6f4be9108f7149a05ffbb9a5e7f901eb5411cbec9665494b3d6351c45d3162,7e7dcf0683f6d0e6de0ef02526bbe2555b491ccc34d680c19d571270d85ce637,ff6f4be9108f7149a05ffbb9a5e7f901eb5411cbec9665494b3d6351c45d3162,52c627dbdebc43efd47fde800dcb685a5f5de3c01e78d71bc9502445824c9fa6,0.0,False
23,2,output_affine,none,output_affine,0.7,test,Geometry-Prior+Residual,2093424990,0.6191928154666455,0.9340777942137433,0.9350164804980773,0.8993602362204725,0.5384615384615384,0.01619778386519833,0.4565654609390195,0.6875,128,calibrated,geometry,[0.49432456160883137],7a622cbb59873547e95cc8b6180b6d2bc16bef83355a5d8d89c7bc4fb25a4f7e,output_affine,7e7dcf0683f6d0e6de0ef02526bbe2555b491ccc34d680c19d571270d85ce637,ff6f4be9108f7149a05ffbb9a5e7f901eb5411cbec9665494b3d6351c45d3162,7e7dcf0683f6d0e6de0ef02526bbe2555b491ccc34d680c19d571270d85ce637,ff6f4be9108f7149a05ffbb9a5e7f901eb5411cbec9665494b3d6351c45d3162,52c627dbdebc43efd47fde800dcb685a5f5de3c01e78d71bc9502445824c9fa6,0.06539906135234441,True
23,2,output_affine,none,output_affine,0.7,test,Oracle-Rank+Residual,2093424990,0.4154353267569204,0.999448161514476,0.8283167002380516,0.8396899606299213,1.0,0.0,0.5574553288270201,0.6640625,128,calibrated,oracle_rank,[0.5287856988717689],7a622cbb59873547e95cc8b6180b6d2bc16bef83355a5d8d89c7bc4fb25a4f7e,output_affine,7e7dcf0683f6d0e6de0ef02526bbe2555b491ccc34d680c19d571270d85ce637,ff6f4be9108f7149a05ffbb9a5e7f901eb5411cbec9665494b3d6351c45d3162,7e7dcf0683f6d0e6de0ef02526bbe2555b491ccc34d680c19d571270d85ce637,ff6f4be9108f7149a05ffbb9a5e7f901eb5411cbec9665494b3d6351c45d3162,52c627dbdebc43efd47fde800dcb685a5f5de3c01e78d71bc9502445824c9fa6,-0.1383584273573807,False
23,2,output_affine,none,output_affine,0.7,test,Oracle-Value+Residual,2093424990,0.08453101073731159,0.9987966403279592,0.9413969511078555,0.9133858267716536,1.0,0.0,-2.9384457532216364,0.8828125,128,calibrated,oracle_value,[0.5379792910351809],7a622cbb59873547e95cc8b6180b6d2bc16bef83355a5d8d89c7bc4fb25a4f7e,output_affine,7e7dcf0683f6d0e6de0ef02526bbe2555b491ccc34d680c19d571270d85ce637,ff6f4be9108f7149a05ffbb9a5e7f901eb5411cbec9665494b3d6351c45d3162,7e7dcf0683f6d0e6de0ef02526bbe2555b491ccc34d680c19d571270d85ce637,ff6f4be9108f7149a05ffbb9a5e7f901eb5411cbec9665494b3d6351c45d3162,52c627dbdebc43efd47fde800dcb685a5f5de3c01e78d71bc9502445824c9fa6,-0.4692627433769895,False
23,2,output_affine,none,output_affine,0.7,test,Oracle-Rank+Value+Residual,2093424990,0.20435898822570597,0.9998834097663112,0.8680472898736495,0.8727854330708661,1.0,0.0,-0.41755546913390884,0.6953125,128,calibrated,oracle_rank|oracle_value,"[0.2278277737539083, 0.3305433239006195]",7a622cbb59873547e95cc8b6180b6d2bc16bef83355a5d8d89c7bc4fb25a4f7e,output_affine,7e7dcf0683f6d0e6de0ef02526bbe2555b491ccc34d680c19d571270d85ce637,ff6f4be9108f7149a05ffbb9a5e7f901eb5411cbec9665494b3d6351c45d3162,7e7dcf0683f6d0e6de0ef02526bbe2555b491ccc34d680c19d571270d85ce637,ff6f4be9108f7149a05ffbb9a5e7f901eb5411cbec9665494b3d6351c45d3162,52c627dbdebc43efd47fde800dcb685a5f5de3c01e78d71bc9502445824c9fa6,-0.3494347658885951,False
23,2,output_affine,none,output_affine,1.0,test,Target-Only,412435350,1.0663729135095628,0.9479216894347262,0.6172347097601172,0.71751968503937,0.5384615384615384,0.004158903679774827,2.2150059262872848,0.5390625,128,target_only,none,[],7a622cbb59873547e95cc8b6180b6d2bc16bef83355a5d8d89c7bc4fb25a4f7e,output_affine,7e7dcf0683f6d0e6de0ef02526bbe2555b491ccc34d680c19d571270d85ce637,8b6a1b7b662866e6d0e202f28f7e665c5560a0a2c2ebffdb8896e870853ccc77,7e7dcf0683f6d0e6de0ef02526bbe2555b491ccc34d680c19d571270d85ce637,8b6a1b7b662866e6d0e202f28f7e665c5560a0a2c2ebffdb8896e870853ccc77,0f312389a06fcc41b6082608a054d42663b8757cfbf91a6beca1ee16cbd01d22,0.0,False
23,2,output_affine,none,output_affine,1.0,test,Geometry-Prior+Residual,412435350,0.7682478255949349,0.9379209368088335,0.8691059329793078,0.8467027559055118,0.5384615384615384,0.010967993525835681,8.130578914144253,0.234375,128,calibrated,geometry,[0.49432456160883137],7a622cbb59873547e95cc8b6180b6d2bc16bef83355a5d8d89c7bc4fb25a4f7e,output_affine,7e7dcf0683f6d0e6de0ef02526bbe2555b491ccc34d680c19d571270d85ce637,8b6a1b7b662866e6d0e202f28f7e665c5560a0a2c2ebffdb8896e870853ccc77,7e7dcf0683f6d0e6de0ef02526bbe2555b491ccc34d680c19d571270d85ce637,8b6a1b7b662866e6d0e202f28f7e665c5560a0a2c2ebffdb8896e870853ccc77,0f312389a06fcc41b6082608a054d42663b8757cfbf91a6beca1ee16cbd01d22,-0.2981250879146279,False
23,2,output_affine,none,output_affine,1.0,test,Oracle-Rank+Residual,412435350,0.7065339329278643,0.9962385620146805,0.8830399652078373,0.8604822834645669,1.0,0.0017921364872930542,29.792995119514277,0.1796875,128,calibrated,oracle_rank,[0.5287856988717689],7a622cbb59873547e95cc8b6180b6d2bc16bef83355a5d8d89c7bc4fb25a4f7e,output_affine,7e7dcf0683f6d0e6de0ef02526bbe2555b491ccc34d680c19d571270d85ce637,8b6a1b7b662866e6d0e202f28f7e665c5560a0a2c2ebffdb8896e870853ccc77,7e7dcf0683f6d0e6de0ef02526bbe2555b491ccc34d680c19d571270d85ce637,8b6a1b7b662866e6d0e202f28f7e665c5560a0a2c2ebffdb8896e870853ccc77,0f312389a06fcc41b6082608a054d42663b8757cfbf91a6beca1ee16cbd01d22,-0.3598389805816985,False
23,2,output_affine,none,output_affine,1.0,test,Oracle-Value+Residual,412435350,0.05731457766756047,0.9975198356028723,0.9932075169382898,0.9728100393700787,0.9230769230769231,0.0017921364872930542,-0.4847962438442174,0.671875,128,calibrated,oracle_value,[0.5379792910351809],7a622cbb59873547e95cc8b6180b6d2bc16bef83355a5d8d89c7bc4fb25a4f7e,output_affine,7e7dcf0683f6d0e6de0ef02526bbe2555b491ccc34d680c19d571270d85ce637,8b6a1b7b662866e6d0e202f28f7e665c5560a0a2c2ebffdb8896e870853ccc77,7e7dcf0683f6d0e6de0ef02526bbe2555b491ccc34d680c19d571270d85ce637,8b6a1b7b662866e6d0e202f28f7e665c5560a0a2c2ebffdb8896e870853ccc77,0f312389a06fcc41b6082608a054d42663b8757cfbf91a6beca1ee16cbd01d22,-1.0090583358420022,False
23,2,output_affine,none,output_affine,1.0,test,Oracle-Rank+Value+Residual,412435350,0.2849772122556714,0.9965241557310939,0.9805266892510528,0.9480807086614174,1.0,0.0017921364872930542,19.395430236836546,0.1796875,128,calibrated,oracle_rank|oracle_value,"[0.2278277737539083, 0.3305433239006195]",7a622cbb59873547e95cc8b6180b6d2bc16bef83355a5d8d89c7bc4fb25a4f7e,output_affine,7e7dcf0683f6d0e6de0ef02526bbe2555b491ccc34d680c19d571270d85ce637,8b6a1b7b662866e6d0e202f28f7e665c5560a0a2c2ebffdb8896e870853ccc77,7e7dcf0683f6d0e6de0ef02526bbe2555b491ccc34d680c19d571270d85ce637,8b6a1b7b662866e6d0e202f28f7e665c5560a0a2c2ebffdb8896e870853ccc77,0f312389a06fcc41b6082608a054d42663b8757cfbf91a6beca1ee16cbd01d22,-0.7813957012538914,False
23,2,scale_0.7,none,scale_0.7,0.35,test,Target-Only,275446385,0.20073058639756214,0.9325276067191995,0.9840345174876395,0.9486958661417323,0.6153846153846154,0.020252277069294042,-2.9960234220828132,1.0,128,target_only,none,[],7a622cbb59873547e95cc8b6180b6d2bc16bef83355a5d8d89c7bc4fb25a4f7e,scale_0.7,e50613a61af12c48783d078350a165f1eaa8f960c69b8f074b86fddca6562bd3,aa0beb5b66297067d957acbbef96d56d7ab3e480268d3610980c1aea964208a6,7e7dcf0683f6d0e6de0ef02526bbe2555b491ccc34d680c19d571270d85ce637,e293cc3bcf48d031f8c097d9f13c69393a95109c0ba687a81b37e8d18f27e71e,8d26fa4a7177164632d52f120ef0056eb74fa50e2c4d18787bed66454e67b260,0.0,False
23,2,scale_0.7,none,scale_0.7,0.35,test,Geometry-Prior+Residual,275446385,0.26446553290673747,0.9305657120654172,0.9674452939022157,0.9238435039370079,0.5384615384615384,0.020252277069294042,-2.8798056226148208,0.75,128,calibrated,geometry,[0.12864222534444145],7a622cbb59873547e95cc8b6180b6d2bc16bef83355a5d8d89c7bc4fb25a4f7e,scale_0.7,e50613a61af12c48783d078350a165f1eaa8f960c69b8f074b86fddca6562bd3,aa0beb5b66297067d957acbbef96d56d7ab3e480268d3610980c1aea964208a6,7e7dcf0683f6d0e6de0ef02526bbe2555b491ccc34d680c19d571270d85ce637,e293cc3bcf48d031f8c097d9f13c69393a95109c0ba687a81b37e8d18f27e71e,8d26fa4a7177164632d52f120ef0056eb74fa50e2c4d18787bed66454e67b260,0.06373494650917533,True
23,2,scale_0.7,none,scale_0.7,0.35,test,Oracle-Rank+Residual,275446385,0.2822538426683187,0.9473623912231747,0.9573223768540561,0.9160925196850394,0.5384615384615384,0.001445711411384156,2.2154644625124997,0.3671875,128,calibrated,oracle_rank,[0.13760674304005158],7a622cbb59873547e95cc8b6180b6d2bc16bef83355a5d8d89c7bc4fb25a4f7e,scale_0.7,e50613a61af12c48783d078350a165f1eaa8f960c69b8f074b86fddca6562bd3,aa0beb5b66297067d957acbbef96d56d7ab3e480268d3610980c1aea964208a6,7e7dcf0683f6d0e6de0ef02526bbe2555b491ccc34d680c19d571270d85ce637,e293cc3bcf48d031f8c097d9f13c69393a95109c0ba687a81b37e8d18f27e71e,8d26fa4a7177164632d52f120ef0056eb74fa50e2c4d18787bed66454e67b260,0.08152325627075657,True
23,2,scale_0.7,none,scale_0.7,0.35,test,Oracle-Value+Residual,275446385,0.01901556563477914,0.9991531549072564,0.9996165995238967,0.9949557086614174,1.0,0.0,-5.540190508915898,1.0,128,calibrated,oracle_value,[0.1386400315056234],7a622cbb59873547e95cc8b6180b6d2bc16bef83355a5d8d89c7bc4fb25a4f7e,scale_0.7,e50613a61af12c48783d078350a165f1eaa8f960c69b8f074b86fddca6562bd3,aa0beb5b66297067d957acbbef96d56d7ab3e480268d3610980c1aea964208a6,7e7dcf0683f6d0e6de0ef02526bbe2555b491ccc34d680c19d571270d85ce637,e293cc3bcf48d031f8c097d9f13c69393a95109c0ba687a81b37e8d18f27e71e,8d26fa4a7177164632d52f120ef0056eb74fa50e2c4d18787bed66454e67b260,-0.181715020762783,False
23,2,scale_0.7,none,scale_0.7,0.35,test,Oracle-Rank+Value+Residual,275446385,0.13536570583825677,0.974053083449996,0.9894707928950741,0.9597687007874016,0.7692307692307693,0.0,1.589569559010978,0.3671875,128,calibrated,oracle_rank|oracle_value,"[0.06592893097629711, 0.07824319119022205]",7a622cbb59873547e95cc8b6180b6d2bc16bef83355a5d8d89c7bc4fb25a4f7e,scale_0.7,e50613a61af12c48783d078350a165f1eaa8f960c69b8f074b86fddca6562bd3,aa0beb5b66297067d957acbbef96d56d7ab3e480268d3610980c1aea964208a6,7e7dcf0683f6d0e6de0ef02526bbe2555b491ccc34d680c19d571270d85ce637,e293cc3bcf48d031f8c097d9f13c69393a95109c0ba687a81b37e8d18f27e71e,8d26fa4a7177164632d52f120ef0056eb74fa50e2c4d18787bed66454e67b260,-0.06536488055930537,False
23,2,scale_0.7,none,scale_0.7,0.7,test,Target-Only,1247505409,0.4365744787706723,0.9582070155569109,0.682584462552646,0.7530757874015748,0.6923076923076923,0.003920148443684325,-2.2647426244486657,1.0,128,target_only,none,[],7a622cbb59873547e95cc8b6180b6d2bc16bef83355a5d8d89c7bc4fb25a4f7e,scale_0.7,e50613a61af12c48783d078350a165f1eaa8f960c69b8f074b86fddca6562bd3,433d06b1444d8a5568e6046b92ccc51bfaa08f068250307890e9d5d95bfe3777,7e7dcf0683f6d0e6de0ef02526bbe2555b491ccc34d680c19d571270d85ce637,ff6f4be9108f7149a05ffbb9a5e7f901eb5411cbec9665494b3d6351c45d3162,394e1bdf434ca254d43b571834f7e15492da8805a32e841cef5e5ae7852cc821,0.0,False
23,2,scale_0.7,none,scale_0.7,0.7,test,Geometry-Prior+Residual,1247505409,0.7253047722609363,0.9455049857423833,0.5878444881889764,0.6802411417322834,0.5384615384615384,0.003920148443684325,0.5237678064366733,0.328125,128,calibrated,geometry,[0.12864222534444145],7a622cbb59873547e95cc8b6180b6d2bc16bef83355a5d8d89c7bc4fb25a4f7e,scale_0.7,e50613a61af12c48783d078350a165f1eaa8f960c69b8f074b86fddca6562bd3,433d06b1444d8a5568e6046b92ccc51bfaa08f068250307890e9d5d95bfe3777,7e7dcf0683f6d0e6de0ef02526bbe2555b491ccc34d680c19d571270d85ce637,ff6f4be9108f7149a05ffbb9a5e7f901eb5411cbec9665494b3d6351c45d3162,394e1bdf434ca254d43b571834f7e15492da8805a32e841cef5e5ae7852cc821,0.28873029349026397,True
23,2,scale_0.7,none,scale_0.7,0.7,test,Oracle-Rank+Residual,1247505409,0.2296361321853954,0.9955522478301613,0.9618259018494779,0.9313484251968503,0.9230769230769231,0.003920148443684325,-2.2328184274108738,0.6875,128,calibrated,oracle_rank,[0.13760674304005158],7a622cbb59873547e95cc8b6180b6d2bc16bef83355a5d8d89c7bc4fb25a4f7e,scale_0.7,e50613a61af12c48783d078350a165f1eaa8f960c69b8f074b86fddca6562bd3,433d06b1444d8a5568e6046b92ccc51bfaa08f068250307890e9d5d95bfe3777,7e7dcf0683f6d0e6de0ef02526bbe2555b491ccc34d680c19d571270d85ce637,ff6f4be9108f7149a05ffbb9a5e7f901eb5411cbec9665494b3d6351c45d3162,394e1bdf434ca254d43b571834f7e15492da8805a32e841cef5e5ae7852cc821,-0.2069383465852769,False
23,2,scale_0.7,none,scale_0.7,0.7,test,Oracle-Value+Residual,1247505409,0.03542776326026636,0.9993726037412176,0.9977854330708662,0.9858513779527559,1.0,0.0,-4.788831168363943,1.0,128,calibrated,oracle_value,[0.1386400315056234],7a622cbb59873547e95cc8b6180b6d2bc16bef83355a5d8d89c7bc4fb25a4f7e,scale_0.7,e50613a61af12c48783d078350a165f1eaa8f960c69b8f074b86fddca6562bd3,433d06b1444d8a5568e6046b92ccc51bfaa08f068250307890e9d5d95bfe3777,7e7dcf0683f6d0e6de0ef02526bbe2555b491ccc34d680c19d571270d85ce637,ff6f4be9108f7149a05ffbb9a5e7f901eb5411cbec9665494b3d6351c45d3162,394e1bdf434ca254d43b571834f7e15492da8805a32e841cef5e5ae7852cc821,-0.4011467155104059,False
23,2,scale_0.7,none,scale_0.7,0.7,test,Oracle-Rank+Value+Residual,1247505409,0.1102589541524472,0.9980008616345121,0.986689708844534,0.9614911417322834,1.0,0.003920148443684325,-2.93691407102137,0.6875,128,calibrated,oracle_rank|oracle_value,"[0.06592893097629711, 0.07824319119022205]",7a622cbb59873547e95cc8b6180b6d2bc16bef83355a5d8d89c7bc4fb25a4f7e,scale_0.7,e50613a61af12c48783d078350a165f1eaa8f960c69b8f074b86fddca6562bd3,433d06b1444d8a5568e6046b92ccc51bfaa08f068250307890e9d5d95bfe3777,7e7dcf0683f6d0e6de0ef02526bbe2555b491ccc34d680c19d571270d85ce637,ff6f4be9108f7149a05ffbb9a5e7f901eb5411cbec9665494b3d6351c45d3162,394e1bdf434ca254d43b571834f7e15492da8805a32e841cef5e5ae7852cc821,-0.3263155246182251,False
23,2,scale_0.7,none,scale_0.7,1.0,test,Target-Only,180903275,0.5801829613011067,0.9433091184695361,0.5574642922541659,0.6690452755905512,0.5384615384615384,0.006113419537653097,-1.6780086213030057,1.0,128,target_only,none,[],7a622cbb59873547e95cc8b6180b6d2bc16bef83355a5d8d89c7bc4fb25a4f7e,scale_0.7,e50613a61af12c48783d078350a165f1eaa8f960c69b8f074b86fddca6562bd3,ff6f4be9108f7149a05ffbb9a5e7f901eb5411cbec9665494b3d6351c45d3162,7e7dcf0683f6d0e6de0ef02526bbe2555b491ccc34d680c19d571270d85ce637,8b6a1b7b662866e6d0e202f28f7e665c5560a0a2c2ebffdb8896e870853ccc77,5ca0d1cec69d317e95a93dd183ac147a50c9afc20be87fb837f72fbac07fa4d2,0.0,False
23,2,scale_0.7,none,scale_0.7,1.0,test,Geometry-Prior+Residual,180903275,0.6868215410916799,0.9473623912231747,0.9548617469327961,0.9078494094488189,0.5384615384615384,0.006113419537653097,-0.6726431643587644,0.796875,128,calibrated,geometry,[0.12864222534444145],7a622cbb59873547e95cc8b6180b6d2bc16bef83355a5d8d89c7bc4fb25a4f7e,scale_0.7,e50613a61af12c48783d078350a165f1eaa8f960c69b8f074b86fddca6562bd3,ff6f4be9108f7149a05ffbb9a5e7f901eb5411cbec9665494b3d6351c45d3162,7e7dcf0683f6d0e6de0ef02526bbe2555b491ccc34d680c19d571270d85ce637,8b6a1b7b662866e6d0e202f28f7e665c5560a0a2c2ebffdb8896e870853ccc77,5ca0d1cec69d317e95a93dd183ac147a50c9afc20be87fb837f72fbac07fa4d2,0.10663857979057323,True
23,2,scale_0.7,none,scale_0.7,1.0,test,Oracle-Rank+Residual,180903275,0.3128745821519971,0.9941020156213592,0.912063953488372,0.8855807086614174,1.0,0.0076516362208489085,0.9180000339009796,0.546875,128,calibrated,oracle_rank,[0.13760674304005158],7a622cbb59873547e95cc8b6180b6d2bc16bef83355a5d8d89c7bc4fb25a4f7e,scale_0.7,e50613a61af12c48783d078350a165f1eaa8f960c69b8f074b86fddca6562bd3,ff6f4be9108f7149a05ffbb9a5e7f901eb5411cbec9665494b3d6351c45d3162,7e7dcf0683f6d0e6de0ef02526bbe2555b491ccc34d680c19d571270d85ce637,8b6a1b7b662866e6d0e202f28f7e665c5560a0a2c2ebffdb8896e870853ccc77,5ca0d1cec69d317e95a93dd183ac147a50c9afc20be87fb837f72fbac07fa4d2,-0.2673083791491096,False
23,2,scale_0.7,none,scale_0.7,1.0,test,Oracle-Value+Residual,180903275,0.043803207257017286,0.9984896777369984,0.9886181560153818,0.9634596456692913,1.0,0.0,-4.1826088891498285,0.9921875,128,calibrated,oracle_value,[0.1386400315056234],7a622cbb59873547e95cc8b6180b6d2bc16bef83355a5d8d89c7bc4fb25a4f7e,scale_0.7,e50613a61af12c48783d078350a165f1eaa8f960c69b8f074b86fddca6562bd3,ff6f4be9108f7149a05ffbb9a5e7f901eb5411cbec9665494b3d6351c45d3162,7e7dcf0683f6d0e6de0ef02526bbe2555b491ccc34d680c19d571270d85ce637,8b6a1b7b662866e6d0e202f28f7e665c5560a0a2c2ebffdb8896e870853ccc77,5ca0d1cec69d317e95a93dd183ac147a50c9afc20be87fb837f72fbac07fa4d2,-0.5363797540440894,False
23,2,scale_0.7,none,scale_0.7,1.0,test,Oracle-Rank+Value+Residual,180903275,0.15081419568839197,0.9947435240622298,0.9579804522981138,0.9212598425196851,1.0,0.0076516362208489085,0.16082252050238577,0.53125,128,calibrated,oracle_rank|oracle_value,"[0.06592893097629711, 0.07824319119022205]",7a622cbb59873547e95cc8b6180b6d2bc16bef83355a5d8d89c7bc4fb25a4f7e,scale_0.7,e50613a61af12c48783d078350a165f1eaa8f960c69b8f074b86fddca6562bd3,ff6f4be9108f7149a05ffbb9a5e7f901eb5411cbec9665494b3d6351c45d3162,7e7dcf0683f6d0e6de0ef02526bbe2555b491ccc34d680c19d571270d85ce637,8b6a1b7b662866e6d0e202f28f7e665c5560a0a2c2ebffdb8896e870853ccc77,5ca0d1cec69d317e95a93dd183ac147a50c9afc20be87fb837f72fbac07fa4d2,-0.42936876561271475,False
23,2,scale_1.5,none,scale_1.5,0.35,test,Target-Only,1185733707,0.5786605826962133,0.968276882764966,0.6950192272477568,0.7573818897637795,0.6923076923076923,0.011454696931662057,-1.5928400603832955,1.0,128,target_only,none,[],7a622cbb59873547e95cc8b6180b6d2bc16bef83355a5d8d89c7bc4fb25a4f7e,scale_1.5,4139f8cbfe72d2ea4521c94d30348a9dfc822b756a59006c5138a70c1dc7191a,8b73481fe325b1e68d8aa286f90d091d688f5b13eb4d021c4b9bd30c4e160ac3,7e7dcf0683f6d0e6de0ef02526bbe2555b491ccc34d680c19d571270d85ce637,e293cc3bcf48d031f8c097d9f13c69393a95109c0ba687a81b37e8d18f27e71e,8ea5aa14c4814119e9bc76043786bb206906f4d9bd0ed327eb33f1325a93df95,0.0,False
23,2,scale_1.5,none,scale_1.5,0.35,test,Geometry-Prior+Residual,1185733707,0.7328063089863482,0.9188063399883212,0.5995582310932064,0.6994340551181102,0.5384615384615384,0.03333086612432139,-1.190514908770281,0.6640625,128,calibrated,geometry,[0.4780508993754228],7a622cbb59873547e95cc8b6180b6d2bc16bef83355a5d8d89c7bc4fb25a4f7e,scale_1.5,4139f8cbfe72d2ea4521c94d30348a9dfc822b756a59006c5138a70c1dc7191a,8b73481fe325b1e68d8aa286f90d091d688f5b13eb4d021c4b9bd30c4e160ac3,7e7dcf0683f6d0e6de0ef02526bbe2555b491ccc34d680c19d571270d85ce637,e293cc3bcf48d031f8c097d9f13c69393a95109c0ba687a81b37e8d18f27e71e,8ea5aa14c4814119e9bc76043786bb206906f4d9bd0ed327eb33f1325a93df95,0.1541457262901349,True
23,2,scale_1.5,none,scale_1.5,0.35,test,Oracle-Rank+Residual,1185733707,2.430925163380895,0.9217281425986225,0.7320316791796373,0.7822342519685039,0.5384615384615384,0.02790940724050942,2.2786315685563885,0.3828125,128,calibrated,oracle_rank,[0.39239843542671277],7a622cbb59873547e95cc8b6180b6d2bc16bef83355a5d8d89c7bc4fb25a4f7e,scale_1.5,4139f8cbfe72d2ea4521c94d30348a9dfc822b756a59006c5138a70c1dc7191a,8b73481fe325b1e68d8aa286f90d091d688f5b13eb4d021c4b9bd30c4e160ac3,7e7dcf0683f6d0e6de0ef02526bbe2555b491ccc34d680c19d571270d85ce637,e293cc3bcf48d031f8c097d9f13c69393a95109c0ba687a81b37e8d18f27e71e,8ea5aa14c4814119e9bc76043786bb206906f4d9bd0ed327eb33f1325a93df95,1.8522645806846816,True
23,2,scale_1.5,none,scale_1.5,0.35,test,Oracle-Value+Residual,1185733707,1.8355683033535528,0.9333000957189619,0.636547793444424,0.7389271653543307,0.6153846153846154,0.02790940724050942,-0.2610009120585134,0.3984375,128,calibrated,oracle_value,[0.4225422623688743],7a622cbb59873547e95cc8b6180b6d2bc16bef83355a5d8d89c7bc4fb25a4f7e,scale_1.5,4139f8cbfe72d2ea4521c94d30348a9dfc822b756a59006c5138a70c1dc7191a,8b73481fe325b1e68d8aa286f90d091d688f5b13eb4d021c4b9bd30c4e160ac3,7e7dcf0683f6d0e6de0ef02526bbe2555b491ccc34d680c19d571270d85ce637,e293cc3bcf48d031f8c097d9f13c69393a95109c0ba687a81b37e8d18f27e71e,8ea5aa14c4814119e9bc76043786bb206906f4d9bd0ed327eb33f1325a93df95,1.2569077206573396,True
23,2,scale_1.5,none,scale_1.5,0.35,test,Oracle-Rank+Value+Residual,1185733707,2.0663710271679525,0.9333000957189619,0.6554889214429591,0.7470472440944882,0.6153846153846154,0.02790940724050942,0.7338595879434691,0.2890625,128,calibrated,oracle_rank|oracle_value,"[0.10532322020663819, 0.331270317696095]",7a622cbb59873547e95cc8b6180b6d2bc16bef83355a5d8d89c7bc4fb25a4f7e,scale_1.5,4139f8cbfe72d2ea4521c94d30348a9dfc822b756a59006c5138a70c1dc7191a,8b73481fe325b1e68d8aa286f90d091d688f5b13eb4d021c4b9bd30c4e160ac3,7e7dcf0683f6d0e6de0ef02526bbe2555b491ccc34d680c19d571270d85ce637,e293cc3bcf48d031f8c097d9f13c69393a95109c0ba687a81b37e8d18f27e71e,8ea5aa14c4814119e9bc76043786bb206906f4d9bd0ed327eb33f1325a93df95,1.4877104444717393,True
23,2,scale_1.5,none,scale_1.5,0.7,test,Target-Only,2040630556,0.5193585067900454,0.9733698518633581,0.8031324391137153,0.8106545275590551,0.6923076923076923,0.0,-0.7095018364172794,1.0,128,target_only,none,[],7a622cbb59873547e95cc8b6180b6d2bc16bef83355a5d8d89c7bc4fb25a4f7e,scale_1.5,4139f8cbfe72d2ea4521c94d30348a9dfc822b756a59006c5138a70c1dc7191a,c7a4811b2626b25ffde421bef6be79ee16f83a59365a31d21100114d543d7045,7e7dcf0683f6d0e6de0ef02526bbe2555b491ccc34d680c19d571270d85ce637,ff6f4be9108f7149a05ffbb9a5e7f901eb5411cbec9665494b3d6351c45d3162,14e4a61a20a11d7e85b5254a3c742f0ba71f747267f128d79c8094e329136313,0.0,False
23,2,scale_1.5,none,scale_1.5,0.7,test,Geometry-Prior+Residual,2040630556,0.36644917889156964,0.9340777942137433,0.9149423182567296,0.8822588582677166,0.5384615384615384,0.011129114329111534,-0.8765827495019025,0.859375,128,calibrated,geometry,[0.4780508993754228],7a622cbb59873547e95cc8b6180b6d2bc16bef83355a5d8d89c7bc4fb25a4f7e,scale_1.5,4139f8cbfe72d2ea4521c94d30348a9dfc822b756a59006c5138a70c1dc7191a,c7a4811b2626b25ffde421bef6be79ee16f83a59365a31d21100114d543d7045,7e7dcf0683f6d0e6de0ef02526bbe2555b491ccc34d680c19d571270d85ce637,ff6f4be9108f7149a05ffbb9a5e7f901eb5411cbec9665494b3d6351c45d3162,14e4a61a20a11d7e85b5254a3c742f0ba71f747267f128d79c8094e329136313,-0.15290932789847572,False
23,2,scale_1.5,none,scale_1.5,0.7,test,Oracle-Rank+Residual,2040630556,1.2061047198625918,0.9892231500854886,0.6948818897637794,0.7641486220472441,0.8461538461538461,0.004905311222195659,2.216769518791102,0.5,128,calibrated,oracle_rank,[0.39239843542671277],7a622cbb59873547e95cc8b6180b6d2bc16bef83355a5d8d89c7bc4fb25a4f7e,scale_1.5,4139f8cbfe72d2ea4521c94d30348a9dfc822b756a59006c5138a70c1dc7191a,c7a4811b2626b25ffde421bef6be79ee16f83a59365a31d21100114d543d7045,7e7dcf0683f6d0e6de0ef02526bbe2555b491ccc34d680c19d571270d85ce637,ff6f4be9108f7149a05ffbb9a5e7f901eb5411cbec9665494b3d6351c45d3162,14e4a61a20a11d7e85b5254a3c742f0ba71f747267f128d79c8094e329136313,0.6867462130725465,True
23,2,scale_1.5,none,scale_1.5,0.7,test,Oracle-Value+Residual,2040630556,0.8887518595427749,0.9871007204404376,0.8567798937923456,0.8395669291338582,0.8461538461538461,0.011129114329111534,0.5320682226070035,0.671875,128,calibrated,oracle_value,[0.4225422623688743],7a622cbb59873547e95cc8b6180b6d2bc16bef83355a5d8d89c7bc4fb25a4f7e,scale_1.5,4139f8cbfe72d2ea4521c94d30348a9dfc822b756a59006c5138a70c1dc7191a,c7a4811b2626b25ffde421bef6be79ee16f83a59365a31d21100114d543d7045,7e7dcf0683f6d0e6de0ef02526bbe2555b491ccc34d680c19d571270d85ce637,ff6f4be9108f7149a05ffbb9a5e7f901eb5411cbec9665494b3d6351c45d3162,14e4a61a20a11d7e85b5254a3c742f0ba71f747267f128d79c8094e329136313,0.36939335275272955,True
23,2,scale_1.5,none,scale_1.5,0.7,test,Oracle-Rank+Value+Residual,2040630556,0.9916370058246192,0.9894540362204135,0.8319046420069585,0.828371062992126,0.8461538461538461,0.004905311222195659,1.0934537608886217,0.6171875,128,calibrated,oracle_rank|oracle_value,"[0.10532322020663819, 0.331270317696095]",7a622cbb59873547e95cc8b6180b6d2bc16bef83355a5d8d89c7bc4fb25a4f7e,scale_1.5,4139f8cbfe72d2ea4521c94d30348a9dfc822b756a59006c5138a70c1dc7191a,c7a4811b2626b25ffde421bef6be79ee16f83a59365a31d21100114d543d7045,7e7dcf0683f6d0e6de0ef02526bbe2555b491ccc34d680c19d571270d85ce637,ff6f4be9108f7149a05ffbb9a5e7f901eb5411cbec9665494b3d6351c45d3162,14e4a61a20a11d7e85b5254a3c742f0ba71f747267f128d79c8094e329136313,0.47227849903457386,True
23,2,scale_1.5,none,scale_1.5,1.0,test,Target-Only,21707041,0.8927255089911411,0.9466055927451299,0.6661955227980223,0.7321604330708661,0.5384615384615384,0.0,0.3992367446629205,0.7734375,128,target_only,none,[],7a622cbb59873547e95cc8b6180b6d2bc16bef83355a5d8d89c7bc4fb25a4f7e,scale_1.5,4139f8cbfe72d2ea4521c94d30348a9dfc822b756a59006c5138a70c1dc7191a,2701a47384f6c605ca79dbce82c0fa2e53e79f2015c92c93cff2dfb9c87acc92,7e7dcf0683f6d0e6de0ef02526bbe2555b491ccc34d680c19d571270d85ce637,8b6a1b7b662866e6d0e202f28f7e665c5560a0a2c2ebffdb8896e870853ccc77,ded4d53ef998f3b046ba314445469b404d79dbc092cdec063319fc192703e6b1,0.0,False
23,2,scale_1.5,none,scale_1.5,1.0,test,Geometry-Prior+Residual,21707041,0.4974748364632496,0.9186066944009765,0.9166418696209484,0.874630905511811,0.5384615384615384,0.013187952104448505,0.33896861070775813,0.625,128,calibrated,geometry,[0.4780508993754228],7a622cbb59873547e95cc8b6180b6d2bc16bef83355a5d8d89c7bc4fb25a4f7e,scale_1.5,4139f8cbfe72d2ea4521c94d30348a9dfc822b756a59006c5138a70c1dc7191a,2701a47384f6c605ca79dbce82c0fa2e53e79f2015c92c93cff2dfb9c87acc92,7e7dcf0683f6d0e6de0ef02526bbe2555b491ccc34d680c19d571270d85ce637,8b6a1b7b662866e6d0e202f28f7e665c5560a0a2c2ebffdb8896e870853ccc77,ded4d53ef998f3b046ba314445469b404d79dbc092cdec063319fc192703e6b1,-0.39525067252789153,False
23,2,scale_1.5,none,scale_1.5,1.0,test,Oracle-Rank+Residual,21707041,0.9635591896637822,0.9240289751651786,0.5717187786119757,0.6927903543307087,0.5384615384615384,0.036322846022394106,1.8522309764851814,0.5546875,128,calibrated,oracle_rank,[0.39239843542671277],7a622cbb59873547e95cc8b6180b6d2bc16bef83355a5d8d89c7bc4fb25a4f7e,scale_1.5,4139f8cbfe72d2ea4521c94d30348a9dfc822b756a59006c5138a70c1dc7191a,2701a47384f6c605ca79dbce82c0fa2e53e79f2015c92c93cff2dfb9c87acc92,7e7dcf0683f6d0e6de0ef02526bbe2555b491ccc34d680c19d571270d85ce637,8b6a1b7b662866e6d0e202f28f7e665c5560a0a2c2ebffdb8896e870853ccc77,ded4d53ef998f3b046ba314445469b404d79dbc092cdec063319fc192703e6b1,0.07083368067264106,True
23,2,scale_1.5,none,scale_1.5,1.0,test,Oracle-Value+Residual,21707041,0.5255788250819787,0.9250216080532582,0.869466443874748,0.843626968503937,0.6153846153846154,0.036322846022394106,-0.10366548959052013,0.8046875,128,calibrated,oracle_value,[0.4225422623688743],7a622cbb59873547e95cc8b6180b6d2bc16bef83355a5d8d89c7bc4fb25a4f7e,scale_1.5,4139f8cbfe72d2ea4521c94d30348a9dfc822b756a59006c5138a70c1dc7191a,2701a47384f6c605ca79dbce82c0fa2e53e79f2015c92c93cff2dfb9c87acc92,7e7dcf0683f6d0e6de0ef02526bbe2555b491ccc34d680c19d571270d85ce637,8b6a1b7b662866e6d0e202f28f7e665c5560a0a2c2ebffdb8896e870853ccc77,ded4d53ef998f3b046ba314445469b404d79dbc092cdec063319fc192703e6b1,-0.3671466839091624,False
23,2,scale_1.5,none,scale_1.5,1.0,test,Oracle-Rank+Value+Residual,21707041,0.6116604219385632,0.9292150772403749,0.8421420069584326,0.8271407480314961,0.6153846153846154,0.036322846022394106,0.24670768702073448,0.75,128,calibrated,oracle_rank|oracle_value,"[0.10532322020663819, 0.331270317696095]",7a622cbb59873547e95cc8b6180b6d2bc16bef83355a5d8d89c7bc4fb25a4f7e,scale_1.5,4139f8cbfe72d2ea4521c94d30348a9dfc822b756a59006c5138a70c1dc7191a,2701a47384f6c605ca79dbce82c0fa2e53e79f2015c92c93cff2dfb9c87acc92,7e7dcf0683f6d0e6de0ef02526bbe2555b491ccc34d680c19d571270d85ce637,8b6a1b7b662866e6d0e202f28f7e665c5560a0a2c2ebffdb8896e870853ccc77,ded4d53ef998f3b046ba314445469b404d79dbc092cdec063319fc192703e6b1,-0.28106508705257793,False
23,2,rotate_45,none,rotate_45,0.35,test,Target-Only,1171963196,0.6370890959500234,0.940916985208084,0.9577973356528107,0.9106791338582677,0.5384615384615384,0.001335671088054944,-2.2396139607441414,1.0,128,target_only,none,[],7a622cbb59873547e95cc8b6180b6d2bc16bef83355a5d8d89c7bc4fb25a4f7e,rotate_45,3beeeb558c95c5344d529c62a4bf48c6bf1807ebd04b029769b87a8ed83a562a,77c1ffff3c42ac8e3280e776937d21a9d6db50f0d866951be00c047c4b0737a1,7e7dcf0683f6d0e6de0ef02526bbe2555b491ccc34d680c19d571270d85ce637,e293cc3bcf48d031f8c097d9f13c69393a95109c0ba687a81b37e8d18f27e71e,3b1cb18571f309c9a637677e67ae98eed6957246beed6b8dade2b2c98b830265,0.0,False
23,2,rotate_45,none,rotate_45,0.35,test,Geometry-Prior+Residual,1171963196,0.6415905108614985,0.9753164305428533,0.9708100622596594,0.9304872047244095,0.6923076923076923,0.05029519535802936,-2.490920097859839,1.0,128,calibrated,geometry,[0.2029738334444866],7a622cbb59873547e95cc8b6180b6d2bc16bef83355a5d8d89c7bc4fb25a4f7e,rotate_45,3beeeb558c95c5344d529c62a4bf48c6bf1807ebd04b029769b87a8ed83a562a,77c1ffff3c42ac8e3280e776937d21a9d6db50f0d866951be00c047c4b0737a1,7e7dcf0683f6d0e6de0ef02526bbe2555b491ccc34d680c19d571270d85ce637,e293cc3bcf48d031f8c097d9f13c69393a95109c0ba687a81b37e8d18f27e71e,3b1cb18571f309c9a637677e67ae98eed6957246beed6b8dade2b2c98b830265,0.0045014149114751545,False
23,2,rotate_45,none,rotate_45,0.35,test,Oracle-Rank+Residual,1171963196,0.3669519127579954,0.9935205498200973,0.9689102270646401,0.9308562992125984,0.9230769230769231,1.2257075277323676e-05,-2.3815917601749463,0.7421875,128,calibrated,oracle_rank,[0.27250229567650636],7a622cbb59873547e95cc8b6180b6d2bc16bef83355a5d8d89c7bc4fb25a4f7e,rotate_45,3beeeb558c95c5344d529c62a4bf48c6bf1807ebd04b029769b87a8ed83a562a,77c1ffff3c42ac8e3280e776937d21a9d6db50f0d866951be00c047c4b0737a1,7e7dcf0683f6d0e6de0ef02526bbe2555b491ccc34d680c19d571270d85ce637,e293cc3bcf48d031f8c097d9f13c69393a95109c0ba687a81b37e8d18f27e71e,3b1cb18571f309c9a637677e67ae98eed6957246beed6b8dade2b2c98b830265,-0.270137183192028,False
23,2,rotate_45,none,rotate_45,0.35,test,Oracle-Value+Residual,1171963196,0.05785209657467359,0.9996156525763917,0.9856138985533784,0.968996062992126,1.0,0.0,-4.762775157924712,1.0,128,calibrated,oracle_value,[0.28151260790521543],7a622cbb59873547e95cc8b6180b6d2bc16bef83355a5d8d89c7bc4fb25a4f7e,rotate_45,3beeeb558c95c5344d529c62a4bf48c6bf1807ebd04b029769b87a8ed83a562a,77c1ffff3c42ac8e3280e776937d21a9d6db50f0d866951be00c047c4b0737a1,7e7dcf0683f6d0e6de0ef02526bbe2555b491ccc34d680c19d571270d85ce637,e293cc3bcf48d031f8c097d9f13c69393a95109c0ba687a81b37e8d18f27e71e,3b1cb18571f309c9a637677e67ae98eed6957246beed6b8dade2b2c98b830265,-0.5792369993753498,False
23,2,rotate_45,none,rotate_45,0.35,test,Oracle-Rank+Value+Residual,1171963196,0.1342487278581421,0.9991985835332493,0.9781576176524445,0.9498031496062992,1.0,0.0,-3.401878946736362,0.7421875,128,calibrated,oracle_rank|oracle_value,"[0.10411902309026039, 0.18851020699704935]",7a622cbb59873547e95cc8b6180b6d2bc16bef83355a5d8d89c7bc4fb25a4f7e,rotate_45,3beeeb558c95c5344d529c62a4bf48c6bf1807ebd04b029769b87a8ed83a562a,77c1ffff3c42ac8e3280e776937d21a9d6db50f0d866951be00c047c4b0737a1,7e7dcf0683f6d0e6de0ef02526bbe2555b491ccc34d680c19d571270d85ce637,e293cc3bcf48d031f8c097d9f13c69393a95109c0ba687a81b37e8d18f27e71e,3b1cb18571f309c9a637677e67ae98eed6957246beed6b8dade2b2c98b830265,-0.5028403680918813,False
23,2,rotate_45,none,rotate_45,0.7,test,Target-Only,932253339,1.9205655579708445,0.9527308175029198,0.9700661508881158,0.9307332677165354,0.5384615384615384,0.001902675187565017,-0.7722298608321372,0.859375,128,target_only,none,[],7a622cbb59873547e95cc8b6180b6d2bc16bef83355a5d8d89c7bc4fb25a4f7e,rotate_45,3beeeb558c95c5344d529c62a4bf48c6bf1807ebd04b029769b87a8ed83a562a,e8be975301539912958a5cb4a30c150e4dad6adb556ed5bac7f516473f193d4b,7e7dcf0683f6d0e6de0ef02526bbe2555b491ccc34d680c19d571270d85ce637,ff6f4be9108f7149a05ffbb9a5e7f901eb5411cbec9665494b3d6351c45d3162,a289b8a310aca1cc07c5753b951a85b0c6bab6a18fd16b1da9ad621821fb9207,0.0,False
23,2,rotate_45,none,rotate_45,0.7,test,Geometry-Prior+Residual,932253339,1.5339811211106433,0.9679982965511801,0.9737170390038453,0.938361220472441,0.7692307692307693,0.12889635509187533,-0.8289335890738945,0.8046875,128,calibrated,geometry,[0.2029738334444866],7a622cbb59873547e95cc8b6180b6d2bc16bef83355a5d8d89c7bc4fb25a4f7e,rotate_45,3beeeb558c95c5344d529c62a4bf48c6bf1807ebd04b029769b87a8ed83a562a,e8be975301539912958a5cb4a30c150e4dad6adb556ed5bac7f516473f193d4b,7e7dcf0683f6d0e6de0ef02526bbe2555b491ccc34d680c19d571270d85ce637,ff6f4be9108f7149a05ffbb9a5e7f901eb5411cbec9665494b3d6351c45d3162,a289b8a310aca1cc07c5753b951a85b0c6bab6a18fd16b1da9ad621821fb9207,-0.38658443686020116,False
23,2,rotate_45,none,rotate_45,0.7,test,Oracle-Rank+Residual,932253339,1.5640751974856857,0.9994429483923564,0.9299464383812489,0.8933316929133859,1.0,0.0,7.519802338919445,0.0703125,128,calibrated,oracle_rank,[0.27250229567650636],7a622cbb59873547e95cc8b6180b6d2bc16bef83355a5d8d89c7bc4fb25a4f7e,rotate_45,3beeeb558c95c5344d529c62a4bf48c6bf1807ebd04b029769b87a8ed83a562a,e8be975301539912958a5cb4a30c150e4dad6adb556ed5bac7f516473f193d4b,7e7dcf0683f6d0e6de0ef02526bbe2555b491ccc34d680c19d571270d85ce637,ff6f4be9108f7149a05ffbb9a5e7f901eb5411cbec9665494b3d6351c45d3162,a289b8a310aca1cc07c5753b951a85b0c6bab6a18fd16b1da9ad621821fb9207,-0.3564903604851588,False
23,2,rotate_45,none,rotate_45,0.7,test,Oracle-Value+Residual,932253339,0.1501148134101025,0.9950741888376751,0.9822662973814319,0.9601377952755905,1.0,0.001902675187565017,-3.2190119894627713,0.8125,128,calibrated,oracle_value,[0.28151260790521543],7a622cbb59873547e95cc8b6180b6d2bc16bef83355a5d8d89c7bc4fb25a4f7e,rotate_45,3beeeb558c95c5344d529c62a4bf48c6bf1807ebd04b029769b87a8ed83a562a,e8be975301539912958a5cb4a30c150e4dad6adb556ed5bac7f516473f193d4b,7e7dcf0683f6d0e6de0ef02526bbe2555b491ccc34d680c19d571270d85ce637,ff6f4be9108f7149a05ffbb9a5e7f901eb5411cbec9665494b3d6351c45d3162,a289b8a310aca1cc07c5753b951a85b0c6bab6a18fd16b1da9ad621821fb9207,-1.770450744560742,False
23,2,rotate_45,none,rotate_45,0.7,test,Oracle-Rank+Value+Residual,932253339,0.5963882734980784,0.9998534859141408,0.9484412195568577,0.9141240157480315,1.0,0.0,6.394086682702126,0.1015625,128,calibrated,oracle_rank|oracle_value,"[0.10411902309026039, 0.18851020699704935]",7a622cbb59873547e95cc8b6180b6d2bc16bef83355a5d8d89c7bc4fb25a4f7e,rotate_45,3beeeb558c95c5344d529c62a4bf48c6bf1807ebd04b029769b87a8ed83a562a,e8be975301539912958a5cb4a30c150e4dad6adb556ed5bac7f516473f193d4b,7e7dcf0683f6d0e6de0ef02526bbe2555b491ccc34d680c19d571270d85ce637,ff6f4be9108f7149a05ffbb9a5e7f901eb5411cbec9665494b3d6351c45d3162,a289b8a310aca1cc07c5753b951a85b0c6bab6a18fd16b1da9ad621821fb9207,-1.324177284472766,False
23,2,rotate_45,none,rotate_45,1.0,test,Target-Only,23940621,0.4935212620839796,0.9364991515947899,0.9727499542208385,0.9381151574803149,0.46153846153846156,0.0012982516089276423,-0.8589446988482818,1.0,128,target_only,none,[],7a622cbb59873547e95cc8b6180b6d2bc16bef83355a5d8d89c7bc4fb25a4f7e,rotate_45,3beeeb558c95c5344d529c62a4bf48c6bf1807ebd04b029769b87a8ed83a562a,65c2754164c1211ad0b723bb4871ce3635b92c24913aba4dc10078dac1b08b37,7e7dcf0683f6d0e6de0ef02526bbe2555b491ccc34d680c19d571270d85ce637,8b6a1b7b662866e6d0e202f28f7e665c5560a0a2c2ebffdb8896e870853ccc77,65c671d076999889139e3957ae29c0c48c670f62faf789cfb0d8af10b7818506,0.0,False
23,2,rotate_45,none,rotate_45,1.0,test,Geometry-Prior+Residual,23940621,0.2787423253012596,0.9515357191071825,0.9869357718366599,0.9574311023622047,0.6153846153846154,0.0012982516089276423,-1.2892702974418349,0.9765625,128,calibrated,geometry,[0.2029738334444866],7a622cbb59873547e95cc8b6180b6d2bc16bef83355a5d8d89c7bc4fb25a4f7e,rotate_45,3beeeb558c95c5344d529c62a4bf48c6bf1807ebd04b029769b87a8ed83a562a,65c2754164c1211ad0b723bb4871ce3635b92c24913aba4dc10078dac1b08b37,7e7dcf0683f6d0e6de0ef02526bbe2555b491ccc34d680c19d571270d85ce637,8b6a1b7b662866e6d0e202f28f7e665c5560a0a2c2ebffdb8896e870853ccc77,65c671d076999889139e3957ae29c0c48c670f62faf789cfb0d8af10b7818506,-0.21477893678272003,False
23,2,rotate_45,none,rotate_45,1.0,test,Oracle-Rank+Residual,23940621,0.3213357220568775,0.9993565154823698,0.9787355795641823,0.9410679133858267,1.0,0.0,-0.6077888924160957,0.6171875,128,calibrated,oracle_rank,[0.27250229567650636],7a622cbb59873547e95cc8b6180b6d2bc16bef83355a5d8d89c7bc4fb25a4f7e,rotate_45,3beeeb558c95c5344d529c62a4bf48c6bf1807ebd04b029769b87a8ed83a562a,65c2754164c1211ad0b723bb4871ce3635b92c24913aba4dc10078dac1b08b37,7e7dcf0683f6d0e6de0ef02526bbe2555b491ccc34d680c19d571270d85ce637,8b6a1b7b662866e6d0e202f28f7e665c5560a0a2c2ebffdb8896e870853ccc77,65c671d076999889139e3957ae29c0c48c670f62faf789cfb0d8af10b7818506,-0.17218554002710212,False
23,2,rotate_45,none,rotate_45,1.0,test,Oracle-Value+Residual,23940621,0.08978752892783101,0.9950442511848492,0.9977396539095403,0.984867125984252,0.9230769230769231,0.00043956301378621297,-1.6482094868634356,0.7109375,128,calibrated,oracle_value,[0.28151260790521543],7a622cbb59873547e95cc8b6180b6d2bc16bef83355a5d8d89c7bc4fb25a4f7e,rotate_45,3beeeb558c95c5344d529c62a4bf48c6bf1807ebd04b029769b87a8ed83a562a,65c2754164c1211ad0b723bb4871ce3635b92c24913aba4dc10078dac1b08b37,7e7dcf0683f6d0e6de0ef02526bbe2555b491ccc34d680c19d571270d85ce637,8b6a1b7b662866e6d0e202f28f7e665c5560a0a2c2ebffdb8896e870853ccc77,65c671d076999889139e3957ae29c0c48c670f62faf789cfb0d8af10b7818506,-0.4037337331561486,False
23,2,rotate_45,none,rotate_45,1.0,test,Oracle-Rank+Value+Residual,23940621,0.11994310960271755,0.9995683544968922,0.9957253708112067,0.9750246062992126,1.0,0.0,-1.6527885638691984,0.6484375,128,calibrated,oracle_rank|oracle_value,"[0.10411902309026039, 0.18851020699704935]",7a622cbb59873547e95cc8b6180b6d2bc16bef83355a5d8d89c7bc4fb25a4f7e,rotate_45,3beeeb558c95c5344d529c62a4bf48c6bf1807ebd04b029769b87a8ed83a562a,65c2754164c1211ad0b723bb4871ce3635b92c24913aba4dc10078dac1b08b37,7e7dcf0683f6d0e6de0ef02526bbe2555b491ccc34d680c19d571270d85ce637,8b6a1b7b662866e6d0e202f28f7e665c5560a0a2c2ebffdb8896e870853ccc77,65c671d076999889139e3957ae29c0c48c670f62faf789cfb0d8af10b7818506,-0.3735781524812621,False
23,2,roughness,none,roughness,0.35,test,Target-Only,815206176,1.3701466560102766,0.7519185926057815,0.3075730177623146,0.6215551181102362,0.0,0.49863137545611264,7.141173319559508,0.609375,128,target_only,none,[],7a622cbb59873547e95cc8b6180b6d2bc16bef83355a5d8d89c7bc4fb25a4f7e,roughness,7e7dcf0683f6d0e6de0ef02526bbe2555b491ccc34d680c19d571270d85ce637,e293cc3bcf48d031f8c097d9f13c69393a95109c0ba687a81b37e8d18f27e71e,7e7dcf0683f6d0e6de0ef02526bbe2555b491ccc34d680c19d571270d85ce637,e293cc3bcf48d031f8c097d9f13c69393a95109c0ba687a81b37e8d18f27e71e,08aadf2033bcfafb17217b455510f6edc280cda216a00b0845a96ffe4afc2710,0.0,False
23,2,roughness,none,roughness,0.35,test,Geometry-Prior+Residual,815206176,1.3904440550254349,0.7458056476628779,0.29539003845449546,0.6186023622047244,0.0,0.47385189108949377,24.012975677002622,0.53125,128,calibrated,geometry,[0.2659100596077407],7a622cbb59873547e95cc8b6180b6d2bc16bef83355a5d8d89c7bc4fb25a4f7e,roughness,7e7dcf0683f6d0e6de0ef02526bbe2555b491ccc34d680c19d571270d85ce637,e293cc3bcf48d031f8c097d9f13c69393a95109c0ba687a81b37e8d18f27e71e,7e7dcf0683f6d0e6de0ef02526bbe2555b491ccc34d680c19d571270d85ce637,e293cc3bcf48d031f8c097d9f13c69393a95109c0ba687a81b37e8d18f27e71e,08aadf2033bcfafb17217b455510f6edc280cda216a00b0845a96ffe4afc2710,0.020297399015158257,True
23,2,roughness,none,roughness,0.35,test,Oracle-Rank+Residual,815206176,1.3263590244148888,0.7237183817409351,0.32253135872550814,0.6231545275590551,0.0,0.49863137545611264,24.320978957227716,0.53125,128,calibrated,oracle_rank,[0.2693628418633313],7a622cbb59873547e95cc8b6180b6d2bc16bef83355a5d8d89c7bc4fb25a4f7e,roughness,7e7dcf0683f6d0e6de0ef02526bbe2555b491ccc34d680c19d571270d85ce637,e293cc3bcf48d031f8c097d9f13c69393a95109c0ba687a81b37e8d18f27e71e,7e7dcf0683f6d0e6de0ef02526bbe2555b491ccc34d680c19d571270d85ce637,e293cc3bcf48d031f8c097d9f13c69393a95109c0ba687a81b37e8d18f27e71e,08aadf2033bcfafb17217b455510f6edc280cda216a00b0845a96ffe4afc2710,-0.04378763159538779,False
23,2,roughness,none,roughness,0.35,test,Oracle-Value+Residual,815206176,1.2897332517320692,0.7928855544877219,0.3905363028749313,0.6500984251968503,0.0,0.4627331137192623,25.893673313886165,0.5234375,128,calibrated,oracle_value,[0.2769711613488782],7a622cbb59873547e95cc8b6180b6d2bc16bef83355a5d8d89c7bc4fb25a4f7e,roughness,7e7dcf0683f6d0e6de0ef02526bbe2555b491ccc34d680c19d571270d85ce637,e293cc3bcf48d031f8c097d9f13c69393a95109c0ba687a81b37e8d18f27e71e,7e7dcf0683f6d0e6de0ef02526bbe2555b491ccc34d680c19d571270d85ce637,e293cc3bcf48d031f8c097d9f13c69393a95109c0ba687a81b37e8d18f27e71e,08aadf2033bcfafb17217b455510f6edc280cda216a00b0845a96ffe4afc2710,-0.08041340427820742,False
23,2,roughness,none,roughness,0.35,test,Oracle-Rank+Value+Residual,815206176,1.2985142602545394,0.7843986028364287,0.37223036073979116,0.6434547244094488,0.0,0.46285387521899285,25.826496596049623,0.546875,128,calibrated,oracle_rank|oracle_value,"[0.10048031043008482, 0.18548437714951305]",7a622cbb59873547e95cc8b6180b6d2bc16bef83355a5d8d89c7bc4fb25a4f7e,roughness,7e7dcf0683f6d0e6de0ef02526bbe2555b491ccc34d680c19d571270d85ce637,e293cc3bcf48d031f8c097d9f13c69393a95109c0ba687a81b37e8d18f27e71e,7e7dcf0683f6d0e6de0ef02526bbe2555b491ccc34d680c19d571270d85ce637,e293cc3bcf48d031f8c097d9f13c69393a95109c0ba687a81b37e8d18f27e71e,08aadf2033bcfafb17217b455510f6edc280cda216a00b0845a96ffe4afc2710,-0.07163239575573721,False
23,2,roughness,none,roughness,0.7,test,Target-Only,2131563104,1.349402786916117,0.7179132155755575,-0.2048846365134591,0.4339320866141732,0.23076923076923078,0.08954220102306272,8.62838832741642,0.296875,128,target_only,none,[],7a622cbb59873547e95cc8b6180b6d2bc16bef83355a5d8d89c7bc4fb25a4f7e,roughness,7e7dcf0683f6d0e6de0ef02526bbe2555b491ccc34d680c19d571270d85ce637,ff6f4be9108f7149a05ffbb9a5e7f901eb5411cbec9665494b3d6351c45d3162,7e7dcf0683f6d0e6de0ef02526bbe2555b491ccc34d680c19d571270d85ce637,ff6f4be9108f7149a05ffbb9a5e7f901eb5411cbec9665494b3d6351c45d3162,97d02aadf8fb9cd64d0f4229a61ff466adbfb4b4653ffa1b3d94a1cb1d080e7d,0.0,False
23,2,roughness,none,roughness,0.7,test,Geometry-Prior+Residual,2131563104,1.2978394890400267,0.6960587964052329,-0.1637406152719282,0.4440206692913386,0.23076923076923078,0.24045965929929045,24.59015449041948,0.203125,128,calibrated,geometry,[0.2659100596077407],7a622cbb59873547e95cc8b6180b6d2bc16bef83355a5d8d89c7bc4fb25a4f7e,roughness,7e7dcf0683f6d0e6de0ef02526bbe2555b491ccc34d680c19d571270d85ce637,ff6f4be9108f7149a05ffbb9a5e7f901eb5411cbec9665494b3d6351c45d3162,7e7dcf0683f6d0e6de0ef02526bbe2555b491ccc34d680c19d571270d85ce637,ff6f4be9108f7149a05ffbb9a5e7f901eb5411cbec9665494b3d6351c45d3162,97d02aadf8fb9cd64d0f4229a61ff466adbfb4b4653ffa1b3d94a1cb1d080e7d,-0.051563297876090264,False
23,2,roughness,none,roughness,0.7,test,Oracle-Rank+Residual,2131563104,1.3069796748590616,0.7277410699623489,-0.24567386925471524,0.421628937007874,0.23076923076923078,0.08954220102306272,26.229642581393335,0.1875,128,calibrated,oracle_rank,[0.2693628418633313],7a622cbb59873547e95cc8b6180b6d2bc16bef83355a5d8d89c7bc4fb25a4f7e,roughness,7e7dcf0683f6d0e6de0ef02526bbe2555b491ccc34d680c19d571270d85ce637,ff6f4be9108f7149a05ffbb9a5e7f901eb5411cbec9665494b3d6351c45d3162,7e7dcf0683f6d0e6de0ef02526bbe2555b491ccc34d680c19d571270d85ce637,ff6f4be9108f7149a05ffbb9a5e7f901eb5411cbec9665494b3d6351c45d3162,97d02aadf8fb9cd64d0f4229a61ff466adbfb4b4653ffa1b3d94a1cb1d080e7d,-0.04242311205705529,False
23,2,roughness,none,roughness,0.7,test,Oracle-Value+Residual,2131563104,1.3301311766268942,0.7281399434498137,-0.2739882805347006,0.41350885826771655,0.23076923076923078,0.08954220102306272,30.751607030006987,0.1484375,128,calibrated,oracle_value,[0.2769711613488782],7a622cbb59873547e95cc8b6180b6d2bc16bef83355a5d8d89c7bc4fb25a4f7e,roughness,7e7dcf0683f6d0e6de0ef02526bbe2555b491ccc34d680c19d571270d85ce637,ff6f4be9108f7149a05ffbb9a5e7f901eb5411cbec9665494b3d6351c45d3162,7e7dcf0683f6d0e6de0ef02526bbe2555b491ccc34d680c19d571270d85ce637,ff6f4be9108f7149a05ffbb9a5e7f901eb5411cbec9665494b3d6351c45d3162,97d02aadf8fb9cd64d0f4229a61ff466adbfb4b4653ffa1b3d94a1cb1d080e7d,-0.01927161028922275,False
23,2,roughness,none,roughness,0.7,test,Oracle-Rank+Value+Residual,2131563104,1.3190800616132639,0.7277410699623489,-0.2733702618568028,0.4144931102362205,0.23076923076923078,0.08954220102306272,29.62359242839524,0.171875,128,calibrated,oracle_rank|oracle_value,"[0.10048031043008482, 0.18548437714951305]",7a622cbb59873547e95cc8b6180b6d2bc16bef83355a5d8d89c7bc4fb25a4f7e,roughness,7e7dcf0683f6d0e6de0ef02526bbe2555b491ccc34d680c19d571270d85ce637,ff6f4be9108f7149a05ffbb9a5e7f901eb5411cbec9665494b3d6351c45d3162,7e7dcf0683f6d0e6de0ef02526bbe2555b491ccc34d680c19d571270d85ce637,ff6f4be9108f7149a05ffbb9a5e7f901eb5411cbec9665494b3d6351c45d3162,97d02aadf8fb9cd64d0f4229a61ff466adbfb4b4653ffa1b3d94a1cb1d080e7d,-0.03032272530285307,False
23,2,roughness,none,roughness,1.0,test,Target-Only,1942954930,1.2712650163845765,0.6744406556478042,0.09219923091008973,0.5330954724409449,0.15384615384615385,0.06401323345819261,3.3744731739555798,0.5078125,128,target_only,none,[],7a622cbb59873547e95cc8b6180b6d2bc16bef83355a5d8d89c7bc4fb25a4f7e,roughness,7e7dcf0683f6d0e6de0ef02526bbe2555b491ccc34d680c19d571270d85ce637,8b6a1b7b662866e6d0e202f28f7e665c5560a0a2c2ebffdb8896e870853ccc77,7e7dcf0683f6d0e6de0ef02526bbe2555b491ccc34d680c19d571270d85ce637,8b6a1b7b662866e6d0e202f28f7e665c5560a0a2c2ebffdb8896e870853ccc77,199e851c3e5906a897b8c5987be99e43aef2515e088a3b8534bd1d0b254b97c8,0.0,False
23,2,roughness,none,roughness,1.0,test,Geometry-Prior+Residual,1942954930,1.0687780839822052,0.6707083732018283,0.1236037355795642,0.5338336614173228,0.15384615384615385,0.06401323345819261,9.353898038374588,0.328125,128,calibrated,geometry,[0.2659100596077407],7a622cbb59873547e95cc8b6180b6d2bc16bef83355a5d8d89c7bc4fb25a4f7e,roughness,7e7dcf0683f6d0e6de0ef02526bbe2555b491ccc34d680c19d571270d85ce637,8b6a1b7b662866e6d0e202f28f7e665c5560a0a2c2ebffdb8896e870853ccc77,7e7dcf0683f6d0e6de0ef02526bbe2555b491ccc34d680c19d571270d85ce637,8b6a1b7b662866e6d0e202f28f7e665c5560a0a2c2ebffdb8896e870853ccc77,199e851c3e5906a897b8c5987be99e43aef2515e088a3b8534bd1d0b254b97c8,-0.20248693240237126,False
23,2,roughness,none,roughness,1.0,test,Oracle-Rank+Residual,1942954930,1.0514390941445237,0.6752520689443644,0.20788317158029665,0.5670521653543307,0.15384615384615385,0.06401323345819261,9.491256039807208,0.3125,128,calibrated,oracle_rank,[0.2693628418633313],7a622cbb59873547e95cc8b6180b6d2bc16bef83355a5d8d89c7bc4fb25a4f7e,roughness,7e7dcf0683f6d0e6de0ef02526bbe2555b491ccc34d680c19d571270d85ce637,8b6a1b7b662866e6d0e202f28f7e665c5560a0a2c2ebffdb8896e870853ccc77,7e7dcf0683f6d0e6de0ef02526bbe2555b491ccc34d680c19d571270d85ce637,8b6a1b7b662866e6d0e202f28f7e665c5560a0a2c2ebffdb8896e870853ccc77,199e851c3e5906a897b8c5987be99e43aef2515e088a3b8534bd1d0b254b97c8,-0.2198259222400527,False
23,2,roughness,none,roughness,1.0,test,Oracle-Value+Residual,1942954930,1.0040451218756608,0.6752520689443644,0.5440796099615455,0.6924212598425197,0.15384615384615385,0.06401323345819261,12.386841876437725,0.375,128,calibrated,oracle_value,[0.2769711613488782],7a622cbb59873547e95cc8b6180b6d2bc16bef83355a5d8d89c7bc4fb25a4f7e,roughness,7e7dcf0683f6d0e6de0ef02526bbe2555b491ccc34d680c19d571270d85ce637,8b6a1b7b662866e6d0e202f28f7e665c5560a0a2c2ebffdb8896e870853ccc77,7e7dcf0683f6d0e6de0ef02526bbe2555b491ccc34d680c19d571270d85ce637,8b6a1b7b662866e6d0e202f28f7e665c5560a0a2c2ebffdb8896e870853ccc77,199e851c3e5906a897b8c5987be99e43aef2515e088a3b8534bd1d0b254b97c8,-0.2672198945089157,False
23,2,roughness,none,roughness,1.0,test,Oracle-Rank+Value+Residual,1942954930,0.9687121133163831,0.6752520689443644,0.5244460721479582,0.6860236220472441,0.15384615384615385,0.06401323345819261,11.025348218639273,0.359375,128,calibrated,oracle_rank|oracle_value,"[0.10048031043008482, 0.18548437714951305]",7a622cbb59873547e95cc8b6180b6d2bc16bef83355a5d8d89c7bc4fb25a4f7e,roughness,7e7dcf0683f6d0e6de0ef02526bbe2555b491ccc34d680c19d571270d85ce637,8b6a1b7b662866e6d0e202f28f7e665c5560a0a2c2ebffdb8896e870853ccc77,7e7dcf0683f6d0e6de0ef02526bbe2555b491ccc34d680c19d571270d85ce637,8b6a1b7b662866e6d0e202f28f7e665c5560a0a2c2ebffdb8896e870853ccc77,199e851c3e5906a897b8c5987be99e43aef2515e088a3b8534bd1d0b254b97c8,-0.3025529030681934,False
23,2,reversal,none,reversal,0.35,test,Target-Only,1216605112,0.3221407372164071,0.8206770208030751,0.9525899560520051,0.9120324803149606,0.3076923076923077,0.005898176634777427,-2.452077883047501,1.0,128,target_only,none,[],7a622cbb59873547e95cc8b6180b6d2bc16bef83355a5d8d89c7bc4fb25a4f7e,reversal,7e7dcf0683f6d0e6de0ef02526bbe2555b491ccc34d680c19d571270d85ce637,e293cc3bcf48d031f8c097d9f13c69393a95109c0ba687a81b37e8d18f27e71e,7e7dcf0683f6d0e6de0ef02526bbe2555b491ccc34d680c19d571270d85ce637,e293cc3bcf48d031f8c097d9f13c69393a95109c0ba687a81b37e8d18f27e71e,663be810cb7d827b5794c85880a206ccc0b0078ee189bd77eedbac73aba80b52,0.0,False
23,2,reversal,none,reversal,0.35,test,Geometry-Prior+Residual,1216605112,0.3221407372164071,0.8206770208030751,0.9525899560520051,0.9120324803149606,0.3076923076923077,0.005898176634777427,-2.452077883047501,1.0,128,target_only,geometry,[1.0718948881934518e-20],7a622cbb59873547e95cc8b6180b6d2bc16bef83355a5d8d89c7bc4fb25a4f7e,reversal,7e7dcf0683f6d0e6de0ef02526bbe2555b491ccc34d680c19d571270d85ce637,e293cc3bcf48d031f8c097d9f13c69393a95109c0ba687a81b37e8d18f27e71e,7e7dcf0683f6d0e6de0ef02526bbe2555b491ccc34d680c19d571270d85ce637,e293cc3bcf48d031f8c097d9f13c69393a95109c0ba687a81b37e8d18f27e71e,663be810cb7d827b5794c85880a206ccc0b0078ee189bd77eedbac73aba80b52,0.0,False
23,2,reversal,none,reversal,0.35,test,Oracle-Rank+Residual,1216605112,0.3221407372164071,0.8206770208030751,0.9525899560520051,0.9120324803149606,0.3076923076923077,0.005898176634777427,-2.452077883047501,1.0,128,target_only,oracle_rank,[1.1466209630148145e-20],7a622cbb59873547e95cc8b6180b6d2bc16bef83355a5d8d89c7bc4fb25a4f7e,reversal,7e7dcf0683f6d0e6de0ef02526bbe2555b491ccc34d680c19d571270d85ce637,e293cc3bcf48d031f8c097d9f13c69393a95109c0ba687a81b37e8d18f27e71e,7e7dcf0683f6d0e6de0ef02526bbe2555b491ccc34d680c19d571270d85ce637,e293cc3bcf48d031f8c097d9f13c69393a95109c0ba687a81b37e8d18f27e71e,663be810cb7d827b5794c85880a206ccc0b0078ee189bd77eedbac73aba80b52,0.0,False
23,2,reversal,none,reversal,0.35,test,Oracle-Value+Residual,1216605112,0.3221407372164071,0.8206770208030751,0.9525899560520051,0.9120324803149606,0.3076923076923077,0.005898176634777427,-2.452077883047501,1.0,128,target_only,oracle_value,[1.1665560157773424e-20],7a622cbb59873547e95cc8b6180b6d2bc16bef83355a5d8d89c7bc4fb25a4f7e,reversal,7e7dcf0683f6d0e6de0ef02526bbe2555b491ccc34d680c19d571270d85ce637,e293cc3bcf48d031f8c097d9f13c69393a95109c0ba687a81b37e8d18f27e71e,7e7dcf0683f6d0e6de0ef02526bbe2555b491ccc34d680c19d571270d85ce637,e293cc3bcf48d031f8c097d9f13c69393a95109c0ba687a81b37e8d18f27e71e,663be810cb7d827b5794c85880a206ccc0b0078ee189bd77eedbac73aba80b52,0.0,False
23,2,reversal,none,reversal,0.35,test,Oracle-Rank+Value+Residual,1216605112,0.3221407372164071,0.8206770208030751,0.9525899560520051,0.9120324803149606,0.3076923076923077,0.005898176634777427,-2.452077883047501,1.0,128,target_only,oracle_rank|oracle_value,"[1.7999159323469782e-20, 2.323389428182919e-20]",7a622cbb59873547e95cc8b6180b6d2bc16bef83355a5d8d89c7bc4fb25a4f7e,reversal,7e7dcf0683f6d0e6de0ef02526bbe2555b491ccc34d680c19d571270d85ce637,e293cc3bcf48d031f8c097d9f13c69393a95109c0ba687a81b37e8d18f27e71e,7e7dcf0683f6d0e6de0ef02526bbe2555b491ccc34d680c19d571270d85ce637,e293cc3bcf48d031f8c097d9f13c69393a95109c0ba687a81b37e8d18f27e71e,663be810cb7d827b5794c85880a206ccc0b0078ee189bd77eedbac73aba80b52,0.0,False
23,2,reversal,none,reversal,0.7,test,Target-Only,671890758,0.5537937541143012,0.6868313895547657,0.8158819355429409,0.8200049212598425,0.15384615384615385,0.0628830581544422,-1.7643586638286455,1.0,128,target_only,none,[],7a622cbb59873547e95cc8b6180b6d2bc16bef83355a5d8d89c7bc4fb25a4f7e,reversal,7e7dcf0683f6d0e6de0ef02526bbe2555b491ccc34d680c19d571270d85ce637,ff6f4be9108f7149a05ffbb9a5e7f901eb5411cbec9665494b3d6351c45d3162,7e7dcf0683f6d0e6de0ef02526bbe2555b491ccc34d680c19d571270d85ce637,ff6f4be9108f7149a05ffbb9a5e7f901eb5411cbec9665494b3d6351c45d3162,f2c3bb1d116c4e1e1a470b396559aa3b29bde23d7493b85e11c55c29faeee7fc,0.0,False
23,2,reversal,none,reversal,0.7,test,Geometry-Prior+Residual,671890758,0.5537937541143012,0.6868313895547657,0.8158819355429409,0.8200049212598425,0.15384615384615385,0.0628830581544422,-1.7643586638286455,1.0,128,target_only,geometry,[1.0718948881934518e-20],7a622cbb59873547e95cc8b6180b6d2bc16bef83355a5d8d89c7bc4fb25a4f7e,reversal,7e7dcf0683f6d0e6de0ef02526bbe2555b491ccc34d680c19d571270d85ce637,ff6f4be9108f7149a05ffbb9a5e7f901eb5411cbec9665494b3d6351c45d3162,7e7dcf0683f6d0e6de0ef02526bbe2555b491ccc34d680c19d571270d85ce637,ff6f4be9108f7149a05ffbb9a5e7f901eb5411cbec9665494b3d6351c45d3162,f2c3bb1d116c4e1e1a470b396559aa3b29bde23d7493b85e11c55c29faeee7fc,0.0,False
23,2,reversal,none,reversal,0.7,test,Oracle-Rank+Residual,671890758,0.5537937541143012,0.6868313895547657,0.8158819355429409,0.8200049212598425,0.15384615384615385,0.0628830581544422,-1.7643586638286455,1.0,128,target_only,oracle_rank,[1.1466209630148145e-20],7a622cbb59873547e95cc8b6180b6d2bc16bef83355a5d8d89c7bc4fb25a4f7e,reversal,7e7dcf0683f6d0e6de0ef02526bbe2555b491ccc34d680c19d571270d85ce637,ff6f4be9108f7149a05ffbb9a5e7f901eb5411cbec9665494b3d6351c45d3162,7e7dcf0683f6d0e6de0ef02526bbe2555b491ccc34d680c19d571270d85ce637,ff6f4be9108f7149a05ffbb9a5e7f901eb5411cbec9665494b3d6351c45d3162,f2c3bb1d116c4e1e1a470b396559aa3b29bde23d7493b85e11c55c29faeee7fc,0.0,False
23,2,reversal,none,reversal,0.7,test,Oracle-Value+Residual,671890758,0.5537937541143012,0.6868313895547657,0.8158819355429409,0.8200049212598425,0.15384615384615385,0.0628830581544422,-1.7643586638286455,1.0,128,target_only,oracle_value,[1.1665560157773424e-20],7a622cbb59873547e95cc8b6180b6d2bc16bef83355a5d8d89c7bc4fb25a4f7e,reversal,7e7dcf0683f6d0e6de0ef02526bbe2555b491ccc34d680c19d571270d85ce637,ff6f4be9108f7149a05ffbb9a5e7f901eb5411cbec9665494b3d6351c45d3162,7e7dcf0683f6d0e6de0ef02526bbe2555b491ccc34d680c19d571270d85ce637,ff6f4be9108f7149a05ffbb9a5e7f901eb5411cbec9665494b3d6351c45d3162,f2c3bb1d116c4e1e1a470b396559aa3b29bde23d7493b85e11c55c29faeee7fc,0.0,False
23,2,reversal,none,reversal,0.7,test,Oracle-Rank+Value+Residual,671890758,0.5537937541143012,0.6868313895547657,0.8158819355429409,0.8200049212598425,0.15384615384615385,0.0628830581544422,-1.7643586638286455,1.0,128,target_only,oracle_rank|oracle_value,"[1.7999159323469782e-20, 2.323389428182919e-20]",7a622cbb59873547e95cc8b6180b6d2bc16bef83355a5d8d89c7bc4fb25a4f7e,reversal,7e7dcf0683f6d0e6de0ef02526bbe2555b491ccc34d680c19d571270d85ce637,ff6f4be9108f7149a05ffbb9a5e7f901eb5411cbec9665494b3d6351c45d3162,7e7dcf0683f6d0e6de0ef02526bbe2555b491ccc34d680c19d571270d85ce637,ff6f4be9108f7149a05ffbb9a5e7f901eb5411cbec9665494b3d6351c45d3162,f2c3bb1d116c4e1e1a470b396559aa3b29bde23d7493b85e11c55c29faeee7fc,0.0,False
23,2,reversal,none,reversal,1.0,test,Target-Only,225318269,1.0663729135095628,0.5592988561208896,0.6172347097601172,0.71751968503937,0.0,0.2829927858158176,1.2987151944131292,0.5390625,128,target_only,none,[],7a622cbb59873547e95cc8b6180b6d2bc16bef83355a5d8d89c7bc4fb25a4f7e,reversal,7e7dcf0683f6d0e6de0ef02526bbe2555b491ccc34d680c19d571270d85ce637,8b6a1b7b662866e6d0e202f28f7e665c5560a0a2c2ebffdb8896e870853ccc77,7e7dcf0683f6d0e6de0ef02526bbe2555b491ccc34d680c19d571270d85ce637,8b6a1b7b662866e6d0e202f28f7e665c5560a0a2c2ebffdb8896e870853ccc77,0b3e47bf684a34eff29d246e1335904533f8b2db555f3d45a497ca450b8dbf4b,0.0,False
23,2,reversal,none,reversal,1.0,test,Geometry-Prior+Residual,225318269,1.0663729135095628,0.5592988561208896,0.6172347097601172,0.71751968503937,0.0,0.2829927858158176,1.2987151944131292,0.5390625,128,target_only,geometry,[1.0718948881934518e-20],7a622cbb59873547e95cc8b6180b6d2bc16bef83355a5d8d89c7bc4fb25a4f7e,reversal,7e7dcf0683f6d0e6de0ef02526bbe2555b491ccc34d680c19d571270d85ce637,8b6a1b7b662866e6d0e202f28f7e665c5560a0a2c2ebffdb8896e870853ccc77,7e7dcf0683f6d0e6de0ef02526bbe2555b491ccc34d680c19d571270d85ce637,8b6a1b7b662866e6d0e202f28f7e665c5560a0a2c2ebffdb8896e870853ccc77,0b3e47bf684a34eff29d246e1335904533f8b2db555f3d45a497ca450b8dbf4b,0.0,False
23,2,reversal,none,reversal,1.0,test,Oracle-Rank+Residual,225318269,1.0663729135095628,0.5592988561208896,0.6172347097601172,0.71751968503937,0.0,0.2829927858158176,1.2987151944131292,0.5390625,128,target_only,oracle_rank,[1.1466209630148145e-20],7a622cbb59873547e95cc8b6180b6d2bc16bef83355a5d8d89c7bc4fb25a4f7e,reversal,7e7dcf0683f6d0e6de0ef02526bbe2555b491ccc34d680c19d571270d85ce637,8b6a1b7b662866e6d0e202f28f7e665c5560a0a2c2ebffdb8896e870853ccc77,7e7dcf0683f6d0e6de0ef02526bbe2555b491ccc34d680c19d571270d85ce637,8b6a1b7b662866e6d0e202f28f7e665c5560a0a2c2ebffdb8896e870853ccc77,0b3e47bf684a34eff29d246e1335904533f8b2db555f3d45a497ca450b8dbf4b,0.0,False
23,2,reversal,none,reversal,1.0,test,Oracle-Value+Residual,225318269,1.0663729135095628,0.5592988561208896,0.6172347097601172,0.71751968503937,0.0,0.2829927858158176,1.2987151944131292,0.5390625,128,target_only,oracle_value,[1.1665560157773424e-20],7a622cbb59873547e95cc8b6180b6d2bc16bef83355a5d8d89c7bc4fb25a4f7e,reversal,7e7dcf0683f6d0e6de0ef02526bbe2555b491ccc34d680c19d571270d85ce637,8b6a1b7b662866e6d0e202f28f7e665c5560a0a2c2ebffdb8896e870853ccc77,7e7dcf0683f6d0e6de0ef02526bbe2555b491ccc34d680c19d571270d85ce637,8b6a1b7b662866e6d0e202f28f7e665c5560a0a2c2ebffdb8896e870853ccc77,0b3e47bf684a34eff29d246e1335904533f8b2db555f3d45a497ca450b8dbf4b,0.0,False
23,2,reversal,none,reversal,1.0,test,Oracle-Rank+Value+Residual,225318269,1.0663729135095628,0.5592988561208896,0.6172347097601172,0.71751968503937,0.0,0.2829927858158176,1.2987151944131292,0.5390625,128,target_only,oracle_rank|oracle_value,"[1.7999159323469782e-20, 2.323389428182919e-20]",7a622cbb59873547e95cc8b6180b6d2bc16bef83355a5d8d89c7bc4fb25a4f7e,reversal,7e7dcf0683f6d0e6de0ef02526bbe2555b491ccc34d680c19d571270d85ce637,8b6a1b7b662866e6d0e202f28f7e665c5560a0a2c2ebffdb8896e870853ccc77,7e7dcf0683f6d0e6de0ef02526bbe2555b491ccc34d680c19d571270d85ce637,8b6a1b7b662866e6d0e202f28f7e665c5560a0a2c2ebffdb8896e870853ccc77,0b3e47bf684a34eff29d246e1335904533f8b2db555f3d45a497ca450b8dbf4b,0.0,False
23,2,independent_expert,none,independent_expert,0.35,test,Target-Only,754200856,0.3221407372164071,0.9494945686818745,0.9525899560520051,0.9120324803149606,0.5384615384615384,0.0,-2.452077883047501,1.0,128,target_only,none,[],b7ccf06f03d0c1848dd65cb76fabfda8d6ace8c8b36b4400957d60c124541930,independent_expert,7e7dcf0683f6d0e6de0ef02526bbe2555b491ccc34d680c19d571270d85ce637,e293cc3bcf48d031f8c097d9f13c69393a95109c0ba687a81b37e8d18f27e71e,7e7dcf0683f6d0e6de0ef02526bbe2555b491ccc34d680c19d571270d85ce637,e293cc3bcf48d031f8c097d9f13c69393a95109c0ba687a81b37e8d18f27e71e,6c653213ed42603d2b3c9f2c4c770db1f4b11f43ba5d75727fc22a14f82dbf50,0.0,False
23,2,independent_expert,none,independent_expert,0.35,test,Geometry-Prior+Residual,754200856,0.3823631626248066,0.943306170490682,0.9400922450100713,0.9005905511811023,0.5384615384615384,0.0,-1.724860287828881,0.6484375,128,calibrated,geometry,[0.19772982464353253],b7ccf06f03d0c1848dd65cb76fabfda8d6ace8c8b36b4400957d60c124541930,independent_expert,7e7dcf0683f6d0e6de0ef02526bbe2555b491ccc34d680c19d571270d85ce637,e293cc3bcf48d031f8c097d9f13c69393a95109c0ba687a81b37e8d18f27e71e,7e7dcf0683f6d0e6de0ef02526bbe2555b491ccc34d680c19d571270d85ce637,e293cc3bcf48d031f8c097d9f13c69393a95109c0ba687a81b37e8d18f27e71e,6c653213ed42603d2b3c9f2c4c770db1f4b11f43ba5d75727fc22a14f82dbf50,0.06022242540839945,True
23,2,independent_expert,none,independent_expert,0.35,test,Oracle-Rank+Residual,754200856,0.529266135310211,0.9185555396160798,0.8951428309833365,0.8540846456692913,0.5384615384615384,0.03210792685958927,-2.174785646197046,0.9140625,128,calibrated,oracle_rank,[0.015298143444038941],b7ccf06f03d0c1848dd65cb76fabfda8d6ace8c8b36b4400957d60c124541930,independent_expert,7e7dcf0683f6d0e6de0ef02526bbe2555b491ccc34d680c19d571270d85ce637,e293cc3bcf48d031f8c097d9f13c69393a95109c0ba687a81b37e8d18f27e71e,7e7dcf0683f6d0e6de0ef02526bbe2555b491ccc34d680c19d571270d85ce637,e293cc3bcf48d031f8c097d9f13c69393a95109c0ba687a81b37e8d18f27e71e,6c653213ed42603d2b3c9f2c4c770db1f4b11f43ba5d75727fc22a14f82dbf50,0.20712539809380393,True
23,2,independent_expert,none,independent_expert,0.35,test,Oracle-Value+Residual,754200856,0.3249088845315233,0.9479216894347262,0.9516343160593297,0.9108021653543307,0.5384615384615384,0.0023026667285400756,-2.4495280381684883,1.0,128,calibrated,oracle_value,[0.0002955449988051421],b7ccf06f03d0c1848dd65cb76fabfda8d6ace8c8b36b4400957d60c124541930,independent_expert,7e7dcf0683f6d0e6de0ef02526bbe2555b491ccc34d680c19d571270d85ce637,e293cc3bcf48d031f8c097d9f13c69393a95109c0ba687a81b37e8d18f27e71e,7e7dcf0683f6d0e6de0ef02526bbe2555b491ccc34d680c19d571270d85ce637,e293cc3bcf48d031f8c097d9f13c69393a95109c0ba687a81b37e8d18f27e71e,6c653213ed42603d2b3c9f2c4c770db1f4b11f43ba5d75727fc22a14f82dbf50,0.002768147315116154,False
23,2,independent_expert,none,independent_expert,0.35,test,Oracle-Rank+Value+Residual,754200856,0.5292661353102109,0.9185555396160798,0.8951428309833365,0.8540846456692913,0.5384615384615384,0.03210792685958927,-2.1747856461970465,0.9140625,128,calibrated,oracle_rank|oracle_value,"[0.015298143444038936, 9.187718505789444e-18]",b7ccf06f03d0c1848dd65cb76fabfda8d6ace8c8b36b4400957d60c124541930,independent_expert,7e7dcf0683f6d0e6de0ef02526bbe2555b491ccc34d680c19d571270d85ce637,e293cc3bcf48d031f8c097d9f13c69393a95109c0ba687a81b37e8d18f27e71e,7e7dcf0683f6d0e6de0ef02526bbe2555b491ccc34d680c19d571270d85ce637,e293cc3bcf48d031f8c097d9f13c69393a95109c0ba687a81b37e8d18f27e71e,6c653213ed42603d2b3c9f2c4c770db1f4b11f43ba5d75727fc22a14f82dbf50,0.20712539809380381,True
23,2,independent_expert,none,independent_expert,0.7,test,Target-Only,1428145234,0.5537937541143012,0.949036344454076,0.8158819355429409,0.8200049212598425,0.5384615384615384,0.0,-1.7643586638286455,1.0,128,target_only,none,[],b7ccf06f03d0c1848dd65cb76fabfda8d6ace8c8b36b4400957d60c124541930,independent_expert,7e7dcf0683f6d0e6de0ef02526bbe2555b491ccc34d680c19d571270d85ce637,ff6f4be9108f7149a05ffbb9a5e7f901eb5411cbec9665494b3d6351c45d3162,7e7dcf0683f6d0e6de0ef02526bbe2555b491ccc34d680c19d571270d85ce637,ff6f4be9108f7149a05ffbb9a5e7f901eb5411cbec9665494b3d6351c45d3162,bdcebf83a113cec80a10248bbd599aea05f66cd55516715f1da6ec86ccf1ce83,0.0,False
23,2,independent_expert,none,independent_expert,0.7,test,Geometry-Prior+Residual,1428145234,0.6191928154666455,0.9340777942137433,0.9350164804980773,0.8993602362204725,0.5384615384615384,0.016197783865198465,-0.459725270935134,0.6875,128,calibrated,geometry,[0.19772982464353253],b7ccf06f03d0c1848dd65cb76fabfda8d6ace8c8b36b4400957d60c124541930,independent_expert,7e7dcf0683f6d0e6de0ef02526bbe2555b491ccc34d680c19d571270d85ce637,ff6f4be9108f7149a05ffbb9a5e7f901eb5411cbec9665494b3d6351c45d3162,7e7dcf0683f6d0e6de0ef02526bbe2555b491ccc34d680c19d571270d85ce637,ff6f4be9108f7149a05ffbb9a5e7f901eb5411cbec9665494b3d6351c45d3162,bdcebf83a113cec80a10248bbd599aea05f66cd55516715f1da6ec86ccf1ce83,0.0653990613523443,True
23,2,independent_expert,none,independent_expert,0.7,test,Oracle-Rank+Residual,1428145234,0.6229378235130942,0.9471379448934966,0.79038294268449,0.8020423228346457,0.5384615384615384,0.0,-1.6774864616271037,0.96875,128,calibrated,oracle_rank,[0.015298143444038941],b7ccf06f03d0c1848dd65cb76fabfda8d6ace8c8b36b4400957d60c124541930,independent_expert,7e7dcf0683f6d0e6de0ef02526bbe2555b491ccc34d680c19d571270d85ce637,ff6f4be9108f7149a05ffbb9a5e7f901eb5411cbec9665494b3d6351c45d3162,7e7dcf0683f6d0e6de0ef02526bbe2555b491ccc34d680c19d571270d85ce637,ff6f4be9108f7149a05ffbb9a5e7f901eb5411cbec9665494b3d6351c45d3162,bdcebf83a113cec80a10248bbd599aea05f66cd55516715f1da6ec86ccf1ce83,0.06914406939879303,True
23,2,independent_expert,none,independent_expert,0.7,test,Oracle-Value+Residual,1428145234,0.5537521470793926,0.949036344454076,0.815859045962278,0.8196358267716536,0.5384615384615384,0.0,-1.7638862249795213,1.0,128,calibrated,oracle_value,[0.0002955449988051421],b7ccf06f03d0c1848dd65cb76fabfda8d6ace8c8b36b4400957d60c124541930,independent_expert,7e7dcf0683f6d0e6de0ef02526bbe2555b491ccc34d680c19d571270d85ce637,ff6f4be9108f7149a05ffbb9a5e7f901eb5411cbec9665494b3d6351c45d3162,7e7dcf0683f6d0e6de0ef02526bbe2555b491ccc34d680c19d571270d85ce637,ff6f4be9108f7149a05ffbb9a5e7f901eb5411cbec9665494b3d6351c45d3162,bdcebf83a113cec80a10248bbd599aea05f66cd55516715f1da6ec86ccf1ce83,-4.16070349086306e-05,False
23,2,independent_expert,none,independent_expert,0.7,test,Oracle-Rank+Value+Residual,1428145234,0.6229378235130942,0.9471379448934966,0.79038294268449,0.8020423228346457,0.5384615384615384,0.0,-1.677486461627104,0.96875,128,calibrated,oracle_rank|oracle_value,"[0.015298143444038936, 9.187718505789444e-18]",b7ccf06f03d0c1848dd65cb76fabfda8d6ace8c8b36b4400957d60c124541930,independent_expert,7e7dcf0683f6d0e6de0ef02526bbe2555b491ccc34d680c19d571270d85ce637,ff6f4be9108f7149a05ffbb9a5e7f901eb5411cbec9665494b3d6351c45d3162,7e7dcf0683f6d0e6de0ef02526bbe2555b491ccc34d680c19d571270d85ce637,ff6f4be9108f7149a05ffbb9a5e7f901eb5411cbec9665494b3d6351c45d3162,bdcebf83a113cec80a10248bbd599aea05f66cd55516715f1da6ec86ccf1ce83,0.06914406939879303,True
23,2,independent_expert,none,independent_expert,1.0,test,Target-Only,1765845747,1.0663729135095628,0.9479216894347262,0.6172347097601172,0.71751968503937,0.5384615384615384,0.004158903679774812,1.2987151944131292,0.5390625,128,target_only,none,[],b7ccf06f03d0c1848dd65cb76fabfda8d6ace8c8b36b4400957d60c124541930,independent_expert,7e7dcf0683f6d0e6de0ef02526bbe2555b491ccc34d680c19d571270d85ce637,8b6a1b7b662866e6d0e202f28f7e665c5560a0a2c2ebffdb8896e870853ccc77,7e7dcf0683f6d0e6de0ef02526bbe2555b491ccc34d680c19d571270d85ce637,8b6a1b7b662866e6d0e202f28f7e665c5560a0a2c2ebffdb8896e870853ccc77,46b5a3c06fd728af3fb8264f83a8ec8767b6472d135a8f2ba96439c570f94a70,0.0,False
23,2,independent_expert,none,independent_expert,1.0,test,Geometry-Prior+Residual,1765845747,0.7682478255949351,0.9379209368088335,0.8691059329793078,0.8467027559055118,0.5384615384615384,0.010967993525835933,7.2142881822700975,0.234375,128,calibrated,geometry,[0.19772982464353253],b7ccf06f03d0c1848dd65cb76fabfda8d6ace8c8b36b4400957d60c124541930,independent_expert,7e7dcf0683f6d0e6de0ef02526bbe2555b491ccc34d680c19d571270d85ce637,8b6a1b7b662866e6d0e202f28f7e665c5560a0a2c2ebffdb8896e870853ccc77,7e7dcf0683f6d0e6de0ef02526bbe2555b491ccc34d680c19d571270d85ce637,8b6a1b7b662866e6d0e202f28f7e665c5560a0a2c2ebffdb8896e870853ccc77,46b5a3c06fd728af3fb8264f83a8ec8767b6472d135a8f2ba96439c570f94a70,-0.29812508791462766,False
23,2,independent_expert,none,independent_expert,1.0,test,Oracle-Rank+Residual,1765845747,1.0420991709533387,0.9429276868878746,0.6644959714338033,0.734867125984252,0.5384615384615384,0.010967993525835933,1.1868469779642876,0.5546875,128,calibrated,oracle_rank,[0.015298143444038941],b7ccf06f03d0c1848dd65cb76fabfda8d6ace8c8b36b4400957d60c124541930,independent_expert,7e7dcf0683f6d0e6de0ef02526bbe2555b491ccc34d680c19d571270d85ce637,8b6a1b7b662866e6d0e202f28f7e665c5560a0a2c2ebffdb8896e870853ccc77,7e7dcf0683f6d0e6de0ef02526bbe2555b491ccc34d680c19d571270d85ce637,8b6a1b7b662866e6d0e202f28f7e665c5560a0a2c2ebffdb8896e870853ccc77,46b5a3c06fd728af3fb8264f83a8ec8767b6472d135a8f2ba96439c570f94a70,-0.024273742556224054,False
23,2,independent_expert,none,independent_expert,1.0,test,Oracle-Value+Residual,1765845747,1.0659059536385869,0.9479216894347262,0.6179156747848379,0.7173966535433071,0.5384615384615384,0.004158903679774812,1.2963059863876036,0.5390625,128,calibrated,oracle_value,[0.0002955449988051421],b7ccf06f03d0c1848dd65cb76fabfda8d6ace8c8b36b4400957d60c124541930,independent_expert,7e7dcf0683f6d0e6de0ef02526bbe2555b491ccc34d680c19d571270d85ce637,8b6a1b7b662866e6d0e202f28f7e665c5560a0a2c2ebffdb8896e870853ccc77,7e7dcf0683f6d0e6de0ef02526bbe2555b491ccc34d680c19d571270d85ce637,8b6a1b7b662866e6d0e202f28f7e665c5560a0a2c2ebffdb8896e870853ccc77,46b5a3c06fd728af3fb8264f83a8ec8767b6472d135a8f2ba96439c570f94a70,-0.00046695987097589153,False
23,2,independent_expert,none,independent_expert,1.0,test,Oracle-Rank+Value+Residual,1765845747,1.0420991709533387,0.9429276868878746,0.6644959714338033,0.734867125984252,0.5384615384615384,0.010967993525835933,1.186846977964287,0.5546875,128,calibrated,oracle_rank|oracle_value,"[0.015298143444038936, 9.187718505789444e-18]",b7ccf06f03d0c1848dd65cb76fabfda8d6ace8c8b36b4400957d60c124541930,independent_expert,7e7dcf0683f6d0e6de0ef02526bbe2555b491ccc34d680c19d571270d85ce637,8b6a1b7b662866e6d0e202f28f7e665c5560a0a2c2ebffdb8896e870853ccc77,7e7dcf0683f6d0e6de0ef02526bbe2555b491ccc34d680c19d571270d85ce637,8b6a1b7b662866e6d0e202f28f7e665c5560a0a2c2ebffdb8896e870853ccc77,46b5a3c06fd728af3fb8264f83a8ec8767b6472d135a8f2ba96439c570f94a70,-0.024273742556224054,False
37,2,identity,none,identity,0.35,test,Target-Only,1771058281,0.8848760811450938,0.9227437391905372,0.5521024079838857,0.7015255905511811,0.6153846153846154,0.05439807252615626,-1.971462220879383,1.0,128,target_only,none,[],654f313f8e4880435b4df1dd48ab5ce1f6a4f3c0b19ee2120247c50f3b81c64c,identity,668b1327d3dc09b9affd2221da8527d31d439513dc7fd9abec16ac75478abc91,5872a236cf85904d4a5eac1a9abc4c4ea1b59a0284e0e67e704e46bbad6ddc45,668b1327d3dc09b9affd2221da8527d31d439513dc7fd9abec16ac75478abc91,5872a236cf85904d4a5eac1a9abc4c4ea1b59a0284e0e67e704e46bbad6ddc45,5904af3890f5827b2fc50cdb27e528a720584e01c4b2006460463254ca9c2001,0.0,False
37,2,identity,none,identity,0.35,test,Geometry-Prior+Residual,1771058281,0.7604245231910212,0.906826121358289,0.6801982237685406,0.7408956692913385,0.5384615384615384,0.05439807252615626,-1.9507111453199804,0.875,128,calibrated,geometry,[0.22246143989264666],654f313f8e4880435b4df1dd48ab5ce1f6a4f3c0b19ee2120247c50f3b81c64c,identity,668b1327d3dc09b9affd2221da8527d31d439513dc7fd9abec16ac75478abc91,5872a236cf85904d4a5eac1a9abc4c4ea1b59a0284e0e67e704e46bbad6ddc45,668b1327d3dc09b9affd2221da8527d31d439513dc7fd9abec16ac75478abc91,5872a236cf85904d4a5eac1a9abc4c4ea1b59a0284e0e67e704e46bbad6ddc45,5904af3890f5827b2fc50cdb27e528a720584e01c4b2006460463254ca9c2001,-0.12445155795407259,False
37,2,identity,none,identity,0.35,test,Oracle-Rank+Residual,1771058281,0.3178072190583287,0.9291690653777396,0.9356402215711407,0.8932086614173228,0.6153846153846154,0.035590935542631416,-2.309333992414435,0.703125,128,calibrated,oracle_rank,[0.28182620858346713],654f313f8e4880435b4df1dd48ab5ce1f6a4f3c0b19ee2120247c50f3b81c64c,identity,668b1327d3dc09b9affd2221da8527d31d439513dc7fd9abec16ac75478abc91,5872a236cf85904d4a5eac1a9abc4c4ea1b59a0284e0e67e704e46bbad6ddc45,668b1327d3dc09b9affd2221da8527d31d439513dc7fd9abec16ac75478abc91,5872a236cf85904d4a5eac1a9abc4c4ea1b59a0284e0e67e704e46bbad6ddc45,5904af3890f5827b2fc50cdb27e528a720584e01c4b2006460463254ca9c2001,-0.567068862086765,False
37,2,identity,none,identity,0.35,test,Oracle-Value+Residual,1771058281,0.06800001355126088,0.9966086240357314,0.9769788042483062,0.9517716535433071,1.0,0.0,-4.492838510070334,1.0,128,calibrated,oracle_value,[0.2890466716935737],654f313f8e4880435b4df1dd48ab5ce1f6a4f3c0b19ee2120247c50f3b81c64c,identity,668b1327d3dc09b9affd2221da8527d31d439513dc7fd9abec16ac75478abc91,5872a236cf85904d4a5eac1a9abc4c4ea1b59a0284e0e67e704e46bbad6ddc45,668b1327d3dc09b9affd2221da8527d31d439513dc7fd9abec16ac75478abc91,5872a236cf85904d4a5eac1a9abc4c4ea1b59a0284e0e67e704e46bbad6ddc45,5904af3890f5827b2fc50cdb27e528a720584e01c4b2006460463254ca9c2001,-0.8168760675938329,False
37,2,identity,none,identity,0.35,test,Oracle-Rank+Value+Residual,1771058281,0.12977479800667588,0.983172792864873,0.9649159952389672,0.9329478346456693,0.8461538461538461,0.000137075259048522,-3.062804967816083,0.671875,128,calibrated,oracle_rank|oracle_value,"[0.11510110240626731, 0.18571497437313655]",654f313f8e4880435b4df1dd48ab5ce1f6a4f3c0b19ee2120247c50f3b81c64c,identity,668b1327d3dc09b9affd2221da8527d31d439513dc7fd9abec16ac75478abc91,5872a236cf85904d4a5eac1a9abc4c4ea1b59a0284e0e67e704e46bbad6ddc45,668b1327d3dc09b9affd2221da8527d31d439513dc7fd9abec16ac75478abc91,5872a236cf85904d4a5eac1a9abc4c4ea1b59a0284e0e67e704e46bbad6ddc45,5904af3890f5827b2fc50cdb27e528a720584e01c4b2006460463254ca9c2001,-0.7551012831384178,False
37,2,identity,none,identity,0.7,test,Target-Only,1309448054,1.6976794162699784,0.5576718829988849,0.5740020142830984,0.7129675196850394,0.0,0.8521078441012692,-0.6926527509033885,0.8828125,128,target_only,none,[],654f313f8e4880435b4df1dd48ab5ce1f6a4f3c0b19ee2120247c50f3b81c64c,identity,668b1327d3dc09b9affd2221da8527d31d439513dc7fd9abec16ac75478abc91,b1c81832ffd420f3755a48368bd1fcfdfc13905a48a7457f4364ae878391867d,668b1327d3dc09b9affd2221da8527d31d439513dc7fd9abec16ac75478abc91,b1c81832ffd420f3755a48368bd1fcfdfc13905a48a7457f4364ae878391867d,7c724200457735071128e7efbcc736b006914f0f65f1cd3441c9af1541ac2b09,0.0,False
37,2,identity,none,identity,0.7,test,Geometry-Prior+Residual,1309448054,1.2592109822624766,0.93101189440516,0.6734686870536531,0.749876968503937,0.38461538461538464,0.0006651770147577169,-0.9263731139163061,0.84375,128,calibrated,geometry,[0.22246143989264666],654f313f8e4880435b4df1dd48ab5ce1f6a4f3c0b19ee2120247c50f3b81c64c,identity,668b1327d3dc09b9affd2221da8527d31d439513dc7fd9abec16ac75478abc91,b1c81832ffd420f3755a48368bd1fcfdfc13905a48a7457f4364ae878391867d,668b1327d3dc09b9affd2221da8527d31d439513dc7fd9abec16ac75478abc91,b1c81832ffd420f3755a48368bd1fcfdfc13905a48a7457f4364ae878391867d,7c724200457735071128e7efbcc736b006914f0f65f1cd3441c9af1541ac2b09,-0.4384684340075018,False
37,2,identity,none,identity,0.7,test,Oracle-Rank+Residual,1309448054,1.0360423581598828,0.9867324476505075,0.7088617011536349,0.7710383858267716,0.8461538461538461,0.0003645778629625901,2.57075473091166,0.359375,128,calibrated,oracle_rank,[0.28182620858346713],654f313f8e4880435b4df1dd48ab5ce1f6a4f3c0b19ee2120247c50f3b81c64c,identity,668b1327d3dc09b9affd2221da8527d31d439513dc7fd9abec16ac75478abc91,b1c81832ffd420f3755a48368bd1fcfdfc13905a48a7457f4364ae878391867d,668b1327d3dc09b9affd2221da8527d31d439513dc7fd9abec16ac75478abc91,b1c81832ffd420f3755a48368bd1fcfdfc13905a48a7457f4364ae878391867d,7c724200457735071128e7efbcc736b006914f0f65f1cd3441c9af1541ac2b09,-0.6616370581100957,False
37,2,identity,none,identity,0.7,test,Oracle-Value+Residual,1309448054,0.13216562804095947,1.0,0.9110110327778793,0.8882874015748031,1.0,0.0,-3.2210693965326467,0.828125,128,calibrated,oracle_value,[0.2890466716935737],654f313f8e4880435b4df1dd48ab5ce1f6a4f3c0b19ee2120247c50f3b81c64c,identity,668b1327d3dc09b9affd2221da8527d31d439513dc7fd9abec16ac75478abc91,b1c81832ffd420f3755a48368bd1fcfdfc13905a48a7457f4364ae878391867d,668b1327d3dc09b9affd2221da8527d31d439513dc7fd9abec16ac75478abc91,b1c81832ffd420f3755a48368bd1fcfdfc13905a48a7457f4364ae878391867d,7c724200457735071128e7efbcc736b006914f0f65f1cd3441c9af1541ac2b09,-1.5655137882290189,False
37,2,identity,none,identity,0.7,test,Oracle-Rank+Value+Residual,1309448054,0.4151557116718565,0.997880142371206,0.8029436000732466,0.8212352362204725,1.0,0.0003645778629625901,2.061724914275209,0.3828125,128,calibrated,oracle_rank|oracle_value,"[0.11510110240626731, 0.18571497437313655]",654f313f8e4880435b4df1dd48ab5ce1f6a4f3c0b19ee2120247c50f3b81c64c,identity,668b1327d3dc09b9affd2221da8527d31d439513dc7fd9abec16ac75478abc91,b1c81832ffd420f3755a48368bd1fcfdfc13905a48a7457f4364ae878391867d,668b1327d3dc09b9affd2221da8527d31d439513dc7fd9abec16ac75478abc91,b1c81832ffd420f3755a48368bd1fcfdfc13905a48a7457f4364ae878391867d,7c724200457735071128e7efbcc736b006914f0f65f1cd3441c9af1541ac2b09,-1.282523704598122,False
37,2,identity,none,identity,1.0,test,Target-Only,1954543759,1.0094728525148517,0.7389795613957778,0.662086843069035,0.749138779527559,0.07692307692307693,0.25957095995520646,-0.11139828425780879,0.8359375,128,target_only,none,[],654f313f8e4880435b4df1dd48ab5ce1f6a4f3c0b19ee2120247c50f3b81c64c,identity,668b1327d3dc09b9affd2221da8527d31d439513dc7fd9abec16ac75478abc91,0ea4c8cb45a9637f78624151e5d2f4e8d94752fbff6d3cabbf1db91d0cb04221,668b1327d3dc09b9affd2221da8527d31d439513dc7fd9abec16ac75478abc91,0ea4c8cb45a9637f78624151e5d2f4e8d94752fbff6d3cabbf1db91d0cb04221,8308bff324ee9e5b80cbce4c987bf9e2aca6ec0d38610286ae36a79c00f6b0a9,0.0,False
37,2,identity,none,identity,1.0,test,Geometry-Prior+Residual,1954543759,0.747297403836089,0.93101189440516,0.6841352316425563,0.7540600393700787,0.38461538461538464,0.0004540840138006673,-0.08699640034729207,0.71875,128,calibrated,geometry,[0.22246143989264666],654f313f8e4880435b4df1dd48ab5ce1f6a4f3c0b19ee2120247c50f3b81c64c,identity,668b1327d3dc09b9affd2221da8527d31d439513dc7fd9abec16ac75478abc91,0ea4c8cb45a9637f78624151e5d2f4e8d94752fbff6d3cabbf1db91d0cb04221,668b1327d3dc09b9affd2221da8527d31d439513dc7fd9abec16ac75478abc91,0ea4c8cb45a9637f78624151e5d2f4e8d94752fbff6d3cabbf1db91d0cb04221,8308bff324ee9e5b80cbce4c987bf9e2aca6ec0d38610286ae36a79c00f6b0a9,-0.26217544867876275,False
37,2,identity,none,identity,1.0,test,Oracle-Rank+Residual,1954543759,0.4573065206710997,0.9927522665321816,0.8956063449917596,0.8645423228346457,0.8461538461538461,0.0,1.6968406807736727,0.2421875,128,calibrated,oracle_rank,[0.28182620858346713],654f313f8e4880435b4df1dd48ab5ce1f6a4f3c0b19ee2120247c50f3b81c64c,identity,668b1327d3dc09b9affd2221da8527d31d439513dc7fd9abec16ac75478abc91,0ea4c8cb45a9637f78624151e5d2f4e8d94752fbff6d3cabbf1db91d0cb04221,668b1327d3dc09b9affd2221da8527d31d439513dc7fd9abec16ac75478abc91,0ea4c8cb45a9637f78624151e5d2f4e8d94752fbff6d3cabbf1db91d0cb04221,8308bff324ee9e5b80cbce4c987bf9e2aca6ec0d38610286ae36a79c00f6b0a9,-0.552166331843752,False
37,2,identity,none,identity,1.0,test,Oracle-Value+Residual,1954543759,0.09746077270958259,0.9979868237855453,0.9913877952755905,0.9656742125984252,1.0,0.0004540840138006673,-1.3368546300084805,0.671875,128,calibrated,oracle_value,[0.2890466716935737],654f313f8e4880435b4df1dd48ab5ce1f6a4f3c0b19ee2120247c50f3b81c64c,identity,668b1327d3dc09b9affd2221da8527d31d439513dc7fd9abec16ac75478abc91,0ea4c8cb45a9637f78624151e5d2f4e8d94752fbff6d3cabbf1db91d0cb04221,668b1327d3dc09b9affd2221da8527d31d439513dc7fd9abec16ac75478abc91,0ea4c8cb45a9637f78624151e5d2f4e8d94752fbff6d3cabbf1db91d0cb04221,8308bff324ee9e5b80cbce4c987bf9e2aca6ec0d38610286ae36a79c00f6b0a9,-0.9120120798052691,False
37,2,identity,none,identity,1.0,test,Oracle-Rank+Value+Residual,1954543759,0.19133167391424571,0.9975732315860508,0.973705594213514,0.937253937007874,0.9230769230769231,0.0,2.023351259638022,0.2890625,128,calibrated,oracle_rank|oracle_value,"[0.11510110240626731, 0.18571497437313655]",654f313f8e4880435b4df1dd48ab5ce1f6a4f3c0b19ee2120247c50f3b81c64c,identity,668b1327d3dc09b9affd2221da8527d31d439513dc7fd9abec16ac75478abc91,0ea4c8cb45a9637f78624151e5d2f4e8d94752fbff6d3cabbf1db91d0cb04221,668b1327d3dc09b9affd2221da8527d31d439513dc7fd9abec16ac75478abc91,0ea4c8cb45a9637f78624151e5d2f4e8d94752fbff6d3cabbf1db91d0cb04221,8308bff324ee9e5b80cbce4c987bf9e2aca6ec0d38610286ae36a79c00f6b0a9,-0.8181411786006061,False
37,2,identity,identity_label_permutation,identity_label_permutation,0.35,test,Target-Only,1328425801,0.8848760811450938,0.9227437391905372,0.5521024079838857,0.7015255905511811,0.6153846153846154,0.05439807252615626,-1.971462220879383,1.0,128,target_only,none,[],f6c6b27435fac9a1c7418d3b3f7a57de65ade7261359e8368f29479c8887fe02,identity,668b1327d3dc09b9affd2221da8527d31d439513dc7fd9abec16ac75478abc91,5872a236cf85904d4a5eac1a9abc4c4ea1b59a0284e0e67e704e46bbad6ddc45,668b1327d3dc09b9affd2221da8527d31d439513dc7fd9abec16ac75478abc91,5872a236cf85904d4a5eac1a9abc4c4ea1b59a0284e0e67e704e46bbad6ddc45,5904af3890f5827b2fc50cdb27e528a720584e01c4b2006460463254ca9c2001,0.0,False
37,2,identity,identity_label_permutation,identity_label_permutation,0.35,test,Geometry-Prior+Residual,1328425801,0.7604245231910212,0.906826121358289,0.6801982237685406,0.7408956692913385,0.5384615384615384,0.05439807252615626,-1.9507111453199804,0.875,128,calibrated,geometry,[0.22246143989264666],f6c6b27435fac9a1c7418d3b3f7a57de65ade7261359e8368f29479c8887fe02,identity,668b1327d3dc09b9affd2221da8527d31d439513dc7fd9abec16ac75478abc91,5872a236cf85904d4a5eac1a9abc4c4ea1b59a0284e0e67e704e46bbad6ddc45,668b1327d3dc09b9affd2221da8527d31d439513dc7fd9abec16ac75478abc91,5872a236cf85904d4a5eac1a9abc4c4ea1b59a0284e0e67e704e46bbad6ddc45,5904af3890f5827b2fc50cdb27e528a720584e01c4b2006460463254ca9c2001,-0.12445155795407259,False
37,2,identity,identity_label_permutation,identity_label_permutation,0.35,test,Oracle-Rank+Residual,1328425801,2.3806792858361048,0.14748292096684748,-0.012160089727156199,0.500123031496063,0.0,1.0003849133919078,3.266788896211205,0.5234375,128,calibrated,oracle_rank,[0.12172235484379389],f6c6b27435fac9a1c7418d3b3f7a57de65ade7261359e8368f29479c8887fe02,identity,668b1327d3dc09b9affd2221da8527d31d439513dc7fd9abec16ac75478abc91,5872a236cf85904d4a5eac1a9abc4c4ea1b59a0284e0e67e704e46bbad6ddc45,668b1327d3dc09b9affd2221da8527d31d439513dc7fd9abec16ac75478abc91,5872a236cf85904d4a5eac1a9abc4c4ea1b59a0284e0e67e704e46bbad6ddc45,5904af3890f5827b2fc50cdb27e528a720584e01c4b2006460463254ca9c2001,1.495803204691011,True
37,2,identity,identity_label_permutation,identity_label_permutation,0.35,test,Oracle-Value+Residual,1328425801,1.422714500369835,0.8869109474152868,0.2283006775315876,0.5905511811023622,0.6153846153846154,0.0,-0.32158696454790614,0.6875,128,calibrated,oracle_value,[0.09270065243328215],f6c6b27435fac9a1c7418d3b3f7a57de65ade7261359e8368f29479c8887fe02,identity,668b1327d3dc09b9affd2221da8527d31d439513dc7fd9abec16ac75478abc91,5872a236cf85904d4a5eac1a9abc4c4ea1b59a0284e0e67e704e46bbad6ddc45,668b1327d3dc09b9affd2221da8527d31d439513dc7fd9abec16ac75478abc91,5872a236cf85904d4a5eac1a9abc4c4ea1b59a0284e0e67e704e46bbad6ddc45,5904af3890f5827b2fc50cdb27e528a720584e01c4b2006460463254ca9c2001,0.5378384192247412,True
37,2,identity,identity_label_permutation,identity_label_permutation,0.35,test,Oracle-Rank+Value+Residual,1328425801,2.380679285833749,0.14748292096684748,-0.012160089727156199,0.500123031496063,0.0,1.0003849133919078,3.2667888962005467,0.5234375,128,calibrated,oracle_rank|oracle_value,"[0.12172235484329078, 6.217460157477675e-13]",f6c6b27435fac9a1c7418d3b3f7a57de65ade7261359e8368f29479c8887fe02,identity,668b1327d3dc09b9affd2221da8527d31d439513dc7fd9abec16ac75478abc91,5872a236cf85904d4a5eac1a9abc4c4ea1b59a0284e0e67e704e46bbad6ddc45,668b1327d3dc09b9affd2221da8527d31d439513dc7fd9abec16ac75478abc91,5872a236cf85904d4a5eac1a9abc4c4ea1b59a0284e0e67e704e46bbad6ddc45,5904af3890f5827b2fc50cdb27e528a720584e01c4b2006460463254ca9c2001,1.4958032046886551,True
37,2,identity,identity_label_permutation,identity_label_permutation,0.7,test,Target-Only,1611150541,1.6976794162699784,0.5576718829988849,0.5740020142830984,0.7129675196850394,0.0,0.8521078441012692,-0.6926527509033885,0.8828125,128,target_only,none,[],f6c6b27435fac9a1c7418d3b3f7a57de65ade7261359e8368f29479c8887fe02,identity,668b1327d3dc09b9affd2221da8527d31d439513dc7fd9abec16ac75478abc91,b1c81832ffd420f3755a48368bd1fcfdfc13905a48a7457f4364ae878391867d,668b1327d3dc09b9affd2221da8527d31d439513dc7fd9abec16ac75478abc91,b1c81832ffd420f3755a48368bd1fcfdfc13905a48a7457f4364ae878391867d,7c724200457735071128e7efbcc736b006914f0f65f1cd3441c9af1541ac2b09,0.0,False
37,2,identity,identity_label_permutation,identity_label_permutation,0.7,test,Geometry-Prior+Residual,1611150541,1.2592109822624766,0.93101189440516,0.6734686870536531,0.749876968503937,0.38461538461538464,0.0006651770147577169,-0.9263731139163061,0.84375,128,calibrated,geometry,[0.22246143989264666],f6c6b27435fac9a1c7418d3b3f7a57de65ade7261359e8368f29479c8887fe02,identity,668b1327d3dc09b9affd2221da8527d31d439513dc7fd9abec16ac75478abc91,b1c81832ffd420f3755a48368bd1fcfdfc13905a48a7457f4364ae878391867d,668b1327d3dc09b9affd2221da8527d31d439513dc7fd9abec16ac75478abc91,b1c81832ffd420f3755a48368bd1fcfdfc13905a48a7457f4364ae878391867d,7c724200457735071128e7efbcc736b006914f0f65f1cd3441c9af1541ac2b09,-0.4384684340075018,False
37,2,identity,identity_label_permutation,identity_label_permutation,0.7,test,Oracle-Rank+Residual,1611150541,2.1943089696404225,0.7652412173119824,0.543925105292071,0.6868848425196851,0.15384615384615385,0.41819609351211806,0.3907120076581847,0.65625,128,calibrated,oracle_rank,[0.12172235484379389],f6c6b27435fac9a1c7418d3b3f7a57de65ade7261359e8368f29479c8887fe02,identity,668b1327d3dc09b9affd2221da8527d31d439513dc7fd9abec16ac75478abc91,b1c81832ffd420f3755a48368bd1fcfdfc13905a48a7457f4364ae878391867d,668b1327d3dc09b9affd2221da8527d31d439513dc7fd9abec16ac75478abc91,b1c81832ffd420f3755a48368bd1fcfdfc13905a48a7457f4364ae878391867d,7c724200457735071128e7efbcc736b006914f0f65f1cd3441c9af1541ac2b09,0.4966295533704441,True
37,2,identity,identity_label_permutation,identity_label_permutation,0.7,test,Oracle-Value+Residual,1611150541,2.1679298990934854,0.7453917759082175,0.6040216993224684,0.7046013779527559,0.07692307692307693,0.6023487826657372,0.15037148763223654,0.65625,128,calibrated,oracle_value,[0.09270065243328215],f6c6b27435fac9a1c7418d3b3f7a57de65ade7261359e8368f29479c8887fe02,identity,668b1327d3dc09b9affd2221da8527d31d439513dc7fd9abec16ac75478abc91,b1c81832ffd420f3755a48368bd1fcfdfc13905a48a7457f4364ae878391867d,668b1327d3dc09b9affd2221da8527d31d439513dc7fd9abec16ac75478abc91,b1c81832ffd420f3755a48368bd1fcfdfc13905a48a7457f4364ae878391867d,7c724200457735071128e7efbcc736b006914f0f65f1cd3441c9af1541ac2b09,0.470250482823507,True
37,2,identity,identity_label_permutation,identity_label_permutation,0.7,test,Oracle-Rank+Value+Residual,1611150541,2.1943089696418467,0.7652412173119824,0.543925105292071,0.6868848425196851,0.15384615384615385,0.41819609351211806,0.3907120076605689,0.65625,128,calibrated,oracle_rank|oracle_value,"[0.12172235484329078, 6.217460157477675e-13]",f6c6b27435fac9a1c7418d3b3f7a57de65ade7261359e8368f29479c8887fe02,identity,668b1327d3dc09b9affd2221da8527d31d439513dc7fd9abec16ac75478abc91,b1c81832ffd420f3755a48368bd1fcfdfc13905a48a7457f4364ae878391867d,668b1327d3dc09b9affd2221da8527d31d439513dc7fd9abec16ac75478abc91,b1c81832ffd420f3755a48368bd1fcfdfc13905a48a7457f4364ae878391867d,7c724200457735071128e7efbcc736b006914f0f65f1cd3441c9af1541ac2b09,0.4966295533718683,True
37,2,identity,identity_label_permutation,identity_label_permutation,1.0,test,Target-Only,2067253522,1.0094728525148517,0.7389795613957778,0.662086843069035,0.749138779527559,0.07692307692307693,0.25957095995520646,-0.11139828425780879,0.8359375,128,target_only,none,[],f6c6b27435fac9a1c7418d3b3f7a57de65ade7261359e8368f29479c8887fe02,identity,668b1327d3dc09b9affd2221da8527d31d439513dc7fd9abec16ac75478abc91,0ea4c8cb45a9637f78624151e5d2f4e8d94752fbff6d3cabbf1db91d0cb04221,668b1327d3dc09b9affd2221da8527d31d439513dc7fd9abec16ac75478abc91,0ea4c8cb45a9637f78624151e5d2f4e8d94752fbff6d3cabbf1db91d0cb04221,8308bff324ee9e5b80cbce4c987bf9e2aca6ec0d38610286ae36a79c00f6b0a9,0.0,False
37,2,identity,identity_label_permutation,identity_label_permutation,1.0,test,Geometry-Prior+Residual,2067253522,0.747297403836089,0.93101189440516,0.6841352316425563,0.7540600393700787,0.38461538461538464,0.0004540840138006673,-0.08699640034729207,0.71875,128,calibrated,geometry,[0.22246143989264666],f6c6b27435fac9a1c7418d3b3f7a57de65ade7261359e8368f29479c8887fe02,identity,668b1327d3dc09b9affd2221da8527d31d439513dc7fd9abec16ac75478abc91,0ea4c8cb45a9637f78624151e5d2f4e8d94752fbff6d3cabbf1db91d0cb04221,668b1327d3dc09b9affd2221da8527d31d439513dc7fd9abec16ac75478abc91,0ea4c8cb45a9637f78624151e5d2f4e8d94752fbff6d3cabbf1db91d0cb04221,8308bff324ee9e5b80cbce4c987bf9e2aca6ec0d38610286ae36a79c00f6b0a9,-0.26217544867876275,False
37,2,identity,identity_label_permutation,identity_label_permutation,1.0,test,Oracle-Rank+Residual,2067253522,1.1482946865557924,0.8865132674235912,0.4081498351950192,0.6443159448818898,0.5384615384615384,0.10933451702219558,1.0602191780234813,0.6171875,128,calibrated,oracle_rank,[0.12172235484379389],f6c6b27435fac9a1c7418d3b3f7a57de65ade7261359e8368f29479c8887fe02,identity,668b1327d3dc09b9affd2221da8527d31d439513dc7fd9abec16ac75478abc91,0ea4c8cb45a9637f78624151e5d2f4e8d94752fbff6d3cabbf1db91d0cb04221,668b1327d3dc09b9affd2221da8527d31d439513dc7fd9abec16ac75478abc91,0ea4c8cb45a9637f78624151e5d2f4e8d94752fbff6d3cabbf1db91d0cb04221,8308bff324ee9e5b80cbce4c987bf9e2aca6ec0d38610286ae36a79c00f6b0a9,0.13882183404094062,True
37,2,identity,identity_label_permutation,identity_label_permutation,1.0,test,Oracle-Value+Residual,2067253522,1.0787486178221046,0.8240761576115802,0.463096273576268,0.656373031496063,0.38461538461538464,0.08158384774555578,0.5188514187185378,0.59375,128,calibrated,oracle_value,[0.09270065243328215],f6c6b27435fac9a1c7418d3b3f7a57de65ade7261359e8368f29479c8887fe02,identity,668b1327d3dc09b9affd2221da8527d31d439513dc7fd9abec16ac75478abc91,0ea4c8cb45a9637f78624151e5d2f4e8d94752fbff6d3cabbf1db91d0cb04221,668b1327d3dc09b9affd2221da8527d31d439513dc7fd9abec16ac75478abc91,0ea4c8cb45a9637f78624151e5d2f4e8d94752fbff6d3cabbf1db91d0cb04221,8308bff324ee9e5b80cbce4c987bf9e2aca6ec0d38610286ae36a79c00f6b0a9,0.06927576530725288,True
37,2,identity,identity_label_permutation,identity_label_permutation,1.0,test,Oracle-Rank+Value+Residual,2067253522,1.1482946865559227,0.8865132674235912,0.4081498351950192,0.6443159448818898,0.5384615384615384,0.10933451702219558,1.0602191780226473,0.6171875,128,calibrated,oracle_rank|oracle_value,"[0.12172235484329078, 6.217460157477675e-13]",f6c6b27435fac9a1c7418d3b3f7a57de65ade7261359e8368f29479c8887fe02,identity,668b1327d3dc09b9affd2221da8527d31d439513dc7fd9abec16ac75478abc91,0ea4c8cb45a9637f78624151e5d2f4e8d94752fbff6d3cabbf1db91d0cb04221,668b1327d3dc09b9affd2221da8527d31d439513dc7fd9abec16ac75478abc91,0ea4c8cb45a9637f78624151e5d2f4e8d94752fbff6d3cabbf1db91d0cb04221,8308bff324ee9e5b80cbce4c987bf9e2aca6ec0d38610286ae36a79c00f6b0a9,0.13882183404107096,True
37,2,output_affine,none,output_affine,0.35,test,Target-Only,587294325,0.884876081145094,0.9227437391905372,0.5521024079838857,0.7015255905511811,0.6153846153846154,0.05439807252615663,-1.0551714890052293,1.0,128,target_only,none,[],654f313f8e4880435b4df1dd48ab5ce1f6a4f3c0b19ee2120247c50f3b81c64c,output_affine,668b1327d3dc09b9affd2221da8527d31d439513dc7fd9abec16ac75478abc91,5872a236cf85904d4a5eac1a9abc4c4ea1b59a0284e0e67e704e46bbad6ddc45,668b1327d3dc09b9affd2221da8527d31d439513dc7fd9abec16ac75478abc91,5872a236cf85904d4a5eac1a9abc4c4ea1b59a0284e0e67e704e46bbad6ddc45,d229219e84e73df1d76fed04bbee44dd5f0e391636536a1cd44b3621e97acfd7,0.0,False
37,2,output_affine,none,output_affine,0.35,test,Geometry-Prior+Residual,587294325,0.7604245231910212,0.906826121358289,0.6801982237685406,0.7408956692913385,0.5384615384615384,0.05439807252615663,-1.0344204134458213,0.875,128,calibrated,geometry,[0.5561535997316165],654f313f8e4880435b4df1dd48ab5ce1f6a4f3c0b19ee2120247c50f3b81c64c,output_affine,668b1327d3dc09b9affd2221da8527d31d439513dc7fd9abec16ac75478abc91,5872a236cf85904d4a5eac1a9abc4c4ea1b59a0284e0e67e704e46bbad6ddc45,668b1327d3dc09b9affd2221da8527d31d439513dc7fd9abec16ac75478abc91,5872a236cf85904d4a5eac1a9abc4c4ea1b59a0284e0e67e704e46bbad6ddc45,d229219e84e73df1d76fed04bbee44dd5f0e391636536a1cd44b3621e97acfd7,-0.12445155795407281,False
37,2,output_affine,none,output_affine,0.35,test,Oracle-Rank+Residual,587294325,0.3178072190583286,0.9291690653777396,0.9356402215711407,0.8932086614173228,0.6153846153846154,0.03559093554263208,-1.393043260540272,0.703125,128,calibrated,oracle_rank,[0.7045655214586679],654f313f8e4880435b4df1dd48ab5ce1f6a4f3c0b19ee2120247c50f3b81c64c,output_affine,668b1327d3dc09b9affd2221da8527d31d439513dc7fd9abec16ac75478abc91,5872a236cf85904d4a5eac1a9abc4c4ea1b59a0284e0e67e704e46bbad6ddc45,668b1327d3dc09b9affd2221da8527d31d439513dc7fd9abec16ac75478abc91,5872a236cf85904d4a5eac1a9abc4c4ea1b59a0284e0e67e704e46bbad6ddc45,d229219e84e73df1d76fed04bbee44dd5f0e391636536a1cd44b3621e97acfd7,-0.5670688620867654,False
37,2,output_affine,none,output_affine,0.35,test,Oracle-Value+Residual,587294325,0.06800001355126022,0.9966086240357314,0.9769788042483062,0.9517716535433071,1.0,0.0,-3.576547778196176,1.0,128,calibrated,oracle_value,[0.7226166792339339],654f313f8e4880435b4df1dd48ab5ce1f6a4f3c0b19ee2120247c50f3b81c64c,output_affine,668b1327d3dc09b9affd2221da8527d31d439513dc7fd9abec16ac75478abc91,5872a236cf85904d4a5eac1a9abc4c4ea1b59a0284e0e67e704e46bbad6ddc45,668b1327d3dc09b9affd2221da8527d31d439513dc7fd9abec16ac75478abc91,5872a236cf85904d4a5eac1a9abc4c4ea1b59a0284e0e67e704e46bbad6ddc45,d229219e84e73df1d76fed04bbee44dd5f0e391636536a1cd44b3621e97acfd7,-0.8168760675938338,False
37,2,output_affine,none,output_affine,0.35,test,Oracle-Rank+Value+Residual,587294325,0.1297747980066748,0.983172792864873,0.9649159952389672,0.9329478346456693,0.8461538461538461,0.00013707525904872535,-2.146514235941944,0.671875,128,calibrated,oracle_rank|oracle_value,"[0.2877527560156681, 0.46428743593284144]",654f313f8e4880435b4df1dd48ab5ce1f6a4f3c0b19ee2120247c50f3b81c64c,output_affine,668b1327d3dc09b9affd2221da8527d31d439513dc7fd9abec16ac75478abc91,5872a236cf85904d4a5eac1a9abc4c4ea1b59a0284e0e67e704e46bbad6ddc45,668b1327d3dc09b9affd2221da8527d31d439513dc7fd9abec16ac75478abc91,5872a236cf85904d4a5eac1a9abc4c4ea1b59a0284e0e67e704e46bbad6ddc45,d229219e84e73df1d76fed04bbee44dd5f0e391636536a1cd44b3621e97acfd7,-0.7551012831384192,False
37,2,output_affine,none,output_affine,0.7,test,Target-Only,824129557,1.6976794162699778,0.5576718829988849,0.5740020142830984,0.7129675196850394,0.0,0.8521078441012688,0.22363798097076643,0.8828125,128,target_only,none,[],654f313f8e4880435b4df1dd48ab5ce1f6a4f3c0b19ee2120247c50f3b81c64c,output_affine,668b1327d3dc09b9affd2221da8527d31d439513dc7fd9abec16ac75478abc91,b1c81832ffd420f3755a48368bd1fcfdfc13905a48a7457f4364ae878391867d,668b1327d3dc09b9affd2221da8527d31d439513dc7fd9abec16ac75478abc91,b1c81832ffd420f3755a48368bd1fcfdfc13905a48a7457f4364ae878391867d,286f705f08799b20cfbbcc4a65891bc1d421bff76fb44ecfc08066b3bbf544c6,0.0,False
37,2,output_affine,none,output_affine,0.7,test,Geometry-Prior+Residual,824129557,1.2592109822624755,0.93101189440516,0.6734686870536531,0.749876968503937,0.38461538461538464,0.0006651770147578787,-0.010082382042153906,0.84375,128,calibrated,geometry,[0.5561535997316165],654f313f8e4880435b4df1dd48ab5ce1f6a4f3c0b19ee2120247c50f3b81c64c,output_affine,668b1327d3dc09b9affd2221da8527d31d439513dc7fd9abec16ac75478abc91,b1c81832ffd420f3755a48368bd1fcfdfc13905a48a7457f4364ae878391867d,668b1327d3dc09b9affd2221da8527d31d439513dc7fd9abec16ac75478abc91,b1c81832ffd420f3755a48368bd1fcfdfc13905a48a7457f4364ae878391867d,286f705f08799b20cfbbcc4a65891bc1d421bff76fb44ecfc08066b3bbf544c6,-0.43846843400750224,False
37,2,output_affine,none,output_affine,0.7,test,Oracle-Rank+Residual,824129557,1.0360423581598832,0.9867324476505075,0.7088617011536349,0.7710383858267716,0.8461538461538461,0.000364577862963055,3.487045462785816,0.359375,128,calibrated,oracle_rank,[0.7045655214586679],654f313f8e4880435b4df1dd48ab5ce1f6a4f3c0b19ee2120247c50f3b81c64c,output_affine,668b1327d3dc09b9affd2221da8527d31d439513dc7fd9abec16ac75478abc91,b1c81832ffd420f3755a48368bd1fcfdfc13905a48a7457f4364ae878391867d,668b1327d3dc09b9affd2221da8527d31d439513dc7fd9abec16ac75478abc91,b1c81832ffd420f3755a48368bd1fcfdfc13905a48a7457f4364ae878391867d,286f705f08799b20cfbbcc4a65891bc1d421bff76fb44ecfc08066b3bbf544c6,-0.6616370581100945,False
37,2,output_affine,none,output_affine,0.7,test,Oracle-Value+Residual,824129557,0.13216562804096066,1.0,0.9110110327778793,0.8882874015748031,1.0,0.0,-2.3047786646584845,0.828125,128,calibrated,oracle_value,[0.7226166792339339],654f313f8e4880435b4df1dd48ab5ce1f6a4f3c0b19ee2120247c50f3b81c64c,output_affine,668b1327d3dc09b9affd2221da8527d31d439513dc7fd9abec16ac75478abc91,b1c81832ffd420f3755a48368bd1fcfdfc13905a48a7457f4364ae878391867d,668b1327d3dc09b9affd2221da8527d31d439513dc7fd9abec16ac75478abc91,b1c81832ffd420f3755a48368bd1fcfdfc13905a48a7457f4364ae878391867d,286f705f08799b20cfbbcc4a65891bc1d421bff76fb44ecfc08066b3bbf544c6,-1.565513788229017,False
37,2,output_affine,none,output_affine,0.7,test,Oracle-Rank+Value+Residual,824129557,0.4151557116718579,0.997880142371206,0.8029436000732466,0.8212352362204725,1.0,0.000364577862963055,2.9780156461494136,0.3828125,128,calibrated,oracle_rank|oracle_value,"[0.2877527560156681, 0.46428743593284144]",654f313f8e4880435b4df1dd48ab5ce1f6a4f3c0b19ee2120247c50f3b81c64c,output_affine,668b1327d3dc09b9affd2221da8527d31d439513dc7fd9abec16ac75478abc91,b1c81832ffd420f3755a48368bd1fcfdfc13905a48a7457f4364ae878391867d,668b1327d3dc09b9affd2221da8527d31d439513dc7fd9abec16ac75478abc91,b1c81832ffd420f3755a48368bd1fcfdfc13905a48a7457f4364ae878391867d,286f705f08799b20cfbbcc4a65891bc1d421bff76fb44ecfc08066b3bbf544c6,-1.28252370459812,False
37,2,output_affine,none,output_affine,1.0,test,Target-Only,1250385512,1.0094728525148517,0.7389795613957778,0.662086843069035,0.749138779527559,0.07692307692307693,0.25957095995520624,0.8048924476163459,0.8359375,128,target_only,none,[],654f313f8e4880435b4df1dd48ab5ce1f6a4f3c0b19ee2120247c50f3b81c64c,output_affine,668b1327d3dc09b9affd2221da8527d31d439513dc7fd9abec16ac75478abc91,0ea4c8cb45a9637f78624151e5d2f4e8d94752fbff6d3cabbf1db91d0cb04221,668b1327d3dc09b9affd2221da8527d31d439513dc7fd9abec16ac75478abc91,0ea4c8cb45a9637f78624151e5d2f4e8d94752fbff6d3cabbf1db91d0cb04221,660705fb56c3709f5e7007ea6025ba4adcc902171c5d2415e7082d43de02680d,0.0,False
37,2,output_affine,none,output_affine,1.0,test,Geometry-Prior+Residual,1250385512,0.7472974038360887,0.93101189440516,0.6841352316425563,0.7540600393700787,0.38461538461538464,0.0004540840138005828,0.8292943315268606,0.71875,128,calibrated,geometry,[0.5561535997316165],654f313f8e4880435b4df1dd48ab5ce1f6a4f3c0b19ee2120247c50f3b81c64c,output_affine,668b1327d3dc09b9affd2221da8527d31d439513dc7fd9abec16ac75478abc91,0ea4c8cb45a9637f78624151e5d2f4e8d94752fbff6d3cabbf1db91d0cb04221,668b1327d3dc09b9affd2221da8527d31d439513dc7fd9abec16ac75478abc91,0ea4c8cb45a9637f78624151e5d2f4e8d94752fbff6d3cabbf1db91d0cb04221,660705fb56c3709f5e7007ea6025ba4adcc902171c5d2415e7082d43de02680d,-0.2621754486787631,False
37,2,output_affine,none,output_affine,1.0,test,Oracle-Rank+Residual,1250385512,0.45730652067109934,0.9927522665321816,0.8956063449917596,0.8645423228346457,0.8461538461538461,0.0,2.61313141264782,0.2421875,128,calibrated,oracle_rank,[0.7045655214586679],654f313f8e4880435b4df1dd48ab5ce1f6a4f3c0b19ee2120247c50f3b81c64c,output_affine,668b1327d3dc09b9affd2221da8527d31d439513dc7fd9abec16ac75478abc91,0ea4c8cb45a9637f78624151e5d2f4e8d94752fbff6d3cabbf1db91d0cb04221,668b1327d3dc09b9affd2221da8527d31d439513dc7fd9abec16ac75478abc91,0ea4c8cb45a9637f78624151e5d2f4e8d94752fbff6d3cabbf1db91d0cb04221,660705fb56c3709f5e7007ea6025ba4adcc902171c5d2415e7082d43de02680d,-0.5521663318437524,False
37,2,output_affine,none,output_affine,1.0,test,Oracle-Value+Residual,1250385512,0.09746077270958282,0.9979868237855453,0.9913877952755905,0.9656742125984252,1.0,0.0004540840138005828,-0.42056389813433714,0.671875,128,calibrated,oracle_value,[0.7226166792339339],654f313f8e4880435b4df1dd48ab5ce1f6a4f3c0b19ee2120247c50f3b81c64c,output_affine,668b1327d3dc09b9affd2221da8527d31d439513dc7fd9abec16ac75478abc91,0ea4c8cb45a9637f78624151e5d2f4e8d94752fbff6d3cabbf1db91d0cb04221,668b1327d3dc09b9affd2221da8527d31d439513dc7fd9abec16ac75478abc91,0ea4c8cb45a9637f78624151e5d2f4e8d94752fbff6d3cabbf1db91d0cb04221,660705fb56c3709f5e7007ea6025ba4adcc902171c5d2415e7082d43de02680d,-0.9120120798052689,False
37,2,output_affine,none,output_affine,1.0,test,Oracle-Rank+Value+Residual,1250385512,0.19133167391424555,0.9975732315860508,0.973705594213514,0.937253937007874,0.9230769230769231,0.0,2.9396419915121523,0.2890625,128,calibrated,oracle_rank|oracle_value,"[0.2877527560156681, 0.46428743593284144]",654f313f8e4880435b4df1dd48ab5ce1f6a4f3c0b19ee2120247c50f3b81c64c,output_affine,668b1327d3dc09b9affd2221da8527d31d439513dc7fd9abec16ac75478abc91,0ea4c8cb45a9637f78624151e5d2f4e8d94752fbff6d3cabbf1db91d0cb04221,668b1327d3dc09b9affd2221da8527d31d439513dc7fd9abec16ac75478abc91,0ea4c8cb45a9637f78624151e5d2f4e8d94752fbff6d3cabbf1db91d0cb04221,660705fb56c3709f5e7007ea6025ba4adcc902171c5d2415e7082d43de02680d,-0.8181411786006062,False
37,2,scale_0.7,none,scale_0.7,0.35,test,Target-Only,576747478,0.8725368575045735,0.9542017388982647,0.6266480498077275,0.7359744094488189,0.6153846153846154,8.602068833239086e-05,-2.545406419756174,0.8671875,128,target_only,none,[],654f313f8e4880435b4df1dd48ab5ce1f6a4f3c0b19ee2120247c50f3b81c64c,scale_0.7,07877a5d64b6f2595a3e9415de4660adf2dcb2c917d2fd03742e2dad65713bb5,f1d88c836f93fd683260ad7c90df36c898ae5bdc338b93279bf0f5cdaca7f5d2,668b1327d3dc09b9affd2221da8527d31d439513dc7fd9abec16ac75478abc91,5872a236cf85904d4a5eac1a9abc4c4ea1b59a0284e0e67e704e46bbad6ddc45,14c0efe2f1ec66c5d5d59b16fb5d9792502ece7e9e0e15f3208c586ba60f7c38,0.0,False
37,2,scale_0.7,none,scale_0.7,0.35,test,Geometry-Prior+Residual,576747478,0.7762781444090642,0.9493455557820679,0.7110190441311115,0.7680856299212598,0.6153846153846154,0.010592667615700508,-2.186420696838363,0.7265625,128,calibrated,geometry,[0.10511310977752351],654f313f8e4880435b4df1dd48ab5ce1f6a4f3c0b19ee2120247c50f3b81c64c,scale_0.7,07877a5d64b6f2595a3e9415de4660adf2dcb2c917d2fd03742e2dad65713bb5,f1d88c836f93fd683260ad7c90df36c898ae5bdc338b93279bf0f5cdaca7f5d2,668b1327d3dc09b9affd2221da8527d31d439513dc7fd9abec16ac75478abc91,5872a236cf85904d4a5eac1a9abc4c4ea1b59a0284e0e67e704e46bbad6ddc45,14c0efe2f1ec66c5d5d59b16fb5d9792502ece7e9e0e15f3208c586ba60f7c38,-0.09625871309550937,False
37,2,scale_0.7,none,scale_0.7,0.35,test,Oracle-Rank+Residual,576747478,0.3589251965765236,0.9543355219369786,0.9588559787584691,0.9176919291338582,0.6153846153846154,8.602068833239086e-05,-1.660472993091366,0.734375,128,calibrated,oracle_rank,[0.127431040689393],654f313f8e4880435b4df1dd48ab5ce1f6a4f3c0b19ee2120247c50f3b81c64c,scale_0.7,07877a5d64b6f2595a3e9415de4660adf2dcb2c917d2fd03742e2dad65713bb5,f1d88c836f93fd683260ad7c90df36c898ae5bdc338b93279bf0f5cdaca7f5d2,668b1327d3dc09b9affd2221da8527d31d439513dc7fd9abec16ac75478abc91,5872a236cf85904d4a5eac1a9abc4c4ea1b59a0284e0e67e704e46bbad6ddc45,14c0efe2f1ec66c5d5d59b16fb5d9792502ece7e9e0e15f3208c586ba60f7c38,-0.5136116609280499,False
37,2,scale_0.7,none,scale_0.7,0.35,test,Oracle-Value+Residual,576747478,0.06919153037892364,0.9956297499637075,0.9942318256729537,0.9729330708661418,1.0,0.0,-4.913072058579726,0.84375,128,calibrated,oracle_value,[0.12948853940809055],654f313f8e4880435b4df1dd48ab5ce1f6a4f3c0b19ee2120247c50f3b81c64c,scale_0.7,07877a5d64b6f2595a3e9415de4660adf2dcb2c917d2fd03742e2dad65713bb5,f1d88c836f93fd683260ad7c90df36c898ae5bdc338b93279bf0f5cdaca7f5d2,668b1327d3dc09b9affd2221da8527d31d439513dc7fd9abec16ac75478abc91,5872a236cf85904d4a5eac1a9abc4c4ea1b59a0284e0e67e704e46bbad6ddc45,14c0efe2f1ec66c5d5d59b16fb5d9792502ece7e9e0e15f3208c586ba60f7c38,-0.8033453271256499,False
37,2,scale_0.7,none,scale_0.7,0.35,test,Oracle-Rank+Value+Residual,576747478,0.155024014743091,0.9545642839967532,0.9903405969602637,0.9614911417322834,0.6153846153846154,8.602068833239086e-05,-2.457856861073537,0.7265625,128,calibrated,oracle_rank|oracle_value,"[0.056156653462054076, 0.07850251796696847]",654f313f8e4880435b4df1dd48ab5ce1f6a4f3c0b19ee2120247c50f3b81c64c,scale_0.7,07877a5d64b6f2595a3e9415de4660adf2dcb2c917d2fd03742e2dad65713bb5,f1d88c836f93fd683260ad7c90df36c898ae5bdc338b93279bf0f5cdaca7f5d2,668b1327d3dc09b9affd2221da8527d31d439513dc7fd9abec16ac75478abc91,5872a236cf85904d4a5eac1a9abc4c4ea1b59a0284e0e67e704e46bbad6ddc45,14c0efe2f1ec66c5d5d59b16fb5d9792502ece7e9e0e15f3208c586ba60f7c38,-0.7175128427614825,False
37,2,scale_0.7,none,scale_0.7,0.7,test,Target-Only,1936320985,1.1644184636123691,0.5265957820100304,0.45118224684123787,0.6626476377952756,0.0,0.7275253791668533,-1.4489226092224128,0.796875,128,target_only,none,[],654f313f8e4880435b4df1dd48ab5ce1f6a4f3c0b19ee2120247c50f3b81c64c,scale_0.7,07877a5d64b6f2595a3e9415de4660adf2dcb2c917d2fd03742e2dad65713bb5,810ad8ae81774431ff0819d6f6c473e9e76422fef1367191b7878a174aeb81b0,668b1327d3dc09b9affd2221da8527d31d439513dc7fd9abec16ac75478abc91,b1c81832ffd420f3755a48368bd1fcfdfc13905a48a7457f4364ae878391867d,a93bbc399e3ab9ef73516bdf3e2c24d591660b8cdbd422502c3a28be23aa910b,0.0,False
37,2,scale_0.7,none,scale_0.7,0.7,test,Geometry-Prior+Residual,1936320985,0.8676008148071624,0.8555803043601441,0.5362971525361655,0.6967273622047244,0.3076923076923077,0.11595875268592237,-1.4543383936374434,0.734375,128,calibrated,geometry,[0.10511310977752351],654f313f8e4880435b4df1dd48ab5ce1f6a4f3c0b19ee2120247c50f3b81c64c,scale_0.7,07877a5d64b6f2595a3e9415de4660adf2dcb2c917d2fd03742e2dad65713bb5,810ad8ae81774431ff0819d6f6c473e9e76422fef1367191b7878a174aeb81b0,668b1327d3dc09b9affd2221da8527d31d439513dc7fd9abec16ac75478abc91,b1c81832ffd420f3755a48368bd1fcfdfc13905a48a7457f4364ae878391867d,a93bbc399e3ab9ef73516bdf3e2c24d591660b8cdbd422502c3a28be23aa910b,-0.29681764880520667,False
37,2,scale_0.7,none,scale_0.7,0.7,test,Oracle-Rank+Residual,1936320985,0.38000715926412165,0.9834212840276052,0.8880070042116828,0.8645423228346457,0.8461538461538461,0.0,-1.7352261103530766,0.640625,128,calibrated,oracle_rank,[0.127431040689393],654f313f8e4880435b4df1dd48ab5ce1f6a4f3c0b19ee2120247c50f3b81c64c,scale_0.7,07877a5d64b6f2595a3e9415de4660adf2dcb2c917d2fd03742e2dad65713bb5,810ad8ae81774431ff0819d6f6c473e9e76422fef1367191b7878a174aeb81b0,668b1327d3dc09b9affd2221da8527d31d439513dc7fd9abec16ac75478abc91,b1c81832ffd420f3755a48368bd1fcfdfc13905a48a7457f4364ae878391867d,a93bbc399e3ab9ef73516bdf3e2c24d591660b8cdbd422502c3a28be23aa910b,-0.7844113043482475,False
37,2,scale_0.7,none,scale_0.7,0.7,test,Oracle-Value+Residual,1936320985,0.09406099452268118,1.0,0.9733279161325763,0.9458661417322834,1.0,0.0,-3.9626638506951855,0.7890625,128,calibrated,oracle_value,[0.12948853940809055],654f313f8e4880435b4df1dd48ab5ce1f6a4f3c0b19ee2120247c50f3b81c64c,scale_0.7,07877a5d64b6f2595a3e9415de4660adf2dcb2c917d2fd03742e2dad65713bb5,810ad8ae81774431ff0819d6f6c473e9e76422fef1367191b7878a174aeb81b0,668b1327d3dc09b9affd2221da8527d31d439513dc7fd9abec16ac75478abc91,b1c81832ffd420f3755a48368bd1fcfdfc13905a48a7457f4364ae878391867d,a93bbc399e3ab9ef73516bdf3e2c24d591660b8cdbd422502c3a28be23aa910b,-1.070357469089688,False
37,2,scale_0.7,none,scale_0.7,0.7,test,Oracle-Rank+Value+Residual,1936320985,0.16874469064529213,0.9992677497654384,0.9600119025819447,0.9254429133858267,1.0,0.0,-2.4945502005965694,0.6484375,128,calibrated,oracle_rank|oracle_value,"[0.056156653462054076, 0.07850251796696847]",654f313f8e4880435b4df1dd48ab5ce1f6a4f3c0b19ee2120247c50f3b81c64c,scale_0.7,07877a5d64b6f2595a3e9415de4660adf2dcb2c917d2fd03742e2dad65713bb5,810ad8ae81774431ff0819d6f6c473e9e76422fef1367191b7878a174aeb81b0,668b1327d3dc09b9affd2221da8527d31d439513dc7fd9abec16ac75478abc91,b1c81832ffd420f3755a48368bd1fcfdfc13905a48a7457f4364ae878391867d,a93bbc399e3ab9ef73516bdf3e2c24d591660b8cdbd422502c3a28be23aa910b,-0.995673772967077,False
37,2,scale_0.7,none,scale_0.7,1.0,test,Target-Only,875167940,1.528719589824936,0.7786999763104346,0.5436847646951107,0.6892224409448819,0.15384615384615385,0.5186694044715288,-0.9470259638176931,0.796875,128,target_only,none,[],654f313f8e4880435b4df1dd48ab5ce1f6a4f3c0b19ee2120247c50f3b81c64c,scale_0.7,07877a5d64b6f2595a3e9415de4660adf2dcb2c917d2fd03742e2dad65713bb5,b1c81832ffd420f3755a48368bd1fcfdfc13905a48a7457f4364ae878391867d,668b1327d3dc09b9affd2221da8527d31d439513dc7fd9abec16ac75478abc91,0ea4c8cb45a9637f78624151e5d2f4e8d94752fbff6d3cabbf1db91d0cb04221,3495e8fbc44f26d420867111fb632bab6c45cf2746d993d9cc863c0878be4948,0.0,False
37,2,scale_0.7,none,scale_0.7,1.0,test,Geometry-Prior+Residual,875167940,0.94780339049307,0.8947310056958122,0.47521630653726427,0.6524360236220472,0.38461538461538464,0.12705400245749826,-1.383446651181759,0.7890625,128,calibrated,geometry,[0.10511310977752351],654f313f8e4880435b4df1dd48ab5ce1f6a4f3c0b19ee2120247c50f3b81c64c,scale_0.7,07877a5d64b6f2595a3e9415de4660adf2dcb2c917d2fd03742e2dad65713bb5,b1c81832ffd420f3755a48368bd1fcfdfc13905a48a7457f4364ae878391867d,668b1327d3dc09b9affd2221da8527d31d439513dc7fd9abec16ac75478abc91,0ea4c8cb45a9637f78624151e5d2f4e8d94752fbff6d3cabbf1db91d0cb04221,3495e8fbc44f26d420867111fb632bab6c45cf2746d993d9cc863c0878be4948,-0.5809161993318659,False
37,2,scale_0.7,none,scale_0.7,1.0,test,Oracle-Rank+Residual,875167940,0.23865252530102904,0.999704903941827,0.7520314502838308,0.7978592519685039,1.0,0.0,-2.1260358515517406,0.7421875,128,calibrated,oracle_rank,[0.127431040689393],654f313f8e4880435b4df1dd48ab5ce1f6a4f3c0b19ee2120247c50f3b81c64c,scale_0.7,07877a5d64b6f2595a3e9415de4660adf2dcb2c917d2fd03742e2dad65713bb5,b1c81832ffd420f3755a48368bd1fcfdfc13905a48a7457f4364ae878391867d,668b1327d3dc09b9affd2221da8527d31d439513dc7fd9abec16ac75478abc91,0ea4c8cb45a9637f78624151e5d2f4e8d94752fbff6d3cabbf1db91d0cb04221,3495e8fbc44f26d420867111fb632bab6c45cf2746d993d9cc863c0878be4948,-1.290067064523907,False
37,2,scale_0.7,none,scale_0.7,1.0,test,Oracle-Value+Residual,875167940,0.12962821734817634,0.9980913484425815,0.9452195110785571,0.9149852362204725,1.0,0.000665177014757818,-3.2388717835306133,0.78125,128,calibrated,oracle_value,[0.12948853940809055],654f313f8e4880435b4df1dd48ab5ce1f6a4f3c0b19ee2120247c50f3b81c64c,scale_0.7,07877a5d64b6f2595a3e9415de4660adf2dcb2c917d2fd03742e2dad65713bb5,b1c81832ffd420f3755a48368bd1fcfdfc13905a48a7457f4364ae878391867d,668b1327d3dc09b9affd2221da8527d31d439513dc7fd9abec16ac75478abc91,0ea4c8cb45a9637f78624151e5d2f4e8d94752fbff6d3cabbf1db91d0cb04221,3495e8fbc44f26d420867111fb632bab6c45cf2746d993d9cc863c0878be4948,-1.3990913724767595,False
37,2,scale_0.7,none,scale_0.7,1.0,test,Oracle-Rank+Value+Residual,875167940,0.10842113353845409,0.999970313370024,0.8968938839040468,0.8772145669291339,1.0,0.0,-2.8542158660780625,0.6640625,128,calibrated,oracle_rank|oracle_value,"[0.056156653462054076, 0.07850251796696847]",654f313f8e4880435b4df1dd48ab5ce1f6a4f3c0b19ee2120247c50f3b81c64c,scale_0.7,07877a5d64b6f2595a3e9415de4660adf2dcb2c917d2fd03742e2dad65713bb5,b1c81832ffd420f3755a48368bd1fcfdfc13905a48a7457f4364ae878391867d,668b1327d3dc09b9affd2221da8527d31d439513dc7fd9abec16ac75478abc91,0ea4c8cb45a9637f78624151e5d2f4e8d94752fbff6d3cabbf1db91d0cb04221,3495e8fbc44f26d420867111fb632bab6c45cf2746d993d9cc863c0878be4948,-1.4202984562864818,False
37,2,scale_1.5,none,scale_1.5,0.35,test,Target-Only,1349898361,1.2373507160700534,0.8686309461470664,0.42598081853140446,0.641486220472441,0.46153846153846156,0.2865076341515934,-1.2897353761937103,1.0,128,target_only,none,[],654f313f8e4880435b4df1dd48ab5ce1f6a4f3c0b19ee2120247c50f3b81c64c,scale_1.5,c3def911367f2eeaa7678e62d606b7e621f5f2d359140cc147c2a262840c7ae7,5e739143ea437b89289ff96b59838403fa90b4c25d19b0b4267e49c93aa8cd94,668b1327d3dc09b9affd2221da8527d31d439513dc7fd9abec16ac75478abc91,5872a236cf85904d4a5eac1a9abc4c4ea1b59a0284e0e67e704e46bbad6ddc45,3396534a4d4bd8226aa2d5d935f74d0253fb2b4d2d79d3fe057417e0a04be55b,0.0,False
37,2,scale_1.5,none,scale_1.5,0.35,test,Geometry-Prior+Residual,1349898361,1.2063215109113012,0.8258082991591861,0.42655305804797655,0.6341043307086615,0.38461538461538464,0.30384128051540776,-1.1137561111265926,0.84375,128,calibrated,geometry,[0.48010765597723426],654f313f8e4880435b4df1dd48ab5ce1f6a4f3c0b19ee2120247c50f3b81c64c,scale_1.5,c3def911367f2eeaa7678e62d606b7e621f5f2d359140cc147c2a262840c7ae7,5e739143ea437b89289ff96b59838403fa90b4c25d19b0b4267e49c93aa8cd94,668b1327d3dc09b9affd2221da8527d31d439513dc7fd9abec16ac75478abc91,5872a236cf85904d4a5eac1a9abc4c4ea1b59a0284e0e67e704e46bbad6ddc45,3396534a4d4bd8226aa2d5d935f74d0253fb2b4d2d79d3fe057417e0a04be55b,-0.031029205158752182,False
37,2,scale_1.5,none,scale_1.5,0.35,test,Oracle-Rank+Residual,1349898361,1.9668811691318555,0.8762053910083111,0.6753399102728438,0.7463090551181102,0.38461538461538464,0.0004717350196997567,-0.9476428563818021,0.8046875,128,calibrated,oracle_rank,[0.4312205349318863],654f313f8e4880435b4df1dd48ab5ce1f6a4f3c0b19ee2120247c50f3b81c64c,scale_1.5,c3def911367f2eeaa7678e62d606b7e621f5f2d359140cc147c2a262840c7ae7,5e739143ea437b89289ff96b59838403fa90b4c25d19b0b4267e49c93aa8cd94,668b1327d3dc09b9affd2221da8527d31d439513dc7fd9abec16ac75478abc91,5872a236cf85904d4a5eac1a9abc4c4ea1b59a0284e0e67e704e46bbad6ddc45,3396534a4d4bd8226aa2d5d935f74d0253fb2b4d2d79d3fe057417e0a04be55b,0.7295304530618021,True
37,2,scale_1.5,none,scale_1.5,0.35,test,Oracle-Value+Residual,1349898361,1.470515861377781,0.8218420466320662,0.5826256637978392,0.7081692913385826,0.3076923076923077,0.01576956713635673,-0.924095330957166,0.7578125,128,calibrated,oracle_value,[0.5333217893246341],654f313f8e4880435b4df1dd48ab5ce1f6a4f3c0b19ee2120247c50f3b81c64c,scale_1.5,c3def911367f2eeaa7678e62d606b7e621f5f2d359140cc147c2a262840c7ae7,5e739143ea437b89289ff96b59838403fa90b4c25d19b0b4267e49c93aa8cd94,668b1327d3dc09b9affd2221da8527d31d439513dc7fd9abec16ac75478abc91,5872a236cf85904d4a5eac1a9abc4c4ea1b59a0284e0e67e704e46bbad6ddc45,3396534a4d4bd8226aa2d5d935f74d0253fb2b4d2d79d3fe057417e0a04be55b,0.23316514530772747,True
37,2,scale_1.5,none,scale_1.5,0.35,test,Oracle-Rank+Value+Residual,1349898361,1.4705158613780254,0.8218420466320662,0.5826256637978392,0.7081692913385826,0.3076923076923077,0.01576956713635673,-0.924095330956909,0.7578125,128,calibrated,oracle_rank|oracle_value,"[9.347187508661312e-14, 0.5333217893245561]",654f313f8e4880435b4df1dd48ab5ce1f6a4f3c0b19ee2120247c50f3b81c64c,scale_1.5,c3def911367f2eeaa7678e62d606b7e621f5f2d359140cc147c2a262840c7ae7,5e739143ea437b89289ff96b59838403fa90b4c25d19b0b4267e49c93aa8cd94,668b1327d3dc09b9affd2221da8527d31d439513dc7fd9abec16ac75478abc91,5872a236cf85904d4a5eac1a9abc4c4ea1b59a0284e0e67e704e46bbad6ddc45,3396534a4d4bd8226aa2d5d935f74d0253fb2b4d2d79d3fe057417e0a04be55b,0.23316514530797194,True
37,2,scale_1.5,none,scale_1.5,0.7,test,Target-Only,679456878,0.5807913997265972,0.8849738242379314,0.8414724867240432,0.8218503937007874,0.38461538461538464,0.08867782675708089,-0.4553145363553608,1.0,128,target_only,none,[],654f313f8e4880435b4df1dd48ab5ce1f6a4f3c0b19ee2120247c50f3b81c64c,scale_1.5,c3def911367f2eeaa7678e62d606b7e621f5f2d359140cc147c2a262840c7ae7,5ea014ca61582b947b26c29cdbe5f23f1dbea587d348407530d2cd5b2e4b819b,668b1327d3dc09b9affd2221da8527d31d439513dc7fd9abec16ac75478abc91,b1c81832ffd420f3755a48368bd1fcfdfc13905a48a7457f4364ae878391867d,91c1ff1064fd524a38eae2f2b45993645c3fca3063519a654844a22ee57a0752,0.0,False
37,2,scale_1.5,none,scale_1.5,0.7,test,Geometry-Prior+Residual,679456878,0.402949906179336,0.9339155826428159,0.9061584416773484,0.875123031496063,0.38461538461538464,0.0004618748664628963,-1.0331935361845197,1.0,128,calibrated,geometry,[0.48010765597723426],654f313f8e4880435b4df1dd48ab5ce1f6a4f3c0b19ee2120247c50f3b81c64c,scale_1.5,c3def911367f2eeaa7678e62d606b7e621f5f2d359140cc147c2a262840c7ae7,5ea014ca61582b947b26c29cdbe5f23f1dbea587d348407530d2cd5b2e4b819b,668b1327d3dc09b9affd2221da8527d31d439513dc7fd9abec16ac75478abc91,b1c81832ffd420f3755a48368bd1fcfdfc13905a48a7457f4364ae878391867d,91c1ff1064fd524a38eae2f2b45993645c3fca3063519a654844a22ee57a0752,-0.1778414935472612,False
37,2,scale_1.5,none,scale_1.5,0.7,test,Oracle-Rank+Residual,679456878,1.0471639693540074,0.9756977656575608,0.8208833089177805,0.8202509842519685,0.7692307692307693,0.029940181816320816,0.6208990201826203,0.6796875,128,calibrated,oracle_rank,[0.4312205349318863],654f313f8e4880435b4df1dd48ab5ce1f6a4f3c0b19ee2120247c50f3b81c64c,scale_1.5,c3def911367f2eeaa7678e62d606b7e621f5f2d359140cc147c2a262840c7ae7,5ea014ca61582b947b26c29cdbe5f23f1dbea587d348407530d2cd5b2e4b819b,668b1327d3dc09b9affd2221da8527d31d439513dc7fd9abec16ac75478abc91,b1c81832ffd420f3755a48368bd1fcfdfc13905a48a7457f4364ae878391867d,91c1ff1064fd524a38eae2f2b45993645c3fca3063519a654844a22ee57a0752,0.46637256962741014,True
37,2,scale_1.5,none,scale_1.5,0.7,test,Oracle-Value+Residual,679456878,0.8588532663830116,0.9950603870287102,0.9104159036806446,0.8738927165354331,0.9230769230769231,0.0002531920602659569,1.403626616606897,0.5859375,128,calibrated,oracle_value,[0.5333217893246341],654f313f8e4880435b4df1dd48ab5ce1f6a4f3c0b19ee2120247c50f3b81c64c,scale_1.5,c3def911367f2eeaa7678e62d606b7e621f5f2d359140cc147c2a262840c7ae7,5ea014ca61582b947b26c29cdbe5f23f1dbea587d348407530d2cd5b2e4b819b,668b1327d3dc09b9affd2221da8527d31d439513dc7fd9abec16ac75478abc91,b1c81832ffd420f3755a48368bd1fcfdfc13905a48a7457f4364ae878391867d,91c1ff1064fd524a38eae2f2b45993645c3fca3063519a654844a22ee57a0752,0.2780618666564144,True
37,2,scale_1.5,none,scale_1.5,0.7,test,Oracle-Rank+Value+Residual,679456878,0.8588532663830704,0.9950603870287102,0.9104159036806446,0.8738927165354331,0.9230769230769231,0.0002531920602659569,1.4036266166069873,0.5859375,128,calibrated,oracle_rank|oracle_value,"[9.347187508661312e-14, 0.5333217893245561]",654f313f8e4880435b4df1dd48ab5ce1f6a4f3c0b19ee2120247c50f3b81c64c,scale_1.5,c3def911367f2eeaa7678e62d606b7e621f5f2d359140cc147c2a262840c7ae7,5ea014ca61582b947b26c29cdbe5f23f1dbea587d348407530d2cd5b2e4b819b,668b1327d3dc09b9affd2221da8527d31d439513dc7fd9abec16ac75478abc91,b1c81832ffd420f3755a48368bd1fcfdfc13905a48a7457f4364ae878391867d,91c1ff1064fd524a38eae2f2b45993645c3fca3063519a654844a22ee57a0752,0.27806186665647314,True
37,2,scale_1.5,none,scale_1.5,1.0,test,Target-Only,1766830630,1.0596903402880464,0.741891904473786,0.7832642830983337,0.7893700787401575,0.23076923076923078,0.181964521522976,0.5114873737186343,0.8828125,128,target_only,none,[],654f313f8e4880435b4df1dd48ab5ce1f6a4f3c0b19ee2120247c50f3b81c64c,scale_1.5,c3def911367f2eeaa7678e62d606b7e621f5f2d359140cc147c2a262840c7ae7,9dc57a963d13b607532403fd97c3e9505a0692301c393b4a7703ce7c63f56f50,668b1327d3dc09b9affd2221da8527d31d439513dc7fd9abec16ac75478abc91,0ea4c8cb45a9637f78624151e5d2f4e8d94752fbff6d3cabbf1db91d0cb04221,25c206d918c26cbcb6ae3be805950e6c27800d91181ba5b8fb8c867607ab00b8,0.0,False
37,2,scale_1.5,none,scale_1.5,1.0,test,Geometry-Prior+Residual,1766830630,0.5114521352006095,0.9285920061999955,0.8672690441311115,0.8399360236220472,0.38461538461538464,0.01790160205696145,-0.23237804614217636,0.984375,128,calibrated,geometry,[0.48010765597723426],654f313f8e4880435b4df1dd48ab5ce1f6a4f3c0b19ee2120247c50f3b81c64c,scale_1.5,c3def911367f2eeaa7678e62d606b7e621f5f2d359140cc147c2a262840c7ae7,9dc57a963d13b607532403fd97c3e9505a0692301c393b4a7703ce7c63f56f50,668b1327d3dc09b9affd2221da8527d31d439513dc7fd9abec16ac75478abc91,0ea4c8cb45a9637f78624151e5d2f4e8d94752fbff6d3cabbf1db91d0cb04221,25c206d918c26cbcb6ae3be805950e6c27800d91181ba5b8fb8c867607ab00b8,-0.5482382050874369,False
37,2,scale_1.5,none,scale_1.5,1.0,test,Oracle-Rank+Residual,1766830630,1.010557339306148,0.9346020422710003,0.7342691356894342,0.7718996062992126,0.6923076923076923,0.0,1.3666305452955618,0.5546875,128,calibrated,oracle_rank,[0.4312205349318863],654f313f8e4880435b4df1dd48ab5ce1f6a4f3c0b19ee2120247c50f3b81c64c,scale_1.5,c3def911367f2eeaa7678e62d606b7e621f5f2d359140cc147c2a262840c7ae7,9dc57a963d13b607532403fd97c3e9505a0692301c393b4a7703ce7c63f56f50,668b1327d3dc09b9affd2221da8527d31d439513dc7fd9abec16ac75478abc91,0ea4c8cb45a9637f78624151e5d2f4e8d94752fbff6d3cabbf1db91d0cb04221,25c206d918c26cbcb6ae3be805950e6c27800d91181ba5b8fb8c867607ab00b8,-0.049133000981898434,False
37,2,scale_1.5,none,scale_1.5,1.0,test,Oracle-Value+Residual,1766830630,0.8137590613182857,0.9726226240471361,0.7860396447537081,0.8016732283464567,0.8461538461538461,0.0,2.4211922282744576,0.734375,128,calibrated,oracle_value,[0.5333217893246341],654f313f8e4880435b4df1dd48ab5ce1f6a4f3c0b19ee2120247c50f3b81c64c,scale_1.5,c3def911367f2eeaa7678e62d606b7e621f5f2d359140cc147c2a262840c7ae7,9dc57a963d13b607532403fd97c3e9505a0692301c393b4a7703ce7c63f56f50,668b1327d3dc09b9affd2221da8527d31d439513dc7fd9abec16ac75478abc91,0ea4c8cb45a9637f78624151e5d2f4e8d94752fbff6d3cabbf1db91d0cb04221,25c206d918c26cbcb6ae3be805950e6c27800d91181ba5b8fb8c867607ab00b8,-0.24593127896976075,False
37,2,scale_1.5,none,scale_1.5,1.0,test,Oracle-Rank+Value+Residual,1766830630,0.813759061318301,0.9726226240471361,0.7860396447537081,0.8016732283464567,0.8461538461538461,0.0,2.4211922282742884,0.734375,128,calibrated,oracle_rank|oracle_value,"[9.347187508661312e-14, 0.5333217893245561]",654f313f8e4880435b4df1dd48ab5ce1f6a4f3c0b19ee2120247c50f3b81c64c,scale_1.5,c3def911367f2eeaa7678e62d606b7e621f5f2d359140cc147c2a262840c7ae7,9dc57a963d13b607532403fd97c3e9505a0692301c393b4a7703ce7c63f56f50,668b1327d3dc09b9affd2221da8527d31d439513dc7fd9abec16ac75478abc91,0ea4c8cb45a9637f78624151e5d2f4e8d94752fbff6d3cabbf1db91d0cb04221,25c206d918c26cbcb6ae3be805950e6c27800d91181ba5b8fb8c867607ab00b8,-0.24593127896974543,False
37,2,rotate_45,none,rotate_45,0.35,test,Target-Only,614530016,0.8679049044238629,0.8982407169298423,0.6009716626991394,0.7201033464566929,0.5384615384615384,0.053917540854042316,-1.8568924398549425,0.96875,128,target_only,none,[],654f313f8e4880435b4df1dd48ab5ce1f6a4f3c0b19ee2120247c50f3b81c64c,rotate_45,3f13e37e4b9446df3d349e5a0d98629c6523b25f1c6138b32d424b432d8dbb72,daf4aa45615e616ea3e2d9e8884e8faa4aeea91fa1ccd0b2b2eca9a3fb97ecd8,668b1327d3dc09b9affd2221da8527d31d439513dc7fd9abec16ac75478abc91,5872a236cf85904d4a5eac1a9abc4c4ea1b59a0284e0e67e704e46bbad6ddc45,a2b7bdd32ab3c425bc9c36a1d8e1010b65be028563a4af42e01242f1749f401e,0.0,False
37,2,rotate_45,none,rotate_45,0.35,test,Geometry-Prior+Residual,614530016,0.9097668495577202,0.9254165665172355,0.5367434993590917,0.6998031496062992,0.6153846153846154,0.053917540854042316,-0.6165695312121593,0.5234375,128,calibrated,geometry,[0.25714848312707816],654f313f8e4880435b4df1dd48ab5ce1f6a4f3c0b19ee2120247c50f3b81c64c,rotate_45,3f13e37e4b9446df3d349e5a0d98629c6523b25f1c6138b32d424b432d8dbb72,daf4aa45615e616ea3e2d9e8884e8faa4aeea91fa1ccd0b2b2eca9a3fb97ecd8,668b1327d3dc09b9affd2221da8527d31d439513dc7fd9abec16ac75478abc91,5872a236cf85904d4a5eac1a9abc4c4ea1b59a0284e0e67e704e46bbad6ddc45,a2b7bdd32ab3c425bc9c36a1d8e1010b65be028563a4af42e01242f1749f401e,0.041861945133857326,True
37,2,rotate_45,none,rotate_45,0.35,test,Oracle-Rank+Residual,614530016,0.5647959831878784,0.9496647019770851,0.83080594213514,0.8163139763779528,0.6153846153846154,0.0030422547026452028,-0.129397090369283,0.3828125,128,calibrated,oracle_rank,[0.2784958749042441],654f313f8e4880435b4df1dd48ab5ce1f6a4f3c0b19ee2120247c50f3b81c64c,rotate_45,3f13e37e4b9446df3d349e5a0d98629c6523b25f1c6138b32d424b432d8dbb72,daf4aa45615e616ea3e2d9e8884e8faa4aeea91fa1ccd0b2b2eca9a3fb97ecd8,668b1327d3dc09b9affd2221da8527d31d439513dc7fd9abec16ac75478abc91,5872a236cf85904d4a5eac1a9abc4c4ea1b59a0284e0e67e704e46bbad6ddc45,a2b7bdd32ab3c425bc9c36a1d8e1010b65be028563a4af42e01242f1749f401e,-0.30310892123598454,False
37,2,rotate_45,none,rotate_45,0.35,test,Oracle-Value+Residual,614530016,0.07165932840840634,0.9947845821911673,0.9621062992125984,0.9361466535433071,0.9230769230769231,0.0030422547026452028,-4.3552823644575245,1.0,128,calibrated,oracle_value,[0.28440349350303806],654f313f8e4880435b4df1dd48ab5ce1f6a4f3c0b19ee2120247c50f3b81c64c,rotate_45,3f13e37e4b9446df3d349e5a0d98629c6523b25f1c6138b32d424b432d8dbb72,daf4aa45615e616ea3e2d9e8884e8faa4aeea91fa1ccd0b2b2eca9a3fb97ecd8,668b1327d3dc09b9affd2221da8527d31d439513dc7fd9abec16ac75478abc91,5872a236cf85904d4a5eac1a9abc4c4ea1b59a0284e0e67e704e46bbad6ddc45,a2b7bdd32ab3c425bc9c36a1d8e1010b65be028563a4af42e01242f1749f401e,-0.7962455760154565,False
37,2,rotate_45,none,rotate_45,0.35,test,Oracle-Rank+Value+Residual,614530016,0.24028008614165627,0.9824395731053641,0.9299807727522432,0.8970226377952756,0.7692307692307693,0.0030422547026452028,-1.0494757863972846,0.390625,128,calibrated,oracle_rank|oracle_value,"[0.11702603930743435, 0.17860451383955683]",654f313f8e4880435b4df1dd48ab5ce1f6a4f3c0b19ee2120247c50f3b81c64c,rotate_45,3f13e37e4b9446df3d349e5a0d98629c6523b25f1c6138b32d424b432d8dbb72,daf4aa45615e616ea3e2d9e8884e8faa4aeea91fa1ccd0b2b2eca9a3fb97ecd8,668b1327d3dc09b9affd2221da8527d31d439513dc7fd9abec16ac75478abc91,5872a236cf85904d4a5eac1a9abc4c4ea1b59a0284e0e67e704e46bbad6ddc45,a2b7bdd32ab3c425bc9c36a1d8e1010b65be028563a4af42e01242f1749f401e,-0.6276248182822066,False
37,2,rotate_45,none,rotate_45,0.7,test,Target-Only,1890555329,1.1488959191571901,0.9146684777332185,0.7803630287493134,0.7832185039370079,0.6153846153846154,0.1375033747110333,-0.7947770911384442,0.8828125,128,target_only,none,[],654f313f8e4880435b4df1dd48ab5ce1f6a4f3c0b19ee2120247c50f3b81c64c,rotate_45,3f13e37e4b9446df3d349e5a0d98629c6523b25f1c6138b32d424b432d8dbb72,94543aab618f91521be4e94506c5ea3963f1e2c41284b2cfa8b59c8b585c04df,668b1327d3dc09b9affd2221da8527d31d439513dc7fd9abec16ac75478abc91,b1c81832ffd420f3755a48368bd1fcfdfc13905a48a7457f4364ae878391867d,a4d109001fe70cf069a48f178517e2ca30422da1ff432368b4330e66a3895150,0.0,False
37,2,rotate_45,none,rotate_45,0.7,test,Geometry-Prior+Residual,1890555329,0.9294501741737,0.8861442600536914,0.7646149972532503,0.7880167322834646,0.38461538461538464,0.018882045152282284,-0.514360922730833,0.4765625,128,calibrated,geometry,[0.25714848312707816],654f313f8e4880435b4df1dd48ab5ce1f6a4f3c0b19ee2120247c50f3b81c64c,rotate_45,3f13e37e4b9446df3d349e5a0d98629c6523b25f1c6138b32d424b432d8dbb72,94543aab618f91521be4e94506c5ea3963f1e2c41284b2cfa8b59c8b585c04df,668b1327d3dc09b9affd2221da8527d31d439513dc7fd9abec16ac75478abc91,b1c81832ffd420f3755a48368bd1fcfdfc13905a48a7457f4364ae878391867d,a4d109001fe70cf069a48f178517e2ca30422da1ff432368b4330e66a3895150,-0.21944574498349012,False
37,2,rotate_45,none,rotate_45,0.7,test,Oracle-Rank+Residual,1890555329,0.7619506331273651,0.9900660207638586,0.8168890770921077,0.8259104330708661,0.8461538461538461,0.008077767048694636,0.9837187177388307,0.34375,128,calibrated,oracle_rank,[0.2784958749042441],654f313f8e4880435b4df1dd48ab5ce1f6a4f3c0b19ee2120247c50f3b81c64c,rotate_45,3f13e37e4b9446df3d349e5a0d98629c6523b25f1c6138b32d424b432d8dbb72,94543aab618f91521be4e94506c5ea3963f1e2c41284b2cfa8b59c8b585c04df,668b1327d3dc09b9affd2221da8527d31d439513dc7fd9abec16ac75478abc91,b1c81832ffd420f3755a48368bd1fcfdfc13905a48a7457f4364ae878391867d,a4d109001fe70cf069a48f178517e2ca30422da1ff432368b4330e66a3895150,-0.38694528602982503,False
37,2,rotate_45,none,rotate_45,0.7,test,Oracle-Value+Residual,1890555329,0.1086918527226261,0.9973070113659329,0.9549819172312763,0.921136811023622,0.9230769230769231,0.0,-2.998186316870886,0.8046875,128,calibrated,oracle_value,[0.28440349350303806],654f313f8e4880435b4df1dd48ab5ce1f6a4f3c0b19ee2120247c50f3b81c64c,rotate_45,3f13e37e4b9446df3d349e5a0d98629c6523b25f1c6138b32d424b432d8dbb72,94543aab618f91521be4e94506c5ea3963f1e2c41284b2cfa8b59c8b585c04df,668b1327d3dc09b9affd2221da8527d31d439513dc7fd9abec16ac75478abc91,b1c81832ffd420f3755a48368bd1fcfdfc13905a48a7457f4364ae878391867d,a4d109001fe70cf069a48f178517e2ca30422da1ff432368b4330e66a3895150,-1.040204066434564,False
37,2,rotate_45,none,rotate_45,0.7,test,Oracle-Rank+Value+Residual,1890555329,0.33674707992913333,0.99563977874875,0.8773347372276139,0.8663877952755905,0.9230769230769231,0.008077767048694636,0.17028186922891486,0.3984375,128,calibrated,oracle_rank|oracle_value,"[0.11702603930743435, 0.17860451383955683]",654f313f8e4880435b4df1dd48ab5ce1f6a4f3c0b19ee2120247c50f3b81c64c,rotate_45,3f13e37e4b9446df3d349e5a0d98629c6523b25f1c6138b32d424b432d8dbb72,94543aab618f91521be4e94506c5ea3963f1e2c41284b2cfa8b59c8b585c04df,668b1327d3dc09b9affd2221da8527d31d439513dc7fd9abec16ac75478abc91,b1c81832ffd420f3755a48368bd1fcfdfc13905a48a7457f4364ae878391867d,a4d109001fe70cf069a48f178517e2ca30422da1ff432368b4330e66a3895150,-0.8121488392280568,False
37,2,rotate_45,none,rotate_45,1.0,test,Target-Only,695304417,0.9463771834137238,0.9426034608928053,0.7591844442409815,0.7778051181102362,0.6153846153846154,0.005486688981323813,-0.19021714971135495,0.84375,128,target_only,none,[],654f313f8e4880435b4df1dd48ab5ce1f6a4f3c0b19ee2120247c50f3b81c64c,rotate_45,3f13e37e4b9446df3d349e5a0d98629c6523b25f1c6138b32d424b432d8dbb72,01253d67944e93251f995605ee5cb14e24bbbd814f101bdd76e8b1fc9e62ad02,668b1327d3dc09b9affd2221da8527d31d439513dc7fd9abec16ac75478abc91,0ea4c8cb45a9637f78624151e5d2f4e8d94752fbff6d3cabbf1db91d0cb04221,272e660ed947bdf4029c3b6168eeaa6983c4ca862390e8a254051eeaf35a9b0a,0.0,False
37,2,rotate_45,none,rotate_45,1.0,test,Geometry-Prior+Residual,695304417,0.668378793359481,0.8157802026738259,0.77485808459989,0.7787893700787402,0.38461538461538464,0.20350831480531226,0.8178633105368464,0.4921875,128,calibrated,geometry,[0.25714848312707816],654f313f8e4880435b4df1dd48ab5ce1f6a4f3c0b19ee2120247c50f3b81c64c,rotate_45,3f13e37e4b9446df3d349e5a0d98629c6523b25f1c6138b32d424b432d8dbb72,01253d67944e93251f995605ee5cb14e24bbbd814f101bdd76e8b1fc9e62ad02,668b1327d3dc09b9affd2221da8527d31d439513dc7fd9abec16ac75478abc91,0ea4c8cb45a9637f78624151e5d2f4e8d94752fbff6d3cabbf1db91d0cb04221,272e660ed947bdf4029c3b6168eeaa6983c4ca862390e8a254051eeaf35a9b0a,-0.27799839005424276,False
37,2,rotate_45,none,rotate_45,1.0,test,Oracle-Rank+Residual,695304417,0.340048357366581,0.9963784629156546,0.945711637062809,0.9078494094488189,1.0,0.0,0.8498626559944316,0.515625,128,calibrated,oracle_rank,[0.2784958749042441],654f313f8e4880435b4df1dd48ab5ce1f6a4f3c0b19ee2120247c50f3b81c64c,rotate_45,3f13e37e4b9446df3d349e5a0d98629c6523b25f1c6138b32d424b432d8dbb72,01253d67944e93251f995605ee5cb14e24bbbd814f101bdd76e8b1fc9e62ad02,668b1327d3dc09b9affd2221da8527d31d439513dc7fd9abec16ac75478abc91,0ea4c8cb45a9637f78624151e5d2f4e8d94752fbff6d3cabbf1db91d0cb04221,272e660ed947bdf4029c3b6168eeaa6983c4ca862390e8a254051eeaf35a9b0a,-0.6063288260471428,False
37,2,rotate_45,none,rotate_45,1.0,test,Oracle-Value+Residual,695304417,0.08302343170961819,0.9983508637494454,0.9900773667826406,0.9666584645669292,1.0,0.0,-2.2877150037099963,0.734375,128,calibrated,oracle_value,[0.28440349350303806],654f313f8e4880435b4df1dd48ab5ce1f6a4f3c0b19ee2120247c50f3b81c64c,rotate_45,3f13e37e4b9446df3d349e5a0d98629c6523b25f1c6138b32d424b432d8dbb72,01253d67944e93251f995605ee5cb14e24bbbd814f101bdd76e8b1fc9e62ad02,668b1327d3dc09b9affd2221da8527d31d439513dc7fd9abec16ac75478abc91,0ea4c8cb45a9637f78624151e5d2f4e8d94752fbff6d3cabbf1db91d0cb04221,272e660ed947bdf4029c3b6168eeaa6983c4ca862390e8a254051eeaf35a9b0a,-0.8633537517041056,False
37,2,rotate_45,none,rotate_45,1.0,test,Oracle-Rank+Value+Residual,695304417,0.1470483798796429,0.9975259603006258,0.980400796557407,0.9500492125984252,1.0,0.0,-0.13697522965099918,0.5234375,128,calibrated,oracle_rank|oracle_value,"[0.11702603930743435, 0.17860451383955683]",654f313f8e4880435b4df1dd48ab5ce1f6a4f3c0b19ee2120247c50f3b81c64c,rotate_45,3f13e37e4b9446df3d349e5a0d98629c6523b25f1c6138b32d424b432d8dbb72,01253d67944e93251f995605ee5cb14e24bbbd814f101bdd76e8b1fc9e62ad02,668b1327d3dc09b9affd2221da8527d31d439513dc7fd9abec16ac75478abc91,0ea4c8cb45a9637f78624151e5d2f4e8d94752fbff6d3cabbf1db91d0cb04221,272e660ed947bdf4029c3b6168eeaa6983c4ca862390e8a254051eeaf35a9b0a,-0.7993288035340809,False
37,2,roughness,none,roughness,0.35,test,Target-Only,812503939,1.3105810262539523,0.7913238896736285,-0.011896859549533052,0.4881889763779528,0.6153846153846154,0.0007423715638576293,9.662868967328045,0.484375,128,target_only,none,[],654f313f8e4880435b4df1dd48ab5ce1f6a4f3c0b19ee2120247c50f3b81c64c,roughness,668b1327d3dc09b9affd2221da8527d31d439513dc7fd9abec16ac75478abc91,5872a236cf85904d4a5eac1a9abc4c4ea1b59a0284e0e67e704e46bbad6ddc45,668b1327d3dc09b9affd2221da8527d31d439513dc7fd9abec16ac75478abc91,5872a236cf85904d4a5eac1a9abc4c4ea1b59a0284e0e67e704e46bbad6ddc45,669a121b2573bb3748c2a68c5ea8da448f87b691d418af243f070ff62987dac5,0.0,False
37,2,roughness,none,roughness,0.35,test,Geometry-Prior+Residual,812503939,1.315883263746556,0.7910794416703228,0.007891182933528657,0.49458661417322836,0.6153846153846154,0.0007423715638576293,33.04236677051633,0.3046875,128,calibrated,geometry,[0.29316417231998976],654f313f8e4880435b4df1dd48ab5ce1f6a4f3c0b19ee2120247c50f3b81c64c,roughness,668b1327d3dc09b9affd2221da8527d31d439513dc7fd9abec16ac75478abc91,5872a236cf85904d4a5eac1a9abc4c4ea1b59a0284e0e67e704e46bbad6ddc45,668b1327d3dc09b9affd2221da8527d31d439513dc7fd9abec16ac75478abc91,5872a236cf85904d4a5eac1a9abc4c4ea1b59a0284e0e67e704e46bbad6ddc45,669a121b2573bb3748c2a68c5ea8da448f87b691d418af243f070ff62987dac5,0.005302237492603723,False
37,2,roughness,none,roughness,0.35,test,Oracle-Rank+Residual,812503939,1.326299458266424,0.7925341951723813,-0.10700306720380882,0.4546013779527559,0.6153846153846154,0.0,54.35093139283078,0.296875,128,calibrated,oracle_rank,[0.3184921974255058],654f313f8e4880435b4df1dd48ab5ce1f6a4f3c0b19ee2120247c50f3b81c64c,roughness,668b1327d3dc09b9affd2221da8527d31d439513dc7fd9abec16ac75478abc91,5872a236cf85904d4a5eac1a9abc4c4ea1b59a0284e0e67e704e46bbad6ddc45,668b1327d3dc09b9affd2221da8527d31d439513dc7fd9abec16ac75478abc91,5872a236cf85904d4a5eac1a9abc4c4ea1b59a0284e0e67e704e46bbad6ddc45,669a121b2573bb3748c2a68c5ea8da448f87b691d418af243f070ff62987dac5,0.015718432012471695,True
37,2,roughness,none,roughness,0.35,test,Oracle-Value+Residual,812503939,1.2964842653602686,0.7884682993065251,-0.11316036440212414,0.452878937007874,0.6153846153846154,0.0,43.02013049956127,0.3125,128,calibrated,oracle_value,[0.30993589767463103],654f313f8e4880435b4df1dd48ab5ce1f6a4f3c0b19ee2120247c50f3b81c64c,roughness,668b1327d3dc09b9affd2221da8527d31d439513dc7fd9abec16ac75478abc91,5872a236cf85904d4a5eac1a9abc4c4ea1b59a0284e0e67e704e46bbad6ddc45,668b1327d3dc09b9affd2221da8527d31d439513dc7fd9abec16ac75478abc91,5872a236cf85904d4a5eac1a9abc4c4ea1b59a0284e0e67e704e46bbad6ddc45,669a121b2573bb3748c2a68c5ea8da448f87b691d418af243f070ff62987dac5,-0.014096760893683724,False
37,2,roughness,none,roughness,0.35,test,Oracle-Rank+Value+Residual,812503939,1.3161472913138554,0.7909363654792433,-0.11687419886467679,0.4500492125984252,0.6153846153846154,0.0,52.80831869107158,0.296875,128,calibrated,oracle_rank|oracle_value,"[0.2074110953863145, 0.12373315867990907]",654f313f8e4880435b4df1dd48ab5ce1f6a4f3c0b19ee2120247c50f3b81c64c,roughness,668b1327d3dc09b9affd2221da8527d31d439513dc7fd9abec16ac75478abc91,5872a236cf85904d4a5eac1a9abc4c4ea1b59a0284e0e67e704e46bbad6ddc45,668b1327d3dc09b9affd2221da8527d31d439513dc7fd9abec16ac75478abc91,5872a236cf85904d4a5eac1a9abc4c4ea1b59a0284e0e67e704e46bbad6ddc45,669a121b2573bb3748c2a68c5ea8da448f87b691d418af243f070ff62987dac5,0.005566265059903097,False
37,2,roughness,none,roughness,0.7,test,Target-Only,747935544,1.0996456363369267,0.5085420096404981,0.10690006409082586,0.5372785433070866,0.15384615384615385,0.559406102559175,3.3147416215050347,0.515625,128,target_only,none,[],654f313f8e4880435b4df1dd48ab5ce1f6a4f3c0b19ee2120247c50f3b81c64c,roughness,668b1327d3dc09b9affd2221da8527d31d439513dc7fd9abec16ac75478abc91,b1c81832ffd420f3755a48368bd1fcfdfc13905a48a7457f4364ae878391867d,668b1327d3dc09b9affd2221da8527d31d439513dc7fd9abec16ac75478abc91,b1c81832ffd420f3755a48368bd1fcfdfc13905a48a7457f4364ae878391867d,6b4c015ab1508981427ed346a019db70cf187b5ec3967eade766c52a419fda09,0.0,False
37,2,roughness,none,roughness,0.7,test,Geometry-Prior+Residual,747935544,1.0754476972426696,0.5835650034659627,0.11305163889397545,0.5374015748031497,0.23076923076923078,0.4715795741733835,12.72746499331555,0.3125,128,calibrated,geometry,[0.29316417231998976],654f313f8e4880435b4df1dd48ab5ce1f6a4f3c0b19ee2120247c50f3b81c64c,roughness,668b1327d3dc09b9affd2221da8527d31d439513dc7fd9abec16ac75478abc91,b1c81832ffd420f3755a48368bd1fcfdfc13905a48a7457f4364ae878391867d,668b1327d3dc09b9affd2221da8527d31d439513dc7fd9abec16ac75478abc91,b1c81832ffd420f3755a48368bd1fcfdfc13905a48a7457f4364ae878391867d,6b4c015ab1508981427ed346a019db70cf187b5ec3967eade766c52a419fda09,-0.024197939094257048,False
37,2,roughness,none,roughness,0.7,test,Oracle-Rank+Residual,747935544,1.2117740877555583,0.6252821878295016,0.11382416224134774,0.5410925196850394,0.15384615384615385,0.0,21.360097322255513,0.1953125,128,calibrated,oracle_rank,[0.3184921974255058],654f313f8e4880435b4df1dd48ab5ce1f6a4f3c0b19ee2120247c50f3b81c64c,roughness,668b1327d3dc09b9affd2221da8527d31d439513dc7fd9abec16ac75478abc91,b1c81832ffd420f3755a48368bd1fcfdfc13905a48a7457f4364ae878391867d,668b1327d3dc09b9affd2221da8527d31d439513dc7fd9abec16ac75478abc91,b1c81832ffd420f3755a48368bd1fcfdfc13905a48a7457f4364ae878391867d,6b4c015ab1508981427ed346a019db70cf187b5ec3967eade766c52a419fda09,0.11212845141863159,True
37,2,roughness,none,roughness,0.7,test,Oracle-Value+Residual,747935544,1.1615402139711355,0.4356684153798133,0.12102865775498992,0.5450295275590551,0.15384615384615385,0.559406102559175,17.42165564603194,0.2421875,128,calibrated,oracle_value,[0.30993589767463103],654f313f8e4880435b4df1dd48ab5ce1f6a4f3c0b19ee2120247c50f3b81c64c,roughness,668b1327d3dc09b9affd2221da8527d31d439513dc7fd9abec16ac75478abc91,b1c81832ffd420f3755a48368bd1fcfdfc13905a48a7457f4364ae878391867d,668b1327d3dc09b9affd2221da8527d31d439513dc7fd9abec16ac75478abc91,b1c81832ffd420f3755a48368bd1fcfdfc13905a48a7457f4364ae878391867d,6b4c015ab1508981427ed346a019db70cf187b5ec3967eade766c52a419fda09,0.0618945776342088,True
37,2,roughness,none,roughness,0.7,test,Oracle-Rank+Value+Residual,747935544,1.191562308621753,0.6262837597740003,0.12311160959531221,0.5451525590551181,0.15384615384615385,0.0,20.95543257818247,0.21875,128,calibrated,oracle_rank|oracle_value,"[0.2074110953863145, 0.12373315867990907]",654f313f8e4880435b4df1dd48ab5ce1f6a4f3c0b19ee2120247c50f3b81c64c,roughness,668b1327d3dc09b9affd2221da8527d31d439513dc7fd9abec16ac75478abc91,b1c81832ffd420f3755a48368bd1fcfdfc13905a48a7457f4364ae878391867d,668b1327d3dc09b9affd2221da8527d31d439513dc7fd9abec16ac75478abc91,b1c81832ffd420f3755a48368bd1fcfdfc13905a48a7457f4364ae878391867d,6b4c015ab1508981427ed346a019db70cf187b5ec3967eade766c52a419fda09,0.09191667228482636,True
37,2,roughness,none,roughness,1.0,test,Target-Only,1476724002,1.1750354748134149,0.4996068938913855,0.16570339681377036,0.5527805118110236,0.15384615384615385,0.5882699069130242,2.7608125811454194,0.6171875,128,target_only,none,[],654f313f8e4880435b4df1dd48ab5ce1f6a4f3c0b19ee2120247c50f3b81c64c,roughness,668b1327d3dc09b9affd2221da8527d31d439513dc7fd9abec16ac75478abc91,0ea4c8cb45a9637f78624151e5d2f4e8d94752fbff6d3cabbf1db91d0cb04221,668b1327d3dc09b9affd2221da8527d31d439513dc7fd9abec16ac75478abc91,0ea4c8cb45a9637f78624151e5d2f4e8d94752fbff6d3cabbf1db91d0cb04221,75c477f3dfe6d098ae966c589411f839ce008835904e5acdce53f749b8cef9d3,0.0,False
37,2,roughness,none,roughness,1.0,test,Geometry-Prior+Residual,1476724002,1.1479414731699156,0.7209387190107664,0.07425952206555576,0.5172244094488189,0.23076923076923078,0.06580478312449127,9.381858542779407,0.4296875,128,calibrated,geometry,[0.29316417231998976],654f313f8e4880435b4df1dd48ab5ce1f6a4f3c0b19ee2120247c50f3b81c64c,roughness,668b1327d3dc09b9affd2221da8527d31d439513dc7fd9abec16ac75478abc91,0ea4c8cb45a9637f78624151e5d2f4e8d94752fbff6d3cabbf1db91d0cb04221,668b1327d3dc09b9affd2221da8527d31d439513dc7fd9abec16ac75478abc91,0ea4c8cb45a9637f78624151e5d2f4e8d94752fbff6d3cabbf1db91d0cb04221,75c477f3dfe6d098ae966c589411f839ce008835904e5acdce53f749b8cef9d3,-0.027094001643499288,False
37,2,roughness,none,roughness,1.0,test,Oracle-Rank+Residual,1476724002,1.0359190106586473,0.7045137868305004,0.20449551364219004,0.5732037401574803,0.23076923076923078,0.059756083343231105,13.339148613334192,0.3828125,128,calibrated,oracle_rank,[0.3184921974255058],654f313f8e4880435b4df1dd48ab5ce1f6a4f3c0b19ee2120247c50f3b81c64c,roughness,668b1327d3dc09b9affd2221da8527d31d439513dc7fd9abec16ac75478abc91,0ea4c8cb45a9637f78624151e5d2f4e8d94752fbff6d3cabbf1db91d0cb04221,668b1327d3dc09b9affd2221da8527d31d439513dc7fd9abec16ac75478abc91,0ea4c8cb45a9637f78624151e5d2f4e8d94752fbff6d3cabbf1db91d0cb04221,75c477f3dfe6d098ae966c589411f839ce008835904e5acdce53f749b8cef9d3,-0.13911646415476753,False
37,2,roughness,none,roughness,1.0,test,Oracle-Value+Residual,1476724002,0.8861088311334608,0.7179238914933579,0.5229811389855338,0.6766732283464567,0.3076923076923077,0.059756083343231105,9.091754923158149,0.4453125,128,calibrated,oracle_value,[0.30993589767463103],654f313f8e4880435b4df1dd48ab5ce1f6a4f3c0b19ee2120247c50f3b81c64c,roughness,668b1327d3dc09b9affd2221da8527d31d439513dc7fd9abec16ac75478abc91,0ea4c8cb45a9637f78624151e5d2f4e8d94752fbff6d3cabbf1db91d0cb04221,668b1327d3dc09b9affd2221da8527d31d439513dc7fd9abec16ac75478abc91,0ea4c8cb45a9637f78624151e5d2f4e8d94752fbff6d3cabbf1db91d0cb04221,75c477f3dfe6d098ae966c589411f839ce008835904e5acdce53f749b8cef9d3,-0.288926643679954,False
37,2,roughness,none,roughness,1.0,test,Oracle-Rank+Value+Residual,1476724002,0.969741780920124,0.7016834515236857,0.3314640175791979,0.6115895669291339,0.23076923076923078,0.059756083343231105,12.145751788493827,0.4140625,128,calibrated,oracle_rank|oracle_value,"[0.2074110953863145, 0.12373315867990907]",654f313f8e4880435b4df1dd48ab5ce1f6a4f3c0b19ee2120247c50f3b81c64c,roughness,668b1327d3dc09b9affd2221da8527d31d439513dc7fd9abec16ac75478abc91,0ea4c8cb45a9637f78624151e5d2f4e8d94752fbff6d3cabbf1db91d0cb04221,668b1327d3dc09b9affd2221da8527d31d439513dc7fd9abec16ac75478abc91,0ea4c8cb45a9637f78624151e5d2f4e8d94752fbff6d3cabbf1db91d0cb04221,75c477f3dfe6d098ae966c589411f839ce008835904e5acdce53f749b8cef9d3,-0.20529369389329089,False
37,2,reversal,none,reversal,0.35,test,Target-Only,2061613780,0.8848760811450938,0.8619522743627831,0.5521024079838857,0.7015255905511811,0.38461538461538464,0.0039834637161840075,-1.971462220879383,1.0,128,target_only,none,[],654f313f8e4880435b4df1dd48ab5ce1f6a4f3c0b19ee2120247c50f3b81c64c,reversal,668b1327d3dc09b9affd2221da8527d31d439513dc7fd9abec16ac75478abc91,5872a236cf85904d4a5eac1a9abc4c4ea1b59a0284e0e67e704e46bbad6ddc45,668b1327d3dc09b9affd2221da8527d31d439513dc7fd9abec16ac75478abc91,5872a236cf85904d4a5eac1a9abc4c4ea1b59a0284e0e67e704e46bbad6ddc45,95caef746b8c18b8b4df7bd6ee84067d65eb5825c5b1fd92f8010512bf4b9db1,0.0,False
37,2,reversal,none,reversal,0.35,test,Geometry-Prior+Residual,2061613780,0.8848760811450938,0.8619522743627831,0.5521024079838857,0.7015255905511811,0.38461538461538464,0.0039834637161840075,-1.971462220879383,1.0,128,target_only,geometry,[1.2059660020866658e-20],654f313f8e4880435b4df1dd48ab5ce1f6a4f3c0b19ee2120247c50f3b81c64c,reversal,668b1327d3dc09b9affd2221da8527d31d439513dc7fd9abec16ac75478abc91,5872a236cf85904d4a5eac1a9abc4c4ea1b59a0284e0e67e704e46bbad6ddc45,668b1327d3dc09b9affd2221da8527d31d439513dc7fd9abec16ac75478abc91,5872a236cf85904d4a5eac1a9abc4c4ea1b59a0284e0e67e704e46bbad6ddc45,95caef746b8c18b8b4df7bd6ee84067d65eb5825c5b1fd92f8010512bf4b9db1,0.0,False
37,2,reversal,none,reversal,0.35,test,Oracle-Rank+Residual,2061613780,0.8848760811450938,0.8619522743627831,0.5521024079838857,0.7015255905511811,0.38461538461538464,0.0039834637161840075,-1.971462220879383,1.0,128,target_only,oracle_rank,[1.5277819118701283e-20],654f313f8e4880435b4df1dd48ab5ce1f6a4f3c0b19ee2120247c50f3b81c64c,reversal,668b1327d3dc09b9affd2221da8527d31d439513dc7fd9abec16ac75478abc91,5872a236cf85904d4a5eac1a9abc4c4ea1b59a0284e0e67e704e46bbad6ddc45,668b1327d3dc09b9affd2221da8527d31d439513dc7fd9abec16ac75478abc91,5872a236cf85904d4a5eac1a9abc4c4ea1b59a0284e0e67e704e46bbad6ddc45,95caef746b8c18b8b4df7bd6ee84067d65eb5825c5b1fd92f8010512bf4b9db1,0.0,False
37,2,reversal,none,reversal,0.35,test,Oracle-Value+Residual,2061613780,0.8848760811450938,0.8619522743627831,0.5521024079838857,0.7015255905511811,0.38461538461538464,0.0039834637161840075,-1.971462220879383,1.0,128,target_only,oracle_value,[1.566923064480372e-20],654f313f8e4880435b4df1dd48ab5ce1f6a4f3c0b19ee2120247c50f3b81c64c,reversal,668b1327d3dc09b9affd2221da8527d31d439513dc7fd9abec16ac75478abc91,5872a236cf85904d4a5eac1a9abc4c4ea1b59a0284e0e67e704e46bbad6ddc45,668b1327d3dc09b9affd2221da8527d31d439513dc7fd9abec16ac75478abc91,5872a236cf85904d4a5eac1a9abc4c4ea1b59a0284e0e67e704e46bbad6ddc45,95caef746b8c18b8b4df7bd6ee84067d65eb5825c5b1fd92f8010512bf4b9db1,0.0,False
37,2,reversal,none,reversal,0.35,test,Oracle-Rank+Value+Residual,2061613780,0.8848760811450938,0.8619522743627831,0.5521024079838857,0.7015255905511811,0.38461538461538464,0.0039834637161840075,-1.971462220879383,1.0,128,target_only,oracle_rank|oracle_value,"[6.239639849163429e-21, 1.00676152353829e-20]",654f313f8e4880435b4df1dd48ab5ce1f6a4f3c0b19ee2120247c50f3b81c64c,reversal,668b1327d3dc09b9affd2221da8527d31d439513dc7fd9abec16ac75478abc91,5872a236cf85904d4a5eac1a9abc4c4ea1b59a0284e0e67e704e46bbad6ddc45,668b1327d3dc09b9affd2221da8527d31d439513dc7fd9abec16ac75478abc91,5872a236cf85904d4a5eac1a9abc4c4ea1b59a0284e0e67e704e46bbad6ddc45,95caef746b8c18b8b4df7bd6ee84067d65eb5825c5b1fd92f8010512bf4b9db1,0.0,False
37,2,reversal,none,reversal,0.7,test,Target-Only,811318872,1.6976794162699784,0.760995265487925,0.5740020142830984,0.7129675196850394,0.15384615384615385,0.03343848878760272,-0.6926527509033885,0.8828125,128,target_only,none,[],654f313f8e4880435b4df1dd48ab5ce1f6a4f3c0b19ee2120247c50f3b81c64c,reversal,668b1327d3dc09b9affd2221da8527d31d439513dc7fd9abec16ac75478abc91,b1c81832ffd420f3755a48368bd1fcfdfc13905a48a7457f4364ae878391867d,668b1327d3dc09b9affd2221da8527d31d439513dc7fd9abec16ac75478abc91,b1c81832ffd420f3755a48368bd1fcfdfc13905a48a7457f4364ae878391867d,e862aecfc71e95f140a14e3487b331c61b06a304c1f8f6bbdaf9e79de6ce24bb,0.0,False
37,2,reversal,none,reversal,0.7,test,Geometry-Prior+Residual,811318872,1.6976794162699784,0.760995265487925,0.5740020142830984,0.7129675196850394,0.15384615384615385,0.03343848878760272,-0.6926527509033885,0.8828125,128,target_only,geometry,[1.2059660020866658e-20],654f313f8e4880435b4df1dd48ab5ce1f6a4f3c0b19ee2120247c50f3b81c64c,reversal,668b1327d3dc09b9affd2221da8527d31d439513dc7fd9abec16ac75478abc91,b1c81832ffd420f3755a48368bd1fcfdfc13905a48a7457f4364ae878391867d,668b1327d3dc09b9affd2221da8527d31d439513dc7fd9abec16ac75478abc91,b1c81832ffd420f3755a48368bd1fcfdfc13905a48a7457f4364ae878391867d,e862aecfc71e95f140a14e3487b331c61b06a304c1f8f6bbdaf9e79de6ce24bb,0.0,False
37,2,reversal,none,reversal,0.7,test,Oracle-Rank+Residual,811318872,1.6976794162699784,0.760995265487925,0.5740020142830984,0.7129675196850394,0.15384615384615385,0.03343848878760272,-0.6926527509033885,0.8828125,128,target_only,oracle_rank,[1.5277819118701283e-20],654f313f8e4880435b4df1dd48ab5ce1f6a4f3c0b19ee2120247c50f3b81c64c,reversal,668b1327d3dc09b9affd2221da8527d31d439513dc7fd9abec16ac75478abc91,b1c81832ffd420f3755a48368bd1fcfdfc13905a48a7457f4364ae878391867d,668b1327d3dc09b9affd2221da8527d31d439513dc7fd9abec16ac75478abc91,b1c81832ffd420f3755a48368bd1fcfdfc13905a48a7457f4364ae878391867d,e862aecfc71e95f140a14e3487b331c61b06a304c1f8f6bbdaf9e79de6ce24bb,0.0,False
37,2,reversal,none,reversal,0.7,test,Oracle-Value+Residual,811318872,1.6976794162699784,0.760995265487925,0.5740020142830984,0.7129675196850394,0.15384615384615385,0.03343848878760272,-0.6926527509033885,0.8828125,128,target_only,oracle_value,[1.566923064480372e-20],654f313f8e4880435b4df1dd48ab5ce1f6a4f3c0b19ee2120247c50f3b81c64c,reversal,668b1327d3dc09b9affd2221da8527d31d439513dc7fd9abec16ac75478abc91,b1c81832ffd420f3755a48368bd1fcfdfc13905a48a7457f4364ae878391867d,668b1327d3dc09b9affd2221da8527d31d439513dc7fd9abec16ac75478abc91,b1c81832ffd420f3755a48368bd1fcfdfc13905a48a7457f4364ae878391867d,e862aecfc71e95f140a14e3487b331c61b06a304c1f8f6bbdaf9e79de6ce24bb,0.0,False
37,2,reversal,none,reversal,0.7,test,Oracle-Rank+Value+Residual,811318872,1.6976794162699784,0.760995265487925,0.5740020142830984,0.7129675196850394,0.15384615384615385,0.03343848878760272,-0.6926527509033885,0.8828125,128,target_only,oracle_rank|oracle_value,"[6.239639849163429e-21, 1.00676152353829e-20]",654f313f8e4880435b4df1dd48ab5ce1f6a4f3c0b19ee2120247c50f3b81c64c,reversal,668b1327d3dc09b9affd2221da8527d31d439513dc7fd9abec16ac75478abc91,b1c81832ffd420f3755a48368bd1fcfdfc13905a48a7457f4364ae878391867d,668b1327d3dc09b9affd2221da8527d31d439513dc7fd9abec16ac75478abc91,b1c81832ffd420f3755a48368bd1fcfdfc13905a48a7457f4364ae878391867d,e862aecfc71e95f140a14e3487b331c61b06a304c1f8f6bbdaf9e79de6ce24bb,0.0,False
37,2,reversal,none,reversal,1.0,test,Target-Only,1533218065,1.0094728525148517,0.7303689860800813,0.662086843069035,0.749138779527559,0.0,0.06800436461182191,-0.11139828425780879,0.8359375,128,target_only,none,[],654f313f8e4880435b4df1dd48ab5ce1f6a4f3c0b19ee2120247c50f3b81c64c,reversal,668b1327d3dc09b9affd2221da8527d31d439513dc7fd9abec16ac75478abc91,0ea4c8cb45a9637f78624151e5d2f4e8d94752fbff6d3cabbf1db91d0cb04221,668b1327d3dc09b9affd2221da8527d31d439513dc7fd9abec16ac75478abc91,0ea4c8cb45a9637f78624151e5d2f4e8d94752fbff6d3cabbf1db91d0cb04221,1c56db0e6d27e93fee5c90f3797e066f8c9da0427003633cbd92fbae0b70d5e7,0.0,False
37,2,reversal,none,reversal,1.0,test,Geometry-Prior+Residual,1533218065,1.0094728525148517,0.7303689860800813,0.662086843069035,0.749138779527559,0.0,0.06800436461182191,-0.11139828425780879,0.8359375,128,target_only,geometry,[1.2059660020866658e-20],654f313f8e4880435b4df1dd48ab5ce1f6a4f3c0b19ee2120247c50f3b81c64c,reversal,668b1327d3dc09b9affd2221da8527d31d439513dc7fd9abec16ac75478abc91,0ea4c8cb45a9637f78624151e5d2f4e8d94752fbff6d3cabbf1db91d0cb04221,668b1327d3dc09b9affd2221da8527d31d439513dc7fd9abec16ac75478abc91,0ea4c8cb45a9637f78624151e5d2f4e8d94752fbff6d3cabbf1db91d0cb04221,1c56db0e6d27e93fee5c90f3797e066f8c9da0427003633cbd92fbae0b70d5e7,0.0,False
37,2,reversal,none,reversal,1.0,test,Oracle-Rank+Residual,1533218065,1.0094728525148517,0.7303689860800813,0.662086843069035,0.749138779527559,0.0,0.06800436461182191,-0.11139828425780879,0.8359375,128,target_only,oracle_rank,[1.5277819118701283e-20],654f313f8e4880435b4df1dd48ab5ce1f6a4f3c0b19ee2120247c50f3b81c64c,reversal,668b1327d3dc09b9affd2221da8527d31d439513dc7fd9abec16ac75478abc91,0ea4c8cb45a9637f78624151e5d2f4e8d94752fbff6d3cabbf1db91d0cb04221,668b1327d3dc09b9affd2221da8527d31d439513dc7fd9abec16ac75478abc91,0ea4c8cb45a9637f78624151e5d2f4e8d94752fbff6d3cabbf1db91d0cb04221,1c56db0e6d27e93fee5c90f3797e066f8c9da0427003633cbd92fbae0b70d5e7,0.0,False
37,2,reversal,none,reversal,1.0,test,Oracle-Value+Residual,1533218065,1.0094728525148517,0.7303689860800813,0.662086843069035,0.749138779527559,0.0,0.06800436461182191,-0.11139828425780879,0.8359375,128,target_only,oracle_value,[1.566923064480372e-20],654f313f8e4880435b4df1dd48ab5ce1f6a4f3c0b19ee2120247c50f3b81c64c,reversal,668b1327d3dc09b9affd2221da8527d31d439513dc7fd9abec16ac75478abc91,0ea4c8cb45a9637f78624151e5d2f4e8d94752fbff6d3cabbf1db91d0cb04221,668b1327d3dc09b9affd2221da8527d31d439513dc7fd9abec16ac75478abc91,0ea4c8cb45a9637f78624151e5d2f4e8d94752fbff6d3cabbf1db91d0cb04221,1c56db0e6d27e93fee5c90f3797e066f8c9da0427003633cbd92fbae0b70d5e7,0.0,False
37,2,reversal,none,reversal,1.0,test,Oracle-Rank+Value+Residual,1533218065,1.0094728525148517,0.7303689860800813,0.662086843069035,0.749138779527559,0.0,0.06800436461182191,-0.11139828425780879,0.8359375,128,target_only,oracle_rank|oracle_value,"[6.239639849163429e-21, 1.00676152353829e-20]",654f313f8e4880435b4df1dd48ab5ce1f6a4f3c0b19ee2120247c50f3b81c64c,reversal,668b1327d3dc09b9affd2221da8527d31d439513dc7fd9abec16ac75478abc91,0ea4c8cb45a9637f78624151e5d2f4e8d94752fbff6d3cabbf1db91d0cb04221,668b1327d3dc09b9affd2221da8527d31d439513dc7fd9abec16ac75478abc91,0ea4c8cb45a9637f78624151e5d2f4e8d94752fbff6d3cabbf1db91d0cb04221,1c56db0e6d27e93fee5c90f3797e066f8c9da0427003633cbd92fbae0b70d5e7,0.0,False
37,2,independent_expert,none,independent_expert,0.35,test,Target-Only,750857945,0.8848760811450938,0.9227437391905372,0.5521024079838857,0.7015255905511811,0.6153846153846154,0.05439807252615626,-1.971462220879383,1.0,128,target_only,none,[],198f60aeeacdacce052db5474f9b3c1723727b5c2b30c35745eee151659add5c,independent_expert,668b1327d3dc09b9affd2221da8527d31d439513dc7fd9abec16ac75478abc91,5872a236cf85904d4a5eac1a9abc4c4ea1b59a0284e0e67e704e46bbad6ddc45,668b1327d3dc09b9affd2221da8527d31d439513dc7fd9abec16ac75478abc91,5872a236cf85904d4a5eac1a9abc4c4ea1b59a0284e0e67e704e46bbad6ddc45,5904af3890f5827b2fc50cdb27e528a720584e01c4b2006460463254ca9c2001,0.0,False
37,2,independent_expert,none,independent_expert,0.35,test,Geometry-Prior+Residual,750857945,0.7604245231910212,0.906826121358289,0.6801982237685406,0.7408956692913385,0.5384615384615384,0.05439807252615626,-1.9507111453199804,0.875,128,calibrated,geometry,[0.22246143989264666],198f60aeeacdacce052db5474f9b3c1723727b5c2b30c35745eee151659add5c,independent_expert,668b1327d3dc09b9affd2221da8527d31d439513dc7fd9abec16ac75478abc91,5872a236cf85904d4a5eac1a9abc4c4ea1b59a0284e0e67e704e46bbad6ddc45,668b1327d3dc09b9affd2221da8527d31d439513dc7fd9abec16ac75478abc91,5872a236cf85904d4a5eac1a9abc4c4ea1b59a0284e0e67e704e46bbad6ddc45,5904af3890f5827b2fc50cdb27e528a720584e01c4b2006460463254ca9c2001,-0.12445155795407259,False
37,2,independent_expert,none,independent_expert,0.35,test,Oracle-Rank+Residual,750857945,0.8848760811450938,0.9227437391905372,0.5521024079838857,0.7015255905511811,0.6153846153846154,0.05439807252615626,-1.971462220879383,1.0,128,target_only,oracle_rank,[7.082431970664141e-18],198f60aeeacdacce052db5474f9b3c1723727b5c2b30c35745eee151659add5c,independent_expert,668b1327d3dc09b9affd2221da8527d31d439513dc7fd9abec16ac75478abc91,5872a236cf85904d4a5eac1a9abc4c4ea1b59a0284e0e67e704e46bbad6ddc45,668b1327d3dc09b9affd2221da8527d31d439513dc7fd9abec16ac75478abc91,5872a236cf85904d4a5eac1a9abc4c4ea1b59a0284e0e67e704e46bbad6ddc45,5904af3890f5827b2fc50cdb27e528a720584e01c4b2006460463254ca9c2001,0.0,False
37,2,independent_expert,none,independent_expert,0.35,test,Oracle-Value+Residual,750857945,0.8848760811450938,0.9227437391905372,0.5521024079838857,0.7015255905511811,0.6153846153846154,0.05439807252615626,-1.971462220879383,1.0,128,target_only,oracle_value,[2.2962029741286274e-19],198f60aeeacdacce052db5474f9b3c1723727b5c2b30c35745eee151659add5c,independent_expert,668b1327d3dc09b9affd2221da8527d31d439513dc7fd9abec16ac75478abc91,5872a236cf85904d4a5eac1a9abc4c4ea1b59a0284e0e67e704e46bbad6ddc45,668b1327d3dc09b9affd2221da8527d31d439513dc7fd9abec16ac75478abc91,5872a236cf85904d4a5eac1a9abc4c4ea1b59a0284e0e67e704e46bbad6ddc45,5904af3890f5827b2fc50cdb27e528a720584e01c4b2006460463254ca9c2001,0.0,False
37,2,independent_expert,none,independent_expert,0.35,test,Oracle-Rank+Value+Residual,750857945,0.8848760810306263,0.9227437391905372,0.5521024079838857,0.7015255905511811,0.6153846153846154,0.05439807252615626,-1.9714622209992914,1.0,128,calibrated,oracle_rank|oracle_value,"[6.125161560507045e-12, 3.399959449937338e-12]",198f60aeeacdacce052db5474f9b3c1723727b5c2b30c35745eee151659add5c,independent_expert,668b1327d3dc09b9affd2221da8527d31d439513dc7fd9abec16ac75478abc91,5872a236cf85904d4a5eac1a9abc4c4ea1b59a0284e0e67e704e46bbad6ddc45,668b1327d3dc09b9affd2221da8527d31d439513dc7fd9abec16ac75478abc91,5872a236cf85904d4a5eac1a9abc4c4ea1b59a0284e0e67e704e46bbad6ddc45,5904af3890f5827b2fc50cdb27e528a720584e01c4b2006460463254ca9c2001,-1.1446743553022998e-10,False
37,2,independent_expert,none,independent_expert,0.7,test,Target-Only,63494643,1.6976794162699784,0.5576718829988849,0.5740020142830984,0.7129675196850394,0.0,0.8521078441012692,-0.6926527509033885,0.8828125,128,target_only,none,[],198f60aeeacdacce052db5474f9b3c1723727b5c2b30c35745eee151659add5c,independent_expert,668b1327d3dc09b9affd2221da8527d31d439513dc7fd9abec16ac75478abc91,b1c81832ffd420f3755a48368bd1fcfdfc13905a48a7457f4364ae878391867d,668b1327d3dc09b9affd2221da8527d31d439513dc7fd9abec16ac75478abc91,b1c81832ffd420f3755a48368bd1fcfdfc13905a48a7457f4364ae878391867d,7c724200457735071128e7efbcc736b006914f0f65f1cd3441c9af1541ac2b09,0.0,False
37,2,independent_expert,none,independent_expert,0.7,test,Geometry-Prior+Residual,63494643,1.2592109822624766,0.93101189440516,0.6734686870536531,0.749876968503937,0.38461538461538464,0.0006651770147577169,-0.9263731139163061,0.84375,128,calibrated,geometry,[0.22246143989264666],198f60aeeacdacce052db5474f9b3c1723727b5c2b30c35745eee151659add5c,independent_expert,668b1327d3dc09b9affd2221da8527d31d439513dc7fd9abec16ac75478abc91,b1c81832ffd420f3755a48368bd1fcfdfc13905a48a7457f4364ae878391867d,668b1327d3dc09b9affd2221da8527d31d439513dc7fd9abec16ac75478abc91,b1c81832ffd420f3755a48368bd1fcfdfc13905a48a7457f4364ae878391867d,7c724200457735071128e7efbcc736b006914f0f65f1cd3441c9af1541ac2b09,-0.4384684340075018,False
37,2,independent_expert,none,independent_expert,0.7,test,Oracle-Rank+Residual,63494643,1.6976794162699784,0.5576718829988849,0.5740020142830984,0.7129675196850394,0.0,0.8521078441012692,-0.6926527509033885,0.8828125,128,target_only,oracle_rank,[7.082431970664141e-18],198f60aeeacdacce052db5474f9b3c1723727b5c2b30c35745eee151659add5c,independent_expert,668b1327d3dc09b9affd2221da8527d31d439513dc7fd9abec16ac75478abc91,b1c81832ffd420f3755a48368bd1fcfdfc13905a48a7457f4364ae878391867d,668b1327d3dc09b9affd2221da8527d31d439513dc7fd9abec16ac75478abc91,b1c81832ffd420f3755a48368bd1fcfdfc13905a48a7457f4364ae878391867d,7c724200457735071128e7efbcc736b006914f0f65f1cd3441c9af1541ac2b09,0.0,False
37,2,independent_expert,none,independent_expert,0.7,test,Oracle-Value+Residual,63494643,1.6976794162699784,0.5576718829988849,0.5740020142830984,0.7129675196850394,0.0,0.8521078441012692,-0.6926527509033885,0.8828125,128,target_only,oracle_value,[2.2962029741286274e-19],198f60aeeacdacce052db5474f9b3c1723727b5c2b30c35745eee151659add5c,independent_expert,668b1327d3dc09b9affd2221da8527d31d439513dc7fd9abec16ac75478abc91,b1c81832ffd420f3755a48368bd1fcfdfc13905a48a7457f4364ae878391867d,668b1327d3dc09b9affd2221da8527d31d439513dc7fd9abec16ac75478abc91,b1c81832ffd420f3755a48368bd1fcfdfc13905a48a7457f4364ae878391867d,7c724200457735071128e7efbcc736b006914f0f65f1cd3441c9af1541ac2b09,0.0,False
37,2,independent_expert,none,independent_expert,0.7,test,Oracle-Rank+Value+Residual,63494643,1.6976794162867557,0.5576718829988849,0.5740020142830984,0.7129675196850394,0.0,0.8521078441012692,-0.6926527509785232,0.8828125,128,calibrated,oracle_rank|oracle_value,"[6.125161560507045e-12, 3.399959449937338e-12]",198f60aeeacdacce052db5474f9b3c1723727b5c2b30c35745eee151659add5c,independent_expert,668b1327d3dc09b9affd2221da8527d31d439513dc7fd9abec16ac75478abc91,b1c81832ffd420f3755a48368bd1fcfdfc13905a48a7457f4364ae878391867d,668b1327d3dc09b9affd2221da8527d31d439513dc7fd9abec16ac75478abc91,b1c81832ffd420f3755a48368bd1fcfdfc13905a48a7457f4364ae878391867d,7c724200457735071128e7efbcc736b006914f0f65f1cd3441c9af1541ac2b09,1.6777246258925516e-11,False
37,2,independent_expert,none,independent_expert,1.0,test,Target-Only,997481075,1.0094728525148517,0.7389795613957778,0.662086843069035,0.749138779527559,0.07692307692307693,0.25957095995520646,-0.11139828425780879,0.8359375,128,target_only,none,[],198f60aeeacdacce052db5474f9b3c1723727b5c2b30c35745eee151659add5c,independent_expert,668b1327d3dc09b9affd2221da8527d31d439513dc7fd9abec16ac75478abc91,0ea4c8cb45a9637f78624151e5d2f4e8d94752fbff6d3cabbf1db91d0cb04221,668b1327d3dc09b9affd2221da8527d31d439513dc7fd9abec16ac75478abc91,0ea4c8cb45a9637f78624151e5d2f4e8d94752fbff6d3cabbf1db91d0cb04221,8308bff324ee9e5b80cbce4c987bf9e2aca6ec0d38610286ae36a79c00f6b0a9,0.0,False
37,2,independent_expert,none,independent_expert,1.0,test,Geometry-Prior+Residual,997481075,0.747297403836089,0.93101189440516,0.6841352316425563,0.7540600393700787,0.38461538461538464,0.0004540840138006673,-0.08699640034729207,0.71875,128,calibrated,geometry,[0.22246143989264666],198f60aeeacdacce052db5474f9b3c1723727b5c2b30c35745eee151659add5c,independent_expert,668b1327d3dc09b9affd2221da8527d31d439513dc7fd9abec16ac75478abc91,0ea4c8cb45a9637f78624151e5d2f4e8d94752fbff6d3cabbf1db91d0cb04221,668b1327d3dc09b9affd2221da8527d31d439513dc7fd9abec16ac75478abc91,0ea4c8cb45a9637f78624151e5d2f4e8d94752fbff6d3cabbf1db91d0cb04221,8308bff324ee9e5b80cbce4c987bf9e2aca6ec0d38610286ae36a79c00f6b0a9,-0.26217544867876275,False
37,2,independent_expert,none,independent_expert,1.0,test,Oracle-Rank+Residual,997481075,1.0094728525148517,0.7389795613957778,0.662086843069035,0.749138779527559,0.07692307692307693,0.25957095995520646,-0.11139828425780879,0.8359375,128,target_only,oracle_rank,[7.082431970664141e-18],198f60aeeacdacce052db5474f9b3c1723727b5c2b30c35745eee151659add5c,independent_expert,668b1327d3dc09b9affd2221da8527d31d439513dc7fd9abec16ac75478abc91,0ea4c8cb45a9637f78624151e5d2f4e8d94752fbff6d3cabbf1db91d0cb04221,668b1327d3dc09b9affd2221da8527d31d439513dc7fd9abec16ac75478abc91,0ea4c8cb45a9637f78624151e5d2f4e8d94752fbff6d3cabbf1db91d0cb04221,8308bff324ee9e5b80cbce4c987bf9e2aca6ec0d38610286ae36a79c00f6b0a9,0.0,False
37,2,independent_expert,none,independent_expert,1.0,test,Oracle-Value+Residual,997481075,1.0094728525148517,0.7389795613957778,0.662086843069035,0.749138779527559,0.07692307692307693,0.25957095995520646,-0.11139828425780879,0.8359375,128,target_only,oracle_value,[2.2962029741286274e-19],198f60aeeacdacce052db5474f9b3c1723727b5c2b30c35745eee151659add5c,independent_expert,668b1327d3dc09b9affd2221da8527d31d439513dc7fd9abec16ac75478abc91,0ea4c8cb45a9637f78624151e5d2f4e8d94752fbff6d3cabbf1db91d0cb04221,668b1327d3dc09b9affd2221da8527d31d439513dc7fd9abec16ac75478abc91,0ea4c8cb45a9637f78624151e5d2f4e8d94752fbff6d3cabbf1db91d0cb04221,8308bff324ee9e5b80cbce4c987bf9e2aca6ec0d38610286ae36a79c00f6b0a9,0.0,False
37,2,independent_expert,none,independent_expert,1.0,test,Oracle-Rank+Value+Residual,997481075,1.009472852531188,0.7389795613957778,0.662086843069035,0.749138779527559,0.07692307692307693,0.25957095995520646,-0.11139828423055159,0.8359375,128,calibrated,oracle_rank|oracle_value,"[6.125161560507045e-12, 3.399959449937338e-12]",198f60aeeacdacce052db5474f9b3c1723727b5c2b30c35745eee151659add5c,independent_expert,668b1327d3dc09b9affd2221da8527d31d439513dc7fd9abec16ac75478abc91,0ea4c8cb45a9637f78624151e5d2f4e8d94752fbff6d3cabbf1db91d0cb04221,668b1327d3dc09b9affd2221da8527d31d439513dc7fd9abec16ac75478abc91,0ea4c8cb45a9637f78624151e5d2f4e8d94752fbff6d3cabbf1db91d0cb04221,8308bff324ee9e5b80cbce4c987bf9e2aca6ec0d38610286ae36a79c00f6b0a9,1.6336265673544403e-11,False
53,2,identity,none,identity,0.35,test,Target-Only,1487811297,0.5315660675612947,0.9476316679560849,0.9440979216260758,0.9003444881889764,0.7692307692307693,0.036319055293753164,-2.2246595714940036,1.0,128,target_only,none,[],ce71ec09f3c4d30681db1e8e17acb1c792f71d340598d7a31468c0e8660d96c6,identity,f2b8188126cbd536dced8f0c094666b7724852301f7eec3be6c05ae3a2c95441,fcb16320c3d66c921e5a981e33a3a9e40e617d04fd0d79890d91638c230fea39,f2b8188126cbd536dced8f0c094666b7724852301f7eec3be6c05ae3a2c95441,fcb16320c3d66c921e5a981e33a3a9e40e617d04fd0d79890d91638c230fea39,580c72c152161bc4d2d0f2a3f8b1cafd891e2c64ffa8154d994bc91219b262aa,0.0,False
53,2,identity,none,identity,0.35,test,Geometry-Prior+Residual,1487811297,0.5261658837172151,0.9818403454064873,0.9627357626808277,0.92310531496063,0.9230769230769231,0.011774942522395462,-2.3439820545919687,0.8828125,128,calibrated,geometry,[0.2604193296777957],ce71ec09f3c4d30681db1e8e17acb1c792f71d340598d7a31468c0e8660d96c6,identity,f2b8188126cbd536dced8f0c094666b7724852301f7eec3be6c05ae3a2c95441,fcb16320c3d66c921e5a981e33a3a9e40e617d04fd0d79890d91638c230fea39,f2b8188126cbd536dced8f0c094666b7724852301f7eec3be6c05ae3a2c95441,fcb16320c3d66c921e5a981e33a3a9e40e617d04fd0d79890d91638c230fea39,580c72c152161bc4d2d0f2a3f8b1cafd891e2c64ffa8154d994bc91219b262aa,-0.005400183844079587,False
53,2,identity,none,identity,0.35,test,Oracle-Rank+Residual,1487811297,0.28252598844948323,0.9976941429450493,0.9157606207654275,0.8821358267716536,0.9230769230769231,0.0,-2.9210466624431626,0.890625,128,calibrated,oracle_rank,[0.2767052144811889],ce71ec09f3c4d30681db1e8e17acb1c792f71d340598d7a31468c0e8660d96c6,identity,f2b8188126cbd536dced8f0c094666b7724852301f7eec3be6c05ae3a2c95441,fcb16320c3d66c921e5a981e33a3a9e40e617d04fd0d79890d91638c230fea39,f2b8188126cbd536dced8f0c094666b7724852301f7eec3be6c05ae3a2c95441,fcb16320c3d66c921e5a981e33a3a9e40e617d04fd0d79890d91638c230fea39,580c72c152161bc4d2d0f2a3f8b1cafd891e2c64ffa8154d994bc91219b262aa,-0.24904007911181142,False
53,2,identity,none,identity,0.35,test,Oracle-Value+Residual,1487811297,0.06348022274889666,0.9990075447511709,0.958569859000183,0.9325787401574803,0.9230769230769231,0.0,-4.49736752122124,1.0,128,calibrated,oracle_value,[0.28693152385354187],ce71ec09f3c4d30681db1e8e17acb1c792f71d340598d7a31468c0e8660d96c6,identity,f2b8188126cbd536dced8f0c094666b7724852301f7eec3be6c05ae3a2c95441,fcb16320c3d66c921e5a981e33a3a9e40e617d04fd0d79890d91638c230fea39,f2b8188126cbd536dced8f0c094666b7724852301f7eec3be6c05ae3a2c95441,fcb16320c3d66c921e5a981e33a3a9e40e617d04fd0d79890d91638c230fea39,580c72c152161bc4d2d0f2a3f8b1cafd891e2c64ffa8154d994bc91219b262aa,-0.468085844812398,False
53,2,identity,none,identity,0.35,test,Oracle-Rank+Value+Residual,1487811297,0.12180402582478986,0.9985106594775286,0.9446816059329792,0.9120324803149606,0.9230769230769231,0.0,-3.720352080998592,0.875,128,calibrated,oracle_rank|oracle_value,"[0.1024196850771775, 0.19573578976453748]",ce71ec09f3c4d30681db1e8e17acb1c792f71d340598d7a31468c0e8660d96c6,identity,f2b8188126cbd536dced8f0c094666b7724852301f7eec3be6c05ae3a2c95441,fcb16320c3d66c921e5a981e33a3a9e40e617d04fd0d79890d91638c230fea39,f2b8188126cbd536dced8f0c094666b7724852301f7eec3be6c05ae3a2c95441,fcb16320c3d66c921e5a981e33a3a9e40e617d04fd0d79890d91638c230fea39,580c72c152161bc4d2d0f2a3f8b1cafd891e2c64ffa8154d994bc91219b262aa,-0.40976204173650477,False
53,2,identity,none,identity,0.7,test,Target-Only,927824944,1.4355237658829227,0.9303263314874399,0.8002941311115179,0.8086860236220472,0.6923076923076923,0.1317713232263,-0.9302058906783901,0.8515625,128,target_only,none,[],ce71ec09f3c4d30681db1e8e17acb1c792f71d340598d7a31468c0e8660d96c6,identity,f2b8188126cbd536dced8f0c094666b7724852301f7eec3be6c05ae3a2c95441,7411e5beab1cf7602a0333113c707c384388cec711f55a8194d4d215278f86d5,f2b8188126cbd536dced8f0c094666b7724852301f7eec3be6c05ae3a2c95441,7411e5beab1cf7602a0333113c707c384388cec711f55a8194d4d215278f86d5,2d6c33264a1deddd2b56cfcc0c828b14c82c5af12607a3f9a27c5a69d36dae55,0.0,False
53,2,identity,none,identity,0.7,test,Geometry-Prior+Residual,927824944,0.9704595261521047,0.9394027497064137,0.9310336934627357,0.8930856299212598,0.5384615384615384,0.00768434038958186,0.018887702812840246,0.5390625,128,calibrated,geometry,[0.2604193296777957],ce71ec09f3c4d30681db1e8e17acb1c792f71d340598d7a31468c0e8660d96c6,identity,f2b8188126cbd536dced8f0c094666b7724852301f7eec3be6c05ae3a2c95441,7411e5beab1cf7602a0333113c707c384388cec711f55a8194d4d215278f86d5,f2b8188126cbd536dced8f0c094666b7724852301f7eec3be6c05ae3a2c95441,7411e5beab1cf7602a0333113c707c384388cec711f55a8194d4d215278f86d5,2d6c33264a1deddd2b56cfcc0c828b14c82c5af12607a3f9a27c5a69d36dae55,-0.465064239730818,False
53,2,identity,none,identity,0.7,test,Oracle-Rank+Residual,927824944,1.0484016059568892,0.9791450071267505,0.7621257553561619,0.79564468503937,0.7692307692307693,0.03112422702800295,2.273464314988943,0.4140625,128,calibrated,oracle_rank,[0.2767052144811889],ce71ec09f3c4d30681db1e8e17acb1c792f71d340598d7a31468c0e8660d96c6,identity,f2b8188126cbd536dced8f0c094666b7724852301f7eec3be6c05ae3a2c95441,7411e5beab1cf7602a0333113c707c384388cec711f55a8194d4d215278f86d5,f2b8188126cbd536dced8f0c094666b7724852301f7eec3be6c05ae3a2c95441,7411e5beab1cf7602a0333113c707c384388cec711f55a8194d4d215278f86d5,2d6c33264a1deddd2b56cfcc0c828b14c82c5af12607a3f9a27c5a69d36dae55,-0.3871221599260335,False
53,2,identity,none,identity,0.7,test,Oracle-Value+Residual,927824944,0.1573803847977494,0.9989018794054504,0.9279207104925837,0.9094488188976378,1.0,0.003283988233081985,-3.0771602301181815,0.8359375,128,calibrated,oracle_value,[0.28693152385354187],ce71ec09f3c4d30681db1e8e17acb1c792f71d340598d7a31468c0e8660d96c6,identity,f2b8188126cbd536dced8f0c094666b7724852301f7eec3be6c05ae3a2c95441,7411e5beab1cf7602a0333113c707c384388cec711f55a8194d4d215278f86d5,f2b8188126cbd536dced8f0c094666b7724852301f7eec3be6c05ae3a2c95441,7411e5beab1cf7602a0333113c707c384388cec711f55a8194d4d215278f86d5,2d6c33264a1deddd2b56cfcc0c828b14c82c5af12607a3f9a27c5a69d36dae55,-1.2781433810851732,False
53,2,identity,none,identity,0.7,test,Oracle-Rank+Value+Residual,927824944,0.4169755203396644,0.9978425805165153,0.8511662241347737,0.8513779527559056,0.9230769230769231,0.0,1.42635255038924,0.4140625,128,calibrated,oracle_rank|oracle_value,"[0.1024196850771775, 0.19573578976453748]",ce71ec09f3c4d30681db1e8e17acb1c792f71d340598d7a31468c0e8660d96c6,identity,f2b8188126cbd536dced8f0c094666b7724852301f7eec3be6c05ae3a2c95441,7411e5beab1cf7602a0333113c707c384388cec711f55a8194d4d215278f86d5,f2b8188126cbd536dced8f0c094666b7724852301f7eec3be6c05ae3a2c95441,7411e5beab1cf7602a0333113c707c384388cec711f55a8194d4d215278f86d5,2d6c33264a1deddd2b56cfcc0c828b14c82c5af12607a3f9a27c5a69d36dae55,-1.0185482455432584,False
53,2,identity,none,identity,1.0,test,Target-Only,641313103,0.8573697026792467,0.8772621003363831,0.6884842519685039,0.7641486220472441,0.6153846153846154,0.20516691410566468,-0.2380391980105307,0.8046875,128,target_only,none,[],ce71ec09f3c4d30681db1e8e17acb1c792f71d340598d7a31468c0e8660d96c6,identity,f2b8188126cbd536dced8f0c094666b7724852301f7eec3be6c05ae3a2c95441,3517eb9ee13e56083e32f3b4122a836d77f0b4ddd8654f073907a81c41147408,f2b8188126cbd536dced8f0c094666b7724852301f7eec3be6c05ae3a2c95441,3517eb9ee13e56083e32f3b4122a836d77f0b4ddd8654f073907a81c41147408,49f636753fe542f0b646dc55742349d07870c98277875a52542338cd3f3097e0,0.0,False
53,2,identity,none,identity,1.0,test,Geometry-Prior+Residual,641313103,0.6261986243669073,0.8912589081365739,0.9037149789415856,0.8711860236220472,0.46153846153846156,0.11475021807650171,1.3607078901005456,0.390625,128,calibrated,geometry,[0.2604193296777957],ce71ec09f3c4d30681db1e8e17acb1c792f71d340598d7a31468c0e8660d96c6,identity,f2b8188126cbd536dced8f0c094666b7724852301f7eec3be6c05ae3a2c95441,3517eb9ee13e56083e32f3b4122a836d77f0b4ddd8654f073907a81c41147408,f2b8188126cbd536dced8f0c094666b7724852301f7eec3be6c05ae3a2c95441,3517eb9ee13e56083e32f3b4122a836d77f0b4ddd8654f073907a81c41147408,49f636753fe542f0b646dc55742349d07870c98277875a52542338cd3f3097e0,-0.2311710783123394,False
53,2,identity,none,identity,1.0,test,Oracle-Rank+Residual,641313103,0.5236288852842376,0.991739977106393,0.8862101721296466,0.8640501968503937,0.8461538461538461,0.0,3.4092760019355257,0.4375,128,calibrated,oracle_rank,[0.2767052144811889],ce71ec09f3c4d30681db1e8e17acb1c792f71d340598d7a31468c0e8660d96c6,identity,f2b8188126cbd536dced8f0c094666b7724852301f7eec3be6c05ae3a2c95441,3517eb9ee13e56083e32f3b4122a836d77f0b4ddd8654f073907a81c41147408,f2b8188126cbd536dced8f0c094666b7724852301f7eec3be6c05ae3a2c95441,3517eb9ee13e56083e32f3b4122a836d77f0b4ddd8654f073907a81c41147408,49f636753fe542f0b646dc55742349d07870c98277875a52542338cd3f3097e0,-0.33374081739500916,False
53,2,identity,none,identity,1.0,test,Oracle-Value+Residual,641313103,0.09160939838837075,0.9970389795853483,0.9919543123969969,0.969242125984252,0.9230769230769231,0.0022047954567714053,-0.9074998165899104,0.6171875,128,calibrated,oracle_value,[0.28693152385354187],ce71ec09f3c4d30681db1e8e17acb1c792f71d340598d7a31468c0e8660d96c6,identity,f2b8188126cbd536dced8f0c094666b7724852301f7eec3be6c05ae3a2c95441,3517eb9ee13e56083e32f3b4122a836d77f0b4ddd8654f073907a81c41147408,f2b8188126cbd536dced8f0c094666b7724852301f7eec3be6c05ae3a2c95441,3517eb9ee13e56083e32f3b4122a836d77f0b4ddd8654f073907a81c41147408,49f636753fe542f0b646dc55742349d07870c98277875a52542338cd3f3097e0,-0.7657603042908759,False
53,2,identity,none,identity,1.0,test,Oracle-Rank+Value+Residual,641313103,0.20891721002288421,0.9980434521668308,0.9804065189525728,0.9469734251968503,0.9230769230769231,0.0,3.763797608096653,0.4375,128,calibrated,oracle_rank|oracle_value,"[0.1024196850771775, 0.19573578976453748]",ce71ec09f3c4d30681db1e8e17acb1c792f71d340598d7a31468c0e8660d96c6,identity,f2b8188126cbd536dced8f0c094666b7724852301f7eec3be6c05ae3a2c95441,3517eb9ee13e56083e32f3b4122a836d77f0b4ddd8654f073907a81c41147408,f2b8188126cbd536dced8f0c094666b7724852301f7eec3be6c05ae3a2c95441,3517eb9ee13e56083e32f3b4122a836d77f0b4ddd8654f073907a81c41147408,49f636753fe542f0b646dc55742349d07870c98277875a52542338cd3f3097e0,-0.6484524926563625,False
53,2,identity,identity_label_permutation,identity_label_permutation,0.35,test,Target-Only,743037709,0.5315660675612947,0.9476316679560849,0.9440979216260758,0.9003444881889764,0.7692307692307693,0.036319055293753164,-2.2246595714940036,1.0,128,target_only,none,[],5b249fa1a367986ec2522b2b1e6b243f2e3e7eac16a937603b78665d98f400e2,identity,f2b8188126cbd536dced8f0c094666b7724852301f7eec3be6c05ae3a2c95441,fcb16320c3d66c921e5a981e33a3a9e40e617d04fd0d79890d91638c230fea39,f2b8188126cbd536dced8f0c094666b7724852301f7eec3be6c05ae3a2c95441,fcb16320c3d66c921e5a981e33a3a9e40e617d04fd0d79890d91638c230fea39,580c72c152161bc4d2d0f2a3f8b1cafd891e2c64ffa8154d994bc91219b262aa,0.0,False
53,2,identity,identity_label_permutation,identity_label_permutation,0.35,test,Geometry-Prior+Residual,743037709,0.5261658837172151,0.9818403454064873,0.9627357626808277,0.92310531496063,0.9230769230769231,0.011774942522395462,-2.3439820545919687,0.8828125,128,calibrated,geometry,[0.2604193296777957],5b249fa1a367986ec2522b2b1e6b243f2e3e7eac16a937603b78665d98f400e2,identity,f2b8188126cbd536dced8f0c094666b7724852301f7eec3be6c05ae3a2c95441,fcb16320c3d66c921e5a981e33a3a9e40e617d04fd0d79890d91638c230fea39,f2b8188126cbd536dced8f0c094666b7724852301f7eec3be6c05ae3a2c95441,fcb16320c3d66c921e5a981e33a3a9e40e617d04fd0d79890d91638c230fea39,580c72c152161bc4d2d0f2a3f8b1cafd891e2c64ffa8154d994bc91219b262aa,-0.005400183844079587,False
53,2,identity,identity_label_permutation,identity_label_permutation,0.35,test,Oracle-Rank+Residual,743037709,0.5315660675612947,0.9476316679560849,0.9440979216260758,0.9003444881889764,0.7692307692307693,0.036319055293753164,-2.2246595714940036,1.0,128,target_only,oracle_rank,[8.522425390239654e-17],5b249fa1a367986ec2522b2b1e6b243f2e3e7eac16a937603b78665d98f400e2,identity,f2b8188126cbd536dced8f0c094666b7724852301f7eec3be6c05ae3a2c95441,fcb16320c3d66c921e5a981e33a3a9e40e617d04fd0d79890d91638c230fea39,f2b8188126cbd536dced8f0c094666b7724852301f7eec3be6c05ae3a2c95441,fcb16320c3d66c921e5a981e33a3a9e40e617d04fd0d79890d91638c230fea39,580c72c152161bc4d2d0f2a3f8b1cafd891e2c64ffa8154d994bc91219b262aa,0.0,False
53,2,identity,identity_label_permutation,identity_label_permutation,0.35,test,Oracle-Value+Residual,743037709,0.5315660675473466,0.9476316679560849,0.9440979216260758,0.9003444881889764,0.7692307692307693,0.036319055293753164,-2.2246595714616992,1.0,128,calibrated,oracle_value,[3.063211433033395e-11],5b249fa1a367986ec2522b2b1e6b243f2e3e7eac16a937603b78665d98f400e2,identity,f2b8188126cbd536dced8f0c094666b7724852301f7eec3be6c05ae3a2c95441,fcb16320c3d66c921e5a981e33a3a9e40e617d04fd0d79890d91638c230fea39,f2b8188126cbd536dced8f0c094666b7724852301f7eec3be6c05ae3a2c95441,fcb16320c3d66c921e5a981e33a3a9e40e617d04fd0d79890d91638c230fea39,580c72c152161bc4d2d0f2a3f8b1cafd891e2c64ffa8154d994bc91219b262aa,-1.3948064925273229e-11,False
53,2,identity,identity_label_permutation,identity_label_permutation,0.35,test,Oracle-Rank+Value+Residual,743037709,0.5315660675612947,0.9476316679560849,0.9440979216260758,0.9003444881889764,0.7692307692307693,0.036319055293753164,-2.2246595714940036,1.0,128,target_only,oracle_rank|oracle_value,"[3.831843360311951e-19, 8.746608443370568e-20]",5b249fa1a367986ec2522b2b1e6b243f2e3e7eac16a937603b78665d98f400e2,identity,f2b8188126cbd536dced8f0c094666b7724852301f7eec3be6c05ae3a2c95441,fcb16320c3d66c921e5a981e33a3a9e40e617d04fd0d79890d91638c230fea39,f2b8188126cbd536dced8f0c094666b7724852301f7eec3be6c05ae3a2c95441,fcb16320c3d66c921e5a981e33a3a9e40e617d04fd0d79890d91638c230fea39,580c72c152161bc4d2d0f2a3f8b1cafd891e2c64ffa8154d994bc91219b262aa,0.0,False
53,2,identity,identity_label_permutation,identity_label_permutation,0.7,test,Target-Only,1760113566,1.4355237658829227,0.9303263314874399,0.8002941311115179,0.8086860236220472,0.6923076923076923,0.1317713232263,-0.9302058906783901,0.8515625,128,target_only,none,[],5b249fa1a367986ec2522b2b1e6b243f2e3e7eac16a937603b78665d98f400e2,identity,f2b8188126cbd536dced8f0c094666b7724852301f7eec3be6c05ae3a2c95441,7411e5beab1cf7602a0333113c707c384388cec711f55a8194d4d215278f86d5,f2b8188126cbd536dced8f0c094666b7724852301f7eec3be6c05ae3a2c95441,7411e5beab1cf7602a0333113c707c384388cec711f55a8194d4d215278f86d5,2d6c33264a1deddd2b56cfcc0c828b14c82c5af12607a3f9a27c5a69d36dae55,0.0,False
53,2,identity,identity_label_permutation,identity_label_permutation,0.7,test,Geometry-Prior+Residual,1760113566,0.9704595261521047,0.9394027497064137,0.9310336934627357,0.8930856299212598,0.5384615384615384,0.00768434038958186,0.018887702812840246,0.5390625,128,calibrated,geometry,[0.2604193296777957],5b249fa1a367986ec2522b2b1e6b243f2e3e7eac16a937603b78665d98f400e2,identity,f2b8188126cbd536dced8f0c094666b7724852301f7eec3be6c05ae3a2c95441,7411e5beab1cf7602a0333113c707c384388cec711f55a8194d4d215278f86d5,f2b8188126cbd536dced8f0c094666b7724852301f7eec3be6c05ae3a2c95441,7411e5beab1cf7602a0333113c707c384388cec711f55a8194d4d215278f86d5,2d6c33264a1deddd2b56cfcc0c828b14c82c5af12607a3f9a27c5a69d36dae55,-0.465064239730818,False
53,2,identity,identity_label_permutation,identity_label_permutation,0.7,test,Oracle-Rank+Residual,1760113566,1.4355237658829227,0.9303263314874399,0.8002941311115179,0.8086860236220472,0.6923076923076923,0.1317713232263,-0.9302058906783901,0.8515625,128,target_only,oracle_rank,[8.522425390239654e-17],5b249fa1a367986ec2522b2b1e6b243f2e3e7eac16a937603b78665d98f400e2,identity,f2b8188126cbd536dced8f0c094666b7724852301f7eec3be6c05ae3a2c95441,7411e5beab1cf7602a0333113c707c384388cec711f55a8194d4d215278f86d5,f2b8188126cbd536dced8f0c094666b7724852301f7eec3be6c05ae3a2c95441,7411e5beab1cf7602a0333113c707c384388cec711f55a8194d4d215278f86d5,2d6c33264a1deddd2b56cfcc0c828b14c82c5af12607a3f9a27c5a69d36dae55,0.0,False
53,2,identity,identity_label_permutation,identity_label_permutation,0.7,test,Oracle-Value+Residual,1760113566,1.4355237661172908,0.9303263314874399,0.8002941311115179,0.8086860236220472,0.6923076923076923,0.1317713232263,-0.9302058904069292,0.8515625,128,calibrated,oracle_value,[3.063211433033395e-11],5b249fa1a367986ec2522b2b1e6b243f2e3e7eac16a937603b78665d98f400e2,identity,f2b8188126cbd536dced8f0c094666b7724852301f7eec3be6c05ae3a2c95441,7411e5beab1cf7602a0333113c707c384388cec711f55a8194d4d215278f86d5,f2b8188126cbd536dced8f0c094666b7724852301f7eec3be6c05ae3a2c95441,7411e5beab1cf7602a0333113c707c384388cec711f55a8194d4d215278f86d5,2d6c33264a1deddd2b56cfcc0c828b14c82c5af12607a3f9a27c5a69d36dae55,2.3436808049837055e-10,False
53,2,identity,identity_label_permutation,identity_label_permutation,0.7,test,Oracle-Rank+Value+Residual,1760113566,1.4355237658829227,0.9303263314874399,0.8002941311115179,0.8086860236220472,0.6923076923076923,0.1317713232263,-0.9302058906783901,0.8515625,128,target_only,oracle_rank|oracle_value,"[3.831843360311951e-19, 8.746608443370568e-20]",5b249fa1a367986ec2522b2b1e6b243f2e3e7eac16a937603b78665d98f400e2,identity,f2b8188126cbd536dced8f0c094666b7724852301f7eec3be6c05ae3a2c95441,7411e5beab1cf7602a0333113c707c384388cec711f55a8194d4d215278f86d5,f2b8188126cbd536dced8f0c094666b7724852301f7eec3be6c05ae3a2c95441,7411e5beab1cf7602a0333113c707c384388cec711f55a8194d4d215278f86d5,2d6c33264a1deddd2b56cfcc0c828b14c82c5af12607a3f9a27c5a69d36dae55,0.0,False
53,2,identity,identity_label_permutation,identity_label_permutation,1.0,test,Target-Only,1870848797,0.8573697026792467,0.8772621003363831,0.6884842519685039,0.7641486220472441,0.6153846153846154,0.20516691410566468,-0.2380391980105307,0.8046875,128,target_only,none,[],5b249fa1a367986ec2522b2b1e6b243f2e3e7eac16a937603b78665d98f400e2,identity,f2b8188126cbd536dced8f0c094666b7724852301f7eec3be6c05ae3a2c95441,3517eb9ee13e56083e32f3b4122a836d77f0b4ddd8654f073907a81c41147408,f2b8188126cbd536dced8f0c094666b7724852301f7eec3be6c05ae3a2c95441,3517eb9ee13e56083e32f3b4122a836d77f0b4ddd8654f073907a81c41147408,49f636753fe542f0b646dc55742349d07870c98277875a52542338cd3f3097e0,0.0,False
53,2,identity,identity_label_permutation,identity_label_permutation,1.0,test,Geometry-Prior+Residual,1870848797,0.6261986243669073,0.8912589081365739,0.9037149789415856,0.8711860236220472,0.46153846153846156,0.11475021807650171,1.3607078901005456,0.390625,128,calibrated,geometry,[0.2604193296777957],5b249fa1a367986ec2522b2b1e6b243f2e3e7eac16a937603b78665d98f400e2,identity,f2b8188126cbd536dced8f0c094666b7724852301f7eec3be6c05ae3a2c95441,3517eb9ee13e56083e32f3b4122a836d77f0b4ddd8654f073907a81c41147408,f2b8188126cbd536dced8f0c094666b7724852301f7eec3be6c05ae3a2c95441,3517eb9ee13e56083e32f3b4122a836d77f0b4ddd8654f073907a81c41147408,49f636753fe542f0b646dc55742349d07870c98277875a52542338cd3f3097e0,-0.2311710783123394,False
53,2,identity,identity_label_permutation,identity_label_permutation,1.0,test,Oracle-Rank+Residual,1870848797,0.8573697026792467,0.8772621003363831,0.6884842519685039,0.7641486220472441,0.6153846153846154,0.20516691410566468,-0.2380391980105307,0.8046875,128,target_only,oracle_rank,[8.522425390239654e-17],5b249fa1a367986ec2522b2b1e6b243f2e3e7eac16a937603b78665d98f400e2,identity,f2b8188126cbd536dced8f0c094666b7724852301f7eec3be6c05ae3a2c95441,3517eb9ee13e56083e32f3b4122a836d77f0b4ddd8654f073907a81c41147408,f2b8188126cbd536dced8f0c094666b7724852301f7eec3be6c05ae3a2c95441,3517eb9ee13e56083e32f3b4122a836d77f0b4ddd8654f073907a81c41147408,49f636753fe542f0b646dc55742349d07870c98277875a52542338cd3f3097e0,0.0,False
53,2,identity,identity_label_permutation,identity_label_permutation,1.0,test,Oracle-Value+Residual,1870848797,0.8573697025335323,0.8772621003363831,0.6884842519685039,0.7641486220472441,0.6153846153846154,0.20516691410566468,-0.2380391984260844,0.8046875,128,calibrated,oracle_value,[3.063211433033395e-11],5b249fa1a367986ec2522b2b1e6b243f2e3e7eac16a937603b78665d98f400e2,identity,f2b8188126cbd536dced8f0c094666b7724852301f7eec3be6c05ae3a2c95441,3517eb9ee13e56083e32f3b4122a836d77f0b4ddd8654f073907a81c41147408,f2b8188126cbd536dced8f0c094666b7724852301f7eec3be6c05ae3a2c95441,3517eb9ee13e56083e32f3b4122a836d77f0b4ddd8654f073907a81c41147408,49f636753fe542f0b646dc55742349d07870c98277875a52542338cd3f3097e0,-1.4571444051370008e-10,False
53,2,identity,identity_label_permutation,identity_label_permutation,1.0,test,Oracle-Rank+Value+Residual,1870848797,0.8573697026792467,0.8772621003363831,0.6884842519685039,0.7641486220472441,0.6153846153846154,0.20516691410566468,-0.2380391980105307,0.8046875,128,target_only,oracle_rank|oracle_value,"[3.831843360311951e-19, 8.746608443370568e-20]",5b249fa1a367986ec2522b2b1e6b243f2e3e7eac16a937603b78665d98f400e2,identity,f2b8188126cbd536dced8f0c094666b7724852301f7eec3be6c05ae3a2c95441,3517eb9ee13e56083e32f3b4122a836d77f0b4ddd8654f073907a81c41147408,f2b8188126cbd536dced8f0c094666b7724852301f7eec3be6c05ae3a2c95441,3517eb9ee13e56083e32f3b4122a836d77f0b4ddd8654f073907a81c41147408,49f636753fe542f0b646dc55742349d07870c98277875a52542338cd3f3097e0,0.0,False
53,2,output_affine,none,output_affine,0.35,test,Target-Only,592939456,0.5315660675612934,0.9476316679560849,0.9440979216260758,0.9003444881889764,0.7692307692307693,0.03631905529375473,-1.3083688396198498,1.0,128,target_only,none,[],ce71ec09f3c4d30681db1e8e17acb1c792f71d340598d7a31468c0e8660d96c6,output_affine,f2b8188126cbd536dced8f0c094666b7724852301f7eec3be6c05ae3a2c95441,fcb16320c3d66c921e5a981e33a3a9e40e617d04fd0d79890d91638c230fea39,f2b8188126cbd536dced8f0c094666b7724852301f7eec3be6c05ae3a2c95441,fcb16320c3d66c921e5a981e33a3a9e40e617d04fd0d79890d91638c230fea39,e37deaf1f52b74ec36038f5011e353e0b0fd01d2fbca5da657cd2b183a97af66,0.0,False
53,2,output_affine,none,output_affine,0.35,test,Geometry-Prior+Residual,592939456,0.5261658837172141,0.9818403454064873,0.9627357626808277,0.92310531496063,0.9230769230769231,0.011774942522397244,-1.4276913227178194,0.8828125,128,calibrated,geometry,[0.6510483241944892],ce71ec09f3c4d30681db1e8e17acb1c792f71d340598d7a31468c0e8660d96c6,output_affine,f2b8188126cbd536dced8f0c094666b7724852301f7eec3be6c05ae3a2c95441,fcb16320c3d66c921e5a981e33a3a9e40e617d04fd0d79890d91638c230fea39,f2b8188126cbd536dced8f0c094666b7724852301f7eec3be6c05ae3a2c95441,fcb16320c3d66c921e5a981e33a3a9e40e617d04fd0d79890d91638c230fea39,e37deaf1f52b74ec36038f5011e353e0b0fd01d2fbca5da657cd2b183a97af66,-0.005400183844079365,False
53,2,output_affine,none,output_affine,0.35,test,Oracle-Rank+Residual,592939456,0.28252598844948296,0.9976941429450493,0.9157606207654275,0.8821358267716536,0.9230769230769231,0.0,-2.004755930569017,0.890625,128,calibrated,oracle_rank,[0.6917630362029723],ce71ec09f3c4d30681db1e8e17acb1c792f71d340598d7a31468c0e8660d96c6,output_affine,f2b8188126cbd536dced8f0c094666b7724852301f7eec3be6c05ae3a2c95441,fcb16320c3d66c921e5a981e33a3a9e40e617d04fd0d79890d91638c230fea39,f2b8188126cbd536dced8f0c094666b7724852301f7eec3be6c05ae3a2c95441,fcb16320c3d66c921e5a981e33a3a9e40e617d04fd0d79890d91638c230fea39,e37deaf1f52b74ec36038f5011e353e0b0fd01d2fbca5da657cd2b183a97af66,-0.24904007911181048,False
53,2,output_affine,none,output_affine,0.35,test,Oracle-Value+Residual,592939456,0.06348022274889621,0.9990075447511709,0.958569859000183,0.9325787401574803,0.9230769230769231,0.0,-3.5810767893470925,1.0,128,calibrated,oracle_value,[0.7173288096338546],ce71ec09f3c4d30681db1e8e17acb1c792f71d340598d7a31468c0e8660d96c6,output_affine,f2b8188126cbd536dced8f0c094666b7724852301f7eec3be6c05ae3a2c95441,fcb16320c3d66c921e5a981e33a3a9e40e617d04fd0d79890d91638c230fea39,f2b8188126cbd536dced8f0c094666b7724852301f7eec3be6c05ae3a2c95441,fcb16320c3d66c921e5a981e33a3a9e40e617d04fd0d79890d91638c230fea39,e37deaf1f52b74ec36038f5011e353e0b0fd01d2fbca5da657cd2b183a97af66,-0.46808584481239723,False
53,2,output_affine,none,output_affine,0.35,test,Oracle-Rank+Value+Residual,592939456,0.12180402582478954,0.9985106594775286,0.9446816059329792,0.9120324803149606,0.9230769230769231,0.0,-2.8040613491244457,0.875,128,calibrated,oracle_rank|oracle_value,"[0.25604921269294395, 0.48933947441134396]",ce71ec09f3c4d30681db1e8e17acb1c792f71d340598d7a31468c0e8660d96c6,output_affine,f2b8188126cbd536dced8f0c094666b7724852301f7eec3be6c05ae3a2c95441,fcb16320c3d66c921e5a981e33a3a9e40e617d04fd0d79890d91638c230fea39,f2b8188126cbd536dced8f0c094666b7724852301f7eec3be6c05ae3a2c95441,fcb16320c3d66c921e5a981e33a3a9e40e617d04fd0d79890d91638c230fea39,e37deaf1f52b74ec36038f5011e353e0b0fd01d2fbca5da657cd2b183a97af66,-0.4097620417365039,False
53,2,output_affine,none,output_affine,0.7,test,Target-Only,1114088838,1.4355237658829243,0.9303263314874399,0.8002941311115179,0.8086860236220472,0.6923076923076923,0.13177132322629995,-0.01391515880423394,0.8515625,128,target_only,none,[],ce71ec09f3c4d30681db1e8e17acb1c792f71d340598d7a31468c0e8660d96c6,output_affine,f2b8188126cbd536dced8f0c094666b7724852301f7eec3be6c05ae3a2c95441,7411e5beab1cf7602a0333113c707c384388cec711f55a8194d4d215278f86d5,f2b8188126cbd536dced8f0c094666b7724852301f7eec3be6c05ae3a2c95441,7411e5beab1cf7602a0333113c707c384388cec711f55a8194d4d215278f86d5,b971f63d1a46ba28b49925cc5df078fb172281e214f0d6c12596e514110765fa,0.0,False
53,2,output_affine,none,output_affine,0.7,test,Geometry-Prior+Residual,1114088838,0.970459526152106,0.9394027497064137,0.9310336934627357,0.8930856299212598,0.5384615384615384,0.007684340389583006,0.9351784346869972,0.5390625,128,calibrated,geometry,[0.6510483241944892],ce71ec09f3c4d30681db1e8e17acb1c792f71d340598d7a31468c0e8660d96c6,output_affine,f2b8188126cbd536dced8f0c094666b7724852301f7eec3be6c05ae3a2c95441,7411e5beab1cf7602a0333113c707c384388cec711f55a8194d4d215278f86d5,f2b8188126cbd536dced8f0c094666b7724852301f7eec3be6c05ae3a2c95441,7411e5beab1cf7602a0333113c707c384388cec711f55a8194d4d215278f86d5,b971f63d1a46ba28b49925cc5df078fb172281e214f0d6c12596e514110765fa,-0.46506423973081834,False
53,2,output_affine,none,output_affine,0.7,test,Oracle-Rank+Residual,1114088838,1.0484016059568897,0.9791450071267505,0.7621257553561619,0.79564468503937,0.7692307692307693,0.031124227028004114,3.1897550468631026,0.4140625,128,calibrated,oracle_rank,[0.6917630362029723],ce71ec09f3c4d30681db1e8e17acb1c792f71d340598d7a31468c0e8660d96c6,output_affine,f2b8188126cbd536dced8f0c094666b7724852301f7eec3be6c05ae3a2c95441,7411e5beab1cf7602a0333113c707c384388cec711f55a8194d4d215278f86d5,f2b8188126cbd536dced8f0c094666b7724852301f7eec3be6c05ae3a2c95441,7411e5beab1cf7602a0333113c707c384388cec711f55a8194d4d215278f86d5,b971f63d1a46ba28b49925cc5df078fb172281e214f0d6c12596e514110765fa,-0.3871221599260346,False
53,2,output_affine,none,output_affine,0.7,test,Oracle-Value+Residual,1114088838,0.15738038479775057,0.9989018794054504,0.9279207104925837,0.9094488188976378,1.0,0.0032839882330825375,-2.160869498244012,0.8359375,128,calibrated,oracle_value,[0.7173288096338546],ce71ec09f3c4d30681db1e8e17acb1c792f71d340598d7a31468c0e8660d96c6,output_affine,f2b8188126cbd536dced8f0c094666b7724852301f7eec3be6c05ae3a2c95441,7411e5beab1cf7602a0333113c707c384388cec711f55a8194d4d215278f86d5,f2b8188126cbd536dced8f0c094666b7724852301f7eec3be6c05ae3a2c95441,7411e5beab1cf7602a0333113c707c384388cec711f55a8194d4d215278f86d5,b971f63d1a46ba28b49925cc5df078fb172281e214f0d6c12596e514110765fa,-1.2781433810851737,False
53,2,output_affine,none,output_affine,0.7,test,Oracle-Rank+Value+Residual,1114088838,0.4169755203396658,0.9978425805165153,0.8511662241347737,0.8513779527559056,0.9230769230769231,0.0,2.3426432822634307,0.4140625,128,calibrated,oracle_rank|oracle_value,"[0.25604921269294395, 0.48933947441134396]",ce71ec09f3c4d30681db1e8e17acb1c792f71d340598d7a31468c0e8660d96c6,output_affine,f2b8188126cbd536dced8f0c094666b7724852301f7eec3be6c05ae3a2c95441,7411e5beab1cf7602a0333113c707c384388cec711f55a8194d4d215278f86d5,f2b8188126cbd536dced8f0c094666b7724852301f7eec3be6c05ae3a2c95441,7411e5beab1cf7602a0333113c707c384388cec711f55a8194d4d215278f86d5,b971f63d1a46ba28b49925cc5df078fb172281e214f0d6c12596e514110765fa,-1.0185482455432586,False
53,2,output_affine,none,output_affine,1.0,test,Target-Only,758539083,0.8573697026792463,0.8772621003363831,0.6884842519685039,0.7641486220472441,0.6153846153846154,0.20516691410566443,0.678251533863623,0.8046875,128,target_only,none,[],ce71ec09f3c4d30681db1e8e17acb1c792f71d340598d7a31468c0e8660d96c6,output_affine,f2b8188126cbd536dced8f0c094666b7724852301f7eec3be6c05ae3a2c95441,3517eb9ee13e56083e32f3b4122a836d77f0b4ddd8654f073907a81c41147408,f2b8188126cbd536dced8f0c094666b7724852301f7eec3be6c05ae3a2c95441,3517eb9ee13e56083e32f3b4122a836d77f0b4ddd8654f073907a81c41147408,6e5715466c4b94e1be4c79c65a65bf90e85fecdc639017eebd0e7e526e2fa27b,0.0,False
53,2,output_affine,none,output_affine,1.0,test,Geometry-Prior+Residual,758539083,0.6261986243669074,0.8912589081365739,0.9037149789415856,0.8711860236220472,0.46153846153846156,0.11475021807650168,2.276998621974699,0.390625,128,calibrated,geometry,[0.6510483241944892],ce71ec09f3c4d30681db1e8e17acb1c792f71d340598d7a31468c0e8660d96c6,output_affine,f2b8188126cbd536dced8f0c094666b7724852301f7eec3be6c05ae3a2c95441,3517eb9ee13e56083e32f3b4122a836d77f0b4ddd8654f073907a81c41147408,f2b8188126cbd536dced8f0c094666b7724852301f7eec3be6c05ae3a2c95441,3517eb9ee13e56083e32f3b4122a836d77f0b4ddd8654f073907a81c41147408,6e5715466c4b94e1be4c79c65a65bf90e85fecdc639017eebd0e7e526e2fa27b,-0.23117107831233885,False
53,2,output_affine,none,output_affine,1.0,test,Oracle-Rank+Residual,758539083,0.5236288852842377,0.991739977106393,0.8862101721296466,0.8640501968503937,0.8461538461538461,0.0,4.325566733809686,0.4375,128,calibrated,oracle_rank,[0.6917630362029723],ce71ec09f3c4d30681db1e8e17acb1c792f71d340598d7a31468c0e8660d96c6,output_affine,f2b8188126cbd536dced8f0c094666b7724852301f7eec3be6c05ae3a2c95441,3517eb9ee13e56083e32f3b4122a836d77f0b4ddd8654f073907a81c41147408,f2b8188126cbd536dced8f0c094666b7724852301f7eec3be6c05ae3a2c95441,3517eb9ee13e56083e32f3b4122a836d77f0b4ddd8654f073907a81c41147408,6e5715466c4b94e1be4c79c65a65bf90e85fecdc639017eebd0e7e526e2fa27b,-0.3337408173950086,False
53,2,output_affine,none,output_affine,1.0,test,Oracle-Value+Residual,758539083,0.09160939838837076,0.9970389795853483,0.9919543123969969,0.969242125984252,0.9230769230769231,0.0022047954567713346,0.008790915284239975,0.6171875,128,calibrated,oracle_value,[0.7173288096338546],ce71ec09f3c4d30681db1e8e17acb1c792f71d340598d7a31468c0e8660d96c6,output_affine,f2b8188126cbd536dced8f0c094666b7724852301f7eec3be6c05ae3a2c95441,3517eb9ee13e56083e32f3b4122a836d77f0b4ddd8654f073907a81c41147408,f2b8188126cbd536dced8f0c094666b7724852301f7eec3be6c05ae3a2c95441,3517eb9ee13e56083e32f3b4122a836d77f0b4ddd8654f073907a81c41147408,6e5715466c4b94e1be4c79c65a65bf90e85fecdc639017eebd0e7e526e2fa27b,-0.7657603042908755,False
53,2,output_affine,none,output_affine,1.0,test,Oracle-Rank+Value+Residual,758539083,0.2089172100228839,0.9980434521668308,0.9804065189525728,0.9469734251968503,0.9230769230769231,0.0,4.680088339970782,0.4375,128,calibrated,oracle_rank|oracle_value,"[0.25604921269294395, 0.48933947441134396]",ce71ec09f3c4d30681db1e8e17acb1c792f71d340598d7a31468c0e8660d96c6,output_affine,f2b8188126cbd536dced8f0c094666b7724852301f7eec3be6c05ae3a2c95441,3517eb9ee13e56083e32f3b4122a836d77f0b4ddd8654f073907a81c41147408,f2b8188126cbd536dced8f0c094666b7724852301f7eec3be6c05ae3a2c95441,3517eb9ee13e56083e32f3b4122a836d77f0b4ddd8654f073907a81c41147408,6e5715466c4b94e1be4c79c65a65bf90e85fecdc639017eebd0e7e526e2fa27b,-0.6484524926563624,False
53,2,scale_0.7,none,scale_0.7,0.35,test,Target-Only,640978823,0.15286627881078518,0.9824814093306758,0.9903177073796009,0.9607529527559056,0.6923076923076923,0.0,-3.0601583686171847,1.0,128,target_only,none,[],ce71ec09f3c4d30681db1e8e17acb1c792f71d340598d7a31468c0e8660d96c6,scale_0.7,c19ae606e18112b3bf3fa98c81815fb54c6b48c84737d807fc7ced83a512bd50,078addfacbc2bd981554035a148e5cad3f117f0236220e015adcd0063f1175ad,f2b8188126cbd536dced8f0c094666b7724852301f7eec3be6c05ae3a2c95441,fcb16320c3d66c921e5a981e33a3a9e40e617d04fd0d79890d91638c230fea39,767e7be8cc718f1cefe09cb449a47119d1692780d2d372d986ea7765c4a7a930,0.0,False
53,2,scale_0.7,none,scale_0.7,0.35,test,Geometry-Prior+Residual,640978823,0.22689429044715223,0.9726744382947875,0.9758057132393335,0.9349163385826772,0.6153846153846154,0.0018205041926855614,-3.3922381879001158,0.875,128,calibrated,geometry,[0.1251829442095089],ce71ec09f3c4d30681db1e8e17acb1c792f71d340598d7a31468c0e8660d96c6,scale_0.7,c19ae606e18112b3bf3fa98c81815fb54c6b48c84737d807fc7ced83a512bd50,078addfacbc2bd981554035a148e5cad3f117f0236220e015adcd0063f1175ad,f2b8188126cbd536dced8f0c094666b7724852301f7eec3be6c05ae3a2c95441,fcb16320c3d66c921e5a981e33a3a9e40e617d04fd0d79890d91638c230fea39,767e7be8cc718f1cefe09cb449a47119d1692780d2d372d986ea7765c4a7a930,0.07402801163636705,True
53,2,scale_0.7,none,scale_0.7,0.35,test,Oracle-Rank+Residual,640978823,0.2343351573596216,0.9753090465553639,0.986014466214979,0.9506643700787402,0.6923076923076923,0.0007768107412505703,-1.0068568212333728,0.4765625,128,calibrated,oracle_rank,[0.13565183129125302],ce71ec09f3c4d30681db1e8e17acb1c792f71d340598d7a31468c0e8660d96c6,scale_0.7,c19ae606e18112b3bf3fa98c81815fb54c6b48c84737d807fc7ced83a512bd50,078addfacbc2bd981554035a148e5cad3f117f0236220e015adcd0063f1175ad,f2b8188126cbd536dced8f0c094666b7724852301f7eec3be6c05ae3a2c95441,fcb16320c3d66c921e5a981e33a3a9e40e617d04fd0d79890d91638c230fea39,767e7be8cc718f1cefe09cb449a47119d1692780d2d372d986ea7765c4a7a930,0.08146887854883642,True
53,2,scale_0.7,none,scale_0.7,0.35,test,Oracle-Value+Residual,640978823,0.024318598746836628,0.9993953447924274,0.9986895715070498,0.9896653543307087,0.9230769230769231,0.0,-5.477922132847771,1.0,128,calibrated,oracle_value,[0.13690829785164024],ce71ec09f3c4d30681db1e8e17acb1c792f71d340598d7a31468c0e8660d96c6,scale_0.7,c19ae606e18112b3bf3fa98c81815fb54c6b48c84737d807fc7ced83a512bd50,078addfacbc2bd981554035a148e5cad3f117f0236220e015adcd0063f1175ad,f2b8188126cbd536dced8f0c094666b7724852301f7eec3be6c05ae3a2c95441,fcb16320c3d66c921e5a981e33a3a9e40e617d04fd0d79890d91638c230fea39,767e7be8cc718f1cefe09cb449a47119d1692780d2d372d986ea7765c4a7a930,-0.12854768006394857,False
53,2,scale_0.7,none,scale_0.7,0.35,test,Oracle-Rank+Value+Residual,640978823,0.11105663442905195,0.9959556855701511,0.9954506958432522,0.9753937007874016,0.8461538461538461,0.0007768107412505703,-1.7996583086256712,0.4453125,128,calibrated,oracle_rank|oracle_value,"[0.06377004611793088, 0.07855690843084687]",ce71ec09f3c4d30681db1e8e17acb1c792f71d340598d7a31468c0e8660d96c6,scale_0.7,c19ae606e18112b3bf3fa98c81815fb54c6b48c84737d807fc7ced83a512bd50,078addfacbc2bd981554035a148e5cad3f117f0236220e015adcd0063f1175ad,f2b8188126cbd536dced8f0c094666b7724852301f7eec3be6c05ae3a2c95441,fcb16320c3d66c921e5a981e33a3a9e40e617d04fd0d79890d91638c230fea39,767e7be8cc718f1cefe09cb449a47119d1692780d2d372d986ea7765c4a7a930,-0.041809644381733235,False
53,2,scale_0.7,none,scale_0.7,0.7,test,Target-Only,1119494221,0.6337249816332594,0.942938170764151,0.650739333455411,0.7292076771653543,0.46153846153846156,0.0021059547863301596,-2.024463299560824,0.9921875,128,target_only,none,[],ce71ec09f3c4d30681db1e8e17acb1c792f71d340598d7a31468c0e8660d96c6,scale_0.7,c19ae606e18112b3bf3fa98c81815fb54c6b48c84737d807fc7ced83a512bd50,6936adf389c822da1c68d8bd1c449bd7cae561ce519c7413f4d06aef03a8b893,f2b8188126cbd536dced8f0c094666b7724852301f7eec3be6c05ae3a2c95441,7411e5beab1cf7602a0333113c707c384388cec711f55a8194d4d215278f86d5,d66926481b1de8666641a342e5edd7ce72f5010962b023785fa7f282398d9dc4,0.0,False
53,2,scale_0.7,none,scale_0.7,0.7,test,Geometry-Prior+Residual,1119494221,0.7168891456307365,0.9578127777295757,0.6367824116462186,0.7282234251968503,0.5384615384615384,0.00493208308219135,0.5498305328129101,0.3828125,128,calibrated,geometry,[0.1251829442095089],ce71ec09f3c4d30681db1e8e17acb1c792f71d340598d7a31468c0e8660d96c6,scale_0.7,c19ae606e18112b3bf3fa98c81815fb54c6b48c84737d807fc7ced83a512bd50,6936adf389c822da1c68d8bd1c449bd7cae561ce519c7413f4d06aef03a8b893,f2b8188126cbd536dced8f0c094666b7724852301f7eec3be6c05ae3a2c95441,7411e5beab1cf7602a0333113c707c384388cec711f55a8194d4d215278f86d5,d66926481b1de8666641a342e5edd7ce72f5010962b023785fa7f282398d9dc4,0.08316416399747706,True
53,2,scale_0.7,none,scale_0.7,0.7,test,Oracle-Rank+Residual,1119494221,0.28864789895687737,0.9928865970140991,0.8934776139901116,0.8793061023622047,0.8461538461538461,0.0,-1.6602249452831508,0.6640625,128,calibrated,oracle_rank,[0.13565183129125302],ce71ec09f3c4d30681db1e8e17acb1c792f71d340598d7a31468c0e8660d96c6,scale_0.7,c19ae606e18112b3bf3fa98c81815fb54c6b48c84737d807fc7ced83a512bd50,6936adf389c822da1c68d8bd1c449bd7cae561ce519c7413f4d06aef03a8b893,f2b8188126cbd536dced8f0c094666b7724852301f7eec3be6c05ae3a2c95441,7411e5beab1cf7602a0333113c707c384388cec711f55a8194d4d215278f86d5,d66926481b1de8666641a342e5edd7ce72f5010962b023785fa7f282398d9dc4,-0.34507708267638204,False
53,2,scale_0.7,none,scale_0.7,0.7,test,Oracle-Value+Residual,1119494221,0.05116079112569997,1.0,0.9914907983885735,0.9676427165354331,1.0,0.0,-4.487262771223765,1.0,128,calibrated,oracle_value,[0.13690829785164024],ce71ec09f3c4d30681db1e8e17acb1c792f71d340598d7a31468c0e8660d96c6,scale_0.7,c19ae606e18112b3bf3fa98c81815fb54c6b48c84737d807fc7ced83a512bd50,6936adf389c822da1c68d8bd1c449bd7cae561ce519c7413f4d06aef03a8b893,f2b8188126cbd536dced8f0c094666b7724852301f7eec3be6c05ae3a2c95441,7411e5beab1cf7602a0333113c707c384388cec711f55a8194d4d215278f86d5,d66926481b1de8666641a342e5edd7ce72f5010962b023785fa7f282398d9dc4,-0.5825641905075595,False
53,2,scale_0.7,none,scale_0.7,0.7,test,Oracle-Rank+Value+Residual,1119494221,0.13354289227798266,0.9982352766574965,0.9739859915766341,0.9408218503937008,0.9230769230769231,0.0,-2.6236570457159716,0.6640625,128,calibrated,oracle_rank|oracle_value,"[0.06377004611793088, 0.07855690843084687]",ce71ec09f3c4d30681db1e8e17acb1c792f71d340598d7a31468c0e8660d96c6,scale_0.7,c19ae606e18112b3bf3fa98c81815fb54c6b48c84737d807fc7ced83a512bd50,6936adf389c822da1c68d8bd1c449bd7cae561ce519c7413f4d06aef03a8b893,f2b8188126cbd536dced8f0c094666b7724852301f7eec3be6c05ae3a2c95441,7411e5beab1cf7602a0333113c707c384388cec711f55a8194d4d215278f86d5,d66926481b1de8666641a342e5edd7ce72f5010962b023785fa7f282398d9dc4,-0.5001820893552767,False
53,2,scale_0.7,none,scale_0.7,1.0,test,Target-Only,2074033361,0.622600654192679,0.9388553640487406,0.7832471159128366,0.8009350393700787,0.46153846153846156,0.021698104329009094,-1.7133183268036722,1.0,128,target_only,none,[],ce71ec09f3c4d30681db1e8e17acb1c792f71d340598d7a31468c0e8660d96c6,scale_0.7,c19ae606e18112b3bf3fa98c81815fb54c6b48c84737d807fc7ced83a512bd50,7411e5beab1cf7602a0333113c707c384388cec711f55a8194d4d215278f86d5,f2b8188126cbd536dced8f0c094666b7724852301f7eec3be6c05ae3a2c95441,3517eb9ee13e56083e32f3b4122a836d77f0b4ddd8654f073907a81c41147408,9e4689e874921afa06db4401ff187b4272cf870c65f35fb00c0fd658a37252a8,0.0,False
53,2,scale_0.7,none,scale_0.7,1.0,test,Geometry-Prior+Residual,2074033361,0.840902387483671,0.9032143396074345,0.8325741622413478,0.8207431102362205,0.46153846153846156,0.13282966910420158,-0.3565636484289712,0.6328125,128,calibrated,geometry,[0.1251829442095089],ce71ec09f3c4d30681db1e8e17acb1c792f71d340598d7a31468c0e8660d96c6,scale_0.7,c19ae606e18112b3bf3fa98c81815fb54c6b48c84737d807fc7ced83a512bd50,7411e5beab1cf7602a0333113c707c384388cec711f55a8194d4d215278f86d5,f2b8188126cbd536dced8f0c094666b7724852301f7eec3be6c05ae3a2c95441,3517eb9ee13e56083e32f3b4122a836d77f0b4ddd8654f073907a81c41147408,9e4689e874921afa06db4401ff187b4272cf870c65f35fb00c0fd658a37252a8,0.218301733290992,True
53,2,scale_0.7,none,scale_0.7,1.0,test,Oracle-Rank+Residual,2074033361,0.41556469059801326,0.9910377047934268,0.9026277238600988,0.8847194881889764,0.8461538461538461,0.0032839882330818813,2.1453557743488756,0.34375,128,calibrated,oracle_rank,[0.13565183129125302],ce71ec09f3c4d30681db1e8e17acb1c792f71d340598d7a31468c0e8660d96c6,scale_0.7,c19ae606e18112b3bf3fa98c81815fb54c6b48c84737d807fc7ced83a512bd50,7411e5beab1cf7602a0333113c707c384388cec711f55a8194d4d215278f86d5,f2b8188126cbd536dced8f0c094666b7724852301f7eec3be6c05ae3a2c95441,3517eb9ee13e56083e32f3b4122a836d77f0b4ddd8654f073907a81c41147408,9e4689e874921afa06db4401ff187b4272cf870c65f35fb00c0fd658a37252a8,-0.2070359635946657,False
53,2,scale_0.7,none,scale_0.7,1.0,test,Oracle-Value+Residual,2074033361,0.04623929126460813,0.9997217674553361,0.9901689251052919,0.9693651574803149,1.0,0.0,-4.286457772035636,1.0,128,calibrated,oracle_value,[0.13690829785164024],ce71ec09f3c4d30681db1e8e17acb1c792f71d340598d7a31468c0e8660d96c6,scale_0.7,c19ae606e18112b3bf3fa98c81815fb54c6b48c84737d807fc7ced83a512bd50,7411e5beab1cf7602a0333113c707c384388cec711f55a8194d4d215278f86d5,f2b8188126cbd536dced8f0c094666b7724852301f7eec3be6c05ae3a2c95441,3517eb9ee13e56083e32f3b4122a836d77f0b4ddd8654f073907a81c41147408,9e4689e874921afa06db4401ff187b4272cf870c65f35fb00c0fd658a37252a8,-0.5763613629280708,False
53,2,scale_0.7,none,scale_0.7,1.0,test,Oracle-Rank+Value+Residual,2074033361,0.1980892792951015,0.9964649218535355,0.9336431056583043,0.9116633858267716,0.9230769230769231,0.0032839882330818813,0.9302060335147024,0.4140625,128,calibrated,oracle_rank|oracle_value,"[0.06377004611793088, 0.07855690843084687]",ce71ec09f3c4d30681db1e8e17acb1c792f71d340598d7a31468c0e8660d96c6,scale_0.7,c19ae606e18112b3bf3fa98c81815fb54c6b48c84737d807fc7ced83a512bd50,7411e5beab1cf7602a0333113c707c384388cec711f55a8194d4d215278f86d5,f2b8188126cbd536dced8f0c094666b7724852301f7eec3be6c05ae3a2c95441,3517eb9ee13e56083e32f3b4122a836d77f0b4ddd8654f073907a81c41147408,9e4689e874921afa06db4401ff187b4272cf870c65f35fb00c0fd658a37252a8,-0.42451137489757745,False
53,2,scale_1.5,none,scale_1.5,0.35,test,Target-Only,673127350,1.242115468460483,0.8777194345849217,0.4964692821827504,0.6593257874015748,0.38461538461538464,0.14561216665713,-1.3958677448168935,1.0,128,target_only,none,[],ce71ec09f3c4d30681db1e8e17acb1c792f71d340598d7a31468c0e8660d96c6,scale_1.5,be4010bb57e4acb75f763d6902dc236dcb02015e427c4623b506ad47a20972e1,088e858407f4e7d41e905b85194629de9158f6991d1d6ee5ffae6eb3f4db4fc8,f2b8188126cbd536dced8f0c094666b7724852301f7eec3be6c05ae3a2c95441,fcb16320c3d66c921e5a981e33a3a9e40e617d04fd0d79890d91638c230fea39,61a9df76618c51e3094f97f37c578e3ecdc8b5ea883d337c25c9d7336954a6ba,0.0,False
53,2,scale_1.5,none,scale_1.5,0.35,test,Geometry-Prior+Residual,673127350,1.2352616373375431,0.8341991249558086,0.450421168284197,0.6344734251968503,0.38461538461538464,0.27021615475001814,-1.3172260807534832,0.78125,128,calibrated,geometry,[0.5618643680029985],ce71ec09f3c4d30681db1e8e17acb1c792f71d340598d7a31468c0e8660d96c6,scale_1.5,be4010bb57e4acb75f763d6902dc236dcb02015e427c4623b506ad47a20972e1,088e858407f4e7d41e905b85194629de9158f6991d1d6ee5ffae6eb3f4db4fc8,f2b8188126cbd536dced8f0c094666b7724852301f7eec3be6c05ae3a2c95441,fcb16320c3d66c921e5a981e33a3a9e40e617d04fd0d79890d91638c230fea39,61a9df76618c51e3094f97f37c578e3ecdc8b5ea883d337c25c9d7336954a6ba,-0.006853831122939802,False
53,2,scale_1.5,none,scale_1.5,0.35,test,Oracle-Rank+Residual,673127350,1.2189115167998064,0.9676541924150223,0.7723173411463102,0.7985974409448819,0.8461538461538461,0.06727100914151296,-1.1546524386236556,0.859375,128,calibrated,oracle_rank,[0.4716158913893008],ce71ec09f3c4d30681db1e8e17acb1c792f71d340598d7a31468c0e8660d96c6,scale_1.5,be4010bb57e4acb75f763d6902dc236dcb02015e427c4623b506ad47a20972e1,088e858407f4e7d41e905b85194629de9158f6991d1d6ee5ffae6eb3f4db4fc8,f2b8188126cbd536dced8f0c094666b7724852301f7eec3be6c05ae3a2c95441,fcb16320c3d66c921e5a981e33a3a9e40e617d04fd0d79890d91638c230fea39,61a9df76618c51e3094f97f37c578e3ecdc8b5ea883d337c25c9d7336954a6ba,-0.02320395166067657,False
53,2,scale_1.5,none,scale_1.5,0.35,test,Oracle-Value+Residual,673127350,0.7131355141462529,0.9824567802067549,0.7781885185863394,0.8161909448818898,0.9230769230769231,0.021990459241345187,-1.886498884268359,1.0,128,calibrated,oracle_value,[0.5650433339724568],ce71ec09f3c4d30681db1e8e17acb1c792f71d340598d7a31468c0e8660d96c6,scale_1.5,be4010bb57e4acb75f763d6902dc236dcb02015e427c4623b506ad47a20972e1,088e858407f4e7d41e905b85194629de9158f6991d1d6ee5ffae6eb3f4db4fc8,f2b8188126cbd536dced8f0c094666b7724852301f7eec3be6c05ae3a2c95441,fcb16320c3d66c921e5a981e33a3a9e40e617d04fd0d79890d91638c230fea39,61a9df76618c51e3094f97f37c578e3ecdc8b5ea883d337c25c9d7336954a6ba,-0.5289799543142301,False
53,2,scale_1.5,none,scale_1.5,0.35,test,Oracle-Rank+Value+Residual,673127350,0.7131355141462536,0.9824567802067549,0.7781885185863394,0.8161909448818898,0.9230769230769231,0.021990459241345187,-1.8864988842683577,1.0,128,calibrated,oracle_rank|oracle_value,"[8.995580327225234e-16, 0.565043333972456]",ce71ec09f3c4d30681db1e8e17acb1c792f71d340598d7a31468c0e8660d96c6,scale_1.5,be4010bb57e4acb75f763d6902dc236dcb02015e427c4623b506ad47a20972e1,088e858407f4e7d41e905b85194629de9158f6991d1d6ee5ffae6eb3f4db4fc8,f2b8188126cbd536dced8f0c094666b7724852301f7eec3be6c05ae3a2c95441,fcb16320c3d66c921e5a981e33a3a9e40e617d04fd0d79890d91638c230fea39,61a9df76618c51e3094f97f37c578e3ecdc8b5ea883d337c25c9d7336954a6ba,-0.5289799543142293,False
53,2,scale_1.5,none,scale_1.5,0.7,test,Target-Only,2059360265,0.6661600425133329,0.8999284507918374,0.8531862296282732,0.8345226377952756,0.46153846153846156,0.09568889310149975,-0.4911779428878792,1.0,128,target_only,none,[],ce71ec09f3c4d30681db1e8e17acb1c792f71d340598d7a31468c0e8660d96c6,scale_1.5,be4010bb57e4acb75f763d6902dc236dcb02015e427c4623b506ad47a20972e1,000b55c081d99420b272b829fcdcd41539f0a6e0e46a6edb12d26cce3b3664f2,f2b8188126cbd536dced8f0c094666b7724852301f7eec3be6c05ae3a2c95441,7411e5beab1cf7602a0333113c707c384388cec711f55a8194d4d215278f86d5,cc463c014c0cf2206269b7bbbe6e1fdc86ec410cea0b8265467fb323eed4f893,0.0,False
53,2,scale_1.5,none,scale_1.5,0.7,test,Geometry-Prior+Residual,2059360265,0.32197208925249815,0.9017331115900574,0.9533167002380516,0.906373031496063,0.46153846153846156,0.09803586174054017,-1.1223321210451878,0.9453125,128,calibrated,geometry,[0.5618643680029985],ce71ec09f3c4d30681db1e8e17acb1c792f71d340598d7a31468c0e8660d96c6,scale_1.5,be4010bb57e4acb75f763d6902dc236dcb02015e427c4623b506ad47a20972e1,000b55c081d99420b272b829fcdcd41539f0a6e0e46a6edb12d26cce3b3664f2,f2b8188126cbd536dced8f0c094666b7724852301f7eec3be6c05ae3a2c95441,7411e5beab1cf7602a0333113c707c384388cec711f55a8194d4d215278f86d5,cc463c014c0cf2206269b7bbbe6e1fdc86ec410cea0b8265467fb323eed4f893,-0.3441879532608348,False
53,2,scale_1.5,none,scale_1.5,0.7,test,Oracle-Rank+Residual,2059360265,1.1110729492749765,0.9825736179378743,0.7692329701519867,0.7929379921259843,0.8461538461538461,0.014597541242719418,1.4976182247779224,0.4375,128,calibrated,oracle_rank,[0.4716158913893008],ce71ec09f3c4d30681db1e8e17acb1c792f71d340598d7a31468c0e8660d96c6,scale_1.5,be4010bb57e4acb75f763d6902dc236dcb02015e427c4623b506ad47a20972e1,000b55c081d99420b272b829fcdcd41539f0a6e0e46a6edb12d26cce3b3664f2,f2b8188126cbd536dced8f0c094666b7724852301f7eec3be6c05ae3a2c95441,7411e5beab1cf7602a0333113c707c384388cec711f55a8194d4d215278f86d5,cc463c014c0cf2206269b7bbbe6e1fdc86ec410cea0b8265467fb323eed4f893,0.4449129067616435,True
53,2,scale_1.5,none,scale_1.5,0.7,test,Oracle-Value+Residual,2059360265,0.8870089409033363,0.9843551897043866,0.9189136605017395,0.8817667322834646,0.8461538461538461,0.002232458738245178,2.427369494077671,0.6640625,128,calibrated,oracle_value,[0.5650433339724568],ce71ec09f3c4d30681db1e8e17acb1c792f71d340598d7a31468c0e8660d96c6,scale_1.5,be4010bb57e4acb75f763d6902dc236dcb02015e427c4623b506ad47a20972e1,000b55c081d99420b272b829fcdcd41539f0a6e0e46a6edb12d26cce3b3664f2,f2b8188126cbd536dced8f0c094666b7724852301f7eec3be6c05ae3a2c95441,7411e5beab1cf7602a0333113c707c384388cec711f55a8194d4d215278f86d5,cc463c014c0cf2206269b7bbbe6e1fdc86ec410cea0b8265467fb323eed4f893,0.22084889839000332,True
53,2,scale_1.5,none,scale_1.5,0.7,test,Oracle-Rank+Value+Residual,2059360265,0.887008940903337,0.9843551897043866,0.9189136605017395,0.8817667322834646,0.8461538461538461,0.002232458738245178,2.4273694940776718,0.6640625,128,calibrated,oracle_rank|oracle_value,"[8.995580327225234e-16, 0.565043333972456]",ce71ec09f3c4d30681db1e8e17acb1c792f71d340598d7a31468c0e8660d96c6,scale_1.5,be4010bb57e4acb75f763d6902dc236dcb02015e427c4623b506ad47a20972e1,000b55c081d99420b272b829fcdcd41539f0a6e0e46a6edb12d26cce3b3664f2,f2b8188126cbd536dced8f0c094666b7724852301f7eec3be6c05ae3a2c95441,7411e5beab1cf7602a0333113c707c384388cec711f55a8194d4d215278f86d5,cc463c014c0cf2206269b7bbbe6e1fdc86ec410cea0b8265467fb323eed4f893,0.2208488983900041,True
53,2,scale_1.5,none,scale_1.5,1.0,test,Target-Only,54451960,0.8530696563787942,0.9129020743843724,0.8141537722028932,0.8109005905511811,0.46153846153846156,0.06549698487089328,0.13674405824215996,0.859375,128,target_only,none,[],ce71ec09f3c4d30681db1e8e17acb1c792f71d340598d7a31468c0e8660d96c6,scale_1.5,be4010bb57e4acb75f763d6902dc236dcb02015e427c4623b506ad47a20972e1,3236b8061e46bbf48d285a281c50216783e61140afe92c87ae026b0e8fc0b270,f2b8188126cbd536dced8f0c094666b7724852301f7eec3be6c05ae3a2c95441,3517eb9ee13e56083e32f3b4122a836d77f0b4ddd8654f073907a81c41147408,6800bb851b9dee03982c09c20eef9ebcfbd410d648ef0831171dff5dbc0ecd51,0.0,False
53,2,scale_1.5,none,scale_1.5,1.0,test,Geometry-Prior+Residual,54451960,0.4363875391057351,0.815391872385913,0.9334886009888297,0.8939468503937008,0.3076923076923077,0.15018862303770747,-0.49854416448089744,0.859375,128,calibrated,geometry,[0.5618643680029985],ce71ec09f3c4d30681db1e8e17acb1c792f71d340598d7a31468c0e8660d96c6,scale_1.5,be4010bb57e4acb75f763d6902dc236dcb02015e427c4623b506ad47a20972e1,3236b8061e46bbf48d285a281c50216783e61140afe92c87ae026b0e8fc0b270,f2b8188126cbd536dced8f0c094666b7724852301f7eec3be6c05ae3a2c95441,3517eb9ee13e56083e32f3b4122a836d77f0b4ddd8654f073907a81c41147408,6800bb851b9dee03982c09c20eef9ebcfbd410d648ef0831171dff5dbc0ecd51,-0.4166821172730591,False
53,2,scale_1.5,none,scale_1.5,1.0,test,Oracle-Rank+Residual,54451960,1.3410811014251218,0.45604584102804774,0.5031244277604835,0.6824557086614174,0.23076923076923078,0.8138921605376028,2.939444629782018,0.5546875,128,calibrated,oracle_rank,[0.4716158913893008],ce71ec09f3c4d30681db1e8e17acb1c792f71d340598d7a31468c0e8660d96c6,scale_1.5,be4010bb57e4acb75f763d6902dc236dcb02015e427c4623b506ad47a20972e1,3236b8061e46bbf48d285a281c50216783e61140afe92c87ae026b0e8fc0b270,f2b8188126cbd536dced8f0c094666b7724852301f7eec3be6c05ae3a2c95441,3517eb9ee13e56083e32f3b4122a836d77f0b4ddd8654f073907a81c41147408,6800bb851b9dee03982c09c20eef9ebcfbd410d648ef0831171dff5dbc0ecd51,0.48801144504632765,True
53,2,scale_1.5,none,scale_1.5,1.0,test,Oracle-Value+Residual,54451960,0.9056679579379672,0.8653929443951132,0.7881798205456875,0.8015501968503937,0.46153846153846156,0.14875657352643354,2.9120070823282043,0.515625,128,calibrated,oracle_value,[0.5650433339724568],ce71ec09f3c4d30681db1e8e17acb1c792f71d340598d7a31468c0e8660d96c6,scale_1.5,be4010bb57e4acb75f763d6902dc236dcb02015e427c4623b506ad47a20972e1,3236b8061e46bbf48d285a281c50216783e61140afe92c87ae026b0e8fc0b270,f2b8188126cbd536dced8f0c094666b7724852301f7eec3be6c05ae3a2c95441,3517eb9ee13e56083e32f3b4122a836d77f0b4ddd8654f073907a81c41147408,6800bb851b9dee03982c09c20eef9ebcfbd410d648ef0831171dff5dbc0ecd51,0.052598301559173,True
53,2,scale_1.5,none,scale_1.5,1.0,test,Oracle-Rank+Value+Residual,54451960,0.9056679579379676,0.8653929443951132,0.7881798205456875,0.8015501968503937,0.46153846153846156,0.14875657352643354,2.9120070823282,0.515625,128,calibrated,oracle_rank|oracle_value,"[8.995580327225234e-16, 0.565043333972456]",ce71ec09f3c4d30681db1e8e17acb1c792f71d340598d7a31468c0e8660d96c6,scale_1.5,be4010bb57e4acb75f763d6902dc236dcb02015e427c4623b506ad47a20972e1,3236b8061e46bbf48d285a281c50216783e61140afe92c87ae026b0e8fc0b270,f2b8188126cbd536dced8f0c094666b7724852301f7eec3be6c05ae3a2c95441,3517eb9ee13e56083e32f3b4122a836d77f0b4ddd8654f073907a81c41147408,6800bb851b9dee03982c09c20eef9ebcfbd410d648ef0831171dff5dbc0ecd51,0.052598301559173444,True
53,2,rotate_45,none,rotate_45,0.35,test,Target-Only,295235225,0.7598122871390572,0.9516498739706769,0.8796580296648965,0.8496555118110236,0.5384615384615384,0.0,-2.127955022288869,1.0,128,target_only,none,[],ce71ec09f3c4d30681db1e8e17acb1c792f71d340598d7a31468c0e8660d96c6,rotate_45,37df330ad859b0e2cea097677135010eb4a53112ce3d17b98d574605b7b1e20f,a352ad7622c6f7e38eb29644be36f871ed67bd64db26a8aab7b1b4702ffd7e89,f2b8188126cbd536dced8f0c094666b7724852301f7eec3be6c05ae3a2c95441,fcb16320c3d66c921e5a981e33a3a9e40e617d04fd0d79890d91638c230fea39,2430020162d43d319ad37bdca1a7eba9100a2d76078821a220074b52100b8f62,0.0,False
53,2,rotate_45,none,rotate_45,0.35,test,Geometry-Prior+Residual,295235225,0.7035494671554178,0.9364682514124292,0.9304671763413292,0.8848425196850394,0.5384615384615384,0.019087282937947998,-2.11321593518093,0.7890625,128,calibrated,geometry,[0.1903874426367077],ce71ec09f3c4d30681db1e8e17acb1c792f71d340598d7a31468c0e8660d96c6,rotate_45,37df330ad859b0e2cea097677135010eb4a53112ce3d17b98d574605b7b1e20f,a352ad7622c6f7e38eb29644be36f871ed67bd64db26a8aab7b1b4702ffd7e89,f2b8188126cbd536dced8f0c094666b7724852301f7eec3be6c05ae3a2c95441,fcb16320c3d66c921e5a981e33a3a9e40e617d04fd0d79890d91638c230fea39,2430020162d43d319ad37bdca1a7eba9100a2d76078821a220074b52100b8f62,-0.05626281998363947,False
53,2,rotate_45,none,rotate_45,0.35,test,Oracle-Rank+Residual,295235225,0.4250391195563369,0.954957134142257,0.8502334737227614,0.8401820866141733,0.6153846153846154,0.009761790579707684,-1.4048158904291308,0.59375,128,calibrated,oracle_rank,[0.22969925449202536],ce71ec09f3c4d30681db1e8e17acb1c792f71d340598d7a31468c0e8660d96c6,rotate_45,37df330ad859b0e2cea097677135010eb4a53112ce3d17b98d574605b7b1e20f,a352ad7622c6f7e38eb29644be36f871ed67bd64db26a8aab7b1b4702ffd7e89,f2b8188126cbd536dced8f0c094666b7724852301f7eec3be6c05ae3a2c95441,fcb16320c3d66c921e5a981e33a3a9e40e617d04fd0d79890d91638c230fea39,2430020162d43d319ad37bdca1a7eba9100a2d76078821a220074b52100b8f62,-0.33477316758272035,False
53,2,rotate_45,none,rotate_45,0.35,test,Oracle-Value+Residual,295235225,0.07072818008411157,0.999520505986607,0.9714681377037172,0.9483267716535433,1.0,0.0,-4.432731603753205,0.90625,128,calibrated,oracle_value,[0.24208667715386892],ce71ec09f3c4d30681db1e8e17acb1c792f71d340598d7a31468c0e8660d96c6,rotate_45,37df330ad859b0e2cea097677135010eb4a53112ce3d17b98d574605b7b1e20f,a352ad7622c6f7e38eb29644be36f871ed67bd64db26a8aab7b1b4702ffd7e89,f2b8188126cbd536dced8f0c094666b7724852301f7eec3be6c05ae3a2c95441,fcb16320c3d66c921e5a981e33a3a9e40e617d04fd0d79890d91638c230fea39,2430020162d43d319ad37bdca1a7eba9100a2d76078821a220074b52100b8f62,-0.6890841070549457,False
53,2,rotate_45,none,rotate_45,0.35,test,Oracle-Rank+Value+Residual,295235225,0.14748386435809882,0.9841073947390724,0.944481322102179,0.9156003937007874,0.8461538461538461,0.009761790579707684,-2.4702045641103334,0.6171875,128,calibrated,oracle_rank|oracle_value,"[0.07570332192860502, 0.17575609902005238]",ce71ec09f3c4d30681db1e8e17acb1c792f71d340598d7a31468c0e8660d96c6,rotate_45,37df330ad859b0e2cea097677135010eb4a53112ce3d17b98d574605b7b1e20f,a352ad7622c6f7e38eb29644be36f871ed67bd64db26a8aab7b1b4702ffd7e89,f2b8188126cbd536dced8f0c094666b7724852301f7eec3be6c05ae3a2c95441,fcb16320c3d66c921e5a981e33a3a9e40e617d04fd0d79890d91638c230fea39,2430020162d43d319ad37bdca1a7eba9100a2d76078821a220074b52100b8f62,-0.6123284227809584,False
53,2,rotate_45,none,rotate_45,0.7,test,Target-Only,356860998,1.284002758534848,0.7808402914151427,0.7475965940303974,0.7792814960629921,0.38461538461538464,0.4350521457287317,-0.9801763098882093,0.765625,128,target_only,none,[],ce71ec09f3c4d30681db1e8e17acb1c792f71d340598d7a31468c0e8660d96c6,rotate_45,37df330ad859b0e2cea097677135010eb4a53112ce3d17b98d574605b7b1e20f,60233e860617b9139e444779327f75fc5c396b5a2f709eb0bbd899c7e0413c2e,f2b8188126cbd536dced8f0c094666b7724852301f7eec3be6c05ae3a2c95441,7411e5beab1cf7602a0333113c707c384388cec711f55a8194d4d215278f86d5,9ef9028f4505454f77829f44ac57694479be081fed6f2d91da4edb81e96073a1,0.0,False
53,2,rotate_45,none,rotate_45,0.7,test,Geometry-Prior+Residual,356860998,1.022086758032056,0.930028835930927,0.8418787767808092,0.8259104330708661,0.5384615384615384,0.03280551245914188,-0.9962385829145267,0.671875,128,calibrated,geometry,[0.1903874426367077],ce71ec09f3c4d30681db1e8e17acb1c792f71d340598d7a31468c0e8660d96c6,rotate_45,37df330ad859b0e2cea097677135010eb4a53112ce3d17b98d574605b7b1e20f,60233e860617b9139e444779327f75fc5c396b5a2f709eb0bbd899c7e0413c2e,f2b8188126cbd536dced8f0c094666b7724852301f7eec3be6c05ae3a2c95441,7411e5beab1cf7602a0333113c707c384388cec711f55a8194d4d215278f86d5,9ef9028f4505454f77829f44ac57694479be081fed6f2d91da4edb81e96073a1,-0.26191600050279185,False
53,2,rotate_45,none,rotate_45,0.7,test,Oracle-Rank+Residual,356860998,0.7966718812961698,0.9775756433053088,0.8543192638710857,0.8463336614173228,0.8461538461538461,0.025818115606041653,0.28082016493548834,0.53125,128,calibrated,oracle_rank,[0.22969925449202536],ce71ec09f3c4d30681db1e8e17acb1c792f71d340598d7a31468c0e8660d96c6,rotate_45,37df330ad859b0e2cea097677135010eb4a53112ce3d17b98d574605b7b1e20f,60233e860617b9139e444779327f75fc5c396b5a2f709eb0bbd899c7e0413c2e,f2b8188126cbd536dced8f0c094666b7724852301f7eec3be6c05ae3a2c95441,7411e5beab1cf7602a0333113c707c384388cec711f55a8194d4d215278f86d5,9ef9028f4505454f77829f44ac57694479be081fed6f2d91da4edb81e96073a1,-0.4873308772386781,False
53,2,rotate_45,none,rotate_45,0.7,test,Oracle-Value+Residual,356860998,0.11297732289282562,0.9994701092923124,0.9552508698040652,0.922244094488189,1.0,0.0,-3.342389551942334,0.734375,128,calibrated,oracle_value,[0.24208667715386892],ce71ec09f3c4d30681db1e8e17acb1c792f71d340598d7a31468c0e8660d96c6,rotate_45,37df330ad859b0e2cea097677135010eb4a53112ce3d17b98d574605b7b1e20f,60233e860617b9139e444779327f75fc5c396b5a2f709eb0bbd899c7e0413c2e,f2b8188126cbd536dced8f0c094666b7724852301f7eec3be6c05ae3a2c95441,7411e5beab1cf7602a0333113c707c384388cec711f55a8194d4d215278f86d5,9ef9028f4505454f77829f44ac57694479be081fed6f2d91da4edb81e96073a1,-1.1710254356420222,False
53,2,rotate_45,none,rotate_45,0.7,test,Oracle-Rank+Value+Residual,356860998,0.2604138216457708,0.9895333096092264,0.9103815693096503,0.8849655511811023,0.9230769230769231,0.025818115606041653,-1.1439050305959966,0.609375,128,calibrated,oracle_rank|oracle_value,"[0.07570332192860502, 0.17575609902005238]",ce71ec09f3c4d30681db1e8e17acb1c792f71d340598d7a31468c0e8660d96c6,rotate_45,37df330ad859b0e2cea097677135010eb4a53112ce3d17b98d574605b7b1e20f,60233e860617b9139e444779327f75fc5c396b5a2f709eb0bbd899c7e0413c2e,f2b8188126cbd536dced8f0c094666b7724852301f7eec3be6c05ae3a2c95441,7411e5beab1cf7602a0333113c707c384388cec711f55a8194d4d215278f86d5,9ef9028f4505454f77829f44ac57694479be081fed6f2d91da4edb81e96073a1,-1.0235889368890772,False
53,2,rotate_45,none,rotate_45,1.0,test,Target-Only,469564427,0.9614277539197484,0.7693638816992034,0.7328557040835012,0.780388779527559,0.38461538461538464,0.2678334341936244,0.36020226531862715,0.6875,128,target_only,none,[],ce71ec09f3c4d30681db1e8e17acb1c792f71d340598d7a31468c0e8660d96c6,rotate_45,37df330ad859b0e2cea097677135010eb4a53112ce3d17b98d574605b7b1e20f,27e37205654438200d92b966ed76a3e26a765f87137ab1bde8e9a259d5f7624a,f2b8188126cbd536dced8f0c094666b7724852301f7eec3be6c05ae3a2c95441,3517eb9ee13e56083e32f3b4122a836d77f0b4ddd8654f073907a81c41147408,fa18923e9851a6ac4a0dc693a04f0ba165d80adfcc7eab8c91a1f435e46def54,0.0,False
53,2,rotate_45,none,rotate_45,1.0,test,Geometry-Prior+Residual,469564427,0.6349728262194291,0.9180317173399696,0.8669199780260025,0.844119094488189,0.5384615384615384,0.1599813134856203,0.45890806990130967,0.6328125,128,calibrated,geometry,[0.1903874426367077],ce71ec09f3c4d30681db1e8e17acb1c792f71d340598d7a31468c0e8660d96c6,rotate_45,37df330ad859b0e2cea097677135010eb4a53112ce3d17b98d574605b7b1e20f,27e37205654438200d92b966ed76a3e26a765f87137ab1bde8e9a259d5f7624a,f2b8188126cbd536dced8f0c094666b7724852301f7eec3be6c05ae3a2c95441,3517eb9ee13e56083e32f3b4122a836d77f0b4ddd8654f073907a81c41147408,fa18923e9851a6ac4a0dc693a04f0ba165d80adfcc7eab8c91a1f435e46def54,-0.32645492770031936,False
53,2,rotate_45,none,rotate_45,1.0,test,Oracle-Rank+Residual,469564427,0.49239994624558775,0.9901160296365937,0.9602522431789049,0.9243356299212598,0.9230769230769231,0.017318596312927974,3.074036493758694,0.484375,128,calibrated,oracle_rank,[0.22969925449202536],ce71ec09f3c4d30681db1e8e17acb1c792f71d340598d7a31468c0e8660d96c6,rotate_45,37df330ad859b0e2cea097677135010eb4a53112ce3d17b98d574605b7b1e20f,27e37205654438200d92b966ed76a3e26a765f87137ab1bde8e9a259d5f7624a,f2b8188126cbd536dced8f0c094666b7724852301f7eec3be6c05ae3a2c95441,3517eb9ee13e56083e32f3b4122a836d77f0b4ddd8654f073907a81c41147408,fa18923e9851a6ac4a0dc693a04f0ba165d80adfcc7eab8c91a1f435e46def54,-0.4690278076741607,False
53,2,rotate_45,none,rotate_45,1.0,test,Oracle-Value+Residual,469564427,0.12904140152443086,0.999970313370024,0.9913935176707561,0.9673966535433071,1.0,0.0,3.9980533513869974,0.46875,128,calibrated,oracle_value,[0.24208667715386892],ce71ec09f3c4d30681db1e8e17acb1c792f71d340598d7a31468c0e8660d96c6,rotate_45,37df330ad859b0e2cea097677135010eb4a53112ce3d17b98d574605b7b1e20f,27e37205654438200d92b966ed76a3e26a765f87137ab1bde8e9a259d5f7624a,f2b8188126cbd536dced8f0c094666b7724852301f7eec3be6c05ae3a2c95441,3517eb9ee13e56083e32f3b4122a836d77f0b4ddd8654f073907a81c41147408,fa18923e9851a6ac4a0dc693a04f0ba165d80adfcc7eab8c91a1f435e46def54,-0.8323863523953176,False
53,2,rotate_45,none,rotate_45,1.0,test,Oracle-Rank+Value+Residual,469564427,0.20330603950932982,0.992483407494341,0.9884750961362386,0.9613681102362205,1.0,0.017318596312927974,5.938315346094164,0.390625,128,calibrated,oracle_rank|oracle_value,"[0.07570332192860502, 0.17575609902005238]",ce71ec09f3c4d30681db1e8e17acb1c792f71d340598d7a31468c0e8660d96c6,rotate_45,37df330ad859b0e2cea097677135010eb4a53112ce3d17b98d574605b7b1e20f,27e37205654438200d92b966ed76a3e26a765f87137ab1bde8e9a259d5f7624a,f2b8188126cbd536dced8f0c094666b7724852301f7eec3be6c05ae3a2c95441,3517eb9ee13e56083e32f3b4122a836d77f0b4ddd8654f073907a81c41147408,fa18923e9851a6ac4a0dc693a04f0ba165d80adfcc7eab8c91a1f435e46def54,-0.7581217144104186,False
53,2,roughness,none,roughness,0.35,test,Target-Only,460295420,1.3005295897365272,0.1795355664789605,-0.1263333180736129,0.45558562992125984,0.0,1.0250437213496173,6.101765630308236,0.59375,128,target_only,none,[],ce71ec09f3c4d30681db1e8e17acb1c792f71d340598d7a31468c0e8660d96c6,roughness,f2b8188126cbd536dced8f0c094666b7724852301f7eec3be6c05ae3a2c95441,fcb16320c3d66c921e5a981e33a3a9e40e617d04fd0d79890d91638c230fea39,f2b8188126cbd536dced8f0c094666b7724852301f7eec3be6c05ae3a2c95441,fcb16320c3d66c921e5a981e33a3a9e40e617d04fd0d79890d91638c230fea39,0bf1b988e8626ac056bcabb2172468cbff06f094d04fa481c08045b16cc65afb,0.0,False
53,2,roughness,none,roughness,0.35,test,Geometry-Prior+Residual,460295420,1.298253806362486,0.21066420262132252,-0.21745673869254714,0.41523129921259844,0.15384615384615385,1.066441153185027,37.92880648486519,0.3359375,128,calibrated,geometry,[0.33227224513258036],ce71ec09f3c4d30681db1e8e17acb1c792f71d340598d7a31468c0e8660d96c6,roughness,f2b8188126cbd536dced8f0c094666b7724852301f7eec3be6c05ae3a2c95441,fcb16320c3d66c921e5a981e33a3a9e40e617d04fd0d79890d91638c230fea39,f2b8188126cbd536dced8f0c094666b7724852301f7eec3be6c05ae3a2c95441,fcb16320c3d66c921e5a981e33a3a9e40e617d04fd0d79890d91638c230fea39,0bf1b988e8626ac056bcabb2172468cbff06f094d04fa481c08045b16cc65afb,-0.002275783374041218,False
53,2,roughness,none,roughness,0.35,test,Oracle-Rank+Residual,460295420,1.1522806118576605,0.8362101893422602,0.20806056583043397,0.5709891732283464,0.6153846153846154,0.06464537202459524,45.768323236945804,0.359375,128,calibrated,oracle_rank,[0.3441332009352692],ce71ec09f3c4d30681db1e8e17acb1c792f71d340598d7a31468c0e8660d96c6,roughness,f2b8188126cbd536dced8f0c094666b7724852301f7eec3be6c05ae3a2c95441,fcb16320c3d66c921e5a981e33a3a9e40e617d04fd0d79890d91638c230fea39,f2b8188126cbd536dced8f0c094666b7724852301f7eec3be6c05ae3a2c95441,fcb16320c3d66c921e5a981e33a3a9e40e617d04fd0d79890d91638c230fea39,0bf1b988e8626ac056bcabb2172468cbff06f094d04fa481c08045b16cc65afb,-0.1482489778788667,False
53,2,roughness,none,roughness,0.35,test,Oracle-Value+Residual,460295420,1.1477416467185755,0.9401762177066053,0.06619094488188976,0.5067667322834646,0.7692307692307693,0.06464537202459524,62.89589547109556,0.3828125,128,calibrated,oracle_value,[0.35165118608209356],ce71ec09f3c4d30681db1e8e17acb1c792f71d340598d7a31468c0e8660d96c6,roughness,f2b8188126cbd536dced8f0c094666b7724852301f7eec3be6c05ae3a2c95441,fcb16320c3d66c921e5a981e33a3a9e40e617d04fd0d79890d91638c230fea39,f2b8188126cbd536dced8f0c094666b7724852301f7eec3be6c05ae3a2c95441,fcb16320c3d66c921e5a981e33a3a9e40e617d04fd0d79890d91638c230fea39,0bf1b988e8626ac056bcabb2172468cbff06f094d04fa481c08045b16cc65afb,-0.15278794301795173,False
53,2,roughness,none,roughness,0.35,test,Oracle-Rank+Value+Residual,460295420,1.1402707640349394,0.9401762177066053,0.15546603186229627,0.5419537401574803,0.7692307692307693,0.06464537202459524,64.3003063461754,0.375,128,calibrated,oracle_rank|oracle_value,"[0.14972862405258403, 0.2183309969570965]",ce71ec09f3c4d30681db1e8e17acb1c792f71d340598d7a31468c0e8660d96c6,roughness,f2b8188126cbd536dced8f0c094666b7724852301f7eec3be6c05ae3a2c95441,fcb16320c3d66c921e5a981e33a3a9e40e617d04fd0d79890d91638c230fea39,f2b8188126cbd536dced8f0c094666b7724852301f7eec3be6c05ae3a2c95441,fcb16320c3d66c921e5a981e33a3a9e40e617d04fd0d79890d91638c230fea39,0bf1b988e8626ac056bcabb2172468cbff06f094d04fa481c08045b16cc65afb,-0.16025882570158778,False
53,2,roughness,none,roughness,0.7,test,Target-Only,1713377992,1.0218022715217256,0.47365696261378726,0.3052153909540377,0.6032234251968503,0.0,0.46325322556973936,4.826806916745311,0.515625,128,target_only,none,[],ce71ec09f3c4d30681db1e8e17acb1c792f71d340598d7a31468c0e8660d96c6,roughness,f2b8188126cbd536dced8f0c094666b7724852301f7eec3be6c05ae3a2c95441,7411e5beab1cf7602a0333113c707c384388cec711f55a8194d4d215278f86d5,f2b8188126cbd536dced8f0c094666b7724852301f7eec3be6c05ae3a2c95441,7411e5beab1cf7602a0333113c707c384388cec711f55a8194d4d215278f86d5,0d488bf38b8b083d39b31f6456e6b2e60168e6e64b0a6288db6aaa2f364b75f7,0.0,False
53,2,roughness,none,roughness,0.7,test,Geometry-Prior+Residual,1713377992,1.0017244348482484,0.6806387031724955,0.41689937740340594,0.6417322834645669,0.15384615384615385,0.217656945866764,26.9961004852902,0.1875,128,calibrated,geometry,[0.33227224513258036],ce71ec09f3c4d30681db1e8e17acb1c792f71d340598d7a31468c0e8660d96c6,roughness,f2b8188126cbd536dced8f0c094666b7724852301f7eec3be6c05ae3a2c95441,7411e5beab1cf7602a0333113c707c384388cec711f55a8194d4d215278f86d5,f2b8188126cbd536dced8f0c094666b7724852301f7eec3be6c05ae3a2c95441,7411e5beab1cf7602a0333113c707c384388cec711f55a8194d4d215278f86d5,0d488bf38b8b083d39b31f6456e6b2e60168e6e64b0a6288db6aaa2f364b75f7,-0.02007783667347729,False
53,2,roughness,none,roughness,0.7,test,Oracle-Rank+Residual,1713377992,1.0722534834264408,0.6817232486574853,0.3193210950375389,0.608513779527559,0.15384615384615385,0.16629543460774696,42.39643919531766,0.171875,128,calibrated,oracle_rank,[0.3441332009352692],ce71ec09f3c4d30681db1e8e17acb1c792f71d340598d7a31468c0e8660d96c6,roughness,f2b8188126cbd536dced8f0c094666b7724852301f7eec3be6c05ae3a2c95441,7411e5beab1cf7602a0333113c707c384388cec711f55a8194d4d215278f86d5,f2b8188126cbd536dced8f0c094666b7724852301f7eec3be6c05ae3a2c95441,7411e5beab1cf7602a0333113c707c384388cec711f55a8194d4d215278f86d5,0d488bf38b8b083d39b31f6456e6b2e60168e6e64b0a6288db6aaa2f364b75f7,0.05045121190471513,True
53,2,roughness,none,roughness,0.7,test,Oracle-Value+Residual,1713377992,1.0765873968409334,0.7067483453756749,0.29573338216443873,0.6035925196850394,0.15384615384615385,0.16629543460774696,53.19223597401096,0.1484375,128,calibrated,oracle_value,[0.35165118608209356],ce71ec09f3c4d30681db1e8e17acb1c792f71d340598d7a31468c0e8660d96c6,roughness,f2b8188126cbd536dced8f0c094666b7724852301f7eec3be6c05ae3a2c95441,7411e5beab1cf7602a0333113c707c384388cec711f55a8194d4d215278f86d5,f2b8188126cbd536dced8f0c094666b7724852301f7eec3be6c05ae3a2c95441,7411e5beab1cf7602a0333113c707c384388cec711f55a8194d4d215278f86d5,0d488bf38b8b083d39b31f6456e6b2e60168e6e64b0a6288db6aaa2f364b75f7,0.05478512531920776,True
53,2,roughness,none,roughness,0.7,test,Oracle-Rank+Value+Residual,1713377992,1.0662167648283791,0.6749887855152619,0.32000778245742534,0.6147883858267716,0.15384615384615385,0.16629543460774696,56.471545659951516,0.125,128,calibrated,oracle_rank|oracle_value,"[0.14972862405258403, 0.2183309969570965]",ce71ec09f3c4d30681db1e8e17acb1c792f71d340598d7a31468c0e8660d96c6,roughness,f2b8188126cbd536dced8f0c094666b7724852301f7eec3be6c05ae3a2c95441,7411e5beab1cf7602a0333113c707c384388cec711f55a8194d4d215278f86d5,f2b8188126cbd536dced8f0c094666b7724852301f7eec3be6c05ae3a2c95441,7411e5beab1cf7602a0333113c707c384388cec711f55a8194d4d215278f86d5,0d488bf38b8b083d39b31f6456e6b2e60168e6e64b0a6288db6aaa2f364b75f7,0.04441449330665348,True
53,2,roughness,none,roughness,1.0,test,Target-Only,1648420728,0.9552173584747832,0.6405822208621014,0.39532594762863943,0.6338582677165354,0.23076923076923078,0.5143773795269068,1.5895969014918037,0.5390625,128,target_only,none,[],ce71ec09f3c4d30681db1e8e17acb1c792f71d340598d7a31468c0e8660d96c6,roughness,f2b8188126cbd536dced8f0c094666b7724852301f7eec3be6c05ae3a2c95441,3517eb9ee13e56083e32f3b4122a836d77f0b4ddd8654f073907a81c41147408,f2b8188126cbd536dced8f0c094666b7724852301f7eec3be6c05ae3a2c95441,3517eb9ee13e56083e32f3b4122a836d77f0b4ddd8654f073907a81c41147408,951d0d7b2e4d27f6323a204a02e45df3e5ce7fc03669df60c57463a9654c8b71,0.0,False
53,2,roughness,none,roughness,1.0,test,Geometry-Prior+Residual,1648420728,0.7903950630307612,0.6638980689641582,0.5933437099432338,0.7121062992125984,0.15384615384615385,0.09374448900189926,9.459786099918734,0.2890625,128,calibrated,geometry,[0.33227224513258036],ce71ec09f3c4d30681db1e8e17acb1c792f71d340598d7a31468c0e8660d96c6,roughness,f2b8188126cbd536dced8f0c094666b7724852301f7eec3be6c05ae3a2c95441,3517eb9ee13e56083e32f3b4122a836d77f0b4ddd8654f073907a81c41147408,f2b8188126cbd536dced8f0c094666b7724852301f7eec3be6c05ae3a2c95441,3517eb9ee13e56083e32f3b4122a836d77f0b4ddd8654f073907a81c41147408,951d0d7b2e4d27f6323a204a02e45df3e5ce7fc03669df60c57463a9654c8b71,-0.16482229544402194,False
53,2,roughness,none,roughness,1.0,test,Oracle-Rank+Residual,1648420728,0.8394539059291327,0.6095843625662264,0.5551524446072148,0.6913139763779528,0.0,0.15561178360745154,14.375426267236854,0.21875,128,calibrated,oracle_rank,[0.3441332009352692],ce71ec09f3c4d30681db1e8e17acb1c792f71d340598d7a31468c0e8660d96c6,roughness,f2b8188126cbd536dced8f0c094666b7724852301f7eec3be6c05ae3a2c95441,3517eb9ee13e56083e32f3b4122a836d77f0b4ddd8654f073907a81c41147408,f2b8188126cbd536dced8f0c094666b7724852301f7eec3be6c05ae3a2c95441,3517eb9ee13e56083e32f3b4122a836d77f0b4ddd8654f073907a81c41147408,951d0d7b2e4d27f6323a204a02e45df3e5ce7fc03669df60c57463a9654c8b71,-0.11576345254565046,False
53,2,roughness,none,roughness,1.0,test,Oracle-Value+Residual,1648420728,0.7660449078778514,0.5765966741212366,0.6152204266617836,0.7212106299212598,0.0,0.3492110800988739,22.688925342122445,0.2578125,128,calibrated,oracle_value,[0.35165118608209356],ce71ec09f3c4d30681db1e8e17acb1c792f71d340598d7a31468c0e8660d96c6,roughness,f2b8188126cbd536dced8f0c094666b7724852301f7eec3be6c05ae3a2c95441,3517eb9ee13e56083e32f3b4122a836d77f0b4ddd8654f073907a81c41147408,f2b8188126cbd536dced8f0c094666b7724852301f7eec3be6c05ae3a2c95441,3517eb9ee13e56083e32f3b4122a836d77f0b4ddd8654f073907a81c41147408,951d0d7b2e4d27f6323a204a02e45df3e5ce7fc03669df60c57463a9654c8b71,-0.18917245059693177,False
53,2,roughness,none,roughness,1.0,test,Oracle-Rank+Value+Residual,1648420728,0.7716450873973877,0.6064792809778288,0.6014294543123969,0.7122293307086615,0.0,0.15561178360745154,21.875789597817775,0.265625,128,calibrated,oracle_rank|oracle_value,"[0.14972862405258403, 0.2183309969570965]",ce71ec09f3c4d30681db1e8e17acb1c792f71d340598d7a31468c0e8660d96c6,roughness,f2b8188126cbd536dced8f0c094666b7724852301f7eec3be6c05ae3a2c95441,3517eb9ee13e56083e32f3b4122a836d77f0b4ddd8654f073907a81c41147408,f2b8188126cbd536dced8f0c094666b7724852301f7eec3be6c05ae3a2c95441,3517eb9ee13e56083e32f3b4122a836d77f0b4ddd8654f073907a81c41147408,951d0d7b2e4d27f6323a204a02e45df3e5ce7fc03669df60c57463a9654c8b71,-0.1835722710773955,False
53,2,reversal,none,reversal,0.35,test,Target-Only,628488719,0.5315660675612947,0.7888070675654536,0.9440979216260758,0.9003444881889764,0.23076923076923078,0.006093123128404285,-2.2246595714940036,1.0,128,target_only,none,[],ce71ec09f3c4d30681db1e8e17acb1c792f71d340598d7a31468c0e8660d96c6,reversal,f2b8188126cbd536dced8f0c094666b7724852301f7eec3be6c05ae3a2c95441,fcb16320c3d66c921e5a981e33a3a9e40e617d04fd0d79890d91638c230fea39,f2b8188126cbd536dced8f0c094666b7724852301f7eec3be6c05ae3a2c95441,fcb16320c3d66c921e5a981e33a3a9e40e617d04fd0d79890d91638c230fea39,e55383790cb2715d60d0bf7a211c185773b33baf87107c998eaa7a74c6ecd30d,0.0,False
53,2,reversal,none,reversal,0.35,test,Geometry-Prior+Residual,628488719,0.5315660675612947,0.7888070675654536,0.9440979216260758,0.9003444881889764,0.23076923076923078,0.006093123128404285,-2.2246595714940036,1.0,128,target_only,geometry,[1.411734934277474e-20],ce71ec09f3c4d30681db1e8e17acb1c792f71d340598d7a31468c0e8660d96c6,reversal,f2b8188126cbd536dced8f0c094666b7724852301f7eec3be6c05ae3a2c95441,fcb16320c3d66c921e5a981e33a3a9e40e617d04fd0d79890d91638c230fea39,f2b8188126cbd536dced8f0c094666b7724852301f7eec3be6c05ae3a2c95441,fcb16320c3d66c921e5a981e33a3a9e40e617d04fd0d79890d91638c230fea39,e55383790cb2715d60d0bf7a211c185773b33baf87107c998eaa7a74c6ecd30d,0.0,False
53,2,reversal,none,reversal,0.35,test,Oracle-Rank+Residual,628488719,0.5315660675612947,0.7888070675654536,0.9440979216260758,0.9003444881889764,0.23076923076923078,0.006093123128404285,-2.2246595714940036,1.0,128,target_only,oracle_rank,[1.5000222475007315e-20],ce71ec09f3c4d30681db1e8e17acb1c792f71d340598d7a31468c0e8660d96c6,reversal,f2b8188126cbd536dced8f0c094666b7724852301f7eec3be6c05ae3a2c95441,fcb16320c3d66c921e5a981e33a3a9e40e617d04fd0d79890d91638c230fea39,f2b8188126cbd536dced8f0c094666b7724852301f7eec3be6c05ae3a2c95441,fcb16320c3d66c921e5a981e33a3a9e40e617d04fd0d79890d91638c230fea39,e55383790cb2715d60d0bf7a211c185773b33baf87107c998eaa7a74c6ecd30d,0.0,False
53,2,reversal,none,reversal,0.35,test,Oracle-Value+Residual,628488719,0.5315660675612947,0.7888070675654536,0.9440979216260758,0.9003444881889764,0.23076923076923078,0.006093123128404285,-2.2246595714940036,1.0,128,target_only,oracle_value,[1.5554640280570982e-20],ce71ec09f3c4d30681db1e8e17acb1c792f71d340598d7a31468c0e8660d96c6,reversal,f2b8188126cbd536dced8f0c094666b7724852301f7eec3be6c05ae3a2c95441,fcb16320c3d66c921e5a981e33a3a9e40e617d04fd0d79890d91638c230fea39,f2b8188126cbd536dced8f0c094666b7724852301f7eec3be6c05ae3a2c95441,fcb16320c3d66c921e5a981e33a3a9e40e617d04fd0d79890d91638c230fea39,e55383790cb2715d60d0bf7a211c185773b33baf87107c998eaa7a74c6ecd30d,0.0,False
53,2,reversal,none,reversal,0.35,test,Oracle-Rank+Value+Residual,628488719,0.5315660675612947,0.7888070675654536,0.9440979216260758,0.9003444881889764,0.23076923076923078,0.006093123128404285,-2.2246595714940036,1.0,128,target_only,oracle_rank|oracle_value,"[5.552178443123704e-21, 1.0610859640328565e-20]",ce71ec09f3c4d30681db1e8e17acb1c792f71d340598d7a31468c0e8660d96c6,reversal,f2b8188126cbd536dced8f0c094666b7724852301f7eec3be6c05ae3a2c95441,fcb16320c3d66c921e5a981e33a3a9e40e617d04fd0d79890d91638c230fea39,f2b8188126cbd536dced8f0c094666b7724852301f7eec3be6c05ae3a2c95441,fcb16320c3d66c921e5a981e33a3a9e40e617d04fd0d79890d91638c230fea39,e55383790cb2715d60d0bf7a211c185773b33baf87107c998eaa7a74c6ecd30d,0.0,False
53,2,reversal,none,reversal,0.7,test,Target-Only,1956712123,1.4355237658829227,0.9171704005888219,0.8002941311115179,0.8086860236220472,0.5384615384615384,0.0022023093783920954,-0.9302058906783901,0.8515625,128,target_only,none,[],ce71ec09f3c4d30681db1e8e17acb1c792f71d340598d7a31468c0e8660d96c6,reversal,f2b8188126cbd536dced8f0c094666b7724852301f7eec3be6c05ae3a2c95441,7411e5beab1cf7602a0333113c707c384388cec711f55a8194d4d215278f86d5,f2b8188126cbd536dced8f0c094666b7724852301f7eec3be6c05ae3a2c95441,7411e5beab1cf7602a0333113c707c384388cec711f55a8194d4d215278f86d5,69fc6b384b83cfbeab7500c516f455ac7bb73edb08ca57ac51add47f251f1294,0.0,False
53,2,reversal,none,reversal,0.7,test,Geometry-Prior+Residual,1956712123,1.4355237658829227,0.9171704005888219,0.8002941311115179,0.8086860236220472,0.5384615384615384,0.0022023093783920954,-0.9302058906783901,0.8515625,128,target_only,geometry,[1.411734934277474e-20],ce71ec09f3c4d30681db1e8e17acb1c792f71d340598d7a31468c0e8660d96c6,reversal,f2b8188126cbd536dced8f0c094666b7724852301f7eec3be6c05ae3a2c95441,7411e5beab1cf7602a0333113c707c384388cec711f55a8194d4d215278f86d5,f2b8188126cbd536dced8f0c094666b7724852301f7eec3be6c05ae3a2c95441,7411e5beab1cf7602a0333113c707c384388cec711f55a8194d4d215278f86d5,69fc6b384b83cfbeab7500c516f455ac7bb73edb08ca57ac51add47f251f1294,0.0,False
53,2,reversal,none,reversal,0.7,test,Oracle-Rank+Residual,1956712123,1.4355237658829227,0.9171704005888219,0.8002941311115179,0.8086860236220472,0.5384615384615384,0.0022023093783920954,-0.9302058906783901,0.8515625,128,target_only,oracle_rank,[1.5000222475007315e-20],ce71ec09f3c4d30681db1e8e17acb1c792f71d340598d7a31468c0e8660d96c6,reversal,f2b8188126cbd536dced8f0c094666b7724852301f7eec3be6c05ae3a2c95441,7411e5beab1cf7602a0333113c707c384388cec711f55a8194d4d215278f86d5,f2b8188126cbd536dced8f0c094666b7724852301f7eec3be6c05ae3a2c95441,7411e5beab1cf7602a0333113c707c384388cec711f55a8194d4d215278f86d5,69fc6b384b83cfbeab7500c516f455ac7bb73edb08ca57ac51add47f251f1294,0.0,False
53,2,reversal,none,reversal,0.7,test,Oracle-Value+Residual,1956712123,1.4355237658829227,0.9171704005888219,0.8002941311115179,0.8086860236220472,0.5384615384615384,0.0022023093783920954,-0.9302058906783901,0.8515625,128,target_only,oracle_value,[1.5554640280570982e-20],ce71ec09f3c4d30681db1e8e17acb1c792f71d340598d7a31468c0e8660d96c6,reversal,f2b8188126cbd536dced8f0c094666b7724852301f7eec3be6c05ae3a2c95441,7411e5beab1cf7602a0333113c707c384388cec711f55a8194d4d215278f86d5,f2b8188126cbd536dced8f0c094666b7724852301f7eec3be6c05ae3a2c95441,7411e5beab1cf7602a0333113c707c384388cec711f55a8194d4d215278f86d5,69fc6b384b83cfbeab7500c516f455ac7bb73edb08ca57ac51add47f251f1294,0.0,False
53,2,reversal,none,reversal,0.7,test,Oracle-Rank+Value+Residual,1956712123,1.4355237658829227,0.9171704005888219,0.8002941311115179,0.8086860236220472,0.5384615384615384,0.0022023093783920954,-0.9302058906783901,0.8515625,128,target_only,oracle_rank|oracle_value,"[5.552178443123704e-21, 1.0610859640328565e-20]",ce71ec09f3c4d30681db1e8e17acb1c792f71d340598d7a31468c0e8660d96c6,reversal,f2b8188126cbd536dced8f0c094666b7724852301f7eec3be6c05ae3a2c95441,7411e5beab1cf7602a0333113c707c384388cec711f55a8194d4d215278f86d5,f2b8188126cbd536dced8f0c094666b7724852301f7eec3be6c05ae3a2c95441,7411e5beab1cf7602a0333113c707c384388cec711f55a8194d4d215278f86d5,69fc6b384b83cfbeab7500c516f455ac7bb73edb08ca57ac51add47f251f1294,0.0,False
53,2,reversal,none,reversal,1.0,test,Target-Only,147721676,0.8573697026792467,0.9285160461070302,0.6884842519685039,0.7641486220472441,0.5384615384615384,2.6366884662600333e-07,-0.2380391980105307,0.8046875,128,target_only,none,[],ce71ec09f3c4d30681db1e8e17acb1c792f71d340598d7a31468c0e8660d96c6,reversal,f2b8188126cbd536dced8f0c094666b7724852301f7eec3be6c05ae3a2c95441,3517eb9ee13e56083e32f3b4122a836d77f0b4ddd8654f073907a81c41147408,f2b8188126cbd536dced8f0c094666b7724852301f7eec3be6c05ae3a2c95441,3517eb9ee13e56083e32f3b4122a836d77f0b4ddd8654f073907a81c41147408,7ef3497c3d762da6449b4b76fe20ac6266506c31b63f5595396bc51217640ebc,0.0,False
53,2,reversal,none,reversal,1.0,test,Geometry-Prior+Residual,147721676,0.8573697026792467,0.9285160461070302,0.6884842519685039,0.7641486220472441,0.5384615384615384,2.6366884662600333e-07,-0.2380391980105307,0.8046875,128,target_only,geometry,[1.411734934277474e-20],ce71ec09f3c4d30681db1e8e17acb1c792f71d340598d7a31468c0e8660d96c6,reversal,f2b8188126cbd536dced8f0c094666b7724852301f7eec3be6c05ae3a2c95441,3517eb9ee13e56083e32f3b4122a836d77f0b4ddd8654f073907a81c41147408,f2b8188126cbd536dced8f0c094666b7724852301f7eec3be6c05ae3a2c95441,3517eb9ee13e56083e32f3b4122a836d77f0b4ddd8654f073907a81c41147408,7ef3497c3d762da6449b4b76fe20ac6266506c31b63f5595396bc51217640ebc,0.0,False
53,2,reversal,none,reversal,1.0,test,Oracle-Rank+Residual,147721676,0.8573697026792467,0.9285160461070302,0.6884842519685039,0.7641486220472441,0.5384615384615384,2.6366884662600333e-07,-0.2380391980105307,0.8046875,128,target_only,oracle_rank,[1.5000222475007315e-20],ce71ec09f3c4d30681db1e8e17acb1c792f71d340598d7a31468c0e8660d96c6,reversal,f2b8188126cbd536dced8f0c094666b7724852301f7eec3be6c05ae3a2c95441,3517eb9ee13e56083e32f3b4122a836d77f0b4ddd8654f073907a81c41147408,f2b8188126cbd536dced8f0c094666b7724852301f7eec3be6c05ae3a2c95441,3517eb9ee13e56083e32f3b4122a836d77f0b4ddd8654f073907a81c41147408,7ef3497c3d762da6449b4b76fe20ac6266506c31b63f5595396bc51217640ebc,0.0,False
53,2,reversal,none,reversal,1.0,test,Oracle-Value+Residual,147721676,0.8573697026792467,0.9285160461070302,0.6884842519685039,0.7641486220472441,0.5384615384615384,2.6366884662600333e-07,-0.2380391980105307,0.8046875,128,target_only,oracle_value,[1.5554640280570982e-20],ce71ec09f3c4d30681db1e8e17acb1c792f71d340598d7a31468c0e8660d96c6,reversal,f2b8188126cbd536dced8f0c094666b7724852301f7eec3be6c05ae3a2c95441,3517eb9ee13e56083e32f3b4122a836d77f0b4ddd8654f073907a81c41147408,f2b8188126cbd536dced8f0c094666b7724852301f7eec3be6c05ae3a2c95441,3517eb9ee13e56083e32f3b4122a836d77f0b4ddd8654f073907a81c41147408,7ef3497c3d762da6449b4b76fe20ac6266506c31b63f5595396bc51217640ebc,0.0,False
53,2,reversal,none,reversal,1.0,test,Oracle-Rank+Value+Residual,147721676,0.8573697026792467,0.9285160461070302,0.6884842519685039,0.7641486220472441,0.5384615384615384,2.6366884662600333e-07,-0.2380391980105307,0.8046875,128,target_only,oracle_rank|oracle_value,"[5.552178443123704e-21, 1.0610859640328565e-20]",ce71ec09f3c4d30681db1e8e17acb1c792f71d340598d7a31468c0e8660d96c6,reversal,f2b8188126cbd536dced8f0c094666b7724852301f7eec3be6c05ae3a2c95441,3517eb9ee13e56083e32f3b4122a836d77f0b4ddd8654f073907a81c41147408,f2b8188126cbd536dced8f0c094666b7724852301f7eec3be6c05ae3a2c95441,3517eb9ee13e56083e32f3b4122a836d77f0b4ddd8654f073907a81c41147408,7ef3497c3d762da6449b4b76fe20ac6266506c31b63f5595396bc51217640ebc,0.0,False
53,2,independent_expert,none,independent_expert,0.35,test,Target-Only,1051597533,0.5315660675612947,0.9476316679560849,0.9440979216260758,0.9003444881889764,0.7692307692307693,0.036319055293753164,-2.2246595714940036,1.0,128,target_only,none,[],513c949cc47f47e7cf262692b1592034f08b76eeb24c1331d6071e28d6710896,independent_expert,f2b8188126cbd536dced8f0c094666b7724852301f7eec3be6c05ae3a2c95441,fcb16320c3d66c921e5a981e33a3a9e40e617d04fd0d79890d91638c230fea39,f2b8188126cbd536dced8f0c094666b7724852301f7eec3be6c05ae3a2c95441,fcb16320c3d66c921e5a981e33a3a9e40e617d04fd0d79890d91638c230fea39,580c72c152161bc4d2d0f2a3f8b1cafd891e2c64ffa8154d994bc91219b262aa,0.0,False
53,2,independent_expert,none,independent_expert,0.35,test,Geometry-Prior+Residual,1051597533,0.5261658837172151,0.9818403454064873,0.9627357626808277,0.92310531496063,0.9230769230769231,0.011774942522395462,-2.3439820545919687,0.8828125,128,calibrated,geometry,[0.2604193296777957],513c949cc47f47e7cf262692b1592034f08b76eeb24c1331d6071e28d6710896,independent_expert,f2b8188126cbd536dced8f0c094666b7724852301f7eec3be6c05ae3a2c95441,fcb16320c3d66c921e5a981e33a3a9e40e617d04fd0d79890d91638c230fea39,f2b8188126cbd536dced8f0c094666b7724852301f7eec3be6c05ae3a2c95441,fcb16320c3d66c921e5a981e33a3a9e40e617d04fd0d79890d91638c230fea39,580c72c152161bc4d2d0f2a3f8b1cafd891e2c64ffa8154d994bc91219b262aa,-0.005400183844079587,False
53,2,independent_expert,none,independent_expert,0.35,test,Oracle-Rank+Residual,1051597533,0.5315660676930541,0.9476316679560849,0.9440979216260758,0.9003444881889764,0.7692307692307693,0.036319055293753164,-2.2246595713976474,1.0,128,calibrated,oracle_rank,[2.4506423791080962e-11],513c949cc47f47e7cf262692b1592034f08b76eeb24c1331d6071e28d6710896,independent_expert,f2b8188126cbd536dced8f0c094666b7724852301f7eec3be6c05ae3a2c95441,fcb16320c3d66c921e5a981e33a3a9e40e617d04fd0d79890d91638c230fea39,f2b8188126cbd536dced8f0c094666b7724852301f7eec3be6c05ae3a2c95441,fcb16320c3d66c921e5a981e33a3a9e40e617d04fd0d79890d91638c230fea39,580c72c152161bc4d2d0f2a3f8b1cafd891e2c64ffa8154d994bc91219b262aa,1.3175949220567418e-10,False
53,2,independent_expert,none,independent_expert,0.35,test,Oracle-Value+Residual,1051597533,0.5315660675612947,0.9476316679560849,0.9440979216260758,0.9003444881889764,0.7692307692307693,0.036319055293753164,-2.2246595714940036,1.0,128,target_only,oracle_value,[1.1617318984449332e-18],513c949cc47f47e7cf262692b1592034f08b76eeb24c1331d6071e28d6710896,independent_expert,f2b8188126cbd536dced8f0c094666b7724852301f7eec3be6c05ae3a2c95441,fcb16320c3d66c921e5a981e33a3a9e40e617d04fd0d79890d91638c230fea39,f2b8188126cbd536dced8f0c094666b7724852301f7eec3be6c05ae3a2c95441,fcb16320c3d66c921e5a981e33a3a9e40e617d04fd0d79890d91638c230fea39,580c72c152161bc4d2d0f2a3f8b1cafd891e2c64ffa8154d994bc91219b262aa,0.0,False
53,2,independent_expert,none,independent_expert,0.35,test,Oracle-Rank+Value+Residual,1051597533,0.5315660675612947,0.9476316679560849,0.9440979216260758,0.9003444881889764,0.7692307692307693,0.036319055293753164,-2.2246595714940036,1.0,128,target_only,oracle_rank|oracle_value,"[8.092081750407525e-20, 1.6731547686232601e-19]",513c949cc47f47e7cf262692b1592034f08b76eeb24c1331d6071e28d6710896,independent_expert,f2b8188126cbd536dced8f0c094666b7724852301f7eec3be6c05ae3a2c95441,fcb16320c3d66c921e5a981e33a3a9e40e617d04fd0d79890d91638c230fea39,f2b8188126cbd536dced8f0c094666b7724852301f7eec3be6c05ae3a2c95441,fcb16320c3d66c921e5a981e33a3a9e40e617d04fd0d79890d91638c230fea39,580c72c152161bc4d2d0f2a3f8b1cafd891e2c64ffa8154d994bc91219b262aa,0.0,False
53,2,independent_expert,none,independent_expert,0.7,test,Target-Only,937746102,1.4355237658829227,0.9303263314874399,0.8002941311115179,0.8086860236220472,0.6923076923076923,0.1317713232263,-0.9302058906783901,0.8515625,128,target_only,none,[],513c949cc47f47e7cf262692b1592034f08b76eeb24c1331d6071e28d6710896,independent_expert,f2b8188126cbd536dced8f0c094666b7724852301f7eec3be6c05ae3a2c95441,7411e5beab1cf7602a0333113c707c384388cec711f55a8194d4d215278f86d5,f2b8188126cbd536dced8f0c094666b7724852301f7eec3be6c05ae3a2c95441,7411e5beab1cf7602a0333113c707c384388cec711f55a8194d4d215278f86d5,2d6c33264a1deddd2b56cfcc0c828b14c82c5af12607a3f9a27c5a69d36dae55,0.0,False
53,2,independent_expert,none,independent_expert,0.7,test,Geometry-Prior+Residual,937746102,0.9704595261521047,0.9394027497064137,0.9310336934627357,0.8930856299212598,0.5384615384615384,0.00768434038958186,0.018887702812840246,0.5390625,128,calibrated,geometry,[0.2604193296777957],513c949cc47f47e7cf262692b1592034f08b76eeb24c1331d6071e28d6710896,independent_expert,f2b8188126cbd536dced8f0c094666b7724852301f7eec3be6c05ae3a2c95441,7411e5beab1cf7602a0333113c707c384388cec711f55a8194d4d215278f86d5,f2b8188126cbd536dced8f0c094666b7724852301f7eec3be6c05ae3a2c95441,7411e5beab1cf7602a0333113c707c384388cec711f55a8194d4d215278f86d5,2d6c33264a1deddd2b56cfcc0c828b14c82c5af12607a3f9a27c5a69d36dae55,-0.465064239730818,False
53,2,independent_expert,none,independent_expert,0.7,test,Oracle-Rank+Residual,937746102,1.4355237658714477,0.9303263314874399,0.8002941311115179,0.8086860236220472,0.6923076923076923,0.1317713232263,-0.9302058907841662,0.8515625,128,calibrated,oracle_rank,[2.4506423791080962e-11],513c949cc47f47e7cf262692b1592034f08b76eeb24c1331d6071e28d6710896,independent_expert,f2b8188126cbd536dced8f0c094666b7724852301f7eec3be6c05ae3a2c95441,7411e5beab1cf7602a0333113c707c384388cec711f55a8194d4d215278f86d5,f2b8188126cbd536dced8f0c094666b7724852301f7eec3be6c05ae3a2c95441,7411e5beab1cf7602a0333113c707c384388cec711f55a8194d4d215278f86d5,2d6c33264a1deddd2b56cfcc0c828b14c82c5af12607a3f9a27c5a69d36dae55,-1.1475043137920693e-11,False
53,2,independent_expert,none,independent_expert,0.7,test,Oracle-Value+Residual,937746102,1.4355237658829227,0.9303263314874399,0.8002941311115179,0.8086860236220472,0.6923076923076923,0.1317713232263,-0.9302058906783901,0.8515625,128,target_only,oracle_value,[1.1617318984449332e-18],513c949cc47f47e7cf262692b1592034f08b76eeb24c1331d6071e28d6710896,independent_expert,f2b8188126cbd536dced8f0c094666b7724852301f7eec3be6c05ae3a2c95441,7411e5beab1cf7602a0333113c707c384388cec711f55a8194d4d215278f86d5,f2b8188126cbd536dced8f0c094666b7724852301f7eec3be6c05ae3a2c95441,7411e5beab1cf7602a0333113c707c384388cec711f55a8194d4d215278f86d5,2d6c33264a1deddd2b56cfcc0c828b14c82c5af12607a3f9a27c5a69d36dae55,0.0,False
53,2,independent_expert,none,independent_expert,0.7,test,Oracle-Rank+Value+Residual,937746102,1.4355237658829227,0.9303263314874399,0.8002941311115179,0.8086860236220472,0.6923076923076923,0.1317713232263,-0.9302058906783901,0.8515625,128,target_only,oracle_rank|oracle_value,"[8.092081750407525e-20, 1.6731547686232601e-19]",513c949cc47f47e7cf262692b1592034f08b76eeb24c1331d6071e28d6710896,independent_expert,f2b8188126cbd536dced8f0c094666b7724852301f7eec3be6c05ae3a2c95441,7411e5beab1cf7602a0333113c707c384388cec711f55a8194d4d215278f86d5,f2b8188126cbd536dced8f0c094666b7724852301f7eec3be6c05ae3a2c95441,7411e5beab1cf7602a0333113c707c384388cec711f55a8194d4d215278f86d5,2d6c33264a1deddd2b56cfcc0c828b14c82c5af12607a3f9a27c5a69d36dae55,0.0,False
53,2,independent_expert,none,independent_expert,1.0,test,Target-Only,1201743798,0.8573697026792467,0.8772621003363831,0.6884842519685039,0.7641486220472441,0.6153846153846154,0.20516691410566468,-0.2380391980105307,0.8046875,128,target_only,none,[],513c949cc47f47e7cf262692b1592034f08b76eeb24c1331d6071e28d6710896,independent_expert,f2b8188126cbd536dced8f0c094666b7724852301f7eec3be6c05ae3a2c95441,3517eb9ee13e56083e32f3b4122a836d77f0b4ddd8654f073907a81c41147408,f2b8188126cbd536dced8f0c094666b7724852301f7eec3be6c05ae3a2c95441,3517eb9ee13e56083e32f3b4122a836d77f0b4ddd8654f073907a81c41147408,49f636753fe542f0b646dc55742349d07870c98277875a52542338cd3f3097e0,0.0,False
53,2,independent_expert,none,independent_expert,1.0,test,Geometry-Prior+Residual,1201743798,0.6261986243669073,0.8912589081365739,0.9037149789415856,0.8711860236220472,0.46153846153846156,0.11475021807650171,1.3607078901005456,0.390625,128,calibrated,geometry,[0.2604193296777957],513c949cc47f47e7cf262692b1592034f08b76eeb24c1331d6071e28d6710896,independent_expert,f2b8188126cbd536dced8f0c094666b7724852301f7eec3be6c05ae3a2c95441,3517eb9ee13e56083e32f3b4122a836d77f0b4ddd8654f073907a81c41147408,f2b8188126cbd536dced8f0c094666b7724852301f7eec3be6c05ae3a2c95441,3517eb9ee13e56083e32f3b4122a836d77f0b4ddd8654f073907a81c41147408,49f636753fe542f0b646dc55742349d07870c98277875a52542338cd3f3097e0,-0.2311710783123394,False
53,2,independent_expert,none,independent_expert,1.0,test,Oracle-Rank+Residual,1201743798,0.8573697026927761,0.8772621003363831,0.6884842519685039,0.7641486220472441,0.6153846153846154,0.20516691410566468,-0.23803919806264623,0.8046875,128,calibrated,oracle_rank,[2.4506423791080962e-11],513c949cc47f47e7cf262692b1592034f08b76eeb24c1331d6071e28d6710896,independent_expert,f2b8188126cbd536dced8f0c094666b7724852301f7eec3be6c05ae3a2c95441,3517eb9ee13e56083e32f3b4122a836d77f0b4ddd8654f073907a81c41147408,f2b8188126cbd536dced8f0c094666b7724852301f7eec3be6c05ae3a2c95441,3517eb9ee13e56083e32f3b4122a836d77f0b4ddd8654f073907a81c41147408,49f636753fe542f0b646dc55742349d07870c98277875a52542338cd3f3097e0,1.3529399822687083e-11,False
53,2,independent_expert,none,independent_expert,1.0,test,Oracle-Value+Residual,1201743798,0.8573697026792467,0.8772621003363831,0.6884842519685039,0.7641486220472441,0.6153846153846154,0.20516691410566468,-0.2380391980105307,0.8046875,128,target_only,oracle_value,[1.1617318984449332e-18],513c949cc47f47e7cf262692b1592034f08b76eeb24c1331d6071e28d6710896,independent_expert,f2b8188126cbd536dced8f0c094666b7724852301f7eec3be6c05ae3a2c95441,3517eb9ee13e56083e32f3b4122a836d77f0b4ddd8654f073907a81c41147408,f2b8188126cbd536dced8f0c094666b7724852301f7eec3be6c05ae3a2c95441,3517eb9ee13e56083e32f3b4122a836d77f0b4ddd8654f073907a81c41147408,49f636753fe542f0b646dc55742349d07870c98277875a52542338cd3f3097e0,0.0,False
53,2,independent_expert,none,independent_expert,1.0,test,Oracle-Rank+Value+Residual,1201743798,0.8573697026792467,0.8772621003363831,0.6884842519685039,0.7641486220472441,0.6153846153846154,0.20516691410566468,-0.2380391980105307,0.8046875,128,target_only,oracle_rank|oracle_value,"[8.092081750407525e-20, 1.6731547686232601e-19]",513c949cc47f47e7cf262692b1592034f08b76eeb24c1331d6071e28d6710896,independent_expert,f2b8188126cbd536dced8f0c094666b7724852301f7eec3be6c05ae3a2c95441,3517eb9ee13e56083e32f3b4122a836d77f0b4ddd8654f073907a81c41147408,f2b8188126cbd536dced8f0c094666b7724852301f7eec3be6c05ae3a2c95441,3517eb9ee13e56083e32f3b4122a836d77f0b4ddd8654f073907a81c41147408,49f636753fe542f0b646dc55742349d07870c98277875a52542338cd3f3097e0,0.0,False
71,2,identity,none,identity,0.35,test,Target-Only,869946961,0.6100955918915596,0.9116622813805573,0.8670573155099798,0.8464566929133859,0.46153846153846156,0.0359285781201225,-2.1981889713185505,1.0,128,target_only,none,[],b7398ab8fd47ea1854516717a28dbe17740bc70b3c907689fceb0a8b45b306ed,identity,28cf511796e63e8edaba88cfce3c30f8868cf5b1e4007a0dc33020b9808354bc,cbb2ee804aded8b2f94e6b9aeb1f8aa2b8e3e0590f1d0b2c08a3e42d85503665,28cf511796e63e8edaba88cfce3c30f8868cf5b1e4007a0dc33020b9808354bc,cbb2ee804aded8b2f94e6b9aeb1f8aa2b8e3e0590f1d0b2c08a3e42d85503665,05fa621dba227d32e68832145c0208f5f50e5456edd6afe4bf4ae406690f3284,0.0,False
71,2,identity,none,identity,0.35,test,Geometry-Prior+Residual,869946961,0.8139858612130147,0.8715916573706451,0.7359972990294817,0.7848179133858267,0.46153846153846156,0.06010697554082874,-1.7000523713573474,0.7109375,128,calibrated,geometry,[0.2607365934663048],b7398ab8fd47ea1854516717a28dbe17740bc70b3c907689fceb0a8b45b306ed,identity,28cf511796e63e8edaba88cfce3c30f8868cf5b1e4007a0dc33020b9808354bc,cbb2ee804aded8b2f94e6b9aeb1f8aa2b8e3e0590f1d0b2c08a3e42d85503665,28cf511796e63e8edaba88cfce3c30f8868cf5b1e4007a0dc33020b9808354bc,cbb2ee804aded8b2f94e6b9aeb1f8aa2b8e3e0590f1d0b2c08a3e42d85503665,05fa621dba227d32e68832145c0208f5f50e5456edd6afe4bf4ae406690f3284,0.20389026932145515,True
71,2,identity,none,identity,0.35,test,Oracle-Rank+Residual,869946961,0.5561548791393128,0.9281401012840823,0.7322090734297747,0.765132874015748,0.46153846153846156,0.0026026870792556305,-1.178568465999752,0.5078125,128,calibrated,oracle_rank,[0.27976504836710914],b7398ab8fd47ea1854516717a28dbe17740bc70b3c907689fceb0a8b45b306ed,identity,28cf511796e63e8edaba88cfce3c30f8868cf5b1e4007a0dc33020b9808354bc,cbb2ee804aded8b2f94e6b9aeb1f8aa2b8e3e0590f1d0b2c08a3e42d85503665,28cf511796e63e8edaba88cfce3c30f8868cf5b1e4007a0dc33020b9808354bc,cbb2ee804aded8b2f94e6b9aeb1f8aa2b8e3e0590f1d0b2c08a3e42d85503665,05fa621dba227d32e68832145c0208f5f50e5456edd6afe4bf4ae406690f3284,-0.05394071275224677,False
71,2,identity,none,identity,0.35,test,Oracle-Value+Residual,869946961,0.043450150378841444,0.9862398048687725,0.9805724684123786,0.9605068897637795,0.9230769230769231,0.0026026870792556305,-4.770409592314364,1.0,128,calibrated,oracle_value,[0.2881243063322893],b7398ab8fd47ea1854516717a28dbe17740bc70b3c907689fceb0a8b45b306ed,identity,28cf511796e63e8edaba88cfce3c30f8868cf5b1e4007a0dc33020b9808354bc,cbb2ee804aded8b2f94e6b9aeb1f8aa2b8e3e0590f1d0b2c08a3e42d85503665,28cf511796e63e8edaba88cfce3c30f8868cf5b1e4007a0dc33020b9808354bc,cbb2ee804aded8b2f94e6b9aeb1f8aa2b8e3e0590f1d0b2c08a3e42d85503665,05fa621dba227d32e68832145c0208f5f50e5456edd6afe4bf4ae406690f3284,-0.5666454415127181,False
71,2,identity,none,identity,0.35,test,Oracle-Rank+Value+Residual,869946961,0.21491672648935692,0.9404143140634342,0.8938610144662149,0.8725393700787402,0.5384615384615384,0.0026026870792556305,-2.175927042851664,0.5078125,128,calibrated,oracle_rank|oracle_value,"[0.10958870915653927, 0.1899369679537164]",b7398ab8fd47ea1854516717a28dbe17740bc70b3c907689fceb0a8b45b306ed,identity,28cf511796e63e8edaba88cfce3c30f8868cf5b1e4007a0dc33020b9808354bc,cbb2ee804aded8b2f94e6b9aeb1f8aa2b8e3e0590f1d0b2c08a3e42d85503665,28cf511796e63e8edaba88cfce3c30f8868cf5b1e4007a0dc33020b9808354bc,cbb2ee804aded8b2f94e6b9aeb1f8aa2b8e3e0590f1d0b2c08a3e42d85503665,05fa621dba227d32e68832145c0208f5f50e5456edd6afe4bf4ae406690f3284,-0.3951788654022027,False
71,2,identity,none,identity,0.7,test,Target-Only,1669552733,1.153119726884128,0.9645432025398517,0.6798377128731001,0.7603346456692913,0.8461538461538461,0.17348607155113296,-0.9964462341607294,0.8984375,128,target_only,none,[],b7398ab8fd47ea1854516717a28dbe17740bc70b3c907689fceb0a8b45b306ed,identity,28cf511796e63e8edaba88cfce3c30f8868cf5b1e4007a0dc33020b9808354bc,500bf6fc01b6a791b5d816496d8c6623fd7c903cff45f79cb73362c4cf6fe1ec,28cf511796e63e8edaba88cfce3c30f8868cf5b1e4007a0dc33020b9808354bc,500bf6fc01b6a791b5d816496d8c6623fd7c903cff45f79cb73362c4cf6fe1ec,6af54642ccf296dfc098dc1b2a9a39c4063350c6a9b112de8e8d3cd66b3c596c,0.0,False
71,2,identity,none,identity,0.7,test,Geometry-Prior+Residual,1669552733,0.9499216125557117,0.8234225172232592,0.7209245101629739,0.7635334645669292,0.38461538461538464,0.501897793502764,-0.3168559523155306,0.6328125,128,calibrated,geometry,[0.2607365934663048],b7398ab8fd47ea1854516717a28dbe17740bc70b3c907689fceb0a8b45b306ed,identity,28cf511796e63e8edaba88cfce3c30f8868cf5b1e4007a0dc33020b9808354bc,500bf6fc01b6a791b5d816496d8c6623fd7c903cff45f79cb73362c4cf6fe1ec,28cf511796e63e8edaba88cfce3c30f8868cf5b1e4007a0dc33020b9808354bc,500bf6fc01b6a791b5d816496d8c6623fd7c903cff45f79cb73362c4cf6fe1ec,6af54642ccf296dfc098dc1b2a9a39c4063350c6a9b112de8e8d3cd66b3c596c,-0.20319811432841628,False
71,2,identity,none,identity,0.7,test,Oracle-Rank+Residual,1669552733,0.8007396926026467,0.9791168869748417,0.6236094579747299,0.7317913385826772,0.8461538461538461,0.0069360654837087865,1.0604147945642803,0.5,128,calibrated,oracle_rank,[0.27976504836710914],b7398ab8fd47ea1854516717a28dbe17740bc70b3c907689fceb0a8b45b306ed,identity,28cf511796e63e8edaba88cfce3c30f8868cf5b1e4007a0dc33020b9808354bc,500bf6fc01b6a791b5d816496d8c6623fd7c903cff45f79cb73362c4cf6fe1ec,28cf511796e63e8edaba88cfce3c30f8868cf5b1e4007a0dc33020b9808354bc,500bf6fc01b6a791b5d816496d8c6623fd7c903cff45f79cb73362c4cf6fe1ec,6af54642ccf296dfc098dc1b2a9a39c4063350c6a9b112de8e8d3cd66b3c596c,-0.35238003428148135,False
71,2,identity,none,identity,0.7,test,Oracle-Value+Residual,1669552733,0.0883645656997296,0.9999794094346692,0.9251796832082037,0.905388779527559,1.0,0.0,-3.5555648404053373,0.8671875,128,calibrated,oracle_value,[0.2881243063322893],b7398ab8fd47ea1854516717a28dbe17740bc70b3c907689fceb0a8b45b306ed,identity,28cf511796e63e8edaba88cfce3c30f8868cf5b1e4007a0dc33020b9808354bc,500bf6fc01b6a791b5d816496d8c6623fd7c903cff45f79cb73362c4cf6fe1ec,28cf511796e63e8edaba88cfce3c30f8868cf5b1e4007a0dc33020b9808354bc,500bf6fc01b6a791b5d816496d8c6623fd7c903cff45f79cb73362c4cf6fe1ec,6af54642ccf296dfc098dc1b2a9a39c4063350c6a9b112de8e8d3cd66b3c596c,-1.0647551611843984,False
71,2,identity,none,identity,0.7,test,Oracle-Rank+Value+Residual,1669552733,0.3143694909955204,0.9900841045401297,0.7489642464750047,0.7955216535433071,1.0,0.0069360654837087865,0.2075308125038437,0.4921875,128,calibrated,oracle_rank|oracle_value,"[0.10958870915653927, 0.1899369679537164]",b7398ab8fd47ea1854516717a28dbe17740bc70b3c907689fceb0a8b45b306ed,identity,28cf511796e63e8edaba88cfce3c30f8868cf5b1e4007a0dc33020b9808354bc,500bf6fc01b6a791b5d816496d8c6623fd7c903cff45f79cb73362c4cf6fe1ec,28cf511796e63e8edaba88cfce3c30f8868cf5b1e4007a0dc33020b9808354bc,500bf6fc01b6a791b5d816496d8c6623fd7c903cff45f79cb73362c4cf6fe1ec,6af54642ccf296dfc098dc1b2a9a39c4063350c6a9b112de8e8d3cd66b3c596c,-0.8387502358886076,False
71,2,identity,none,identity,1.0,test,Target-Only,334846846,0.8958212651792453,0.9790570244872405,0.5879761032777879,0.7292076771653543,0.8461538461538461,0.004713229868690337,0.06252421732434182,0.71875,128,target_only,none,[],b7398ab8fd47ea1854516717a28dbe17740bc70b3c907689fceb0a8b45b306ed,identity,28cf511796e63e8edaba88cfce3c30f8868cf5b1e4007a0dc33020b9808354bc,9a072337cc963378de919f4a350395a2d79c0714a91006747ff5718b003f2ef8,28cf511796e63e8edaba88cfce3c30f8868cf5b1e4007a0dc33020b9808354bc,9a072337cc963378de919f4a350395a2d79c0714a91006747ff5718b003f2ef8,9cbffff697eb45b0338d53ccea49f90964de35c653e0c9a9ec312394cf14eb96,0.0,False
71,2,identity,none,identity,1.0,test,Geometry-Prior+Residual,334846846,0.89861488834842,0.6999377743789894,0.5074620032960996,0.6820866141732284,0.07692307692307693,0.2837389662847326,4.019822518930635,0.1171875,128,calibrated,geometry,[0.2607365934663048],b7398ab8fd47ea1854516717a28dbe17740bc70b3c907689fceb0a8b45b306ed,identity,28cf511796e63e8edaba88cfce3c30f8868cf5b1e4007a0dc33020b9808354bc,9a072337cc963378de919f4a350395a2d79c0714a91006747ff5718b003f2ef8,28cf511796e63e8edaba88cfce3c30f8868cf5b1e4007a0dc33020b9808354bc,9a072337cc963378de919f4a350395a2d79c0714a91006747ff5718b003f2ef8,9cbffff697eb45b0338d53ccea49f90964de35c653e0c9a9ec312394cf14eb96,0.0027936231691746416,False
71,2,identity,none,identity,1.0,test,Oracle-Rank+Residual,334846846,0.5532898382909734,0.9922222134078645,0.842193508514924,0.8329232283464567,0.9230769230769231,0.004713229868690337,5.794770334570764,0.265625,128,calibrated,oracle_rank,[0.27976504836710914],b7398ab8fd47ea1854516717a28dbe17740bc70b3c907689fceb0a8b45b306ed,identity,28cf511796e63e8edaba88cfce3c30f8868cf5b1e4007a0dc33020b9808354bc,9a072337cc963378de919f4a350395a2d79c0714a91006747ff5718b003f2ef8,28cf511796e63e8edaba88cfce3c30f8868cf5b1e4007a0dc33020b9808354bc,9a072337cc963378de919f4a350395a2d79c0714a91006747ff5718b003f2ef8,9cbffff697eb45b0338d53ccea49f90964de35c653e0c9a9ec312394cf14eb96,-0.3425314268882719,False
71,2,identity,none,identity,1.0,test,Oracle-Value+Residual,334846846,0.0801967425638862,0.9942212672414619,0.9893105658304339,0.96751968503937,1.0,0.004713229868690337,-1.4969236778506048,0.609375,128,calibrated,oracle_value,[0.2881243063322893],b7398ab8fd47ea1854516717a28dbe17740bc70b3c907689fceb0a8b45b306ed,identity,28cf511796e63e8edaba88cfce3c30f8868cf5b1e4007a0dc33020b9808354bc,9a072337cc963378de919f4a350395a2d79c0714a91006747ff5718b003f2ef8,28cf511796e63e8edaba88cfce3c30f8868cf5b1e4007a0dc33020b9808354bc,9a072337cc963378de919f4a350395a2d79c0714a91006747ff5718b003f2ef8,9cbffff697eb45b0338d53ccea49f90964de35c653e0c9a9ec312394cf14eb96,-0.8156245226153591,False
71,2,identity,none,identity,1.0,test,Oracle-Rank+Value+Residual,334846846,0.22450921221446235,0.9932216998957952,0.9605555301226882,0.9240895669291339,0.9230769230769231,0.004713229868690337,5.819297978220337,0.28125,128,calibrated,oracle_rank|oracle_value,"[0.10958870915653927, 0.1899369679537164]",b7398ab8fd47ea1854516717a28dbe17740bc70b3c907689fceb0a8b45b306ed,identity,28cf511796e63e8edaba88cfce3c30f8868cf5b1e4007a0dc33020b9808354bc,9a072337cc963378de919f4a350395a2d79c0714a91006747ff5718b003f2ef8,28cf511796e63e8edaba88cfce3c30f8868cf5b1e4007a0dc33020b9808354bc,9a072337cc963378de919f4a350395a2d79c0714a91006747ff5718b003f2ef8,9cbffff697eb45b0338d53ccea49f90964de35c653e0c9a9ec312394cf14eb96,-0.6713120529647829,False
71,2,identity,identity_label_permutation,identity_label_permutation,0.35,test,Target-Only,642880520,0.6100955918915596,0.9116622813805573,0.8670573155099798,0.8464566929133859,0.46153846153846156,0.0359285781201225,-2.1981889713185505,1.0,128,target_only,none,[],eec35b3f26d0c3e9140970b58dfa4471b96592097b173acf92643475c99cfdbb,identity,28cf511796e63e8edaba88cfce3c30f8868cf5b1e4007a0dc33020b9808354bc,cbb2ee804aded8b2f94e6b9aeb1f8aa2b8e3e0590f1d0b2c08a3e42d85503665,28cf511796e63e8edaba88cfce3c30f8868cf5b1e4007a0dc33020b9808354bc,cbb2ee804aded8b2f94e6b9aeb1f8aa2b8e3e0590f1d0b2c08a3e42d85503665,05fa621dba227d32e68832145c0208f5f50e5456edd6afe4bf4ae406690f3284,0.0,False
71,2,identity,identity_label_permutation,identity_label_permutation,0.35,test,Geometry-Prior+Residual,642880520,0.8139858612130147,0.8715916573706451,0.7359972990294817,0.7848179133858267,0.46153846153846156,0.06010697554082874,-1.7000523713573474,0.7109375,128,calibrated,geometry,[0.2607365934663048],eec35b3f26d0c3e9140970b58dfa4471b96592097b173acf92643475c99cfdbb,identity,28cf511796e63e8edaba88cfce3c30f8868cf5b1e4007a0dc33020b9808354bc,cbb2ee804aded8b2f94e6b9aeb1f8aa2b8e3e0590f1d0b2c08a3e42d85503665,28cf511796e63e8edaba88cfce3c30f8868cf5b1e4007a0dc33020b9808354bc,cbb2ee804aded8b2f94e6b9aeb1f8aa2b8e3e0590f1d0b2c08a3e42d85503665,05fa621dba227d32e68832145c0208f5f50e5456edd6afe4bf4ae406690f3284,0.20389026932145515,True
71,2,identity,identity_label_permutation,identity_label_permutation,0.35,test,Oracle-Rank+Residual,642880520,0.6100955920333078,0.9116622813805573,0.8670573155099798,0.8464566929133859,0.46153846153846156,0.0359285781201225,-2.1981889712747944,1.0,128,calibrated,oracle_rank,[2.7379386469054997e-11],eec35b3f26d0c3e9140970b58dfa4471b96592097b173acf92643475c99cfdbb,identity,28cf511796e63e8edaba88cfce3c30f8868cf5b1e4007a0dc33020b9808354bc,cbb2ee804aded8b2f94e6b9aeb1f8aa2b8e3e0590f1d0b2c08a3e42d85503665,28cf511796e63e8edaba88cfce3c30f8868cf5b1e4007a0dc33020b9808354bc,cbb2ee804aded8b2f94e6b9aeb1f8aa2b8e3e0590f1d0b2c08a3e42d85503665,05fa621dba227d32e68832145c0208f5f50e5456edd6afe4bf4ae406690f3284,1.417481687582267e-10,False
71,2,identity,identity_label_permutation,identity_label_permutation,0.35,test,Oracle-Value+Residual,642880520,0.610095591905458,0.9116622813805573,0.8670573155099798,0.8464566929133859,0.46153846153846156,0.0359285781201225,-2.1981889713450684,1.0,128,calibrated,oracle_value,[2.331643545845474e-11],eec35b3f26d0c3e9140970b58dfa4471b96592097b173acf92643475c99cfdbb,identity,28cf511796e63e8edaba88cfce3c30f8868cf5b1e4007a0dc33020b9808354bc,cbb2ee804aded8b2f94e6b9aeb1f8aa2b8e3e0590f1d0b2c08a3e42d85503665,28cf511796e63e8edaba88cfce3c30f8868cf5b1e4007a0dc33020b9808354bc,cbb2ee804aded8b2f94e6b9aeb1f8aa2b8e3e0590f1d0b2c08a3e42d85503665,05fa621dba227d32e68832145c0208f5f50e5456edd6afe4bf4ae406690f3284,1.3898437956072485e-11,False
71,2,identity,identity_label_permutation,identity_label_permutation,0.35,test,Oracle-Rank+Value+Residual,642880520,0.6100955918915596,0.9116622813805573,0.8670573155099798,0.8464566929133859,0.46153846153846156,0.0359285781201225,-2.1981889713185505,1.0,128,target_only,oracle_rank|oracle_value,"[4.496131469681637e-13, 6.779086988192925e-13]",eec35b3f26d0c3e9140970b58dfa4471b96592097b173acf92643475c99cfdbb,identity,28cf511796e63e8edaba88cfce3c30f8868cf5b1e4007a0dc33020b9808354bc,cbb2ee804aded8b2f94e6b9aeb1f8aa2b8e3e0590f1d0b2c08a3e42d85503665,28cf511796e63e8edaba88cfce3c30f8868cf5b1e4007a0dc33020b9808354bc,cbb2ee804aded8b2f94e6b9aeb1f8aa2b8e3e0590f1d0b2c08a3e42d85503665,05fa621dba227d32e68832145c0208f5f50e5456edd6afe4bf4ae406690f3284,0.0,False
71,2,identity,identity_label_permutation,identity_label_permutation,0.7,test,Target-Only,881606770,1.153119726884128,0.9645432025398517,0.6798377128731001,0.7603346456692913,0.8461538461538461,0.17348607155113296,-0.9964462341607294,0.8984375,128,target_only,none,[],eec35b3f26d0c3e9140970b58dfa4471b96592097b173acf92643475c99cfdbb,identity,28cf511796e63e8edaba88cfce3c30f8868cf5b1e4007a0dc33020b9808354bc,500bf6fc01b6a791b5d816496d8c6623fd7c903cff45f79cb73362c4cf6fe1ec,28cf511796e63e8edaba88cfce3c30f8868cf5b1e4007a0dc33020b9808354bc,500bf6fc01b6a791b5d816496d8c6623fd7c903cff45f79cb73362c4cf6fe1ec,6af54642ccf296dfc098dc1b2a9a39c4063350c6a9b112de8e8d3cd66b3c596c,0.0,False
71,2,identity,identity_label_permutation,identity_label_permutation,0.7,test,Geometry-Prior+Residual,881606770,0.9499216125557117,0.8234225172232592,0.7209245101629739,0.7635334645669292,0.38461538461538464,0.501897793502764,-0.3168559523155306,0.6328125,128,calibrated,geometry,[0.2607365934663048],eec35b3f26d0c3e9140970b58dfa4471b96592097b173acf92643475c99cfdbb,identity,28cf511796e63e8edaba88cfce3c30f8868cf5b1e4007a0dc33020b9808354bc,500bf6fc01b6a791b5d816496d8c6623fd7c903cff45f79cb73362c4cf6fe1ec,28cf511796e63e8edaba88cfce3c30f8868cf5b1e4007a0dc33020b9808354bc,500bf6fc01b6a791b5d816496d8c6623fd7c903cff45f79cb73362c4cf6fe1ec,6af54642ccf296dfc098dc1b2a9a39c4063350c6a9b112de8e8d3cd66b3c596c,-0.20319811432841628,False
71,2,identity,identity_label_permutation,identity_label_permutation,0.7,test,Oracle-Rank+Residual,881606770,1.1531197267395341,0.9645432025398517,0.6798377128731001,0.7603346456692913,0.8461538461538461,0.17348607155113296,-0.9964462343893477,0.8984375,128,calibrated,oracle_rank,[2.7379386469054997e-11],eec35b3f26d0c3e9140970b58dfa4471b96592097b173acf92643475c99cfdbb,identity,28cf511796e63e8edaba88cfce3c30f8868cf5b1e4007a0dc33020b9808354bc,500bf6fc01b6a791b5d816496d8c6623fd7c903cff45f79cb73362c4cf6fe1ec,28cf511796e63e8edaba88cfce3c30f8868cf5b1e4007a0dc33020b9808354bc,500bf6fc01b6a791b5d816496d8c6623fd7c903cff45f79cb73362c4cf6fe1ec,6af54642ccf296dfc098dc1b2a9a39c4063350c6a9b112de8e8d3cd66b3c596c,-1.445938924149459e-10,False
71,2,identity,identity_label_permutation,identity_label_permutation,0.7,test,Oracle-Value+Residual,881606770,1.1531197267697413,0.9645432025398517,0.6798377128731001,0.7603346456692913,0.8461538461538461,0.17348607155113296,-0.9964462343220085,0.8984375,128,calibrated,oracle_value,[2.331643545845474e-11],eec35b3f26d0c3e9140970b58dfa4471b96592097b173acf92643475c99cfdbb,identity,28cf511796e63e8edaba88cfce3c30f8868cf5b1e4007a0dc33020b9808354bc,500bf6fc01b6a791b5d816496d8c6623fd7c903cff45f79cb73362c4cf6fe1ec,28cf511796e63e8edaba88cfce3c30f8868cf5b1e4007a0dc33020b9808354bc,500bf6fc01b6a791b5d816496d8c6623fd7c903cff45f79cb73362c4cf6fe1ec,6af54642ccf296dfc098dc1b2a9a39c4063350c6a9b112de8e8d3cd66b3c596c,-1.1438672231633973e-10,False
71,2,identity,identity_label_permutation,identity_label_permutation,0.7,test,Oracle-Rank+Value+Residual,881606770,1.153119726884128,0.9645432025398517,0.6798377128731001,0.7603346456692913,0.8461538461538461,0.17348607155113296,-0.9964462341607294,0.8984375,128,target_only,oracle_rank|oracle_value,"[4.496131469681637e-13, 6.779086988192925e-13]",eec35b3f26d0c3e9140970b58dfa4471b96592097b173acf92643475c99cfdbb,identity,28cf511796e63e8edaba88cfce3c30f8868cf5b1e4007a0dc33020b9808354bc,500bf6fc01b6a791b5d816496d8c6623fd7c903cff45f79cb73362c4cf6fe1ec,28cf511796e63e8edaba88cfce3c30f8868cf5b1e4007a0dc33020b9808354bc,500bf6fc01b6a791b5d816496d8c6623fd7c903cff45f79cb73362c4cf6fe1ec,6af54642ccf296dfc098dc1b2a9a39c4063350c6a9b112de8e8d3cd66b3c596c,0.0,False
71,2,identity,identity_label_permutation,identity_label_permutation,1.0,test,Target-Only,902807038,0.8958212651792453,0.9790570244872405,0.5879761032777879,0.7292076771653543,0.8461538461538461,0.004713229868690337,0.06252421732434182,0.71875,128,target_only,none,[],eec35b3f26d0c3e9140970b58dfa4471b96592097b173acf92643475c99cfdbb,identity,28cf511796e63e8edaba88cfce3c30f8868cf5b1e4007a0dc33020b9808354bc,9a072337cc963378de919f4a350395a2d79c0714a91006747ff5718b003f2ef8,28cf511796e63e8edaba88cfce3c30f8868cf5b1e4007a0dc33020b9808354bc,9a072337cc963378de919f4a350395a2d79c0714a91006747ff5718b003f2ef8,9cbffff697eb45b0338d53ccea49f90964de35c653e0c9a9ec312394cf14eb96,0.0,False
71,2,identity,identity_label_permutation,identity_label_permutation,1.0,test,Geometry-Prior+Residual,902807038,0.89861488834842,0.6999377743789894,0.5074620032960996,0.6820866141732284,0.07692307692307693,0.2837389662847326,4.019822518930635,0.1171875,128,calibrated,geometry,[0.2607365934663048],eec35b3f26d0c3e9140970b58dfa4471b96592097b173acf92643475c99cfdbb,identity,28cf511796e63e8edaba88cfce3c30f8868cf5b1e4007a0dc33020b9808354bc,9a072337cc963378de919f4a350395a2d79c0714a91006747ff5718b003f2ef8,28cf511796e63e8edaba88cfce3c30f8868cf5b1e4007a0dc33020b9808354bc,9a072337cc963378de919f4a350395a2d79c0714a91006747ff5718b003f2ef8,9cbffff697eb45b0338d53ccea49f90964de35c653e0c9a9ec312394cf14eb96,0.0027936231691746416,False
71,2,identity,identity_label_permutation,identity_label_permutation,1.0,test,Oracle-Rank+Residual,902807038,0.8958212651906211,0.9790570244872405,0.5879761032777879,0.7292076771653543,0.8461538461538461,0.004713229868690337,0.06252421734522287,0.71875,128,calibrated,oracle_rank,[2.7379386469054997e-11],eec35b3f26d0c3e9140970b58dfa4471b96592097b173acf92643475c99cfdbb,identity,28cf511796e63e8edaba88cfce3c30f8868cf5b1e4007a0dc33020b9808354bc,9a072337cc963378de919f4a350395a2d79c0714a91006747ff5718b003f2ef8,28cf511796e63e8edaba88cfce3c30f8868cf5b1e4007a0dc33020b9808354bc,9a072337cc963378de919f4a350395a2d79c0714a91006747ff5718b003f2ef8,9cbffff697eb45b0338d53ccea49f90964de35c653e0c9a9ec312394cf14eb96,1.1375789199519204e-11,False
71,2,identity,identity_label_permutation,identity_label_permutation,1.0,test,Oracle-Value+Residual,902807038,0.8958212651855076,0.9790570244872405,0.5879761032777879,0.7292076771653543,0.8461538461538461,0.004713229868690337,0.06252421737176295,0.71875,128,calibrated,oracle_value,[2.331643545845474e-11],eec35b3f26d0c3e9140970b58dfa4471b96592097b173acf92643475c99cfdbb,identity,28cf511796e63e8edaba88cfce3c30f8868cf5b1e4007a0dc33020b9808354bc,9a072337cc963378de919f4a350395a2d79c0714a91006747ff5718b003f2ef8,28cf511796e63e8edaba88cfce3c30f8868cf5b1e4007a0dc33020b9808354bc,9a072337cc963378de919f4a350395a2d79c0714a91006747ff5718b003f2ef8,9cbffff697eb45b0338d53ccea49f90964de35c653e0c9a9ec312394cf14eb96,6.262323992700658e-12,False
71,2,identity,identity_label_permutation,identity_label_permutation,1.0,test,Oracle-Rank+Value+Residual,902807038,0.8958212651792453,0.9790570244872405,0.5879761032777879,0.7292076771653543,0.8461538461538461,0.004713229868690337,0.06252421732434182,0.71875,128,target_only,oracle_rank|oracle_value,"[4.496131469681637e-13, 6.779086988192925e-13]",eec35b3f26d0c3e9140970b58dfa4471b96592097b173acf92643475c99cfdbb,identity,28cf511796e63e8edaba88cfce3c30f8868cf5b1e4007a0dc33020b9808354bc,9a072337cc963378de919f4a350395a2d79c0714a91006747ff5718b003f2ef8,28cf511796e63e8edaba88cfce3c30f8868cf5b1e4007a0dc33020b9808354bc,9a072337cc963378de919f4a350395a2d79c0714a91006747ff5718b003f2ef8,9cbffff697eb45b0338d53ccea49f90964de35c653e0c9a9ec312394cf14eb96,0.0,False
71,2,output_affine,none,output_affine,0.35,test,Target-Only,388589970,0.6100955918915598,0.9116622813805573,0.8670573155099798,0.8464566929133859,0.46153846153846156,0.035928578120122054,-1.2818982394443952,1.0,128,target_only,none,[],b7398ab8fd47ea1854516717a28dbe17740bc70b3c907689fceb0a8b45b306ed,output_affine,28cf511796e63e8edaba88cfce3c30f8868cf5b1e4007a0dc33020b9808354bc,cbb2ee804aded8b2f94e6b9aeb1f8aa2b8e3e0590f1d0b2c08a3e42d85503665,28cf511796e63e8edaba88cfce3c30f8868cf5b1e4007a0dc33020b9808354bc,cbb2ee804aded8b2f94e6b9aeb1f8aa2b8e3e0590f1d0b2c08a3e42d85503665,0ddc5349aa3cfde694b34252e41fe25ed1f838f557caf0a7dbfb14c02e9f4083,0.0,False
71,2,output_affine,none,output_affine,0.35,test,Geometry-Prior+Residual,388589970,0.8139858612130149,0.8715916573706451,0.7359972990294817,0.7848179133858267,0.46153846153846156,0.06010697554082847,-0.7837616394831931,0.7109375,128,calibrated,geometry,[0.6518414836657617],b7398ab8fd47ea1854516717a28dbe17740bc70b3c907689fceb0a8b45b306ed,output_affine,28cf511796e63e8edaba88cfce3c30f8868cf5b1e4007a0dc33020b9808354bc,cbb2ee804aded8b2f94e6b9aeb1f8aa2b8e3e0590f1d0b2c08a3e42d85503665,28cf511796e63e8edaba88cfce3c30f8868cf5b1e4007a0dc33020b9808354bc,cbb2ee804aded8b2f94e6b9aeb1f8aa2b8e3e0590f1d0b2c08a3e42d85503665,0ddc5349aa3cfde694b34252e41fe25ed1f838f557caf0a7dbfb14c02e9f4083,0.20389026932145504,True
71,2,output_affine,none,output_affine,0.35,test,Oracle-Rank+Residual,388589970,0.5561548791393132,0.9281401012840823,0.7322090734297747,0.765132874015748,0.46153846153846156,0.002602687079254993,-0.2622777341256061,0.5078125,128,calibrated,oracle_rank,[0.6994126209177728],b7398ab8fd47ea1854516717a28dbe17740bc70b3c907689fceb0a8b45b306ed,output_affine,28cf511796e63e8edaba88cfce3c30f8868cf5b1e4007a0dc33020b9808354bc,cbb2ee804aded8b2f94e6b9aeb1f8aa2b8e3e0590f1d0b2c08a3e42d85503665,28cf511796e63e8edaba88cfce3c30f8868cf5b1e4007a0dc33020b9808354bc,cbb2ee804aded8b2f94e6b9aeb1f8aa2b8e3e0590f1d0b2c08a3e42d85503665,0ddc5349aa3cfde694b34252e41fe25ed1f838f557caf0a7dbfb14c02e9f4083,-0.053940712752246656,False
71,2,output_affine,none,output_affine,0.35,test,Oracle-Value+Residual,388589970,0.043450150378842006,0.9862398048687725,0.9805724684123786,0.9605068897637795,0.9230769230769231,0.002602687079254993,-3.854118860440207,1.0,128,calibrated,oracle_value,[0.720310765830723],b7398ab8fd47ea1854516717a28dbe17740bc70b3c907689fceb0a8b45b306ed,output_affine,28cf511796e63e8edaba88cfce3c30f8868cf5b1e4007a0dc33020b9808354bc,cbb2ee804aded8b2f94e6b9aeb1f8aa2b8e3e0590f1d0b2c08a3e42d85503665,28cf511796e63e8edaba88cfce3c30f8868cf5b1e4007a0dc33020b9808354bc,cbb2ee804aded8b2f94e6b9aeb1f8aa2b8e3e0590f1d0b2c08a3e42d85503665,0ddc5349aa3cfde694b34252e41fe25ed1f838f557caf0a7dbfb14c02e9f4083,-0.5666454415127178,False
71,2,output_affine,none,output_affine,0.35,test,Oracle-Rank+Value+Residual,388589970,0.21491672648935664,0.9404143140634342,0.8938610144662149,0.8725393700787402,0.5384615384615384,0.002602687079254993,-1.2596363109775215,0.5078125,128,calibrated,oracle_rank|oracle_value,"[0.2739717728913481, 0.474842419884291]",b7398ab8fd47ea1854516717a28dbe17740bc70b3c907689fceb0a8b45b306ed,output_affine,28cf511796e63e8edaba88cfce3c30f8868cf5b1e4007a0dc33020b9808354bc,cbb2ee804aded8b2f94e6b9aeb1f8aa2b8e3e0590f1d0b2c08a3e42d85503665,28cf511796e63e8edaba88cfce3c30f8868cf5b1e4007a0dc33020b9808354bc,cbb2ee804aded8b2f94e6b9aeb1f8aa2b8e3e0590f1d0b2c08a3e42d85503665,0ddc5349aa3cfde694b34252e41fe25ed1f838f557caf0a7dbfb14c02e9f4083,-0.39517886540220315,False
71,2,output_affine,none,output_affine,0.7,test,Target-Only,1055469534,1.1531197268841284,0.9645432025398517,0.6798377128731001,0.7603346456692913,0.8461538461538461,0.1734860715511334,-0.0801555022865739,0.8984375,128,target_only,none,[],b7398ab8fd47ea1854516717a28dbe17740bc70b3c907689fceb0a8b45b306ed,output_affine,28cf511796e63e8edaba88cfce3c30f8868cf5b1e4007a0dc33020b9808354bc,500bf6fc01b6a791b5d816496d8c6623fd7c903cff45f79cb73362c4cf6fe1ec,28cf511796e63e8edaba88cfce3c30f8868cf5b1e4007a0dc33020b9808354bc,500bf6fc01b6a791b5d816496d8c6623fd7c903cff45f79cb73362c4cf6fe1ec,dda094c858ba862263436697868a376ada4757735644536014adf24d492788a2,0.0,False
71,2,output_affine,none,output_affine,0.7,test,Geometry-Prior+Residual,1055469534,0.949921612555713,0.8234225172232592,0.7209245101629739,0.7635334645669292,0.38461538461538464,0.5018977935027641,0.5994347795586263,0.6328125,128,calibrated,geometry,[0.6518414836657617],b7398ab8fd47ea1854516717a28dbe17740bc70b3c907689fceb0a8b45b306ed,output_affine,28cf511796e63e8edaba88cfce3c30f8868cf5b1e4007a0dc33020b9808354bc,500bf6fc01b6a791b5d816496d8c6623fd7c903cff45f79cb73362c4cf6fe1ec,28cf511796e63e8edaba88cfce3c30f8868cf5b1e4007a0dc33020b9808354bc,500bf6fc01b6a791b5d816496d8c6623fd7c903cff45f79cb73362c4cf6fe1ec,dda094c858ba862263436697868a376ada4757735644536014adf24d492788a2,-0.2031981143284155,False
71,2,output_affine,none,output_affine,0.7,test,Oracle-Rank+Residual,1055469534,0.8007396926026472,0.9791168869748417,0.6236094579747299,0.7317913385826772,0.8461538461538461,0.006936065483709476,1.9767055264384363,0.5,128,calibrated,oracle_rank,[0.6994126209177728],b7398ab8fd47ea1854516717a28dbe17740bc70b3c907689fceb0a8b45b306ed,output_affine,28cf511796e63e8edaba88cfce3c30f8868cf5b1e4007a0dc33020b9808354bc,500bf6fc01b6a791b5d816496d8c6623fd7c903cff45f79cb73362c4cf6fe1ec,28cf511796e63e8edaba88cfce3c30f8868cf5b1e4007a0dc33020b9808354bc,500bf6fc01b6a791b5d816496d8c6623fd7c903cff45f79cb73362c4cf6fe1ec,dda094c858ba862263436697868a376ada4757735644536014adf24d492788a2,-0.35238003428148124,False
71,2,output_affine,none,output_affine,0.7,test,Oracle-Value+Residual,1055469534,0.08836456569972995,0.9999794094346692,0.9251796832082037,0.905388779527559,1.0,0.0,-2.6392741085311786,0.8671875,128,calibrated,oracle_value,[0.720310765830723],b7398ab8fd47ea1854516717a28dbe17740bc70b3c907689fceb0a8b45b306ed,output_affine,28cf511796e63e8edaba88cfce3c30f8868cf5b1e4007a0dc33020b9808354bc,500bf6fc01b6a791b5d816496d8c6623fd7c903cff45f79cb73362c4cf6fe1ec,28cf511796e63e8edaba88cfce3c30f8868cf5b1e4007a0dc33020b9808354bc,500bf6fc01b6a791b5d816496d8c6623fd7c903cff45f79cb73362c4cf6fe1ec,dda094c858ba862263436697868a376ada4757735644536014adf24d492788a2,-1.0647551611843986,False
71,2,output_affine,none,output_affine,0.7,test,Oracle-Rank+Value+Residual,1055469534,0.31436949099552,0.9900841045401297,0.7489642464750047,0.7955216535433071,1.0,0.006936065483709476,1.123821544378019,0.4921875,128,calibrated,oracle_rank|oracle_value,"[0.2739717728913481, 0.474842419884291]",b7398ab8fd47ea1854516717a28dbe17740bc70b3c907689fceb0a8b45b306ed,output_affine,28cf511796e63e8edaba88cfce3c30f8868cf5b1e4007a0dc33020b9808354bc,500bf6fc01b6a791b5d816496d8c6623fd7c903cff45f79cb73362c4cf6fe1ec,28cf511796e63e8edaba88cfce3c30f8868cf5b1e4007a0dc33020b9808354bc,500bf6fc01b6a791b5d816496d8c6623fd7c903cff45f79cb73362c4cf6fe1ec,dda094c858ba862263436697868a376ada4757735644536014adf24d492788a2,-0.8387502358886085,False
71,2,output_affine,none,output_affine,1.0,test,Target-Only,496154075,0.8958212651792457,0.9790570244872405,0.5879761032777879,0.7292076771653543,0.8461538461538461,0.0047132298686903525,0.9788149491984978,0.71875,128,target_only,none,[],b7398ab8fd47ea1854516717a28dbe17740bc70b3c907689fceb0a8b45b306ed,output_affine,28cf511796e63e8edaba88cfce3c30f8868cf5b1e4007a0dc33020b9808354bc,9a072337cc963378de919f4a350395a2d79c0714a91006747ff5718b003f2ef8,28cf511796e63e8edaba88cfce3c30f8868cf5b1e4007a0dc33020b9808354bc,9a072337cc963378de919f4a350395a2d79c0714a91006747ff5718b003f2ef8,9d6d7f7ae973bf1bff5c01e9cb4697edab8cf6bcc8ae162d63fd869f0d167066,0.0,False
71,2,output_affine,none,output_affine,1.0,test,Geometry-Prior+Residual,496154075,0.8986148883484202,0.6999377743789894,0.5074620032960996,0.6820866141732284,0.07692307692307693,0.2837389662847329,4.936113250804786,0.1171875,128,calibrated,geometry,[0.6518414836657617],b7398ab8fd47ea1854516717a28dbe17740bc70b3c907689fceb0a8b45b306ed,output_affine,28cf511796e63e8edaba88cfce3c30f8868cf5b1e4007a0dc33020b9808354bc,9a072337cc963378de919f4a350395a2d79c0714a91006747ff5718b003f2ef8,28cf511796e63e8edaba88cfce3c30f8868cf5b1e4007a0dc33020b9808354bc,9a072337cc963378de919f4a350395a2d79c0714a91006747ff5718b003f2ef8,9d6d7f7ae973bf1bff5c01e9cb4697edab8cf6bcc8ae162d63fd869f0d167066,0.0027936231691745306,False
71,2,output_affine,none,output_affine,1.0,test,Oracle-Rank+Residual,496154075,0.5532898382909737,0.9922222134078645,0.842193508514924,0.8329232283464567,0.9230769230769231,0.0047132298686903525,6.711061066444906,0.265625,128,calibrated,oracle_rank,[0.6994126209177728],b7398ab8fd47ea1854516717a28dbe17740bc70b3c907689fceb0a8b45b306ed,output_affine,28cf511796e63e8edaba88cfce3c30f8868cf5b1e4007a0dc33020b9808354bc,9a072337cc963378de919f4a350395a2d79c0714a91006747ff5718b003f2ef8,28cf511796e63e8edaba88cfce3c30f8868cf5b1e4007a0dc33020b9808354bc,9a072337cc963378de919f4a350395a2d79c0714a91006747ff5718b003f2ef8,9d6d7f7ae973bf1bff5c01e9cb4697edab8cf6bcc8ae162d63fd869f0d167066,-0.342531426888272,False
71,2,output_affine,none,output_affine,1.0,test,Oracle-Value+Residual,496154075,0.08019674256388667,0.9942212672414619,0.9893105658304339,0.96751968503937,1.0,0.0047132298686903525,-0.5806329459764369,0.609375,128,calibrated,oracle_value,[0.720310765830723],b7398ab8fd47ea1854516717a28dbe17740bc70b3c907689fceb0a8b45b306ed,output_affine,28cf511796e63e8edaba88cfce3c30f8868cf5b1e4007a0dc33020b9808354bc,9a072337cc963378de919f4a350395a2d79c0714a91006747ff5718b003f2ef8,28cf511796e63e8edaba88cfce3c30f8868cf5b1e4007a0dc33020b9808354bc,9a072337cc963378de919f4a350395a2d79c0714a91006747ff5718b003f2ef8,9d6d7f7ae973bf1bff5c01e9cb4697edab8cf6bcc8ae162d63fd869f0d167066,-0.815624522615359,False
71,2,output_affine,none,output_affine,1.0,test,Oracle-Rank+Value+Residual,496154075,0.2245092122144626,0.9932216998957952,0.9605555301226882,0.9240895669291339,0.9230769230769231,0.0047132298686903525,6.735588710094518,0.28125,128,calibrated,oracle_rank|oracle_value,"[0.2739717728913481, 0.474842419884291]",b7398ab8fd47ea1854516717a28dbe17740bc70b3c907689fceb0a8b45b306ed,output_affine,28cf511796e63e8edaba88cfce3c30f8868cf5b1e4007a0dc33020b9808354bc,9a072337cc963378de919f4a350395a2d79c0714a91006747ff5718b003f2ef8,28cf511796e63e8edaba88cfce3c30f8868cf5b1e4007a0dc33020b9808354bc,9a072337cc963378de919f4a350395a2d79c0714a91006747ff5718b003f2ef8,9d6d7f7ae973bf1bff5c01e9cb4697edab8cf6bcc8ae162d63fd869f0d167066,-0.671312052964783,False
71,2,scale_0.7,none,scale_0.7,0.35,test,Target-Only,1663126044,0.3921336130378144,0.9257860543627124,0.9288649056949275,0.8879183070866141,0.46153846153846156,0.0016461022540703342,-2.9622186290445067,1.0,128,target_only,none,[],b7398ab8fd47ea1854516717a28dbe17740bc70b3c907689fceb0a8b45b306ed,scale_0.7,8516b10c88d729506e130c62cc8e9039257c99733bb855240b0bf35960e91195,a4e783eaf1bb97b3583263cff0ec089704340070f13f51133e1066bbdb4a8e4e,28cf511796e63e8edaba88cfce3c30f8868cf5b1e4007a0dc33020b9808354bc,cbb2ee804aded8b2f94e6b9aeb1f8aa2b8e3e0590f1d0b2c08a3e42d85503665,167654d802a9d794c4741a117ed0e09a1e9deee08805e3d56737fad87449d0a1,0.0,False
71,2,scale_0.7,none,scale_0.7,0.35,test,Geometry-Prior+Residual,1663126044,0.5382660352650301,0.9004930129244239,0.8589601263504852,0.8363681102362205,0.46153846153846156,0.022841788791544377,-0.6452258122990203,0.40625,128,calibrated,geometry,[0.12900895674165258],b7398ab8fd47ea1854516717a28dbe17740bc70b3c907689fceb0a8b45b306ed,scale_0.7,8516b10c88d729506e130c62cc8e9039257c99733bb855240b0bf35960e91195,a4e783eaf1bb97b3583263cff0ec089704340070f13f51133e1066bbdb4a8e4e,28cf511796e63e8edaba88cfce3c30f8868cf5b1e4007a0dc33020b9808354bc,cbb2ee804aded8b2f94e6b9aeb1f8aa2b8e3e0590f1d0b2c08a3e42d85503665,167654d802a9d794c4741a117ed0e09a1e9deee08805e3d56737fad87449d0a1,0.14613242222721573,True
71,2,scale_0.7,none,scale_0.7,0.35,test,Oracle-Rank+Residual,1663126044,0.39023017096240004,0.9279982295889475,0.9217748580845997,0.8841043307086615,0.46153846153846156,0.0016461022540703342,-0.8883599617505171,0.546875,128,calibrated,oracle_rank,[0.13169010819337662],b7398ab8fd47ea1854516717a28dbe17740bc70b3c907689fceb0a8b45b306ed,scale_0.7,8516b10c88d729506e130c62cc8e9039257c99733bb855240b0bf35960e91195,a4e783eaf1bb97b3583263cff0ec089704340070f13f51133e1066bbdb4a8e4e,28cf511796e63e8edaba88cfce3c30f8868cf5b1e4007a0dc33020b9808354bc,cbb2ee804aded8b2f94e6b9aeb1f8aa2b8e3e0590f1d0b2c08a3e42d85503665,167654d802a9d794c4741a117ed0e09a1e9deee08805e3d56737fad87449d0a1,-0.0019034420754143744,False
71,2,scale_0.7,none,scale_0.7,0.35,test,Oracle-Value+Residual,1663126044,0.038710620779425664,0.9818780846379525,0.998174555942135,0.9869586614173228,0.8461538461538461,0.0016461022540703342,-5.400286074132038,1.0,128,calibrated,oracle_value,[0.13407559135981273],b7398ab8fd47ea1854516717a28dbe17740bc70b3c907689fceb0a8b45b306ed,scale_0.7,8516b10c88d729506e130c62cc8e9039257c99733bb855240b0bf35960e91195,a4e783eaf1bb97b3583263cff0ec089704340070f13f51133e1066bbdb4a8e4e,28cf511796e63e8edaba88cfce3c30f8868cf5b1e4007a0dc33020b9808354bc,cbb2ee804aded8b2f94e6b9aeb1f8aa2b8e3e0590f1d0b2c08a3e42d85503665,167654d802a9d794c4741a117ed0e09a1e9deee08805e3d56737fad87449d0a1,-0.35342299225838875,False
71,2,scale_0.7,none,scale_0.7,0.35,test,Oracle-Rank+Value+Residual,1663126044,0.17392976040535335,0.9279982295889475,0.9788557498626625,0.9435285433070866,0.46153846153846156,0.0016461022540703342,-1.4017281560299946,0.5234375,128,calibrated,oracle_rank|oracle_value,"[0.05694225590470852, 0.08245709255986111]",b7398ab8fd47ea1854516717a28dbe17740bc70b3c907689fceb0a8b45b306ed,scale_0.7,8516b10c88d729506e130c62cc8e9039257c99733bb855240b0bf35960e91195,a4e783eaf1bb97b3583263cff0ec089704340070f13f51133e1066bbdb4a8e4e,28cf511796e63e8edaba88cfce3c30f8868cf5b1e4007a0dc33020b9808354bc,cbb2ee804aded8b2f94e6b9aeb1f8aa2b8e3e0590f1d0b2c08a3e42d85503665,167654d802a9d794c4741a117ed0e09a1e9deee08805e3d56737fad87449d0a1,-0.21820385263246106,False
71,2,scale_0.7,none,scale_0.7,0.7,test,Target-Only,1403479038,0.5154384252073171,0.9834984458598339,0.7026414576084966,0.7641486220472441,0.6923076923076923,0.0,-2.105334411814331,1.0,128,target_only,none,[],b7398ab8fd47ea1854516717a28dbe17740bc70b3c907689fceb0a8b45b306ed,scale_0.7,8516b10c88d729506e130c62cc8e9039257c99733bb855240b0bf35960e91195,a70cb237f4024160350356a04eacaaac8ce846afc1c247d05d9621d333164827,28cf511796e63e8edaba88cfce3c30f8868cf5b1e4007a0dc33020b9808354bc,500bf6fc01b6a791b5d816496d8c6623fd7c903cff45f79cb73362c4cf6fe1ec,c88bc3c19389c324411a58a9df4eb0e5083a8c8d1186d55b08d47e1923204b70,0.0,False
71,2,scale_0.7,none,scale_0.7,0.7,test,Geometry-Prior+Residual,1403479038,0.7298208628488682,0.9588709664431443,0.5566917689067936,0.6802411417322834,0.5384615384615384,0.0009812153450054605,3.4564355617783775,0.3359375,128,calibrated,geometry,[0.12900895674165258],b7398ab8fd47ea1854516717a28dbe17740bc70b3c907689fceb0a8b45b306ed,scale_0.7,8516b10c88d729506e130c62cc8e9039257c99733bb855240b0bf35960e91195,a70cb237f4024160350356a04eacaaac8ce846afc1c247d05d9621d333164827,28cf511796e63e8edaba88cfce3c30f8868cf5b1e4007a0dc33020b9808354bc,500bf6fc01b6a791b5d816496d8c6623fd7c903cff45f79cb73362c4cf6fe1ec,c88bc3c19389c324411a58a9df4eb0e5083a8c8d1186d55b08d47e1923204b70,0.21438243764155107,True
71,2,scale_0.7,none,scale_0.7,0.7,test,Oracle-Rank+Residual,1403479038,0.3039404400669931,0.9721636142749827,0.8910799304156747,0.8726624015748031,0.7692307692307693,0.01758895039802319,-2.241255315059155,0.6953125,128,calibrated,oracle_rank,[0.13169010819337662],b7398ab8fd47ea1854516717a28dbe17740bc70b3c907689fceb0a8b45b306ed,scale_0.7,8516b10c88d729506e130c62cc8e9039257c99733bb855240b0bf35960e91195,a70cb237f4024160350356a04eacaaac8ce846afc1c247d05d9621d333164827,28cf511796e63e8edaba88cfce3c30f8868cf5b1e4007a0dc33020b9808354bc,500bf6fc01b6a791b5d816496d8c6623fd7c903cff45f79cb73362c4cf6fe1ec,c88bc3c19389c324411a58a9df4eb0e5083a8c8d1186d55b08d47e1923204b70,-0.21149798514032397,False
71,2,scale_0.7,none,scale_0.7,0.7,test,Oracle-Value+Residual,1403479038,0.048853807540874115,0.9996687483285437,0.9939399835195019,0.9728100393700787,1.0,0.0,-4.612465931408051,1.0,128,calibrated,oracle_value,[0.13407559135981273],b7398ab8fd47ea1854516717a28dbe17740bc70b3c907689fceb0a8b45b306ed,scale_0.7,8516b10c88d729506e130c62cc8e9039257c99733bb855240b0bf35960e91195,a70cb237f4024160350356a04eacaaac8ce846afc1c247d05d9621d333164827,28cf511796e63e8edaba88cfce3c30f8868cf5b1e4007a0dc33020b9808354bc,500bf6fc01b6a791b5d816496d8c6623fd7c903cff45f79cb73362c4cf6fe1ec,c88bc3c19389c324411a58a9df4eb0e5083a8c8d1186d55b08d47e1923204b70,-0.466584617666443,False
71,2,scale_0.7,none,scale_0.7,0.7,test,Oracle-Rank+Value+Residual,1403479038,0.1344586209931578,0.989492902227912,0.9671648965390953,0.9336860236220472,0.8461538461538461,0.004441236858227077,-3.011533611846401,0.6875,128,calibrated,oracle_rank|oracle_value,"[0.05694225590470852, 0.08245709255986111]",b7398ab8fd47ea1854516717a28dbe17740bc70b3c907689fceb0a8b45b306ed,scale_0.7,8516b10c88d729506e130c62cc8e9039257c99733bb855240b0bf35960e91195,a70cb237f4024160350356a04eacaaac8ce846afc1c247d05d9621d333164827,28cf511796e63e8edaba88cfce3c30f8868cf5b1e4007a0dc33020b9808354bc,500bf6fc01b6a791b5d816496d8c6623fd7c903cff45f79cb73362c4cf6fe1ec,c88bc3c19389c324411a58a9df4eb0e5083a8c8d1186d55b08d47e1923204b70,-0.3809798042141593,False
71,2,scale_0.7,none,scale_0.7,1.0,test,Target-Only,1796681854,0.7421196789129716,0.9194074875424117,0.6386250228895807,0.73314468503937,0.6153846153846154,0.1813466885819774,-1.6448832909098603,1.0,128,target_only,none,[],b7398ab8fd47ea1854516717a28dbe17740bc70b3c907689fceb0a8b45b306ed,scale_0.7,8516b10c88d729506e130c62cc8e9039257c99733bb855240b0bf35960e91195,500bf6fc01b6a791b5d816496d8c6623fd7c903cff45f79cb73362c4cf6fe1ec,28cf511796e63e8edaba88cfce3c30f8868cf5b1e4007a0dc33020b9808354bc,9a072337cc963378de919f4a350395a2d79c0714a91006747ff5718b003f2ef8,de71505f072dbf7ba808dc3f982432050069d31c529f2412b5e8a5eadb704f40,0.0,False
71,2,scale_0.7,none,scale_0.7,1.0,test,Geometry-Prior+Residual,1796681854,0.8948866627430853,0.9591841565366003,0.6441585790148325,0.7522145669291339,0.5384615384615384,0.0,1.6448074261766616,0.71875,128,calibrated,geometry,[0.12900895674165258],b7398ab8fd47ea1854516717a28dbe17740bc70b3c907689fceb0a8b45b306ed,scale_0.7,8516b10c88d729506e130c62cc8e9039257c99733bb855240b0bf35960e91195,500bf6fc01b6a791b5d816496d8c6623fd7c903cff45f79cb73362c4cf6fe1ec,28cf511796e63e8edaba88cfce3c30f8868cf5b1e4007a0dc33020b9808354bc,9a072337cc963378de919f4a350395a2d79c0714a91006747ff5718b003f2ef8,de71505f072dbf7ba808dc3f982432050069d31c529f2412b5e8a5eadb704f40,0.15276698383011367,True
71,2,scale_0.7,none,scale_0.7,1.0,test,Oracle-Rank+Residual,1796681854,0.27199694749016246,0.9931792475855079,0.8910856528108404,0.8767224409448819,0.8461538461538461,0.0,-2.4588091044593483,0.8359375,128,calibrated,oracle_rank,[0.13169010819337662],b7398ab8fd47ea1854516717a28dbe17740bc70b3c907689fceb0a8b45b306ed,scale_0.7,8516b10c88d729506e130c62cc8e9039257c99733bb855240b0bf35960e91195,500bf6fc01b6a791b5d816496d8c6623fd7c903cff45f79cb73362c4cf6fe1ec,28cf511796e63e8edaba88cfce3c30f8868cf5b1e4007a0dc33020b9808354bc,9a072337cc963378de919f4a350395a2d79c0714a91006747ff5718b003f2ef8,de71505f072dbf7ba808dc3f982432050069d31c529f2412b5e8a5eadb704f40,-0.47012273142280914,False
71,2,scale_0.7,none,scale_0.7,1.0,test,Oracle-Value+Residual,1796681854,0.06304063272188722,1.0,0.984166132576451,0.9571850393700787,1.0,0.0,-4.160953716660259,1.0,128,calibrated,oracle_value,[0.13407559135981273],b7398ab8fd47ea1854516717a28dbe17740bc70b3c907689fceb0a8b45b306ed,scale_0.7,8516b10c88d729506e130c62cc8e9039257c99733bb855240b0bf35960e91195,500bf6fc01b6a791b5d816496d8c6623fd7c903cff45f79cb73362c4cf6fe1ec,28cf511796e63e8edaba88cfce3c30f8868cf5b1e4007a0dc33020b9808354bc,9a072337cc963378de919f4a350395a2d79c0714a91006747ff5718b003f2ef8,de71505f072dbf7ba808dc3f982432050069d31c529f2412b5e8a5eadb704f40,-0.6790790461910844,False
71,2,scale_0.7,none,scale_0.7,1.0,test,Oracle-Rank+Value+Residual,1796681854,0.1237367072636645,0.9984271156517336,0.9477659769273026,0.9175688976377953,0.9230769230769231,0.0,-3.221488614331511,0.8046875,128,calibrated,oracle_rank|oracle_value,"[0.05694225590470852, 0.08245709255986111]",b7398ab8fd47ea1854516717a28dbe17740bc70b3c907689fceb0a8b45b306ed,scale_0.7,8516b10c88d729506e130c62cc8e9039257c99733bb855240b0bf35960e91195,500bf6fc01b6a791b5d816496d8c6623fd7c903cff45f79cb73362c4cf6fe1ec,28cf511796e63e8edaba88cfce3c30f8868cf5b1e4007a0dc33020b9808354bc,9a072337cc963378de919f4a350395a2d79c0714a91006747ff5718b003f2ef8,de71505f072dbf7ba808dc3f982432050069d31c529f2412b5e8a5eadb704f40,-0.6183829716493071,False
71,2,scale_1.5,none,scale_1.5,0.35,test,Target-Only,1296622904,1.0470353956757585,0.927263608225718,0.4660490294817798,0.6434547244094488,0.46153846153846156,0.004911831099380611,-1.3613935517834945,1.0,128,target_only,none,[],b7398ab8fd47ea1854516717a28dbe17740bc70b3c907689fceb0a8b45b306ed,scale_1.5,e21f3bb1c5e4b979cb06498229df487f350c6cec42b54b272fbf9f5c16957a94,5a464cf2ba8b4dd84cab36b42f9820d15bc718cf762477c23006ab49cc4dcde3,28cf511796e63e8edaba88cfce3c30f8868cf5b1e4007a0dc33020b9808354bc,cbb2ee804aded8b2f94e6b9aeb1f8aa2b8e3e0590f1d0b2c08a3e42d85503665,9f374b61d381c7eab7d1a5ab8001fb59d9120e85264b53e1c865e417ec414a21,0.0,False
71,2,scale_1.5,none,scale_1.5,0.35,test,Geometry-Prior+Residual,1296622904,1.1375587214476186,0.8725095555348249,0.39565784654825126,0.6114665354330708,0.46153846153846156,0.111253376904479,-1.0707464703499958,0.6875,128,calibrated,geometry,[0.542462414190414],b7398ab8fd47ea1854516717a28dbe17740bc70b3c907689fceb0a8b45b306ed,scale_1.5,e21f3bb1c5e4b979cb06498229df487f350c6cec42b54b272fbf9f5c16957a94,5a464cf2ba8b4dd84cab36b42f9820d15bc718cf762477c23006ab49cc4dcde3,28cf511796e63e8edaba88cfce3c30f8868cf5b1e4007a0dc33020b9808354bc,cbb2ee804aded8b2f94e6b9aeb1f8aa2b8e3e0590f1d0b2c08a3e42d85503665,9f374b61d381c7eab7d1a5ab8001fb59d9120e85264b53e1c865e417ec414a21,0.09052332577186006,True
71,2,scale_1.5,none,scale_1.5,0.35,test,Oracle-Rank+Residual,1296622904,2.0581627876769977,0.9305878999119499,0.7112250503570774,0.7645177165354331,0.5384615384615384,0.0010853477798019305,-0.005905252595325899,0.6484375,128,calibrated,oracle_rank,[0.4934963060188873],b7398ab8fd47ea1854516717a28dbe17740bc70b3c907689fceb0a8b45b306ed,scale_1.5,e21f3bb1c5e4b979cb06498229df487f350c6cec42b54b272fbf9f5c16957a94,5a464cf2ba8b4dd84cab36b42f9820d15bc718cf762477c23006ab49cc4dcde3,28cf511796e63e8edaba88cfce3c30f8868cf5b1e4007a0dc33020b9808354bc,cbb2ee804aded8b2f94e6b9aeb1f8aa2b8e3e0590f1d0b2c08a3e42d85503665,9f374b61d381c7eab7d1a5ab8001fb59d9120e85264b53e1c865e417ec414a21,1.0111273920012391,True
71,2,scale_1.5,none,scale_1.5,0.35,test,Oracle-Value+Residual,1296622904,0.6883029100203355,0.9938545429235565,0.8570774583409632,0.8447342519685039,0.8461538461538461,0.0010853477798019305,-1.8196820212899416,0.875,128,calibrated,oracle_value,[0.5401191315534153],b7398ab8fd47ea1854516717a28dbe17740bc70b3c907689fceb0a8b45b306ed,scale_1.5,e21f3bb1c5e4b979cb06498229df487f350c6cec42b54b272fbf9f5c16957a94,5a464cf2ba8b4dd84cab36b42f9820d15bc718cf762477c23006ab49cc4dcde3,28cf511796e63e8edaba88cfce3c30f8868cf5b1e4007a0dc33020b9808354bc,cbb2ee804aded8b2f94e6b9aeb1f8aa2b8e3e0590f1d0b2c08a3e42d85503665,9f374b61d381c7eab7d1a5ab8001fb59d9120e85264b53e1c865e417ec414a21,-0.35873248565542304,False
71,2,scale_1.5,none,scale_1.5,0.35,test,Oracle-Rank+Value+Residual,1296622904,1.012845845253185,0.9321522033494078,0.8057475737044497,0.812253937007874,0.5384615384615384,0.0010853477798019305,-1.3228401515830628,0.796875,128,calibrated,oracle_rank|oracle_value,"[0.11182789179164582, 0.4439876973167519]",b7398ab8fd47ea1854516717a28dbe17740bc70b3c907689fceb0a8b45b306ed,scale_1.5,e21f3bb1c5e4b979cb06498229df487f350c6cec42b54b272fbf9f5c16957a94,5a464cf2ba8b4dd84cab36b42f9820d15bc718cf762477c23006ab49cc4dcde3,28cf511796e63e8edaba88cfce3c30f8868cf5b1e4007a0dc33020b9808354bc,cbb2ee804aded8b2f94e6b9aeb1f8aa2b8e3e0590f1d0b2c08a3e42d85503665,9f374b61d381c7eab7d1a5ab8001fb59d9120e85264b53e1c865e417ec414a21,-0.034189550422573545,False
71,2,scale_1.5,none,scale_1.5,0.7,test,Target-Only,425352855,0.6020559181979491,0.9219874101370952,0.8613749771104192,0.8394438976377953,0.46153846153846156,0.061139094741142444,-0.4579538534605639,1.0,128,target_only,none,[],b7398ab8fd47ea1854516717a28dbe17740bc70b3c907689fceb0a8b45b306ed,scale_1.5,e21f3bb1c5e4b979cb06498229df487f350c6cec42b54b272fbf9f5c16957a94,cb96d951f81423678fbef1dc9aed9aef130f130d9a4d75ff500efa53f063a817,28cf511796e63e8edaba88cfce3c30f8868cf5b1e4007a0dc33020b9808354bc,500bf6fc01b6a791b5d816496d8c6623fd7c903cff45f79cb73362c4cf6fe1ec,4b7fc8dc4a38ba48e88ae9e1b552d59e30fe836c27e1e346f6dfe738255943f8,0.0,False
71,2,scale_1.5,none,scale_1.5,0.7,test,Geometry-Prior+Residual,425352855,0.46820631301163457,0.7769463910332838,0.8894948269547701,0.8526082677165354,0.15384615384615385,0.2641017659659024,-0.7189121746905722,0.8984375,128,calibrated,geometry,[0.542462414190414],b7398ab8fd47ea1854516717a28dbe17740bc70b3c907689fceb0a8b45b306ed,scale_1.5,e21f3bb1c5e4b979cb06498229df487f350c6cec42b54b272fbf9f5c16957a94,cb96d951f81423678fbef1dc9aed9aef130f130d9a4d75ff500efa53f063a817,28cf511796e63e8edaba88cfce3c30f8868cf5b1e4007a0dc33020b9808354bc,500bf6fc01b6a791b5d816496d8c6623fd7c903cff45f79cb73362c4cf6fe1ec,4b7fc8dc4a38ba48e88ae9e1b552d59e30fe836c27e1e346f6dfe738255943f8,-0.13384960518631456,False
71,2,scale_1.5,none,scale_1.5,0.7,test,Oracle-Rank+Residual,425352855,1.0585785799689253,0.9957866726110329,0.7462804431422816,0.7791584645669292,1.0,0.004780629886360186,1.5196936771471496,0.484375,128,calibrated,oracle_rank,[0.4934963060188873],b7398ab8fd47ea1854516717a28dbe17740bc70b3c907689fceb0a8b45b306ed,scale_1.5,e21f3bb1c5e4b979cb06498229df487f350c6cec42b54b272fbf9f5c16957a94,cb96d951f81423678fbef1dc9aed9aef130f130d9a4d75ff500efa53f063a817,28cf511796e63e8edaba88cfce3c30f8868cf5b1e4007a0dc33020b9808354bc,500bf6fc01b6a791b5d816496d8c6623fd7c903cff45f79cb73362c4cf6fe1ec,4b7fc8dc4a38ba48e88ae9e1b552d59e30fe836c27e1e346f6dfe738255943f8,0.4565226617709762,True
71,2,scale_1.5,none,scale_1.5,0.7,test,Oracle-Value+Residual,425352855,0.5815037754332456,0.9804006119532683,0.8869598058963559,0.8558070866141733,0.8461538461538461,0.004780629886360186,-0.08886356330744333,0.7109375,128,calibrated,oracle_value,[0.5401191315534153],b7398ab8fd47ea1854516717a28dbe17740bc70b3c907689fceb0a8b45b306ed,scale_1.5,e21f3bb1c5e4b979cb06498229df487f350c6cec42b54b272fbf9f5c16957a94,cb96d951f81423678fbef1dc9aed9aef130f130d9a4d75ff500efa53f063a817,28cf511796e63e8edaba88cfce3c30f8868cf5b1e4007a0dc33020b9808354bc,500bf6fc01b6a791b5d816496d8c6623fd7c903cff45f79cb73362c4cf6fe1ec,4b7fc8dc4a38ba48e88ae9e1b552d59e30fe836c27e1e346f6dfe738255943f8,-0.020552142764703518,False
71,2,scale_1.5,none,scale_1.5,0.7,test,Oracle-Rank+Value+Residual,425352855,0.6875062113860491,0.987219377026253,0.8621703900384544,0.8401820866141733,0.9230769230769231,0.004780629886360186,0.3930298689330728,0.6484375,128,calibrated,oracle_rank|oracle_value,"[0.11182789179164582, 0.4439876973167519]",b7398ab8fd47ea1854516717a28dbe17740bc70b3c907689fceb0a8b45b306ed,scale_1.5,e21f3bb1c5e4b979cb06498229df487f350c6cec42b54b272fbf9f5c16957a94,cb96d951f81423678fbef1dc9aed9aef130f130d9a4d75ff500efa53f063a817,28cf511796e63e8edaba88cfce3c30f8868cf5b1e4007a0dc33020b9808354bc,500bf6fc01b6a791b5d816496d8c6623fd7c903cff45f79cb73362c4cf6fe1ec,4b7fc8dc4a38ba48e88ae9e1b552d59e30fe836c27e1e346f6dfe738255943f8,0.08545029318809994,True
71,2,scale_1.5,none,scale_1.5,1.0,test,Target-Only,75667445,0.7501473310180501,0.9132384302102756,0.8277044039553195,0.8225885826771654,0.46153846153846156,0.06722347172513664,0.15073230944582883,0.9140625,128,target_only,none,[],b7398ab8fd47ea1854516717a28dbe17740bc70b3c907689fceb0a8b45b306ed,scale_1.5,e21f3bb1c5e4b979cb06498229df487f350c6cec42b54b272fbf9f5c16957a94,3d5a4186b1c5b5bcc0360723a4ed43f23e7b11b84691da39c6d08b412430fc44,28cf511796e63e8edaba88cfce3c30f8868cf5b1e4007a0dc33020b9808354bc,9a072337cc963378de919f4a350395a2d79c0714a91006747ff5718b003f2ef8,db4206a90cec512115fcddb74a59a97ebff0c71900d9274f9de2e6ec9664b3e7,0.0,False
71,2,scale_1.5,none,scale_1.5,1.0,test,Geometry-Prior+Residual,75667445,0.6061927708672,0.6986958776658369,0.848133354696942,0.8287401574803149,0.07692307692307693,0.16438564169274894,0.3898484342448662,0.671875,128,calibrated,geometry,[0.542462414190414],b7398ab8fd47ea1854516717a28dbe17740bc70b3c907689fceb0a8b45b306ed,scale_1.5,e21f3bb1c5e4b979cb06498229df487f350c6cec42b54b272fbf9f5c16957a94,3d5a4186b1c5b5bcc0360723a4ed43f23e7b11b84691da39c6d08b412430fc44,28cf511796e63e8edaba88cfce3c30f8868cf5b1e4007a0dc33020b9808354bc,9a072337cc963378de919f4a350395a2d79c0714a91006747ff5718b003f2ef8,db4206a90cec512115fcddb74a59a97ebff0c71900d9274f9de2e6ec9664b3e7,-0.14395456015085006,False
71,2,scale_1.5,none,scale_1.5,1.0,test,Oracle-Rank+Residual,75667445,0.9737025316781716,0.9242484522542324,0.5845598333638528,0.7065698818897638,0.46153846153846156,0.005760784548041186,2.4483304275331292,0.640625,128,calibrated,oracle_rank,[0.4934963060188873],b7398ab8fd47ea1854516717a28dbe17740bc70b3c907689fceb0a8b45b306ed,scale_1.5,e21f3bb1c5e4b979cb06498229df487f350c6cec42b54b272fbf9f5c16957a94,3d5a4186b1c5b5bcc0360723a4ed43f23e7b11b84691da39c6d08b412430fc44,28cf511796e63e8edaba88cfce3c30f8868cf5b1e4007a0dc33020b9808354bc,9a072337cc963378de919f4a350395a2d79c0714a91006747ff5718b003f2ef8,db4206a90cec512115fcddb74a59a97ebff0c71900d9274f9de2e6ec9664b3e7,0.22355520066012147,True
71,2,scale_1.5,none,scale_1.5,1.0,test,Oracle-Value+Residual,75667445,0.6933420515811478,0.906137741504667,0.7682372733931514,0.7845718503937008,0.46153846153846156,0.021995739444951513,2.0603648701036583,0.703125,128,calibrated,oracle_value,[0.5401191315534153],b7398ab8fd47ea1854516717a28dbe17740bc70b3c907689fceb0a8b45b306ed,scale_1.5,e21f3bb1c5e4b979cb06498229df487f350c6cec42b54b272fbf9f5c16957a94,3d5a4186b1c5b5bcc0360723a4ed43f23e7b11b84691da39c6d08b412430fc44,28cf511796e63e8edaba88cfce3c30f8868cf5b1e4007a0dc33020b9808354bc,9a072337cc963378de919f4a350395a2d79c0714a91006747ff5718b003f2ef8,db4206a90cec512115fcddb74a59a97ebff0c71900d9274f9de2e6ec9664b3e7,-0.05680527943690228,False
71,2,scale_1.5,none,scale_1.5,1.0,test,Oracle-Rank+Value+Residual,75667445,0.7476578682560269,0.9192304504633643,0.7227041750595129,0.766117125984252,0.46153846153846156,0.021995739444951513,2.3928779292056865,0.6640625,128,calibrated,oracle_rank|oracle_value,"[0.11182789179164582, 0.4439876973167519]",b7398ab8fd47ea1854516717a28dbe17740bc70b3c907689fceb0a8b45b306ed,scale_1.5,e21f3bb1c5e4b979cb06498229df487f350c6cec42b54b272fbf9f5c16957a94,3d5a4186b1c5b5bcc0360723a4ed43f23e7b11b84691da39c6d08b412430fc44,28cf511796e63e8edaba88cfce3c30f8868cf5b1e4007a0dc33020b9808354bc,9a072337cc963378de919f4a350395a2d79c0714a91006747ff5718b003f2ef8,db4206a90cec512115fcddb74a59a97ebff0c71900d9274f9de2e6ec9664b3e7,-0.00248946276202322,False
71,2,rotate_45,none,rotate_45,0.35,test,Target-Only,819076520,0.6092199323260706,0.7564329420680582,0.8544508789598975,0.8313238188976378,0.07692307692307693,0.20048762681823826,-2.0285965258455696,1.0,128,target_only,none,[],b7398ab8fd47ea1854516717a28dbe17740bc70b3c907689fceb0a8b45b306ed,rotate_45,b50c6c75c8f328e68373c37bc195b056cfe90e41297fa9333cff4d9cfacd53cd,b7e95b0559c3b28219ad9bb0f8aeaf572a9e3c6f2080d6abc77f449d0bd092bd,28cf511796e63e8edaba88cfce3c30f8868cf5b1e4007a0dc33020b9808354bc,cbb2ee804aded8b2f94e6b9aeb1f8aa2b8e3e0590f1d0b2c08a3e42d85503665,f420676893734420a184ccd95e8264d45daf994330eeb6c98ca2ebbc3f4858d4,0.0,False
71,2,rotate_45,none,rotate_45,0.35,test,Geometry-Prior+Residual,819076520,0.6156174694756573,0.7804336037391392,0.8133068577183665,0.8025344488188977,0.15384615384615385,0.20048762681823826,-1.7144547420615286,0.6875,128,calibrated,geometry,[0.2502166773027645],b7398ab8fd47ea1854516717a28dbe17740bc70b3c907689fceb0a8b45b306ed,rotate_45,b50c6c75c8f328e68373c37bc195b056cfe90e41297fa9333cff4d9cfacd53cd,b7e95b0559c3b28219ad9bb0f8aeaf572a9e3c6f2080d6abc77f449d0bd092bd,28cf511796e63e8edaba88cfce3c30f8868cf5b1e4007a0dc33020b9808354bc,cbb2ee804aded8b2f94e6b9aeb1f8aa2b8e3e0590f1d0b2c08a3e42d85503665,f420676893734420a184ccd95e8264d45daf994330eeb6c98ca2ebbc3f4858d4,0.006397537149586685,False
71,2,rotate_45,none,rotate_45,0.35,test,Oracle-Rank+Residual,819076520,0.31780551461278284,0.9506325216652184,0.8617927119575169,0.8448572834645669,0.6923076923076923,0.09168952973804115,-2.453744215276345,0.8203125,128,calibrated,oracle_rank,[0.27965879268715177],b7398ab8fd47ea1854516717a28dbe17740bc70b3c907689fceb0a8b45b306ed,rotate_45,b50c6c75c8f328e68373c37bc195b056cfe90e41297fa9333cff4d9cfacd53cd,b7e95b0559c3b28219ad9bb0f8aeaf572a9e3c6f2080d6abc77f449d0bd092bd,28cf511796e63e8edaba88cfce3c30f8868cf5b1e4007a0dc33020b9808354bc,cbb2ee804aded8b2f94e6b9aeb1f8aa2b8e3e0590f1d0b2c08a3e42d85503665,f420676893734420a184ccd95e8264d45daf994330eeb6c98ca2ebbc3f4858d4,-0.2914144177132878,False
71,2,rotate_45,none,rotate_45,0.35,test,Oracle-Value+Residual,819076520,0.05108300593138829,0.9985660805588275,0.9778142739425012,0.95435531496063,1.0,0.0010103309774806902,-4.523137176747513,1.0,128,calibrated,oracle_value,[0.29276540450491184],b7398ab8fd47ea1854516717a28dbe17740bc70b3c907689fceb0a8b45b306ed,rotate_45,b50c6c75c8f328e68373c37bc195b056cfe90e41297fa9333cff4d9cfacd53cd,b7e95b0559c3b28219ad9bb0f8aeaf572a9e3c6f2080d6abc77f449d0bd092bd,28cf511796e63e8edaba88cfce3c30f8868cf5b1e4007a0dc33020b9808354bc,cbb2ee804aded8b2f94e6b9aeb1f8aa2b8e3e0590f1d0b2c08a3e42d85503665,f420676893734420a184ccd95e8264d45daf994330eeb6c98ca2ebbc3f4858d4,-0.5581369263946824,False
71,2,rotate_45,none,rotate_45,0.35,test,Oracle-Rank+Value+Residual,819076520,0.11223113421499091,0.9919495198308796,0.9368190349752793,0.9121555118110236,0.8461538461538461,0.002162710994277954,-3.502533009810512,0.8203125,128,calibrated,oracle_rank|oracle_value,"[0.09585307692295839, 0.20810427147024643]",b7398ab8fd47ea1854516717a28dbe17740bc70b3c907689fceb0a8b45b306ed,rotate_45,b50c6c75c8f328e68373c37bc195b056cfe90e41297fa9333cff4d9cfacd53cd,b7e95b0559c3b28219ad9bb0f8aeaf572a9e3c6f2080d6abc77f449d0bd092bd,28cf511796e63e8edaba88cfce3c30f8868cf5b1e4007a0dc33020b9808354bc,cbb2ee804aded8b2f94e6b9aeb1f8aa2b8e3e0590f1d0b2c08a3e42d85503665,f420676893734420a184ccd95e8264d45daf994330eeb6c98ca2ebbc3f4858d4,-0.4969887981110797,False
71,2,rotate_45,none,rotate_45,0.7,test,Target-Only,1725525306,1.54834522104326,0.8260502962263784,0.8968194927668924,0.859498031496063,0.3076923076923077,0.4366376528845776,-0.6755735674875128,0.8359375,128,target_only,none,[],b7398ab8fd47ea1854516717a28dbe17740bc70b3c907689fceb0a8b45b306ed,rotate_45,b50c6c75c8f328e68373c37bc195b056cfe90e41297fa9333cff4d9cfacd53cd,20ff6a5e0f9e32c4244437c736896772ff4d8f05ba9a9133c2f396b448972030,28cf511796e63e8edaba88cfce3c30f8868cf5b1e4007a0dc33020b9808354bc,500bf6fc01b6a791b5d816496d8c6623fd7c903cff45f79cb73362c4cf6fe1ec,0ad0521ff434f52c3725783dbaf6295e1e5a8e4b2fb1bd90f87a5992c9b80d19,0.0,False
71,2,rotate_45,none,rotate_45,0.7,test,Geometry-Prior+Residual,1725525306,1.1947324458647053,0.8470935982684735,0.8934318348287857,0.8583907480314961,0.3076923076923077,0.2968064751964327,-0.17184477838740186,0.5703125,128,calibrated,geometry,[0.2502166773027645],b7398ab8fd47ea1854516717a28dbe17740bc70b3c907689fceb0a8b45b306ed,rotate_45,b50c6c75c8f328e68373c37bc195b056cfe90e41297fa9333cff4d9cfacd53cd,20ff6a5e0f9e32c4244437c736896772ff4d8f05ba9a9133c2f396b448972030,28cf511796e63e8edaba88cfce3c30f8868cf5b1e4007a0dc33020b9808354bc,500bf6fc01b6a791b5d816496d8c6623fd7c903cff45f79cb73362c4cf6fe1ec,0ad0521ff434f52c3725783dbaf6295e1e5a8e4b2fb1bd90f87a5992c9b80d19,-0.3536127751785547,False
71,2,rotate_45,none,rotate_45,0.7,test,Oracle-Rank+Residual,1725525306,1.0798712713175966,0.9843505198466,0.9269479033144112,0.8982529527559056,0.8461538461538461,0.017052647010006267,1.1730296018280293,0.3515625,128,calibrated,oracle_rank,[0.27965879268715177],b7398ab8fd47ea1854516717a28dbe17740bc70b3c907689fceb0a8b45b306ed,rotate_45,b50c6c75c8f328e68373c37bc195b056cfe90e41297fa9333cff4d9cfacd53cd,20ff6a5e0f9e32c4244437c736896772ff4d8f05ba9a9133c2f396b448972030,28cf511796e63e8edaba88cfce3c30f8868cf5b1e4007a0dc33020b9808354bc,500bf6fc01b6a791b5d816496d8c6623fd7c903cff45f79cb73362c4cf6fe1ec,0ad0521ff434f52c3725783dbaf6295e1e5a8e4b2fb1bd90f87a5992c9b80d19,-0.46847394972566336,False
71,2,rotate_45,none,rotate_45,0.7,test,Oracle-Value+Residual,1725525306,0.13538947933199952,0.9999630507997244,0.9734194744552279,0.9427903543307087,1.0,0.0,-2.8893289812342395,0.7421875,128,calibrated,oracle_value,[0.29276540450491184],b7398ab8fd47ea1854516717a28dbe17740bc70b3c907689fceb0a8b45b306ed,rotate_45,b50c6c75c8f328e68373c37bc195b056cfe90e41297fa9333cff4d9cfacd53cd,20ff6a5e0f9e32c4244437c736896772ff4d8f05ba9a9133c2f396b448972030,28cf511796e63e8edaba88cfce3c30f8868cf5b1e4007a0dc33020b9808354bc,500bf6fc01b6a791b5d816496d8c6623fd7c903cff45f79cb73362c4cf6fe1ec,0ad0521ff434f52c3725783dbaf6295e1e5a8e4b2fb1bd90f87a5992c9b80d19,-1.4129557417112606,False
71,2,rotate_45,none,rotate_45,0.7,test,Oracle-Rank+Value+Residual,1725525306,0.3838776328678407,0.9942259373639868,0.9439949185130928,0.9163385826771654,1.0,0.017052647010006267,0.1838475851206265,0.3515625,128,calibrated,oracle_rank|oracle_value,"[0.09585307692295839, 0.20810427147024643]",b7398ab8fd47ea1854516717a28dbe17740bc70b3c907689fceb0a8b45b306ed,rotate_45,b50c6c75c8f328e68373c37bc195b056cfe90e41297fa9333cff4d9cfacd53cd,20ff6a5e0f9e32c4244437c736896772ff4d8f05ba9a9133c2f396b448972030,28cf511796e63e8edaba88cfce3c30f8868cf5b1e4007a0dc33020b9808354bc,500bf6fc01b6a791b5d816496d8c6623fd7c903cff45f79cb73362c4cf6fe1ec,0ad0521ff434f52c3725783dbaf6295e1e5a8e4b2fb1bd90f87a5992c9b80d19,-1.1644675881754192,False
71,2,rotate_45,none,rotate_45,1.0,test,Target-Only,398161863,0.7070036857882797,0.6312169534579023,0.8056159586156381,0.8125,0.0,0.3091644520643519,-0.5483003541086016,0.8828125,128,target_only,none,[],b7398ab8fd47ea1854516717a28dbe17740bc70b3c907689fceb0a8b45b306ed,rotate_45,b50c6c75c8f328e68373c37bc195b056cfe90e41297fa9333cff4d9cfacd53cd,88e87811d849d12e28a9484185f434cec4745a0cc3ce4f51cd3773129edeaa52,28cf511796e63e8edaba88cfce3c30f8868cf5b1e4007a0dc33020b9808354bc,9a072337cc963378de919f4a350395a2d79c0714a91006747ff5718b003f2ef8,511d6fc7f9291bb0cf90d44f118c5f9c6d82f6f7d20129e498ad57495d093ac1,0.0,False
71,2,rotate_45,none,rotate_45,1.0,test,Geometry-Prior+Residual,398161863,0.4771218618759631,0.9085501923588971,0.9196747390587803,0.8797982283464567,0.46153846153846156,0.1394677384470596,-0.7554242051242543,0.8046875,128,calibrated,geometry,[0.2502166773027645],b7398ab8fd47ea1854516717a28dbe17740bc70b3c907689fceb0a8b45b306ed,rotate_45,b50c6c75c8f328e68373c37bc195b056cfe90e41297fa9333cff4d9cfacd53cd,88e87811d849d12e28a9484185f434cec4745a0cc3ce4f51cd3773129edeaa52,28cf511796e63e8edaba88cfce3c30f8868cf5b1e4007a0dc33020b9808354bc,9a072337cc963378de919f4a350395a2d79c0714a91006747ff5718b003f2ef8,511d6fc7f9291bb0cf90d44f118c5f9c6d82f6f7d20129e498ad57495d093ac1,-0.22988182391231654,False
71,2,rotate_45,none,rotate_45,1.0,test,Oracle-Rank+Residual,398161863,0.28560005369994995,0.993115800505404,0.9724180553012268,0.9389763779527559,0.8461538461538461,0.003911876705060062,-0.8563577586567065,0.734375,128,calibrated,oracle_rank,[0.27965879268715177],b7398ab8fd47ea1854516717a28dbe17740bc70b3c907689fceb0a8b45b306ed,rotate_45,b50c6c75c8f328e68373c37bc195b056cfe90e41297fa9333cff4d9cfacd53cd,88e87811d849d12e28a9484185f434cec4745a0cc3ce4f51cd3773129edeaa52,28cf511796e63e8edaba88cfce3c30f8868cf5b1e4007a0dc33020b9808354bc,9a072337cc963378de919f4a350395a2d79c0714a91006747ff5718b003f2ef8,511d6fc7f9291bb0cf90d44f118c5f9c6d82f6f7d20129e498ad57495d093ac1,-0.4214036320883297,False
71,2,rotate_45,none,rotate_45,1.0,test,Oracle-Value+Residual,398161863,0.0713023584796737,1.0,0.9948956235121772,0.9755167322834646,1.0,0.0,-2.492643439357721,0.75,128,calibrated,oracle_value,[0.29276540450491184],b7398ab8fd47ea1854516717a28dbe17740bc70b3c907689fceb0a8b45b306ed,rotate_45,b50c6c75c8f328e68373c37bc195b056cfe90e41297fa9333cff4d9cfacd53cd,88e87811d849d12e28a9484185f434cec4745a0cc3ce4f51cd3773129edeaa52,28cf511796e63e8edaba88cfce3c30f8868cf5b1e4007a0dc33020b9808354bc,9a072337cc963378de919f4a350395a2d79c0714a91006747ff5718b003f2ef8,511d6fc7f9291bb0cf90d44f118c5f9c6d82f6f7d20129e498ad57495d093ac1,-0.635701327308606,False
71,2,rotate_45,none,rotate_45,1.0,test,Oracle-Rank+Value+Residual,398161863,0.10684307526330683,0.9948028861466305,0.9926982237685406,0.9714566929133859,0.8461538461538461,0.0018316893072063657,-1.5615173019628763,0.6640625,128,calibrated,oracle_rank|oracle_value,"[0.09585307692295839, 0.20810427147024643]",b7398ab8fd47ea1854516717a28dbe17740bc70b3c907689fceb0a8b45b306ed,rotate_45,b50c6c75c8f328e68373c37bc195b056cfe90e41297fa9333cff4d9cfacd53cd,88e87811d849d12e28a9484185f434cec4745a0cc3ce4f51cd3773129edeaa52,28cf511796e63e8edaba88cfce3c30f8868cf5b1e4007a0dc33020b9808354bc,9a072337cc963378de919f4a350395a2d79c0714a91006747ff5718b003f2ef8,511d6fc7f9291bb0cf90d44f118c5f9c6d82f6f7d20129e498ad57495d093ac1,-0.6001606105249728,False
71,2,roughness,none,roughness,0.35,test,Target-Only,1158154258,1.5130008426489838,0.7234620564703139,-0.1428882072880425,0.4436515748031496,0.46153846153846156,0.18918237243333433,6.43662992344232,0.5,128,target_only,none,[],b7398ab8fd47ea1854516717a28dbe17740bc70b3c907689fceb0a8b45b306ed,roughness,28cf511796e63e8edaba88cfce3c30f8868cf5b1e4007a0dc33020b9808354bc,cbb2ee804aded8b2f94e6b9aeb1f8aa2b8e3e0590f1d0b2c08a3e42d85503665,28cf511796e63e8edaba88cfce3c30f8868cf5b1e4007a0dc33020b9808354bc,cbb2ee804aded8b2f94e6b9aeb1f8aa2b8e3e0590f1d0b2c08a3e42d85503665,8def49ed038df0730d3f0d31103cca8f368e0f3682fa95f1ac048282c59a6bd9,0.0,False
71,2,roughness,none,roughness,0.35,test,Geometry-Prior+Residual,1158154258,1.5752988676322868,0.5110778288108064,-0.11669680461453946,0.453494094488189,0.46153846153846156,0.5878296146299425,30.90171452908702,0.28125,128,calibrated,geometry,[0.3131865596141185],b7398ab8fd47ea1854516717a28dbe17740bc70b3c907689fceb0a8b45b306ed,roughness,28cf511796e63e8edaba88cfce3c30f8868cf5b1e4007a0dc33020b9808354bc,cbb2ee804aded8b2f94e6b9aeb1f8aa2b8e3e0590f1d0b2c08a3e42d85503665,28cf511796e63e8edaba88cfce3c30f8868cf5b1e4007a0dc33020b9808354bc,cbb2ee804aded8b2f94e6b9aeb1f8aa2b8e3e0590f1d0b2c08a3e42d85503665,8def49ed038df0730d3f0d31103cca8f368e0f3682fa95f1ac048282c59a6bd9,0.062298024983302946,True
71,2,roughness,none,roughness,0.35,test,Oracle-Rank+Residual,1158154258,1.4618008847274249,0.7665651923179756,-0.057767579197949094,0.4735482283464567,0.46153846153846156,0.014403754443250646,29.65906413904253,0.34375,128,calibrated,oracle_rank,[0.3144932677397033],b7398ab8fd47ea1854516717a28dbe17740bc70b3c907689fceb0a8b45b306ed,roughness,28cf511796e63e8edaba88cfce3c30f8868cf5b1e4007a0dc33020b9808354bc,cbb2ee804aded8b2f94e6b9aeb1f8aa2b8e3e0590f1d0b2c08a3e42d85503665,28cf511796e63e8edaba88cfce3c30f8868cf5b1e4007a0dc33020b9808354bc,cbb2ee804aded8b2f94e6b9aeb1f8aa2b8e3e0590f1d0b2c08a3e42d85503665,8def49ed038df0730d3f0d31103cca8f368e0f3682fa95f1ac048282c59a6bd9,-0.05119995792155896,False
71,2,roughness,none,roughness,0.35,test,Oracle-Value+Residual,1158154258,1.4737297606362394,0.7604136062779248,-0.1404447445522798,0.4546013779527559,0.46153846153846156,0.014403754443250646,19.767771474168818,0.359375,128,calibrated,oracle_value,[0.2857855478556933],b7398ab8fd47ea1854516717a28dbe17740bc70b3c907689fceb0a8b45b306ed,roughness,28cf511796e63e8edaba88cfce3c30f8868cf5b1e4007a0dc33020b9808354bc,cbb2ee804aded8b2f94e6b9aeb1f8aa2b8e3e0590f1d0b2c08a3e42d85503665,28cf511796e63e8edaba88cfce3c30f8868cf5b1e4007a0dc33020b9808354bc,cbb2ee804aded8b2f94e6b9aeb1f8aa2b8e3e0590f1d0b2c08a3e42d85503665,8def49ed038df0730d3f0d31103cca8f368e0f3682fa95f1ac048282c59a6bd9,-0.03927108201274443,False
71,2,roughness,none,roughness,0.35,test,Oracle-Rank+Value+Residual,1158154258,1.4611259901676132,0.7665651923179756,-0.057893471891594946,0.4750246062992126,0.46153846153846156,0.014403754443250646,29.07476836196624,0.34375,128,calibrated,oracle_rank|oracle_value,"[0.29627224041392347, 0.02033682649018625]",b7398ab8fd47ea1854516717a28dbe17740bc70b3c907689fceb0a8b45b306ed,roughness,28cf511796e63e8edaba88cfce3c30f8868cf5b1e4007a0dc33020b9808354bc,cbb2ee804aded8b2f94e6b9aeb1f8aa2b8e3e0590f1d0b2c08a3e42d85503665,28cf511796e63e8edaba88cfce3c30f8868cf5b1e4007a0dc33020b9808354bc,cbb2ee804aded8b2f94e6b9aeb1f8aa2b8e3e0590f1d0b2c08a3e42d85503665,8def49ed038df0730d3f0d31103cca8f368e0f3682fa95f1ac048282c59a6bd9,-0.05187485248137058,False
71,2,roughness,none,roughness,0.7,test,Target-Only,1833012530,1.106697691583129,0.6562195376411769,0.46962552646035516,0.657111220472441,0.23076923076923078,0.0412595455283087,2.321818890066905,0.5703125,128,target_only,none,[],b7398ab8fd47ea1854516717a28dbe17740bc70b3c907689fceb0a8b45b306ed,roughness,28cf511796e63e8edaba88cfce3c30f8868cf5b1e4007a0dc33020b9808354bc,500bf6fc01b6a791b5d816496d8c6623fd7c903cff45f79cb73362c4cf6fe1ec,28cf511796e63e8edaba88cfce3c30f8868cf5b1e4007a0dc33020b9808354bc,500bf6fc01b6a791b5d816496d8c6623fd7c903cff45f79cb73362c4cf6fe1ec,d0cfad6c2f4e249cbc2fd5b50c958e5f6b9ef5954ababcd6c6444b06aefab2fe,0.0,False
71,2,roughness,none,roughness,0.7,test,Geometry-Prior+Residual,1833012530,1.0815932392322225,0.6002208123451527,0.35699162241347737,0.6158956692913385,0.23076923076923078,0.6200419033107656,12.24948997779477,0.2734375,128,calibrated,geometry,[0.3131865596141185],b7398ab8fd47ea1854516717a28dbe17740bc70b3c907689fceb0a8b45b306ed,roughness,28cf511796e63e8edaba88cfce3c30f8868cf5b1e4007a0dc33020b9808354bc,500bf6fc01b6a791b5d816496d8c6623fd7c903cff45f79cb73362c4cf6fe1ec,28cf511796e63e8edaba88cfce3c30f8868cf5b1e4007a0dc33020b9808354bc,500bf6fc01b6a791b5d816496d8c6623fd7c903cff45f79cb73362c4cf6fe1ec,d0cfad6c2f4e249cbc2fd5b50c958e5f6b9ef5954ababcd6c6444b06aefab2fe,-0.025104452350906525,False
71,2,roughness,none,roughness,0.7,test,Oracle-Rank+Residual,1833012530,1.1647862486504261,0.6653773374089976,0.3898953946163706,0.6302903543307087,0.23076923076923078,0.0412595455283087,14.30962986256549,0.328125,128,calibrated,oracle_rank,[0.3144932677397033],b7398ab8fd47ea1854516717a28dbe17740bc70b3c907689fceb0a8b45b306ed,roughness,28cf511796e63e8edaba88cfce3c30f8868cf5b1e4007a0dc33020b9808354bc,500bf6fc01b6a791b5d816496d8c6623fd7c903cff45f79cb73362c4cf6fe1ec,28cf511796e63e8edaba88cfce3c30f8868cf5b1e4007a0dc33020b9808354bc,500bf6fc01b6a791b5d816496d8c6623fd7c903cff45f79cb73362c4cf6fe1ec,d0cfad6c2f4e249cbc2fd5b50c958e5f6b9ef5954ababcd6c6444b06aefab2fe,0.0580885570672971,True
71,2,roughness,none,roughness,0.7,test,Oracle-Value+Residual,1833012530,1.1437269235399272,0.6562195376411769,0.3509888298846365,0.6184793307086615,0.23076923076923078,0.0412595455283087,8.817845652503955,0.390625,128,calibrated,oracle_value,[0.2857855478556933],b7398ab8fd47ea1854516717a28dbe17740bc70b3c907689fceb0a8b45b306ed,roughness,28cf511796e63e8edaba88cfce3c30f8868cf5b1e4007a0dc33020b9808354bc,500bf6fc01b6a791b5d816496d8c6623fd7c903cff45f79cb73362c4cf6fe1ec,28cf511796e63e8edaba88cfce3c30f8868cf5b1e4007a0dc33020b9808354bc,500bf6fc01b6a791b5d816496d8c6623fd7c903cff45f79cb73362c4cf6fe1ec,d0cfad6c2f4e249cbc2fd5b50c958e5f6b9ef5954ababcd6c6444b06aefab2fe,0.03702923195679819,True
71,2,roughness,none,roughness,0.7,test,Oracle-Rank+Value+Residual,1833012530,1.1628153032121575,0.6653773374089976,0.3887451931880608,0.6296751968503937,0.23076923076923078,0.0412595455283087,13.976754364078367,0.328125,128,calibrated,oracle_rank|oracle_value,"[0.29627224041392347, 0.02033682649018625]",b7398ab8fd47ea1854516717a28dbe17740bc70b3c907689fceb0a8b45b306ed,roughness,28cf511796e63e8edaba88cfce3c30f8868cf5b1e4007a0dc33020b9808354bc,500bf6fc01b6a791b5d816496d8c6623fd7c903cff45f79cb73362c4cf6fe1ec,28cf511796e63e8edaba88cfce3c30f8868cf5b1e4007a0dc33020b9808354bc,500bf6fc01b6a791b5d816496d8c6623fd7c903cff45f79cb73362c4cf6fe1ec,d0cfad6c2f4e249cbc2fd5b50c958e5f6b9ef5954ababcd6c6444b06aefab2fe,0.05611761162902851,True
71,2,roughness,none,roughness,1.0,test,Target-Only,1155846186,0.9296515268935679,0.6504954434716075,0.4880745284746383,0.6587106299212598,0.15384615384615385,0.12889528075374576,1.5664992666690918,0.6484375,128,target_only,none,[],b7398ab8fd47ea1854516717a28dbe17740bc70b3c907689fceb0a8b45b306ed,roughness,28cf511796e63e8edaba88cfce3c30f8868cf5b1e4007a0dc33020b9808354bc,9a072337cc963378de919f4a350395a2d79c0714a91006747ff5718b003f2ef8,28cf511796e63e8edaba88cfce3c30f8868cf5b1e4007a0dc33020b9808354bc,9a072337cc963378de919f4a350395a2d79c0714a91006747ff5718b003f2ef8,41cebe8580abde65660fb5a993be4af8327093a482a90b3842086a2aeccb821e,0.0,False
71,2,roughness,none,roughness,1.0,test,Geometry-Prior+Residual,1155846186,0.9250221258659631,0.5337164602133749,0.448515610694012,0.65625,0.23076923076923078,0.7786619576375464,7.446995517215669,0.390625,128,calibrated,geometry,[0.3131865596141185],b7398ab8fd47ea1854516717a28dbe17740bc70b3c907689fceb0a8b45b306ed,roughness,28cf511796e63e8edaba88cfce3c30f8868cf5b1e4007a0dc33020b9808354bc,9a072337cc963378de919f4a350395a2d79c0714a91006747ff5718b003f2ef8,28cf511796e63e8edaba88cfce3c30f8868cf5b1e4007a0dc33020b9808354bc,9a072337cc963378de919f4a350395a2d79c0714a91006747ff5718b003f2ef8,41cebe8580abde65660fb5a993be4af8327093a482a90b3842086a2aeccb821e,-0.004629401027604785,False
71,2,roughness,none,roughness,1.0,test,Oracle-Rank+Residual,1155846186,0.9079800227934915,0.6553180730553246,0.5347177714704265,0.6865157480314961,0.15384615384615385,0.12889528075374576,7.424916989180743,0.40625,128,calibrated,oracle_rank,[0.3144932677397033],b7398ab8fd47ea1854516717a28dbe17740bc70b3c907689fceb0a8b45b306ed,roughness,28cf511796e63e8edaba88cfce3c30f8868cf5b1e4007a0dc33020b9808354bc,9a072337cc963378de919f4a350395a2d79c0714a91006747ff5718b003f2ef8,28cf511796e63e8edaba88cfce3c30f8868cf5b1e4007a0dc33020b9808354bc,9a072337cc963378de919f4a350395a2d79c0714a91006747ff5718b003f2ef8,41cebe8580abde65660fb5a993be4af8327093a482a90b3842086a2aeccb821e,-0.021671504100076344,False
71,2,roughness,none,roughness,1.0,test,Oracle-Value+Residual,1155846186,0.962337258182915,0.6678062952918316,0.5666659036806445,0.7014025590551181,0.23076923076923078,0.12889528075374576,4.7142787372637205,0.484375,128,calibrated,oracle_value,[0.2857855478556933],b7398ab8fd47ea1854516717a28dbe17740bc70b3c907689fceb0a8b45b306ed,roughness,28cf511796e63e8edaba88cfce3c30f8868cf5b1e4007a0dc33020b9808354bc,9a072337cc963378de919f4a350395a2d79c0714a91006747ff5718b003f2ef8,28cf511796e63e8edaba88cfce3c30f8868cf5b1e4007a0dc33020b9808354bc,9a072337cc963378de919f4a350395a2d79c0714a91006747ff5718b003f2ef8,41cebe8580abde65660fb5a993be4af8327093a482a90b3842086a2aeccb821e,0.03268573128934715,True
71,2,roughness,none,roughness,1.0,test,Oracle-Rank+Value+Residual,1155846186,0.9082313196716139,0.6536708180502576,0.5379165903680644,0.687746062992126,0.15384615384615385,0.12889528075374576,7.214900238833065,0.4140625,128,calibrated,oracle_rank|oracle_value,"[0.29627224041392347, 0.02033682649018625]",b7398ab8fd47ea1854516717a28dbe17740bc70b3c907689fceb0a8b45b306ed,roughness,28cf511796e63e8edaba88cfce3c30f8868cf5b1e4007a0dc33020b9808354bc,9a072337cc963378de919f4a350395a2d79c0714a91006747ff5718b003f2ef8,28cf511796e63e8edaba88cfce3c30f8868cf5b1e4007a0dc33020b9808354bc,9a072337cc963378de919f4a350395a2d79c0714a91006747ff5718b003f2ef8,41cebe8580abde65660fb5a993be4af8327093a482a90b3842086a2aeccb821e,-0.021420207221954035,False
71,2,reversal,none,reversal,0.35,test,Target-Only,1241418899,0.6100955918915596,0.884669100522818,0.8670573155099798,0.8464566929133859,0.38461538461538464,0.0017320287344707872,-2.1981889713185505,1.0,128,target_only,none,[],b7398ab8fd47ea1854516717a28dbe17740bc70b3c907689fceb0a8b45b306ed,reversal,28cf511796e63e8edaba88cfce3c30f8868cf5b1e4007a0dc33020b9808354bc,cbb2ee804aded8b2f94e6b9aeb1f8aa2b8e3e0590f1d0b2c08a3e42d85503665,28cf511796e63e8edaba88cfce3c30f8868cf5b1e4007a0dc33020b9808354bc,cbb2ee804aded8b2f94e6b9aeb1f8aa2b8e3e0590f1d0b2c08a3e42d85503665,3b63e0b0682e5a05ce283bf84e4b7af3f887fa54a39d8baec7d1d822137bebb5,0.0,False
71,2,reversal,none,reversal,0.35,test,Geometry-Prior+Residual,1241418899,0.6100955918915596,0.884669100522818,0.8670573155099798,0.8464566929133859,0.38461538461538464,0.0017320287344707872,-2.1981889713185505,1.0,128,target_only,geometry,[1.41345650392735e-20],b7398ab8fd47ea1854516717a28dbe17740bc70b3c907689fceb0a8b45b306ed,reversal,28cf511796e63e8edaba88cfce3c30f8868cf5b1e4007a0dc33020b9808354bc,cbb2ee804aded8b2f94e6b9aeb1f8aa2b8e3e0590f1d0b2c08a3e42d85503665,28cf511796e63e8edaba88cfce3c30f8868cf5b1e4007a0dc33020b9808354bc,cbb2ee804aded8b2f94e6b9aeb1f8aa2b8e3e0590f1d0b2c08a3e42d85503665,3b63e0b0682e5a05ce283bf84e4b7af3f887fa54a39d8baec7d1d822137bebb5,0.0,False
71,2,reversal,none,reversal,0.35,test,Oracle-Rank+Residual,1241418899,0.6100955918915596,0.884669100522818,0.8670573155099798,0.8464566929133859,0.38461538461538464,0.0017320287344707872,-2.1981889713185505,1.0,128,target_only,oracle_rank,[1.5166085112521268e-20],b7398ab8fd47ea1854516717a28dbe17740bc70b3c907689fceb0a8b45b306ed,reversal,28cf511796e63e8edaba88cfce3c30f8868cf5b1e4007a0dc33020b9808354bc,cbb2ee804aded8b2f94e6b9aeb1f8aa2b8e3e0590f1d0b2c08a3e42d85503665,28cf511796e63e8edaba88cfce3c30f8868cf5b1e4007a0dc33020b9808354bc,cbb2ee804aded8b2f94e6b9aeb1f8aa2b8e3e0590f1d0b2c08a3e42d85503665,3b63e0b0682e5a05ce283bf84e4b7af3f887fa54a39d8baec7d1d822137bebb5,0.0,False
71,2,reversal,none,reversal,0.35,test,Oracle-Value+Residual,1241418899,0.6100955918915596,0.884669100522818,0.8670573155099798,0.8464566929133859,0.38461538461538464,0.0017320287344707872,-2.1981889713185505,1.0,128,target_only,oracle_value,[1.5619250841229616e-20],b7398ab8fd47ea1854516717a28dbe17740bc70b3c907689fceb0a8b45b306ed,reversal,28cf511796e63e8edaba88cfce3c30f8868cf5b1e4007a0dc33020b9808354bc,cbb2ee804aded8b2f94e6b9aeb1f8aa2b8e3e0590f1d0b2c08a3e42d85503665,28cf511796e63e8edaba88cfce3c30f8868cf5b1e4007a0dc33020b9808354bc,cbb2ee804aded8b2f94e6b9aeb1f8aa2b8e3e0590f1d0b2c08a3e42d85503665,3b63e0b0682e5a05ce283bf84e4b7af3f887fa54a39d8baec7d1d822137bebb5,0.0,False
71,2,reversal,none,reversal,0.35,test,Oracle-Rank+Value+Residual,1241418899,0.6100955918915596,0.884669100522818,0.8670573155099798,0.8464566929133859,0.38461538461538464,0.0017320287344707872,-2.1981889713185505,1.0,128,target_only,oracle_rank|oracle_value,"[5.940807928181577e-21, 1.0296511620512808e-20]",b7398ab8fd47ea1854516717a28dbe17740bc70b3c907689fceb0a8b45b306ed,reversal,28cf511796e63e8edaba88cfce3c30f8868cf5b1e4007a0dc33020b9808354bc,cbb2ee804aded8b2f94e6b9aeb1f8aa2b8e3e0590f1d0b2c08a3e42d85503665,28cf511796e63e8edaba88cfce3c30f8868cf5b1e4007a0dc33020b9808354bc,cbb2ee804aded8b2f94e6b9aeb1f8aa2b8e3e0590f1d0b2c08a3e42d85503665,3b63e0b0682e5a05ce283bf84e4b7af3f887fa54a39d8baec7d1d822137bebb5,0.0,False
71,2,reversal,none,reversal,0.7,test,Target-Only,325744592,1.153119726884128,0.6619044609996962,0.6798377128731001,0.7603346456692913,0.0,0.06550572645423791,-0.9964462341607294,0.8984375,128,target_only,none,[],b7398ab8fd47ea1854516717a28dbe17740bc70b3c907689fceb0a8b45b306ed,reversal,28cf511796e63e8edaba88cfce3c30f8868cf5b1e4007a0dc33020b9808354bc,500bf6fc01b6a791b5d816496d8c6623fd7c903cff45f79cb73362c4cf6fe1ec,28cf511796e63e8edaba88cfce3c30f8868cf5b1e4007a0dc33020b9808354bc,500bf6fc01b6a791b5d816496d8c6623fd7c903cff45f79cb73362c4cf6fe1ec,fbae7488db8d19c6711d153de3e2c986acf4c60d2d54e6859c1fc97c62b338dc,0.0,False
71,2,reversal,none,reversal,0.7,test,Geometry-Prior+Residual,325744592,1.153119726884128,0.6619044609996962,0.6798377128731001,0.7603346456692913,0.0,0.06550572645423791,-0.9964462341607294,0.8984375,128,target_only,geometry,[1.41345650392735e-20],b7398ab8fd47ea1854516717a28dbe17740bc70b3c907689fceb0a8b45b306ed,reversal,28cf511796e63e8edaba88cfce3c30f8868cf5b1e4007a0dc33020b9808354bc,500bf6fc01b6a791b5d816496d8c6623fd7c903cff45f79cb73362c4cf6fe1ec,28cf511796e63e8edaba88cfce3c30f8868cf5b1e4007a0dc33020b9808354bc,500bf6fc01b6a791b5d816496d8c6623fd7c903cff45f79cb73362c4cf6fe1ec,fbae7488db8d19c6711d153de3e2c986acf4c60d2d54e6859c1fc97c62b338dc,0.0,False
71,2,reversal,none,reversal,0.7,test,Oracle-Rank+Residual,325744592,1.153119726884128,0.6619044609996962,0.6798377128731001,0.7603346456692913,0.0,0.06550572645423791,-0.9964462341607294,0.8984375,128,target_only,oracle_rank,[1.5166085112521268e-20],b7398ab8fd47ea1854516717a28dbe17740bc70b3c907689fceb0a8b45b306ed,reversal,28cf511796e63e8edaba88cfce3c30f8868cf5b1e4007a0dc33020b9808354bc,500bf6fc01b6a791b5d816496d8c6623fd7c903cff45f79cb73362c4cf6fe1ec,28cf511796e63e8edaba88cfce3c30f8868cf5b1e4007a0dc33020b9808354bc,500bf6fc01b6a791b5d816496d8c6623fd7c903cff45f79cb73362c4cf6fe1ec,fbae7488db8d19c6711d153de3e2c986acf4c60d2d54e6859c1fc97c62b338dc,0.0,False
71,2,reversal,none,reversal,0.7,test,Oracle-Value+Residual,325744592,1.153119726884128,0.6619044609996962,0.6798377128731001,0.7603346456692913,0.0,0.06550572645423791,-0.9964462341607294,0.8984375,128,target_only,oracle_value,[1.5619250841229616e-20],b7398ab8fd47ea1854516717a28dbe17740bc70b3c907689fceb0a8b45b306ed,reversal,28cf511796e63e8edaba88cfce3c30f8868cf5b1e4007a0dc33020b9808354bc,500bf6fc01b6a791b5d816496d8c6623fd7c903cff45f79cb73362c4cf6fe1ec,28cf511796e63e8edaba88cfce3c30f8868cf5b1e4007a0dc33020b9808354bc,500bf6fc01b6a791b5d816496d8c6623fd7c903cff45f79cb73362c4cf6fe1ec,fbae7488db8d19c6711d153de3e2c986acf4c60d2d54e6859c1fc97c62b338dc,0.0,False
71,2,reversal,none,reversal,0.7,test,Oracle-Rank+Value+Residual,325744592,1.153119726884128,0.6619044609996962,0.6798377128731001,0.7603346456692913,0.0,0.06550572645423791,-0.9964462341607294,0.8984375,128,target_only,oracle_rank|oracle_value,"[5.940807928181577e-21, 1.0296511620512808e-20]",b7398ab8fd47ea1854516717a28dbe17740bc70b3c907689fceb0a8b45b306ed,reversal,28cf511796e63e8edaba88cfce3c30f8868cf5b1e4007a0dc33020b9808354bc,500bf6fc01b6a791b5d816496d8c6623fd7c903cff45f79cb73362c4cf6fe1ec,28cf511796e63e8edaba88cfce3c30f8868cf5b1e4007a0dc33020b9808354bc,500bf6fc01b6a791b5d816496d8c6623fd7c903cff45f79cb73362c4cf6fe1ec,fbae7488db8d19c6711d153de3e2c986acf4c60d2d54e6859c1fc97c62b338dc,0.0,False
71,2,reversal,none,reversal,1.0,test,Target-Only,597262325,0.8958212651792453,0.6897643185706553,0.5879761032777879,0.7292076771653543,0.0,0.11925901374432195,0.06252421732434182,0.71875,128,target_only,none,[],b7398ab8fd47ea1854516717a28dbe17740bc70b3c907689fceb0a8b45b306ed,reversal,28cf511796e63e8edaba88cfce3c30f8868cf5b1e4007a0dc33020b9808354bc,9a072337cc963378de919f4a350395a2d79c0714a91006747ff5718b003f2ef8,28cf511796e63e8edaba88cfce3c30f8868cf5b1e4007a0dc33020b9808354bc,9a072337cc963378de919f4a350395a2d79c0714a91006747ff5718b003f2ef8,045227c39b16b9f734629987d9311e952fbdcfb836707f4d4e0700b9b700b34c,0.0,False
71,2,reversal,none,reversal,1.0,test,Geometry-Prior+Residual,597262325,0.8958212651792453,0.6897643185706553,0.5879761032777879,0.7292076771653543,0.0,0.11925901374432195,0.06252421732434182,0.71875,128,target_only,geometry,[1.41345650392735e-20],b7398ab8fd47ea1854516717a28dbe17740bc70b3c907689fceb0a8b45b306ed,reversal,28cf511796e63e8edaba88cfce3c30f8868cf5b1e4007a0dc33020b9808354bc,9a072337cc963378de919f4a350395a2d79c0714a91006747ff5718b003f2ef8,28cf511796e63e8edaba88cfce3c30f8868cf5b1e4007a0dc33020b9808354bc,9a072337cc963378de919f4a350395a2d79c0714a91006747ff5718b003f2ef8,045227c39b16b9f734629987d9311e952fbdcfb836707f4d4e0700b9b700b34c,0.0,False
71,2,reversal,none,reversal,1.0,test,Oracle-Rank+Residual,597262325,0.8958212651792453,0.6897643185706553,0.5879761032777879,0.7292076771653543,0.0,0.11925901374432195,0.06252421732434182,0.71875,128,target_only,oracle_rank,[1.5166085112521268e-20],b7398ab8fd47ea1854516717a28dbe17740bc70b3c907689fceb0a8b45b306ed,reversal,28cf511796e63e8edaba88cfce3c30f8868cf5b1e4007a0dc33020b9808354bc,9a072337cc963378de919f4a350395a2d79c0714a91006747ff5718b003f2ef8,28cf511796e63e8edaba88cfce3c30f8868cf5b1e4007a0dc33020b9808354bc,9a072337cc963378de919f4a350395a2d79c0714a91006747ff5718b003f2ef8,045227c39b16b9f734629987d9311e952fbdcfb836707f4d4e0700b9b700b34c,0.0,False
71,2,reversal,none,reversal,1.0,test,Oracle-Value+Residual,597262325,0.8958212651792453,0.6897643185706553,0.5879761032777879,0.7292076771653543,0.0,0.11925901374432195,0.06252421732434182,0.71875,128,target_only,oracle_value,[1.5619250841229616e-20],b7398ab8fd47ea1854516717a28dbe17740bc70b3c907689fceb0a8b45b306ed,reversal,28cf511796e63e8edaba88cfce3c30f8868cf5b1e4007a0dc33020b9808354bc,9a072337cc963378de919f4a350395a2d79c0714a91006747ff5718b003f2ef8,28cf511796e63e8edaba88cfce3c30f8868cf5b1e4007a0dc33020b9808354bc,9a072337cc963378de919f4a350395a2d79c0714a91006747ff5718b003f2ef8,045227c39b16b9f734629987d9311e952fbdcfb836707f4d4e0700b9b700b34c,0.0,False
71,2,reversal,none,reversal,1.0,test,Oracle-Rank+Value+Residual,597262325,0.8958212651792453,0.6897643185706553,0.5879761032777879,0.7292076771653543,0.0,0.11925901374432195,0.06252421732434182,0.71875,128,target_only,oracle_rank|oracle_value,"[5.940807928181577e-21, 1.0296511620512808e-20]",b7398ab8fd47ea1854516717a28dbe17740bc70b3c907689fceb0a8b45b306ed,reversal,28cf511796e63e8edaba88cfce3c30f8868cf5b1e4007a0dc33020b9808354bc,9a072337cc963378de919f4a350395a2d79c0714a91006747ff5718b003f2ef8,28cf511796e63e8edaba88cfce3c30f8868cf5b1e4007a0dc33020b9808354bc,9a072337cc963378de919f4a350395a2d79c0714a91006747ff5718b003f2ef8,045227c39b16b9f734629987d9311e952fbdcfb836707f4d4e0700b9b700b34c,0.0,False
71,2,independent_expert,none,independent_expert,0.35,test,Target-Only,1693476909,0.6100955918915596,0.9116622813805573,0.8670573155099798,0.8464566929133859,0.46153846153846156,0.0359285781201225,-2.1981889713185505,1.0,128,target_only,none,[],bff76f0c5749c5c56624620b1c6f4bd0740359b9e017c194977525f6c5848e0d,independent_expert,28cf511796e63e8edaba88cfce3c30f8868cf5b1e4007a0dc33020b9808354bc,cbb2ee804aded8b2f94e6b9aeb1f8aa2b8e3e0590f1d0b2c08a3e42d85503665,28cf511796e63e8edaba88cfce3c30f8868cf5b1e4007a0dc33020b9808354bc,cbb2ee804aded8b2f94e6b9aeb1f8aa2b8e3e0590f1d0b2c08a3e42d85503665,05fa621dba227d32e68832145c0208f5f50e5456edd6afe4bf4ae406690f3284,0.0,False
71,2,independent_expert,none,independent_expert,0.35,test,Geometry-Prior+Residual,1693476909,0.8139858612130147,0.8715916573706451,0.7359972990294817,0.7848179133858267,0.46153846153846156,0.06010697554082874,-1.7000523713573474,0.7109375,128,calibrated,geometry,[0.2607365934663048],bff76f0c5749c5c56624620b1c6f4bd0740359b9e017c194977525f6c5848e0d,independent_expert,28cf511796e63e8edaba88cfce3c30f8868cf5b1e4007a0dc33020b9808354bc,cbb2ee804aded8b2f94e6b9aeb1f8aa2b8e3e0590f1d0b2c08a3e42d85503665,28cf511796e63e8edaba88cfce3c30f8868cf5b1e4007a0dc33020b9808354bc,cbb2ee804aded8b2f94e6b9aeb1f8aa2b8e3e0590f1d0b2c08a3e42d85503665,05fa621dba227d32e68832145c0208f5f50e5456edd6afe4bf4ae406690f3284,0.20389026932145515,True
71,2,independent_expert,none,independent_expert,0.35,test,Oracle-Rank+Residual,1693476909,0.6100955918915596,0.9116622813805573,0.8670573155099798,0.8464566929133859,0.46153846153846156,0.0359285781201225,-2.1981889713185505,1.0,128,target_only,oracle_rank,[7.113271588112203e-14],bff76f0c5749c5c56624620b1c6f4bd0740359b9e017c194977525f6c5848e0d,independent_expert,28cf511796e63e8edaba88cfce3c30f8868cf5b1e4007a0dc33020b9808354bc,cbb2ee804aded8b2f94e6b9aeb1f8aa2b8e3e0590f1d0b2c08a3e42d85503665,28cf511796e63e8edaba88cfce3c30f8868cf5b1e4007a0dc33020b9808354bc,cbb2ee804aded8b2f94e6b9aeb1f8aa2b8e3e0590f1d0b2c08a3e42d85503665,05fa621dba227d32e68832145c0208f5f50e5456edd6afe4bf4ae406690f3284,0.0,False
71,2,independent_expert,none,independent_expert,0.35,test,Oracle-Value+Residual,1693476909,0.6100955916984405,0.9116622813805573,0.8670573155099798,0.8464566929133859,0.46153846153846156,0.0359285781201225,-2.198188971484047,1.0,128,calibrated,oracle_value,[3.173525067625228e-11],bff76f0c5749c5c56624620b1c6f4bd0740359b9e017c194977525f6c5848e0d,independent_expert,28cf511796e63e8edaba88cfce3c30f8868cf5b1e4007a0dc33020b9808354bc,cbb2ee804aded8b2f94e6b9aeb1f8aa2b8e3e0590f1d0b2c08a3e42d85503665,28cf511796e63e8edaba88cfce3c30f8868cf5b1e4007a0dc33020b9808354bc,cbb2ee804aded8b2f94e6b9aeb1f8aa2b8e3e0590f1d0b2c08a3e42d85503665,05fa621dba227d32e68832145c0208f5f50e5456edd6afe4bf4ae406690f3284,-1.931190762860524e-10,False
71,2,independent_expert,none,independent_expert,0.35,test,Oracle-Rank+Value+Residual,1693476909,0.6100955918915596,0.9116622813805573,0.8670573155099798,0.8464566929133859,0.46153846153846156,0.0359285781201225,-2.1981889713185505,1.0,128,target_only,oracle_rank|oracle_value,"[8.132670123245522e-14, 3.8084764575114094e-13]",bff76f0c5749c5c56624620b1c6f4bd0740359b9e017c194977525f6c5848e0d,independent_expert,28cf511796e63e8edaba88cfce3c30f8868cf5b1e4007a0dc33020b9808354bc,cbb2ee804aded8b2f94e6b9aeb1f8aa2b8e3e0590f1d0b2c08a3e42d85503665,28cf511796e63e8edaba88cfce3c30f8868cf5b1e4007a0dc33020b9808354bc,cbb2ee804aded8b2f94e6b9aeb1f8aa2b8e3e0590f1d0b2c08a3e42d85503665,05fa621dba227d32e68832145c0208f5f50e5456edd6afe4bf4ae406690f3284,0.0,False
71,2,independent_expert,none,independent_expert,0.7,test,Target-Only,1238640166,1.153119726884128,0.9645432025398517,0.6798377128731001,0.7603346456692913,0.8461538461538461,0.17348607155113296,-0.9964462341607294,0.8984375,128,target_only,none,[],bff76f0c5749c5c56624620b1c6f4bd0740359b9e017c194977525f6c5848e0d,independent_expert,28cf511796e63e8edaba88cfce3c30f8868cf5b1e4007a0dc33020b9808354bc,500bf6fc01b6a791b5d816496d8c6623fd7c903cff45f79cb73362c4cf6fe1ec,28cf511796e63e8edaba88cfce3c30f8868cf5b1e4007a0dc33020b9808354bc,500bf6fc01b6a791b5d816496d8c6623fd7c903cff45f79cb73362c4cf6fe1ec,6af54642ccf296dfc098dc1b2a9a39c4063350c6a9b112de8e8d3cd66b3c596c,0.0,False
71,2,independent_expert,none,independent_expert,0.7,test,Geometry-Prior+Residual,1238640166,0.9499216125557117,0.8234225172232592,0.7209245101629739,0.7635334645669292,0.38461538461538464,0.501897793502764,-0.3168559523155306,0.6328125,128,calibrated,geometry,[0.2607365934663048],bff76f0c5749c5c56624620b1c6f4bd0740359b9e017c194977525f6c5848e0d,independent_expert,28cf511796e63e8edaba88cfce3c30f8868cf5b1e4007a0dc33020b9808354bc,500bf6fc01b6a791b5d816496d8c6623fd7c903cff45f79cb73362c4cf6fe1ec,28cf511796e63e8edaba88cfce3c30f8868cf5b1e4007a0dc33020b9808354bc,500bf6fc01b6a791b5d816496d8c6623fd7c903cff45f79cb73362c4cf6fe1ec,6af54642ccf296dfc098dc1b2a9a39c4063350c6a9b112de8e8d3cd66b3c596c,-0.20319811432841628,False
71,2,independent_expert,none,independent_expert,0.7,test,Oracle-Rank+Residual,1238640166,1.153119726884128,0.9645432025398517,0.6798377128731001,0.7603346456692913,0.8461538461538461,0.17348607155113296,-0.9964462341607294,0.8984375,128,target_only,oracle_rank,[7.113271588112203e-14],bff76f0c5749c5c56624620b1c6f4bd0740359b9e017c194977525f6c5848e0d,independent_expert,28cf511796e63e8edaba88cfce3c30f8868cf5b1e4007a0dc33020b9808354bc,500bf6fc01b6a791b5d816496d8c6623fd7c903cff45f79cb73362c4cf6fe1ec,28cf511796e63e8edaba88cfce3c30f8868cf5b1e4007a0dc33020b9808354bc,500bf6fc01b6a791b5d816496d8c6623fd7c903cff45f79cb73362c4cf6fe1ec,6af54642ccf296dfc098dc1b2a9a39c4063350c6a9b112de8e8d3cd66b3c596c,0.0,False
71,2,independent_expert,none,independent_expert,0.7,test,Oracle-Value+Residual,1238640166,1.1531197270485931,0.9645432025398517,0.6798377128731001,0.7603346456692913,0.8461538461538461,0.17348607155113296,-0.9964462340141286,0.8984375,128,calibrated,oracle_value,[3.173525067625228e-11],bff76f0c5749c5c56624620b1c6f4bd0740359b9e017c194977525f6c5848e0d,independent_expert,28cf511796e63e8edaba88cfce3c30f8868cf5b1e4007a0dc33020b9808354bc,500bf6fc01b6a791b5d816496d8c6623fd7c903cff45f79cb73362c4cf6fe1ec,28cf511796e63e8edaba88cfce3c30f8868cf5b1e4007a0dc33020b9808354bc,500bf6fc01b6a791b5d816496d8c6623fd7c903cff45f79cb73362c4cf6fe1ec,6af54642ccf296dfc098dc1b2a9a39c4063350c6a9b112de8e8d3cd66b3c596c,1.6446510819889681e-10,False
71,2,independent_expert,none,independent_expert,0.7,test,Oracle-Rank+Value+Residual,1238640166,1.153119726884128,0.9645432025398517,0.6798377128731001,0.7603346456692913,0.8461538461538461,0.17348607155113296,-0.9964462341607294,0.8984375,128,target_only,oracle_rank|oracle_value,"[8.132670123245522e-14, 3.8084764575114094e-13]",bff76f0c5749c5c56624620b1c6f4bd0740359b9e017c194977525f6c5848e0d,independent_expert,28cf511796e63e8edaba88cfce3c30f8868cf5b1e4007a0dc33020b9808354bc,500bf6fc01b6a791b5d816496d8c6623fd7c903cff45f79cb73362c4cf6fe1ec,28cf511796e63e8edaba88cfce3c30f8868cf5b1e4007a0dc33020b9808354bc,500bf6fc01b6a791b5d816496d8c6623fd7c903cff45f79cb73362c4cf6fe1ec,6af54642ccf296dfc098dc1b2a9a39c4063350c6a9b112de8e8d3cd66b3c596c,0.0,False
71,2,independent_expert,none,independent_expert,1.0,test,Target-Only,578591207,0.8958212651792453,0.9790570244872405,0.5879761032777879,0.7292076771653543,0.8461538461538461,0.004713229868690337,0.06252421732434182,0.71875,128,target_only,none,[],bff76f0c5749c5c56624620b1c6f4bd0740359b9e017c194977525f6c5848e0d,independent_expert,28cf511796e63e8edaba88cfce3c30f8868cf5b1e4007a0dc33020b9808354bc,9a072337cc963378de919f4a350395a2d79c0714a91006747ff5718b003f2ef8,28cf511796e63e8edaba88cfce3c30f8868cf5b1e4007a0dc33020b9808354bc,9a072337cc963378de919f4a350395a2d79c0714a91006747ff5718b003f2ef8,9cbffff697eb45b0338d53ccea49f90964de35c653e0c9a9ec312394cf14eb96,0.0,False
71,2,independent_expert,none,independent_expert,1.0,test,Geometry-Prior+Residual,578591207,0.89861488834842,0.6999377743789894,0.5074620032960996,0.6820866141732284,0.07692307692307693,0.2837389662847326,4.019822518930635,0.1171875,128,calibrated,geometry,[0.2607365934663048],bff76f0c5749c5c56624620b1c6f4bd0740359b9e017c194977525f6c5848e0d,independent_expert,28cf511796e63e8edaba88cfce3c30f8868cf5b1e4007a0dc33020b9808354bc,9a072337cc963378de919f4a350395a2d79c0714a91006747ff5718b003f2ef8,28cf511796e63e8edaba88cfce3c30f8868cf5b1e4007a0dc33020b9808354bc,9a072337cc963378de919f4a350395a2d79c0714a91006747ff5718b003f2ef8,9cbffff697eb45b0338d53ccea49f90964de35c653e0c9a9ec312394cf14eb96,0.0027936231691746416,False
71,2,independent_expert,none,independent_expert,1.0,test,Oracle-Rank+Residual,578591207,0.8958212651792453,0.9790570244872405,0.5879761032777879,0.7292076771653543,0.8461538461538461,0.004713229868690337,0.06252421732434182,0.71875,128,target_only,oracle_rank,[7.113271588112203e-14],bff76f0c5749c5c56624620b1c6f4bd0740359b9e017c194977525f6c5848e0d,independent_expert,28cf511796e63e8edaba88cfce3c30f8868cf5b1e4007a0dc33020b9808354bc,9a072337cc963378de919f4a350395a2d79c0714a91006747ff5718b003f2ef8,28cf511796e63e8edaba88cfce3c30f8868cf5b1e4007a0dc33020b9808354bc,9a072337cc963378de919f4a350395a2d79c0714a91006747ff5718b003f2ef8,9cbffff697eb45b0338d53ccea49f90964de35c653e0c9a9ec312394cf14eb96,0.0,False
71,2,independent_expert,none,independent_expert,1.0,test,Oracle-Value+Residual,578591207,0.8958212651765142,0.9790570244872405,0.5879761032777879,0.7292076771653543,0.8461538461538461,0.004713229868690337,0.06252421733042643,0.71875,128,calibrated,oracle_value,[3.173525067625228e-11],bff76f0c5749c5c56624620b1c6f4bd0740359b9e017c194977525f6c5848e0d,independent_expert,28cf511796e63e8edaba88cfce3c30f8868cf5b1e4007a0dc33020b9808354bc,9a072337cc963378de919f4a350395a2d79c0714a91006747ff5718b003f2ef8,28cf511796e63e8edaba88cfce3c30f8868cf5b1e4007a0dc33020b9808354bc,9a072337cc963378de919f4a350395a2d79c0714a91006747ff5718b003f2ef8,9cbffff697eb45b0338d53ccea49f90964de35c653e0c9a9ec312394cf14eb96,-2.731148640577885e-12,False
71,2,independent_expert,none,independent_expert,1.0,test,Oracle-Rank+Value+Residual,578591207,0.8958212651792453,0.9790570244872405,0.5879761032777879,0.7292076771653543,0.8461538461538461,0.004713229868690337,0.06252421732434182,0.71875,128,target_only,oracle_rank|oracle_value,"[8.132670123245522e-14, 3.8084764575114094e-13]",bff76f0c5749c5c56624620b1c6f4bd0740359b9e017c194977525f6c5848e0d,independent_expert,28cf511796e63e8edaba88cfce3c30f8868cf5b1e4007a0dc33020b9808354bc,9a072337cc963378de919f4a350395a2d79c0714a91006747ff5718b003f2ef8,28cf511796e63e8edaba88cfce3c30f8868cf5b1e4007a0dc33020b9808354bc,9a072337cc963378de919f4a350395a2d79c0714a91006747ff5718b003f2ef8,9cbffff697eb45b0338d53ccea49f90964de35c653e0c9a9ec312394cf14eb96,0.0,False
89,2,identity,none,identity,0.35,test,Target-Only,1137294249,0.6925481950193815,0.9045688282902062,0.9215059055118109,0.874507874015748,0.46153846153846156,0.04140468855874105,-2.0418806029504655,1.0,128,target_only,none,[],fee49949a82ef7edce2f80af49ef573be4c7050be40292e4794c0035bae2bbda,identity,b69dbabfdf2d5605a1a55f61fddaef9b07f3b1a232308c811aa8600134e762f4,87ffd8e3ca3cfabd3d40c36ff2dc49fa6eaba825f2fe07d531a9193e9f897f28,b69dbabfdf2d5605a1a55f61fddaef9b07f3b1a232308c811aa8600134e762f4,87ffd8e3ca3cfabd3d40c36ff2dc49fa6eaba825f2fe07d531a9193e9f897f28,7ec9bac29e5544fd1361a94b4c2736cb4b68eb135dde8eba60496ea16d129bd7,0.0,False
89,2,identity,none,identity,0.35,test,Geometry-Prior+Residual,1137294249,0.6461557842256322,0.8590289631172574,0.8033956692913384,0.7958907480314961,0.46153846153846156,0.0945329445639482,-2.1831519618771824,0.8984375,128,calibrated,geometry,[0.20080339910607067],fee49949a82ef7edce2f80af49ef573be4c7050be40292e4794c0035bae2bbda,identity,b69dbabfdf2d5605a1a55f61fddaef9b07f3b1a232308c811aa8600134e762f4,87ffd8e3ca3cfabd3d40c36ff2dc49fa6eaba825f2fe07d531a9193e9f897f28,b69dbabfdf2d5605a1a55f61fddaef9b07f3b1a232308c811aa8600134e762f4,87ffd8e3ca3cfabd3d40c36ff2dc49fa6eaba825f2fe07d531a9193e9f897f28,7ec9bac29e5544fd1361a94b4c2736cb4b68eb135dde8eba60496ea16d129bd7,-0.04639241079374923,False
89,2,identity,none,identity,0.35,test,Oracle-Rank+Residual,1137294249,0.3001497240947808,0.9467441243215168,0.950970518220106,0.9149852362204725,0.5384615384615384,0.00026558933661903413,-2.881594740333698,0.890625,128,calibrated,oracle_rank,[0.25249896925065995],fee49949a82ef7edce2f80af49ef573be4c7050be40292e4794c0035bae2bbda,identity,b69dbabfdf2d5605a1a55f61fddaef9b07f3b1a232308c811aa8600134e762f4,87ffd8e3ca3cfabd3d40c36ff2dc49fa6eaba825f2fe07d531a9193e9f897f28,b69dbabfdf2d5605a1a55f61fddaef9b07f3b1a232308c811aa8600134e762f4,87ffd8e3ca3cfabd3d40c36ff2dc49fa6eaba825f2fe07d531a9193e9f897f28,7ec9bac29e5544fd1361a94b4c2736cb4b68eb135dde8eba60496ea16d129bd7,-0.3923984709246007,False
89,2,identity,none,identity,0.35,test,Oracle-Value+Residual,1137294249,0.05615809374082608,0.991239819003049,0.981018815235305,0.9584153543307087,0.9230769230769231,0.00026558933661903413,-4.5465110166532305,0.9765625,128,calibrated,oracle_value,[0.2655484506246673],fee49949a82ef7edce2f80af49ef573be4c7050be40292e4794c0035bae2bbda,identity,b69dbabfdf2d5605a1a55f61fddaef9b07f3b1a232308c811aa8600134e762f4,87ffd8e3ca3cfabd3d40c36ff2dc49fa6eaba825f2fe07d531a9193e9f897f28,b69dbabfdf2d5605a1a55f61fddaef9b07f3b1a232308c811aa8600134e762f4,87ffd8e3ca3cfabd3d40c36ff2dc49fa6eaba825f2fe07d531a9193e9f897f28,7ec9bac29e5544fd1361a94b4c2736cb4b68eb135dde8eba60496ea16d129bd7,-0.6363901012785554,False
89,2,identity,none,identity,0.35,test,Oracle-Rank+Value+Residual,1137294249,0.10543112442256604,0.98361138628098,0.9681892052737594,0.9405757874015748,0.8461538461538461,0.00026558933661903413,-3.910974125874842,0.890625,128,calibrated,oracle_rank|oracle_value,"[0.08404662005357261, 0.1916906433737794]",fee49949a82ef7edce2f80af49ef573be4c7050be40292e4794c0035bae2bbda,identity,b69dbabfdf2d5605a1a55f61fddaef9b07f3b1a232308c811aa8600134e762f4,87ffd8e3ca3cfabd3d40c36ff2dc49fa6eaba825f2fe07d531a9193e9f897f28,b69dbabfdf2d5605a1a55f61fddaef9b07f3b1a232308c811aa8600134e762f4,87ffd8e3ca3cfabd3d40c36ff2dc49fa6eaba825f2fe07d531a9193e9f897f28,7ec9bac29e5544fd1361a94b4c2736cb4b68eb135dde8eba60496ea16d129bd7,-0.5871170705968154,False
89,2,identity,none,identity,0.7,test,Target-Only,765821334,1.2103355522891046,0.8610269233651637,0.8606997344808642,0.8396899606299213,0.38461538461538464,0.187908345906025,-0.8670541026105211,0.8828125,128,target_only,none,[],fee49949a82ef7edce2f80af49ef573be4c7050be40292e4794c0035bae2bbda,identity,b69dbabfdf2d5605a1a55f61fddaef9b07f3b1a232308c811aa8600134e762f4,830317dda8d524826f95ea1feee241ee2f4509a44f5dd10972a897db5d6ac249,b69dbabfdf2d5605a1a55f61fddaef9b07f3b1a232308c811aa8600134e762f4,830317dda8d524826f95ea1feee241ee2f4509a44f5dd10972a897db5d6ac249,f28885012b965a50b81bd95ed047364a385c13e006de7c114a9f2745d8e12511,0.0,False
89,2,identity,none,identity,0.7,test,Geometry-Prior+Residual,765821334,1.0486099899370327,0.9471386171775198,0.8759899743636697,0.8576525590551181,0.7692307692307693,0.07909313042865145,-0.801263715383275,0.7265625,128,calibrated,geometry,[0.20080339910607067],fee49949a82ef7edce2f80af49ef573be4c7050be40292e4794c0035bae2bbda,identity,b69dbabfdf2d5605a1a55f61fddaef9b07f3b1a232308c811aa8600134e762f4,830317dda8d524826f95ea1feee241ee2f4509a44f5dd10972a897db5d6ac249,b69dbabfdf2d5605a1a55f61fddaef9b07f3b1a232308c811aa8600134e762f4,830317dda8d524826f95ea1feee241ee2f4509a44f5dd10972a897db5d6ac249,f28885012b965a50b81bd95ed047364a385c13e006de7c114a9f2745d8e12511,-0.16172556235207192,False
89,2,identity,none,identity,0.7,test,Oracle-Rank+Residual,765821334,1.0197416353303939,0.9884052238581772,0.8209748672404321,0.8314468503937008,0.8461538461538461,0.011630402334765564,1.699370145484825,0.4921875,128,calibrated,oracle_rank,[0.25249896925065995],fee49949a82ef7edce2f80af49ef573be4c7050be40292e4794c0035bae2bbda,identity,b69dbabfdf2d5605a1a55f61fddaef9b07f3b1a232308c811aa8600134e762f4,830317dda8d524826f95ea1feee241ee2f4509a44f5dd10972a897db5d6ac249,b69dbabfdf2d5605a1a55f61fddaef9b07f3b1a232308c811aa8600134e762f4,830317dda8d524826f95ea1feee241ee2f4509a44f5dd10972a897db5d6ac249,f28885012b965a50b81bd95ed047364a385c13e006de7c114a9f2745d8e12511,-0.19059391695871075,False
89,2,identity,none,identity,0.7,test,Oracle-Value+Residual,765821334,0.10565215406645553,0.9968827431302865,0.9557944973448087,0.9281496062992126,1.0,0.0007051919613810815,-3.230147003001911,0.84375,128,calibrated,oracle_value,[0.2655484506246673],fee49949a82ef7edce2f80af49ef573be4c7050be40292e4794c0035bae2bbda,identity,b69dbabfdf2d5605a1a55f61fddaef9b07f3b1a232308c811aa8600134e762f4,830317dda8d524826f95ea1feee241ee2f4509a44f5dd10972a897db5d6ac249,b69dbabfdf2d5605a1a55f61fddaef9b07f3b1a232308c811aa8600134e762f4,830317dda8d524826f95ea1feee241ee2f4509a44f5dd10972a897db5d6ac249,f28885012b965a50b81bd95ed047364a385c13e006de7c114a9f2745d8e12511,-1.1046833982226492,False
89,2,identity,none,identity,0.7,test,Oracle-Rank+Value+Residual,765821334,0.34680966900504984,0.9995395840506065,0.8794062442776047,0.8703248031496063,1.0,0.0,0.5660468020977623,0.4609375,128,calibrated,oracle_rank|oracle_value,"[0.08404662005357261, 0.1916906433737794]",fee49949a82ef7edce2f80af49ef573be4c7050be40292e4794c0035bae2bbda,identity,b69dbabfdf2d5605a1a55f61fddaef9b07f3b1a232308c811aa8600134e762f4,830317dda8d524826f95ea1feee241ee2f4509a44f5dd10972a897db5d6ac249,b69dbabfdf2d5605a1a55f61fddaef9b07f3b1a232308c811aa8600134e762f4,830317dda8d524826f95ea1feee241ee2f4509a44f5dd10972a897db5d6ac249,f28885012b965a50b81bd95ed047364a385c13e006de7c114a9f2745d8e12511,-0.8635258832840548,False
89,2,identity,none,identity,1.0,test,Target-Only,1935787036,0.8449427821535966,0.8072132408076016,0.8114928584508332,0.8061023622047244,0.23076923076923078,0.22907858343956494,-0.027394366138989518,0.8203125,128,target_only,none,[],fee49949a82ef7edce2f80af49ef573be4c7050be40292e4794c0035bae2bbda,identity,b69dbabfdf2d5605a1a55f61fddaef9b07f3b1a232308c811aa8600134e762f4,ae7a1d9f889281593b3a688d3ff2eb5efd4820018060eaf104f212354fc56f9f,b69dbabfdf2d5605a1a55f61fddaef9b07f3b1a232308c811aa8600134e762f4,ae7a1d9f889281593b3a688d3ff2eb5efd4820018060eaf104f212354fc56f9f,b2854591021791862ccb638c5758830039bb1e2477683428a3ebbf36b141750e,0.0,False
89,2,identity,none,identity,1.0,test,Geometry-Prior+Residual,1935787036,0.5578981523519091,0.9107160548177609,0.8767167185497161,0.859005905511811,0.46153846153846156,0.039129349787094696,-0.1508026249645571,0.75,128,calibrated,geometry,[0.20080339910607067],fee49949a82ef7edce2f80af49ef573be4c7050be40292e4794c0035bae2bbda,identity,b69dbabfdf2d5605a1a55f61fddaef9b07f3b1a232308c811aa8600134e762f4,ae7a1d9f889281593b3a688d3ff2eb5efd4820018060eaf104f212354fc56f9f,b69dbabfdf2d5605a1a55f61fddaef9b07f3b1a232308c811aa8600134e762f4,ae7a1d9f889281593b3a688d3ff2eb5efd4820018060eaf104f212354fc56f9f,b2854591021791862ccb638c5758830039bb1e2477683428a3ebbf36b141750e,-0.28704462980168755,False
89,2,identity,none,identity,1.0,test,Oracle-Rank+Residual,1935787036,0.5107075529596642,0.9987746034446336,0.860991576634316,0.844488188976378,1.0,0.00011880926712352871,2.6264334886912604,0.3984375,128,calibrated,oracle_rank,[0.25249896925065995],fee49949a82ef7edce2f80af49ef573be4c7050be40292e4794c0035bae2bbda,identity,b69dbabfdf2d5605a1a55f61fddaef9b07f3b1a232308c811aa8600134e762f4,ae7a1d9f889281593b3a688d3ff2eb5efd4820018060eaf104f212354fc56f9f,b69dbabfdf2d5605a1a55f61fddaef9b07f3b1a232308c811aa8600134e762f4,ae7a1d9f889281593b3a688d3ff2eb5efd4820018060eaf104f212354fc56f9f,b2854591021791862ccb638c5758830039bb1e2477683428a3ebbf36b141750e,-0.33423522919393245,False
89,2,identity,none,identity,1.0,test,Oracle-Value+Residual,1935787036,0.08280590061648452,0.9977700176079533,0.9862948635780991,0.9637057086614174,1.0,0.0004821210815369732,-1.8057885124708095,0.6953125,128,calibrated,oracle_value,[0.2655484506246673],fee49949a82ef7edce2f80af49ef573be4c7050be40292e4794c0035bae2bbda,identity,b69dbabfdf2d5605a1a55f61fddaef9b07f3b1a232308c811aa8600134e762f4,ae7a1d9f889281593b3a688d3ff2eb5efd4820018060eaf104f212354fc56f9f,b69dbabfdf2d5605a1a55f61fddaef9b07f3b1a232308c811aa8600134e762f4,ae7a1d9f889281593b3a688d3ff2eb5efd4820018060eaf104f212354fc56f9f,b2854591021791862ccb638c5758830039bb1e2477683428a3ebbf36b141750e,-0.7621368815371121,False
89,2,identity,none,identity,1.0,test,Oracle-Rank+Value+Residual,1935787036,0.1800301137161734,0.9979444888379945,0.9652993957150705,0.9301181102362205,1.0,0.0004821210815369732,1.7712280140348267,0.3984375,128,calibrated,oracle_rank|oracle_value,"[0.08404662005357261, 0.1916906433737794]",fee49949a82ef7edce2f80af49ef573be4c7050be40292e4794c0035bae2bbda,identity,b69dbabfdf2d5605a1a55f61fddaef9b07f3b1a232308c811aa8600134e762f4,ae7a1d9f889281593b3a688d3ff2eb5efd4820018060eaf104f212354fc56f9f,b69dbabfdf2d5605a1a55f61fddaef9b07f3b1a232308c811aa8600134e762f4,ae7a1d9f889281593b3a688d3ff2eb5efd4820018060eaf104f212354fc56f9f,b2854591021791862ccb638c5758830039bb1e2477683428a3ebbf36b141750e,-0.6649126684374232,False
89,2,identity,identity_label_permutation,identity_label_permutation,0.35,test,Target-Only,2005003507,0.6925481950193815,0.9045688282902062,0.9215059055118109,0.874507874015748,0.46153846153846156,0.04140468855874105,-2.0418806029504655,1.0,128,target_only,none,[],755f31ff7f92106ff36ba9cb2cc7ac060ca33d0a003964ed5b4177f78d28cf49,identity,b69dbabfdf2d5605a1a55f61fddaef9b07f3b1a232308c811aa8600134e762f4,87ffd8e3ca3cfabd3d40c36ff2dc49fa6eaba825f2fe07d531a9193e9f897f28,b69dbabfdf2d5605a1a55f61fddaef9b07f3b1a232308c811aa8600134e762f4,87ffd8e3ca3cfabd3d40c36ff2dc49fa6eaba825f2fe07d531a9193e9f897f28,7ec9bac29e5544fd1361a94b4c2736cb4b68eb135dde8eba60496ea16d129bd7,0.0,False
89,2,identity,identity_label_permutation,identity_label_permutation,0.35,test,Geometry-Prior+Residual,2005003507,0.6461557842256322,0.8590289631172574,0.8033956692913384,0.7958907480314961,0.46153846153846156,0.0945329445639482,-2.1831519618771824,0.8984375,128,calibrated,geometry,[0.20080339910607067],755f31ff7f92106ff36ba9cb2cc7ac060ca33d0a003964ed5b4177f78d28cf49,identity,b69dbabfdf2d5605a1a55f61fddaef9b07f3b1a232308c811aa8600134e762f4,87ffd8e3ca3cfabd3d40c36ff2dc49fa6eaba825f2fe07d531a9193e9f897f28,b69dbabfdf2d5605a1a55f61fddaef9b07f3b1a232308c811aa8600134e762f4,87ffd8e3ca3cfabd3d40c36ff2dc49fa6eaba825f2fe07d531a9193e9f897f28,7ec9bac29e5544fd1361a94b4c2736cb4b68eb135dde8eba60496ea16d129bd7,-0.04639241079374923,False
89,2,identity,identity_label_permutation,identity_label_permutation,0.35,test,Oracle-Rank+Residual,2005003507,0.6925481950193815,0.9045688282902062,0.9215059055118109,0.874507874015748,0.46153846153846156,0.04140468855874105,-2.0418806029504655,1.0,128,target_only,oracle_rank,[2.4646552713629743e-15],755f31ff7f92106ff36ba9cb2cc7ac060ca33d0a003964ed5b4177f78d28cf49,identity,b69dbabfdf2d5605a1a55f61fddaef9b07f3b1a232308c811aa8600134e762f4,87ffd8e3ca3cfabd3d40c36ff2dc49fa6eaba825f2fe07d531a9193e9f897f28,b69dbabfdf2d5605a1a55f61fddaef9b07f3b1a232308c811aa8600134e762f4,87ffd8e3ca3cfabd3d40c36ff2dc49fa6eaba825f2fe07d531a9193e9f897f28,7ec9bac29e5544fd1361a94b4c2736cb4b68eb135dde8eba60496ea16d129bd7,0.0,False
89,2,identity,identity_label_permutation,identity_label_permutation,0.35,test,Oracle-Value+Residual,2005003507,0.6925481950193815,0.9045688282902062,0.9215059055118109,0.874507874015748,0.46153846153846156,0.04140468855874105,-2.0418806029504655,1.0,128,target_only,oracle_value,[2.965769894089053e-17],755f31ff7f92106ff36ba9cb2cc7ac060ca33d0a003964ed5b4177f78d28cf49,identity,b69dbabfdf2d5605a1a55f61fddaef9b07f3b1a232308c811aa8600134e762f4,87ffd8e3ca3cfabd3d40c36ff2dc49fa6eaba825f2fe07d531a9193e9f897f28,b69dbabfdf2d5605a1a55f61fddaef9b07f3b1a232308c811aa8600134e762f4,87ffd8e3ca3cfabd3d40c36ff2dc49fa6eaba825f2fe07d531a9193e9f897f28,7ec9bac29e5544fd1361a94b4c2736cb4b68eb135dde8eba60496ea16d129bd7,0.0,False
89,2,identity,identity_label_permutation,identity_label_permutation,0.35,test,Oracle-Rank+Value+Residual,2005003507,0.6925481950116847,0.9045688282902062,0.9215059055118109,0.874507874015748,0.46153846153846156,0.04140468855874105,-2.041880602944446,1.0,128,calibrated,oracle_rank|oracle_value,"[2.4454691531442454e-11, 1.5864078315668329e-13]",755f31ff7f92106ff36ba9cb2cc7ac060ca33d0a003964ed5b4177f78d28cf49,identity,b69dbabfdf2d5605a1a55f61fddaef9b07f3b1a232308c811aa8600134e762f4,87ffd8e3ca3cfabd3d40c36ff2dc49fa6eaba825f2fe07d531a9193e9f897f28,b69dbabfdf2d5605a1a55f61fddaef9b07f3b1a232308c811aa8600134e762f4,87ffd8e3ca3cfabd3d40c36ff2dc49fa6eaba825f2fe07d531a9193e9f897f28,7ec9bac29e5544fd1361a94b4c2736cb4b68eb135dde8eba60496ea16d129bd7,-7.69673214051636e-12,False
89,2,identity,identity_label_permutation,identity_label_permutation,0.7,test,Target-Only,254595712,1.2103355522891046,0.8610269233651637,0.8606997344808642,0.8396899606299213,0.38461538461538464,0.187908345906025,-0.8670541026105211,0.8828125,128,target_only,none,[],755f31ff7f92106ff36ba9cb2cc7ac060ca33d0a003964ed5b4177f78d28cf49,identity,b69dbabfdf2d5605a1a55f61fddaef9b07f3b1a232308c811aa8600134e762f4,830317dda8d524826f95ea1feee241ee2f4509a44f5dd10972a897db5d6ac249,b69dbabfdf2d5605a1a55f61fddaef9b07f3b1a232308c811aa8600134e762f4,830317dda8d524826f95ea1feee241ee2f4509a44f5dd10972a897db5d6ac249,f28885012b965a50b81bd95ed047364a385c13e006de7c114a9f2745d8e12511,0.0,False
89,2,identity,identity_label_permutation,identity_label_permutation,0.7,test,Geometry-Prior+Residual,254595712,1.0486099899370327,0.9471386171775198,0.8759899743636697,0.8576525590551181,0.7692307692307693,0.07909313042865145,-0.801263715383275,0.7265625,128,calibrated,geometry,[0.20080339910607067],755f31ff7f92106ff36ba9cb2cc7ac060ca33d0a003964ed5b4177f78d28cf49,identity,b69dbabfdf2d5605a1a55f61fddaef9b07f3b1a232308c811aa8600134e762f4,830317dda8d524826f95ea1feee241ee2f4509a44f5dd10972a897db5d6ac249,b69dbabfdf2d5605a1a55f61fddaef9b07f3b1a232308c811aa8600134e762f4,830317dda8d524826f95ea1feee241ee2f4509a44f5dd10972a897db5d6ac249,f28885012b965a50b81bd95ed047364a385c13e006de7c114a9f2745d8e12511,-0.16172556235207192,False
89,2,identity,identity_label_permutation,identity_label_permutation,0.7,test,Oracle-Rank+Residual,254595712,1.2103355522891046,0.8610269233651637,0.8606997344808642,0.8396899606299213,0.38461538461538464,0.187908345906025,-0.8670541026105211,0.8828125,128,target_only,oracle_rank,[2.4646552713629743e-15],755f31ff7f92106ff36ba9cb2cc7ac060ca33d0a003964ed5b4177f78d28cf49,identity,b69dbabfdf2d5605a1a55f61fddaef9b07f3b1a232308c811aa8600134e762f4,830317dda8d524826f95ea1feee241ee2f4509a44f5dd10972a897db5d6ac249,b69dbabfdf2d5605a1a55f61fddaef9b07f3b1a232308c811aa8600134e762f4,830317dda8d524826f95ea1feee241ee2f4509a44f5dd10972a897db5d6ac249,f28885012b965a50b81bd95ed047364a385c13e006de7c114a9f2745d8e12511,0.0,False
89,2,identity,identity_label_permutation,identity_label_permutation,0.7,test,Oracle-Value+Residual,254595712,1.2103355522891046,0.8610269233651637,0.8606997344808642,0.8396899606299213,0.38461538461538464,0.187908345906025,-0.8670541026105211,0.8828125,128,target_only,oracle_value,[2.965769894089053e-17],755f31ff7f92106ff36ba9cb2cc7ac060ca33d0a003964ed5b4177f78d28cf49,identity,b69dbabfdf2d5605a1a55f61fddaef9b07f3b1a232308c811aa8600134e762f4,830317dda8d524826f95ea1feee241ee2f4509a44f5dd10972a897db5d6ac249,b69dbabfdf2d5605a1a55f61fddaef9b07f3b1a232308c811aa8600134e762f4,830317dda8d524826f95ea1feee241ee2f4509a44f5dd10972a897db5d6ac249,f28885012b965a50b81bd95ed047364a385c13e006de7c114a9f2745d8e12511,0.0,False
89,2,identity,identity_label_permutation,identity_label_permutation,0.7,test,Oracle-Rank+Value+Residual,254595712,1.210335552330421,0.8610269233651637,0.8606997344808642,0.8396899606299213,0.38461538461538464,0.187908345906025,-0.8670541024643474,0.8828125,128,calibrated,oracle_rank|oracle_value,"[2.4454691531442454e-11, 1.5864078315668329e-13]",755f31ff7f92106ff36ba9cb2cc7ac060ca33d0a003964ed5b4177f78d28cf49,identity,b69dbabfdf2d5605a1a55f61fddaef9b07f3b1a232308c811aa8600134e762f4,830317dda8d524826f95ea1feee241ee2f4509a44f5dd10972a897db5d6ac249,b69dbabfdf2d5605a1a55f61fddaef9b07f3b1a232308c811aa8600134e762f4,830317dda8d524826f95ea1feee241ee2f4509a44f5dd10972a897db5d6ac249,f28885012b965a50b81bd95ed047364a385c13e006de7c114a9f2745d8e12511,4.1316283727610426e-11,False
89,2,identity,identity_label_permutation,identity_label_permutation,1.0,test,Target-Only,1987234672,0.8449427821535966,0.8072132408076016,0.8114928584508332,0.8061023622047244,0.23076923076923078,0.22907858343956494,-0.027394366138989518,0.8203125,128,target_only,none,[],755f31ff7f92106ff36ba9cb2cc7ac060ca33d0a003964ed5b4177f78d28cf49,identity,b69dbabfdf2d5605a1a55f61fddaef9b07f3b1a232308c811aa8600134e762f4,ae7a1d9f889281593b3a688d3ff2eb5efd4820018060eaf104f212354fc56f9f,b69dbabfdf2d5605a1a55f61fddaef9b07f3b1a232308c811aa8600134e762f4,ae7a1d9f889281593b3a688d3ff2eb5efd4820018060eaf104f212354fc56f9f,b2854591021791862ccb638c5758830039bb1e2477683428a3ebbf36b141750e,0.0,False
89,2,identity,identity_label_permutation,identity_label_permutation,1.0,test,Geometry-Prior+Residual,1987234672,0.5578981523519091,0.9107160548177609,0.8767167185497161,0.859005905511811,0.46153846153846156,0.039129349787094696,-0.1508026249645571,0.75,128,calibrated,geometry,[0.20080339910607067],755f31ff7f92106ff36ba9cb2cc7ac060ca33d0a003964ed5b4177f78d28cf49,identity,b69dbabfdf2d5605a1a55f61fddaef9b07f3b1a232308c811aa8600134e762f4,ae7a1d9f889281593b3a688d3ff2eb5efd4820018060eaf104f212354fc56f9f,b69dbabfdf2d5605a1a55f61fddaef9b07f3b1a232308c811aa8600134e762f4,ae7a1d9f889281593b3a688d3ff2eb5efd4820018060eaf104f212354fc56f9f,b2854591021791862ccb638c5758830039bb1e2477683428a3ebbf36b141750e,-0.28704462980168755,False
89,2,identity,identity_label_permutation,identity_label_permutation,1.0,test,Oracle-Rank+Residual,1987234672,0.8449427821535966,0.8072132408076016,0.8114928584508332,0.8061023622047244,0.23076923076923078,0.22907858343956494,-0.027394366138989518,0.8203125,128,target_only,oracle_rank,[2.4646552713629743e-15],755f31ff7f92106ff36ba9cb2cc7ac060ca33d0a003964ed5b4177f78d28cf49,identity,b69dbabfdf2d5605a1a55f61fddaef9b07f3b1a232308c811aa8600134e762f4,ae7a1d9f889281593b3a688d3ff2eb5efd4820018060eaf104f212354fc56f9f,b69dbabfdf2d5605a1a55f61fddaef9b07f3b1a232308c811aa8600134e762f4,ae7a1d9f889281593b3a688d3ff2eb5efd4820018060eaf104f212354fc56f9f,b2854591021791862ccb638c5758830039bb1e2477683428a3ebbf36b141750e,0.0,False
89,2,identity,identity_label_permutation,identity_label_permutation,1.0,test,Oracle-Value+Residual,1987234672,0.8449427821535966,0.8072132408076016,0.8114928584508332,0.8061023622047244,0.23076923076923078,0.22907858343956494,-0.027394366138989518,0.8203125,128,target_only,oracle_value,[2.965769894089053e-17],755f31ff7f92106ff36ba9cb2cc7ac060ca33d0a003964ed5b4177f78d28cf49,identity,b69dbabfdf2d5605a1a55f61fddaef9b07f3b1a232308c811aa8600134e762f4,ae7a1d9f889281593b3a688d3ff2eb5efd4820018060eaf104f212354fc56f9f,b69dbabfdf2d5605a1a55f61fddaef9b07f3b1a232308c811aa8600134e762f4,ae7a1d9f889281593b3a688d3ff2eb5efd4820018060eaf104f212354fc56f9f,b2854591021791862ccb638c5758830039bb1e2477683428a3ebbf36b141750e,0.0,False
89,2,identity,identity_label_permutation,identity_label_permutation,1.0,test,Oracle-Rank+Value+Residual,1987234672,0.8449427821817378,0.8072132408076016,0.8114928584508332,0.8061023622047244,0.23076923076923078,0.22907858343956494,-0.02739436600819528,0.8203125,128,calibrated,oracle_rank|oracle_value,"[2.4454691531442454e-11, 1.5864078315668329e-13]",755f31ff7f92106ff36ba9cb2cc7ac060ca33d0a003964ed5b4177f78d28cf49,identity,b69dbabfdf2d5605a1a55f61fddaef9b07f3b1a232308c811aa8600134e762f4,ae7a1d9f889281593b3a688d3ff2eb5efd4820018060eaf104f212354fc56f9f,b69dbabfdf2d5605a1a55f61fddaef9b07f3b1a232308c811aa8600134e762f4,ae7a1d9f889281593b3a688d3ff2eb5efd4820018060eaf104f212354fc56f9f,b2854591021791862ccb638c5758830039bb1e2477683428a3ebbf36b141750e,2.814115607208123e-11,False
89,2,output_affine,none,output_affine,0.35,test,Target-Only,200245525,0.6925481950193804,0.9045688282902062,0.9215059055118109,0.874507874015748,0.46153846153846156,0.041404688558741194,-1.1255898710763113,1.0,128,target_only,none,[],fee49949a82ef7edce2f80af49ef573be4c7050be40292e4794c0035bae2bbda,output_affine,b69dbabfdf2d5605a1a55f61fddaef9b07f3b1a232308c811aa8600134e762f4,87ffd8e3ca3cfabd3d40c36ff2dc49fa6eaba825f2fe07d531a9193e9f897f28,b69dbabfdf2d5605a1a55f61fddaef9b07f3b1a232308c811aa8600134e762f4,87ffd8e3ca3cfabd3d40c36ff2dc49fa6eaba825f2fe07d531a9193e9f897f28,d392a0f05a938be91dbf4c9f976053ab6c01a589756b777d3dc5df4627009509,0.0,False
89,2,output_affine,none,output_affine,0.35,test,Geometry-Prior+Residual,200245525,0.6461557842256318,0.8590289631172574,0.8033956692913384,0.7958907480314961,0.46153846153846156,0.09453294456394866,-1.2668612300030277,0.8984375,128,calibrated,geometry,[0.5020084977651763],fee49949a82ef7edce2f80af49ef573be4c7050be40292e4794c0035bae2bbda,output_affine,b69dbabfdf2d5605a1a55f61fddaef9b07f3b1a232308c811aa8600134e762f4,87ffd8e3ca3cfabd3d40c36ff2dc49fa6eaba825f2fe07d531a9193e9f897f28,b69dbabfdf2d5605a1a55f61fddaef9b07f3b1a232308c811aa8600134e762f4,87ffd8e3ca3cfabd3d40c36ff2dc49fa6eaba825f2fe07d531a9193e9f897f28,d392a0f05a938be91dbf4c9f976053ab6c01a589756b777d3dc5df4627009509,-0.04639241079374856,False
89,2,output_affine,none,output_affine,0.35,test,Oracle-Rank+Residual,200245525,0.30014972409477986,0.9467441243215168,0.950970518220106,0.9149852362204725,0.5384615384615384,0.00026558933661893216,-1.9653040084595481,0.890625,128,calibrated,oracle_rank,[0.6312474231266495],fee49949a82ef7edce2f80af49ef573be4c7050be40292e4794c0035bae2bbda,output_affine,b69dbabfdf2d5605a1a55f61fddaef9b07f3b1a232308c811aa8600134e762f4,87ffd8e3ca3cfabd3d40c36ff2dc49fa6eaba825f2fe07d531a9193e9f897f28,b69dbabfdf2d5605a1a55f61fddaef9b07f3b1a232308c811aa8600134e762f4,87ffd8e3ca3cfabd3d40c36ff2dc49fa6eaba825f2fe07d531a9193e9f897f28,d392a0f05a938be91dbf4c9f976053ab6c01a589756b777d3dc5df4627009509,-0.3923984709246005,False
89,2,output_affine,none,output_affine,0.35,test,Oracle-Value+Residual,200245525,0.05615809374082653,0.991239819003049,0.981018815235305,0.9584153543307087,0.9230769230769231,0.00026558933661893216,-3.630220284779062,0.9765625,128,calibrated,oracle_value,[0.6638711265616681],fee49949a82ef7edce2f80af49ef573be4c7050be40292e4794c0035bae2bbda,output_affine,b69dbabfdf2d5605a1a55f61fddaef9b07f3b1a232308c811aa8600134e762f4,87ffd8e3ca3cfabd3d40c36ff2dc49fa6eaba825f2fe07d531a9193e9f897f28,b69dbabfdf2d5605a1a55f61fddaef9b07f3b1a232308c811aa8600134e762f4,87ffd8e3ca3cfabd3d40c36ff2dc49fa6eaba825f2fe07d531a9193e9f897f28,d392a0f05a938be91dbf4c9f976053ab6c01a589756b777d3dc5df4627009509,-0.6363901012785538,False
89,2,output_affine,none,output_affine,0.35,test,Oracle-Rank+Value+Residual,200245525,0.10543112442256473,0.98361138628098,0.9681892052737594,0.9405757874015748,0.8461538461538461,0.00026558933661893216,-2.994683394000706,0.890625,128,calibrated,oracle_rank|oracle_value,"[0.21011655013393066, 0.47922660843444864]",fee49949a82ef7edce2f80af49ef573be4c7050be40292e4794c0035bae2bbda,output_affine,b69dbabfdf2d5605a1a55f61fddaef9b07f3b1a232308c811aa8600134e762f4,87ffd8e3ca3cfabd3d40c36ff2dc49fa6eaba825f2fe07d531a9193e9f897f28,b69dbabfdf2d5605a1a55f61fddaef9b07f3b1a232308c811aa8600134e762f4,87ffd8e3ca3cfabd3d40c36ff2dc49fa6eaba825f2fe07d531a9193e9f897f28,d392a0f05a938be91dbf4c9f976053ab6c01a589756b777d3dc5df4627009509,-0.5871170705968156,False
89,2,output_affine,none,output_affine,0.7,test,Target-Only,1986348837,1.2103355522891044,0.8610269233651637,0.8606997344808642,0.8396899606299213,0.38461538461538464,0.18790834590602587,0.049236629263633064,0.8828125,128,target_only,none,[],fee49949a82ef7edce2f80af49ef573be4c7050be40292e4794c0035bae2bbda,output_affine,b69dbabfdf2d5605a1a55f61fddaef9b07f3b1a232308c811aa8600134e762f4,830317dda8d524826f95ea1feee241ee2f4509a44f5dd10972a897db5d6ac249,b69dbabfdf2d5605a1a55f61fddaef9b07f3b1a232308c811aa8600134e762f4,830317dda8d524826f95ea1feee241ee2f4509a44f5dd10972a897db5d6ac249,a5a8ed9f7e04f4ce2e3fd9d94d5f287d50a863c51f4732a308facd2fe2f8c7ed,0.0,False
89,2,output_affine,none,output_affine,0.7,test,Geometry-Prior+Residual,1986348837,1.0486099899370325,0.9471386171775198,0.8759899743636697,0.8576525590551181,0.7692307692307693,0.07909313042865129,0.11502701649087752,0.7265625,128,calibrated,geometry,[0.5020084977651763],fee49949a82ef7edce2f80af49ef573be4c7050be40292e4794c0035bae2bbda,output_affine,b69dbabfdf2d5605a1a55f61fddaef9b07f3b1a232308c811aa8600134e762f4,830317dda8d524826f95ea1feee241ee2f4509a44f5dd10972a897db5d6ac249,b69dbabfdf2d5605a1a55f61fddaef9b07f3b1a232308c811aa8600134e762f4,830317dda8d524826f95ea1feee241ee2f4509a44f5dd10972a897db5d6ac249,a5a8ed9f7e04f4ce2e3fd9d94d5f287d50a863c51f4732a308facd2fe2f8c7ed,-0.16172556235207192,False
89,2,output_affine,none,output_affine,0.7,test,Oracle-Rank+Residual,1986348837,1.019741635330394,0.9884052238581772,0.8209748672404321,0.8314468503937008,0.8461538461538461,0.011630402334765463,2.6156608773589687,0.4921875,128,calibrated,oracle_rank,[0.6312474231266495],fee49949a82ef7edce2f80af49ef573be4c7050be40292e4794c0035bae2bbda,output_affine,b69dbabfdf2d5605a1a55f61fddaef9b07f3b1a232308c811aa8600134e762f4,830317dda8d524826f95ea1feee241ee2f4509a44f5dd10972a897db5d6ac249,b69dbabfdf2d5605a1a55f61fddaef9b07f3b1a232308c811aa8600134e762f4,830317dda8d524826f95ea1feee241ee2f4509a44f5dd10972a897db5d6ac249,a5a8ed9f7e04f4ce2e3fd9d94d5f287d50a863c51f4732a308facd2fe2f8c7ed,-0.1905939169587103,False
89,2,output_affine,none,output_affine,0.7,test,Oracle-Value+Residual,1986348837,0.10565215406645478,0.9968827431302865,0.9557944973448087,0.9281496062992126,1.0,0.0007051919613812026,-2.3138562711277775,0.84375,128,calibrated,oracle_value,[0.6638711265616681],fee49949a82ef7edce2f80af49ef573be4c7050be40292e4794c0035bae2bbda,output_affine,b69dbabfdf2d5605a1a55f61fddaef9b07f3b1a232308c811aa8600134e762f4,830317dda8d524826f95ea1feee241ee2f4509a44f5dd10972a897db5d6ac249,b69dbabfdf2d5605a1a55f61fddaef9b07f3b1a232308c811aa8600134e762f4,830317dda8d524826f95ea1feee241ee2f4509a44f5dd10972a897db5d6ac249,a5a8ed9f7e04f4ce2e3fd9d94d5f287d50a863c51f4732a308facd2fe2f8c7ed,-1.1046833982226496,False
89,2,output_affine,none,output_affine,0.7,test,Oracle-Rank+Value+Residual,1986348837,0.34680966900505117,0.9995395840506065,0.8794062442776047,0.8703248031496063,1.0,0.0,1.4823375339719123,0.4609375,128,calibrated,oracle_rank|oracle_value,"[0.21011655013393066, 0.47922660843444864]",fee49949a82ef7edce2f80af49ef573be4c7050be40292e4794c0035bae2bbda,output_affine,b69dbabfdf2d5605a1a55f61fddaef9b07f3b1a232308c811aa8600134e762f4,830317dda8d524826f95ea1feee241ee2f4509a44f5dd10972a897db5d6ac249,b69dbabfdf2d5605a1a55f61fddaef9b07f3b1a232308c811aa8600134e762f4,830317dda8d524826f95ea1feee241ee2f4509a44f5dd10972a897db5d6ac249,a5a8ed9f7e04f4ce2e3fd9d94d5f287d50a863c51f4732a308facd2fe2f8c7ed,-0.8635258832840532,False
89,2,output_affine,none,output_affine,1.0,test,Target-Only,1699700876,0.8449427821535965,0.8072132408076016,0.8114928584508332,0.8061023622047244,0.23076923076923078,0.22907858343956491,0.8888963657351652,0.8203125,128,target_only,none,[],fee49949a82ef7edce2f80af49ef573be4c7050be40292e4794c0035bae2bbda,output_affine,b69dbabfdf2d5605a1a55f61fddaef9b07f3b1a232308c811aa8600134e762f4,ae7a1d9f889281593b3a688d3ff2eb5efd4820018060eaf104f212354fc56f9f,b69dbabfdf2d5605a1a55f61fddaef9b07f3b1a232308c811aa8600134e762f4,ae7a1d9f889281593b3a688d3ff2eb5efd4820018060eaf104f212354fc56f9f,2fe5856aa64c95d2560ae02d1dddfb0bcca156b8cbc15b67b43fd3a784fc5761,0.0,False
89,2,output_affine,none,output_affine,1.0,test,Geometry-Prior+Residual,1699700876,0.557898152351909,0.9107160548177609,0.8767167185497161,0.859005905511811,0.46153846153846156,0.039129349787094724,0.765488106909598,0.75,128,calibrated,geometry,[0.5020084977651763],fee49949a82ef7edce2f80af49ef573be4c7050be40292e4794c0035bae2bbda,output_affine,b69dbabfdf2d5605a1a55f61fddaef9b07f3b1a232308c811aa8600134e762f4,ae7a1d9f889281593b3a688d3ff2eb5efd4820018060eaf104f212354fc56f9f,b69dbabfdf2d5605a1a55f61fddaef9b07f3b1a232308c811aa8600134e762f4,ae7a1d9f889281593b3a688d3ff2eb5efd4820018060eaf104f212354fc56f9f,2fe5856aa64c95d2560ae02d1dddfb0bcca156b8cbc15b67b43fd3a784fc5761,-0.28704462980168755,False
89,2,output_affine,none,output_affine,1.0,test,Oracle-Rank+Residual,1699700876,0.5107075529596645,0.9987746034446336,0.860991576634316,0.844488188976378,1.0,0.00011880926712361303,3.542724220565411,0.3984375,128,calibrated,oracle_rank,[0.6312474231266495],fee49949a82ef7edce2f80af49ef573be4c7050be40292e4794c0035bae2bbda,output_affine,b69dbabfdf2d5605a1a55f61fddaef9b07f3b1a232308c811aa8600134e762f4,ae7a1d9f889281593b3a688d3ff2eb5efd4820018060eaf104f212354fc56f9f,b69dbabfdf2d5605a1a55f61fddaef9b07f3b1a232308c811aa8600134e762f4,ae7a1d9f889281593b3a688d3ff2eb5efd4820018060eaf104f212354fc56f9f,2fe5856aa64c95d2560ae02d1dddfb0bcca156b8cbc15b67b43fd3a784fc5761,-0.334235229193932,False
89,2,output_affine,none,output_affine,1.0,test,Oracle-Value+Residual,1699700876,0.08280590061648462,0.9977700176079533,0.9862948635780991,0.9637057086614174,1.0,0.0004821210815367061,-0.8894977805966593,0.6953125,128,calibrated,oracle_value,[0.6638711265616681],fee49949a82ef7edce2f80af49ef573be4c7050be40292e4794c0035bae2bbda,output_affine,b69dbabfdf2d5605a1a55f61fddaef9b07f3b1a232308c811aa8600134e762f4,ae7a1d9f889281593b3a688d3ff2eb5efd4820018060eaf104f212354fc56f9f,b69dbabfdf2d5605a1a55f61fddaef9b07f3b1a232308c811aa8600134e762f4,ae7a1d9f889281593b3a688d3ff2eb5efd4820018060eaf104f212354fc56f9f,2fe5856aa64c95d2560ae02d1dddfb0bcca156b8cbc15b67b43fd3a784fc5761,-0.7621368815371119,False
89,2,output_affine,none,output_affine,1.0,test,Oracle-Rank+Value+Residual,1699700876,0.18003011371617303,0.9979444888379945,0.9652993957150705,0.9301181102362205,1.0,0.0004821210815367061,2.6875187459089025,0.3984375,128,calibrated,oracle_rank|oracle_value,"[0.21011655013393066, 0.47922660843444864]",fee49949a82ef7edce2f80af49ef573be4c7050be40292e4794c0035bae2bbda,output_affine,b69dbabfdf2d5605a1a55f61fddaef9b07f3b1a232308c811aa8600134e762f4,ae7a1d9f889281593b3a688d3ff2eb5efd4820018060eaf104f212354fc56f9f,b69dbabfdf2d5605a1a55f61fddaef9b07f3b1a232308c811aa8600134e762f4,ae7a1d9f889281593b3a688d3ff2eb5efd4820018060eaf104f212354fc56f9f,2fe5856aa64c95d2560ae02d1dddfb0bcca156b8cbc15b67b43fd3a784fc5761,-0.6649126684374235,False
89,2,scale_0.7,none,scale_0.7,0.35,test,Target-Only,196083236,0.582048084745813,0.8328757585236444,0.9216432429957881,0.8778297244094488,0.38461538461538464,0.0863444212287312,-2.7053549669445065,1.0,128,target_only,none,[],fee49949a82ef7edce2f80af49ef573be4c7050be40292e4794c0035bae2bbda,scale_0.7,ea6b0e57abc3571f391054832aea853b292b554f9e928d892d719f2cb5f9e551,66266ff95a7c55bc9ddd79516c72516add9e042ca98a3905313934471d486b06,b69dbabfdf2d5605a1a55f61fddaef9b07f3b1a232308c811aa8600134e762f4,87ffd8e3ca3cfabd3d40c36ff2dc49fa6eaba825f2fe07d531a9193e9f897f28,bd294f6a8822acf387d4a41dacaf45f8ef1b035edfc7b9e69f19afe5d0a0664e,0.0,False
89,2,scale_0.7,none,scale_0.7,0.35,test,Geometry-Prior+Residual,196083236,0.5010229937462249,0.9244544972135481,0.9078122138802417,0.8708169291338582,0.5384615384615384,0.007434471908971215,-2.6812586349613974,0.8359375,128,calibrated,geometry,[0.09672046146821793],fee49949a82ef7edce2f80af49ef573be4c7050be40292e4794c0035bae2bbda,scale_0.7,ea6b0e57abc3571f391054832aea853b292b554f9e928d892d719f2cb5f9e551,66266ff95a7c55bc9ddd79516c72516add9e042ca98a3905313934471d486b06,b69dbabfdf2d5605a1a55f61fddaef9b07f3b1a232308c811aa8600134e762f4,87ffd8e3ca3cfabd3d40c36ff2dc49fa6eaba825f2fe07d531a9193e9f897f28,bd294f6a8822acf387d4a41dacaf45f8ef1b035edfc7b9e69f19afe5d0a0664e,-0.0810250909995881,False
89,2,scale_0.7,none,scale_0.7,0.35,test,Oracle-Rank+Residual,196083236,0.2951093785055712,0.9332589994078395,0.9869357718366599,0.9564468503937008,0.6153846153846154,0.019150213094107416,-1.826016340496274,0.546875,128,calibrated,oracle_rank,[0.12001458226599795],fee49949a82ef7edce2f80af49ef573be4c7050be40292e4794c0035bae2bbda,scale_0.7,ea6b0e57abc3571f391054832aea853b292b554f9e928d892d719f2cb5f9e551,66266ff95a7c55bc9ddd79516c72516add9e042ca98a3905313934471d486b06,b69dbabfdf2d5605a1a55f61fddaef9b07f3b1a232308c811aa8600134e762f4,87ffd8e3ca3cfabd3d40c36ff2dc49fa6eaba825f2fe07d531a9193e9f897f28,bd294f6a8822acf387d4a41dacaf45f8ef1b035edfc7b9e69f19afe5d0a0664e,-0.28693870624024187,False
89,2,scale_0.7,none,scale_0.7,0.35,test,Oracle-Value+Residual,196083236,0.05371907464295463,0.9946818119167194,0.9987010162973814,0.9907726377952756,0.9230769230769231,4.0878005859651764e-05,-5.083574632190225,0.9140625,128,calibrated,oracle_value,[0.12193525202947995],fee49949a82ef7edce2f80af49ef573be4c7050be40292e4794c0035bae2bbda,scale_0.7,ea6b0e57abc3571f391054832aea853b292b554f9e928d892d719f2cb5f9e551,66266ff95a7c55bc9ddd79516c72516add9e042ca98a3905313934471d486b06,b69dbabfdf2d5605a1a55f61fddaef9b07f3b1a232308c811aa8600134e762f4,87ffd8e3ca3cfabd3d40c36ff2dc49fa6eaba825f2fe07d531a9193e9f897f28,bd294f6a8822acf387d4a41dacaf45f8ef1b035edfc7b9e69f19afe5d0a0664e,-0.5283290101028584,False
89,2,scale_0.7,none,scale_0.7,0.35,test,Oracle-Rank+Value+Residual,196083236,0.13546308164971588,0.9862098904989763,0.9974821461270829,0.9833907480314961,0.8461538461538461,4.0878005859651764e-05,-2.5086234427101344,0.53125,128,calibrated,oracle_rank|oracle_value,"[0.05278551431806902, 0.07394185019645352]",fee49949a82ef7edce2f80af49ef573be4c7050be40292e4794c0035bae2bbda,scale_0.7,ea6b0e57abc3571f391054832aea853b292b554f9e928d892d719f2cb5f9e551,66266ff95a7c55bc9ddd79516c72516add9e042ca98a3905313934471d486b06,b69dbabfdf2d5605a1a55f61fddaef9b07f3b1a232308c811aa8600134e762f4,87ffd8e3ca3cfabd3d40c36ff2dc49fa6eaba825f2fe07d531a9193e9f897f28,bd294f6a8822acf387d4a41dacaf45f8ef1b035edfc7b9e69f19afe5d0a0664e,-0.44658500309609717,False
89,2,scale_0.7,none,scale_0.7,0.7,test,Target-Only,1336857146,0.8375990049089107,0.775270192866829,0.6141560611609596,0.7157972440944882,0.23076923076923078,0.35971755768484803,-1.6731149106352525,0.8046875,128,target_only,none,[],fee49949a82ef7edce2f80af49ef573be4c7050be40292e4794c0035bae2bbda,scale_0.7,ea6b0e57abc3571f391054832aea853b292b554f9e928d892d719f2cb5f9e551,c6812a598fa532338b419e9e1f0e8e813c28ebc3c7f477d9bc4f8044f1a5ccbb,b69dbabfdf2d5605a1a55f61fddaef9b07f3b1a232308c811aa8600134e762f4,830317dda8d524826f95ea1feee241ee2f4509a44f5dd10972a897db5d6ac249,194047dc2fb8cbcc227500f7e8d833af86c8e9e7d7372dc105cd7847d46e89e5,0.0,False
89,2,scale_0.7,none,scale_0.7,0.7,test,Geometry-Prior+Residual,1336857146,0.734532419024144,0.8890018668353524,0.6697376854056034,0.7365895669291339,0.46153846153846156,0.12541212121311562,-1.5507745663769192,0.671875,128,calibrated,geometry,[0.09672046146821793],fee49949a82ef7edce2f80af49ef573be4c7050be40292e4794c0035bae2bbda,scale_0.7,ea6b0e57abc3571f391054832aea853b292b554f9e928d892d719f2cb5f9e551,c6812a598fa532338b419e9e1f0e8e813c28ebc3c7f477d9bc4f8044f1a5ccbb,b69dbabfdf2d5605a1a55f61fddaef9b07f3b1a232308c811aa8600134e762f4,830317dda8d524826f95ea1feee241ee2f4509a44f5dd10972a897db5d6ac249,194047dc2fb8cbcc227500f7e8d833af86c8e9e7d7372dc105cd7847d46e89e5,-0.10306658588476669,False
89,2,scale_0.7,none,scale_0.7,0.7,test,Oracle-Rank+Residual,1336857146,0.2964712006536985,0.9847114920248002,0.9083215070499908,0.8881643700787402,0.8461538461538461,0.00045221675933805177,-2.0492337313748767,0.6171875,128,calibrated,oracle_rank,[0.12001458226599795],fee49949a82ef7edce2f80af49ef573be4c7050be40292e4794c0035bae2bbda,scale_0.7,ea6b0e57abc3571f391054832aea853b292b554f9e928d892d719f2cb5f9e551,c6812a598fa532338b419e9e1f0e8e813c28ebc3c7f477d9bc4f8044f1a5ccbb,b69dbabfdf2d5605a1a55f61fddaef9b07f3b1a232308c811aa8600134e762f4,830317dda8d524826f95ea1feee241ee2f4509a44f5dd10972a897db5d6ac249,194047dc2fb8cbcc227500f7e8d833af86c8e9e7d7372dc105cd7847d46e89e5,-0.5411278042552122,False
89,2,scale_0.7,none,scale_0.7,0.7,test,Oracle-Value+Residual,1336857146,0.06963533581215893,0.9939580488458349,0.9845953122138802,0.9566929133858267,0.9230769230769231,0.00045221675933805177,-3.998539116976665,0.703125,128,calibrated,oracle_value,[0.12193525202947995],fee49949a82ef7edce2f80af49ef573be4c7050be40292e4794c0035bae2bbda,scale_0.7,ea6b0e57abc3571f391054832aea853b292b554f9e928d892d719f2cb5f9e551,c6812a598fa532338b419e9e1f0e8e813c28ebc3c7f477d9bc4f8044f1a5ccbb,b69dbabfdf2d5605a1a55f61fddaef9b07f3b1a232308c811aa8600134e762f4,830317dda8d524826f95ea1feee241ee2f4509a44f5dd10972a897db5d6ac249,194047dc2fb8cbcc227500f7e8d833af86c8e9e7d7372dc105cd7847d46e89e5,-0.7679636690967517,False
89,2,scale_0.7,none,scale_0.7,0.7,test,Oracle-Rank+Value+Residual,1336857146,0.13315539207710114,0.9913409746743971,0.97407182750412,0.9416830708661418,0.9230769230769231,0.00045221675933805177,-2.840031675827617,0.6328125,128,calibrated,oracle_rank|oracle_value,"[0.05278551431806902, 0.07394185019645352]",fee49949a82ef7edce2f80af49ef573be4c7050be40292e4794c0035bae2bbda,scale_0.7,ea6b0e57abc3571f391054832aea853b292b554f9e928d892d719f2cb5f9e551,c6812a598fa532338b419e9e1f0e8e813c28ebc3c7f477d9bc4f8044f1a5ccbb,b69dbabfdf2d5605a1a55f61fddaef9b07f3b1a232308c811aa8600134e762f4,830317dda8d524826f95ea1feee241ee2f4509a44f5dd10972a897db5d6ac249,194047dc2fb8cbcc227500f7e8d833af86c8e9e7d7372dc105cd7847d46e89e5,-0.7044436128318096,False
89,2,scale_0.7,none,scale_0.7,1.0,test,Target-Only,1602311749,1.0681357093218198,0.7366042310357751,0.6813083684306903,0.735113188976378,0.15384615384615385,0.6050209025625044,-1.2653538658625172,0.8671875,128,target_only,none,[],fee49949a82ef7edce2f80af49ef573be4c7050be40292e4794c0035bae2bbda,scale_0.7,ea6b0e57abc3571f391054832aea853b292b554f9e928d892d719f2cb5f9e551,830317dda8d524826f95ea1feee241ee2f4509a44f5dd10972a897db5d6ac249,b69dbabfdf2d5605a1a55f61fddaef9b07f3b1a232308c811aa8600134e762f4,ae7a1d9f889281593b3a688d3ff2eb5efd4820018060eaf104f212354fc56f9f,f358cbf4f53e7f67978f68c6c813f4e4dc5824f34a6544df446a762c32465ebd,0.0,False
89,2,scale_0.7,none,scale_0.7,1.0,test,Geometry-Prior+Residual,1602311749,0.606682959193791,0.9113920762650184,0.7873386284563266,0.7862942913385826,0.46153846153846156,0.058820334901757844,-1.4960286416032673,0.828125,128,calibrated,geometry,[0.09672046146821793],fee49949a82ef7edce2f80af49ef573be4c7050be40292e4794c0035bae2bbda,scale_0.7,ea6b0e57abc3571f391054832aea853b292b554f9e928d892d719f2cb5f9e551,830317dda8d524826f95ea1feee241ee2f4509a44f5dd10972a897db5d6ac249,b69dbabfdf2d5605a1a55f61fddaef9b07f3b1a232308c811aa8600134e762f4,ae7a1d9f889281593b3a688d3ff2eb5efd4820018060eaf104f212354fc56f9f,f358cbf4f53e7f67978f68c6c813f4e4dc5824f34a6544df446a762c32465ebd,-0.4614527501280288,False
89,2,scale_0.7,none,scale_0.7,1.0,test,Oracle-Rank+Residual,1602311749,0.27027175516732393,0.9844032839752648,0.83334668558872,0.8417814960629921,0.8461538461538461,0.0007051919613809807,-0.46927353698600155,0.5625,128,calibrated,oracle_rank,[0.12001458226599795],fee49949a82ef7edce2f80af49ef573be4c7050be40292e4794c0035bae2bbda,scale_0.7,ea6b0e57abc3571f391054832aea853b292b554f9e928d892d719f2cb5f9e551,830317dda8d524826f95ea1feee241ee2f4509a44f5dd10972a897db5d6ac249,b69dbabfdf2d5605a1a55f61fddaef9b07f3b1a232308c811aa8600134e762f4,ae7a1d9f889281593b3a688d3ff2eb5efd4820018060eaf104f212354fc56f9f,f358cbf4f53e7f67978f68c6c813f4e4dc5824f34a6544df446a762c32465ebd,-0.7978639541544958,False
89,2,scale_0.7,none,scale_0.7,1.0,test,Oracle-Value+Residual,1602311749,0.08780404209896163,0.9986734851397185,0.9750961362387841,0.9420521653543307,1.0,0.0001737383581502777,-3.6214658281561176,0.8828125,128,calibrated,oracle_value,[0.12193525202947995],fee49949a82ef7edce2f80af49ef573be4c7050be40292e4794c0035bae2bbda,scale_0.7,ea6b0e57abc3571f391054832aea853b292b554f9e928d892d719f2cb5f9e551,830317dda8d524826f95ea1feee241ee2f4509a44f5dd10972a897db5d6ac249,b69dbabfdf2d5605a1a55f61fddaef9b07f3b1a232308c811aa8600134e762f4,ae7a1d9f889281593b3a688d3ff2eb5efd4820018060eaf104f212354fc56f9f,f358cbf4f53e7f67978f68c6c813f4e4dc5824f34a6544df446a762c32465ebd,-0.9803316672228581,False
89,2,scale_0.7,none,scale_0.7,1.0,test,Oracle-Rank+Value+Residual,1602311749,0.12192020857446689,0.9918839412845039,0.9039782091192089,0.8881643700787402,0.9230769230769231,0.0007051919613809807,-1.2413934383309395,0.578125,128,calibrated,oracle_rank|oracle_value,"[0.05278551431806902, 0.07394185019645352]",fee49949a82ef7edce2f80af49ef573be4c7050be40292e4794c0035bae2bbda,scale_0.7,ea6b0e57abc3571f391054832aea853b292b554f9e928d892d719f2cb5f9e551,830317dda8d524826f95ea1feee241ee2f4509a44f5dd10972a897db5d6ac249,b69dbabfdf2d5605a1a55f61fddaef9b07f3b1a232308c811aa8600134e762f4,ae7a1d9f889281593b3a688d3ff2eb5efd4820018060eaf104f212354fc56f9f,f358cbf4f53e7f67978f68c6c813f4e4dc5824f34a6544df446a762c32465ebd,-0.9462155007473529,False
89,2,scale_1.5,none,scale_1.5,0.35,test,Target-Only,2049752973,1.14401652164411,0.5250614082522729,0.33801043764878225,0.6221702755905512,0.0,0.6472856525371259,-1.3560356402751736,1.0,128,target_only,none,[],fee49949a82ef7edce2f80af49ef573be4c7050be40292e4794c0035bae2bbda,scale_1.5,b43f968e034304d3d9da63e915bada4c2a15b8b938ce981463eff0e73b1a562a,7ff94ec2826d5a90289891ac6f69c88448c41bf50b005a4dbe63cfb32db34848,b69dbabfdf2d5605a1a55f61fddaef9b07f3b1a232308c811aa8600134e762f4,87ffd8e3ca3cfabd3d40c36ff2dc49fa6eaba825f2fe07d531a9193e9f897f28,562661f20007d160c1fd8cf87c48d98ae0c303804c401163582e95cd3a60d914,0.0,False
89,2,scale_1.5,none,scale_1.5,0.35,test,Geometry-Prior+Residual,2049752973,0.8534178199516321,0.6254494758381534,0.47418055301226886,0.6745816929133859,0.0,0.6251733504856897,-1.7375269380865608,1.0,128,calibrated,geometry,[0.4537984083812139],fee49949a82ef7edce2f80af49ef573be4c7050be40292e4794c0035bae2bbda,scale_1.5,b43f968e034304d3d9da63e915bada4c2a15b8b938ce981463eff0e73b1a562a,7ff94ec2826d5a90289891ac6f69c88448c41bf50b005a4dbe63cfb32db34848,b69dbabfdf2d5605a1a55f61fddaef9b07f3b1a232308c811aa8600134e762f4,87ffd8e3ca3cfabd3d40c36ff2dc49fa6eaba825f2fe07d531a9193e9f897f28,562661f20007d160c1fd8cf87c48d98ae0c303804c401163582e95cd3a60d914,-0.2905987016924779,False
89,2,scale_1.5,none,scale_1.5,0.35,test,Oracle-Rank+Residual,2049752973,1.5166162476756377,0.9706512212879522,0.9246703900384544,0.8889025590551181,0.7692307692307693,0.01366930849108592,-1.1288606724023307,0.859375,128,calibrated,oracle_rank,[0.42321181798660845],fee49949a82ef7edce2f80af49ef573be4c7050be40292e4794c0035bae2bbda,scale_1.5,b43f968e034304d3d9da63e915bada4c2a15b8b938ce981463eff0e73b1a562a,7ff94ec2826d5a90289891ac6f69c88448c41bf50b005a4dbe63cfb32db34848,b69dbabfdf2d5605a1a55f61fddaef9b07f3b1a232308c811aa8600134e762f4,87ffd8e3ca3cfabd3d40c36ff2dc49fa6eaba825f2fe07d531a9193e9f897f28,562661f20007d160c1fd8cf87c48d98ae0c303804c401163582e95cd3a60d914,0.3725997260315277,True
89,2,scale_1.5,none,scale_1.5,0.35,test,Oracle-Value+Residual,2049752973,0.4889404194451226,0.986455594515432,0.9766182933528658,0.9404527559055118,0.8461538461538461,0.0,-2.2628252678174636,1.0,128,calibrated,oracle_value,[0.5346225569160946],fee49949a82ef7edce2f80af49ef573be4c7050be40292e4794c0035bae2bbda,scale_1.5,b43f968e034304d3d9da63e915bada4c2a15b8b938ce981463eff0e73b1a562a,7ff94ec2826d5a90289891ac6f69c88448c41bf50b005a4dbe63cfb32db34848,b69dbabfdf2d5605a1a55f61fddaef9b07f3b1a232308c811aa8600134e762f4,87ffd8e3ca3cfabd3d40c36ff2dc49fa6eaba825f2fe07d531a9193e9f897f28,562661f20007d160c1fd8cf87c48d98ae0c303804c401163582e95cd3a60d914,-0.6550761021989875,False
89,2,scale_1.5,none,scale_1.5,0.35,test,Oracle-Rank+Value+Residual,2049752973,0.5537546815954708,0.9869803911091936,0.9783407342977476,0.9418061023622047,0.8461538461538461,0.0,-2.1731598706591306,1.0,128,calibrated,oracle_rank|oracle_value,"[0.020529653635461304, 0.5186842965637477]",fee49949a82ef7edce2f80af49ef573be4c7050be40292e4794c0035bae2bbda,scale_1.5,b43f968e034304d3d9da63e915bada4c2a15b8b938ce981463eff0e73b1a562a,7ff94ec2826d5a90289891ac6f69c88448c41bf50b005a4dbe63cfb32db34848,b69dbabfdf2d5605a1a55f61fddaef9b07f3b1a232308c811aa8600134e762f4,87ffd8e3ca3cfabd3d40c36ff2dc49fa6eaba825f2fe07d531a9193e9f897f28,562661f20007d160c1fd8cf87c48d98ae0c303804c401163582e95cd3a60d914,-0.5902618400486392,False
89,2,scale_1.5,none,scale_1.5,0.7,test,Target-Only,976066745,0.312436951536063,0.8832304105005463,0.9374141640725142,0.8929625984251969,0.46153846153846156,0.09971112891124874,-0.8374084264069244,1.0,128,target_only,none,[],fee49949a82ef7edce2f80af49ef573be4c7050be40292e4794c0035bae2bbda,scale_1.5,b43f968e034304d3d9da63e915bada4c2a15b8b938ce981463eff0e73b1a562a,db10f38561756325b486a1d229053c717c54f6870e96ba16c15023e44410d28e,b69dbabfdf2d5605a1a55f61fddaef9b07f3b1a232308c811aa8600134e762f4,830317dda8d524826f95ea1feee241ee2f4509a44f5dd10972a897db5d6ac249,076d8546f0aaef1b95e7cb3fb48a4f9ba28ec857bc5050e08b9f3e0b71b12719,0.0,False
89,2,scale_1.5,none,scale_1.5,0.7,test,Geometry-Prior+Residual,976066745,0.2335109224038242,0.9357358421629907,0.9719202069218091,0.9280265748031497,0.6153846153846154,0.023709864306212195,-1.2414287554908516,1.0,128,calibrated,geometry,[0.4537984083812139],fee49949a82ef7edce2f80af49ef573be4c7050be40292e4794c0035bae2bbda,scale_1.5,b43f968e034304d3d9da63e915bada4c2a15b8b938ce981463eff0e73b1a562a,db10f38561756325b486a1d229053c717c54f6870e96ba16c15023e44410d28e,b69dbabfdf2d5605a1a55f61fddaef9b07f3b1a232308c811aa8600134e762f4,830317dda8d524826f95ea1feee241ee2f4509a44f5dd10972a897db5d6ac249,076d8546f0aaef1b95e7cb3fb48a4f9ba28ec857bc5050e08b9f3e0b71b12719,-0.07892602913223878,False
89,2,scale_1.5,none,scale_1.5,0.7,test,Oracle-Rank+Residual,976066745,0.9559901573574051,0.9737632527998834,0.8765107123237502,0.8462106299212598,0.6923076923076923,0.0,0.9806287884340249,0.4921875,128,calibrated,oracle_rank,[0.42321181798660845],fee49949a82ef7edce2f80af49ef573be4c7050be40292e4794c0035bae2bbda,scale_1.5,b43f968e034304d3d9da63e915bada4c2a15b8b938ce981463eff0e73b1a562a,db10f38561756325b486a1d229053c717c54f6870e96ba16c15023e44410d28e,b69dbabfdf2d5605a1a55f61fddaef9b07f3b1a232308c811aa8600134e762f4,830317dda8d524826f95ea1feee241ee2f4509a44f5dd10972a897db5d6ac249,076d8546f0aaef1b95e7cb3fb48a4f9ba28ec857bc5050e08b9f3e0b71b12719,0.6435532058213421,True
89,2,scale_1.5,none,scale_1.5,0.7,test,Oracle-Value+Residual,976066745,0.6436611709133863,0.9718917341179126,0.9225988829884636,0.8884104330708661,0.6923076923076923,0.0,2.2463331699813214,0.515625,128,calibrated,oracle_value,[0.5346225569160946],fee49949a82ef7edce2f80af49ef573be4c7050be40292e4794c0035bae2bbda,scale_1.5,b43f968e034304d3d9da63e915bada4c2a15b8b938ce981463eff0e73b1a562a,db10f38561756325b486a1d229053c717c54f6870e96ba16c15023e44410d28e,b69dbabfdf2d5605a1a55f61fddaef9b07f3b1a232308c811aa8600134e762f4,830317dda8d524826f95ea1feee241ee2f4509a44f5dd10972a897db5d6ac249,076d8546f0aaef1b95e7cb3fb48a4f9ba28ec857bc5050e08b9f3e0b71b12719,0.33122421937732327,True
89,2,scale_1.5,none,scale_1.5,0.7,test,Oracle-Rank+Value+Residual,976066745,0.6649711161852795,0.9718917341179126,0.9202240889946897,0.8853346456692913,0.6923076923076923,0.0,2.394352899302173,0.4921875,128,calibrated,oracle_rank|oracle_value,"[0.020529653635461304, 0.5186842965637477]",fee49949a82ef7edce2f80af49ef573be4c7050be40292e4794c0035bae2bbda,scale_1.5,b43f968e034304d3d9da63e915bada4c2a15b8b938ce981463eff0e73b1a562a,db10f38561756325b486a1d229053c717c54f6870e96ba16c15023e44410d28e,b69dbabfdf2d5605a1a55f61fddaef9b07f3b1a232308c811aa8600134e762f4,830317dda8d524826f95ea1feee241ee2f4509a44f5dd10972a897db5d6ac249,076d8546f0aaef1b95e7cb3fb48a4f9ba28ec857bc5050e08b9f3e0b71b12719,0.3525341646492165,True
89,2,scale_1.5,none,scale_1.5,1.0,test,Target-Only,2093849386,0.7542693175686114,0.8327295213635996,0.908418787767808,0.8708169291338582,0.3076923076923077,0.11354775988923116,0.1236112222403443,0.9140625,128,target_only,none,[],fee49949a82ef7edce2f80af49ef573be4c7050be40292e4794c0035bae2bbda,scale_1.5,b43f968e034304d3d9da63e915bada4c2a15b8b938ce981463eff0e73b1a562a,20535c8e467f5163c547b93844598f265d899dd2a3cd2bbd07ef41e27923a4b3,b69dbabfdf2d5605a1a55f61fddaef9b07f3b1a232308c811aa8600134e762f4,ae7a1d9f889281593b3a688d3ff2eb5efd4820018060eaf104f212354fc56f9f,bdae901c71777bbfb50eb927cc47c11e74afa67a1fdb37356a37e4278a45c2e8,0.0,False
89,2,scale_1.5,none,scale_1.5,1.0,test,Geometry-Prior+Residual,2093849386,0.2923360369814124,0.9812169873482666,0.9693165171214063,0.9319635826771654,0.7692307692307693,0.00014499147713237833,-0.7262963693020635,1.0,128,calibrated,geometry,[0.4537984083812139],fee49949a82ef7edce2f80af49ef573be4c7050be40292e4794c0035bae2bbda,scale_1.5,b43f968e034304d3d9da63e915bada4c2a15b8b938ce981463eff0e73b1a562a,20535c8e467f5163c547b93844598f265d899dd2a3cd2bbd07ef41e27923a4b3,b69dbabfdf2d5605a1a55f61fddaef9b07f3b1a232308c811aa8600134e762f4,ae7a1d9f889281593b3a688d3ff2eb5efd4820018060eaf104f212354fc56f9f,bdae901c71777bbfb50eb927cc47c11e74afa67a1fdb37356a37e4278a45c2e8,-0.46193328058719896,False
89,2,scale_1.5,none,scale_1.5,1.0,test,Oracle-Rank+Residual,2093849386,1.0026804447928894,0.5630005910685056,0.6424819172312763,0.719611220472441,0.0,0.43884799181780265,2.0120285544701,0.6015625,128,calibrated,oracle_rank,[0.42321181798660845],fee49949a82ef7edce2f80af49ef573be4c7050be40292e4794c0035bae2bbda,scale_1.5,b43f968e034304d3d9da63e915bada4c2a15b8b938ce981463eff0e73b1a562a,20535c8e467f5163c547b93844598f265d899dd2a3cd2bbd07ef41e27923a4b3,b69dbabfdf2d5605a1a55f61fddaef9b07f3b1a232308c811aa8600134e762f4,ae7a1d9f889281593b3a688d3ff2eb5efd4820018060eaf104f212354fc56f9f,bdae901c71777bbfb50eb927cc47c11e74afa67a1fdb37356a37e4278a45c2e8,0.24841112722427805,True
89,2,scale_1.5,none,scale_1.5,1.0,test,Oracle-Value+Residual,2093849386,0.7273061037177794,0.5970644918841382,0.8272580571323933,0.8063484251968503,0.0,0.2867485539062794,3.5221682795687634,0.359375,128,calibrated,oracle_value,[0.5346225569160946],fee49949a82ef7edce2f80af49ef573be4c7050be40292e4794c0035bae2bbda,scale_1.5,b43f968e034304d3d9da63e915bada4c2a15b8b938ce981463eff0e73b1a562a,20535c8e467f5163c547b93844598f265d899dd2a3cd2bbd07ef41e27923a4b3,b69dbabfdf2d5605a1a55f61fddaef9b07f3b1a232308c811aa8600134e762f4,ae7a1d9f889281593b3a688d3ff2eb5efd4820018060eaf104f212354fc56f9f,bdae901c71777bbfb50eb927cc47c11e74afa67a1fdb37356a37e4278a45c2e8,-0.026963213850832002,False
89,2,scale_1.5,none,scale_1.5,1.0,test,Oracle-Rank+Value+Residual,2093849386,0.7387879437381603,0.5746584354987675,0.8184112342061892,0.8019192913385826,0.0,0.2867485539062794,3.6061060634444324,0.3671875,128,calibrated,oracle_rank|oracle_value,"[0.020529653635461304, 0.5186842965637477]",fee49949a82ef7edce2f80af49ef573be4c7050be40292e4794c0035bae2bbda,scale_1.5,b43f968e034304d3d9da63e915bada4c2a15b8b938ce981463eff0e73b1a562a,20535c8e467f5163c547b93844598f265d899dd2a3cd2bbd07ef41e27923a4b3,b69dbabfdf2d5605a1a55f61fddaef9b07f3b1a232308c811aa8600134e762f4,ae7a1d9f889281593b3a688d3ff2eb5efd4820018060eaf104f212354fc56f9f,bdae901c71777bbfb50eb927cc47c11e74afa67a1fdb37356a37e4278a45c2e8,-0.015481373830451117,False
89,2,rotate_45,none,rotate_45,0.35,test,Target-Only,1859391508,1.2136560143269235,0.8056294373104218,0.15707974729902946,0.5595472440944882,0.23076923076923078,0.25013608585211555,-1.945520711814935,1.0,128,target_only,none,[],fee49949a82ef7edce2f80af49ef573be4c7050be40292e4794c0035bae2bbda,rotate_45,c6c4ed0b46ad4f64e4e27244af4d839b89d178ccd4c85ae47c7d4601815b719d,8054de80de7597af743983c64697bd9d2f0fb5cc2020d8db05b9f3952ec17c59,b69dbabfdf2d5605a1a55f61fddaef9b07f3b1a232308c811aa8600134e762f4,87ffd8e3ca3cfabd3d40c36ff2dc49fa6eaba825f2fe07d531a9193e9f897f28,abd82feada9cc0904669f644015cd67eb05f3f71929b492932c770caa0632d5c,0.0,False
89,2,rotate_45,none,rotate_45,0.35,test,Geometry-Prior+Residual,1859391508,0.9062726657489397,0.7941939428086782,0.6493545138253067,0.7618110236220472,0.23076923076923078,0.25013608585211555,-1.8114428899957367,0.765625,128,calibrated,geometry,[0.20903045018762031],fee49949a82ef7edce2f80af49ef573be4c7050be40292e4794c0035bae2bbda,rotate_45,c6c4ed0b46ad4f64e4e27244af4d839b89d178ccd4c85ae47c7d4601815b719d,8054de80de7597af743983c64697bd9d2f0fb5cc2020d8db05b9f3952ec17c59,b69dbabfdf2d5605a1a55f61fddaef9b07f3b1a232308c811aa8600134e762f4,87ffd8e3ca3cfabd3d40c36ff2dc49fa6eaba825f2fe07d531a9193e9f897f28,abd82feada9cc0904669f644015cd67eb05f3f71929b492932c770caa0632d5c,-0.3073833485779838,False
89,2,rotate_45,none,rotate_45,0.35,test,Oracle-Rank+Residual,1859391508,0.5308440176307031,0.9404137622551589,0.8214612708295183,0.8380905511811023,0.6153846153846154,0.03409404212700343,-1.85052915558653,0.75,128,calibrated,oracle_rank,[0.23572963928818289],fee49949a82ef7edce2f80af49ef573be4c7050be40292e4794c0035bae2bbda,rotate_45,c6c4ed0b46ad4f64e4e27244af4d839b89d178ccd4c85ae47c7d4601815b719d,8054de80de7597af743983c64697bd9d2f0fb5cc2020d8db05b9f3952ec17c59,b69dbabfdf2d5605a1a55f61fddaef9b07f3b1a232308c811aa8600134e762f4,87ffd8e3ca3cfabd3d40c36ff2dc49fa6eaba825f2fe07d531a9193e9f897f28,abd82feada9cc0904669f644015cd67eb05f3f71929b492932c770caa0632d5c,-0.6828119966962204,False
89,2,rotate_45,none,rotate_45,0.35,test,Oracle-Value+Residual,1859391508,0.07819524622675846,0.9961623383218233,0.977493819813221,0.9509104330708661,0.9230769230769231,0.000271884471516577,-4.598144163032922,1.0,128,calibrated,oracle_value,[0.2480968975446457],fee49949a82ef7edce2f80af49ef573be4c7050be40292e4794c0035bae2bbda,rotate_45,c6c4ed0b46ad4f64e4e27244af4d839b89d178ccd4c85ae47c7d4601815b719d,8054de80de7597af743983c64697bd9d2f0fb5cc2020d8db05b9f3952ec17c59,b69dbabfdf2d5605a1a55f61fddaef9b07f3b1a232308c811aa8600134e762f4,87ffd8e3ca3cfabd3d40c36ff2dc49fa6eaba825f2fe07d531a9193e9f897f28,abd82feada9cc0904669f644015cd67eb05f3f71929b492932c770caa0632d5c,-1.135460768100165,False
89,2,rotate_45,none,rotate_45,0.35,test,Oracle-Rank+Value+Residual,1859391508,0.1658889356868011,0.9960001108040202,0.9406129829701518,0.9171998031496063,0.9230769230769231,0.000271884471516577,-3.0633980453847762,0.7265625,128,calibrated,oracle_rank|oracle_value,"[0.07927504254028254, 0.17868426879917906]",fee49949a82ef7edce2f80af49ef573be4c7050be40292e4794c0035bae2bbda,rotate_45,c6c4ed0b46ad4f64e4e27244af4d839b89d178ccd4c85ae47c7d4601815b719d,8054de80de7597af743983c64697bd9d2f0fb5cc2020d8db05b9f3952ec17c59,b69dbabfdf2d5605a1a55f61fddaef9b07f3b1a232308c811aa8600134e762f4,87ffd8e3ca3cfabd3d40c36ff2dc49fa6eaba825f2fe07d531a9193e9f897f28,abd82feada9cc0904669f644015cd67eb05f3f71929b492932c770caa0632d5c,-1.0477670786401223,False
89,2,rotate_45,none,rotate_45,0.7,test,Target-Only,1940320238,0.9738210063869616,0.9476832594844915,0.6520612067386925,0.7394192913385826,0.46153846153846156,0.0007253627605921569,-1.2881956479143415,0.9140625,128,target_only,none,[],fee49949a82ef7edce2f80af49ef573be4c7050be40292e4794c0035bae2bbda,rotate_45,c6c4ed0b46ad4f64e4e27244af4d839b89d178ccd4c85ae47c7d4601815b719d,085c854aeb91965048ea8e0bf4c7072f9e9dad693e4e2602ef527b3a724fc3be,b69dbabfdf2d5605a1a55f61fddaef9b07f3b1a232308c811aa8600134e762f4,830317dda8d524826f95ea1feee241ee2f4509a44f5dd10972a897db5d6ac249,e6159d3cd149222e23a4b470365745cd204be2767ca8da2325d8abf97705ef28,0.0,False
89,2,rotate_45,none,rotate_45,0.7,test,Geometry-Prior+Residual,1940320238,0.979852654536928,0.928054389432578,0.8480246291887932,0.8314468503937008,0.46153846153846156,0.07219340355595222,-0.48424620364649135,0.578125,128,calibrated,geometry,[0.20903045018762031],fee49949a82ef7edce2f80af49ef573be4c7050be40292e4794c0035bae2bbda,rotate_45,c6c4ed0b46ad4f64e4e27244af4d839b89d178ccd4c85ae47c7d4601815b719d,085c854aeb91965048ea8e0bf4c7072f9e9dad693e4e2602ef527b3a724fc3be,b69dbabfdf2d5605a1a55f61fddaef9b07f3b1a232308c811aa8600134e762f4,830317dda8d524826f95ea1feee241ee2f4509a44f5dd10972a897db5d6ac249,e6159d3cd149222e23a4b470365745cd204be2767ca8da2325d8abf97705ef28,0.006031648149966484,False
89,2,rotate_45,none,rotate_45,0.7,test,Oracle-Rank+Residual,1940320238,0.7977596130989087,0.9762733741993732,0.8484366416407251,0.8371062992125984,0.8461538461538461,0.022743809089911842,-0.12427374001489153,0.53125,128,calibrated,oracle_rank,[0.23572963928818289],fee49949a82ef7edce2f80af49ef573be4c7050be40292e4794c0035bae2bbda,rotate_45,c6c4ed0b46ad4f64e4e27244af4d839b89d178ccd4c85ae47c7d4601815b719d,085c854aeb91965048ea8e0bf4c7072f9e9dad693e4e2602ef527b3a724fc3be,b69dbabfdf2d5605a1a55f61fddaef9b07f3b1a232308c811aa8600134e762f4,830317dda8d524826f95ea1feee241ee2f4509a44f5dd10972a897db5d6ac249,e6159d3cd149222e23a4b470365745cd204be2767ca8da2325d8abf97705ef28,-0.17606139328805281,False
89,2,rotate_45,none,rotate_45,0.7,test,Oracle-Value+Residual,1940320238,0.0857489384244731,0.999739389536202,0.9401551913568944,0.9111712598425197,1.0,0.0,-3.7707902787087475,0.8984375,128,calibrated,oracle_value,[0.2480968975446457],fee49949a82ef7edce2f80af49ef573be4c7050be40292e4794c0035bae2bbda,rotate_45,c6c4ed0b46ad4f64e4e27244af4d839b89d178ccd4c85ae47c7d4601815b719d,085c854aeb91965048ea8e0bf4c7072f9e9dad693e4e2602ef527b3a724fc3be,b69dbabfdf2d5605a1a55f61fddaef9b07f3b1a232308c811aa8600134e762f4,830317dda8d524826f95ea1feee241ee2f4509a44f5dd10972a897db5d6ac249,e6159d3cd149222e23a4b470365745cd204be2767ca8da2325d8abf97705ef28,-0.8880720679624885,False
89,2,rotate_45,none,rotate_45,0.7,test,Oracle-Rank+Value+Residual,1940320238,0.2986734561023601,0.9879683134933439,0.8917837850210584,0.8715551181102362,0.9230769230769231,0.007636844627552993,-0.7890372327231953,0.4296875,128,calibrated,oracle_rank|oracle_value,"[0.07927504254028254, 0.17868426879917906]",fee49949a82ef7edce2f80af49ef573be4c7050be40292e4794c0035bae2bbda,rotate_45,c6c4ed0b46ad4f64e4e27244af4d839b89d178ccd4c85ae47c7d4601815b719d,085c854aeb91965048ea8e0bf4c7072f9e9dad693e4e2602ef527b3a724fc3be,b69dbabfdf2d5605a1a55f61fddaef9b07f3b1a232308c811aa8600134e762f4,830317dda8d524826f95ea1feee241ee2f4509a44f5dd10972a897db5d6ac249,e6159d3cd149222e23a4b470365745cd204be2767ca8da2325d8abf97705ef28,-0.6751475502846014,False
89,2,rotate_45,none,rotate_45,1.0,test,Target-Only,928715870,0.9857974292862497,0.947086298592212,0.6399526185680278,0.7447096456692913,0.46153846153846156,0.0,-0.1017806101932282,0.6875,128,target_only,none,[],fee49949a82ef7edce2f80af49ef573be4c7050be40292e4794c0035bae2bbda,rotate_45,c6c4ed0b46ad4f64e4e27244af4d839b89d178ccd4c85ae47c7d4601815b719d,fa2ee9c990997b4ffd9170550cf06e55ea08716480f1905c81e6f8ea2a030880,b69dbabfdf2d5605a1a55f61fddaef9b07f3b1a232308c811aa8600134e762f4,ae7a1d9f889281593b3a688d3ff2eb5efd4820018060eaf104f212354fc56f9f,c3db88c40b37dadeb98dda940e4dabeb6fb014bbed3d0ba30f793f542c758fd1,0.0,False
89,2,rotate_45,none,rotate_45,1.0,test,Geometry-Prior+Residual,928715870,0.6369979340815298,0.9787843656295491,0.9269021241530854,0.8951771653543307,0.6923076923076923,0.0,0.17874629063317737,0.578125,128,calibrated,geometry,[0.20903045018762031],fee49949a82ef7edce2f80af49ef573be4c7050be40292e4794c0035bae2bbda,rotate_45,c6c4ed0b46ad4f64e4e27244af4d839b89d178ccd4c85ae47c7d4601815b719d,fa2ee9c990997b4ffd9170550cf06e55ea08716480f1905c81e6f8ea2a030880,b69dbabfdf2d5605a1a55f61fddaef9b07f3b1a232308c811aa8600134e762f4,ae7a1d9f889281593b3a688d3ff2eb5efd4820018060eaf104f212354fc56f9f,c3db88c40b37dadeb98dda940e4dabeb6fb014bbed3d0ba30f793f542c758fd1,-0.34879949520471987,False
89,2,rotate_45,none,rotate_45,1.0,test,Oracle-Rank+Residual,928715870,0.5132752889390522,0.986604992675062,0.9443668741988646,0.9025590551181102,0.9230769230769231,0.005190329078497317,1.481376158322782,0.484375,128,calibrated,oracle_rank,[0.23572963928818289],fee49949a82ef7edce2f80af49ef573be4c7050be40292e4794c0035bae2bbda,rotate_45,c6c4ed0b46ad4f64e4e27244af4d839b89d178ccd4c85ae47c7d4601815b719d,fa2ee9c990997b4ffd9170550cf06e55ea08716480f1905c81e6f8ea2a030880,b69dbabfdf2d5605a1a55f61fddaef9b07f3b1a232308c811aa8600134e762f4,ae7a1d9f889281593b3a688d3ff2eb5efd4820018060eaf104f212354fc56f9f,c3db88c40b37dadeb98dda940e4dabeb6fb014bbed3d0ba30f793f542c758fd1,-0.47252214034719753,False
89,2,rotate_45,none,rotate_45,1.0,test,Oracle-Value+Residual,928715870,0.07909319314395256,0.9998834097663112,0.9926467222120491,0.9705954724409449,1.0,0.0,-1.4438658438500789,0.5546875,128,calibrated,oracle_value,[0.2480968975446457],fee49949a82ef7edce2f80af49ef573be4c7050be40292e4794c0035bae2bbda,rotate_45,c6c4ed0b46ad4f64e4e27244af4d839b89d178ccd4c85ae47c7d4601815b719d,fa2ee9c990997b4ffd9170550cf06e55ea08716480f1905c81e6f8ea2a030880,b69dbabfdf2d5605a1a55f61fddaef9b07f3b1a232308c811aa8600134e762f4,ae7a1d9f889281593b3a688d3ff2eb5efd4820018060eaf104f212354fc56f9f,c3db88c40b37dadeb98dda940e4dabeb6fb014bbed3d0ba30f793f542c758fd1,-0.9067042361422971,False
89,2,rotate_45,none,rotate_45,1.0,test,Oracle-Rank+Value+Residual,928715870,0.16979811678612897,0.9953995663150756,0.9867240432155283,0.9584153543307087,1.0,0.005190329078497317,1.309766453551717,0.328125,128,calibrated,oracle_rank|oracle_value,"[0.07927504254028254, 0.17868426879917906]",fee49949a82ef7edce2f80af49ef573be4c7050be40292e4794c0035bae2bbda,rotate_45,c6c4ed0b46ad4f64e4e27244af4d839b89d178ccd4c85ae47c7d4601815b719d,fa2ee9c990997b4ffd9170550cf06e55ea08716480f1905c81e6f8ea2a030880,b69dbabfdf2d5605a1a55f61fddaef9b07f3b1a232308c811aa8600134e762f4,ae7a1d9f889281593b3a688d3ff2eb5efd4820018060eaf104f212354fc56f9f,c3db88c40b37dadeb98dda940e4dabeb6fb014bbed3d0ba30f793f542c758fd1,-0.8159993125001207,False
89,2,roughness,none,roughness,0.35,test,Target-Only,289039729,1.2387525313680092,0.6790260614089901,0.28491233290606116,0.6078986220472441,0.0,0.4800087932120758,2.26642412380259,0.640625,128,target_only,none,[],fee49949a82ef7edce2f80af49ef573be4c7050be40292e4794c0035bae2bbda,roughness,b69dbabfdf2d5605a1a55f61fddaef9b07f3b1a232308c811aa8600134e762f4,87ffd8e3ca3cfabd3d40c36ff2dc49fa6eaba825f2fe07d531a9193e9f897f28,b69dbabfdf2d5605a1a55f61fddaef9b07f3b1a232308c811aa8600134e762f4,87ffd8e3ca3cfabd3d40c36ff2dc49fa6eaba825f2fe07d531a9193e9f897f28,3321b9b9d7a41ffe6b0bb7cec727f10837031eaf6c2310f5cacef1814bf8d112,0.0,False
89,2,roughness,none,roughness,0.35,test,Geometry-Prior+Residual,289039729,1.2197268328361526,0.6790260614089901,0.2811984984435085,0.6131889763779528,0.0,0.4800087932120758,7.773340517708266,0.546875,128,calibrated,geometry,[0.25393101902183823],fee49949a82ef7edce2f80af49ef573be4c7050be40292e4794c0035bae2bbda,roughness,b69dbabfdf2d5605a1a55f61fddaef9b07f3b1a232308c811aa8600134e762f4,87ffd8e3ca3cfabd3d40c36ff2dc49fa6eaba825f2fe07d531a9193e9f897f28,b69dbabfdf2d5605a1a55f61fddaef9b07f3b1a232308c811aa8600134e762f4,87ffd8e3ca3cfabd3d40c36ff2dc49fa6eaba825f2fe07d531a9193e9f897f28,3321b9b9d7a41ffe6b0bb7cec727f10837031eaf6c2310f5cacef1814bf8d112,-0.01902569853185665,False
89,2,roughness,none,roughness,0.35,test,Oracle-Rank+Residual,289039729,1.135521087079807,0.6926014221175896,0.3143139992675334,0.6156496062992126,0.0,0.4688152504525386,12.849646324103169,0.5,128,calibrated,oracle_rank,[0.28449197074876353],fee49949a82ef7edce2f80af49ef573be4c7050be40292e4794c0035bae2bbda,roughness,b69dbabfdf2d5605a1a55f61fddaef9b07f3b1a232308c811aa8600134e762f4,87ffd8e3ca3cfabd3d40c36ff2dc49fa6eaba825f2fe07d531a9193e9f897f28,b69dbabfdf2d5605a1a55f61fddaef9b07f3b1a232308c811aa8600134e762f4,87ffd8e3ca3cfabd3d40c36ff2dc49fa6eaba825f2fe07d531a9193e9f897f28,3321b9b9d7a41ffe6b0bb7cec727f10837031eaf6c2310f5cacef1814bf8d112,-0.1032314442882023,False
89,2,roughness,none,roughness,0.35,test,Oracle-Value+Residual,289039729,1.0795883233140027,0.6909963721265358,0.36881981322102175,0.6316437007874016,0.0,0.4688152504525386,12.162089655463095,0.46875,128,calibrated,oracle_value,[0.2830368533888578],fee49949a82ef7edce2f80af49ef573be4c7050be40292e4794c0035bae2bbda,roughness,b69dbabfdf2d5605a1a55f61fddaef9b07f3b1a232308c811aa8600134e762f4,87ffd8e3ca3cfabd3d40c36ff2dc49fa6eaba825f2fe07d531a9193e9f897f28,b69dbabfdf2d5605a1a55f61fddaef9b07f3b1a232308c811aa8600134e762f4,87ffd8e3ca3cfabd3d40c36ff2dc49fa6eaba825f2fe07d531a9193e9f897f28,3321b9b9d7a41ffe6b0bb7cec727f10837031eaf6c2310f5cacef1814bf8d112,-0.15916420805400655,False
89,2,roughness,none,roughness,0.35,test,Oracle-Rank+Value+Residual,289039729,1.10058782339833,0.6922673102082443,0.352739882805347,0.6275836614173228,0.0,0.4688152504525386,13.673544164188307,0.46875,128,calibrated,oracle_rank|oracle_value,"[0.15703874951881214, 0.14503561448730723]",fee49949a82ef7edce2f80af49ef573be4c7050be40292e4794c0035bae2bbda,roughness,b69dbabfdf2d5605a1a55f61fddaef9b07f3b1a232308c811aa8600134e762f4,87ffd8e3ca3cfabd3d40c36ff2dc49fa6eaba825f2fe07d531a9193e9f897f28,b69dbabfdf2d5605a1a55f61fddaef9b07f3b1a232308c811aa8600134e762f4,87ffd8e3ca3cfabd3d40c36ff2dc49fa6eaba825f2fe07d531a9193e9f897f28,3321b9b9d7a41ffe6b0bb7cec727f10837031eaf6c2310f5cacef1814bf8d112,-0.13816470796967928,False
89,2,roughness,none,roughness,0.7,test,Target-Only,489207891,1.0545056232411887,0.5912312098455761,0.26844327961911735,0.59375,0.15384615384615385,0.5956258386760969,5.652206517533727,0.5,128,target_only,none,[],fee49949a82ef7edce2f80af49ef573be4c7050be40292e4794c0035bae2bbda,roughness,b69dbabfdf2d5605a1a55f61fddaef9b07f3b1a232308c811aa8600134e762f4,830317dda8d524826f95ea1feee241ee2f4509a44f5dd10972a897db5d6ac249,b69dbabfdf2d5605a1a55f61fddaef9b07f3b1a232308c811aa8600134e762f4,830317dda8d524826f95ea1feee241ee2f4509a44f5dd10972a897db5d6ac249,0f73cc3111c4610667eace33c3605976ecc70459b928f10345df1c4c938bf2a7,0.0,False
89,2,roughness,none,roughness,0.7,test,Geometry-Prior+Residual,489207891,1.0531160808600202,0.7079758922719235,0.2653817982054569,0.5948572834645669,0.15384615384615385,0.1660491473821359,14.483324508979706,0.34375,128,calibrated,geometry,[0.25393101902183823],fee49949a82ef7edce2f80af49ef573be4c7050be40292e4794c0035bae2bbda,roughness,b69dbabfdf2d5605a1a55f61fddaef9b07f3b1a232308c811aa8600134e762f4,830317dda8d524826f95ea1feee241ee2f4509a44f5dd10972a897db5d6ac249,b69dbabfdf2d5605a1a55f61fddaef9b07f3b1a232308c811aa8600134e762f4,830317dda8d524826f95ea1feee241ee2f4509a44f5dd10972a897db5d6ac249,0f73cc3111c4610667eace33c3605976ecc70459b928f10345df1c4c938bf2a7,-0.001389542381168507,False
89,2,roughness,none,roughness,0.7,test,Oracle-Rank+Residual,489207891,1.0432369431159303,0.7990869217100731,0.2628009979857169,0.5955954724409449,0.15384615384615385,0.004030638891114396,20.404525498336085,0.296875,128,calibrated,oracle_rank,[0.28449197074876353],fee49949a82ef7edce2f80af49ef573be4c7050be40292e4794c0035bae2bbda,roughness,b69dbabfdf2d5605a1a55f61fddaef9b07f3b1a232308c811aa8600134e762f4,830317dda8d524826f95ea1feee241ee2f4509a44f5dd10972a897db5d6ac249,b69dbabfdf2d5605a1a55f61fddaef9b07f3b1a232308c811aa8600134e762f4,830317dda8d524826f95ea1feee241ee2f4509a44f5dd10972a897db5d6ac249,0f73cc3111c4610667eace33c3605976ecc70459b928f10345df1c4c938bf2a7,-0.01126868012525839,False
89,2,roughness,none,roughness,0.7,test,Oracle-Value+Residual,489207891,1.1661238960877927,0.694596048889908,0.10147523347372275,0.5350639763779528,0.15384615384615385,0.21059278883871646,23.922497086672063,0.28125,128,calibrated,oracle_value,[0.2830368533888578],fee49949a82ef7edce2f80af49ef573be4c7050be40292e4794c0035bae2bbda,roughness,b69dbabfdf2d5605a1a55f61fddaef9b07f3b1a232308c811aa8600134e762f4,830317dda8d524826f95ea1feee241ee2f4509a44f5dd10972a897db5d6ac249,b69dbabfdf2d5605a1a55f61fddaef9b07f3b1a232308c811aa8600134e762f4,830317dda8d524826f95ea1feee241ee2f4509a44f5dd10972a897db5d6ac249,0f73cc3111c4610667eace33c3605976ecc70459b928f10345df1c4c938bf2a7,0.11161827284660397,True
89,2,roughness,none,roughness,0.7,test,Oracle-Rank+Value+Residual,489207891,1.0965480749851373,0.7284754086489136,0.18325398278703534,0.5679133858267716,0.15384615384615385,0.21059278883871646,23.729816877536855,0.2890625,128,calibrated,oracle_rank|oracle_value,"[0.15703874951881214, 0.14503561448730723]",fee49949a82ef7edce2f80af49ef573be4c7050be40292e4794c0035bae2bbda,roughness,b69dbabfdf2d5605a1a55f61fddaef9b07f3b1a232308c811aa8600134e762f4,830317dda8d524826f95ea1feee241ee2f4509a44f5dd10972a897db5d6ac249,b69dbabfdf2d5605a1a55f61fddaef9b07f3b1a232308c811aa8600134e762f4,830317dda8d524826f95ea1feee241ee2f4509a44f5dd10972a897db5d6ac249,0f73cc3111c4610667eace33c3605976ecc70459b928f10345df1c4c938bf2a7,0.042042451743948606,True
89,2,roughness,none,roughness,1.0,test,Target-Only,506303432,0.9428575585668663,0.6658360591994608,0.6040560336934627,0.7105068897637795,0.15384615384615385,0.08062257130066287,2.706730927900219,0.6171875,128,target_only,none,[],fee49949a82ef7edce2f80af49ef573be4c7050be40292e4794c0035bae2bbda,roughness,b69dbabfdf2d5605a1a55f61fddaef9b07f3b1a232308c811aa8600134e762f4,ae7a1d9f889281593b3a688d3ff2eb5efd4820018060eaf104f212354fc56f9f,b69dbabfdf2d5605a1a55f61fddaef9b07f3b1a232308c811aa8600134e762f4,ae7a1d9f889281593b3a688d3ff2eb5efd4820018060eaf104f212354fc56f9f,72d7c72a79826b9641e4b2217a7f4eae8920c523119af448bec995e55660ea31,0.0,False
89,2,roughness,none,roughness,1.0,test,Geometry-Prior+Residual,506303432,0.7687592613664831,0.7296762686701206,0.6373718183482878,0.7239173228346457,0.15384615384615385,0.13027067456311003,6.070636708680002,0.5390625,128,calibrated,geometry,[0.25393101902183823],fee49949a82ef7edce2f80af49ef573be4c7050be40292e4794c0035bae2bbda,roughness,b69dbabfdf2d5605a1a55f61fddaef9b07f3b1a232308c811aa8600134e762f4,ae7a1d9f889281593b3a688d3ff2eb5efd4820018060eaf104f212354fc56f9f,b69dbabfdf2d5605a1a55f61fddaef9b07f3b1a232308c811aa8600134e762f4,ae7a1d9f889281593b3a688d3ff2eb5efd4820018060eaf104f212354fc56f9f,72d7c72a79826b9641e4b2217a7f4eae8920c523119af448bec995e55660ea31,-0.17409829720038317,False
89,2,roughness,none,roughness,1.0,test,Oracle-Rank+Residual,506303432,0.8237664488751639,0.6605046458530034,0.6144135689434169,0.7090305118110236,0.07692307692307693,0.06365801581991383,9.261490359979582,0.375,128,calibrated,oracle_rank,[0.28449197074876353],fee49949a82ef7edce2f80af49ef573be4c7050be40292e4794c0035bae2bbda,roughness,b69dbabfdf2d5605a1a55f61fddaef9b07f3b1a232308c811aa8600134e762f4,ae7a1d9f889281593b3a688d3ff2eb5efd4820018060eaf104f212354fc56f9f,b69dbabfdf2d5605a1a55f61fddaef9b07f3b1a232308c811aa8600134e762f4,ae7a1d9f889281593b3a688d3ff2eb5efd4820018060eaf104f212354fc56f9f,72d7c72a79826b9641e4b2217a7f4eae8920c523119af448bec995e55660ea31,-0.11909110969170233,False
89,2,roughness,none,roughness,1.0,test,Oracle-Value+Residual,506303432,0.8502572770064359,0.6039514762044549,0.6215951748763963,0.718257874015748,0.07692307692307693,0.2872608364863385,9.683520889796391,0.3984375,128,calibrated,oracle_value,[0.2830368533888578],fee49949a82ef7edce2f80af49ef573be4c7050be40292e4794c0035bae2bbda,roughness,b69dbabfdf2d5605a1a55f61fddaef9b07f3b1a232308c811aa8600134e762f4,ae7a1d9f889281593b3a688d3ff2eb5efd4820018060eaf104f212354fc56f9f,b69dbabfdf2d5605a1a55f61fddaef9b07f3b1a232308c811aa8600134e762f4,ae7a1d9f889281593b3a688d3ff2eb5efd4820018060eaf104f212354fc56f9f,72d7c72a79826b9641e4b2217a7f4eae8920c523119af448bec995e55660ea31,-0.09260028156043032,False
89,2,roughness,none,roughness,1.0,test,Oracle-Rank+Value+Residual,506303432,0.8181313173711808,0.6527508758249552,0.6201359641091375,0.7148129921259843,0.07692307692307693,0.06365801581991383,9.998601343002978,0.390625,128,calibrated,oracle_rank|oracle_value,"[0.15703874951881214, 0.14503561448730723]",fee49949a82ef7edce2f80af49ef573be4c7050be40292e4794c0035bae2bbda,roughness,b69dbabfdf2d5605a1a55f61fddaef9b07f3b1a232308c811aa8600134e762f4,ae7a1d9f889281593b3a688d3ff2eb5efd4820018060eaf104f212354fc56f9f,b69dbabfdf2d5605a1a55f61fddaef9b07f3b1a232308c811aa8600134e762f4,ae7a1d9f889281593b3a688d3ff2eb5efd4820018060eaf104f212354fc56f9f,72d7c72a79826b9641e4b2217a7f4eae8920c523119af448bec995e55660ea31,-0.12472624119568543,False
89,2,reversal,none,reversal,0.35,test,Target-Only,1139951954,0.6925481950193815,0.8550841197614684,0.9215059055118109,0.874507874015748,0.3076923076923077,0.0014491753726737654,-2.0418806029504655,1.0,128,target_only,none,[],fee49949a82ef7edce2f80af49ef573be4c7050be40292e4794c0035bae2bbda,reversal,b69dbabfdf2d5605a1a55f61fddaef9b07f3b1a232308c811aa8600134e762f4,87ffd8e3ca3cfabd3d40c36ff2dc49fa6eaba825f2fe07d531a9193e9f897f28,b69dbabfdf2d5605a1a55f61fddaef9b07f3b1a232308c811aa8600134e762f4,87ffd8e3ca3cfabd3d40c36ff2dc49fa6eaba825f2fe07d531a9193e9f897f28,e1243563575354352c341ab65365e2067b00b8d86441864fb019a442e974bcb1,0.0,False
89,2,reversal,none,reversal,0.35,test,Geometry-Prior+Residual,1139951954,0.6925481950193815,0.8550841197614684,0.9215059055118109,0.874507874015748,0.3076923076923077,0.0014491753726737654,-2.0418806029504655,1.0,128,target_only,geometry,[1.088558700127274e-20],fee49949a82ef7edce2f80af49ef573be4c7050be40292e4794c0035bae2bbda,reversal,b69dbabfdf2d5605a1a55f61fddaef9b07f3b1a232308c811aa8600134e762f4,87ffd8e3ca3cfabd3d40c36ff2dc49fa6eaba825f2fe07d531a9193e9f897f28,b69dbabfdf2d5605a1a55f61fddaef9b07f3b1a232308c811aa8600134e762f4,87ffd8e3ca3cfabd3d40c36ff2dc49fa6eaba825f2fe07d531a9193e9f897f28,e1243563575354352c341ab65365e2067b00b8d86441864fb019a442e974bcb1,0.0,False
89,2,reversal,none,reversal,0.35,test,Oracle-Rank+Residual,1139951954,0.6925481950193815,0.8550841197614684,0.9215059055118109,0.874507874015748,0.3076923076923077,0.0014491753726737654,-2.0418806029504655,1.0,128,target_only,oracle_rank,[1.3688003830768506e-20],fee49949a82ef7edce2f80af49ef573be4c7050be40292e4794c0035bae2bbda,reversal,b69dbabfdf2d5605a1a55f61fddaef9b07f3b1a232308c811aa8600134e762f4,87ffd8e3ca3cfabd3d40c36ff2dc49fa6eaba825f2fe07d531a9193e9f897f28,b69dbabfdf2d5605a1a55f61fddaef9b07f3b1a232308c811aa8600134e762f4,87ffd8e3ca3cfabd3d40c36ff2dc49fa6eaba825f2fe07d531a9193e9f897f28,e1243563575354352c341ab65365e2067b00b8d86441864fb019a442e974bcb1,0.0,False
89,2,reversal,none,reversal,0.35,test,Oracle-Value+Residual,1139951954,0.6925481950193815,0.8550841197614684,0.9215059055118109,0.874507874015748,0.3076923076923077,0.0014491753726737654,-2.0418806029504655,1.0,128,target_only,oracle_value,[1.439541127556327e-20],fee49949a82ef7edce2f80af49ef573be4c7050be40292e4794c0035bae2bbda,reversal,b69dbabfdf2d5605a1a55f61fddaef9b07f3b1a232308c811aa8600134e762f4,87ffd8e3ca3cfabd3d40c36ff2dc49fa6eaba825f2fe07d531a9193e9f897f28,b69dbabfdf2d5605a1a55f61fddaef9b07f3b1a232308c811aa8600134e762f4,87ffd8e3ca3cfabd3d40c36ff2dc49fa6eaba825f2fe07d531a9193e9f897f28,e1243563575354352c341ab65365e2067b00b8d86441864fb019a442e974bcb1,0.0,False
89,2,reversal,none,reversal,0.35,test,Oracle-Rank+Value+Residual,1139951954,0.6925481950193815,0.8550841197614684,0.9215059055118109,0.874507874015748,0.3076923076923077,0.0014491753726737654,-2.0418806029504655,1.0,128,target_only,oracle_rank|oracle_value,"[3.000350810322049e-20, 5.433467685464688e-20]",fee49949a82ef7edce2f80af49ef573be4c7050be40292e4794c0035bae2bbda,reversal,b69dbabfdf2d5605a1a55f61fddaef9b07f3b1a232308c811aa8600134e762f4,87ffd8e3ca3cfabd3d40c36ff2dc49fa6eaba825f2fe07d531a9193e9f897f28,b69dbabfdf2d5605a1a55f61fddaef9b07f3b1a232308c811aa8600134e762f4,87ffd8e3ca3cfabd3d40c36ff2dc49fa6eaba825f2fe07d531a9193e9f897f28,e1243563575354352c341ab65365e2067b00b8d86441864fb019a442e974bcb1,0.0,False
89,2,reversal,none,reversal,0.7,test,Target-Only,1933272719,1.2103355522891046,0.9378878375123568,0.8606997344808642,0.8396899606299213,0.46153846153846156,2.3143048639139854e-05,-0.8670541026105211,0.8828125,128,target_only,none,[],fee49949a82ef7edce2f80af49ef573be4c7050be40292e4794c0035bae2bbda,reversal,b69dbabfdf2d5605a1a55f61fddaef9b07f3b1a232308c811aa8600134e762f4,830317dda8d524826f95ea1feee241ee2f4509a44f5dd10972a897db5d6ac249,b69dbabfdf2d5605a1a55f61fddaef9b07f3b1a232308c811aa8600134e762f4,830317dda8d524826f95ea1feee241ee2f4509a44f5dd10972a897db5d6ac249,ed8f01143fb1edb272c61c60690500867f0fa390cadf9d1499197c07143909c9,0.0,False
89,2,reversal,none,reversal,0.7,test,Geometry-Prior+Residual,1933272719,1.2103355522891046,0.9378878375123568,0.8606997344808642,0.8396899606299213,0.46153846153846156,2.3143048639139854e-05,-0.8670541026105211,0.8828125,128,target_only,geometry,[1.088558700127274e-20],fee49949a82ef7edce2f80af49ef573be4c7050be40292e4794c0035bae2bbda,reversal,b69dbabfdf2d5605a1a55f61fddaef9b07f3b1a232308c811aa8600134e762f4,830317dda8d524826f95ea1feee241ee2f4509a44f5dd10972a897db5d6ac249,b69dbabfdf2d5605a1a55f61fddaef9b07f3b1a232308c811aa8600134e762f4,830317dda8d524826f95ea1feee241ee2f4509a44f5dd10972a897db5d6ac249,ed8f01143fb1edb272c61c60690500867f0fa390cadf9d1499197c07143909c9,0.0,False
89,2,reversal,none,reversal,0.7,test,Oracle-Rank+Residual,1933272719,1.2103355522891046,0.9378878375123568,0.8606997344808642,0.8396899606299213,0.46153846153846156,2.3143048639139854e-05,-0.8670541026105211,0.8828125,128,target_only,oracle_rank,[1.3688003830768506e-20],fee49949a82ef7edce2f80af49ef573be4c7050be40292e4794c0035bae2bbda,reversal,b69dbabfdf2d5605a1a55f61fddaef9b07f3b1a232308c811aa8600134e762f4,830317dda8d524826f95ea1feee241ee2f4509a44f5dd10972a897db5d6ac249,b69dbabfdf2d5605a1a55f61fddaef9b07f3b1a232308c811aa8600134e762f4,830317dda8d524826f95ea1feee241ee2f4509a44f5dd10972a897db5d6ac249,ed8f01143fb1edb272c61c60690500867f0fa390cadf9d1499197c07143909c9,0.0,False
89,2,reversal,none,reversal,0.7,test,Oracle-Value+Residual,1933272719,1.2103355522891046,0.9378878375123568,0.8606997344808642,0.8396899606299213,0.46153846153846156,2.3143048639139854e-05,-0.8670541026105211,0.8828125,128,target_only,oracle_value,[1.439541127556327e-20],fee49949a82ef7edce2f80af49ef573be4c7050be40292e4794c0035bae2bbda,reversal,b69dbabfdf2d5605a1a55f61fddaef9b07f3b1a232308c811aa8600134e762f4,830317dda8d524826f95ea1feee241ee2f4509a44f5dd10972a897db5d6ac249,b69dbabfdf2d5605a1a55f61fddaef9b07f3b1a232308c811aa8600134e762f4,830317dda8d524826f95ea1feee241ee2f4509a44f5dd10972a897db5d6ac249,ed8f01143fb1edb272c61c60690500867f0fa390cadf9d1499197c07143909c9,0.0,False
89,2,reversal,none,reversal,0.7,test,Oracle-Rank+Value+Residual,1933272719,1.2103355522891046,0.9378878375123568,0.8606997344808642,0.8396899606299213,0.46153846153846156,2.3143048639139854e-05,-0.8670541026105211,0.8828125,128,target_only,oracle_rank|oracle_value,"[3.000350810322049e-20, 5.433467685464688e-20]",fee49949a82ef7edce2f80af49ef573be4c7050be40292e4794c0035bae2bbda,reversal,b69dbabfdf2d5605a1a55f61fddaef9b07f3b1a232308c811aa8600134e762f4,830317dda8d524826f95ea1feee241ee2f4509a44f5dd10972a897db5d6ac249,b69dbabfdf2d5605a1a55f61fddaef9b07f3b1a232308c811aa8600134e762f4,830317dda8d524826f95ea1feee241ee2f4509a44f5dd10972a897db5d6ac249,ed8f01143fb1edb272c61c60690500867f0fa390cadf9d1499197c07143909c9,0.0,False
89,2,reversal,none,reversal,1.0,test,Target-Only,177520628,0.8449427821535966,0.9184157652846249,0.8114928584508332,0.8061023622047244,0.46153846153846156,0.00017929029264223754,-0.027394366138989518,0.8203125,128,target_only,none,[],fee49949a82ef7edce2f80af49ef573be4c7050be40292e4794c0035bae2bbda,reversal,b69dbabfdf2d5605a1a55f61fddaef9b07f3b1a232308c811aa8600134e762f4,ae7a1d9f889281593b3a688d3ff2eb5efd4820018060eaf104f212354fc56f9f,b69dbabfdf2d5605a1a55f61fddaef9b07f3b1a232308c811aa8600134e762f4,ae7a1d9f889281593b3a688d3ff2eb5efd4820018060eaf104f212354fc56f9f,a73f46b0bec5c8fcd6f0cfc49f18a9b277dea0f272a86ec06ed9c323d26f32eb,0.0,False
89,2,reversal,none,reversal,1.0,test,Geometry-Prior+Residual,177520628,0.8449427821535966,0.9184157652846249,0.8114928584508332,0.8061023622047244,0.46153846153846156,0.00017929029264223754,-0.027394366138989518,0.8203125,128,target_only,geometry,[1.088558700127274e-20],fee49949a82ef7edce2f80af49ef573be4c7050be40292e4794c0035bae2bbda,reversal,b69dbabfdf2d5605a1a55f61fddaef9b07f3b1a232308c811aa8600134e762f4,ae7a1d9f889281593b3a688d3ff2eb5efd4820018060eaf104f212354fc56f9f,b69dbabfdf2d5605a1a55f61fddaef9b07f3b1a232308c811aa8600134e762f4,ae7a1d9f889281593b3a688d3ff2eb5efd4820018060eaf104f212354fc56f9f,a73f46b0bec5c8fcd6f0cfc49f18a9b277dea0f272a86ec06ed9c323d26f32eb,0.0,False
89,2,reversal,none,reversal,1.0,test,Oracle-Rank+Residual,177520628,0.8449427821535966,0.9184157652846249,0.8114928584508332,0.8061023622047244,0.46153846153846156,0.00017929029264223754,-0.027394366138989518,0.8203125,128,target_only,oracle_rank,[1.3688003830768506e-20],fee49949a82ef7edce2f80af49ef573be4c7050be40292e4794c0035bae2bbda,reversal,b69dbabfdf2d5605a1a55f61fddaef9b07f3b1a232308c811aa8600134e762f4,ae7a1d9f889281593b3a688d3ff2eb5efd4820018060eaf104f212354fc56f9f,b69dbabfdf2d5605a1a55f61fddaef9b07f3b1a232308c811aa8600134e762f4,ae7a1d9f889281593b3a688d3ff2eb5efd4820018060eaf104f212354fc56f9f,a73f46b0bec5c8fcd6f0cfc49f18a9b277dea0f272a86ec06ed9c323d26f32eb,0.0,False
89,2,reversal,none,reversal,1.0,test,Oracle-Value+Residual,177520628,0.8449427821535966,0.9184157652846249,0.8114928584508332,0.8061023622047244,0.46153846153846156,0.00017929029264223754,-0.027394366138989518,0.8203125,128,target_only,oracle_value,[1.439541127556327e-20],fee49949a82ef7edce2f80af49ef573be4c7050be40292e4794c0035bae2bbda,reversal,b69dbabfdf2d5605a1a55f61fddaef9b07f3b1a232308c811aa8600134e762f4,ae7a1d9f889281593b3a688d3ff2eb5efd4820018060eaf104f212354fc56f9f,b69dbabfdf2d5605a1a55f61fddaef9b07f3b1a232308c811aa8600134e762f4,ae7a1d9f889281593b3a688d3ff2eb5efd4820018060eaf104f212354fc56f9f,a73f46b0bec5c8fcd6f0cfc49f18a9b277dea0f272a86ec06ed9c323d26f32eb,0.0,False
89,2,reversal,none,reversal,1.0,test,Oracle-Rank+Value+Residual,177520628,0.8449427821535966,0.9184157652846249,0.8114928584508332,0.8061023622047244,0.46153846153846156,0.00017929029264223754,-0.027394366138989518,0.8203125,128,target_only,oracle_rank|oracle_value,"[3.000350810322049e-20, 5.433467685464688e-20]",fee49949a82ef7edce2f80af49ef573be4c7050be40292e4794c0035bae2bbda,reversal,b69dbabfdf2d5605a1a55f61fddaef9b07f3b1a232308c811aa8600134e762f4,ae7a1d9f889281593b3a688d3ff2eb5efd4820018060eaf104f212354fc56f9f,b69dbabfdf2d5605a1a55f61fddaef9b07f3b1a232308c811aa8600134e762f4,ae7a1d9f889281593b3a688d3ff2eb5efd4820018060eaf104f212354fc56f9f,a73f46b0bec5c8fcd6f0cfc49f18a9b277dea0f272a86ec06ed9c323d26f32eb,0.0,False
89,2,independent_expert,none,independent_expert,0.35,test,Target-Only,585509341,0.6925481950193815,0.9045688282902062,0.9215059055118109,0.874507874015748,0.46153846153846156,0.04140468855874105,-2.0418806029504655,1.0,128,target_only,none,[],4455efef432426747ff3058953e99f67491b08b1ba9504ef47aea691ab2059e7,independent_expert,b69dbabfdf2d5605a1a55f61fddaef9b07f3b1a232308c811aa8600134e762f4,87ffd8e3ca3cfabd3d40c36ff2dc49fa6eaba825f2fe07d531a9193e9f897f28,b69dbabfdf2d5605a1a55f61fddaef9b07f3b1a232308c811aa8600134e762f4,87ffd8e3ca3cfabd3d40c36ff2dc49fa6eaba825f2fe07d531a9193e9f897f28,7ec9bac29e5544fd1361a94b4c2736cb4b68eb135dde8eba60496ea16d129bd7,0.0,False
89,2,independent_expert,none,independent_expert,0.35,test,Geometry-Prior+Residual,585509341,0.6461557842256322,0.8590289631172574,0.8033956692913384,0.7958907480314961,0.46153846153846156,0.0945329445639482,-2.1831519618771824,0.8984375,128,calibrated,geometry,[0.20080339910607067],4455efef432426747ff3058953e99f67491b08b1ba9504ef47aea691ab2059e7,independent_expert,b69dbabfdf2d5605a1a55f61fddaef9b07f3b1a232308c811aa8600134e762f4,87ffd8e3ca3cfabd3d40c36ff2dc49fa6eaba825f2fe07d531a9193e9f897f28,b69dbabfdf2d5605a1a55f61fddaef9b07f3b1a232308c811aa8600134e762f4,87ffd8e3ca3cfabd3d40c36ff2dc49fa6eaba825f2fe07d531a9193e9f897f28,7ec9bac29e5544fd1361a94b4c2736cb4b68eb135dde8eba60496ea16d129bd7,-0.04639241079374923,False
89,2,independent_expert,none,independent_expert,0.35,test,Oracle-Rank+Residual,585509341,1.1621419303276495,0.5511486894076155,0.4114058780443142,0.6151574803149606,0.0,0.73053111232809,-1.5712929135755525,0.8671875,128,calibrated,oracle_rank,[0.027832039580868044],4455efef432426747ff3058953e99f67491b08b1ba9504ef47aea691ab2059e7,independent_expert,b69dbabfdf2d5605a1a55f61fddaef9b07f3b1a232308c811aa8600134e762f4,87ffd8e3ca3cfabd3d40c36ff2dc49fa6eaba825f2fe07d531a9193e9f897f28,b69dbabfdf2d5605a1a55f61fddaef9b07f3b1a232308c811aa8600134e762f4,87ffd8e3ca3cfabd3d40c36ff2dc49fa6eaba825f2fe07d531a9193e9f897f28,7ec9bac29e5544fd1361a94b4c2736cb4b68eb135dde8eba60496ea16d129bd7,0.469593735308268,True
89,2,independent_expert,none,independent_expert,0.35,test,Oracle-Value+Residual,585509341,1.3595569306458433,0.4943868555028644,0.1429683208203626,0.5330954724409449,0.0,0.8213664351435318,-1.2889848130777806,0.7734375,128,calibrated,oracle_value,[0.03583196615095528],4455efef432426747ff3058953e99f67491b08b1ba9504ef47aea691ab2059e7,independent_expert,b69dbabfdf2d5605a1a55f61fddaef9b07f3b1a232308c811aa8600134e762f4,87ffd8e3ca3cfabd3d40c36ff2dc49fa6eaba825f2fe07d531a9193e9f897f28,b69dbabfdf2d5605a1a55f61fddaef9b07f3b1a232308c811aa8600134e762f4,87ffd8e3ca3cfabd3d40c36ff2dc49fa6eaba825f2fe07d531a9193e9f897f28,7ec9bac29e5544fd1361a94b4c2736cb4b68eb135dde8eba60496ea16d129bd7,0.6670087356264618,True
89,2,independent_expert,none,independent_expert,0.35,test,Oracle-Rank+Value+Residual,585509341,1.3595569306458657,0.4943868555028644,0.1429683208203626,0.5330954724409449,0.0,0.8213664351435318,-1.2889848130780863,0.7734375,128,calibrated,oracle_rank|oracle_value,"[5.003570314155611e-13, 0.03583196615049524]",4455efef432426747ff3058953e99f67491b08b1ba9504ef47aea691ab2059e7,independent_expert,b69dbabfdf2d5605a1a55f61fddaef9b07f3b1a232308c811aa8600134e762f4,87ffd8e3ca3cfabd3d40c36ff2dc49fa6eaba825f2fe07d531a9193e9f897f28,b69dbabfdf2d5605a1a55f61fddaef9b07f3b1a232308c811aa8600134e762f4,87ffd8e3ca3cfabd3d40c36ff2dc49fa6eaba825f2fe07d531a9193e9f897f28,7ec9bac29e5544fd1361a94b4c2736cb4b68eb135dde8eba60496ea16d129bd7,0.6670087356264842,True
89,2,independent_expert,none,independent_expert,0.7,test,Target-Only,217212035,1.2103355522891046,0.8610269233651637,0.8606997344808642,0.8396899606299213,0.38461538461538464,0.187908345906025,-0.8670541026105211,0.8828125,128,target_only,none,[],4455efef432426747ff3058953e99f67491b08b1ba9504ef47aea691ab2059e7,independent_expert,b69dbabfdf2d5605a1a55f61fddaef9b07f3b1a232308c811aa8600134e762f4,830317dda8d524826f95ea1feee241ee2f4509a44f5dd10972a897db5d6ac249,b69dbabfdf2d5605a1a55f61fddaef9b07f3b1a232308c811aa8600134e762f4,830317dda8d524826f95ea1feee241ee2f4509a44f5dd10972a897db5d6ac249,f28885012b965a50b81bd95ed047364a385c13e006de7c114a9f2745d8e12511,0.0,False
89,2,independent_expert,none,independent_expert,0.7,test,Geometry-Prior+Residual,217212035,1.0486099899370327,0.9471386171775198,0.8759899743636697,0.8576525590551181,0.7692307692307693,0.07909313042865145,-0.801263715383275,0.7265625,128,calibrated,geometry,[0.20080339910607067],4455efef432426747ff3058953e99f67491b08b1ba9504ef47aea691ab2059e7,independent_expert,b69dbabfdf2d5605a1a55f61fddaef9b07f3b1a232308c811aa8600134e762f4,830317dda8d524826f95ea1feee241ee2f4509a44f5dd10972a897db5d6ac249,b69dbabfdf2d5605a1a55f61fddaef9b07f3b1a232308c811aa8600134e762f4,830317dda8d524826f95ea1feee241ee2f4509a44f5dd10972a897db5d6ac249,f28885012b965a50b81bd95ed047364a385c13e006de7c114a9f2745d8e12511,-0.16172556235207192,False
89,2,independent_expert,none,independent_expert,0.7,test,Oracle-Rank+Residual,217212035,1.0039377808867025,0.8871656972935168,0.864327733015931,0.84498031496063,0.46153846153846156,0.1064281530930969,-1.0963726398528517,0.9453125,128,calibrated,oracle_rank,[0.027832039580868044],4455efef432426747ff3058953e99f67491b08b1ba9504ef47aea691ab2059e7,independent_expert,b69dbabfdf2d5605a1a55f61fddaef9b07f3b1a232308c811aa8600134e762f4,830317dda8d524826f95ea1feee241ee2f4509a44f5dd10972a897db5d6ac249,b69dbabfdf2d5605a1a55f61fddaef9b07f3b1a232308c811aa8600134e762f4,830317dda8d524826f95ea1feee241ee2f4509a44f5dd10972a897db5d6ac249,f28885012b965a50b81bd95ed047364a385c13e006de7c114a9f2745d8e12511,-0.20639777140240212,False
89,2,independent_expert,none,independent_expert,0.7,test,Oracle-Value+Residual,217212035,0.9576698455213242,0.9196821010011105,0.8490203259476286,0.8291092519685039,0.5384615384615384,0.07189959638410115,-1.1419092886603337,0.9375,128,calibrated,oracle_value,[0.03583196615095528],4455efef432426747ff3058953e99f67491b08b1ba9504ef47aea691ab2059e7,independent_expert,b69dbabfdf2d5605a1a55f61fddaef9b07f3b1a232308c811aa8600134e762f4,830317dda8d524826f95ea1feee241ee2f4509a44f5dd10972a897db5d6ac249,b69dbabfdf2d5605a1a55f61fddaef9b07f3b1a232308c811aa8600134e762f4,830317dda8d524826f95ea1feee241ee2f4509a44f5dd10972a897db5d6ac249,f28885012b965a50b81bd95ed047364a385c13e006de7c114a9f2745d8e12511,-0.25266570676778044,False
89,2,independent_expert,none,independent_expert,0.7,test,Oracle-Rank+Value+Residual,217212035,0.9576698455213275,0.9196821010011105,0.8490203259476286,0.8291092519685039,0.5384615384615384,0.07189959638410115,-1.1419092886602447,0.9375,128,calibrated,oracle_rank|oracle_value,"[5.003570314155611e-13, 0.03583196615049524]",4455efef432426747ff3058953e99f67491b08b1ba9504ef47aea691ab2059e7,independent_expert,b69dbabfdf2d5605a1a55f61fddaef9b07f3b1a232308c811aa8600134e762f4,830317dda8d524826f95ea1feee241ee2f4509a44f5dd10972a897db5d6ac249,b69dbabfdf2d5605a1a55f61fddaef9b07f3b1a232308c811aa8600134e762f4,830317dda8d524826f95ea1feee241ee2f4509a44f5dd10972a897db5d6ac249,f28885012b965a50b81bd95ed047364a385c13e006de7c114a9f2745d8e12511,-0.2526657067677771,False
89,2,independent_expert,none,independent_expert,1.0,test,Target-Only,530431237,0.8449427821535966,0.8072132408076016,0.8114928584508332,0.8061023622047244,0.23076923076923078,0.22907858343956494,-0.027394366138989518,0.8203125,128,target_only,none,[],4455efef432426747ff3058953e99f67491b08b1ba9504ef47aea691ab2059e7,independent_expert,b69dbabfdf2d5605a1a55f61fddaef9b07f3b1a232308c811aa8600134e762f4,ae7a1d9f889281593b3a688d3ff2eb5efd4820018060eaf104f212354fc56f9f,b69dbabfdf2d5605a1a55f61fddaef9b07f3b1a232308c811aa8600134e762f4,ae7a1d9f889281593b3a688d3ff2eb5efd4820018060eaf104f212354fc56f9f,b2854591021791862ccb638c5758830039bb1e2477683428a3ebbf36b141750e,0.0,False
89,2,independent_expert,none,independent_expert,1.0,test,Geometry-Prior+Residual,530431237,0.5578981523519091,0.9107160548177609,0.8767167185497161,0.859005905511811,0.46153846153846156,0.039129349787094696,-0.1508026249645571,0.75,128,calibrated,geometry,[0.20080339910607067],4455efef432426747ff3058953e99f67491b08b1ba9504ef47aea691ab2059e7,independent_expert,b69dbabfdf2d5605a1a55f61fddaef9b07f3b1a232308c811aa8600134e762f4,ae7a1d9f889281593b3a688d3ff2eb5efd4820018060eaf104f212354fc56f9f,b69dbabfdf2d5605a1a55f61fddaef9b07f3b1a232308c811aa8600134e762f4,ae7a1d9f889281593b3a688d3ff2eb5efd4820018060eaf104f212354fc56f9f,b2854591021791862ccb638c5758830039bb1e2477683428a3ebbf36b141750e,-0.28704462980168755,False
89,2,independent_expert,none,independent_expert,1.0,test,Oracle-Rank+Residual,530431237,0.8940020729303001,0.8425549069286652,0.8222337941768906,0.811638779527559,0.3076923076923077,0.11699682227341027,0.1095468288170687,0.78125,128,calibrated,oracle_rank,[0.027832039580868044],4455efef432426747ff3058953e99f67491b08b1ba9504ef47aea691ab2059e7,independent_expert,b69dbabfdf2d5605a1a55f61fddaef9b07f3b1a232308c811aa8600134e762f4,ae7a1d9f889281593b3a688d3ff2eb5efd4820018060eaf104f212354fc56f9f,b69dbabfdf2d5605a1a55f61fddaef9b07f3b1a232308c811aa8600134e762f4,ae7a1d9f889281593b3a688d3ff2eb5efd4820018060eaf104f212354fc56f9f,b2854591021791862ccb638c5758830039bb1e2477683428a3ebbf36b141750e,0.04905929077670346,True
89,2,independent_expert,none,independent_expert,1.0,test,Oracle-Value+Residual,530431237,0.9137331772655857,0.885503518396844,0.8216272202893241,0.811638779527559,0.46153846153846156,0.09966658003791556,0.19565899132776282,0.7734375,128,calibrated,oracle_value,[0.03583196615095528],4455efef432426747ff3058953e99f67491b08b1ba9504ef47aea691ab2059e7,independent_expert,b69dbabfdf2d5605a1a55f61fddaef9b07f3b1a232308c811aa8600134e762f4,ae7a1d9f889281593b3a688d3ff2eb5efd4820018060eaf104f212354fc56f9f,b69dbabfdf2d5605a1a55f61fddaef9b07f3b1a232308c811aa8600134e762f4,ae7a1d9f889281593b3a688d3ff2eb5efd4820018060eaf104f212354fc56f9f,b2854591021791862ccb638c5758830039bb1e2477683428a3ebbf36b141750e,0.06879039511198903,True
89,2,independent_expert,none,independent_expert,1.0,test,Oracle-Rank+Value+Residual,530431237,0.9137331772656279,0.885503518396844,0.8216272202893241,0.811638779527559,0.46153846153846156,0.09966658003791556,0.1956589913275441,0.7734375,128,calibrated,oracle_rank|oracle_value,"[5.003570314155611e-13, 0.03583196615049524]",4455efef432426747ff3058953e99f67491b08b1ba9504ef47aea691ab2059e7,independent_expert,b69dbabfdf2d5605a1a55f61fddaef9b07f3b1a232308c811aa8600134e762f4,ae7a1d9f889281593b3a688d3ff2eb5efd4820018060eaf104f212354fc56f9f,b69dbabfdf2d5605a1a55f61fddaef9b07f3b1a232308c811aa8600134e762f4,ae7a1d9f889281593b3a688d3ff2eb5efd4820018060eaf104f212354fc56f9f,b2854591021791862ccb638c5758830039bb1e2477683428a3ebbf36b141750e,0.06879039511203122,True
107,2,identity,none,identity,0.35,test,Target-Only,2119105972,0.6886305482962521,0.8565933965063418,0.8807510071415492,0.8426427165354331,0.38461538461538464,0.18599193984265852,-2.0960083618582006,1.0,128,target_only,none,[],05b778448cd4426a1f8d2ec35e358fd9b089177972be36e66d043be6ef363162,identity,3f54a03f83ce6e8cee6ed854e60e618204416938a6c14635a074c4aa064aaf4f,4b204212949a7d23fc0e348efc492273dd6e2be6268ecea4f83baf3577cb22a3,3f54a03f83ce6e8cee6ed854e60e618204416938a6c14635a074c4aa064aaf4f,4b204212949a7d23fc0e348efc492273dd6e2be6268ecea4f83baf3577cb22a3,80cab40b5f516fb7596aace0f9d0a8109c199057b20d9391d28cdb34f3f6b778,0.0,False
107,2,identity,none,identity,0.35,test,Geometry-Prior+Residual,2119105972,0.6689562986901822,0.8715016352981197,0.893574894707929,0.8516240157480315,0.38461538461538464,0.0972395812154369,-1.6256701033848797,0.640625,128,calibrated,geometry,[0.2743828855181248],05b778448cd4426a1f8d2ec35e358fd9b089177972be36e66d043be6ef363162,identity,3f54a03f83ce6e8cee6ed854e60e618204416938a6c14635a074c4aa064aaf4f,4b204212949a7d23fc0e348efc492273dd6e2be6268ecea4f83baf3577cb22a3,3f54a03f83ce6e8cee6ed854e60e618204416938a6c14635a074c4aa064aaf4f,4b204212949a7d23fc0e348efc492273dd6e2be6268ecea4f83baf3577cb22a3,80cab40b5f516fb7596aace0f9d0a8109c199057b20d9391d28cdb34f3f6b778,-0.019674249606069893,False
107,2,identity,none,identity,0.35,test,Oracle-Rank+Residual,2119105972,0.37567069573667705,0.9942010179968458,0.882004211682842,0.8671259842519685,0.9230769230769231,0.0,-2.647332663556727,0.7734375,128,calibrated,oracle_rank,[0.28726862928964314],05b778448cd4426a1f8d2ec35e358fd9b089177972be36e66d043be6ef363162,identity,3f54a03f83ce6e8cee6ed854e60e618204416938a6c14635a074c4aa064aaf4f,4b204212949a7d23fc0e348efc492273dd6e2be6268ecea4f83baf3577cb22a3,3f54a03f83ce6e8cee6ed854e60e618204416938a6c14635a074c4aa064aaf4f,4b204212949a7d23fc0e348efc492273dd6e2be6268ecea4f83baf3577cb22a3,80cab40b5f516fb7596aace0f9d0a8109c199057b20d9391d28cdb34f3f6b778,-0.3129598525595751,False
107,2,identity,none,identity,0.35,test,Oracle-Value+Residual,2119105972,0.05476765333780699,0.9999524415537059,0.97792299945065,0.9544783464566929,1.0,0.0,-4.596998326865553,1.0,128,calibrated,oracle_value,[0.29446193221569483],05b778448cd4426a1f8d2ec35e358fd9b089177972be36e66d043be6ef363162,identity,3f54a03f83ce6e8cee6ed854e60e618204416938a6c14635a074c4aa064aaf4f,4b204212949a7d23fc0e348efc492273dd6e2be6268ecea4f83baf3577cb22a3,3f54a03f83ce6e8cee6ed854e60e618204416938a6c14635a074c4aa064aaf4f,4b204212949a7d23fc0e348efc492273dd6e2be6268ecea4f83baf3577cb22a3,80cab40b5f516fb7596aace0f9d0a8109c199057b20d9391d28cdb34f3f6b778,-0.6338628949584452,False
107,2,identity,none,identity,0.35,test,Oracle-Rank+Value+Residual,2119105972,0.1509198847905249,0.9999227549237298,0.9440578648599157,0.9174458661417323,1.0,0.0,-3.704212287716526,0.890625,128,calibrated,oracle_rank|oracle_value,"[0.11503417143121994, 0.19040629736773504]",05b778448cd4426a1f8d2ec35e358fd9b089177972be36e66d043be6ef363162,identity,3f54a03f83ce6e8cee6ed854e60e618204416938a6c14635a074c4aa064aaf4f,4b204212949a7d23fc0e348efc492273dd6e2be6268ecea4f83baf3577cb22a3,3f54a03f83ce6e8cee6ed854e60e618204416938a6c14635a074c4aa064aaf4f,4b204212949a7d23fc0e348efc492273dd6e2be6268ecea4f83baf3577cb22a3,80cab40b5f516fb7596aace0f9d0a8109c199057b20d9391d28cdb34f3f6b778,-0.5377106635057273,False
107,2,identity,none,identity,0.7,test,Target-Only,1479052559,1.6609417816023822,0.8524743803800507,0.7667666178355612,0.7883858267716536,0.38461538461538464,0.3142487482118171,-0.65009481973402,0.78125,128,target_only,none,[],05b778448cd4426a1f8d2ec35e358fd9b089177972be36e66d043be6ef363162,identity,3f54a03f83ce6e8cee6ed854e60e618204416938a6c14635a074c4aa064aaf4f,b5c88a3c4dab575d271c54d5a2a68f8a4c5cc580f6a122a6fef9e5353e4e4ce0,3f54a03f83ce6e8cee6ed854e60e618204416938a6c14635a074c4aa064aaf4f,b5c88a3c4dab575d271c54d5a2a68f8a4c5cc580f6a122a6fef9e5353e4e4ce0,7556e6e291620d06fb441944ba2ed543da8821a26131cdc95c822856847d9e36,0.0,False
107,2,identity,none,identity,0.7,test,Geometry-Prior+Residual,1479052559,1.0617513484048542,0.9418665027500914,0.8884991301959348,0.8562992125984252,0.46153846153846156,0.046120943007018377,0.054288944191270394,0.5546875,128,calibrated,geometry,[0.2743828855181248],05b778448cd4426a1f8d2ec35e358fd9b089177972be36e66d043be6ef363162,identity,3f54a03f83ce6e8cee6ed854e60e618204416938a6c14635a074c4aa064aaf4f,b5c88a3c4dab575d271c54d5a2a68f8a4c5cc580f6a122a6fef9e5353e4e4ce0,3f54a03f83ce6e8cee6ed854e60e618204416938a6c14635a074c4aa064aaf4f,b5c88a3c4dab575d271c54d5a2a68f8a4c5cc580f6a122a6fef9e5353e4e4ce0,7556e6e291620d06fb441944ba2ed543da8821a26131cdc95c822856847d9e36,-0.599190433197528,False
107,2,identity,none,identity,0.7,test,Oracle-Rank+Residual,1479052559,0.9535797868362678,0.9968580956122407,0.8457757278886651,0.8543307086614174,0.9230769230769231,0.0,1.4133903913859571,0.5859375,128,calibrated,oracle_rank,[0.28726862928964314],05b778448cd4426a1f8d2ec35e358fd9b089177972be36e66d043be6ef363162,identity,3f54a03f83ce6e8cee6ed854e60e618204416938a6c14635a074c4aa064aaf4f,b5c88a3c4dab575d271c54d5a2a68f8a4c5cc580f6a122a6fef9e5353e4e4ce0,3f54a03f83ce6e8cee6ed854e60e618204416938a6c14635a074c4aa064aaf4f,b5c88a3c4dab575d271c54d5a2a68f8a4c5cc580f6a122a6fef9e5353e4e4ce0,7556e6e291620d06fb441944ba2ed543da8821a26131cdc95c822856847d9e36,-0.7073619947661144,False
107,2,identity,none,identity,0.7,test,Oracle-Value+Residual,1479052559,0.1691218845032975,0.9999630507997244,0.9592737136055667,0.9279035433070866,1.0,0.0,-2.7763050490745442,0.7890625,128,calibrated,oracle_value,[0.29446193221569483],05b778448cd4426a1f8d2ec35e358fd9b089177972be36e66d043be6ef363162,identity,3f54a03f83ce6e8cee6ed854e60e618204416938a6c14635a074c4aa064aaf4f,b5c88a3c4dab575d271c54d5a2a68f8a4c5cc580f6a122a6fef9e5353e4e4ce0,3f54a03f83ce6e8cee6ed854e60e618204416938a6c14635a074c4aa064aaf4f,b5c88a3c4dab575d271c54d5a2a68f8a4c5cc580f6a122a6fef9e5353e4e4ce0,7556e6e291620d06fb441944ba2ed543da8821a26131cdc95c822856847d9e36,-1.4918198970990846,False
107,2,identity,none,identity,0.7,test,Oracle-Rank+Value+Residual,1479052559,0.4124748411206246,0.9980707631078982,0.932647408899469,0.9041584645669292,0.9230769230769231,0.0,-0.012241587745460247,0.6015625,128,calibrated,oracle_rank|oracle_value,"[0.11503417143121994, 0.19040629736773504]",05b778448cd4426a1f8d2ec35e358fd9b089177972be36e66d043be6ef363162,identity,3f54a03f83ce6e8cee6ed854e60e618204416938a6c14635a074c4aa064aaf4f,b5c88a3c4dab575d271c54d5a2a68f8a4c5cc580f6a122a6fef9e5353e4e4ce0,3f54a03f83ce6e8cee6ed854e60e618204416938a6c14635a074c4aa064aaf4f,b5c88a3c4dab575d271c54d5a2a68f8a4c5cc580f6a122a6fef9e5353e4e4ce0,7556e6e291620d06fb441944ba2ed543da8821a26131cdc95c822856847d9e36,-1.2484669404817574,False
107,2,identity,none,identity,1.0,test,Target-Only,444867878,0.8646398071140501,0.8769328215359657,0.6750309009338948,0.7598425196850394,0.46153846153846156,0.18132965955320202,-0.07994365348560567,0.7890625,128,target_only,none,[],05b778448cd4426a1f8d2ec35e358fd9b089177972be36e66d043be6ef363162,identity,3f54a03f83ce6e8cee6ed854e60e618204416938a6c14635a074c4aa064aaf4f,446047008219d27f45dc8bc6c586694e24c855390c742567b04ff4149274b3ac,3f54a03f83ce6e8cee6ed854e60e618204416938a6c14635a074c4aa064aaf4f,446047008219d27f45dc8bc6c586694e24c855390c742567b04ff4149274b3ac,3fb0a2722ecf2937fc7d059ec6198c076d6ca47f513f1ace0d04cea28c605f90,0.0,False
107,2,identity,none,identity,1.0,test,Geometry-Prior+Residual,444867878,0.7835290035508378,0.7004845255199534,0.739533739241897,0.7892470472440944,0.15384615384615385,0.3071334613379764,2.9518098176631353,0.25,128,calibrated,geometry,[0.2743828855181248],05b778448cd4426a1f8d2ec35e358fd9b089177972be36e66d043be6ef363162,identity,3f54a03f83ce6e8cee6ed854e60e618204416938a6c14635a074c4aa064aaf4f,446047008219d27f45dc8bc6c586694e24c855390c742567b04ff4149274b3ac,3f54a03f83ce6e8cee6ed854e60e618204416938a6c14635a074c4aa064aaf4f,446047008219d27f45dc8bc6c586694e24c855390c742567b04ff4149274b3ac,3fb0a2722ecf2937fc7d059ec6198c076d6ca47f513f1ace0d04cea28c605f90,-0.08111080356321232,False
107,2,identity,none,identity,1.0,test,Oracle-Rank+Residual,444867878,0.4419827713750881,0.9960329643567821,0.9335687145211501,0.8981299212598425,0.9230769230769231,0.0,2.6910222217299253,0.6484375,128,calibrated,oracle_rank,[0.28726862928964314],05b778448cd4426a1f8d2ec35e358fd9b089177972be36e66d043be6ef363162,identity,3f54a03f83ce6e8cee6ed854e60e618204416938a6c14635a074c4aa064aaf4f,446047008219d27f45dc8bc6c586694e24c855390c742567b04ff4149274b3ac,3f54a03f83ce6e8cee6ed854e60e618204416938a6c14635a074c4aa064aaf4f,446047008219d27f45dc8bc6c586694e24c855390c742567b04ff4149274b3ac,3fb0a2722ecf2937fc7d059ec6198c076d6ca47f513f1ace0d04cea28c605f90,-0.42265703573896196,False
107,2,identity,none,identity,1.0,test,Oracle-Value+Residual,444867878,0.09821365771718546,0.9982053082462792,0.9861518036989563,0.9634596456692913,0.9230769230769231,0.0,-1.328392729508303,0.671875,128,calibrated,oracle_value,[0.29446193221569483],05b778448cd4426a1f8d2ec35e358fd9b089177972be36e66d043be6ef363162,identity,3f54a03f83ce6e8cee6ed854e60e618204416938a6c14635a074c4aa064aaf4f,446047008219d27f45dc8bc6c586694e24c855390c742567b04ff4149274b3ac,3f54a03f83ce6e8cee6ed854e60e618204416938a6c14635a074c4aa064aaf4f,446047008219d27f45dc8bc6c586694e24c855390c742567b04ff4149274b3ac,3fb0a2722ecf2937fc7d059ec6198c076d6ca47f513f1ace0d04cea28c605f90,-0.7664261493968646,False
107,2,identity,none,identity,1.0,test,Oracle-Rank+Value+Residual,444867878,0.19488265862993923,0.9971383889536614,0.9794451565647317,0.9504183070866141,0.9230769230769231,0.0,1.4834977985603115,0.6953125,128,calibrated,oracle_rank|oracle_value,"[0.11503417143121994, 0.19040629736773504]",05b778448cd4426a1f8d2ec35e358fd9b089177972be36e66d043be6ef363162,identity,3f54a03f83ce6e8cee6ed854e60e618204416938a6c14635a074c4aa064aaf4f,446047008219d27f45dc8bc6c586694e24c855390c742567b04ff4149274b3ac,3f54a03f83ce6e8cee6ed854e60e618204416938a6c14635a074c4aa064aaf4f,446047008219d27f45dc8bc6c586694e24c855390c742567b04ff4149274b3ac,3fb0a2722ecf2937fc7d059ec6198c076d6ca47f513f1ace0d04cea28c605f90,-0.6697571484841108,False
107,2,identity,identity_label_permutation,identity_label_permutation,0.35,test,Target-Only,1215076995,0.6886305482962521,0.8565933965063418,0.8807510071415492,0.8426427165354331,0.38461538461538464,0.18599193984265852,-2.0960083618582006,1.0,128,target_only,none,[],b2b455208c9c6d68bc13d3cc49fb83de2cd4e08b961e9bff00e9100ea03064b0,identity,3f54a03f83ce6e8cee6ed854e60e618204416938a6c14635a074c4aa064aaf4f,4b204212949a7d23fc0e348efc492273dd6e2be6268ecea4f83baf3577cb22a3,3f54a03f83ce6e8cee6ed854e60e618204416938a6c14635a074c4aa064aaf4f,4b204212949a7d23fc0e348efc492273dd6e2be6268ecea4f83baf3577cb22a3,80cab40b5f516fb7596aace0f9d0a8109c199057b20d9391d28cdb34f3f6b778,0.0,False
107,2,identity,identity_label_permutation,identity_label_permutation,0.35,test,Geometry-Prior+Residual,1215076995,0.6689562986901822,0.8715016352981197,0.893574894707929,0.8516240157480315,0.38461538461538464,0.0972395812154369,-1.6256701033848797,0.640625,128,calibrated,geometry,[0.2743828855181248],b2b455208c9c6d68bc13d3cc49fb83de2cd4e08b961e9bff00e9100ea03064b0,identity,3f54a03f83ce6e8cee6ed854e60e618204416938a6c14635a074c4aa064aaf4f,4b204212949a7d23fc0e348efc492273dd6e2be6268ecea4f83baf3577cb22a3,3f54a03f83ce6e8cee6ed854e60e618204416938a6c14635a074c4aa064aaf4f,4b204212949a7d23fc0e348efc492273dd6e2be6268ecea4f83baf3577cb22a3,80cab40b5f516fb7596aace0f9d0a8109c199057b20d9391d28cdb34f3f6b778,-0.019674249606069893,False
107,2,identity,identity_label_permutation,identity_label_permutation,0.35,test,Oracle-Rank+Residual,1215076995,0.7385416420041632,0.8587616149850843,0.7085698590001831,0.7449557086614174,0.23076923076923078,0.1313140499199597,-1.7090520364658823,0.8828125,128,calibrated,oracle_rank,[0.04131523359283382],b2b455208c9c6d68bc13d3cc49fb83de2cd4e08b961e9bff00e9100ea03064b0,identity,3f54a03f83ce6e8cee6ed854e60e618204416938a6c14635a074c4aa064aaf4f,4b204212949a7d23fc0e348efc492273dd6e2be6268ecea4f83baf3577cb22a3,3f54a03f83ce6e8cee6ed854e60e618204416938a6c14635a074c4aa064aaf4f,4b204212949a7d23fc0e348efc492273dd6e2be6268ecea4f83baf3577cb22a3,80cab40b5f516fb7596aace0f9d0a8109c199057b20d9391d28cdb34f3f6b778,0.049911093707911025,True
107,2,identity,identity_label_permutation,identity_label_permutation,0.35,test,Oracle-Value+Residual,1215076995,0.6886305478696233,0.8565933965063418,0.8807510071415492,0.8426427165354331,0.38461538461538464,0.18599193984265852,-2.096008362002436,1.0,128,calibrated,oracle_value,[2.4615370089481624e-11],b2b455208c9c6d68bc13d3cc49fb83de2cd4e08b961e9bff00e9100ea03064b0,identity,3f54a03f83ce6e8cee6ed854e60e618204416938a6c14635a074c4aa064aaf4f,4b204212949a7d23fc0e348efc492273dd6e2be6268ecea4f83baf3577cb22a3,3f54a03f83ce6e8cee6ed854e60e618204416938a6c14635a074c4aa064aaf4f,4b204212949a7d23fc0e348efc492273dd6e2be6268ecea4f83baf3577cb22a3,80cab40b5f516fb7596aace0f9d0a8109c199057b20d9391d28cdb34f3f6b778,-4.2662884336408524e-10,False
107,2,identity,identity_label_permutation,identity_label_permutation,0.35,test,Oracle-Rank+Value+Residual,1215076995,0.7385416419270077,0.8587616149850843,0.7085698590001831,0.7449557086614174,0.23076923076923078,0.1313140499199597,-1.7090520365717143,0.8828125,128,calibrated,oracle_rank|oracle_value,"[0.0413152335782422, 1.0654753635178403e-11]",b2b455208c9c6d68bc13d3cc49fb83de2cd4e08b961e9bff00e9100ea03064b0,identity,3f54a03f83ce6e8cee6ed854e60e618204416938a6c14635a074c4aa064aaf4f,4b204212949a7d23fc0e348efc492273dd6e2be6268ecea4f83baf3577cb22a3,3f54a03f83ce6e8cee6ed854e60e618204416938a6c14635a074c4aa064aaf4f,4b204212949a7d23fc0e348efc492273dd6e2be6268ecea4f83baf3577cb22a3,80cab40b5f516fb7596aace0f9d0a8109c199057b20d9391d28cdb34f3f6b778,0.04991109363075552,True
107,2,identity,identity_label_permutation,identity_label_permutation,0.7,test,Target-Only,854149835,1.6609417816023822,0.8524743803800507,0.7667666178355612,0.7883858267716536,0.38461538461538464,0.3142487482118171,-0.65009481973402,0.78125,128,target_only,none,[],b2b455208c9c6d68bc13d3cc49fb83de2cd4e08b961e9bff00e9100ea03064b0,identity,3f54a03f83ce6e8cee6ed854e60e618204416938a6c14635a074c4aa064aaf4f,b5c88a3c4dab575d271c54d5a2a68f8a4c5cc580f6a122a6fef9e5353e4e4ce0,3f54a03f83ce6e8cee6ed854e60e618204416938a6c14635a074c4aa064aaf4f,b5c88a3c4dab575d271c54d5a2a68f8a4c5cc580f6a122a6fef9e5353e4e4ce0,7556e6e291620d06fb441944ba2ed543da8821a26131cdc95c822856847d9e36,0.0,False
107,2,identity,identity_label_permutation,identity_label_permutation,0.7,test,Geometry-Prior+Residual,854149835,1.0617513484048542,0.9418665027500914,0.8884991301959348,0.8562992125984252,0.46153846153846156,0.046120943007018377,0.054288944191270394,0.5546875,128,calibrated,geometry,[0.2743828855181248],b2b455208c9c6d68bc13d3cc49fb83de2cd4e08b961e9bff00e9100ea03064b0,identity,3f54a03f83ce6e8cee6ed854e60e618204416938a6c14635a074c4aa064aaf4f,b5c88a3c4dab575d271c54d5a2a68f8a4c5cc580f6a122a6fef9e5353e4e4ce0,3f54a03f83ce6e8cee6ed854e60e618204416938a6c14635a074c4aa064aaf4f,b5c88a3c4dab575d271c54d5a2a68f8a4c5cc580f6a122a6fef9e5353e4e4ce0,7556e6e291620d06fb441944ba2ed543da8821a26131cdc95c822856847d9e36,-0.599190433197528,False
107,2,identity,identity_label_permutation,identity_label_permutation,0.7,test,Oracle-Rank+Residual,854149835,2.015512924040208,0.8588225756644194,0.6839120582310931,0.7696850393700787,0.38461538461538464,0.45713659426216385,-0.2240413944772359,0.765625,128,calibrated,oracle_rank,[0.04131523359283382],b2b455208c9c6d68bc13d3cc49fb83de2cd4e08b961e9bff00e9100ea03064b0,identity,3f54a03f83ce6e8cee6ed854e60e618204416938a6c14635a074c4aa064aaf4f,b5c88a3c4dab575d271c54d5a2a68f8a4c5cc580f6a122a6fef9e5353e4e4ce0,3f54a03f83ce6e8cee6ed854e60e618204416938a6c14635a074c4aa064aaf4f,b5c88a3c4dab575d271c54d5a2a68f8a4c5cc580f6a122a6fef9e5353e4e4ce0,7556e6e291620d06fb441944ba2ed543da8821a26131cdc95c822856847d9e36,0.35457114243782595,True
107,2,identity,identity_label_permutation,identity_label_permutation,0.7,test,Oracle-Value+Residual,854149835,1.6609417817133754,0.8524743803800507,0.7667666178355612,0.7883858267716536,0.38461538461538464,0.3142487482118171,-0.6500948196530101,0.78125,128,calibrated,oracle_value,[2.4615370089481624e-11],b2b455208c9c6d68bc13d3cc49fb83de2cd4e08b961e9bff00e9100ea03064b0,identity,3f54a03f83ce6e8cee6ed854e60e618204416938a6c14635a074c4aa064aaf4f,b5c88a3c4dab575d271c54d5a2a68f8a4c5cc580f6a122a6fef9e5353e4e4ce0,3f54a03f83ce6e8cee6ed854e60e618204416938a6c14635a074c4aa064aaf4f,b5c88a3c4dab575d271c54d5a2a68f8a4c5cc580f6a122a6fef9e5353e4e4ce0,7556e6e291620d06fb441944ba2ed543da8821a26131cdc95c822856847d9e36,1.1099321461927047e-10,False
107,2,identity,identity_label_permutation,identity_label_permutation,0.7,test,Oracle-Rank+Value+Residual,854149835,2.015512923989834,0.8588225756644194,0.6839120582310931,0.7696850393700787,0.38461538461538464,0.45713659426216385,-0.22404139453854222,0.765625,128,calibrated,oracle_rank|oracle_value,"[0.0413152335782422, 1.0654753635178403e-11]",b2b455208c9c6d68bc13d3cc49fb83de2cd4e08b961e9bff00e9100ea03064b0,identity,3f54a03f83ce6e8cee6ed854e60e618204416938a6c14635a074c4aa064aaf4f,b5c88a3c4dab575d271c54d5a2a68f8a4c5cc580f6a122a6fef9e5353e4e4ce0,3f54a03f83ce6e8cee6ed854e60e618204416938a6c14635a074c4aa064aaf4f,b5c88a3c4dab575d271c54d5a2a68f8a4c5cc580f6a122a6fef9e5353e4e4ce0,7556e6e291620d06fb441944ba2ed543da8821a26131cdc95c822856847d9e36,0.354571142387452,True
107,2,identity,identity_label_permutation,identity_label_permutation,1.0,test,Target-Only,2098260394,0.8646398071140501,0.8769328215359657,0.6750309009338948,0.7598425196850394,0.46153846153846156,0.18132965955320202,-0.07994365348560567,0.7890625,128,target_only,none,[],b2b455208c9c6d68bc13d3cc49fb83de2cd4e08b961e9bff00e9100ea03064b0,identity,3f54a03f83ce6e8cee6ed854e60e618204416938a6c14635a074c4aa064aaf4f,446047008219d27f45dc8bc6c586694e24c855390c742567b04ff4149274b3ac,3f54a03f83ce6e8cee6ed854e60e618204416938a6c14635a074c4aa064aaf4f,446047008219d27f45dc8bc6c586694e24c855390c742567b04ff4149274b3ac,3fb0a2722ecf2937fc7d059ec6198c076d6ca47f513f1ace0d04cea28c605f90,0.0,False
107,2,identity,identity_label_permutation,identity_label_permutation,1.0,test,Geometry-Prior+Residual,2098260394,0.7835290035508378,0.7004845255199534,0.739533739241897,0.7892470472440944,0.15384615384615385,0.3071334613379764,2.9518098176631353,0.25,128,calibrated,geometry,[0.2743828855181248],b2b455208c9c6d68bc13d3cc49fb83de2cd4e08b961e9bff00e9100ea03064b0,identity,3f54a03f83ce6e8cee6ed854e60e618204416938a6c14635a074c4aa064aaf4f,446047008219d27f45dc8bc6c586694e24c855390c742567b04ff4149274b3ac,3f54a03f83ce6e8cee6ed854e60e618204416938a6c14635a074c4aa064aaf4f,446047008219d27f45dc8bc6c586694e24c855390c742567b04ff4149274b3ac,3fb0a2722ecf2937fc7d059ec6198c076d6ca47f513f1ace0d04cea28c605f90,-0.08111080356321232,False
107,2,identity,identity_label_permutation,identity_label_permutation,1.0,test,Oracle-Rank+Residual,2098260394,0.9597452261075861,0.9102873497012982,0.6225450924739058,0.7367125984251969,0.5384615384615384,0.015124148009364758,0.3200423099653086,0.7578125,128,calibrated,oracle_rank,[0.04131523359283382],b2b455208c9c6d68bc13d3cc49fb83de2cd4e08b961e9bff00e9100ea03064b0,identity,3f54a03f83ce6e8cee6ed854e60e618204416938a6c14635a074c4aa064aaf4f,446047008219d27f45dc8bc6c586694e24c855390c742567b04ff4149274b3ac,3f54a03f83ce6e8cee6ed854e60e618204416938a6c14635a074c4aa064aaf4f,446047008219d27f45dc8bc6c586694e24c855390c742567b04ff4149274b3ac,3fb0a2722ecf2937fc7d059ec6198c076d6ca47f513f1ace0d04cea28c605f90,0.09510541899353597,True
107,2,identity,identity_label_permutation,identity_label_permutation,1.0,test,Oracle-Value+Residual,2098260394,0.8646398071434657,0.8769328215359657,0.6750309009338948,0.7598425196850394,0.46153846153846156,0.18132965955320202,-0.07994365338360493,0.7890625,128,calibrated,oracle_value,[2.4615370089481624e-11],b2b455208c9c6d68bc13d3cc49fb83de2cd4e08b961e9bff00e9100ea03064b0,identity,3f54a03f83ce6e8cee6ed854e60e618204416938a6c14635a074c4aa064aaf4f,446047008219d27f45dc8bc6c586694e24c855390c742567b04ff4149274b3ac,3f54a03f83ce6e8cee6ed854e60e618204416938a6c14635a074c4aa064aaf4f,446047008219d27f45dc8bc6c586694e24c855390c742567b04ff4149274b3ac,3fb0a2722ecf2937fc7d059ec6198c076d6ca47f513f1ace0d04cea28c605f90,2.941558108204845e-11,False
107,2,identity,identity_label_permutation,identity_label_permutation,1.0,test,Oracle-Rank+Value+Residual,2098260394,0.9597452260918412,0.9102873497012982,0.6225450924739058,0.7367125984251969,0.5384615384615384,0.015124148009364758,0.3200423098727983,0.7578125,128,calibrated,oracle_rank|oracle_value,"[0.0413152335782422, 1.0654753635178403e-11]",b2b455208c9c6d68bc13d3cc49fb83de2cd4e08b961e9bff00e9100ea03064b0,identity,3f54a03f83ce6e8cee6ed854e60e618204416938a6c14635a074c4aa064aaf4f,446047008219d27f45dc8bc6c586694e24c855390c742567b04ff4149274b3ac,3f54a03f83ce6e8cee6ed854e60e618204416938a6c14635a074c4aa064aaf4f,446047008219d27f45dc8bc6c586694e24c855390c742567b04ff4149274b3ac,3fb0a2722ecf2937fc7d059ec6198c076d6ca47f513f1ace0d04cea28c605f90,0.09510541897779112,True
107,2,output_affine,none,output_affine,0.35,test,Target-Only,1607451807,0.6886305482962507,0.8565933965063418,0.8807510071415492,0.8426427165354331,0.38461538461538464,0.1859919398426583,-1.179717629984047,1.0,128,target_only,none,[],05b778448cd4426a1f8d2ec35e358fd9b089177972be36e66d043be6ef363162,output_affine,3f54a03f83ce6e8cee6ed854e60e618204416938a6c14635a074c4aa064aaf4f,4b204212949a7d23fc0e348efc492273dd6e2be6268ecea4f83baf3577cb22a3,3f54a03f83ce6e8cee6ed854e60e618204416938a6c14635a074c4aa064aaf4f,4b204212949a7d23fc0e348efc492273dd6e2be6268ecea4f83baf3577cb22a3,ed26660381c4100409a1df7d13c70f2d9e9f25043d19f2f6d339e05e7d8358ed,0.0,False
107,2,output_affine,none,output_affine,0.35,test,Geometry-Prior+Residual,1607451807,0.6689562986901815,0.8715016352981197,0.893574894707929,0.8516240157480315,0.38461538461538464,0.09723958121543691,-0.7093793715107313,0.640625,128,calibrated,geometry,[0.6859572137953119],05b778448cd4426a1f8d2ec35e358fd9b089177972be36e66d043be6ef363162,output_affine,3f54a03f83ce6e8cee6ed854e60e618204416938a6c14635a074c4aa064aaf4f,4b204212949a7d23fc0e348efc492273dd6e2be6268ecea4f83baf3577cb22a3,3f54a03f83ce6e8cee6ed854e60e618204416938a6c14635a074c4aa064aaf4f,4b204212949a7d23fc0e348efc492273dd6e2be6268ecea4f83baf3577cb22a3,ed26660381c4100409a1df7d13c70f2d9e9f25043d19f2f6d339e05e7d8358ed,-0.019674249606069227,False
107,2,output_affine,none,output_affine,0.35,test,Oracle-Rank+Residual,1607451807,0.3756706957366762,0.9942010179968458,0.882004211682842,0.8671259842519685,0.9230769230769231,0.0,-1.7310419316825811,0.7734375,128,calibrated,oracle_rank,[0.7181715732241079],05b778448cd4426a1f8d2ec35e358fd9b089177972be36e66d043be6ef363162,output_affine,3f54a03f83ce6e8cee6ed854e60e618204416938a6c14635a074c4aa064aaf4f,4b204212949a7d23fc0e348efc492273dd6e2be6268ecea4f83baf3577cb22a3,3f54a03f83ce6e8cee6ed854e60e618204416938a6c14635a074c4aa064aaf4f,4b204212949a7d23fc0e348efc492273dd6e2be6268ecea4f83baf3577cb22a3,ed26660381c4100409a1df7d13c70f2d9e9f25043d19f2f6d339e05e7d8358ed,-0.3129598525595745,False
107,2,output_affine,none,output_affine,0.35,test,Oracle-Value+Residual,1607451807,0.05476765333780584,0.9999524415537059,0.97792299945065,0.9544783464566929,1.0,0.0,-3.6807075949914037,1.0,128,calibrated,oracle_value,[0.7361548305392371],05b778448cd4426a1f8d2ec35e358fd9b089177972be36e66d043be6ef363162,output_affine,3f54a03f83ce6e8cee6ed854e60e618204416938a6c14635a074c4aa064aaf4f,4b204212949a7d23fc0e348efc492273dd6e2be6268ecea4f83baf3577cb22a3,3f54a03f83ce6e8cee6ed854e60e618204416938a6c14635a074c4aa064aaf4f,4b204212949a7d23fc0e348efc492273dd6e2be6268ecea4f83baf3577cb22a3,ed26660381c4100409a1df7d13c70f2d9e9f25043d19f2f6d339e05e7d8358ed,-0.6338628949584448,False
107,2,output_affine,none,output_affine,0.35,test,Oracle-Rank+Value+Residual,1607451807,0.15091988479052368,0.9999227549237298,0.9440578648599157,0.9174458661417323,1.0,0.0,-2.7879215558423907,0.890625,128,calibrated,oracle_rank|oracle_value,"[0.28758542857805025, 0.4760157434193377]",05b778448cd4426a1f8d2ec35e358fd9b089177972be36e66d043be6ef363162,output_affine,3f54a03f83ce6e8cee6ed854e60e618204416938a6c14635a074c4aa064aaf4f,4b204212949a7d23fc0e348efc492273dd6e2be6268ecea4f83baf3577cb22a3,3f54a03f83ce6e8cee6ed854e60e618204416938a6c14635a074c4aa064aaf4f,4b204212949a7d23fc0e348efc492273dd6e2be6268ecea4f83baf3577cb22a3,ed26660381c4100409a1df7d13c70f2d9e9f25043d19f2f6d339e05e7d8358ed,-0.537710663505727,False
107,2,output_affine,none,output_affine,0.7,test,Target-Only,65932226,1.6609417816023826,0.8524743803800507,0.7667666178355612,0.7883858267716536,0.38461538461538464,0.3142487482118178,0.26619591214013566,0.78125,128,target_only,none,[],05b778448cd4426a1f8d2ec35e358fd9b089177972be36e66d043be6ef363162,output_affine,3f54a03f83ce6e8cee6ed854e60e618204416938a6c14635a074c4aa064aaf4f,b5c88a3c4dab575d271c54d5a2a68f8a4c5cc580f6a122a6fef9e5353e4e4ce0,3f54a03f83ce6e8cee6ed854e60e618204416938a6c14635a074c4aa064aaf4f,b5c88a3c4dab575d271c54d5a2a68f8a4c5cc580f6a122a6fef9e5353e4e4ce0,9b48632461ecc307943269f389e5cee31108505aef747fa45c54729af5472d4b,0.0,False
107,2,output_affine,none,output_affine,0.7,test,Geometry-Prior+Residual,65932226,1.0617513484048544,0.9418665027500914,0.8884991301959348,0.8562992125984252,0.46153846153846156,0.04612094300701898,0.9705796760654284,0.5546875,128,calibrated,geometry,[0.6859572137953119],05b778448cd4426a1f8d2ec35e358fd9b089177972be36e66d043be6ef363162,output_affine,3f54a03f83ce6e8cee6ed854e60e618204416938a6c14635a074c4aa064aaf4f,b5c88a3c4dab575d271c54d5a2a68f8a4c5cc580f6a122a6fef9e5353e4e4ce0,3f54a03f83ce6e8cee6ed854e60e618204416938a6c14635a074c4aa064aaf4f,b5c88a3c4dab575d271c54d5a2a68f8a4c5cc580f6a122a6fef9e5353e4e4ce0,9b48632461ecc307943269f389e5cee31108505aef747fa45c54729af5472d4b,-0.5991904331975282,False
107,2,output_affine,none,output_affine,0.7,test,Oracle-Rank+Residual,65932226,0.9535797868362684,0.9968580956122407,0.8457757278886651,0.8543307086614174,0.9230769230769231,0.0,2.32968112326011,0.5859375,128,calibrated,oracle_rank,[0.7181715732241079],05b778448cd4426a1f8d2ec35e358fd9b089177972be36e66d043be6ef363162,output_affine,3f54a03f83ce6e8cee6ed854e60e618204416938a6c14635a074c4aa064aaf4f,b5c88a3c4dab575d271c54d5a2a68f8a4c5cc580f6a122a6fef9e5353e4e4ce0,3f54a03f83ce6e8cee6ed854e60e618204416938a6c14635a074c4aa064aaf4f,b5c88a3c4dab575d271c54d5a2a68f8a4c5cc580f6a122a6fef9e5353e4e4ce0,9b48632461ecc307943269f389e5cee31108505aef747fa45c54729af5472d4b,-0.7073619947661142,False
107,2,output_affine,none,output_affine,0.7,test,Oracle-Value+Residual,65932226,0.16912188450329732,0.9999630507997244,0.9592737136055667,0.9279035433070866,1.0,0.0,-1.8600143172003853,0.7890625,128,calibrated,oracle_value,[0.7361548305392371],05b778448cd4426a1f8d2ec35e358fd9b089177972be36e66d043be6ef363162,output_affine,3f54a03f83ce6e8cee6ed854e60e618204416938a6c14635a074c4aa064aaf4f,b5c88a3c4dab575d271c54d5a2a68f8a4c5cc580f6a122a6fef9e5353e4e4ce0,3f54a03f83ce6e8cee6ed854e60e618204416938a6c14635a074c4aa064aaf4f,b5c88a3c4dab575d271c54d5a2a68f8a4c5cc580f6a122a6fef9e5353e4e4ce0,9b48632461ecc307943269f389e5cee31108505aef747fa45c54729af5472d4b,-1.4918198970990852,False
107,2,output_affine,none,output_affine,0.7,test,Oracle-Rank+Value+Residual,65932226,0.4124748411206249,0.9980707631078982,0.932647408899469,0.9041584645669292,0.9230769230769231,0.0,0.9040491441286984,0.6015625,128,calibrated,oracle_rank|oracle_value,"[0.28758542857805025, 0.4760157434193377]",05b778448cd4426a1f8d2ec35e358fd9b089177972be36e66d043be6ef363162,output_affine,3f54a03f83ce6e8cee6ed854e60e618204416938a6c14635a074c4aa064aaf4f,b5c88a3c4dab575d271c54d5a2a68f8a4c5cc580f6a122a6fef9e5353e4e4ce0,3f54a03f83ce6e8cee6ed854e60e618204416938a6c14635a074c4aa064aaf4f,b5c88a3c4dab575d271c54d5a2a68f8a4c5cc580f6a122a6fef9e5353e4e4ce0,9b48632461ecc307943269f389e5cee31108505aef747fa45c54729af5472d4b,-1.2484669404817577,False
107,2,output_affine,none,output_affine,1.0,test,Target-Only,397049450,0.86463980711405,0.8769328215359657,0.6750309009338948,0.7598425196850394,0.46153846153846156,0.18132965955320166,0.8363470783885502,0.7890625,128,target_only,none,[],05b778448cd4426a1f8d2ec35e358fd9b089177972be36e66d043be6ef363162,output_affine,3f54a03f83ce6e8cee6ed854e60e618204416938a6c14635a074c4aa064aaf4f,446047008219d27f45dc8bc6c586694e24c855390c742567b04ff4149274b3ac,3f54a03f83ce6e8cee6ed854e60e618204416938a6c14635a074c4aa064aaf4f,446047008219d27f45dc8bc6c586694e24c855390c742567b04ff4149274b3ac,2b712f1dc724498e93da6324d62e7164e3442293b1b2ae5df943608b935bfb99,0.0,False
107,2,output_affine,none,output_affine,1.0,test,Geometry-Prior+Residual,397049450,0.7835290035508375,0.7004845255199534,0.739533739241897,0.7892470472440944,0.15384615384615385,0.30713346133797625,3.868100549537291,0.25,128,calibrated,geometry,[0.6859572137953119],05b778448cd4426a1f8d2ec35e358fd9b089177972be36e66d043be6ef363162,output_affine,3f54a03f83ce6e8cee6ed854e60e618204416938a6c14635a074c4aa064aaf4f,446047008219d27f45dc8bc6c586694e24c855390c742567b04ff4149274b3ac,3f54a03f83ce6e8cee6ed854e60e618204416938a6c14635a074c4aa064aaf4f,446047008219d27f45dc8bc6c586694e24c855390c742567b04ff4149274b3ac,2b712f1dc724498e93da6324d62e7164e3442293b1b2ae5df943608b935bfb99,-0.08111080356321243,False
107,2,output_affine,none,output_affine,1.0,test,Oracle-Rank+Residual,397049450,0.44198277137508807,0.9960329643567821,0.9335687145211501,0.8981299212598425,0.9230769230769231,0.0,3.607312953604077,0.6484375,128,calibrated,oracle_rank,[0.7181715732241079],05b778448cd4426a1f8d2ec35e358fd9b089177972be36e66d043be6ef363162,output_affine,3f54a03f83ce6e8cee6ed854e60e618204416938a6c14635a074c4aa064aaf4f,446047008219d27f45dc8bc6c586694e24c855390c742567b04ff4149274b3ac,3f54a03f83ce6e8cee6ed854e60e618204416938a6c14635a074c4aa064aaf4f,446047008219d27f45dc8bc6c586694e24c855390c742567b04ff4149274b3ac,2b712f1dc724498e93da6324d62e7164e3442293b1b2ae5df943608b935bfb99,-0.4226570357389619,False
107,2,output_affine,none,output_affine,1.0,test,Oracle-Value+Residual,397049450,0.0982136577171855,0.9982053082462792,0.9861518036989563,0.9634596456692913,0.9230769230769231,0.0,-0.4121019976341245,0.671875,128,calibrated,oracle_value,[0.7361548305392371],05b778448cd4426a1f8d2ec35e358fd9b089177972be36e66d043be6ef363162,output_affine,3f54a03f83ce6e8cee6ed854e60e618204416938a6c14635a074c4aa064aaf4f,446047008219d27f45dc8bc6c586694e24c855390c742567b04ff4149274b3ac,3f54a03f83ce6e8cee6ed854e60e618204416938a6c14635a074c4aa064aaf4f,446047008219d27f45dc8bc6c586694e24c855390c742567b04ff4149274b3ac,2b712f1dc724498e93da6324d62e7164e3442293b1b2ae5df943608b935bfb99,-0.7664261493968645,False
107,2,output_affine,none,output_affine,1.0,test,Oracle-Rank+Value+Residual,397049450,0.19488265862993898,0.9971383889536614,0.9794451565647317,0.9504183070866141,0.9230769230769231,0.0,2.399788530434445,0.6953125,128,calibrated,oracle_rank|oracle_value,"[0.28758542857805025, 0.4760157434193377]",05b778448cd4426a1f8d2ec35e358fd9b089177972be36e66d043be6ef363162,output_affine,3f54a03f83ce6e8cee6ed854e60e618204416938a6c14635a074c4aa064aaf4f,446047008219d27f45dc8bc6c586694e24c855390c742567b04ff4149274b3ac,3f54a03f83ce6e8cee6ed854e60e618204416938a6c14635a074c4aa064aaf4f,446047008219d27f45dc8bc6c586694e24c855390c742567b04ff4149274b3ac,2b712f1dc724498e93da6324d62e7164e3442293b1b2ae5df943608b935bfb99,-0.6697571484841109,False
107,2,scale_0.7,none,scale_0.7,0.35,test,Target-Only,847503302,0.4194604851784363,0.933233851241058,0.9107592473905878,0.8700787401574803,0.5384615384615384,0.037365892320905585,-2.8637021998346057,1.0,128,target_only,none,[],05b778448cd4426a1f8d2ec35e358fd9b089177972be36e66d043be6ef363162,scale_0.7,97a71c6c6b4b90ccc3659ff0ee669bc8bfa426ddb12ab7525f981862b2b605ee,4f89f362bfb9dea490247c59c7df5e1309fe4d47800d612b050292a912d812d7,3f54a03f83ce6e8cee6ed854e60e618204416938a6c14635a074c4aa064aaf4f,4b204212949a7d23fc0e348efc492273dd6e2be6268ecea4f83baf3577cb22a3,11757839785f7725d55de2d6375a6de738ba750a8cd7f314789393ded625247c,0.0,False
107,2,scale_0.7,none,scale_0.7,0.35,test,Geometry-Prior+Residual,847503302,0.5023879149081094,0.9274485737013612,0.872030076908991,0.8419045275590551,0.46153846153846156,0.0,-1.4776671175189384,0.6640625,128,calibrated,geometry,[0.13514488331482571],05b778448cd4426a1f8d2ec35e358fd9b089177972be36e66d043be6ef363162,scale_0.7,97a71c6c6b4b90ccc3659ff0ee669bc8bfa426ddb12ab7525f981862b2b605ee,4f89f362bfb9dea490247c59c7df5e1309fe4d47800d612b050292a912d812d7,3f54a03f83ce6e8cee6ed854e60e618204416938a6c14635a074c4aa064aaf4f,4b204212949a7d23fc0e348efc492273dd6e2be6268ecea4f83baf3577cb22a3,11757839785f7725d55de2d6375a6de738ba750a8cd7f314789393ded625247c,0.0829274297296731,True
107,2,scale_0.7,none,scale_0.7,0.35,test,Oracle-Rank+Residual,847503302,0.16482809842788354,0.9890024673156577,0.9787355795641823,0.9414370078740157,0.8461538461538461,0.0,-3.872940681125589,0.90625,128,calibrated,oracle_rank,[0.139601442420209],05b778448cd4426a1f8d2ec35e358fd9b089177972be36e66d043be6ef363162,scale_0.7,97a71c6c6b4b90ccc3659ff0ee669bc8bfa426ddb12ab7525f981862b2b605ee,4f89f362bfb9dea490247c59c7df5e1309fe4d47800d612b050292a912d812d7,3f54a03f83ce6e8cee6ed854e60e618204416938a6c14635a074c4aa064aaf4f,4b204212949a7d23fc0e348efc492273dd6e2be6268ecea4f83baf3577cb22a3,11757839785f7725d55de2d6375a6de738ba750a8cd7f314789393ded625247c,-0.2546323867505528,False
107,2,scale_0.7,none,scale_0.7,0.35,test,Oracle-Value+Residual,847503302,0.031517010239763714,0.9996143810754038,0.9985007324665812,0.9879429133858267,1.0,0.0,-5.420708904936123,1.0,128,calibrated,oracle_value,[0.14250721576319095],05b778448cd4426a1f8d2ec35e358fd9b089177972be36e66d043be6ef363162,scale_0.7,97a71c6c6b4b90ccc3659ff0ee669bc8bfa426ddb12ab7525f981862b2b605ee,4f89f362bfb9dea490247c59c7df5e1309fe4d47800d612b050292a912d812d7,3f54a03f83ce6e8cee6ed854e60e618204416938a6c14635a074c4aa064aaf4f,4b204212949a7d23fc0e348efc492273dd6e2be6268ecea4f83baf3577cb22a3,11757839785f7725d55de2d6375a6de738ba750a8cd7f314789393ded625247c,-0.3879434749386726,False
107,2,scale_0.7,none,scale_0.7,0.35,test,Oracle-Rank+Value+Residual,847503302,0.0687923193719353,0.9951790154383076,0.9948612891411829,0.9741633858267716,0.9230769230769231,0.0,-4.741724150271194,0.8984375,128,calibrated,oracle_rank|oracle_value,"[0.058763960038846846, 0.08932972615529602]",05b778448cd4426a1f8d2ec35e358fd9b089177972be36e66d043be6ef363162,scale_0.7,97a71c6c6b4b90ccc3659ff0ee669bc8bfa426ddb12ab7525f981862b2b605ee,4f89f362bfb9dea490247c59c7df5e1309fe4d47800d612b050292a912d812d7,3f54a03f83ce6e8cee6ed854e60e618204416938a6c14635a074c4aa064aaf4f,4b204212949a7d23fc0e348efc492273dd6e2be6268ecea4f83baf3577cb22a3,11757839785f7725d55de2d6375a6de738ba750a8cd7f314789393ded625247c,-0.350668165806501,False
107,2,scale_0.7,none,scale_0.7,0.7,test,Target-Only,923763213,0.6608639243348275,0.9626495965385988,0.680043719099066,0.750369094488189,0.6923076923076923,0.09826586366301442,-2.0330843410983883,1.0,128,target_only,none,[],05b778448cd4426a1f8d2ec35e358fd9b089177972be36e66d043be6ef363162,scale_0.7,97a71c6c6b4b90ccc3659ff0ee669bc8bfa426ddb12ab7525f981862b2b605ee,adafe7b1a5029ba96cc06fa50747f0e02c744cb03560fc0d4323142816b4c9b4,3f54a03f83ce6e8cee6ed854e60e618204416938a6c14635a074c4aa064aaf4f,b5c88a3c4dab575d271c54d5a2a68f8a4c5cc580f6a122a6fef9e5353e4e4ce0,e3f2678d92ddd40eed5fa4aa2017491289c9d9d05e85ab00d428dce7485b12cf,0.0,False
107,2,scale_0.7,none,scale_0.7,0.7,test,Geometry-Prior+Residual,923763213,0.751852726949393,0.8932430859152821,0.5494071598608313,0.6849163385826772,0.3076923076923077,0.029627805309400002,0.9351408581268117,0.53125,128,calibrated,geometry,[0.13514488331482571],05b778448cd4426a1f8d2ec35e358fd9b089177972be36e66d043be6ef363162,scale_0.7,97a71c6c6b4b90ccc3659ff0ee669bc8bfa426ddb12ab7525f981862b2b605ee,adafe7b1a5029ba96cc06fa50747f0e02c744cb03560fc0d4323142816b4c9b4,3f54a03f83ce6e8cee6ed854e60e618204416938a6c14635a074c4aa064aaf4f,b5c88a3c4dab575d271c54d5a2a68f8a4c5cc580f6a122a6fef9e5353e4e4ce0,e3f2678d92ddd40eed5fa4aa2017491289c9d9d05e85ab00d428dce7485b12cf,0.09098880261456543,True
107,2,scale_0.7,none,scale_0.7,0.7,test,Oracle-Rank+Residual,923763213,0.5718953972675543,0.9863721791762123,0.9321209485442227,0.8917322834645669,0.7692307692307693,0.0,-0.9604020772282632,0.6015625,128,calibrated,oracle_rank,[0.139601442420209],05b778448cd4426a1f8d2ec35e358fd9b089177972be36e66d043be6ef363162,scale_0.7,97a71c6c6b4b90ccc3659ff0ee669bc8bfa426ddb12ab7525f981862b2b605ee,adafe7b1a5029ba96cc06fa50747f0e02c744cb03560fc0d4323142816b4c9b4,3f54a03f83ce6e8cee6ed854e60e618204416938a6c14635a074c4aa064aaf4f,b5c88a3c4dab575d271c54d5a2a68f8a4c5cc580f6a122a6fef9e5353e4e4ce0,e3f2678d92ddd40eed5fa4aa2017491289c9d9d05e85ab00d428dce7485b12cf,-0.0889685270672732,False
107,2,scale_0.7,none,scale_0.7,0.7,test,Oracle-Value+Residual,923763213,0.058391788416582005,0.9985905983530038,0.9916853598242079,0.967888779527559,1.0,0.0046956233684676005,-4.552552502929105,1.0,128,calibrated,oracle_value,[0.14250721576319095],05b778448cd4426a1f8d2ec35e358fd9b089177972be36e66d043be6ef363162,scale_0.7,97a71c6c6b4b90ccc3659ff0ee669bc8bfa426ddb12ab7525f981862b2b605ee,adafe7b1a5029ba96cc06fa50747f0e02c744cb03560fc0d4323142816b4c9b4,3f54a03f83ce6e8cee6ed854e60e618204416938a6c14635a074c4aa064aaf4f,b5c88a3c4dab575d271c54d5a2a68f8a4c5cc580f6a122a6fef9e5353e4e4ce0,e3f2678d92ddd40eed5fa4aa2017491289c9d9d05e85ab00d428dce7485b12cf,-0.6024721359182456,False
107,2,scale_0.7,none,scale_0.7,0.7,test,Oracle-Rank+Value+Residual,923763213,0.2366626353863551,0.9952748260491762,0.9812534334370995,0.9459891732283464,0.9230769230769231,0.0,-2.009232360169322,0.6171875,128,calibrated,oracle_rank|oracle_value,"[0.058763960038846846, 0.08932972615529602]",05b778448cd4426a1f8d2ec35e358fd9b089177972be36e66d043be6ef363162,scale_0.7,97a71c6c6b4b90ccc3659ff0ee669bc8bfa426ddb12ab7525f981862b2b605ee,adafe7b1a5029ba96cc06fa50747f0e02c744cb03560fc0d4323142816b4c9b4,3f54a03f83ce6e8cee6ed854e60e618204416938a6c14635a074c4aa064aaf4f,b5c88a3c4dab575d271c54d5a2a68f8a4c5cc580f6a122a6fef9e5353e4e4ce0,e3f2678d92ddd40eed5fa4aa2017491289c9d9d05e85ab00d428dce7485b12cf,-0.4242012889484724,False
107,2,scale_0.7,none,scale_0.7,1.0,test,Target-Only,463150278,0.6487839513490852,0.970386932922948,0.7542231276323017,0.797244094488189,0.6923076923076923,0.018749390472756162,-1.7111963671584984,1.0,128,target_only,none,[],05b778448cd4426a1f8d2ec35e358fd9b089177972be36e66d043be6ef363162,scale_0.7,97a71c6c6b4b90ccc3659ff0ee669bc8bfa426ddb12ab7525f981862b2b605ee,b5c88a3c4dab575d271c54d5a2a68f8a4c5cc580f6a122a6fef9e5353e4e4ce0,3f54a03f83ce6e8cee6ed854e60e618204416938a6c14635a074c4aa064aaf4f,446047008219d27f45dc8bc6c586694e24c855390c742567b04ff4149274b3ac,4f6524df2a441c920dcf258234b8e20c040990c40751e4c03ba55cf6b6dd4acf,0.0,False
107,2,scale_0.7,none,scale_0.7,1.0,test,Geometry-Prior+Residual,463150278,1.1434825892799647,0.8684910853940783,0.4516743728254898,0.6544045275590551,0.23076923076923078,0.3102280493809552,0.7942588359607561,0.3984375,128,calibrated,geometry,[0.13514488331482571],05b778448cd4426a1f8d2ec35e358fd9b089177972be36e66d043be6ef363162,scale_0.7,97a71c6c6b4b90ccc3659ff0ee669bc8bfa426ddb12ab7525f981862b2b605ee,b5c88a3c4dab575d271c54d5a2a68f8a4c5cc580f6a122a6fef9e5353e4e4ce0,3f54a03f83ce6e8cee6ed854e60e618204416938a6c14635a074c4aa064aaf4f,446047008219d27f45dc8bc6c586694e24c855390c742567b04ff4149274b3ac,4f6524df2a441c920dcf258234b8e20c040990c40751e4c03ba55cf6b6dd4acf,0.49469863793087954,True
107,2,scale_0.7,none,scale_0.7,1.0,test,Oracle-Rank+Residual,463150278,0.4196161374784281,0.9978743476391536,0.7477968778611975,0.7994586614173228,0.9230769230769231,0.0,-1.6240056493290496,0.6015625,128,calibrated,oracle_rank,[0.139601442420209],05b778448cd4426a1f8d2ec35e358fd9b089177972be36e66d043be6ef363162,scale_0.7,97a71c6c6b4b90ccc3659ff0ee669bc8bfa426ddb12ab7525f981862b2b605ee,b5c88a3c4dab575d271c54d5a2a68f8a4c5cc580f6a122a6fef9e5353e4e4ce0,3f54a03f83ce6e8cee6ed854e60e618204416938a6c14635a074c4aa064aaf4f,446047008219d27f45dc8bc6c586694e24c855390c742567b04ff4149274b3ac,4f6524df2a441c920dcf258234b8e20c040990c40751e4c03ba55cf6b6dd4acf,-0.2291678138706571,False
107,2,scale_0.7,none,scale_0.7,1.0,test,Oracle-Value+Residual,463150278,0.04888298043628433,0.9991693292889099,0.9725725599707012,0.9456200787401575,1.0,0.007366551635265138,-4.250933929145401,1.0,128,calibrated,oracle_value,[0.14250721576319095],05b778448cd4426a1f8d2ec35e358fd9b089177972be36e66d043be6ef363162,scale_0.7,97a71c6c6b4b90ccc3659ff0ee669bc8bfa426ddb12ab7525f981862b2b605ee,b5c88a3c4dab575d271c54d5a2a68f8a4c5cc580f6a122a6fef9e5353e4e4ce0,3f54a03f83ce6e8cee6ed854e60e618204416938a6c14635a074c4aa064aaf4f,446047008219d27f45dc8bc6c586694e24c855390c742567b04ff4149274b3ac,4f6524df2a441c920dcf258234b8e20c040990c40751e4c03ba55cf6b6dd4acf,-0.5999009709128008,False
107,2,scale_0.7,none,scale_0.7,1.0,test,Oracle-Rank+Value+Residual,463150278,0.1824179872906731,0.9999342500842545,0.8428515839589819,0.8543307086614174,1.0,0.0,-2.39540804713459,0.609375,128,calibrated,oracle_rank|oracle_value,"[0.058763960038846846, 0.08932972615529602]",05b778448cd4426a1f8d2ec35e358fd9b089177972be36e66d043be6ef363162,scale_0.7,97a71c6c6b4b90ccc3659ff0ee669bc8bfa426ddb12ab7525f981862b2b605ee,b5c88a3c4dab575d271c54d5a2a68f8a4c5cc580f6a122a6fef9e5353e4e4ce0,3f54a03f83ce6e8cee6ed854e60e618204416938a6c14635a074c4aa064aaf4f,446047008219d27f45dc8bc6c586694e24c855390c742567b04ff4149274b3ac,4f6524df2a441c920dcf258234b8e20c040990c40751e4c03ba55cf6b6dd4acf,-0.4663659640584121,False
107,2,scale_1.5,none,scale_1.5,0.35,test,Target-Only,1343704074,1.5826085640867904,0.719711708195104,0.3498271836659952,0.6133120078740157,0.3076923076923077,0.4035259888156376,-1.2391847321820875,1.0,128,target_only,none,[],05b778448cd4426a1f8d2ec35e358fd9b089177972be36e66d043be6ef363162,scale_1.5,0ea6baac2b3608f040938f4412cc1482dbb1e1cc7e0e14d4f1a7db33ecc70d4e,f10fcf13430e0daf024f09202482e7181757f3279693d282df2003624c7f69c6,3f54a03f83ce6e8cee6ed854e60e618204416938a6c14635a074c4aa064aaf4f,4b204212949a7d23fc0e348efc492273dd6e2be6268ecea4f83baf3577cb22a3,2151e14d2e87554771710e9dbf4edb8c4c6a2c19598dd08c11cd0511b3db180a,0.0,False
107,2,scale_1.5,none,scale_1.5,0.35,test,Geometry-Prior+Residual,1343704074,1.3995376701271398,0.8576976649197157,0.43416384361838495,0.625738188976378,0.46153846153846156,0.3967956035708278,0.5204760487598936,0.3828125,128,calibrated,geometry,[0.6009917524283468],05b778448cd4426a1f8d2ec35e358fd9b089177972be36e66d043be6ef363162,scale_1.5,0ea6baac2b3608f040938f4412cc1482dbb1e1cc7e0e14d4f1a7db33ecc70d4e,f10fcf13430e0daf024f09202482e7181757f3279693d282df2003624c7f69c6,3f54a03f83ce6e8cee6ed854e60e618204416938a6c14635a074c4aa064aaf4f,4b204212949a7d23fc0e348efc492273dd6e2be6268ecea4f83baf3577cb22a3,2151e14d2e87554771710e9dbf4edb8c4c6a2c19598dd08c11cd0511b3db180a,-0.1830708939596506,False
107,2,scale_1.5,none,scale_1.5,0.35,test,Oracle-Rank+Residual,1343704074,1.303538738859253,0.9205659500895804,0.7526551913568944,0.78001968503937,0.6153846153846154,0.015835153708160313,-1.1871339947096002,0.8046875,128,calibrated,oracle_rank,[0.505056982605591],05b778448cd4426a1f8d2ec35e358fd9b089177972be36e66d043be6ef363162,scale_1.5,0ea6baac2b3608f040938f4412cc1482dbb1e1cc7e0e14d4f1a7db33ecc70d4e,f10fcf13430e0daf024f09202482e7181757f3279693d282df2003624c7f69c6,3f54a03f83ce6e8cee6ed854e60e618204416938a6c14635a074c4aa064aaf4f,4b204212949a7d23fc0e348efc492273dd6e2be6268ecea4f83baf3577cb22a3,2151e14d2e87554771710e9dbf4edb8c4c6a2c19598dd08c11cd0511b3db180a,-0.2790698252275374,False
107,2,scale_1.5,none,scale_1.5,0.35,test,Oracle-Value+Residual,1343704074,0.7593994119202705,0.9807875261785636,0.7670813495696758,0.8008120078740157,0.8461538461538461,0.0051919422849806395,-1.704520192406811,0.8671875,128,calibrated,oracle_value,[0.5684018514053343],05b778448cd4426a1f8d2ec35e358fd9b089177972be36e66d043be6ef363162,scale_1.5,0ea6baac2b3608f040938f4412cc1482dbb1e1cc7e0e14d4f1a7db33ecc70d4e,f10fcf13430e0daf024f09202482e7181757f3279693d282df2003624c7f69c6,3f54a03f83ce6e8cee6ed854e60e618204416938a6c14635a074c4aa064aaf4f,4b204212949a7d23fc0e348efc492273dd6e2be6268ecea4f83baf3577cb22a3,2151e14d2e87554771710e9dbf4edb8c4c6a2c19598dd08c11cd0511b3db180a,-0.8232091521665199,False
107,2,scale_1.5,none,scale_1.5,0.35,test,Oracle-Rank+Value+Residual,1343704074,0.7712566680044792,0.9810872041194356,0.7759338948910457,0.8036417322834646,0.8461538461538461,0.0051919422849806395,-1.6798735131781597,0.8671875,128,calibrated,oracle_rank|oracle_value,"[0.022279030030977753, 0.548803158623233]",05b778448cd4426a1f8d2ec35e358fd9b089177972be36e66d043be6ef363162,scale_1.5,0ea6baac2b3608f040938f4412cc1482dbb1e1cc7e0e14d4f1a7db33ecc70d4e,f10fcf13430e0daf024f09202482e7181757f3279693d282df2003624c7f69c6,3f54a03f83ce6e8cee6ed854e60e618204416938a6c14635a074c4aa064aaf4f,4b204212949a7d23fc0e348efc492273dd6e2be6268ecea4f83baf3577cb22a3,2151e14d2e87554771710e9dbf4edb8c4c6a2c19598dd08c11cd0511b3db180a,-0.8113518960823112,False
107,2,scale_1.5,none,scale_1.5,0.7,test,Target-Only,682516212,0.6981555015092148,0.832728488877245,0.8663706280900934,0.8415354330708661,0.3076923076923077,0.2426340153228169,-0.4740747733629045,1.0,128,target_only,none,[],05b778448cd4426a1f8d2ec35e358fd9b089177972be36e66d043be6ef363162,scale_1.5,0ea6baac2b3608f040938f4412cc1482dbb1e1cc7e0e14d4f1a7db33ecc70d4e,b134094c5c5330d637848f64ae0102f4f242781c1428da650658794c81048876,3f54a03f83ce6e8cee6ed854e60e618204416938a6c14635a074c4aa064aaf4f,b5c88a3c4dab575d271c54d5a2a68f8a4c5cc580f6a122a6fef9e5353e4e4ce0,80a1e6e63a1b8ebeb3bea85940893cf0d3b4271ab74682507cc7b2355aec7018,0.0,False
107,2,scale_1.5,none,scale_1.5,0.7,test,Geometry-Prior+Residual,682516212,0.4430329119630635,0.8179917690483205,0.9335687145211501,0.8889025590551181,0.46153846153846156,0.26797854343916006,-0.5286877212530441,0.640625,128,calibrated,geometry,[0.6009917524283468],05b778448cd4426a1f8d2ec35e358fd9b089177972be36e66d043be6ef363162,scale_1.5,0ea6baac2b3608f040938f4412cc1482dbb1e1cc7e0e14d4f1a7db33ecc70d4e,b134094c5c5330d637848f64ae0102f4f242781c1428da650658794c81048876,3f54a03f83ce6e8cee6ed854e60e618204416938a6c14635a074c4aa064aaf4f,b5c88a3c4dab575d271c54d5a2a68f8a4c5cc580f6a122a6fef9e5353e4e4ce0,80a1e6e63a1b8ebeb3bea85940893cf0d3b4271ab74682507cc7b2355aec7018,-0.2551225895461513,False
107,2,scale_1.5,none,scale_1.5,0.7,test,Oracle-Rank+Residual,682516212,1.3154866061203474,0.8924167677568718,0.6401757919794909,0.7358513779527559,0.46153846153846156,0.015337287407595074,2.5308333291471614,0.359375,128,calibrated,oracle_rank,[0.505056982605591],05b778448cd4426a1f8d2ec35e358fd9b089177972be36e66d043be6ef363162,scale_1.5,0ea6baac2b3608f040938f4412cc1482dbb1e1cc7e0e14d4f1a7db33ecc70d4e,b134094c5c5330d637848f64ae0102f4f242781c1428da650658794c81048876,3f54a03f83ce6e8cee6ed854e60e618204416938a6c14635a074c4aa064aaf4f,b5c88a3c4dab575d271c54d5a2a68f8a4c5cc580f6a122a6fef9e5353e4e4ce0,80a1e6e63a1b8ebeb3bea85940893cf0d3b4271ab74682507cc7b2355aec7018,0.6173311046111326,True
107,2,scale_1.5,none,scale_1.5,0.7,test,Oracle-Value+Residual,682516212,0.9121600456778547,0.8919444405464801,0.8746738234755539,0.8494094488188977,0.6153846153846154,0.015337287407595074,2.4197190917403226,0.5078125,128,calibrated,oracle_value,[0.5684018514053343],05b778448cd4426a1f8d2ec35e358fd9b089177972be36e66d043be6ef363162,scale_1.5,0ea6baac2b3608f040938f4412cc1482dbb1e1cc7e0e14d4f1a7db33ecc70d4e,b134094c5c5330d637848f64ae0102f4f242781c1428da650658794c81048876,3f54a03f83ce6e8cee6ed854e60e618204416938a6c14635a074c4aa064aaf4f,b5c88a3c4dab575d271c54d5a2a68f8a4c5cc580f6a122a6fef9e5353e4e4ce0,80a1e6e63a1b8ebeb3bea85940893cf0d3b4271ab74682507cc7b2355aec7018,0.2140045441686399,True
107,2,scale_1.5,none,scale_1.5,0.7,test,Oracle-Rank+Value+Residual,682516212,0.9277508800194305,0.895744205300989,0.872745376304706,0.8480561023622047,0.6153846153846154,0.015337287407595074,2.459461544752836,0.5,128,calibrated,oracle_rank|oracle_value,"[0.022279030030977753, 0.548803158623233]",05b778448cd4426a1f8d2ec35e358fd9b089177972be36e66d043be6ef363162,scale_1.5,0ea6baac2b3608f040938f4412cc1482dbb1e1cc7e0e14d4f1a7db33ecc70d4e,b134094c5c5330d637848f64ae0102f4f242781c1428da650658794c81048876,3f54a03f83ce6e8cee6ed854e60e618204416938a6c14635a074c4aa064aaf4f,b5c88a3c4dab575d271c54d5a2a68f8a4c5cc580f6a122a6fef9e5353e4e4ce0,80a1e6e63a1b8ebeb3bea85940893cf0d3b4271ab74682507cc7b2355aec7018,0.22959537851021572,True
107,2,scale_1.5,none,scale_1.5,1.0,test,Target-Only,1007334747,0.731676689663697,0.8793806607410085,0.8006660867972899,0.8080708661417323,0.38461538461538464,0.1313317322064109,0.1251446861496831,0.890625,128,target_only,none,[],05b778448cd4426a1f8d2ec35e358fd9b089177972be36e66d043be6ef363162,scale_1.5,0ea6baac2b3608f040938f4412cc1482dbb1e1cc7e0e14d4f1a7db33ecc70d4e,39048eea318b366291936adc90c357be399d2df2d87e669f1c1c62c3748fd748,3f54a03f83ce6e8cee6ed854e60e618204416938a6c14635a074c4aa064aaf4f,446047008219d27f45dc8bc6c586694e24c855390c742567b04ff4149274b3ac,54833d0e21379c4ccf87c03995a69ac669e21b8104ff78bf156dfb6c8c9ebbd9,0.0,False
107,2,scale_1.5,none,scale_1.5,1.0,test,Geometry-Prior+Residual,1007334747,0.6567634487389975,0.7789880803716736,0.9185016480498077,0.8822588582677166,0.3076923076923077,0.1667675301587111,1.1481563069043927,0.5546875,128,calibrated,geometry,[0.6009917524283468],05b778448cd4426a1f8d2ec35e358fd9b089177972be36e66d043be6ef363162,scale_1.5,0ea6baac2b3608f040938f4412cc1482dbb1e1cc7e0e14d4f1a7db33ecc70d4e,39048eea318b366291936adc90c357be399d2df2d87e669f1c1c62c3748fd748,3f54a03f83ce6e8cee6ed854e60e618204416938a6c14635a074c4aa064aaf4f,446047008219d27f45dc8bc6c586694e24c855390c742567b04ff4149274b3ac,54833d0e21379c4ccf87c03995a69ac669e21b8104ff78bf156dfb6c8c9ebbd9,-0.07491324092469953,False
107,2,scale_1.5,none,scale_1.5,1.0,test,Oracle-Rank+Residual,1007334747,1.1355554950930133,0.8095805351736329,0.5219854422266983,0.6902066929133859,0.3076923076923077,0.1579280006916626,2.454960010316961,0.59375,128,calibrated,oracle_rank,[0.505056982605591],05b778448cd4426a1f8d2ec35e358fd9b089177972be36e66d043be6ef363162,scale_1.5,0ea6baac2b3608f040938f4412cc1482dbb1e1cc7e0e14d4f1a7db33ecc70d4e,39048eea318b366291936adc90c357be399d2df2d87e669f1c1c62c3748fd748,3f54a03f83ce6e8cee6ed854e60e618204416938a6c14635a074c4aa064aaf4f,446047008219d27f45dc8bc6c586694e24c855390c742567b04ff4149274b3ac,54833d0e21379c4ccf87c03995a69ac669e21b8104ff78bf156dfb6c8c9ebbd9,0.4038788054293163,True
107,2,scale_1.5,none,scale_1.5,1.0,test,Oracle-Value+Residual,1007334747,0.9449783722719569,0.885532894490731,0.6964326588536898,0.7675935039370079,0.5384615384615384,0.1313317322064109,2.8428040379894894,0.625,128,calibrated,oracle_value,[0.5684018514053343],05b778448cd4426a1f8d2ec35e358fd9b089177972be36e66d043be6ef363162,scale_1.5,0ea6baac2b3608f040938f4412cc1482dbb1e1cc7e0e14d4f1a7db33ecc70d4e,39048eea318b366291936adc90c357be399d2df2d87e669f1c1c62c3748fd748,3f54a03f83ce6e8cee6ed854e60e618204416938a6c14635a074c4aa064aaf4f,446047008219d27f45dc8bc6c586694e24c855390c742567b04ff4149274b3ac,54833d0e21379c4ccf87c03995a69ac669e21b8104ff78bf156dfb6c8c9ebbd9,0.21330168260825988,True
107,2,scale_1.5,none,scale_1.5,1.0,test,Oracle-Rank+Value+Residual,1007334747,0.9538948605510987,0.8710169489264308,0.6886158670573155,0.7634104330708661,0.46153846153846156,0.1313317322064109,2.8551271335958828,0.6171875,128,calibrated,oracle_rank|oracle_value,"[0.022279030030977753, 0.548803158623233]",05b778448cd4426a1f8d2ec35e358fd9b089177972be36e66d043be6ef363162,scale_1.5,0ea6baac2b3608f040938f4412cc1482dbb1e1cc7e0e14d4f1a7db33ecc70d4e,39048eea318b366291936adc90c357be399d2df2d87e669f1c1c62c3748fd748,3f54a03f83ce6e8cee6ed854e60e618204416938a6c14635a074c4aa064aaf4f,446047008219d27f45dc8bc6c586694e24c855390c742567b04ff4149274b3ac,54833d0e21379c4ccf87c03995a69ac669e21b8104ff78bf156dfb6c8c9ebbd9,0.2222181708874017,True
107,2,rotate_45,none,rotate_45,0.35,test,Target-Only,78496499,0.6062645031391399,0.6784028784138837,0.8254783922358543,0.827386811023622,0.0,0.3602902722480404,-2.0720007559415174,1.0,128,target_only,none,[],05b778448cd4426a1f8d2ec35e358fd9b089177972be36e66d043be6ef363162,rotate_45,f67b3929dd3c4ccbb6db375a5904e0776a7ed8b4550f9618144aa809da3b34bb,42a7fa344837187744e3d072f8f877b5ae23373f0fd408e84f0988b6ae1ceb5b,3f54a03f83ce6e8cee6ed854e60e618204416938a6c14635a074c4aa064aaf4f,4b204212949a7d23fc0e348efc492273dd6e2be6268ecea4f83baf3577cb22a3,5b098320b3cb8eea0f341ad93df59c4ddea44b0bca4c94d77e83f497392e79c9,0.0,False
107,2,rotate_45,none,rotate_45,0.35,test,Geometry-Prior+Residual,78496499,0.6243445000687633,0.7657192469605519,0.8122367698223769,0.8190206692913385,0.23076923076923078,0.2959544030762918,-2.127477325036504,0.890625,128,calibrated,geometry,[0.21320312719115472],05b778448cd4426a1f8d2ec35e358fd9b089177972be36e66d043be6ef363162,rotate_45,f67b3929dd3c4ccbb6db375a5904e0776a7ed8b4550f9618144aa809da3b34bb,42a7fa344837187744e3d072f8f877b5ae23373f0fd408e84f0988b6ae1ceb5b,3f54a03f83ce6e8cee6ed854e60e618204416938a6c14635a074c4aa064aaf4f,4b204212949a7d23fc0e348efc492273dd6e2be6268ecea4f83baf3577cb22a3,5b098320b3cb8eea0f341ad93df59c4ddea44b0bca4c94d77e83f497392e79c9,0.018079996929623365,True
107,2,rotate_45,none,rotate_45,0.35,test,Oracle-Rank+Residual,78496499,0.6427501601997094,0.9321238679025765,0.6994884178721846,0.7534448818897638,0.6153846153846154,0.021611831920172502,1.6512272078700083,0.1484375,128,calibrated,oracle_rank,[0.27157209398029053],05b778448cd4426a1f8d2ec35e358fd9b089177972be36e66d043be6ef363162,rotate_45,f67b3929dd3c4ccbb6db375a5904e0776a7ed8b4550f9618144aa809da3b34bb,42a7fa344837187744e3d072f8f877b5ae23373f0fd408e84f0988b6ae1ceb5b,3f54a03f83ce6e8cee6ed854e60e618204416938a6c14635a074c4aa064aaf4f,4b204212949a7d23fc0e348efc492273dd6e2be6268ecea4f83baf3577cb22a3,5b098320b3cb8eea0f341ad93df59c4ddea44b0bca4c94d77e83f497392e79c9,0.0364856570605695,True
107,2,rotate_45,none,rotate_45,0.35,test,Oracle-Value+Residual,78496499,0.05282916350278051,0.9989207021312984,0.9744266160043947,0.9565698818897638,1.0,0.0,-4.543329722300465,0.9296875,128,calibrated,oracle_value,[0.2778044759183867],05b778448cd4426a1f8d2ec35e358fd9b089177972be36e66d043be6ef363162,rotate_45,f67b3929dd3c4ccbb6db375a5904e0776a7ed8b4550f9618144aa809da3b34bb,42a7fa344837187744e3d072f8f877b5ae23373f0fd408e84f0988b6ae1ceb5b,3f54a03f83ce6e8cee6ed854e60e618204416938a6c14635a074c4aa064aaf4f,4b204212949a7d23fc0e348efc492273dd6e2be6268ecea4f83baf3577cb22a3,5b098320b3cb8eea0f341ad93df59c4ddea44b0bca4c94d77e83f497392e79c9,-0.5534353396363594,False
107,2,rotate_45,none,rotate_45,0.35,test,Oracle-Rank+Value+Residual,78496499,0.26894748139892266,0.9654621881097671,0.8657926661783555,0.8531003937007874,0.6923076923076923,0.0,0.9556226561888768,0.09375,128,calibrated,oracle_rank|oracle_value,"[0.11269596142198093, 0.17617331527670022]",05b778448cd4426a1f8d2ec35e358fd9b089177972be36e66d043be6ef363162,rotate_45,f67b3929dd3c4ccbb6db375a5904e0776a7ed8b4550f9618144aa809da3b34bb,42a7fa344837187744e3d072f8f877b5ae23373f0fd408e84f0988b6ae1ceb5b,3f54a03f83ce6e8cee6ed854e60e618204416938a6c14635a074c4aa064aaf4f,4b204212949a7d23fc0e348efc492273dd6e2be6268ecea4f83baf3577cb22a3,5b098320b3cb8eea0f341ad93df59c4ddea44b0bca4c94d77e83f497392e79c9,-0.33731702174021727,False
107,2,rotate_45,none,rotate_45,0.7,test,Target-Only,104634231,1.3061871877530014,0.8618619014536087,0.8091352316425562,0.8105314960629921,0.38461538461538464,0.20079038795977644,-0.707090515448423,0.8046875,128,target_only,none,[],05b778448cd4426a1f8d2ec35e358fd9b089177972be36e66d043be6ef363162,rotate_45,f67b3929dd3c4ccbb6db375a5904e0776a7ed8b4550f9618144aa809da3b34bb,17b0fa831202473b1888f79066336ce6ee845df3bc0aa0aaf93777ab8c72c127,3f54a03f83ce6e8cee6ed854e60e618204416938a6c14635a074c4aa064aaf4f,b5c88a3c4dab575d271c54d5a2a68f8a4c5cc580f6a122a6fef9e5353e4e4ce0,fe16d476e080dd84d111dae77afd0f0e19b5a5b5fce67c224e14da87c963113a,0.0,False
107,2,rotate_45,none,rotate_45,0.7,test,Geometry-Prior+Residual,104634231,0.9400594836830376,0.9446579650511047,0.8932487181834828,0.8655265748031497,0.5384615384615384,0.017127297252060407,-1.172368065994129,0.859375,128,calibrated,geometry,[0.21320312719115472],05b778448cd4426a1f8d2ec35e358fd9b089177972be36e66d043be6ef363162,rotate_45,f67b3929dd3c4ccbb6db375a5904e0776a7ed8b4550f9618144aa809da3b34bb,17b0fa831202473b1888f79066336ce6ee845df3bc0aa0aaf93777ab8c72c127,3f54a03f83ce6e8cee6ed854e60e618204416938a6c14635a074c4aa064aaf4f,b5c88a3c4dab575d271c54d5a2a68f8a4c5cc580f6a122a6fef9e5353e4e4ce0,fe16d476e080dd84d111dae77afd0f0e19b5a5b5fce67c224e14da87c963113a,-0.36612770406996376,False
107,2,rotate_45,none,rotate_45,0.7,test,Oracle-Rank+Residual,104634231,0.9520695045095645,0.998915111531518,0.7426753341878777,0.7914616141732284,1.0,0.0,2.464137767105865,0.4765625,128,calibrated,oracle_rank,[0.27157209398029053],05b778448cd4426a1f8d2ec35e358fd9b089177972be36e66d043be6ef363162,rotate_45,f67b3929dd3c4ccbb6db375a5904e0776a7ed8b4550f9618144aa809da3b34bb,17b0fa831202473b1888f79066336ce6ee845df3bc0aa0aaf93777ab8c72c127,3f54a03f83ce6e8cee6ed854e60e618204416938a6c14635a074c4aa064aaf4f,b5c88a3c4dab575d271c54d5a2a68f8a4c5cc580f6a122a6fef9e5353e4e4ce0,fe16d476e080dd84d111dae77afd0f0e19b5a5b5fce67c224e14da87c963113a,-0.35411768324343684,False
107,2,rotate_45,none,rotate_45,0.7,test,Oracle-Value+Residual,104634231,0.11290613119963124,0.9975101612760455,0.9515942592931697,0.921751968503937,0.9230769230769231,0.017127297252060407,-3.1894044512536492,0.8203125,128,calibrated,oracle_value,[0.2778044759183867],05b778448cd4426a1f8d2ec35e358fd9b089177972be36e66d043be6ef363162,rotate_45,f67b3929dd3c4ccbb6db375a5904e0776a7ed8b4550f9618144aa809da3b34bb,17b0fa831202473b1888f79066336ce6ee845df3bc0aa0aaf93777ab8c72c127,3f54a03f83ce6e8cee6ed854e60e618204416938a6c14635a074c4aa064aaf4f,b5c88a3c4dab575d271c54d5a2a68f8a4c5cc580f6a122a6fef9e5353e4e4ce0,fe16d476e080dd84d111dae77afd0f0e19b5a5b5fce67c224e14da87c963113a,-1.19328105655337,False
107,2,rotate_45,none,rotate_45,0.7,test,Oracle-Rank+Value+Residual,104634231,0.4006086707748661,0.9994015981661236,0.8492663889397546,0.8480561023622047,1.0,0.0,1.748836014962598,0.46875,128,calibrated,oracle_rank|oracle_value,"[0.11269596142198093, 0.17617331527670022]",05b778448cd4426a1f8d2ec35e358fd9b089177972be36e66d043be6ef363162,rotate_45,f67b3929dd3c4ccbb6db375a5904e0776a7ed8b4550f9618144aa809da3b34bb,17b0fa831202473b1888f79066336ce6ee845df3bc0aa0aaf93777ab8c72c127,3f54a03f83ce6e8cee6ed854e60e618204416938a6c14635a074c4aa064aaf4f,b5c88a3c4dab575d271c54d5a2a68f8a4c5cc580f6a122a6fef9e5353e4e4ce0,fe16d476e080dd84d111dae77afd0f0e19b5a5b5fce67c224e14da87c963113a,-0.9055785169781352,False
107,2,rotate_45,none,rotate_45,1.0,test,Target-Only,1065936196,1.0018930161492754,0.809824548059532,0.7089647042666178,0.7646407480314961,0.23076923076923078,0.20463017703588385,0.20166942789527253,0.78125,128,target_only,none,[],05b778448cd4426a1f8d2ec35e358fd9b089177972be36e66d043be6ef363162,rotate_45,f67b3929dd3c4ccbb6db375a5904e0776a7ed8b4550f9618144aa809da3b34bb,9d009cbde901a7a6e74b478fb4e241fa4ebb03c98d1a51b08f1e674cecadda2d,3f54a03f83ce6e8cee6ed854e60e618204416938a6c14635a074c4aa064aaf4f,446047008219d27f45dc8bc6c586694e24c855390c742567b04ff4149274b3ac,eedef45a747d0954787e8d67e6145bcee7ee6d90eed4f3efaa8c3e07f63d41ff,0.0,False
107,2,rotate_45,none,rotate_45,1.0,test,Geometry-Prior+Residual,1065936196,0.5829290343281548,0.9152913102294118,0.8538156930965024,0.8468257874015748,0.6923076923076923,0.04834727921689417,-0.15677736163867645,0.6875,128,calibrated,geometry,[0.21320312719115472],05b778448cd4426a1f8d2ec35e358fd9b089177972be36e66d043be6ef363162,rotate_45,f67b3929dd3c4ccbb6db375a5904e0776a7ed8b4550f9618144aa809da3b34bb,9d009cbde901a7a6e74b478fb4e241fa4ebb03c98d1a51b08f1e674cecadda2d,3f54a03f83ce6e8cee6ed854e60e618204416938a6c14635a074c4aa064aaf4f,446047008219d27f45dc8bc6c586694e24c855390c742567b04ff4149274b3ac,eedef45a747d0954787e8d67e6145bcee7ee6d90eed4f3efaa8c3e07f63d41ff,-0.4189639818211206,False
107,2,rotate_45,none,rotate_45,1.0,test,Oracle-Rank+Residual,1065936196,0.35841264524596406,0.9965809092420513,0.932584462552646,0.906126968503937,0.9230769230769231,0.0,1.7073322013244072,0.46875,128,calibrated,oracle_rank,[0.27157209398029053],05b778448cd4426a1f8d2ec35e358fd9b089177972be36e66d043be6ef363162,rotate_45,f67b3929dd3c4ccbb6db375a5904e0776a7ed8b4550f9618144aa809da3b34bb,9d009cbde901a7a6e74b478fb4e241fa4ebb03c98d1a51b08f1e674cecadda2d,3f54a03f83ce6e8cee6ed854e60e618204416938a6c14635a074c4aa064aaf4f,446047008219d27f45dc8bc6c586694e24c855390c742567b04ff4149274b3ac,eedef45a747d0954787e8d67e6145bcee7ee6d90eed4f3efaa8c3e07f63d41ff,-0.6434803709033113,False
107,2,rotate_45,none,rotate_45,1.0,test,Oracle-Value+Residual,1065936196,0.09725330561229066,0.9983743493885183,0.9845094762863944,0.9585383858267716,1.0,0.0,-1.3321873068215808,0.6328125,128,calibrated,oracle_value,[0.2778044759183867],05b778448cd4426a1f8d2ec35e358fd9b089177972be36e66d043be6ef363162,rotate_45,f67b3929dd3c4ccbb6db375a5904e0776a7ed8b4550f9618144aa809da3b34bb,9d009cbde901a7a6e74b478fb4e241fa4ebb03c98d1a51b08f1e674cecadda2d,3f54a03f83ce6e8cee6ed854e60e618204416938a6c14635a074c4aa064aaf4f,446047008219d27f45dc8bc6c586694e24c855390c742567b04ff4149274b3ac,eedef45a747d0954787e8d67e6145bcee7ee6d90eed4f3efaa8c3e07f63d41ff,-0.9046397105369848,False
107,2,rotate_45,none,rotate_45,1.0,test,Oracle-Rank+Value+Residual,1065936196,0.15901304853679538,0.9990119992957929,0.9736254806811939,0.9469734251968503,1.0,0.0,1.3284032030494894,0.4765625,128,calibrated,oracle_rank|oracle_value,"[0.11269596142198093, 0.17617331527670022]",05b778448cd4426a1f8d2ec35e358fd9b089177972be36e66d043be6ef363162,rotate_45,f67b3929dd3c4ccbb6db375a5904e0776a7ed8b4550f9618144aa809da3b34bb,9d009cbde901a7a6e74b478fb4e241fa4ebb03c98d1a51b08f1e674cecadda2d,3f54a03f83ce6e8cee6ed854e60e618204416938a6c14635a074c4aa064aaf4f,446047008219d27f45dc8bc6c586694e24c855390c742567b04ff4149274b3ac,eedef45a747d0954787e8d67e6145bcee7ee6d90eed4f3efaa8c3e07f63d41ff,-0.8428799676124801,False
107,2,roughness,none,roughness,0.35,test,Target-Only,1831117604,1.6208203692800849,0.12036316963330747,-0.07892899652078374,0.47157972440944884,0.0,0.9751478106961956,7.122338246424384,0.5625,128,target_only,none,[],05b778448cd4426a1f8d2ec35e358fd9b089177972be36e66d043be6ef363162,roughness,3f54a03f83ce6e8cee6ed854e60e618204416938a6c14635a074c4aa064aaf4f,4b204212949a7d23fc0e348efc492273dd6e2be6268ecea4f83baf3577cb22a3,3f54a03f83ce6e8cee6ed854e60e618204416938a6c14635a074c4aa064aaf4f,4b204212949a7d23fc0e348efc492273dd6e2be6268ecea4f83baf3577cb22a3,dc037a817ab831a43488a4b6bafa14f72e152f9f6bb1ceabc06d8627b5f2a01e,0.0,False
107,2,roughness,none,roughness,0.35,test,Geometry-Prior+Residual,1831117604,1.6190415944055834,0.11097461180810671,-0.13269089910272844,0.452878937007874,0.0,1.0464164655301105,19.847745626006507,0.3046875,128,calibrated,geometry,[0.3165350619359778],05b778448cd4426a1f8d2ec35e358fd9b089177972be36e66d043be6ef363162,roughness,3f54a03f83ce6e8cee6ed854e60e618204416938a6c14635a074c4aa064aaf4f,4b204212949a7d23fc0e348efc492273dd6e2be6268ecea4f83baf3577cb22a3,3f54a03f83ce6e8cee6ed854e60e618204416938a6c14635a074c4aa064aaf4f,4b204212949a7d23fc0e348efc492273dd6e2be6268ecea4f83baf3577cb22a3,dc037a817ab831a43488a4b6bafa14f72e152f9f6bb1ceabc06d8627b5f2a01e,-0.0017787748745015097,False
107,2,roughness,none,roughness,0.35,test,Oracle-Rank+Residual,1831117604,1.5043363902403317,0.5325180999892983,-0.017836705731550998,0.4876968503937008,0.3076923076923077,0.2932248622098358,24.296423473185,0.265625,128,calibrated,oracle_rank,[0.34651498715732254],05b778448cd4426a1f8d2ec35e358fd9b089177972be36e66d043be6ef363162,roughness,3f54a03f83ce6e8cee6ed854e60e618204416938a6c14635a074c4aa064aaf4f,4b204212949a7d23fc0e348efc492273dd6e2be6268ecea4f83baf3577cb22a3,3f54a03f83ce6e8cee6ed854e60e618204416938a6c14635a074c4aa064aaf4f,4b204212949a7d23fc0e348efc492273dd6e2be6268ecea4f83baf3577cb22a3,dc037a817ab831a43488a4b6bafa14f72e152f9f6bb1ceabc06d8627b5f2a01e,-0.11648397903975316,False
107,2,roughness,none,roughness,0.35,test,Oracle-Value+Residual,1831117604,1.5106286397143345,0.6522345751849161,-0.03849455227980223,0.4825295275590551,0.38461538461538464,0.2932248622098358,23.691133634073402,0.2578125,128,calibrated,oracle_value,[0.3460663542223449],05b778448cd4426a1f8d2ec35e358fd9b089177972be36e66d043be6ef363162,roughness,3f54a03f83ce6e8cee6ed854e60e618204416938a6c14635a074c4aa064aaf4f,4b204212949a7d23fc0e348efc492273dd6e2be6268ecea4f83baf3577cb22a3,3f54a03f83ce6e8cee6ed854e60e618204416938a6c14635a074c4aa064aaf4f,4b204212949a7d23fc0e348efc492273dd6e2be6268ecea4f83baf3577cb22a3,dc037a817ab831a43488a4b6bafa14f72e152f9f6bb1ceabc06d8627b5f2a01e,-0.11019172956575041,False
107,2,roughness,none,roughness,0.35,test,Oracle-Rank+Value+Residual,1831117604,1.5005218475201363,0.6168022394046953,-0.028520417505951294,0.484005905511811,0.38461538461538464,0.2932248622098358,24.702681818637075,0.2578125,128,calibrated,oracle_rank|oracle_value,"[0.1841720154408813, 0.17947119602287417]",05b778448cd4426a1f8d2ec35e358fd9b089177972be36e66d043be6ef363162,roughness,3f54a03f83ce6e8cee6ed854e60e618204416938a6c14635a074c4aa064aaf4f,4b204212949a7d23fc0e348efc492273dd6e2be6268ecea4f83baf3577cb22a3,3f54a03f83ce6e8cee6ed854e60e618204416938a6c14635a074c4aa064aaf4f,4b204212949a7d23fc0e348efc492273dd6e2be6268ecea4f83baf3577cb22a3,dc037a817ab831a43488a4b6bafa14f72e152f9f6bb1ceabc06d8627b5f2a01e,-0.1202985217599486,False
107,2,roughness,none,roughness,0.7,test,Target-Only,1214288116,1.3289375761069937,0.5532007438790706,0.2421488738326314,0.5804625984251969,0.0,0.207083732940423,5.1509081866304305,0.5234375,128,target_only,none,[],05b778448cd4426a1f8d2ec35e358fd9b089177972be36e66d043be6ef363162,roughness,3f54a03f83ce6e8cee6ed854e60e618204416938a6c14635a074c4aa064aaf4f,b5c88a3c4dab575d271c54d5a2a68f8a4c5cc580f6a122a6fef9e5353e4e4ce0,3f54a03f83ce6e8cee6ed854e60e618204416938a6c14635a074c4aa064aaf4f,b5c88a3c4dab575d271c54d5a2a68f8a4c5cc580f6a122a6fef9e5353e4e4ce0,7a364c7632f7d082d95e7674e50bdc8358984687f05983eed66b24bc9ed676d0,0.0,False
107,2,roughness,none,roughness,0.7,test,Geometry-Prior+Residual,1214288116,1.3051221879182158,0.5596475949257734,0.19154001098699872,0.5647145669291339,0.0,0.19118995600683034,11.612874987388523,0.3359375,128,calibrated,geometry,[0.3165350619359778],05b778448cd4426a1f8d2ec35e358fd9b089177972be36e66d043be6ef363162,roughness,3f54a03f83ce6e8cee6ed854e60e618204416938a6c14635a074c4aa064aaf4f,b5c88a3c4dab575d271c54d5a2a68f8a4c5cc580f6a122a6fef9e5353e4e4ce0,3f54a03f83ce6e8cee6ed854e60e618204416938a6c14635a074c4aa064aaf4f,b5c88a3c4dab575d271c54d5a2a68f8a4c5cc580f6a122a6fef9e5353e4e4ce0,7a364c7632f7d082d95e7674e50bdc8358984687f05983eed66b24bc9ed676d0,-0.02381538818877793,False
107,2,roughness,none,roughness,0.7,test,Oracle-Rank+Residual,1214288116,1.289499419559595,0.6095965622067281,0.2321518494781176,0.5762795275590551,0.07692307692307693,0.0,15.751321746707532,0.28125,128,calibrated,oracle_rank,[0.34651498715732254],05b778448cd4426a1f8d2ec35e358fd9b089177972be36e66d043be6ef363162,roughness,3f54a03f83ce6e8cee6ed854e60e618204416938a6c14635a074c4aa064aaf4f,b5c88a3c4dab575d271c54d5a2a68f8a4c5cc580f6a122a6fef9e5353e4e4ce0,3f54a03f83ce6e8cee6ed854e60e618204416938a6c14635a074c4aa064aaf4f,b5c88a3c4dab575d271c54d5a2a68f8a4c5cc580f6a122a6fef9e5353e4e4ce0,7a364c7632f7d082d95e7674e50bdc8358984687f05983eed66b24bc9ed676d0,-0.039438156547398684,False
107,2,roughness,none,roughness,0.7,test,Oracle-Value+Residual,1214288116,1.2917381800508014,0.6036731573633726,0.1529195660135506,0.5522883858267716,0.07692307692307693,0.0,15.347406076413689,0.28125,128,calibrated,oracle_value,[0.3460663542223449],05b778448cd4426a1f8d2ec35e358fd9b089177972be36e66d043be6ef363162,roughness,3f54a03f83ce6e8cee6ed854e60e618204416938a6c14635a074c4aa064aaf4f,b5c88a3c4dab575d271c54d5a2a68f8a4c5cc580f6a122a6fef9e5353e4e4ce0,3f54a03f83ce6e8cee6ed854e60e618204416938a6c14635a074c4aa064aaf4f,b5c88a3c4dab575d271c54d5a2a68f8a4c5cc580f6a122a6fef9e5353e4e4ce0,7a364c7632f7d082d95e7674e50bdc8358984687f05983eed66b24bc9ed676d0,-0.03719939605619227,False
107,2,roughness,none,roughness,0.7,test,Oracle-Rank+Value+Residual,1214288116,1.2847200785549437,0.6099023142768913,0.19608359274858084,0.5655757874015748,0.07692307692307693,0.0,15.903658463527963,0.265625,128,calibrated,oracle_rank|oracle_value,"[0.1841720154408813, 0.17947119602287417]",05b778448cd4426a1f8d2ec35e358fd9b089177972be36e66d043be6ef363162,roughness,3f54a03f83ce6e8cee6ed854e60e618204416938a6c14635a074c4aa064aaf4f,b5c88a3c4dab575d271c54d5a2a68f8a4c5cc580f6a122a6fef9e5353e4e4ce0,3f54a03f83ce6e8cee6ed854e60e618204416938a6c14635a074c4aa064aaf4f,b5c88a3c4dab575d271c54d5a2a68f8a4c5cc580f6a122a6fef9e5353e4e4ce0,7a364c7632f7d082d95e7674e50bdc8358984687f05983eed66b24bc9ed676d0,-0.044217497552049956,False
107,2,roughness,none,roughness,1.0,test,Target-Only,838211643,1.1179593746107561,0.7223132304256921,0.3637211591283648,0.62376968503937,0.38461538461538464,0.17697457479475914,1.979826085821146,0.5859375,128,target_only,none,[],05b778448cd4426a1f8d2ec35e358fd9b089177972be36e66d043be6ef363162,roughness,3f54a03f83ce6e8cee6ed854e60e618204416938a6c14635a074c4aa064aaf4f,446047008219d27f45dc8bc6c586694e24c855390c742567b04ff4149274b3ac,3f54a03f83ce6e8cee6ed854e60e618204416938a6c14635a074c4aa064aaf4f,446047008219d27f45dc8bc6c586694e24c855390c742567b04ff4149274b3ac,7acbb2953a8a4173c80e93eaa8e1347120bc1242e8e82054b73051735f5e552d,0.0,False
107,2,roughness,none,roughness,1.0,test,Geometry-Prior+Residual,838211643,1.0177620821620936,0.5220734586344432,0.29676913568943414,0.6005167322834646,0.07692307692307693,0.2333348709375186,4.874808701748535,0.453125,128,calibrated,geometry,[0.3165350619359778],05b778448cd4426a1f8d2ec35e358fd9b089177972be36e66d043be6ef363162,roughness,3f54a03f83ce6e8cee6ed854e60e618204416938a6c14635a074c4aa064aaf4f,446047008219d27f45dc8bc6c586694e24c855390c742567b04ff4149274b3ac,3f54a03f83ce6e8cee6ed854e60e618204416938a6c14635a074c4aa064aaf4f,446047008219d27f45dc8bc6c586694e24c855390c742567b04ff4149274b3ac,7acbb2953a8a4173c80e93eaa8e1347120bc1242e8e82054b73051735f5e552d,-0.10019729244866249,False
107,2,roughness,none,roughness,1.0,test,Oracle-Rank+Residual,838211643,0.9267956954423654,0.7137478561756061,0.5018254440578648,0.6705216535433071,0.3076923076923077,0.0716436538433149,6.392315865046616,0.421875,128,calibrated,oracle_rank,[0.34651498715732254],05b778448cd4426a1f8d2ec35e358fd9b089177972be36e66d043be6ef363162,roughness,3f54a03f83ce6e8cee6ed854e60e618204416938a6c14635a074c4aa064aaf4f,446047008219d27f45dc8bc6c586694e24c855390c742567b04ff4149274b3ac,3f54a03f83ce6e8cee6ed854e60e618204416938a6c14635a074c4aa064aaf4f,446047008219d27f45dc8bc6c586694e24c855390c742567b04ff4149274b3ac,7acbb2953a8a4173c80e93eaa8e1347120bc1242e8e82054b73051735f5e552d,-0.19116367916839072,False
107,2,roughness,none,roughness,1.0,test,Oracle-Value+Residual,838211643,0.8884495191588361,0.6845763059615971,0.5769719373741073,0.6991879921259843,0.23076923076923078,0.0716436538433149,6.88953273192234,0.5,128,calibrated,oracle_value,[0.3460663542223449],05b778448cd4426a1f8d2ec35e358fd9b089177972be36e66d043be6ef363162,roughness,3f54a03f83ce6e8cee6ed854e60e618204416938a6c14635a074c4aa064aaf4f,446047008219d27f45dc8bc6c586694e24c855390c742567b04ff4149274b3ac,3f54a03f83ce6e8cee6ed854e60e618204416938a6c14635a074c4aa064aaf4f,446047008219d27f45dc8bc6c586694e24c855390c742567b04ff4149274b3ac,7acbb2953a8a4173c80e93eaa8e1347120bc1242e8e82054b73051735f5e552d,-0.22950985545192004,False
107,2,roughness,none,roughness,1.0,test,Oracle-Rank+Value+Residual,838211643,0.8905747042111973,0.7138012709377974,0.5427920710492584,0.6852854330708661,0.3076923076923077,0.0716436538433149,6.790074338813463,0.4609375,128,calibrated,oracle_rank|oracle_value,"[0.1841720154408813, 0.17947119602287417]",05b778448cd4426a1f8d2ec35e358fd9b089177972be36e66d043be6ef363162,roughness,3f54a03f83ce6e8cee6ed854e60e618204416938a6c14635a074c4aa064aaf4f,446047008219d27f45dc8bc6c586694e24c855390c742567b04ff4149274b3ac,3f54a03f83ce6e8cee6ed854e60e618204416938a6c14635a074c4aa064aaf4f,446047008219d27f45dc8bc6c586694e24c855390c742567b04ff4149274b3ac,7acbb2953a8a4173c80e93eaa8e1347120bc1242e8e82054b73051735f5e552d,-0.22738467039955879,False
107,2,reversal,none,reversal,0.35,test,Target-Only,752758296,0.6886305482962521,0.8460261917102876,0.8807510071415492,0.8426427165354331,0.38461538461538464,0.005156417120648521,-2.0960083618582006,1.0,128,target_only,none,[],05b778448cd4426a1f8d2ec35e358fd9b089177972be36e66d043be6ef363162,reversal,3f54a03f83ce6e8cee6ed854e60e618204416938a6c14635a074c4aa064aaf4f,4b204212949a7d23fc0e348efc492273dd6e2be6268ecea4f83baf3577cb22a3,3f54a03f83ce6e8cee6ed854e60e618204416938a6c14635a074c4aa064aaf4f,4b204212949a7d23fc0e348efc492273dd6e2be6268ecea4f83baf3577cb22a3,2444a1ac25ed1b16455cf35d4f3748e1b2ee935ab87d27eb148ffcd3b9efb97d,0.0,False
107,2,reversal,none,reversal,0.35,test,Geometry-Prior+Residual,752758296,0.6886305482962521,0.8460261917102876,0.8807510071415492,0.8426427165354331,0.38461538461538464,0.005156417120648521,-2.0960083618582006,1.0,128,target_only,geometry,[1.487432300083733e-20],05b778448cd4426a1f8d2ec35e358fd9b089177972be36e66d043be6ef363162,reversal,3f54a03f83ce6e8cee6ed854e60e618204416938a6c14635a074c4aa064aaf4f,4b204212949a7d23fc0e348efc492273dd6e2be6268ecea4f83baf3577cb22a3,3f54a03f83ce6e8cee6ed854e60e618204416938a6c14635a074c4aa064aaf4f,4b204212949a7d23fc0e348efc492273dd6e2be6268ecea4f83baf3577cb22a3,2444a1ac25ed1b16455cf35d4f3748e1b2ee935ab87d27eb148ffcd3b9efb97d,0.0,False
107,2,reversal,none,reversal,0.35,test,Oracle-Rank+Residual,752758296,0.6886305482962521,0.8460261917102876,0.8807510071415492,0.8426427165354331,0.38461538461538464,0.005156417120648521,-2.0960083618582006,1.0,128,target_only,oracle_rank,[1.557283825404715e-20],05b778448cd4426a1f8d2ec35e358fd9b089177972be36e66d043be6ef363162,reversal,3f54a03f83ce6e8cee6ed854e60e618204416938a6c14635a074c4aa064aaf4f,4b204212949a7d23fc0e348efc492273dd6e2be6268ecea4f83baf3577cb22a3,3f54a03f83ce6e8cee6ed854e60e618204416938a6c14635a074c4aa064aaf4f,4b204212949a7d23fc0e348efc492273dd6e2be6268ecea4f83baf3577cb22a3,2444a1ac25ed1b16455cf35d4f3748e1b2ee935ab87d27eb148ffcd3b9efb97d,0.0,False
107,2,reversal,none,reversal,0.35,test,Oracle-Value+Residual,752758296,0.6886305482962521,0.8460261917102876,0.8807510071415492,0.8426427165354331,0.38461538461538464,0.005156417120648521,-2.0960083618582006,1.0,128,target_only,oracle_value,[1.5962802214077617e-20],05b778448cd4426a1f8d2ec35e358fd9b089177972be36e66d043be6ef363162,reversal,3f54a03f83ce6e8cee6ed854e60e618204416938a6c14635a074c4aa064aaf4f,4b204212949a7d23fc0e348efc492273dd6e2be6268ecea4f83baf3577cb22a3,3f54a03f83ce6e8cee6ed854e60e618204416938a6c14635a074c4aa064aaf4f,4b204212949a7d23fc0e348efc492273dd6e2be6268ecea4f83baf3577cb22a3,2444a1ac25ed1b16455cf35d4f3748e1b2ee935ab87d27eb148ffcd3b9efb97d,0.0,False
107,2,reversal,none,reversal,0.35,test,Oracle-Rank+Value+Residual,752758296,0.6886305482962521,0.8460261917102876,0.8807510071415492,0.8426427165354331,0.38461538461538464,0.005156417120648521,-2.0960083618582006,1.0,128,target_only,oracle_rank|oracle_value,"[6.236004778112171e-21, 1.0321940962000278e-20]",05b778448cd4426a1f8d2ec35e358fd9b089177972be36e66d043be6ef363162,reversal,3f54a03f83ce6e8cee6ed854e60e618204416938a6c14635a074c4aa064aaf4f,4b204212949a7d23fc0e348efc492273dd6e2be6268ecea4f83baf3577cb22a3,3f54a03f83ce6e8cee6ed854e60e618204416938a6c14635a074c4aa064aaf4f,4b204212949a7d23fc0e348efc492273dd6e2be6268ecea4f83baf3577cb22a3,2444a1ac25ed1b16455cf35d4f3748e1b2ee935ab87d27eb148ffcd3b9efb97d,0.0,False
107,2,reversal,none,reversal,0.7,test,Target-Only,838941427,1.6609417816023822,0.9337886978267956,0.7667666178355612,0.7883858267716536,0.5384615384615384,0.00010539216265427712,-0.65009481973402,0.78125,128,target_only,none,[],05b778448cd4426a1f8d2ec35e358fd9b089177972be36e66d043be6ef363162,reversal,3f54a03f83ce6e8cee6ed854e60e618204416938a6c14635a074c4aa064aaf4f,b5c88a3c4dab575d271c54d5a2a68f8a4c5cc580f6a122a6fef9e5353e4e4ce0,3f54a03f83ce6e8cee6ed854e60e618204416938a6c14635a074c4aa064aaf4f,b5c88a3c4dab575d271c54d5a2a68f8a4c5cc580f6a122a6fef9e5353e4e4ce0,5c881b6aed7fcd6319c35d9cbf371f3ba85ac50461706f37aa462453b2b4281f,0.0,False
107,2,reversal,none,reversal,0.7,test,Geometry-Prior+Residual,838941427,1.6609417816023822,0.9337886978267956,0.7667666178355612,0.7883858267716536,0.5384615384615384,0.00010539216265427712,-0.65009481973402,0.78125,128,target_only,geometry,[1.487432300083733e-20],05b778448cd4426a1f8d2ec35e358fd9b089177972be36e66d043be6ef363162,reversal,3f54a03f83ce6e8cee6ed854e60e618204416938a6c14635a074c4aa064aaf4f,b5c88a3c4dab575d271c54d5a2a68f8a4c5cc580f6a122a6fef9e5353e4e4ce0,3f54a03f83ce6e8cee6ed854e60e618204416938a6c14635a074c4aa064aaf4f,b5c88a3c4dab575d271c54d5a2a68f8a4c5cc580f6a122a6fef9e5353e4e4ce0,5c881b6aed7fcd6319c35d9cbf371f3ba85ac50461706f37aa462453b2b4281f,0.0,False
107,2,reversal,none,reversal,0.7,test,Oracle-Rank+Residual,838941427,1.6609417816023822,0.9337886978267956,0.7667666178355612,0.7883858267716536,0.5384615384615384,0.00010539216265427712,-0.65009481973402,0.78125,128,target_only,oracle_rank,[1.557283825404715e-20],05b778448cd4426a1f8d2ec35e358fd9b089177972be36e66d043be6ef363162,reversal,3f54a03f83ce6e8cee6ed854e60e618204416938a6c14635a074c4aa064aaf4f,b5c88a3c4dab575d271c54d5a2a68f8a4c5cc580f6a122a6fef9e5353e4e4ce0,3f54a03f83ce6e8cee6ed854e60e618204416938a6c14635a074c4aa064aaf4f,b5c88a3c4dab575d271c54d5a2a68f8a4c5cc580f6a122a6fef9e5353e4e4ce0,5c881b6aed7fcd6319c35d9cbf371f3ba85ac50461706f37aa462453b2b4281f,0.0,False
107,2,reversal,none,reversal,0.7,test,Oracle-Value+Residual,838941427,1.6609417816023822,0.9337886978267956,0.7667666178355612,0.7883858267716536,0.5384615384615384,0.00010539216265427712,-0.65009481973402,0.78125,128,target_only,oracle_value,[1.5962802214077617e-20],05b778448cd4426a1f8d2ec35e358fd9b089177972be36e66d043be6ef363162,reversal,3f54a03f83ce6e8cee6ed854e60e618204416938a6c14635a074c4aa064aaf4f,b5c88a3c4dab575d271c54d5a2a68f8a4c5cc580f6a122a6fef9e5353e4e4ce0,3f54a03f83ce6e8cee6ed854e60e618204416938a6c14635a074c4aa064aaf4f,b5c88a3c4dab575d271c54d5a2a68f8a4c5cc580f6a122a6fef9e5353e4e4ce0,5c881b6aed7fcd6319c35d9cbf371f3ba85ac50461706f37aa462453b2b4281f,0.0,False
107,2,reversal,none,reversal,0.7,test,Oracle-Rank+Value+Residual,838941427,1.6609417816023822,0.9337886978267956,0.7667666178355612,0.7883858267716536,0.5384615384615384,0.00010539216265427712,-0.65009481973402,0.78125,128,target_only,oracle_rank|oracle_value,"[6.236004778112171e-21, 1.0321940962000278e-20]",05b778448cd4426a1f8d2ec35e358fd9b089177972be36e66d043be6ef363162,reversal,3f54a03f83ce6e8cee6ed854e60e618204416938a6c14635a074c4aa064aaf4f,b5c88a3c4dab575d271c54d5a2a68f8a4c5cc580f6a122a6fef9e5353e4e4ce0,3f54a03f83ce6e8cee6ed854e60e618204416938a6c14635a074c4aa064aaf4f,b5c88a3c4dab575d271c54d5a2a68f8a4c5cc580f6a122a6fef9e5353e4e4ce0,5c881b6aed7fcd6319c35d9cbf371f3ba85ac50461706f37aa462453b2b4281f,0.0,False
107,2,reversal,none,reversal,1.0,test,Target-Only,1448438728,0.8646398071140501,0.9356074469225505,0.6750309009338948,0.7598425196850394,0.5384615384615384,0.00011777961363602364,-0.07994365348560567,0.7890625,128,target_only,none,[],05b778448cd4426a1f8d2ec35e358fd9b089177972be36e66d043be6ef363162,reversal,3f54a03f83ce6e8cee6ed854e60e618204416938a6c14635a074c4aa064aaf4f,446047008219d27f45dc8bc6c586694e24c855390c742567b04ff4149274b3ac,3f54a03f83ce6e8cee6ed854e60e618204416938a6c14635a074c4aa064aaf4f,446047008219d27f45dc8bc6c586694e24c855390c742567b04ff4149274b3ac,b705b3c6b27706c094dcd397b5ff019afd4a7fea2f358faaa026c177eeaf06f9,0.0,False
107,2,reversal,none,reversal,1.0,test,Geometry-Prior+Residual,1448438728,0.8646398071140501,0.9356074469225505,0.6750309009338948,0.7598425196850394,0.5384615384615384,0.00011777961363602364,-0.07994365348560567,0.7890625,128,target_only,geometry,[1.487432300083733e-20],05b778448cd4426a1f8d2ec35e358fd9b089177972be36e66d043be6ef363162,reversal,3f54a03f83ce6e8cee6ed854e60e618204416938a6c14635a074c4aa064aaf4f,446047008219d27f45dc8bc6c586694e24c855390c742567b04ff4149274b3ac,3f54a03f83ce6e8cee6ed854e60e618204416938a6c14635a074c4aa064aaf4f,446047008219d27f45dc8bc6c586694e24c855390c742567b04ff4149274b3ac,b705b3c6b27706c094dcd397b5ff019afd4a7fea2f358faaa026c177eeaf06f9,0.0,False
107,2,reversal,none,reversal,1.0,test,Oracle-Rank+Residual,1448438728,0.8646398071140501,0.9356074469225505,0.6750309009338948,0.7598425196850394,0.5384615384615384,0.00011777961363602364,-0.07994365348560567,0.7890625,128,target_only,oracle_rank,[1.557283825404715e-20],05b778448cd4426a1f8d2ec35e358fd9b089177972be36e66d043be6ef363162,reversal,3f54a03f83ce6e8cee6ed854e60e618204416938a6c14635a074c4aa064aaf4f,446047008219d27f45dc8bc6c586694e24c855390c742567b04ff4149274b3ac,3f54a03f83ce6e8cee6ed854e60e618204416938a6c14635a074c4aa064aaf4f,446047008219d27f45dc8bc6c586694e24c855390c742567b04ff4149274b3ac,b705b3c6b27706c094dcd397b5ff019afd4a7fea2f358faaa026c177eeaf06f9,0.0,False
107,2,reversal,none,reversal,1.0,test,Oracle-Value+Residual,1448438728,0.8646398071140501,0.9356074469225505,0.6750309009338948,0.7598425196850394,0.5384615384615384,0.00011777961363602364,-0.07994365348560567,0.7890625,128,target_only,oracle_value,[1.5962802214077617e-20],05b778448cd4426a1f8d2ec35e358fd9b089177972be36e66d043be6ef363162,reversal,3f54a03f83ce6e8cee6ed854e60e618204416938a6c14635a074c4aa064aaf4f,446047008219d27f45dc8bc6c586694e24c855390c742567b04ff4149274b3ac,3f54a03f83ce6e8cee6ed854e60e618204416938a6c14635a074c4aa064aaf4f,446047008219d27f45dc8bc6c586694e24c855390c742567b04ff4149274b3ac,b705b3c6b27706c094dcd397b5ff019afd4a7fea2f358faaa026c177eeaf06f9,0.0,False
107,2,reversal,none,reversal,1.0,test,Oracle-Rank+Value+Residual,1448438728,0.8646398071140501,0.9356074469225505,0.6750309009338948,0.7598425196850394,0.5384615384615384,0.00011777961363602364,-0.07994365348560567,0.7890625,128,target_only,oracle_rank|oracle_value,"[6.236004778112171e-21, 1.0321940962000278e-20]",05b778448cd4426a1f8d2ec35e358fd9b089177972be36e66d043be6ef363162,reversal,3f54a03f83ce6e8cee6ed854e60e618204416938a6c14635a074c4aa064aaf4f,446047008219d27f45dc8bc6c586694e24c855390c742567b04ff4149274b3ac,3f54a03f83ce6e8cee6ed854e60e618204416938a6c14635a074c4aa064aaf4f,446047008219d27f45dc8bc6c586694e24c855390c742567b04ff4149274b3ac,b705b3c6b27706c094dcd397b5ff019afd4a7fea2f358faaa026c177eeaf06f9,0.0,False
107,2,independent_expert,none,independent_expert,0.35,test,Target-Only,267464193,0.6886305482962521,0.8565933965063418,0.8807510071415492,0.8426427165354331,0.38461538461538464,0.18599193984265852,-2.0960083618582006,1.0,128,target_only,none,[],fb5da330c210aa9d8e94698b75c9b1746763c8fd083c9c364c0322b5dd5824f9,independent_expert,3f54a03f83ce6e8cee6ed854e60e618204416938a6c14635a074c4aa064aaf4f,4b204212949a7d23fc0e348efc492273dd6e2be6268ecea4f83baf3577cb22a3,3f54a03f83ce6e8cee6ed854e60e618204416938a6c14635a074c4aa064aaf4f,4b204212949a7d23fc0e348efc492273dd6e2be6268ecea4f83baf3577cb22a3,80cab40b5f516fb7596aace0f9d0a8109c199057b20d9391d28cdb34f3f6b778,0.0,False
107,2,independent_expert,none,independent_expert,0.35,test,Geometry-Prior+Residual,267464193,0.6689562986901822,0.8715016352981197,0.893574894707929,0.8516240157480315,0.38461538461538464,0.0972395812154369,-1.6256701033848797,0.640625,128,calibrated,geometry,[0.2743828855181248],fb5da330c210aa9d8e94698b75c9b1746763c8fd083c9c364c0322b5dd5824f9,independent_expert,3f54a03f83ce6e8cee6ed854e60e618204416938a6c14635a074c4aa064aaf4f,4b204212949a7d23fc0e348efc492273dd6e2be6268ecea4f83baf3577cb22a3,3f54a03f83ce6e8cee6ed854e60e618204416938a6c14635a074c4aa064aaf4f,4b204212949a7d23fc0e348efc492273dd6e2be6268ecea4f83baf3577cb22a3,80cab40b5f516fb7596aace0f9d0a8109c199057b20d9391d28cdb34f3f6b778,-0.019674249606069893,False
107,2,independent_expert,none,independent_expert,0.35,test,Oracle-Rank+Residual,267464193,0.6886305482962521,0.8565933965063418,0.8807510071415492,0.8426427165354331,0.38461538461538464,0.18599193984265852,-2.0960083618582006,1.0,128,target_only,oracle_rank,[9.226316976219065e-20],fb5da330c210aa9d8e94698b75c9b1746763c8fd083c9c364c0322b5dd5824f9,independent_expert,3f54a03f83ce6e8cee6ed854e60e618204416938a6c14635a074c4aa064aaf4f,4b204212949a7d23fc0e348efc492273dd6e2be6268ecea4f83baf3577cb22a3,3f54a03f83ce6e8cee6ed854e60e618204416938a6c14635a074c4aa064aaf4f,4b204212949a7d23fc0e348efc492273dd6e2be6268ecea4f83baf3577cb22a3,80cab40b5f516fb7596aace0f9d0a8109c199057b20d9391d28cdb34f3f6b778,0.0,False
107,2,independent_expert,none,independent_expert,0.35,test,Oracle-Value+Residual,267464193,0.6886305481074084,0.8565933965063418,0.8807510071415492,0.8426427165354331,0.38461538461538464,0.18599193984265852,-2.0960083619907417,1.0,128,calibrated,oracle_value,[2.3302775048947345e-11],fb5da330c210aa9d8e94698b75c9b1746763c8fd083c9c364c0322b5dd5824f9,independent_expert,3f54a03f83ce6e8cee6ed854e60e618204416938a6c14635a074c4aa064aaf4f,4b204212949a7d23fc0e348efc492273dd6e2be6268ecea4f83baf3577cb22a3,3f54a03f83ce6e8cee6ed854e60e618204416938a6c14635a074c4aa064aaf4f,4b204212949a7d23fc0e348efc492273dd6e2be6268ecea4f83baf3577cb22a3,80cab40b5f516fb7596aace0f9d0a8109c199057b20d9391d28cdb34f3f6b778,-1.888437184405234e-10,False
107,2,independent_expert,none,independent_expert,0.35,test,Oracle-Rank+Value+Residual,267464193,0.6886305482962521,0.8565933965063418,0.8807510071415492,0.8426427165354331,0.38461538461538464,0.18599193984265852,-2.0960083618582006,1.0,128,target_only,oracle_rank|oracle_value,"[6.266575038404718e-13, 4.1580867129816164e-13]",fb5da330c210aa9d8e94698b75c9b1746763c8fd083c9c364c0322b5dd5824f9,independent_expert,3f54a03f83ce6e8cee6ed854e60e618204416938a6c14635a074c4aa064aaf4f,4b204212949a7d23fc0e348efc492273dd6e2be6268ecea4f83baf3577cb22a3,3f54a03f83ce6e8cee6ed854e60e618204416938a6c14635a074c4aa064aaf4f,4b204212949a7d23fc0e348efc492273dd6e2be6268ecea4f83baf3577cb22a3,80cab40b5f516fb7596aace0f9d0a8109c199057b20d9391d28cdb34f3f6b778,0.0,False
107,2,independent_expert,none,independent_expert,0.7,test,Target-Only,1638961839,1.6609417816023822,0.8524743803800507,0.7667666178355612,0.7883858267716536,0.38461538461538464,0.3142487482118171,-0.65009481973402,0.78125,128,target_only,none,[],fb5da330c210aa9d8e94698b75c9b1746763c8fd083c9c364c0322b5dd5824f9,independent_expert,3f54a03f83ce6e8cee6ed854e60e618204416938a6c14635a074c4aa064aaf4f,b5c88a3c4dab575d271c54d5a2a68f8a4c5cc580f6a122a6fef9e5353e4e4ce0,3f54a03f83ce6e8cee6ed854e60e618204416938a6c14635a074c4aa064aaf4f,b5c88a3c4dab575d271c54d5a2a68f8a4c5cc580f6a122a6fef9e5353e4e4ce0,7556e6e291620d06fb441944ba2ed543da8821a26131cdc95c822856847d9e36,0.0,False
107,2,independent_expert,none,independent_expert,0.7,test,Geometry-Prior+Residual,1638961839,1.0617513484048542,0.9418665027500914,0.8884991301959348,0.8562992125984252,0.46153846153846156,0.046120943007018377,0.054288944191270394,0.5546875,128,calibrated,geometry,[0.2743828855181248],fb5da330c210aa9d8e94698b75c9b1746763c8fd083c9c364c0322b5dd5824f9,independent_expert,3f54a03f83ce6e8cee6ed854e60e618204416938a6c14635a074c4aa064aaf4f,b5c88a3c4dab575d271c54d5a2a68f8a4c5cc580f6a122a6fef9e5353e4e4ce0,3f54a03f83ce6e8cee6ed854e60e618204416938a6c14635a074c4aa064aaf4f,b5c88a3c4dab575d271c54d5a2a68f8a4c5cc580f6a122a6fef9e5353e4e4ce0,7556e6e291620d06fb441944ba2ed543da8821a26131cdc95c822856847d9e36,-0.599190433197528,False
107,2,independent_expert,none,independent_expert,0.7,test,Oracle-Rank+Residual,1638961839,1.6609417816023822,0.8524743803800507,0.7667666178355612,0.7883858267716536,0.38461538461538464,0.3142487482118171,-0.65009481973402,0.78125,128,target_only,oracle_rank,[9.226316976219065e-20],fb5da330c210aa9d8e94698b75c9b1746763c8fd083c9c364c0322b5dd5824f9,independent_expert,3f54a03f83ce6e8cee6ed854e60e618204416938a6c14635a074c4aa064aaf4f,b5c88a3c4dab575d271c54d5a2a68f8a4c5cc580f6a122a6fef9e5353e4e4ce0,3f54a03f83ce6e8cee6ed854e60e618204416938a6c14635a074c4aa064aaf4f,b5c88a3c4dab575d271c54d5a2a68f8a4c5cc580f6a122a6fef9e5353e4e4ce0,7556e6e291620d06fb441944ba2ed543da8821a26131cdc95c822856847d9e36,0.0,False
107,2,independent_expert,none,independent_expert,0.7,test,Oracle-Value+Residual,1638961839,1.660941781820694,0.8524743803800507,0.7667666178355612,0.7883858267716536,0.38461538461538464,0.3142487482118171,-0.6500948194071856,0.78125,128,calibrated,oracle_value,[2.3302775048947345e-11],fb5da330c210aa9d8e94698b75c9b1746763c8fd083c9c364c0322b5dd5824f9,independent_expert,3f54a03f83ce6e8cee6ed854e60e618204416938a6c14635a074c4aa064aaf4f,b5c88a3c4dab575d271c54d5a2a68f8a4c5cc580f6a122a6fef9e5353e4e4ce0,3f54a03f83ce6e8cee6ed854e60e618204416938a6c14635a074c4aa064aaf4f,b5c88a3c4dab575d271c54d5a2a68f8a4c5cc580f6a122a6fef9e5353e4e4ce0,7556e6e291620d06fb441944ba2ed543da8821a26131cdc95c822856847d9e36,2.183118130716366e-10,False
107,2,independent_expert,none,independent_expert,0.7,test,Oracle-Rank+Value+Residual,1638961839,1.6609417816023822,0.8524743803800507,0.7667666178355612,0.7883858267716536,0.38461538461538464,0.3142487482118171,-0.65009481973402,0.78125,128,target_only,oracle_rank|oracle_value,"[6.266575038404718e-13, 4.1580867129816164e-13]",fb5da330c210aa9d8e94698b75c9b1746763c8fd083c9c364c0322b5dd5824f9,independent_expert,3f54a03f83ce6e8cee6ed854e60e618204416938a6c14635a074c4aa064aaf4f,b5c88a3c4dab575d271c54d5a2a68f8a4c5cc580f6a122a6fef9e5353e4e4ce0,3f54a03f83ce6e8cee6ed854e60e618204416938a6c14635a074c4aa064aaf4f,b5c88a3c4dab575d271c54d5a2a68f8a4c5cc580f6a122a6fef9e5353e4e4ce0,7556e6e291620d06fb441944ba2ed543da8821a26131cdc95c822856847d9e36,0.0,False
107,2,independent_expert,none,independent_expert,1.0,test,Target-Only,1376077557,0.8646398071140501,0.8769328215359657,0.6750309009338948,0.7598425196850394,0.46153846153846156,0.18132965955320202,-0.07994365348560567,0.7890625,128,target_only,none,[],fb5da330c210aa9d8e94698b75c9b1746763c8fd083c9c364c0322b5dd5824f9,independent_expert,3f54a03f83ce6e8cee6ed854e60e618204416938a6c14635a074c4aa064aaf4f,446047008219d27f45dc8bc6c586694e24c855390c742567b04ff4149274b3ac,3f54a03f83ce6e8cee6ed854e60e618204416938a6c14635a074c4aa064aaf4f,446047008219d27f45dc8bc6c586694e24c855390c742567b04ff4149274b3ac,3fb0a2722ecf2937fc7d059ec6198c076d6ca47f513f1ace0d04cea28c605f90,0.0,False
107,2,independent_expert,none,independent_expert,1.0,test,Geometry-Prior+Residual,1376077557,0.7835290035508378,0.7004845255199534,0.739533739241897,0.7892470472440944,0.15384615384615385,0.3071334613379764,2.9518098176631353,0.25,128,calibrated,geometry,[0.2743828855181248],fb5da330c210aa9d8e94698b75c9b1746763c8fd083c9c364c0322b5dd5824f9,independent_expert,3f54a03f83ce6e8cee6ed854e60e618204416938a6c14635a074c4aa064aaf4f,446047008219d27f45dc8bc6c586694e24c855390c742567b04ff4149274b3ac,3f54a03f83ce6e8cee6ed854e60e618204416938a6c14635a074c4aa064aaf4f,446047008219d27f45dc8bc6c586694e24c855390c742567b04ff4149274b3ac,3fb0a2722ecf2937fc7d059ec6198c076d6ca47f513f1ace0d04cea28c605f90,-0.08111080356321232,False
107,2,independent_expert,none,independent_expert,1.0,test,Oracle-Rank+Residual,1376077557,0.8646398071140501,0.8769328215359657,0.6750309009338948,0.7598425196850394,0.46153846153846156,0.18132965955320202,-0.07994365348560567,0.7890625,128,target_only,oracle_rank,[9.226316976219065e-20],fb5da330c210aa9d8e94698b75c9b1746763c8fd083c9c364c0322b5dd5824f9,independent_expert,3f54a03f83ce6e8cee6ed854e60e618204416938a6c14635a074c4aa064aaf4f,446047008219d27f45dc8bc6c586694e24c855390c742567b04ff4149274b3ac,3f54a03f83ce6e8cee6ed854e60e618204416938a6c14635a074c4aa064aaf4f,446047008219d27f45dc8bc6c586694e24c855390c742567b04ff4149274b3ac,3fb0a2722ecf2937fc7d059ec6198c076d6ca47f513f1ace0d04cea28c605f90,0.0,False
107,2,independent_expert,none,independent_expert,1.0,test,Oracle-Value+Residual,1376077557,0.8646398071672379,0.8769328215359657,0.6750309009338948,0.7598425196850394,0.46153846153846156,0.18132965955320202,-0.07994365339068377,0.7890625,128,calibrated,oracle_value,[2.3302775048947345e-11],fb5da330c210aa9d8e94698b75c9b1746763c8fd083c9c364c0322b5dd5824f9,independent_expert,3f54a03f83ce6e8cee6ed854e60e618204416938a6c14635a074c4aa064aaf4f,446047008219d27f45dc8bc6c586694e24c855390c742567b04ff4149274b3ac,3f54a03f83ce6e8cee6ed854e60e618204416938a6c14635a074c4aa064aaf4f,446047008219d27f45dc8bc6c586694e24c855390c742567b04ff4149274b3ac,3fb0a2722ecf2937fc7d059ec6198c076d6ca47f513f1ace0d04cea28c605f90,5.318778750762476e-11,False
107,2,independent_expert,none,independent_expert,1.0,test,Oracle-Rank+Value+Residual,1376077557,0.8646398071140501,0.8769328215359657,0.6750309009338948,0.7598425196850394,0.46153846153846156,0.18132965955320202,-0.07994365348560567,0.7890625,128,target_only,oracle_rank|oracle_value,"[6.266575038404718e-13, 4.1580867129816164e-13]",fb5da330c210aa9d8e94698b75c9b1746763c8fd083c9c364c0322b5dd5824f9,independent_expert,3f54a03f83ce6e8cee6ed854e60e618204416938a6c14635a074c4aa064aaf4f,446047008219d27f45dc8bc6c586694e24c855390c742567b04ff4149274b3ac,3f54a03f83ce6e8cee6ed854e60e618204416938a6c14635a074c4aa064aaf4f,446047008219d27f45dc8bc6c586694e24c855390c742567b04ff4149274b3ac,3fb0a2722ecf2937fc7d059ec6198c076d6ca47f513f1ace0d04cea28c605f90,0.0,False
131,2,identity,none,identity,0.35,test,Target-Only,239973951,0.4603059042053885,0.9237091769258925,0.9513367515107123,0.9077263779527559,0.46153846153846156,0.006786971283930236,-2.180098890465852,1.0,128,target_only,none,[],5238a67aed6b129d8524ceca65a7ee3d48706e2496923125941726b7521ec95d,identity,33b59a0312697afeb0509183c32ba5b32a6b853a51a551d9479a9f7551aa90d3,e55260fb748f90b6aaeebfe6dbc088079e5c2c003524437dfa8222a5538bf8b6,33b59a0312697afeb0509183c32ba5b32a6b853a51a551d9479a9f7551aa90d3,e55260fb748f90b6aaeebfe6dbc088079e5c2c003524437dfa8222a5538bf8b6,136dfcd1769a37e26668b53321994c3d00da7d7aada6ce239b0509956313a7a0,0.0,False
131,2,identity,none,identity,0.35,test,Geometry-Prior+Residual,239973951,0.4099825039926028,0.923821651624027,0.9482237685405602,0.9002214566929134,0.46153846153846156,0.021398803898514947,-2.465041936851391,1.0,128,calibrated,geometry,[0.23005044705316002],5238a67aed6b129d8524ceca65a7ee3d48706e2496923125941726b7521ec95d,identity,33b59a0312697afeb0509183c32ba5b32a6b853a51a551d9479a9f7551aa90d3,e55260fb748f90b6aaeebfe6dbc088079e5c2c003524437dfa8222a5538bf8b6,33b59a0312697afeb0509183c32ba5b32a6b853a51a551d9479a9f7551aa90d3,e55260fb748f90b6aaeebfe6dbc088079e5c2c003524437dfa8222a5538bf8b6,136dfcd1769a37e26668b53321994c3d00da7d7aada6ce239b0509956313a7a0,-0.05032340021278575,False
131,2,identity,none,identity,0.35,test,Oracle-Rank+Residual,239973951,0.2660144875211927,0.9795765742318057,0.9542265610694011,0.9144931102362205,0.8461538461538461,0.006786971283930236,-3.0409790560702694,0.921875,128,calibrated,oracle_rank,[0.26287744727053214],5238a67aed6b129d8524ceca65a7ee3d48706e2496923125941726b7521ec95d,identity,33b59a0312697afeb0509183c32ba5b32a6b853a51a551d9479a9f7551aa90d3,e55260fb748f90b6aaeebfe6dbc088079e5c2c003524437dfa8222a5538bf8b6,33b59a0312697afeb0509183c32ba5b32a6b853a51a551d9479a9f7551aa90d3,e55260fb748f90b6aaeebfe6dbc088079e5c2c003524437dfa8222a5538bf8b6,136dfcd1769a37e26668b53321994c3d00da7d7aada6ce239b0509956313a7a0,-0.1942914166841958,False
131,2,identity,none,identity,0.35,test,Oracle-Value+Residual,239973951,0.03829325934659574,0.9991422544995049,0.9741347738509429,0.953986220472441,1.0,0.0,-4.675955460723738,1.0,128,calibrated,oracle_value,[0.2725276438539353],5238a67aed6b129d8524ceca65a7ee3d48706e2496923125941726b7521ec95d,identity,33b59a0312697afeb0509183c32ba5b32a6b853a51a551d9479a9f7551aa90d3,e55260fb748f90b6aaeebfe6dbc088079e5c2c003524437dfa8222a5538bf8b6,33b59a0312697afeb0509183c32ba5b32a6b853a51a551d9479a9f7551aa90d3,e55260fb748f90b6aaeebfe6dbc088079e5c2c003524437dfa8222a5538bf8b6,136dfcd1769a37e26668b53321994c3d00da7d7aada6ce239b0509956313a7a0,-0.4220126448587928,False
131,2,identity,none,identity,0.35,test,Oracle-Rank+Value+Residual,239973951,0.09124008931169172,0.9991694306138128,0.9747241805530121,0.9495570866141733,1.0,0.0,-4.133768187090227,0.953125,128,calibrated,oracle_rank|oracle_value,"[0.09627096106806263, 0.18654764257794554]",5238a67aed6b129d8524ceca65a7ee3d48706e2496923125941726b7521ec95d,identity,33b59a0312697afeb0509183c32ba5b32a6b853a51a551d9479a9f7551aa90d3,e55260fb748f90b6aaeebfe6dbc088079e5c2c003524437dfa8222a5538bf8b6,33b59a0312697afeb0509183c32ba5b32a6b853a51a551d9479a9f7551aa90d3,e55260fb748f90b6aaeebfe6dbc088079e5c2c003524437dfa8222a5538bf8b6,136dfcd1769a37e26668b53321994c3d00da7d7aada6ce239b0509956313a7a0,-0.36906581489369683,False
131,2,identity,none,identity,0.7,test,Target-Only,892226442,1.3730126995517535,0.8752484183420184,0.8859583867423548,0.8566683070866141,0.5384615384615384,0.5394684363242015,-0.9221873616576507,0.8984375,128,target_only,none,[],5238a67aed6b129d8524ceca65a7ee3d48706e2496923125941726b7521ec95d,identity,33b59a0312697afeb0509183c32ba5b32a6b853a51a551d9479a9f7551aa90d3,6184962f22bc84f515ac7d79ec1f86772a0f2c75603956d82858fb9278f13502,33b59a0312697afeb0509183c32ba5b32a6b853a51a551d9479a9f7551aa90d3,6184962f22bc84f515ac7d79ec1f86772a0f2c75603956d82858fb9278f13502,62c8e678cc6a854e5b977b23dba79a5ebd390e0d1b8f45f5e55fc5d9c339a2ef,0.0,False
131,2,identity,none,identity,0.7,test,Geometry-Prior+Residual,892226442,1.1446528914749052,0.9687977447376774,0.9409906610510894,0.9002214566929134,0.8461538461538461,0.07553203580936012,-0.20972759151968756,0.609375,128,calibrated,geometry,[0.23005044705316002],5238a67aed6b129d8524ceca65a7ee3d48706e2496923125941726b7521ec95d,identity,33b59a0312697afeb0509183c32ba5b32a6b853a51a551d9479a9f7551aa90d3,6184962f22bc84f515ac7d79ec1f86772a0f2c75603956d82858fb9278f13502,33b59a0312697afeb0509183c32ba5b32a6b853a51a551d9479a9f7551aa90d3,6184962f22bc84f515ac7d79ec1f86772a0f2c75603956d82858fb9278f13502,62c8e678cc6a854e5b977b23dba79a5ebd390e0d1b8f45f5e55fc5d9c339a2ef,-0.2283598080768483,False
131,2,identity,none,identity,0.7,test,Oracle-Rank+Residual,892226442,0.9636679692893764,0.9716001941953392,0.8623935634499177,0.8501476377952756,0.8461538461538461,0.018012877567385732,1.8839562156333698,0.2734375,128,calibrated,oracle_rank,[0.26287744727053214],5238a67aed6b129d8524ceca65a7ee3d48706e2496923125941726b7521ec95d,identity,33b59a0312697afeb0509183c32ba5b32a6b853a51a551d9479a9f7551aa90d3,6184962f22bc84f515ac7d79ec1f86772a0f2c75603956d82858fb9278f13502,33b59a0312697afeb0509183c32ba5b32a6b853a51a551d9479a9f7551aa90d3,6184962f22bc84f515ac7d79ec1f86772a0f2c75603956d82858fb9278f13502,62c8e678cc6a854e5b977b23dba79a5ebd390e0d1b8f45f5e55fc5d9c339a2ef,-0.40934473026237717,False
131,2,identity,none,identity,0.7,test,Oracle-Value+Residual,892226442,0.14523677392129458,0.9996712819868824,0.9573567112250504,0.9291338582677166,1.0,0.0,-2.937122866278068,0.8203125,128,calibrated,oracle_value,[0.2725276438539353],5238a67aed6b129d8524ceca65a7ee3d48706e2496923125941726b7521ec95d,identity,33b59a0312697afeb0509183c32ba5b32a6b853a51a551d9479a9f7551aa90d3,6184962f22bc84f515ac7d79ec1f86772a0f2c75603956d82858fb9278f13502,33b59a0312697afeb0509183c32ba5b32a6b853a51a551d9479a9f7551aa90d3,6184962f22bc84f515ac7d79ec1f86772a0f2c75603956d82858fb9278f13502,62c8e678cc6a854e5b977b23dba79a5ebd390e0d1b8f45f5e55fc5d9c339a2ef,-1.227775925630459,False
131,2,identity,none,identity,0.7,test,Oracle-Rank+Value+Residual,892226442,0.3837660945474448,0.9838983947950911,0.9097692730269182,0.8831200787401575,0.8461538461538461,0.018012877567385732,0.9326186150208604,0.265625,128,calibrated,oracle_rank|oracle_value,"[0.09627096106806263, 0.18654764257794554]",5238a67aed6b129d8524ceca65a7ee3d48706e2496923125941726b7521ec95d,identity,33b59a0312697afeb0509183c32ba5b32a6b853a51a551d9479a9f7551aa90d3,6184962f22bc84f515ac7d79ec1f86772a0f2c75603956d82858fb9278f13502,33b59a0312697afeb0509183c32ba5b32a6b853a51a551d9479a9f7551aa90d3,6184962f22bc84f515ac7d79ec1f86772a0f2c75603956d82858fb9278f13502,62c8e678cc6a854e5b977b23dba79a5ebd390e0d1b8f45f5e55fc5d9c339a2ef,-0.9892466050043087,False
131,2,identity,none,identity,1.0,test,Target-Only,1480972862,0.8092752685343384,0.689896880872754,0.7718423823475554,0.7875246062992126,0.07692307692307693,0.3023310002954156,-0.33639671642354163,0.8515625,128,target_only,none,[],5238a67aed6b129d8524ceca65a7ee3d48706e2496923125941726b7521ec95d,identity,33b59a0312697afeb0509183c32ba5b32a6b853a51a551d9479a9f7551aa90d3,969054f3f02d7bdef4921b9f4059cb03a754ffcec5bed650ddb92d9b8904e682,33b59a0312697afeb0509183c32ba5b32a6b853a51a551d9479a9f7551aa90d3,969054f3f02d7bdef4921b9f4059cb03a754ffcec5bed650ddb92d9b8904e682,f7903b3aedeca615776a947a288032cfcad483c22e18e36009e9951563daa2f6,0.0,False
131,2,identity,none,identity,1.0,test,Geometry-Prior+Residual,1480972862,0.46593354104170165,0.9492709900071392,0.9163958066288226,0.875369094488189,0.6923076923076923,0.06924247540080028,-0.5713849767410095,0.7890625,128,calibrated,geometry,[0.23005044705316002],5238a67aed6b129d8524ceca65a7ee3d48706e2496923125941726b7521ec95d,identity,33b59a0312697afeb0509183c32ba5b32a6b853a51a551d9479a9f7551aa90d3,969054f3f02d7bdef4921b9f4059cb03a754ffcec5bed650ddb92d9b8904e682,33b59a0312697afeb0509183c32ba5b32a6b853a51a551d9479a9f7551aa90d3,969054f3f02d7bdef4921b9f4059cb03a754ffcec5bed650ddb92d9b8904e682,f7903b3aedeca615776a947a288032cfcad483c22e18e36009e9951563daa2f6,-0.34334172749263675,False
131,2,identity,none,identity,1.0,test,Oracle-Rank+Residual,1480972862,0.38057989055461305,0.9794889316701489,0.9201783098333637,0.8855807086614174,0.8461538461538461,0.012200071728554203,0.3080229618664308,0.4765625,128,calibrated,oracle_rank,[0.26287744727053214],5238a67aed6b129d8524ceca65a7ee3d48706e2496923125941726b7521ec95d,identity,33b59a0312697afeb0509183c32ba5b32a6b853a51a551d9479a9f7551aa90d3,969054f3f02d7bdef4921b9f4059cb03a754ffcec5bed650ddb92d9b8904e682,33b59a0312697afeb0509183c32ba5b32a6b853a51a551d9479a9f7551aa90d3,969054f3f02d7bdef4921b9f4059cb03a754ffcec5bed650ddb92d9b8904e682,f7903b3aedeca615776a947a288032cfcad483c22e18e36009e9951563daa2f6,-0.42869537797972534,False
131,2,identity,none,identity,1.0,test,Oracle-Value+Residual,1480972862,0.06918091151481816,0.9998177960727417,0.9950272386009887,0.9772391732283464,1.0,0.0,-2.0042378295978005,0.6640625,128,calibrated,oracle_value,[0.2725276438539353],5238a67aed6b129d8524ceca65a7ee3d48706e2496923125941726b7521ec95d,identity,33b59a0312697afeb0509183c32ba5b32a6b853a51a551d9479a9f7551aa90d3,969054f3f02d7bdef4921b9f4059cb03a754ffcec5bed650ddb92d9b8904e682,33b59a0312697afeb0509183c32ba5b32a6b853a51a551d9479a9f7551aa90d3,969054f3f02d7bdef4921b9f4059cb03a754ffcec5bed650ddb92d9b8904e682,f7903b3aedeca615776a947a288032cfcad483c22e18e36009e9951563daa2f6,-0.7400943570195202,False
131,2,identity,none,identity,1.0,test,Oracle-Rank+Value+Residual,1480972862,0.14634373656486102,0.9884909483182298,0.9841031862296281,0.952632874015748,0.8461538461538461,0.012200071728554203,-0.6139436538972252,0.5625,128,calibrated,oracle_rank|oracle_value,"[0.09627096106806263, 0.18654764257794554]",5238a67aed6b129d8524ceca65a7ee3d48706e2496923125941726b7521ec95d,identity,33b59a0312697afeb0509183c32ba5b32a6b853a51a551d9479a9f7551aa90d3,969054f3f02d7bdef4921b9f4059cb03a754ffcec5bed650ddb92d9b8904e682,33b59a0312697afeb0509183c32ba5b32a6b853a51a551d9479a9f7551aa90d3,969054f3f02d7bdef4921b9f4059cb03a754ffcec5bed650ddb92d9b8904e682,f7903b3aedeca615776a947a288032cfcad483c22e18e36009e9951563daa2f6,-0.6629315319694774,False
131,2,identity,identity_label_permutation,identity_label_permutation,0.35,test,Target-Only,1533997655,0.4603059042053885,0.9237091769258925,0.9513367515107123,0.9077263779527559,0.46153846153846156,0.006786971283930236,-2.180098890465852,1.0,128,target_only,none,[],c8a1fde22bf381f238d71e7d0ebcb29fe6b04df30fbf097d84a668c83568894a,identity,33b59a0312697afeb0509183c32ba5b32a6b853a51a551d9479a9f7551aa90d3,e55260fb748f90b6aaeebfe6dbc088079e5c2c003524437dfa8222a5538bf8b6,33b59a0312697afeb0509183c32ba5b32a6b853a51a551d9479a9f7551aa90d3,e55260fb748f90b6aaeebfe6dbc088079e5c2c003524437dfa8222a5538bf8b6,136dfcd1769a37e26668b53321994c3d00da7d7aada6ce239b0509956313a7a0,0.0,False
131,2,identity,identity_label_permutation,identity_label_permutation,0.35,test,Geometry-Prior+Residual,1533997655,0.4099825039926028,0.923821651624027,0.9482237685405602,0.9002214566929134,0.46153846153846156,0.021398803898514947,-2.465041936851391,1.0,128,calibrated,geometry,[0.23005044705316002],c8a1fde22bf381f238d71e7d0ebcb29fe6b04df30fbf097d84a668c83568894a,identity,33b59a0312697afeb0509183c32ba5b32a6b853a51a551d9479a9f7551aa90d3,e55260fb748f90b6aaeebfe6dbc088079e5c2c003524437dfa8222a5538bf8b6,33b59a0312697afeb0509183c32ba5b32a6b853a51a551d9479a9f7551aa90d3,e55260fb748f90b6aaeebfe6dbc088079e5c2c003524437dfa8222a5538bf8b6,136dfcd1769a37e26668b53321994c3d00da7d7aada6ce239b0509956313a7a0,-0.05032340021278575,False
131,2,identity,identity_label_permutation,identity_label_permutation,0.35,test,Oracle-Rank+Residual,1533997655,0.6776189914717342,0.9956835293658621,0.930169611792712,0.8924704724409449,1.0,0.004136527741078453,-2.0348411122409527,1.0,128,calibrated,oracle_rank,[0.03482993871318217],c8a1fde22bf381f238d71e7d0ebcb29fe6b04df30fbf097d84a668c83568894a,identity,33b59a0312697afeb0509183c32ba5b32a6b853a51a551d9479a9f7551aa90d3,e55260fb748f90b6aaeebfe6dbc088079e5c2c003524437dfa8222a5538bf8b6,33b59a0312697afeb0509183c32ba5b32a6b853a51a551d9479a9f7551aa90d3,e55260fb748f90b6aaeebfe6dbc088079e5c2c003524437dfa8222a5538bf8b6,136dfcd1769a37e26668b53321994c3d00da7d7aada6ce239b0509956313a7a0,0.21731308726634568,True
131,2,identity,identity_label_permutation,identity_label_permutation,0.35,test,Oracle-Value+Residual,1533997655,1.3574189325594634,0.976491539733887,0.8009464841604101,0.8209891732283464,0.6923076923076923,0.0,-1.5156436848606414,0.8046875,128,calibrated,oracle_value,[0.07447571746185187],c8a1fde22bf381f238d71e7d0ebcb29fe6b04df30fbf097d84a668c83568894a,identity,33b59a0312697afeb0509183c32ba5b32a6b853a51a551d9479a9f7551aa90d3,e55260fb748f90b6aaeebfe6dbc088079e5c2c003524437dfa8222a5538bf8b6,33b59a0312697afeb0509183c32ba5b32a6b853a51a551d9479a9f7551aa90d3,e55260fb748f90b6aaeebfe6dbc088079e5c2c003524437dfa8222a5538bf8b6,136dfcd1769a37e26668b53321994c3d00da7d7aada6ce239b0509956313a7a0,0.8971130283540749,True
131,2,identity,identity_label_permutation,identity_label_permutation,0.35,test,Oracle-Rank+Value+Residual,1533997655,1.357418932559465,0.976491539733887,0.8009464841604101,0.8209891732283464,0.6923076923076923,0.0,-1.51564368486064,0.8046875,128,calibrated,oracle_rank|oracle_value,"[3.4139270028293612e-18, 0.07447571746185194]",c8a1fde22bf381f238d71e7d0ebcb29fe6b04df30fbf097d84a668c83568894a,identity,33b59a0312697afeb0509183c32ba5b32a6b853a51a551d9479a9f7551aa90d3,e55260fb748f90b6aaeebfe6dbc088079e5c2c003524437dfa8222a5538bf8b6,33b59a0312697afeb0509183c32ba5b32a6b853a51a551d9479a9f7551aa90d3,e55260fb748f90b6aaeebfe6dbc088079e5c2c003524437dfa8222a5538bf8b6,136dfcd1769a37e26668b53321994c3d00da7d7aada6ce239b0509956313a7a0,0.8971130283540765,True
131,2,identity,identity_label_permutation,identity_label_permutation,0.7,test,Target-Only,880364390,1.3730126995517535,0.8752484183420184,0.8859583867423548,0.8566683070866141,0.5384615384615384,0.5394684363242015,-0.9221873616576507,0.8984375,128,target_only,none,[],c8a1fde22bf381f238d71e7d0ebcb29fe6b04df30fbf097d84a668c83568894a,identity,33b59a0312697afeb0509183c32ba5b32a6b853a51a551d9479a9f7551aa90d3,6184962f22bc84f515ac7d79ec1f86772a0f2c75603956d82858fb9278f13502,33b59a0312697afeb0509183c32ba5b32a6b853a51a551d9479a9f7551aa90d3,6184962f22bc84f515ac7d79ec1f86772a0f2c75603956d82858fb9278f13502,62c8e678cc6a854e5b977b23dba79a5ebd390e0d1b8f45f5e55fc5d9c339a2ef,0.0,False
131,2,identity,identity_label_permutation,identity_label_permutation,0.7,test,Geometry-Prior+Residual,880364390,1.1446528914749052,0.9687977447376774,0.9409906610510894,0.9002214566929134,0.8461538461538461,0.07553203580936012,-0.20972759151968756,0.609375,128,calibrated,geometry,[0.23005044705316002],c8a1fde22bf381f238d71e7d0ebcb29fe6b04df30fbf097d84a668c83568894a,identity,33b59a0312697afeb0509183c32ba5b32a6b853a51a551d9479a9f7551aa90d3,6184962f22bc84f515ac7d79ec1f86772a0f2c75603956d82858fb9278f13502,33b59a0312697afeb0509183c32ba5b32a6b853a51a551d9479a9f7551aa90d3,6184962f22bc84f515ac7d79ec1f86772a0f2c75603956d82858fb9278f13502,62c8e678cc6a854e5b977b23dba79a5ebd390e0d1b8f45f5e55fc5d9c339a2ef,-0.2283598080768483,False
131,2,identity,identity_label_permutation,identity_label_permutation,0.7,test,Oracle-Rank+Residual,880364390,1.5004755555414095,0.946337947046294,0.8957207928950741,0.8567913385826772,0.6923076923076923,0.10669929527522067,-0.46099905467867325,0.7890625,128,calibrated,oracle_rank,[0.03482993871318217],c8a1fde22bf381f238d71e7d0ebcb29fe6b04df30fbf097d84a668c83568894a,identity,33b59a0312697afeb0509183c32ba5b32a6b853a51a551d9479a9f7551aa90d3,6184962f22bc84f515ac7d79ec1f86772a0f2c75603956d82858fb9278f13502,33b59a0312697afeb0509183c32ba5b32a6b853a51a551d9479a9f7551aa90d3,6184962f22bc84f515ac7d79ec1f86772a0f2c75603956d82858fb9278f13502,62c8e678cc6a854e5b977b23dba79a5ebd390e0d1b8f45f5e55fc5d9c339a2ef,0.127462855989656,True
131,2,identity,identity_label_permutation,identity_label_permutation,0.7,test,Oracle-Value+Residual,880364390,1.9397510775513374,0.923150121910658,0.8051009430507233,0.8009350393700787,0.5384615384615384,0.10669929527522067,0.4591112876320441,0.5859375,128,calibrated,oracle_value,[0.07447571746185187],c8a1fde22bf381f238d71e7d0ebcb29fe6b04df30fbf097d84a668c83568894a,identity,33b59a0312697afeb0509183c32ba5b32a6b853a51a551d9479a9f7551aa90d3,6184962f22bc84f515ac7d79ec1f86772a0f2c75603956d82858fb9278f13502,33b59a0312697afeb0509183c32ba5b32a6b853a51a551d9479a9f7551aa90d3,6184962f22bc84f515ac7d79ec1f86772a0f2c75603956d82858fb9278f13502,62c8e678cc6a854e5b977b23dba79a5ebd390e0d1b8f45f5e55fc5d9c339a2ef,0.5667383779995838,True
131,2,identity,identity_label_permutation,identity_label_permutation,0.7,test,Oracle-Rank+Value+Residual,880364390,1.9397510775513382,0.923150121910658,0.8051009430507233,0.8009350393700787,0.5384615384615384,0.10669929527522067,0.45911128763204495,0.5859375,128,calibrated,oracle_rank|oracle_value,"[3.4139270028293612e-18, 0.07447571746185194]",c8a1fde22bf381f238d71e7d0ebcb29fe6b04df30fbf097d84a668c83568894a,identity,33b59a0312697afeb0509183c32ba5b32a6b853a51a551d9479a9f7551aa90d3,6184962f22bc84f515ac7d79ec1f86772a0f2c75603956d82858fb9278f13502,33b59a0312697afeb0509183c32ba5b32a6b853a51a551d9479a9f7551aa90d3,6184962f22bc84f515ac7d79ec1f86772a0f2c75603956d82858fb9278f13502,62c8e678cc6a854e5b977b23dba79a5ebd390e0d1b8f45f5e55fc5d9c339a2ef,0.5667383779995847,True
131,2,identity,identity_label_permutation,identity_label_permutation,1.0,test,Target-Only,303200598,0.8092752685343384,0.689896880872754,0.7718423823475554,0.7875246062992126,0.07692307692307693,0.3023310002954156,-0.33639671642354163,0.8515625,128,target_only,none,[],c8a1fde22bf381f238d71e7d0ebcb29fe6b04df30fbf097d84a668c83568894a,identity,33b59a0312697afeb0509183c32ba5b32a6b853a51a551d9479a9f7551aa90d3,969054f3f02d7bdef4921b9f4059cb03a754ffcec5bed650ddb92d9b8904e682,33b59a0312697afeb0509183c32ba5b32a6b853a51a551d9479a9f7551aa90d3,969054f3f02d7bdef4921b9f4059cb03a754ffcec5bed650ddb92d9b8904e682,f7903b3aedeca615776a947a288032cfcad483c22e18e36009e9951563daa2f6,0.0,False
131,2,identity,identity_label_permutation,identity_label_permutation,1.0,test,Geometry-Prior+Residual,303200598,0.46593354104170165,0.9492709900071392,0.9163958066288226,0.875369094488189,0.6923076923076923,0.06924247540080028,-0.5713849767410095,0.7890625,128,calibrated,geometry,[0.23005044705316002],c8a1fde22bf381f238d71e7d0ebcb29fe6b04df30fbf097d84a668c83568894a,identity,33b59a0312697afeb0509183c32ba5b32a6b853a51a551d9479a9f7551aa90d3,969054f3f02d7bdef4921b9f4059cb03a754ffcec5bed650ddb92d9b8904e682,33b59a0312697afeb0509183c32ba5b32a6b853a51a551d9479a9f7551aa90d3,969054f3f02d7bdef4921b9f4059cb03a754ffcec5bed650ddb92d9b8904e682,f7903b3aedeca615776a947a288032cfcad483c22e18e36009e9951563daa2f6,-0.34334172749263675,False
131,2,identity,identity_label_permutation,identity_label_permutation,1.0,test,Oracle-Rank+Residual,303200598,0.708956416145452,0.7294311628409972,0.8098963101995971,0.8026574803149606,0.15384615384615385,0.32273111964556117,-0.5787884019355127,0.875,128,calibrated,oracle_rank,[0.03482993871318217],c8a1fde22bf381f238d71e7d0ebcb29fe6b04df30fbf097d84a668c83568894a,identity,33b59a0312697afeb0509183c32ba5b32a6b853a51a551d9479a9f7551aa90d3,969054f3f02d7bdef4921b9f4059cb03a754ffcec5bed650ddb92d9b8904e682,33b59a0312697afeb0509183c32ba5b32a6b853a51a551d9479a9f7551aa90d3,969054f3f02d7bdef4921b9f4059cb03a754ffcec5bed650ddb92d9b8904e682,f7903b3aedeca615776a947a288032cfcad483c22e18e36009e9951563daa2f6,-0.10031885238888638,False
131,2,identity,identity_label_permutation,identity_label_permutation,1.0,test,Oracle-Value+Residual,303200598,0.7175816890297042,0.795300438835972,0.7746864127449185,0.7840797244094488,0.15384615384615385,0.14602967846693177,-0.37430596472632405,0.8359375,128,calibrated,oracle_value,[0.07447571746185187],c8a1fde22bf381f238d71e7d0ebcb29fe6b04df30fbf097d84a668c83568894a,identity,33b59a0312697afeb0509183c32ba5b32a6b853a51a551d9479a9f7551aa90d3,969054f3f02d7bdef4921b9f4059cb03a754ffcec5bed650ddb92d9b8904e682,33b59a0312697afeb0509183c32ba5b32a6b853a51a551d9479a9f7551aa90d3,969054f3f02d7bdef4921b9f4059cb03a754ffcec5bed650ddb92d9b8904e682,f7903b3aedeca615776a947a288032cfcad483c22e18e36009e9951563daa2f6,-0.09169357950463419,False
131,2,identity,identity_label_permutation,identity_label_permutation,1.0,test,Oracle-Rank+Value+Residual,303200598,0.7175816890297042,0.795300438835972,0.7746864127449185,0.7840797244094488,0.15384615384615385,0.14602967846693177,-0.3743059647263237,0.8359375,128,calibrated,oracle_rank|oracle_value,"[3.4139270028293612e-18, 0.07447571746185194]",c8a1fde22bf381f238d71e7d0ebcb29fe6b04df30fbf097d84a668c83568894a,identity,33b59a0312697afeb0509183c32ba5b32a6b853a51a551d9479a9f7551aa90d3,969054f3f02d7bdef4921b9f4059cb03a754ffcec5bed650ddb92d9b8904e682,33b59a0312697afeb0509183c32ba5b32a6b853a51a551d9479a9f7551aa90d3,969054f3f02d7bdef4921b9f4059cb03a754ffcec5bed650ddb92d9b8904e682,f7903b3aedeca615776a947a288032cfcad483c22e18e36009e9951563daa2f6,-0.09169357950463419,False
131,2,output_affine,none,output_affine,0.35,test,Target-Only,451042939,0.46030590420538825,0.9237091769258925,0.9513367515107123,0.9077263779527559,0.46153846153846156,0.006786971283931696,-1.2638081585916972,1.0,128,target_only,none,[],5238a67aed6b129d8524ceca65a7ee3d48706e2496923125941726b7521ec95d,output_affine,33b59a0312697afeb0509183c32ba5b32a6b853a51a551d9479a9f7551aa90d3,e55260fb748f90b6aaeebfe6dbc088079e5c2c003524437dfa8222a5538bf8b6,33b59a0312697afeb0509183c32ba5b32a6b853a51a551d9479a9f7551aa90d3,e55260fb748f90b6aaeebfe6dbc088079e5c2c003524437dfa8222a5538bf8b6,22b6ad8f901ae58c88e47ed74764a40b8c31967d26f557cdde54d8442a1319af,0.0,False
131,2,output_affine,none,output_affine,0.35,test,Geometry-Prior+Residual,451042939,0.4099825039926024,0.923821651624027,0.9482237685405602,0.9002214566929134,0.46153846153846156,0.02139880389851476,-1.5487512049772378,1.0,128,calibrated,geometry,[0.5751261176328996],5238a67aed6b129d8524ceca65a7ee3d48706e2496923125941726b7521ec95d,output_affine,33b59a0312697afeb0509183c32ba5b32a6b853a51a551d9479a9f7551aa90d3,e55260fb748f90b6aaeebfe6dbc088079e5c2c003524437dfa8222a5538bf8b6,33b59a0312697afeb0509183c32ba5b32a6b853a51a551d9479a9f7551aa90d3,e55260fb748f90b6aaeebfe6dbc088079e5c2c003524437dfa8222a5538bf8b6,22b6ad8f901ae58c88e47ed74764a40b8c31967d26f557cdde54d8442a1319af,-0.05032340021278586,False
131,2,output_affine,none,output_affine,0.35,test,Oracle-Rank+Residual,451042939,0.266014487521191,0.9795765742318057,0.9542265610694011,0.9144931102362205,0.8461538461538461,0.006786971283931696,-2.124688324196122,0.921875,128,calibrated,oracle_rank,[0.6571936181763299],5238a67aed6b129d8524ceca65a7ee3d48706e2496923125941726b7521ec95d,output_affine,33b59a0312697afeb0509183c32ba5b32a6b853a51a551d9479a9f7551aa90d3,e55260fb748f90b6aaeebfe6dbc088079e5c2c003524437dfa8222a5538bf8b6,33b59a0312697afeb0509183c32ba5b32a6b853a51a551d9479a9f7551aa90d3,e55260fb748f90b6aaeebfe6dbc088079e5c2c003524437dfa8222a5538bf8b6,22b6ad8f901ae58c88e47ed74764a40b8c31967d26f557cdde54d8442a1319af,-0.19429141668419725,False
131,2,output_affine,none,output_affine,0.35,test,Oracle-Value+Residual,451042939,0.03829325934659575,0.9991422544995049,0.9741347738509429,0.953986220472441,1.0,0.0,-3.7596647288495797,1.0,128,calibrated,oracle_value,[0.6813191096348377],5238a67aed6b129d8524ceca65a7ee3d48706e2496923125941726b7521ec95d,output_affine,33b59a0312697afeb0509183c32ba5b32a6b853a51a551d9479a9f7551aa90d3,e55260fb748f90b6aaeebfe6dbc088079e5c2c003524437dfa8222a5538bf8b6,33b59a0312697afeb0509183c32ba5b32a6b853a51a551d9479a9f7551aa90d3,e55260fb748f90b6aaeebfe6dbc088079e5c2c003524437dfa8222a5538bf8b6,22b6ad8f901ae58c88e47ed74764a40b8c31967d26f557cdde54d8442a1319af,-0.42201264485879253,False
131,2,output_affine,none,output_affine,0.35,test,Oracle-Rank+Value+Residual,451042939,0.09124008931169142,0.9991694306138128,0.9747241805530121,0.9495570866141733,1.0,0.0,-3.217477455216069,0.953125,128,calibrated,oracle_rank|oracle_value,"[0.2406774026701563, 0.46636910644486373]",5238a67aed6b129d8524ceca65a7ee3d48706e2496923125941726b7521ec95d,output_affine,33b59a0312697afeb0509183c32ba5b32a6b853a51a551d9479a9f7551aa90d3,e55260fb748f90b6aaeebfe6dbc088079e5c2c003524437dfa8222a5538bf8b6,33b59a0312697afeb0509183c32ba5b32a6b853a51a551d9479a9f7551aa90d3,e55260fb748f90b6aaeebfe6dbc088079e5c2c003524437dfa8222a5538bf8b6,22b6ad8f901ae58c88e47ed74764a40b8c31967d26f557cdde54d8442a1319af,-0.36906581489369683,False
131,2,output_affine,none,output_affine,0.7,test,Target-Only,1192126137,1.3730126995517524,0.8752484183420184,0.8859583867423548,0.8566683070866141,0.5384615384615384,0.539468436324202,-0.00589662978349606,0.8984375,128,target_only,none,[],5238a67aed6b129d8524ceca65a7ee3d48706e2496923125941726b7521ec95d,output_affine,33b59a0312697afeb0509183c32ba5b32a6b853a51a551d9479a9f7551aa90d3,6184962f22bc84f515ac7d79ec1f86772a0f2c75603956d82858fb9278f13502,33b59a0312697afeb0509183c32ba5b32a6b853a51a551d9479a9f7551aa90d3,6184962f22bc84f515ac7d79ec1f86772a0f2c75603956d82858fb9278f13502,1eeea97c82ccf721c74f2dfee3213bb44102f28941d49dcad6a07a0737b88d5a,0.0,False
131,2,output_affine,none,output_affine,0.7,test,Geometry-Prior+Residual,1192126137,1.1446528914749048,0.9687977447376774,0.9409906610510894,0.9002214566929134,0.8461538461538461,0.07553203580935991,0.7065631403544682,0.609375,128,calibrated,geometry,[0.5751261176328996],5238a67aed6b129d8524ceca65a7ee3d48706e2496923125941726b7521ec95d,output_affine,33b59a0312697afeb0509183c32ba5b32a6b853a51a551d9479a9f7551aa90d3,6184962f22bc84f515ac7d79ec1f86772a0f2c75603956d82858fb9278f13502,33b59a0312697afeb0509183c32ba5b32a6b853a51a551d9479a9f7551aa90d3,6184962f22bc84f515ac7d79ec1f86772a0f2c75603956d82858fb9278f13502,1eeea97c82ccf721c74f2dfee3213bb44102f28941d49dcad6a07a0737b88d5a,-0.22835980807684764,False
131,2,output_affine,none,output_affine,0.7,test,Oracle-Rank+Residual,1192126137,0.9636679692893761,0.9716001941953392,0.8623935634499177,0.8501476377952756,0.8461538461538461,0.018012877567386,2.8002469475075173,0.2734375,128,calibrated,oracle_rank,[0.6571936181763299],5238a67aed6b129d8524ceca65a7ee3d48706e2496923125941726b7521ec95d,output_affine,33b59a0312697afeb0509183c32ba5b32a6b853a51a551d9479a9f7551aa90d3,6184962f22bc84f515ac7d79ec1f86772a0f2c75603956d82858fb9278f13502,33b59a0312697afeb0509183c32ba5b32a6b853a51a551d9479a9f7551aa90d3,6184962f22bc84f515ac7d79ec1f86772a0f2c75603956d82858fb9278f13502,1eeea97c82ccf721c74f2dfee3213bb44102f28941d49dcad6a07a0737b88d5a,-0.4093447302623763,False
131,2,output_affine,none,output_affine,0.7,test,Oracle-Value+Residual,1192126137,0.14523677392129455,0.9996712819868824,0.9573567112250504,0.9291338582677166,1.0,0.0,-2.0208321344039226,0.8203125,128,calibrated,oracle_value,[0.6813191096348377],5238a67aed6b129d8524ceca65a7ee3d48706e2496923125941726b7521ec95d,output_affine,33b59a0312697afeb0509183c32ba5b32a6b853a51a551d9479a9f7551aa90d3,6184962f22bc84f515ac7d79ec1f86772a0f2c75603956d82858fb9278f13502,33b59a0312697afeb0509183c32ba5b32a6b853a51a551d9479a9f7551aa90d3,6184962f22bc84f515ac7d79ec1f86772a0f2c75603956d82858fb9278f13502,1eeea97c82ccf721c74f2dfee3213bb44102f28941d49dcad6a07a0737b88d5a,-1.227775925630458,False
131,2,output_affine,none,output_affine,0.7,test,Oracle-Rank+Value+Residual,1192126137,0.3837660945474445,0.9838983947950911,0.9097692730269182,0.8831200787401575,0.8461538461538461,0.018012877567386,1.848909346894975,0.265625,128,calibrated,oracle_rank|oracle_value,"[0.2406774026701563, 0.46636910644486373]",5238a67aed6b129d8524ceca65a7ee3d48706e2496923125941726b7521ec95d,output_affine,33b59a0312697afeb0509183c32ba5b32a6b853a51a551d9479a9f7551aa90d3,6184962f22bc84f515ac7d79ec1f86772a0f2c75603956d82858fb9278f13502,33b59a0312697afeb0509183c32ba5b32a6b853a51a551d9479a9f7551aa90d3,6184962f22bc84f515ac7d79ec1f86772a0f2c75603956d82858fb9278f13502,1eeea97c82ccf721c74f2dfee3213bb44102f28941d49dcad6a07a0737b88d5a,-0.9892466050043079,False
131,2,output_affine,none,output_affine,1.0,test,Target-Only,1102205897,0.8092752685343383,0.689896880872754,0.7718423823475554,0.7875246062992126,0.07692307692307693,0.30233100029541515,0.5798940154506128,0.8515625,128,target_only,none,[],5238a67aed6b129d8524ceca65a7ee3d48706e2496923125941726b7521ec95d,output_affine,33b59a0312697afeb0509183c32ba5b32a6b853a51a551d9479a9f7551aa90d3,969054f3f02d7bdef4921b9f4059cb03a754ffcec5bed650ddb92d9b8904e682,33b59a0312697afeb0509183c32ba5b32a6b853a51a551d9479a9f7551aa90d3,969054f3f02d7bdef4921b9f4059cb03a754ffcec5bed650ddb92d9b8904e682,bafbcacedddbf81a4e1861c7b594fb15ead0abf5f59cc80b65ffb27d4352edfe,0.0,False
131,2,output_affine,none,output_affine,1.0,test,Geometry-Prior+Residual,1102205897,0.4659335410417014,0.9492709900071392,0.9163958066288226,0.875369094488189,0.6923076923076923,0.06924247540079997,0.34490575513314387,0.7890625,128,calibrated,geometry,[0.5751261176328996],5238a67aed6b129d8524ceca65a7ee3d48706e2496923125941726b7521ec95d,output_affine,33b59a0312697afeb0509183c32ba5b32a6b853a51a551d9479a9f7551aa90d3,969054f3f02d7bdef4921b9f4059cb03a754ffcec5bed650ddb92d9b8904e682,33b59a0312697afeb0509183c32ba5b32a6b853a51a551d9479a9f7551aa90d3,969054f3f02d7bdef4921b9f4059cb03a754ffcec5bed650ddb92d9b8904e682,bafbcacedddbf81a4e1861c7b594fb15ead0abf5f59cc80b65ffb27d4352edfe,-0.34334172749263686,False
131,2,output_affine,none,output_affine,1.0,test,Oracle-Rank+Residual,1102205897,0.38057989055461316,0.9794889316701489,0.9201783098333637,0.8855807086614174,0.8461538461538461,0.012200071728553946,1.2243136937405859,0.4765625,128,calibrated,oracle_rank,[0.6571936181763299],5238a67aed6b129d8524ceca65a7ee3d48706e2496923125941726b7521ec95d,output_affine,33b59a0312697afeb0509183c32ba5b32a6b853a51a551d9479a9f7551aa90d3,969054f3f02d7bdef4921b9f4059cb03a754ffcec5bed650ddb92d9b8904e682,33b59a0312697afeb0509183c32ba5b32a6b853a51a551d9479a9f7551aa90d3,969054f3f02d7bdef4921b9f4059cb03a754ffcec5bed650ddb92d9b8904e682,bafbcacedddbf81a4e1861c7b594fb15ead0abf5f59cc80b65ffb27d4352edfe,-0.4286953779797251,False
131,2,output_affine,none,output_affine,1.0,test,Oracle-Value+Residual,1102205897,0.06918091151481859,0.9998177960727417,0.9950272386009887,0.9772391732283464,1.0,0.0,-1.0879470977236203,0.6640625,128,calibrated,oracle_value,[0.6813191096348377],5238a67aed6b129d8524ceca65a7ee3d48706e2496923125941726b7521ec95d,output_affine,33b59a0312697afeb0509183c32ba5b32a6b853a51a551d9479a9f7551aa90d3,969054f3f02d7bdef4921b9f4059cb03a754ffcec5bed650ddb92d9b8904e682,33b59a0312697afeb0509183c32ba5b32a6b853a51a551d9479a9f7551aa90d3,969054f3f02d7bdef4921b9f4059cb03a754ffcec5bed650ddb92d9b8904e682,bafbcacedddbf81a4e1861c7b594fb15ead0abf5f59cc80b65ffb27d4352edfe,-0.7400943570195198,False
131,2,output_affine,none,output_affine,1.0,test,Oracle-Rank+Value+Residual,1102205897,0.14634373656486116,0.9884909483182298,0.9841031862296281,0.952632874015748,0.8461538461538461,0.012200071728553946,0.30234707797692084,0.5625,128,calibrated,oracle_rank|oracle_value,"[0.2406774026701563, 0.46636910644486373]",5238a67aed6b129d8524ceca65a7ee3d48706e2496923125941726b7521ec95d,output_affine,33b59a0312697afeb0509183c32ba5b32a6b853a51a551d9479a9f7551aa90d3,969054f3f02d7bdef4921b9f4059cb03a754ffcec5bed650ddb92d9b8904e682,33b59a0312697afeb0509183c32ba5b32a6b853a51a551d9479a9f7551aa90d3,969054f3f02d7bdef4921b9f4059cb03a754ffcec5bed650ddb92d9b8904e682,bafbcacedddbf81a4e1861c7b594fb15ead0abf5f59cc80b65ffb27d4352edfe,-0.6629315319694771,False
131,2,scale_0.7,none,scale_0.7,0.35,test,Target-Only,544668132,0.4322806493198843,0.9237091769258925,0.9224386559238235,0.8884104330708661,0.46153846153846156,0.004288805712450514,-2.9918840404049982,1.0,128,target_only,none,[],5238a67aed6b129d8524ceca65a7ee3d48706e2496923125941726b7521ec95d,scale_0.7,99a43feea1d66778a815c56ed06072587d78d0f1ee0ea6b4a77baa8c32750cd2,e83a8009dea9fe3530a746fe8adf6e2c7aac086aa4049b427db1a4e619829407,33b59a0312697afeb0509183c32ba5b32a6b853a51a551d9479a9f7551aa90d3,e55260fb748f90b6aaeebfe6dbc088079e5c2c003524437dfa8222a5538bf8b6,c2426d722f045d1b2c843da1b10b698a8fe23c3ec153149f4501f797039424c0,0.0,False
131,2,scale_0.7,none,scale_0.7,0.35,test,Geometry-Prior+Residual,544668132,0.44151851774806056,0.9284946755620768,0.9161211316608681,0.8804133858267716,0.46153846153846156,0.004288805712450514,-3.138554732954149,0.828125,128,calibrated,geometry,[0.11799288270868978],5238a67aed6b129d8524ceca65a7ee3d48706e2496923125941726b7521ec95d,scale_0.7,99a43feea1d66778a815c56ed06072587d78d0f1ee0ea6b4a77baa8c32750cd2,e83a8009dea9fe3530a746fe8adf6e2c7aac086aa4049b427db1a4e619829407,33b59a0312697afeb0509183c32ba5b32a6b853a51a551d9479a9f7551aa90d3,e55260fb748f90b6aaeebfe6dbc088079e5c2c003524437dfa8222a5538bf8b6,c2426d722f045d1b2c843da1b10b698a8fe23c3ec153149f4501f797039424c0,0.009237868428176255,False
131,2,scale_0.7,none,scale_0.7,0.35,test,Oracle-Rank+Residual,544668132,0.690161751734284,0.9024274108586035,0.8175471525361656,0.8166830708661418,0.46153846153846156,0.02510124630877051,8.591500970580878,0.2578125,128,calibrated,oracle_rank,[0.1292027768828807],5238a67aed6b129d8524ceca65a7ee3d48706e2496923125941726b7521ec95d,scale_0.7,99a43feea1d66778a815c56ed06072587d78d0f1ee0ea6b4a77baa8c32750cd2,e83a8009dea9fe3530a746fe8adf6e2c7aac086aa4049b427db1a4e619829407,33b59a0312697afeb0509183c32ba5b32a6b853a51a551d9479a9f7551aa90d3,e55260fb748f90b6aaeebfe6dbc088079e5c2c003524437dfa8222a5538bf8b6,c2426d722f045d1b2c843da1b10b698a8fe23c3ec153149f4501f797039424c0,0.25788110241439965,True
131,2,scale_0.7,none,scale_0.7,0.35,test,Oracle-Value+Residual,544668132,0.046244877716001276,0.9816667639717155,0.995879875480681,0.9798228346456693,0.8461538461538461,0.004288805712450514,-5.383369537172601,1.0,128,calibrated,oracle_value,[0.13105770412976753],5238a67aed6b129d8524ceca65a7ee3d48706e2496923125941726b7521ec95d,scale_0.7,99a43feea1d66778a815c56ed06072587d78d0f1ee0ea6b4a77baa8c32750cd2,e83a8009dea9fe3530a746fe8adf6e2c7aac086aa4049b427db1a4e619829407,33b59a0312697afeb0509183c32ba5b32a6b853a51a551d9479a9f7551aa90d3,e55260fb748f90b6aaeebfe6dbc088079e5c2c003524437dfa8222a5538bf8b6,c2426d722f045d1b2c843da1b10b698a8fe23c3ec153149f4501f797039424c0,-0.386035771603883,False
131,2,scale_0.7,none,scale_0.7,0.35,test,Oracle-Rank+Value+Residual,544668132,0.31372979319385796,0.9268607269561273,0.9562293993774034,0.9141240157480315,0.46153846153846156,0.013552973350696152,7.721520624466088,0.2578125,128,calibrated,oracle_rank|oracle_value,"[0.05780332018440467, 0.07844801598546602]",5238a67aed6b129d8524ceca65a7ee3d48706e2496923125941726b7521ec95d,scale_0.7,99a43feea1d66778a815c56ed06072587d78d0f1ee0ea6b4a77baa8c32750cd2,e83a8009dea9fe3530a746fe8adf6e2c7aac086aa4049b427db1a4e619829407,33b59a0312697afeb0509183c32ba5b32a6b853a51a551d9479a9f7551aa90d3,e55260fb748f90b6aaeebfe6dbc088079e5c2c003524437dfa8222a5538bf8b6,c2426d722f045d1b2c843da1b10b698a8fe23c3ec153149f4501f797039424c0,-0.11855085612602634,False
131,2,scale_0.7,none,scale_0.7,0.7,test,Target-Only,405999277,0.8442457067576934,0.8326695589065386,0.5277822285295733,0.6733513779527559,0.23076923076923078,0.23412890214024887,-1.7013004096832756,0.8984375,128,target_only,none,[],5238a67aed6b129d8524ceca65a7ee3d48706e2496923125941726b7521ec95d,scale_0.7,99a43feea1d66778a815c56ed06072587d78d0f1ee0ea6b4a77baa8c32750cd2,7bfc41c7840ddf2cc185b5a6fa4fc37e0b29f791426c9c0cae7fbbfa414485b3,33b59a0312697afeb0509183c32ba5b32a6b853a51a551d9479a9f7551aa90d3,6184962f22bc84f515ac7d79ec1f86772a0f2c75603956d82858fb9278f13502,52541a3d757909aeb17d2d1ff352806292ed51b0bae319eb6c3b31164dd071b1,0.0,False
131,2,scale_0.7,none,scale_0.7,0.7,test,Geometry-Prior+Residual,405999277,0.7292710458682631,0.8966758317108687,0.6049773393151437,0.7050935039370079,0.46153846153846156,0.16215650381773264,-0.6825350785811768,0.5078125,128,calibrated,geometry,[0.11799288270868978],5238a67aed6b129d8524ceca65a7ee3d48706e2496923125941726b7521ec95d,scale_0.7,99a43feea1d66778a815c56ed06072587d78d0f1ee0ea6b4a77baa8c32750cd2,7bfc41c7840ddf2cc185b5a6fa4fc37e0b29f791426c9c0cae7fbbfa414485b3,33b59a0312697afeb0509183c32ba5b32a6b853a51a551d9479a9f7551aa90d3,6184962f22bc84f515ac7d79ec1f86772a0f2c75603956d82858fb9278f13502,52541a3d757909aeb17d2d1ff352806292ed51b0bae319eb6c3b31164dd071b1,-0.11497466088943031,False
131,2,scale_0.7,none,scale_0.7,0.7,test,Oracle-Rank+Residual,405999277,0.4187621166418607,0.9512502687777568,0.8710687145211499,0.8451033464566929,0.6153846153846154,0.011493379890244805,0.6226720757065628,0.3515625,128,calibrated,oracle_rank,[0.1292027768828807],5238a67aed6b129d8524ceca65a7ee3d48706e2496923125941726b7521ec95d,scale_0.7,99a43feea1d66778a815c56ed06072587d78d0f1ee0ea6b4a77baa8c32750cd2,7bfc41c7840ddf2cc185b5a6fa4fc37e0b29f791426c9c0cae7fbbfa414485b3,33b59a0312697afeb0509183c32ba5b32a6b853a51a551d9479a9f7551aa90d3,6184962f22bc84f515ac7d79ec1f86772a0f2c75603956d82858fb9278f13502,52541a3d757909aeb17d2d1ff352806292ed51b0bae319eb6c3b31164dd071b1,-0.4254835901158327,False
131,2,scale_0.7,none,scale_0.7,0.7,test,Oracle-Value+Residual,405999277,0.068535592289022,0.9998745113749206,0.9839086247939938,0.9596456692913385,1.0,0.0,-4.080680294821999,0.84375,128,calibrated,oracle_value,[0.13105770412976753],5238a67aed6b129d8524ceca65a7ee3d48706e2496923125941726b7521ec95d,scale_0.7,99a43feea1d66778a815c56ed06072587d78d0f1ee0ea6b4a77baa8c32750cd2,7bfc41c7840ddf2cc185b5a6fa4fc37e0b29f791426c9c0cae7fbbfa414485b3,33b59a0312697afeb0509183c32ba5b32a6b853a51a551d9479a9f7551aa90d3,6184962f22bc84f515ac7d79ec1f86772a0f2c75603956d82858fb9278f13502,52541a3d757909aeb17d2d1ff352806292ed51b0bae319eb6c3b31164dd071b1,-0.7757101144686714,False
131,2,scale_0.7,none,scale_0.7,0.7,test,Oracle-Rank+Value+Residual,405999277,0.18602640876012302,0.9753409526809065,0.9591478209119209,0.9163385826771654,0.7692307692307693,0.011493379890244805,-0.22336930186991322,0.359375,128,calibrated,oracle_rank|oracle_value,"[0.05780332018440467, 0.07844801598546602]",5238a67aed6b129d8524ceca65a7ee3d48706e2496923125941726b7521ec95d,scale_0.7,99a43feea1d66778a815c56ed06072587d78d0f1ee0ea6b4a77baa8c32750cd2,7bfc41c7840ddf2cc185b5a6fa4fc37e0b29f791426c9c0cae7fbbfa414485b3,33b59a0312697afeb0509183c32ba5b32a6b853a51a551d9479a9f7551aa90d3,6184962f22bc84f515ac7d79ec1f86772a0f2c75603956d82858fb9278f13502,52541a3d757909aeb17d2d1ff352806292ed51b0bae319eb6c3b31164dd071b1,-0.6582192979975704,False
131,2,scale_0.7,none,scale_0.7,1.0,test,Target-Only,1015166653,1.0336445276675106,0.7834335185094227,0.6715631294634682,0.7369586614173228,0.15384615384615385,0.5271443861290716,-1.4807475580914187,0.9453125,128,target_only,none,[],5238a67aed6b129d8524ceca65a7ee3d48706e2496923125941726b7521ec95d,scale_0.7,99a43feea1d66778a815c56ed06072587d78d0f1ee0ea6b4a77baa8c32750cd2,6184962f22bc84f515ac7d79ec1f86772a0f2c75603956d82858fb9278f13502,33b59a0312697afeb0509183c32ba5b32a6b853a51a551d9479a9f7551aa90d3,969054f3f02d7bdef4921b9f4059cb03a754ffcec5bed650ddb92d9b8904e682,f71fa4fac352388384c05378b5fa7758fc3f1fd57fdbc5709b0b4531465e4ff8,0.0,False
131,2,scale_0.7,none,scale_0.7,1.0,test,Geometry-Prior+Residual,1015166653,0.6386910036679129,0.9079676720266583,0.8822846090459623,0.8543307086614174,0.46153846153846156,0.07005455135979,-1.1799145679273901,0.71875,128,calibrated,geometry,[0.11799288270868978],5238a67aed6b129d8524ceca65a7ee3d48706e2496923125941726b7521ec95d,scale_0.7,99a43feea1d66778a815c56ed06072587d78d0f1ee0ea6b4a77baa8c32750cd2,6184962f22bc84f515ac7d79ec1f86772a0f2c75603956d82858fb9278f13502,33b59a0312697afeb0509183c32ba5b32a6b853a51a551d9479a9f7551aa90d3,969054f3f02d7bdef4921b9f4059cb03a754ffcec5bed650ddb92d9b8904e682,f71fa4fac352388384c05378b5fa7758fc3f1fd57fdbc5709b0b4531465e4ff8,-0.3949535239995977,False
131,2,scale_0.7,none,scale_0.7,1.0,test,Oracle-Rank+Residual,1015166653,0.27229575343284346,0.9799746780327138,0.8756809650247207,0.8674950787401575,0.8461538461538461,0.01801287756738564,-1.4298272111633885,0.59375,128,calibrated,oracle_rank,[0.1292027768828807],5238a67aed6b129d8524ceca65a7ee3d48706e2496923125941726b7521ec95d,scale_0.7,99a43feea1d66778a815c56ed06072587d78d0f1ee0ea6b4a77baa8c32750cd2,6184962f22bc84f515ac7d79ec1f86772a0f2c75603956d82858fb9278f13502,33b59a0312697afeb0509183c32ba5b32a6b853a51a551d9479a9f7551aa90d3,969054f3f02d7bdef4921b9f4059cb03a754ffcec5bed650ddb92d9b8904e682,f71fa4fac352388384c05378b5fa7758fc3f1fd57fdbc5709b0b4531465e4ff8,-0.7613487742346672,False
131,2,scale_0.7,none,scale_0.7,1.0,test,Oracle-Value+Residual,1015166653,0.09049509922720649,0.9998485881884823,0.9798113898553378,0.9514025590551181,1.0,0.0,-3.8049172877334714,0.9375,128,calibrated,oracle_value,[0.13105770412976753],5238a67aed6b129d8524ceca65a7ee3d48706e2496923125941726b7521ec95d,scale_0.7,99a43feea1d66778a815c56ed06072587d78d0f1ee0ea6b4a77baa8c32750cd2,6184962f22bc84f515ac7d79ec1f86772a0f2c75603956d82858fb9278f13502,33b59a0312697afeb0509183c32ba5b32a6b853a51a551d9479a9f7551aa90d3,969054f3f02d7bdef4921b9f4059cb03a754ffcec5bed650ddb92d9b8904e682,f71fa4fac352388384c05378b5fa7758fc3f1fd57fdbc5709b0b4531465e4ff8,-0.9431494284403041,False
131,2,scale_0.7,none,scale_0.7,1.0,test,Oracle-Rank+Value+Residual,1015166653,0.11969648911134873,0.9874324754277876,0.9393139992675333,0.9116633858267716,0.8461538461538461,0.01801287756738564,-2.3795176956400517,0.625,128,calibrated,oracle_rank|oracle_value,"[0.05780332018440467, 0.07844801598546602]",5238a67aed6b129d8524ceca65a7ee3d48706e2496923125941726b7521ec95d,scale_0.7,99a43feea1d66778a815c56ed06072587d78d0f1ee0ea6b4a77baa8c32750cd2,6184962f22bc84f515ac7d79ec1f86772a0f2c75603956d82858fb9278f13502,33b59a0312697afeb0509183c32ba5b32a6b853a51a551d9479a9f7551aa90d3,969054f3f02d7bdef4921b9f4059cb03a754ffcec5bed650ddb92d9b8904e682,f71fa4fac352388384c05378b5fa7758fc3f1fd57fdbc5709b0b4531465e4ff8,-0.9139480385561618,False
131,2,scale_1.5,none,scale_1.5,0.35,test,Target-Only,1901783219,1.219283978337088,0.9714515548168178,0.4997253250320454,0.6596948818897638,0.7692307692307693,0.007785447447971119,-1.186908574691521,1.0,128,target_only,none,[],5238a67aed6b129d8524ceca65a7ee3d48706e2496923125941726b7521ec95d,scale_1.5,dbc8499005c2aab8e7a413e0524f8dd76708dcd927d57d47e0e6b6ed6a84968f,9f3a5692d545e83a3918dbad62d120bb07530df8e6980c2b8e7481f5c131b37e,33b59a0312697afeb0509183c32ba5b32a6b853a51a551d9479a9f7551aa90d3,e55260fb748f90b6aaeebfe6dbc088079e5c2c003524437dfa8222a5538bf8b6,2f17874821892a1edec29c4e6fd96e6679557175695e6f20b430d7a4b373c7fb,0.0,False
131,2,scale_1.5,none,scale_1.5,0.35,test,Geometry-Prior+Residual,1901783219,1.0965455564779774,0.960691993352513,0.5094247848379417,0.6668307086614174,0.7692307692307693,0.05405708338958465,-1.038304145314009,0.734375,128,calibrated,geometry,[0.47887779736612396],5238a67aed6b129d8524ceca65a7ee3d48706e2496923125941726b7521ec95d,scale_1.5,dbc8499005c2aab8e7a413e0524f8dd76708dcd927d57d47e0e6b6ed6a84968f,9f3a5692d545e83a3918dbad62d120bb07530df8e6980c2b8e7481f5c131b37e,33b59a0312697afeb0509183c32ba5b32a6b853a51a551d9479a9f7551aa90d3,e55260fb748f90b6aaeebfe6dbc088079e5c2c003524437dfa8222a5538bf8b6,2f17874821892a1edec29c4e6fd96e6679557175695e6f20b430d7a4b373c7fb,-0.12273842185911055,False
131,2,scale_1.5,none,scale_1.5,0.35,test,Oracle-Rank+Residual,1901783219,2.1207819870657363,0.9572735827949035,0.6835286577549898,0.7556594488188977,0.5384615384615384,0.0,-0.9678503687370186,0.7734375,128,calibrated,oracle_rank,[0.41594487532369595],5238a67aed6b129d8524ceca65a7ee3d48706e2496923125941726b7521ec95d,scale_1.5,dbc8499005c2aab8e7a413e0524f8dd76708dcd927d57d47e0e6b6ed6a84968f,9f3a5692d545e83a3918dbad62d120bb07530df8e6980c2b8e7481f5c131b37e,33b59a0312697afeb0509183c32ba5b32a6b853a51a551d9479a9f7551aa90d3,e55260fb748f90b6aaeebfe6dbc088079e5c2c003524437dfa8222a5538bf8b6,2f17874821892a1edec29c4e6fd96e6679557175695e6f20b430d7a4b373c7fb,0.9014980087286484,True
131,2,scale_1.5,none,scale_1.5,0.35,test,Oracle-Value+Residual,1901783219,0.9552973170230158,0.9578330450883068,0.7520943966306537,0.7843257874015748,0.5384615384615384,0.0,-1.9745770058784458,1.0,128,calibrated,oracle_value,[0.5033551974793165],5238a67aed6b129d8524ceca65a7ee3d48706e2496923125941726b7521ec95d,scale_1.5,dbc8499005c2aab8e7a413e0524f8dd76708dcd927d57d47e0e6b6ed6a84968f,9f3a5692d545e83a3918dbad62d120bb07530df8e6980c2b8e7481f5c131b37e,33b59a0312697afeb0509183c32ba5b32a6b853a51a551d9479a9f7551aa90d3,e55260fb748f90b6aaeebfe6dbc088079e5c2c003524437dfa8222a5538bf8b6,2f17874821892a1edec29c4e6fd96e6679557175695e6f20b430d7a4b373c7fb,-0.2639866613140721,False
131,2,scale_1.5,none,scale_1.5,0.35,test,Oracle-Rank+Value+Residual,1901783219,0.9552973170241846,0.9578330450883068,0.7520943966306537,0.7843257874015748,0.5384615384615384,0.0,-1.9745770058774266,1.0,128,calibrated,oracle_rank|oracle_value,"[3.7942741912338365e-13, 0.5033551974789939]",5238a67aed6b129d8524ceca65a7ee3d48706e2496923125941726b7521ec95d,scale_1.5,dbc8499005c2aab8e7a413e0524f8dd76708dcd927d57d47e0e6b6ed6a84968f,9f3a5692d545e83a3918dbad62d120bb07530df8e6980c2b8e7481f5c131b37e,33b59a0312697afeb0509183c32ba5b32a6b853a51a551d9479a9f7551aa90d3,e55260fb748f90b6aaeebfe6dbc088079e5c2c003524437dfa8222a5538bf8b6,2f17874821892a1edec29c4e6fd96e6679557175695e6f20b430d7a4b373c7fb,-0.26398666131290327,False
131,2,scale_1.5,none,scale_1.5,0.7,test,Target-Only,91656721,0.5269217522479226,0.9568881730021718,0.9188507141549166,0.8857037401574803,0.5384615384615384,0.006367564240527037,-0.5827460961632376,1.0,128,target_only,none,[],5238a67aed6b129d8524ceca65a7ee3d48706e2496923125941726b7521ec95d,scale_1.5,dbc8499005c2aab8e7a413e0524f8dd76708dcd927d57d47e0e6b6ed6a84968f,89031b35a31709fad35ab3878d659b64a6baa6fb4bc27e50a7d24edda5e278c5,33b59a0312697afeb0509183c32ba5b32a6b853a51a551d9479a9f7551aa90d3,6184962f22bc84f515ac7d79ec1f86772a0f2c75603956d82858fb9278f13502,e2ac8148e652cc0b9c76f0b4ceb584b0578958214ebdbbd5bf3c5e549ec2b1bd,0.0,False
131,2,scale_1.5,none,scale_1.5,0.7,test,Geometry-Prior+Residual,91656721,0.335987001670931,0.9348885123644429,0.9466615546603185,0.9024360236220472,0.5384615384615384,0.050174261558503665,-1.1346024928900587,1.0,128,calibrated,geometry,[0.47887779736612396],5238a67aed6b129d8524ceca65a7ee3d48706e2496923125941726b7521ec95d,scale_1.5,dbc8499005c2aab8e7a413e0524f8dd76708dcd927d57d47e0e6b6ed6a84968f,89031b35a31709fad35ab3878d659b64a6baa6fb4bc27e50a7d24edda5e278c5,33b59a0312697afeb0509183c32ba5b32a6b853a51a551d9479a9f7551aa90d3,6184962f22bc84f515ac7d79ec1f86772a0f2c75603956d82858fb9278f13502,e2ac8148e652cc0b9c76f0b4ceb584b0578958214ebdbbd5bf3c5e549ec2b1bd,-0.1909347505769916,False
131,2,scale_1.5,none,scale_1.5,0.7,test,Oracle-Rank+Residual,91656721,1.034532365510353,0.9754065575211224,0.8489802691814685,0.8391978346456693,0.7692307692307693,0.007585107632314251,0.7993292722462524,0.6484375,128,calibrated,oracle_rank,[0.41594487532369595],5238a67aed6b129d8524ceca65a7ee3d48706e2496923125941726b7521ec95d,scale_1.5,dbc8499005c2aab8e7a413e0524f8dd76708dcd927d57d47e0e6b6ed6a84968f,89031b35a31709fad35ab3878d659b64a6baa6fb4bc27e50a7d24edda5e278c5,33b59a0312697afeb0509183c32ba5b32a6b853a51a551d9479a9f7551aa90d3,6184962f22bc84f515ac7d79ec1f86772a0f2c75603956d82858fb9278f13502,e2ac8148e652cc0b9c76f0b4ceb584b0578958214ebdbbd5bf3c5e549ec2b1bd,0.5076106132624305,True
131,2,scale_1.5,none,scale_1.5,0.7,test,Oracle-Value+Residual,91656721,0.7990535932838004,0.9957487763050803,0.9212026185680278,0.8882874015748031,1.0,0.012370595904736973,1.0397138447326,0.7890625,128,calibrated,oracle_value,[0.5033551974793165],5238a67aed6b129d8524ceca65a7ee3d48706e2496923125941726b7521ec95d,scale_1.5,dbc8499005c2aab8e7a413e0524f8dd76708dcd927d57d47e0e6b6ed6a84968f,89031b35a31709fad35ab3878d659b64a6baa6fb4bc27e50a7d24edda5e278c5,33b59a0312697afeb0509183c32ba5b32a6b853a51a551d9479a9f7551aa90d3,6184962f22bc84f515ac7d79ec1f86772a0f2c75603956d82858fb9278f13502,e2ac8148e652cc0b9c76f0b4ceb584b0578958214ebdbbd5bf3c5e549ec2b1bd,0.27213184103587784,True
131,2,scale_1.5,none,scale_1.5,0.7,test,Oracle-Rank+Value+Residual,91656721,0.7990535932839784,0.9957487763050803,0.9212026185680278,0.8882874015748031,1.0,0.012370595904736973,1.0397138447325724,0.7890625,128,calibrated,oracle_rank|oracle_value,"[3.7942741912338365e-13, 0.5033551974789939]",5238a67aed6b129d8524ceca65a7ee3d48706e2496923125941726b7521ec95d,scale_1.5,dbc8499005c2aab8e7a413e0524f8dd76708dcd927d57d47e0e6b6ed6a84968f,89031b35a31709fad35ab3878d659b64a6baa6fb4bc27e50a7d24edda5e278c5,33b59a0312697afeb0509183c32ba5b32a6b853a51a551d9479a9f7551aa90d3,6184962f22bc84f515ac7d79ec1f86772a0f2c75603956d82858fb9278f13502,e2ac8148e652cc0b9c76f0b4ceb584b0578958214ebdbbd5bf3c5e549ec2b1bd,0.2721318410360558,True
131,2,scale_1.5,none,scale_1.5,1.0,test,Target-Only,1427160453,0.8304972013272404,0.9268709717631906,0.8583936092290788,0.8316929133858267,0.5384615384615384,0.05269514614258815,0.17747242996894308,0.8984375,128,target_only,none,[],5238a67aed6b129d8524ceca65a7ee3d48706e2496923125941726b7521ec95d,scale_1.5,dbc8499005c2aab8e7a413e0524f8dd76708dcd927d57d47e0e6b6ed6a84968f,6f07a34b2792df8bc927b78d8c212e3a38e9882792e54a5e054c8fce8f558633,33b59a0312697afeb0509183c32ba5b32a6b853a51a551d9479a9f7551aa90d3,969054f3f02d7bdef4921b9f4059cb03a754ffcec5bed650ddb92d9b8904e682,147196b2832107cf9534e3244c6fbb43a4b3c05de8c0208bbfc3f9dfed4a71d6,0.0,False
131,2,scale_1.5,none,scale_1.5,1.0,test,Geometry-Prior+Residual,1427160453,0.39663141961385395,0.9094472213631478,0.9121154550448636,0.8705708661417323,0.5384615384615384,0.07541260031411601,-0.5790725814591982,0.9921875,128,calibrated,geometry,[0.47887779736612396],5238a67aed6b129d8524ceca65a7ee3d48706e2496923125941726b7521ec95d,scale_1.5,dbc8499005c2aab8e7a413e0524f8dd76708dcd927d57d47e0e6b6ed6a84968f,6f07a34b2792df8bc927b78d8c212e3a38e9882792e54a5e054c8fce8f558633,33b59a0312697afeb0509183c32ba5b32a6b853a51a551d9479a9f7551aa90d3,969054f3f02d7bdef4921b9f4059cb03a754ffcec5bed650ddb92d9b8904e682,147196b2832107cf9534e3244c6fbb43a4b3c05de8c0208bbfc3f9dfed4a71d6,-0.4338657817133864,False
131,2,scale_1.5,none,scale_1.5,1.0,test,Oracle-Rank+Residual,1427160453,1.1045012463491957,0.42300347943866623,0.47169703351034603,0.6497293307086615,0.0,0.6496778625679327,2.1575617097005666,0.5859375,128,calibrated,oracle_rank,[0.41594487532369595],5238a67aed6b129d8524ceca65a7ee3d48706e2496923125941726b7521ec95d,scale_1.5,dbc8499005c2aab8e7a413e0524f8dd76708dcd927d57d47e0e6b6ed6a84968f,6f07a34b2792df8bc927b78d8c212e3a38e9882792e54a5e054c8fce8f558633,33b59a0312697afeb0509183c32ba5b32a6b853a51a551d9479a9f7551aa90d3,969054f3f02d7bdef4921b9f4059cb03a754ffcec5bed650ddb92d9b8904e682,147196b2832107cf9534e3244c6fbb43a4b3c05de8c0208bbfc3f9dfed4a71d6,0.2740040450219553,True
131,2,scale_1.5,none,scale_1.5,1.0,test,Oracle-Value+Residual,1427160453,0.8166079497954586,0.7172339593108131,0.7527982512360374,0.7764517716535433,0.23076923076923078,0.17337792355316725,1.9424600119681081,0.6171875,128,calibrated,oracle_value,[0.5033551974793165],5238a67aed6b129d8524ceca65a7ee3d48706e2496923125941726b7521ec95d,scale_1.5,dbc8499005c2aab8e7a413e0524f8dd76708dcd927d57d47e0e6b6ed6a84968f,6f07a34b2792df8bc927b78d8c212e3a38e9882792e54a5e054c8fce8f558633,33b59a0312697afeb0509183c32ba5b32a6b853a51a551d9479a9f7551aa90d3,969054f3f02d7bdef4921b9f4059cb03a754ffcec5bed650ddb92d9b8904e682,147196b2832107cf9534e3244c6fbb43a4b3c05de8c0208bbfc3f9dfed4a71d6,-0.013889251531781777,False
131,2,scale_1.5,none,scale_1.5,1.0,test,Oracle-Rank+Value+Residual,1427160453,0.8166079497956671,0.7172339593108131,0.7527982512360374,0.7764517716535433,0.23076923076923078,0.17337792355316725,1.9424600119689697,0.6171875,128,calibrated,oracle_rank|oracle_value,"[3.7942741912338365e-13, 0.5033551974789939]",5238a67aed6b129d8524ceca65a7ee3d48706e2496923125941726b7521ec95d,scale_1.5,dbc8499005c2aab8e7a413e0524f8dd76708dcd927d57d47e0e6b6ed6a84968f,6f07a34b2792df8bc927b78d8c212e3a38e9882792e54a5e054c8fce8f558633,33b59a0312697afeb0509183c32ba5b32a6b853a51a551d9479a9f7551aa90d3,969054f3f02d7bdef4921b9f4059cb03a754ffcec5bed650ddb92d9b8904e682,147196b2832107cf9534e3244c6fbb43a4b3c05de8c0208bbfc3f9dfed4a71d6,-0.013889251531573277,False
131,2,rotate_45,none,rotate_45,0.35,test,Target-Only,243161854,0.5541366428996564,0.9160595618074243,0.8470804339864495,0.8299704724409449,0.6153846153846154,0.06980091937525125,-2.1427073767827283,1.0,128,target_only,none,[],5238a67aed6b129d8524ceca65a7ee3d48706e2496923125941726b7521ec95d,rotate_45,6ef29132a62bba00996ca80c8aaf562a5680eac9d5d7ce2a61064a0d7479c556,c586fad94ef6cfc36d06c27bef3f60fc74dd0f413efdab9fa357f30f41e29229,33b59a0312697afeb0509183c32ba5b32a6b853a51a551d9479a9f7551aa90d3,e55260fb748f90b6aaeebfe6dbc088079e5c2c003524437dfa8222a5538bf8b6,aaa0aef7f86661a46e825c3c3f7df95f96e48b6170bd6b73d040270220e4d1f7,0.0,False
131,2,rotate_45,none,rotate_45,0.35,test,Geometry-Prior+Residual,243161854,0.6450905912915222,0.8334918912067121,0.7951153634865409,0.7995816929133859,0.38461538461538464,0.16524938794103003,-1.7353933055705824,0.6484375,128,calibrated,geometry,[0.2292045048662941],5238a67aed6b129d8524ceca65a7ee3d48706e2496923125941726b7521ec95d,rotate_45,6ef29132a62bba00996ca80c8aaf562a5680eac9d5d7ce2a61064a0d7479c556,c586fad94ef6cfc36d06c27bef3f60fc74dd0f413efdab9fa357f30f41e29229,33b59a0312697afeb0509183c32ba5b32a6b853a51a551d9479a9f7551aa90d3,e55260fb748f90b6aaeebfe6dbc088079e5c2c003524437dfa8222a5538bf8b6,aaa0aef7f86661a46e825c3c3f7df95f96e48b6170bd6b73d040270220e4d1f7,0.09095394839186588,True
131,2,rotate_45,none,rotate_45,0.35,test,Oracle-Rank+Residual,243161854,0.4652492347208311,0.9634826155247475,0.8196644387474821,0.8292322834645669,0.8461538461538461,0.06980091937525125,-1.0720714438807661,0.5234375,128,calibrated,oracle_rank,[0.2691324203805589],5238a67aed6b129d8524ceca65a7ee3d48706e2496923125941726b7521ec95d,rotate_45,6ef29132a62bba00996ca80c8aaf562a5680eac9d5d7ce2a61064a0d7479c556,c586fad94ef6cfc36d06c27bef3f60fc74dd0f413efdab9fa357f30f41e29229,33b59a0312697afeb0509183c32ba5b32a6b853a51a551d9479a9f7551aa90d3,e55260fb748f90b6aaeebfe6dbc088079e5c2c003524437dfa8222a5538bf8b6,aaa0aef7f86661a46e825c3c3f7df95f96e48b6170bd6b73d040270220e4d1f7,-0.08888740817882529,False
131,2,rotate_45,none,rotate_45,0.35,test,Oracle-Value+Residual,243161854,0.05137785881993569,0.9998534859141408,0.9713193554294084,0.9517716535433071,1.0,0.0,-4.632258429646916,1.0,128,calibrated,oracle_value,[0.27574882594100497],5238a67aed6b129d8524ceca65a7ee3d48706e2496923125941726b7521ec95d,rotate_45,6ef29132a62bba00996ca80c8aaf562a5680eac9d5d7ce2a61064a0d7479c556,c586fad94ef6cfc36d06c27bef3f60fc74dd0f413efdab9fa357f30f41e29229,33b59a0312697afeb0509183c32ba5b32a6b853a51a551d9479a9f7551aa90d3,e55260fb748f90b6aaeebfe6dbc088079e5c2c003524437dfa8222a5538bf8b6,aaa0aef7f86661a46e825c3c3f7df95f96e48b6170bd6b73d040270220e4d1f7,-0.5027587840797206,False
131,2,rotate_45,none,rotate_45,0.35,test,Oracle-Rank+Value+Residual,243161854,0.19583618761084065,0.9968569363046892,0.9092084783006774,0.8956692913385826,1.0,0.00441157066643506,-2.2315490849195037,0.5234375,128,calibrated,oracle_rank|oracle_value,"[0.10904420697538987, 0.1772782386107503]",5238a67aed6b129d8524ceca65a7ee3d48706e2496923125941726b7521ec95d,rotate_45,6ef29132a62bba00996ca80c8aaf562a5680eac9d5d7ce2a61064a0d7479c556,c586fad94ef6cfc36d06c27bef3f60fc74dd0f413efdab9fa357f30f41e29229,33b59a0312697afeb0509183c32ba5b32a6b853a51a551d9479a9f7551aa90d3,e55260fb748f90b6aaeebfe6dbc088079e5c2c003524437dfa8222a5538bf8b6,aaa0aef7f86661a46e825c3c3f7df95f96e48b6170bd6b73d040270220e4d1f7,-0.3583004552888157,False
131,2,rotate_45,none,rotate_45,0.7,test,Target-Only,1066294312,1.570463656735735,0.8219872363410622,0.6613257645119941,0.7365895669291339,0.15384615384615385,0.31006248936484454,-0.7225113765973084,0.8828125,128,target_only,none,[],5238a67aed6b129d8524ceca65a7ee3d48706e2496923125941726b7521ec95d,rotate_45,6ef29132a62bba00996ca80c8aaf562a5680eac9d5d7ce2a61064a0d7479c556,4fee999c777e0df1554e917b0181321e0ebbfd80162ac42b24a2cdaa0e0ba3f1,33b59a0312697afeb0509183c32ba5b32a6b853a51a551d9479a9f7551aa90d3,6184962f22bc84f515ac7d79ec1f86772a0f2c75603956d82858fb9278f13502,018e48fd0ca37a4842d84e39726fe10d3289bfbe82e07dff9b0835d6159b2b8b,0.0,False
131,2,rotate_45,none,rotate_45,0.7,test,Geometry-Prior+Residual,1066294312,1.2917039704390683,0.8483374777268864,0.6947960538362937,0.7461860236220472,0.23076923076923078,0.26900719213080937,-0.19524089486289442,0.5859375,128,calibrated,geometry,[0.2292045048662941],5238a67aed6b129d8524ceca65a7ee3d48706e2496923125941726b7521ec95d,rotate_45,6ef29132a62bba00996ca80c8aaf562a5680eac9d5d7ce2a61064a0d7479c556,4fee999c777e0df1554e917b0181321e0ebbfd80162ac42b24a2cdaa0e0ba3f1,33b59a0312697afeb0509183c32ba5b32a6b853a51a551d9479a9f7551aa90d3,6184962f22bc84f515ac7d79ec1f86772a0f2c75603956d82858fb9278f13502,018e48fd0ca37a4842d84e39726fe10d3289bfbe82e07dff9b0835d6159b2b8b,-0.2787596862966668,False
131,2,rotate_45,none,rotate_45,0.7,test,Oracle-Rank+Residual,1066294312,0.9128048009552168,0.9993379879047856,0.757593618384911,0.796136811023622,1.0,0.0,2.2474948956925833,0.5078125,128,calibrated,oracle_rank,[0.2691324203805589],5238a67aed6b129d8524ceca65a7ee3d48706e2496923125941726b7521ec95d,rotate_45,6ef29132a62bba00996ca80c8aaf562a5680eac9d5d7ce2a61064a0d7479c556,4fee999c777e0df1554e917b0181321e0ebbfd80162ac42b24a2cdaa0e0ba3f1,33b59a0312697afeb0509183c32ba5b32a6b853a51a551d9479a9f7551aa90d3,6184962f22bc84f515ac7d79ec1f86772a0f2c75603956d82858fb9278f13502,018e48fd0ca37a4842d84e39726fe10d3289bfbe82e07dff9b0835d6159b2b8b,-0.6576588557805183,False
131,2,rotate_45,none,rotate_45,0.7,test,Oracle-Value+Residual,1066294312,0.1470707911261621,0.9979735466378111,0.9063873374839773,0.8829970472440944,1.0,0.0037199225196216327,-2.810858737963394,0.796875,128,calibrated,oracle_value,[0.27574882594100497],5238a67aed6b129d8524ceca65a7ee3d48706e2496923125941726b7521ec95d,rotate_45,6ef29132a62bba00996ca80c8aaf562a5680eac9d5d7ce2a61064a0d7479c556,4fee999c777e0df1554e917b0181321e0ebbfd80162ac42b24a2cdaa0e0ba3f1,33b59a0312697afeb0509183c32ba5b32a6b853a51a551d9479a9f7551aa90d3,6184962f22bc84f515ac7d79ec1f86772a0f2c75603956d82858fb9278f13502,018e48fd0ca37a4842d84e39726fe10d3289bfbe82e07dff9b0835d6159b2b8b,-1.423392865609573,False
131,2,rotate_45,none,rotate_45,0.7,test,Oracle-Rank+Value+Residual,1066294312,0.38916797534997116,0.9994396365847513,0.814136605017396,0.8312007874015748,1.0,0.0,1.1105087967155158,0.5,128,calibrated,oracle_rank|oracle_value,"[0.10904420697538987, 0.1772782386107503]",5238a67aed6b129d8524ceca65a7ee3d48706e2496923125941726b7521ec95d,rotate_45,6ef29132a62bba00996ca80c8aaf562a5680eac9d5d7ce2a61064a0d7479c556,4fee999c777e0df1554e917b0181321e0ebbfd80162ac42b24a2cdaa0e0ba3f1,33b59a0312697afeb0509183c32ba5b32a6b853a51a551d9479a9f7551aa90d3,6184962f22bc84f515ac7d79ec1f86772a0f2c75603956d82858fb9278f13502,018e48fd0ca37a4842d84e39726fe10d3289bfbe82e07dff9b0835d6159b2b8b,-1.1812956813857638,False
131,2,rotate_45,none,rotate_45,1.0,test,Target-Only,1977710009,0.9347855603765622,0.44729941850365784,0.6118213239333455,0.7213336614173228,0.07692307692307693,0.6391609707272428,-0.06589134994921403,0.7890625,128,target_only,none,[],5238a67aed6b129d8524ceca65a7ee3d48706e2496923125941726b7521ec95d,rotate_45,6ef29132a62bba00996ca80c8aaf562a5680eac9d5d7ce2a61064a0d7479c556,78a39b49e665dd2cf894928e07d2ac309fb8471d04eb20cadfb118119e99e58b,33b59a0312697afeb0509183c32ba5b32a6b853a51a551d9479a9f7551aa90d3,969054f3f02d7bdef4921b9f4059cb03a754ffcec5bed650ddb92d9b8904e682,1d79b9fe28fc3bf042d0a5848e0a1a98c573f677be6e0339bae11626e76c8715,0.0,False
131,2,rotate_45,none,rotate_45,1.0,test,Geometry-Prior+Residual,1977710009,0.744543544770706,0.8864878312198174,0.6733427943600073,0.7415108267716536,0.3076923076923077,0.042169272049201866,0.6871697755808746,0.3828125,128,calibrated,geometry,[0.2292045048662941],5238a67aed6b129d8524ceca65a7ee3d48706e2496923125941726b7521ec95d,rotate_45,6ef29132a62bba00996ca80c8aaf562a5680eac9d5d7ce2a61064a0d7479c556,78a39b49e665dd2cf894928e07d2ac309fb8471d04eb20cadfb118119e99e58b,33b59a0312697afeb0509183c32ba5b32a6b853a51a551d9479a9f7551aa90d3,969054f3f02d7bdef4921b9f4059cb03a754ffcec5bed650ddb92d9b8904e682,1d79b9fe28fc3bf042d0a5848e0a1a98c573f677be6e0339bae11626e76c8715,-0.1902420156058563,False
131,2,rotate_45,none,rotate_45,1.0,test,Oracle-Rank+Residual,1977710009,0.4780824908970102,0.9893188493400454,0.8783304339864493,0.8564222440944882,0.8461538461538461,0.002536367977611706,3.540390492133082,0.421875,128,calibrated,oracle_rank,[0.2691324203805589],5238a67aed6b129d8524ceca65a7ee3d48706e2496923125941726b7521ec95d,rotate_45,6ef29132a62bba00996ca80c8aaf562a5680eac9d5d7ce2a61064a0d7479c556,78a39b49e665dd2cf894928e07d2ac309fb8471d04eb20cadfb118119e99e58b,33b59a0312697afeb0509183c32ba5b32a6b853a51a551d9479a9f7551aa90d3,969054f3f02d7bdef4921b9f4059cb03a754ffcec5bed650ddb92d9b8904e682,1d79b9fe28fc3bf042d0a5848e0a1a98c573f677be6e0339bae11626e76c8715,-0.456703069479552,False
131,2,rotate_45,none,rotate_45,1.0,test,Oracle-Value+Residual,1977710009,0.08673613638829442,0.999970313370024,0.9910959531221387,0.9670275590551181,1.0,0.0,-2.2402091991286612,0.71875,128,calibrated,oracle_value,[0.27574882594100497],5238a67aed6b129d8524ceca65a7ee3d48706e2496923125941726b7521ec95d,rotate_45,6ef29132a62bba00996ca80c8aaf562a5680eac9d5d7ce2a61064a0d7479c556,78a39b49e665dd2cf894928e07d2ac309fb8471d04eb20cadfb118119e99e58b,33b59a0312697afeb0509183c32ba5b32a6b853a51a551d9479a9f7551aa90d3,969054f3f02d7bdef4921b9f4059cb03a754ffcec5bed650ddb92d9b8904e682,1d79b9fe28fc3bf042d0a5848e0a1a98c573f677be6e0339bae11626e76c8715,-0.8480494239882679,False
131,2,rotate_45,none,rotate_45,1.0,test,Oracle-Rank+Value+Residual,1977710009,0.20114923044687857,0.9963311209813372,0.9729731276323018,0.938361220472441,0.9230769230769231,0.002536367977611706,1.7016076969299179,0.4296875,128,calibrated,oracle_rank|oracle_value,"[0.10904420697538987, 0.1772782386107503]",5238a67aed6b129d8524ceca65a7ee3d48706e2496923125941726b7521ec95d,rotate_45,6ef29132a62bba00996ca80c8aaf562a5680eac9d5d7ce2a61064a0d7479c556,78a39b49e665dd2cf894928e07d2ac309fb8471d04eb20cadfb118119e99e58b,33b59a0312697afeb0509183c32ba5b32a6b853a51a551d9479a9f7551aa90d3,969054f3f02d7bdef4921b9f4059cb03a754ffcec5bed650ddb92d9b8904e682,1d79b9fe28fc3bf042d0a5848e0a1a98c573f677be6e0339bae11626e76c8715,-0.7336363299296836,False
131,2,roughness,none,roughness,0.35,test,Target-Only,2022998166,1.5640174719943736,0.7710432927953084,-0.2572502746749679,0.4029281496062992,0.46153846153846156,0.03816583891063758,4.721406033958967,0.609375,128,target_only,none,[],5238a67aed6b129d8524ceca65a7ee3d48706e2496923125941726b7521ec95d,roughness,33b59a0312697afeb0509183c32ba5b32a6b853a51a551d9479a9f7551aa90d3,e55260fb748f90b6aaeebfe6dbc088079e5c2c003524437dfa8222a5538bf8b6,33b59a0312697afeb0509183c32ba5b32a6b853a51a551d9479a9f7551aa90d3,e55260fb748f90b6aaeebfe6dbc088079e5c2c003524437dfa8222a5538bf8b6,3ea9195bf2013abf14f7e4e7ec919ad1f841f89537f056a9cccccc593f965877,0.0,False
131,2,roughness,none,roughness,0.35,test,Geometry-Prior+Residual,2022998166,1.5596496126701593,0.746532123164714,-0.23570545687602998,0.4106791338582677,0.46153846153846156,0.11775187506590488,28.89027917726564,0.421875,128,calibrated,geometry,[0.35236129809168587],5238a67aed6b129d8524ceca65a7ee3d48706e2496923125941726b7521ec95d,roughness,33b59a0312697afeb0509183c32ba5b32a6b853a51a551d9479a9f7551aa90d3,e55260fb748f90b6aaeebfe6dbc088079e5c2c003524437dfa8222a5538bf8b6,33b59a0312697afeb0509183c32ba5b32a6b853a51a551d9479a9f7551aa90d3,e55260fb748f90b6aaeebfe6dbc088079e5c2c003524437dfa8222a5538bf8b6,3ea9195bf2013abf14f7e4e7ec919ad1f841f89537f056a9cccccc593f965877,-0.0043678593242142405,False
131,2,roughness,none,roughness,0.35,test,Oracle-Rank+Residual,2022998166,1.5434634644008733,0.7630275365442433,-0.1848562534334371,0.4405757874015748,0.46153846153846156,0.11775187506590488,32.433402929812004,0.5234375,128,calibrated,oracle_rank,[0.358480574011278],5238a67aed6b129d8524ceca65a7ee3d48706e2496923125941726b7521ec95d,roughness,33b59a0312697afeb0509183c32ba5b32a6b853a51a551d9479a9f7551aa90d3,e55260fb748f90b6aaeebfe6dbc088079e5c2c003524437dfa8222a5538bf8b6,33b59a0312697afeb0509183c32ba5b32a6b853a51a551d9479a9f7551aa90d3,e55260fb748f90b6aaeebfe6dbc088079e5c2c003524437dfa8222a5538bf8b6,3ea9195bf2013abf14f7e4e7ec919ad1f841f89537f056a9cccccc593f965877,-0.020554007593500234,False
131,2,roughness,none,roughness,0.35,test,Oracle-Value+Residual,2022998166,1.464512794642488,0.7696731426095013,-0.210681422816334,0.4189222440944882,0.46153846153846156,0.11775187506590488,27.41564729013495,0.5234375,128,calibrated,oracle_value,[0.3554989042704248],5238a67aed6b129d8524ceca65a7ee3d48706e2496923125941726b7521ec95d,roughness,33b59a0312697afeb0509183c32ba5b32a6b853a51a551d9479a9f7551aa90d3,e55260fb748f90b6aaeebfe6dbc088079e5c2c003524437dfa8222a5538bf8b6,33b59a0312697afeb0509183c32ba5b32a6b853a51a551d9479a9f7551aa90d3,e55260fb748f90b6aaeebfe6dbc088079e5c2c003524437dfa8222a5538bf8b6,3ea9195bf2013abf14f7e4e7ec919ad1f841f89537f056a9cccccc593f965877,-0.0995046773518855,False
131,2,roughness,none,roughness,0.35,test,Oracle-Rank+Value+Residual,2022998166,1.5031911266000273,0.7664671743846752,-0.1799922175425746,0.44008366141732286,0.46153846153846156,0.11775187506590488,32.9946665772038,0.5234375,128,calibrated,oracle_rank|oracle_value,"[0.2025203583140611, 0.1746271182918236]",5238a67aed6b129d8524ceca65a7ee3d48706e2496923125941726b7521ec95d,roughness,33b59a0312697afeb0509183c32ba5b32a6b853a51a551d9479a9f7551aa90d3,e55260fb748f90b6aaeebfe6dbc088079e5c2c003524437dfa8222a5538bf8b6,33b59a0312697afeb0509183c32ba5b32a6b853a51a551d9479a9f7551aa90d3,e55260fb748f90b6aaeebfe6dbc088079e5c2c003524437dfa8222a5538bf8b6,3ea9195bf2013abf14f7e4e7ec919ad1f841f89537f056a9cccccc593f965877,-0.06082634539434628,False
131,2,roughness,none,roughness,0.7,test,Target-Only,798052491,1.1636882437003657,0.6758887753577772,0.3630573612891411,0.625123031496063,0.15384615384615385,0.3851878605582125,3.6944078410361723,0.4765625,128,target_only,none,[],5238a67aed6b129d8524ceca65a7ee3d48706e2496923125941726b7521ec95d,roughness,33b59a0312697afeb0509183c32ba5b32a6b853a51a551d9479a9f7551aa90d3,6184962f22bc84f515ac7d79ec1f86772a0f2c75603956d82858fb9278f13502,33b59a0312697afeb0509183c32ba5b32a6b853a51a551d9479a9f7551aa90d3,6184962f22bc84f515ac7d79ec1f86772a0f2c75603956d82858fb9278f13502,1d6b99f98b35e82f1cc5774f27b153ec09869bd76d8f8448ff62468ce9376726,0.0,False
131,2,roughness,none,roughness,0.7,test,Geometry-Prior+Residual,798052491,1.1411165426826047,0.6444442727783187,0.38411577549899284,0.6375492125984252,0.07692307692307693,0.10228701408863747,24.27824306050087,0.2265625,128,calibrated,geometry,[0.35236129809168587],5238a67aed6b129d8524ceca65a7ee3d48706e2496923125941726b7521ec95d,roughness,33b59a0312697afeb0509183c32ba5b32a6b853a51a551d9479a9f7551aa90d3,6184962f22bc84f515ac7d79ec1f86772a0f2c75603956d82858fb9278f13502,33b59a0312697afeb0509183c32ba5b32a6b853a51a551d9479a9f7551aa90d3,6184962f22bc84f515ac7d79ec1f86772a0f2c75603956d82858fb9278f13502,1d6b99f98b35e82f1cc5774f27b153ec09869bd76d8f8448ff62468ce9376726,-0.02257170101776107,False
131,2,roughness,none,roughness,0.7,test,Oracle-Rank+Residual,798052491,1.1395255474785462,0.6638812667893418,0.3473493865592382,0.6194635826771654,0.07692307692307693,0.10228701408863747,23.720684356742524,0.171875,128,calibrated,oracle_rank,[0.358480574011278],5238a67aed6b129d8524ceca65a7ee3d48706e2496923125941726b7521ec95d,roughness,33b59a0312697afeb0509183c32ba5b32a6b853a51a551d9479a9f7551aa90d3,6184962f22bc84f515ac7d79ec1f86772a0f2c75603956d82858fb9278f13502,33b59a0312697afeb0509183c32ba5b32a6b853a51a551d9479a9f7551aa90d3,6184962f22bc84f515ac7d79ec1f86772a0f2c75603956d82858fb9278f13502,1d6b99f98b35e82f1cc5774f27b153ec09869bd76d8f8448ff62468ce9376726,-0.024162696221819546,False
131,2,roughness,none,roughness,0.7,test,Oracle-Value+Residual,798052491,1.1905906605013978,0.6670184666909789,0.2060634499175975,0.5698818897637795,0.23076923076923078,0.25130790776133843,23.696910445184812,0.1484375,128,calibrated,oracle_value,[0.3554989042704248],5238a67aed6b129d8524ceca65a7ee3d48706e2496923125941726b7521ec95d,roughness,33b59a0312697afeb0509183c32ba5b32a6b853a51a551d9479a9f7551aa90d3,6184962f22bc84f515ac7d79ec1f86772a0f2c75603956d82858fb9278f13502,33b59a0312697afeb0509183c32ba5b32a6b853a51a551d9479a9f7551aa90d3,6184962f22bc84f515ac7d79ec1f86772a0f2c75603956d82858fb9278f13502,1d6b99f98b35e82f1cc5774f27b153ec09869bd76d8f8448ff62468ce9376726,0.026902416801032114,True
131,2,roughness,none,roughness,0.7,test,Oracle-Rank+Value+Residual,798052491,1.15378259355911,0.7402741987676631,0.2829152169932247,0.5979330708661418,0.23076923076923078,0.10228701408863747,25.91659953472894,0.1171875,128,calibrated,oracle_rank|oracle_value,"[0.2025203583140611, 0.1746271182918236]",5238a67aed6b129d8524ceca65a7ee3d48706e2496923125941726b7521ec95d,roughness,33b59a0312697afeb0509183c32ba5b32a6b853a51a551d9479a9f7551aa90d3,6184962f22bc84f515ac7d79ec1f86772a0f2c75603956d82858fb9278f13502,33b59a0312697afeb0509183c32ba5b32a6b853a51a551d9479a9f7551aa90d3,6184962f22bc84f515ac7d79ec1f86772a0f2c75603956d82858fb9278f13502,1d6b99f98b35e82f1cc5774f27b153ec09869bd76d8f8448ff62468ce9376726,-0.009905650141255773,False
131,2,roughness,none,roughness,1.0,test,Target-Only,659283956,1.0705783314308541,0.5791786230832098,0.2087987548068119,0.5655757874015748,0.23076923076923078,0.5487087100574393,1.687262857385809,0.640625,128,target_only,none,[],5238a67aed6b129d8524ceca65a7ee3d48706e2496923125941726b7521ec95d,roughness,33b59a0312697afeb0509183c32ba5b32a6b853a51a551d9479a9f7551aa90d3,969054f3f02d7bdef4921b9f4059cb03a754ffcec5bed650ddb92d9b8904e682,33b59a0312697afeb0509183c32ba5b32a6b853a51a551d9479a9f7551aa90d3,969054f3f02d7bdef4921b9f4059cb03a754ffcec5bed650ddb92d9b8904e682,2d1b210138c352ec96b0fe35b4799202268696e052d9f5cdde661e11e8e30ccd,0.0,False
131,2,roughness,none,roughness,1.0,test,Geometry-Prior+Residual,659283956,0.9168417028634757,0.49857935359574934,0.34947811756088626,0.6166338582677166,0.15384615384615385,0.7567409730412935,10.399580763044554,0.40625,128,calibrated,geometry,[0.35236129809168587],5238a67aed6b129d8524ceca65a7ee3d48706e2496923125941726b7521ec95d,roughness,33b59a0312697afeb0509183c32ba5b32a6b853a51a551d9479a9f7551aa90d3,969054f3f02d7bdef4921b9f4059cb03a754ffcec5bed650ddb92d9b8904e682,33b59a0312697afeb0509183c32ba5b32a6b853a51a551d9479a9f7551aa90d3,969054f3f02d7bdef4921b9f4059cb03a754ffcec5bed650ddb92d9b8904e682,2d1b210138c352ec96b0fe35b4799202268696e052d9f5cdde661e11e8e30ccd,-0.15373662856737846,False
131,2,roughness,none,roughness,1.0,test,Oracle-Rank+Residual,659283956,0.9192047739568567,0.5670528318253306,0.4104616828419703,0.64185531496063,0.07692307692307693,0.19888628044530643,11.101000152702614,0.359375,128,calibrated,oracle_rank,[0.358480574011278],5238a67aed6b129d8524ceca65a7ee3d48706e2496923125941726b7521ec95d,roughness,33b59a0312697afeb0509183c32ba5b32a6b853a51a551d9479a9f7551aa90d3,969054f3f02d7bdef4921b9f4059cb03a754ffcec5bed650ddb92d9b8904e682,33b59a0312697afeb0509183c32ba5b32a6b853a51a551d9479a9f7551aa90d3,969054f3f02d7bdef4921b9f4059cb03a754ffcec5bed650ddb92d9b8904e682,2d1b210138c352ec96b0fe35b4799202268696e052d9f5cdde661e11e8e30ccd,-0.1513735574739974,False
131,2,roughness,none,roughness,1.0,test,Oracle-Value+Residual,659283956,0.8319130377822747,0.6482678134586968,0.5582654275773667,0.6930364173228346,0.07692307692307693,0.19888628044530643,10.057909483767126,0.375,128,calibrated,oracle_value,[0.3554989042704248],5238a67aed6b129d8524ceca65a7ee3d48706e2496923125941726b7521ec95d,roughness,33b59a0312697afeb0509183c32ba5b32a6b853a51a551d9479a9f7551aa90d3,969054f3f02d7bdef4921b9f4059cb03a754ffcec5bed650ddb92d9b8904e682,33b59a0312697afeb0509183c32ba5b32a6b853a51a551d9479a9f7551aa90d3,969054f3f02d7bdef4921b9f4059cb03a754ffcec5bed650ddb92d9b8904e682,2d1b210138c352ec96b0fe35b4799202268696e052d9f5cdde661e11e8e30ccd,-0.23866529364857947,False
131,2,roughness,none,roughness,1.0,test,Oracle-Rank+Value+Residual,659283956,0.8665401983181403,0.5904892731397839,0.53120994323384,0.6788877952755905,0.07692307692307693,0.19888628044530643,11.64366303372201,0.3359375,128,calibrated,oracle_rank|oracle_value,"[0.2025203583140611, 0.1746271182918236]",5238a67aed6b129d8524ceca65a7ee3d48706e2496923125941726b7521ec95d,roughness,33b59a0312697afeb0509183c32ba5b32a6b853a51a551d9479a9f7551aa90d3,969054f3f02d7bdef4921b9f4059cb03a754ffcec5bed650ddb92d9b8904e682,33b59a0312697afeb0509183c32ba5b32a6b853a51a551d9479a9f7551aa90d3,969054f3f02d7bdef4921b9f4059cb03a754ffcec5bed650ddb92d9b8904e682,2d1b210138c352ec96b0fe35b4799202268696e052d9f5cdde661e11e8e30ccd,-0.2040381331127138,False
131,2,reversal,none,reversal,0.35,test,Target-Only,1599995091,0.4603059042053885,0.8213147499842229,0.9513367515107123,0.9077263779527559,0.23076923076923078,0.00626887196932549,-2.180098890465852,1.0,128,target_only,none,[],5238a67aed6b129d8524ceca65a7ee3d48706e2496923125941726b7521ec95d,reversal,33b59a0312697afeb0509183c32ba5b32a6b853a51a551d9479a9f7551aa90d3,e55260fb748f90b6aaeebfe6dbc088079e5c2c003524437dfa8222a5538bf8b6,33b59a0312697afeb0509183c32ba5b32a6b853a51a551d9479a9f7551aa90d3,e55260fb748f90b6aaeebfe6dbc088079e5c2c003524437dfa8222a5538bf8b6,d0e16bd81cfbe9d58aacd3c9b534b8cd2cd7ef2705a3f1d0aeeed40fe298743f,0.0,False
131,2,reversal,none,reversal,0.35,test,Geometry-Prior+Residual,1599995091,0.4603059042053885,0.8213147499842229,0.9513367515107123,0.9077263779527559,0.23076923076923078,0.00626887196932549,-2.180098890465852,1.0,128,target_only,geometry,[1.2471053128641077e-20],5238a67aed6b129d8524ceca65a7ee3d48706e2496923125941726b7521ec95d,reversal,33b59a0312697afeb0509183c32ba5b32a6b853a51a551d9479a9f7551aa90d3,e55260fb748f90b6aaeebfe6dbc088079e5c2c003524437dfa8222a5538bf8b6,33b59a0312697afeb0509183c32ba5b32a6b853a51a551d9479a9f7551aa90d3,e55260fb748f90b6aaeebfe6dbc088079e5c2c003524437dfa8222a5538bf8b6,d0e16bd81cfbe9d58aacd3c9b534b8cd2cd7ef2705a3f1d0aeeed40fe298743f,0.0,False
131,2,reversal,none,reversal,0.35,test,Oracle-Rank+Residual,1599995091,0.4603059042053885,0.8213147499842229,0.9513367515107123,0.9077263779527559,0.23076923076923078,0.00626887196932549,-2.180098890465852,1.0,128,target_only,oracle_rank,[1.4250615894275276e-20],5238a67aed6b129d8524ceca65a7ee3d48706e2496923125941726b7521ec95d,reversal,33b59a0312697afeb0509183c32ba5b32a6b853a51a551d9479a9f7551aa90d3,e55260fb748f90b6aaeebfe6dbc088079e5c2c003524437dfa8222a5538bf8b6,33b59a0312697afeb0509183c32ba5b32a6b853a51a551d9479a9f7551aa90d3,e55260fb748f90b6aaeebfe6dbc088079e5c2c003524437dfa8222a5538bf8b6,d0e16bd81cfbe9d58aacd3c9b534b8cd2cd7ef2705a3f1d0aeeed40fe298743f,0.0,False
131,2,reversal,none,reversal,0.35,test,Oracle-Value+Residual,1599995091,0.4603059042053885,0.8213147499842229,0.9513367515107123,0.9077263779527559,0.23076923076923078,0.00626887196932549,-2.180098890465852,1.0,128,target_only,oracle_value,[1.4773768857623853e-20],5238a67aed6b129d8524ceca65a7ee3d48706e2496923125941726b7521ec95d,reversal,33b59a0312697afeb0509183c32ba5b32a6b853a51a551d9479a9f7551aa90d3,e55260fb748f90b6aaeebfe6dbc088079e5c2c003524437dfa8222a5538bf8b6,33b59a0312697afeb0509183c32ba5b32a6b853a51a551d9479a9f7551aa90d3,e55260fb748f90b6aaeebfe6dbc088079e5c2c003524437dfa8222a5538bf8b6,d0e16bd81cfbe9d58aacd3c9b534b8cd2cd7ef2705a3f1d0aeeed40fe298743f,0.0,False
131,2,reversal,none,reversal,0.35,test,Oracle-Rank+Value+Residual,1599995091,0.4603059042053885,0.8213147499842229,0.9513367515107123,0.9077263779527559,0.23076923076923078,0.00626887196932549,-2.180098890465852,1.0,128,target_only,oracle_rank|oracle_value,"[8.112392911854823e-21, 1.4965765232615653e-20]",5238a67aed6b129d8524ceca65a7ee3d48706e2496923125941726b7521ec95d,reversal,33b59a0312697afeb0509183c32ba5b32a6b853a51a551d9479a9f7551aa90d3,e55260fb748f90b6aaeebfe6dbc088079e5c2c003524437dfa8222a5538bf8b6,33b59a0312697afeb0509183c32ba5b32a6b853a51a551d9479a9f7551aa90d3,e55260fb748f90b6aaeebfe6dbc088079e5c2c003524437dfa8222a5538bf8b6,d0e16bd81cfbe9d58aacd3c9b534b8cd2cd7ef2705a3f1d0aeeed40fe298743f,0.0,False
131,2,reversal,none,reversal,0.7,test,Target-Only,1833225901,1.3730126995517535,0.8713712640337103,0.8859583867423548,0.8566683070866141,0.46153846153846156,0.009455544136161634,-0.9221873616576507,0.8984375,128,target_only,none,[],5238a67aed6b129d8524ceca65a7ee3d48706e2496923125941726b7521ec95d,reversal,33b59a0312697afeb0509183c32ba5b32a6b853a51a551d9479a9f7551aa90d3,6184962f22bc84f515ac7d79ec1f86772a0f2c75603956d82858fb9278f13502,33b59a0312697afeb0509183c32ba5b32a6b853a51a551d9479a9f7551aa90d3,6184962f22bc84f515ac7d79ec1f86772a0f2c75603956d82858fb9278f13502,edc3f92e7f6fae074d4145c8fd87fb18d1342fd1e7a8db9da4f21ddf189edf10,0.0,False
131,2,reversal,none,reversal,0.7,test,Geometry-Prior+Residual,1833225901,1.3730126995517535,0.8713712640337103,0.8859583867423548,0.8566683070866141,0.46153846153846156,0.009455544136161634,-0.9221873616576507,0.8984375,128,target_only,geometry,[1.2471053128641077e-20],5238a67aed6b129d8524ceca65a7ee3d48706e2496923125941726b7521ec95d,reversal,33b59a0312697afeb0509183c32ba5b32a6b853a51a551d9479a9f7551aa90d3,6184962f22bc84f515ac7d79ec1f86772a0f2c75603956d82858fb9278f13502,33b59a0312697afeb0509183c32ba5b32a6b853a51a551d9479a9f7551aa90d3,6184962f22bc84f515ac7d79ec1f86772a0f2c75603956d82858fb9278f13502,edc3f92e7f6fae074d4145c8fd87fb18d1342fd1e7a8db9da4f21ddf189edf10,0.0,False
131,2,reversal,none,reversal,0.7,test,Oracle-Rank+Residual,1833225901,1.3730126995517535,0.8713712640337103,0.8859583867423548,0.8566683070866141,0.46153846153846156,0.009455544136161634,-0.9221873616576507,0.8984375,128,target_only,oracle_rank,[1.4250615894275276e-20],5238a67aed6b129d8524ceca65a7ee3d48706e2496923125941726b7521ec95d,reversal,33b59a0312697afeb0509183c32ba5b32a6b853a51a551d9479a9f7551aa90d3,6184962f22bc84f515ac7d79ec1f86772a0f2c75603956d82858fb9278f13502,33b59a0312697afeb0509183c32ba5b32a6b853a51a551d9479a9f7551aa90d3,6184962f22bc84f515ac7d79ec1f86772a0f2c75603956d82858fb9278f13502,edc3f92e7f6fae074d4145c8fd87fb18d1342fd1e7a8db9da4f21ddf189edf10,0.0,False
131,2,reversal,none,reversal,0.7,test,Oracle-Value+Residual,1833225901,1.3730126995517535,0.8713712640337103,0.8859583867423548,0.8566683070866141,0.46153846153846156,0.009455544136161634,-0.9221873616576507,0.8984375,128,target_only,oracle_value,[1.4773768857623853e-20],5238a67aed6b129d8524ceca65a7ee3d48706e2496923125941726b7521ec95d,reversal,33b59a0312697afeb0509183c32ba5b32a6b853a51a551d9479a9f7551aa90d3,6184962f22bc84f515ac7d79ec1f86772a0f2c75603956d82858fb9278f13502,33b59a0312697afeb0509183c32ba5b32a6b853a51a551d9479a9f7551aa90d3,6184962f22bc84f515ac7d79ec1f86772a0f2c75603956d82858fb9278f13502,edc3f92e7f6fae074d4145c8fd87fb18d1342fd1e7a8db9da4f21ddf189edf10,0.0,False
131,2,reversal,none,reversal,0.7,test,Oracle-Rank+Value+Residual,1833225901,1.3730126995517535,0.8713712640337103,0.8859583867423548,0.8566683070866141,0.46153846153846156,0.009455544136161634,-0.9221873616576507,0.8984375,128,target_only,oracle_rank|oracle_value,"[8.112392911854823e-21, 1.4965765232615653e-20]",5238a67aed6b129d8524ceca65a7ee3d48706e2496923125941726b7521ec95d,reversal,33b59a0312697afeb0509183c32ba5b32a6b853a51a551d9479a9f7551aa90d3,6184962f22bc84f515ac7d79ec1f86772a0f2c75603956d82858fb9278f13502,33b59a0312697afeb0509183c32ba5b32a6b853a51a551d9479a9f7551aa90d3,6184962f22bc84f515ac7d79ec1f86772a0f2c75603956d82858fb9278f13502,edc3f92e7f6fae074d4145c8fd87fb18d1342fd1e7a8db9da4f21ddf189edf10,0.0,False
131,2,reversal,none,reversal,1.0,test,Target-Only,1823345982,0.8092752685343384,0.8143422159705022,0.7718423823475554,0.7875246062992126,0.23076923076923078,0.026063305589759708,-0.33639671642354163,0.8515625,128,target_only,none,[],5238a67aed6b129d8524ceca65a7ee3d48706e2496923125941726b7521ec95d,reversal,33b59a0312697afeb0509183c32ba5b32a6b853a51a551d9479a9f7551aa90d3,969054f3f02d7bdef4921b9f4059cb03a754ffcec5bed650ddb92d9b8904e682,33b59a0312697afeb0509183c32ba5b32a6b853a51a551d9479a9f7551aa90d3,969054f3f02d7bdef4921b9f4059cb03a754ffcec5bed650ddb92d9b8904e682,03d2c61145bffffd279ff1e661ce27b0f057ff6d7508911bff50299e82525e00,0.0,False
131,2,reversal,none,reversal,1.0,test,Geometry-Prior+Residual,1823345982,0.8092752685343384,0.8143422159705022,0.7718423823475554,0.7875246062992126,0.23076923076923078,0.026063305589759708,-0.33639671642354163,0.8515625,128,target_only,geometry,[1.2471053128641077e-20],5238a67aed6b129d8524ceca65a7ee3d48706e2496923125941726b7521ec95d,reversal,33b59a0312697afeb0509183c32ba5b32a6b853a51a551d9479a9f7551aa90d3,969054f3f02d7bdef4921b9f4059cb03a754ffcec5bed650ddb92d9b8904e682,33b59a0312697afeb0509183c32ba5b32a6b853a51a551d9479a9f7551aa90d3,969054f3f02d7bdef4921b9f4059cb03a754ffcec5bed650ddb92d9b8904e682,03d2c61145bffffd279ff1e661ce27b0f057ff6d7508911bff50299e82525e00,0.0,False
131,2,reversal,none,reversal,1.0,test,Oracle-Rank+Residual,1823345982,0.8092752685343384,0.8143422159705022,0.7718423823475554,0.7875246062992126,0.23076923076923078,0.026063305589759708,-0.33639671642354163,0.8515625,128,target_only,oracle_rank,[1.4250615894275276e-20],5238a67aed6b129d8524ceca65a7ee3d48706e2496923125941726b7521ec95d,reversal,33b59a0312697afeb0509183c32ba5b32a6b853a51a551d9479a9f7551aa90d3,969054f3f02d7bdef4921b9f4059cb03a754ffcec5bed650ddb92d9b8904e682,33b59a0312697afeb0509183c32ba5b32a6b853a51a551d9479a9f7551aa90d3,969054f3f02d7bdef4921b9f4059cb03a754ffcec5bed650ddb92d9b8904e682,03d2c61145bffffd279ff1e661ce27b0f057ff6d7508911bff50299e82525e00,0.0,False
131,2,reversal,none,reversal,1.0,test,Oracle-Value+Residual,1823345982,0.8092752685343384,0.8143422159705022,0.7718423823475554,0.7875246062992126,0.23076923076923078,0.026063305589759708,-0.33639671642354163,0.8515625,128,target_only,oracle_value,[1.4773768857623853e-20],5238a67aed6b129d8524ceca65a7ee3d48706e2496923125941726b7521ec95d,reversal,33b59a0312697afeb0509183c32ba5b32a6b853a51a551d9479a9f7551aa90d3,969054f3f02d7bdef4921b9f4059cb03a754ffcec5bed650ddb92d9b8904e682,33b59a0312697afeb0509183c32ba5b32a6b853a51a551d9479a9f7551aa90d3,969054f3f02d7bdef4921b9f4059cb03a754ffcec5bed650ddb92d9b8904e682,03d2c61145bffffd279ff1e661ce27b0f057ff6d7508911bff50299e82525e00,0.0,False
131,2,reversal,none,reversal,1.0,test,Oracle-Rank+Value+Residual,1823345982,0.8092752685343384,0.8143422159705022,0.7718423823475554,0.7875246062992126,0.23076923076923078,0.026063305589759708,-0.33639671642354163,0.8515625,128,target_only,oracle_rank|oracle_value,"[8.112392911854823e-21, 1.4965765232615653e-20]",5238a67aed6b129d8524ceca65a7ee3d48706e2496923125941726b7521ec95d,reversal,33b59a0312697afeb0509183c32ba5b32a6b853a51a551d9479a9f7551aa90d3,969054f3f02d7bdef4921b9f4059cb03a754ffcec5bed650ddb92d9b8904e682,33b59a0312697afeb0509183c32ba5b32a6b853a51a551d9479a9f7551aa90d3,969054f3f02d7bdef4921b9f4059cb03a754ffcec5bed650ddb92d9b8904e682,03d2c61145bffffd279ff1e661ce27b0f057ff6d7508911bff50299e82525e00,0.0,False
131,2,independent_expert,none,independent_expert,0.35,test,Target-Only,766483919,0.4603059042053885,0.9237091769258925,0.9513367515107123,0.9077263779527559,0.46153846153846156,0.006786971283930236,-2.180098890465852,1.0,128,target_only,none,[],8b2b1fd2f7800ee89128403cb4c17bb5e27bf0a9486e81abc0c0ce10e2b7d4e7,independent_expert,33b59a0312697afeb0509183c32ba5b32a6b853a51a551d9479a9f7551aa90d3,e55260fb748f90b6aaeebfe6dbc088079e5c2c003524437dfa8222a5538bf8b6,33b59a0312697afeb0509183c32ba5b32a6b853a51a551d9479a9f7551aa90d3,e55260fb748f90b6aaeebfe6dbc088079e5c2c003524437dfa8222a5538bf8b6,136dfcd1769a37e26668b53321994c3d00da7d7aada6ce239b0509956313a7a0,0.0,False
131,2,independent_expert,none,independent_expert,0.35,test,Geometry-Prior+Residual,766483919,0.4099825039926028,0.923821651624027,0.9482237685405602,0.9002214566929134,0.46153846153846156,0.021398803898514947,-2.465041936851391,1.0,128,calibrated,geometry,[0.23005044705316002],8b2b1fd2f7800ee89128403cb4c17bb5e27bf0a9486e81abc0c0ce10e2b7d4e7,independent_expert,33b59a0312697afeb0509183c32ba5b32a6b853a51a551d9479a9f7551aa90d3,e55260fb748f90b6aaeebfe6dbc088079e5c2c003524437dfa8222a5538bf8b6,33b59a0312697afeb0509183c32ba5b32a6b853a51a551d9479a9f7551aa90d3,e55260fb748f90b6aaeebfe6dbc088079e5c2c003524437dfa8222a5538bf8b6,136dfcd1769a37e26668b53321994c3d00da7d7aada6ce239b0509956313a7a0,-0.05032340021278575,False
131,2,independent_expert,none,independent_expert,0.35,test,Oracle-Rank+Residual,766483919,0.4603059041097808,0.9237091769258925,0.9513367515107123,0.9077263779527559,0.46153846153846156,0.006786971283930236,-2.1800988905112124,1.0,128,calibrated,oracle_rank,[1.2091307325199851e-10],8b2b1fd2f7800ee89128403cb4c17bb5e27bf0a9486e81abc0c0ce10e2b7d4e7,independent_expert,33b59a0312697afeb0509183c32ba5b32a6b853a51a551d9479a9f7551aa90d3,e55260fb748f90b6aaeebfe6dbc088079e5c2c003524437dfa8222a5538bf8b6,33b59a0312697afeb0509183c32ba5b32a6b853a51a551d9479a9f7551aa90d3,e55260fb748f90b6aaeebfe6dbc088079e5c2c003524437dfa8222a5538bf8b6,136dfcd1769a37e26668b53321994c3d00da7d7aada6ce239b0509956313a7a0,-9.560774394401506e-11,False
131,2,independent_expert,none,independent_expert,0.35,test,Oracle-Value+Residual,766483919,0.4603271265891339,0.9237091769258925,0.9514912561801867,0.9080954724409449,0.46153846153846156,0.006786971283930236,-2.1801012239902997,1.0,128,calibrated,oracle_value,[4.131096355729312e-05],8b2b1fd2f7800ee89128403cb4c17bb5e27bf0a9486e81abc0c0ce10e2b7d4e7,independent_expert,33b59a0312697afeb0509183c32ba5b32a6b853a51a551d9479a9f7551aa90d3,e55260fb748f90b6aaeebfe6dbc088079e5c2c003524437dfa8222a5538bf8b6,33b59a0312697afeb0509183c32ba5b32a6b853a51a551d9479a9f7551aa90d3,e55260fb748f90b6aaeebfe6dbc088079e5c2c003524437dfa8222a5538bf8b6,136dfcd1769a37e26668b53321994c3d00da7d7aada6ce239b0509956313a7a0,2.1222383745356233e-05,False
131,2,independent_expert,none,independent_expert,0.35,test,Oracle-Rank+Value+Residual,766483919,0.460327127160017,0.9237091769258925,0.9514912561801867,0.9080954724409449,0.46153846153846156,0.006786971283930236,-2.180101224045181,1.0,128,calibrated,oracle_rank|oracle_value,"[3.224377772305915e-33, 4.1312046682194236e-05]",8b2b1fd2f7800ee89128403cb4c17bb5e27bf0a9486e81abc0c0ce10e2b7d4e7,independent_expert,33b59a0312697afeb0509183c32ba5b32a6b853a51a551d9479a9f7551aa90d3,e55260fb748f90b6aaeebfe6dbc088079e5c2c003524437dfa8222a5538bf8b6,33b59a0312697afeb0509183c32ba5b32a6b853a51a551d9479a9f7551aa90d3,e55260fb748f90b6aaeebfe6dbc088079e5c2c003524437dfa8222a5538bf8b6,136dfcd1769a37e26668b53321994c3d00da7d7aada6ce239b0509956313a7a0,2.122295462847479e-05,False
131,2,independent_expert,none,independent_expert,0.7,test,Target-Only,1078560880,1.3730126995517535,0.8752484183420184,0.8859583867423548,0.8566683070866141,0.5384615384615384,0.5394684363242015,-0.9221873616576507,0.8984375,128,target_only,none,[],8b2b1fd2f7800ee89128403cb4c17bb5e27bf0a9486e81abc0c0ce10e2b7d4e7,independent_expert,33b59a0312697afeb0509183c32ba5b32a6b853a51a551d9479a9f7551aa90d3,6184962f22bc84f515ac7d79ec1f86772a0f2c75603956d82858fb9278f13502,33b59a0312697afeb0509183c32ba5b32a6b853a51a551d9479a9f7551aa90d3,6184962f22bc84f515ac7d79ec1f86772a0f2c75603956d82858fb9278f13502,62c8e678cc6a854e5b977b23dba79a5ebd390e0d1b8f45f5e55fc5d9c339a2ef,0.0,False
131,2,independent_expert,none,independent_expert,0.7,test,Geometry-Prior+Residual,1078560880,1.1446528914749052,0.9687977447376774,0.9409906610510894,0.9002214566929134,0.8461538461538461,0.07553203580936012,-0.20972759151968756,0.609375,128,calibrated,geometry,[0.23005044705316002],8b2b1fd2f7800ee89128403cb4c17bb5e27bf0a9486e81abc0c0ce10e2b7d4e7,independent_expert,33b59a0312697afeb0509183c32ba5b32a6b853a51a551d9479a9f7551aa90d3,6184962f22bc84f515ac7d79ec1f86772a0f2c75603956d82858fb9278f13502,33b59a0312697afeb0509183c32ba5b32a6b853a51a551d9479a9f7551aa90d3,6184962f22bc84f515ac7d79ec1f86772a0f2c75603956d82858fb9278f13502,62c8e678cc6a854e5b977b23dba79a5ebd390e0d1b8f45f5e55fc5d9c339a2ef,-0.2283598080768483,False
131,2,independent_expert,none,independent_expert,0.7,test,Oracle-Rank+Residual,1078560880,1.3730126991427984,0.8752484183420184,0.8859583867423548,0.8566683070866141,0.5384615384615384,0.5394684363242015,-0.9221873620310216,0.8984375,128,calibrated,oracle_rank,[1.2091307325199851e-10],8b2b1fd2f7800ee89128403cb4c17bb5e27bf0a9486e81abc0c0ce10e2b7d4e7,independent_expert,33b59a0312697afeb0509183c32ba5b32a6b853a51a551d9479a9f7551aa90d3,6184962f22bc84f515ac7d79ec1f86772a0f2c75603956d82858fb9278f13502,33b59a0312697afeb0509183c32ba5b32a6b853a51a551d9479a9f7551aa90d3,6184962f22bc84f515ac7d79ec1f86772a0f2c75603956d82858fb9278f13502,62c8e678cc6a854e5b977b23dba79a5ebd390e0d1b8f45f5e55fc5d9c339a2ef,-4.089550920127749e-10,False
131,2,independent_expert,none,independent_expert,0.7,test,Oracle-Value+Residual,1078560880,1.3728581009450171,0.8752484183420184,0.8859583867423548,0.8566683070866141,0.5384615384615384,0.5394684363242015,-0.9222802787095775,0.8984375,128,calibrated,oracle_value,[4.131096355729312e-05],8b2b1fd2f7800ee89128403cb4c17bb5e27bf0a9486e81abc0c0ce10e2b7d4e7,independent_expert,33b59a0312697afeb0509183c32ba5b32a6b853a51a551d9479a9f7551aa90d3,6184962f22bc84f515ac7d79ec1f86772a0f2c75603956d82858fb9278f13502,33b59a0312697afeb0509183c32ba5b32a6b853a51a551d9479a9f7551aa90d3,6184962f22bc84f515ac7d79ec1f86772a0f2c75603956d82858fb9278f13502,62c8e678cc6a854e5b977b23dba79a5ebd390e0d1b8f45f5e55fc5d9c339a2ef,-0.00015459860673638914,False
131,2,independent_expert,none,independent_expert,0.7,test,Oracle-Rank+Value+Residual,1078560880,1.3728580968959625,0.8752484183420184,0.8859583867423548,0.8566683070866141,0.5384615384615384,0.5394684363242015,-0.9222802811406285,0.8984375,128,calibrated,oracle_rank|oracle_value,"[3.224377772305915e-33, 4.1312046682194236e-05]",8b2b1fd2f7800ee89128403cb4c17bb5e27bf0a9486e81abc0c0ce10e2b7d4e7,independent_expert,33b59a0312697afeb0509183c32ba5b32a6b853a51a551d9479a9f7551aa90d3,6184962f22bc84f515ac7d79ec1f86772a0f2c75603956d82858fb9278f13502,33b59a0312697afeb0509183c32ba5b32a6b853a51a551d9479a9f7551aa90d3,6184962f22bc84f515ac7d79ec1f86772a0f2c75603956d82858fb9278f13502,62c8e678cc6a854e5b977b23dba79a5ebd390e0d1b8f45f5e55fc5d9c339a2ef,-0.00015460265579103627,False
131,2,independent_expert,none,independent_expert,1.0,test,Target-Only,1282813845,0.8092752685343384,0.689896880872754,0.7718423823475554,0.7875246062992126,0.07692307692307693,0.3023310002954156,-0.33639671642354163,0.8515625,128,target_only,none,[],8b2b1fd2f7800ee89128403cb4c17bb5e27bf0a9486e81abc0c0ce10e2b7d4e7,independent_expert,33b59a0312697afeb0509183c32ba5b32a6b853a51a551d9479a9f7551aa90d3,969054f3f02d7bdef4921b9f4059cb03a754ffcec5bed650ddb92d9b8904e682,33b59a0312697afeb0509183c32ba5b32a6b853a51a551d9479a9f7551aa90d3,969054f3f02d7bdef4921b9f4059cb03a754ffcec5bed650ddb92d9b8904e682,f7903b3aedeca615776a947a288032cfcad483c22e18e36009e9951563daa2f6,0.0,False
131,2,independent_expert,none,independent_expert,1.0,test,Geometry-Prior+Residual,1282813845,0.46593354104170165,0.9492709900071392,0.9163958066288226,0.875369094488189,0.6923076923076923,0.06924247540080028,-0.5713849767410095,0.7890625,128,calibrated,geometry,[0.23005044705316002],8b2b1fd2f7800ee89128403cb4c17bb5e27bf0a9486e81abc0c0ce10e2b7d4e7,independent_expert,33b59a0312697afeb0509183c32ba5b32a6b853a51a551d9479a9f7551aa90d3,969054f3f02d7bdef4921b9f4059cb03a754ffcec5bed650ddb92d9b8904e682,33b59a0312697afeb0509183c32ba5b32a6b853a51a551d9479a9f7551aa90d3,969054f3f02d7bdef4921b9f4059cb03a754ffcec5bed650ddb92d9b8904e682,f7903b3aedeca615776a947a288032cfcad483c22e18e36009e9951563daa2f6,-0.34334172749263675,False
131,2,independent_expert,none,independent_expert,1.0,test,Oracle-Rank+Residual,1282813845,0.8092752688394895,0.689896880872754,0.7718423823475554,0.7875246062992126,0.07692307692307693,0.3023310002954156,-0.3363967156076113,0.8515625,128,calibrated,oracle_rank,[1.2091307325199851e-10],8b2b1fd2f7800ee89128403cb4c17bb5e27bf0a9486e81abc0c0ce10e2b7d4e7,independent_expert,33b59a0312697afeb0509183c32ba5b32a6b853a51a551d9479a9f7551aa90d3,969054f3f02d7bdef4921b9f4059cb03a754ffcec5bed650ddb92d9b8904e682,33b59a0312697afeb0509183c32ba5b32a6b853a51a551d9479a9f7551aa90d3,969054f3f02d7bdef4921b9f4059cb03a754ffcec5bed650ddb92d9b8904e682,f7903b3aedeca615776a947a288032cfcad483c22e18e36009e9951563daa2f6,3.0515112658946464e-10,False
131,2,independent_expert,none,independent_expert,1.0,test,Oracle-Value+Residual,1282813845,0.8093767730456789,0.689896880872754,0.7715162058231093,0.7874015748031497,0.07692307692307693,0.3023310002954156,-0.33611329195158685,0.8515625,128,calibrated,oracle_value,[4.131096355729312e-05],8b2b1fd2f7800ee89128403cb4c17bb5e27bf0a9486e81abc0c0ce10e2b7d4e7,independent_expert,33b59a0312697afeb0509183c32ba5b32a6b853a51a551d9479a9f7551aa90d3,969054f3f02d7bdef4921b9f4059cb03a754ffcec5bed650ddb92d9b8904e682,33b59a0312697afeb0509183c32ba5b32a6b853a51a551d9479a9f7551aa90d3,969054f3f02d7bdef4921b9f4059cb03a754ffcec5bed650ddb92d9b8904e682,f7903b3aedeca615776a947a288032cfcad483c22e18e36009e9951563daa2f6,0.00010150451134049998,False
131,2,independent_expert,none,independent_expert,1.0,test,Oracle-Rank+Value+Residual,1282813845,0.809376775707431,0.689896880872754,0.7715162058231093,0.7874015748031497,0.07692307692307693,0.3023310002954156,-0.33611328451809247,0.8515625,128,calibrated,oracle_rank|oracle_value,"[3.224377772305915e-33, 4.1312046682194236e-05]",8b2b1fd2f7800ee89128403cb4c17bb5e27bf0a9486e81abc0c0ce10e2b7d4e7,independent_expert,33b59a0312697afeb0509183c32ba5b32a6b853a51a551d9479a9f7551aa90d3,969054f3f02d7bdef4921b9f4059cb03a754ffcec5bed650ddb92d9b8904e682,33b59a0312697afeb0509183c32ba5b32a6b853a51a551d9479a9f7551aa90d3,969054f3f02d7bdef4921b9f4059cb03a754ffcec5bed650ddb92d9b8904e682,f7903b3aedeca615776a947a288032cfcad483c22e18e36009e9951563daa2f6,0.000101507173092652,False
