seed,dimension,relation,control,relation_or_control,shell,panel,method,standardized_rmse,ndcg_at_top,spearman,pairwise_accuracy,precision_at_top,normalized_top1_regret,mean_negative_log_likelihood,interval_coverage_95,n_test,effective_mode,prior_names,prior_coefficients,source_data_hash,source_query_transform,source_context_query_hash,source_test_query_hash,target_context_design_hash,target_test_design_hash,target_test_truth_hash,srmse_delta_vs_target_only,negative_transfer
11,2,identity,none,identity,0.35,test,Target-Only,0.5840298250022368,0.9279942052699574,0.8963502563633032,0.859375,0.46153846153846156,0.008472665198335097,-2.2203579716664863,1.0,128,target_only,none,[],a7b6a7b5e94873c180b1d57754fc716642e2171b727474b55825b5ac16430179,identity,682cac9509a7b65baf715e5aea285ff723c19bb51ed7e8c219527cd44c615dd1,a6ce4f7ce317c872feacba9db9212f33068858423372698129528317559e2d1d,682cac9509a7b65baf715e5aea285ff723c19bb51ed7e8c219527cd44c615dd1,a6ce4f7ce317c872feacba9db9212f33068858423372698129528317559e2d1d,1946cd5a4b2aac227647192282144c67350fb74f45b3710b1a58e267f515bda0,0.0,False
11,2,identity,none,identity,0.35,test,Geometry-Prior+Residual,0.650495393599426,0.8912542441581371,0.9038809284013917,0.8644192913385826,0.46153846153846156,0.06048269965976218,-2.089344002813716,0.78125,128,calibrated,geometry,[0.20096052647719906],a7b6a7b5e94873c180b1d57754fc716642e2171b727474b55825b5ac16430179,identity,682cac9509a7b65baf715e5aea285ff723c19bb51ed7e8c219527cd44c615dd1,a6ce4f7ce317c872feacba9db9212f33068858423372698129528317559e2d1d,682cac9509a7b65baf715e5aea285ff723c19bb51ed7e8c219527cd44c615dd1,a6ce4f7ce317c872feacba9db9212f33068858423372698129528317559e2d1d,1946cd5a4b2aac227647192282144c67350fb74f45b3710b1a58e267f515bda0,0.06646556859718922,True
11,2,identity,none,identity,0.35,test,Oracle-Rank+Residual,0.4547905263100251,0.9453200275628969,0.8661760666544588,0.8454724409448819,0.5384615384615384,0.009876674241225762,-0.2516366258888037,0.3359375,128,calibrated,oracle_rank,[0.2534611955624387],a7b6a7b5e94873c180b1d57754fc716642e2171b727474b55825b5ac16430179,identity,682cac9509a7b65baf715e5aea285ff723c19bb51ed7e8c219527cd44c615dd1,a6ce4f7ce317c872feacba9db9212f33068858423372698129528317559e2d1d,682cac9509a7b65baf715e5aea285ff723c19bb51ed7e8c219527cd44c615dd1,a6ce4f7ce317c872feacba9db9212f33068858423372698129528317559e2d1d,1946cd5a4b2aac227647192282144c67350fb74f45b3710b1a58e267f515bda0,-0.12923929869221168,False
11,2,identity,none,identity,0.35,test,Oracle-Value+Residual,0.06677008225719044,0.996255229029005,0.9560062259659402,0.9357775590551181,0.9230769230769231,0.0,-4.456467326372945,1.0,128,calibrated,oracle_value,[0.26025067055528955],a7b6a7b5e94873c180b1d57754fc716642e2171b727474b55825b5ac16430179,identity,682cac9509a7b65baf715e5aea285ff723c19bb51ed7e8c219527cd44c615dd1,a6ce4f7ce317c872feacba9db9212f33068858423372698129528317559e2d1d,682cac9509a7b65baf715e5aea285ff723c19bb51ed7e8c219527cd44c615dd1,a6ce4f7ce317c872feacba9db9212f33068858423372698129528317559e2d1d,1946cd5a4b2aac227647192282144c67350fb74f45b3710b1a58e267f515bda0,-0.5172597427450463,False
11,2,identity,none,identity,0.35,test,Oracle-Rank+Value+Residual,0.19290327708412644,0.9874307741905016,0.9206647134224502,0.8973917322834646,0.8461538461538461,0.0,-0.7054565771053803,0.40625,128,calibrated,oracle_rank|oracle_value,"[0.10210893219693937, 0.1685725053071591]",a7b6a7b5e94873c180b1d57754fc716642e2171b727474b55825b5ac16430179,identity,682cac9509a7b65baf715e5aea285ff723c19bb51ed7e8c219527cd44c615dd1,a6ce4f7ce317c872feacba9db9212f33068858423372698129528317559e2d1d,682cac9509a7b65baf715e5aea285ff723c19bb51ed7e8c219527cd44c615dd1,a6ce4f7ce317c872feacba9db9212f33068858423372698129528317559e2d1d,1946cd5a4b2aac227647192282144c67350fb74f45b3710b1a58e267f515bda0,-0.3911265479181103,False
11,2,identity,none,identity,0.7,test,Target-Only,1.2619483475925801,0.8611096820359903,0.7520371726789965,0.7662401574803149,0.38461538461538464,0.14589374374637054,-0.9648859941995994,0.9140625,128,target_only,none,[],a7b6a7b5e94873c180b1d57754fc716642e2171b727474b55825b5ac16430179,identity,682cac9509a7b65baf715e5aea285ff723c19bb51ed7e8c219527cd44c615dd1,a5562d7b09c8bbeeade4336821b21b69107285dc6cd70389b2ad4dbf9d8dd130,682cac9509a7b65baf715e5aea285ff723c19bb51ed7e8c219527cd44c615dd1,a5562d7b09c8bbeeade4336821b21b69107285dc6cd70389b2ad4dbf9d8dd130,859a3e95a7be59c235dab59079f8d71445a281e3ca57da5f4ad68691bec3b52b,0.0,False
11,2,identity,none,identity,0.7,test,Geometry-Prior+Residual,0.9768705568933557,0.9246168611975488,0.8035158395898188,0.7952755905511811,0.5384615384615384,0.0622331979600484,-0.7727004225681922,0.7265625,128,calibrated,geometry,[0.20096052647719906],a7b6a7b5e94873c180b1d57754fc716642e2171b727474b55825b5ac16430179,identity,682cac9509a7b65baf715e5aea285ff723c19bb51ed7e8c219527cd44c615dd1,a5562d7b09c8bbeeade4336821b21b69107285dc6cd70389b2ad4dbf9d8dd130,682cac9509a7b65baf715e5aea285ff723c19bb51ed7e8c219527cd44c615dd1,a5562d7b09c8bbeeade4336821b21b69107285dc6cd70389b2ad4dbf9d8dd130,859a3e95a7be59c235dab59079f8d71445a281e3ca57da5f4ad68691bec3b52b,-0.28507779069922445,False
11,2,identity,none,identity,0.7,test,Oracle-Rank+Residual,0.7058239915123866,0.9877263600991442,0.7117915674784837,0.7709153543307087,0.9230769230769231,0.01615078123536326,0.2348934996491357,0.5234375,128,calibrated,oracle_rank,[0.2534611955624387],a7b6a7b5e94873c180b1d57754fc716642e2171b727474b55825b5ac16430179,identity,682cac9509a7b65baf715e5aea285ff723c19bb51ed7e8c219527cd44c615dd1,a5562d7b09c8bbeeade4336821b21b69107285dc6cd70389b2ad4dbf9d8dd130,682cac9509a7b65baf715e5aea285ff723c19bb51ed7e8c219527cd44c615dd1,a5562d7b09c8bbeeade4336821b21b69107285dc6cd70389b2ad4dbf9d8dd130,859a3e95a7be59c235dab59079f8d71445a281e3ca57da5f4ad68691bec3b52b,-0.5561243560801935,False
11,2,identity,none,identity,0.7,test,Oracle-Value+Residual,0.11191131835067546,0.9990512577407115,0.9097063266800953,0.8853346456692913,1.0,0.0,-3.3376319165637183,0.859375,128,calibrated,oracle_value,[0.26025067055528955],a7b6a7b5e94873c180b1d57754fc716642e2171b727474b55825b5ac16430179,identity,682cac9509a7b65baf715e5aea285ff723c19bb51ed7e8c219527cd44c615dd1,a5562d7b09c8bbeeade4336821b21b69107285dc6cd70389b2ad4dbf9d8dd130,682cac9509a7b65baf715e5aea285ff723c19bb51ed7e8c219527cd44c615dd1,a5562d7b09c8bbeeade4336821b21b69107285dc6cd70389b2ad4dbf9d8dd130,859a3e95a7be59c235dab59079f8d71445a281e3ca57da5f4ad68691bec3b52b,-1.1500370292419047,False
11,2,identity,none,identity,0.7,test,Oracle-Rank+Value+Residual,0.29144106078522336,0.9982343249425578,0.7992812671671855,0.8217273622047244,1.0,0.0,-0.4504343639126086,0.546875,128,calibrated,oracle_rank|oracle_value,"[0.10210893219693937, 0.1685725053071591]",a7b6a7b5e94873c180b1d57754fc716642e2171b727474b55825b5ac16430179,identity,682cac9509a7b65baf715e5aea285ff723c19bb51ed7e8c219527cd44c615dd1,a5562d7b09c8bbeeade4336821b21b69107285dc6cd70389b2ad4dbf9d8dd130,682cac9509a7b65baf715e5aea285ff723c19bb51ed7e8c219527cd44c615dd1,a5562d7b09c8bbeeade4336821b21b69107285dc6cd70389b2ad4dbf9d8dd130,859a3e95a7be59c235dab59079f8d71445a281e3ca57da5f4ad68691bec3b52b,-0.9705072868073568,False
11,2,identity,none,identity,1.0,test,Target-Only,0.9583178988702489,0.7224617751106824,0.6727705548434352,0.733636811023622,0.07692307692307693,0.2631510590594275,0.339096223035818,0.7109375,128,target_only,none,[],a7b6a7b5e94873c180b1d57754fc716642e2171b727474b55825b5ac16430179,identity,682cac9509a7b65baf715e5aea285ff723c19bb51ed7e8c219527cd44c615dd1,1d0d02144ea2ea3555cd97b7c66a0c460830c1dbacb3d178a35391789764ca60,682cac9509a7b65baf715e5aea285ff723c19bb51ed7e8c219527cd44c615dd1,1d0d02144ea2ea3555cd97b7c66a0c460830c1dbacb3d178a35391789764ca60,6182861a06a1269d0929f66b7d805dea0db4437a1654df9c43ef7db207e39d07,0.0,False
11,2,identity,none,identity,1.0,test,Geometry-Prior+Residual,0.65189490336793,0.9267605770216695,0.7771069859000183,0.7781742125984252,0.5384615384615384,0.04129632051517973,0.31952217291264223,0.46875,128,calibrated,geometry,[0.20096052647719906],a7b6a7b5e94873c180b1d57754fc716642e2171b727474b55825b5ac16430179,identity,682cac9509a7b65baf715e5aea285ff723c19bb51ed7e8c219527cd44c615dd1,1d0d02144ea2ea3555cd97b7c66a0c460830c1dbacb3d178a35391789764ca60,682cac9509a7b65baf715e5aea285ff723c19bb51ed7e8c219527cd44c615dd1,1d0d02144ea2ea3555cd97b7c66a0c460830c1dbacb3d178a35391789764ca60,6182861a06a1269d0929f66b7d805dea0db4437a1654df9c43ef7db207e39d07,-0.3064229955023189,False
11,2,identity,none,identity,1.0,test,Oracle-Rank+Residual,0.5780919245307784,0.9904578589275816,0.8249175975096136,0.8198818897637795,0.9230769230769231,0.010953409635649959,9.642605104215594,0.359375,128,calibrated,oracle_rank,[0.2534611955624387],a7b6a7b5e94873c180b1d57754fc716642e2171b727474b55825b5ac16430179,identity,682cac9509a7b65baf715e5aea285ff723c19bb51ed7e8c219527cd44c615dd1,1d0d02144ea2ea3555cd97b7c66a0c460830c1dbacb3d178a35391789764ca60,682cac9509a7b65baf715e5aea285ff723c19bb51ed7e8c219527cd44c615dd1,1d0d02144ea2ea3555cd97b7c66a0c460830c1dbacb3d178a35391789764ca60,6182861a06a1269d0929f66b7d805dea0db4437a1654df9c43ef7db207e39d07,-0.3802259743394705,False
11,2,identity,none,identity,1.0,test,Oracle-Value+Residual,0.07806364761019988,0.9995088633587323,0.9864150338765794,0.9609990157480315,1.0,0.0,-2.011117206996251,0.75,128,calibrated,oracle_value,[0.26025067055528955],a7b6a7b5e94873c180b1d57754fc716642e2171b727474b55825b5ac16430179,identity,682cac9509a7b65baf715e5aea285ff723c19bb51ed7e8c219527cd44c615dd1,1d0d02144ea2ea3555cd97b7c66a0c460830c1dbacb3d178a35391789764ca60,682cac9509a7b65baf715e5aea285ff723c19bb51ed7e8c219527cd44c615dd1,1d0d02144ea2ea3555cd97b7c66a0c460830c1dbacb3d178a35391789764ca60,6182861a06a1269d0929f66b7d805dea0db4437a1654df9c43ef7db207e39d07,-0.880254251260049,False
11,2,identity,none,identity,1.0,test,Oracle-Rank+Value+Residual,0.23389759147009764,0.9977348424135861,0.958569859000183,0.921382874015748,1.0,0.010953409635649959,9.02616683027098,0.25,128,calibrated,oracle_rank|oracle_value,"[0.10210893219693937, 0.1685725053071591]",a7b6a7b5e94873c180b1d57754fc716642e2171b727474b55825b5ac16430179,identity,682cac9509a7b65baf715e5aea285ff723c19bb51ed7e8c219527cd44c615dd1,1d0d02144ea2ea3555cd97b7c66a0c460830c1dbacb3d178a35391789764ca60,682cac9509a7b65baf715e5aea285ff723c19bb51ed7e8c219527cd44c615dd1,1d0d02144ea2ea3555cd97b7c66a0c460830c1dbacb3d178a35391789764ca60,6182861a06a1269d0929f66b7d805dea0db4437a1654df9c43ef7db207e39d07,-0.7244203074001512,False
11,2,identity,identity_label_permutation,identity_label_permutation,0.35,test,Target-Only,0.5840298250022368,0.9279942052699574,0.8963502563633032,0.859375,0.46153846153846156,0.008472665198335097,-2.2203579716664863,1.0,128,target_only,none,[],b685a47e2b084314defbbb0fcd1a00aa4e2c47ee4d3343b2d6064f9d310e948b,identity,682cac9509a7b65baf715e5aea285ff723c19bb51ed7e8c219527cd44c615dd1,a6ce4f7ce317c872feacba9db9212f33068858423372698129528317559e2d1d,682cac9509a7b65baf715e5aea285ff723c19bb51ed7e8c219527cd44c615dd1,a6ce4f7ce317c872feacba9db9212f33068858423372698129528317559e2d1d,1946cd5a4b2aac227647192282144c67350fb74f45b3710b1a58e267f515bda0,0.0,False
11,2,identity,identity_label_permutation,identity_label_permutation,0.35,test,Geometry-Prior+Residual,0.650495393599426,0.8912542441581371,0.9038809284013917,0.8644192913385826,0.46153846153846156,0.06048269965976218,-2.089344002813716,0.78125,128,calibrated,geometry,[0.20096052647719906],b685a47e2b084314defbbb0fcd1a00aa4e2c47ee4d3343b2d6064f9d310e948b,identity,682cac9509a7b65baf715e5aea285ff723c19bb51ed7e8c219527cd44c615dd1,a6ce4f7ce317c872feacba9db9212f33068858423372698129528317559e2d1d,682cac9509a7b65baf715e5aea285ff723c19bb51ed7e8c219527cd44c615dd1,a6ce4f7ce317c872feacba9db9212f33068858423372698129528317559e2d1d,1946cd5a4b2aac227647192282144c67350fb74f45b3710b1a58e267f515bda0,0.06646556859718922,True
11,2,identity,identity_label_permutation,identity_label_permutation,0.35,test,Oracle-Rank+Residual,0.7261754018866058,0.938530198971288,0.8522077000549351,0.8330462598425197,0.46153846153846156,0.0,-2.0362890316948046,1.0,128,calibrated,oracle_rank,[0.013704204060023522],b685a47e2b084314defbbb0fcd1a00aa4e2c47ee4d3343b2d6064f9d310e948b,identity,682cac9509a7b65baf715e5aea285ff723c19bb51ed7e8c219527cd44c615dd1,a6ce4f7ce317c872feacba9db9212f33068858423372698129528317559e2d1d,682cac9509a7b65baf715e5aea285ff723c19bb51ed7e8c219527cd44c615dd1,a6ce4f7ce317c872feacba9db9212f33068858423372698129528317559e2d1d,1946cd5a4b2aac227647192282144c67350fb74f45b3710b1a58e267f515bda0,0.14214557688436902,True
11,2,identity,identity_label_permutation,identity_label_permutation,0.35,test,Oracle-Value+Residual,0.5840298250022368,0.9279942052699574,0.8963502563633032,0.859375,0.46153846153846156,0.008472665198335097,-2.2203579716664863,1.0,128,target_only,oracle_value,[5.174398801817354e-17],b685a47e2b084314defbbb0fcd1a00aa4e2c47ee4d3343b2d6064f9d310e948b,identity,682cac9509a7b65baf715e5aea285ff723c19bb51ed7e8c219527cd44c615dd1,a6ce4f7ce317c872feacba9db9212f33068858423372698129528317559e2d1d,682cac9509a7b65baf715e5aea285ff723c19bb51ed7e8c219527cd44c615dd1,a6ce4f7ce317c872feacba9db9212f33068858423372698129528317559e2d1d,1946cd5a4b2aac227647192282144c67350fb74f45b3710b1a58e267f515bda0,0.0,False
11,2,identity,identity_label_permutation,identity_label_permutation,0.35,test,Oracle-Rank+Value+Residual,0.7261754014989288,0.938530198971288,0.8522077000549351,0.8330462598425197,0.46153846153846156,0.0,-2.0362890324233454,1.0,128,calibrated,oracle_rank|oracle_value,"[0.013704203960698082, 1.1407256415530296e-10]",b685a47e2b084314defbbb0fcd1a00aa4e2c47ee4d3343b2d6064f9d310e948b,identity,682cac9509a7b65baf715e5aea285ff723c19bb51ed7e8c219527cd44c615dd1,a6ce4f7ce317c872feacba9db9212f33068858423372698129528317559e2d1d,682cac9509a7b65baf715e5aea285ff723c19bb51ed7e8c219527cd44c615dd1,a6ce4f7ce317c872feacba9db9212f33068858423372698129528317559e2d1d,1946cd5a4b2aac227647192282144c67350fb74f45b3710b1a58e267f515bda0,0.14214557649669202,True
11,2,identity,identity_label_permutation,identity_label_permutation,0.7,test,Target-Only,1.2619483475925801,0.8611096820359903,0.7520371726789965,0.7662401574803149,0.38461538461538464,0.14589374374637054,-0.9648859941995994,0.9140625,128,target_only,none,[],b685a47e2b084314defbbb0fcd1a00aa4e2c47ee4d3343b2d6064f9d310e948b,identity,682cac9509a7b65baf715e5aea285ff723c19bb51ed7e8c219527cd44c615dd1,a5562d7b09c8bbeeade4336821b21b69107285dc6cd70389b2ad4dbf9d8dd130,682cac9509a7b65baf715e5aea285ff723c19bb51ed7e8c219527cd44c615dd1,a5562d7b09c8bbeeade4336821b21b69107285dc6cd70389b2ad4dbf9d8dd130,859a3e95a7be59c235dab59079f8d71445a281e3ca57da5f4ad68691bec3b52b,0.0,False
11,2,identity,identity_label_permutation,identity_label_permutation,0.7,test,Geometry-Prior+Residual,0.9768705568933557,0.9246168611975488,0.8035158395898188,0.7952755905511811,0.5384615384615384,0.0622331979600484,-0.7727004225681922,0.7265625,128,calibrated,geometry,[0.20096052647719906],b685a47e2b084314defbbb0fcd1a00aa4e2c47ee4d3343b2d6064f9d310e948b,identity,682cac9509a7b65baf715e5aea285ff723c19bb51ed7e8c219527cd44c615dd1,a5562d7b09c8bbeeade4336821b21b69107285dc6cd70389b2ad4dbf9d8dd130,682cac9509a7b65baf715e5aea285ff723c19bb51ed7e8c219527cd44c615dd1,a5562d7b09c8bbeeade4336821b21b69107285dc6cd70389b2ad4dbf9d8dd130,859a3e95a7be59c235dab59079f8d71445a281e3ca57da5f4ad68691bec3b52b,-0.28507779069922445,False
11,2,identity,identity_label_permutation,identity_label_permutation,0.7,test,Oracle-Rank+Residual,1.3571401283781348,0.9261396607375121,0.7592588353781359,0.7736220472440944,0.5384615384615384,0.0622331979600484,-0.8197895936111097,0.828125,128,calibrated,oracle_rank,[0.013704204060023522],b685a47e2b084314defbbb0fcd1a00aa4e2c47ee4d3343b2d6064f9d310e948b,identity,682cac9509a7b65baf715e5aea285ff723c19bb51ed7e8c219527cd44c615dd1,a5562d7b09c8bbeeade4336821b21b69107285dc6cd70389b2ad4dbf9d8dd130,682cac9509a7b65baf715e5aea285ff723c19bb51ed7e8c219527cd44c615dd1,a5562d7b09c8bbeeade4336821b21b69107285dc6cd70389b2ad4dbf9d8dd130,859a3e95a7be59c235dab59079f8d71445a281e3ca57da5f4ad68691bec3b52b,0.09519178078555468,True
11,2,identity,identity_label_permutation,identity_label_permutation,0.7,test,Oracle-Value+Residual,1.2619483475925801,0.8611096820359903,0.7520371726789965,0.7662401574803149,0.38461538461538464,0.14589374374637054,-0.9648859941995994,0.9140625,128,target_only,oracle_value,[5.174398801817354e-17],b685a47e2b084314defbbb0fcd1a00aa4e2c47ee4d3343b2d6064f9d310e948b,identity,682cac9509a7b65baf715e5aea285ff723c19bb51ed7e8c219527cd44c615dd1,a5562d7b09c8bbeeade4336821b21b69107285dc6cd70389b2ad4dbf9d8dd130,682cac9509a7b65baf715e5aea285ff723c19bb51ed7e8c219527cd44c615dd1,a5562d7b09c8bbeeade4336821b21b69107285dc6cd70389b2ad4dbf9d8dd130,859a3e95a7be59c235dab59079f8d71445a281e3ca57da5f4ad68691bec3b52b,0.0,False
11,2,identity,identity_label_permutation,identity_label_permutation,0.7,test,Oracle-Rank+Value+Residual,1.3571401282010667,0.9261396607375121,0.7592588353781359,0.7736220472440944,0.5384615384615384,0.0622331979600484,-0.8197895935799694,0.828125,128,calibrated,oracle_rank|oracle_value,"[0.013704203960698082, 1.1407256415530296e-10]",b685a47e2b084314defbbb0fcd1a00aa4e2c47ee4d3343b2d6064f9d310e948b,identity,682cac9509a7b65baf715e5aea285ff723c19bb51ed7e8c219527cd44c615dd1,a5562d7b09c8bbeeade4336821b21b69107285dc6cd70389b2ad4dbf9d8dd130,682cac9509a7b65baf715e5aea285ff723c19bb51ed7e8c219527cd44c615dd1,a5562d7b09c8bbeeade4336821b21b69107285dc6cd70389b2ad4dbf9d8dd130,859a3e95a7be59c235dab59079f8d71445a281e3ca57da5f4ad68691bec3b52b,0.09519178060848654,True
11,2,identity,identity_label_permutation,identity_label_permutation,1.0,test,Target-Only,0.9583178988702489,0.7224617751106824,0.6727705548434352,0.733636811023622,0.07692307692307693,0.2631510590594275,0.339096223035818,0.7109375,128,target_only,none,[],b685a47e2b084314defbbb0fcd1a00aa4e2c47ee4d3343b2d6064f9d310e948b,identity,682cac9509a7b65baf715e5aea285ff723c19bb51ed7e8c219527cd44c615dd1,1d0d02144ea2ea3555cd97b7c66a0c460830c1dbacb3d178a35391789764ca60,682cac9509a7b65baf715e5aea285ff723c19bb51ed7e8c219527cd44c615dd1,1d0d02144ea2ea3555cd97b7c66a0c460830c1dbacb3d178a35391789764ca60,6182861a06a1269d0929f66b7d805dea0db4437a1654df9c43ef7db207e39d07,0.0,False
11,2,identity,identity_label_permutation,identity_label_permutation,1.0,test,Geometry-Prior+Residual,0.65189490336793,0.9267605770216695,0.7771069859000183,0.7781742125984252,0.5384615384615384,0.04129632051517973,0.31952217291264223,0.46875,128,calibrated,geometry,[0.20096052647719906],b685a47e2b084314defbbb0fcd1a00aa4e2c47ee4d3343b2d6064f9d310e948b,identity,682cac9509a7b65baf715e5aea285ff723c19bb51ed7e8c219527cd44c615dd1,1d0d02144ea2ea3555cd97b7c66a0c460830c1dbacb3d178a35391789764ca60,682cac9509a7b65baf715e5aea285ff723c19bb51ed7e8c219527cd44c615dd1,1d0d02144ea2ea3555cd97b7c66a0c460830c1dbacb3d178a35391789764ca60,6182861a06a1269d0929f66b7d805dea0db4437a1654df9c43ef7db207e39d07,-0.3064229955023189,False
11,2,identity,identity_label_permutation,identity_label_permutation,1.0,test,Oracle-Rank+Residual,0.9608044654714113,0.6329060147477642,0.6460526918146859,0.7198572834645669,0.0,0.30933643462659727,0.30148467165112225,0.7109375,128,calibrated,oracle_rank,[0.013704204060023522],b685a47e2b084314defbbb0fcd1a00aa4e2c47ee4d3343b2d6064f9d310e948b,identity,682cac9509a7b65baf715e5aea285ff723c19bb51ed7e8c219527cd44c615dd1,1d0d02144ea2ea3555cd97b7c66a0c460830c1dbacb3d178a35391789764ca60,682cac9509a7b65baf715e5aea285ff723c19bb51ed7e8c219527cd44c615dd1,1d0d02144ea2ea3555cd97b7c66a0c460830c1dbacb3d178a35391789764ca60,6182861a06a1269d0929f66b7d805dea0db4437a1654df9c43ef7db207e39d07,0.002486566601162421,False
11,2,identity,identity_label_permutation,identity_label_permutation,1.0,test,Oracle-Value+Residual,0.9583178988702489,0.7224617751106824,0.6727705548434352,0.733636811023622,0.07692307692307693,0.2631510590594275,0.339096223035818,0.7109375,128,target_only,oracle_value,[5.174398801817354e-17],b685a47e2b084314defbbb0fcd1a00aa4e2c47ee4d3343b2d6064f9d310e948b,identity,682cac9509a7b65baf715e5aea285ff723c19bb51ed7e8c219527cd44c615dd1,1d0d02144ea2ea3555cd97b7c66a0c460830c1dbacb3d178a35391789764ca60,682cac9509a7b65baf715e5aea285ff723c19bb51ed7e8c219527cd44c615dd1,1d0d02144ea2ea3555cd97b7c66a0c460830c1dbacb3d178a35391789764ca60,6182861a06a1269d0929f66b7d805dea0db4437a1654df9c43ef7db207e39d07,0.0,False
11,2,identity,identity_label_permutation,identity_label_permutation,1.0,test,Oracle-Rank+Value+Residual,0.9608044654654638,0.6329060147477642,0.6460526918146859,0.7198572834645669,0.0,0.30933643462659727,0.30148467140046425,0.7109375,128,calibrated,oracle_rank|oracle_value,"[0.013704203960698082, 1.1407256415530296e-10]",b685a47e2b084314defbbb0fcd1a00aa4e2c47ee4d3343b2d6064f9d310e948b,identity,682cac9509a7b65baf715e5aea285ff723c19bb51ed7e8c219527cd44c615dd1,1d0d02144ea2ea3555cd97b7c66a0c460830c1dbacb3d178a35391789764ca60,682cac9509a7b65baf715e5aea285ff723c19bb51ed7e8c219527cd44c615dd1,1d0d02144ea2ea3555cd97b7c66a0c460830c1dbacb3d178a35391789764ca60,6182861a06a1269d0929f66b7d805dea0db4437a1654df9c43ef7db207e39d07,0.0024865665952149563,False
11,2,output_affine,none,output_affine,0.35,test,Target-Only,0.5840298250022367,0.9279942052699574,0.8963502563633032,0.859375,0.46153846153846156,0.008472665198335037,-1.3040672397923312,1.0,128,target_only,none,[],a7b6a7b5e94873c180b1d57754fc716642e2171b727474b55825b5ac16430179,output_affine,682cac9509a7b65baf715e5aea285ff723c19bb51ed7e8c219527cd44c615dd1,a6ce4f7ce317c872feacba9db9212f33068858423372698129528317559e2d1d,682cac9509a7b65baf715e5aea285ff723c19bb51ed7e8c219527cd44c615dd1,a6ce4f7ce317c872feacba9db9212f33068858423372698129528317559e2d1d,e60ac35d21bbad22518f13269f0133792b7594b2ff4a200a6d00e3a12a4aae94,0.0,False
11,2,output_affine,none,output_affine,0.35,test,Geometry-Prior+Residual,0.6504953935994265,0.8912542441581371,0.9038809284013917,0.8644192913385826,0.46153846153846156,0.060482699659763155,-1.1730532709395565,0.78125,128,calibrated,geometry,[0.5024013161929973],a7b6a7b5e94873c180b1d57754fc716642e2171b727474b55825b5ac16430179,output_affine,682cac9509a7b65baf715e5aea285ff723c19bb51ed7e8c219527cd44c615dd1,a6ce4f7ce317c872feacba9db9212f33068858423372698129528317559e2d1d,682cac9509a7b65baf715e5aea285ff723c19bb51ed7e8c219527cd44c615dd1,a6ce4f7ce317c872feacba9db9212f33068858423372698129528317559e2d1d,e60ac35d21bbad22518f13269f0133792b7594b2ff4a200a6d00e3a12a4aae94,0.06646556859718988,True
11,2,output_affine,none,output_affine,0.35,test,Oracle-Rank+Residual,0.4547905263100257,0.9453200275628969,0.8661760666544588,0.8454724409448819,0.5384615384615384,0.009876674241226374,0.6646541059853573,0.3359375,128,calibrated,oracle_rank,[0.6336529889060963],a7b6a7b5e94873c180b1d57754fc716642e2171b727474b55825b5ac16430179,output_affine,682cac9509a7b65baf715e5aea285ff723c19bb51ed7e8c219527cd44c615dd1,a6ce4f7ce317c872feacba9db9212f33068858423372698129528317559e2d1d,682cac9509a7b65baf715e5aea285ff723c19bb51ed7e8c219527cd44c615dd1,a6ce4f7ce317c872feacba9db9212f33068858423372698129528317559e2d1d,e60ac35d21bbad22518f13269f0133792b7594b2ff4a200a6d00e3a12a4aae94,-0.12923929869221096,False
11,2,output_affine,none,output_affine,0.35,test,Oracle-Value+Residual,0.06677008225719022,0.996255229029005,0.9560062259659402,0.9357775590551181,0.9230769230769231,0.0,-3.540176594498785,1.0,128,calibrated,oracle_value,[0.6506266763882236],a7b6a7b5e94873c180b1d57754fc716642e2171b727474b55825b5ac16430179,output_affine,682cac9509a7b65baf715e5aea285ff723c19bb51ed7e8c219527cd44c615dd1,a6ce4f7ce317c872feacba9db9212f33068858423372698129528317559e2d1d,682cac9509a7b65baf715e5aea285ff723c19bb51ed7e8c219527cd44c615dd1,a6ce4f7ce317c872feacba9db9212f33068858423372698129528317559e2d1d,e60ac35d21bbad22518f13269f0133792b7594b2ff4a200a6d00e3a12a4aae94,-0.5172597427450465,False
11,2,output_affine,none,output_affine,0.35,test,Oracle-Rank+Value+Residual,0.1929032770841267,0.9874307741905016,0.9206647134224502,0.8973917322834646,0.8461538461538461,0.0,0.21083415476884876,0.40625,128,calibrated,oracle_rank|oracle_value,"[0.255272330492348, 0.4214312632678978]",a7b6a7b5e94873c180b1d57754fc716642e2171b727474b55825b5ac16430179,output_affine,682cac9509a7b65baf715e5aea285ff723c19bb51ed7e8c219527cd44c615dd1,a6ce4f7ce317c872feacba9db9212f33068858423372698129528317559e2d1d,682cac9509a7b65baf715e5aea285ff723c19bb51ed7e8c219527cd44c615dd1,a6ce4f7ce317c872feacba9db9212f33068858423372698129528317559e2d1d,e60ac35d21bbad22518f13269f0133792b7594b2ff4a200a6d00e3a12a4aae94,-0.39112654791810997,False
11,2,output_affine,none,output_affine,0.7,test,Target-Only,1.261948347592579,0.8611096820359903,0.7520371726789965,0.7662401574803149,0.38461538461538464,0.14589374374637074,-0.04859526232544587,0.9140625,128,target_only,none,[],a7b6a7b5e94873c180b1d57754fc716642e2171b727474b55825b5ac16430179,output_affine,682cac9509a7b65baf715e5aea285ff723c19bb51ed7e8c219527cd44c615dd1,a5562d7b09c8bbeeade4336821b21b69107285dc6cd70389b2ad4dbf9d8dd130,682cac9509a7b65baf715e5aea285ff723c19bb51ed7e8c219527cd44c615dd1,a5562d7b09c8bbeeade4336821b21b69107285dc6cd70389b2ad4dbf9d8dd130,097fd7e0351a49995d22d7d35626c05f95ea410819c6fc01a677d7aa055856e1,0.0,False
11,2,output_affine,none,output_affine,0.7,test,Geometry-Prior+Residual,0.9768705568933546,0.9246168611975488,0.8035158395898188,0.7952755905511811,0.5384615384615384,0.062233197960049474,0.14359030930596045,0.7265625,128,calibrated,geometry,[0.5024013161929973],a7b6a7b5e94873c180b1d57754fc716642e2171b727474b55825b5ac16430179,output_affine,682cac9509a7b65baf715e5aea285ff723c19bb51ed7e8c219527cd44c615dd1,a5562d7b09c8bbeeade4336821b21b69107285dc6cd70389b2ad4dbf9d8dd130,682cac9509a7b65baf715e5aea285ff723c19bb51ed7e8c219527cd44c615dd1,a5562d7b09c8bbeeade4336821b21b69107285dc6cd70389b2ad4dbf9d8dd130,097fd7e0351a49995d22d7d35626c05f95ea410819c6fc01a677d7aa055856e1,-0.28507779069922445,False
11,2,output_affine,none,output_affine,0.7,test,Oracle-Rank+Residual,0.7058239915123856,0.9877263600991442,0.7117915674784837,0.7709153543307087,0.9230769230769231,0.01615078123536417,1.1511842315232805,0.5234375,128,calibrated,oracle_rank,[0.6336529889060963],a7b6a7b5e94873c180b1d57754fc716642e2171b727474b55825b5ac16430179,output_affine,682cac9509a7b65baf715e5aea285ff723c19bb51ed7e8c219527cd44c615dd1,a5562d7b09c8bbeeade4336821b21b69107285dc6cd70389b2ad4dbf9d8dd130,682cac9509a7b65baf715e5aea285ff723c19bb51ed7e8c219527cd44c615dd1,a5562d7b09c8bbeeade4336821b21b69107285dc6cd70389b2ad4dbf9d8dd130,097fd7e0351a49995d22d7d35626c05f95ea410819c6fc01a677d7aa055856e1,-0.5561243560801934,False
11,2,output_affine,none,output_affine,0.7,test,Oracle-Value+Residual,0.11191131835067432,0.9990512577407115,0.9097063266800953,0.8853346456692913,1.0,0.0,-2.421341184689589,0.859375,128,calibrated,oracle_value,[0.6506266763882236],a7b6a7b5e94873c180b1d57754fc716642e2171b727474b55825b5ac16430179,output_affine,682cac9509a7b65baf715e5aea285ff723c19bb51ed7e8c219527cd44c615dd1,a5562d7b09c8bbeeade4336821b21b69107285dc6cd70389b2ad4dbf9d8dd130,682cac9509a7b65baf715e5aea285ff723c19bb51ed7e8c219527cd44c615dd1,a5562d7b09c8bbeeade4336821b21b69107285dc6cd70389b2ad4dbf9d8dd130,097fd7e0351a49995d22d7d35626c05f95ea410819c6fc01a677d7aa055856e1,-1.1500370292419047,False
11,2,output_affine,none,output_affine,0.7,test,Oracle-Rank+Value+Residual,0.2914410607852217,0.9982343249425578,0.7992812671671855,0.8217273622047244,1.0,0.0,0.465856367961499,0.546875,128,calibrated,oracle_rank|oracle_value,"[0.255272330492348, 0.4214312632678978]",a7b6a7b5e94873c180b1d57754fc716642e2171b727474b55825b5ac16430179,output_affine,682cac9509a7b65baf715e5aea285ff723c19bb51ed7e8c219527cd44c615dd1,a5562d7b09c8bbeeade4336821b21b69107285dc6cd70389b2ad4dbf9d8dd130,682cac9509a7b65baf715e5aea285ff723c19bb51ed7e8c219527cd44c615dd1,a5562d7b09c8bbeeade4336821b21b69107285dc6cd70389b2ad4dbf9d8dd130,097fd7e0351a49995d22d7d35626c05f95ea410819c6fc01a677d7aa055856e1,-0.9705072868073573,False
11,2,output_affine,none,output_affine,1.0,test,Target-Only,0.958317898870249,0.7224617751106824,0.6727705548434352,0.733636811023622,0.07692307692307693,0.26315105905942726,1.2553869549099745,0.7109375,128,target_only,none,[],a7b6a7b5e94873c180b1d57754fc716642e2171b727474b55825b5ac16430179,output_affine,682cac9509a7b65baf715e5aea285ff723c19bb51ed7e8c219527cd44c615dd1,1d0d02144ea2ea3555cd97b7c66a0c460830c1dbacb3d178a35391789764ca60,682cac9509a7b65baf715e5aea285ff723c19bb51ed7e8c219527cd44c615dd1,1d0d02144ea2ea3555cd97b7c66a0c460830c1dbacb3d178a35391789764ca60,74f178ae87630cf89eb7f3b51c4390523ea380cf84390709949b349ec4958c95,0.0,False
11,2,output_affine,none,output_affine,1.0,test,Geometry-Prior+Residual,0.6518949033679302,0.9267605770216695,0.7771069859000183,0.7781742125984252,0.5384615384615384,0.04129632051517948,1.2358129047868003,0.46875,128,calibrated,geometry,[0.5024013161929973],a7b6a7b5e94873c180b1d57754fc716642e2171b727474b55825b5ac16430179,output_affine,682cac9509a7b65baf715e5aea285ff723c19bb51ed7e8c219527cd44c615dd1,1d0d02144ea2ea3555cd97b7c66a0c460830c1dbacb3d178a35391789764ca60,682cac9509a7b65baf715e5aea285ff723c19bb51ed7e8c219527cd44c615dd1,1d0d02144ea2ea3555cd97b7c66a0c460830c1dbacb3d178a35391789764ca60,74f178ae87630cf89eb7f3b51c4390523ea380cf84390709949b349ec4958c95,-0.3064229955023188,False
11,2,output_affine,none,output_affine,1.0,test,Oracle-Rank+Residual,0.5780919245307786,0.9904578589275816,0.8249175975096136,0.8198818897637795,0.9230769230769231,0.010953409635649931,10.558895836089757,0.359375,128,calibrated,oracle_rank,[0.6336529889060963],a7b6a7b5e94873c180b1d57754fc716642e2171b727474b55825b5ac16430179,output_affine,682cac9509a7b65baf715e5aea285ff723c19bb51ed7e8c219527cd44c615dd1,1d0d02144ea2ea3555cd97b7c66a0c460830c1dbacb3d178a35391789764ca60,682cac9509a7b65baf715e5aea285ff723c19bb51ed7e8c219527cd44c615dd1,1d0d02144ea2ea3555cd97b7c66a0c460830c1dbacb3d178a35391789764ca60,74f178ae87630cf89eb7f3b51c4390523ea380cf84390709949b349ec4958c95,-0.38022597433947036,False
11,2,output_affine,none,output_affine,1.0,test,Oracle-Value+Residual,0.07806364761020004,0.9995088633587323,0.9864150338765794,0.9609990157480315,1.0,0.0,-1.0948264751220922,0.75,128,calibrated,oracle_value,[0.6506266763882236],a7b6a7b5e94873c180b1d57754fc716642e2171b727474b55825b5ac16430179,output_affine,682cac9509a7b65baf715e5aea285ff723c19bb51ed7e8c219527cd44c615dd1,1d0d02144ea2ea3555cd97b7c66a0c460830c1dbacb3d178a35391789764ca60,682cac9509a7b65baf715e5aea285ff723c19bb51ed7e8c219527cd44c615dd1,1d0d02144ea2ea3555cd97b7c66a0c460830c1dbacb3d178a35391789764ca60,74f178ae87630cf89eb7f3b51c4390523ea380cf84390709949b349ec4958c95,-0.880254251260049,False
11,2,output_affine,none,output_affine,1.0,test,Oracle-Rank+Value+Residual,0.2338975914700978,0.9977348424135861,0.958569859000183,0.921382874015748,1.0,0.010953409635649931,9.942457562145165,0.25,128,calibrated,oracle_rank|oracle_value,"[0.255272330492348, 0.4214312632678978]",a7b6a7b5e94873c180b1d57754fc716642e2171b727474b55825b5ac16430179,output_affine,682cac9509a7b65baf715e5aea285ff723c19bb51ed7e8c219527cd44c615dd1,1d0d02144ea2ea3555cd97b7c66a0c460830c1dbacb3d178a35391789764ca60,682cac9509a7b65baf715e5aea285ff723c19bb51ed7e8c219527cd44c615dd1,1d0d02144ea2ea3555cd97b7c66a0c460830c1dbacb3d178a35391789764ca60,74f178ae87630cf89eb7f3b51c4390523ea380cf84390709949b349ec4958c95,-0.7244203074001512,False
11,2,scale_0.7,none,scale_0.7,0.35,test,Target-Only,0.5137353189088805,0.9266419171601803,0.8896951107855703,0.8515009842519685,0.46153846153846156,0.00533476772820616,-2.7997543970493206,1.0,128,target_only,none,[],a7b6a7b5e94873c180b1d57754fc716642e2171b727474b55825b5ac16430179,scale_0.7,61ca04b638e5bf851a37c23d4c280e94b215154f074cbbad5fb7b0753345663d,a1953fb01fce8d17a3850ad03580106ce3eeb884f3dbbd45d74794f13845d79d,682cac9509a7b65baf715e5aea285ff723c19bb51ed7e8c219527cd44c615dd1,a6ce4f7ce317c872feacba9db9212f33068858423372698129528317559e2d1d,b9e07371a26a712a8e7ac37d4d46bea6a0f3acd689ec747ea2965f71c240c824,0.0,False
11,2,scale_0.7,none,scale_0.7,0.35,test,Geometry-Prior+Residual,0.5600579291440989,0.9023107464757142,0.8851000274674968,0.8469488188976378,0.46153846153846156,0.018366032358917986,-2.334371052407474,0.71875,128,calibrated,geometry,[0.10446160758686872],a7b6a7b5e94873c180b1d57754fc716642e2171b727474b55825b5ac16430179,scale_0.7,61ca04b638e5bf851a37c23d4c280e94b215154f074cbbad5fb7b0753345663d,a1953fb01fce8d17a3850ad03580106ce3eeb884f3dbbd45d74794f13845d79d,682cac9509a7b65baf715e5aea285ff723c19bb51ed7e8c219527cd44c615dd1,a6ce4f7ce317c872feacba9db9212f33068858423372698129528317559e2d1d,b9e07371a26a712a8e7ac37d4d46bea6a0f3acd689ec747ea2965f71c240c824,0.04632261023521844,True
11,2,scale_0.7,none,scale_0.7,0.35,test,Oracle-Rank+Residual,0.376150855519157,0.9513268842396312,0.9552222578282366,0.9143700787401575,0.5384615384615384,0.0,10.108658270479172,0.2734375,128,calibrated,oracle_rank,[0.12828054002855857],a7b6a7b5e94873c180b1d57754fc716642e2171b727474b55825b5ac16430179,scale_0.7,61ca04b638e5bf851a37c23d4c280e94b215154f074cbbad5fb7b0753345663d,a1953fb01fce8d17a3850ad03580106ce3eeb884f3dbbd45d74794f13845d79d,682cac9509a7b65baf715e5aea285ff723c19bb51ed7e8c219527cd44c615dd1,a6ce4f7ce317c872feacba9db9212f33068858423372698129528317559e2d1d,b9e07371a26a712a8e7ac37d4d46bea6a0f3acd689ec747ea2965f71c240c824,-0.13758446338972347,False
11,2,scale_0.7,none,scale_0.7,0.35,test,Oracle-Value+Residual,0.04428651314931392,0.9949783697413306,0.9981917231276323,0.9874507874015748,0.9230769230769231,0.0,-5.320831823010976,1.0,128,calibrated,oracle_value,[0.12926189451168926],a7b6a7b5e94873c180b1d57754fc716642e2171b727474b55825b5ac16430179,scale_0.7,61ca04b638e5bf851a37c23d4c280e94b215154f074cbbad5fb7b0753345663d,a1953fb01fce8d17a3850ad03580106ce3eeb884f3dbbd45d74794f13845d79d,682cac9509a7b65baf715e5aea285ff723c19bb51ed7e8c219527cd44c615dd1,a6ce4f7ce317c872feacba9db9212f33068858423372698129528317559e2d1d,b9e07371a26a712a8e7ac37d4d46bea6a0f3acd689ec747ea2965f71c240c824,-0.46944880575956655,False
11,2,scale_0.7,none,scale_0.7,0.35,test,Oracle-Rank+Value+Residual,0.1818137365882118,0.9888663629846273,0.984520921076726,0.9569389763779528,0.8461538461538461,0.0,9.573542753197719,0.265625,128,calibrated,oracle_rank|oracle_value,"[0.06139067947885221, 0.07304197298375872]",a7b6a7b5e94873c180b1d57754fc716642e2171b727474b55825b5ac16430179,scale_0.7,61ca04b638e5bf851a37c23d4c280e94b215154f074cbbad5fb7b0753345663d,a1953fb01fce8d17a3850ad03580106ce3eeb884f3dbbd45d74794f13845d79d,682cac9509a7b65baf715e5aea285ff723c19bb51ed7e8c219527cd44c615dd1,a6ce4f7ce317c872feacba9db9212f33068858423372698129528317559e2d1d,b9e07371a26a712a8e7ac37d4d46bea6a0f3acd689ec747ea2965f71c240c824,-0.3319215823206687,False
11,2,scale_0.7,none,scale_0.7,0.7,test,Target-Only,0.8771896914764148,0.8443646651016637,0.6258640816700238,0.7242864173228346,0.38461538461538464,0.1968507551078713,-1.863154250491648,0.90625,128,target_only,none,[],a7b6a7b5e94873c180b1d57754fc716642e2171b727474b55825b5ac16430179,scale_0.7,61ca04b638e5bf851a37c23d4c280e94b215154f074cbbad5fb7b0753345663d,a07b9bab25036b89a35ce06480a67a5002d685e14f094ef4f0c3d13318fb2faf,682cac9509a7b65baf715e5aea285ff723c19bb51ed7e8c219527cd44c615dd1,a5562d7b09c8bbeeade4336821b21b69107285dc6cd70389b2ad4dbf9d8dd130,6ca0aa72e4f79f26948ec326b7232ee799d682474ebc7e8dbcf237d7bf0a91d6,0.0,False
11,2,scale_0.7,none,scale_0.7,0.7,test,Geometry-Prior+Residual,0.8400421673061026,0.902286992248779,0.6149400292986632,0.7105068897637795,0.5384615384615384,0.09094347894173621,-1.1193074566502033,0.6015625,128,calibrated,geometry,[0.10446160758686872],a7b6a7b5e94873c180b1d57754fc716642e2171b727474b55825b5ac16430179,scale_0.7,61ca04b638e5bf851a37c23d4c280e94b215154f074cbbad5fb7b0753345663d,a07b9bab25036b89a35ce06480a67a5002d685e14f094ef4f0c3d13318fb2faf,682cac9509a7b65baf715e5aea285ff723c19bb51ed7e8c219527cd44c615dd1,a5562d7b09c8bbeeade4336821b21b69107285dc6cd70389b2ad4dbf9d8dd130,6ca0aa72e4f79f26948ec326b7232ee799d682474ebc7e8dbcf237d7bf0a91d6,-0.037147524170312196,False
11,2,scale_0.7,none,scale_0.7,0.7,test,Oracle-Rank+Residual,0.23973282565859164,0.999362349272873,0.891526277238601,0.8791830708661418,1.0,0.0,-0.6226437384509512,0.6171875,128,calibrated,oracle_rank,[0.12828054002855857],a7b6a7b5e94873c180b1d57754fc716642e2171b727474b55825b5ac16430179,scale_0.7,61ca04b638e5bf851a37c23d4c280e94b215154f074cbbad5fb7b0753345663d,a07b9bab25036b89a35ce06480a67a5002d685e14f094ef4f0c3d13318fb2faf,682cac9509a7b65baf715e5aea285ff723c19bb51ed7e8c219527cd44c615dd1,a5562d7b09c8bbeeade4336821b21b69107285dc6cd70389b2ad4dbf9d8dd130,6ca0aa72e4f79f26948ec326b7232ee799d682474ebc7e8dbcf237d7bf0a91d6,-0.6374568658178231,False
11,2,scale_0.7,none,scale_0.7,0.7,test,Oracle-Value+Residual,0.07753019207858487,0.9997375338283759,0.9831475462369529,0.9570620078740157,1.0,0.0,-4.2596209823956555,0.8359375,128,calibrated,oracle_value,[0.12926189451168926],a7b6a7b5e94873c180b1d57754fc716642e2171b727474b55825b5ac16430179,scale_0.7,61ca04b638e5bf851a37c23d4c280e94b215154f074cbbad5fb7b0753345663d,a07b9bab25036b89a35ce06480a67a5002d685e14f094ef4f0c3d13318fb2faf,682cac9509a7b65baf715e5aea285ff723c19bb51ed7e8c219527cd44c615dd1,a5562d7b09c8bbeeade4336821b21b69107285dc6cd70389b2ad4dbf9d8dd130,6ca0aa72e4f79f26948ec326b7232ee799d682474ebc7e8dbcf237d7bf0a91d6,-0.7996594993978299,False
11,2,scale_0.7,none,scale_0.7,0.7,test,Oracle-Rank+Value+Residual,0.1156637072069191,0.9994264151898203,0.973356528108405,0.9430364173228346,1.0,0.0,-1.4180026424604433,0.5859375,128,calibrated,oracle_rank|oracle_value,"[0.06139067947885221, 0.07304197298375872]",a7b6a7b5e94873c180b1d57754fc716642e2171b727474b55825b5ac16430179,scale_0.7,61ca04b638e5bf851a37c23d4c280e94b215154f074cbbad5fb7b0753345663d,a07b9bab25036b89a35ce06480a67a5002d685e14f094ef4f0c3d13318fb2faf,682cac9509a7b65baf715e5aea285ff723c19bb51ed7e8c219527cd44c615dd1,a5562d7b09c8bbeeade4336821b21b69107285dc6cd70389b2ad4dbf9d8dd130,6ca0aa72e4f79f26948ec326b7232ee799d682474ebc7e8dbcf237d7bf0a91d6,-0.7615259842694957,False
11,2,scale_0.7,none,scale_0.7,1.0,test,Target-Only,1.1358053852695447,0.7726329952813723,0.6508709485442227,0.7100147637795275,0.23076923076923078,0.5302964771064741,-1.3416006942583656,0.8515625,128,target_only,none,[],a7b6a7b5e94873c180b1d57754fc716642e2171b727474b55825b5ac16430179,scale_0.7,61ca04b638e5bf851a37c23d4c280e94b215154f074cbbad5fb7b0753345663d,a5562d7b09c8bbeeade4336821b21b69107285dc6cd70389b2ad4dbf9d8dd130,682cac9509a7b65baf715e5aea285ff723c19bb51ed7e8c219527cd44c615dd1,1d0d02144ea2ea3555cd97b7c66a0c460830c1dbacb3d178a35391789764ca60,c7d20c2e782ab1fa18ef288fb5732fa8f1c001b988aad97ecbe9ec276ebf3fb5,0.0,False
11,2,scale_0.7,none,scale_0.7,1.0,test,Geometry-Prior+Residual,0.6865654866567609,0.9270803847586695,0.8398244369163157,0.8213582677165354,0.5384615384615384,0.06223319796004838,-1.691285507229052,0.84375,128,calibrated,geometry,[0.10446160758686872],a7b6a7b5e94873c180b1d57754fc716642e2171b727474b55825b5ac16430179,scale_0.7,61ca04b638e5bf851a37c23d4c280e94b215154f074cbbad5fb7b0753345663d,a5562d7b09c8bbeeade4336821b21b69107285dc6cd70389b2ad4dbf9d8dd130,682cac9509a7b65baf715e5aea285ff723c19bb51ed7e8c219527cd44c615dd1,1d0d02144ea2ea3555cd97b7c66a0c460830c1dbacb3d178a35391789764ca60,c7d20c2e782ab1fa18ef288fb5732fa8f1c001b988aad97ecbe9ec276ebf3fb5,-0.4492398986127838,False
11,2,scale_0.7,none,scale_0.7,1.0,test,Oracle-Rank+Residual,0.26948200407548606,0.9981528394754521,0.9723150521882439,0.937992125984252,1.0,0.0,-0.8902963996009922,0.640625,128,calibrated,oracle_rank,[0.12828054002855857],a7b6a7b5e94873c180b1d57754fc716642e2171b727474b55825b5ac16430179,scale_0.7,61ca04b638e5bf851a37c23d4c280e94b215154f074cbbad5fb7b0753345663d,a5562d7b09c8bbeeade4336821b21b69107285dc6cd70389b2ad4dbf9d8dd130,682cac9509a7b65baf715e5aea285ff723c19bb51ed7e8c219527cd44c615dd1,1d0d02144ea2ea3555cd97b7c66a0c460830c1dbacb3d178a35391789764ca60,c7d20c2e782ab1fa18ef288fb5732fa8f1c001b988aad97ecbe9ec276ebf3fb5,-0.8663233811940586,False
11,2,scale_0.7,none,scale_0.7,1.0,test,Oracle-Value+Residual,0.09073125207369091,0.9996644409951084,0.9623981413660501,0.9330708661417323,1.0,0.0,-3.824989646168464,0.8828125,128,calibrated,oracle_value,[0.12926189451168926],a7b6a7b5e94873c180b1d57754fc716642e2171b727474b55825b5ac16430179,scale_0.7,61ca04b638e5bf851a37c23d4c280e94b215154f074cbbad5fb7b0753345663d,a5562d7b09c8bbeeade4336821b21b69107285dc6cd70389b2ad4dbf9d8dd130,682cac9509a7b65baf715e5aea285ff723c19bb51ed7e8c219527cd44c615dd1,1d0d02144ea2ea3555cd97b7c66a0c460830c1dbacb3d178a35391789764ca60,c7d20c2e782ab1fa18ef288fb5732fa8f1c001b988aad97ecbe9ec276ebf3fb5,-1.0450741331958537,False
11,2,scale_0.7,none,scale_0.7,1.0,test,Oracle-Rank+Value+Residual,0.1334661472028711,0.9987688158280055,0.9811103735579563,0.9504183070866141,1.0,0.0,-1.4591183400047312,0.65625,128,calibrated,oracle_rank|oracle_value,"[0.06139067947885221, 0.07304197298375872]",a7b6a7b5e94873c180b1d57754fc716642e2171b727474b55825b5ac16430179,scale_0.7,61ca04b638e5bf851a37c23d4c280e94b215154f074cbbad5fb7b0753345663d,a5562d7b09c8bbeeade4336821b21b69107285dc6cd70389b2ad4dbf9d8dd130,682cac9509a7b65baf715e5aea285ff723c19bb51ed7e8c219527cd44c615dd1,1d0d02144ea2ea3555cd97b7c66a0c460830c1dbacb3d178a35391789764ca60,c7d20c2e782ab1fa18ef288fb5732fa8f1c001b988aad97ecbe9ec276ebf3fb5,-1.0023392380666736,False
11,2,scale_1.5,none,scale_1.5,0.35,test,Target-Only,1.1584876178194845,0.8876852970024024,0.5487147500457791,0.6795029527559056,0.46153846153846156,0.14550508247538002,-1.3891053657413361,1.0,128,target_only,none,[],a7b6a7b5e94873c180b1d57754fc716642e2171b727474b55825b5ac16430179,scale_1.5,68f091acba7835400cf3fce81593d2d3c71bf4b2969503e439577d50e1431675,12beab969b38e34c98cab68243414c423b6d0b5555f102d7514b146395d9c2ba,682cac9509a7b65baf715e5aea285ff723c19bb51ed7e8c219527cd44c615dd1,a6ce4f7ce317c872feacba9db9212f33068858423372698129528317559e2d1d,d93d5ce815c300c37b5c33addf4e99a5797a6f12d8f98d8da7e9eda148fedc34,0.0,False
11,2,scale_1.5,none,scale_1.5,0.35,test,Geometry-Prior+Residual,1.1139397599928844,0.7832404271064994,0.5145634956967589,0.6696604330708661,0.3076923076923077,0.2816827599759686,-1.2495065054220331,0.8203125,128,calibrated,geometry,[0.4609886657575459],a7b6a7b5e94873c180b1d57754fc716642e2171b727474b55825b5ac16430179,scale_1.5,68f091acba7835400cf3fce81593d2d3c71bf4b2969503e439577d50e1431675,12beab969b38e34c98cab68243414c423b6d0b5555f102d7514b146395d9c2ba,682cac9509a7b65baf715e5aea285ff723c19bb51ed7e8c219527cd44c615dd1,a6ce4f7ce317c872feacba9db9212f33068858423372698129528317559e2d1d,d93d5ce815c300c37b5c33addf4e99a5797a6f12d8f98d8da7e9eda148fedc34,-0.04454785782660009,False
11,2,scale_1.5,none,scale_1.5,0.35,test,Oracle-Rank+Residual,1.5897691290506923,0.9856657910306407,0.8547141091375206,0.8419045275590551,0.8461538461538461,0.01849803342856104,0.8693357466917504,0.3359375,128,calibrated,oracle_rank,[0.49817967783016104],a7b6a7b5e94873c180b1d57754fc716642e2171b727474b55825b5ac16430179,scale_1.5,68f091acba7835400cf3fce81593d2d3c71bf4b2969503e439577d50e1431675,12beab969b38e34c98cab68243414c423b6d0b5555f102d7514b146395d9c2ba,682cac9509a7b65baf715e5aea285ff723c19bb51ed7e8c219527cd44c615dd1,a6ce4f7ce317c872feacba9db9212f33068858423372698129528317559e2d1d,d93d5ce815c300c37b5c33addf4e99a5797a6f12d8f98d8da7e9eda148fedc34,0.43128151123120784,True
11,2,scale_1.5,none,scale_1.5,0.35,test,Oracle-Value+Residual,0.5682388572088917,0.9801512487558286,0.8634922633217358,0.8448572834645669,0.7692307692307693,0.0,-2.1009627635059314,1.0,128,calibrated,oracle_value,[0.5185092915385962],a7b6a7b5e94873c180b1d57754fc716642e2171b727474b55825b5ac16430179,scale_1.5,68f091acba7835400cf3fce81593d2d3c71bf4b2969503e439577d50e1431675,12beab969b38e34c98cab68243414c423b6d0b5555f102d7514b146395d9c2ba,682cac9509a7b65baf715e5aea285ff723c19bb51ed7e8c219527cd44c615dd1,a6ce4f7ce317c872feacba9db9212f33068858423372698129528317559e2d1d,d93d5ce815c300c37b5c33addf4e99a5797a6f12d8f98d8da7e9eda148fedc34,-0.5902487606105928,False
11,2,scale_1.5,none,scale_1.5,0.35,test,Oracle-Rank+Value+Residual,0.9494501097559914,0.9804410023023554,0.8451176524446072,0.8345226377952756,0.7692307692307693,0.0,-0.945293626909501,0.515625,128,calibrated,oracle_rank|oracle_value,"[0.1757038760060649, 0.3619810934558936]",a7b6a7b5e94873c180b1d57754fc716642e2171b727474b55825b5ac16430179,scale_1.5,68f091acba7835400cf3fce81593d2d3c71bf4b2969503e439577d50e1431675,12beab969b38e34c98cab68243414c423b6d0b5555f102d7514b146395d9c2ba,682cac9509a7b65baf715e5aea285ff723c19bb51ed7e8c219527cd44c615dd1,a6ce4f7ce317c872feacba9db9212f33068858423372698129528317559e2d1d,d93d5ce815c300c37b5c33addf4e99a5797a6f12d8f98d8da7e9eda148fedc34,-0.20903750806349308,False
11,2,scale_1.5,none,scale_1.5,0.7,test,Target-Only,0.413698390172679,0.9611954747175879,0.9075318165171214,0.8708169291338582,0.7692307692307693,0.04170692505323898,-0.6799596441212854,0.9609375,128,target_only,none,[],a7b6a7b5e94873c180b1d57754fc716642e2171b727474b55825b5ac16430179,scale_1.5,68f091acba7835400cf3fce81593d2d3c71bf4b2969503e439577d50e1431675,f9f60164225d69ea79058017629260be71d74eb3acb3b692bcd5495850ae10ed,682cac9509a7b65baf715e5aea285ff723c19bb51ed7e8c219527cd44c615dd1,a5562d7b09c8bbeeade4336821b21b69107285dc6cd70389b2ad4dbf9d8dd130,6db82dd9ddf54ba18901b47b32419736440d8babee028f4b85d5a3597de55d1a,0.0,False
11,2,scale_1.5,none,scale_1.5,0.7,test,Geometry-Prior+Residual,0.2554907030010452,0.9565457221880311,0.9675025178538728,0.9280265748031497,0.6153846153846154,0.011114883045687694,-1.2148493607892739,0.9609375,128,calibrated,geometry,[0.4609886657575459],a7b6a7b5e94873c180b1d57754fc716642e2171b727474b55825b5ac16430179,scale_1.5,68f091acba7835400cf3fce81593d2d3c71bf4b2969503e439577d50e1431675,f9f60164225d69ea79058017629260be71d74eb3acb3b692bcd5495850ae10ed,682cac9509a7b65baf715e5aea285ff723c19bb51ed7e8c219527cd44c615dd1,a5562d7b09c8bbeeade4336821b21b69107285dc6cd70389b2ad4dbf9d8dd130,6db82dd9ddf54ba18901b47b32419736440d8babee028f4b85d5a3597de55d1a,-0.1582076871716338,False
11,2,scale_1.5,none,scale_1.5,0.7,test,Oracle-Rank+Residual,1.2212530543639157,0.9940140862935882,0.7400201428309833,0.780388779527559,0.9230769230769231,0.0,8.968486388076837,0.1796875,128,calibrated,oracle_rank,[0.49817967783016104],a7b6a7b5e94873c180b1d57754fc716642e2171b727474b55825b5ac16430179,scale_1.5,68f091acba7835400cf3fce81593d2d3c71bf4b2969503e439577d50e1431675,f9f60164225d69ea79058017629260be71d74eb3acb3b692bcd5495850ae10ed,682cac9509a7b65baf715e5aea285ff723c19bb51ed7e8c219527cd44c615dd1,a5562d7b09c8bbeeade4336821b21b69107285dc6cd70389b2ad4dbf9d8dd130,6db82dd9ddf54ba18901b47b32419736440d8babee028f4b85d5a3597de55d1a,0.8075546641912368,True
11,2,scale_1.5,none,scale_1.5,0.7,test,Oracle-Value+Residual,0.4756328071578995,0.9903850677986216,0.9087277971067569,0.875246062992126,0.9230769230769231,0.0,0.5997810640482211,0.53125,128,calibrated,oracle_value,[0.5185092915385962],a7b6a7b5e94873c180b1d57754fc716642e2171b727474b55825b5ac16430179,scale_1.5,68f091acba7835400cf3fce81593d2d3c71bf4b2969503e439577d50e1431675,f9f60164225d69ea79058017629260be71d74eb3acb3b692bcd5495850ae10ed,682cac9509a7b65baf715e5aea285ff723c19bb51ed7e8c219527cd44c615dd1,a5562d7b09c8bbeeade4336821b21b69107285dc6cd70389b2ad4dbf9d8dd130,6db82dd9ddf54ba18901b47b32419736440d8babee028f4b85d5a3597de55d1a,0.06193441698522051,True
11,2,scale_1.5,none,scale_1.5,0.7,test,Oracle-Rank+Value+Residual,0.720218494183013,0.9950802848950514,0.8812831898919611,0.8561761811023622,0.9230769230769231,0.0,3.6545703314630935,0.375,128,calibrated,oracle_rank|oracle_value,"[0.1757038760060649, 0.3619810934558936]",a7b6a7b5e94873c180b1d57754fc716642e2171b727474b55825b5ac16430179,scale_1.5,68f091acba7835400cf3fce81593d2d3c71bf4b2969503e439577d50e1431675,f9f60164225d69ea79058017629260be71d74eb3acb3b692bcd5495850ae10ed,682cac9509a7b65baf715e5aea285ff723c19bb51ed7e8c219527cd44c615dd1,a5562d7b09c8bbeeade4336821b21b69107285dc6cd70389b2ad4dbf9d8dd130,6db82dd9ddf54ba18901b47b32419736440d8babee028f4b85d5a3597de55d1a,0.30652010401033397,True
11,2,scale_1.5,none,scale_1.5,1.0,test,Target-Only,0.8292794670302812,0.9213766150960583,0.778915262772386,0.7838336614173228,0.46153846153846156,0.02102208911317369,0.31505919404512395,0.828125,128,target_only,none,[],a7b6a7b5e94873c180b1d57754fc716642e2171b727474b55825b5ac16430179,scale_1.5,68f091acba7835400cf3fce81593d2d3c71bf4b2969503e439577d50e1431675,982baae14278378995911a8cef49d64bfb9336140122b630e65637556080fb11,682cac9509a7b65baf715e5aea285ff723c19bb51ed7e8c219527cd44c615dd1,1d0d02144ea2ea3555cd97b7c66a0c460830c1dbacb3d178a35391789764ca60,00b3614dd1794871f71297cba4480b6cb888b1565057fc3061045f5e2a14418b,0.0,False
11,2,scale_1.5,none,scale_1.5,1.0,test,Geometry-Prior+Residual,0.40721024437038456,0.9363256217285018,0.933036531770738,0.8885334645669292,0.5384615384615384,0.047236401420272196,-0.2927788474256748,0.8984375,128,calibrated,geometry,[0.4609886657575459],a7b6a7b5e94873c180b1d57754fc716642e2171b727474b55825b5ac16430179,scale_1.5,68f091acba7835400cf3fce81593d2d3c71bf4b2969503e439577d50e1431675,982baae14278378995911a8cef49d64bfb9336140122b630e65637556080fb11,682cac9509a7b65baf715e5aea285ff723c19bb51ed7e8c219527cd44c615dd1,1d0d02144ea2ea3555cd97b7c66a0c460830c1dbacb3d178a35391789764ca60,00b3614dd1794871f71297cba4480b6cb888b1565057fc3061045f5e2a14418b,-0.42206922265989666,False
11,2,scale_1.5,none,scale_1.5,1.0,test,Oracle-Rank+Residual,1.1043298009995506,0.5657858875300614,0.4378376213147775,0.6579724409448819,0.23076923076923078,0.3749418109005701,6.602254760275374,0.4375,128,calibrated,oracle_rank,[0.49817967783016104],a7b6a7b5e94873c180b1d57754fc716642e2171b727474b55825b5ac16430179,scale_1.5,68f091acba7835400cf3fce81593d2d3c71bf4b2969503e439577d50e1431675,982baae14278378995911a8cef49d64bfb9336140122b630e65637556080fb11,682cac9509a7b65baf715e5aea285ff723c19bb51ed7e8c219527cd44c615dd1,1d0d02144ea2ea3555cd97b7c66a0c460830c1dbacb3d178a35391789764ca60,00b3614dd1794871f71297cba4480b6cb888b1565057fc3061045f5e2a14418b,0.27505033396926937,True
11,2,scale_1.5,none,scale_1.5,1.0,test,Oracle-Value+Residual,0.8955299840172646,0.863913954593178,0.6951279527559056,0.7484005905511811,0.38461538461538464,0.13054322176737065,6.15044010004169,0.2890625,128,calibrated,oracle_value,[0.5185092915385962],a7b6a7b5e94873c180b1d57754fc716642e2171b727474b55825b5ac16430179,scale_1.5,68f091acba7835400cf3fce81593d2d3c71bf4b2969503e439577d50e1431675,982baae14278378995911a8cef49d64bfb9336140122b630e65637556080fb11,682cac9509a7b65baf715e5aea285ff723c19bb51ed7e8c219527cd44c615dd1,1d0d02144ea2ea3555cd97b7c66a0c460830c1dbacb3d178a35391789764ca60,00b3614dd1794871f71297cba4480b6cb888b1565057fc3061045f5e2a14418b,0.06625051698698337,True
11,2,scale_1.5,none,scale_1.5,1.0,test,Oracle-Rank+Value+Residual,0.9461042632793659,0.830323058113278,0.6411428767624977,0.7262549212598425,0.38461538461538464,0.13054322176737065,6.567872076954549,0.4296875,128,calibrated,oracle_rank|oracle_value,"[0.1757038760060649, 0.3619810934558936]",a7b6a7b5e94873c180b1d57754fc716642e2171b727474b55825b5ac16430179,scale_1.5,68f091acba7835400cf3fce81593d2d3c71bf4b2969503e439577d50e1431675,982baae14278378995911a8cef49d64bfb9336140122b630e65637556080fb11,682cac9509a7b65baf715e5aea285ff723c19bb51ed7e8c219527cd44c615dd1,1d0d02144ea2ea3555cd97b7c66a0c460830c1dbacb3d178a35391789764ca60,00b3614dd1794871f71297cba4480b6cb888b1565057fc3061045f5e2a14418b,0.1168247962490847,True
11,2,rotate_45,none,rotate_45,0.35,test,Target-Only,0.6230056111775762,0.9395367974407061,0.8410318622962826,0.8227116141732284,0.5384615384615384,0.01741057710953194,-2.161340160249594,1.0,128,target_only,none,[],a7b6a7b5e94873c180b1d57754fc716642e2171b727474b55825b5ac16430179,rotate_45,d786314cb5e8ac16017a5ea2d4c80ca7e33236f18b3f36df8f132f15fc2bb273,b618bd1c64f6fb10997a349f0c0d10e742895e275b6377bc21bfec63443f718e,682cac9509a7b65baf715e5aea285ff723c19bb51ed7e8c219527cd44c615dd1,a6ce4f7ce317c872feacba9db9212f33068858423372698129528317559e2d1d,90d0f8cd24a61c42e5596b26b6d104d63ededf093b4dae51c97f9552d11d30d2,0.0,False
11,2,rotate_45,none,rotate_45,0.35,test,Geometry-Prior+Residual,0.6047619926728418,0.9471854470093549,0.8357787035341513,0.8267716535433071,0.5384615384615384,0.004229598580083213,-2.0113068980622457,0.8125,128,calibrated,geometry,[0.19770768568782535],a7b6a7b5e94873c180b1d57754fc716642e2171b727474b55825b5ac16430179,rotate_45,d786314cb5e8ac16017a5ea2d4c80ca7e33236f18b3f36df8f132f15fc2bb273,b618bd1c64f6fb10997a349f0c0d10e742895e275b6377bc21bfec63443f718e,682cac9509a7b65baf715e5aea285ff723c19bb51ed7e8c219527cd44c615dd1,a6ce4f7ce317c872feacba9db9212f33068858423372698129528317559e2d1d,90d0f8cd24a61c42e5596b26b6d104d63ededf093b4dae51c97f9552d11d30d2,-0.018243618504734438,False
11,2,rotate_45,none,rotate_45,0.35,test,Oracle-Rank+Residual,0.24272668463027125,0.9709550378985623,0.9612364951474089,0.922736220472441,0.7692307692307693,0.038170036254564,-2.866284239587574,0.8671875,128,calibrated,oracle_rank,[0.23105013650004347],a7b6a7b5e94873c180b1d57754fc716642e2171b727474b55825b5ac16430179,rotate_45,d786314cb5e8ac16017a5ea2d4c80ca7e33236f18b3f36df8f132f15fc2bb273,b618bd1c64f6fb10997a349f0c0d10e742895e275b6377bc21bfec63443f718e,682cac9509a7b65baf715e5aea285ff723c19bb51ed7e8c219527cd44c615dd1,a6ce4f7ce317c872feacba9db9212f33068858423372698129528317559e2d1d,90d0f8cd24a61c42e5596b26b6d104d63ededf093b4dae51c97f9552d11d30d2,-0.380278926547305,False
11,2,rotate_45,none,rotate_45,0.35,test,Oracle-Value+Residual,0.0584635781157665,0.9898293823404826,0.9787184123786853,0.9563238188976378,0.9230769230769231,0.004229598580083213,-4.561394518892023,1.0,128,calibrated,oracle_value,[0.24300351345954413],a7b6a7b5e94873c180b1d57754fc716642e2171b727474b55825b5ac16430179,rotate_45,d786314cb5e8ac16017a5ea2d4c80ca7e33236f18b3f36df8f132f15fc2bb273,b618bd1c64f6fb10997a349f0c0d10e742895e275b6377bc21bfec63443f718e,682cac9509a7b65baf715e5aea285ff723c19bb51ed7e8c219527cd44c615dd1,a6ce4f7ce317c872feacba9db9212f33068858423372698129528317559e2d1d,90d0f8cd24a61c42e5596b26b6d104d63ededf093b4dae51c97f9552d11d30d2,-0.5645420330618097,False
11,2,rotate_45,none,rotate_45,0.35,test,Oracle-Rank+Value+Residual,0.09433305850637855,0.9889537966115406,0.9764637886833912,0.9494340551181102,0.9230769230769231,0.004229598580083213,-3.7624514963450943,0.7109375,128,calibrated,oracle_rank|oracle_value,"[0.0792624518245848, 0.17376659045443724]",a7b6a7b5e94873c180b1d57754fc716642e2171b727474b55825b5ac16430179,rotate_45,d786314cb5e8ac16017a5ea2d4c80ca7e33236f18b3f36df8f132f15fc2bb273,b618bd1c64f6fb10997a349f0c0d10e742895e275b6377bc21bfec63443f718e,682cac9509a7b65baf715e5aea285ff723c19bb51ed7e8c219527cd44c615dd1,a6ce4f7ce317c872feacba9db9212f33068858423372698129528317559e2d1d,90d0f8cd24a61c42e5596b26b6d104d63ededf093b4dae51c97f9552d11d30d2,-0.5286725526711977,False
11,2,rotate_45,none,rotate_45,0.7,test,Target-Only,1.1963550536276895,0.814460941779935,0.7788694836110603,0.7818651574803149,0.3076923076923077,0.3999817554854372,-0.8591249369380631,0.8125,128,target_only,none,[],a7b6a7b5e94873c180b1d57754fc716642e2171b727474b55825b5ac16430179,rotate_45,d786314cb5e8ac16017a5ea2d4c80ca7e33236f18b3f36df8f132f15fc2bb273,5d5e1688ff849cfe4bc9f55563d182aea5516ba67224092562d936006c71941f,682cac9509a7b65baf715e5aea285ff723c19bb51ed7e8c219527cd44c615dd1,a5562d7b09c8bbeeade4336821b21b69107285dc6cd70389b2ad4dbf9d8dd130,27a6ffa3fac8ef7235e534ac617fbf05ae5ed4fd941fd28653bd8af4cbcfb763,0.0,False
11,2,rotate_45,none,rotate_45,0.7,test,Geometry-Prior+Residual,1.1169983389439873,0.9346939226167847,0.8918581761582127,0.8566683070866141,0.5384615384615384,0.011264665791585913,-0.2038672557394636,0.5234375,128,calibrated,geometry,[0.19770768568782535],a7b6a7b5e94873c180b1d57754fc716642e2171b727474b55825b5ac16430179,rotate_45,d786314cb5e8ac16017a5ea2d4c80ca7e33236f18b3f36df8f132f15fc2bb273,5d5e1688ff849cfe4bc9f55563d182aea5516ba67224092562d936006c71941f,682cac9509a7b65baf715e5aea285ff723c19bb51ed7e8c219527cd44c615dd1,a5562d7b09c8bbeeade4336821b21b69107285dc6cd70389b2ad4dbf9d8dd130,27a6ffa3fac8ef7235e534ac617fbf05ae5ed4fd941fd28653bd8af4cbcfb763,-0.0793567146837022,False
11,2,rotate_45,none,rotate_45,0.7,test,Oracle-Rank+Residual,0.7175178713163058,0.9853720586593406,0.919537401574803,0.8891486220472441,0.8461538461538461,0.011264665791585913,0.3273862218118674,0.6015625,128,calibrated,oracle_rank,[0.23105013650004347],a7b6a7b5e94873c180b1d57754fc716642e2171b727474b55825b5ac16430179,rotate_45,d786314cb5e8ac16017a5ea2d4c80ca7e33236f18b3f36df8f132f15fc2bb273,5d5e1688ff849cfe4bc9f55563d182aea5516ba67224092562d936006c71941f,682cac9509a7b65baf715e5aea285ff723c19bb51ed7e8c219527cd44c615dd1,a5562d7b09c8bbeeade4336821b21b69107285dc6cd70389b2ad4dbf9d8dd130,27a6ffa3fac8ef7235e534ac617fbf05ae5ed4fd941fd28653bd8af4cbcfb763,-0.4788371823113836,False
11,2,rotate_45,none,rotate_45,0.7,test,Oracle-Value+Residual,0.09782417190232924,0.9927820096046998,0.9683551547335653,0.9356545275590551,0.9230769230769231,0.011264665791585913,-3.1152575364359962,0.8046875,128,calibrated,oracle_value,[0.24300351345954413],a7b6a7b5e94873c180b1d57754fc716642e2171b727474b55825b5ac16430179,rotate_45,d786314cb5e8ac16017a5ea2d4c80ca7e33236f18b3f36df8f132f15fc2bb273,5d5e1688ff849cfe4bc9f55563d182aea5516ba67224092562d936006c71941f,682cac9509a7b65baf715e5aea285ff723c19bb51ed7e8c219527cd44c615dd1,a5562d7b09c8bbeeade4336821b21b69107285dc6cd70389b2ad4dbf9d8dd130,27a6ffa3fac8ef7235e534ac617fbf05ae5ed4fd941fd28653bd8af4cbcfb763,-1.0985308817253603,False
11,2,rotate_45,none,rotate_45,0.7,test,Oracle-Rank+Value+Residual,0.25272491016942644,0.9928471331433762,0.9511879692364036,0.921013779527559,0.9230769230769231,0.011264665791585913,-0.18678602401152278,0.5859375,128,calibrated,oracle_rank|oracle_value,"[0.0792624518245848, 0.17376659045443724]",a7b6a7b5e94873c180b1d57754fc716642e2171b727474b55825b5ac16430179,rotate_45,d786314cb5e8ac16017a5ea2d4c80ca7e33236f18b3f36df8f132f15fc2bb273,5d5e1688ff849cfe4bc9f55563d182aea5516ba67224092562d936006c71941f,682cac9509a7b65baf715e5aea285ff723c19bb51ed7e8c219527cd44c615dd1,a5562d7b09c8bbeeade4336821b21b69107285dc6cd70389b2ad4dbf9d8dd130,27a6ffa3fac8ef7235e534ac617fbf05ae5ed4fd941fd28653bd8af4cbcfb763,-0.943630143458263,False
11,2,rotate_45,none,rotate_45,1.0,test,Target-Only,1.0084915414939792,0.7392547567491772,0.645949688701703,0.7207185039370079,0.15384615384615385,0.2760539562093066,0.20277330259055598,0.6953125,128,target_only,none,[],a7b6a7b5e94873c180b1d57754fc716642e2171b727474b55825b5ac16430179,rotate_45,d786314cb5e8ac16017a5ea2d4c80ca7e33236f18b3f36df8f132f15fc2bb273,dc843db82e9c888701d2b8b1a97372a6cb649f21074d50bbe645c602fe3ea2c3,682cac9509a7b65baf715e5aea285ff723c19bb51ed7e8c219527cd44c615dd1,1d0d02144ea2ea3555cd97b7c66a0c460830c1dbacb3d178a35391789764ca60,d71a764985adeae273f8c074d7632d63d27432fcf3c4d4a0625ac363755d6fbd,0.0,False
11,2,rotate_45,none,rotate_45,1.0,test,Geometry-Prior+Residual,0.6144791891533835,0.7983623785164445,0.9055690349752792,0.8670029527559056,0.07692307692307693,0.214395604632419,0.1106963899558337,0.5703125,128,calibrated,geometry,[0.19770768568782535],a7b6a7b5e94873c180b1d57754fc716642e2171b727474b55825b5ac16430179,rotate_45,d786314cb5e8ac16017a5ea2d4c80ca7e33236f18b3f36df8f132f15fc2bb273,dc843db82e9c888701d2b8b1a97372a6cb649f21074d50bbe645c602fe3ea2c3,682cac9509a7b65baf715e5aea285ff723c19bb51ed7e8c219527cd44c615dd1,1d0d02144ea2ea3555cd97b7c66a0c460830c1dbacb3d178a35391789764ca60,d71a764985adeae273f8c074d7632d63d27432fcf3c4d4a0625ac363755d6fbd,-0.39401235234059573,False
11,2,rotate_45,none,rotate_45,1.0,test,Oracle-Rank+Residual,0.4636439127307818,0.9925175887514298,0.9698601446621496,0.9343011811023622,0.9230769230769231,0.007652655246892657,0.8262643375687846,0.6015625,128,calibrated,oracle_rank,[0.23105013650004347],a7b6a7b5e94873c180b1d57754fc716642e2171b727474b55825b5ac16430179,rotate_45,d786314cb5e8ac16017a5ea2d4c80ca7e33236f18b3f36df8f132f15fc2bb273,dc843db82e9c888701d2b8b1a97372a6cb649f21074d50bbe645c602fe3ea2c3,682cac9509a7b65baf715e5aea285ff723c19bb51ed7e8c219527cd44c615dd1,1d0d02144ea2ea3555cd97b7c66a0c460830c1dbacb3d178a35391789764ca60,d71a764985adeae273f8c074d7632d63d27432fcf3c4d4a0625ac363755d6fbd,-0.5448476287631974,False
11,2,rotate_45,none,rotate_45,1.0,test,Oracle-Value+Residual,0.10022107314627056,0.9941424575933316,0.9953248031496061,0.9756397637795275,0.9230769230769231,0.007652655246892657,0.16543987488973527,0.40625,128,calibrated,oracle_value,[0.24300351345954413],a7b6a7b5e94873c180b1d57754fc716642e2171b727474b55825b5ac16430179,rotate_45,d786314cb5e8ac16017a5ea2d4c80ca7e33236f18b3f36df8f132f15fc2bb273,dc843db82e9c888701d2b8b1a97372a6cb649f21074d50bbe645c602fe3ea2c3,682cac9509a7b65baf715e5aea285ff723c19bb51ed7e8c219527cd44c615dd1,1d0d02144ea2ea3555cd97b7c66a0c460830c1dbacb3d178a35391789764ca60,d71a764985adeae273f8c074d7632d63d27432fcf3c4d4a0625ac363755d6fbd,-0.9082704683477086,False
11,2,rotate_45,none,rotate_45,1.0,test,Oracle-Rank+Value+Residual,0.16442701476962937,0.9928471331433762,0.9924063816150887,0.9708415354330708,0.9230769230769231,0.007652655246892657,1.3999253949220134,0.4609375,128,calibrated,oracle_rank|oracle_value,"[0.0792624518245848, 0.17376659045443724]",a7b6a7b5e94873c180b1d57754fc716642e2171b727474b55825b5ac16430179,rotate_45,d786314cb5e8ac16017a5ea2d4c80ca7e33236f18b3f36df8f132f15fc2bb273,dc843db82e9c888701d2b8b1a97372a6cb649f21074d50bbe645c602fe3ea2c3,682cac9509a7b65baf715e5aea285ff723c19bb51ed7e8c219527cd44c615dd1,1d0d02144ea2ea3555cd97b7c66a0c460830c1dbacb3d178a35391789764ca60,d71a764985adeae273f8c074d7632d63d27432fcf3c4d4a0625ac363755d6fbd,-0.8440645267243498,False
11,2,roughness,none,roughness,0.35,test,Target-Only,1.2602136240962238,0.3820573168502487,0.06327252334737228,0.5231299212598425,0.23076923076923078,0.8412007354352239,12.182745327037798,0.28125,128,target_only,none,[],a7b6a7b5e94873c180b1d57754fc716642e2171b727474b55825b5ac16430179,roughness,682cac9509a7b65baf715e5aea285ff723c19bb51ed7e8c219527cd44c615dd1,a6ce4f7ce317c872feacba9db9212f33068858423372698129528317559e2d1d,682cac9509a7b65baf715e5aea285ff723c19bb51ed7e8c219527cd44c615dd1,a6ce4f7ce317c872feacba9db9212f33068858423372698129528317559e2d1d,e2f962654d1904af56a5bc0fb7b6accbea74978d44c090332c652da3aa4e3b03,0.0,False
11,2,roughness,none,roughness,0.35,test,Geometry-Prior+Residual,1.2607902330395715,0.35477919643541,0.06248283281450284,0.5233759842519685,0.23076923076923078,0.9960121539409922,21.508313055021837,0.1796875,128,calibrated,geometry,[0.1471809761515578],a7b6a7b5e94873c180b1d57754fc716642e2171b727474b55825b5ac16430179,roughness,682cac9509a7b65baf715e5aea285ff723c19bb51ed7e8c219527cd44c615dd1,a6ce4f7ce317c872feacba9db9212f33068858423372698129528317559e2d1d,682cac9509a7b65baf715e5aea285ff723c19bb51ed7e8c219527cd44c615dd1,a6ce4f7ce317c872feacba9db9212f33068858423372698129528317559e2d1d,e2f962654d1904af56a5bc0fb7b6accbea74978d44c090332c652da3aa4e3b03,0.0005766089433476562,False
11,2,roughness,none,roughness,0.35,test,Oracle-Rank+Residual,1.236421347210001,0.47050980732423187,0.0746600897271562,0.5253444881889764,0.3076923076923077,0.6751709328830552,33.48418127883522,0.15625,128,calibrated,oracle_rank,[0.18221624606008652],a7b6a7b5e94873c180b1d57754fc716642e2171b727474b55825b5ac16430179,roughness,682cac9509a7b65baf715e5aea285ff723c19bb51ed7e8c219527cd44c615dd1,a6ce4f7ce317c872feacba9db9212f33068858423372698129528317559e2d1d,682cac9509a7b65baf715e5aea285ff723c19bb51ed7e8c219527cd44c615dd1,a6ce4f7ce317c872feacba9db9212f33068858423372698129528317559e2d1d,e2f962654d1904af56a5bc0fb7b6accbea74978d44c090332c652da3aa4e3b03,-0.023792276886222874,False
11,2,roughness,none,roughness,0.35,test,Oracle-Value+Residual,1.2692555230426037,0.5541907029141524,0.06789049624610878,0.5217765748031497,0.3076923076923077,0.3862099058089581,30.480638696942954,0.171875,128,calibrated,oracle_value,[0.17137787522969972],a7b6a7b5e94873c180b1d57754fc716642e2171b727474b55825b5ac16430179,roughness,682cac9509a7b65baf715e5aea285ff723c19bb51ed7e8c219527cd44c615dd1,a6ce4f7ce317c872feacba9db9212f33068858423372698129528317559e2d1d,682cac9509a7b65baf715e5aea285ff723c19bb51ed7e8c219527cd44c615dd1,a6ce4f7ce317c872feacba9db9212f33068858423372698129528317559e2d1d,e2f962654d1904af56a5bc0fb7b6accbea74978d44c090332c652da3aa4e3b03,0.009041898946379856,False
11,2,roughness,none,roughness,0.35,test,Oracle-Rank+Value+Residual,1.2426135992693181,0.4881536077567562,0.0700707288042483,0.5230068897637795,0.3076923076923077,0.6751709328830552,33.347050273269815,0.15625,128,calibrated,oracle_rank|oracle_value,"[0.1462061870906985, 0.04010713630406133]",a7b6a7b5e94873c180b1d57754fc716642e2171b727474b55825b5ac16430179,roughness,682cac9509a7b65baf715e5aea285ff723c19bb51ed7e8c219527cd44c615dd1,a6ce4f7ce317c872feacba9db9212f33068858423372698129528317559e2d1d,682cac9509a7b65baf715e5aea285ff723c19bb51ed7e8c219527cd44c615dd1,a6ce4f7ce317c872feacba9db9212f33068858423372698129528317559e2d1d,e2f962654d1904af56a5bc0fb7b6accbea74978d44c090332c652da3aa4e3b03,-0.017600024826905702,False
11,2,roughness,none,roughness,0.7,test,Target-Only,1.1916246277003395,0.6497794570027647,0.20740821278154187,0.5696358267716536,0.07692307692307693,0.33202257816516595,13.852785976102872,0.2421875,128,target_only,none,[],a7b6a7b5e94873c180b1d57754fc716642e2171b727474b55825b5ac16430179,roughness,682cac9509a7b65baf715e5aea285ff723c19bb51ed7e8c219527cd44c615dd1,a5562d7b09c8bbeeade4336821b21b69107285dc6cd70389b2ad4dbf9d8dd130,682cac9509a7b65baf715e5aea285ff723c19bb51ed7e8c219527cd44c615dd1,a5562d7b09c8bbeeade4336821b21b69107285dc6cd70389b2ad4dbf9d8dd130,dbd33e0ab20601fb220245d5f172c8385cf600cec6c82dedebddf167f2970430,0.0,False
11,2,roughness,none,roughness,0.7,test,Geometry-Prior+Residual,1.213743917102099,0.6372866840641549,0.2374507874015748,0.5797244094488189,0.07692307692307693,0.33946589047756903,23.89928553390751,0.1875,128,calibrated,geometry,[0.1471809761515578],a7b6a7b5e94873c180b1d57754fc716642e2171b727474b55825b5ac16430179,roughness,682cac9509a7b65baf715e5aea285ff723c19bb51ed7e8c219527cd44c615dd1,a5562d7b09c8bbeeade4336821b21b69107285dc6cd70389b2ad4dbf9d8dd130,682cac9509a7b65baf715e5aea285ff723c19bb51ed7e8c219527cd44c615dd1,a5562d7b09c8bbeeade4336821b21b69107285dc6cd70389b2ad4dbf9d8dd130,dbd33e0ab20601fb220245d5f172c8385cf600cec6c82dedebddf167f2970430,0.022119289401759445,True
11,2,roughness,none,roughness,0.7,test,Oracle-Rank+Residual,1.1964049882614225,0.6828230645438591,0.18380333272294452,0.5671751968503937,0.07692307692307693,0.08951275053709953,36.773343291333404,0.1484375,128,calibrated,oracle_rank,[0.18221624606008652],a7b6a7b5e94873c180b1d57754fc716642e2171b727474b55825b5ac16430179,roughness,682cac9509a7b65baf715e5aea285ff723c19bb51ed7e8c219527cd44c615dd1,a5562d7b09c8bbeeade4336821b21b69107285dc6cd70389b2ad4dbf9d8dd130,682cac9509a7b65baf715e5aea285ff723c19bb51ed7e8c219527cd44c615dd1,a5562d7b09c8bbeeade4336821b21b69107285dc6cd70389b2ad4dbf9d8dd130,dbd33e0ab20601fb220245d5f172c8385cf600cec6c82dedebddf167f2970430,0.004780360561082997,False
11,2,roughness,none,roughness,0.7,test,Oracle-Value+Residual,1.2682665122258765,0.6497794570027647,0.16937717451016296,0.5593011811023622,0.07692307692307693,0.33202257816516595,33.1879823264354,0.1796875,128,calibrated,oracle_value,[0.17137787522969972],a7b6a7b5e94873c180b1d57754fc716642e2171b727474b55825b5ac16430179,roughness,682cac9509a7b65baf715e5aea285ff723c19bb51ed7e8c219527cd44c615dd1,a5562d7b09c8bbeeade4336821b21b69107285dc6cd70389b2ad4dbf9d8dd130,682cac9509a7b65baf715e5aea285ff723c19bb51ed7e8c219527cd44c615dd1,a5562d7b09c8bbeeade4336821b21b69107285dc6cd70389b2ad4dbf9d8dd130,dbd33e0ab20601fb220245d5f172c8385cf600cec6c82dedebddf167f2970430,0.076641884525537,True
11,2,roughness,none,roughness,0.7,test,Oracle-Rank+Value+Residual,1.2130828032556178,0.6829925200453403,0.1748935634499176,0.5639763779527559,0.07692307692307693,0.08951275053709953,36.566054325109874,0.140625,128,calibrated,oracle_rank|oracle_value,"[0.1462061870906985, 0.04010713630406133]",a7b6a7b5e94873c180b1d57754fc716642e2171b727474b55825b5ac16430179,roughness,682cac9509a7b65baf715e5aea285ff723c19bb51ed7e8c219527cd44c615dd1,a5562d7b09c8bbeeade4336821b21b69107285dc6cd70389b2ad4dbf9d8dd130,682cac9509a7b65baf715e5aea285ff723c19bb51ed7e8c219527cd44c615dd1,a5562d7b09c8bbeeade4336821b21b69107285dc6cd70389b2ad4dbf9d8dd130,dbd33e0ab20601fb220245d5f172c8385cf600cec6c82dedebddf167f2970430,0.02145817555527829,True
11,2,roughness,none,roughness,1.0,test,Target-Only,1.2625078365659992,0.5381888890897983,0.3675780534700604,0.625,0.15384615384615385,0.5515577776542451,8.949636914243515,0.34375,128,target_only,none,[],a7b6a7b5e94873c180b1d57754fc716642e2171b727474b55825b5ac16430179,roughness,682cac9509a7b65baf715e5aea285ff723c19bb51ed7e8c219527cd44c615dd1,1d0d02144ea2ea3555cd97b7c66a0c460830c1dbacb3d178a35391789764ca60,682cac9509a7b65baf715e5aea285ff723c19bb51ed7e8c219527cd44c615dd1,1d0d02144ea2ea3555cd97b7c66a0c460830c1dbacb3d178a35391789764ca60,04a7a0bf7bed2fc1579561c8234eff2544f8364ec3161d791f67f9690d7fa089,0.0,False
11,2,roughness,none,roughness,1.0,test,Geometry-Prior+Residual,1.1250670657981432,0.5592523057432566,0.35742080205090637,0.6204478346456693,0.15384615384615385,0.44640480034056884,13.483469404704362,0.328125,128,calibrated,geometry,[0.1471809761515578],a7b6a7b5e94873c180b1d57754fc716642e2171b727474b55825b5ac16430179,roughness,682cac9509a7b65baf715e5aea285ff723c19bb51ed7e8c219527cd44c615dd1,1d0d02144ea2ea3555cd97b7c66a0c460830c1dbacb3d178a35391789764ca60,682cac9509a7b65baf715e5aea285ff723c19bb51ed7e8c219527cd44c615dd1,1d0d02144ea2ea3555cd97b7c66a0c460830c1dbacb3d178a35391789764ca60,04a7a0bf7bed2fc1579561c8234eff2544f8364ec3161d791f67f9690d7fa089,-0.137440770767856,False
11,2,roughness,none,roughness,1.0,test,Oracle-Rank+Residual,1.1099243218206258,0.5931495294099337,0.3046545962277971,0.5987942913385826,0.15384615384615385,0.1757791041421265,20.061517758021726,0.2578125,128,calibrated,oracle_rank,[0.18221624606008652],a7b6a7b5e94873c180b1d57754fc716642e2171b727474b55825b5ac16430179,roughness,682cac9509a7b65baf715e5aea285ff723c19bb51ed7e8c219527cd44c615dd1,1d0d02144ea2ea3555cd97b7c66a0c460830c1dbacb3d178a35391789764ca60,682cac9509a7b65baf715e5aea285ff723c19bb51ed7e8c219527cd44c615dd1,1d0d02144ea2ea3555cd97b7c66a0c460830c1dbacb3d178a35391789764ca60,04a7a0bf7bed2fc1579561c8234eff2544f8364ec3161d791f67f9690d7fa089,-0.15258351474537335,False
11,2,roughness,none,roughness,1.0,test,Oracle-Value+Residual,1.0238591935753834,0.6348669736160446,0.5154561893426112,0.6747047244094488,0.15384615384615385,0.1757791041421265,15.66159515940114,0.2890625,128,calibrated,oracle_value,[0.17137787522969972],a7b6a7b5e94873c180b1d57754fc716642e2171b727474b55825b5ac16430179,roughness,682cac9509a7b65baf715e5aea285ff723c19bb51ed7e8c219527cd44c615dd1,1d0d02144ea2ea3555cd97b7c66a0c460830c1dbacb3d178a35391789764ca60,682cac9509a7b65baf715e5aea285ff723c19bb51ed7e8c219527cd44c615dd1,1d0d02144ea2ea3555cd97b7c66a0c460830c1dbacb3d178a35391789764ca60,04a7a0bf7bed2fc1579561c8234eff2544f8364ec3161d791f67f9690d7fa089,-0.23864864299061583,False
11,2,roughness,none,roughness,1.0,test,Oracle-Rank+Value+Residual,1.0800749235752076,0.5931495294099337,0.3804820545687603,0.6264763779527559,0.15384615384615385,0.1757791041421265,19.060860926528807,0.2578125,128,calibrated,oracle_rank|oracle_value,"[0.1462061870906985, 0.04010713630406133]",a7b6a7b5e94873c180b1d57754fc716642e2171b727474b55825b5ac16430179,roughness,682cac9509a7b65baf715e5aea285ff723c19bb51ed7e8c219527cd44c615dd1,1d0d02144ea2ea3555cd97b7c66a0c460830c1dbacb3d178a35391789764ca60,682cac9509a7b65baf715e5aea285ff723c19bb51ed7e8c219527cd44c615dd1,1d0d02144ea2ea3555cd97b7c66a0c460830c1dbacb3d178a35391789764ca60,04a7a0bf7bed2fc1579561c8234eff2544f8364ec3161d791f67f9690d7fa089,-0.18243291299079156,False
11,2,reversal,none,reversal,0.35,test,Target-Only,0.5840298250022368,0.8449319255282346,0.8963502563633032,0.859375,0.3076923076923077,0.0011647445687796775,-2.2203579716664863,1.0,128,target_only,none,[],a7b6a7b5e94873c180b1d57754fc716642e2171b727474b55825b5ac16430179,reversal,682cac9509a7b65baf715e5aea285ff723c19bb51ed7e8c219527cd44c615dd1,a6ce4f7ce317c872feacba9db9212f33068858423372698129528317559e2d1d,682cac9509a7b65baf715e5aea285ff723c19bb51ed7e8c219527cd44c615dd1,a6ce4f7ce317c872feacba9db9212f33068858423372698129528317559e2d1d,4f416fca1e6ffd201c9397409a44775b59d213685b8c2bdde5d0f85cde9734c5,0.0,False
11,2,reversal,none,reversal,0.35,test,Geometry-Prior+Residual,0.5840298250022368,0.8449319255282346,0.8963502563633032,0.859375,0.3076923076923077,0.0011647445687796775,-2.2203579716664863,1.0,128,target_only,geometry,[1.0894104376642621e-20],a7b6a7b5e94873c180b1d57754fc716642e2171b727474b55825b5ac16430179,reversal,682cac9509a7b65baf715e5aea285ff723c19bb51ed7e8c219527cd44c615dd1,a6ce4f7ce317c872feacba9db9212f33068858423372698129528317559e2d1d,682cac9509a7b65baf715e5aea285ff723c19bb51ed7e8c219527cd44c615dd1,a6ce4f7ce317c872feacba9db9212f33068858423372698129528317559e2d1d,4f416fca1e6ffd201c9397409a44775b59d213685b8c2bdde5d0f85cde9734c5,0.0,False
11,2,reversal,none,reversal,0.35,test,Oracle-Rank+Residual,0.5840298250022368,0.8449319255282346,0.8963502563633032,0.859375,0.3076923076923077,0.0011647445687796775,-2.2203579716664863,1.0,128,target_only,oracle_rank,[1.374014205875349e-20],a7b6a7b5e94873c180b1d57754fc716642e2171b727474b55825b5ac16430179,reversal,682cac9509a7b65baf715e5aea285ff723c19bb51ed7e8c219527cd44c615dd1,a6ce4f7ce317c872feacba9db9212f33068858423372698129528317559e2d1d,682cac9509a7b65baf715e5aea285ff723c19bb51ed7e8c219527cd44c615dd1,a6ce4f7ce317c872feacba9db9212f33068858423372698129528317559e2d1d,4f416fca1e6ffd201c9397409a44775b59d213685b8c2bdde5d0f85cde9734c5,0.0,False
11,2,reversal,none,reversal,0.35,test,Oracle-Value+Residual,0.5840298250022368,0.8449319255282346,0.8963502563633032,0.859375,0.3076923076923077,0.0011647445687796775,-2.2203579716664863,1.0,128,target_only,oracle_value,[1.4108237431339586e-20],a7b6a7b5e94873c180b1d57754fc716642e2171b727474b55825b5ac16430179,reversal,682cac9509a7b65baf715e5aea285ff723c19bb51ed7e8c219527cd44c615dd1,a6ce4f7ce317c872feacba9db9212f33068858423372698129528317559e2d1d,682cac9509a7b65baf715e5aea285ff723c19bb51ed7e8c219527cd44c615dd1,a6ce4f7ce317c872feacba9db9212f33068858423372698129528317559e2d1d,4f416fca1e6ffd201c9397409a44775b59d213685b8c2bdde5d0f85cde9734c5,0.0,False
11,2,reversal,none,reversal,0.35,test,Oracle-Rank+Value+Residual,0.5840298250022368,0.8449319255282346,0.8963502563633032,0.859375,0.3076923076923077,0.0011647445687796775,-2.2203579716664863,1.0,128,target_only,oracle_rank|oracle_value,"[5.535327869317204e-21, 9.138323053619322e-21]",a7b6a7b5e94873c180b1d57754fc716642e2171b727474b55825b5ac16430179,reversal,682cac9509a7b65baf715e5aea285ff723c19bb51ed7e8c219527cd44c615dd1,a6ce4f7ce317c872feacba9db9212f33068858423372698129528317559e2d1d,682cac9509a7b65baf715e5aea285ff723c19bb51ed7e8c219527cd44c615dd1,a6ce4f7ce317c872feacba9db9212f33068858423372698129528317559e2d1d,4f416fca1e6ffd201c9397409a44775b59d213685b8c2bdde5d0f85cde9734c5,0.0,False
11,2,reversal,none,reversal,0.7,test,Target-Only,1.2619483475925801,0.6108227877689154,0.7520371726789965,0.7662401574803149,0.0,0.056861581298315284,-0.9648859941995994,0.9140625,128,target_only,none,[],a7b6a7b5e94873c180b1d57754fc716642e2171b727474b55825b5ac16430179,reversal,682cac9509a7b65baf715e5aea285ff723c19bb51ed7e8c219527cd44c615dd1,a5562d7b09c8bbeeade4336821b21b69107285dc6cd70389b2ad4dbf9d8dd130,682cac9509a7b65baf715e5aea285ff723c19bb51ed7e8c219527cd44c615dd1,a5562d7b09c8bbeeade4336821b21b69107285dc6cd70389b2ad4dbf9d8dd130,8f3e5394de2dbe460d3d269e35d671c82187b9a55fbe033c94820fbb5df7f76b,0.0,False
11,2,reversal,none,reversal,0.7,test,Geometry-Prior+Residual,1.2619483475925801,0.6108227877689154,0.7520371726789965,0.7662401574803149,0.0,0.056861581298315284,-0.9648859941995994,0.9140625,128,target_only,geometry,[1.0894104376642621e-20],a7b6a7b5e94873c180b1d57754fc716642e2171b727474b55825b5ac16430179,reversal,682cac9509a7b65baf715e5aea285ff723c19bb51ed7e8c219527cd44c615dd1,a5562d7b09c8bbeeade4336821b21b69107285dc6cd70389b2ad4dbf9d8dd130,682cac9509a7b65baf715e5aea285ff723c19bb51ed7e8c219527cd44c615dd1,a5562d7b09c8bbeeade4336821b21b69107285dc6cd70389b2ad4dbf9d8dd130,8f3e5394de2dbe460d3d269e35d671c82187b9a55fbe033c94820fbb5df7f76b,0.0,False
11,2,reversal,none,reversal,0.7,test,Oracle-Rank+Residual,1.2619483475925801,0.6108227877689154,0.7520371726789965,0.7662401574803149,0.0,0.056861581298315284,-0.9648859941995994,0.9140625,128,target_only,oracle_rank,[1.374014205875349e-20],a7b6a7b5e94873c180b1d57754fc716642e2171b727474b55825b5ac16430179,reversal,682cac9509a7b65baf715e5aea285ff723c19bb51ed7e8c219527cd44c615dd1,a5562d7b09c8bbeeade4336821b21b69107285dc6cd70389b2ad4dbf9d8dd130,682cac9509a7b65baf715e5aea285ff723c19bb51ed7e8c219527cd44c615dd1,a5562d7b09c8bbeeade4336821b21b69107285dc6cd70389b2ad4dbf9d8dd130,8f3e5394de2dbe460d3d269e35d671c82187b9a55fbe033c94820fbb5df7f76b,0.0,False
11,2,reversal,none,reversal,0.7,test,Oracle-Value+Residual,1.2619483475925801,0.6108227877689154,0.7520371726789965,0.7662401574803149,0.0,0.056861581298315284,-0.9648859941995994,0.9140625,128,target_only,oracle_value,[1.4108237431339586e-20],a7b6a7b5e94873c180b1d57754fc716642e2171b727474b55825b5ac16430179,reversal,682cac9509a7b65baf715e5aea285ff723c19bb51ed7e8c219527cd44c615dd1,a5562d7b09c8bbeeade4336821b21b69107285dc6cd70389b2ad4dbf9d8dd130,682cac9509a7b65baf715e5aea285ff723c19bb51ed7e8c219527cd44c615dd1,a5562d7b09c8bbeeade4336821b21b69107285dc6cd70389b2ad4dbf9d8dd130,8f3e5394de2dbe460d3d269e35d671c82187b9a55fbe033c94820fbb5df7f76b,0.0,False
11,2,reversal,none,reversal,0.7,test,Oracle-Rank+Value+Residual,1.2619483475925801,0.6108227877689154,0.7520371726789965,0.7662401574803149,0.0,0.056861581298315284,-0.9648859941995994,0.9140625,128,target_only,oracle_rank|oracle_value,"[5.535327869317204e-21, 9.138323053619322e-21]",a7b6a7b5e94873c180b1d57754fc716642e2171b727474b55825b5ac16430179,reversal,682cac9509a7b65baf715e5aea285ff723c19bb51ed7e8c219527cd44c615dd1,a5562d7b09c8bbeeade4336821b21b69107285dc6cd70389b2ad4dbf9d8dd130,682cac9509a7b65baf715e5aea285ff723c19bb51ed7e8c219527cd44c615dd1,a5562d7b09c8bbeeade4336821b21b69107285dc6cd70389b2ad4dbf9d8dd130,8f3e5394de2dbe460d3d269e35d671c82187b9a55fbe033c94820fbb5df7f76b,0.0,False
11,2,reversal,none,reversal,1.0,test,Target-Only,0.9583178988702489,0.6048110228323216,0.6727705548434352,0.733636811023622,0.0,0.13009486591122515,0.339096223035818,0.7109375,128,target_only,none,[],a7b6a7b5e94873c180b1d57754fc716642e2171b727474b55825b5ac16430179,reversal,682cac9509a7b65baf715e5aea285ff723c19bb51ed7e8c219527cd44c615dd1,1d0d02144ea2ea3555cd97b7c66a0c460830c1dbacb3d178a35391789764ca60,682cac9509a7b65baf715e5aea285ff723c19bb51ed7e8c219527cd44c615dd1,1d0d02144ea2ea3555cd97b7c66a0c460830c1dbacb3d178a35391789764ca60,26ff75fb0063412807336202c33bddd59af5691fb19a131cee29ba9d5774f580,0.0,False
11,2,reversal,none,reversal,1.0,test,Geometry-Prior+Residual,0.9583178988702489,0.6048110228323216,0.6727705548434352,0.733636811023622,0.0,0.13009486591122515,0.339096223035818,0.7109375,128,target_only,geometry,[1.0894104376642621e-20],a7b6a7b5e94873c180b1d57754fc716642e2171b727474b55825b5ac16430179,reversal,682cac9509a7b65baf715e5aea285ff723c19bb51ed7e8c219527cd44c615dd1,1d0d02144ea2ea3555cd97b7c66a0c460830c1dbacb3d178a35391789764ca60,682cac9509a7b65baf715e5aea285ff723c19bb51ed7e8c219527cd44c615dd1,1d0d02144ea2ea3555cd97b7c66a0c460830c1dbacb3d178a35391789764ca60,26ff75fb0063412807336202c33bddd59af5691fb19a131cee29ba9d5774f580,0.0,False
11,2,reversal,none,reversal,1.0,test,Oracle-Rank+Residual,0.9583178988702489,0.6048110228323216,0.6727705548434352,0.733636811023622,0.0,0.13009486591122515,0.339096223035818,0.7109375,128,target_only,oracle_rank,[1.374014205875349e-20],a7b6a7b5e94873c180b1d57754fc716642e2171b727474b55825b5ac16430179,reversal,682cac9509a7b65baf715e5aea285ff723c19bb51ed7e8c219527cd44c615dd1,1d0d02144ea2ea3555cd97b7c66a0c460830c1dbacb3d178a35391789764ca60,682cac9509a7b65baf715e5aea285ff723c19bb51ed7e8c219527cd44c615dd1,1d0d02144ea2ea3555cd97b7c66a0c460830c1dbacb3d178a35391789764ca60,26ff75fb0063412807336202c33bddd59af5691fb19a131cee29ba9d5774f580,0.0,False
11,2,reversal,none,reversal,1.0,test,Oracle-Value+Residual,0.9583178988702489,0.6048110228323216,0.6727705548434352,0.733636811023622,0.0,0.13009486591122515,0.339096223035818,0.7109375,128,target_only,oracle_value,[1.4108237431339586e-20],a7b6a7b5e94873c180b1d57754fc716642e2171b727474b55825b5ac16430179,reversal,682cac9509a7b65baf715e5aea285ff723c19bb51ed7e8c219527cd44c615dd1,1d0d02144ea2ea3555cd97b7c66a0c460830c1dbacb3d178a35391789764ca60,682cac9509a7b65baf715e5aea285ff723c19bb51ed7e8c219527cd44c615dd1,1d0d02144ea2ea3555cd97b7c66a0c460830c1dbacb3d178a35391789764ca60,26ff75fb0063412807336202c33bddd59af5691fb19a131cee29ba9d5774f580,0.0,False
11,2,reversal,none,reversal,1.0,test,Oracle-Rank+Value+Residual,0.9583178988702489,0.6048110228323216,0.6727705548434352,0.733636811023622,0.0,0.13009486591122515,0.339096223035818,0.7109375,128,target_only,oracle_rank|oracle_value,"[5.535327869317204e-21, 9.138323053619322e-21]",a7b6a7b5e94873c180b1d57754fc716642e2171b727474b55825b5ac16430179,reversal,682cac9509a7b65baf715e5aea285ff723c19bb51ed7e8c219527cd44c615dd1,1d0d02144ea2ea3555cd97b7c66a0c460830c1dbacb3d178a35391789764ca60,682cac9509a7b65baf715e5aea285ff723c19bb51ed7e8c219527cd44c615dd1,1d0d02144ea2ea3555cd97b7c66a0c460830c1dbacb3d178a35391789764ca60,26ff75fb0063412807336202c33bddd59af5691fb19a131cee29ba9d5774f580,0.0,False
11,2,independent_expert,none,independent_expert,0.35,test,Target-Only,0.5840298250022368,0.9279942052699574,0.8963502563633032,0.859375,0.46153846153846156,0.008472665198335097,-2.2203579716664863,1.0,128,target_only,none,[],63269ca1ef7fbd2cb3b7439aa1225a482eb0677191083a9306f3c6d8f40b4f41,independent_expert,682cac9509a7b65baf715e5aea285ff723c19bb51ed7e8c219527cd44c615dd1,a6ce4f7ce317c872feacba9db9212f33068858423372698129528317559e2d1d,682cac9509a7b65baf715e5aea285ff723c19bb51ed7e8c219527cd44c615dd1,a6ce4f7ce317c872feacba9db9212f33068858423372698129528317559e2d1d,1946cd5a4b2aac227647192282144c67350fb74f45b3710b1a58e267f515bda0,0.0,False
11,2,independent_expert,none,independent_expert,0.35,test,Geometry-Prior+Residual,0.650495393599426,0.8912542441581371,0.9038809284013917,0.8644192913385826,0.46153846153846156,0.06048269965976218,-2.089344002813716,0.78125,128,calibrated,geometry,[0.20096052647719906],63269ca1ef7fbd2cb3b7439aa1225a482eb0677191083a9306f3c6d8f40b4f41,independent_expert,682cac9509a7b65baf715e5aea285ff723c19bb51ed7e8c219527cd44c615dd1,a6ce4f7ce317c872feacba9db9212f33068858423372698129528317559e2d1d,682cac9509a7b65baf715e5aea285ff723c19bb51ed7e8c219527cd44c615dd1,a6ce4f7ce317c872feacba9db9212f33068858423372698129528317559e2d1d,1946cd5a4b2aac227647192282144c67350fb74f45b3710b1a58e267f515bda0,0.06646556859718922,True
11,2,independent_expert,none,independent_expert,0.35,test,Oracle-Rank+Residual,2.9889233070477697,0.9455016511035108,0.6737033052554476,0.7437253937007874,0.5384615384615384,0.006091611578216419,13.825241947766436,0.15625,128,calibrated,oracle_rank,[0.17476000470384037],63269ca1ef7fbd2cb3b7439aa1225a482eb0677191083a9306f3c6d8f40b4f41,independent_expert,682cac9509a7b65baf715e5aea285ff723c19bb51ed7e8c219527cd44c615dd1,a6ce4f7ce317c872feacba9db9212f33068858423372698129528317559e2d1d,682cac9509a7b65baf715e5aea285ff723c19bb51ed7e8c219527cd44c615dd1,a6ce4f7ce317c872feacba9db9212f33068858423372698129528317559e2d1d,1946cd5a4b2aac227647192282144c67350fb74f45b3710b1a58e267f515bda0,2.4048934820455328,True
11,2,independent_expert,none,independent_expert,0.35,test,Oracle-Value+Residual,2.963528582626697,0.9366818755346734,0.7111449368247573,0.7611958661417323,0.5384615384615384,0.023801636887321127,14.130951305239616,0.09375,128,calibrated,oracle_value,[0.17812173233440054],63269ca1ef7fbd2cb3b7439aa1225a482eb0677191083a9306f3c6d8f40b4f41,independent_expert,682cac9509a7b65baf715e5aea285ff723c19bb51ed7e8c219527cd44c615dd1,a6ce4f7ce317c872feacba9db9212f33068858423372698129528317559e2d1d,682cac9509a7b65baf715e5aea285ff723c19bb51ed7e8c219527cd44c615dd1,a6ce4f7ce317c872feacba9db9212f33068858423372698129528317559e2d1d,1946cd5a4b2aac227647192282144c67350fb74f45b3710b1a58e267f515bda0,2.37949875762446,True
11,2,independent_expert,none,independent_expert,0.35,test,Oracle-Rank+Value+Residual,3.09951933086219,0.9435544821186006,0.6946816059329792,0.7549212598425197,0.5384615384615384,0.006091611578216419,15.492224591834752,0.1015625,128,calibrated,oracle_rank|oracle_value,"[0.07139187665529376, 0.11255965836427924]",63269ca1ef7fbd2cb3b7439aa1225a482eb0677191083a9306f3c6d8f40b4f41,independent_expert,682cac9509a7b65baf715e5aea285ff723c19bb51ed7e8c219527cd44c615dd1,a6ce4f7ce317c872feacba9db9212f33068858423372698129528317559e2d1d,682cac9509a7b65baf715e5aea285ff723c19bb51ed7e8c219527cd44c615dd1,a6ce4f7ce317c872feacba9db9212f33068858423372698129528317559e2d1d,1946cd5a4b2aac227647192282144c67350fb74f45b3710b1a58e267f515bda0,2.515489505859953,True
11,2,independent_expert,none,independent_expert,0.7,test,Target-Only,1.2619483475925801,0.8611096820359903,0.7520371726789965,0.7662401574803149,0.38461538461538464,0.14589374374637054,-0.9648859941995994,0.9140625,128,target_only,none,[],63269ca1ef7fbd2cb3b7439aa1225a482eb0677191083a9306f3c6d8f40b4f41,independent_expert,682cac9509a7b65baf715e5aea285ff723c19bb51ed7e8c219527cd44c615dd1,a5562d7b09c8bbeeade4336821b21b69107285dc6cd70389b2ad4dbf9d8dd130,682cac9509a7b65baf715e5aea285ff723c19bb51ed7e8c219527cd44c615dd1,a5562d7b09c8bbeeade4336821b21b69107285dc6cd70389b2ad4dbf9d8dd130,859a3e95a7be59c235dab59079f8d71445a281e3ca57da5f4ad68691bec3b52b,0.0,False
11,2,independent_expert,none,independent_expert,0.7,test,Geometry-Prior+Residual,0.9768705568933557,0.9246168611975488,0.8035158395898188,0.7952755905511811,0.5384615384615384,0.0622331979600484,-0.7727004225681922,0.7265625,128,calibrated,geometry,[0.20096052647719906],63269ca1ef7fbd2cb3b7439aa1225a482eb0677191083a9306f3c6d8f40b4f41,independent_expert,682cac9509a7b65baf715e5aea285ff723c19bb51ed7e8c219527cd44c615dd1,a5562d7b09c8bbeeade4336821b21b69107285dc6cd70389b2ad4dbf9d8dd130,682cac9509a7b65baf715e5aea285ff723c19bb51ed7e8c219527cd44c615dd1,a5562d7b09c8bbeeade4336821b21b69107285dc6cd70389b2ad4dbf9d8dd130,859a3e95a7be59c235dab59079f8d71445a281e3ca57da5f4ad68691bec3b52b,-0.28507779069922445,False
11,2,independent_expert,none,independent_expert,0.7,test,Oracle-Rank+Residual,2.030178008269722,0.5549683552729342,0.39689960629921256,0.64185531496063,0.15384615384615385,0.9321068056224959,2.166774219421103,0.453125,128,calibrated,oracle_rank,[0.17476000470384037],63269ca1ef7fbd2cb3b7439aa1225a482eb0677191083a9306f3c6d8f40b4f41,independent_expert,682cac9509a7b65baf715e5aea285ff723c19bb51ed7e8c219527cd44c615dd1,a5562d7b09c8bbeeade4336821b21b69107285dc6cd70389b2ad4dbf9d8dd130,682cac9509a7b65baf715e5aea285ff723c19bb51ed7e8c219527cd44c615dd1,a5562d7b09c8bbeeade4336821b21b69107285dc6cd70389b2ad4dbf9d8dd130,859a3e95a7be59c235dab59079f8d71445a281e3ca57da5f4ad68691bec3b52b,0.7682296606771419,True
11,2,independent_expert,none,independent_expert,0.7,test,Oracle-Value+Residual,2.10853697936665,0.5004470552969716,0.3396928218275041,0.6230314960629921,0.15384615384615385,0.9321068056224959,2.6657180124971154,0.40625,128,calibrated,oracle_value,[0.17812173233440054],63269ca1ef7fbd2cb3b7439aa1225a482eb0677191083a9306f3c6d8f40b4f41,independent_expert,682cac9509a7b65baf715e5aea285ff723c19bb51ed7e8c219527cd44c615dd1,a5562d7b09c8bbeeade4336821b21b69107285dc6cd70389b2ad4dbf9d8dd130,682cac9509a7b65baf715e5aea285ff723c19bb51ed7e8c219527cd44c615dd1,a5562d7b09c8bbeeade4336821b21b69107285dc6cd70389b2ad4dbf9d8dd130,859a3e95a7be59c235dab59079f8d71445a281e3ca57da5f4ad68691bec3b52b,0.8465886317740698,True
11,2,independent_expert,none,independent_expert,0.7,test,Oracle-Rank+Value+Residual,2.1514405394432576,0.4966318258960725,0.33347830067753154,0.6199557086614174,0.15384615384615385,0.9321068056224959,2.874735018359523,0.3984375,128,calibrated,oracle_rank|oracle_value,"[0.07139187665529376, 0.11255965836427924]",63269ca1ef7fbd2cb3b7439aa1225a482eb0677191083a9306f3c6d8f40b4f41,independent_expert,682cac9509a7b65baf715e5aea285ff723c19bb51ed7e8c219527cd44c615dd1,a5562d7b09c8bbeeade4336821b21b69107285dc6cd70389b2ad4dbf9d8dd130,682cac9509a7b65baf715e5aea285ff723c19bb51ed7e8c219527cd44c615dd1,a5562d7b09c8bbeeade4336821b21b69107285dc6cd70389b2ad4dbf9d8dd130,859a3e95a7be59c235dab59079f8d71445a281e3ca57da5f4ad68691bec3b52b,0.8894921918506775,True
11,2,independent_expert,none,independent_expert,1.0,test,Target-Only,0.9583178988702489,0.7224617751106824,0.6727705548434352,0.733636811023622,0.07692307692307693,0.2631510590594275,0.339096223035818,0.7109375,128,target_only,none,[],63269ca1ef7fbd2cb3b7439aa1225a482eb0677191083a9306f3c6d8f40b4f41,independent_expert,682cac9509a7b65baf715e5aea285ff723c19bb51ed7e8c219527cd44c615dd1,1d0d02144ea2ea3555cd97b7c66a0c460830c1dbacb3d178a35391789764ca60,682cac9509a7b65baf715e5aea285ff723c19bb51ed7e8c219527cd44c615dd1,1d0d02144ea2ea3555cd97b7c66a0c460830c1dbacb3d178a35391789764ca60,6182861a06a1269d0929f66b7d805dea0db4437a1654df9c43ef7db207e39d07,0.0,False
11,2,independent_expert,none,independent_expert,1.0,test,Geometry-Prior+Residual,0.65189490336793,0.9267605770216695,0.7771069859000183,0.7781742125984252,0.5384615384615384,0.04129632051517973,0.31952217291264223,0.46875,128,calibrated,geometry,[0.20096052647719906],63269ca1ef7fbd2cb3b7439aa1225a482eb0677191083a9306f3c6d8f40b4f41,independent_expert,682cac9509a7b65baf715e5aea285ff723c19bb51ed7e8c219527cd44c615dd1,1d0d02144ea2ea3555cd97b7c66a0c460830c1dbacb3d178a35391789764ca60,682cac9509a7b65baf715e5aea285ff723c19bb51ed7e8c219527cd44c615dd1,1d0d02144ea2ea3555cd97b7c66a0c460830c1dbacb3d178a35391789764ca60,6182861a06a1269d0929f66b7d805dea0db4437a1654df9c43ef7db207e39d07,-0.3064229955023189,False
11,2,independent_expert,none,independent_expert,1.0,test,Oracle-Rank+Residual,1.6220612142350974,0.7257163419317598,0.4766011261673686,0.6593257874015748,0.0,0.232095965716298,8.96747460302483,0.2890625,128,calibrated,oracle_rank,[0.17476000470384037],63269ca1ef7fbd2cb3b7439aa1225a482eb0677191083a9306f3c6d8f40b4f41,independent_expert,682cac9509a7b65baf715e5aea285ff723c19bb51ed7e8c219527cd44c615dd1,1d0d02144ea2ea3555cd97b7c66a0c460830c1dbacb3d178a35391789764ca60,682cac9509a7b65baf715e5aea285ff723c19bb51ed7e8c219527cd44c615dd1,1d0d02144ea2ea3555cd97b7c66a0c460830c1dbacb3d178a35391789764ca60,6182861a06a1269d0929f66b7d805dea0db4437a1654df9c43ef7db207e39d07,0.6637433153648485,True
11,2,independent_expert,none,independent_expert,1.0,test,Oracle-Value+Residual,1.6468605575339417,0.7063061227838826,0.41953167917963735,0.6461614173228346,0.0,0.232095965716298,9.63417736811941,0.328125,128,calibrated,oracle_value,[0.17812173233440054],63269ca1ef7fbd2cb3b7439aa1225a482eb0677191083a9306f3c6d8f40b4f41,independent_expert,682cac9509a7b65baf715e5aea285ff723c19bb51ed7e8c219527cd44c615dd1,1d0d02144ea2ea3555cd97b7c66a0c460830c1dbacb3d178a35391789764ca60,682cac9509a7b65baf715e5aea285ff723c19bb51ed7e8c219527cd44c615dd1,1d0d02144ea2ea3555cd97b7c66a0c460830c1dbacb3d178a35391789764ca60,6182861a06a1269d0929f66b7d805dea0db4437a1654df9c43ef7db207e39d07,0.6885426586636928,True
11,2,independent_expert,none,independent_expert,1.0,test,Oracle-Rank+Value+Residual,1.6706117310479254,0.703929633619109,0.41804385643655,0.6448080708661418,0.0,0.232095965716298,9.927825203627034,0.28125,128,calibrated,oracle_rank|oracle_value,"[0.07139187665529376, 0.11255965836427924]",63269ca1ef7fbd2cb3b7439aa1225a482eb0677191083a9306f3c6d8f40b4f41,independent_expert,682cac9509a7b65baf715e5aea285ff723c19bb51ed7e8c219527cd44c615dd1,1d0d02144ea2ea3555cd97b7c66a0c460830c1dbacb3d178a35391789764ca60,682cac9509a7b65baf715e5aea285ff723c19bb51ed7e8c219527cd44c615dd1,1d0d02144ea2ea3555cd97b7c66a0c460830c1dbacb3d178a35391789764ca60,6182861a06a1269d0929f66b7d805dea0db4437a1654df9c43ef7db207e39d07,0.7122938321776765,True
23,2,identity,none,identity,0.35,test,Target-Only,0.5553449916710508,0.8314918438289127,0.8292151162790697,0.8046259842519685,0.38461538461538464,0.17610356911018898,-2.153895546339257,1.0,128,target_only,none,[],1e2b8f16112f04d802e85873321fc043a421338f64c6699d67dd2853d652031f,identity,1d5ba15d346afd65dd2bc5d0b35beaa225f8f06e4b54fc12091f0e43ff707cd2,46300733987cce7b063624fecbb4d56c78b327d44d6e84691cb2ca75f853dd51,1d5ba15d346afd65dd2bc5d0b35beaa225f8f06e4b54fc12091f0e43ff707cd2,46300733987cce7b063624fecbb4d56c78b327d44d6e84691cb2ca75f853dd51,463ead8052fa1ebe4e30f42fe84fb7898c1ca3e70d100a0b6d26a65dd96cd5d0,0.0,False
23,2,identity,none,identity,0.35,test,Geometry-Prior+Residual,0.5871586083440782,0.805644152836676,0.8148404596227796,0.7936761811023622,0.3076923076923077,0.17610356911018898,-0.8179445653492932,0.53125,128,calibrated,geometry,[0.22202299820501906],1e2b8f16112f04d802e85873321fc043a421338f64c6699d67dd2853d652031f,identity,1d5ba15d346afd65dd2bc5d0b35beaa225f8f06e4b54fc12091f0e43ff707cd2,46300733987cce7b063624fecbb4d56c78b327d44d6e84691cb2ca75f853dd51,1d5ba15d346afd65dd2bc5d0b35beaa225f8f06e4b54fc12091f0e43ff707cd2,46300733987cce7b063624fecbb4d56c78b327d44d6e84691cb2ca75f853dd51,463ead8052fa1ebe4e30f42fe84fb7898c1ca3e70d100a0b6d26a65dd96cd5d0,0.0318136166730274,True
23,2,identity,none,identity,0.35,test,Oracle-Rank+Residual,0.3422226389896276,0.9196141281192787,0.8973974546786303,0.8630659448818898,0.38461538461538464,0.008678662628411203,-1.8095774416970576,0.671875,128,calibrated,oracle_rank,[0.23612164461113763],1e2b8f16112f04d802e85873321fc043a421338f64c6699d67dd2853d652031f,identity,1d5ba15d346afd65dd2bc5d0b35beaa225f8f06e4b54fc12091f0e43ff707cd2,46300733987cce7b063624fecbb4d56c78b327d44d6e84691cb2ca75f853dd51,1d5ba15d346afd65dd2bc5d0b35beaa225f8f06e4b54fc12091f0e43ff707cd2,46300733987cce7b063624fecbb4d56c78b327d44d6e84691cb2ca75f853dd51,463ead8052fa1ebe4e30f42fe84fb7898c1ca3e70d100a0b6d26a65dd96cd5d0,-0.21312235268142316,False
23,2,identity,none,identity,0.35,test,Oracle-Value+Residual,0.06069746603258046,0.995491822759032,0.9556399926753342,0.9296259842519685,0.9230769230769231,0.0008297728303856111,-4.329263132557315,0.8828125,128,calibrated,oracle_value,[0.24325650187113346],1e2b8f16112f04d802e85873321fc043a421338f64c6699d67dd2853d652031f,identity,1d5ba15d346afd65dd2bc5d0b35beaa225f8f06e4b54fc12091f0e43ff707cd2,46300733987cce7b063624fecbb4d56c78b327d44d6e84691cb2ca75f853dd51,1d5ba15d346afd65dd2bc5d0b35beaa225f8f06e4b54fc12091f0e43ff707cd2,46300733987cce7b063624fecbb4d56c78b327d44d6e84691cb2ca75f853dd51,463ead8052fa1ebe4e30f42fe84fb7898c1ca3e70d100a0b6d26a65dd96cd5d0,-0.4946475256384703,False
23,2,identity,none,identity,0.35,test,Oracle-Rank+Value+Residual,0.13933326469392826,0.9766806912077904,0.9394513367515107,0.906126968503937,0.6923076923076923,0.005759108518327407,-2.72631201625516,0.671875,128,calibrated,oracle_rank|oracle_value,"[0.09151085310699664, 0.16112476377687007]",1e2b8f16112f04d802e85873321fc043a421338f64c6699d67dd2853d652031f,identity,1d5ba15d346afd65dd2bc5d0b35beaa225f8f06e4b54fc12091f0e43ff707cd2,46300733987cce7b063624fecbb4d56c78b327d44d6e84691cb2ca75f853dd51,1d5ba15d346afd65dd2bc5d0b35beaa225f8f06e4b54fc12091f0e43ff707cd2,46300733987cce7b063624fecbb4d56c78b327d44d6e84691cb2ca75f853dd51,463ead8052fa1ebe4e30f42fe84fb7898c1ca3e70d100a0b6d26a65dd96cd5d0,-0.4160117269771225,False
23,2,identity,none,identity,0.7,test,Target-Only,1.2532709830827233,0.8031542377304016,0.8166887932613075,0.8088090551181102,0.3076923076923077,0.4484878062192095,-1.0623038993437164,0.9140625,128,target_only,none,[],1e2b8f16112f04d802e85873321fc043a421338f64c6699d67dd2853d652031f,identity,1d5ba15d346afd65dd2bc5d0b35beaa225f8f06e4b54fc12091f0e43ff707cd2,be74c031c2231d61a535fa05b69d02be31fc2054cc92b7f310177e8836ac864e,1d5ba15d346afd65dd2bc5d0b35beaa225f8f06e4b54fc12091f0e43ff707cd2,be74c031c2231d61a535fa05b69d02be31fc2054cc92b7f310177e8836ac864e,0b3da6e179ac561715843f8d81ba35e316afd159a5a99089685505ef730e3a58,0.0,False
23,2,identity,none,identity,0.7,test,Geometry-Prior+Residual,0.9724840419020624,0.8780724753655422,0.8461476835744368,0.8222194881889764,0.38461538461538464,0.15192257843600146,0.23207601329238028,0.484375,128,calibrated,geometry,[0.22202299820501906],1e2b8f16112f04d802e85873321fc043a421338f64c6699d67dd2853d652031f,identity,1d5ba15d346afd65dd2bc5d0b35beaa225f8f06e4b54fc12091f0e43ff707cd2,be74c031c2231d61a535fa05b69d02be31fc2054cc92b7f310177e8836ac864e,1d5ba15d346afd65dd2bc5d0b35beaa225f8f06e4b54fc12091f0e43ff707cd2,be74c031c2231d61a535fa05b69d02be31fc2054cc92b7f310177e8836ac864e,0b3da6e179ac561715843f8d81ba35e316afd159a5a99089685505ef730e3a58,-0.28078694118066094,False
23,2,identity,none,identity,0.7,test,Oracle-Rank+Residual,0.7401159518083458,0.9755533431961279,0.7989264786669108,0.8150836614173228,0.6923076923076923,0.002214537969933959,0.7426543845352556,0.59375,128,calibrated,oracle_rank,[0.23612164461113763],1e2b8f16112f04d802e85873321fc043a421338f64c6699d67dd2853d652031f,identity,1d5ba15d346afd65dd2bc5d0b35beaa225f8f06e4b54fc12091f0e43ff707cd2,be74c031c2231d61a535fa05b69d02be31fc2054cc92b7f310177e8836ac864e,1d5ba15d346afd65dd2bc5d0b35beaa225f8f06e4b54fc12091f0e43ff707cd2,be74c031c2231d61a535fa05b69d02be31fc2054cc92b7f310177e8836ac864e,0b3da6e179ac561715843f8d81ba35e316afd159a5a99089685505ef730e3a58,-0.5131550312743776,False
23,2,identity,none,identity,0.7,test,Oracle-Value+Residual,0.13173582775466877,0.9995569428965732,0.9189308276872368,0.8960383858267716,1.0,0.0,-2.8197872472492307,0.8203125,128,calibrated,oracle_value,[0.24325650187113346],1e2b8f16112f04d802e85873321fc043a421338f64c6699d67dd2853d652031f,identity,1d5ba15d346afd65dd2bc5d0b35beaa225f8f06e4b54fc12091f0e43ff707cd2,be74c031c2231d61a535fa05b69d02be31fc2054cc92b7f310177e8836ac864e,1d5ba15d346afd65dd2bc5d0b35beaa225f8f06e4b54fc12091f0e43ff707cd2,be74c031c2231d61a535fa05b69d02be31fc2054cc92b7f310177e8836ac864e,0b3da6e179ac561715843f8d81ba35e316afd159a5a99089685505ef730e3a58,-1.1215351553280546,False
23,2,identity,none,identity,0.7,test,Oracle-Rank+Value+Residual,0.2977775753156353,0.9945463164483931,0.847618339132027,0.8453494094488189,0.9230769230769231,0.002214537969933959,-0.34338781008051167,0.5859375,128,calibrated,oracle_rank|oracle_value,"[0.09151085310699664, 0.16112476377687007]",1e2b8f16112f04d802e85873321fc043a421338f64c6699d67dd2853d652031f,identity,1d5ba15d346afd65dd2bc5d0b35beaa225f8f06e4b54fc12091f0e43ff707cd2,be74c031c2231d61a535fa05b69d02be31fc2054cc92b7f310177e8836ac864e,1d5ba15d346afd65dd2bc5d0b35beaa225f8f06e4b54fc12091f0e43ff707cd2,be74c031c2231d61a535fa05b69d02be31fc2054cc92b7f310177e8836ac864e,0b3da6e179ac561715843f8d81ba35e316afd159a5a99089685505ef730e3a58,-0.955493407767088,False
23,2,identity,none,identity,1.0,test,Target-Only,0.8592706737337361,0.8544698255166365,0.7662630470609777,0.7722687007874016,0.3076923076923077,0.0962083372317514,0.16752484514746152,0.7265625,128,target_only,none,[],1e2b8f16112f04d802e85873321fc043a421338f64c6699d67dd2853d652031f,identity,1d5ba15d346afd65dd2bc5d0b35beaa225f8f06e4b54fc12091f0e43ff707cd2,4ebc936fe17b2e1eb9dcf5fdf42e89b13ded9a858bf19735516da343f6441796,1d5ba15d346afd65dd2bc5d0b35beaa225f8f06e4b54fc12091f0e43ff707cd2,4ebc936fe17b2e1eb9dcf5fdf42e89b13ded9a858bf19735516da343f6441796,b4a51fe3eba0853728fbb33684c100a86e588a30ec3d01759ec75bcfe218034e,0.0,False
23,2,identity,none,identity,1.0,test,Geometry-Prior+Residual,0.6580944811454555,0.8772749629519516,0.7887863944332539,0.7887549212598425,0.38461538461538464,0.0899815723764033,2.332935985685865,0.4140625,128,calibrated,geometry,[0.22202299820501906],1e2b8f16112f04d802e85873321fc043a421338f64c6699d67dd2853d652031f,identity,1d5ba15d346afd65dd2bc5d0b35beaa225f8f06e4b54fc12091f0e43ff707cd2,4ebc936fe17b2e1eb9dcf5fdf42e89b13ded9a858bf19735516da343f6441796,1d5ba15d346afd65dd2bc5d0b35beaa225f8f06e4b54fc12091f0e43ff707cd2,4ebc936fe17b2e1eb9dcf5fdf42e89b13ded9a858bf19735516da343f6441796,b4a51fe3eba0853728fbb33684c100a86e588a30ec3d01759ec75bcfe218034e,-0.20117619258828057,False
23,2,identity,none,identity,1.0,test,Oracle-Rank+Residual,0.5159740220703027,0.9893161348586572,0.9075775956784472,0.8727854330708661,0.7692307692307693,0.0015098174898475277,5.607435691887491,0.3828125,128,calibrated,oracle_rank,[0.23612164461113763],1e2b8f16112f04d802e85873321fc043a421338f64c6699d67dd2853d652031f,identity,1d5ba15d346afd65dd2bc5d0b35beaa225f8f06e4b54fc12091f0e43ff707cd2,4ebc936fe17b2e1eb9dcf5fdf42e89b13ded9a858bf19735516da343f6441796,1d5ba15d346afd65dd2bc5d0b35beaa225f8f06e4b54fc12091f0e43ff707cd2,4ebc936fe17b2e1eb9dcf5fdf42e89b13ded9a858bf19735516da343f6441796,b4a51fe3eba0853728fbb33684c100a86e588a30ec3d01759ec75bcfe218034e,-0.34329665166343337,False
23,2,identity,none,identity,1.0,test,Oracle-Value+Residual,0.11930992858182489,0.9995787724633205,0.977470930232558,0.9517716535433071,1.0,0.0,1.1392993028119667,0.65625,128,calibrated,oracle_value,[0.24325650187113346],1e2b8f16112f04d802e85873321fc043a421338f64c6699d67dd2853d652031f,identity,1d5ba15d346afd65dd2bc5d0b35beaa225f8f06e4b54fc12091f0e43ff707cd2,4ebc936fe17b2e1eb9dcf5fdf42e89b13ded9a858bf19735516da343f6441796,1d5ba15d346afd65dd2bc5d0b35beaa225f8f06e4b54fc12091f0e43ff707cd2,4ebc936fe17b2e1eb9dcf5fdf42e89b13ded9a858bf19735516da343f6441796,b4a51fe3eba0853728fbb33684c100a86e588a30ec3d01759ec75bcfe218034e,-0.7399607451519112,False
23,2,identity,none,identity,1.0,test,Oracle-Rank+Value+Residual,0.225343540086802,0.9953876610355528,0.9618259018494779,0.9271653543307087,0.9230769230769231,0.0015098174898475277,5.949247859686553,0.4765625,128,calibrated,oracle_rank|oracle_value,"[0.09151085310699664, 0.16112476377687007]",1e2b8f16112f04d802e85873321fc043a421338f64c6699d67dd2853d652031f,identity,1d5ba15d346afd65dd2bc5d0b35beaa225f8f06e4b54fc12091f0e43ff707cd2,4ebc936fe17b2e1eb9dcf5fdf42e89b13ded9a858bf19735516da343f6441796,1d5ba15d346afd65dd2bc5d0b35beaa225f8f06e4b54fc12091f0e43ff707cd2,4ebc936fe17b2e1eb9dcf5fdf42e89b13ded9a858bf19735516da343f6441796,b4a51fe3eba0853728fbb33684c100a86e588a30ec3d01759ec75bcfe218034e,-0.6339271336469341,False
23,2,identity,identity_label_permutation,identity_label_permutation,0.35,test,Target-Only,0.5553449916710508,0.8314918438289127,0.8292151162790697,0.8046259842519685,0.38461538461538464,0.17610356911018898,-2.153895546339257,1.0,128,target_only,none,[],ca959d4edaf6fee1965358edb023b632b4b18cdd45572acc546e11f0588081ed,identity,1d5ba15d346afd65dd2bc5d0b35beaa225f8f06e4b54fc12091f0e43ff707cd2,46300733987cce7b063624fecbb4d56c78b327d44d6e84691cb2ca75f853dd51,1d5ba15d346afd65dd2bc5d0b35beaa225f8f06e4b54fc12091f0e43ff707cd2,46300733987cce7b063624fecbb4d56c78b327d44d6e84691cb2ca75f853dd51,463ead8052fa1ebe4e30f42fe84fb7898c1ca3e70d100a0b6d26a65dd96cd5d0,0.0,False
23,2,identity,identity_label_permutation,identity_label_permutation,0.35,test,Geometry-Prior+Residual,0.5871586083440782,0.805644152836676,0.8148404596227796,0.7936761811023622,0.3076923076923077,0.17610356911018898,-0.8179445653492932,0.53125,128,calibrated,geometry,[0.22202299820501906],ca959d4edaf6fee1965358edb023b632b4b18cdd45572acc546e11f0588081ed,identity,1d5ba15d346afd65dd2bc5d0b35beaa225f8f06e4b54fc12091f0e43ff707cd2,46300733987cce7b063624fecbb4d56c78b327d44d6e84691cb2ca75f853dd51,1d5ba15d346afd65dd2bc5d0b35beaa225f8f06e4b54fc12091f0e43ff707cd2,46300733987cce7b063624fecbb4d56c78b327d44d6e84691cb2ca75f853dd51,463ead8052fa1ebe4e30f42fe84fb7898c1ca3e70d100a0b6d26a65dd96cd5d0,0.0318136166730274,True
23,2,identity,identity_label_permutation,identity_label_permutation,0.35,test,Oracle-Rank+Residual,0.9379356268305703,0.6521570861411996,0.665978071781725,0.719242125984252,0.0,0.3886211873153461,-1.474712151555011,0.828125,128,calibrated,oracle_rank,[0.08192419098216619],ca959d4edaf6fee1965358edb023b632b4b18cdd45572acc546e11f0588081ed,identity,1d5ba15d346afd65dd2bc5d0b35beaa225f8f06e4b54fc12091f0e43ff707cd2,46300733987cce7b063624fecbb4d56c78b327d44d6e84691cb2ca75f853dd51,1d5ba15d346afd65dd2bc5d0b35beaa225f8f06e4b54fc12091f0e43ff707cd2,46300733987cce7b063624fecbb4d56c78b327d44d6e84691cb2ca75f853dd51,463ead8052fa1ebe4e30f42fe84fb7898c1ca3e70d100a0b6d26a65dd96cd5d0,0.3825906351595195,True
23,2,identity,identity_label_permutation,identity_label_permutation,0.35,test,Oracle-Value+Residual,1.2342852640452253,0.6045576307421554,0.6387280260025636,0.7057086614173228,0.0,0.5414252195971704,-0.21950823561256885,0.6640625,128,calibrated,oracle_value,[0.10271144199840827],ca959d4edaf6fee1965358edb023b632b4b18cdd45572acc546e11f0588081ed,identity,1d5ba15d346afd65dd2bc5d0b35beaa225f8f06e4b54fc12091f0e43ff707cd2,46300733987cce7b063624fecbb4d56c78b327d44d6e84691cb2ca75f853dd51,1d5ba15d346afd65dd2bc5d0b35beaa225f8f06e4b54fc12091f0e43ff707cd2,46300733987cce7b063624fecbb4d56c78b327d44d6e84691cb2ca75f853dd51,463ead8052fa1ebe4e30f42fe84fb7898c1ca3e70d100a0b6d26a65dd96cd5d0,0.6789402723741745,True
23,2,identity,identity_label_permutation,identity_label_permutation,0.35,test,Oracle-Rank+Value+Residual,1.2342852623203766,0.6045576307421554,0.6387280260025636,0.7057086614173228,0.0,0.5414252195971704,-0.21950824522671045,0.6640625,128,calibrated,oracle_rank|oracle_value,"[9.754293649113111e-10, 0.1027114411501355]",ca959d4edaf6fee1965358edb023b632b4b18cdd45572acc546e11f0588081ed,identity,1d5ba15d346afd65dd2bc5d0b35beaa225f8f06e4b54fc12091f0e43ff707cd2,46300733987cce7b063624fecbb4d56c78b327d44d6e84691cb2ca75f853dd51,1d5ba15d346afd65dd2bc5d0b35beaa225f8f06e4b54fc12091f0e43ff707cd2,46300733987cce7b063624fecbb4d56c78b327d44d6e84691cb2ca75f853dd51,463ead8052fa1ebe4e30f42fe84fb7898c1ca3e70d100a0b6d26a65dd96cd5d0,0.6789402706493258,True
23,2,identity,identity_label_permutation,identity_label_permutation,0.7,test,Target-Only,1.2532709830827233,0.8031542377304016,0.8166887932613075,0.8088090551181102,0.3076923076923077,0.4484878062192095,-1.0623038993437164,0.9140625,128,target_only,none,[],ca959d4edaf6fee1965358edb023b632b4b18cdd45572acc546e11f0588081ed,identity,1d5ba15d346afd65dd2bc5d0b35beaa225f8f06e4b54fc12091f0e43ff707cd2,be74c031c2231d61a535fa05b69d02be31fc2054cc92b7f310177e8836ac864e,1d5ba15d346afd65dd2bc5d0b35beaa225f8f06e4b54fc12091f0e43ff707cd2,be74c031c2231d61a535fa05b69d02be31fc2054cc92b7f310177e8836ac864e,0b3da6e179ac561715843f8d81ba35e316afd159a5a99089685505ef730e3a58,0.0,False
23,2,identity,identity_label_permutation,identity_label_permutation,0.7,test,Geometry-Prior+Residual,0.9724840419020624,0.8780724753655422,0.8461476835744368,0.8222194881889764,0.38461538461538464,0.15192257843600146,0.23207601329238028,0.484375,128,calibrated,geometry,[0.22202299820501906],ca959d4edaf6fee1965358edb023b632b4b18cdd45572acc546e11f0588081ed,identity,1d5ba15d346afd65dd2bc5d0b35beaa225f8f06e4b54fc12091f0e43ff707cd2,be74c031c2231d61a535fa05b69d02be31fc2054cc92b7f310177e8836ac864e,1d5ba15d346afd65dd2bc5d0b35beaa225f8f06e4b54fc12091f0e43ff707cd2,be74c031c2231d61a535fa05b69d02be31fc2054cc92b7f310177e8836ac864e,0b3da6e179ac561715843f8d81ba35e316afd159a5a99089685505ef730e3a58,-0.28078694118066094,False
23,2,identity,identity_label_permutation,identity_label_permutation,0.7,test,Oracle-Rank+Residual,1.417758673457087,0.3512648221928581,0.25296420069584324,0.5912893700787402,0.07692307692307693,0.9300372245194429,-0.2848179082573739,0.6953125,128,calibrated,oracle_rank,[0.08192419098216619],ca959d4edaf6fee1965358edb023b632b4b18cdd45572acc546e11f0588081ed,identity,1d5ba15d346afd65dd2bc5d0b35beaa225f8f06e4b54fc12091f0e43ff707cd2,be74c031c2231d61a535fa05b69d02be31fc2054cc92b7f310177e8836ac864e,1d5ba15d346afd65dd2bc5d0b35beaa225f8f06e4b54fc12091f0e43ff707cd2,be74c031c2231d61a535fa05b69d02be31fc2054cc92b7f310177e8836ac864e,0b3da6e179ac561715843f8d81ba35e316afd159a5a99089685505ef730e3a58,0.16448769037436373,True
23,2,identity,identity_label_permutation,identity_label_permutation,0.7,test,Oracle-Value+Residual,1.4411876494911835,0.2072827131227952,0.16055324116462186,0.5606545275590551,0.0,1.0036829945702357,-0.0702586333782727,0.6640625,128,calibrated,oracle_value,[0.10271144199840827],ca959d4edaf6fee1965358edb023b632b4b18cdd45572acc546e11f0588081ed,identity,1d5ba15d346afd65dd2bc5d0b35beaa225f8f06e4b54fc12091f0e43ff707cd2,be74c031c2231d61a535fa05b69d02be31fc2054cc92b7f310177e8836ac864e,1d5ba15d346afd65dd2bc5d0b35beaa225f8f06e4b54fc12091f0e43ff707cd2,be74c031c2231d61a535fa05b69d02be31fc2054cc92b7f310177e8836ac864e,0b3da6e179ac561715843f8d81ba35e316afd159a5a99089685505ef730e3a58,0.18791666640846016,True
23,2,identity,identity_label_permutation,identity_label_permutation,0.7,test,Oracle-Rank+Value+Residual,1.4411876521459426,0.2072827131227952,0.16055324116462186,0.5606545275590551,0.0,1.0036829945702357,-0.07025862779376393,0.6640625,128,calibrated,oracle_rank|oracle_value,"[9.754293649113111e-10, 0.1027114411501355]",ca959d4edaf6fee1965358edb023b632b4b18cdd45572acc546e11f0588081ed,identity,1d5ba15d346afd65dd2bc5d0b35beaa225f8f06e4b54fc12091f0e43ff707cd2,be74c031c2231d61a535fa05b69d02be31fc2054cc92b7f310177e8836ac864e,1d5ba15d346afd65dd2bc5d0b35beaa225f8f06e4b54fc12091f0e43ff707cd2,be74c031c2231d61a535fa05b69d02be31fc2054cc92b7f310177e8836ac864e,0b3da6e179ac561715843f8d81ba35e316afd159a5a99089685505ef730e3a58,0.18791666906321924,True
23,2,identity,identity_label_permutation,identity_label_permutation,1.0,test,Target-Only,0.8592706737337361,0.8544698255166365,0.7662630470609777,0.7722687007874016,0.3076923076923077,0.0962083372317514,0.16752484514746152,0.7265625,128,target_only,none,[],ca959d4edaf6fee1965358edb023b632b4b18cdd45572acc546e11f0588081ed,identity,1d5ba15d346afd65dd2bc5d0b35beaa225f8f06e4b54fc12091f0e43ff707cd2,4ebc936fe17b2e1eb9dcf5fdf42e89b13ded9a858bf19735516da343f6441796,1d5ba15d346afd65dd2bc5d0b35beaa225f8f06e4b54fc12091f0e43ff707cd2,4ebc936fe17b2e1eb9dcf5fdf42e89b13ded9a858bf19735516da343f6441796,b4a51fe3eba0853728fbb33684c100a86e588a30ec3d01759ec75bcfe218034e,0.0,False
23,2,identity,identity_label_permutation,identity_label_permutation,1.0,test,Geometry-Prior+Residual,0.6580944811454555,0.8772749629519516,0.7887863944332539,0.7887549212598425,0.38461538461538464,0.0899815723764033,2.332935985685865,0.4140625,128,calibrated,geometry,[0.22202299820501906],ca959d4edaf6fee1965358edb023b632b4b18cdd45572acc546e11f0588081ed,identity,1d5ba15d346afd65dd2bc5d0b35beaa225f8f06e4b54fc12091f0e43ff707cd2,4ebc936fe17b2e1eb9dcf5fdf42e89b13ded9a858bf19735516da343f6441796,1d5ba15d346afd65dd2bc5d0b35beaa225f8f06e4b54fc12091f0e43ff707cd2,4ebc936fe17b2e1eb9dcf5fdf42e89b13ded9a858bf19735516da343f6441796,b4a51fe3eba0853728fbb33684c100a86e588a30ec3d01759ec75bcfe218034e,-0.20117619258828057,False
23,2,identity,identity_label_permutation,identity_label_permutation,1.0,test,Oracle-Rank+Residual,1.233012169252057,0.5482740503013958,0.4054660318622963,0.6316437007874016,0.0,0.3503164945899557,2.3310819014116335,0.5078125,128,calibrated,oracle_rank,[0.08192419098216619],ca959d4edaf6fee1965358edb023b632b4b18cdd45572acc546e11f0588081ed,identity,1d5ba15d346afd65dd2bc5d0b35beaa225f8f06e4b54fc12091f0e43ff707cd2,4ebc936fe17b2e1eb9dcf5fdf42e89b13ded9a858bf19735516da343f6441796,1d5ba15d346afd65dd2bc5d0b35beaa225f8f06e4b54fc12091f0e43ff707cd2,4ebc936fe17b2e1eb9dcf5fdf42e89b13ded9a858bf19735516da343f6441796,b4a51fe3eba0853728fbb33684c100a86e588a30ec3d01759ec75bcfe218034e,0.3737414955183209,True
23,2,identity,identity_label_permutation,identity_label_permutation,1.0,test,Oracle-Value+Residual,1.439692153807234,0.4999507572380274,0.23768540560336934,0.5799704724409449,0.0,0.3014839659821726,5.076561084545823,0.4375,128,calibrated,oracle_value,[0.10271144199840827],ca959d4edaf6fee1965358edb023b632b4b18cdd45572acc546e11f0588081ed,identity,1d5ba15d346afd65dd2bc5d0b35beaa225f8f06e4b54fc12091f0e43ff707cd2,4ebc936fe17b2e1eb9dcf5fdf42e89b13ded9a858bf19735516da343f6441796,1d5ba15d346afd65dd2bc5d0b35beaa225f8f06e4b54fc12091f0e43ff707cd2,4ebc936fe17b2e1eb9dcf5fdf42e89b13ded9a858bf19735516da343f6441796,b4a51fe3eba0853728fbb33684c100a86e588a30ec3d01759ec75bcfe218034e,0.5804214800734979,True
23,2,identity,identity_label_permutation,identity_label_permutation,1.0,test,Oracle-Rank+Value+Residual,1.4396921534255072,0.4999507572380274,0.23768540560336934,0.5799704724409449,0.0,0.3014839659821726,5.076561066247452,0.4375,128,calibrated,oracle_rank|oracle_value,"[9.754293649113111e-10, 0.1027114411501355]",ca959d4edaf6fee1965358edb023b632b4b18cdd45572acc546e11f0588081ed,identity,1d5ba15d346afd65dd2bc5d0b35beaa225f8f06e4b54fc12091f0e43ff707cd2,4ebc936fe17b2e1eb9dcf5fdf42e89b13ded9a858bf19735516da343f6441796,1d5ba15d346afd65dd2bc5d0b35beaa225f8f06e4b54fc12091f0e43ff707cd2,4ebc936fe17b2e1eb9dcf5fdf42e89b13ded9a858bf19735516da343f6441796,b4a51fe3eba0853728fbb33684c100a86e588a30ec3d01759ec75bcfe218034e,0.580421479691771,True
23,2,output_affine,none,output_affine,0.35,test,Target-Only,0.5553449916710503,0.8314918438289127,0.8292151162790697,0.8046259842519685,0.38461538461538464,0.17610356911018918,-1.237604814465103,1.0,128,target_only,none,[],1e2b8f16112f04d802e85873321fc043a421338f64c6699d67dd2853d652031f,output_affine,1d5ba15d346afd65dd2bc5d0b35beaa225f8f06e4b54fc12091f0e43ff707cd2,46300733987cce7b063624fecbb4d56c78b327d44d6e84691cb2ca75f853dd51,1d5ba15d346afd65dd2bc5d0b35beaa225f8f06e4b54fc12091f0e43ff707cd2,46300733987cce7b063624fecbb4d56c78b327d44d6e84691cb2ca75f853dd51,97f3d9d885dd9631c644e39876543e006cd36ffcfe869d3964d57fc7f5cc8b3a,0.0,False
23,2,output_affine,none,output_affine,0.35,test,Geometry-Prior+Residual,0.587158608344078,0.805644152836676,0.8148404596227796,0.7936761811023622,0.3076923076923077,0.17610356911018918,0.09834616652485588,0.53125,128,calibrated,geometry,[0.5550574955125475],1e2b8f16112f04d802e85873321fc043a421338f64c6699d67dd2853d652031f,output_affine,1d5ba15d346afd65dd2bc5d0b35beaa225f8f06e4b54fc12091f0e43ff707cd2,46300733987cce7b063624fecbb4d56c78b327d44d6e84691cb2ca75f853dd51,1d5ba15d346afd65dd2bc5d0b35beaa225f8f06e4b54fc12091f0e43ff707cd2,46300733987cce7b063624fecbb4d56c78b327d44d6e84691cb2ca75f853dd51,97f3d9d885dd9631c644e39876543e006cd36ffcfe869d3964d57fc7f5cc8b3a,0.03181361667302762,True
23,2,output_affine,none,output_affine,0.35,test,Oracle-Rank+Residual,0.34222263898962835,0.9196141281192787,0.8973974546786303,0.8630659448818898,0.38461538461538464,0.008678662628411165,-0.893286709822908,0.671875,128,calibrated,oracle_rank,[0.590304111527844],1e2b8f16112f04d802e85873321fc043a421338f64c6699d67dd2853d652031f,output_affine,1d5ba15d346afd65dd2bc5d0b35beaa225f8f06e4b54fc12091f0e43ff707cd2,46300733987cce7b063624fecbb4d56c78b327d44d6e84691cb2ca75f853dd51,1d5ba15d346afd65dd2bc5d0b35beaa225f8f06e4b54fc12091f0e43ff707cd2,46300733987cce7b063624fecbb4d56c78b327d44d6e84691cb2ca75f853dd51,97f3d9d885dd9631c644e39876543e006cd36ffcfe869d3964d57fc7f5cc8b3a,-0.213122352681422,False
23,2,output_affine,none,output_affine,0.35,test,Oracle-Value+Residual,0.06069746603258048,0.995491822759032,0.9556399926753342,0.9296259842519685,0.9230769230769231,0.0008297728303868286,-3.412972400683162,0.8828125,128,calibrated,oracle_value,[0.6081412546778334],1e2b8f16112f04d802e85873321fc043a421338f64c6699d67dd2853d652031f,output_affine,1d5ba15d346afd65dd2bc5d0b35beaa225f8f06e4b54fc12091f0e43ff707cd2,46300733987cce7b063624fecbb4d56c78b327d44d6e84691cb2ca75f853dd51,1d5ba15d346afd65dd2bc5d0b35beaa225f8f06e4b54fc12091f0e43ff707cd2,46300733987cce7b063624fecbb4d56c78b327d44d6e84691cb2ca75f853dd51,97f3d9d885dd9631c644e39876543e006cd36ffcfe869d3964d57fc7f5cc8b3a,-0.49464752563846986,False
23,2,output_affine,none,output_affine,0.35,test,Oracle-Rank+Value+Residual,0.13933326469392818,0.9766806912077904,0.9394513367515107,0.906126968503937,0.6923076923076923,0.00575910851832874,-1.810021284380995,0.671875,128,calibrated,oracle_rank|oracle_value,"[0.2287771327674915, 0.40281190944217526]",1e2b8f16112f04d802e85873321fc043a421338f64c6699d67dd2853d652031f,output_affine,1d5ba15d346afd65dd2bc5d0b35beaa225f8f06e4b54fc12091f0e43ff707cd2,46300733987cce7b063624fecbb4d56c78b327d44d6e84691cb2ca75f853dd51,1d5ba15d346afd65dd2bc5d0b35beaa225f8f06e4b54fc12091f0e43ff707cd2,46300733987cce7b063624fecbb4d56c78b327d44d6e84691cb2ca75f853dd51,97f3d9d885dd9631c644e39876543e006cd36ffcfe869d3964d57fc7f5cc8b3a,-0.4160117269771222,False
23,2,output_affine,none,output_affine,0.7,test,Target-Only,1.2532709830827242,0.8031542377304016,0.8166887932613075,0.8088090551181102,0.3076923076923077,0.4484878062192091,-0.14601316746956058,0.9140625,128,target_only,none,[],1e2b8f16112f04d802e85873321fc043a421338f64c6699d67dd2853d652031f,output_affine,1d5ba15d346afd65dd2bc5d0b35beaa225f8f06e4b54fc12091f0e43ff707cd2,be74c031c2231d61a535fa05b69d02be31fc2054cc92b7f310177e8836ac864e,1d5ba15d346afd65dd2bc5d0b35beaa225f8f06e4b54fc12091f0e43ff707cd2,be74c031c2231d61a535fa05b69d02be31fc2054cc92b7f310177e8836ac864e,dd48073229d1f5c4cb625071a366b1bfb4b018148f6d5e69c38c518145b6ca2c,0.0,False
23,2,output_affine,none,output_affine,0.7,test,Geometry-Prior+Residual,0.9724840419020625,0.8780724753655422,0.8461476835744368,0.8222194881889764,0.38461538461538464,0.1519225784360017,1.14836674516653,0.484375,128,calibrated,geometry,[0.5550574955125475],1e2b8f16112f04d802e85873321fc043a421338f64c6699d67dd2853d652031f,output_affine,1d5ba15d346afd65dd2bc5d0b35beaa225f8f06e4b54fc12091f0e43ff707cd2,be74c031c2231d61a535fa05b69d02be31fc2054cc92b7f310177e8836ac864e,1d5ba15d346afd65dd2bc5d0b35beaa225f8f06e4b54fc12091f0e43ff707cd2,be74c031c2231d61a535fa05b69d02be31fc2054cc92b7f310177e8836ac864e,dd48073229d1f5c4cb625071a366b1bfb4b018148f6d5e69c38c518145b6ca2c,-0.2807869411806617,False
23,2,output_affine,none,output_affine,0.7,test,Oracle-Rank+Residual,0.7401159518083461,0.9755533431961279,0.7989264786669108,0.8150836614173228,0.6923076923076923,0.002214537969933514,1.6589451164094147,0.59375,128,calibrated,oracle_rank,[0.590304111527844],1e2b8f16112f04d802e85873321fc043a421338f64c6699d67dd2853d652031f,output_affine,1d5ba15d346afd65dd2bc5d0b35beaa225f8f06e4b54fc12091f0e43ff707cd2,be74c031c2231d61a535fa05b69d02be31fc2054cc92b7f310177e8836ac864e,1d5ba15d346afd65dd2bc5d0b35beaa225f8f06e4b54fc12091f0e43ff707cd2,be74c031c2231d61a535fa05b69d02be31fc2054cc92b7f310177e8836ac864e,dd48073229d1f5c4cb625071a366b1bfb4b018148f6d5e69c38c518145b6ca2c,-0.5131550312743781,False
23,2,output_affine,none,output_affine,0.7,test,Oracle-Value+Residual,0.13173582775466916,0.9995569428965732,0.9189308276872368,0.8960383858267716,1.0,0.0,-1.903496515375101,0.8203125,128,calibrated,oracle_value,[0.6081412546778334],1e2b8f16112f04d802e85873321fc043a421338f64c6699d67dd2853d652031f,output_affine,1d5ba15d346afd65dd2bc5d0b35beaa225f8f06e4b54fc12091f0e43ff707cd2,be74c031c2231d61a535fa05b69d02be31fc2054cc92b7f310177e8836ac864e,1d5ba15d346afd65dd2bc5d0b35beaa225f8f06e4b54fc12091f0e43ff707cd2,be74c031c2231d61a535fa05b69d02be31fc2054cc92b7f310177e8836ac864e,dd48073229d1f5c4cb625071a366b1bfb4b018148f6d5e69c38c518145b6ca2c,-1.121535155328055,False
23,2,output_affine,none,output_affine,0.7,test,Oracle-Rank+Value+Residual,0.29777757531563487,0.9945463164483931,0.847618339132027,0.8453494094488189,0.9230769230769231,0.002214537969933514,0.5729029217936323,0.5859375,128,calibrated,oracle_rank|oracle_value,"[0.2287771327674915, 0.40281190944217526]",1e2b8f16112f04d802e85873321fc043a421338f64c6699d67dd2853d652031f,output_affine,1d5ba15d346afd65dd2bc5d0b35beaa225f8f06e4b54fc12091f0e43ff707cd2,be74c031c2231d61a535fa05b69d02be31fc2054cc92b7f310177e8836ac864e,1d5ba15d346afd65dd2bc5d0b35beaa225f8f06e4b54fc12091f0e43ff707cd2,be74c031c2231d61a535fa05b69d02be31fc2054cc92b7f310177e8836ac864e,dd48073229d1f5c4cb625071a366b1bfb4b018148f6d5e69c38c518145b6ca2c,-0.9554934077670894,False
23,2,output_affine,none,output_affine,1.0,test,Target-Only,0.8592706737337357,0.8544698255166365,0.7662630470609777,0.7722687007874016,0.3076923076923077,0.09620833723175144,1.083815577021616,0.7265625,128,target_only,none,[],1e2b8f16112f04d802e85873321fc043a421338f64c6699d67dd2853d652031f,output_affine,1d5ba15d346afd65dd2bc5d0b35beaa225f8f06e4b54fc12091f0e43ff707cd2,4ebc936fe17b2e1eb9dcf5fdf42e89b13ded9a858bf19735516da343f6441796,1d5ba15d346afd65dd2bc5d0b35beaa225f8f06e4b54fc12091f0e43ff707cd2,4ebc936fe17b2e1eb9dcf5fdf42e89b13ded9a858bf19735516da343f6441796,965ca0690b21ffc757848fb78b19a2de08337d7cdc8af48d55b9be87675ece4f,0.0,False
23,2,output_affine,none,output_affine,1.0,test,Geometry-Prior+Residual,0.6580944811454557,0.8772749629519516,0.7887863944332539,0.7887549212598425,0.38461538461538464,0.08998157237640332,3.249226717560017,0.4140625,128,calibrated,geometry,[0.5550574955125475],1e2b8f16112f04d802e85873321fc043a421338f64c6699d67dd2853d652031f,output_affine,1d5ba15d346afd65dd2bc5d0b35beaa225f8f06e4b54fc12091f0e43ff707cd2,4ebc936fe17b2e1eb9dcf5fdf42e89b13ded9a858bf19735516da343f6441796,1d5ba15d346afd65dd2bc5d0b35beaa225f8f06e4b54fc12091f0e43ff707cd2,4ebc936fe17b2e1eb9dcf5fdf42e89b13ded9a858bf19735516da343f6441796,965ca0690b21ffc757848fb78b19a2de08337d7cdc8af48d55b9be87675ece4f,-0.20117619258828,False
23,2,output_affine,none,output_affine,1.0,test,Oracle-Rank+Residual,0.5159740220703029,0.9893161348586572,0.9075775956784472,0.8727854330708661,0.7692307692307693,0.0015098174898476545,6.523726423761646,0.3828125,128,calibrated,oracle_rank,[0.590304111527844],1e2b8f16112f04d802e85873321fc043a421338f64c6699d67dd2853d652031f,output_affine,1d5ba15d346afd65dd2bc5d0b35beaa225f8f06e4b54fc12091f0e43ff707cd2,4ebc936fe17b2e1eb9dcf5fdf42e89b13ded9a858bf19735516da343f6441796,1d5ba15d346afd65dd2bc5d0b35beaa225f8f06e4b54fc12091f0e43ff707cd2,4ebc936fe17b2e1eb9dcf5fdf42e89b13ded9a858bf19735516da343f6441796,965ca0690b21ffc757848fb78b19a2de08337d7cdc8af48d55b9be87675ece4f,-0.3432966516634328,False
23,2,output_affine,none,output_affine,1.0,test,Oracle-Value+Residual,0.11930992858182504,0.9995787724633205,0.977470930232558,0.9517716535433071,1.0,0.0,2.055590034686067,0.65625,128,calibrated,oracle_value,[0.6081412546778334],1e2b8f16112f04d802e85873321fc043a421338f64c6699d67dd2853d652031f,output_affine,1d5ba15d346afd65dd2bc5d0b35beaa225f8f06e4b54fc12091f0e43ff707cd2,4ebc936fe17b2e1eb9dcf5fdf42e89b13ded9a858bf19735516da343f6441796,1d5ba15d346afd65dd2bc5d0b35beaa225f8f06e4b54fc12091f0e43ff707cd2,4ebc936fe17b2e1eb9dcf5fdf42e89b13ded9a858bf19735516da343f6441796,965ca0690b21ffc757848fb78b19a2de08337d7cdc8af48d55b9be87675ece4f,-0.7399607451519106,False
23,2,output_affine,none,output_affine,1.0,test,Oracle-Rank+Value+Residual,0.22534354008680177,0.9953876610355528,0.9618259018494779,0.9271653543307087,0.9230769230769231,0.0015098174898476545,6.865538591560698,0.4765625,128,calibrated,oracle_rank|oracle_value,"[0.2287771327674915, 0.40281190944217526]",1e2b8f16112f04d802e85873321fc043a421338f64c6699d67dd2853d652031f,output_affine,1d5ba15d346afd65dd2bc5d0b35beaa225f8f06e4b54fc12091f0e43ff707cd2,4ebc936fe17b2e1eb9dcf5fdf42e89b13ded9a858bf19735516da343f6441796,1d5ba15d346afd65dd2bc5d0b35beaa225f8f06e4b54fc12091f0e43ff707cd2,4ebc936fe17b2e1eb9dcf5fdf42e89b13ded9a858bf19735516da343f6441796,965ca0690b21ffc757848fb78b19a2de08337d7cdc8af48d55b9be87675ece4f,-0.6339271336469339,False
23,2,scale_0.7,none,scale_0.7,0.35,test,Target-Only,0.32558629429869496,0.8703627756146552,0.9492881340413843,0.9025590551181102,0.38461538461538464,0.038051226647528684,-2.925762406650715,1.0,128,target_only,none,[],1e2b8f16112f04d802e85873321fc043a421338f64c6699d67dd2853d652031f,scale_0.7,621554be8d9877d985e8d9a268f2aa7a88afca6b481d97587567ae7167e13462,ecd89d2cb8d347cd2ae38df59aa22546af4822d25f248039a4af743863edf63f,1d5ba15d346afd65dd2bc5d0b35beaa225f8f06e4b54fc12091f0e43ff707cd2,46300733987cce7b063624fecbb4d56c78b327d44d6e84691cb2ca75f853dd51,f4a11b5dc88ac91f2d9518361cdd62e5f0d1d83b95499508d68ad25813e4ac61,0.0,False
23,2,scale_0.7,none,scale_0.7,0.35,test,Geometry-Prior+Residual,0.3964288746839122,0.8477686511959369,0.9236804156747848,0.8810285433070866,0.38461538461538464,0.038051226647528684,-1.6621381844436103,0.453125,128,calibrated,geometry,[0.12288863334754876],1e2b8f16112f04d802e85873321fc043a421338f64c6699d67dd2853d652031f,scale_0.7,621554be8d9877d985e8d9a268f2aa7a88afca6b481d97587567ae7167e13462,ecd89d2cb8d347cd2ae38df59aa22546af4822d25f248039a4af743863edf63f,1d5ba15d346afd65dd2bc5d0b35beaa225f8f06e4b54fc12091f0e43ff707cd2,46300733987cce7b063624fecbb4d56c78b327d44d6e84691cb2ca75f853dd51,f4a11b5dc88ac91f2d9518361cdd62e5f0d1d83b95499508d68ad25813e4ac61,0.07084258038521724,True
23,2,scale_0.7,none,scale_0.7,0.35,test,Oracle-Rank+Residual,0.4268729572734954,0.9116381342885765,0.9332024812305438,0.8921013779527559,0.38461538461538464,0.022311419618386973,2.924006302209687,0.453125,128,calibrated,oracle_rank,[0.12941898932010648],1e2b8f16112f04d802e85873321fc043a421338f64c6699d67dd2853d652031f,scale_0.7,621554be8d9877d985e8d9a268f2aa7a88afca6b481d97587567ae7167e13462,ecd89d2cb8d347cd2ae38df59aa22546af4822d25f248039a4af743863edf63f,1d5ba15d346afd65dd2bc5d0b35beaa225f8f06e4b54fc12091f0e43ff707cd2,46300733987cce7b063624fecbb4d56c78b327d44d6e84691cb2ca75f853dd51,f4a11b5dc88ac91f2d9518361cdd62e5f0d1d83b95499508d68ad25813e4ac61,0.10128666297480043,True
23,2,scale_0.7,none,scale_0.7,0.35,test,Oracle-Value+Residual,0.030707986739637875,0.9953216787130745,0.9974077549899284,0.984128937007874,0.9230769230769231,0.0005244772099717981,-5.373367370885492,1.0,128,calibrated,oracle_value,[0.13152795883009577],1e2b8f16112f04d802e85873321fc043a421338f64c6699d67dd2853d652031f,scale_0.7,621554be8d9877d985e8d9a268f2aa7a88afca6b481d97587567ae7167e13462,ecd89d2cb8d347cd2ae38df59aa22546af4822d25f248039a4af743863edf63f,1d5ba15d346afd65dd2bc5d0b35beaa225f8f06e4b54fc12091f0e43ff707cd2,46300733987cce7b063624fecbb4d56c78b327d44d6e84691cb2ca75f853dd51,f4a11b5dc88ac91f2d9518361cdd62e5f0d1d83b95499508d68ad25813e4ac61,-0.2948783075590571,False
23,2,scale_0.7,none,scale_0.7,0.35,test,Oracle-Rank+Value+Residual,0.18790269711853894,0.9275584018696567,0.9811904870902765,0.9445127952755905,0.38461538461538464,0.003642943242374209,2.060503860920688,0.359375,128,calibrated,oracle_rank|oracle_value,"[0.05685591824493837, 0.07987996155769143]",1e2b8f16112f04d802e85873321fc043a421338f64c6699d67dd2853d652031f,scale_0.7,621554be8d9877d985e8d9a268f2aa7a88afca6b481d97587567ae7167e13462,ecd89d2cb8d347cd2ae38df59aa22546af4822d25f248039a4af743863edf63f,1d5ba15d346afd65dd2bc5d0b35beaa225f8f06e4b54fc12091f0e43ff707cd2,46300733987cce7b063624fecbb4d56c78b327d44d6e84691cb2ca75f853dd51,f4a11b5dc88ac91f2d9518361cdd62e5f0d1d83b95499508d68ad25813e4ac61,-0.13768359718015602,False
23,2,scale_0.7,none,scale_0.7,0.7,test,Target-Only,0.6236381968678417,0.9130954139197691,0.5612639626442043,0.6765501968503937,0.5384615384615384,0.05145766014727076,-1.9740574942494378,1.0,128,target_only,none,[],1e2b8f16112f04d802e85873321fc043a421338f64c6699d67dd2853d652031f,scale_0.7,621554be8d9877d985e8d9a268f2aa7a88afca6b481d97587567ae7167e13462,68e3f5b2741e7e3c89e60f5a0957be0986aca6623d709d7696604bdd3c99fe2a,1d5ba15d346afd65dd2bc5d0b35beaa225f8f06e4b54fc12091f0e43ff707cd2,be74c031c2231d61a535fa05b69d02be31fc2054cc92b7f310177e8836ac864e,f74ebaafb76e56f024758ebe00426a1c47326d5cf6f97ddde0e32a0c125686a9,0.0,False
23,2,scale_0.7,none,scale_0.7,0.7,test,Geometry-Prior+Residual,0.659673872712138,0.8954185686844119,0.5861449368247573,0.6943897637795275,0.38461538461538464,0.058927355226681265,0.3907384393133342,0.4765625,128,calibrated,geometry,[0.12288863334754876],1e2b8f16112f04d802e85873321fc043a421338f64c6699d67dd2853d652031f,scale_0.7,621554be8d9877d985e8d9a268f2aa7a88afca6b481d97587567ae7167e13462,68e3f5b2741e7e3c89e60f5a0957be0986aca6623d709d7696604bdd3c99fe2a,1d5ba15d346afd65dd2bc5d0b35beaa225f8f06e4b54fc12091f0e43ff707cd2,be74c031c2231d61a535fa05b69d02be31fc2054cc92b7f310177e8836ac864e,f74ebaafb76e56f024758ebe00426a1c47326d5cf6f97ddde0e32a0c125686a9,0.03603567584429623,True
23,2,scale_0.7,none,scale_0.7,0.7,test,Oracle-Rank+Residual,0.35353137170141086,0.938614949494747,0.8680244002929866,0.8564222440944882,0.46153846153846156,0.01466627952968695,-1.669998827411717,0.6171875,128,calibrated,oracle_rank,[0.12941898932010648],1e2b8f16112f04d802e85873321fc043a421338f64c6699d67dd2853d652031f,scale_0.7,621554be8d9877d985e8d9a268f2aa7a88afca6b481d97587567ae7167e13462,68e3f5b2741e7e3c89e60f5a0957be0986aca6623d709d7696604bdd3c99fe2a,1d5ba15d346afd65dd2bc5d0b35beaa225f8f06e4b54fc12091f0e43ff707cd2,be74c031c2231d61a535fa05b69d02be31fc2054cc92b7f310177e8836ac864e,f74ebaafb76e56f024758ebe00426a1c47326d5cf6f97ddde0e32a0c125686a9,-0.27010682516643086,False
23,2,scale_0.7,none,scale_0.7,0.7,test,Oracle-Value+Residual,0.05547631229773092,0.9996321240516624,0.9897454678630287,0.9665354330708661,1.0,0.0,-4.447288345117671,1.0,128,calibrated,oracle_value,[0.13152795883009577],1e2b8f16112f04d802e85873321fc043a421338f64c6699d67dd2853d652031f,scale_0.7,621554be8d9877d985e8d9a268f2aa7a88afca6b481d97587567ae7167e13462,68e3f5b2741e7e3c89e60f5a0957be0986aca6623d709d7696604bdd3c99fe2a,1d5ba15d346afd65dd2bc5d0b35beaa225f8f06e4b54fc12091f0e43ff707cd2,be74c031c2231d61a535fa05b69d02be31fc2054cc92b7f310177e8836ac864e,f74ebaafb76e56f024758ebe00426a1c47326d5cf6f97ddde0e32a0c125686a9,-0.5681618845701109,False
23,2,scale_0.7,none,scale_0.7,0.7,test,Oracle-Rank+Value+Residual,0.15771139737597806,0.9799269137174138,0.9592164896539095,0.921628937007874,0.6923076923076923,0.001405088516449343,-2.4441968110553933,0.6171875,128,calibrated,oracle_rank|oracle_value,"[0.05685591824493837, 0.07987996155769143]",1e2b8f16112f04d802e85873321fc043a421338f64c6699d67dd2853d652031f,scale_0.7,621554be8d9877d985e8d9a268f2aa7a88afca6b481d97587567ae7167e13462,68e3f5b2741e7e3c89e60f5a0957be0986aca6623d709d7696604bdd3c99fe2a,1d5ba15d346afd65dd2bc5d0b35beaa225f8f06e4b54fc12091f0e43ff707cd2,be74c031c2231d61a535fa05b69d02be31fc2054cc92b7f310177e8836ac864e,f74ebaafb76e56f024758ebe00426a1c47326d5cf6f97ddde0e32a0c125686a9,-0.46592679949186366,False
23,2,scale_0.7,none,scale_0.7,1.0,test,Target-Only,0.6931767624233888,0.9045040579212857,0.7183494323383995,0.7528297244094488,0.5384615384615384,0.0798371287637412,-1.5525229476122793,1.0,128,target_only,none,[],1e2b8f16112f04d802e85873321fc043a421338f64c6699d67dd2853d652031f,scale_0.7,621554be8d9877d985e8d9a268f2aa7a88afca6b481d97587567ae7167e13462,be74c031c2231d61a535fa05b69d02be31fc2054cc92b7f310177e8836ac864e,1d5ba15d346afd65dd2bc5d0b35beaa225f8f06e4b54fc12091f0e43ff707cd2,4ebc936fe17b2e1eb9dcf5fdf42e89b13ded9a858bf19735516da343f6441796,9ecba48e3b15926c550b34a6da645d1cb9a567ef5bc16198542e4d2c54d94f0a,0.0,False
23,2,scale_0.7,none,scale_0.7,1.0,test,Geometry-Prior+Residual,0.7934986459532402,0.9330063845258636,0.8667368613806996,0.8414124015748031,0.38461538461538464,0.007133213859732118,-0.06880477060765516,0.7109375,128,calibrated,geometry,[0.12288863334754876],1e2b8f16112f04d802e85873321fc043a421338f64c6699d67dd2853d652031f,scale_0.7,621554be8d9877d985e8d9a268f2aa7a88afca6b481d97587567ae7167e13462,be74c031c2231d61a535fa05b69d02be31fc2054cc92b7f310177e8836ac864e,1d5ba15d346afd65dd2bc5d0b35beaa225f8f06e4b54fc12091f0e43ff707cd2,4ebc936fe17b2e1eb9dcf5fdf42e89b13ded9a858bf19735516da343f6441796,9ecba48e3b15926c550b34a6da645d1cb9a567ef5bc16198542e4d2c54d94f0a,0.10032188352985139,True
23,2,scale_0.7,none,scale_0.7,1.0,test,Oracle-Rank+Residual,0.31355834008136146,0.979815128628122,0.8400075535616187,0.8385826771653543,0.6923076923076923,0.002214537969933858,-0.40117202176284833,0.5859375,128,calibrated,oracle_rank,[0.12941898932010648],1e2b8f16112f04d802e85873321fc043a421338f64c6699d67dd2853d652031f,scale_0.7,621554be8d9877d985e8d9a268f2aa7a88afca6b481d97587567ae7167e13462,be74c031c2231d61a535fa05b69d02be31fc2054cc92b7f310177e8836ac864e,1d5ba15d346afd65dd2bc5d0b35beaa225f8f06e4b54fc12091f0e43ff707cd2,4ebc936fe17b2e1eb9dcf5fdf42e89b13ded9a858bf19735516da343f6441796,9ecba48e3b15926c550b34a6da645d1cb9a567ef5bc16198542e4d2c54d94f0a,-0.3796184223420273,False
23,2,scale_0.7,none,scale_0.7,1.0,test,Oracle-Value+Residual,0.05130699816665365,0.9996796824979565,0.985379280351584,0.9591535433070866,1.0,0.0,-4.1039562227817274,1.0,128,calibrated,oracle_value,[0.13152795883009577],1e2b8f16112f04d802e85873321fc043a421338f64c6699d67dd2853d652031f,scale_0.7,621554be8d9877d985e8d9a268f2aa7a88afca6b481d97587567ae7167e13462,be74c031c2231d61a535fa05b69d02be31fc2054cc92b7f310177e8836ac864e,1d5ba15d346afd65dd2bc5d0b35beaa225f8f06e4b54fc12091f0e43ff707cd2,4ebc936fe17b2e1eb9dcf5fdf42e89b13ded9a858bf19735516da343f6441796,9ecba48e3b15926c550b34a6da645d1cb9a567ef5bc16198542e4d2c54d94f0a,-0.6418697642567351,False
23,2,scale_0.7,none,scale_0.7,1.0,test,Oracle-Rank+Value+Residual,0.1478770613870697,0.9950196376065976,0.9011971250686687,0.8784448818897638,0.9230769230769231,0.002214537969933858,-1.0137052345891109,0.5703125,128,calibrated,oracle_rank|oracle_value,"[0.05685591824493837, 0.07987996155769143]",1e2b8f16112f04d802e85873321fc043a421338f64c6699d67dd2853d652031f,scale_0.7,621554be8d9877d985e8d9a268f2aa7a88afca6b481d97587567ae7167e13462,be74c031c2231d61a535fa05b69d02be31fc2054cc92b7f310177e8836ac864e,1d5ba15d346afd65dd2bc5d0b35beaa225f8f06e4b54fc12091f0e43ff707cd2,4ebc936fe17b2e1eb9dcf5fdf42e89b13ded9a858bf19735516da343f6441796,9ecba48e3b15926c550b34a6da645d1cb9a567ef5bc16198542e4d2c54d94f0a,-0.5452997010363191,False
23,2,scale_1.5,none,scale_1.5,0.35,test,Target-Only,1.1888953897398784,0.708300782884683,0.4485613898553378,0.6622785433070866,0.07692307692307693,0.5196995913722259,-1.5188942196774573,1.0,128,target_only,none,[],1e2b8f16112f04d802e85873321fc043a421338f64c6699d67dd2853d652031f,scale_1.5,9420c07c5e81a9aa33d4f6fb4883ecdd4a9de22013fdb31b463f74737ce1db50,410a8cec5b40f8d85d4270abf1f3c81b657b97fe8a517a876cfcaa5c7a744613,1d5ba15d346afd65dd2bc5d0b35beaa225f8f06e4b54fc12091f0e43ff707cd2,46300733987cce7b063624fecbb4d56c78b327d44d6e84691cb2ca75f853dd51,5032979765cda21e42b6761da14e85959bf17202c9637a85d59f56af2a7c0f92,0.0,False
23,2,scale_1.5,none,scale_1.5,0.35,test,Geometry-Prior+Residual,1.088435205250812,0.8139340734254727,0.4105818531404505,0.6373031496062992,0.23076923076923078,0.28026471549774834,-1.3129099076364834,0.671875,128,calibrated,geometry,[0.490534016409465],1e2b8f16112f04d802e85873321fc043a421338f64c6699d67dd2853d652031f,scale_1.5,9420c07c5e81a9aa33d4f6fb4883ecdd4a9de22013fdb31b463f74737ce1db50,410a8cec5b40f8d85d4270abf1f3c81b657b97fe8a517a876cfcaa5c7a744613,1d5ba15d346afd65dd2bc5d0b35beaa225f8f06e4b54fc12091f0e43ff707cd2,46300733987cce7b063624fecbb4d56c78b327d44d6e84691cb2ca75f853dd51,5032979765cda21e42b6761da14e85959bf17202c9637a85d59f56af2a7c0f92,-0.10046018448906646,False
23,2,scale_1.5,none,scale_1.5,0.35,test,Oracle-Rank+Residual,1.5394997225758886,0.9230192755437487,0.7690269639260209,0.8011811023622047,0.6153846153846154,0.044904166853964804,-0.5917772817295497,0.71875,128,calibrated,oracle_rank,[0.40885331372858813],1e2b8f16112f04d802e85873321fc043a421338f64c6699d67dd2853d652031f,scale_1.5,9420c07c5e81a9aa33d4f6fb4883ecdd4a9de22013fdb31b463f74737ce1db50,410a8cec5b40f8d85d4270abf1f3c81b657b97fe8a517a876cfcaa5c7a744613,1d5ba15d346afd65dd2bc5d0b35beaa225f8f06e4b54fc12091f0e43ff707cd2,46300733987cce7b063624fecbb4d56c78b327d44d6e84691cb2ca75f853dd51,5032979765cda21e42b6761da14e85959bf17202c9637a85d59f56af2a7c0f92,0.3506043328360102,True
23,2,scale_1.5,none,scale_1.5,0.35,test,Oracle-Value+Residual,0.7016384699245626,0.9479011542563025,0.9122356253433436,0.875738188976378,0.6153846153846154,0.0,-1.7673783179917253,0.8515625,128,calibrated,oracle_value,[0.47146926910201203],1e2b8f16112f04d802e85873321fc043a421338f64c6699d67dd2853d652031f,scale_1.5,9420c07c5e81a9aa33d4f6fb4883ecdd4a9de22013fdb31b463f74737ce1db50,410a8cec5b40f8d85d4270abf1f3c81b657b97fe8a517a876cfcaa5c7a744613,1d5ba15d346afd65dd2bc5d0b35beaa225f8f06e4b54fc12091f0e43ff707cd2,46300733987cce7b063624fecbb4d56c78b327d44d6e84691cb2ca75f853dd51,5032979765cda21e42b6761da14e85959bf17202c9637a85d59f56af2a7c0f92,-0.4872569198153158,False
23,2,scale_1.5,none,scale_1.5,0.35,test,Oracle-Rank+Value+Residual,0.7362492045357052,0.9479011542563025,0.9102728438015015,0.875246062992126,0.6153846153846154,0.0,-1.7041367698111043,0.8515625,128,calibrated,oracle_rank|oracle_value,"[0.016410335140914663, 0.45738908888155566]",1e2b8f16112f04d802e85873321fc043a421338f64c6699d67dd2853d652031f,scale_1.5,9420c07c5e81a9aa33d4f6fb4883ecdd4a9de22013fdb31b463f74737ce1db50,410a8cec5b40f8d85d4270abf1f3c81b657b97fe8a517a876cfcaa5c7a744613,1d5ba15d346afd65dd2bc5d0b35beaa225f8f06e4b54fc12091f0e43ff707cd2,46300733987cce7b063624fecbb4d56c78b327d44d6e84691cb2ca75f853dd51,5032979765cda21e42b6761da14e85959bf17202c9637a85d59f56af2a7c0f92,-0.4526461852041732,False
23,2,scale_1.5,none,scale_1.5,0.7,test,Target-Only,0.5321812962316091,0.8540905085663516,0.8726423731917232,0.8366141732283464,0.3076923076923077,0.09597968125082318,-0.6571551378319034,1.0,128,target_only,none,[],1e2b8f16112f04d802e85873321fc043a421338f64c6699d67dd2853d652031f,scale_1.5,9420c07c5e81a9aa33d4f6fb4883ecdd4a9de22013fdb31b463f74737ce1db50,600a06ede15f74d6cd114a14fefda9dfa7512868c0c2956651174a9733da9e2a,1d5ba15d346afd65dd2bc5d0b35beaa225f8f06e4b54fc12091f0e43ff707cd2,be74c031c2231d61a535fa05b69d02be31fc2054cc92b7f310177e8836ac864e,1e7965a3113deabf8b686fc77a78a1eba1fb652838f346b3b814c8122f444a2b,0.0,False
23,2,scale_1.5,none,scale_1.5,0.7,test,Geometry-Prior+Residual,0.49085539889518215,0.8077699544065183,0.8838697125068669,0.8422736220472441,0.23076923076923078,0.21595434014115986,-0.22252616055851623,0.703125,128,calibrated,geometry,[0.490534016409465],1e2b8f16112f04d802e85873321fc043a421338f64c6699d67dd2853d652031f,scale_1.5,9420c07c5e81a9aa33d4f6fb4883ecdd4a9de22013fdb31b463f74737ce1db50,600a06ede15f74d6cd114a14fefda9dfa7512868c0c2956651174a9733da9e2a,1d5ba15d346afd65dd2bc5d0b35beaa225f8f06e4b54fc12091f0e43ff707cd2,be74c031c2231d61a535fa05b69d02be31fc2054cc92b7f310177e8836ac864e,1e7965a3113deabf8b686fc77a78a1eba1fb652838f346b3b814c8122f444a2b,-0.041325897336427,False
23,2,scale_1.5,none,scale_1.5,0.7,test,Oracle-Rank+Residual,1.010242332049567,0.947397473944412,0.8452549899285845,0.8222194881889764,0.6153846153846154,0.0,1.3391005841303303,0.4765625,128,calibrated,oracle_rank,[0.40885331372858813],1e2b8f16112f04d802e85873321fc043a421338f64c6699d67dd2853d652031f,scale_1.5,9420c07c5e81a9aa33d4f6fb4883ecdd4a9de22013fdb31b463f74737ce1db50,600a06ede15f74d6cd114a14fefda9dfa7512868c0c2956651174a9733da9e2a,1d5ba15d346afd65dd2bc5d0b35beaa225f8f06e4b54fc12091f0e43ff707cd2,be74c031c2231d61a535fa05b69d02be31fc2054cc92b7f310177e8836ac864e,1e7965a3113deabf8b686fc77a78a1eba1fb652838f346b3b814c8122f444a2b,0.4780610358179579,True
23,2,scale_1.5,none,scale_1.5,0.7,test,Oracle-Value+Residual,0.8843051982411175,0.9795713498593138,0.9205216535433071,0.8767224409448819,0.8461538461538461,0.0,2.691782541254467,0.328125,128,calibrated,oracle_value,[0.47146926910201203],1e2b8f16112f04d802e85873321fc043a421338f64c6699d67dd2853d652031f,scale_1.5,9420c07c5e81a9aa33d4f6fb4883ecdd4a9de22013fdb31b463f74737ce1db50,600a06ede15f74d6cd114a14fefda9dfa7512868c0c2956651174a9733da9e2a,1d5ba15d346afd65dd2bc5d0b35beaa225f8f06e4b54fc12091f0e43ff707cd2,be74c031c2231d61a535fa05b69d02be31fc2054cc92b7f310177e8836ac864e,1e7965a3113deabf8b686fc77a78a1eba1fb652838f346b3b814c8122f444a2b,0.3521239020095084,True
23,2,scale_1.5,none,scale_1.5,0.7,test,Oracle-Rank+Value+Residual,0.8887237774931482,0.9795713498593138,0.919806354147592,0.87623031496063,0.8461538461538461,0.0,2.6672591314557432,0.328125,128,calibrated,oracle_rank|oracle_value,"[0.016410335140914663, 0.45738908888155566]",1e2b8f16112f04d802e85873321fc043a421338f64c6699d67dd2853d652031f,scale_1.5,9420c07c5e81a9aa33d4f6fb4883ecdd4a9de22013fdb31b463f74737ce1db50,600a06ede15f74d6cd114a14fefda9dfa7512868c0c2956651174a9733da9e2a,1d5ba15d346afd65dd2bc5d0b35beaa225f8f06e4b54fc12091f0e43ff707cd2,be74c031c2231d61a535fa05b69d02be31fc2054cc92b7f310177e8836ac864e,1e7965a3113deabf8b686fc77a78a1eba1fb652838f346b3b814c8122f444a2b,0.3565424812615391,True
23,2,scale_1.5,none,scale_1.5,1.0,test,Target-Only,0.7831700361037398,0.931395250354187,0.8390633583592747,0.8298474409448819,0.6153846153846154,0.048004828588918226,0.34173734477060397,0.84375,128,target_only,none,[],1e2b8f16112f04d802e85873321fc043a421338f64c6699d67dd2853d652031f,scale_1.5,9420c07c5e81a9aa33d4f6fb4883ecdd4a9de22013fdb31b463f74737ce1db50,34c37fe2c76ce921ae808818a43c18233c841fb37bc7148dce28d75fe4d00b87,1d5ba15d346afd65dd2bc5d0b35beaa225f8f06e4b54fc12091f0e43ff707cd2,4ebc936fe17b2e1eb9dcf5fdf42e89b13ded9a858bf19735516da343f6441796,583990bfe5c38f170d5abb7097513af9f7aaad6e5ab72599d51c8a6f52f070b8,0.0,False
23,2,scale_1.5,none,scale_1.5,1.0,test,Geometry-Prior+Residual,0.5493961933820068,0.8018780789857903,0.9054488646767991,0.8647883858267716,0.23076923076923078,0.15922833353710006,0.9614107935340583,0.40625,128,calibrated,geometry,[0.490534016409465],1e2b8f16112f04d802e85873321fc043a421338f64c6699d67dd2853d652031f,scale_1.5,9420c07c5e81a9aa33d4f6fb4883ecdd4a9de22013fdb31b463f74737ce1db50,34c37fe2c76ce921ae808818a43c18233c841fb37bc7148dce28d75fe4d00b87,1d5ba15d346afd65dd2bc5d0b35beaa225f8f06e4b54fc12091f0e43ff707cd2,4ebc936fe17b2e1eb9dcf5fdf42e89b13ded9a858bf19735516da343f6441796,583990bfe5c38f170d5abb7097513af9f7aaad6e5ab72599d51c8a6f52f070b8,-0.23377384272173296,False
23,2,scale_1.5,none,scale_1.5,1.0,test,Oracle-Rank+Residual,1.0672273377700465,0.6256108085990978,0.4852362204724409,0.6601870078740157,0.38461538461538464,0.4783307247985253,3.072176110148389,0.5078125,128,calibrated,oracle_rank,[0.40885331372858813],1e2b8f16112f04d802e85873321fc043a421338f64c6699d67dd2853d652031f,scale_1.5,9420c07c5e81a9aa33d4f6fb4883ecdd4a9de22013fdb31b463f74737ce1db50,34c37fe2c76ce921ae808818a43c18233c841fb37bc7148dce28d75fe4d00b87,1d5ba15d346afd65dd2bc5d0b35beaa225f8f06e4b54fc12091f0e43ff707cd2,4ebc936fe17b2e1eb9dcf5fdf42e89b13ded9a858bf19735516da343f6441796,583990bfe5c38f170d5abb7097513af9f7aaad6e5ab72599d51c8a6f52f070b8,0.2840573016663067,True
23,2,scale_1.5,none,scale_1.5,1.0,test,Oracle-Value+Residual,0.740649582248971,0.6278902319382292,0.8033441677348471,0.8008120078740157,0.0,0.30594233854946323,2.6418166235235505,0.640625,128,calibrated,oracle_value,[0.47146926910201203],1e2b8f16112f04d802e85873321fc043a421338f64c6699d67dd2853d652031f,scale_1.5,9420c07c5e81a9aa33d4f6fb4883ecdd4a9de22013fdb31b463f74737ce1db50,34c37fe2c76ce921ae808818a43c18233c841fb37bc7148dce28d75fe4d00b87,1d5ba15d346afd65dd2bc5d0b35beaa225f8f06e4b54fc12091f0e43ff707cd2,4ebc936fe17b2e1eb9dcf5fdf42e89b13ded9a858bf19735516da343f6441796,583990bfe5c38f170d5abb7097513af9f7aaad6e5ab72599d51c8a6f52f070b8,-0.04252045385476877,False
23,2,scale_1.5,none,scale_1.5,1.0,test,Oracle-Rank+Value+Residual,0.7453844635243744,0.6246815874733112,0.7985373557956418,0.7988435039370079,0.0,0.30594233854946323,2.657917927842837,0.6484375,128,calibrated,oracle_rank|oracle_value,"[0.016410335140914663, 0.45738908888155566]",1e2b8f16112f04d802e85873321fc043a421338f64c6699d67dd2853d652031f,scale_1.5,9420c07c5e81a9aa33d4f6fb4883ecdd4a9de22013fdb31b463f74737ce1db50,34c37fe2c76ce921ae808818a43c18233c841fb37bc7148dce28d75fe4d00b87,1d5ba15d346afd65dd2bc5d0b35beaa225f8f06e4b54fc12091f0e43ff707cd2,4ebc936fe17b2e1eb9dcf5fdf42e89b13ded9a858bf19735516da343f6441796,583990bfe5c38f170d5abb7097513af9f7aaad6e5ab72599d51c8a6f52f070b8,-0.037785572579365434,False
23,2,rotate_45,none,rotate_45,0.35,test,Target-Only,0.7378062415576147,0.9482571226194365,0.9214429591649882,0.8874261811023622,0.46153846153846156,0.0,-2.3337043814389316,1.0,128,target_only,none,[],1e2b8f16112f04d802e85873321fc043a421338f64c6699d67dd2853d652031f,rotate_45,c0770cb8ac51782046bf340840436577ef870c38ad8058cb6f5db8997d9134c6,79da1fac652d505fe6f1c7cdf08a27f338dc2bf838c8f5b3bd5a3de8f6c74d45,1d5ba15d346afd65dd2bc5d0b35beaa225f8f06e4b54fc12091f0e43ff707cd2,46300733987cce7b063624fecbb4d56c78b327d44d6e84691cb2ca75f853dd51,6c5617cce9a7793a7c54ff3e2f206a90302d24c3fe341ceb5decc0174e0f2a78,0.0,False
23,2,rotate_45,none,rotate_45,0.35,test,Geometry-Prior+Residual,0.7480485129786499,0.9482571226194365,0.9291510254532136,0.8921013779527559,0.46153846153846156,0.0,-2.4272482700234974,0.9140625,128,calibrated,geometry,[0.1493096882756917],1e2b8f16112f04d802e85873321fc043a421338f64c6699d67dd2853d652031f,rotate_45,c0770cb8ac51782046bf340840436577ef870c38ad8058cb6f5db8997d9134c6,79da1fac652d505fe6f1c7cdf08a27f338dc2bf838c8f5b3bd5a3de8f6c74d45,1d5ba15d346afd65dd2bc5d0b35beaa225f8f06e4b54fc12091f0e43ff707cd2,46300733987cce7b063624fecbb4d56c78b327d44d6e84691cb2ca75f853dd51,6c5617cce9a7793a7c54ff3e2f206a90302d24c3fe341ceb5decc0174e0f2a78,0.010242271421035287,True
23,2,rotate_45,none,rotate_45,0.35,test,Oracle-Rank+Residual,0.2896715966183158,0.9307399426290275,0.9408876579381066,0.8989911417322834,0.6153846153846154,0.058512550235768866,-3.1841281819514786,0.921875,128,calibrated,oracle_rank,[0.21248383317683484],1e2b8f16112f04d802e85873321fc043a421338f64c6699d67dd2853d652031f,rotate_45,c0770cb8ac51782046bf340840436577ef870c38ad8058cb6f5db8997d9134c6,79da1fac652d505fe6f1c7cdf08a27f338dc2bf838c8f5b3bd5a3de8f6c74d45,1d5ba15d346afd65dd2bc5d0b35beaa225f8f06e4b54fc12091f0e43ff707cd2,46300733987cce7b063624fecbb4d56c78b327d44d6e84691cb2ca75f853dd51,6c5617cce9a7793a7c54ff3e2f206a90302d24c3fe341ceb5decc0174e0f2a78,-0.44813464493929883,False
23,2,rotate_45,none,rotate_45,0.35,test,Oracle-Value+Residual,0.05754424716260588,0.993485027207715,0.9921088170664712,0.9730561023622047,0.8461538461538461,0.0,-4.900588987247048,1.0,128,calibrated,oracle_value,[0.22396875648484083],1e2b8f16112f04d802e85873321fc043a421338f64c6699d67dd2853d652031f,rotate_45,c0770cb8ac51782046bf340840436577ef870c38ad8058cb6f5db8997d9134c6,79da1fac652d505fe6f1c7cdf08a27f338dc2bf838c8f5b3bd5a3de8f6c74d45,1d5ba15d346afd65dd2bc5d0b35beaa225f8f06e4b54fc12091f0e43ff707cd2,46300733987cce7b063624fecbb4d56c78b327d44d6e84691cb2ca75f853dd51,6c5617cce9a7793a7c54ff3e2f206a90302d24c3fe341ceb5decc0174e0f2a78,-0.6802619943950088,False
23,2,rotate_45,none,rotate_45,0.35,test,Oracle-Rank+Value+Residual,0.08885839187358072,0.9955578478177989,0.9814308276872367,0.9549704724409449,0.9230769230769231,0.0006062347939831247,-4.370909269731529,0.9375,128,calibrated,oracle_rank|oracle_value,"[0.07049476923781606, 0.16229356898990577]",1e2b8f16112f04d802e85873321fc043a421338f64c6699d67dd2853d652031f,rotate_45,c0770cb8ac51782046bf340840436577ef870c38ad8058cb6f5db8997d9134c6,79da1fac652d505fe6f1c7cdf08a27f338dc2bf838c8f5b3bd5a3de8f6c74d45,1d5ba15d346afd65dd2bc5d0b35beaa225f8f06e4b54fc12091f0e43ff707cd2,46300733987cce7b063624fecbb4d56c78b327d44d6e84691cb2ca75f853dd51,6c5617cce9a7793a7c54ff3e2f206a90302d24c3fe341ceb5decc0174e0f2a78,-0.648947849684034,False
23,2,rotate_45,none,rotate_45,0.7,test,Target-Only,1.388777422572562,0.9441109728832667,0.8701187969236404,0.8478100393700787,0.46153846153846156,0.04952865998432674,-0.900450482602595,0.8125,128,target_only,none,[],1e2b8f16112f04d802e85873321fc043a421338f64c6699d67dd2853d652031f,rotate_45,c0770cb8ac51782046bf340840436577ef870c38ad8058cb6f5db8997d9134c6,3c0e46d593ab4e30bc99568a11ee0677340a72d71d2c522f94d1659dbfa54116,1d5ba15d346afd65dd2bc5d0b35beaa225f8f06e4b54fc12091f0e43ff707cd2,be74c031c2231d61a535fa05b69d02be31fc2054cc92b7f310177e8836ac864e,7a6eb91dd28a64f1a99fdb3c8bc374269e151c135f80cc08c77d55ad741c9cda,0.0,False
23,2,rotate_45,none,rotate_45,0.7,test,Geometry-Prior+Residual,1.147289779836856,0.9275397032733048,0.8447514191540011,0.8363681102362205,0.46153846153846156,0.04952865998432674,-0.8874776778336411,0.75,128,calibrated,geometry,[0.1493096882756917],1e2b8f16112f04d802e85873321fc043a421338f64c6699d67dd2853d652031f,rotate_45,c0770cb8ac51782046bf340840436577ef870c38ad8058cb6f5db8997d9134c6,3c0e46d593ab4e30bc99568a11ee0677340a72d71d2c522f94d1659dbfa54116,1d5ba15d346afd65dd2bc5d0b35beaa225f8f06e4b54fc12091f0e43ff707cd2,be74c031c2231d61a535fa05b69d02be31fc2054cc92b7f310177e8836ac864e,7a6eb91dd28a64f1a99fdb3c8bc374269e151c135f80cc08c77d55ad741c9cda,-0.241487642735706,False
23,2,rotate_45,none,rotate_45,0.7,test,Oracle-Rank+Residual,1.049058233524197,0.9830647203876078,0.7400945339681377,0.7939222440944882,0.8461538461538461,0.0025091019148259387,1.3675177607868052,0.5078125,128,calibrated,oracle_rank,[0.21248383317683484],1e2b8f16112f04d802e85873321fc043a421338f64c6699d67dd2853d652031f,rotate_45,c0770cb8ac51782046bf340840436577ef870c38ad8058cb6f5db8997d9134c6,3c0e46d593ab4e30bc99568a11ee0677340a72d71d2c522f94d1659dbfa54116,1d5ba15d346afd65dd2bc5d0b35beaa225f8f06e4b54fc12091f0e43ff707cd2,be74c031c2231d61a535fa05b69d02be31fc2054cc92b7f310177e8836ac864e,7a6eb91dd28a64f1a99fdb3c8bc374269e151c135f80cc08c77d55ad741c9cda,-0.33971918904836507,False
23,2,rotate_45,none,rotate_45,0.7,test,Oracle-Value+Residual,0.14686516928277607,0.9981633795556805,0.9322811756088629,0.9080954724409449,0.9230769230769231,0.0,-2.9462565549124777,0.828125,128,calibrated,oracle_value,[0.22396875648484083],1e2b8f16112f04d802e85873321fc043a421338f64c6699d67dd2853d652031f,rotate_45,c0770cb8ac51782046bf340840436577ef870c38ad8058cb6f5db8997d9134c6,3c0e46d593ab4e30bc99568a11ee0677340a72d71d2c522f94d1659dbfa54116,1d5ba15d346afd65dd2bc5d0b35beaa225f8f06e4b54fc12091f0e43ff707cd2,be74c031c2231d61a535fa05b69d02be31fc2054cc92b7f310177e8836ac864e,7a6eb91dd28a64f1a99fdb3c8bc374269e151c135f80cc08c77d55ad741c9cda,-1.241912253289786,False
23,2,rotate_45,none,rotate_45,0.7,test,Oracle-Rank+Value+Residual,0.37779856164036185,0.9958074918982646,0.8377643746566563,0.8494094488188977,0.9230769230769231,0.0025091019148259387,1.086496335824656,0.5078125,128,calibrated,oracle_rank|oracle_value,"[0.07049476923781606, 0.16229356898990577]",1e2b8f16112f04d802e85873321fc043a421338f64c6699d67dd2853d652031f,rotate_45,c0770cb8ac51782046bf340840436577ef870c38ad8058cb6f5db8997d9134c6,3c0e46d593ab4e30bc99568a11ee0677340a72d71d2c522f94d1659dbfa54116,1d5ba15d346afd65dd2bc5d0b35beaa225f8f06e4b54fc12091f0e43ff707cd2,be74c031c2231d61a535fa05b69d02be31fc2054cc92b7f310177e8836ac864e,7a6eb91dd28a64f1a99fdb3c8bc374269e151c135f80cc08c77d55ad741c9cda,-1.0109788609322001,False
23,2,rotate_45,none,rotate_45,1.0,test,Target-Only,1.0513336211855138,0.9119023614891757,0.6839177806262589,0.7550442913385826,0.6153846153846154,0.1165515256523701,0.4726320402883363,0.671875,128,target_only,none,[],1e2b8f16112f04d802e85873321fc043a421338f64c6699d67dd2853d652031f,rotate_45,c0770cb8ac51782046bf340840436577ef870c38ad8058cb6f5db8997d9134c6,5c6f88d623cd8fd4ac4cb37dd8e7c5feaa9e6648dbff4e25a63a0eedec166ad1,1d5ba15d346afd65dd2bc5d0b35beaa225f8f06e4b54fc12091f0e43ff707cd2,4ebc936fe17b2e1eb9dcf5fdf42e89b13ded9a858bf19735516da343f6441796,eda8688180d8872910e5e970978ec60c623a914cb342796a2e6b2f3df3245a43,0.0,False
23,2,rotate_45,none,rotate_45,1.0,test,Geometry-Prior+Residual,0.7404137305811702,0.9324381626578849,0.8467027559055117,0.8464566929133859,0.5384615384615384,0.001098777124175363,0.028491385566569022,0.7265625,128,calibrated,geometry,[0.1493096882756917],1e2b8f16112f04d802e85873321fc043a421338f64c6699d67dd2853d652031f,rotate_45,c0770cb8ac51782046bf340840436577ef870c38ad8058cb6f5db8997d9134c6,5c6f88d623cd8fd4ac4cb37dd8e7c5feaa9e6648dbff4e25a63a0eedec166ad1,1d5ba15d346afd65dd2bc5d0b35beaa225f8f06e4b54fc12091f0e43ff707cd2,4ebc936fe17b2e1eb9dcf5fdf42e89b13ded9a858bf19735516da343f6441796,eda8688180d8872910e5e970978ec60c623a914cb342796a2e6b2f3df3245a43,-0.31091989060434355,False
23,2,rotate_45,none,rotate_45,1.0,test,Oracle-Rank+Residual,0.4950440808459702,0.9972991072536941,0.9219865867057315,0.8874261811023622,0.9230769230769231,0.0,1.3563594798789724,0.5859375,128,calibrated,oracle_rank,[0.21248383317683484],1e2b8f16112f04d802e85873321fc043a421338f64c6699d67dd2853d652031f,rotate_45,c0770cb8ac51782046bf340840436577ef870c38ad8058cb6f5db8997d9134c6,5c6f88d623cd8fd4ac4cb37dd8e7c5feaa9e6648dbff4e25a63a0eedec166ad1,1d5ba15d346afd65dd2bc5d0b35beaa225f8f06e4b54fc12091f0e43ff707cd2,4ebc936fe17b2e1eb9dcf5fdf42e89b13ded9a858bf19735516da343f6441796,eda8688180d8872910e5e970978ec60c623a914cb342796a2e6b2f3df3245a43,-0.5562895403395436,False
23,2,rotate_45,none,rotate_45,1.0,test,Oracle-Value+Residual,0.11399628075790001,0.9984558518944254,0.994186046511628,0.9745324803149606,1.0,0.001098777124175363,1.0771439448988076,0.578125,128,calibrated,oracle_value,[0.22396875648484083],1e2b8f16112f04d802e85873321fc043a421338f64c6699d67dd2853d652031f,rotate_45,c0770cb8ac51782046bf340840436577ef870c38ad8058cb6f5db8997d9134c6,5c6f88d623cd8fd4ac4cb37dd8e7c5feaa9e6648dbff4e25a63a0eedec166ad1,1d5ba15d346afd65dd2bc5d0b35beaa225f8f06e4b54fc12091f0e43ff707cd2,4ebc936fe17b2e1eb9dcf5fdf42e89b13ded9a858bf19735516da343f6441796,eda8688180d8872910e5e970978ec60c623a914cb342796a2e6b2f3df3245a43,-0.9373373404276137,False
23,2,rotate_45,none,rotate_45,1.0,test,Oracle-Rank+Value+Residual,0.1657536410839068,0.9980818309574933,0.9873248947079287,0.9596456692913385,0.9230769230769231,0.0,0.6180334036168306,0.5546875,128,calibrated,oracle_rank|oracle_value,"[0.07049476923781606, 0.16229356898990577]",1e2b8f16112f04d802e85873321fc043a421338f64c6699d67dd2853d652031f,rotate_45,c0770cb8ac51782046bf340840436577ef870c38ad8058cb6f5db8997d9134c6,5c6f88d623cd8fd4ac4cb37dd8e7c5feaa9e6648dbff4e25a63a0eedec166ad1,1d5ba15d346afd65dd2bc5d0b35beaa225f8f06e4b54fc12091f0e43ff707cd2,4ebc936fe17b2e1eb9dcf5fdf42e89b13ded9a858bf19735516da343f6441796,eda8688180d8872910e5e970978ec60c623a914cb342796a2e6b2f3df3245a43,-0.885579980101607,False
23,2,roughness,none,roughness,0.35,test,Target-Only,1.326693803346404,0.21245864920522523,0.10799304156747849,0.5452755905511811,0.0,0.9493181781680768,12.968011255469897,0.3828125,128,target_only,none,[],1e2b8f16112f04d802e85873321fc043a421338f64c6699d67dd2853d652031f,roughness,1d5ba15d346afd65dd2bc5d0b35beaa225f8f06e4b54fc12091f0e43ff707cd2,46300733987cce7b063624fecbb4d56c78b327d44d6e84691cb2ca75f853dd51,1d5ba15d346afd65dd2bc5d0b35beaa225f8f06e4b54fc12091f0e43ff707cd2,46300733987cce7b063624fecbb4d56c78b327d44d6e84691cb2ca75f853dd51,f460c9257024ac67aeae35b73d097aa377a9d81907a91723e8a7a8eb0190f9e2,0.0,False
23,2,roughness,none,roughness,0.35,test,Geometry-Prior+Residual,1.3295818576248946,0.21610154236127707,0.12477682658853688,0.5509350393700787,0.0,0.9493181781680768,42.85105315573385,0.2421875,128,calibrated,geometry,[0.22971232617057505],1e2b8f16112f04d802e85873321fc043a421338f64c6699d67dd2853d652031f,roughness,1d5ba15d346afd65dd2bc5d0b35beaa225f8f06e4b54fc12091f0e43ff707cd2,46300733987cce7b063624fecbb4d56c78b327d44d6e84691cb2ca75f853dd51,1d5ba15d346afd65dd2bc5d0b35beaa225f8f06e4b54fc12091f0e43ff707cd2,46300733987cce7b063624fecbb4d56c78b327d44d6e84691cb2ca75f853dd51,f460c9257024ac67aeae35b73d097aa377a9d81907a91723e8a7a8eb0190f9e2,0.0028880542784905927,False
23,2,roughness,none,roughness,0.35,test,Oracle-Rank+Residual,1.2877128894311358,0.17494792601699544,0.11773828053470059,0.546136811023622,0.0,1.0616780900523808,33.44293937469362,0.25,128,calibrated,oracle_rank,[0.217903936224325],1e2b8f16112f04d802e85873321fc043a421338f64c6699d67dd2853d652031f,roughness,1d5ba15d346afd65dd2bc5d0b35beaa225f8f06e4b54fc12091f0e43ff707cd2,46300733987cce7b063624fecbb4d56c78b327d44d6e84691cb2ca75f853dd51,1d5ba15d346afd65dd2bc5d0b35beaa225f8f06e4b54fc12091f0e43ff707cd2,46300733987cce7b063624fecbb4d56c78b327d44d6e84691cb2ca75f853dd51,f460c9257024ac67aeae35b73d097aa377a9d81907a91723e8a7a8eb0190f9e2,-0.038980913915268145,False
23,2,roughness,none,roughness,0.35,test,Oracle-Value+Residual,1.2275526669347998,0.19351585355351889,0.13839612708295182,0.5568405511811023,0.0,1.059514324003044,28.150219522116558,0.265625,128,calibrated,oracle_value,[0.21091497058619302],1e2b8f16112f04d802e85873321fc043a421338f64c6699d67dd2853d652031f,roughness,1d5ba15d346afd65dd2bc5d0b35beaa225f8f06e4b54fc12091f0e43ff707cd2,46300733987cce7b063624fecbb4d56c78b327d44d6e84691cb2ca75f853dd51,1d5ba15d346afd65dd2bc5d0b35beaa225f8f06e4b54fc12091f0e43ff707cd2,46300733987cce7b063624fecbb4d56c78b327d44d6e84691cb2ca75f853dd51,f460c9257024ac67aeae35b73d097aa377a9d81907a91723e8a7a8eb0190f9e2,-0.09914113641160416,False
23,2,roughness,none,roughness,0.35,test,Oracle-Rank+Value+Residual,1.2629240992121364,0.1878217041553255,0.12891984068851858,0.5516732283464567,0.0,1.059514324003044,32.12170362067201,0.2421875,128,calibrated,oracle_rank|oracle_value,"[0.14709050516252695, 0.07890004081566176]",1e2b8f16112f04d802e85873321fc043a421338f64c6699d67dd2853d652031f,roughness,1d5ba15d346afd65dd2bc5d0b35beaa225f8f06e4b54fc12091f0e43ff707cd2,46300733987cce7b063624fecbb4d56c78b327d44d6e84691cb2ca75f853dd51,1d5ba15d346afd65dd2bc5d0b35beaa225f8f06e4b54fc12091f0e43ff707cd2,46300733987cce7b063624fecbb4d56c78b327d44d6e84691cb2ca75f853dd51,f460c9257024ac67aeae35b73d097aa377a9d81907a91723e8a7a8eb0190f9e2,-0.06376970413426752,False
23,2,roughness,none,roughness,0.7,test,Target-Only,1.5535634841562511,0.18687047628105347,-0.24250366233290604,0.42322834645669294,0.0,1.008123819710823,17.528886623575552,0.296875,128,target_only,none,[],1e2b8f16112f04d802e85873321fc043a421338f64c6699d67dd2853d652031f,roughness,1d5ba15d346afd65dd2bc5d0b35beaa225f8f06e4b54fc12091f0e43ff707cd2,be74c031c2231d61a535fa05b69d02be31fc2054cc92b7f310177e8836ac864e,1d5ba15d346afd65dd2bc5d0b35beaa225f8f06e4b54fc12091f0e43ff707cd2,be74c031c2231d61a535fa05b69d02be31fc2054cc92b7f310177e8836ac864e,2266eea37b961a7a231f756aaedafbf616ab153f95ec1032a58b50c7a814a781,0.0,False
23,2,roughness,none,roughness,0.7,test,Geometry-Prior+Residual,1.604047686881819,0.17756766037666943,-0.29356459439663063,0.41055610236220474,0.0,0.9842889866516081,56.477645971584764,0.1796875,128,calibrated,geometry,[0.22971232617057505],1e2b8f16112f04d802e85873321fc043a421338f64c6699d67dd2853d652031f,roughness,1d5ba15d346afd65dd2bc5d0b35beaa225f8f06e4b54fc12091f0e43ff707cd2,be74c031c2231d61a535fa05b69d02be31fc2054cc92b7f310177e8836ac864e,1d5ba15d346afd65dd2bc5d0b35beaa225f8f06e4b54fc12091f0e43ff707cd2,be74c031c2231d61a535fa05b69d02be31fc2054cc92b7f310177e8836ac864e,2266eea37b961a7a231f756aaedafbf616ab153f95ec1032a58b50c7a814a781,0.05048420272556786,True
23,2,roughness,none,roughness,0.7,test,Oracle-Rank+Residual,1.6027792008912303,0.18095541355469663,-0.2284036806445706,0.42593503937007876,0.0,0.9842889866516081,47.140465314241496,0.234375,128,calibrated,oracle_rank,[0.217903936224325],1e2b8f16112f04d802e85873321fc043a421338f64c6699d67dd2853d652031f,roughness,1d5ba15d346afd65dd2bc5d0b35beaa225f8f06e4b54fc12091f0e43ff707cd2,be74c031c2231d61a535fa05b69d02be31fc2054cc92b7f310177e8836ac864e,1d5ba15d346afd65dd2bc5d0b35beaa225f8f06e4b54fc12091f0e43ff707cd2,be74c031c2231d61a535fa05b69d02be31fc2054cc92b7f310177e8836ac864e,2266eea37b961a7a231f756aaedafbf616ab153f95ec1032a58b50c7a814a781,0.049215716734979154,True
23,2,roughness,none,roughness,0.7,test,Oracle-Value+Residual,1.6673338999930678,0.17948464706151454,-0.31873168833546967,0.39788385826771655,0.0,0.9842889866516081,45.41508543110979,0.2265625,128,calibrated,oracle_value,[0.21091497058619302],1e2b8f16112f04d802e85873321fc043a421338f64c6699d67dd2853d652031f,roughness,1d5ba15d346afd65dd2bc5d0b35beaa225f8f06e4b54fc12091f0e43ff707cd2,be74c031c2231d61a535fa05b69d02be31fc2054cc92b7f310177e8836ac864e,1d5ba15d346afd65dd2bc5d0b35beaa225f8f06e4b54fc12091f0e43ff707cd2,be74c031c2231d61a535fa05b69d02be31fc2054cc92b7f310177e8836ac864e,2266eea37b961a7a231f756aaedafbf616ab153f95ec1032a58b50c7a814a781,0.11377041583681669,True
23,2,roughness,none,roughness,0.7,test,Oracle-Rank+Value+Residual,1.6282127134369453,0.18022108849522647,-0.24892418970884453,0.422244094488189,0.0,0.9842889866516081,47.755213815146675,0.2265625,128,calibrated,oracle_rank|oracle_value,"[0.14709050516252695, 0.07890004081566176]",1e2b8f16112f04d802e85873321fc043a421338f64c6699d67dd2853d652031f,roughness,1d5ba15d346afd65dd2bc5d0b35beaa225f8f06e4b54fc12091f0e43ff707cd2,be74c031c2231d61a535fa05b69d02be31fc2054cc92b7f310177e8836ac864e,1d5ba15d346afd65dd2bc5d0b35beaa225f8f06e4b54fc12091f0e43ff707cd2,be74c031c2231d61a535fa05b69d02be31fc2054cc92b7f310177e8836ac864e,2266eea37b961a7a231f756aaedafbf616ab153f95ec1032a58b50c7a814a781,0.07464922928069417,True
23,2,roughness,none,roughness,1.0,test,Target-Only,1.6808789002757991,0.20441580985755137,-0.1608450833180736,0.44918799212598426,0.0,1.036532553403324,10.340348373304886,0.28125,128,target_only,none,[],1e2b8f16112f04d802e85873321fc043a421338f64c6699d67dd2853d652031f,roughness,1d5ba15d346afd65dd2bc5d0b35beaa225f8f06e4b54fc12091f0e43ff707cd2,4ebc936fe17b2e1eb9dcf5fdf42e89b13ded9a858bf19735516da343f6441796,1d5ba15d346afd65dd2bc5d0b35beaa225f8f06e4b54fc12091f0e43ff707cd2,4ebc936fe17b2e1eb9dcf5fdf42e89b13ded9a858bf19735516da343f6441796,66f74273019407170a699b752c58eeaced370464f7c6b491932913803e7165b6,0.0,False
23,2,roughness,none,roughness,1.0,test,Geometry-Prior+Residual,1.436477779119416,0.14018724461709703,-0.17437854788500273,0.44303641732283466,0.0,1.036532553403324,28.463067533513662,0.25,128,calibrated,geometry,[0.22971232617057505],1e2b8f16112f04d802e85873321fc043a421338f64c6699d67dd2853d652031f,roughness,1d5ba15d346afd65dd2bc5d0b35beaa225f8f06e4b54fc12091f0e43ff707cd2,4ebc936fe17b2e1eb9dcf5fdf42e89b13ded9a858bf19735516da343f6441796,1d5ba15d346afd65dd2bc5d0b35beaa225f8f06e4b54fc12091f0e43ff707cd2,4ebc936fe17b2e1eb9dcf5fdf42e89b13ded9a858bf19735516da343f6441796,66f74273019407170a699b752c58eeaced370464f7c6b491932913803e7165b6,-0.24440112115638302,False
23,2,roughness,none,roughness,1.0,test,Oracle-Rank+Residual,1.4957418908565452,0.2042600337902796,-0.027484663980955865,0.49298720472440943,0.07692307692307693,1.036532553403324,23.838587493337954,0.2421875,128,calibrated,oracle_rank,[0.217903936224325],1e2b8f16112f04d802e85873321fc043a421338f64c6699d67dd2853d652031f,roughness,1d5ba15d346afd65dd2bc5d0b35beaa225f8f06e4b54fc12091f0e43ff707cd2,4ebc936fe17b2e1eb9dcf5fdf42e89b13ded9a858bf19735516da343f6441796,1d5ba15d346afd65dd2bc5d0b35beaa225f8f06e4b54fc12091f0e43ff707cd2,4ebc936fe17b2e1eb9dcf5fdf42e89b13ded9a858bf19735516da343f6441796,66f74273019407170a699b752c58eeaced370464f7c6b491932913803e7165b6,-0.18513700941925393,False
23,2,roughness,none,roughness,1.0,test,Oracle-Value+Residual,1.2816433028592125,0.5100344059145272,0.22123924189708846,0.5812007874015748,0.07692307692307693,0.4235740009640838,18.973370450786497,0.2421875,128,calibrated,oracle_value,[0.21091497058619302],1e2b8f16112f04d802e85873321fc043a421338f64c6699d67dd2853d652031f,roughness,1d5ba15d346afd65dd2bc5d0b35beaa225f8f06e4b54fc12091f0e43ff707cd2,4ebc936fe17b2e1eb9dcf5fdf42e89b13ded9a858bf19735516da343f6441796,1d5ba15d346afd65dd2bc5d0b35beaa225f8f06e4b54fc12091f0e43ff707cd2,4ebc936fe17b2e1eb9dcf5fdf42e89b13ded9a858bf19735516da343f6441796,66f74273019407170a699b752c58eeaced370464f7c6b491932913803e7165b6,-0.39923559741658665,False
23,2,roughness,none,roughness,1.0,test,Oracle-Rank+Value+Residual,1.4053801275823394,0.2513861011625193,0.09896310199597143,0.5375246062992126,0.07692307692307693,1.036532553403324,22.29572351397688,0.2421875,128,calibrated,oracle_rank|oracle_value,"[0.14709050516252695, 0.07890004081566176]",1e2b8f16112f04d802e85873321fc043a421338f64c6699d67dd2853d652031f,roughness,1d5ba15d346afd65dd2bc5d0b35beaa225f8f06e4b54fc12091f0e43ff707cd2,4ebc936fe17b2e1eb9dcf5fdf42e89b13ded9a858bf19735516da343f6441796,1d5ba15d346afd65dd2bc5d0b35beaa225f8f06e4b54fc12091f0e43ff707cd2,4ebc936fe17b2e1eb9dcf5fdf42e89b13ded9a858bf19735516da343f6441796,66f74273019407170a699b752c58eeaced370464f7c6b491932913803e7165b6,-0.2754987726934597,False
23,2,reversal,none,reversal,0.35,test,Target-Only,0.5553449916710508,0.7626478329297991,0.8292151162790697,0.8046259842519685,0.07692307692307693,4.249990267973799e-06,-2.153895546339257,1.0,128,target_only,none,[],1e2b8f16112f04d802e85873321fc043a421338f64c6699d67dd2853d652031f,reversal,1d5ba15d346afd65dd2bc5d0b35beaa225f8f06e4b54fc12091f0e43ff707cd2,46300733987cce7b063624fecbb4d56c78b327d44d6e84691cb2ca75f853dd51,1d5ba15d346afd65dd2bc5d0b35beaa225f8f06e4b54fc12091f0e43ff707cd2,46300733987cce7b063624fecbb4d56c78b327d44d6e84691cb2ca75f853dd51,10db87a7abf698d1aab064cc923b0dc4a303ce25a0b2b4ce76dfed836728995a,0.0,False
23,2,reversal,none,reversal,0.35,test,Geometry-Prior+Residual,0.5553449916710508,0.7626478329297991,0.8292151162790697,0.8046259842519685,0.07692307692307693,4.249990267973799e-06,-2.153895546339257,1.0,128,target_only,geometry,[1.20359044276499e-20],1e2b8f16112f04d802e85873321fc043a421338f64c6699d67dd2853d652031f,reversal,1d5ba15d346afd65dd2bc5d0b35beaa225f8f06e4b54fc12091f0e43ff707cd2,46300733987cce7b063624fecbb4d56c78b327d44d6e84691cb2ca75f853dd51,1d5ba15d346afd65dd2bc5d0b35beaa225f8f06e4b54fc12091f0e43ff707cd2,46300733987cce7b063624fecbb4d56c78b327d44d6e84691cb2ca75f853dd51,10db87a7abf698d1aab064cc923b0dc4a303ce25a0b2b4ce76dfed836728995a,0.0,False
23,2,reversal,none,reversal,0.35,test,Oracle-Rank+Residual,0.5553449916710508,0.7626478329297991,0.8292151162790697,0.8046259842519685,0.07692307692307693,4.249990267973799e-06,-2.153895546339257,1.0,128,target_only,oracle_rank,[1.2800199926603291e-20],1e2b8f16112f04d802e85873321fc043a421338f64c6699d67dd2853d652031f,reversal,1d5ba15d346afd65dd2bc5d0b35beaa225f8f06e4b54fc12091f0e43ff707cd2,46300733987cce7b063624fecbb4d56c78b327d44d6e84691cb2ca75f853dd51,1d5ba15d346afd65dd2bc5d0b35beaa225f8f06e4b54fc12091f0e43ff707cd2,46300733987cce7b063624fecbb4d56c78b327d44d6e84691cb2ca75f853dd51,10db87a7abf698d1aab064cc923b0dc4a303ce25a0b2b4ce76dfed836728995a,0.0,False
23,2,reversal,none,reversal,0.35,test,Oracle-Value+Residual,0.5553449916710508,0.7626478329297991,0.8292151162790697,0.8046259842519685,0.07692307692307693,4.249990267973799e-06,-2.153895546339257,1.0,128,target_only,oracle_value,[1.3186958561760116e-20],1e2b8f16112f04d802e85873321fc043a421338f64c6699d67dd2853d652031f,reversal,1d5ba15d346afd65dd2bc5d0b35beaa225f8f06e4b54fc12091f0e43ff707cd2,46300733987cce7b063624fecbb4d56c78b327d44d6e84691cb2ca75f853dd51,1d5ba15d346afd65dd2bc5d0b35beaa225f8f06e4b54fc12091f0e43ff707cd2,46300733987cce7b063624fecbb4d56c78b327d44d6e84691cb2ca75f853dd51,10db87a7abf698d1aab064cc923b0dc4a303ce25a0b2b4ce76dfed836728995a,0.0,False
23,2,reversal,none,reversal,0.35,test,Oracle-Rank+Value+Residual,0.5553449916710508,0.7626478329297991,0.8292151162790697,0.8046259842519685,0.07692307692307693,4.249990267973799e-06,-2.153895546339257,1.0,128,target_only,oracle_rank|oracle_value,"[1.4974760821777167e-20, 2.3516912835944502e-20]",1e2b8f16112f04d802e85873321fc043a421338f64c6699d67dd2853d652031f,reversal,1d5ba15d346afd65dd2bc5d0b35beaa225f8f06e4b54fc12091f0e43ff707cd2,46300733987cce7b063624fecbb4d56c78b327d44d6e84691cb2ca75f853dd51,1d5ba15d346afd65dd2bc5d0b35beaa225f8f06e4b54fc12091f0e43ff707cd2,46300733987cce7b063624fecbb4d56c78b327d44d6e84691cb2ca75f853dd51,10db87a7abf698d1aab064cc923b0dc4a303ce25a0b2b4ce76dfed836728995a,0.0,False
23,2,reversal,none,reversal,0.7,test,Target-Only,1.2532709830827233,0.7218682046145495,0.8166887932613075,0.8088090551181102,0.23076923076923078,0.03761401966040758,-1.0623038993437164,0.9140625,128,target_only,none,[],1e2b8f16112f04d802e85873321fc043a421338f64c6699d67dd2853d652031f,reversal,1d5ba15d346afd65dd2bc5d0b35beaa225f8f06e4b54fc12091f0e43ff707cd2,be74c031c2231d61a535fa05b69d02be31fc2054cc92b7f310177e8836ac864e,1d5ba15d346afd65dd2bc5d0b35beaa225f8f06e4b54fc12091f0e43ff707cd2,be74c031c2231d61a535fa05b69d02be31fc2054cc92b7f310177e8836ac864e,63bacfec2396b7f84fc3fb309f35f229ff782a9ac05503980c8e72f3de15080f,0.0,False
23,2,reversal,none,reversal,0.7,test,Geometry-Prior+Residual,1.2532709830827233,0.7218682046145495,0.8166887932613075,0.8088090551181102,0.23076923076923078,0.03761401966040758,-1.0623038993437164,0.9140625,128,target_only,geometry,[1.20359044276499e-20],1e2b8f16112f04d802e85873321fc043a421338f64c6699d67dd2853d652031f,reversal,1d5ba15d346afd65dd2bc5d0b35beaa225f8f06e4b54fc12091f0e43ff707cd2,be74c031c2231d61a535fa05b69d02be31fc2054cc92b7f310177e8836ac864e,1d5ba15d346afd65dd2bc5d0b35beaa225f8f06e4b54fc12091f0e43ff707cd2,be74c031c2231d61a535fa05b69d02be31fc2054cc92b7f310177e8836ac864e,63bacfec2396b7f84fc3fb309f35f229ff782a9ac05503980c8e72f3de15080f,0.0,False
23,2,reversal,none,reversal,0.7,test,Oracle-Rank+Residual,1.2532709830827233,0.7218682046145495,0.8166887932613075,0.8088090551181102,0.23076923076923078,0.03761401966040758,-1.0623038993437164,0.9140625,128,target_only,oracle_rank,[1.2800199926603291e-20],1e2b8f16112f04d802e85873321fc043a421338f64c6699d67dd2853d652031f,reversal,1d5ba15d346afd65dd2bc5d0b35beaa225f8f06e4b54fc12091f0e43ff707cd2,be74c031c2231d61a535fa05b69d02be31fc2054cc92b7f310177e8836ac864e,1d5ba15d346afd65dd2bc5d0b35beaa225f8f06e4b54fc12091f0e43ff707cd2,be74c031c2231d61a535fa05b69d02be31fc2054cc92b7f310177e8836ac864e,63bacfec2396b7f84fc3fb309f35f229ff782a9ac05503980c8e72f3de15080f,0.0,False
23,2,reversal,none,reversal,0.7,test,Oracle-Value+Residual,1.2532709830827233,0.7218682046145495,0.8166887932613075,0.8088090551181102,0.23076923076923078,0.03761401966040758,-1.0623038993437164,0.9140625,128,target_only,oracle_value,[1.3186958561760116e-20],1e2b8f16112f04d802e85873321fc043a421338f64c6699d67dd2853d652031f,reversal,1d5ba15d346afd65dd2bc5d0b35beaa225f8f06e4b54fc12091f0e43ff707cd2,be74c031c2231d61a535fa05b69d02be31fc2054cc92b7f310177e8836ac864e,1d5ba15d346afd65dd2bc5d0b35beaa225f8f06e4b54fc12091f0e43ff707cd2,be74c031c2231d61a535fa05b69d02be31fc2054cc92b7f310177e8836ac864e,63bacfec2396b7f84fc3fb309f35f229ff782a9ac05503980c8e72f3de15080f,0.0,False
23,2,reversal,none,reversal,0.7,test,Oracle-Rank+Value+Residual,1.2532709830827233,0.7218682046145495,0.8166887932613075,0.8088090551181102,0.23076923076923078,0.03761401966040758,-1.0623038993437164,0.9140625,128,target_only,oracle_rank|oracle_value,"[1.4974760821777167e-20, 2.3516912835944502e-20]",1e2b8f16112f04d802e85873321fc043a421338f64c6699d67dd2853d652031f,reversal,1d5ba15d346afd65dd2bc5d0b35beaa225f8f06e4b54fc12091f0e43ff707cd2,be74c031c2231d61a535fa05b69d02be31fc2054cc92b7f310177e8836ac864e,1d5ba15d346afd65dd2bc5d0b35beaa225f8f06e4b54fc12091f0e43ff707cd2,be74c031c2231d61a535fa05b69d02be31fc2054cc92b7f310177e8836ac864e,63bacfec2396b7f84fc3fb309f35f229ff782a9ac05503980c8e72f3de15080f,0.0,False
23,2,reversal,none,reversal,1.0,test,Target-Only,0.8592706737337361,0.6308747953013509,0.7662630470609777,0.7722687007874016,0.0,0.11405107438763772,0.16752484514746152,0.7265625,128,target_only,none,[],1e2b8f16112f04d802e85873321fc043a421338f64c6699d67dd2853d652031f,reversal,1d5ba15d346afd65dd2bc5d0b35beaa225f8f06e4b54fc12091f0e43ff707cd2,4ebc936fe17b2e1eb9dcf5fdf42e89b13ded9a858bf19735516da343f6441796,1d5ba15d346afd65dd2bc5d0b35beaa225f8f06e4b54fc12091f0e43ff707cd2,4ebc936fe17b2e1eb9dcf5fdf42e89b13ded9a858bf19735516da343f6441796,0a992408637ce20f4ecee01756ff04f7afe4efb83fd7160e4111c8ed58ae86cb,0.0,False
23,2,reversal,none,reversal,1.0,test,Geometry-Prior+Residual,0.8592706737337361,0.6308747953013509,0.7662630470609777,0.7722687007874016,0.0,0.11405107438763772,0.16752484514746152,0.7265625,128,target_only,geometry,[1.20359044276499e-20],1e2b8f16112f04d802e85873321fc043a421338f64c6699d67dd2853d652031f,reversal,1d5ba15d346afd65dd2bc5d0b35beaa225f8f06e4b54fc12091f0e43ff707cd2,4ebc936fe17b2e1eb9dcf5fdf42e89b13ded9a858bf19735516da343f6441796,1d5ba15d346afd65dd2bc5d0b35beaa225f8f06e4b54fc12091f0e43ff707cd2,4ebc936fe17b2e1eb9dcf5fdf42e89b13ded9a858bf19735516da343f6441796,0a992408637ce20f4ecee01756ff04f7afe4efb83fd7160e4111c8ed58ae86cb,0.0,False
23,2,reversal,none,reversal,1.0,test,Oracle-Rank+Residual,0.8592706737337361,0.6308747953013509,0.7662630470609777,0.7722687007874016,0.0,0.11405107438763772,0.16752484514746152,0.7265625,128,target_only,oracle_rank,[1.2800199926603291e-20],1e2b8f16112f04d802e85873321fc043a421338f64c6699d67dd2853d652031f,reversal,1d5ba15d346afd65dd2bc5d0b35beaa225f8f06e4b54fc12091f0e43ff707cd2,4ebc936fe17b2e1eb9dcf5fdf42e89b13ded9a858bf19735516da343f6441796,1d5ba15d346afd65dd2bc5d0b35beaa225f8f06e4b54fc12091f0e43ff707cd2,4ebc936fe17b2e1eb9dcf5fdf42e89b13ded9a858bf19735516da343f6441796,0a992408637ce20f4ecee01756ff04f7afe4efb83fd7160e4111c8ed58ae86cb,0.0,False
23,2,reversal,none,reversal,1.0,test,Oracle-Value+Residual,0.8592706737337361,0.6308747953013509,0.7662630470609777,0.7722687007874016,0.0,0.11405107438763772,0.16752484514746152,0.7265625,128,target_only,oracle_value,[1.3186958561760116e-20],1e2b8f16112f04d802e85873321fc043a421338f64c6699d67dd2853d652031f,reversal,1d5ba15d346afd65dd2bc5d0b35beaa225f8f06e4b54fc12091f0e43ff707cd2,4ebc936fe17b2e1eb9dcf5fdf42e89b13ded9a858bf19735516da343f6441796,1d5ba15d346afd65dd2bc5d0b35beaa225f8f06e4b54fc12091f0e43ff707cd2,4ebc936fe17b2e1eb9dcf5fdf42e89b13ded9a858bf19735516da343f6441796,0a992408637ce20f4ecee01756ff04f7afe4efb83fd7160e4111c8ed58ae86cb,0.0,False
23,2,reversal,none,reversal,1.0,test,Oracle-Rank+Value+Residual,0.8592706737337361,0.6308747953013509,0.7662630470609777,0.7722687007874016,0.0,0.11405107438763772,0.16752484514746152,0.7265625,128,target_only,oracle_rank|oracle_value,"[1.4974760821777167e-20, 2.3516912835944502e-20]",1e2b8f16112f04d802e85873321fc043a421338f64c6699d67dd2853d652031f,reversal,1d5ba15d346afd65dd2bc5d0b35beaa225f8f06e4b54fc12091f0e43ff707cd2,4ebc936fe17b2e1eb9dcf5fdf42e89b13ded9a858bf19735516da343f6441796,1d5ba15d346afd65dd2bc5d0b35beaa225f8f06e4b54fc12091f0e43ff707cd2,4ebc936fe17b2e1eb9dcf5fdf42e89b13ded9a858bf19735516da343f6441796,0a992408637ce20f4ecee01756ff04f7afe4efb83fd7160e4111c8ed58ae86cb,0.0,False
23,2,independent_expert,none,independent_expert,0.35,test,Target-Only,0.5553449916710508,0.8314918438289127,0.8292151162790697,0.8046259842519685,0.38461538461538464,0.17610356911018898,-2.153895546339257,1.0,128,target_only,none,[],85f7dfb4cad8e71bf9f4b92ce73f3c2dd70cb2fda9c41ca62482e667e9b1038d,independent_expert,1d5ba15d346afd65dd2bc5d0b35beaa225f8f06e4b54fc12091f0e43ff707cd2,46300733987cce7b063624fecbb4d56c78b327d44d6e84691cb2ca75f853dd51,1d5ba15d346afd65dd2bc5d0b35beaa225f8f06e4b54fc12091f0e43ff707cd2,46300733987cce7b063624fecbb4d56c78b327d44d6e84691cb2ca75f853dd51,463ead8052fa1ebe4e30f42fe84fb7898c1ca3e70d100a0b6d26a65dd96cd5d0,0.0,False
23,2,independent_expert,none,independent_expert,0.35,test,Geometry-Prior+Residual,0.5871586083440782,0.805644152836676,0.8148404596227796,0.7936761811023622,0.3076923076923077,0.17610356911018898,-0.8179445653492932,0.53125,128,calibrated,geometry,[0.22202299820501906],85f7dfb4cad8e71bf9f4b92ce73f3c2dd70cb2fda9c41ca62482e667e9b1038d,independent_expert,1d5ba15d346afd65dd2bc5d0b35beaa225f8f06e4b54fc12091f0e43ff707cd2,46300733987cce7b063624fecbb4d56c78b327d44d6e84691cb2ca75f853dd51,1d5ba15d346afd65dd2bc5d0b35beaa225f8f06e4b54fc12091f0e43ff707cd2,46300733987cce7b063624fecbb4d56c78b327d44d6e84691cb2ca75f853dd51,463ead8052fa1ebe4e30f42fe84fb7898c1ca3e70d100a0b6d26a65dd96cd5d0,0.0318136166730274,True
23,2,independent_expert,none,independent_expert,0.35,test,Oracle-Rank+Residual,0.5553449916710508,0.8314918438289127,0.8292151162790697,0.8046259842519685,0.38461538461538464,0.17610356911018898,-2.153895546339257,1.0,128,target_only,oracle_rank,[2.9911243860708443e-18],85f7dfb4cad8e71bf9f4b92ce73f3c2dd70cb2fda9c41ca62482e667e9b1038d,independent_expert,1d5ba15d346afd65dd2bc5d0b35beaa225f8f06e4b54fc12091f0e43ff707cd2,46300733987cce7b063624fecbb4d56c78b327d44d6e84691cb2ca75f853dd51,1d5ba15d346afd65dd2bc5d0b35beaa225f8f06e4b54fc12091f0e43ff707cd2,46300733987cce7b063624fecbb4d56c78b327d44d6e84691cb2ca75f853dd51,463ead8052fa1ebe4e30f42fe84fb7898c1ca3e70d100a0b6d26a65dd96cd5d0,0.0,False
23,2,independent_expert,none,independent_expert,0.35,test,Oracle-Value+Residual,0.5553449916710508,0.8314918438289127,0.8292151162790697,0.8046259842519685,0.38461538461538464,0.17610356911018898,-2.153895546339257,1.0,128,target_only,oracle_value,[2.5183483763879723e-17],85f7dfb4cad8e71bf9f4b92ce73f3c2dd70cb2fda9c41ca62482e667e9b1038d,independent_expert,1d5ba15d346afd65dd2bc5d0b35beaa225f8f06e4b54fc12091f0e43ff707cd2,46300733987cce7b063624fecbb4d56c78b327d44d6e84691cb2ca75f853dd51,1d5ba15d346afd65dd2bc5d0b35beaa225f8f06e4b54fc12091f0e43ff707cd2,46300733987cce7b063624fecbb4d56c78b327d44d6e84691cb2ca75f853dd51,463ead8052fa1ebe4e30f42fe84fb7898c1ca3e70d100a0b6d26a65dd96cd5d0,0.0,False
23,2,independent_expert,none,independent_expert,0.35,test,Oracle-Rank+Value+Residual,0.5553449918274497,0.8314918438289127,0.8292151162790697,0.8046259842519685,0.38461538461538464,0.17610356911018898,-2.1538955462406912,1.0,128,calibrated,oracle_rank|oracle_value,"[1.2744495832188742e-11, 1.858412320599272e-11]",85f7dfb4cad8e71bf9f4b92ce73f3c2dd70cb2fda9c41ca62482e667e9b1038d,independent_expert,1d5ba15d346afd65dd2bc5d0b35beaa225f8f06e4b54fc12091f0e43ff707cd2,46300733987cce7b063624fecbb4d56c78b327d44d6e84691cb2ca75f853dd51,1d5ba15d346afd65dd2bc5d0b35beaa225f8f06e4b54fc12091f0e43ff707cd2,46300733987cce7b063624fecbb4d56c78b327d44d6e84691cb2ca75f853dd51,463ead8052fa1ebe4e30f42fe84fb7898c1ca3e70d100a0b6d26a65dd96cd5d0,1.563988938357852e-10,False
23,2,independent_expert,none,independent_expert,0.7,test,Target-Only,1.2532709830827233,0.8031542377304016,0.8166887932613075,0.8088090551181102,0.3076923076923077,0.4484878062192095,-1.0623038993437164,0.9140625,128,target_only,none,[],85f7dfb4cad8e71bf9f4b92ce73f3c2dd70cb2fda9c41ca62482e667e9b1038d,independent_expert,1d5ba15d346afd65dd2bc5d0b35beaa225f8f06e4b54fc12091f0e43ff707cd2,be74c031c2231d61a535fa05b69d02be31fc2054cc92b7f310177e8836ac864e,1d5ba15d346afd65dd2bc5d0b35beaa225f8f06e4b54fc12091f0e43ff707cd2,be74c031c2231d61a535fa05b69d02be31fc2054cc92b7f310177e8836ac864e,0b3da6e179ac561715843f8d81ba35e316afd159a5a99089685505ef730e3a58,0.0,False
23,2,independent_expert,none,independent_expert,0.7,test,Geometry-Prior+Residual,0.9724840419020624,0.8780724753655422,0.8461476835744368,0.8222194881889764,0.38461538461538464,0.15192257843600146,0.23207601329238028,0.484375,128,calibrated,geometry,[0.22202299820501906],85f7dfb4cad8e71bf9f4b92ce73f3c2dd70cb2fda9c41ca62482e667e9b1038d,independent_expert,1d5ba15d346afd65dd2bc5d0b35beaa225f8f06e4b54fc12091f0e43ff707cd2,be74c031c2231d61a535fa05b69d02be31fc2054cc92b7f310177e8836ac864e,1d5ba15d346afd65dd2bc5d0b35beaa225f8f06e4b54fc12091f0e43ff707cd2,be74c031c2231d61a535fa05b69d02be31fc2054cc92b7f310177e8836ac864e,0b3da6e179ac561715843f8d81ba35e316afd159a5a99089685505ef730e3a58,-0.28078694118066094,False
23,2,independent_expert,none,independent_expert,0.7,test,Oracle-Rank+Residual,1.2532709830827233,0.8031542377304016,0.8166887932613075,0.8088090551181102,0.3076923076923077,0.4484878062192095,-1.0623038993437164,0.9140625,128,target_only,oracle_rank,[2.9911243860708443e-18],85f7dfb4cad8e71bf9f4b92ce73f3c2dd70cb2fda9c41ca62482e667e9b1038d,independent_expert,1d5ba15d346afd65dd2bc5d0b35beaa225f8f06e4b54fc12091f0e43ff707cd2,be74c031c2231d61a535fa05b69d02be31fc2054cc92b7f310177e8836ac864e,1d5ba15d346afd65dd2bc5d0b35beaa225f8f06e4b54fc12091f0e43ff707cd2,be74c031c2231d61a535fa05b69d02be31fc2054cc92b7f310177e8836ac864e,0b3da6e179ac561715843f8d81ba35e316afd159a5a99089685505ef730e3a58,0.0,False
23,2,independent_expert,none,independent_expert,0.7,test,Oracle-Value+Residual,1.2532709830827233,0.8031542377304016,0.8166887932613075,0.8088090551181102,0.3076923076923077,0.4484878062192095,-1.0623038993437164,0.9140625,128,target_only,oracle_value,[2.5183483763879723e-17],85f7dfb4cad8e71bf9f4b92ce73f3c2dd70cb2fda9c41ca62482e667e9b1038d,independent_expert,1d5ba15d346afd65dd2bc5d0b35beaa225f8f06e4b54fc12091f0e43ff707cd2,be74c031c2231d61a535fa05b69d02be31fc2054cc92b7f310177e8836ac864e,1d5ba15d346afd65dd2bc5d0b35beaa225f8f06e4b54fc12091f0e43ff707cd2,be74c031c2231d61a535fa05b69d02be31fc2054cc92b7f310177e8836ac864e,0b3da6e179ac561715843f8d81ba35e316afd159a5a99089685505ef730e3a58,0.0,False
23,2,independent_expert,none,independent_expert,0.7,test,Oracle-Rank+Value+Residual,1.253270983345052,0.8031542377304016,0.8166887932613075,0.8088090551181102,0.3076923076923077,0.4484878062192095,-1.0623038990801992,0.9140625,128,calibrated,oracle_rank|oracle_value,"[1.2744495832188742e-11, 1.858412320599272e-11]",85f7dfb4cad8e71bf9f4b92ce73f3c2dd70cb2fda9c41ca62482e667e9b1038d,independent_expert,1d5ba15d346afd65dd2bc5d0b35beaa225f8f06e4b54fc12091f0e43ff707cd2,be74c031c2231d61a535fa05b69d02be31fc2054cc92b7f310177e8836ac864e,1d5ba15d346afd65dd2bc5d0b35beaa225f8f06e4b54fc12091f0e43ff707cd2,be74c031c2231d61a535fa05b69d02be31fc2054cc92b7f310177e8836ac864e,0b3da6e179ac561715843f8d81ba35e316afd159a5a99089685505ef730e3a58,2.6232860328434526e-10,False
23,2,independent_expert,none,independent_expert,1.0,test,Target-Only,0.8592706737337361,0.8544698255166365,0.7662630470609777,0.7722687007874016,0.3076923076923077,0.0962083372317514,0.16752484514746152,0.7265625,128,target_only,none,[],85f7dfb4cad8e71bf9f4b92ce73f3c2dd70cb2fda9c41ca62482e667e9b1038d,independent_expert,1d5ba15d346afd65dd2bc5d0b35beaa225f8f06e4b54fc12091f0e43ff707cd2,4ebc936fe17b2e1eb9dcf5fdf42e89b13ded9a858bf19735516da343f6441796,1d5ba15d346afd65dd2bc5d0b35beaa225f8f06e4b54fc12091f0e43ff707cd2,4ebc936fe17b2e1eb9dcf5fdf42e89b13ded9a858bf19735516da343f6441796,b4a51fe3eba0853728fbb33684c100a86e588a30ec3d01759ec75bcfe218034e,0.0,False
23,2,independent_expert,none,independent_expert,1.0,test,Geometry-Prior+Residual,0.6580944811454555,0.8772749629519516,0.7887863944332539,0.7887549212598425,0.38461538461538464,0.0899815723764033,2.332935985685865,0.4140625,128,calibrated,geometry,[0.22202299820501906],85f7dfb4cad8e71bf9f4b92ce73f3c2dd70cb2fda9c41ca62482e667e9b1038d,independent_expert,1d5ba15d346afd65dd2bc5d0b35beaa225f8f06e4b54fc12091f0e43ff707cd2,4ebc936fe17b2e1eb9dcf5fdf42e89b13ded9a858bf19735516da343f6441796,1d5ba15d346afd65dd2bc5d0b35beaa225f8f06e4b54fc12091f0e43ff707cd2,4ebc936fe17b2e1eb9dcf5fdf42e89b13ded9a858bf19735516da343f6441796,b4a51fe3eba0853728fbb33684c100a86e588a30ec3d01759ec75bcfe218034e,-0.20117619258828057,False
23,2,independent_expert,none,independent_expert,1.0,test,Oracle-Rank+Residual,0.8592706737337361,0.8544698255166365,0.7662630470609777,0.7722687007874016,0.3076923076923077,0.0962083372317514,0.16752484514746152,0.7265625,128,target_only,oracle_rank,[2.9911243860708443e-18],85f7dfb4cad8e71bf9f4b92ce73f3c2dd70cb2fda9c41ca62482e667e9b1038d,independent_expert,1d5ba15d346afd65dd2bc5d0b35beaa225f8f06e4b54fc12091f0e43ff707cd2,4ebc936fe17b2e1eb9dcf5fdf42e89b13ded9a858bf19735516da343f6441796,1d5ba15d346afd65dd2bc5d0b35beaa225f8f06e4b54fc12091f0e43ff707cd2,4ebc936fe17b2e1eb9dcf5fdf42e89b13ded9a858bf19735516da343f6441796,b4a51fe3eba0853728fbb33684c100a86e588a30ec3d01759ec75bcfe218034e,0.0,False
23,2,independent_expert,none,independent_expert,1.0,test,Oracle-Value+Residual,0.8592706737337361,0.8544698255166365,0.7662630470609777,0.7722687007874016,0.3076923076923077,0.0962083372317514,0.16752484514746152,0.7265625,128,target_only,oracle_value,[2.5183483763879723e-17],85f7dfb4cad8e71bf9f4b92ce73f3c2dd70cb2fda9c41ca62482e667e9b1038d,independent_expert,1d5ba15d346afd65dd2bc5d0b35beaa225f8f06e4b54fc12091f0e43ff707cd2,4ebc936fe17b2e1eb9dcf5fdf42e89b13ded9a858bf19735516da343f6441796,1d5ba15d346afd65dd2bc5d0b35beaa225f8f06e4b54fc12091f0e43ff707cd2,4ebc936fe17b2e1eb9dcf5fdf42e89b13ded9a858bf19735516da343f6441796,b4a51fe3eba0853728fbb33684c100a86e588a30ec3d01759ec75bcfe218034e,0.0,False
23,2,independent_expert,none,independent_expert,1.0,test,Oracle-Rank+Value+Residual,0.8592706737186929,0.8544698255166365,0.7662630470609777,0.7722687007874016,0.3076923076923077,0.0962083372317514,0.16752484502703854,0.7265625,128,calibrated,oracle_rank|oracle_value,"[1.2744495832188742e-11, 1.858412320599272e-11]",85f7dfb4cad8e71bf9f4b92ce73f3c2dd70cb2fda9c41ca62482e667e9b1038d,independent_expert,1d5ba15d346afd65dd2bc5d0b35beaa225f8f06e4b54fc12091f0e43ff707cd2,4ebc936fe17b2e1eb9dcf5fdf42e89b13ded9a858bf19735516da343f6441796,1d5ba15d346afd65dd2bc5d0b35beaa225f8f06e4b54fc12091f0e43ff707cd2,4ebc936fe17b2e1eb9dcf5fdf42e89b13ded9a858bf19735516da343f6441796,b4a51fe3eba0853728fbb33684c100a86e588a30ec3d01759ec75bcfe218034e,-1.5043188916763484e-11,False
37,2,identity,none,identity,0.35,test,Target-Only,1.4275418832709537,0.646255966977058,0.1592313678813404,0.5551181102362205,0.0,0.49404171165787697,-1.5869861877976907,0.8203125,128,target_only,none,[],feaa3068da57cdecf944f04725045052141bafe48d09136cafdd9e65a48d6f00,identity,5f9fc004d6613e899ffa596b5719ec74b49d2cb3d20f3fd59a92edf62ad9477d,dc92895687a57289f248888166aed714b9aa2080fd61f2921cd11c3667456444,5f9fc004d6613e899ffa596b5719ec74b49d2cb3d20f3fd59a92edf62ad9477d,dc92895687a57289f248888166aed714b9aa2080fd61f2921cd11c3667456444,ecbd46fc8df750eca4b8fef51cbb90351270129b64b739c769fa5c05ed05b3a5,0.0,False
37,2,identity,none,identity,0.35,test,Geometry-Prior+Residual,1.4243485466458001,0.6951292128729946,0.032154138436183845,0.5083661417322834,0.07692307692307693,0.3216849579192233,-0.07544327122127092,0.515625,128,calibrated,geometry,[0.20453718794554174],feaa3068da57cdecf944f04725045052141bafe48d09136cafdd9e65a48d6f00,identity,5f9fc004d6613e899ffa596b5719ec74b49d2cb3d20f3fd59a92edf62ad9477d,dc92895687a57289f248888166aed714b9aa2080fd61f2921cd11c3667456444,5f9fc004d6613e899ffa596b5719ec74b49d2cb3d20f3fd59a92edf62ad9477d,dc92895687a57289f248888166aed714b9aa2080fd61f2921cd11c3667456444,ecbd46fc8df750eca4b8fef51cbb90351270129b64b739c769fa5c05ed05b3a5,-0.003193336625153531,False
37,2,identity,none,identity,0.35,test,Oracle-Rank+Residual,0.8497933735451125,0.8751703761436764,0.6387680827687237,0.750246062992126,0.46153846153846156,0.10321891663267506,-0.5254760023912228,0.5546875,128,calibrated,oracle_rank,[0.2304873609228857],feaa3068da57cdecf944f04725045052141bafe48d09136cafdd9e65a48d6f00,identity,5f9fc004d6613e899ffa596b5719ec74b49d2cb3d20f3fd59a92edf62ad9477d,dc92895687a57289f248888166aed714b9aa2080fd61f2921cd11c3667456444,5f9fc004d6613e899ffa596b5719ec74b49d2cb3d20f3fd59a92edf62ad9477d,dc92895687a57289f248888166aed714b9aa2080fd61f2921cd11c3667456444,ecbd46fc8df750eca4b8fef51cbb90351270129b64b739c769fa5c05ed05b3a5,-0.5777485097258411,False
37,2,identity,none,identity,0.35,test,Oracle-Value+Residual,0.11776111100058298,0.9845729757195417,0.9654481779893791,0.9349163385826772,0.9230769230769231,0.011379645751775046,-3.9760932868826404,0.7578125,128,calibrated,oracle_value,[0.24254425103119948],feaa3068da57cdecf944f04725045052141bafe48d09136cafdd9e65a48d6f00,identity,5f9fc004d6613e899ffa596b5719ec74b49d2cb3d20f3fd59a92edf62ad9477d,dc92895687a57289f248888166aed714b9aa2080fd61f2921cd11c3667456444,5f9fc004d6613e899ffa596b5719ec74b49d2cb3d20f3fd59a92edf62ad9477d,dc92895687a57289f248888166aed714b9aa2080fd61f2921cd11c3667456444,ecbd46fc8df750eca4b8fef51cbb90351270129b64b739c769fa5c05ed05b3a5,-1.3097807722703707,False
37,2,identity,none,identity,0.35,test,Oracle-Rank+Value+Residual,0.2895779118856508,0.9684967849445678,0.9042586064823291,0.8797982283464567,0.8461538461538461,0.011379645751775046,-1.5544822738651314,0.5703125,128,calibrated,oracle_rank|oracle_value,"[0.07634396936179712, 0.17548476301284868]",feaa3068da57cdecf944f04725045052141bafe48d09136cafdd9e65a48d6f00,identity,5f9fc004d6613e899ffa596b5719ec74b49d2cb3d20f3fd59a92edf62ad9477d,dc92895687a57289f248888166aed714b9aa2080fd61f2921cd11c3667456444,5f9fc004d6613e899ffa596b5719ec74b49d2cb3d20f3fd59a92edf62ad9477d,dc92895687a57289f248888166aed714b9aa2080fd61f2921cd11c3667456444,ecbd46fc8df750eca4b8fef51cbb90351270129b64b739c769fa5c05ed05b3a5,-1.137963971385303,False
37,2,identity,none,identity,0.7,test,Target-Only,0.9617770642755108,0.6063022161233397,0.6453488372093024,0.7235482283464567,0.0,0.9306006106421637,-1.3393222849763906,0.96875,128,target_only,none,[],feaa3068da57cdecf944f04725045052141bafe48d09136cafdd9e65a48d6f00,identity,5f9fc004d6613e899ffa596b5719ec74b49d2cb3d20f3fd59a92edf62ad9477d,044919b8a06df0708267dae8ca823a044c2a0a5e4ec9d2750122b8958e7fe222,5f9fc004d6613e899ffa596b5719ec74b49d2cb3d20f3fd59a92edf62ad9477d,044919b8a06df0708267dae8ca823a044c2a0a5e4ec9d2750122b8958e7fe222,9889fd4a8311bb8701f03d383da92a982bd0766952df25a5adcc8bf806cf728c,0.0,False
37,2,identity,none,identity,0.7,test,Geometry-Prior+Residual,1.09908473282948,0.8159537368183637,0.6475233473722761,0.734251968503937,0.38461538461538464,0.5796082124580628,-0.44542373441527605,0.6328125,128,calibrated,geometry,[0.20453718794554174],feaa3068da57cdecf944f04725045052141bafe48d09136cafdd9e65a48d6f00,identity,5f9fc004d6613e899ffa596b5719ec74b49d2cb3d20f3fd59a92edf62ad9477d,044919b8a06df0708267dae8ca823a044c2a0a5e4ec9d2750122b8958e7fe222,5f9fc004d6613e899ffa596b5719ec74b49d2cb3d20f3fd59a92edf62ad9477d,044919b8a06df0708267dae8ca823a044c2a0a5e4ec9d2750122b8958e7fe222,9889fd4a8311bb8701f03d383da92a982bd0766952df25a5adcc8bf806cf728c,0.13730766855396914,True
37,2,identity,none,identity,0.7,test,Oracle-Rank+Residual,0.46250920140806856,0.9870873835000159,0.8149091283647683,0.827263779527559,0.9230769230769231,0.030195563736705244,-1.9077257591121035,0.7890625,128,calibrated,oracle_rank,[0.2304873609228857],feaa3068da57cdecf944f04725045052141bafe48d09136cafdd9e65a48d6f00,identity,5f9fc004d6613e899ffa596b5719ec74b49d2cb3d20f3fd59a92edf62ad9477d,044919b8a06df0708267dae8ca823a044c2a0a5e4ec9d2750122b8958e7fe222,5f9fc004d6613e899ffa596b5719ec74b49d2cb3d20f3fd59a92edf62ad9477d,044919b8a06df0708267dae8ca823a044c2a0a5e4ec9d2750122b8958e7fe222,9889fd4a8311bb8701f03d383da92a982bd0766952df25a5adcc8bf806cf728c,-0.49926786286744224,False
37,2,identity,none,identity,0.7,test,Oracle-Value+Residual,0.07467634855262952,0.9996687483285437,0.9754337575535615,0.9447588582677166,1.0,0.0,-3.865115512694173,0.953125,128,calibrated,oracle_value,[0.24254425103119948],feaa3068da57cdecf944f04725045052141bafe48d09136cafdd9e65a48d6f00,identity,5f9fc004d6613e899ffa596b5719ec74b49d2cb3d20f3fd59a92edf62ad9477d,044919b8a06df0708267dae8ca823a044c2a0a5e4ec9d2750122b8958e7fe222,5f9fc004d6613e899ffa596b5719ec74b49d2cb3d20f3fd59a92edf62ad9477d,044919b8a06df0708267dae8ca823a044c2a0a5e4ec9d2750122b8958e7fe222,9889fd4a8311bb8701f03d383da92a982bd0766952df25a5adcc8bf806cf728c,-0.8871007157228813,False
37,2,identity,none,identity,0.7,test,Oracle-Rank+Value+Residual,0.15897709506400307,0.9934977813046922,0.9087163523164256,0.891363188976378,1.0,0.0244875799034287,-2.9710698357456407,0.7890625,128,calibrated,oracle_rank|oracle_value,"[0.07634396936179712, 0.17548476301284868]",feaa3068da57cdecf944f04725045052141bafe48d09136cafdd9e65a48d6f00,identity,5f9fc004d6613e899ffa596b5719ec74b49d2cb3d20f3fd59a92edf62ad9477d,044919b8a06df0708267dae8ca823a044c2a0a5e4ec9d2750122b8958e7fe222,5f9fc004d6613e899ffa596b5719ec74b49d2cb3d20f3fd59a92edf62ad9477d,044919b8a06df0708267dae8ca823a044c2a0a5e4ec9d2750122b8958e7fe222,9889fd4a8311bb8701f03d383da92a982bd0766952df25a5adcc8bf806cf728c,-0.8027999692115078,False
37,2,identity,none,identity,1.0,test,Target-Only,1.0937275678049734,0.8041704013928673,0.35157251419154,0.6483759842519685,0.3076923076923077,0.29016747516910135,0.2669720502956299,0.6484375,128,target_only,none,[],feaa3068da57cdecf944f04725045052141bafe48d09136cafdd9e65a48d6f00,identity,5f9fc004d6613e899ffa596b5719ec74b49d2cb3d20f3fd59a92edf62ad9477d,2be80a327cc8bc201486c697a0be96abee2d155e180c710728380919371f6f85,5f9fc004d6613e899ffa596b5719ec74b49d2cb3d20f3fd59a92edf62ad9477d,2be80a327cc8bc201486c697a0be96abee2d155e180c710728380919371f6f85,d0347be2a2120b95225555db68f3a43cd1b1f5b5039e73db5c010d53a596689b,0.0,False
37,2,identity,none,identity,1.0,test,Geometry-Prior+Residual,0.7502170603070744,0.9514368501066369,0.7638481963010437,0.796875,0.6923076923076923,0.0165486255159099,0.5231814309532764,0.5234375,128,calibrated,geometry,[0.20453718794554174],feaa3068da57cdecf944f04725045052141bafe48d09136cafdd9e65a48d6f00,identity,5f9fc004d6613e899ffa596b5719ec74b49d2cb3d20f3fd59a92edf62ad9477d,2be80a327cc8bc201486c697a0be96abee2d155e180c710728380919371f6f85,5f9fc004d6613e899ffa596b5719ec74b49d2cb3d20f3fd59a92edf62ad9477d,2be80a327cc8bc201486c697a0be96abee2d155e180c710728380919371f6f85,d0347be2a2120b95225555db68f3a43cd1b1f5b5039e73db5c010d53a596689b,-0.343510507497899,False
37,2,identity,none,identity,1.0,test,Oracle-Rank+Residual,0.535491483466167,0.9979288438867393,0.9617343435268266,0.9296259842519685,0.9230769230769231,0.0010608100973205639,1.2905615069079388,0.578125,128,calibrated,oracle_rank,[0.2304873609228857],feaa3068da57cdecf944f04725045052141bafe48d09136cafdd9e65a48d6f00,identity,5f9fc004d6613e899ffa596b5719ec74b49d2cb3d20f3fd59a92edf62ad9477d,2be80a327cc8bc201486c697a0be96abee2d155e180c710728380919371f6f85,5f9fc004d6613e899ffa596b5719ec74b49d2cb3d20f3fd59a92edf62ad9477d,2be80a327cc8bc201486c697a0be96abee2d155e180c710728380919371f6f85,d0347be2a2120b95225555db68f3a43cd1b1f5b5039e73db5c010d53a596689b,-0.5582360843388063,False
37,2,identity,none,identity,1.0,test,Oracle-Value+Residual,0.09693845775759424,0.999033499825813,0.9948040651895258,0.9789616141732284,0.9230769230769231,0.0,-1.811766747575678,0.6015625,128,calibrated,oracle_value,[0.24254425103119948],feaa3068da57cdecf944f04725045052141bafe48d09136cafdd9e65a48d6f00,identity,5f9fc004d6613e899ffa596b5719ec74b49d2cb3d20f3fd59a92edf62ad9477d,2be80a327cc8bc201486c697a0be96abee2d155e180c710728380919371f6f85,5f9fc004d6613e899ffa596b5719ec74b49d2cb3d20f3fd59a92edf62ad9477d,2be80a327cc8bc201486c697a0be96abee2d155e180c710728380919371f6f85,d0347be2a2120b95225555db68f3a43cd1b1f5b5039e73db5c010d53a596689b,-0.9967891100473791,False
37,2,identity,none,identity,1.0,test,Oracle-Rank+Value+Residual,0.18694315528035402,0.999086339219725,0.9912104010254532,0.9697342519685039,0.9230769230769231,0.0,0.3661926322662979,0.5390625,128,calibrated,oracle_rank|oracle_value,"[0.07634396936179712, 0.17548476301284868]",feaa3068da57cdecf944f04725045052141bafe48d09136cafdd9e65a48d6f00,identity,5f9fc004d6613e899ffa596b5719ec74b49d2cb3d20f3fd59a92edf62ad9477d,2be80a327cc8bc201486c697a0be96abee2d155e180c710728380919371f6f85,5f9fc004d6613e899ffa596b5719ec74b49d2cb3d20f3fd59a92edf62ad9477d,2be80a327cc8bc201486c697a0be96abee2d155e180c710728380919371f6f85,d0347be2a2120b95225555db68f3a43cd1b1f5b5039e73db5c010d53a596689b,-0.9067844125246194,False
37,2,identity,identity_label_permutation,identity_label_permutation,0.35,test,Target-Only,1.4275418832709537,0.646255966977058,0.1592313678813404,0.5551181102362205,0.0,0.49404171165787697,-1.5869861877976907,0.8203125,128,target_only,none,[],78dd06916aeca830c8466301d32ccf825dd6632fd4b1f0d60d91b4e7d895342a,identity,5f9fc004d6613e899ffa596b5719ec74b49d2cb3d20f3fd59a92edf62ad9477d,dc92895687a57289f248888166aed714b9aa2080fd61f2921cd11c3667456444,5f9fc004d6613e899ffa596b5719ec74b49d2cb3d20f3fd59a92edf62ad9477d,dc92895687a57289f248888166aed714b9aa2080fd61f2921cd11c3667456444,ecbd46fc8df750eca4b8fef51cbb90351270129b64b739c769fa5c05ed05b3a5,0.0,False
37,2,identity,identity_label_permutation,identity_label_permutation,0.35,test,Geometry-Prior+Residual,1.4243485466458001,0.6951292128729946,0.032154138436183845,0.5083661417322834,0.07692307692307693,0.3216849579192233,-0.07544327122127092,0.515625,128,calibrated,geometry,[0.20453718794554174],78dd06916aeca830c8466301d32ccf825dd6632fd4b1f0d60d91b4e7d895342a,identity,5f9fc004d6613e899ffa596b5719ec74b49d2cb3d20f3fd59a92edf62ad9477d,dc92895687a57289f248888166aed714b9aa2080fd61f2921cd11c3667456444,5f9fc004d6613e899ffa596b5719ec74b49d2cb3d20f3fd59a92edf62ad9477d,dc92895687a57289f248888166aed714b9aa2080fd61f2921cd11c3667456444,ecbd46fc8df750eca4b8fef51cbb90351270129b64b739c769fa5c05ed05b3a5,-0.003193336625153531,False
37,2,identity,identity_label_permutation,identity_label_permutation,0.35,test,Oracle-Rank+Residual,1.4275418832709537,0.646255966977058,0.1592313678813404,0.5551181102362205,0.0,0.49404171165787697,-1.5869861877976907,0.8203125,128,target_only,oracle_rank,[4.0861104460277536e-16],78dd06916aeca830c8466301d32ccf825dd6632fd4b1f0d60d91b4e7d895342a,identity,5f9fc004d6613e899ffa596b5719ec74b49d2cb3d20f3fd59a92edf62ad9477d,dc92895687a57289f248888166aed714b9aa2080fd61f2921cd11c3667456444,5f9fc004d6613e899ffa596b5719ec74b49d2cb3d20f3fd59a92edf62ad9477d,dc92895687a57289f248888166aed714b9aa2080fd61f2921cd11c3667456444,ecbd46fc8df750eca4b8fef51cbb90351270129b64b739c769fa5c05ed05b3a5,0.0,False
37,2,identity,identity_label_permutation,identity_label_permutation,0.35,test,Oracle-Value+Residual,1.4275418832709537,0.646255966977058,0.1592313678813404,0.5551181102362205,0.0,0.49404171165787697,-1.5869861877976907,0.8203125,128,target_only,oracle_value,[1.5145787820990327e-13],78dd06916aeca830c8466301d32ccf825dd6632fd4b1f0d60d91b4e7d895342a,identity,5f9fc004d6613e899ffa596b5719ec74b49d2cb3d20f3fd59a92edf62ad9477d,dc92895687a57289f248888166aed714b9aa2080fd61f2921cd11c3667456444,5f9fc004d6613e899ffa596b5719ec74b49d2cb3d20f3fd59a92edf62ad9477d,dc92895687a57289f248888166aed714b9aa2080fd61f2921cd11c3667456444,ecbd46fc8df750eca4b8fef51cbb90351270129b64b739c769fa5c05ed05b3a5,0.0,False
37,2,identity,identity_label_permutation,identity_label_permutation,0.35,test,Oracle-Rank+Value+Residual,1.4275418832709537,0.646255966977058,0.1592313678813404,0.5551181102362205,0.0,0.49404171165787697,-1.5869861877976907,0.8203125,128,target_only,oracle_rank|oracle_value,"[1.2238838094893607e-16, 4.655745703069018e-16]",78dd06916aeca830c8466301d32ccf825dd6632fd4b1f0d60d91b4e7d895342a,identity,5f9fc004d6613e899ffa596b5719ec74b49d2cb3d20f3fd59a92edf62ad9477d,dc92895687a57289f248888166aed714b9aa2080fd61f2921cd11c3667456444,5f9fc004d6613e899ffa596b5719ec74b49d2cb3d20f3fd59a92edf62ad9477d,dc92895687a57289f248888166aed714b9aa2080fd61f2921cd11c3667456444,ecbd46fc8df750eca4b8fef51cbb90351270129b64b739c769fa5c05ed05b3a5,0.0,False
37,2,identity,identity_label_permutation,identity_label_permutation,0.7,test,Target-Only,0.9617770642755108,0.6063022161233397,0.6453488372093024,0.7235482283464567,0.0,0.9306006106421637,-1.3393222849763906,0.96875,128,target_only,none,[],78dd06916aeca830c8466301d32ccf825dd6632fd4b1f0d60d91b4e7d895342a,identity,5f9fc004d6613e899ffa596b5719ec74b49d2cb3d20f3fd59a92edf62ad9477d,044919b8a06df0708267dae8ca823a044c2a0a5e4ec9d2750122b8958e7fe222,5f9fc004d6613e899ffa596b5719ec74b49d2cb3d20f3fd59a92edf62ad9477d,044919b8a06df0708267dae8ca823a044c2a0a5e4ec9d2750122b8958e7fe222,9889fd4a8311bb8701f03d383da92a982bd0766952df25a5adcc8bf806cf728c,0.0,False
37,2,identity,identity_label_permutation,identity_label_permutation,0.7,test,Geometry-Prior+Residual,1.09908473282948,0.8159537368183637,0.6475233473722761,0.734251968503937,0.38461538461538464,0.5796082124580628,-0.44542373441527605,0.6328125,128,calibrated,geometry,[0.20453718794554174],78dd06916aeca830c8466301d32ccf825dd6632fd4b1f0d60d91b4e7d895342a,identity,5f9fc004d6613e899ffa596b5719ec74b49d2cb3d20f3fd59a92edf62ad9477d,044919b8a06df0708267dae8ca823a044c2a0a5e4ec9d2750122b8958e7fe222,5f9fc004d6613e899ffa596b5719ec74b49d2cb3d20f3fd59a92edf62ad9477d,044919b8a06df0708267dae8ca823a044c2a0a5e4ec9d2750122b8958e7fe222,9889fd4a8311bb8701f03d383da92a982bd0766952df25a5adcc8bf806cf728c,0.13730766855396914,True
37,2,identity,identity_label_permutation,identity_label_permutation,0.7,test,Oracle-Rank+Residual,0.9617770642755108,0.6063022161233397,0.6453488372093024,0.7235482283464567,0.0,0.9306006106421637,-1.3393222849763906,0.96875,128,target_only,oracle_rank,[4.0861104460277536e-16],78dd06916aeca830c8466301d32ccf825dd6632fd4b1f0d60d91b4e7d895342a,identity,5f9fc004d6613e899ffa596b5719ec74b49d2cb3d20f3fd59a92edf62ad9477d,044919b8a06df0708267dae8ca823a044c2a0a5e4ec9d2750122b8958e7fe222,5f9fc004d6613e899ffa596b5719ec74b49d2cb3d20f3fd59a92edf62ad9477d,044919b8a06df0708267dae8ca823a044c2a0a5e4ec9d2750122b8958e7fe222,9889fd4a8311bb8701f03d383da92a982bd0766952df25a5adcc8bf806cf728c,0.0,False
37,2,identity,identity_label_permutation,identity_label_permutation,0.7,test,Oracle-Value+Residual,0.9617770642755108,0.6063022161233397,0.6453488372093024,0.7235482283464567,0.0,0.9306006106421637,-1.3393222849763906,0.96875,128,target_only,oracle_value,[1.5145787820990327e-13],78dd06916aeca830c8466301d32ccf825dd6632fd4b1f0d60d91b4e7d895342a,identity,5f9fc004d6613e899ffa596b5719ec74b49d2cb3d20f3fd59a92edf62ad9477d,044919b8a06df0708267dae8ca823a044c2a0a5e4ec9d2750122b8958e7fe222,5f9fc004d6613e899ffa596b5719ec74b49d2cb3d20f3fd59a92edf62ad9477d,044919b8a06df0708267dae8ca823a044c2a0a5e4ec9d2750122b8958e7fe222,9889fd4a8311bb8701f03d383da92a982bd0766952df25a5adcc8bf806cf728c,0.0,False
37,2,identity,identity_label_permutation,identity_label_permutation,0.7,test,Oracle-Rank+Value+Residual,0.9617770642755108,0.6063022161233397,0.6453488372093024,0.7235482283464567,0.0,0.9306006106421637,-1.3393222849763906,0.96875,128,target_only,oracle_rank|oracle_value,"[1.2238838094893607e-16, 4.655745703069018e-16]",78dd06916aeca830c8466301d32ccf825dd6632fd4b1f0d60d91b4e7d895342a,identity,5f9fc004d6613e899ffa596b5719ec74b49d2cb3d20f3fd59a92edf62ad9477d,044919b8a06df0708267dae8ca823a044c2a0a5e4ec9d2750122b8958e7fe222,5f9fc004d6613e899ffa596b5719ec74b49d2cb3d20f3fd59a92edf62ad9477d,044919b8a06df0708267dae8ca823a044c2a0a5e4ec9d2750122b8958e7fe222,9889fd4a8311bb8701f03d383da92a982bd0766952df25a5adcc8bf806cf728c,0.0,False
37,2,identity,identity_label_permutation,identity_label_permutation,1.0,test,Target-Only,1.0937275678049734,0.8041704013928673,0.35157251419154,0.6483759842519685,0.3076923076923077,0.29016747516910135,0.2669720502956299,0.6484375,128,target_only,none,[],78dd06916aeca830c8466301d32ccf825dd6632fd4b1f0d60d91b4e7d895342a,identity,5f9fc004d6613e899ffa596b5719ec74b49d2cb3d20f3fd59a92edf62ad9477d,2be80a327cc8bc201486c697a0be96abee2d155e180c710728380919371f6f85,5f9fc004d6613e899ffa596b5719ec74b49d2cb3d20f3fd59a92edf62ad9477d,2be80a327cc8bc201486c697a0be96abee2d155e180c710728380919371f6f85,d0347be2a2120b95225555db68f3a43cd1b1f5b5039e73db5c010d53a596689b,0.0,False
37,2,identity,identity_label_permutation,identity_label_permutation,1.0,test,Geometry-Prior+Residual,0.7502170603070744,0.9514368501066369,0.7638481963010437,0.796875,0.6923076923076923,0.0165486255159099,0.5231814309532764,0.5234375,128,calibrated,geometry,[0.20453718794554174],78dd06916aeca830c8466301d32ccf825dd6632fd4b1f0d60d91b4e7d895342a,identity,5f9fc004d6613e899ffa596b5719ec74b49d2cb3d20f3fd59a92edf62ad9477d,2be80a327cc8bc201486c697a0be96abee2d155e180c710728380919371f6f85,5f9fc004d6613e899ffa596b5719ec74b49d2cb3d20f3fd59a92edf62ad9477d,2be80a327cc8bc201486c697a0be96abee2d155e180c710728380919371f6f85,d0347be2a2120b95225555db68f3a43cd1b1f5b5039e73db5c010d53a596689b,-0.343510507497899,False
37,2,identity,identity_label_permutation,identity_label_permutation,1.0,test,Oracle-Rank+Residual,1.0937275678049734,0.8041704013928673,0.35157251419154,0.6483759842519685,0.3076923076923077,0.29016747516910135,0.2669720502956299,0.6484375,128,target_only,oracle_rank,[4.0861104460277536e-16],78dd06916aeca830c8466301d32ccf825dd6632fd4b1f0d60d91b4e7d895342a,identity,5f9fc004d6613e899ffa596b5719ec74b49d2cb3d20f3fd59a92edf62ad9477d,2be80a327cc8bc201486c697a0be96abee2d155e180c710728380919371f6f85,5f9fc004d6613e899ffa596b5719ec74b49d2cb3d20f3fd59a92edf62ad9477d,2be80a327cc8bc201486c697a0be96abee2d155e180c710728380919371f6f85,d0347be2a2120b95225555db68f3a43cd1b1f5b5039e73db5c010d53a596689b,0.0,False
37,2,identity,identity_label_permutation,identity_label_permutation,1.0,test,Oracle-Value+Residual,1.0937275678049734,0.8041704013928673,0.35157251419154,0.6483759842519685,0.3076923076923077,0.29016747516910135,0.2669720502956299,0.6484375,128,target_only,oracle_value,[1.5145787820990327e-13],78dd06916aeca830c8466301d32ccf825dd6632fd4b1f0d60d91b4e7d895342a,identity,5f9fc004d6613e899ffa596b5719ec74b49d2cb3d20f3fd59a92edf62ad9477d,2be80a327cc8bc201486c697a0be96abee2d155e180c710728380919371f6f85,5f9fc004d6613e899ffa596b5719ec74b49d2cb3d20f3fd59a92edf62ad9477d,2be80a327cc8bc201486c697a0be96abee2d155e180c710728380919371f6f85,d0347be2a2120b95225555db68f3a43cd1b1f5b5039e73db5c010d53a596689b,0.0,False
37,2,identity,identity_label_permutation,identity_label_permutation,1.0,test,Oracle-Rank+Value+Residual,1.0937275678049734,0.8041704013928673,0.35157251419154,0.6483759842519685,0.3076923076923077,0.29016747516910135,0.2669720502956299,0.6484375,128,target_only,oracle_rank|oracle_value,"[1.2238838094893607e-16, 4.655745703069018e-16]",78dd06916aeca830c8466301d32ccf825dd6632fd4b1f0d60d91b4e7d895342a,identity,5f9fc004d6613e899ffa596b5719ec74b49d2cb3d20f3fd59a92edf62ad9477d,2be80a327cc8bc201486c697a0be96abee2d155e180c710728380919371f6f85,5f9fc004d6613e899ffa596b5719ec74b49d2cb3d20f3fd59a92edf62ad9477d,2be80a327cc8bc201486c697a0be96abee2d155e180c710728380919371f6f85,d0347be2a2120b95225555db68f3a43cd1b1f5b5039e73db5c010d53a596689b,0.0,False
37,2,output_affine,none,output_affine,0.35,test,Target-Only,1.4275418832709548,0.646255966977058,0.1592313678813404,0.5551181102362205,0.0,0.4940417116578765,-0.6706954559235346,0.8203125,128,target_only,none,[],feaa3068da57cdecf944f04725045052141bafe48d09136cafdd9e65a48d6f00,output_affine,5f9fc004d6613e899ffa596b5719ec74b49d2cb3d20f3fd59a92edf62ad9477d,dc92895687a57289f248888166aed714b9aa2080fd61f2921cd11c3667456444,5f9fc004d6613e899ffa596b5719ec74b49d2cb3d20f3fd59a92edf62ad9477d,dc92895687a57289f248888166aed714b9aa2080fd61f2921cd11c3667456444,20e447f6588a6e04989f79fb1ca87f9b79dd50137ec0521c951a0aec7819e79f,0.0,False
37,2,output_affine,none,output_affine,0.35,test,Geometry-Prior+Residual,1.4243485466458015,0.6951292128729946,0.032154138436183845,0.5083661417322834,0.07692307692307693,0.3216849579192236,0.8408474606528904,0.515625,128,calibrated,geometry,[0.5113429698638543],feaa3068da57cdecf944f04725045052141bafe48d09136cafdd9e65a48d6f00,output_affine,5f9fc004d6613e899ffa596b5719ec74b49d2cb3d20f3fd59a92edf62ad9477d,dc92895687a57289f248888166aed714b9aa2080fd61f2921cd11c3667456444,5f9fc004d6613e899ffa596b5719ec74b49d2cb3d20f3fd59a92edf62ad9477d,dc92895687a57289f248888166aed714b9aa2080fd61f2921cd11c3667456444,20e447f6588a6e04989f79fb1ca87f9b79dd50137ec0521c951a0aec7819e79f,-0.003193336625153309,False
37,2,output_affine,none,output_affine,0.35,test,Oracle-Rank+Residual,0.8497933735451156,0.8751703761436764,0.6387680827687237,0.750246062992126,0.46153846153846156,0.10321891663267348,0.3908147294829701,0.5546875,128,calibrated,oracle_rank,[0.5762184023072141],feaa3068da57cdecf944f04725045052141bafe48d09136cafdd9e65a48d6f00,output_affine,5f9fc004d6613e899ffa596b5719ec74b49d2cb3d20f3fd59a92edf62ad9477d,dc92895687a57289f248888166aed714b9aa2080fd61f2921cd11c3667456444,5f9fc004d6613e899ffa596b5719ec74b49d2cb3d20f3fd59a92edf62ad9477d,dc92895687a57289f248888166aed714b9aa2080fd61f2921cd11c3667456444,20e447f6588a6e04989f79fb1ca87f9b79dd50137ec0521c951a0aec7819e79f,-0.5777485097258391,False
37,2,output_affine,none,output_affine,0.35,test,Oracle-Value+Residual,0.11776111100058453,0.9845729757195417,0.9654481779893791,0.9349163385826772,0.9230769230769231,0.011379645751774364,-3.059802555008469,0.7578125,128,calibrated,oracle_value,[0.6063606275779985],feaa3068da57cdecf944f04725045052141bafe48d09136cafdd9e65a48d6f00,output_affine,5f9fc004d6613e899ffa596b5719ec74b49d2cb3d20f3fd59a92edf62ad9477d,dc92895687a57289f248888166aed714b9aa2080fd61f2921cd11c3667456444,5f9fc004d6613e899ffa596b5719ec74b49d2cb3d20f3fd59a92edf62ad9477d,dc92895687a57289f248888166aed714b9aa2080fd61f2921cd11c3667456444,20e447f6588a6e04989f79fb1ca87f9b79dd50137ec0521c951a0aec7819e79f,-1.3097807722703703,False
37,2,output_affine,none,output_affine,0.35,test,Oracle-Rank+Value+Residual,0.28957791188564996,0.9684967849445678,0.9042586064823291,0.8797982283464567,0.8461538461538461,0.011379645751774364,-0.6381915419909729,0.5703125,128,calibrated,oracle_rank|oracle_value,"[0.1908599234044926, 0.43871190753212186]",feaa3068da57cdecf944f04725045052141bafe48d09136cafdd9e65a48d6f00,output_affine,5f9fc004d6613e899ffa596b5719ec74b49d2cb3d20f3fd59a92edf62ad9477d,dc92895687a57289f248888166aed714b9aa2080fd61f2921cd11c3667456444,5f9fc004d6613e899ffa596b5719ec74b49d2cb3d20f3fd59a92edf62ad9477d,dc92895687a57289f248888166aed714b9aa2080fd61f2921cd11c3667456444,20e447f6588a6e04989f79fb1ca87f9b79dd50137ec0521c951a0aec7819e79f,-1.1379639713853047,False
37,2,output_affine,none,output_affine,0.7,test,Target-Only,0.9617770642755116,0.6063022161233397,0.6453488372093024,0.7235482283464567,0.0,0.9306006106421636,-0.4230315531022361,0.96875,128,target_only,none,[],feaa3068da57cdecf944f04725045052141bafe48d09136cafdd9e65a48d6f00,output_affine,5f9fc004d6613e899ffa596b5719ec74b49d2cb3d20f3fd59a92edf62ad9477d,044919b8a06df0708267dae8ca823a044c2a0a5e4ec9d2750122b8958e7fe222,5f9fc004d6613e899ffa596b5719ec74b49d2cb3d20f3fd59a92edf62ad9477d,044919b8a06df0708267dae8ca823a044c2a0a5e4ec9d2750122b8958e7fe222,a8a325e24808e47435379126cbce47337feb1be52326323a19abb372bfe5e833,0.0,False
37,2,output_affine,none,output_affine,0.7,test,Geometry-Prior+Residual,1.099084732829481,0.8159537368183637,0.6475233473722761,0.734251968503937,0.38461538461538464,0.5796082124580635,0.470866997458879,0.6328125,128,calibrated,geometry,[0.5113429698638543],feaa3068da57cdecf944f04725045052141bafe48d09136cafdd9e65a48d6f00,output_affine,5f9fc004d6613e899ffa596b5719ec74b49d2cb3d20f3fd59a92edf62ad9477d,044919b8a06df0708267dae8ca823a044c2a0a5e4ec9d2750122b8958e7fe222,5f9fc004d6613e899ffa596b5719ec74b49d2cb3d20f3fd59a92edf62ad9477d,044919b8a06df0708267dae8ca823a044c2a0a5e4ec9d2750122b8958e7fe222,a8a325e24808e47435379126cbce47337feb1be52326323a19abb372bfe5e833,0.13730766855396948,True
37,2,output_affine,none,output_affine,0.7,test,Oracle-Rank+Residual,0.4625092014080693,0.9870873835000159,0.8149091283647683,0.827263779527559,0.9230769230769231,0.03019556373670469,-0.9914350272379502,0.7890625,128,calibrated,oracle_rank,[0.5762184023072141],feaa3068da57cdecf944f04725045052141bafe48d09136cafdd9e65a48d6f00,output_affine,5f9fc004d6613e899ffa596b5719ec74b49d2cb3d20f3fd59a92edf62ad9477d,044919b8a06df0708267dae8ca823a044c2a0a5e4ec9d2750122b8958e7fe222,5f9fc004d6613e899ffa596b5719ec74b49d2cb3d20f3fd59a92edf62ad9477d,044919b8a06df0708267dae8ca823a044c2a0a5e4ec9d2750122b8958e7fe222,a8a325e24808e47435379126cbce47337feb1be52326323a19abb372bfe5e833,-0.4992678628674423,False
37,2,output_affine,none,output_affine,0.7,test,Oracle-Value+Residual,0.07467634855263026,0.9996687483285437,0.9754337575535615,0.9447588582677166,1.0,0.0,-2.9488247808200048,0.953125,128,calibrated,oracle_value,[0.6063606275779985],feaa3068da57cdecf944f04725045052141bafe48d09136cafdd9e65a48d6f00,output_affine,5f9fc004d6613e899ffa596b5719ec74b49d2cb3d20f3fd59a92edf62ad9477d,044919b8a06df0708267dae8ca823a044c2a0a5e4ec9d2750122b8958e7fe222,5f9fc004d6613e899ffa596b5719ec74b49d2cb3d20f3fd59a92edf62ad9477d,044919b8a06df0708267dae8ca823a044c2a0a5e4ec9d2750122b8958e7fe222,a8a325e24808e47435379126cbce47337feb1be52326323a19abb372bfe5e833,-0.8871007157228813,False
37,2,output_affine,none,output_affine,0.7,test,Oracle-Rank+Value+Residual,0.1589770950640024,0.9934977813046922,0.9087163523164256,0.891363188976378,1.0,0.024487579903428792,-2.054779103871474,0.7890625,128,calibrated,oracle_rank|oracle_value,"[0.1908599234044926, 0.43871190753212186]",feaa3068da57cdecf944f04725045052141bafe48d09136cafdd9e65a48d6f00,output_affine,5f9fc004d6613e899ffa596b5719ec74b49d2cb3d20f3fd59a92edf62ad9477d,044919b8a06df0708267dae8ca823a044c2a0a5e4ec9d2750122b8958e7fe222,5f9fc004d6613e899ffa596b5719ec74b49d2cb3d20f3fd59a92edf62ad9477d,044919b8a06df0708267dae8ca823a044c2a0a5e4ec9d2750122b8958e7fe222,a8a325e24808e47435379126cbce47337feb1be52326323a19abb372bfe5e833,-0.8027999692115092,False
37,2,output_affine,none,output_affine,1.0,test,Target-Only,1.0937275678049736,0.8041704013928673,0.35157251419154,0.6483759842519685,0.3076923076923077,0.2901674751691012,1.1832627821697854,0.6484375,128,target_only,none,[],feaa3068da57cdecf944f04725045052141bafe48d09136cafdd9e65a48d6f00,output_affine,5f9fc004d6613e899ffa596b5719ec74b49d2cb3d20f3fd59a92edf62ad9477d,2be80a327cc8bc201486c697a0be96abee2d155e180c710728380919371f6f85,5f9fc004d6613e899ffa596b5719ec74b49d2cb3d20f3fd59a92edf62ad9477d,2be80a327cc8bc201486c697a0be96abee2d155e180c710728380919371f6f85,59d4d2e0b6cfc806775497382ba842e2dbcdd4559df15713006782511ca4f2ac,0.0,False
37,2,output_affine,none,output_affine,1.0,test,Geometry-Prior+Residual,0.7502170603070745,0.9514368501066369,0.7638481963010437,0.796875,0.6923076923076923,0.01654862551590977,1.4394721628274327,0.5234375,128,calibrated,geometry,[0.5113429698638543],feaa3068da57cdecf944f04725045052141bafe48d09136cafdd9e65a48d6f00,output_affine,5f9fc004d6613e899ffa596b5719ec74b49d2cb3d20f3fd59a92edf62ad9477d,2be80a327cc8bc201486c697a0be96abee2d155e180c710728380919371f6f85,5f9fc004d6613e899ffa596b5719ec74b49d2cb3d20f3fd59a92edf62ad9477d,2be80a327cc8bc201486c697a0be96abee2d155e180c710728380919371f6f85,59d4d2e0b6cfc806775497382ba842e2dbcdd4559df15713006782511ca4f2ac,-0.34351050749789913,False
37,2,output_affine,none,output_affine,1.0,test,Oracle-Rank+Residual,0.5354914834661673,0.9979288438867393,0.9617343435268266,0.9296259842519685,0.9230769230769231,0.0010608100973205495,2.20685223878209,0.578125,128,calibrated,oracle_rank,[0.5762184023072141],feaa3068da57cdecf944f04725045052141bafe48d09136cafdd9e65a48d6f00,output_affine,5f9fc004d6613e899ffa596b5719ec74b49d2cb3d20f3fd59a92edf62ad9477d,2be80a327cc8bc201486c697a0be96abee2d155e180c710728380919371f6f85,5f9fc004d6613e899ffa596b5719ec74b49d2cb3d20f3fd59a92edf62ad9477d,2be80a327cc8bc201486c697a0be96abee2d155e180c710728380919371f6f85,59d4d2e0b6cfc806775497382ba842e2dbcdd4559df15713006782511ca4f2ac,-0.5582360843388063,False
37,2,output_affine,none,output_affine,1.0,test,Oracle-Value+Residual,0.09693845775759458,0.999033499825813,0.9948040651895258,0.9789616141732284,0.9230769230769231,0.0,-0.8954760157015378,0.6015625,128,calibrated,oracle_value,[0.6063606275779985],feaa3068da57cdecf944f04725045052141bafe48d09136cafdd9e65a48d6f00,output_affine,5f9fc004d6613e899ffa596b5719ec74b49d2cb3d20f3fd59a92edf62ad9477d,2be80a327cc8bc201486c697a0be96abee2d155e180c710728380919371f6f85,5f9fc004d6613e899ffa596b5719ec74b49d2cb3d20f3fd59a92edf62ad9477d,2be80a327cc8bc201486c697a0be96abee2d155e180c710728380919371f6f85,59d4d2e0b6cfc806775497382ba842e2dbcdd4559df15713006782511ca4f2ac,-0.996789110047379,False
37,2,output_affine,none,output_affine,1.0,test,Oracle-Rank+Value+Residual,0.18694315528035407,0.999086339219725,0.9912104010254532,0.9697342519685039,0.9230769230769231,0.0,1.2824833641404574,0.5390625,128,calibrated,oracle_rank|oracle_value,"[0.1908599234044926, 0.43871190753212186]",feaa3068da57cdecf944f04725045052141bafe48d09136cafdd9e65a48d6f00,output_affine,5f9fc004d6613e899ffa596b5719ec74b49d2cb3d20f3fd59a92edf62ad9477d,2be80a327cc8bc201486c697a0be96abee2d155e180c710728380919371f6f85,5f9fc004d6613e899ffa596b5719ec74b49d2cb3d20f3fd59a92edf62ad9477d,2be80a327cc8bc201486c697a0be96abee2d155e180c710728380919371f6f85,59d4d2e0b6cfc806775497382ba842e2dbcdd4559df15713006782511ca4f2ac,-0.9067844125246195,False
37,2,scale_0.7,none,scale_0.7,0.35,test,Target-Only,0.7821564580640631,0.8766435418594668,0.6899835195019227,0.7630413385826772,0.46153846153846156,0.05955234630698722,-2.620561114445367,1.0,128,target_only,none,[],feaa3068da57cdecf944f04725045052141bafe48d09136cafdd9e65a48d6f00,scale_0.7,716717b27028b5ca64eae8e25db372cf7a8cf8379ff4250d8e23397aa6d0713a,ea9e2b71f58ba9c23544697db842adca77c2c4fbfc949b8da9217ef2474a4faf,5f9fc004d6613e899ffa596b5719ec74b49d2cb3d20f3fd59a92edf62ad9477d,dc92895687a57289f248888166aed714b9aa2080fd61f2921cd11c3667456444,13742471d6485968870624dc61b1dc3e4746c612eb5c7654dd63d22ff685861c,0.0,False
37,2,scale_0.7,none,scale_0.7,0.35,test,Geometry-Prior+Residual,0.7928432641434027,0.918043294871698,0.6739722578282366,0.7597194881889764,0.6153846153846154,0.020519362185813385,-0.10934380778868785,0.3671875,128,calibrated,geometry,[0.12941606615815704],feaa3068da57cdecf944f04725045052141bafe48d09136cafdd9e65a48d6f00,scale_0.7,716717b27028b5ca64eae8e25db372cf7a8cf8379ff4250d8e23397aa6d0713a,ea9e2b71f58ba9c23544697db842adca77c2c4fbfc949b8da9217ef2474a4faf,5f9fc004d6613e899ffa596b5719ec74b49d2cb3d20f3fd59a92edf62ad9477d,dc92895687a57289f248888166aed714b9aa2080fd61f2921cd11c3667456444,13742471d6485968870624dc61b1dc3e4746c612eb5c7654dd63d22ff685861c,0.010686806079339584,True
37,2,scale_0.7,none,scale_0.7,0.35,test,Oracle-Rank+Residual,0.6202585802697925,0.9455469109071183,0.8025201428309833,0.813361220472441,0.6923076923076923,0.007256697420926549,6.998652637493981,0.296875,128,calibrated,oracle_rank,[0.1355674678443756],feaa3068da57cdecf944f04725045052141bafe48d09136cafdd9e65a48d6f00,scale_0.7,716717b27028b5ca64eae8e25db372cf7a8cf8379ff4250d8e23397aa6d0713a,ea9e2b71f58ba9c23544697db842adca77c2c4fbfc949b8da9217ef2474a4faf,5f9fc004d6613e899ffa596b5719ec74b49d2cb3d20f3fd59a92edf62ad9477d,dc92895687a57289f248888166aed714b9aa2080fd61f2921cd11c3667456444,13742471d6485968870624dc61b1dc3e4746c612eb5c7654dd63d22ff685861c,-0.16189787779427056,False
37,2,scale_0.7,none,scale_0.7,0.35,test,Oracle-Value+Residual,0.07101095541796064,0.9848170834936829,0.9951302417139717,0.9742864173228346,0.9230769230769231,0.007256697420926549,-4.9335750632521655,1.0,128,calibrated,oracle_value,[0.13672548980422553],feaa3068da57cdecf944f04725045052141bafe48d09136cafdd9e65a48d6f00,scale_0.7,716717b27028b5ca64eae8e25db372cf7a8cf8379ff4250d8e23397aa6d0713a,ea9e2b71f58ba9c23544697db842adca77c2c4fbfc949b8da9217ef2474a4faf,5f9fc004d6613e899ffa596b5719ec74b49d2cb3d20f3fd59a92edf62ad9477d,dc92895687a57289f248888166aed714b9aa2080fd61f2921cd11c3667456444,13742471d6485968870624dc61b1dc3e4746c612eb5c7654dd63d22ff685861c,-0.7111455026461024,False
37,2,scale_0.7,none,scale_0.7,0.35,test,Oracle-Rank+Value+Residual,0.2995830903405824,0.9466762150087875,0.9533109778428859,0.9112942913385826,0.6923076923076923,0.007256697420926549,6.308130930567193,0.2734375,128,calibrated,oracle_rank|oracle_value,"[0.06421466303392748, 0.07793189184020594]",feaa3068da57cdecf944f04725045052141bafe48d09136cafdd9e65a48d6f00,scale_0.7,716717b27028b5ca64eae8e25db372cf7a8cf8379ff4250d8e23397aa6d0713a,ea9e2b71f58ba9c23544697db842adca77c2c4fbfc949b8da9217ef2474a4faf,5f9fc004d6613e899ffa596b5719ec74b49d2cb3d20f3fd59a92edf62ad9477d,dc92895687a57289f248888166aed714b9aa2080fd61f2921cd11c3667456444,13742471d6485968870624dc61b1dc3e4746c612eb5c7654dd63d22ff685861c,-0.4825733677234807,False
37,2,scale_0.7,none,scale_0.7,0.7,test,Target-Only,0.6557189287150812,0.9518618632409979,0.6260815326863212,0.7221948818897638,0.6153846153846154,0.0612690838893886,-1.995933518986525,1.0,128,target_only,none,[],feaa3068da57cdecf944f04725045052141bafe48d09136cafdd9e65a48d6f00,scale_0.7,716717b27028b5ca64eae8e25db372cf7a8cf8379ff4250d8e23397aa6d0713a,c90693fef33cafc949253118810392a1a7619674bbd98af68377ceffa73c02e9,5f9fc004d6613e899ffa596b5719ec74b49d2cb3d20f3fd59a92edf62ad9477d,044919b8a06df0708267dae8ca823a044c2a0a5e4ec9d2750122b8958e7fe222,925f8e68cda50ea6b3d3d2cc03f118ba27f26d94aab5fa00738e44d5b5a41ab8,0.0,False
37,2,scale_0.7,none,scale_0.7,0.7,test,Geometry-Prior+Residual,0.758390572939664,0.9346045263800775,0.572840368064457,0.6943897637795275,0.6923076923076923,0.03507145760531332,1.530766281909361,0.3984375,128,calibrated,geometry,[0.12941606615815704],feaa3068da57cdecf944f04725045052141bafe48d09136cafdd9e65a48d6f00,scale_0.7,716717b27028b5ca64eae8e25db372cf7a8cf8379ff4250d8e23397aa6d0713a,c90693fef33cafc949253118810392a1a7619674bbd98af68377ceffa73c02e9,5f9fc004d6613e899ffa596b5719ec74b49d2cb3d20f3fd59a92edf62ad9477d,044919b8a06df0708267dae8ca823a044c2a0a5e4ec9d2750122b8958e7fe222,925f8e68cda50ea6b3d3d2cc03f118ba27f26d94aab5fa00738e44d5b5a41ab8,0.10267164422458286,True
37,2,scale_0.7,none,scale_0.7,0.7,test,Oracle-Rank+Residual,0.37698424807920755,0.959823472579027,0.9296832082036256,0.889886811023622,0.7692307692307693,0.019175284048018867,0.8002398093522056,0.4609375,128,calibrated,oracle_rank,[0.1355674678443756],feaa3068da57cdecf944f04725045052141bafe48d09136cafdd9e65a48d6f00,scale_0.7,716717b27028b5ca64eae8e25db372cf7a8cf8379ff4250d8e23397aa6d0713a,c90693fef33cafc949253118810392a1a7619674bbd98af68377ceffa73c02e9,5f9fc004d6613e899ffa596b5719ec74b49d2cb3d20f3fd59a92edf62ad9477d,044919b8a06df0708267dae8ca823a044c2a0a5e4ec9d2750122b8958e7fe222,925f8e68cda50ea6b3d3d2cc03f118ba27f26d94aab5fa00738e44d5b5a41ab8,-0.27873468063587364,False
37,2,scale_0.7,none,scale_0.7,0.7,test,Oracle-Value+Residual,0.053817123602979126,0.9994446923201067,0.9933219648416041,0.9731791338582677,0.9230769230769231,0.0,-4.4520162110987105,0.9765625,128,calibrated,oracle_value,[0.13672548980422553],feaa3068da57cdecf944f04725045052141bafe48d09136cafdd9e65a48d6f00,scale_0.7,716717b27028b5ca64eae8e25db372cf7a8cf8379ff4250d8e23397aa6d0713a,c90693fef33cafc949253118810392a1a7619674bbd98af68377ceffa73c02e9,5f9fc004d6613e899ffa596b5719ec74b49d2cb3d20f3fd59a92edf62ad9477d,044919b8a06df0708267dae8ca823a044c2a0a5e4ec9d2750122b8958e7fe222,925f8e68cda50ea6b3d3d2cc03f118ba27f26d94aab5fa00738e44d5b5a41ab8,-0.6019018051121021,False
37,2,scale_0.7,none,scale_0.7,0.7,test,Oracle-Rank+Value+Residual,0.17900154042806496,0.982843964723618,0.9767956876030031,0.937746062992126,0.9230769230769231,0.019175284048018867,-0.042665520849695326,0.46875,128,calibrated,oracle_rank|oracle_value,"[0.06421466303392748, 0.07793189184020594]",feaa3068da57cdecf944f04725045052141bafe48d09136cafdd9e65a48d6f00,scale_0.7,716717b27028b5ca64eae8e25db372cf7a8cf8379ff4250d8e23397aa6d0713a,c90693fef33cafc949253118810392a1a7619674bbd98af68377ceffa73c02e9,5f9fc004d6613e899ffa596b5719ec74b49d2cb3d20f3fd59a92edf62ad9477d,044919b8a06df0708267dae8ca823a044c2a0a5e4ec9d2750122b8958e7fe222,925f8e68cda50ea6b3d3d2cc03f118ba27f26d94aab5fa00738e44d5b5a41ab8,-0.47671738828701626,False
37,2,scale_0.7,none,scale_0.7,1.0,test,Target-Only,0.8398667833056497,0.8425858960570658,0.44041269913935177,0.656003937007874,0.3076923076923077,0.23844773928169175,-1.592694394702741,0.96875,128,target_only,none,[],feaa3068da57cdecf944f04725045052141bafe48d09136cafdd9e65a48d6f00,scale_0.7,716717b27028b5ca64eae8e25db372cf7a8cf8379ff4250d8e23397aa6d0713a,044919b8a06df0708267dae8ca823a044c2a0a5e4ec9d2750122b8958e7fe222,5f9fc004d6613e899ffa596b5719ec74b49d2cb3d20f3fd59a92edf62ad9477d,2be80a327cc8bc201486c697a0be96abee2d155e180c710728380919371f6f85,fc49767d45c2c922f1b2e811e34abc3914126e498d0652a15d60c99d2824cb2d,0.0,False
37,2,scale_0.7,none,scale_0.7,1.0,test,Geometry-Prior+Residual,1.0347775744340502,0.9456961928468315,0.7425265519135689,0.7695620078740157,0.6923076923076923,0.030195563736705445,1.4164657715700368,0.4765625,128,calibrated,geometry,[0.12941606615815704],feaa3068da57cdecf944f04725045052141bafe48d09136cafdd9e65a48d6f00,scale_0.7,716717b27028b5ca64eae8e25db372cf7a8cf8379ff4250d8e23397aa6d0713a,044919b8a06df0708267dae8ca823a044c2a0a5e4ec9d2750122b8958e7fe222,5f9fc004d6613e899ffa596b5719ec74b49d2cb3d20f3fd59a92edf62ad9477d,2be80a327cc8bc201486c697a0be96abee2d155e180c710728380919371f6f85,fc49767d45c2c922f1b2e811e34abc3914126e498d0652a15d60c99d2824cb2d,0.19491079112840048,True
37,2,scale_0.7,none,scale_0.7,1.0,test,Oracle-Rank+Residual,0.31563939598293755,0.9916931985933439,0.7693245284746384,0.8065944881889764,1.0,0.024487579903428595,-0.4213059148860042,0.4609375,128,calibrated,oracle_rank,[0.1355674678443756],feaa3068da57cdecf944f04725045052141bafe48d09136cafdd9e65a48d6f00,scale_0.7,716717b27028b5ca64eae8e25db372cf7a8cf8379ff4250d8e23397aa6d0713a,044919b8a06df0708267dae8ca823a044c2a0a5e4ec9d2750122b8958e7fe222,5f9fc004d6613e899ffa596b5719ec74b49d2cb3d20f3fd59a92edf62ad9477d,2be80a327cc8bc201486c697a0be96abee2d155e180c710728380919371f6f85,fc49767d45c2c922f1b2e811e34abc3914126e498d0652a15d60c99d2824cb2d,-0.5242273873227121,False
37,2,scale_0.7,none,scale_0.7,1.0,test,Oracle-Value+Residual,0.06325707725051552,0.9993405388377866,0.973688427028017,0.9437746062992126,0.9230769230769231,0.0,-4.176840344037522,0.9609375,128,calibrated,oracle_value,[0.13672548980422553],feaa3068da57cdecf944f04725045052141bafe48d09136cafdd9e65a48d6f00,scale_0.7,716717b27028b5ca64eae8e25db372cf7a8cf8379ff4250d8e23397aa6d0713a,044919b8a06df0708267dae8ca823a044c2a0a5e4ec9d2750122b8958e7fe222,5f9fc004d6613e899ffa596b5719ec74b49d2cb3d20f3fd59a92edf62ad9477d,2be80a327cc8bc201486c697a0be96abee2d155e180c710728380919371f6f85,fc49767d45c2c922f1b2e811e34abc3914126e498d0652a15d60c99d2824cb2d,-0.7766097060551341,False
37,2,scale_0.7,none,scale_0.7,1.0,test,Oracle-Rank+Value+Residual,0.15061219449371532,0.993756700115387,0.8792002380516389,0.8721702755905512,1.0,0.024487579903428595,-1.2055120753553779,0.5,128,calibrated,oracle_rank|oracle_value,"[0.06421466303392748, 0.07793189184020594]",feaa3068da57cdecf944f04725045052141bafe48d09136cafdd9e65a48d6f00,scale_0.7,716717b27028b5ca64eae8e25db372cf7a8cf8379ff4250d8e23397aa6d0713a,044919b8a06df0708267dae8ca823a044c2a0a5e4ec9d2750122b8958e7fe222,5f9fc004d6613e899ffa596b5719ec74b49d2cb3d20f3fd59a92edf62ad9477d,2be80a327cc8bc201486c697a0be96abee2d155e180c710728380919371f6f85,fc49767d45c2c922f1b2e811e34abc3914126e498d0652a15d60c99d2824cb2d,-0.6892545888119344,False
37,2,scale_1.5,none,scale_1.5,0.35,test,Target-Only,1.398870450936152,0.7607837394105293,0.4389992675334188,0.6427165354330708,0.3076923076923077,0.4646158856406026,-1.3009478098172038,1.0,128,target_only,none,[],feaa3068da57cdecf944f04725045052141bafe48d09136cafdd9e65a48d6f00,scale_1.5,9a9279ef15eb3e21b8ea7c703f1d5c7bf188879d15430102525fff18ce480022,7bc083d252557a8e77cfd49b042324868fd7ccf2f44ccc07d123df79273b8bc0,5f9fc004d6613e899ffa596b5719ec74b49d2cb3d20f3fd59a92edf62ad9477d,dc92895687a57289f248888166aed714b9aa2080fd61f2921cd11c3667456444,005b66c93deb72449ceebecad21d3c01c68859a2bb1b61f4498185a7d224a9a9,0.0,False
37,2,scale_1.5,none,scale_1.5,0.35,test,Geometry-Prior+Residual,1.329985151734062,0.80535280778841,0.4169966581212232,0.6336122047244095,0.38461538461538464,0.4646158856406026,-1.0329905417640635,0.7890625,128,calibrated,geometry,[0.47063149486838746],feaa3068da57cdecf944f04725045052141bafe48d09136cafdd9e65a48d6f00,scale_1.5,9a9279ef15eb3e21b8ea7c703f1d5c7bf188879d15430102525fff18ce480022,7bc083d252557a8e77cfd49b042324868fd7ccf2f44ccc07d123df79273b8bc0,5f9fc004d6613e899ffa596b5719ec74b49d2cb3d20f3fd59a92edf62ad9477d,dc92895687a57289f248888166aed714b9aa2080fd61f2921cd11c3667456444,005b66c93deb72449ceebecad21d3c01c68859a2bb1b61f4498185a7d224a9a9,-0.06888529920209008,False
37,2,scale_1.5,none,scale_1.5,0.35,test,Oracle-Rank+Residual,1.0798255629294367,0.9337259312717795,0.8681388481963008,0.8362450787401575,0.3076923076923077,0.011256086649526277,-1.798658854516343,1.0,128,calibrated,oracle_rank,[0.39934580631992367],feaa3068da57cdecf944f04725045052141bafe48d09136cafdd9e65a48d6f00,scale_1.5,9a9279ef15eb3e21b8ea7c703f1d5c7bf188879d15430102525fff18ce480022,7bc083d252557a8e77cfd49b042324868fd7ccf2f44ccc07d123df79273b8bc0,5f9fc004d6613e899ffa596b5719ec74b49d2cb3d20f3fd59a92edf62ad9477d,dc92895687a57289f248888166aed714b9aa2080fd61f2921cd11c3667456444,005b66c93deb72449ceebecad21d3c01c68859a2bb1b61f4498185a7d224a9a9,-0.3190448880067154,False
37,2,scale_1.5,none,scale_1.5,0.35,test,Oracle-Value+Residual,1.3231352334086255,0.5515173825947389,0.5299910730635414,0.702755905511811,0.23076923076923078,0.831527401083662,-1.535163387916882,0.8828125,128,calibrated,oracle_value,[0.47397053964751135],feaa3068da57cdecf944f04725045052141bafe48d09136cafdd9e65a48d6f00,scale_1.5,9a9279ef15eb3e21b8ea7c703f1d5c7bf188879d15430102525fff18ce480022,7bc083d252557a8e77cfd49b042324868fd7ccf2f44ccc07d123df79273b8bc0,5f9fc004d6613e899ffa596b5719ec74b49d2cb3d20f3fd59a92edf62ad9477d,dc92895687a57289f248888166aed714b9aa2080fd61f2921cd11c3667456444,005b66c93deb72449ceebecad21d3c01c68859a2bb1b61f4498185a7d224a9a9,-0.07573521752752654,False
37,2,scale_1.5,none,scale_1.5,0.35,test,Oracle-Rank+Value+Residual,1.323135233408628,0.5515173825947389,0.5299910730635414,0.702755905511811,0.23076923076923078,0.831527401083662,-1.5351633879168791,0.8828125,128,calibrated,oracle_rank|oracle_value,"[9.355308089627255e-18, 0.4739705396475114]",feaa3068da57cdecf944f04725045052141bafe48d09136cafdd9e65a48d6f00,scale_1.5,9a9279ef15eb3e21b8ea7c703f1d5c7bf188879d15430102525fff18ce480022,7bc083d252557a8e77cfd49b042324868fd7ccf2f44ccc07d123df79273b8bc0,5f9fc004d6613e899ffa596b5719ec74b49d2cb3d20f3fd59a92edf62ad9477d,dc92895687a57289f248888166aed714b9aa2080fd61f2921cd11c3667456444,005b66c93deb72449ceebecad21d3c01c68859a2bb1b61f4498185a7d224a9a9,-0.0757352175275241,False
37,2,scale_1.5,none,scale_1.5,0.7,test,Target-Only,0.710054540611511,0.9360350046535363,0.7379314685954954,0.780388779527559,0.3076923076923077,0.0,-0.4272242128595083,0.90625,128,target_only,none,[],feaa3068da57cdecf944f04725045052141bafe48d09136cafdd9e65a48d6f00,scale_1.5,9a9279ef15eb3e21b8ea7c703f1d5c7bf188879d15430102525fff18ce480022,3b53338ecf12402f54170d3708ed029765b2e416fb89ed34083b85b284f7d54d,5f9fc004d6613e899ffa596b5719ec74b49d2cb3d20f3fd59a92edf62ad9477d,044919b8a06df0708267dae8ca823a044c2a0a5e4ec9d2750122b8958e7fe222,7d205dc867767c4c113d47ed4090e4a1a0b6ac5a0bb7ec10a4e9bb7bd5eff753,0.0,False
37,2,scale_1.5,none,scale_1.5,0.7,test,Geometry-Prior+Residual,0.5733936598710697,0.8566639973764323,0.8278245742537996,0.8172982283464567,0.46153846153846156,0.14997017810974353,-0.4904103824696896,0.75,128,calibrated,geometry,[0.47063149486838746],feaa3068da57cdecf944f04725045052141bafe48d09136cafdd9e65a48d6f00,scale_1.5,9a9279ef15eb3e21b8ea7c703f1d5c7bf188879d15430102525fff18ce480022,3b53338ecf12402f54170d3708ed029765b2e416fb89ed34083b85b284f7d54d,5f9fc004d6613e899ffa596b5719ec74b49d2cb3d20f3fd59a92edf62ad9477d,044919b8a06df0708267dae8ca823a044c2a0a5e4ec9d2750122b8958e7fe222,7d205dc867767c4c113d47ed4090e4a1a0b6ac5a0bb7ec10a4e9bb7bd5eff753,-0.13666088074044125,False
37,2,scale_1.5,none,scale_1.5,0.7,test,Oracle-Rank+Residual,0.630250570106614,0.9251223118237054,0.8912630470609777,0.8545767716535433,0.3076923076923077,0.001072383039534993,-0.271606196352355,0.796875,128,calibrated,oracle_rank,[0.39934580631992367],feaa3068da57cdecf944f04725045052141bafe48d09136cafdd9e65a48d6f00,scale_1.5,9a9279ef15eb3e21b8ea7c703f1d5c7bf188879d15430102525fff18ce480022,3b53338ecf12402f54170d3708ed029765b2e416fb89ed34083b85b284f7d54d,5f9fc004d6613e899ffa596b5719ec74b49d2cb3d20f3fd59a92edf62ad9477d,044919b8a06df0708267dae8ca823a044c2a0a5e4ec9d2750122b8958e7fe222,7d205dc867767c4c113d47ed4090e4a1a0b6ac5a0bb7ec10a4e9bb7bd5eff753,-0.07980397050489696,False
37,2,scale_1.5,none,scale_1.5,0.7,test,Oracle-Value+Residual,0.46787521672764737,0.9021376033835788,0.8941986357809923,0.8631889763779528,0.3076923076923077,0.0,-0.4683834243071254,0.7890625,128,calibrated,oracle_value,[0.47397053964751135],feaa3068da57cdecf944f04725045052141bafe48d09136cafdd9e65a48d6f00,scale_1.5,9a9279ef15eb3e21b8ea7c703f1d5c7bf188879d15430102525fff18ce480022,3b53338ecf12402f54170d3708ed029765b2e416fb89ed34083b85b284f7d54d,5f9fc004d6613e899ffa596b5719ec74b49d2cb3d20f3fd59a92edf62ad9477d,044919b8a06df0708267dae8ca823a044c2a0a5e4ec9d2750122b8958e7fe222,7d205dc867767c4c113d47ed4090e4a1a0b6ac5a0bb7ec10a4e9bb7bd5eff753,-0.2421793238838636,False
37,2,scale_1.5,none,scale_1.5,0.7,test,Oracle-Rank+Value+Residual,0.46787521672764726,0.9021376033835788,0.8941986357809923,0.8631889763779528,0.3076923076923077,0.0,-0.4683834243071263,0.7890625,128,calibrated,oracle_rank|oracle_value,"[9.355308089627255e-18, 0.4739705396475114]",feaa3068da57cdecf944f04725045052141bafe48d09136cafdd9e65a48d6f00,scale_1.5,9a9279ef15eb3e21b8ea7c703f1d5c7bf188879d15430102525fff18ce480022,3b53338ecf12402f54170d3708ed029765b2e416fb89ed34083b85b284f7d54d,5f9fc004d6613e899ffa596b5719ec74b49d2cb3d20f3fd59a92edf62ad9477d,044919b8a06df0708267dae8ca823a044c2a0a5e4ec9d2750122b8958e7fe222,7d205dc867767c4c113d47ed4090e4a1a0b6ac5a0bb7ec10a4e9bb7bd5eff753,-0.2421793238838637,False
37,2,scale_1.5,none,scale_1.5,1.0,test,Target-Only,1.1038131527580188,0.860599082542263,0.42675906427394245,0.6657234251968503,0.3076923076923077,0.14553872324184275,0.5695455050944799,0.8125,128,target_only,none,[],feaa3068da57cdecf944f04725045052141bafe48d09136cafdd9e65a48d6f00,scale_1.5,9a9279ef15eb3e21b8ea7c703f1d5c7bf188879d15430102525fff18ce480022,d2caf22c3e7bc5e97c1d57878265f50d4adb5b639c97d69f91056a70a2954839,5f9fc004d6613e899ffa596b5719ec74b49d2cb3d20f3fd59a92edf62ad9477d,2be80a327cc8bc201486c697a0be96abee2d155e180c710728380919371f6f85,87762f8a1d56eb992bcce13008917f6645973bb2b7937a8a64b0fdf3bc0b7079,0.0,False
37,2,scale_1.5,none,scale_1.5,1.0,test,Geometry-Prior+Residual,0.6559465739858182,0.8726392468681268,0.8295584599890129,0.8218503937007874,0.46153846153846156,0.13859584772038264,0.40704018725813373,0.6328125,128,calibrated,geometry,[0.47063149486838746],feaa3068da57cdecf944f04725045052141bafe48d09136cafdd9e65a48d6f00,scale_1.5,9a9279ef15eb3e21b8ea7c703f1d5c7bf188879d15430102525fff18ce480022,d2caf22c3e7bc5e97c1d57878265f50d4adb5b639c97d69f91056a70a2954839,5f9fc004d6613e899ffa596b5719ec74b49d2cb3d20f3fd59a92edf62ad9477d,2be80a327cc8bc201486c697a0be96abee2d155e180c710728380919371f6f85,87762f8a1d56eb992bcce13008917f6645973bb2b7937a8a64b0fdf3bc0b7079,-0.4478665787722006,False
37,2,scale_1.5,none,scale_1.5,1.0,test,Oracle-Rank+Residual,1.1916931026529693,0.8532041257187115,0.4788156930965025,0.6833169291338582,0.3076923076923077,0.0694536014380604,1.7955647878513252,0.4921875,128,calibrated,oracle_rank,[0.39934580631992367],feaa3068da57cdecf944f04725045052141bafe48d09136cafdd9e65a48d6f00,scale_1.5,9a9279ef15eb3e21b8ea7c703f1d5c7bf188879d15430102525fff18ce480022,d2caf22c3e7bc5e97c1d57878265f50d4adb5b639c97d69f91056a70a2954839,5f9fc004d6613e899ffa596b5719ec74b49d2cb3d20f3fd59a92edf62ad9477d,2be80a327cc8bc201486c697a0be96abee2d155e180c710728380919371f6f85,87762f8a1d56eb992bcce13008917f6645973bb2b7937a8a64b0fdf3bc0b7079,0.08787994989495052,True
37,2,scale_1.5,none,scale_1.5,1.0,test,Oracle-Value+Residual,0.7987392051087557,0.8562724743195219,0.8157560428492949,0.8170521653543307,0.3076923076923077,0.14553872324184275,0.7461898631891453,0.6328125,128,calibrated,oracle_value,[0.47397053964751135],feaa3068da57cdecf944f04725045052141bafe48d09136cafdd9e65a48d6f00,scale_1.5,9a9279ef15eb3e21b8ea7c703f1d5c7bf188879d15430102525fff18ce480022,d2caf22c3e7bc5e97c1d57878265f50d4adb5b639c97d69f91056a70a2954839,5f9fc004d6613e899ffa596b5719ec74b49d2cb3d20f3fd59a92edf62ad9477d,2be80a327cc8bc201486c697a0be96abee2d155e180c710728380919371f6f85,87762f8a1d56eb992bcce13008917f6645973bb2b7937a8a64b0fdf3bc0b7079,-0.3050739476492631,False
37,2,scale_1.5,none,scale_1.5,1.0,test,Oracle-Rank+Value+Residual,0.7987392051087558,0.8562724743195219,0.8157560428492949,0.8170521653543307,0.3076923076923077,0.14553872324184275,0.7461898631891439,0.6328125,128,calibrated,oracle_rank|oracle_value,"[9.355308089627255e-18, 0.4739705396475114]",feaa3068da57cdecf944f04725045052141bafe48d09136cafdd9e65a48d6f00,scale_1.5,9a9279ef15eb3e21b8ea7c703f1d5c7bf188879d15430102525fff18ce480022,d2caf22c3e7bc5e97c1d57878265f50d4adb5b639c97d69f91056a70a2954839,5f9fc004d6613e899ffa596b5719ec74b49d2cb3d20f3fd59a92edf62ad9477d,2be80a327cc8bc201486c697a0be96abee2d155e180c710728380919371f6f85,87762f8a1d56eb992bcce13008917f6645973bb2b7937a8a64b0fdf3bc0b7079,-0.305073947649263,False
37,2,rotate_45,none,rotate_45,0.35,test,Target-Only,0.857388985121544,0.6638759912940188,0.7477625434902032,0.78248031496063,0.15384615384615385,0.4155466134312803,-2.0187742690134005,1.0,128,target_only,none,[],feaa3068da57cdecf944f04725045052141bafe48d09136cafdd9e65a48d6f00,rotate_45,823dd871aa29814b642e93b3a05d996227dbb4aa7a33f09e18252721ba0207b1,0cfefadb5f5c72189557a5711ece172180d7478b9bb34856f338db4d5a16e284,5f9fc004d6613e899ffa596b5719ec74b49d2cb3d20f3fd59a92edf62ad9477d,dc92895687a57289f248888166aed714b9aa2080fd61f2921cd11c3667456444,7332b511c756ac1e2b8054a9049ab68eb002752198c28ccad13c76ed12f59fed,0.0,False
37,2,rotate_45,none,rotate_45,0.35,test,Geometry-Prior+Residual,0.7790629083026277,0.7941776527080643,0.7745490752609412,0.7892470472440944,0.38461538461538464,0.21045698290396303,-2.1788692028171948,0.9140625,128,calibrated,geometry,[0.2613213225898888],feaa3068da57cdecf944f04725045052141bafe48d09136cafdd9e65a48d6f00,rotate_45,823dd871aa29814b642e93b3a05d996227dbb4aa7a33f09e18252721ba0207b1,0cfefadb5f5c72189557a5711ece172180d7478b9bb34856f338db4d5a16e284,5f9fc004d6613e899ffa596b5719ec74b49d2cb3d20f3fd59a92edf62ad9477d,dc92895687a57289f248888166aed714b9aa2080fd61f2921cd11c3667456444,7332b511c756ac1e2b8054a9049ab68eb002752198c28ccad13c76ed12f59fed,-0.07832607681891635,False
37,2,rotate_45,none,rotate_45,0.35,test,Oracle-Rank+Residual,0.8208678873726968,0.837977579220326,0.7037287126899835,0.7597194881889764,0.46153846153846156,0.12798407297363681,-0.6853393454974552,0.6640625,128,calibrated,oracle_rank,[0.30287943038738546],feaa3068da57cdecf944f04725045052141bafe48d09136cafdd9e65a48d6f00,rotate_45,823dd871aa29814b642e93b3a05d996227dbb4aa7a33f09e18252721ba0207b1,0cfefadb5f5c72189557a5711ece172180d7478b9bb34856f338db4d5a16e284,5f9fc004d6613e899ffa596b5719ec74b49d2cb3d20f3fd59a92edf62ad9477d,dc92895687a57289f248888166aed714b9aa2080fd61f2921cd11c3667456444,7332b511c756ac1e2b8054a9049ab68eb002752198c28ccad13c76ed12f59fed,-0.036521097748847264,False
37,2,rotate_45,none,rotate_45,0.35,test,Oracle-Value+Residual,0.08905813408245451,0.9987579486556144,0.9489447903314412,0.922613188976378,0.9230769230769231,0.0,-4.405695590731437,1.0,128,calibrated,oracle_value,[0.31243698729223573],feaa3068da57cdecf944f04725045052141bafe48d09136cafdd9e65a48d6f00,rotate_45,823dd871aa29814b642e93b3a05d996227dbb4aa7a33f09e18252721ba0207b1,0cfefadb5f5c72189557a5711ece172180d7478b9bb34856f338db4d5a16e284,5f9fc004d6613e899ffa596b5719ec74b49d2cb3d20f3fd59a92edf62ad9477d,dc92895687a57289f248888166aed714b9aa2080fd61f2921cd11c3667456444,7332b511c756ac1e2b8054a9049ab68eb002752198c28ccad13c76ed12f59fed,-0.7683308510390895,False
37,2,rotate_45,none,rotate_45,0.35,test,Oracle-Rank+Value+Residual,0.32992348553812967,0.9796030617366314,0.8782732100347921,0.8623277559055118,0.8461538461538461,0.005003913822326507,-1.6970088727787767,0.6640625,128,calibrated,oracle_rank|oracle_value,"[0.115592396315425, 0.20870907079931347]",feaa3068da57cdecf944f04725045052141bafe48d09136cafdd9e65a48d6f00,rotate_45,823dd871aa29814b642e93b3a05d996227dbb4aa7a33f09e18252721ba0207b1,0cfefadb5f5c72189557a5711ece172180d7478b9bb34856f338db4d5a16e284,5f9fc004d6613e899ffa596b5719ec74b49d2cb3d20f3fd59a92edf62ad9477d,dc92895687a57289f248888166aed714b9aa2080fd61f2921cd11c3667456444,7332b511c756ac1e2b8054a9049ab68eb002752198c28ccad13c76ed12f59fed,-0.5274654995834144,False
37,2,rotate_45,none,rotate_45,0.7,test,Target-Only,1.5590749604370306,0.6598423528082997,0.8129635140084234,0.8140994094488189,0.15384615384615385,0.7630216336706165,-0.9349983536028177,0.9140625,128,target_only,none,[],feaa3068da57cdecf944f04725045052141bafe48d09136cafdd9e65a48d6f00,rotate_45,823dd871aa29814b642e93b3a05d996227dbb4aa7a33f09e18252721ba0207b1,b0a085776118ec72cd6d6497fe63b9d0d9bd092b441c03408c1a7005fd1ff0a6,5f9fc004d6613e899ffa596b5719ec74b49d2cb3d20f3fd59a92edf62ad9477d,044919b8a06df0708267dae8ca823a044c2a0a5e4ec9d2750122b8958e7fe222,064ee905e35413ad404fe0a7a73917bdcaa42cc1f17e8a3772eddb51e7bd902f,0.0,False
37,2,rotate_45,none,rotate_45,0.7,test,Geometry-Prior+Residual,1.1618221360264498,0.8910726898837945,0.8870399194286759,0.8517470472440944,0.46153846153846156,0.11585751488705046,-0.7533972209776282,0.765625,128,calibrated,geometry,[0.2613213225898888],feaa3068da57cdecf944f04725045052141bafe48d09136cafdd9e65a48d6f00,rotate_45,823dd871aa29814b642e93b3a05d996227dbb4aa7a33f09e18252721ba0207b1,b0a085776118ec72cd6d6497fe63b9d0d9bd092b441c03408c1a7005fd1ff0a6,5f9fc004d6613e899ffa596b5719ec74b49d2cb3d20f3fd59a92edf62ad9477d,044919b8a06df0708267dae8ca823a044c2a0a5e4ec9d2750122b8958e7fe222,064ee905e35413ad404fe0a7a73917bdcaa42cc1f17e8a3772eddb51e7bd902f,-0.39725282441058085,False
37,2,rotate_45,none,rotate_45,0.7,test,Oracle-Rank+Residual,1.0502998178010925,0.9907335096502478,0.6587964658487456,0.7545521653543307,0.8461538461538461,0.01328888123678033,1.5446889613872279,0.3671875,128,calibrated,oracle_rank,[0.30287943038738546],feaa3068da57cdecf944f04725045052141bafe48d09136cafdd9e65a48d6f00,rotate_45,823dd871aa29814b642e93b3a05d996227dbb4aa7a33f09e18252721ba0207b1,b0a085776118ec72cd6d6497fe63b9d0d9bd092b441c03408c1a7005fd1ff0a6,5f9fc004d6613e899ffa596b5719ec74b49d2cb3d20f3fd59a92edf62ad9477d,044919b8a06df0708267dae8ca823a044c2a0a5e4ec9d2750122b8958e7fe222,064ee905e35413ad404fe0a7a73917bdcaa42cc1f17e8a3772eddb51e7bd902f,-0.5087751426359381,False
37,2,rotate_45,none,rotate_45,0.7,test,Oracle-Value+Residual,0.12960562008308607,0.9990881975750657,0.9632736678264053,0.9315944881889764,0.9230769230769231,0.0,-3.390070046682382,0.828125,128,calibrated,oracle_value,[0.31243698729223573],feaa3068da57cdecf944f04725045052141bafe48d09136cafdd9e65a48d6f00,rotate_45,823dd871aa29814b642e93b3a05d996227dbb4aa7a33f09e18252721ba0207b1,b0a085776118ec72cd6d6497fe63b9d0d9bd092b441c03408c1a7005fd1ff0a6,5f9fc004d6613e899ffa596b5719ec74b49d2cb3d20f3fd59a92edf62ad9477d,044919b8a06df0708267dae8ca823a044c2a0a5e4ec9d2750122b8958e7fe222,064ee905e35413ad404fe0a7a73917bdcaa42cc1f17e8a3772eddb51e7bd902f,-1.4294693403539447,False
37,2,rotate_45,none,rotate_45,0.7,test,Oracle-Rank+Value+Residual,0.4150935776179375,0.9979651810869714,0.7839853048892145,0.8158218503937008,0.9230769230769231,0.0,0.32353542910605393,0.40625,128,calibrated,oracle_rank|oracle_value,"[0.115592396315425, 0.20870907079931347]",feaa3068da57cdecf944f04725045052141bafe48d09136cafdd9e65a48d6f00,rotate_45,823dd871aa29814b642e93b3a05d996227dbb4aa7a33f09e18252721ba0207b1,b0a085776118ec72cd6d6497fe63b9d0d9bd092b441c03408c1a7005fd1ff0a6,5f9fc004d6613e899ffa596b5719ec74b49d2cb3d20f3fd59a92edf62ad9477d,044919b8a06df0708267dae8ca823a044c2a0a5e4ec9d2750122b8958e7fe222,064ee905e35413ad404fe0a7a73917bdcaa42cc1f17e8a3772eddb51e7bd902f,-1.143981382819093,False
37,2,rotate_45,none,rotate_45,1.0,test,Target-Only,0.5769444540207495,0.76537672749699,0.8829369620948544,0.8483021653543307,0.3076923076923077,0.24462728438293105,-0.6779507719399542,0.9375,128,target_only,none,[],feaa3068da57cdecf944f04725045052141bafe48d09136cafdd9e65a48d6f00,rotate_45,823dd871aa29814b642e93b3a05d996227dbb4aa7a33f09e18252721ba0207b1,99f9e3ce319c829f2792493cec1887cb588ed17fb248f9d094fb930b1245c353,5f9fc004d6613e899ffa596b5719ec74b49d2cb3d20f3fd59a92edf62ad9477d,2be80a327cc8bc201486c697a0be96abee2d155e180c710728380919371f6f85,d7f104db1a2c2671dc4e94709faef88a55fadb9f3357e97e980568751f5708c1,0.0,False
37,2,rotate_45,none,rotate_45,1.0,test,Geometry-Prior+Residual,0.4703668012944253,0.8856307131603132,0.9354857169016663,0.8970226377952756,0.46153846153846156,0.08380795608333227,-0.6013972507412126,0.765625,128,calibrated,geometry,[0.2613213225898888],feaa3068da57cdecf944f04725045052141bafe48d09136cafdd9e65a48d6f00,rotate_45,823dd871aa29814b642e93b3a05d996227dbb4aa7a33f09e18252721ba0207b1,99f9e3ce319c829f2792493cec1887cb588ed17fb248f9d094fb930b1245c353,5f9fc004d6613e899ffa596b5719ec74b49d2cb3d20f3fd59a92edf62ad9477d,2be80a327cc8bc201486c697a0be96abee2d155e180c710728380919371f6f85,d7f104db1a2c2671dc4e94709faef88a55fadb9f3357e97e980568751f5708c1,-0.10657765272632413,False
37,2,rotate_45,none,rotate_45,1.0,test,Oracle-Rank+Residual,0.3303331922747686,0.9937578017199727,0.9403497527925287,0.9046505905511811,0.9230769230769231,0.006950111407686291,0.2007350766704794,0.515625,128,calibrated,oracle_rank,[0.30287943038738546],feaa3068da57cdecf944f04725045052141bafe48d09136cafdd9e65a48d6f00,rotate_45,823dd871aa29814b642e93b3a05d996227dbb4aa7a33f09e18252721ba0207b1,99f9e3ce319c829f2792493cec1887cb588ed17fb248f9d094fb930b1245c353,5f9fc004d6613e899ffa596b5719ec74b49d2cb3d20f3fd59a92edf62ad9477d,2be80a327cc8bc201486c697a0be96abee2d155e180c710728380919371f6f85,d7f104db1a2c2671dc4e94709faef88a55fadb9f3357e97e980568751f5708c1,-0.24661126174598086,False
37,2,rotate_45,none,rotate_45,1.0,test,Oracle-Value+Residual,0.049549363173420506,0.9937907463098468,0.9925379967039004,0.9733021653543307,0.9230769230769231,0.006950111407686291,-2.8612414828087456,0.8828125,128,calibrated,oracle_value,[0.31243698729223573],feaa3068da57cdecf944f04725045052141bafe48d09136cafdd9e65a48d6f00,rotate_45,823dd871aa29814b642e93b3a05d996227dbb4aa7a33f09e18252721ba0207b1,99f9e3ce319c829f2792493cec1887cb588ed17fb248f9d094fb930b1245c353,5f9fc004d6613e899ffa596b5719ec74b49d2cb3d20f3fd59a92edf62ad9477d,2be80a327cc8bc201486c697a0be96abee2d155e180c710728380919371f6f85,d7f104db1a2c2671dc4e94709faef88a55fadb9f3357e97e980568751f5708c1,-0.5273950908473289,False
37,2,rotate_45,none,rotate_45,1.0,test,Oracle-Rank+Value+Residual,0.13010917883659076,0.9928470621068579,0.9797885002746748,0.9479576771653543,0.9230769230769231,0.006950111407686291,-1.003291416402375,0.5546875,128,calibrated,oracle_rank|oracle_value,"[0.115592396315425, 0.20870907079931347]",feaa3068da57cdecf944f04725045052141bafe48d09136cafdd9e65a48d6f00,rotate_45,823dd871aa29814b642e93b3a05d996227dbb4aa7a33f09e18252721ba0207b1,99f9e3ce319c829f2792493cec1887cb588ed17fb248f9d094fb930b1245c353,5f9fc004d6613e899ffa596b5719ec74b49d2cb3d20f3fd59a92edf62ad9477d,2be80a327cc8bc201486c697a0be96abee2d155e180c710728380919371f6f85,d7f104db1a2c2671dc4e94709faef88a55fadb9f3357e97e980568751f5708c1,-0.44683527518415866,False
37,2,roughness,none,roughness,0.35,test,Target-Only,2.4798003476599186,0.17370779515248516,0.0763310291155466,0.5349409448818898,0.07692307692307693,1.0267460819812142,18.170640375104654,0.3984375,128,target_only,none,[],feaa3068da57cdecf944f04725045052141bafe48d09136cafdd9e65a48d6f00,roughness,5f9fc004d6613e899ffa596b5719ec74b49d2cb3d20f3fd59a92edf62ad9477d,dc92895687a57289f248888166aed714b9aa2080fd61f2921cd11c3667456444,5f9fc004d6613e899ffa596b5719ec74b49d2cb3d20f3fd59a92edf62ad9477d,dc92895687a57289f248888166aed714b9aa2080fd61f2921cd11c3667456444,9b872ccc1a2d417c2eae37f3e9731c180213350a5b6966768c0a8e1e5455d1dc,0.0,False
37,2,roughness,none,roughness,0.35,test,Geometry-Prior+Residual,2.467307019458976,0.17382141305356835,0.07851126167368613,0.5369094488188977,0.07692307692307693,1.0267460819812142,28.65600786518554,0.359375,128,calibrated,geometry,[0.22052828956187054],feaa3068da57cdecf944f04725045052141bafe48d09136cafdd9e65a48d6f00,roughness,5f9fc004d6613e899ffa596b5719ec74b49d2cb3d20f3fd59a92edf62ad9477d,dc92895687a57289f248888166aed714b9aa2080fd61f2921cd11c3667456444,5f9fc004d6613e899ffa596b5719ec74b49d2cb3d20f3fd59a92edf62ad9477d,dc92895687a57289f248888166aed714b9aa2080fd61f2921cd11c3667456444,9b872ccc1a2d417c2eae37f3e9731c180213350a5b6966768c0a8e1e5455d1dc,-0.01249332820094251,False
37,2,roughness,none,roughness,0.35,test,Oracle-Rank+Residual,2.4267962501108067,0.18160747158381946,-0.008469144845266435,0.4964320866141732,0.07692307692307693,1.003152136188943,35.083076474996396,0.3125,128,calibrated,oracle_rank,[0.2533536738782899],feaa3068da57cdecf944f04725045052141bafe48d09136cafdd9e65a48d6f00,roughness,5f9fc004d6613e899ffa596b5719ec74b49d2cb3d20f3fd59a92edf62ad9477d,dc92895687a57289f248888166aed714b9aa2080fd61f2921cd11c3667456444,5f9fc004d6613e899ffa596b5719ec74b49d2cb3d20f3fd59a92edf62ad9477d,dc92895687a57289f248888166aed714b9aa2080fd61f2921cd11c3667456444,9b872ccc1a2d417c2eae37f3e9731c180213350a5b6966768c0a8e1e5455d1dc,-0.05300409754911195,False
37,2,roughness,none,roughness,0.35,test,Oracle-Value+Residual,2.2818849792443348,0.23397142194994325,-0.040234160410181276,0.48326771653543305,0.15384615384615385,0.9400124273479029,43.12548753360055,0.2890625,128,calibrated,oracle_value,[0.2874346680789127],feaa3068da57cdecf944f04725045052141bafe48d09136cafdd9e65a48d6f00,roughness,5f9fc004d6613e899ffa596b5719ec74b49d2cb3d20f3fd59a92edf62ad9477d,dc92895687a57289f248888166aed714b9aa2080fd61f2921cd11c3667456444,5f9fc004d6613e899ffa596b5719ec74b49d2cb3d20f3fd59a92edf62ad9477d,dc92895687a57289f248888166aed714b9aa2080fd61f2921cd11c3667456444,9b872ccc1a2d417c2eae37f3e9731c180213350a5b6966768c0a8e1e5455d1dc,-0.19791536841558388,False
37,2,roughness,none,roughness,0.35,test,Oracle-Rank+Value+Residual,2.2832932674560706,0.23285858676415724,-0.03997665262772386,0.48388287401574803,0.15384615384615385,0.9400124273479029,43.06475387758044,0.2890625,128,calibrated,oracle_rank|oracle_value,"[0.0038305070715516087, 0.2840700035845687]",feaa3068da57cdecf944f04725045052141bafe48d09136cafdd9e65a48d6f00,roughness,5f9fc004d6613e899ffa596b5719ec74b49d2cb3d20f3fd59a92edf62ad9477d,dc92895687a57289f248888166aed714b9aa2080fd61f2921cd11c3667456444,5f9fc004d6613e899ffa596b5719ec74b49d2cb3d20f3fd59a92edf62ad9477d,dc92895687a57289f248888166aed714b9aa2080fd61f2921cd11c3667456444,9b872ccc1a2d417c2eae37f3e9731c180213350a5b6966768c0a8e1e5455d1dc,-0.196507080203848,False
37,2,roughness,none,roughness,0.7,test,Target-Only,1.7402902278220997,0.0920966955437745,-0.008291750595129096,0.49913877952755903,0.0,0.9172054446939972,5.663234875447018,0.328125,128,target_only,none,[],feaa3068da57cdecf944f04725045052141bafe48d09136cafdd9e65a48d6f00,roughness,5f9fc004d6613e899ffa596b5719ec74b49d2cb3d20f3fd59a92edf62ad9477d,044919b8a06df0708267dae8ca823a044c2a0a5e4ec9d2750122b8958e7fe222,5f9fc004d6613e899ffa596b5719ec74b49d2cb3d20f3fd59a92edf62ad9477d,044919b8a06df0708267dae8ca823a044c2a0a5e4ec9d2750122b8958e7fe222,cf932703ae084e4c8316099251d596d56c24d7b1793cafe45572d12d1ccbff47,0.0,False
37,2,roughness,none,roughness,0.7,test,Geometry-Prior+Residual,1.749582731863943,0.2847720705239838,-0.0081258011353232,0.4984005905511811,0.0,0.7016529599311944,9.741607125501584,0.234375,128,calibrated,geometry,[0.22052828956187054],feaa3068da57cdecf944f04725045052141bafe48d09136cafdd9e65a48d6f00,roughness,5f9fc004d6613e899ffa596b5719ec74b49d2cb3d20f3fd59a92edf62ad9477d,044919b8a06df0708267dae8ca823a044c2a0a5e4ec9d2750122b8958e7fe222,5f9fc004d6613e899ffa596b5719ec74b49d2cb3d20f3fd59a92edf62ad9477d,044919b8a06df0708267dae8ca823a044c2a0a5e4ec9d2750122b8958e7fe222,cf932703ae084e4c8316099251d596d56c24d7b1793cafe45572d12d1ccbff47,0.00929250404184323,False
37,2,roughness,none,roughness,0.7,test,Oracle-Rank+Residual,1.7442116821029372,0.4503920857620656,0.08521790880791064,0.5359251968503937,0.0,0.27309007645808836,11.856295228904232,0.21875,128,calibrated,oracle_rank,[0.2533536738782899],feaa3068da57cdecf944f04725045052141bafe48d09136cafdd9e65a48d6f00,roughness,5f9fc004d6613e899ffa596b5719ec74b49d2cb3d20f3fd59a92edf62ad9477d,044919b8a06df0708267dae8ca823a044c2a0a5e4ec9d2750122b8958e7fe222,5f9fc004d6613e899ffa596b5719ec74b49d2cb3d20f3fd59a92edf62ad9477d,044919b8a06df0708267dae8ca823a044c2a0a5e4ec9d2750122b8958e7fe222,cf932703ae084e4c8316099251d596d56c24d7b1793cafe45572d12d1ccbff47,0.003921454280837455,False
37,2,roughness,none,roughness,0.7,test,Oracle-Value+Residual,1.708237005887891,0.402942379208442,0.06552714704266618,0.5287893700787402,0.0,0.27309007645808836,16.007549113471555,0.2109375,128,calibrated,oracle_value,[0.2874346680789127],feaa3068da57cdecf944f04725045052141bafe48d09136cafdd9e65a48d6f00,roughness,5f9fc004d6613e899ffa596b5719ec74b49d2cb3d20f3fd59a92edf62ad9477d,044919b8a06df0708267dae8ca823a044c2a0a5e4ec9d2750122b8958e7fe222,5f9fc004d6613e899ffa596b5719ec74b49d2cb3d20f3fd59a92edf62ad9477d,044919b8a06df0708267dae8ca823a044c2a0a5e4ec9d2750122b8958e7fe222,cf932703ae084e4c8316099251d596d56c24d7b1793cafe45572d12d1ccbff47,-0.032053221934208675,False
37,2,roughness,none,roughness,0.7,test,Oracle-Rank+Value+Residual,1.7086783109214008,0.4035111317213343,0.06678035158395897,0.5292814960629921,0.0,0.27309007645808836,15.970730890621278,0.2109375,128,calibrated,oracle_rank|oracle_value,"[0.0038305070715516087, 0.2840700035845687]",feaa3068da57cdecf944f04725045052141bafe48d09136cafdd9e65a48d6f00,roughness,5f9fc004d6613e899ffa596b5719ec74b49d2cb3d20f3fd59a92edf62ad9477d,044919b8a06df0708267dae8ca823a044c2a0a5e4ec9d2750122b8958e7fe222,5f9fc004d6613e899ffa596b5719ec74b49d2cb3d20f3fd59a92edf62ad9477d,044919b8a06df0708267dae8ca823a044c2a0a5e4ec9d2750122b8958e7fe222,cf932703ae084e4c8316099251d596d56c24d7b1793cafe45572d12d1ccbff47,-0.03161191690069898,False
37,2,roughness,none,roughness,1.0,test,Target-Only,2.194926738923748,0.21107690482231403,-0.12877105841420985,0.4512795275590551,0.0,0.913865493390237,5.98004726986631,0.375,128,target_only,none,[],feaa3068da57cdecf944f04725045052141bafe48d09136cafdd9e65a48d6f00,roughness,5f9fc004d6613e899ffa596b5719ec74b49d2cb3d20f3fd59a92edf62ad9477d,2be80a327cc8bc201486c697a0be96abee2d155e180c710728380919371f6f85,5f9fc004d6613e899ffa596b5719ec74b49d2cb3d20f3fd59a92edf62ad9477d,2be80a327cc8bc201486c697a0be96abee2d155e180c710728380919371f6f85,48e2946f9691a04afab50e70a9ea4f9f88c3a7b2d2e07c139e1c7c45519e3edf,0.0,False
37,2,roughness,none,roughness,1.0,test,Geometry-Prior+Residual,1.882333139786094,0.3028166924889618,-0.11630768174327044,0.453494094488189,0.0,0.5995041081490717,7.642792523670913,0.3671875,128,calibrated,geometry,[0.22052828956187054],feaa3068da57cdecf944f04725045052141bafe48d09136cafdd9e65a48d6f00,roughness,5f9fc004d6613e899ffa596b5719ec74b49d2cb3d20f3fd59a92edf62ad9477d,2be80a327cc8bc201486c697a0be96abee2d155e180c710728380919371f6f85,5f9fc004d6613e899ffa596b5719ec74b49d2cb3d20f3fd59a92edf62ad9477d,2be80a327cc8bc201486c697a0be96abee2d155e180c710728380919371f6f85,48e2946f9691a04afab50e70a9ea4f9f88c3a7b2d2e07c139e1c7c45519e3edf,-0.31259359913765405,False
37,2,roughness,none,roughness,1.0,test,Oracle-Rank+Residual,1.8482520465989023,0.3353947344723002,-0.07120376304706097,0.4718257874015748,0.0,0.48870228965138357,8.927858716334706,0.28125,128,calibrated,oracle_rank,[0.2533536738782899],feaa3068da57cdecf944f04725045052141bafe48d09136cafdd9e65a48d6f00,roughness,5f9fc004d6613e899ffa596b5719ec74b49d2cb3d20f3fd59a92edf62ad9477d,2be80a327cc8bc201486c697a0be96abee2d155e180c710728380919371f6f85,5f9fc004d6613e899ffa596b5719ec74b49d2cb3d20f3fd59a92edf62ad9477d,2be80a327cc8bc201486c697a0be96abee2d155e180c710728380919371f6f85,48e2946f9691a04afab50e70a9ea4f9f88c3a7b2d2e07c139e1c7c45519e3edf,-0.3466746923248458,False
37,2,roughness,none,roughness,1.0,test,Oracle-Value+Residual,1.5472669570537172,0.43947735607413974,0.22362548068119392,0.5729576771653543,0.15384615384615385,0.6353546365701602,9.729610925548862,0.3203125,128,calibrated,oracle_value,[0.2874346680789127],feaa3068da57cdecf944f04725045052141bafe48d09136cafdd9e65a48d6f00,roughness,5f9fc004d6613e899ffa596b5719ec74b49d2cb3d20f3fd59a92edf62ad9477d,2be80a327cc8bc201486c697a0be96abee2d155e180c710728380919371f6f85,5f9fc004d6613e899ffa596b5719ec74b49d2cb3d20f3fd59a92edf62ad9477d,2be80a327cc8bc201486c697a0be96abee2d155e180c710728380919371f6f85,48e2946f9691a04afab50e70a9ea4f9f88c3a7b2d2e07c139e1c7c45519e3edf,-0.6476597818700309,False
37,2,roughness,none,roughness,1.0,test,Oracle-Rank+Value+Residual,1.5495632869294105,0.44323531253823717,0.22241233290606116,0.5724655511811023,0.15384615384615385,0.6353546365701602,9.720523190348857,0.3203125,128,calibrated,oracle_rank|oracle_value,"[0.0038305070715516087, 0.2840700035845687]",feaa3068da57cdecf944f04725045052141bafe48d09136cafdd9e65a48d6f00,roughness,5f9fc004d6613e899ffa596b5719ec74b49d2cb3d20f3fd59a92edf62ad9477d,2be80a327cc8bc201486c697a0be96abee2d155e180c710728380919371f6f85,5f9fc004d6613e899ffa596b5719ec74b49d2cb3d20f3fd59a92edf62ad9477d,2be80a327cc8bc201486c697a0be96abee2d155e180c710728380919371f6f85,48e2946f9691a04afab50e70a9ea4f9f88c3a7b2d2e07c139e1c7c45519e3edf,-0.6453634519943376,False
37,2,reversal,none,reversal,0.35,test,Target-Only,1.4275418832709537,0.4590974426920682,0.1592313678813404,0.5551181102362205,0.0,0.16386831432413435,-1.5869861877976907,0.8203125,128,target_only,none,[],feaa3068da57cdecf944f04725045052141bafe48d09136cafdd9e65a48d6f00,reversal,5f9fc004d6613e899ffa596b5719ec74b49d2cb3d20f3fd59a92edf62ad9477d,dc92895687a57289f248888166aed714b9aa2080fd61f2921cd11c3667456444,5f9fc004d6613e899ffa596b5719ec74b49d2cb3d20f3fd59a92edf62ad9477d,dc92895687a57289f248888166aed714b9aa2080fd61f2921cd11c3667456444,aaa3acc9de8f6162d9d2754c8580b4a8b647391f80548ad627e550e51767d982,0.0,False
37,2,reversal,none,reversal,0.35,test,Geometry-Prior+Residual,1.4275418832709537,0.4590974426920682,0.1592313678813404,0.5551181102362205,0.0,0.16386831432413435,-1.5869861877976907,0.8203125,128,target_only,geometry,[1.1087981295058273e-20],feaa3068da57cdecf944f04725045052141bafe48d09136cafdd9e65a48d6f00,reversal,5f9fc004d6613e899ffa596b5719ec74b49d2cb3d20f3fd59a92edf62ad9477d,dc92895687a57289f248888166aed714b9aa2080fd61f2921cd11c3667456444,5f9fc004d6613e899ffa596b5719ec74b49d2cb3d20f3fd59a92edf62ad9477d,dc92895687a57289f248888166aed714b9aa2080fd61f2921cd11c3667456444,aaa3acc9de8f6162d9d2754c8580b4a8b647391f80548ad627e550e51767d982,0.0,False
37,2,reversal,none,reversal,0.35,test,Oracle-Rank+Residual,1.4275418832709537,0.4590974426920682,0.1592313678813404,0.5551181102362205,0.0,0.16386831432413435,-1.5869861877976907,0.8203125,128,target_only,oracle_rank,[1.2494750560721015e-20],feaa3068da57cdecf944f04725045052141bafe48d09136cafdd9e65a48d6f00,reversal,5f9fc004d6613e899ffa596b5719ec74b49d2cb3d20f3fd59a92edf62ad9477d,dc92895687a57289f248888166aed714b9aa2080fd61f2921cd11c3667456444,5f9fc004d6613e899ffa596b5719ec74b49d2cb3d20f3fd59a92edf62ad9477d,dc92895687a57289f248888166aed714b9aa2080fd61f2921cd11c3667456444,aaa3acc9de8f6162d9d2754c8580b4a8b647391f80548ad627e550e51767d982,0.0,False
37,2,reversal,none,reversal,0.35,test,Oracle-Value+Residual,1.4275418832709537,0.4590974426920682,0.1592313678813404,0.5551181102362205,0.0,0.16386831432413435,-1.5869861877976907,0.8203125,128,target_only,oracle_value,[1.3148352491608618e-20],feaa3068da57cdecf944f04725045052141bafe48d09136cafdd9e65a48d6f00,reversal,5f9fc004d6613e899ffa596b5719ec74b49d2cb3d20f3fd59a92edf62ad9477d,dc92895687a57289f248888166aed714b9aa2080fd61f2921cd11c3667456444,5f9fc004d6613e899ffa596b5719ec74b49d2cb3d20f3fd59a92edf62ad9477d,dc92895687a57289f248888166aed714b9aa2080fd61f2921cd11c3667456444,aaa3acc9de8f6162d9d2754c8580b4a8b647391f80548ad627e550e51767d982,0.0,False
37,2,reversal,none,reversal,0.35,test,Oracle-Rank+Value+Residual,1.4275418832709537,0.4590974426920682,0.1592313678813404,0.5551181102362205,0.0,0.16386831432413435,-1.5869861877976907,0.8203125,128,target_only,oracle_rank|oracle_value,"[8.201725833071136e-20, 1.315840144358143e-19]",feaa3068da57cdecf944f04725045052141bafe48d09136cafdd9e65a48d6f00,reversal,5f9fc004d6613e899ffa596b5719ec74b49d2cb3d20f3fd59a92edf62ad9477d,dc92895687a57289f248888166aed714b9aa2080fd61f2921cd11c3667456444,5f9fc004d6613e899ffa596b5719ec74b49d2cb3d20f3fd59a92edf62ad9477d,dc92895687a57289f248888166aed714b9aa2080fd61f2921cd11c3667456444,aaa3acc9de8f6162d9d2754c8580b4a8b647391f80548ad627e550e51767d982,0.0,False
37,2,reversal,none,reversal,0.7,test,Target-Only,0.9617770642755108,0.936033789426111,0.6453488372093024,0.7235482283464567,0.6153846153846154,0.0027583899491924607,-1.3393222849763906,0.96875,128,target_only,none,[],feaa3068da57cdecf944f04725045052141bafe48d09136cafdd9e65a48d6f00,reversal,5f9fc004d6613e899ffa596b5719ec74b49d2cb3d20f3fd59a92edf62ad9477d,044919b8a06df0708267dae8ca823a044c2a0a5e4ec9d2750122b8958e7fe222,5f9fc004d6613e899ffa596b5719ec74b49d2cb3d20f3fd59a92edf62ad9477d,044919b8a06df0708267dae8ca823a044c2a0a5e4ec9d2750122b8958e7fe222,b897978417a61d328a72599ac42163541cee6c34152f711661697e23c599b0ba,0.0,False
37,2,reversal,none,reversal,0.7,test,Geometry-Prior+Residual,0.9617770642755108,0.936033789426111,0.6453488372093024,0.7235482283464567,0.6153846153846154,0.0027583899491924607,-1.3393222849763906,0.96875,128,target_only,geometry,[1.1087981295058273e-20],feaa3068da57cdecf944f04725045052141bafe48d09136cafdd9e65a48d6f00,reversal,5f9fc004d6613e899ffa596b5719ec74b49d2cb3d20f3fd59a92edf62ad9477d,044919b8a06df0708267dae8ca823a044c2a0a5e4ec9d2750122b8958e7fe222,5f9fc004d6613e899ffa596b5719ec74b49d2cb3d20f3fd59a92edf62ad9477d,044919b8a06df0708267dae8ca823a044c2a0a5e4ec9d2750122b8958e7fe222,b897978417a61d328a72599ac42163541cee6c34152f711661697e23c599b0ba,0.0,False
37,2,reversal,none,reversal,0.7,test,Oracle-Rank+Residual,0.9617770642755108,0.936033789426111,0.6453488372093024,0.7235482283464567,0.6153846153846154,0.0027583899491924607,-1.3393222849763906,0.96875,128,target_only,oracle_rank,[1.2494750560721015e-20],feaa3068da57cdecf944f04725045052141bafe48d09136cafdd9e65a48d6f00,reversal,5f9fc004d6613e899ffa596b5719ec74b49d2cb3d20f3fd59a92edf62ad9477d,044919b8a06df0708267dae8ca823a044c2a0a5e4ec9d2750122b8958e7fe222,5f9fc004d6613e899ffa596b5719ec74b49d2cb3d20f3fd59a92edf62ad9477d,044919b8a06df0708267dae8ca823a044c2a0a5e4ec9d2750122b8958e7fe222,b897978417a61d328a72599ac42163541cee6c34152f711661697e23c599b0ba,0.0,False
37,2,reversal,none,reversal,0.7,test,Oracle-Value+Residual,0.9617770642755108,0.936033789426111,0.6453488372093024,0.7235482283464567,0.6153846153846154,0.0027583899491924607,-1.3393222849763906,0.96875,128,target_only,oracle_value,[1.3148352491608618e-20],feaa3068da57cdecf944f04725045052141bafe48d09136cafdd9e65a48d6f00,reversal,5f9fc004d6613e899ffa596b5719ec74b49d2cb3d20f3fd59a92edf62ad9477d,044919b8a06df0708267dae8ca823a044c2a0a5e4ec9d2750122b8958e7fe222,5f9fc004d6613e899ffa596b5719ec74b49d2cb3d20f3fd59a92edf62ad9477d,044919b8a06df0708267dae8ca823a044c2a0a5e4ec9d2750122b8958e7fe222,b897978417a61d328a72599ac42163541cee6c34152f711661697e23c599b0ba,0.0,False
37,2,reversal,none,reversal,0.7,test,Oracle-Rank+Value+Residual,0.9617770642755108,0.936033789426111,0.6453488372093024,0.7235482283464567,0.6153846153846154,0.0027583899491924607,-1.3393222849763906,0.96875,128,target_only,oracle_rank|oracle_value,"[8.201725833071136e-20, 1.315840144358143e-19]",feaa3068da57cdecf944f04725045052141bafe48d09136cafdd9e65a48d6f00,reversal,5f9fc004d6613e899ffa596b5719ec74b49d2cb3d20f3fd59a92edf62ad9477d,044919b8a06df0708267dae8ca823a044c2a0a5e4ec9d2750122b8958e7fe222,5f9fc004d6613e899ffa596b5719ec74b49d2cb3d20f3fd59a92edf62ad9477d,044919b8a06df0708267dae8ca823a044c2a0a5e4ec9d2750122b8958e7fe222,b897978417a61d328a72599ac42163541cee6c34152f711661697e23c599b0ba,0.0,False
37,2,reversal,none,reversal,1.0,test,Target-Only,1.0937275678049734,0.948670033177997,0.35157251419154,0.6483759842519685,0.6153846153846154,4.975665567784561e-05,0.2669720502956299,0.6484375,128,target_only,none,[],feaa3068da57cdecf944f04725045052141bafe48d09136cafdd9e65a48d6f00,reversal,5f9fc004d6613e899ffa596b5719ec74b49d2cb3d20f3fd59a92edf62ad9477d,2be80a327cc8bc201486c697a0be96abee2d155e180c710728380919371f6f85,5f9fc004d6613e899ffa596b5719ec74b49d2cb3d20f3fd59a92edf62ad9477d,2be80a327cc8bc201486c697a0be96abee2d155e180c710728380919371f6f85,9f17e2c1445bef74edc51474e7b2be6308a5fe6f61580130f9c893dbb57f7d37,0.0,False
37,2,reversal,none,reversal,1.0,test,Geometry-Prior+Residual,1.0937275678049734,0.948670033177997,0.35157251419154,0.6483759842519685,0.6153846153846154,4.975665567784561e-05,0.2669720502956299,0.6484375,128,target_only,geometry,[1.1087981295058273e-20],feaa3068da57cdecf944f04725045052141bafe48d09136cafdd9e65a48d6f00,reversal,5f9fc004d6613e899ffa596b5719ec74b49d2cb3d20f3fd59a92edf62ad9477d,2be80a327cc8bc201486c697a0be96abee2d155e180c710728380919371f6f85,5f9fc004d6613e899ffa596b5719ec74b49d2cb3d20f3fd59a92edf62ad9477d,2be80a327cc8bc201486c697a0be96abee2d155e180c710728380919371f6f85,9f17e2c1445bef74edc51474e7b2be6308a5fe6f61580130f9c893dbb57f7d37,0.0,False
37,2,reversal,none,reversal,1.0,test,Oracle-Rank+Residual,1.0937275678049734,0.948670033177997,0.35157251419154,0.6483759842519685,0.6153846153846154,4.975665567784561e-05,0.2669720502956299,0.6484375,128,target_only,oracle_rank,[1.2494750560721015e-20],feaa3068da57cdecf944f04725045052141bafe48d09136cafdd9e65a48d6f00,reversal,5f9fc004d6613e899ffa596b5719ec74b49d2cb3d20f3fd59a92edf62ad9477d,2be80a327cc8bc201486c697a0be96abee2d155e180c710728380919371f6f85,5f9fc004d6613e899ffa596b5719ec74b49d2cb3d20f3fd59a92edf62ad9477d,2be80a327cc8bc201486c697a0be96abee2d155e180c710728380919371f6f85,9f17e2c1445bef74edc51474e7b2be6308a5fe6f61580130f9c893dbb57f7d37,0.0,False
37,2,reversal,none,reversal,1.0,test,Oracle-Value+Residual,1.0937275678049734,0.948670033177997,0.35157251419154,0.6483759842519685,0.6153846153846154,4.975665567784561e-05,0.2669720502956299,0.6484375,128,target_only,oracle_value,[1.3148352491608618e-20],feaa3068da57cdecf944f04725045052141bafe48d09136cafdd9e65a48d6f00,reversal,5f9fc004d6613e899ffa596b5719ec74b49d2cb3d20f3fd59a92edf62ad9477d,2be80a327cc8bc201486c697a0be96abee2d155e180c710728380919371f6f85,5f9fc004d6613e899ffa596b5719ec74b49d2cb3d20f3fd59a92edf62ad9477d,2be80a327cc8bc201486c697a0be96abee2d155e180c710728380919371f6f85,9f17e2c1445bef74edc51474e7b2be6308a5fe6f61580130f9c893dbb57f7d37,0.0,False
37,2,reversal,none,reversal,1.0,test,Oracle-Rank+Value+Residual,1.0937275678049734,0.948670033177997,0.35157251419154,0.6483759842519685,0.6153846153846154,4.975665567784561e-05,0.2669720502956299,0.6484375,128,target_only,oracle_rank|oracle_value,"[8.201725833071136e-20, 1.315840144358143e-19]",feaa3068da57cdecf944f04725045052141bafe48d09136cafdd9e65a48d6f00,reversal,5f9fc004d6613e899ffa596b5719ec74b49d2cb3d20f3fd59a92edf62ad9477d,2be80a327cc8bc201486c697a0be96abee2d155e180c710728380919371f6f85,5f9fc004d6613e899ffa596b5719ec74b49d2cb3d20f3fd59a92edf62ad9477d,2be80a327cc8bc201486c697a0be96abee2d155e180c710728380919371f6f85,9f17e2c1445bef74edc51474e7b2be6308a5fe6f61580130f9c893dbb57f7d37,0.0,False
37,2,independent_expert,none,independent_expert,0.35,test,Target-Only,1.4275418832709537,0.646255966977058,0.1592313678813404,0.5551181102362205,0.0,0.49404171165787697,-1.5869861877976907,0.8203125,128,target_only,none,[],4763194266bdcdf9fe187152f0c0a3fc216eb7cf6aeaa6866bd7215ca2d06d2d,independent_expert,5f9fc004d6613e899ffa596b5719ec74b49d2cb3d20f3fd59a92edf62ad9477d,dc92895687a57289f248888166aed714b9aa2080fd61f2921cd11c3667456444,5f9fc004d6613e899ffa596b5719ec74b49d2cb3d20f3fd59a92edf62ad9477d,dc92895687a57289f248888166aed714b9aa2080fd61f2921cd11c3667456444,ecbd46fc8df750eca4b8fef51cbb90351270129b64b739c769fa5c05ed05b3a5,0.0,False
37,2,independent_expert,none,independent_expert,0.35,test,Geometry-Prior+Residual,1.4243485466458001,0.6951292128729946,0.032154138436183845,0.5083661417322834,0.07692307692307693,0.3216849579192233,-0.07544327122127092,0.515625,128,calibrated,geometry,[0.20453718794554174],4763194266bdcdf9fe187152f0c0a3fc216eb7cf6aeaa6866bd7215ca2d06d2d,independent_expert,5f9fc004d6613e899ffa596b5719ec74b49d2cb3d20f3fd59a92edf62ad9477d,dc92895687a57289f248888166aed714b9aa2080fd61f2921cd11c3667456444,5f9fc004d6613e899ffa596b5719ec74b49d2cb3d20f3fd59a92edf62ad9477d,dc92895687a57289f248888166aed714b9aa2080fd61f2921cd11c3667456444,ecbd46fc8df750eca4b8fef51cbb90351270129b64b739c769fa5c05ed05b3a5,-0.003193336625153531,False
37,2,independent_expert,none,independent_expert,0.35,test,Oracle-Rank+Residual,1.4275418832709537,0.646255966977058,0.1592313678813404,0.5551181102362205,0.0,0.49404171165787697,-1.5869861877976907,0.8203125,128,target_only,oracle_rank,[2.2617748666097826e-14],4763194266bdcdf9fe187152f0c0a3fc216eb7cf6aeaa6866bd7215ca2d06d2d,independent_expert,5f9fc004d6613e899ffa596b5719ec74b49d2cb3d20f3fd59a92edf62ad9477d,dc92895687a57289f248888166aed714b9aa2080fd61f2921cd11c3667456444,5f9fc004d6613e899ffa596b5719ec74b49d2cb3d20f3fd59a92edf62ad9477d,dc92895687a57289f248888166aed714b9aa2080fd61f2921cd11c3667456444,ecbd46fc8df750eca4b8fef51cbb90351270129b64b739c769fa5c05ed05b3a5,0.0,False
37,2,independent_expert,none,independent_expert,0.35,test,Oracle-Value+Residual,1.427541883476618,0.646255966977058,0.1592313678813404,0.5551181102362205,0.0,0.49404171165787697,-1.5869861877527298,0.8203125,128,calibrated,oracle_value,[2.2431251495040738e-11],4763194266bdcdf9fe187152f0c0a3fc216eb7cf6aeaa6866bd7215ca2d06d2d,independent_expert,5f9fc004d6613e899ffa596b5719ec74b49d2cb3d20f3fd59a92edf62ad9477d,dc92895687a57289f248888166aed714b9aa2080fd61f2921cd11c3667456444,5f9fc004d6613e899ffa596b5719ec74b49d2cb3d20f3fd59a92edf62ad9477d,dc92895687a57289f248888166aed714b9aa2080fd61f2921cd11c3667456444,ecbd46fc8df750eca4b8fef51cbb90351270129b64b739c769fa5c05ed05b3a5,2.0566437441971175e-10,False
37,2,independent_expert,none,independent_expert,0.35,test,Oracle-Rank+Value+Residual,1.4275418832709537,0.646255966977058,0.1592313678813404,0.5551181102362205,0.0,0.49404171165787697,-1.5869861877976907,0.8203125,128,target_only,oracle_rank|oracle_value,"[8.847919815137814e-14, 4.4442627820726744e-13]",4763194266bdcdf9fe187152f0c0a3fc216eb7cf6aeaa6866bd7215ca2d06d2d,independent_expert,5f9fc004d6613e899ffa596b5719ec74b49d2cb3d20f3fd59a92edf62ad9477d,dc92895687a57289f248888166aed714b9aa2080fd61f2921cd11c3667456444,5f9fc004d6613e899ffa596b5719ec74b49d2cb3d20f3fd59a92edf62ad9477d,dc92895687a57289f248888166aed714b9aa2080fd61f2921cd11c3667456444,ecbd46fc8df750eca4b8fef51cbb90351270129b64b739c769fa5c05ed05b3a5,0.0,False
37,2,independent_expert,none,independent_expert,0.7,test,Target-Only,0.9617770642755108,0.6063022161233397,0.6453488372093024,0.7235482283464567,0.0,0.9306006106421637,-1.3393222849763906,0.96875,128,target_only,none,[],4763194266bdcdf9fe187152f0c0a3fc216eb7cf6aeaa6866bd7215ca2d06d2d,independent_expert,5f9fc004d6613e899ffa596b5719ec74b49d2cb3d20f3fd59a92edf62ad9477d,044919b8a06df0708267dae8ca823a044c2a0a5e4ec9d2750122b8958e7fe222,5f9fc004d6613e899ffa596b5719ec74b49d2cb3d20f3fd59a92edf62ad9477d,044919b8a06df0708267dae8ca823a044c2a0a5e4ec9d2750122b8958e7fe222,9889fd4a8311bb8701f03d383da92a982bd0766952df25a5adcc8bf806cf728c,0.0,False
37,2,independent_expert,none,independent_expert,0.7,test,Geometry-Prior+Residual,1.09908473282948,0.8159537368183637,0.6475233473722761,0.734251968503937,0.38461538461538464,0.5796082124580628,-0.44542373441527605,0.6328125,128,calibrated,geometry,[0.20453718794554174],4763194266bdcdf9fe187152f0c0a3fc216eb7cf6aeaa6866bd7215ca2d06d2d,independent_expert,5f9fc004d6613e899ffa596b5719ec74b49d2cb3d20f3fd59a92edf62ad9477d,044919b8a06df0708267dae8ca823a044c2a0a5e4ec9d2750122b8958e7fe222,5f9fc004d6613e899ffa596b5719ec74b49d2cb3d20f3fd59a92edf62ad9477d,044919b8a06df0708267dae8ca823a044c2a0a5e4ec9d2750122b8958e7fe222,9889fd4a8311bb8701f03d383da92a982bd0766952df25a5adcc8bf806cf728c,0.13730766855396914,True
37,2,independent_expert,none,independent_expert,0.7,test,Oracle-Rank+Residual,0.9617770642755108,0.6063022161233397,0.6453488372093024,0.7235482283464567,0.0,0.9306006106421637,-1.3393222849763906,0.96875,128,target_only,oracle_rank,[2.2617748666097826e-14],4763194266bdcdf9fe187152f0c0a3fc216eb7cf6aeaa6866bd7215ca2d06d2d,independent_expert,5f9fc004d6613e899ffa596b5719ec74b49d2cb3d20f3fd59a92edf62ad9477d,044919b8a06df0708267dae8ca823a044c2a0a5e4ec9d2750122b8958e7fe222,5f9fc004d6613e899ffa596b5719ec74b49d2cb3d20f3fd59a92edf62ad9477d,044919b8a06df0708267dae8ca823a044c2a0a5e4ec9d2750122b8958e7fe222,9889fd4a8311bb8701f03d383da92a982bd0766952df25a5adcc8bf806cf728c,0.0,False
37,2,independent_expert,none,independent_expert,0.7,test,Oracle-Value+Residual,0.9617770642400906,0.6063022161233397,0.6453488372093024,0.7235482283464567,0.0,0.9306006106421637,-1.3393222850150897,0.96875,128,calibrated,oracle_value,[2.2431251495040738e-11],4763194266bdcdf9fe187152f0c0a3fc216eb7cf6aeaa6866bd7215ca2d06d2d,independent_expert,5f9fc004d6613e899ffa596b5719ec74b49d2cb3d20f3fd59a92edf62ad9477d,044919b8a06df0708267dae8ca823a044c2a0a5e4ec9d2750122b8958e7fe222,5f9fc004d6613e899ffa596b5719ec74b49d2cb3d20f3fd59a92edf62ad9477d,044919b8a06df0708267dae8ca823a044c2a0a5e4ec9d2750122b8958e7fe222,9889fd4a8311bb8701f03d383da92a982bd0766952df25a5adcc8bf806cf728c,-3.5420222310733607e-11,False
37,2,independent_expert,none,independent_expert,0.7,test,Oracle-Rank+Value+Residual,0.9617770642755108,0.6063022161233397,0.6453488372093024,0.7235482283464567,0.0,0.9306006106421637,-1.3393222849763906,0.96875,128,target_only,oracle_rank|oracle_value,"[8.847919815137814e-14, 4.4442627820726744e-13]",4763194266bdcdf9fe187152f0c0a3fc216eb7cf6aeaa6866bd7215ca2d06d2d,independent_expert,5f9fc004d6613e899ffa596b5719ec74b49d2cb3d20f3fd59a92edf62ad9477d,044919b8a06df0708267dae8ca823a044c2a0a5e4ec9d2750122b8958e7fe222,5f9fc004d6613e899ffa596b5719ec74b49d2cb3d20f3fd59a92edf62ad9477d,044919b8a06df0708267dae8ca823a044c2a0a5e4ec9d2750122b8958e7fe222,9889fd4a8311bb8701f03d383da92a982bd0766952df25a5adcc8bf806cf728c,0.0,False
37,2,independent_expert,none,independent_expert,1.0,test,Target-Only,1.0937275678049734,0.8041704013928673,0.35157251419154,0.6483759842519685,0.3076923076923077,0.29016747516910135,0.2669720502956299,0.6484375,128,target_only,none,[],4763194266bdcdf9fe187152f0c0a3fc216eb7cf6aeaa6866bd7215ca2d06d2d,independent_expert,5f9fc004d6613e899ffa596b5719ec74b49d2cb3d20f3fd59a92edf62ad9477d,2be80a327cc8bc201486c697a0be96abee2d155e180c710728380919371f6f85,5f9fc004d6613e899ffa596b5719ec74b49d2cb3d20f3fd59a92edf62ad9477d,2be80a327cc8bc201486c697a0be96abee2d155e180c710728380919371f6f85,d0347be2a2120b95225555db68f3a43cd1b1f5b5039e73db5c010d53a596689b,0.0,False
37,2,independent_expert,none,independent_expert,1.0,test,Geometry-Prior+Residual,0.7502170603070744,0.9514368501066369,0.7638481963010437,0.796875,0.6923076923076923,0.0165486255159099,0.5231814309532764,0.5234375,128,calibrated,geometry,[0.20453718794554174],4763194266bdcdf9fe187152f0c0a3fc216eb7cf6aeaa6866bd7215ca2d06d2d,independent_expert,5f9fc004d6613e899ffa596b5719ec74b49d2cb3d20f3fd59a92edf62ad9477d,2be80a327cc8bc201486c697a0be96abee2d155e180c710728380919371f6f85,5f9fc004d6613e899ffa596b5719ec74b49d2cb3d20f3fd59a92edf62ad9477d,2be80a327cc8bc201486c697a0be96abee2d155e180c710728380919371f6f85,d0347be2a2120b95225555db68f3a43cd1b1f5b5039e73db5c010d53a596689b,-0.343510507497899,False
37,2,independent_expert,none,independent_expert,1.0,test,Oracle-Rank+Residual,1.0937275678049734,0.8041704013928673,0.35157251419154,0.6483759842519685,0.3076923076923077,0.29016747516910135,0.2669720502956299,0.6484375,128,target_only,oracle_rank,[2.2617748666097826e-14],4763194266bdcdf9fe187152f0c0a3fc216eb7cf6aeaa6866bd7215ca2d06d2d,independent_expert,5f9fc004d6613e899ffa596b5719ec74b49d2cb3d20f3fd59a92edf62ad9477d,2be80a327cc8bc201486c697a0be96abee2d155e180c710728380919371f6f85,5f9fc004d6613e899ffa596b5719ec74b49d2cb3d20f3fd59a92edf62ad9477d,2be80a327cc8bc201486c697a0be96abee2d155e180c710728380919371f6f85,d0347be2a2120b95225555db68f3a43cd1b1f5b5039e73db5c010d53a596689b,0.0,False
37,2,independent_expert,none,independent_expert,1.0,test,Oracle-Value+Residual,1.0937275677928742,0.8041704013928673,0.35157251419154,0.6483759842519685,0.3076923076923077,0.29016747516910135,0.26697205020126685,0.6484375,128,calibrated,oracle_value,[2.2431251495040738e-11],4763194266bdcdf9fe187152f0c0a3fc216eb7cf6aeaa6866bd7215ca2d06d2d,independent_expert,5f9fc004d6613e899ffa596b5719ec74b49d2cb3d20f3fd59a92edf62ad9477d,2be80a327cc8bc201486c697a0be96abee2d155e180c710728380919371f6f85,5f9fc004d6613e899ffa596b5719ec74b49d2cb3d20f3fd59a92edf62ad9477d,2be80a327cc8bc201486c697a0be96abee2d155e180c710728380919371f6f85,d0347be2a2120b95225555db68f3a43cd1b1f5b5039e73db5c010d53a596689b,-1.2099210522364956e-11,False
37,2,independent_expert,none,independent_expert,1.0,test,Oracle-Rank+Value+Residual,1.0937275678049734,0.8041704013928673,0.35157251419154,0.6483759842519685,0.3076923076923077,0.29016747516910135,0.2669720502956299,0.6484375,128,target_only,oracle_rank|oracle_value,"[8.847919815137814e-14, 4.4442627820726744e-13]",4763194266bdcdf9fe187152f0c0a3fc216eb7cf6aeaa6866bd7215ca2d06d2d,independent_expert,5f9fc004d6613e899ffa596b5719ec74b49d2cb3d20f3fd59a92edf62ad9477d,2be80a327cc8bc201486c697a0be96abee2d155e180c710728380919371f6f85,5f9fc004d6613e899ffa596b5719ec74b49d2cb3d20f3fd59a92edf62ad9477d,2be80a327cc8bc201486c697a0be96abee2d155e180c710728380919371f6f85,d0347be2a2120b95225555db68f3a43cd1b1f5b5039e73db5c010d53a596689b,0.0,False
53,2,identity,none,identity,0.35,test,Target-Only,1.2017598219460677,0.7979287304969918,0.2511215894524812,0.5948572834645669,0.3076923076923077,0.29388342396903533,-1.7855597178147726,1.0,128,target_only,none,[],4438b9f7fed352282c518c08b02d801f9683f596f405c1e2b68b4d7d245a1fd5,identity,08b183d452702ba4a30049da12326952e320f5b572f15e45053f3bdd2df41234,2d5478ee8c79561fcda0da32de0f27f64668f8437502e17d39ee47a890509b28,08b183d452702ba4a30049da12326952e320f5b572f15e45053f3bdd2df41234,2d5478ee8c79561fcda0da32de0f27f64668f8437502e17d39ee47a890509b28,73d9421e1146ecb9e7d09a98e248b07dafc2a700272453c657507148e01581f3,0.0,False
53,2,identity,none,identity,0.35,test,Geometry-Prior+Residual,0.9263722310338329,0.8474227890516071,0.638533464566929,0.7294537401574803,0.38461538461538464,0.15789092183935152,-1.5271425699740124,0.6953125,128,calibrated,geometry,[0.2322286180301588],4438b9f7fed352282c518c08b02d801f9683f596f405c1e2b68b4d7d245a1fd5,identity,08b183d452702ba4a30049da12326952e320f5b572f15e45053f3bdd2df41234,2d5478ee8c79561fcda0da32de0f27f64668f8437502e17d39ee47a890509b28,08b183d452702ba4a30049da12326952e320f5b572f15e45053f3bdd2df41234,2d5478ee8c79561fcda0da32de0f27f64668f8437502e17d39ee47a890509b28,73d9421e1146ecb9e7d09a98e248b07dafc2a700272453c657507148e01581f3,-0.27538759091223475,False
53,2,identity,none,identity,0.35,test,Oracle-Rank+Residual,0.2799615508052261,0.9617306296627256,0.8639672221204907,0.8629429133858267,0.6923076923076923,0.0011007090205831583,-2.7498839763734293,0.8828125,128,calibrated,oracle_rank,[0.25971249368968047],4438b9f7fed352282c518c08b02d801f9683f596f405c1e2b68b4d7d245a1fd5,identity,08b183d452702ba4a30049da12326952e320f5b572f15e45053f3bdd2df41234,2d5478ee8c79561fcda0da32de0f27f64668f8437502e17d39ee47a890509b28,08b183d452702ba4a30049da12326952e320f5b572f15e45053f3bdd2df41234,2d5478ee8c79561fcda0da32de0f27f64668f8437502e17d39ee47a890509b28,73d9421e1146ecb9e7d09a98e248b07dafc2a700272453c657507148e01581f3,-0.9217982711408416,False
53,2,identity,none,identity,0.35,test,Oracle-Value+Residual,0.10095911319143629,0.9973965832377261,0.97927348470976,0.953494094488189,0.9230769230769231,0.0,-4.21255073990579,0.890625,128,calibrated,oracle_value,[0.2707558552062023],4438b9f7fed352282c518c08b02d801f9683f596f405c1e2b68b4d7d245a1fd5,identity,08b183d452702ba4a30049da12326952e320f5b572f15e45053f3bdd2df41234,2d5478ee8c79561fcda0da32de0f27f64668f8437502e17d39ee47a890509b28,08b183d452702ba4a30049da12326952e320f5b572f15e45053f3bdd2df41234,2d5478ee8c79561fcda0da32de0f27f64668f8437502e17d39ee47a890509b28,73d9421e1146ecb9e7d09a98e248b07dafc2a700272453c657507148e01581f3,-1.1008007087546314,False
53,2,identity,none,identity,0.35,test,Oracle-Rank+Value+Residual,0.10264292129105794,0.9920952078423799,0.9414770646401757,0.9249507874015748,0.9230769230769231,0.0011007090205831583,-3.8312152751321538,0.8828125,128,calibrated,oracle_rank|oracle_value,"[0.0909723149960341, 0.18993522403084817]",4438b9f7fed352282c518c08b02d801f9683f596f405c1e2b68b4d7d245a1fd5,identity,08b183d452702ba4a30049da12326952e320f5b572f15e45053f3bdd2df41234,2d5478ee8c79561fcda0da32de0f27f64668f8437502e17d39ee47a890509b28,08b183d452702ba4a30049da12326952e320f5b572f15e45053f3bdd2df41234,2d5478ee8c79561fcda0da32de0f27f64668f8437502e17d39ee47a890509b28,73d9421e1146ecb9e7d09a98e248b07dafc2a700272453c657507148e01581f3,-1.0991169006550097,False
53,2,identity,none,identity,0.7,test,Target-Only,1.4159140715156133,0.7368707470506365,0.46883011353232,0.6651082677165354,0.15384615384615385,0.72190838973063,-1.0198104846238372,0.9140625,128,target_only,none,[],4438b9f7fed352282c518c08b02d801f9683f596f405c1e2b68b4d7d245a1fd5,identity,08b183d452702ba4a30049da12326952e320f5b572f15e45053f3bdd2df41234,544b94f7d9b59f69c24c05e58a100dc4cce34d356fac36cce612bc91b04d0d3f,08b183d452702ba4a30049da12326952e320f5b572f15e45053f3bdd2df41234,544b94f7d9b59f69c24c05e58a100dc4cce34d356fac36cce612bc91b04d0d3f,d639f96512aa710ca9774728b37d414070a6795781241c57e72ef147b61990b6,0.0,False
53,2,identity,none,identity,0.7,test,Geometry-Prior+Residual,0.9525670930005038,0.794734013513653,0.7976274949642921,0.796751968503937,0.3076923076923077,0.6087306978753939,-1.028658256555268,0.734375,128,calibrated,geometry,[0.2322286180301588],4438b9f7fed352282c518c08b02d801f9683f596f405c1e2b68b4d7d245a1fd5,identity,08b183d452702ba4a30049da12326952e320f5b572f15e45053f3bdd2df41234,544b94f7d9b59f69c24c05e58a100dc4cce34d356fac36cce612bc91b04d0d3f,08b183d452702ba4a30049da12326952e320f5b572f15e45053f3bdd2df41234,544b94f7d9b59f69c24c05e58a100dc4cce34d356fac36cce612bc91b04d0d3f,d639f96512aa710ca9774728b37d414070a6795781241c57e72ef147b61990b6,-0.46334697851510953,False
53,2,identity,none,identity,0.7,test,Oracle-Rank+Residual,0.7147184981555585,0.992687739198557,0.7845060428492949,0.8163139763779528,0.8461538461538461,0.004260763457469105,-0.80048310805183,0.625,128,calibrated,oracle_rank,[0.25971249368968047],4438b9f7fed352282c518c08b02d801f9683f596f405c1e2b68b4d7d245a1fd5,identity,08b183d452702ba4a30049da12326952e320f5b572f15e45053f3bdd2df41234,544b94f7d9b59f69c24c05e58a100dc4cce34d356fac36cce612bc91b04d0d3f,08b183d452702ba4a30049da12326952e320f5b572f15e45053f3bdd2df41234,544b94f7d9b59f69c24c05e58a100dc4cce34d356fac36cce612bc91b04d0d3f,d639f96512aa710ca9774728b37d414070a6795781241c57e72ef147b61990b6,-0.7011955733600548,False
53,2,identity,none,identity,0.7,test,Oracle-Value+Residual,0.12171417458442746,0.9985088229148089,0.9408704907526094,0.9121555118110236,0.9230769230769231,0.0006439030352435364,-3.348756481946425,0.78125,128,calibrated,oracle_value,[0.2707558552062023],4438b9f7fed352282c518c08b02d801f9683f596f405c1e2b68b4d7d245a1fd5,identity,08b183d452702ba4a30049da12326952e320f5b572f15e45053f3bdd2df41234,544b94f7d9b59f69c24c05e58a100dc4cce34d356fac36cce612bc91b04d0d3f,08b183d452702ba4a30049da12326952e320f5b572f15e45053f3bdd2df41234,544b94f7d9b59f69c24c05e58a100dc4cce34d356fac36cce612bc91b04d0d3f,d639f96512aa710ca9774728b37d414070a6795781241c57e72ef147b61990b6,-1.2941998969311859,False
53,2,identity,none,identity,0.7,test,Oracle-Rank+Value+Residual,0.26999464262399064,0.9941734161044323,0.8684936366965758,0.8662647637795275,0.8461538461538461,0.004260763457469105,-1.8192094830030068,0.6171875,128,calibrated,oracle_rank|oracle_value,"[0.0909723149960341, 0.18993522403084817]",4438b9f7fed352282c518c08b02d801f9683f596f405c1e2b68b4d7d245a1fd5,identity,08b183d452702ba4a30049da12326952e320f5b572f15e45053f3bdd2df41234,544b94f7d9b59f69c24c05e58a100dc4cce34d356fac36cce612bc91b04d0d3f,08b183d452702ba4a30049da12326952e320f5b572f15e45053f3bdd2df41234,544b94f7d9b59f69c24c05e58a100dc4cce34d356fac36cce612bc91b04d0d3f,d639f96512aa710ca9774728b37d414070a6795781241c57e72ef147b61990b6,-1.1459194288916228,False
53,2,identity,none,identity,1.0,test,Target-Only,0.9020288813654801,0.761294910401467,0.5505058597326498,0.6916830708661418,0.15384615384615385,0.30037899827971265,-0.08447755645369634,0.78125,128,target_only,none,[],4438b9f7fed352282c518c08b02d801f9683f596f405c1e2b68b4d7d245a1fd5,identity,08b183d452702ba4a30049da12326952e320f5b572f15e45053f3bdd2df41234,ea6abe32cba291a48fe181541aca7a2b13adbf9c0522877861fe3fe16052d943,08b183d452702ba4a30049da12326952e320f5b572f15e45053f3bdd2df41234,ea6abe32cba291a48fe181541aca7a2b13adbf9c0522877861fe3fe16052d943,48228a3a48ffcbda20e13c4494e6e231b65300f42a483c020c8da47fbd359081,0.0,False
53,2,identity,none,identity,1.0,test,Geometry-Prior+Residual,0.6576505377494881,0.8185901652481612,0.7802543032411646,0.7921998031496063,0.15384615384615385,0.2280676938874363,0.09347554962323584,0.5546875,128,calibrated,geometry,[0.2322286180301588],4438b9f7fed352282c518c08b02d801f9683f596f405c1e2b68b4d7d245a1fd5,identity,08b183d452702ba4a30049da12326952e320f5b572f15e45053f3bdd2df41234,ea6abe32cba291a48fe181541aca7a2b13adbf9c0522877861fe3fe16052d943,08b183d452702ba4a30049da12326952e320f5b572f15e45053f3bdd2df41234,ea6abe32cba291a48fe181541aca7a2b13adbf9c0522877861fe3fe16052d943,48228a3a48ffcbda20e13c4494e6e231b65300f42a483c020c8da47fbd359081,-0.24437834361599198,False
53,2,identity,none,identity,1.0,test,Oracle-Rank+Residual,0.4147074853737304,0.9881645053378796,0.9192169474455228,0.8873031496062992,0.8461538461538461,0.002903306069664333,0.7670788033936764,0.5546875,128,calibrated,oracle_rank,[0.25971249368968047],4438b9f7fed352282c518c08b02d801f9683f596f405c1e2b68b4d7d245a1fd5,identity,08b183d452702ba4a30049da12326952e320f5b572f15e45053f3bdd2df41234,ea6abe32cba291a48fe181541aca7a2b13adbf9c0522877861fe3fe16052d943,08b183d452702ba4a30049da12326952e320f5b572f15e45053f3bdd2df41234,ea6abe32cba291a48fe181541aca7a2b13adbf9c0522877861fe3fe16052d943,48228a3a48ffcbda20e13c4494e6e231b65300f42a483c020c8da47fbd359081,-0.4873213959917497,False
53,2,identity,none,identity,1.0,test,Oracle-Value+Residual,0.07754856762543068,0.9953042412619868,0.9914049624610877,0.9657972440944882,0.8461538461538461,0.00043948492653737636,-2.277499391165441,0.7421875,128,calibrated,oracle_value,[0.2707558552062023],4438b9f7fed352282c518c08b02d801f9683f596f405c1e2b68b4d7d245a1fd5,identity,08b183d452702ba4a30049da12326952e320f5b572f15e45053f3bdd2df41234,ea6abe32cba291a48fe181541aca7a2b13adbf9c0522877861fe3fe16052d943,08b183d452702ba4a30049da12326952e320f5b572f15e45053f3bdd2df41234,ea6abe32cba291a48fe181541aca7a2b13adbf9c0522877861fe3fe16052d943,48228a3a48ffcbda20e13c4494e6e231b65300f42a483c020c8da47fbd359081,-0.8244803137400494,False
53,2,identity,none,identity,1.0,test,Oracle-Rank+Value+Residual,0.15521261823023622,0.9890274859633417,0.9814937740340597,0.9477116141732284,0.8461538461538461,0.002903306069664333,-0.14504268302483592,0.5546875,128,calibrated,oracle_rank|oracle_value,"[0.0909723149960341, 0.18993522403084817]",4438b9f7fed352282c518c08b02d801f9683f596f405c1e2b68b4d7d245a1fd5,identity,08b183d452702ba4a30049da12326952e320f5b572f15e45053f3bdd2df41234,ea6abe32cba291a48fe181541aca7a2b13adbf9c0522877861fe3fe16052d943,08b183d452702ba4a30049da12326952e320f5b572f15e45053f3bdd2df41234,ea6abe32cba291a48fe181541aca7a2b13adbf9c0522877861fe3fe16052d943,48228a3a48ffcbda20e13c4494e6e231b65300f42a483c020c8da47fbd359081,-0.7468162631352439,False
53,2,identity,identity_label_permutation,identity_label_permutation,0.35,test,Target-Only,1.2017598219460677,0.7979287304969918,0.2511215894524812,0.5948572834645669,0.3076923076923077,0.29388342396903533,-1.7855597178147726,1.0,128,target_only,none,[],d6a3722f6e3b9c149aacccb8d66e3bcadf1ded33eec6d165c60f539038a38d91,identity,08b183d452702ba4a30049da12326952e320f5b572f15e45053f3bdd2df41234,2d5478ee8c79561fcda0da32de0f27f64668f8437502e17d39ee47a890509b28,08b183d452702ba4a30049da12326952e320f5b572f15e45053f3bdd2df41234,2d5478ee8c79561fcda0da32de0f27f64668f8437502e17d39ee47a890509b28,73d9421e1146ecb9e7d09a98e248b07dafc2a700272453c657507148e01581f3,0.0,False
53,2,identity,identity_label_permutation,identity_label_permutation,0.35,test,Geometry-Prior+Residual,0.9263722310338329,0.8474227890516071,0.638533464566929,0.7294537401574803,0.38461538461538464,0.15789092183935152,-1.5271425699740124,0.6953125,128,calibrated,geometry,[0.2322286180301588],d6a3722f6e3b9c149aacccb8d66e3bcadf1ded33eec6d165c60f539038a38d91,identity,08b183d452702ba4a30049da12326952e320f5b572f15e45053f3bdd2df41234,2d5478ee8c79561fcda0da32de0f27f64668f8437502e17d39ee47a890509b28,08b183d452702ba4a30049da12326952e320f5b572f15e45053f3bdd2df41234,2d5478ee8c79561fcda0da32de0f27f64668f8437502e17d39ee47a890509b28,73d9421e1146ecb9e7d09a98e248b07dafc2a700272453c657507148e01581f3,-0.27538759091223475,False
53,2,identity,identity_label_permutation,identity_label_permutation,0.35,test,Oracle-Rank+Residual,1.2017598219460677,0.7979287304969918,0.2511215894524812,0.5948572834645669,0.3076923076923077,0.29388342396903533,-1.7855597178147726,1.0,128,target_only,oracle_rank,[1.7122931650677027e-15],d6a3722f6e3b9c149aacccb8d66e3bcadf1ded33eec6d165c60f539038a38d91,identity,08b183d452702ba4a30049da12326952e320f5b572f15e45053f3bdd2df41234,2d5478ee8c79561fcda0da32de0f27f64668f8437502e17d39ee47a890509b28,08b183d452702ba4a30049da12326952e320f5b572f15e45053f3bdd2df41234,2d5478ee8c79561fcda0da32de0f27f64668f8437502e17d39ee47a890509b28,73d9421e1146ecb9e7d09a98e248b07dafc2a700272453c657507148e01581f3,0.0,False
53,2,identity,identity_label_permutation,identity_label_permutation,0.35,test,Oracle-Value+Residual,1.2017598219460677,0.7979287304969918,0.2511215894524812,0.5948572834645669,0.3076923076923077,0.29388342396903533,-1.7855597178147726,1.0,128,target_only,oracle_value,[2.048578159071383e-16],d6a3722f6e3b9c149aacccb8d66e3bcadf1ded33eec6d165c60f539038a38d91,identity,08b183d452702ba4a30049da12326952e320f5b572f15e45053f3bdd2df41234,2d5478ee8c79561fcda0da32de0f27f64668f8437502e17d39ee47a890509b28,08b183d452702ba4a30049da12326952e320f5b572f15e45053f3bdd2df41234,2d5478ee8c79561fcda0da32de0f27f64668f8437502e17d39ee47a890509b28,73d9421e1146ecb9e7d09a98e248b07dafc2a700272453c657507148e01581f3,0.0,False
53,2,identity,identity_label_permutation,identity_label_permutation,0.35,test,Oracle-Rank+Value+Residual,1.2017598219460677,0.7979287304969918,0.2511215894524812,0.5948572834645669,0.3076923076923077,0.29388342396903533,-1.7855597178147726,1.0,128,target_only,oracle_rank|oracle_value,"[8.542826941848389e-19, 4.999668322847738e-19]",d6a3722f6e3b9c149aacccb8d66e3bcadf1ded33eec6d165c60f539038a38d91,identity,08b183d452702ba4a30049da12326952e320f5b572f15e45053f3bdd2df41234,2d5478ee8c79561fcda0da32de0f27f64668f8437502e17d39ee47a890509b28,08b183d452702ba4a30049da12326952e320f5b572f15e45053f3bdd2df41234,2d5478ee8c79561fcda0da32de0f27f64668f8437502e17d39ee47a890509b28,73d9421e1146ecb9e7d09a98e248b07dafc2a700272453c657507148e01581f3,0.0,False
53,2,identity,identity_label_permutation,identity_label_permutation,0.7,test,Target-Only,1.4159140715156133,0.7368707470506365,0.46883011353232,0.6651082677165354,0.15384615384615385,0.72190838973063,-1.0198104846238372,0.9140625,128,target_only,none,[],d6a3722f6e3b9c149aacccb8d66e3bcadf1ded33eec6d165c60f539038a38d91,identity,08b183d452702ba4a30049da12326952e320f5b572f15e45053f3bdd2df41234,544b94f7d9b59f69c24c05e58a100dc4cce34d356fac36cce612bc91b04d0d3f,08b183d452702ba4a30049da12326952e320f5b572f15e45053f3bdd2df41234,544b94f7d9b59f69c24c05e58a100dc4cce34d356fac36cce612bc91b04d0d3f,d639f96512aa710ca9774728b37d414070a6795781241c57e72ef147b61990b6,0.0,False
53,2,identity,identity_label_permutation,identity_label_permutation,0.7,test,Geometry-Prior+Residual,0.9525670930005038,0.794734013513653,0.7976274949642921,0.796751968503937,0.3076923076923077,0.6087306978753939,-1.028658256555268,0.734375,128,calibrated,geometry,[0.2322286180301588],d6a3722f6e3b9c149aacccb8d66e3bcadf1ded33eec6d165c60f539038a38d91,identity,08b183d452702ba4a30049da12326952e320f5b572f15e45053f3bdd2df41234,544b94f7d9b59f69c24c05e58a100dc4cce34d356fac36cce612bc91b04d0d3f,08b183d452702ba4a30049da12326952e320f5b572f15e45053f3bdd2df41234,544b94f7d9b59f69c24c05e58a100dc4cce34d356fac36cce612bc91b04d0d3f,d639f96512aa710ca9774728b37d414070a6795781241c57e72ef147b61990b6,-0.46334697851510953,False
53,2,identity,identity_label_permutation,identity_label_permutation,0.7,test,Oracle-Rank+Residual,1.4159140715156133,0.7368707470506365,0.46883011353232,0.6651082677165354,0.15384615384615385,0.72190838973063,-1.0198104846238372,0.9140625,128,target_only,oracle_rank,[1.7122931650677027e-15],d6a3722f6e3b9c149aacccb8d66e3bcadf1ded33eec6d165c60f539038a38d91,identity,08b183d452702ba4a30049da12326952e320f5b572f15e45053f3bdd2df41234,544b94f7d9b59f69c24c05e58a100dc4cce34d356fac36cce612bc91b04d0d3f,08b183d452702ba4a30049da12326952e320f5b572f15e45053f3bdd2df41234,544b94f7d9b59f69c24c05e58a100dc4cce34d356fac36cce612bc91b04d0d3f,d639f96512aa710ca9774728b37d414070a6795781241c57e72ef147b61990b6,0.0,False
53,2,identity,identity_label_permutation,identity_label_permutation,0.7,test,Oracle-Value+Residual,1.4159140715156133,0.7368707470506365,0.46883011353232,0.6651082677165354,0.15384615384615385,0.72190838973063,-1.0198104846238372,0.9140625,128,target_only,oracle_value,[2.048578159071383e-16],d6a3722f6e3b9c149aacccb8d66e3bcadf1ded33eec6d165c60f539038a38d91,identity,08b183d452702ba4a30049da12326952e320f5b572f15e45053f3bdd2df41234,544b94f7d9b59f69c24c05e58a100dc4cce34d356fac36cce612bc91b04d0d3f,08b183d452702ba4a30049da12326952e320f5b572f15e45053f3bdd2df41234,544b94f7d9b59f69c24c05e58a100dc4cce34d356fac36cce612bc91b04d0d3f,d639f96512aa710ca9774728b37d414070a6795781241c57e72ef147b61990b6,0.0,False
53,2,identity,identity_label_permutation,identity_label_permutation,0.7,test,Oracle-Rank+Value+Residual,1.4159140715156133,0.7368707470506365,0.46883011353232,0.6651082677165354,0.15384615384615385,0.72190838973063,-1.0198104846238372,0.9140625,128,target_only,oracle_rank|oracle_value,"[8.542826941848389e-19, 4.999668322847738e-19]",d6a3722f6e3b9c149aacccb8d66e3bcadf1ded33eec6d165c60f539038a38d91,identity,08b183d452702ba4a30049da12326952e320f5b572f15e45053f3bdd2df41234,544b94f7d9b59f69c24c05e58a100dc4cce34d356fac36cce612bc91b04d0d3f,08b183d452702ba4a30049da12326952e320f5b572f15e45053f3bdd2df41234,544b94f7d9b59f69c24c05e58a100dc4cce34d356fac36cce612bc91b04d0d3f,d639f96512aa710ca9774728b37d414070a6795781241c57e72ef147b61990b6,0.0,False
53,2,identity,identity_label_permutation,identity_label_permutation,1.0,test,Target-Only,0.9020288813654801,0.761294910401467,0.5505058597326498,0.6916830708661418,0.15384615384615385,0.30037899827971265,-0.08447755645369634,0.78125,128,target_only,none,[],d6a3722f6e3b9c149aacccb8d66e3bcadf1ded33eec6d165c60f539038a38d91,identity,08b183d452702ba4a30049da12326952e320f5b572f15e45053f3bdd2df41234,ea6abe32cba291a48fe181541aca7a2b13adbf9c0522877861fe3fe16052d943,08b183d452702ba4a30049da12326952e320f5b572f15e45053f3bdd2df41234,ea6abe32cba291a48fe181541aca7a2b13adbf9c0522877861fe3fe16052d943,48228a3a48ffcbda20e13c4494e6e231b65300f42a483c020c8da47fbd359081,0.0,False
53,2,identity,identity_label_permutation,identity_label_permutation,1.0,test,Geometry-Prior+Residual,0.6576505377494881,0.8185901652481612,0.7802543032411646,0.7921998031496063,0.15384615384615385,0.2280676938874363,0.09347554962323584,0.5546875,128,calibrated,geometry,[0.2322286180301588],d6a3722f6e3b9c149aacccb8d66e3bcadf1ded33eec6d165c60f539038a38d91,identity,08b183d452702ba4a30049da12326952e320f5b572f15e45053f3bdd2df41234,ea6abe32cba291a48fe181541aca7a2b13adbf9c0522877861fe3fe16052d943,08b183d452702ba4a30049da12326952e320f5b572f15e45053f3bdd2df41234,ea6abe32cba291a48fe181541aca7a2b13adbf9c0522877861fe3fe16052d943,48228a3a48ffcbda20e13c4494e6e231b65300f42a483c020c8da47fbd359081,-0.24437834361599198,False
53,2,identity,identity_label_permutation,identity_label_permutation,1.0,test,Oracle-Rank+Residual,0.9020288813654801,0.761294910401467,0.5505058597326498,0.6916830708661418,0.15384615384615385,0.30037899827971265,-0.08447755645369634,0.78125,128,target_only,oracle_rank,[1.7122931650677027e-15],d6a3722f6e3b9c149aacccb8d66e3bcadf1ded33eec6d165c60f539038a38d91,identity,08b183d452702ba4a30049da12326952e320f5b572f15e45053f3bdd2df41234,ea6abe32cba291a48fe181541aca7a2b13adbf9c0522877861fe3fe16052d943,08b183d452702ba4a30049da12326952e320f5b572f15e45053f3bdd2df41234,ea6abe32cba291a48fe181541aca7a2b13adbf9c0522877861fe3fe16052d943,48228a3a48ffcbda20e13c4494e6e231b65300f42a483c020c8da47fbd359081,0.0,False
53,2,identity,identity_label_permutation,identity_label_permutation,1.0,test,Oracle-Value+Residual,0.9020288813654801,0.761294910401467,0.5505058597326498,0.6916830708661418,0.15384615384615385,0.30037899827971265,-0.08447755645369634,0.78125,128,target_only,oracle_value,[2.048578159071383e-16],d6a3722f6e3b9c149aacccb8d66e3bcadf1ded33eec6d165c60f539038a38d91,identity,08b183d452702ba4a30049da12326952e320f5b572f15e45053f3bdd2df41234,ea6abe32cba291a48fe181541aca7a2b13adbf9c0522877861fe3fe16052d943,08b183d452702ba4a30049da12326952e320f5b572f15e45053f3bdd2df41234,ea6abe32cba291a48fe181541aca7a2b13adbf9c0522877861fe3fe16052d943,48228a3a48ffcbda20e13c4494e6e231b65300f42a483c020c8da47fbd359081,0.0,False
53,2,identity,identity_label_permutation,identity_label_permutation,1.0,test,Oracle-Rank+Value+Residual,0.9020288813654801,0.761294910401467,0.5505058597326498,0.6916830708661418,0.15384615384615385,0.30037899827971265,-0.08447755645369634,0.78125,128,target_only,oracle_rank|oracle_value,"[8.542826941848389e-19, 4.999668322847738e-19]",d6a3722f6e3b9c149aacccb8d66e3bcadf1ded33eec6d165c60f539038a38d91,identity,08b183d452702ba4a30049da12326952e320f5b572f15e45053f3bdd2df41234,ea6abe32cba291a48fe181541aca7a2b13adbf9c0522877861fe3fe16052d943,08b183d452702ba4a30049da12326952e320f5b572f15e45053f3bdd2df41234,ea6abe32cba291a48fe181541aca7a2b13adbf9c0522877861fe3fe16052d943,48228a3a48ffcbda20e13c4494e6e231b65300f42a483c020c8da47fbd359081,0.0,False
53,2,output_affine,none,output_affine,0.35,test,Target-Only,1.201759821946068,0.7979287304969918,0.2511215894524812,0.5948572834645669,0.3076923076923077,0.29388342396903505,-0.8692689859406169,1.0,128,target_only,none,[],4438b9f7fed352282c518c08b02d801f9683f596f405c1e2b68b4d7d245a1fd5,output_affine,08b183d452702ba4a30049da12326952e320f5b572f15e45053f3bdd2df41234,2d5478ee8c79561fcda0da32de0f27f64668f8437502e17d39ee47a890509b28,08b183d452702ba4a30049da12326952e320f5b572f15e45053f3bdd2df41234,2d5478ee8c79561fcda0da32de0f27f64668f8437502e17d39ee47a890509b28,25d72a940ee4fd0507c5ed51efec920e74b0dbc64ccaf1f66ab0158cc5f5955e,0.0,False
53,2,output_affine,none,output_affine,0.35,test,Geometry-Prior+Residual,0.9263722310338341,0.8474227890516071,0.638533464566929,0.7294537401574803,0.38461538461538464,0.1578909218393505,-0.6108518380998509,0.6953125,128,calibrated,geometry,[0.5805715450753969],4438b9f7fed352282c518c08b02d801f9683f596f405c1e2b68b4d7d245a1fd5,output_affine,08b183d452702ba4a30049da12326952e320f5b572f15e45053f3bdd2df41234,2d5478ee8c79561fcda0da32de0f27f64668f8437502e17d39ee47a890509b28,08b183d452702ba4a30049da12326952e320f5b572f15e45053f3bdd2df41234,2d5478ee8c79561fcda0da32de0f27f64668f8437502e17d39ee47a890509b28,25d72a940ee4fd0507c5ed51efec920e74b0dbc64ccaf1f66ab0158cc5f5955e,-0.27538759091223375,False
53,2,output_affine,none,output_affine,0.35,test,Oracle-Rank+Residual,0.2799615508052249,0.9617306296627256,0.8639672221204907,0.8629429133858267,0.6923076923076923,0.0011007090205824314,-1.8335932444992884,0.8828125,128,calibrated,oracle_rank,[0.6492812342242009],4438b9f7fed352282c518c08b02d801f9683f596f405c1e2b68b4d7d245a1fd5,output_affine,08b183d452702ba4a30049da12326952e320f5b572f15e45053f3bdd2df41234,2d5478ee8c79561fcda0da32de0f27f64668f8437502e17d39ee47a890509b28,08b183d452702ba4a30049da12326952e320f5b572f15e45053f3bdd2df41234,2d5478ee8c79561fcda0da32de0f27f64668f8437502e17d39ee47a890509b28,25d72a940ee4fd0507c5ed51efec920e74b0dbc64ccaf1f66ab0158cc5f5955e,-0.921798271140843,False
53,2,output_affine,none,output_affine,0.35,test,Oracle-Value+Residual,0.10095911319143684,0.9973965832377261,0.97927348470976,0.953494094488189,0.9230769230769231,0.0,-3.296260008031634,0.890625,128,calibrated,oracle_value,[0.6768896380155056],4438b9f7fed352282c518c08b02d801f9683f596f405c1e2b68b4d7d245a1fd5,output_affine,08b183d452702ba4a30049da12326952e320f5b572f15e45053f3bdd2df41234,2d5478ee8c79561fcda0da32de0f27f64668f8437502e17d39ee47a890509b28,08b183d452702ba4a30049da12326952e320f5b572f15e45053f3bdd2df41234,2d5478ee8c79561fcda0da32de0f27f64668f8437502e17d39ee47a890509b28,25d72a940ee4fd0507c5ed51efec920e74b0dbc64ccaf1f66ab0158cc5f5955e,-1.100800708754631,False
53,2,output_affine,none,output_affine,0.35,test,Oracle-Rank+Value+Residual,0.1026429212910581,0.9920952078423799,0.9414770646401757,0.9249507874015748,0.9230769230769231,0.0011007090205824314,-2.914924543258008,0.8828125,128,calibrated,oracle_rank|oracle_value,"[0.22743078749008502, 0.4748380600771205]",4438b9f7fed352282c518c08b02d801f9683f596f405c1e2b68b4d7d245a1fd5,output_affine,08b183d452702ba4a30049da12326952e320f5b572f15e45053f3bdd2df41234,2d5478ee8c79561fcda0da32de0f27f64668f8437502e17d39ee47a890509b28,08b183d452702ba4a30049da12326952e320f5b572f15e45053f3bdd2df41234,2d5478ee8c79561fcda0da32de0f27f64668f8437502e17d39ee47a890509b28,25d72a940ee4fd0507c5ed51efec920e74b0dbc64ccaf1f66ab0158cc5f5955e,-1.0991169006550099,False
53,2,output_affine,none,output_affine,0.7,test,Target-Only,1.415914071515614,0.7368707470506365,0.46883011353232,0.6651082677165354,0.15384615384615385,0.7219083897306304,-0.10351975274968142,0.9140625,128,target_only,none,[],4438b9f7fed352282c518c08b02d801f9683f596f405c1e2b68b4d7d245a1fd5,output_affine,08b183d452702ba4a30049da12326952e320f5b572f15e45053f3bdd2df41234,544b94f7d9b59f69c24c05e58a100dc4cce34d356fac36cce612bc91b04d0d3f,08b183d452702ba4a30049da12326952e320f5b572f15e45053f3bdd2df41234,544b94f7d9b59f69c24c05e58a100dc4cce34d356fac36cce612bc91b04d0d3f,d4ee485e143e7888775cf0d16826ad200bd19c39185e53d8c92cf5a1450e10ae,0.0,False
53,2,output_affine,none,output_affine,0.7,test,Geometry-Prior+Residual,0.9525670930005041,0.794734013513653,0.7976274949642921,0.796751968503937,0.3076923076923077,0.608730697875394,-0.11236752468111436,0.734375,128,calibrated,geometry,[0.5805715450753969],4438b9f7fed352282c518c08b02d801f9683f596f405c1e2b68b4d7d245a1fd5,output_affine,08b183d452702ba4a30049da12326952e320f5b572f15e45053f3bdd2df41234,544b94f7d9b59f69c24c05e58a100dc4cce34d356fac36cce612bc91b04d0d3f,08b183d452702ba4a30049da12326952e320f5b572f15e45053f3bdd2df41234,544b94f7d9b59f69c24c05e58a100dc4cce34d356fac36cce612bc91b04d0d3f,d4ee485e143e7888775cf0d16826ad200bd19c39185e53d8c92cf5a1450e10ae,-0.46334697851510986,False
53,2,output_affine,none,output_affine,0.7,test,Oracle-Rank+Residual,0.7147184981555598,0.992687739198557,0.7845060428492949,0.8163139763779528,0.8461538461538461,0.004260763457470155,0.11580762382233437,0.625,128,calibrated,oracle_rank,[0.6492812342242009],4438b9f7fed352282c518c08b02d801f9683f596f405c1e2b68b4d7d245a1fd5,output_affine,08b183d452702ba4a30049da12326952e320f5b572f15e45053f3bdd2df41234,544b94f7d9b59f69c24c05e58a100dc4cce34d356fac36cce612bc91b04d0d3f,08b183d452702ba4a30049da12326952e320f5b572f15e45053f3bdd2df41234,544b94f7d9b59f69c24c05e58a100dc4cce34d356fac36cce612bc91b04d0d3f,d4ee485e143e7888775cf0d16826ad200bd19c39185e53d8c92cf5a1450e10ae,-0.7011955733600542,False
53,2,output_affine,none,output_affine,0.7,test,Oracle-Value+Residual,0.12171417458442828,0.9985088229148089,0.9408704907526094,0.9121555118110236,0.9230769230769231,0.0006439030352436575,-2.432465750072252,0.78125,128,calibrated,oracle_value,[0.6768896380155056],4438b9f7fed352282c518c08b02d801f9683f596f405c1e2b68b4d7d245a1fd5,output_affine,08b183d452702ba4a30049da12326952e320f5b572f15e45053f3bdd2df41234,544b94f7d9b59f69c24c05e58a100dc4cce34d356fac36cce612bc91b04d0d3f,08b183d452702ba4a30049da12326952e320f5b572f15e45053f3bdd2df41234,544b94f7d9b59f69c24c05e58a100dc4cce34d356fac36cce612bc91b04d0d3f,d4ee485e143e7888775cf0d16826ad200bd19c39185e53d8c92cf5a1450e10ae,-1.2941998969311856,False
53,2,output_affine,none,output_affine,0.7,test,Oracle-Rank+Value+Residual,0.26999464262399014,0.9941734161044323,0.8684936366965758,0.8662647637795275,0.8461538461538461,0.004260763457470155,-0.9029187511288637,0.6171875,128,calibrated,oracle_rank|oracle_value,"[0.22743078749008502, 0.4748380600771205]",4438b9f7fed352282c518c08b02d801f9683f596f405c1e2b68b4d7d245a1fd5,output_affine,08b183d452702ba4a30049da12326952e320f5b572f15e45053f3bdd2df41234,544b94f7d9b59f69c24c05e58a100dc4cce34d356fac36cce612bc91b04d0d3f,08b183d452702ba4a30049da12326952e320f5b572f15e45053f3bdd2df41234,544b94f7d9b59f69c24c05e58a100dc4cce34d356fac36cce612bc91b04d0d3f,d4ee485e143e7888775cf0d16826ad200bd19c39185e53d8c92cf5a1450e10ae,-1.145919428891624,False
53,2,output_affine,none,output_affine,1.0,test,Target-Only,0.9020288813654801,0.761294910401467,0.5505058597326498,0.6916830708661418,0.15384615384615385,0.3003789982797124,0.8318131754204593,0.78125,128,target_only,none,[],4438b9f7fed352282c518c08b02d801f9683f596f405c1e2b68b4d7d245a1fd5,output_affine,08b183d452702ba4a30049da12326952e320f5b572f15e45053f3bdd2df41234,ea6abe32cba291a48fe181541aca7a2b13adbf9c0522877861fe3fe16052d943,08b183d452702ba4a30049da12326952e320f5b572f15e45053f3bdd2df41234,ea6abe32cba291a48fe181541aca7a2b13adbf9c0522877861fe3fe16052d943,7d43e26247921b026061b74cf4f4187391b840a80d319fef3c6570c81a7b9ad2,0.0,False
53,2,output_affine,none,output_affine,1.0,test,Geometry-Prior+Residual,0.6576505377494886,0.8185901652481612,0.7802543032411646,0.7921998031496063,0.15384615384615385,0.22806769388743614,1.009766281497397,0.5546875,128,calibrated,geometry,[0.5805715450753969],4438b9f7fed352282c518c08b02d801f9683f596f405c1e2b68b4d7d245a1fd5,output_affine,08b183d452702ba4a30049da12326952e320f5b572f15e45053f3bdd2df41234,ea6abe32cba291a48fe181541aca7a2b13adbf9c0522877861fe3fe16052d943,08b183d452702ba4a30049da12326952e320f5b572f15e45053f3bdd2df41234,ea6abe32cba291a48fe181541aca7a2b13adbf9c0522877861fe3fe16052d943,7d43e26247921b026061b74cf4f4187391b840a80d319fef3c6570c81a7b9ad2,-0.24437834361599153,False
53,2,output_affine,none,output_affine,1.0,test,Oracle-Rank+Residual,0.4147074853737306,0.9881645053378796,0.9192169474455228,0.8873031496062992,0.8461538461538461,0.00290330606966429,1.6833695352678433,0.5546875,128,calibrated,oracle_rank,[0.6492812342242009],4438b9f7fed352282c518c08b02d801f9683f596f405c1e2b68b4d7d245a1fd5,output_affine,08b183d452702ba4a30049da12326952e320f5b572f15e45053f3bdd2df41234,ea6abe32cba291a48fe181541aca7a2b13adbf9c0522877861fe3fe16052d943,08b183d452702ba4a30049da12326952e320f5b572f15e45053f3bdd2df41234,ea6abe32cba291a48fe181541aca7a2b13adbf9c0522877861fe3fe16052d943,7d43e26247921b026061b74cf4f4187391b840a80d319fef3c6570c81a7b9ad2,-0.4873213959917495,False
53,2,output_affine,none,output_affine,1.0,test,Oracle-Value+Residual,0.07754856762543105,0.9953042412619868,0.9914049624610877,0.9657972440944882,0.8461538461538461,0.0004394849265372917,-1.3612086592912724,0.7421875,128,calibrated,oracle_value,[0.6768896380155056],4438b9f7fed352282c518c08b02d801f9683f596f405c1e2b68b4d7d245a1fd5,output_affine,08b183d452702ba4a30049da12326952e320f5b572f15e45053f3bdd2df41234,ea6abe32cba291a48fe181541aca7a2b13adbf9c0522877861fe3fe16052d943,08b183d452702ba4a30049da12326952e320f5b572f15e45053f3bdd2df41234,ea6abe32cba291a48fe181541aca7a2b13adbf9c0522877861fe3fe16052d943,7d43e26247921b026061b74cf4f4187391b840a80d319fef3c6570c81a7b9ad2,-0.824480313740049,False
53,2,output_affine,none,output_affine,1.0,test,Oracle-Rank+Value+Residual,0.15521261823023613,0.9890274859633417,0.9814937740340597,0.9477116141732284,0.8461538461538461,0.00290330606966429,0.7712480488493247,0.5546875,128,calibrated,oracle_rank|oracle_value,"[0.22743078749008502, 0.4748380600771205]",4438b9f7fed352282c518c08b02d801f9683f596f405c1e2b68b4d7d245a1fd5,output_affine,08b183d452702ba4a30049da12326952e320f5b572f15e45053f3bdd2df41234,ea6abe32cba291a48fe181541aca7a2b13adbf9c0522877861fe3fe16052d943,08b183d452702ba4a30049da12326952e320f5b572f15e45053f3bdd2df41234,ea6abe32cba291a48fe181541aca7a2b13adbf9c0522877861fe3fe16052d943,7d43e26247921b026061b74cf4f4187391b840a80d319fef3c6570c81a7b9ad2,-0.746816263135244,False
53,2,scale_0.7,none,scale_0.7,0.35,test,Target-Only,1.0639199998530648,0.9019981538884222,0.2597967405237136,0.6115895669291339,0.5384615384615384,0.02455756334615755,-2.014039002333078,0.8671875,128,target_only,none,[],4438b9f7fed352282c518c08b02d801f9683f596f405c1e2b68b4d7d245a1fd5,scale_0.7,77f5c37928cbd1d9e3f7157da357c7f5e1a45db6da269bb1bce8ca519a6f9f18,a633b9e14cac626832025c6bf70bc4083ec1c344c27dc763bf1bbbc7d25fe2cb,08b183d452702ba4a30049da12326952e320f5b572f15e45053f3bdd2df41234,2d5478ee8c79561fcda0da32de0f27f64668f8437502e17d39ee47a890509b28,af84cdb16c1c741f56d81e770dc9b7842f3aadd7c477473b06ec7c0015ade294,0.0,False
53,2,scale_0.7,none,scale_0.7,0.35,test,Geometry-Prior+Residual,0.8725002177134478,0.9202415675969533,0.5397763687969236,0.7055856299212598,0.5384615384615384,0.02455756334615755,2.501523212132401,0.0234375,128,calibrated,geometry,[0.1156779828715613],4438b9f7fed352282c518c08b02d801f9683f596f405c1e2b68b4d7d245a1fd5,scale_0.7,77f5c37928cbd1d9e3f7157da357c7f5e1a45db6da269bb1bce8ca519a6f9f18,a633b9e14cac626832025c6bf70bc4083ec1c344c27dc763bf1bbbc7d25fe2cb,08b183d452702ba4a30049da12326952e320f5b572f15e45053f3bdd2df41234,2d5478ee8c79561fcda0da32de0f27f64668f8437502e17d39ee47a890509b28,af84cdb16c1c741f56d81e770dc9b7842f3aadd7c477473b06ec7c0015ade294,-0.19141978213961708,False
53,2,scale_0.7,none,scale_0.7,0.35,test,Oracle-Rank+Residual,0.49115170588236606,0.9424860733843381,0.9069309650247207,0.8743848425196851,0.5384615384615384,0.0006942693314977207,8.160835352124327,0.1640625,128,calibrated,oracle_rank,[0.12241766571400402],4438b9f7fed352282c518c08b02d801f9683f596f405c1e2b68b4d7d245a1fd5,scale_0.7,77f5c37928cbd1d9e3f7157da357c7f5e1a45db6da269bb1bce8ca519a6f9f18,a633b9e14cac626832025c6bf70bc4083ec1c344c27dc763bf1bbbc7d25fe2cb,08b183d452702ba4a30049da12326952e320f5b572f15e45053f3bdd2df41234,2d5478ee8c79561fcda0da32de0f27f64668f8437502e17d39ee47a890509b28,af84cdb16c1c741f56d81e770dc9b7842f3aadd7c477473b06ec7c0015ade294,-0.5727682939706988,False
53,2,scale_0.7,none,scale_0.7,0.35,test,Oracle-Value+Residual,0.12640161506691855,0.9875933731214077,0.9959828785936642,0.9774852362204725,0.8461538461538461,0.0,-3.404794540783605,0.5390625,128,calibrated,oracle_value,[0.12328650554205914],4438b9f7fed352282c518c08b02d801f9683f596f405c1e2b68b4d7d245a1fd5,scale_0.7,77f5c37928cbd1d9e3f7157da357c7f5e1a45db6da269bb1bce8ca519a6f9f18,a633b9e14cac626832025c6bf70bc4083ec1c344c27dc763bf1bbbc7d25fe2cb,08b183d452702ba4a30049da12326952e320f5b572f15e45053f3bdd2df41234,2d5478ee8c79561fcda0da32de0f27f64668f8437502e17d39ee47a890509b28,af84cdb16c1c741f56d81e770dc9b7842f3aadd7c477473b06ec7c0015ade294,-0.9375183847861464,False
53,2,scale_0.7,none,scale_0.7,0.35,test,Oracle-Rank+Value+Residual,0.2549182828479204,0.9541443914891187,0.975239196117927,0.9381151574803149,0.6153846153846154,0.0006942693314977207,8.920965114634505,0.140625,128,calibrated,oracle_rank|oracle_value,"[0.05889806658089067, 0.06930543478788684]",4438b9f7fed352282c518c08b02d801f9683f596f405c1e2b68b4d7d245a1fd5,scale_0.7,77f5c37928cbd1d9e3f7157da357c7f5e1a45db6da269bb1bce8ca519a6f9f18,a633b9e14cac626832025c6bf70bc4083ec1c344c27dc763bf1bbbc7d25fe2cb,08b183d452702ba4a30049da12326952e320f5b572f15e45053f3bdd2df41234,2d5478ee8c79561fcda0da32de0f27f64668f8437502e17d39ee47a890509b28,af84cdb16c1c741f56d81e770dc9b7842f3aadd7c477473b06ec7c0015ade294,-0.8090017170051444,False
53,2,scale_0.7,none,scale_0.7,0.7,test,Target-Only,0.8799933491664605,0.9132846697683371,0.5452527009705181,0.6861466535433071,0.5384615384615384,0.06541523273207384,-2.026822190760184,0.9453125,128,target_only,none,[],4438b9f7fed352282c518c08b02d801f9683f596f405c1e2b68b4d7d245a1fd5,scale_0.7,77f5c37928cbd1d9e3f7157da357c7f5e1a45db6da269bb1bce8ca519a6f9f18,6e84a73fda1306d427ccbd8e93cff4c01da362e89ddec84f0362a5494757d80e,08b183d452702ba4a30049da12326952e320f5b572f15e45053f3bdd2df41234,544b94f7d9b59f69c24c05e58a100dc4cce34d356fac36cce612bc91b04d0d3f,9e725170188335c77465f38ecd042384f447e4c6de2a03861e62112b7009faa0,0.0,False
53,2,scale_0.7,none,scale_0.7,0.7,test,Geometry-Prior+Residual,0.7200726456099371,0.9373137500451152,0.6299784837941769,0.7266240157480315,0.5384615384615384,0.001852271655750178,-0.41564648927654896,0.40625,128,calibrated,geometry,[0.1156779828715613],4438b9f7fed352282c518c08b02d801f9683f596f405c1e2b68b4d7d245a1fd5,scale_0.7,77f5c37928cbd1d9e3f7157da357c7f5e1a45db6da269bb1bce8ca519a6f9f18,6e84a73fda1306d427ccbd8e93cff4c01da362e89ddec84f0362a5494757d80e,08b183d452702ba4a30049da12326952e320f5b572f15e45053f3bdd2df41234,544b94f7d9b59f69c24c05e58a100dc4cce34d356fac36cce612bc91b04d0d3f,9e725170188335c77465f38ecd042384f447e4c6de2a03861e62112b7009faa0,-0.15992070355652344,False
53,2,scale_0.7,none,scale_0.7,0.7,test,Oracle-Rank+Residual,0.28789223505478534,0.968382689062015,0.9449848928767624,0.8997293307086615,0.6923076923076923,0.0,0.2571666861039057,0.4609375,128,calibrated,oracle_rank,[0.12241766571400402],4438b9f7fed352282c518c08b02d801f9683f596f405c1e2b68b4d7d245a1fd5,scale_0.7,77f5c37928cbd1d9e3f7157da357c7f5e1a45db6da269bb1bce8ca519a6f9f18,6e84a73fda1306d427ccbd8e93cff4c01da362e89ddec84f0362a5494757d80e,08b183d452702ba4a30049da12326952e320f5b572f15e45053f3bdd2df41234,544b94f7d9b59f69c24c05e58a100dc4cce34d356fac36cce612bc91b04d0d3f,9e725170188335c77465f38ecd042384f447e4c6de2a03861e62112b7009faa0,-0.5921011141116752,False
53,2,scale_0.7,none,scale_0.7,0.7,test,Oracle-Value+Residual,0.08178472610877706,0.9995045744824363,0.9948956235121772,0.9761318897637795,1.0,0.0,-4.472837390133774,0.8828125,128,calibrated,oracle_value,[0.12328650554205914],4438b9f7fed352282c518c08b02d801f9683f596f405c1e2b68b4d7d245a1fd5,scale_0.7,77f5c37928cbd1d9e3f7157da357c7f5e1a45db6da269bb1bce8ca519a6f9f18,6e84a73fda1306d427ccbd8e93cff4c01da362e89ddec84f0362a5494757d80e,08b183d452702ba4a30049da12326952e320f5b572f15e45053f3bdd2df41234,544b94f7d9b59f69c24c05e58a100dc4cce34d356fac36cce612bc91b04d0d3f,9e725170188335c77465f38ecd042384f447e4c6de2a03861e62112b7009faa0,-0.7982086230576835,False
53,2,scale_0.7,none,scale_0.7,0.7,test,Oracle-Rank+Value+Residual,0.1346341077251139,0.989544325723934,0.9777799395715069,0.9397145669291339,0.8461538461538461,0.0,-0.44249703295801834,0.46875,128,calibrated,oracle_rank|oracle_value,"[0.05889806658089067, 0.06930543478788684]",4438b9f7fed352282c518c08b02d801f9683f596f405c1e2b68b4d7d245a1fd5,scale_0.7,77f5c37928cbd1d9e3f7157da357c7f5e1a45db6da269bb1bce8ca519a6f9f18,6e84a73fda1306d427ccbd8e93cff4c01da362e89ddec84f0362a5494757d80e,08b183d452702ba4a30049da12326952e320f5b572f15e45053f3bdd2df41234,544b94f7d9b59f69c24c05e58a100dc4cce34d356fac36cce612bc91b04d0d3f,9e725170188335c77465f38ecd042384f447e4c6de2a03861e62112b7009faa0,-0.7453592414413467,False
53,2,scale_0.7,none,scale_0.7,1.0,test,Target-Only,0.7619913329345764,0.894516120125961,0.7300231184764695,0.7769438976377953,0.38461538461538464,0.2775158775513555,-1.5775188932325053,0.9921875,128,target_only,none,[],4438b9f7fed352282c518c08b02d801f9683f596f405c1e2b68b4d7d245a1fd5,scale_0.7,77f5c37928cbd1d9e3f7157da357c7f5e1a45db6da269bb1bce8ca519a6f9f18,544b94f7d9b59f69c24c05e58a100dc4cce34d356fac36cce612bc91b04d0d3f,08b183d452702ba4a30049da12326952e320f5b572f15e45053f3bdd2df41234,ea6abe32cba291a48fe181541aca7a2b13adbf9c0522877861fe3fe16052d943,9a65546abb803f58da375ef37059006194530a42ab4d5bbacb692a7016f33f7a,0.0,False
53,2,scale_0.7,none,scale_0.7,1.0,test,Geometry-Prior+Residual,0.8889129074763138,0.903672565793696,0.7119403497527924,0.7588582677165354,0.38461538461538464,0.10004646005430563,0.841570068999047,0.5390625,128,calibrated,geometry,[0.1156779828715613],4438b9f7fed352282c518c08b02d801f9683f596f405c1e2b68b4d7d245a1fd5,scale_0.7,77f5c37928cbd1d9e3f7157da357c7f5e1a45db6da269bb1bce8ca519a6f9f18,544b94f7d9b59f69c24c05e58a100dc4cce34d356fac36cce612bc91b04d0d3f,08b183d452702ba4a30049da12326952e320f5b572f15e45053f3bdd2df41234,ea6abe32cba291a48fe181541aca7a2b13adbf9c0522877861fe3fe16052d943,9a65546abb803f58da375ef37059006194530a42ab4d5bbacb692a7016f33f7a,0.12692157454173736,True
53,2,scale_0.7,none,scale_0.7,1.0,test,Oracle-Rank+Residual,0.22724546571468895,0.9936197868698918,0.8410547518769456,0.8396899606299213,0.9230769230769231,0.0029304966539432623,-1.3163763600470304,0.546875,128,calibrated,oracle_rank,[0.12241766571400402],4438b9f7fed352282c518c08b02d801f9683f596f405c1e2b68b4d7d245a1fd5,scale_0.7,77f5c37928cbd1d9e3f7157da357c7f5e1a45db6da269bb1bce8ca519a6f9f18,544b94f7d9b59f69c24c05e58a100dc4cce34d356fac36cce612bc91b04d0d3f,08b183d452702ba4a30049da12326952e320f5b572f15e45053f3bdd2df41234,ea6abe32cba291a48fe181541aca7a2b13adbf9c0522877861fe3fe16052d943,9a65546abb803f58da375ef37059006194530a42ab4d5bbacb692a7016f33f7a,-0.5347458672198875,False
53,2,scale_0.7,none,scale_0.7,1.0,test,Oracle-Value+Residual,0.07092861905800742,0.9993440438385593,0.9792963742904229,0.9499261811023622,1.0,0.0,-3.9499630959411576,0.890625,128,calibrated,oracle_value,[0.12328650554205914],4438b9f7fed352282c518c08b02d801f9683f596f405c1e2b68b4d7d245a1fd5,scale_0.7,77f5c37928cbd1d9e3f7157da357c7f5e1a45db6da269bb1bce8ca519a6f9f18,544b94f7d9b59f69c24c05e58a100dc4cce34d356fac36cce612bc91b04d0d3f,08b183d452702ba4a30049da12326952e320f5b572f15e45053f3bdd2df41234,ea6abe32cba291a48fe181541aca7a2b13adbf9c0522877861fe3fe16052d943,9a65546abb803f58da375ef37059006194530a42ab4d5bbacb692a7016f33f7a,-0.691062713876569,False
53,2,scale_0.7,none,scale_0.7,1.0,test,Oracle-Rank+Value+Residual,0.1094066687979549,0.9973217272542025,0.9329163614722578,0.9013287401574803,1.0,0.0029304966539432623,-2.066335547155967,0.5546875,128,calibrated,oracle_rank|oracle_value,"[0.05889806658089067, 0.06930543478788684]",4438b9f7fed352282c518c08b02d801f9683f596f405c1e2b68b4d7d245a1fd5,scale_0.7,77f5c37928cbd1d9e3f7157da357c7f5e1a45db6da269bb1bce8ca519a6f9f18,544b94f7d9b59f69c24c05e58a100dc4cce34d356fac36cce612bc91b04d0d3f,08b183d452702ba4a30049da12326952e320f5b572f15e45053f3bdd2df41234,ea6abe32cba291a48fe181541aca7a2b13adbf9c0522877861fe3fe16052d943,9a65546abb803f58da375ef37059006194530a42ab4d5bbacb692a7016f33f7a,-0.6525846641366215,False
53,2,scale_1.5,none,scale_1.5,0.35,test,Target-Only,1.2393632035497903,0.8915315312391624,0.5423113898553378,0.6708907480314961,0.46153846153846156,0.23054057675452208,-1.4207759281531502,1.0,128,target_only,none,[],4438b9f7fed352282c518c08b02d801f9683f596f405c1e2b68b4d7d245a1fd5,scale_1.5,39a33983de7b183d3bc60debce182ee5f20ddf996d097d739bf48fa7bfa03a36,12fb4e7250bc53e2f29fba2e120693898113a91758373b6f098ef6ea88c0ff21,08b183d452702ba4a30049da12326952e320f5b572f15e45053f3bdd2df41234,2d5478ee8c79561fcda0da32de0f27f64668f8437502e17d39ee47a890509b28,501a78780bfa111b7ff236c8cebeda961ab21fd3fa1ab6feb3c6e88e18b3bf47,0.0,False
53,2,scale_1.5,none,scale_1.5,0.35,test,Geometry-Prior+Residual,1.2363159820397145,0.8979885573171501,0.42950009155832264,0.6344734251968503,0.46153846153846156,0.06901990754716013,-1.3594077545549852,0.890625,128,calibrated,geometry,[0.4766419974286132],4438b9f7fed352282c518c08b02d801f9683f596f405c1e2b68b4d7d245a1fd5,scale_1.5,39a33983de7b183d3bc60debce182ee5f20ddf996d097d739bf48fa7bfa03a36,12fb4e7250bc53e2f29fba2e120693898113a91758373b6f098ef6ea88c0ff21,08b183d452702ba4a30049da12326952e320f5b572f15e45053f3bdd2df41234,2d5478ee8c79561fcda0da32de0f27f64668f8437502e17d39ee47a890509b28,501a78780bfa111b7ff236c8cebeda961ab21fd3fa1ab6feb3c6e88e18b3bf47,-0.0030472215100758593,False
53,2,scale_1.5,none,scale_1.5,0.35,test,Oracle-Rank+Residual,1.348969741662919,0.9676016285788196,0.859498031496063,0.8398129921259843,0.6923076923076923,0.0,-0.9697692459462263,0.7421875,128,calibrated,oracle_rank,[0.39947738637266966],4438b9f7fed352282c518c08b02d801f9683f596f405c1e2b68b4d7d245a1fd5,scale_1.5,39a33983de7b183d3bc60debce182ee5f20ddf996d097d739bf48fa7bfa03a36,12fb4e7250bc53e2f29fba2e120693898113a91758373b6f098ef6ea88c0ff21,08b183d452702ba4a30049da12326952e320f5b572f15e45053f3bdd2df41234,2d5478ee8c79561fcda0da32de0f27f64668f8437502e17d39ee47a890509b28,501a78780bfa111b7ff236c8cebeda961ab21fd3fa1ab6feb3c6e88e18b3bf47,0.1096065381131286,True
53,2,scale_1.5,none,scale_1.5,0.35,test,Oracle-Value+Residual,0.8368752996369054,0.9772077863236066,0.749284700604285,0.7871555118110236,0.7692307692307693,0.0,-1.7476411438777444,0.9140625,128,calibrated,oracle_value,[0.47920815595637606],4438b9f7fed352282c518c08b02d801f9683f596f405c1e2b68b4d7d245a1fd5,scale_1.5,39a33983de7b183d3bc60debce182ee5f20ddf996d097d739bf48fa7bfa03a36,12fb4e7250bc53e2f29fba2e120693898113a91758373b6f098ef6ea88c0ff21,08b183d452702ba4a30049da12326952e320f5b572f15e45053f3bdd2df41234,2d5478ee8c79561fcda0da32de0f27f64668f8437502e17d39ee47a890509b28,501a78780bfa111b7ff236c8cebeda961ab21fd3fa1ab6feb3c6e88e18b3bf47,-0.4024879039128849,False
53,2,scale_1.5,none,scale_1.5,0.35,test,Oracle-Rank+Value+Residual,0.8368752996129252,0.9772077863236066,0.749284700604285,0.7871555118110236,0.7692307692307693,0.0,-1.7476411438023525,0.9140625,128,calibrated,oracle_rank|oracle_value,"[7.993781028079101e-11, 0.4792081558860044]",4438b9f7fed352282c518c08b02d801f9683f596f405c1e2b68b4d7d245a1fd5,scale_1.5,39a33983de7b183d3bc60debce182ee5f20ddf996d097d739bf48fa7bfa03a36,12fb4e7250bc53e2f29fba2e120693898113a91758373b6f098ef6ea88c0ff21,08b183d452702ba4a30049da12326952e320f5b572f15e45053f3bdd2df41234,2d5478ee8c79561fcda0da32de0f27f64668f8437502e17d39ee47a890509b28,501a78780bfa111b7ff236c8cebeda961ab21fd3fa1ab6feb3c6e88e18b3bf47,-0.4024879039368652,False
53,2,scale_1.5,none,scale_1.5,0.7,test,Target-Only,0.7610940849423623,0.821113130861272,0.8339532594762863,0.8219734251968503,0.3076923076923077,0.25479784419738605,-0.44952745558977647,1.0,128,target_only,none,[],4438b9f7fed352282c518c08b02d801f9683f596f405c1e2b68b4d7d245a1fd5,scale_1.5,39a33983de7b183d3bc60debce182ee5f20ddf996d097d739bf48fa7bfa03a36,4dd1e89b36dd57b7e72f1688d376ef6e46e1b6b088d175bb58af278a7ed608b9,08b183d452702ba4a30049da12326952e320f5b572f15e45053f3bdd2df41234,544b94f7d9b59f69c24c05e58a100dc4cce34d356fac36cce612bc91b04d0d3f,32e0b0df77e03e8d3e01591afd2189646a40f5aeaa84c08b283ae1867125216d,0.0,False
53,2,scale_1.5,none,scale_1.5,0.7,test,Geometry-Prior+Residual,0.4467509938149034,0.9040085392266247,0.9251052920710492,0.8826279527559056,0.38461538461538464,0.06376479428270444,-1.1038420975456074,0.96875,128,calibrated,geometry,[0.4766419974286132],4438b9f7fed352282c518c08b02d801f9683f596f405c1e2b68b4d7d245a1fd5,scale_1.5,39a33983de7b183d3bc60debce182ee5f20ddf996d097d739bf48fa7bfa03a36,4dd1e89b36dd57b7e72f1688d376ef6e46e1b6b088d175bb58af278a7ed608b9,08b183d452702ba4a30049da12326952e320f5b572f15e45053f3bdd2df41234,544b94f7d9b59f69c24c05e58a100dc4cce34d356fac36cce612bc91b04d0d3f,32e0b0df77e03e8d3e01591afd2189646a40f5aeaa84c08b283ae1867125216d,-0.3143430911274589,False
53,2,scale_1.5,none,scale_1.5,0.7,test,Oracle-Rank+Residual,0.9444410073365133,0.9011724206901727,0.7874473539644752,0.8001968503937008,0.5384615384615384,0.0004464789975062636,0.39463188771825375,0.5546875,128,calibrated,oracle_rank,[0.39947738637266966],4438b9f7fed352282c518c08b02d801f9683f596f405c1e2b68b4d7d245a1fd5,scale_1.5,39a33983de7b183d3bc60debce182ee5f20ddf996d097d739bf48fa7bfa03a36,4dd1e89b36dd57b7e72f1688d376ef6e46e1b6b088d175bb58af278a7ed608b9,08b183d452702ba4a30049da12326952e320f5b572f15e45053f3bdd2df41234,544b94f7d9b59f69c24c05e58a100dc4cce34d356fac36cce612bc91b04d0d3f,32e0b0df77e03e8d3e01591afd2189646a40f5aeaa84c08b283ae1867125216d,0.18334692239415096,True
53,2,scale_1.5,none,scale_1.5,0.7,test,Oracle-Value+Residual,0.7384633192176365,0.8275097997207301,0.8502449185130928,0.827632874015748,0.3076923076923077,0.053596633663549956,0.7312706157613242,0.609375,128,calibrated,oracle_value,[0.47920815595637606],4438b9f7fed352282c518c08b02d801f9683f596f405c1e2b68b4d7d245a1fd5,scale_1.5,39a33983de7b183d3bc60debce182ee5f20ddf996d097d739bf48fa7bfa03a36,4dd1e89b36dd57b7e72f1688d376ef6e46e1b6b088d175bb58af278a7ed608b9,08b183d452702ba4a30049da12326952e320f5b572f15e45053f3bdd2df41234,544b94f7d9b59f69c24c05e58a100dc4cce34d356fac36cce612bc91b04d0d3f,32e0b0df77e03e8d3e01591afd2189646a40f5aeaa84c08b283ae1867125216d,-0.022630765724725777,False
53,2,scale_1.5,none,scale_1.5,0.7,test,Oracle-Rank+Value+Residual,0.7384633192480022,0.8275097997207301,0.8502449185130928,0.827632874015748,0.3076923076923077,0.053596633663549956,0.7312706156854338,0.609375,128,calibrated,oracle_rank|oracle_value,"[7.993781028079101e-11, 0.4792081558860044]",4438b9f7fed352282c518c08b02d801f9683f596f405c1e2b68b4d7d245a1fd5,scale_1.5,39a33983de7b183d3bc60debce182ee5f20ddf996d097d739bf48fa7bfa03a36,4dd1e89b36dd57b7e72f1688d376ef6e46e1b6b088d175bb58af278a7ed608b9,08b183d452702ba4a30049da12326952e320f5b572f15e45053f3bdd2df41234,544b94f7d9b59f69c24c05e58a100dc4cce34d356fac36cce612bc91b04d0d3f,32e0b0df77e03e8d3e01591afd2189646a40f5aeaa84c08b283ae1867125216d,-0.022630765694360067,False
53,2,scale_1.5,none,scale_1.5,1.0,test,Target-Only,0.8244753423419992,0.8187824930053371,0.8335298022340231,0.8219734251968503,0.3076923076923077,0.1595596791863154,0.28492248135212334,0.875,128,target_only,none,[],4438b9f7fed352282c518c08b02d801f9683f596f405c1e2b68b4d7d245a1fd5,scale_1.5,39a33983de7b183d3bc60debce182ee5f20ddf996d097d739bf48fa7bfa03a36,35d9d1d6ee0638f7223c32883af22cea07a55fa3597ee9d5bf1d7975fe6b118e,08b183d452702ba4a30049da12326952e320f5b572f15e45053f3bdd2df41234,ea6abe32cba291a48fe181541aca7a2b13adbf9c0522877861fe3fe16052d943,677ecd2c169487f70f1ae10bc56c1037d48f112aa81bb97255bc59fcd5982871,0.0,False
53,2,scale_1.5,none,scale_1.5,1.0,test,Geometry-Prior+Residual,0.45062114333353537,0.8277193309350964,0.8940326863211865,0.8558070866141733,0.23076923076923078,0.15980619433952964,-0.42580265072395795,0.984375,128,calibrated,geometry,[0.4766419974286132],4438b9f7fed352282c518c08b02d801f9683f596f405c1e2b68b4d7d245a1fd5,scale_1.5,39a33983de7b183d3bc60debce182ee5f20ddf996d097d739bf48fa7bfa03a36,35d9d1d6ee0638f7223c32883af22cea07a55fa3597ee9d5bf1d7975fe6b118e,08b183d452702ba4a30049da12326952e320f5b572f15e45053f3bdd2df41234,ea6abe32cba291a48fe181541aca7a2b13adbf9c0522877861fe3fe16052d943,677ecd2c169487f70f1ae10bc56c1037d48f112aa81bb97255bc59fcd5982871,-0.3738541990084638,False
53,2,scale_1.5,none,scale_1.5,1.0,test,Oracle-Rank+Residual,1.1203319681400488,0.8342906468002742,0.5238337758652262,0.6980807086614174,0.3076923076923077,0.12816379275872403,2.230135483006332,0.5390625,128,calibrated,oracle_rank,[0.39947738637266966],4438b9f7fed352282c518c08b02d801f9683f596f405c1e2b68b4d7d245a1fd5,scale_1.5,39a33983de7b183d3bc60debce182ee5f20ddf996d097d739bf48fa7bfa03a36,35d9d1d6ee0638f7223c32883af22cea07a55fa3597ee9d5bf1d7975fe6b118e,08b183d452702ba4a30049da12326952e320f5b572f15e45053f3bdd2df41234,ea6abe32cba291a48fe181541aca7a2b13adbf9c0522877861fe3fe16052d943,677ecd2c169487f70f1ae10bc56c1037d48f112aa81bb97255bc59fcd5982871,0.2958566257980496,True
53,2,scale_1.5,none,scale_1.5,1.0,test,Oracle-Value+Residual,0.8484494894761,0.9139376348012362,0.6915457333821644,0.7641486220472441,0.46153846153846156,0.12816379275872403,2.2372445514215955,0.71875,128,calibrated,oracle_value,[0.47920815595637606],4438b9f7fed352282c518c08b02d801f9683f596f405c1e2b68b4d7d245a1fd5,scale_1.5,39a33983de7b183d3bc60debce182ee5f20ddf996d097d739bf48fa7bfa03a36,35d9d1d6ee0638f7223c32883af22cea07a55fa3597ee9d5bf1d7975fe6b118e,08b183d452702ba4a30049da12326952e320f5b572f15e45053f3bdd2df41234,ea6abe32cba291a48fe181541aca7a2b13adbf9c0522877861fe3fe16052d943,677ecd2c169487f70f1ae10bc56c1037d48f112aa81bb97255bc59fcd5982871,0.023974147134100843,True
53,2,scale_1.5,none,scale_1.5,1.0,test,Oracle-Rank+Value+Residual,0.8484494895209358,0.9139376348012362,0.6915457333821644,0.7641486220472441,0.46153846153846156,0.12816379275872403,2.2372445514730304,0.71875,128,calibrated,oracle_rank|oracle_value,"[7.993781028079101e-11, 0.4792081558860044]",4438b9f7fed352282c518c08b02d801f9683f596f405c1e2b68b4d7d245a1fd5,scale_1.5,39a33983de7b183d3bc60debce182ee5f20ddf996d097d739bf48fa7bfa03a36,35d9d1d6ee0638f7223c32883af22cea07a55fa3597ee9d5bf1d7975fe6b118e,08b183d452702ba4a30049da12326952e320f5b572f15e45053f3bdd2df41234,ea6abe32cba291a48fe181541aca7a2b13adbf9c0522877861fe3fe16052d943,677ecd2c169487f70f1ae10bc56c1037d48f112aa81bb97255bc59fcd5982871,0.023974147178936644,True
53,2,rotate_45,none,rotate_45,0.35,test,Target-Only,0.5449938724741408,0.8677455634143502,0.8591432429957883,0.8320620078740157,0.5384615384615384,0.08554548199095827,-2.151406994228508,1.0,128,target_only,none,[],4438b9f7fed352282c518c08b02d801f9683f596f405c1e2b68b4d7d245a1fd5,rotate_45,98d8b6ccdf3d1c533cb3c08b1add8741dc55595191e59f5ca7b0ffac654f4492,c965f9251462d4b6e8cec596bc5df1a9783033eb132eb9d6b523929d3c3b753c,08b183d452702ba4a30049da12326952e320f5b572f15e45053f3bdd2df41234,2d5478ee8c79561fcda0da32de0f27f64668f8437502e17d39ee47a890509b28,fc180c1d491b42a01e9751c93af9d68974d99ff4be65937d295399fbb77fb402,0.0,False
53,2,rotate_45,none,rotate_45,0.35,test,Geometry-Prior+Residual,0.5496111057398914,0.8413780525296694,0.8840471067570042,0.8458415354330708,0.38461538461538464,0.08554548199095827,-2.385143245960836,0.9375,128,calibrated,geometry,[0.25242710328797585],4438b9f7fed352282c518c08b02d801f9683f596f405c1e2b68b4d7d245a1fd5,rotate_45,98d8b6ccdf3d1c533cb3c08b1add8741dc55595191e59f5ca7b0ffac654f4492,c965f9251462d4b6e8cec596bc5df1a9783033eb132eb9d6b523929d3c3b753c,08b183d452702ba4a30049da12326952e320f5b572f15e45053f3bdd2df41234,2d5478ee8c79561fcda0da32de0f27f64668f8437502e17d39ee47a890509b28,fc180c1d491b42a01e9751c93af9d68974d99ff4be65937d295399fbb77fb402,0.004617233265750587,False
53,2,rotate_45,none,rotate_45,0.35,test,Oracle-Rank+Residual,0.3870193196655556,0.9813378080296205,0.8327401117011537,0.827386811023622,0.8461538461538461,5.744598978936771e-05,-2.1770049192980823,0.671875,128,calibrated,oracle_rank,[0.2871987682777062],4438b9f7fed352282c518c08b02d801f9683f596f405c1e2b68b4d7d245a1fd5,rotate_45,98d8b6ccdf3d1c533cb3c08b1add8741dc55595191e59f5ca7b0ffac654f4492,c965f9251462d4b6e8cec596bc5df1a9783033eb132eb9d6b523929d3c3b753c,08b183d452702ba4a30049da12326952e320f5b572f15e45053f3bdd2df41234,2d5478ee8c79561fcda0da32de0f27f64668f8437502e17d39ee47a890509b28,fc180c1d491b42a01e9751c93af9d68974d99ff4be65937d295399fbb77fb402,-0.1579745528085852,False
53,2,rotate_45,none,rotate_45,0.35,test,Oracle-Value+Residual,0.0578576750802141,0.9963662616915122,0.9532022523347372,0.9267962598425197,1.0,5.744598978936771e-05,-4.503943699490659,1.0,128,calibrated,oracle_value,[0.2951394251633288],4438b9f7fed352282c518c08b02d801f9683f596f405c1e2b68b4d7d245a1fd5,rotate_45,98d8b6ccdf3d1c533cb3c08b1add8741dc55595191e59f5ca7b0ffac654f4492,c965f9251462d4b6e8cec596bc5df1a9783033eb132eb9d6b523929d3c3b753c,08b183d452702ba4a30049da12326952e320f5b572f15e45053f3bdd2df41234,2d5478ee8c79561fcda0da32de0f27f64668f8437502e17d39ee47a890509b28,fc180c1d491b42a01e9751c93af9d68974d99ff4be65937d295399fbb77fb402,-0.48713619739392666,False
53,2,rotate_45,none,rotate_45,0.35,test,Oracle-Rank+Value+Residual,0.159395772022137,0.9923428814019822,0.8987307727522431,0.8796751968503937,0.9230769230769231,5.744598978936771e-05,-3.040474255358168,0.640625,128,calibrated,oracle_rank|oracle_value,"[0.11421656963062406, 0.19250729968647165]",4438b9f7fed352282c518c08b02d801f9683f596f405c1e2b68b4d7d245a1fd5,rotate_45,98d8b6ccdf3d1c533cb3c08b1add8741dc55595191e59f5ca7b0ffac654f4492,c965f9251462d4b6e8cec596bc5df1a9783033eb132eb9d6b523929d3c3b753c,08b183d452702ba4a30049da12326952e320f5b572f15e45053f3bdd2df41234,2d5478ee8c79561fcda0da32de0f27f64668f8437502e17d39ee47a890509b28,fc180c1d491b42a01e9751c93af9d68974d99ff4be65937d295399fbb77fb402,-0.38559810045200377,False
53,2,rotate_45,none,rotate_45,0.7,test,Target-Only,1.258014304050707,0.9266092214354362,0.7470357993041568,0.7754675196850394,0.5384615384615384,0.015286771034859627,-0.997871686246468,0.8984375,128,target_only,none,[],4438b9f7fed352282c518c08b02d801f9683f596f405c1e2b68b4d7d245a1fd5,rotate_45,98d8b6ccdf3d1c533cb3c08b1add8741dc55595191e59f5ca7b0ffac654f4492,433ee07720e41cf07a097d3277c3bcfe4914741d013d4720a6b5880a0e41125e,08b183d452702ba4a30049da12326952e320f5b572f15e45053f3bdd2df41234,544b94f7d9b59f69c24c05e58a100dc4cce34d356fac36cce612bc91b04d0d3f,0209b639fa9b62a47f83b4b3a5a21e40afb2c1f0ff4f9b10f26809e21504784c,0.0,False
53,2,rotate_45,none,rotate_45,0.7,test,Geometry-Prior+Residual,0.9322986320621208,0.784155824238666,0.7651414576084966,0.7798966535433071,0.38461538461538464,0.5279061743528429,-0.6403364017773334,0.65625,128,calibrated,geometry,[0.25242710328797585],4438b9f7fed352282c518c08b02d801f9683f596f405c1e2b68b4d7d245a1fd5,rotate_45,98d8b6ccdf3d1c533cb3c08b1add8741dc55595191e59f5ca7b0ffac654f4492,433ee07720e41cf07a097d3277c3bcfe4914741d013d4720a6b5880a0e41125e,08b183d452702ba4a30049da12326952e320f5b572f15e45053f3bdd2df41234,544b94f7d9b59f69c24c05e58a100dc4cce34d356fac36cce612bc91b04d0d3f,0209b639fa9b62a47f83b4b3a5a21e40afb2c1f0ff4f9b10f26809e21504784c,-0.3257156719885862,False
53,2,rotate_45,none,rotate_45,0.7,test,Oracle-Rank+Residual,0.8662125377179238,0.9846725261267053,0.6714486815601538,0.7646407480314961,0.7692307692307693,0.0028201863423925936,0.5142504689980365,0.4765625,128,calibrated,oracle_rank,[0.2871987682777062],4438b9f7fed352282c518c08b02d801f9683f596f405c1e2b68b4d7d245a1fd5,rotate_45,98d8b6ccdf3d1c533cb3c08b1add8741dc55595191e59f5ca7b0ffac654f4492,433ee07720e41cf07a097d3277c3bcfe4914741d013d4720a6b5880a0e41125e,08b183d452702ba4a30049da12326952e320f5b572f15e45053f3bdd2df41234,544b94f7d9b59f69c24c05e58a100dc4cce34d356fac36cce612bc91b04d0d3f,0209b639fa9b62a47f83b4b3a5a21e40afb2c1f0ff4f9b10f26809e21504784c,-0.3918017663327832,False
53,2,rotate_45,none,rotate_45,0.7,test,Oracle-Value+Residual,0.1074199595494948,0.9971852610295523,0.924864951474089,0.9028051181102362,0.9230769230769231,0.0,-3.327115094642795,0.8359375,128,calibrated,oracle_value,[0.2951394251633288],4438b9f7fed352282c518c08b02d801f9683f596f405c1e2b68b4d7d245a1fd5,rotate_45,98d8b6ccdf3d1c533cb3c08b1add8741dc55595191e59f5ca7b0ffac654f4492,433ee07720e41cf07a097d3277c3bcfe4914741d013d4720a6b5880a0e41125e,08b183d452702ba4a30049da12326952e320f5b572f15e45053f3bdd2df41234,544b94f7d9b59f69c24c05e58a100dc4cce34d356fac36cce612bc91b04d0d3f,0209b639fa9b62a47f83b4b3a5a21e40afb2c1f0ff4f9b10f26809e21504784c,-1.1505943445012121,False
53,2,rotate_45,none,rotate_45,0.7,test,Oracle-Rank+Value+Residual,0.35127938360531236,0.9947693038077774,0.7639168650430324,0.8077017716535433,0.9230769230769231,0.00015288763135574442,-0.29052063142016815,0.484375,128,calibrated,oracle_rank|oracle_value,"[0.11421656963062406, 0.19250729968647165]",4438b9f7fed352282c518c08b02d801f9683f596f405c1e2b68b4d7d245a1fd5,rotate_45,98d8b6ccdf3d1c533cb3c08b1add8741dc55595191e59f5ca7b0ffac654f4492,433ee07720e41cf07a097d3277c3bcfe4914741d013d4720a6b5880a0e41125e,08b183d452702ba4a30049da12326952e320f5b572f15e45053f3bdd2df41234,544b94f7d9b59f69c24c05e58a100dc4cce34d356fac36cce612bc91b04d0d3f,0209b639fa9b62a47f83b4b3a5a21e40afb2c1f0ff4f9b10f26809e21504784c,-0.9067349204453947,False
53,2,rotate_45,none,rotate_45,1.0,test,Target-Only,0.8790675846137541,0.9492801984337939,0.7232649697857535,0.7727608267716536,0.5384615384615384,0.0,0.08141118080079662,0.7578125,128,target_only,none,[],4438b9f7fed352282c518c08b02d801f9683f596f405c1e2b68b4d7d245a1fd5,rotate_45,98d8b6ccdf3d1c533cb3c08b1add8741dc55595191e59f5ca7b0ffac654f4492,6c1bf11fef537303a13477cde0ee680e6dacdac5977ffcf09659b711f674e276,08b183d452702ba4a30049da12326952e320f5b572f15e45053f3bdd2df41234,ea6abe32cba291a48fe181541aca7a2b13adbf9c0522877861fe3fe16052d943,bcb2601f735c2a4693c602b65f83bd01c47f9a8a38780f09ae03b7c907abe8ff,0.0,False
53,2,rotate_45,none,rotate_45,1.0,test,Geometry-Prior+Residual,0.6873673223387967,0.8779617484893042,0.7479056033693462,0.7673474409448819,0.38461538461538464,0.10221856531901531,0.6753753610789788,0.46875,128,calibrated,geometry,[0.25242710328797585],4438b9f7fed352282c518c08b02d801f9683f596f405c1e2b68b4d7d245a1fd5,rotate_45,98d8b6ccdf3d1c533cb3c08b1add8741dc55595191e59f5ca7b0ffac654f4492,6c1bf11fef537303a13477cde0ee680e6dacdac5977ffcf09659b711f674e276,08b183d452702ba4a30049da12326952e320f5b572f15e45053f3bdd2df41234,ea6abe32cba291a48fe181541aca7a2b13adbf9c0522877861fe3fe16052d943,bcb2601f735c2a4693c602b65f83bd01c47f9a8a38780f09ae03b7c907abe8ff,-0.1917002622749574,False
53,2,rotate_45,none,rotate_45,1.0,test,Oracle-Rank+Residual,0.5110830869448095,0.981463053513866,0.8622962827321002,0.8495324803149606,0.7692307692307693,0.0019304796311455567,3.9512926224827183,0.34375,128,calibrated,oracle_rank,[0.2871987682777062],4438b9f7fed352282c518c08b02d801f9683f596f405c1e2b68b4d7d245a1fd5,rotate_45,98d8b6ccdf3d1c533cb3c08b1add8741dc55595191e59f5ca7b0ffac654f4492,6c1bf11fef537303a13477cde0ee680e6dacdac5977ffcf09659b711f674e276,08b183d452702ba4a30049da12326952e320f5b572f15e45053f3bdd2df41234,ea6abe32cba291a48fe181541aca7a2b13adbf9c0522877861fe3fe16052d943,bcb2601f735c2a4693c602b65f83bd01c47f9a8a38780f09ae03b7c907abe8ff,-0.3679844976689446,False
53,2,rotate_45,none,rotate_45,1.0,test,Oracle-Value+Residual,0.08012169977535649,0.9943286721185225,0.9853048892144296,0.9582923228346457,0.8461538461538461,0.0,-1.5066438708579268,0.65625,128,calibrated,oracle_value,[0.2951394251633288],4438b9f7fed352282c518c08b02d801f9683f596f405c1e2b68b4d7d245a1fd5,rotate_45,98d8b6ccdf3d1c533cb3c08b1add8741dc55595191e59f5ca7b0ffac654f4492,6c1bf11fef537303a13477cde0ee680e6dacdac5977ffcf09659b711f674e276,08b183d452702ba4a30049da12326952e320f5b572f15e45053f3bdd2df41234,ea6abe32cba291a48fe181541aca7a2b13adbf9c0522877861fe3fe16052d943,bcb2601f735c2a4693c602b65f83bd01c47f9a8a38780f09ae03b7c907abe8ff,-0.7989458848383977,False
53,2,rotate_45,none,rotate_45,1.0,test,Oracle-Rank+Value+Residual,0.20720764037786304,0.9955324336196243,0.959308047976561,0.9251968503937008,0.9230769230769231,0.00010439336914985707,3.500833738144704,0.3515625,128,calibrated,oracle_rank|oracle_value,"[0.11421656963062406, 0.19250729968647165]",4438b9f7fed352282c518c08b02d801f9683f596f405c1e2b68b4d7d245a1fd5,rotate_45,98d8b6ccdf3d1c533cb3c08b1add8741dc55595191e59f5ca7b0ffac654f4492,6c1bf11fef537303a13477cde0ee680e6dacdac5977ffcf09659b711f674e276,08b183d452702ba4a30049da12326952e320f5b572f15e45053f3bdd2df41234,ea6abe32cba291a48fe181541aca7a2b13adbf9c0522877861fe3fe16052d943,bcb2601f735c2a4693c602b65f83bd01c47f9a8a38780f09ae03b7c907abe8ff,-0.671859944235891,False
53,2,roughness,none,roughness,0.35,test,Target-Only,1.3497607229737187,0.16382062118370352,-0.16233290606116094,0.4421751968503937,0.0,0.8778763838642452,1.896881737816408,0.4921875,128,target_only,none,[],4438b9f7fed352282c518c08b02d801f9683f596f405c1e2b68b4d7d245a1fd5,roughness,08b183d452702ba4a30049da12326952e320f5b572f15e45053f3bdd2df41234,2d5478ee8c79561fcda0da32de0f27f64668f8437502e17d39ee47a890509b28,08b183d452702ba4a30049da12326952e320f5b572f15e45053f3bdd2df41234,2d5478ee8c79561fcda0da32de0f27f64668f8437502e17d39ee47a890509b28,817542ef42aca367e982f430f479c9b538da75fbb3338bac56293994fda58c73,0.0,False
53,2,roughness,none,roughness,0.35,test,Geometry-Prior+Residual,1.4343828386912014,0.18459325059076104,-0.14952618568027834,0.4468503937007874,0.07692307692307693,1.0256424137238707,8.018350685969114,0.2109375,128,calibrated,geometry,[0.3134845356936939],4438b9f7fed352282c518c08b02d801f9683f596f405c1e2b68b4d7d245a1fd5,roughness,08b183d452702ba4a30049da12326952e320f5b572f15e45053f3bdd2df41234,2d5478ee8c79561fcda0da32de0f27f64668f8437502e17d39ee47a890509b28,08b183d452702ba4a30049da12326952e320f5b572f15e45053f3bdd2df41234,2d5478ee8c79561fcda0da32de0f27f64668f8437502e17d39ee47a890509b28,817542ef42aca367e982f430f479c9b538da75fbb3338bac56293994fda58c73,0.08462211571748268,True
53,2,roughness,none,roughness,0.35,test,Oracle-Rank+Residual,1.578191980093023,0.4888361409813264,-0.15036737776963924,0.4500492125984252,0.38461538461538464,0.5315836043836784,9.635161060744512,0.2109375,128,calibrated,oracle_rank,[0.3124647339976087],4438b9f7fed352282c518c08b02d801f9683f596f405c1e2b68b4d7d245a1fd5,roughness,08b183d452702ba4a30049da12326952e320f5b572f15e45053f3bdd2df41234,2d5478ee8c79561fcda0da32de0f27f64668f8437502e17d39ee47a890509b28,08b183d452702ba4a30049da12326952e320f5b572f15e45053f3bdd2df41234,2d5478ee8c79561fcda0da32de0f27f64668f8437502e17d39ee47a890509b28,817542ef42aca367e982f430f479c9b538da75fbb3338bac56293994fda58c73,0.22843125711930434,True
53,2,roughness,none,roughness,0.35,test,Oracle-Value+Residual,1.593909360347991,0.6302328540546014,-0.13896264420435817,0.452878937007874,0.38461538461538464,0.20114344729454964,10.634132200675701,0.1640625,128,calibrated,oracle_value,[0.3163379702752094],4438b9f7fed352282c518c08b02d801f9683f596f405c1e2b68b4d7d245a1fd5,roughness,08b183d452702ba4a30049da12326952e320f5b572f15e45053f3bdd2df41234,2d5478ee8c79561fcda0da32de0f27f64668f8437502e17d39ee47a890509b28,08b183d452702ba4a30049da12326952e320f5b572f15e45053f3bdd2df41234,2d5478ee8c79561fcda0da32de0f27f64668f8437502e17d39ee47a890509b28,817542ef42aca367e982f430f479c9b538da75fbb3338bac56293994fda58c73,0.24414863737427228,True
53,2,roughness,none,roughness,0.35,test,Oracle-Rank+Value+Residual,1.6041354581923526,0.578905063489062,-0.13853918696209486,0.45558562992125984,0.38461538461538464,0.20114344729454964,10.813314167808997,0.1640625,128,calibrated,oracle_rank|oracle_value,"[0.14913544339279233, 0.18384468738857254]",4438b9f7fed352282c518c08b02d801f9683f596f405c1e2b68b4d7d245a1fd5,roughness,08b183d452702ba4a30049da12326952e320f5b572f15e45053f3bdd2df41234,2d5478ee8c79561fcda0da32de0f27f64668f8437502e17d39ee47a890509b28,08b183d452702ba4a30049da12326952e320f5b572f15e45053f3bdd2df41234,2d5478ee8c79561fcda0da32de0f27f64668f8437502e17d39ee47a890509b28,817542ef42aca367e982f430f479c9b538da75fbb3338bac56293994fda58c73,0.25437473521863385,True
53,2,roughness,none,roughness,0.7,test,Target-Only,1.188280417822837,0.43025687845229105,0.3447228071781725,0.6183562992125984,0.0,0.9590728598902774,2.62214461406001,0.5703125,128,target_only,none,[],4438b9f7fed352282c518c08b02d801f9683f596f405c1e2b68b4d7d245a1fd5,roughness,08b183d452702ba4a30049da12326952e320f5b572f15e45053f3bdd2df41234,544b94f7d9b59f69c24c05e58a100dc4cce34d356fac36cce612bc91b04d0d3f,08b183d452702ba4a30049da12326952e320f5b572f15e45053f3bdd2df41234,544b94f7d9b59f69c24c05e58a100dc4cce34d356fac36cce612bc91b04d0d3f,00a53b6e0782d48fc6fbf56c0c1f0b65a578fcd063c4e08f9866303ed9ec362b,0.0,False
53,2,roughness,none,roughness,0.7,test,Geometry-Prior+Residual,1.2033163637082434,0.43025687845229105,0.3467771470426662,0.6202017716535433,0.0,0.9590728598902774,8.863857230339878,0.3359375,128,calibrated,geometry,[0.3134845356936939],4438b9f7fed352282c518c08b02d801f9683f596f405c1e2b68b4d7d245a1fd5,roughness,08b183d452702ba4a30049da12326952e320f5b572f15e45053f3bdd2df41234,544b94f7d9b59f69c24c05e58a100dc4cce34d356fac36cce612bc91b04d0d3f,08b183d452702ba4a30049da12326952e320f5b572f15e45053f3bdd2df41234,544b94f7d9b59f69c24c05e58a100dc4cce34d356fac36cce612bc91b04d0d3f,00a53b6e0782d48fc6fbf56c0c1f0b65a578fcd063c4e08f9866303ed9ec362b,0.015035945885406354,True
53,2,roughness,none,roughness,0.7,test,Oracle-Rank+Residual,1.2315456622173722,0.5984963177939842,0.3797953671488738,0.6278297244094488,0.15384615384615385,0.0039433926686857955,8.471464727944296,0.3125,128,calibrated,oracle_rank,[0.3124647339976087],4438b9f7fed352282c518c08b02d801f9683f596f405c1e2b68b4d7d245a1fd5,roughness,08b183d452702ba4a30049da12326952e320f5b572f15e45053f3bdd2df41234,544b94f7d9b59f69c24c05e58a100dc4cce34d356fac36cce612bc91b04d0d3f,08b183d452702ba4a30049da12326952e320f5b572f15e45053f3bdd2df41234,544b94f7d9b59f69c24c05e58a100dc4cce34d356fac36cce612bc91b04d0d3f,00a53b6e0782d48fc6fbf56c0c1f0b65a578fcd063c4e08f9866303ed9ec362b,0.04326524439453516,True
53,2,roughness,none,roughness,0.7,test,Oracle-Value+Residual,1.212283136014354,0.42904379854065633,0.3212209302325581,0.6044537401574803,0.0,0.406735736932802,8.813790398829497,0.3203125,128,calibrated,oracle_value,[0.3163379702752094],4438b9f7fed352282c518c08b02d801f9683f596f405c1e2b68b4d7d245a1fd5,roughness,08b183d452702ba4a30049da12326952e320f5b572f15e45053f3bdd2df41234,544b94f7d9b59f69c24c05e58a100dc4cce34d356fac36cce612bc91b04d0d3f,08b183d452702ba4a30049da12326952e320f5b572f15e45053f3bdd2df41234,544b94f7d9b59f69c24c05e58a100dc4cce34d356fac36cce612bc91b04d0d3f,00a53b6e0782d48fc6fbf56c0c1f0b65a578fcd063c4e08f9866303ed9ec362b,0.024002718191517003,True
53,2,roughness,none,roughness,0.7,test,Oracle-Rank+Value+Residual,1.2221185314152885,0.561799385447091,0.3546454403955319,0.6179872047244095,0.15384615384615385,0.406735736932802,9.0399875589472,0.3046875,128,calibrated,oracle_rank|oracle_value,"[0.14913544339279233, 0.18384468738857254]",4438b9f7fed352282c518c08b02d801f9683f596f405c1e2b68b4d7d245a1fd5,roughness,08b183d452702ba4a30049da12326952e320f5b572f15e45053f3bdd2df41234,544b94f7d9b59f69c24c05e58a100dc4cce34d356fac36cce612bc91b04d0d3f,08b183d452702ba4a30049da12326952e320f5b572f15e45053f3bdd2df41234,544b94f7d9b59f69c24c05e58a100dc4cce34d356fac36cce612bc91b04d0d3f,00a53b6e0782d48fc6fbf56c0c1f0b65a578fcd063c4e08f9866303ed9ec362b,0.03383811359245148,True
53,2,roughness,none,roughness,1.0,test,Target-Only,1.1312520066377743,0.6584375307087582,0.22047816334004758,0.5693897637795275,0.23076923076923078,0.06248631643113561,1.7256099540286194,0.59375,128,target_only,none,[],4438b9f7fed352282c518c08b02d801f9683f596f405c1e2b68b4d7d245a1fd5,roughness,08b183d452702ba4a30049da12326952e320f5b572f15e45053f3bdd2df41234,ea6abe32cba291a48fe181541aca7a2b13adbf9c0522877861fe3fe16052d943,08b183d452702ba4a30049da12326952e320f5b572f15e45053f3bdd2df41234,ea6abe32cba291a48fe181541aca7a2b13adbf9c0522877861fe3fe16052d943,f1ee7b44084ed4b88b1ba80ac156880c2b7b47f06e1019f8b3e629f331666334,0.0,False
53,2,roughness,none,roughness,1.0,test,Geometry-Prior+Residual,0.8917762117764555,0.606419583836297,0.30598219190624426,0.5970718503937008,0.23076923076923078,0.06248631643113561,3.7986902220826564,0.5078125,128,calibrated,geometry,[0.3134845356936939],4438b9f7fed352282c518c08b02d801f9683f596f405c1e2b68b4d7d245a1fd5,roughness,08b183d452702ba4a30049da12326952e320f5b572f15e45053f3bdd2df41234,ea6abe32cba291a48fe181541aca7a2b13adbf9c0522877861fe3fe16052d943,08b183d452702ba4a30049da12326952e320f5b572f15e45053f3bdd2df41234,ea6abe32cba291a48fe181541aca7a2b13adbf9c0522877861fe3fe16052d943,f1ee7b44084ed4b88b1ba80ac156880c2b7b47f06e1019f8b3e629f331666334,-0.23947579486131876,False
53,2,roughness,none,roughness,1.0,test,Oracle-Rank+Residual,0.8782878395420505,0.7669063152738609,0.45199482695477017,0.6545275590551181,0.3076923076923077,0.06248631643113561,3.178637589763441,0.5,128,calibrated,oracle_rank,[0.3124647339976087],4438b9f7fed352282c518c08b02d801f9683f596f405c1e2b68b4d7d245a1fd5,roughness,08b183d452702ba4a30049da12326952e320f5b572f15e45053f3bdd2df41234,ea6abe32cba291a48fe181541aca7a2b13adbf9c0522877861fe3fe16052d943,08b183d452702ba4a30049da12326952e320f5b572f15e45053f3bdd2df41234,ea6abe32cba291a48fe181541aca7a2b13adbf9c0522877861fe3fe16052d943,f1ee7b44084ed4b88b1ba80ac156880c2b7b47f06e1019f8b3e629f331666334,-0.2529641670957238,False
53,2,roughness,none,roughness,1.0,test,Oracle-Value+Residual,0.9168218551006257,0.7463995095330427,0.4756855429408533,0.6659694881889764,0.38461538461538464,0.06248631643113561,3.561703917428132,0.46875,128,calibrated,oracle_value,[0.3163379702752094],4438b9f7fed352282c518c08b02d801f9683f596f405c1e2b68b4d7d245a1fd5,roughness,08b183d452702ba4a30049da12326952e320f5b572f15e45053f3bdd2df41234,ea6abe32cba291a48fe181541aca7a2b13adbf9c0522877861fe3fe16052d943,08b183d452702ba4a30049da12326952e320f5b572f15e45053f3bdd2df41234,ea6abe32cba291a48fe181541aca7a2b13adbf9c0522877861fe3fe16052d943,f1ee7b44084ed4b88b1ba80ac156880c2b7b47f06e1019f8b3e629f331666334,-0.2144301515371485,False
53,2,roughness,none,roughness,1.0,test,Oracle-Rank+Value+Residual,0.885096192587094,0.7891131452211209,0.4863692547152536,0.6684301181102362,0.46153846153846156,0.06248631643113561,3.424980191606396,0.4765625,128,calibrated,oracle_rank|oracle_value,"[0.14913544339279233, 0.18384468738857254]",4438b9f7fed352282c518c08b02d801f9683f596f405c1e2b68b4d7d245a1fd5,roughness,08b183d452702ba4a30049da12326952e320f5b572f15e45053f3bdd2df41234,ea6abe32cba291a48fe181541aca7a2b13adbf9c0522877861fe3fe16052d943,08b183d452702ba4a30049da12326952e320f5b572f15e45053f3bdd2df41234,ea6abe32cba291a48fe181541aca7a2b13adbf9c0522877861fe3fe16052d943,f1ee7b44084ed4b88b1ba80ac156880c2b7b47f06e1019f8b3e629f331666334,-0.2461558140506802,False
53,2,reversal,none,reversal,0.35,test,Target-Only,1.2017598219460677,0.305895144493205,0.2511215894524812,0.5948572834645669,0.0,0.40331553371875906,-1.7855597178147726,1.0,128,target_only,none,[],4438b9f7fed352282c518c08b02d801f9683f596f405c1e2b68b4d7d245a1fd5,reversal,08b183d452702ba4a30049da12326952e320f5b572f15e45053f3bdd2df41234,2d5478ee8c79561fcda0da32de0f27f64668f8437502e17d39ee47a890509b28,08b183d452702ba4a30049da12326952e320f5b572f15e45053f3bdd2df41234,2d5478ee8c79561fcda0da32de0f27f64668f8437502e17d39ee47a890509b28,c5b43e7cfcb46f55af548709b0fd763c72c268229201261937310e01f18f4fd9,0.0,False
53,2,reversal,none,reversal,0.35,test,Geometry-Prior+Residual,1.2017598219460677,0.305895144493205,0.2511215894524812,0.5948572834645669,0.0,0.40331553371875906,-1.7855597178147726,1.0,128,target_only,geometry,[1.2589120236385951e-20],4438b9f7fed352282c518c08b02d801f9683f596f405c1e2b68b4d7d245a1fd5,reversal,08b183d452702ba4a30049da12326952e320f5b572f15e45053f3bdd2df41234,2d5478ee8c79561fcda0da32de0f27f64668f8437502e17d39ee47a890509b28,08b183d452702ba4a30049da12326952e320f5b572f15e45053f3bdd2df41234,2d5478ee8c79561fcda0da32de0f27f64668f8437502e17d39ee47a890509b28,c5b43e7cfcb46f55af548709b0fd763c72c268229201261937310e01f18f4fd9,0.0,False
53,2,reversal,none,reversal,0.35,test,Oracle-Rank+Residual,1.2017598219460677,0.305895144493205,0.2511215894524812,0.5948572834645669,0.0,0.40331553371875906,-1.7855597178147726,1.0,128,target_only,oracle_rank,[1.4079027615958808e-20],4438b9f7fed352282c518c08b02d801f9683f596f405c1e2b68b4d7d245a1fd5,reversal,08b183d452702ba4a30049da12326952e320f5b572f15e45053f3bdd2df41234,2d5478ee8c79561fcda0da32de0f27f64668f8437502e17d39ee47a890509b28,08b183d452702ba4a30049da12326952e320f5b572f15e45053f3bdd2df41234,2d5478ee8c79561fcda0da32de0f27f64668f8437502e17d39ee47a890509b28,c5b43e7cfcb46f55af548709b0fd763c72c268229201261937310e01f18f4fd9,0.0,False
53,2,reversal,none,reversal,0.35,test,Oracle-Value+Residual,1.2017598219460677,0.305895144493205,0.2511215894524812,0.5948572834645669,0.0,0.40331553371875906,-1.7855597178147726,1.0,128,target_only,oracle_value,[1.467769958429406e-20],4438b9f7fed352282c518c08b02d801f9683f596f405c1e2b68b4d7d245a1fd5,reversal,08b183d452702ba4a30049da12326952e320f5b572f15e45053f3bdd2df41234,2d5478ee8c79561fcda0da32de0f27f64668f8437502e17d39ee47a890509b28,08b183d452702ba4a30049da12326952e320f5b572f15e45053f3bdd2df41234,2d5478ee8c79561fcda0da32de0f27f64668f8437502e17d39ee47a890509b28,c5b43e7cfcb46f55af548709b0fd763c72c268229201261937310e01f18f4fd9,0.0,False
53,2,reversal,none,reversal,0.35,test,Oracle-Rank+Value+Residual,1.2017598219460677,0.305895144493205,0.2511215894524812,0.5948572834645669,0.0,0.40331553371875906,-1.7855597178147726,1.0,128,target_only,oracle_rank|oracle_value,"[1.4278119649642664e-20, 2.635316006002398e-20]",4438b9f7fed352282c518c08b02d801f9683f596f405c1e2b68b4d7d245a1fd5,reversal,08b183d452702ba4a30049da12326952e320f5b572f15e45053f3bdd2df41234,2d5478ee8c79561fcda0da32de0f27f64668f8437502e17d39ee47a890509b28,08b183d452702ba4a30049da12326952e320f5b572f15e45053f3bdd2df41234,2d5478ee8c79561fcda0da32de0f27f64668f8437502e17d39ee47a890509b28,c5b43e7cfcb46f55af548709b0fd763c72c268229201261937310e01f18f4fd9,0.0,False
53,2,reversal,none,reversal,0.7,test,Target-Only,1.4159140715156133,0.9021530497484133,0.46883011353232,0.6651082677165354,0.46153846153846156,0.0018869241880566528,-1.0198104846238372,0.9140625,128,target_only,none,[],4438b9f7fed352282c518c08b02d801f9683f596f405c1e2b68b4d7d245a1fd5,reversal,08b183d452702ba4a30049da12326952e320f5b572f15e45053f3bdd2df41234,544b94f7d9b59f69c24c05e58a100dc4cce34d356fac36cce612bc91b04d0d3f,08b183d452702ba4a30049da12326952e320f5b572f15e45053f3bdd2df41234,544b94f7d9b59f69c24c05e58a100dc4cce34d356fac36cce612bc91b04d0d3f,a6f74ee1a815e72f284983a8247196ea7327cfe3889327b1e65d13d0defde18a,0.0,False
53,2,reversal,none,reversal,0.7,test,Geometry-Prior+Residual,1.4159140715156133,0.9021530497484133,0.46883011353232,0.6651082677165354,0.46153846153846156,0.0018869241880566528,-1.0198104846238372,0.9140625,128,target_only,geometry,[1.2589120236385951e-20],4438b9f7fed352282c518c08b02d801f9683f596f405c1e2b68b4d7d245a1fd5,reversal,08b183d452702ba4a30049da12326952e320f5b572f15e45053f3bdd2df41234,544b94f7d9b59f69c24c05e58a100dc4cce34d356fac36cce612bc91b04d0d3f,08b183d452702ba4a30049da12326952e320f5b572f15e45053f3bdd2df41234,544b94f7d9b59f69c24c05e58a100dc4cce34d356fac36cce612bc91b04d0d3f,a6f74ee1a815e72f284983a8247196ea7327cfe3889327b1e65d13d0defde18a,0.0,False
53,2,reversal,none,reversal,0.7,test,Oracle-Rank+Residual,1.4159140715156133,0.9021530497484133,0.46883011353232,0.6651082677165354,0.46153846153846156,0.0018869241880566528,-1.0198104846238372,0.9140625,128,target_only,oracle_rank,[1.4079027615958808e-20],4438b9f7fed352282c518c08b02d801f9683f596f405c1e2b68b4d7d245a1fd5,reversal,08b183d452702ba4a30049da12326952e320f5b572f15e45053f3bdd2df41234,544b94f7d9b59f69c24c05e58a100dc4cce34d356fac36cce612bc91b04d0d3f,08b183d452702ba4a30049da12326952e320f5b572f15e45053f3bdd2df41234,544b94f7d9b59f69c24c05e58a100dc4cce34d356fac36cce612bc91b04d0d3f,a6f74ee1a815e72f284983a8247196ea7327cfe3889327b1e65d13d0defde18a,0.0,False
53,2,reversal,none,reversal,0.7,test,Oracle-Value+Residual,1.4159140715156133,0.9021530497484133,0.46883011353232,0.6651082677165354,0.46153846153846156,0.0018869241880566528,-1.0198104846238372,0.9140625,128,target_only,oracle_value,[1.467769958429406e-20],4438b9f7fed352282c518c08b02d801f9683f596f405c1e2b68b4d7d245a1fd5,reversal,08b183d452702ba4a30049da12326952e320f5b572f15e45053f3bdd2df41234,544b94f7d9b59f69c24c05e58a100dc4cce34d356fac36cce612bc91b04d0d3f,08b183d452702ba4a30049da12326952e320f5b572f15e45053f3bdd2df41234,544b94f7d9b59f69c24c05e58a100dc4cce34d356fac36cce612bc91b04d0d3f,a6f74ee1a815e72f284983a8247196ea7327cfe3889327b1e65d13d0defde18a,0.0,False
53,2,reversal,none,reversal,0.7,test,Oracle-Rank+Value+Residual,1.4159140715156133,0.9021530497484133,0.46883011353232,0.6651082677165354,0.46153846153846156,0.0018869241880566528,-1.0198104846238372,0.9140625,128,target_only,oracle_rank|oracle_value,"[1.4278119649642664e-20, 2.635316006002398e-20]",4438b9f7fed352282c518c08b02d801f9683f596f405c1e2b68b4d7d245a1fd5,reversal,08b183d452702ba4a30049da12326952e320f5b572f15e45053f3bdd2df41234,544b94f7d9b59f69c24c05e58a100dc4cce34d356fac36cce612bc91b04d0d3f,08b183d452702ba4a30049da12326952e320f5b572f15e45053f3bdd2df41234,544b94f7d9b59f69c24c05e58a100dc4cce34d356fac36cce612bc91b04d0d3f,a6f74ee1a815e72f284983a8247196ea7327cfe3889327b1e65d13d0defde18a,0.0,False
53,2,reversal,none,reversal,1.0,test,Target-Only,0.9020288813654801,0.8642085177247033,0.5505058597326498,0.6916830708661418,0.38461538461538464,0.0011669987173924506,-0.08447755645369634,0.78125,128,target_only,none,[],4438b9f7fed352282c518c08b02d801f9683f596f405c1e2b68b4d7d245a1fd5,reversal,08b183d452702ba4a30049da12326952e320f5b572f15e45053f3bdd2df41234,ea6abe32cba291a48fe181541aca7a2b13adbf9c0522877861fe3fe16052d943,08b183d452702ba4a30049da12326952e320f5b572f15e45053f3bdd2df41234,ea6abe32cba291a48fe181541aca7a2b13adbf9c0522877861fe3fe16052d943,1f22440fb2384c7ce7dadfe8f1f8597ca174220dc36ffeaeac02d41fc94bccb6,0.0,False
53,2,reversal,none,reversal,1.0,test,Geometry-Prior+Residual,0.9020288813654801,0.8642085177247033,0.5505058597326498,0.6916830708661418,0.38461538461538464,0.0011669987173924506,-0.08447755645369634,0.78125,128,target_only,geometry,[1.2589120236385951e-20],4438b9f7fed352282c518c08b02d801f9683f596f405c1e2b68b4d7d245a1fd5,reversal,08b183d452702ba4a30049da12326952e320f5b572f15e45053f3bdd2df41234,ea6abe32cba291a48fe181541aca7a2b13adbf9c0522877861fe3fe16052d943,08b183d452702ba4a30049da12326952e320f5b572f15e45053f3bdd2df41234,ea6abe32cba291a48fe181541aca7a2b13adbf9c0522877861fe3fe16052d943,1f22440fb2384c7ce7dadfe8f1f8597ca174220dc36ffeaeac02d41fc94bccb6,0.0,False
53,2,reversal,none,reversal,1.0,test,Oracle-Rank+Residual,0.9020288813654801,0.8642085177247033,0.5505058597326498,0.6916830708661418,0.38461538461538464,0.0011669987173924506,-0.08447755645369634,0.78125,128,target_only,oracle_rank,[1.4079027615958808e-20],4438b9f7fed352282c518c08b02d801f9683f596f405c1e2b68b4d7d245a1fd5,reversal,08b183d452702ba4a30049da12326952e320f5b572f15e45053f3bdd2df41234,ea6abe32cba291a48fe181541aca7a2b13adbf9c0522877861fe3fe16052d943,08b183d452702ba4a30049da12326952e320f5b572f15e45053f3bdd2df41234,ea6abe32cba291a48fe181541aca7a2b13adbf9c0522877861fe3fe16052d943,1f22440fb2384c7ce7dadfe8f1f8597ca174220dc36ffeaeac02d41fc94bccb6,0.0,False
53,2,reversal,none,reversal,1.0,test,Oracle-Value+Residual,0.9020288813654801,0.8642085177247033,0.5505058597326498,0.6916830708661418,0.38461538461538464,0.0011669987173924506,-0.08447755645369634,0.78125,128,target_only,oracle_value,[1.467769958429406e-20],4438b9f7fed352282c518c08b02d801f9683f596f405c1e2b68b4d7d245a1fd5,reversal,08b183d452702ba4a30049da12326952e320f5b572f15e45053f3bdd2df41234,ea6abe32cba291a48fe181541aca7a2b13adbf9c0522877861fe3fe16052d943,08b183d452702ba4a30049da12326952e320f5b572f15e45053f3bdd2df41234,ea6abe32cba291a48fe181541aca7a2b13adbf9c0522877861fe3fe16052d943,1f22440fb2384c7ce7dadfe8f1f8597ca174220dc36ffeaeac02d41fc94bccb6,0.0,False
53,2,reversal,none,reversal,1.0,test,Oracle-Rank+Value+Residual,0.9020288813654801,0.8642085177247033,0.5505058597326498,0.6916830708661418,0.38461538461538464,0.0011669987173924506,-0.08447755645369634,0.78125,128,target_only,oracle_rank|oracle_value,"[1.4278119649642664e-20, 2.635316006002398e-20]",4438b9f7fed352282c518c08b02d801f9683f596f405c1e2b68b4d7d245a1fd5,reversal,08b183d452702ba4a30049da12326952e320f5b572f15e45053f3bdd2df41234,ea6abe32cba291a48fe181541aca7a2b13adbf9c0522877861fe3fe16052d943,08b183d452702ba4a30049da12326952e320f5b572f15e45053f3bdd2df41234,ea6abe32cba291a48fe181541aca7a2b13adbf9c0522877861fe3fe16052d943,1f22440fb2384c7ce7dadfe8f1f8597ca174220dc36ffeaeac02d41fc94bccb6,0.0,False
53,2,independent_expert,none,independent_expert,0.35,test,Target-Only,1.2017598219460677,0.7979287304969918,0.2511215894524812,0.5948572834645669,0.3076923076923077,0.29388342396903533,-1.7855597178147726,1.0,128,target_only,none,[],c778a2a6351e57fc657ef1bc39f9a0a831a298ed1b3d9333625e95840f86695b,independent_expert,08b183d452702ba4a30049da12326952e320f5b572f15e45053f3bdd2df41234,2d5478ee8c79561fcda0da32de0f27f64668f8437502e17d39ee47a890509b28,08b183d452702ba4a30049da12326952e320f5b572f15e45053f3bdd2df41234,2d5478ee8c79561fcda0da32de0f27f64668f8437502e17d39ee47a890509b28,73d9421e1146ecb9e7d09a98e248b07dafc2a700272453c657507148e01581f3,0.0,False
53,2,independent_expert,none,independent_expert,0.35,test,Geometry-Prior+Residual,0.9263722310338329,0.8474227890516071,0.638533464566929,0.7294537401574803,0.38461538461538464,0.15789092183935152,-1.5271425699740124,0.6953125,128,calibrated,geometry,[0.2322286180301588],c778a2a6351e57fc657ef1bc39f9a0a831a298ed1b3d9333625e95840f86695b,independent_expert,08b183d452702ba4a30049da12326952e320f5b572f15e45053f3bdd2df41234,2d5478ee8c79561fcda0da32de0f27f64668f8437502e17d39ee47a890509b28,08b183d452702ba4a30049da12326952e320f5b572f15e45053f3bdd2df41234,2d5478ee8c79561fcda0da32de0f27f64668f8437502e17d39ee47a890509b28,73d9421e1146ecb9e7d09a98e248b07dafc2a700272453c657507148e01581f3,-0.27538759091223475,False
53,2,independent_expert,none,independent_expert,0.35,test,Oracle-Rank+Residual,3.0606570538261253,0.8999299100752047,0.5061458524079839,0.6889763779527559,0.5384615384615384,0.03925996687191442,16.45543951630605,0.2578125,128,calibrated,oracle_rank,[0.19994630989953904],c778a2a6351e57fc657ef1bc39f9a0a831a298ed1b3d9333625e95840f86695b,independent_expert,08b183d452702ba4a30049da12326952e320f5b572f15e45053f3bdd2df41234,2d5478ee8c79561fcda0da32de0f27f64668f8437502e17d39ee47a890509b28,08b183d452702ba4a30049da12326952e320f5b572f15e45053f3bdd2df41234,2d5478ee8c79561fcda0da32de0f27f64668f8437502e17d39ee47a890509b28,73d9421e1146ecb9e7d09a98e248b07dafc2a700272453c657507148e01581f3,1.8588972318800576,True
53,2,independent_expert,none,independent_expert,0.35,test,Oracle-Value+Residual,2.972963883055098,0.8946587641070581,0.48770829518403225,0.6761811023622047,0.5384615384615384,0.11419139218147108,15.53728193211107,0.203125,128,calibrated,oracle_value,[0.19822628977451393],c778a2a6351e57fc657ef1bc39f9a0a831a298ed1b3d9333625e95840f86695b,independent_expert,08b183d452702ba4a30049da12326952e320f5b572f15e45053f3bdd2df41234,2d5478ee8c79561fcda0da32de0f27f64668f8437502e17d39ee47a890509b28,08b183d452702ba4a30049da12326952e320f5b572f15e45053f3bdd2df41234,2d5478ee8c79561fcda0da32de0f27f64668f8437502e17d39ee47a890509b28,73d9421e1146ecb9e7d09a98e248b07dafc2a700272453c657507148e01581f3,1.7712040611090303,True
53,2,independent_expert,none,independent_expert,0.35,test,Oracle-Rank+Value+Residual,3.129653209611986,0.895990531414182,0.5039827870353415,0.687253937007874,0.5384615384615384,0.11419139218147108,17.817750549947554,0.1953125,128,calibrated,oracle_rank|oracle_value,"[0.11433201227376714, 0.09320039912215874]",c778a2a6351e57fc657ef1bc39f9a0a831a298ed1b3d9333625e95840f86695b,independent_expert,08b183d452702ba4a30049da12326952e320f5b572f15e45053f3bdd2df41234,2d5478ee8c79561fcda0da32de0f27f64668f8437502e17d39ee47a890509b28,08b183d452702ba4a30049da12326952e320f5b572f15e45053f3bdd2df41234,2d5478ee8c79561fcda0da32de0f27f64668f8437502e17d39ee47a890509b28,73d9421e1146ecb9e7d09a98e248b07dafc2a700272453c657507148e01581f3,1.9278933876659181,True
53,2,independent_expert,none,independent_expert,0.7,test,Target-Only,1.4159140715156133,0.7368707470506365,0.46883011353232,0.6651082677165354,0.15384615384615385,0.72190838973063,-1.0198104846238372,0.9140625,128,target_only,none,[],c778a2a6351e57fc657ef1bc39f9a0a831a298ed1b3d9333625e95840f86695b,independent_expert,08b183d452702ba4a30049da12326952e320f5b572f15e45053f3bdd2df41234,544b94f7d9b59f69c24c05e58a100dc4cce34d356fac36cce612bc91b04d0d3f,08b183d452702ba4a30049da12326952e320f5b572f15e45053f3bdd2df41234,544b94f7d9b59f69c24c05e58a100dc4cce34d356fac36cce612bc91b04d0d3f,d639f96512aa710ca9774728b37d414070a6795781241c57e72ef147b61990b6,0.0,False
53,2,independent_expert,none,independent_expert,0.7,test,Geometry-Prior+Residual,0.9525670930005038,0.794734013513653,0.7976274949642921,0.796751968503937,0.3076923076923077,0.6087306978753939,-1.028658256555268,0.734375,128,calibrated,geometry,[0.2322286180301588],c778a2a6351e57fc657ef1bc39f9a0a831a298ed1b3d9333625e95840f86695b,independent_expert,08b183d452702ba4a30049da12326952e320f5b572f15e45053f3bdd2df41234,544b94f7d9b59f69c24c05e58a100dc4cce34d356fac36cce612bc91b04d0d3f,08b183d452702ba4a30049da12326952e320f5b572f15e45053f3bdd2df41234,544b94f7d9b59f69c24c05e58a100dc4cce34d356fac36cce612bc91b04d0d3f,d639f96512aa710ca9774728b37d414070a6795781241c57e72ef147b61990b6,-0.46334697851510953,False
53,2,independent_expert,none,independent_expert,0.7,test,Oracle-Rank+Residual,2.9691597471523017,0.5271888132200705,-0.14665926570225232,0.4592765748031496,0.0,0.923444818171834,3.4430010488729836,0.3203125,128,calibrated,oracle_rank,[0.19994630989953904],c778a2a6351e57fc657ef1bc39f9a0a831a298ed1b3d9333625e95840f86695b,independent_expert,08b183d452702ba4a30049da12326952e320f5b572f15e45053f3bdd2df41234,544b94f7d9b59f69c24c05e58a100dc4cce34d356fac36cce612bc91b04d0d3f,08b183d452702ba4a30049da12326952e320f5b572f15e45053f3bdd2df41234,544b94f7d9b59f69c24c05e58a100dc4cce34d356fac36cce612bc91b04d0d3f,d639f96512aa710ca9774728b37d414070a6795781241c57e72ef147b61990b6,1.5532456756366884,True
53,2,independent_expert,none,independent_expert,0.7,test,Oracle-Value+Residual,2.9783895064978547,0.5151159889064939,-0.08090894524812305,0.47896161417322836,0.0,0.923444818171834,4.551984740625098,0.3125,128,calibrated,oracle_value,[0.19822628977451393],c778a2a6351e57fc657ef1bc39f9a0a831a298ed1b3d9333625e95840f86695b,independent_expert,08b183d452702ba4a30049da12326952e320f5b572f15e45053f3bdd2df41234,544b94f7d9b59f69c24c05e58a100dc4cce34d356fac36cce612bc91b04d0d3f,08b183d452702ba4a30049da12326952e320f5b572f15e45053f3bdd2df41234,544b94f7d9b59f69c24c05e58a100dc4cce34d356fac36cce612bc91b04d0d3f,d639f96512aa710ca9774728b37d414070a6795781241c57e72ef147b61990b6,1.5624754349822414,True
53,2,independent_expert,none,independent_expert,0.7,test,Oracle-Rank+Value+Residual,3.0854868321173345,0.5269147973979121,-0.13691402673503023,0.4609990157480315,0.0,0.923444818171834,4.390353800699179,0.3046875,128,calibrated,oracle_rank|oracle_value,"[0.11433201227376714, 0.09320039912215874]",c778a2a6351e57fc657ef1bc39f9a0a831a298ed1b3d9333625e95840f86695b,independent_expert,08b183d452702ba4a30049da12326952e320f5b572f15e45053f3bdd2df41234,544b94f7d9b59f69c24c05e58a100dc4cce34d356fac36cce612bc91b04d0d3f,08b183d452702ba4a30049da12326952e320f5b572f15e45053f3bdd2df41234,544b94f7d9b59f69c24c05e58a100dc4cce34d356fac36cce612bc91b04d0d3f,d639f96512aa710ca9774728b37d414070a6795781241c57e72ef147b61990b6,1.6695727606017212,True
53,2,independent_expert,none,independent_expert,1.0,test,Target-Only,0.9020288813654801,0.761294910401467,0.5505058597326498,0.6916830708661418,0.15384615384615385,0.30037899827971265,-0.08447755645369634,0.78125,128,target_only,none,[],c778a2a6351e57fc657ef1bc39f9a0a831a298ed1b3d9333625e95840f86695b,independent_expert,08b183d452702ba4a30049da12326952e320f5b572f15e45053f3bdd2df41234,ea6abe32cba291a48fe181541aca7a2b13adbf9c0522877861fe3fe16052d943,08b183d452702ba4a30049da12326952e320f5b572f15e45053f3bdd2df41234,ea6abe32cba291a48fe181541aca7a2b13adbf9c0522877861fe3fe16052d943,48228a3a48ffcbda20e13c4494e6e231b65300f42a483c020c8da47fbd359081,0.0,False
53,2,independent_expert,none,independent_expert,1.0,test,Geometry-Prior+Residual,0.6576505377494881,0.8185901652481612,0.7802543032411646,0.7921998031496063,0.15384615384615385,0.2280676938874363,0.09347554962323584,0.5546875,128,calibrated,geometry,[0.2322286180301588],c778a2a6351e57fc657ef1bc39f9a0a831a298ed1b3d9333625e95840f86695b,independent_expert,08b183d452702ba4a30049da12326952e320f5b572f15e45053f3bdd2df41234,ea6abe32cba291a48fe181541aca7a2b13adbf9c0522877861fe3fe16052d943,08b183d452702ba4a30049da12326952e320f5b572f15e45053f3bdd2df41234,ea6abe32cba291a48fe181541aca7a2b13adbf9c0522877861fe3fe16052d943,48228a3a48ffcbda20e13c4494e6e231b65300f42a483c020c8da47fbd359081,-0.24437834361599198,False
53,2,independent_expert,none,independent_expert,1.0,test,Oracle-Rank+Residual,1.5605829124043955,0.28290814072997483,0.31714658487456504,0.609621062992126,0.0,0.7703186444950234,8.018269040513033,0.40625,128,calibrated,oracle_rank,[0.19994630989953904],c778a2a6351e57fc657ef1bc39f9a0a831a298ed1b3d9333625e95840f86695b,independent_expert,08b183d452702ba4a30049da12326952e320f5b572f15e45053f3bdd2df41234,ea6abe32cba291a48fe181541aca7a2b13adbf9c0522877861fe3fe16052d943,08b183d452702ba4a30049da12326952e320f5b572f15e45053f3bdd2df41234,ea6abe32cba291a48fe181541aca7a2b13adbf9c0522877861fe3fe16052d943,48228a3a48ffcbda20e13c4494e6e231b65300f42a483c020c8da47fbd359081,0.6585540310389154,True
53,2,independent_expert,none,independent_expert,1.0,test,Oracle-Value+Residual,1.518873354746435,0.3905039994879617,0.3868224684123786,0.6329970472440944,0.15384615384615385,0.7703186444950234,8.118052636894266,0.375,128,calibrated,oracle_value,[0.19822628977451393],c778a2a6351e57fc657ef1bc39f9a0a831a298ed1b3d9333625e95840f86695b,independent_expert,08b183d452702ba4a30049da12326952e320f5b572f15e45053f3bdd2df41234,ea6abe32cba291a48fe181541aca7a2b13adbf9c0522877861fe3fe16052d943,08b183d452702ba4a30049da12326952e320f5b572f15e45053f3bdd2df41234,ea6abe32cba291a48fe181541aca7a2b13adbf9c0522877861fe3fe16052d943,48228a3a48ffcbda20e13c4494e6e231b65300f42a483c020c8da47fbd359081,0.6168444733809549,True
53,2,independent_expert,none,independent_expert,1.0,test,Oracle-Rank+Value+Residual,1.57566307408051,0.3512322145985571,0.33230520966855887,0.6138041338582677,0.15384615384615385,0.7703186444950234,8.61250115814972,0.3515625,128,calibrated,oracle_rank|oracle_value,"[0.11433201227376714, 0.09320039912215874]",c778a2a6351e57fc657ef1bc39f9a0a831a298ed1b3d9333625e95840f86695b,independent_expert,08b183d452702ba4a30049da12326952e320f5b572f15e45053f3bdd2df41234,ea6abe32cba291a48fe181541aca7a2b13adbf9c0522877861fe3fe16052d943,08b183d452702ba4a30049da12326952e320f5b572f15e45053f3bdd2df41234,ea6abe32cba291a48fe181541aca7a2b13adbf9c0522877861fe3fe16052d943,48228a3a48ffcbda20e13c4494e6e231b65300f42a483c020c8da47fbd359081,0.6736341927150299,True
71,2,identity,none,identity,0.35,test,Target-Only,0.49649788391687816,0.953965995386866,0.95445545687603,0.9085875984251969,0.5384615384615384,0.0,-2.1338692656424154,1.0,128,target_only,none,[],67a4344b2ea80903492128774faad7ea0274b05dd88e02efa09406ddcd34b65a,identity,7d6b0418453fc965b7c7060a3284ac2ffbbc1948602e1d9af0be1949d7ddb5e7,c3c24a7a69878fc25e4ebd46c592e42b355e2b83a599bfe04a7864e0a40d1168,7d6b0418453fc965b7c7060a3284ac2ffbbc1948602e1d9af0be1949d7ddb5e7,c3c24a7a69878fc25e4ebd46c592e42b355e2b83a599bfe04a7864e0a40d1168,898276c6af8b49b8439261fddd68c77bec005b4ca4b8686fd16d71867723ea20,0.0,False
71,2,identity,none,identity,0.35,test,Geometry-Prior+Residual,0.4382123756837128,0.9683532686292204,0.9526300128181651,0.9048966535433071,0.7692307692307693,0.0,-2.3655592048339056,0.8828125,128,calibrated,geometry,[0.24486239825576972],67a4344b2ea80903492128774faad7ea0274b05dd88e02efa09406ddcd34b65a,identity,7d6b0418453fc965b7c7060a3284ac2ffbbc1948602e1d9af0be1949d7ddb5e7,c3c24a7a69878fc25e4ebd46c592e42b355e2b83a599bfe04a7864e0a40d1168,7d6b0418453fc965b7c7060a3284ac2ffbbc1948602e1d9af0be1949d7ddb5e7,c3c24a7a69878fc25e4ebd46c592e42b355e2b83a599bfe04a7864e0a40d1168,898276c6af8b49b8439261fddd68c77bec005b4ca4b8686fd16d71867723ea20,-0.05828550823316536,False
71,2,identity,none,identity,0.35,test,Oracle-Rank+Residual,0.28176891086650224,0.9840206741599807,0.9440292528840871,0.9048966535433071,0.8461538461538461,0.0,-2.8605926209744457,0.8125,128,calibrated,oracle_rank,[0.28324041294294977],67a4344b2ea80903492128774faad7ea0274b05dd88e02efa09406ddcd34b65a,identity,7d6b0418453fc965b7c7060a3284ac2ffbbc1948602e1d9af0be1949d7ddb5e7,c3c24a7a69878fc25e4ebd46c592e42b355e2b83a599bfe04a7864e0a40d1168,7d6b0418453fc965b7c7060a3284ac2ffbbc1948602e1d9af0be1949d7ddb5e7,c3c24a7a69878fc25e4ebd46c592e42b355e2b83a599bfe04a7864e0a40d1168,898276c6af8b49b8439261fddd68c77bec005b4ca4b8686fd16d71867723ea20,-0.21472897305037592,False
71,2,identity,none,identity,0.35,test,Oracle-Value+Residual,0.04863003241007017,0.998504491420878,0.9770417505951291,0.9553395669291339,0.9230769230769231,0.0,-4.576521576340715,1.0,128,calibrated,oracle_value,[0.2927373968600693],67a4344b2ea80903492128774faad7ea0274b05dd88e02efa09406ddcd34b65a,identity,7d6b0418453fc965b7c7060a3284ac2ffbbc1948602e1d9af0be1949d7ddb5e7,c3c24a7a69878fc25e4ebd46c592e42b355e2b83a599bfe04a7864e0a40d1168,7d6b0418453fc965b7c7060a3284ac2ffbbc1948602e1d9af0be1949d7ddb5e7,c3c24a7a69878fc25e4ebd46c592e42b355e2b83a599bfe04a7864e0a40d1168,898276c6af8b49b8439261fddd68c77bec005b4ca4b8686fd16d71867723ea20,-0.44786785150680797,False
71,2,identity,none,identity,0.35,test,Oracle-Rank+Value+Residual,0.11133546892299209,0.9969797145596024,0.9611449368247572,0.9338090551181102,0.9230769230769231,0.0,-3.746520054023036,0.8125,128,calibrated,oracle_rank|oracle_value,"[0.10798147606871494, 0.1963594694001727]",67a4344b2ea80903492128774faad7ea0274b05dd88e02efa09406ddcd34b65a,identity,7d6b0418453fc965b7c7060a3284ac2ffbbc1948602e1d9af0be1949d7ddb5e7,c3c24a7a69878fc25e4ebd46c592e42b355e2b83a599bfe04a7864e0a40d1168,7d6b0418453fc965b7c7060a3284ac2ffbbc1948602e1d9af0be1949d7ddb5e7,c3c24a7a69878fc25e4ebd46c592e42b355e2b83a599bfe04a7864e0a40d1168,898276c6af8b49b8439261fddd68c77bec005b4ca4b8686fd16d71867723ea20,-0.38516241499388604,False
71,2,identity,none,identity,0.7,test,Target-Only,1.8231776377399664,0.9187060358643984,0.9274686412744918,0.8823818897637795,0.46153846153846156,0.08517808640220087,-0.4039970586291144,0.7421875,128,target_only,none,[],67a4344b2ea80903492128774faad7ea0274b05dd88e02efa09406ddcd34b65a,identity,7d6b0418453fc965b7c7060a3284ac2ffbbc1948602e1d9af0be1949d7ddb5e7,15fe1c42e2f68bd8222e523b9802e88253c7da54247562b8a7f321269fd70525,7d6b0418453fc965b7c7060a3284ac2ffbbc1948602e1d9af0be1949d7ddb5e7,15fe1c42e2f68bd8222e523b9802e88253c7da54247562b8a7f321269fd70525,09d6d69a1a6507956fd4523a2b056473fbd3b6c536aa67435ca7ef82d032b008,0.0,False
71,2,identity,none,identity,0.7,test,Geometry-Prior+Residual,1.427357709336381,0.8139459545643349,0.9215917414392968,0.8801673228346457,0.3076923076923077,0.29364440987307505,0.37247155761255263,0.421875,128,calibrated,geometry,[0.24486239825576972],67a4344b2ea80903492128774faad7ea0274b05dd88e02efa09406ddcd34b65a,identity,7d6b0418453fc965b7c7060a3284ac2ffbbc1948602e1d9af0be1949d7ddb5e7,15fe1c42e2f68bd8222e523b9802e88253c7da54247562b8a7f321269fd70525,7d6b0418453fc965b7c7060a3284ac2ffbbc1948602e1d9af0be1949d7ddb5e7,15fe1c42e2f68bd8222e523b9802e88253c7da54247562b8a7f321269fd70525,09d6d69a1a6507956fd4523a2b056473fbd3b6c536aa67435ca7ef82d032b008,-0.3958199284035855,False
71,2,identity,none,identity,0.7,test,Oracle-Rank+Residual,0.9887060222137884,0.9897595250118482,0.96247825489837,0.922613188976378,0.8461538461538461,0.0,1.5322230222182691,0.234375,128,calibrated,oracle_rank,[0.28324041294294977],67a4344b2ea80903492128774faad7ea0274b05dd88e02efa09406ddcd34b65a,identity,7d6b0418453fc965b7c7060a3284ac2ffbbc1948602e1d9af0be1949d7ddb5e7,15fe1c42e2f68bd8222e523b9802e88253c7da54247562b8a7f321269fd70525,7d6b0418453fc965b7c7060a3284ac2ffbbc1948602e1d9af0be1949d7ddb5e7,15fe1c42e2f68bd8222e523b9802e88253c7da54247562b8a7f321269fd70525,09d6d69a1a6507956fd4523a2b056473fbd3b6c536aa67435ca7ef82d032b008,-0.834471615526178,False
71,2,identity,none,identity,0.7,test,Oracle-Value+Residual,0.15510932267473682,0.9995054202671037,0.9785696301043765,0.9483267716535433,1.0,0.0,-2.7492055707896994,0.7421875,128,calibrated,oracle_value,[0.2927373968600693],67a4344b2ea80903492128774faad7ea0274b05dd88e02efa09406ddcd34b65a,identity,7d6b0418453fc965b7c7060a3284ac2ffbbc1948602e1d9af0be1949d7ddb5e7,15fe1c42e2f68bd8222e523b9802e88253c7da54247562b8a7f321269fd70525,7d6b0418453fc965b7c7060a3284ac2ffbbc1948602e1d9af0be1949d7ddb5e7,15fe1c42e2f68bd8222e523b9802e88253c7da54247562b8a7f321269fd70525,09d6d69a1a6507956fd4523a2b056473fbd3b6c536aa67435ca7ef82d032b008,-1.6680683150652296,False
71,2,identity,none,identity,0.7,test,Oracle-Rank+Value+Residual,0.3813573612226292,0.9969442019826732,0.9715310840505401,0.9375,0.9230769230769231,0.0,0.7859817092372035,0.234375,128,calibrated,oracle_rank|oracle_value,"[0.10798147606871494, 0.1963594694001727]",67a4344b2ea80903492128774faad7ea0274b05dd88e02efa09406ddcd34b65a,identity,7d6b0418453fc965b7c7060a3284ac2ffbbc1948602e1d9af0be1949d7ddb5e7,15fe1c42e2f68bd8222e523b9802e88253c7da54247562b8a7f321269fd70525,7d6b0418453fc965b7c7060a3284ac2ffbbc1948602e1d9af0be1949d7ddb5e7,15fe1c42e2f68bd8222e523b9802e88253c7da54247562b8a7f321269fd70525,09d6d69a1a6507956fd4523a2b056473fbd3b6c536aa67435ca7ef82d032b008,-1.4418202765173374,False
71,2,identity,none,identity,1.0,test,Target-Only,0.4995668499212354,0.8818090344379509,0.8920355704083499,0.8537155511811023,0.46153846153846156,0.11285904623488108,-0.9097381186752047,0.9453125,128,target_only,none,[],67a4344b2ea80903492128774faad7ea0274b05dd88e02efa09406ddcd34b65a,identity,7d6b0418453fc965b7c7060a3284ac2ffbbc1948602e1d9af0be1949d7ddb5e7,71cc56911101ec2ce0d612eb4cea558ba6679869949f30a2867d7d94f6bdef89,7d6b0418453fc965b7c7060a3284ac2ffbbc1948602e1d9af0be1949d7ddb5e7,71cc56911101ec2ce0d612eb4cea558ba6679869949f30a2867d7d94f6bdef89,1688b4a36acbf36e99b9b0f98b814693520fc15977338b8b6f82583f3cedd928,0.0,False
71,2,identity,none,identity,1.0,test,Geometry-Prior+Residual,0.43959352497811993,0.8078945092387584,0.9026506134407617,0.8623277559055118,0.3076923076923077,0.2067090870835566,-0.7936391116822428,0.765625,128,calibrated,geometry,[0.24486239825576972],67a4344b2ea80903492128774faad7ea0274b05dd88e02efa09406ddcd34b65a,identity,7d6b0418453fc965b7c7060a3284ac2ffbbc1948602e1d9af0be1949d7ddb5e7,71cc56911101ec2ce0d612eb4cea558ba6679869949f30a2867d7d94f6bdef89,7d6b0418453fc965b7c7060a3284ac2ffbbc1948602e1d9af0be1949d7ddb5e7,71cc56911101ec2ce0d612eb4cea558ba6679869949f30a2867d7d94f6bdef89,1688b4a36acbf36e99b9b0f98b814693520fc15977338b8b6f82583f3cedd928,-0.05997332494311547,False
71,2,identity,none,identity,1.0,test,Oracle-Rank+Residual,0.21937321031817253,0.9956871026628885,0.9746497894158579,0.9422982283464567,0.9230769230769231,0.0,-1.4558352402886625,0.828125,128,calibrated,oracle_rank,[0.28324041294294977],67a4344b2ea80903492128774faad7ea0274b05dd88e02efa09406ddcd34b65a,identity,7d6b0418453fc965b7c7060a3284ac2ffbbc1948602e1d9af0be1949d7ddb5e7,71cc56911101ec2ce0d612eb4cea558ba6679869949f30a2867d7d94f6bdef89,7d6b0418453fc965b7c7060a3284ac2ffbbc1948602e1d9af0be1949d7ddb5e7,71cc56911101ec2ce0d612eb4cea558ba6679869949f30a2867d7d94f6bdef89,1688b4a36acbf36e99b9b0f98b814693520fc15977338b8b6f82583f3cedd928,-0.28019363960306287,False
71,2,identity,none,identity,1.0,test,Oracle-Value+Residual,0.06489951253521982,0.9986276991904134,0.9941917689067936,0.9733021653543307,1.0,0.0,-2.5024722933356687,0.8046875,128,calibrated,oracle_value,[0.2927373968600693],67a4344b2ea80903492128774faad7ea0274b05dd88e02efa09406ddcd34b65a,identity,7d6b0418453fc965b7c7060a3284ac2ffbbc1948602e1d9af0be1949d7ddb5e7,71cc56911101ec2ce0d612eb4cea558ba6679869949f30a2867d7d94f6bdef89,7d6b0418453fc965b7c7060a3284ac2ffbbc1948602e1d9af0be1949d7ddb5e7,71cc56911101ec2ce0d612eb4cea558ba6679869949f30a2867d7d94f6bdef89,1688b4a36acbf36e99b9b0f98b814693520fc15977338b8b6f82583f3cedd928,-0.4346673373860156,False
71,2,identity,none,identity,1.0,test,Oracle-Rank+Value+Residual,0.09741476746129374,0.997171397349553,0.990271928218275,0.9669045275590551,0.9230769230769231,0.0,-1.7785541434467327,0.75,128,calibrated,oracle_rank|oracle_value,"[0.10798147606871494, 0.1963594694001727]",67a4344b2ea80903492128774faad7ea0274b05dd88e02efa09406ddcd34b65a,identity,7d6b0418453fc965b7c7060a3284ac2ffbbc1948602e1d9af0be1949d7ddb5e7,71cc56911101ec2ce0d612eb4cea558ba6679869949f30a2867d7d94f6bdef89,7d6b0418453fc965b7c7060a3284ac2ffbbc1948602e1d9af0be1949d7ddb5e7,71cc56911101ec2ce0d612eb4cea558ba6679869949f30a2867d7d94f6bdef89,1688b4a36acbf36e99b9b0f98b814693520fc15977338b8b6f82583f3cedd928,-0.40215208245994166,False
71,2,identity,identity_label_permutation,identity_label_permutation,0.35,test,Target-Only,0.49649788391687816,0.953965995386866,0.95445545687603,0.9085875984251969,0.5384615384615384,0.0,-2.1338692656424154,1.0,128,target_only,none,[],af16325f749322811d762c38aa6556561285093bb027d6c8dbacfa5213b0badf,identity,7d6b0418453fc965b7c7060a3284ac2ffbbc1948602e1d9af0be1949d7ddb5e7,c3c24a7a69878fc25e4ebd46c592e42b355e2b83a599bfe04a7864e0a40d1168,7d6b0418453fc965b7c7060a3284ac2ffbbc1948602e1d9af0be1949d7ddb5e7,c3c24a7a69878fc25e4ebd46c592e42b355e2b83a599bfe04a7864e0a40d1168,898276c6af8b49b8439261fddd68c77bec005b4ca4b8686fd16d71867723ea20,0.0,False
71,2,identity,identity_label_permutation,identity_label_permutation,0.35,test,Geometry-Prior+Residual,0.4382123756837128,0.9683532686292204,0.9526300128181651,0.9048966535433071,0.7692307692307693,0.0,-2.3655592048339056,0.8828125,128,calibrated,geometry,[0.24486239825576972],af16325f749322811d762c38aa6556561285093bb027d6c8dbacfa5213b0badf,identity,7d6b0418453fc965b7c7060a3284ac2ffbbc1948602e1d9af0be1949d7ddb5e7,c3c24a7a69878fc25e4ebd46c592e42b355e2b83a599bfe04a7864e0a40d1168,7d6b0418453fc965b7c7060a3284ac2ffbbc1948602e1d9af0be1949d7ddb5e7,c3c24a7a69878fc25e4ebd46c592e42b355e2b83a599bfe04a7864e0a40d1168,898276c6af8b49b8439261fddd68c77bec005b4ca4b8686fd16d71867723ea20,-0.05828550823316536,False
71,2,identity,identity_label_permutation,identity_label_permutation,0.35,test,Oracle-Rank+Residual,2.9879963635612956,0.9871623726117567,0.595306491485076,0.7149360236220472,0.8461538461538461,0.004265878692998017,9.826630452159284,0.3046875,128,calibrated,oracle_rank,[0.2175619930531166],af16325f749322811d762c38aa6556561285093bb027d6c8dbacfa5213b0badf,identity,7d6b0418453fc965b7c7060a3284ac2ffbbc1948602e1d9af0be1949d7ddb5e7,c3c24a7a69878fc25e4ebd46c592e42b355e2b83a599bfe04a7864e0a40d1168,7d6b0418453fc965b7c7060a3284ac2ffbbc1948602e1d9af0be1949d7ddb5e7,c3c24a7a69878fc25e4ebd46c592e42b355e2b83a599bfe04a7864e0a40d1168,898276c6af8b49b8439261fddd68c77bec005b4ca4b8686fd16d71867723ea20,2.4914984796444175,True
71,2,identity,identity_label_permutation,identity_label_permutation,0.35,test,Oracle-Value+Residual,3.3980438594441655,0.939159681336951,0.527461774400293,0.6924212598425197,0.7692307692307693,0.004265878692998017,22.423559005405046,0.5078125,128,calibrated,oracle_value,[0.21800427068317382],af16325f749322811d762c38aa6556561285093bb027d6c8dbacfa5213b0badf,identity,7d6b0418453fc965b7c7060a3284ac2ffbbc1948602e1d9af0be1949d7ddb5e7,c3c24a7a69878fc25e4ebd46c592e42b355e2b83a599bfe04a7864e0a40d1168,7d6b0418453fc965b7c7060a3284ac2ffbbc1948602e1d9af0be1949d7ddb5e7,c3c24a7a69878fc25e4ebd46c592e42b355e2b83a599bfe04a7864e0a40d1168,898276c6af8b49b8439261fddd68c77bec005b4ca4b8686fd16d71867723ea20,2.9015459755272874,True
71,2,identity,identity_label_permutation,identity_label_permutation,0.35,test,Oracle-Rank+Value+Residual,3.290893648686923,0.987284740004926,0.5617503662332906,0.7020177165354331,0.8461538461538461,0.004265878692998017,17.284936426070118,0.3203125,128,calibrated,oracle_rank|oracle_value,"[0.1127139563144678, 0.11697888132023343]",af16325f749322811d762c38aa6556561285093bb027d6c8dbacfa5213b0badf,identity,7d6b0418453fc965b7c7060a3284ac2ffbbc1948602e1d9af0be1949d7ddb5e7,c3c24a7a69878fc25e4ebd46c592e42b355e2b83a599bfe04a7864e0a40d1168,7d6b0418453fc965b7c7060a3284ac2ffbbc1948602e1d9af0be1949d7ddb5e7,c3c24a7a69878fc25e4ebd46c592e42b355e2b83a599bfe04a7864e0a40d1168,898276c6af8b49b8439261fddd68c77bec005b4ca4b8686fd16d71867723ea20,2.794395764770045,True
71,2,identity,identity_label_permutation,identity_label_permutation,0.7,test,Target-Only,1.8231776377399664,0.9187060358643984,0.9274686412744918,0.8823818897637795,0.46153846153846156,0.08517808640220087,-0.4039970586291144,0.7421875,128,target_only,none,[],af16325f749322811d762c38aa6556561285093bb027d6c8dbacfa5213b0badf,identity,7d6b0418453fc965b7c7060a3284ac2ffbbc1948602e1d9af0be1949d7ddb5e7,15fe1c42e2f68bd8222e523b9802e88253c7da54247562b8a7f321269fd70525,7d6b0418453fc965b7c7060a3284ac2ffbbc1948602e1d9af0be1949d7ddb5e7,15fe1c42e2f68bd8222e523b9802e88253c7da54247562b8a7f321269fd70525,09d6d69a1a6507956fd4523a2b056473fbd3b6c536aa67435ca7ef82d032b008,0.0,False
71,2,identity,identity_label_permutation,identity_label_permutation,0.7,test,Geometry-Prior+Residual,1.427357709336381,0.8139459545643349,0.9215917414392968,0.8801673228346457,0.3076923076923077,0.29364440987307505,0.37247155761255263,0.421875,128,calibrated,geometry,[0.24486239825576972],af16325f749322811d762c38aa6556561285093bb027d6c8dbacfa5213b0badf,identity,7d6b0418453fc965b7c7060a3284ac2ffbbc1948602e1d9af0be1949d7ddb5e7,15fe1c42e2f68bd8222e523b9802e88253c7da54247562b8a7f321269fd70525,7d6b0418453fc965b7c7060a3284ac2ffbbc1948602e1d9af0be1949d7ddb5e7,15fe1c42e2f68bd8222e523b9802e88253c7da54247562b8a7f321269fd70525,09d6d69a1a6507956fd4523a2b056473fbd3b6c536aa67435ca7ef82d032b008,-0.3958199284035855,False
71,2,identity,identity_label_permutation,identity_label_permutation,0.7,test,Oracle-Rank+Residual,3.140238520924224,0.6093824677839754,0.5494414942318256,0.6811023622047244,0.3076923076923077,0.9368162277887669,9.291320639661013,0.28125,128,calibrated,oracle_rank,[0.2175619930531166],af16325f749322811d762c38aa6556561285093bb027d6c8dbacfa5213b0badf,identity,7d6b0418453fc965b7c7060a3284ac2ffbbc1948602e1d9af0be1949d7ddb5e7,15fe1c42e2f68bd8222e523b9802e88253c7da54247562b8a7f321269fd70525,7d6b0418453fc965b7c7060a3284ac2ffbbc1948602e1d9af0be1949d7ddb5e7,15fe1c42e2f68bd8222e523b9802e88253c7da54247562b8a7f321269fd70525,09d6d69a1a6507956fd4523a2b056473fbd3b6c536aa67435ca7ef82d032b008,1.3170608831842574,True
71,2,identity,identity_label_permutation,identity_label_permutation,0.7,test,Oracle-Value+Residual,3.133984247729179,0.5492177065646352,0.43890198681560155,0.6446850393700787,0.07692307692307693,0.9362290718284815,10.32521253412974,0.2734375,128,calibrated,oracle_value,[0.21800427068317382],af16325f749322811d762c38aa6556561285093bb027d6c8dbacfa5213b0badf,identity,7d6b0418453fc965b7c7060a3284ac2ffbbc1948602e1d9af0be1949d7ddb5e7,15fe1c42e2f68bd8222e523b9802e88253c7da54247562b8a7f321269fd70525,7d6b0418453fc965b7c7060a3284ac2ffbbc1948602e1d9af0be1949d7ddb5e7,15fe1c42e2f68bd8222e523b9802e88253c7da54247562b8a7f321269fd70525,09d6d69a1a6507956fd4523a2b056473fbd3b6c536aa67435ca7ef82d032b008,1.3108066099892124,True
71,2,identity,identity_label_permutation,identity_label_permutation,0.7,test,Oracle-Rank+Value+Residual,3.2229354905469627,0.5878716132678566,0.4831361014466215,0.6610482283464567,0.23076923076923078,0.9368162277887669,10.857162572563036,0.2734375,128,calibrated,oracle_rank|oracle_value,"[0.1127139563144678, 0.11697888132023343]",af16325f749322811d762c38aa6556561285093bb027d6c8dbacfa5213b0badf,identity,7d6b0418453fc965b7c7060a3284ac2ffbbc1948602e1d9af0be1949d7ddb5e7,15fe1c42e2f68bd8222e523b9802e88253c7da54247562b8a7f321269fd70525,7d6b0418453fc965b7c7060a3284ac2ffbbc1948602e1d9af0be1949d7ddb5e7,15fe1c42e2f68bd8222e523b9802e88253c7da54247562b8a7f321269fd70525,09d6d69a1a6507956fd4523a2b056473fbd3b6c536aa67435ca7ef82d032b008,1.3997578528069963,True
71,2,identity,identity_label_permutation,identity_label_permutation,1.0,test,Target-Only,0.4995668499212354,0.8818090344379509,0.8920355704083499,0.8537155511811023,0.46153846153846156,0.11285904623488108,-0.9097381186752047,0.9453125,128,target_only,none,[],af16325f749322811d762c38aa6556561285093bb027d6c8dbacfa5213b0badf,identity,7d6b0418453fc965b7c7060a3284ac2ffbbc1948602e1d9af0be1949d7ddb5e7,71cc56911101ec2ce0d612eb4cea558ba6679869949f30a2867d7d94f6bdef89,7d6b0418453fc965b7c7060a3284ac2ffbbc1948602e1d9af0be1949d7ddb5e7,71cc56911101ec2ce0d612eb4cea558ba6679869949f30a2867d7d94f6bdef89,1688b4a36acbf36e99b9b0f98b814693520fc15977338b8b6f82583f3cedd928,0.0,False
71,2,identity,identity_label_permutation,identity_label_permutation,1.0,test,Geometry-Prior+Residual,0.43959352497811993,0.8078945092387584,0.9026506134407617,0.8623277559055118,0.3076923076923077,0.2067090870835566,-0.7936391116822428,0.765625,128,calibrated,geometry,[0.24486239825576972],af16325f749322811d762c38aa6556561285093bb027d6c8dbacfa5213b0badf,identity,7d6b0418453fc965b7c7060a3284ac2ffbbc1948602e1d9af0be1949d7ddb5e7,71cc56911101ec2ce0d612eb4cea558ba6679869949f30a2867d7d94f6bdef89,7d6b0418453fc965b7c7060a3284ac2ffbbc1948602e1d9af0be1949d7ddb5e7,71cc56911101ec2ce0d612eb4cea558ba6679869949f30a2867d7d94f6bdef89,1688b4a36acbf36e99b9b0f98b814693520fc15977338b8b6f82583f3cedd928,-0.05997332494311547,False
71,2,identity,identity_label_permutation,identity_label_permutation,1.0,test,Oracle-Rank+Residual,1.3806268707672782,0.5826230201466813,0.5338880241713971,0.6844242125984252,0.15384615384615385,0.6688197725888259,7.364953177387777,0.34375,128,calibrated,oracle_rank,[0.2175619930531166],af16325f749322811d762c38aa6556561285093bb027d6c8dbacfa5213b0badf,identity,7d6b0418453fc965b7c7060a3284ac2ffbbc1948602e1d9af0be1949d7ddb5e7,71cc56911101ec2ce0d612eb4cea558ba6679869949f30a2867d7d94f6bdef89,7d6b0418453fc965b7c7060a3284ac2ffbbc1948602e1d9af0be1949d7ddb5e7,71cc56911101ec2ce0d612eb4cea558ba6679869949f30a2867d7d94f6bdef89,1688b4a36acbf36e99b9b0f98b814693520fc15977338b8b6f82583f3cedd928,0.8810600208460428,True
71,2,identity,identity_label_permutation,identity_label_permutation,1.0,test,Oracle-Value+Residual,1.562509595171085,0.53124704688591,0.434427073796008,0.6459153543307087,0.23076923076923078,0.6688197725888259,10.880714959694167,0.3359375,128,calibrated,oracle_value,[0.21800427068317382],af16325f749322811d762c38aa6556561285093bb027d6c8dbacfa5213b0badf,identity,7d6b0418453fc965b7c7060a3284ac2ffbbc1948602e1d9af0be1949d7ddb5e7,71cc56911101ec2ce0d612eb4cea558ba6679869949f30a2867d7d94f6bdef89,7d6b0418453fc965b7c7060a3284ac2ffbbc1948602e1d9af0be1949d7ddb5e7,71cc56911101ec2ce0d612eb4cea558ba6679869949f30a2867d7d94f6bdef89,1688b4a36acbf36e99b9b0f98b814693520fc15977338b8b6f82583f3cedd928,1.0629427452498497,True
71,2,identity,identity_label_permutation,identity_label_permutation,1.0,test,Oracle-Rank+Value+Residual,1.5243106344638888,0.555378909615709,0.4783693462735762,0.6610482283464567,0.15384615384615385,0.6688197725888259,10.19351914024688,0.3203125,128,calibrated,oracle_rank|oracle_value,"[0.1127139563144678, 0.11697888132023343]",af16325f749322811d762c38aa6556561285093bb027d6c8dbacfa5213b0badf,identity,7d6b0418453fc965b7c7060a3284ac2ffbbc1948602e1d9af0be1949d7ddb5e7,71cc56911101ec2ce0d612eb4cea558ba6679869949f30a2867d7d94f6bdef89,7d6b0418453fc965b7c7060a3284ac2ffbbc1948602e1d9af0be1949d7ddb5e7,71cc56911101ec2ce0d612eb4cea558ba6679869949f30a2867d7d94f6bdef89,1688b4a36acbf36e99b9b0f98b814693520fc15977338b8b6f82583f3cedd928,1.0247437845426535,True
71,2,output_affine,none,output_affine,0.35,test,Target-Only,0.4964978839168765,0.953965995386866,0.95445545687603,0.9085875984251969,0.5384615384615384,0.0,-1.2175785337682612,1.0,128,target_only,none,[],67a4344b2ea80903492128774faad7ea0274b05dd88e02efa09406ddcd34b65a,output_affine,7d6b0418453fc965b7c7060a3284ac2ffbbc1948602e1d9af0be1949d7ddb5e7,c3c24a7a69878fc25e4ebd46c592e42b355e2b83a599bfe04a7864e0a40d1168,7d6b0418453fc965b7c7060a3284ac2ffbbc1948602e1d9af0be1949d7ddb5e7,c3c24a7a69878fc25e4ebd46c592e42b355e2b83a599bfe04a7864e0a40d1168,b02cd8f0c18ab75452eef7b69f18557f11480384fd1f41ec4d2107a0a4f6537b,0.0,False
71,2,output_affine,none,output_affine,0.35,test,Geometry-Prior+Residual,0.43821237568371335,0.9683532686292204,0.9526300128181651,0.9048966535433071,0.7692307692307693,0.0,-1.4492684729597494,0.8828125,128,calibrated,geometry,[0.6121559956394237],67a4344b2ea80903492128774faad7ea0274b05dd88e02efa09406ddcd34b65a,output_affine,7d6b0418453fc965b7c7060a3284ac2ffbbc1948602e1d9af0be1949d7ddb5e7,c3c24a7a69878fc25e4ebd46c592e42b355e2b83a599bfe04a7864e0a40d1168,7d6b0418453fc965b7c7060a3284ac2ffbbc1948602e1d9af0be1949d7ddb5e7,c3c24a7a69878fc25e4ebd46c592e42b355e2b83a599bfe04a7864e0a40d1168,b02cd8f0c18ab75452eef7b69f18557f11480384fd1f41ec4d2107a0a4f6537b,-0.05828550823316314,False
71,2,output_affine,none,output_affine,0.35,test,Oracle-Rank+Residual,0.28176891086650163,0.9840206741599807,0.9440292528840871,0.9048966535433071,0.8461538461538461,0.0,-1.9443018891002963,0.8125,128,calibrated,oracle_rank,[0.7081010323573739],67a4344b2ea80903492128774faad7ea0274b05dd88e02efa09406ddcd34b65a,output_affine,7d6b0418453fc965b7c7060a3284ac2ffbbc1948602e1d9af0be1949d7ddb5e7,c3c24a7a69878fc25e4ebd46c592e42b355e2b83a599bfe04a7864e0a40d1168,7d6b0418453fc965b7c7060a3284ac2ffbbc1948602e1d9af0be1949d7ddb5e7,c3c24a7a69878fc25e4ebd46c592e42b355e2b83a599bfe04a7864e0a40d1168,b02cd8f0c18ab75452eef7b69f18557f11480384fd1f41ec4d2107a0a4f6537b,-0.21472897305037486,False
71,2,output_affine,none,output_affine,0.35,test,Oracle-Value+Residual,0.048630032410069766,0.998504491420878,0.9770417505951291,0.9553395669291339,0.9230769230769231,0.0,-3.660230844466555,1.0,128,calibrated,oracle_value,[0.7318434921501725],67a4344b2ea80903492128774faad7ea0274b05dd88e02efa09406ddcd34b65a,output_affine,7d6b0418453fc965b7c7060a3284ac2ffbbc1948602e1d9af0be1949d7ddb5e7,c3c24a7a69878fc25e4ebd46c592e42b355e2b83a599bfe04a7864e0a40d1168,7d6b0418453fc965b7c7060a3284ac2ffbbc1948602e1d9af0be1949d7ddb5e7,c3c24a7a69878fc25e4ebd46c592e42b355e2b83a599bfe04a7864e0a40d1168,b02cd8f0c18ab75452eef7b69f18557f11480384fd1f41ec4d2107a0a4f6537b,-0.44786785150680675,False
71,2,output_affine,none,output_affine,0.35,test,Oracle-Rank+Value+Residual,0.11133546892299112,0.9969797145596024,0.9611449368247572,0.9338090551181102,0.9230769230769231,0.0,-2.8302293221488926,0.8125,128,calibrated,oracle_rank|oracle_value,"[0.2699536901717869, 0.4908986735004316]",67a4344b2ea80903492128774faad7ea0274b05dd88e02efa09406ddcd34b65a,output_affine,7d6b0418453fc965b7c7060a3284ac2ffbbc1948602e1d9af0be1949d7ddb5e7,c3c24a7a69878fc25e4ebd46c592e42b355e2b83a599bfe04a7864e0a40d1168,7d6b0418453fc965b7c7060a3284ac2ffbbc1948602e1d9af0be1949d7ddb5e7,c3c24a7a69878fc25e4ebd46c592e42b355e2b83a599bfe04a7864e0a40d1168,b02cd8f0c18ab75452eef7b69f18557f11480384fd1f41ec4d2107a0a4f6537b,-0.38516241499388537,False
71,2,output_affine,none,output_affine,0.7,test,Target-Only,1.8231776377399662,0.9187060358643984,0.9274686412744918,0.8823818897637795,0.46153846153846156,0.08517808640220176,0.5122936732450414,0.7421875,128,target_only,none,[],67a4344b2ea80903492128774faad7ea0274b05dd88e02efa09406ddcd34b65a,output_affine,7d6b0418453fc965b7c7060a3284ac2ffbbc1948602e1d9af0be1949d7ddb5e7,15fe1c42e2f68bd8222e523b9802e88253c7da54247562b8a7f321269fd70525,7d6b0418453fc965b7c7060a3284ac2ffbbc1948602e1d9af0be1949d7ddb5e7,15fe1c42e2f68bd8222e523b9802e88253c7da54247562b8a7f321269fd70525,dbad1a9203bcdc36177a94a22d2706535b924507d7f4a6320b8ba38529d8800e,0.0,False
71,2,output_affine,none,output_affine,0.7,test,Geometry-Prior+Residual,1.4273577093363814,0.8139459545643349,0.9215917414392968,0.8801673228346457,0.3076923076923077,0.2936444098730756,1.2887622894867077,0.421875,128,calibrated,geometry,[0.6121559956394237],67a4344b2ea80903492128774faad7ea0274b05dd88e02efa09406ddcd34b65a,output_affine,7d6b0418453fc965b7c7060a3284ac2ffbbc1948602e1d9af0be1949d7ddb5e7,15fe1c42e2f68bd8222e523b9802e88253c7da54247562b8a7f321269fd70525,7d6b0418453fc965b7c7060a3284ac2ffbbc1948602e1d9af0be1949d7ddb5e7,15fe1c42e2f68bd8222e523b9802e88253c7da54247562b8a7f321269fd70525,dbad1a9203bcdc36177a94a22d2706535b924507d7f4a6320b8ba38529d8800e,-0.3958199284035848,False
71,2,output_affine,none,output_affine,0.7,test,Oracle-Rank+Residual,0.9887060222137889,0.9897595250118482,0.96247825489837,0.922613188976378,0.8461538461538461,0.0,2.4485137540924318,0.234375,128,calibrated,oracle_rank,[0.7081010323573739],67a4344b2ea80903492128774faad7ea0274b05dd88e02efa09406ddcd34b65a,output_affine,7d6b0418453fc965b7c7060a3284ac2ffbbc1948602e1d9af0be1949d7ddb5e7,15fe1c42e2f68bd8222e523b9802e88253c7da54247562b8a7f321269fd70525,7d6b0418453fc965b7c7060a3284ac2ffbbc1948602e1d9af0be1949d7ddb5e7,15fe1c42e2f68bd8222e523b9802e88253c7da54247562b8a7f321269fd70525,dbad1a9203bcdc36177a94a22d2706535b924507d7f4a6320b8ba38529d8800e,-0.8344716155261773,False
71,2,output_affine,none,output_affine,0.7,test,Oracle-Value+Residual,0.1551093226747384,0.9995054202671037,0.9785696301043765,0.9483267716535433,1.0,0.0,-1.8329148389155305,0.7421875,128,calibrated,oracle_value,[0.7318434921501725],67a4344b2ea80903492128774faad7ea0274b05dd88e02efa09406ddcd34b65a,output_affine,7d6b0418453fc965b7c7060a3284ac2ffbbc1948602e1d9af0be1949d7ddb5e7,15fe1c42e2f68bd8222e523b9802e88253c7da54247562b8a7f321269fd70525,7d6b0418453fc965b7c7060a3284ac2ffbbc1948602e1d9af0be1949d7ddb5e7,15fe1c42e2f68bd8222e523b9802e88253c7da54247562b8a7f321269fd70525,dbad1a9203bcdc36177a94a22d2706535b924507d7f4a6320b8ba38529d8800e,-1.6680683150652278,False
71,2,output_affine,none,output_affine,0.7,test,Oracle-Rank+Value+Residual,0.38135736122263025,0.9969442019826732,0.9715310840505401,0.9375,0.9230769230769231,0.0,1.7022724411113597,0.234375,128,calibrated,oracle_rank|oracle_value,"[0.2699536901717869, 0.4908986735004316]",67a4344b2ea80903492128774faad7ea0274b05dd88e02efa09406ddcd34b65a,output_affine,7d6b0418453fc965b7c7060a3284ac2ffbbc1948602e1d9af0be1949d7ddb5e7,15fe1c42e2f68bd8222e523b9802e88253c7da54247562b8a7f321269fd70525,7d6b0418453fc965b7c7060a3284ac2ffbbc1948602e1d9af0be1949d7ddb5e7,15fe1c42e2f68bd8222e523b9802e88253c7da54247562b8a7f321269fd70525,dbad1a9203bcdc36177a94a22d2706535b924507d7f4a6320b8ba38529d8800e,-1.441820276517336,False
71,2,output_affine,none,output_affine,1.0,test,Target-Only,0.4995668499212352,0.8818090344379509,0.8920355704083499,0.8537155511811023,0.46153846153846156,0.11285904623488119,0.0065526131989498415,0.9453125,128,target_only,none,[],67a4344b2ea80903492128774faad7ea0274b05dd88e02efa09406ddcd34b65a,output_affine,7d6b0418453fc965b7c7060a3284ac2ffbbc1948602e1d9af0be1949d7ddb5e7,71cc56911101ec2ce0d612eb4cea558ba6679869949f30a2867d7d94f6bdef89,7d6b0418453fc965b7c7060a3284ac2ffbbc1948602e1d9af0be1949d7ddb5e7,71cc56911101ec2ce0d612eb4cea558ba6679869949f30a2867d7d94f6bdef89,2fac73489b609a31174a0a89130f57cd29e49cd8c1ea6f4d2b8704ccbc72ecae,0.0,False
71,2,output_affine,none,output_affine,1.0,test,Geometry-Prior+Residual,0.43959352497811943,0.8078945092387584,0.9026506134407617,0.8623277559055118,0.3076923076923077,0.2067090870835566,0.1226516201919088,0.765625,128,calibrated,geometry,[0.6121559956394237],67a4344b2ea80903492128774faad7ea0274b05dd88e02efa09406ddcd34b65a,output_affine,7d6b0418453fc965b7c7060a3284ac2ffbbc1948602e1d9af0be1949d7ddb5e7,71cc56911101ec2ce0d612eb4cea558ba6679869949f30a2867d7d94f6bdef89,7d6b0418453fc965b7c7060a3284ac2ffbbc1948602e1d9af0be1949d7ddb5e7,71cc56911101ec2ce0d612eb4cea558ba6679869949f30a2867d7d94f6bdef89,2fac73489b609a31174a0a89130f57cd29e49cd8c1ea6f4d2b8704ccbc72ecae,-0.05997332494311575,False
71,2,output_affine,none,output_affine,1.0,test,Oracle-Rank+Residual,0.21937321031817242,0.9956871026628885,0.9746497894158579,0.9422982283464567,0.9230769230769231,0.0,-0.5395445084145086,0.828125,128,calibrated,oracle_rank,[0.7081010323573739],67a4344b2ea80903492128774faad7ea0274b05dd88e02efa09406ddcd34b65a,output_affine,7d6b0418453fc965b7c7060a3284ac2ffbbc1948602e1d9af0be1949d7ddb5e7,71cc56911101ec2ce0d612eb4cea558ba6679869949f30a2867d7d94f6bdef89,7d6b0418453fc965b7c7060a3284ac2ffbbc1948602e1d9af0be1949d7ddb5e7,71cc56911101ec2ce0d612eb4cea558ba6679869949f30a2867d7d94f6bdef89,2fac73489b609a31174a0a89130f57cd29e49cd8c1ea6f4d2b8704ccbc72ecae,-0.28019363960306276,False
71,2,output_affine,none,output_affine,1.0,test,Oracle-Value+Residual,0.0648995125352201,0.9986276991904134,0.9941917689067936,0.9733021653543307,1.0,0.0,-1.5861815614615236,0.8046875,128,calibrated,oracle_value,[0.7318434921501725],67a4344b2ea80903492128774faad7ea0274b05dd88e02efa09406ddcd34b65a,output_affine,7d6b0418453fc965b7c7060a3284ac2ffbbc1948602e1d9af0be1949d7ddb5e7,71cc56911101ec2ce0d612eb4cea558ba6679869949f30a2867d7d94f6bdef89,7d6b0418453fc965b7c7060a3284ac2ffbbc1948602e1d9af0be1949d7ddb5e7,71cc56911101ec2ce0d612eb4cea558ba6679869949f30a2867d7d94f6bdef89,2fac73489b609a31174a0a89130f57cd29e49cd8c1ea6f4d2b8704ccbc72ecae,-0.4346673373860151,False
71,2,output_affine,none,output_affine,1.0,test,Oracle-Rank+Value+Residual,0.09741476746129384,0.997171397349553,0.990271928218275,0.9669045275590551,0.9230769230769231,0.0,-0.8622634115725941,0.75,128,calibrated,oracle_rank|oracle_value,"[0.2699536901717869, 0.4908986735004316]",67a4344b2ea80903492128774faad7ea0274b05dd88e02efa09406ddcd34b65a,output_affine,7d6b0418453fc965b7c7060a3284ac2ffbbc1948602e1d9af0be1949d7ddb5e7,71cc56911101ec2ce0d612eb4cea558ba6679869949f30a2867d7d94f6bdef89,7d6b0418453fc965b7c7060a3284ac2ffbbc1948602e1d9af0be1949d7ddb5e7,71cc56911101ec2ce0d612eb4cea558ba6679869949f30a2867d7d94f6bdef89,2fac73489b609a31174a0a89130f57cd29e49cd8c1ea6f4d2b8704ccbc72ecae,-0.40215208245994133,False
71,2,scale_0.7,none,scale_0.7,0.35,test,Target-Only,0.19811550902071737,0.9720372364159916,0.9790388665079655,0.9393454724409449,0.7692307692307693,0.0,-3.0431795112005733,1.0,128,target_only,none,[],67a4344b2ea80903492128774faad7ea0274b05dd88e02efa09406ddcd34b65a,scale_0.7,c55a3ed452529b40cd6c0932644cce40c5326fdc2d68ee034b944c72fc21f706,ca5dc356f55c9a78805627c40daae637805456fb7eb453a4f08efc9723ae9f0a,7d6b0418453fc965b7c7060a3284ac2ffbbc1948602e1d9af0be1949d7ddb5e7,c3c24a7a69878fc25e4ebd46c592e42b355e2b83a599bfe04a7864e0a40d1168,9e2627b407e8d9a6c2d92afebf6126299f319d8b1453f7ee755febd1cc022a11,0.0,False
71,2,scale_0.7,none,scale_0.7,0.35,test,Geometry-Prior+Residual,0.1801879703212423,0.9697936380018396,0.9847898736495148,0.9485728346456693,0.7692307692307693,0.0,-3.486782172133169,1.0,128,calibrated,geometry,[0.11462596712627961],67a4344b2ea80903492128774faad7ea0274b05dd88e02efa09406ddcd34b65a,scale_0.7,c55a3ed452529b40cd6c0932644cce40c5326fdc2d68ee034b944c72fc21f706,ca5dc356f55c9a78805627c40daae637805456fb7eb453a4f08efc9723ae9f0a,7d6b0418453fc965b7c7060a3284ac2ffbbc1948602e1d9af0be1949d7ddb5e7,c3c24a7a69878fc25e4ebd46c592e42b355e2b83a599bfe04a7864e0a40d1168,9e2627b407e8d9a6c2d92afebf6126299f319d8b1453f7ee755febd1cc022a11,-0.017927538699475054,False
71,2,scale_0.7,none,scale_0.7,0.35,test,Oracle-Rank+Residual,0.13905206762428518,0.9845620138929693,0.9830388207288042,0.9515255905511811,0.8461538461538461,0.004781018591073266,-3.769232326340232,0.7265625,128,calibrated,oracle_rank,[0.13023710687571344],67a4344b2ea80903492128774faad7ea0274b05dd88e02efa09406ddcd34b65a,scale_0.7,c55a3ed452529b40cd6c0932644cce40c5326fdc2d68ee034b944c72fc21f706,ca5dc356f55c9a78805627c40daae637805456fb7eb453a4f08efc9723ae9f0a,7d6b0418453fc965b7c7060a3284ac2ffbbc1948602e1d9af0be1949d7ddb5e7,c3c24a7a69878fc25e4ebd46c592e42b355e2b83a599bfe04a7864e0a40d1168,9e2627b407e8d9a6c2d92afebf6126299f319d8b1453f7ee755febd1cc022a11,-0.05906344139643219,False
71,2,scale_0.7,none,scale_0.7,0.35,test,Oracle-Value+Residual,0.02351061716147209,0.9985905658488237,0.9993247573704449,0.9926181102362205,1.0,0.0,-5.46847138683289,1.0,128,calibrated,oracle_value,[0.13175395972769183],67a4344b2ea80903492128774faad7ea0274b05dd88e02efa09406ddcd34b65a,scale_0.7,c55a3ed452529b40cd6c0932644cce40c5326fdc2d68ee034b944c72fc21f706,ca5dc356f55c9a78805627c40daae637805456fb7eb453a4f08efc9723ae9f0a,7d6b0418453fc965b7c7060a3284ac2ffbbc1948602e1d9af0be1949d7ddb5e7,c3c24a7a69878fc25e4ebd46c592e42b355e2b83a599bfe04a7864e0a40d1168,9e2627b407e8d9a6c2d92afebf6126299f319d8b1453f7ee755febd1cc022a11,-0.17460489185924527,False
71,2,scale_0.7,none,scale_0.7,0.35,test,Oracle-Rank+Value+Residual,0.06785459665209777,0.9956825489191063,0.9944778886650795,0.9747785433070866,0.9230769230769231,0.0,-4.436472261173687,0.703125,128,calibrated,oracle_rank|oracle_value,"[0.0597215138523545, 0.07721181600867133]",67a4344b2ea80903492128774faad7ea0274b05dd88e02efa09406ddcd34b65a,scale_0.7,c55a3ed452529b40cd6c0932644cce40c5326fdc2d68ee034b944c72fc21f706,ca5dc356f55c9a78805627c40daae637805456fb7eb453a4f08efc9723ae9f0a,7d6b0418453fc965b7c7060a3284ac2ffbbc1948602e1d9af0be1949d7ddb5e7,c3c24a7a69878fc25e4ebd46c592e42b355e2b83a599bfe04a7864e0a40d1168,9e2627b407e8d9a6c2d92afebf6126299f319d8b1453f7ee755febd1cc022a11,-0.13026091236861959,False
71,2,scale_0.7,none,scale_0.7,0.7,test,Target-Only,0.8484974381028492,0.8660309485367822,0.5891778062625892,0.688361220472441,0.46153846153846156,0.200130133246749,-1.6944912204202454,1.0,128,target_only,none,[],67a4344b2ea80903492128774faad7ea0274b05dd88e02efa09406ddcd34b65a,scale_0.7,c55a3ed452529b40cd6c0932644cce40c5326fdc2d68ee034b944c72fc21f706,a3d4034625147996e1fa181eac8cbe4d1e8368debcbb0e4c3f3d797b1e278caa,7d6b0418453fc965b7c7060a3284ac2ffbbc1948602e1d9af0be1949d7ddb5e7,15fe1c42e2f68bd8222e523b9802e88253c7da54247562b8a7f321269fd70525,e7eb72f8d1f6d2b71af8a5ba98596e811a82b7a7f355e4245f9fa78dc50c0145,0.0,False
71,2,scale_0.7,none,scale_0.7,0.7,test,Geometry-Prior+Residual,0.6791588741607277,0.8626622006008628,0.6323761673686137,0.7116141732283464,0.46153846153846156,0.200130133246749,-1.155595130264119,0.703125,128,calibrated,geometry,[0.11462596712627961],67a4344b2ea80903492128774faad7ea0274b05dd88e02efa09406ddcd34b65a,scale_0.7,c55a3ed452529b40cd6c0932644cce40c5326fdc2d68ee034b944c72fc21f706,a3d4034625147996e1fa181eac8cbe4d1e8368debcbb0e4c3f3d797b1e278caa,7d6b0418453fc965b7c7060a3284ac2ffbbc1948602e1d9af0be1949d7ddb5e7,15fe1c42e2f68bd8222e523b9802e88253c7da54247562b8a7f321269fd70525,e7eb72f8d1f6d2b71af8a5ba98596e811a82b7a7f355e4245f9fa78dc50c0145,-0.16933856394212143,False
71,2,scale_0.7,none,scale_0.7,0.7,test,Oracle-Rank+Residual,0.29461166723726967,0.9869647331463431,0.9680575901849479,0.9357775590551181,0.8461538461538461,0.0,-0.9873328972561911,0.5390625,128,calibrated,oracle_rank,[0.13023710687571344],67a4344b2ea80903492128774faad7ea0274b05dd88e02efa09406ddcd34b65a,scale_0.7,c55a3ed452529b40cd6c0932644cce40c5326fdc2d68ee034b944c72fc21f706,a3d4034625147996e1fa181eac8cbe4d1e8368debcbb0e4c3f3d797b1e278caa,7d6b0418453fc965b7c7060a3284ac2ffbbc1948602e1d9af0be1949d7ddb5e7,15fe1c42e2f68bd8222e523b9802e88253c7da54247562b8a7f321269fd70525,e7eb72f8d1f6d2b71af8a5ba98596e811a82b7a7f355e4245f9fa78dc50c0145,-0.5538857708655796,False
71,2,scale_0.7,none,scale_0.7,0.7,test,Oracle-Value+Residual,0.0631773120554874,0.9977026540266671,0.9949757370444974,0.9778543307086615,1.0,0.007256442946053352,-4.299681157880661,0.953125,128,calibrated,oracle_value,[0.13175395972769183],67a4344b2ea80903492128774faad7ea0274b05dd88e02efa09406ddcd34b65a,scale_0.7,c55a3ed452529b40cd6c0932644cce40c5326fdc2d68ee034b944c72fc21f706,a3d4034625147996e1fa181eac8cbe4d1e8368debcbb0e4c3f3d797b1e278caa,7d6b0418453fc965b7c7060a3284ac2ffbbc1948602e1d9af0be1949d7ddb5e7,15fe1c42e2f68bd8222e523b9802e88253c7da54247562b8a7f321269fd70525,e7eb72f8d1f6d2b71af8a5ba98596e811a82b7a7f355e4245f9fa78dc50c0145,-0.7853201260473618,False
71,2,scale_0.7,none,scale_0.7,0.7,test,Oracle-Rank+Value+Residual,0.13712421862447904,0.9973629654661732,0.9882290331441128,0.9638287401574803,0.9230769230769231,0.0,-1.8603643202751976,0.5390625,128,calibrated,oracle_rank|oracle_value,"[0.0597215138523545, 0.07721181600867133]",67a4344b2ea80903492128774faad7ea0274b05dd88e02efa09406ddcd34b65a,scale_0.7,c55a3ed452529b40cd6c0932644cce40c5326fdc2d68ee034b944c72fc21f706,a3d4034625147996e1fa181eac8cbe4d1e8368debcbb0e4c3f3d797b1e278caa,7d6b0418453fc965b7c7060a3284ac2ffbbc1948602e1d9af0be1949d7ddb5e7,15fe1c42e2f68bd8222e523b9802e88253c7da54247562b8a7f321269fd70525,e7eb72f8d1f6d2b71af8a5ba98596e811a82b7a7f355e4245f9fa78dc50c0145,-0.7113732194783702,False
71,2,scale_0.7,none,scale_0.7,1.0,test,Target-Only,0.7105178482479915,0.8626622006008628,0.8404367331990477,0.8192667322834646,0.46153846153846156,0.29364440987307505,-1.561864409528303,0.8828125,128,target_only,none,[],67a4344b2ea80903492128774faad7ea0274b05dd88e02efa09406ddcd34b65a,scale_0.7,c55a3ed452529b40cd6c0932644cce40c5326fdc2d68ee034b944c72fc21f706,15fe1c42e2f68bd8222e523b9802e88253c7da54247562b8a7f321269fd70525,7d6b0418453fc965b7c7060a3284ac2ffbbc1948602e1d9af0be1949d7ddb5e7,71cc56911101ec2ce0d612eb4cea558ba6679869949f30a2867d7d94f6bdef89,bfe6a626567a80145adebf0bb350f4205e65843aae34b15ed367243515fb0778,0.0,False
71,2,scale_0.7,none,scale_0.7,1.0,test,Geometry-Prior+Residual,0.7958941642912853,0.8168408393994794,0.65497962827321,0.7159202755905512,0.3076923076923077,0.29364440987307505,-0.42010518596595237,0.6875,128,calibrated,geometry,[0.11462596712627961],67a4344b2ea80903492128774faad7ea0274b05dd88e02efa09406ddcd34b65a,scale_0.7,c55a3ed452529b40cd6c0932644cce40c5326fdc2d68ee034b944c72fc21f706,15fe1c42e2f68bd8222e523b9802e88253c7da54247562b8a7f321269fd70525,7d6b0418453fc965b7c7060a3284ac2ffbbc1948602e1d9af0be1949d7ddb5e7,71cc56911101ec2ce0d612eb4cea558ba6679869949f30a2867d7d94f6bdef89,bfe6a626567a80145adebf0bb350f4205e65843aae34b15ed367243515fb0778,0.08537631604329388,True
71,2,scale_0.7,none,scale_0.7,1.0,test,Oracle-Rank+Residual,0.40878115869446185,0.989676948845784,0.6775601995971434,0.7584891732283464,0.8461538461538461,0.0,1.0184307869210378,0.296875,128,calibrated,oracle_rank,[0.13023710687571344],67a4344b2ea80903492128774faad7ea0274b05dd88e02efa09406ddcd34b65a,scale_0.7,c55a3ed452529b40cd6c0932644cce40c5326fdc2d68ee034b944c72fc21f706,15fe1c42e2f68bd8222e523b9802e88253c7da54247562b8a7f321269fd70525,7d6b0418453fc965b7c7060a3284ac2ffbbc1948602e1d9af0be1949d7ddb5e7,71cc56911101ec2ce0d612eb4cea558ba6679869949f30a2867d7d94f6bdef89,bfe6a626567a80145adebf0bb350f4205e65843aae34b15ed367243515fb0778,-0.3017366895535296,False
71,2,scale_0.7,none,scale_0.7,1.0,test,Oracle-Value+Residual,0.06486384491721592,0.9999517656749259,0.9875022889580664,0.9619832677165354,1.0,0.0,-3.8784668284808674,0.875,128,calibrated,oracle_value,[0.13175395972769183],67a4344b2ea80903492128774faad7ea0274b05dd88e02efa09406ddcd34b65a,scale_0.7,c55a3ed452529b40cd6c0932644cce40c5326fdc2d68ee034b944c72fc21f706,15fe1c42e2f68bd8222e523b9802e88253c7da54247562b8a7f321269fd70525,7d6b0418453fc965b7c7060a3284ac2ffbbc1948602e1d9af0be1949d7ddb5e7,71cc56911101ec2ce0d612eb4cea558ba6679869949f30a2867d7d94f6bdef89,bfe6a626567a80145adebf0bb350f4205e65843aae34b15ed367243515fb0778,-0.6456540033307756,False
71,2,scale_0.7,none,scale_0.7,1.0,test,Oracle-Rank+Value+Residual,0.18208947246338053,0.9972134142066716,0.8239905694927668,0.8362450787401575,0.9230769230769231,0.0,-0.4400663396879786,0.34375,128,calibrated,oracle_rank|oracle_value,"[0.0597215138523545, 0.07721181600867133]",67a4344b2ea80903492128774faad7ea0274b05dd88e02efa09406ddcd34b65a,scale_0.7,c55a3ed452529b40cd6c0932644cce40c5326fdc2d68ee034b944c72fc21f706,15fe1c42e2f68bd8222e523b9802e88253c7da54247562b8a7f321269fd70525,7d6b0418453fc965b7c7060a3284ac2ffbbc1948602e1d9af0be1949d7ddb5e7,71cc56911101ec2ce0d612eb4cea558ba6679869949f30a2867d7d94f6bdef89,bfe6a626567a80145adebf0bb350f4205e65843aae34b15ed367243515fb0778,-0.5284283757846109,False
71,2,scale_1.5,none,scale_1.5,0.35,test,Target-Only,1.2515459439367809,0.9150570475572516,0.4906095495330526,0.6226624015748031,0.6153846153846154,0.20622416258426907,-1.3227601271839544,1.0,128,target_only,none,[],67a4344b2ea80903492128774faad7ea0274b05dd88e02efa09406ddcd34b65a,scale_1.5,cd9def7bcfef49f1b9046dfd670af285268a0818729f7d241c6921edb6e730c5,fb0749758da3a29972562e978ff82460cc270476464b57b15d13994ab64aa80f,7d6b0418453fc965b7c7060a3284ac2ffbbc1948602e1d9af0be1949d7ddb5e7,c3c24a7a69878fc25e4ebd46c592e42b355e2b83a599bfe04a7864e0a40d1168,85e087227410ed55c8c81a65e16fbe506632172f2c02bc33fb3ef541dc3ef609,0.0,False
71,2,scale_1.5,none,scale_1.5,0.35,test,Geometry-Prior+Residual,1.2103107631505694,0.8621593368751648,0.5013676524446072,0.6542814960629921,0.38461538461538464,0.13312670631460966,-1.3246754347951364,0.8671875,128,calibrated,geometry,[0.5348220521910463],67a4344b2ea80903492128774faad7ea0274b05dd88e02efa09406ddcd34b65a,scale_1.5,cd9def7bcfef49f1b9046dfd670af285268a0818729f7d241c6921edb6e730c5,fb0749758da3a29972562e978ff82460cc270476464b57b15d13994ab64aa80f,7d6b0418453fc965b7c7060a3284ac2ffbbc1948602e1d9af0be1949d7ddb5e7,c3c24a7a69878fc25e4ebd46c592e42b355e2b83a599bfe04a7864e0a40d1168,85e087227410ed55c8c81a65e16fbe506632172f2c02bc33fb3ef541dc3ef609,-0.04123518078621147,False
71,2,scale_1.5,none,scale_1.5,0.35,test,Oracle-Rank+Residual,0.609859833289662,0.9756244641044036,0.8977980223402307,0.8729084645669292,0.8461538461538461,0.026246941729354187,-1.730383689191882,1.0,128,calibrated,oracle_rank,[0.4336407068031275],67a4344b2ea80903492128774faad7ea0274b05dd88e02efa09406ddcd34b65a,scale_1.5,cd9def7bcfef49f1b9046dfd670af285268a0818729f7d241c6921edb6e730c5,fb0749758da3a29972562e978ff82460cc270476464b57b15d13994ab64aa80f,7d6b0418453fc965b7c7060a3284ac2ffbbc1948602e1d9af0be1949d7ddb5e7,c3c24a7a69878fc25e4ebd46c592e42b355e2b83a599bfe04a7864e0a40d1168,85e087227410ed55c8c81a65e16fbe506632172f2c02bc33fb3ef541dc3ef609,-0.6416861106471189,False
71,2,scale_1.5,none,scale_1.5,0.35,test,Oracle-Value+Residual,0.43902470029984736,0.9954864179373135,0.9103300677531587,0.8821358267716536,0.9230769230769231,0.008000892964188065,-2.3312503554425907,1.0,128,calibrated,oracle_value,[0.592836402842842],67a4344b2ea80903492128774faad7ea0274b05dd88e02efa09406ddcd34b65a,scale_1.5,cd9def7bcfef49f1b9046dfd670af285268a0818729f7d241c6921edb6e730c5,fb0749758da3a29972562e978ff82460cc270476464b57b15d13994ab64aa80f,7d6b0418453fc965b7c7060a3284ac2ffbbc1948602e1d9af0be1949d7ddb5e7,c3c24a7a69878fc25e4ebd46c592e42b355e2b83a599bfe04a7864e0a40d1168,85e087227410ed55c8c81a65e16fbe506632172f2c02bc33fb3ef541dc3ef609,-0.8125212436369336,False
71,2,scale_1.5,none,scale_1.5,0.35,test,Oracle-Rank+Value+Residual,0.43902470030134766,0.9954864179373135,0.9103300677531587,0.8821358267716536,0.9230769230769231,0.008000892964188065,-2.331250355439281,1.0,128,calibrated,oracle_rank|oracle_value,"[1.0644319275587984e-12, 0.592836402841991]",67a4344b2ea80903492128774faad7ea0274b05dd88e02efa09406ddcd34b65a,scale_1.5,cd9def7bcfef49f1b9046dfd670af285268a0818729f7d241c6921edb6e730c5,fb0749758da3a29972562e978ff82460cc270476464b57b15d13994ab64aa80f,7d6b0418453fc965b7c7060a3284ac2ffbbc1948602e1d9af0be1949d7ddb5e7,c3c24a7a69878fc25e4ebd46c592e42b355e2b83a599bfe04a7864e0a40d1168,85e087227410ed55c8c81a65e16fbe506632172f2c02bc33fb3ef541dc3ef609,-0.8125212436354332,False
71,2,scale_1.5,none,scale_1.5,0.7,test,Target-Only,0.43638259031362564,0.8567496440390054,0.9177062351217725,0.8858267716535433,0.46153846153846156,0.2481026432529643,-0.659500998644494,1.0,128,target_only,none,[],67a4344b2ea80903492128774faad7ea0274b05dd88e02efa09406ddcd34b65a,scale_1.5,cd9def7bcfef49f1b9046dfd670af285268a0818729f7d241c6921edb6e730c5,0563aa7b4ba511fe218ebdd79c7a4dc0c656d45e81790d96b82f4e2e5d584736,7d6b0418453fc965b7c7060a3284ac2ffbbc1948602e1d9af0be1949d7ddb5e7,15fe1c42e2f68bd8222e523b9802e88253c7da54247562b8a7f321269fd70525,ea413aadedfc388ef0936ad290ae655381c1a406d4f34ada670e93af57cebd92,0.0,False
71,2,scale_1.5,none,scale_1.5,0.7,test,Geometry-Prior+Residual,0.2246147009313269,0.9752222159904529,0.9842119117377769,0.9491879921259843,0.7692307692307693,0.007720001170430622,-1.2732423752901942,1.0,128,calibrated,geometry,[0.5348220521910463],67a4344b2ea80903492128774faad7ea0274b05dd88e02efa09406ddcd34b65a,scale_1.5,cd9def7bcfef49f1b9046dfd670af285268a0818729f7d241c6921edb6e730c5,0563aa7b4ba511fe218ebdd79c7a4dc0c656d45e81790d96b82f4e2e5d584736,7d6b0418453fc965b7c7060a3284ac2ffbbc1948602e1d9af0be1949d7ddb5e7,15fe1c42e2f68bd8222e523b9802e88253c7da54247562b8a7f321269fd70525,ea413aadedfc388ef0936ad290ae655381c1a406d4f34ada670e93af57cebd92,-0.21176788938229874,False
71,2,scale_1.5,none,scale_1.5,0.7,test,Oracle-Rank+Residual,0.8525693325428727,0.9812876382657795,0.9417402948177989,0.8999753937007874,0.7692307692307693,0.0,0.03941526386152089,0.7578125,128,calibrated,oracle_rank,[0.4336407068031275],67a4344b2ea80903492128774faad7ea0274b05dd88e02efa09406ddcd34b65a,scale_1.5,cd9def7bcfef49f1b9046dfd670af285268a0818729f7d241c6921edb6e730c5,0563aa7b4ba511fe218ebdd79c7a4dc0c656d45e81790d96b82f4e2e5d584736,7d6b0418453fc965b7c7060a3284ac2ffbbc1948602e1d9af0be1949d7ddb5e7,15fe1c42e2f68bd8222e523b9802e88253c7da54247562b8a7f321269fd70525,ea413aadedfc388ef0936ad290ae655381c1a406d4f34ada670e93af57cebd92,0.41618674222924706,True
71,2,scale_1.5,none,scale_1.5,0.7,test,Oracle-Value+Residual,0.9737432327749328,0.9835237107189547,0.953511261673686,0.9094488188976378,0.7692307692307693,0.0,5.652021908642874,0.5,128,calibrated,oracle_value,[0.592836402842842],67a4344b2ea80903492128774faad7ea0274b05dd88e02efa09406ddcd34b65a,scale_1.5,cd9def7bcfef49f1b9046dfd670af285268a0818729f7d241c6921edb6e730c5,0563aa7b4ba511fe218ebdd79c7a4dc0c656d45e81790d96b82f4e2e5d584736,7d6b0418453fc965b7c7060a3284ac2ffbbc1948602e1d9af0be1949d7ddb5e7,15fe1c42e2f68bd8222e523b9802e88253c7da54247562b8a7f321269fd70525,ea413aadedfc388ef0936ad290ae655381c1a406d4f34ada670e93af57cebd92,0.5373606424613071,True
71,2,scale_1.5,none,scale_1.5,0.7,test,Oracle-Rank+Value+Residual,0.9737432327753361,0.9835237107189547,0.953511261673686,0.9094488188976378,0.7692307692307693,0.0,5.652021908622421,0.5,128,calibrated,oracle_rank|oracle_value,"[1.0644319275587984e-12, 0.592836402841991]",67a4344b2ea80903492128774faad7ea0274b05dd88e02efa09406ddcd34b65a,scale_1.5,cd9def7bcfef49f1b9046dfd670af285268a0818729f7d241c6921edb6e730c5,0563aa7b4ba511fe218ebdd79c7a4dc0c656d45e81790d96b82f4e2e5d584736,7d6b0418453fc965b7c7060a3284ac2ffbbc1948602e1d9af0be1949d7ddb5e7,15fe1c42e2f68bd8222e523b9802e88253c7da54247562b8a7f321269fd70525,ea413aadedfc388ef0936ad290ae655381c1a406d4f34ada670e93af57cebd92,0.5373606424617106,True
71,2,scale_1.5,none,scale_1.5,1.0,test,Target-Only,0.5783122833009652,0.8079495740925214,0.91669337117744,0.8825049212598425,0.23076923076923078,0.15266268025115143,-0.20066936852679426,1.0,128,target_only,none,[],67a4344b2ea80903492128774faad7ea0274b05dd88e02efa09406ddcd34b65a,scale_1.5,cd9def7bcfef49f1b9046dfd670af285268a0818729f7d241c6921edb6e730c5,0fa046587f44726e9ba1c1fbebc15c4f0b0430fcfccf7d855454fe5911fec5b5,7d6b0418453fc965b7c7060a3284ac2ffbbc1948602e1d9af0be1949d7ddb5e7,71cc56911101ec2ce0d612eb4cea558ba6679869949f30a2867d7d94f6bdef89,5b266cc36bab526c4ad060ff35a8123132ce8f967fcee5beb4bbe0cdb0ff5484,0.0,False
71,2,scale_1.5,none,scale_1.5,1.0,test,Geometry-Prior+Residual,0.24203432708413877,0.9151386470316956,0.9676570225233473,0.9255659448818898,0.5384615384615384,0.045993205276706604,-0.9057405438099831,1.0,128,calibrated,geometry,[0.5348220521910463],67a4344b2ea80903492128774faad7ea0274b05dd88e02efa09406ddcd34b65a,scale_1.5,cd9def7bcfef49f1b9046dfd670af285268a0818729f7d241c6921edb6e730c5,0fa046587f44726e9ba1c1fbebc15c4f0b0430fcfccf7d855454fe5911fec5b5,7d6b0418453fc965b7c7060a3284ac2ffbbc1948602e1d9af0be1949d7ddb5e7,71cc56911101ec2ce0d612eb4cea558ba6679869949f30a2867d7d94f6bdef89,5b266cc36bab526c4ad060ff35a8123132ce8f967fcee5beb4bbe0cdb0ff5484,-0.33627795621682643,False
71,2,scale_1.5,none,scale_1.5,1.0,test,Oracle-Rank+Residual,0.8566783698081961,0.72883501600578,0.7870296191173777,0.7928149606299213,0.07692307692307693,0.15266268025115143,0.7193677268088411,0.71875,128,calibrated,oracle_rank,[0.4336407068031275],67a4344b2ea80903492128774faad7ea0274b05dd88e02efa09406ddcd34b65a,scale_1.5,cd9def7bcfef49f1b9046dfd670af285268a0818729f7d241c6921edb6e730c5,0fa046587f44726e9ba1c1fbebc15c4f0b0430fcfccf7d855454fe5911fec5b5,7d6b0418453fc965b7c7060a3284ac2ffbbc1948602e1d9af0be1949d7ddb5e7,71cc56911101ec2ce0d612eb4cea558ba6679869949f30a2867d7d94f6bdef89,5b266cc36bab526c4ad060ff35a8123132ce8f967fcee5beb4bbe0cdb0ff5484,0.27836608650723094,True
71,2,scale_1.5,none,scale_1.5,1.0,test,Oracle-Value+Residual,0.9002062760515764,0.7896952236939421,0.7820168009522065,0.7789124015748031,0.15384615384615385,0.15266268025115143,7.534275418241052,0.3203125,128,calibrated,oracle_value,[0.592836402842842],67a4344b2ea80903492128774faad7ea0274b05dd88e02efa09406ddcd34b65a,scale_1.5,cd9def7bcfef49f1b9046dfd670af285268a0818729f7d241c6921edb6e730c5,0fa046587f44726e9ba1c1fbebc15c4f0b0430fcfccf7d855454fe5911fec5b5,7d6b0418453fc965b7c7060a3284ac2ffbbc1948602e1d9af0be1949d7ddb5e7,71cc56911101ec2ce0d612eb4cea558ba6679869949f30a2867d7d94f6bdef89,5b266cc36bab526c4ad060ff35a8123132ce8f967fcee5beb4bbe0cdb0ff5484,0.32189399275061126,True
71,2,scale_1.5,none,scale_1.5,1.0,test,Oracle-Rank+Value+Residual,0.9002062760516598,0.7896952236939421,0.7820168009522065,0.7789124015748031,0.15384615384615385,0.15266268025115143,7.534275418210877,0.3203125,128,calibrated,oracle_rank|oracle_value,"[1.0644319275587984e-12, 0.592836402841991]",67a4344b2ea80903492128774faad7ea0274b05dd88e02efa09406ddcd34b65a,scale_1.5,cd9def7bcfef49f1b9046dfd670af285268a0818729f7d241c6921edb6e730c5,0fa046587f44726e9ba1c1fbebc15c4f0b0430fcfccf7d855454fe5911fec5b5,7d6b0418453fc965b7c7060a3284ac2ffbbc1948602e1d9af0be1949d7ddb5e7,71cc56911101ec2ce0d612eb4cea558ba6679869949f30a2867d7d94f6bdef89,5b266cc36bab526c4ad060ff35a8123132ce8f967fcee5beb4bbe0cdb0ff5484,0.32189399275069464,True
71,2,rotate_45,none,rotate_45,0.35,test,Target-Only,0.77191772988873,0.9425573944439657,0.6456750137337484,0.750861220472441,0.5384615384615384,0.015376879491471823,-2.0372412650045555,1.0,128,target_only,none,[],67a4344b2ea80903492128774faad7ea0274b05dd88e02efa09406ddcd34b65a,rotate_45,a7abcdd5e0349e5e6dbf982fae36439544e7f71ccf7eb43f9cb748809ab6a0a5,d4b20084084005349dd14059f495aaff4c9f072b8ac3e1828a3b7157d12dbda1,7d6b0418453fc965b7c7060a3284ac2ffbbc1948602e1d9af0be1949d7ddb5e7,c3c24a7a69878fc25e4ebd46c592e42b355e2b83a599bfe04a7864e0a40d1168,0147b864059f712955a462bde35d82eb7587c1184234295f99190580a970edc0,0.0,False
71,2,rotate_45,none,rotate_45,0.35,test,Geometry-Prior+Residual,0.6721898516354362,0.9868326800415866,0.8357901483244826,0.8411663385826772,0.8461538461538461,0.01508079974203063,-1.8016476120538347,0.703125,128,calibrated,geometry,[0.2453155617724699],67a4344b2ea80903492128774faad7ea0274b05dd88e02efa09406ddcd34b65a,rotate_45,a7abcdd5e0349e5e6dbf982fae36439544e7f71ccf7eb43f9cb748809ab6a0a5,d4b20084084005349dd14059f495aaff4c9f072b8ac3e1828a3b7157d12dbda1,7d6b0418453fc965b7c7060a3284ac2ffbbc1948602e1d9af0be1949d7ddb5e7,c3c24a7a69878fc25e4ebd46c592e42b355e2b83a599bfe04a7864e0a40d1168,0147b864059f712955a462bde35d82eb7587c1184234295f99190580a970edc0,-0.09972787825329377,False
71,2,rotate_45,none,rotate_45,0.35,test,Oracle-Rank+Residual,0.5088565476013144,0.9656842402950219,0.7889637886833913,0.8213582677165354,0.6923076923076923,0.015376879491471823,-1.4378549607823006,0.5,128,calibrated,oracle_rank,[0.2706816580053001],67a4344b2ea80903492128774faad7ea0274b05dd88e02efa09406ddcd34b65a,rotate_45,a7abcdd5e0349e5e6dbf982fae36439544e7f71ccf7eb43f9cb748809ab6a0a5,d4b20084084005349dd14059f495aaff4c9f072b8ac3e1828a3b7157d12dbda1,7d6b0418453fc965b7c7060a3284ac2ffbbc1948602e1d9af0be1949d7ddb5e7,c3c24a7a69878fc25e4ebd46c592e42b355e2b83a599bfe04a7864e0a40d1168,0147b864059f712955a462bde35d82eb7587c1184234295f99190580a970edc0,-0.2630611822874156,False
71,2,rotate_45,none,rotate_45,0.35,test,Oracle-Value+Residual,0.07582002542689492,0.9994499054422263,0.963691402673503,0.9445127952755905,0.9230769230769231,0.0,-4.448816374587192,1.0,128,calibrated,oracle_value,[0.2787242905130354],67a4344b2ea80903492128774faad7ea0274b05dd88e02efa09406ddcd34b65a,rotate_45,a7abcdd5e0349e5e6dbf982fae36439544e7f71ccf7eb43f9cb748809ab6a0a5,d4b20084084005349dd14059f495aaff4c9f072b8ac3e1828a3b7157d12dbda1,7d6b0418453fc965b7c7060a3284ac2ffbbc1948602e1d9af0be1949d7ddb5e7,c3c24a7a69878fc25e4ebd46c592e42b355e2b83a599bfe04a7864e0a40d1168,0147b864059f712955a462bde35d82eb7587c1184234295f99190580a970edc0,-0.696097704461835,False
71,2,rotate_45,none,rotate_45,0.35,test,Oracle-Rank+Value+Residual,0.20887870666526206,0.9906374558922292,0.9049166819263871,0.8968996062992126,0.9230769230769231,0.01508079974203063,-2.763587057036208,0.625,128,calibrated,oracle_rank|oracle_value,"[0.10302457214072287, 0.18571953941257702]",67a4344b2ea80903492128774faad7ea0274b05dd88e02efa09406ddcd34b65a,rotate_45,a7abcdd5e0349e5e6dbf982fae36439544e7f71ccf7eb43f9cb748809ab6a0a5,d4b20084084005349dd14059f495aaff4c9f072b8ac3e1828a3b7157d12dbda1,7d6b0418453fc965b7c7060a3284ac2ffbbc1948602e1d9af0be1949d7ddb5e7,c3c24a7a69878fc25e4ebd46c592e42b355e2b83a599bfe04a7864e0a40d1168,0147b864059f712955a462bde35d82eb7587c1184234295f99190580a970edc0,-0.5630390232234679,False
71,2,rotate_45,none,rotate_45,0.7,test,Target-Only,0.9861462591073176,0.9587697140229369,0.773570545687603,0.7944143700787402,0.6923076923076923,0.002930563413809646,-1.2216363130562264,1.0,128,target_only,none,[],67a4344b2ea80903492128774faad7ea0274b05dd88e02efa09406ddcd34b65a,rotate_45,a7abcdd5e0349e5e6dbf982fae36439544e7f71ccf7eb43f9cb748809ab6a0a5,bb333f85c412b5419e486c0215247f24f74c4438560f0c0c718eb37abf7eaf8e,7d6b0418453fc965b7c7060a3284ac2ffbbc1948602e1d9af0be1949d7ddb5e7,15fe1c42e2f68bd8222e523b9802e88253c7da54247562b8a7f321269fd70525,60c49f7d8d5cb5a6a876fc42f887292fa8034cd0063a90f1a56d0c31d2dcd3ec,0.0,False
71,2,rotate_45,none,rotate_45,0.7,test,Geometry-Prior+Residual,0.8708624824238648,0.933705146332177,0.8215070499908441,0.8115157480314961,0.46153846153846156,0.0008044625017409562,-0.9905197931566732,0.765625,128,calibrated,geometry,[0.2453155617724699],67a4344b2ea80903492128774faad7ea0274b05dd88e02efa09406ddcd34b65a,rotate_45,a7abcdd5e0349e5e6dbf982fae36439544e7f71ccf7eb43f9cb748809ab6a0a5,bb333f85c412b5419e486c0215247f24f74c4438560f0c0c718eb37abf7eaf8e,7d6b0418453fc965b7c7060a3284ac2ffbbc1948602e1d9af0be1949d7ddb5e7,15fe1c42e2f68bd8222e523b9802e88253c7da54247562b8a7f321269fd70525,60c49f7d8d5cb5a6a876fc42f887292fa8034cd0063a90f1a56d0c31d2dcd3ec,-0.1152837766834528,False
71,2,rotate_45,none,rotate_45,0.7,test,Oracle-Rank+Residual,0.8476444698298686,0.9969246846331721,0.6078957608496612,0.718380905511811,0.9230769230769231,0.0008044625017409562,1.0921194692242169,0.4921875,128,calibrated,oracle_rank,[0.2706816580053001],67a4344b2ea80903492128774faad7ea0274b05dd88e02efa09406ddcd34b65a,rotate_45,a7abcdd5e0349e5e6dbf982fae36439544e7f71ccf7eb43f9cb748809ab6a0a5,bb333f85c412b5419e486c0215247f24f74c4438560f0c0c718eb37abf7eaf8e,7d6b0418453fc965b7c7060a3284ac2ffbbc1948602e1d9af0be1949d7ddb5e7,15fe1c42e2f68bd8222e523b9802e88253c7da54247562b8a7f321269fd70525,60c49f7d8d5cb5a6a876fc42f887292fa8034cd0063a90f1a56d0c31d2dcd3ec,-0.13850178927744894,False
71,2,rotate_45,none,rotate_45,0.7,test,Oracle-Value+Residual,0.12216580859967369,0.999779400822051,0.8764420435817616,0.8662647637795275,1.0,0.0,-3.323466226386334,0.828125,128,calibrated,oracle_value,[0.2787242905130354],67a4344b2ea80903492128774faad7ea0274b05dd88e02efa09406ddcd34b65a,rotate_45,a7abcdd5e0349e5e6dbf982fae36439544e7f71ccf7eb43f9cb748809ab6a0a5,bb333f85c412b5419e486c0215247f24f74c4438560f0c0c718eb37abf7eaf8e,7d6b0418453fc965b7c7060a3284ac2ffbbc1948602e1d9af0be1949d7ddb5e7,15fe1c42e2f68bd8222e523b9802e88253c7da54247562b8a7f321269fd70525,60c49f7d8d5cb5a6a876fc42f887292fa8034cd0063a90f1a56d0c31d2dcd3ec,-0.8639804505076438,False
71,2,rotate_45,none,rotate_45,0.7,test,Oracle-Rank+Value+Residual,0.3624240852375789,0.9976186448587472,0.7267613532320087,0.7828494094488189,0.9230769230769231,0.0008044625017409562,-0.27693597028278827,0.5078125,128,calibrated,oracle_rank|oracle_value,"[0.10302457214072287, 0.18571953941257702]",67a4344b2ea80903492128774faad7ea0274b05dd88e02efa09406ddcd34b65a,rotate_45,a7abcdd5e0349e5e6dbf982fae36439544e7f71ccf7eb43f9cb748809ab6a0a5,bb333f85c412b5419e486c0215247f24f74c4438560f0c0c718eb37abf7eaf8e,7d6b0418453fc965b7c7060a3284ac2ffbbc1948602e1d9af0be1949d7ddb5e7,15fe1c42e2f68bd8222e523b9802e88253c7da54247562b8a7f321269fd70525,60c49f7d8d5cb5a6a876fc42f887292fa8034cd0063a90f1a56d0c31d2dcd3ec,-0.6237221738697387,False
71,2,rotate_45,none,rotate_45,1.0,test,Target-Only,0.7393809672028538,0.9423749544784779,0.7582001922724775,0.7939222440944882,0.6923076923076923,0.16058867276442113,-0.3502350945628603,0.7890625,128,target_only,none,[],67a4344b2ea80903492128774faad7ea0274b05dd88e02efa09406ddcd34b65a,rotate_45,a7abcdd5e0349e5e6dbf982fae36439544e7f71ccf7eb43f9cb748809ab6a0a5,d2e3acac2fd12a4a1e064de8a9f3c8fe50f2fd654b439894b6a3900d60adbd26,7d6b0418453fc965b7c7060a3284ac2ffbbc1948602e1d9af0be1949d7ddb5e7,71cc56911101ec2ce0d612eb4cea558ba6679869949f30a2867d7d94f6bdef89,a8f5b318fc5ff4a792d9d09220eaf278a15eec5aa225f579418ddbab85ba2977,0.0,False
71,2,rotate_45,none,rotate_45,1.0,test,Geometry-Prior+Residual,0.6402013331840423,0.9099415514733086,0.8026231459439662,0.8005659448818898,0.46153846153846156,0.06366597220303173,1.146789034673949,0.3515625,128,calibrated,geometry,[0.2453155617724699],67a4344b2ea80903492128774faad7ea0274b05dd88e02efa09406ddcd34b65a,rotate_45,a7abcdd5e0349e5e6dbf982fae36439544e7f71ccf7eb43f9cb748809ab6a0a5,d2e3acac2fd12a4a1e064de8a9f3c8fe50f2fd654b439894b6a3900d60adbd26,7d6b0418453fc965b7c7060a3284ac2ffbbc1948602e1d9af0be1949d7ddb5e7,71cc56911101ec2ce0d612eb4cea558ba6679869949f30a2867d7d94f6bdef89,a8f5b318fc5ff4a792d9d09220eaf278a15eec5aa225f579418ddbab85ba2977,-0.09917963401881158,False
71,2,rotate_45,none,rotate_45,1.0,test,Oracle-Rank+Residual,0.48747930221822733,0.9954882065378637,0.8635494872733931,0.8394438976377953,0.9230769230769231,0.0005491821260992642,4.572404937838446,0.3046875,128,calibrated,oracle_rank,[0.2706816580053001],67a4344b2ea80903492128774faad7ea0274b05dd88e02efa09406ddcd34b65a,rotate_45,a7abcdd5e0349e5e6dbf982fae36439544e7f71ccf7eb43f9cb748809ab6a0a5,d2e3acac2fd12a4a1e064de8a9f3c8fe50f2fd654b439894b6a3900d60adbd26,7d6b0418453fc965b7c7060a3284ac2ffbbc1948602e1d9af0be1949d7ddb5e7,71cc56911101ec2ce0d612eb4cea558ba6679869949f30a2867d7d94f6bdef89,a8f5b318fc5ff4a792d9d09220eaf278a15eec5aa225f579418ddbab85ba2977,-0.2519016649846265,False
71,2,rotate_45,none,rotate_45,1.0,test,Oracle-Value+Residual,0.06073578142228044,0.9995378751775524,0.9957310932063724,0.9774852362204725,1.0,0.0,-2.8531883016912136,0.8359375,128,calibrated,oracle_value,[0.2787242905130354],67a4344b2ea80903492128774faad7ea0274b05dd88e02efa09406ddcd34b65a,rotate_45,a7abcdd5e0349e5e6dbf982fae36439544e7f71ccf7eb43f9cb748809ab6a0a5,d2e3acac2fd12a4a1e064de8a9f3c8fe50f2fd654b439894b6a3900d60adbd26,7d6b0418453fc965b7c7060a3284ac2ffbbc1948602e1d9af0be1949d7ddb5e7,71cc56911101ec2ce0d612eb4cea558ba6679869949f30a2867d7d94f6bdef89,a8f5b318fc5ff4a792d9d09220eaf278a15eec5aa225f579418ddbab85ba2977,-0.6786451857805734,False
71,2,rotate_45,none,rotate_45,1.0,test,Oracle-Rank+Value+Residual,0.18775675603835523,0.9961539474391345,0.9714967496795458,0.9338090551181102,0.9230769230769231,0.0005491821260992642,1.1465873214225883,0.3671875,128,calibrated,oracle_rank|oracle_value,"[0.10302457214072287, 0.18571953941257702]",67a4344b2ea80903492128774faad7ea0274b05dd88e02efa09406ddcd34b65a,rotate_45,a7abcdd5e0349e5e6dbf982fae36439544e7f71ccf7eb43f9cb748809ab6a0a5,d2e3acac2fd12a4a1e064de8a9f3c8fe50f2fd654b439894b6a3900d60adbd26,7d6b0418453fc965b7c7060a3284ac2ffbbc1948602e1d9af0be1949d7ddb5e7,71cc56911101ec2ce0d612eb4cea558ba6679869949f30a2867d7d94f6bdef89,a8f5b318fc5ff4a792d9d09220eaf278a15eec5aa225f579418ddbab85ba2977,-0.5516242111644987,False
71,2,roughness,none,roughness,0.35,test,Target-Only,1.457503811198512,0.8464903516064053,-0.2779481779893792,0.3847194881889764,0.46153846153846156,0.04056104902832894,7.872413214415596,0.578125,128,target_only,none,[],67a4344b2ea80903492128774faad7ea0274b05dd88e02efa09406ddcd34b65a,roughness,7d6b0418453fc965b7c7060a3284ac2ffbbc1948602e1d9af0be1949d7ddb5e7,c3c24a7a69878fc25e4ebd46c592e42b355e2b83a599bfe04a7864e0a40d1168,7d6b0418453fc965b7c7060a3284ac2ffbbc1948602e1d9af0be1949d7ddb5e7,c3c24a7a69878fc25e4ebd46c592e42b355e2b83a599bfe04a7864e0a40d1168,c50768f5665c948e7aedf5871c61ce9898096e0bf45707965ae9b4b23b44eaa9,0.0,False
71,2,roughness,none,roughness,0.35,test,Geometry-Prior+Residual,1.4305869596160488,0.8566924895560555,-0.2707322376854056,0.3879183070866142,0.46153846153846156,0.04056104902832894,30.64072446892383,0.4140625,128,calibrated,geometry,[0.33921934938810083],67a4344b2ea80903492128774faad7ea0274b05dd88e02efa09406ddcd34b65a,roughness,7d6b0418453fc965b7c7060a3284ac2ffbbc1948602e1d9af0be1949d7ddb5e7,c3c24a7a69878fc25e4ebd46c592e42b355e2b83a599bfe04a7864e0a40d1168,7d6b0418453fc965b7c7060a3284ac2ffbbc1948602e1d9af0be1949d7ddb5e7,c3c24a7a69878fc25e4ebd46c592e42b355e2b83a599bfe04a7864e0a40d1168,c50768f5665c948e7aedf5871c61ce9898096e0bf45707965ae9b4b23b44eaa9,-0.026916851582463153,False
71,2,roughness,none,roughness,0.35,test,Oracle-Rank+Residual,1.375993392769948,0.8566924895560555,-0.15097967405237137,0.43651574803149606,0.46153846153846156,0.04056104902832894,67.15449043977321,0.4375,128,calibrated,oracle_rank,[0.3764946944972023],67a4344b2ea80903492128774faad7ea0274b05dd88e02efa09406ddcd34b65a,roughness,7d6b0418453fc965b7c7060a3284ac2ffbbc1948602e1d9af0be1949d7ddb5e7,c3c24a7a69878fc25e4ebd46c592e42b355e2b83a599bfe04a7864e0a40d1168,7d6b0418453fc965b7c7060a3284ac2ffbbc1948602e1d9af0be1949d7ddb5e7,c3c24a7a69878fc25e4ebd46c592e42b355e2b83a599bfe04a7864e0a40d1168,c50768f5665c948e7aedf5871c61ce9898096e0bf45707965ae9b4b23b44eaa9,-0.08151041842856399,False
71,2,roughness,none,roughness,0.35,test,Oracle-Value+Residual,1.3184244657239967,0.8549547996292948,-0.15592954587071964,0.43319389763779526,0.46153846153846156,0.04056104902832894,39.10529157796449,0.4921875,128,calibrated,oracle_value,[0.36122256251589807],67a4344b2ea80903492128774faad7ea0274b05dd88e02efa09406ddcd34b65a,roughness,7d6b0418453fc965b7c7060a3284ac2ffbbc1948602e1d9af0be1949d7ddb5e7,c3c24a7a69878fc25e4ebd46c592e42b355e2b83a599bfe04a7864e0a40d1168,7d6b0418453fc965b7c7060a3284ac2ffbbc1948602e1d9af0be1949d7ddb5e7,c3c24a7a69878fc25e4ebd46c592e42b355e2b83a599bfe04a7864e0a40d1168,c50768f5665c948e7aedf5871c61ce9898096e0bf45707965ae9b4b23b44eaa9,-0.13907934547451517,False
71,2,roughness,none,roughness,0.35,test,Oracle-Rank+Value+Residual,1.351783027492443,0.8552606961149444,-0.1499324757370445,0.436884842519685,0.46153846153846156,0.04056104902832894,61.55152573926749,0.4609375,128,calibrated,oracle_rank|oracle_value,"[0.26596170538250935, 0.1238407551755893]",67a4344b2ea80903492128774faad7ea0274b05dd88e02efa09406ddcd34b65a,roughness,7d6b0418453fc965b7c7060a3284ac2ffbbc1948602e1d9af0be1949d7ddb5e7,c3c24a7a69878fc25e4ebd46c592e42b355e2b83a599bfe04a7864e0a40d1168,7d6b0418453fc965b7c7060a3284ac2ffbbc1948602e1d9af0be1949d7ddb5e7,c3c24a7a69878fc25e4ebd46c592e42b355e2b83a599bfe04a7864e0a40d1168,c50768f5665c948e7aedf5871c61ce9898096e0bf45707965ae9b4b23b44eaa9,-0.10572078370606897,False
71,2,roughness,none,roughness,0.7,test,Target-Only,1.1338890155129304,0.5116745007099883,0.27209989013001284,0.5896899606299213,0.07692307692307693,0.4054446702989239,4.280403943913313,0.5859375,128,target_only,none,[],67a4344b2ea80903492128774faad7ea0274b05dd88e02efa09406ddcd34b65a,roughness,7d6b0418453fc965b7c7060a3284ac2ffbbc1948602e1d9af0be1949d7ddb5e7,15fe1c42e2f68bd8222e523b9802e88253c7da54247562b8a7f321269fd70525,7d6b0418453fc965b7c7060a3284ac2ffbbc1948602e1d9af0be1949d7ddb5e7,15fe1c42e2f68bd8222e523b9802e88253c7da54247562b8a7f321269fd70525,35a9454baabd5143ed4e5beffbf90214135bdf15a36bebf80287d3c7b3bc8005,0.0,False
71,2,roughness,none,roughness,0.7,test,Geometry-Prior+Residual,1.166628470419309,0.5356910957390192,0.2071564273942501,0.5679133858267716,0.0,0.5147431603917383,16.98285236531745,0.3046875,128,calibrated,geometry,[0.33921934938810083],67a4344b2ea80903492128774faad7ea0274b05dd88e02efa09406ddcd34b65a,roughness,7d6b0418453fc965b7c7060a3284ac2ffbbc1948602e1d9af0be1949d7ddb5e7,15fe1c42e2f68bd8222e523b9802e88253c7da54247562b8a7f321269fd70525,7d6b0418453fc965b7c7060a3284ac2ffbbc1948602e1d9af0be1949d7ddb5e7,15fe1c42e2f68bd8222e523b9802e88253c7da54247562b8a7f321269fd70525,35a9454baabd5143ed4e5beffbf90214135bdf15a36bebf80287d3c7b3bc8005,0.03273945490637864,True
71,2,roughness,none,roughness,0.7,test,Oracle-Rank+Residual,1.1446878141338945,0.7604759799239137,0.21192890496246106,0.5736958661417323,0.3076923076923077,0.24003241538056277,36.83014114692567,0.1328125,128,calibrated,oracle_rank,[0.3764946944972023],67a4344b2ea80903492128774faad7ea0274b05dd88e02efa09406ddcd34b65a,roughness,7d6b0418453fc965b7c7060a3284ac2ffbbc1948602e1d9af0be1949d7ddb5e7,15fe1c42e2f68bd8222e523b9802e88253c7da54247562b8a7f321269fd70525,7d6b0418453fc965b7c7060a3284ac2ffbbc1948602e1d9af0be1949d7ddb5e7,15fe1c42e2f68bd8222e523b9802e88253c7da54247562b8a7f321269fd70525,35a9454baabd5143ed4e5beffbf90214135bdf15a36bebf80287d3c7b3bc8005,0.010798798620964112,True
71,2,roughness,none,roughness,0.7,test,Oracle-Value+Residual,1.1901492700351937,0.4599944936933977,-0.005848287859366416,0.5011072834645669,0.07692307692307693,0.6460682153757734,24.133685641774704,0.2109375,128,calibrated,oracle_value,[0.36122256251589807],67a4344b2ea80903492128774faad7ea0274b05dd88e02efa09406ddcd34b65a,roughness,7d6b0418453fc965b7c7060a3284ac2ffbbc1948602e1d9af0be1949d7ddb5e7,15fe1c42e2f68bd8222e523b9802e88253c7da54247562b8a7f321269fd70525,7d6b0418453fc965b7c7060a3284ac2ffbbc1948602e1d9af0be1949d7ddb5e7,15fe1c42e2f68bd8222e523b9802e88253c7da54247562b8a7f321269fd70525,35a9454baabd5143ed4e5beffbf90214135bdf15a36bebf80287d3c7b3bc8005,0.05626025452226324,True
71,2,roughness,none,roughness,0.7,test,Oracle-Rank+Value+Residual,1.1558362705120997,0.7508934945004375,0.16570339681377036,0.5573326771653543,0.3076923076923077,0.24003241538056277,35.046467681347224,0.140625,128,calibrated,oracle_rank|oracle_value,"[0.26596170538250935, 0.1238407551755893]",67a4344b2ea80903492128774faad7ea0274b05dd88e02efa09406ddcd34b65a,roughness,7d6b0418453fc965b7c7060a3284ac2ffbbc1948602e1d9af0be1949d7ddb5e7,15fe1c42e2f68bd8222e523b9802e88253c7da54247562b8a7f321269fd70525,7d6b0418453fc965b7c7060a3284ac2ffbbc1948602e1d9af0be1949d7ddb5e7,15fe1c42e2f68bd8222e523b9802e88253c7da54247562b8a7f321269fd70525,35a9454baabd5143ed4e5beffbf90214135bdf15a36bebf80287d3c7b3bc8005,0.021947254999169274,True
71,2,roughness,none,roughness,1.0,test,Target-Only,1.0955734686671033,0.4780038770969003,0.3107546694744552,0.6046998031496063,0.15384615384615385,0.5914497697948417,2.0679276243372446,0.609375,128,target_only,none,[],67a4344b2ea80903492128774faad7ea0274b05dd88e02efa09406ddcd34b65a,roughness,7d6b0418453fc965b7c7060a3284ac2ffbbc1948602e1d9af0be1949d7ddb5e7,71cc56911101ec2ce0d612eb4cea558ba6679869949f30a2867d7d94f6bdef89,7d6b0418453fc965b7c7060a3284ac2ffbbc1948602e1d9af0be1949d7ddb5e7,71cc56911101ec2ce0d612eb4cea558ba6679869949f30a2867d7d94f6bdef89,d767e87d3dc7daa6b8aab123a81c3c1c5b1d7abf1b7771dbd2d93d68f7f182d8,0.0,False
71,2,roughness,none,roughness,1.0,test,Geometry-Prior+Residual,1.1492961230344338,0.6186836216059979,0.2615878502105841,0.5893208661417323,0.3076923076923077,0.5154411881130904,9.378648721665252,0.328125,128,calibrated,geometry,[0.33921934938810083],67a4344b2ea80903492128774faad7ea0274b05dd88e02efa09406ddcd34b65a,roughness,7d6b0418453fc965b7c7060a3284ac2ffbbc1948602e1d9af0be1949d7ddb5e7,71cc56911101ec2ce0d612eb4cea558ba6679869949f30a2867d7d94f6bdef89,7d6b0418453fc965b7c7060a3284ac2ffbbc1948602e1d9af0be1949d7ddb5e7,71cc56911101ec2ce0d612eb4cea558ba6679869949f30a2867d7d94f6bdef89,d767e87d3dc7daa6b8aab123a81c3c1c5b1d7abf1b7771dbd2d93d68f7f182d8,0.05372265436733059,True
71,2,roughness,none,roughness,1.0,test,Oracle-Rank+Residual,1.0363475217866438,0.6598629212932124,0.3759728071781725,0.6256151574803149,0.15384615384615385,0.40323068051418026,22.44249835354551,0.2734375,128,calibrated,oracle_rank,[0.3764946944972023],67a4344b2ea80903492128774faad7ea0274b05dd88e02efa09406ddcd34b65a,roughness,7d6b0418453fc965b7c7060a3284ac2ffbbc1948602e1d9af0be1949d7ddb5e7,71cc56911101ec2ce0d612eb4cea558ba6679869949f30a2867d7d94f6bdef89,7d6b0418453fc965b7c7060a3284ac2ffbbc1948602e1d9af0be1949d7ddb5e7,71cc56911101ec2ce0d612eb4cea558ba6679869949f30a2867d7d94f6bdef89,d767e87d3dc7daa6b8aab123a81c3c1c5b1d7abf1b7771dbd2d93d68f7f182d8,-0.05922594688045946,False
71,2,roughness,none,roughness,1.0,test,Oracle-Value+Residual,0.9585350924478089,0.6605109376561652,0.4192570042116828,0.6386564960629921,0.15384615384615385,0.40323068051418026,12.269569335210978,0.3515625,128,calibrated,oracle_value,[0.36122256251589807],67a4344b2ea80903492128774faad7ea0274b05dd88e02efa09406ddcd34b65a,roughness,7d6b0418453fc965b7c7060a3284ac2ffbbc1948602e1d9af0be1949d7ddb5e7,71cc56911101ec2ce0d612eb4cea558ba6679869949f30a2867d7d94f6bdef89,7d6b0418453fc965b7c7060a3284ac2ffbbc1948602e1d9af0be1949d7ddb5e7,71cc56911101ec2ce0d612eb4cea558ba6679869949f30a2867d7d94f6bdef89,d767e87d3dc7daa6b8aab123a81c3c1c5b1d7abf1b7771dbd2d93d68f7f182d8,-0.13703837621929438,False
71,2,roughness,none,roughness,1.0,test,Oracle-Rank+Value+Residual,1.0079451721205945,0.6702580737893675,0.39593824391137156,0.6333661417322834,0.15384615384615385,0.40323068051418026,20.39604793335765,0.28125,128,calibrated,oracle_rank|oracle_value,"[0.26596170538250935, 0.1238407551755893]",67a4344b2ea80903492128774faad7ea0274b05dd88e02efa09406ddcd34b65a,roughness,7d6b0418453fc965b7c7060a3284ac2ffbbc1948602e1d9af0be1949d7ddb5e7,71cc56911101ec2ce0d612eb4cea558ba6679869949f30a2867d7d94f6bdef89,7d6b0418453fc965b7c7060a3284ac2ffbbc1948602e1d9af0be1949d7ddb5e7,71cc56911101ec2ce0d612eb4cea558ba6679869949f30a2867d7d94f6bdef89,d767e87d3dc7daa6b8aab123a81c3c1c5b1d7abf1b7771dbd2d93d68f7f182d8,-0.08762829654650872,False
71,2,reversal,none,reversal,0.35,test,Target-Only,0.49649788391687816,0.8592404350073656,0.95445545687603,0.9085875984251969,0.5384615384615384,0.004743823909320976,-2.1338692656424154,1.0,128,target_only,none,[],67a4344b2ea80903492128774faad7ea0274b05dd88e02efa09406ddcd34b65a,reversal,7d6b0418453fc965b7c7060a3284ac2ffbbc1948602e1d9af0be1949d7ddb5e7,c3c24a7a69878fc25e4ebd46c592e42b355e2b83a599bfe04a7864e0a40d1168,7d6b0418453fc965b7c7060a3284ac2ffbbc1948602e1d9af0be1949d7ddb5e7,c3c24a7a69878fc25e4ebd46c592e42b355e2b83a599bfe04a7864e0a40d1168,10b63ecc06cbe4efa1436f39f198da327a352a7f63fffa76651204e34bc7591e,0.0,False
71,2,reversal,none,reversal,0.35,test,Geometry-Prior+Residual,0.49649788391687816,0.8592404350073656,0.95445545687603,0.9085875984251969,0.5384615384615384,0.004743823909320976,-2.1338692656424154,1.0,128,target_only,geometry,[1.3274012858882787e-20],67a4344b2ea80903492128774faad7ea0274b05dd88e02efa09406ddcd34b65a,reversal,7d6b0418453fc965b7c7060a3284ac2ffbbc1948602e1d9af0be1949d7ddb5e7,c3c24a7a69878fc25e4ebd46c592e42b355e2b83a599bfe04a7864e0a40d1168,7d6b0418453fc965b7c7060a3284ac2ffbbc1948602e1d9af0be1949d7ddb5e7,c3c24a7a69878fc25e4ebd46c592e42b355e2b83a599bfe04a7864e0a40d1168,10b63ecc06cbe4efa1436f39f198da327a352a7f63fffa76651204e34bc7591e,0.0,False
71,2,reversal,none,reversal,0.35,test,Oracle-Rank+Residual,0.49649788391687816,0.8592404350073656,0.95445545687603,0.9085875984251969,0.5384615384615384,0.004743823909320976,-2.1338692656424154,1.0,128,target_only,oracle_rank,[1.5354514271121434e-20],67a4344b2ea80903492128774faad7ea0274b05dd88e02efa09406ddcd34b65a,reversal,7d6b0418453fc965b7c7060a3284ac2ffbbc1948602e1d9af0be1949d7ddb5e7,c3c24a7a69878fc25e4ebd46c592e42b355e2b83a599bfe04a7864e0a40d1168,7d6b0418453fc965b7c7060a3284ac2ffbbc1948602e1d9af0be1949d7ddb5e7,c3c24a7a69878fc25e4ebd46c592e42b355e2b83a599bfe04a7864e0a40d1168,10b63ecc06cbe4efa1436f39f198da327a352a7f63fffa76651204e34bc7591e,0.0,False
71,2,reversal,none,reversal,0.35,test,Oracle-Value+Residual,0.49649788391687816,0.8592404350073656,0.95445545687603,0.9085875984251969,0.5384615384615384,0.004743823909320976,-2.1338692656424154,1.0,128,target_only,oracle_value,[1.5869304955464982e-20],67a4344b2ea80903492128774faad7ea0274b05dd88e02efa09406ddcd34b65a,reversal,7d6b0418453fc965b7c7060a3284ac2ffbbc1948602e1d9af0be1949d7ddb5e7,c3c24a7a69878fc25e4ebd46c592e42b355e2b83a599bfe04a7864e0a40d1168,7d6b0418453fc965b7c7060a3284ac2ffbbc1948602e1d9af0be1949d7ddb5e7,c3c24a7a69878fc25e4ebd46c592e42b355e2b83a599bfe04a7864e0a40d1168,10b63ecc06cbe4efa1436f39f198da327a352a7f63fffa76651204e34bc7591e,0.0,False
71,2,reversal,none,reversal,0.35,test,Oracle-Rank+Value+Residual,0.49649788391687816,0.8592404350073656,0.95445545687603,0.9085875984251969,0.5384615384615384,0.004743823909320976,-2.1338692656424154,1.0,128,target_only,oracle_rank|oracle_value,"[5.853679314050747e-21, 1.064467064786667e-20]",67a4344b2ea80903492128774faad7ea0274b05dd88e02efa09406ddcd34b65a,reversal,7d6b0418453fc965b7c7060a3284ac2ffbbc1948602e1d9af0be1949d7ddb5e7,c3c24a7a69878fc25e4ebd46c592e42b355e2b83a599bfe04a7864e0a40d1168,7d6b0418453fc965b7c7060a3284ac2ffbbc1948602e1d9af0be1949d7ddb5e7,c3c24a7a69878fc25e4ebd46c592e42b355e2b83a599bfe04a7864e0a40d1168,10b63ecc06cbe4efa1436f39f198da327a352a7f63fffa76651204e34bc7591e,0.0,False
71,2,reversal,none,reversal,0.7,test,Target-Only,1.8231776377399664,0.9509788980111186,0.9274686412744918,0.8823818897637795,0.5384615384615384,0.0010741981680168443,-0.4039970586291144,0.7421875,128,target_only,none,[],67a4344b2ea80903492128774faad7ea0274b05dd88e02efa09406ddcd34b65a,reversal,7d6b0418453fc965b7c7060a3284ac2ffbbc1948602e1d9af0be1949d7ddb5e7,15fe1c42e2f68bd8222e523b9802e88253c7da54247562b8a7f321269fd70525,7d6b0418453fc965b7c7060a3284ac2ffbbc1948602e1d9af0be1949d7ddb5e7,15fe1c42e2f68bd8222e523b9802e88253c7da54247562b8a7f321269fd70525,6eb41e6efb383e44e76397cae28e380e0c8e3f68c22c8256a519ba8a0c304593,0.0,False
71,2,reversal,none,reversal,0.7,test,Geometry-Prior+Residual,1.8231776377399664,0.9509788980111186,0.9274686412744918,0.8823818897637795,0.5384615384615384,0.0010741981680168443,-0.4039970586291144,0.7421875,128,target_only,geometry,[1.3274012858882787e-20],67a4344b2ea80903492128774faad7ea0274b05dd88e02efa09406ddcd34b65a,reversal,7d6b0418453fc965b7c7060a3284ac2ffbbc1948602e1d9af0be1949d7ddb5e7,15fe1c42e2f68bd8222e523b9802e88253c7da54247562b8a7f321269fd70525,7d6b0418453fc965b7c7060a3284ac2ffbbc1948602e1d9af0be1949d7ddb5e7,15fe1c42e2f68bd8222e523b9802e88253c7da54247562b8a7f321269fd70525,6eb41e6efb383e44e76397cae28e380e0c8e3f68c22c8256a519ba8a0c304593,0.0,False
71,2,reversal,none,reversal,0.7,test,Oracle-Rank+Residual,1.8231776377399664,0.9509788980111186,0.9274686412744918,0.8823818897637795,0.5384615384615384,0.0010741981680168443,-0.4039970586291144,0.7421875,128,target_only,oracle_rank,[1.5354514271121434e-20],67a4344b2ea80903492128774faad7ea0274b05dd88e02efa09406ddcd34b65a,reversal,7d6b0418453fc965b7c7060a3284ac2ffbbc1948602e1d9af0be1949d7ddb5e7,15fe1c42e2f68bd8222e523b9802e88253c7da54247562b8a7f321269fd70525,7d6b0418453fc965b7c7060a3284ac2ffbbc1948602e1d9af0be1949d7ddb5e7,15fe1c42e2f68bd8222e523b9802e88253c7da54247562b8a7f321269fd70525,6eb41e6efb383e44e76397cae28e380e0c8e3f68c22c8256a519ba8a0c304593,0.0,False
71,2,reversal,none,reversal,0.7,test,Oracle-Value+Residual,1.8231776377399664,0.9509788980111186,0.9274686412744918,0.8823818897637795,0.5384615384615384,0.0010741981680168443,-0.4039970586291144,0.7421875,128,target_only,oracle_value,[1.5869304955464982e-20],67a4344b2ea80903492128774faad7ea0274b05dd88e02efa09406ddcd34b65a,reversal,7d6b0418453fc965b7c7060a3284ac2ffbbc1948602e1d9af0be1949d7ddb5e7,15fe1c42e2f68bd8222e523b9802e88253c7da54247562b8a7f321269fd70525,7d6b0418453fc965b7c7060a3284ac2ffbbc1948602e1d9af0be1949d7ddb5e7,15fe1c42e2f68bd8222e523b9802e88253c7da54247562b8a7f321269fd70525,6eb41e6efb383e44e76397cae28e380e0c8e3f68c22c8256a519ba8a0c304593,0.0,False
71,2,reversal,none,reversal,0.7,test,Oracle-Rank+Value+Residual,1.8231776377399664,0.9509788980111186,0.9274686412744918,0.8823818897637795,0.5384615384615384,0.0010741981680168443,-0.4039970586291144,0.7421875,128,target_only,oracle_rank|oracle_value,"[5.853679314050747e-21, 1.064467064786667e-20]",67a4344b2ea80903492128774faad7ea0274b05dd88e02efa09406ddcd34b65a,reversal,7d6b0418453fc965b7c7060a3284ac2ffbbc1948602e1d9af0be1949d7ddb5e7,15fe1c42e2f68bd8222e523b9802e88253c7da54247562b8a7f321269fd70525,7d6b0418453fc965b7c7060a3284ac2ffbbc1948602e1d9af0be1949d7ddb5e7,15fe1c42e2f68bd8222e523b9802e88253c7da54247562b8a7f321269fd70525,6eb41e6efb383e44e76397cae28e380e0c8e3f68c22c8256a519ba8a0c304593,0.0,False
71,2,reversal,none,reversal,1.0,test,Target-Only,0.4995668499212354,0.9179794669880456,0.8920355704083499,0.8537155511811023,0.46153846153846156,1.2224858465646279e-05,-0.9097381186752047,0.9453125,128,target_only,none,[],67a4344b2ea80903492128774faad7ea0274b05dd88e02efa09406ddcd34b65a,reversal,7d6b0418453fc965b7c7060a3284ac2ffbbc1948602e1d9af0be1949d7ddb5e7,71cc56911101ec2ce0d612eb4cea558ba6679869949f30a2867d7d94f6bdef89,7d6b0418453fc965b7c7060a3284ac2ffbbc1948602e1d9af0be1949d7ddb5e7,71cc56911101ec2ce0d612eb4cea558ba6679869949f30a2867d7d94f6bdef89,1a89ba1946cd3ae59efab9a58b85f637eaa8a8d8c9485e79d343fbe3abdb8ed7,0.0,False
71,2,reversal,none,reversal,1.0,test,Geometry-Prior+Residual,0.4995668499212354,0.9179794669880456,0.8920355704083499,0.8537155511811023,0.46153846153846156,1.2224858465646279e-05,-0.9097381186752047,0.9453125,128,target_only,geometry,[1.3274012858882787e-20],67a4344b2ea80903492128774faad7ea0274b05dd88e02efa09406ddcd34b65a,reversal,7d6b0418453fc965b7c7060a3284ac2ffbbc1948602e1d9af0be1949d7ddb5e7,71cc56911101ec2ce0d612eb4cea558ba6679869949f30a2867d7d94f6bdef89,7d6b0418453fc965b7c7060a3284ac2ffbbc1948602e1d9af0be1949d7ddb5e7,71cc56911101ec2ce0d612eb4cea558ba6679869949f30a2867d7d94f6bdef89,1a89ba1946cd3ae59efab9a58b85f637eaa8a8d8c9485e79d343fbe3abdb8ed7,0.0,False
71,2,reversal,none,reversal,1.0,test,Oracle-Rank+Residual,0.4995668499212354,0.9179794669880456,0.8920355704083499,0.8537155511811023,0.46153846153846156,1.2224858465646279e-05,-0.9097381186752047,0.9453125,128,target_only,oracle_rank,[1.5354514271121434e-20],67a4344b2ea80903492128774faad7ea0274b05dd88e02efa09406ddcd34b65a,reversal,7d6b0418453fc965b7c7060a3284ac2ffbbc1948602e1d9af0be1949d7ddb5e7,71cc56911101ec2ce0d612eb4cea558ba6679869949f30a2867d7d94f6bdef89,7d6b0418453fc965b7c7060a3284ac2ffbbc1948602e1d9af0be1949d7ddb5e7,71cc56911101ec2ce0d612eb4cea558ba6679869949f30a2867d7d94f6bdef89,1a89ba1946cd3ae59efab9a58b85f637eaa8a8d8c9485e79d343fbe3abdb8ed7,0.0,False
71,2,reversal,none,reversal,1.0,test,Oracle-Value+Residual,0.4995668499212354,0.9179794669880456,0.8920355704083499,0.8537155511811023,0.46153846153846156,1.2224858465646279e-05,-0.9097381186752047,0.9453125,128,target_only,oracle_value,[1.5869304955464982e-20],67a4344b2ea80903492128774faad7ea0274b05dd88e02efa09406ddcd34b65a,reversal,7d6b0418453fc965b7c7060a3284ac2ffbbc1948602e1d9af0be1949d7ddb5e7,71cc56911101ec2ce0d612eb4cea558ba6679869949f30a2867d7d94f6bdef89,7d6b0418453fc965b7c7060a3284ac2ffbbc1948602e1d9af0be1949d7ddb5e7,71cc56911101ec2ce0d612eb4cea558ba6679869949f30a2867d7d94f6bdef89,1a89ba1946cd3ae59efab9a58b85f637eaa8a8d8c9485e79d343fbe3abdb8ed7,0.0,False
71,2,reversal,none,reversal,1.0,test,Oracle-Rank+Value+Residual,0.4995668499212354,0.9179794669880456,0.8920355704083499,0.8537155511811023,0.46153846153846156,1.2224858465646279e-05,-0.9097381186752047,0.9453125,128,target_only,oracle_rank|oracle_value,"[5.853679314050747e-21, 1.064467064786667e-20]",67a4344b2ea80903492128774faad7ea0274b05dd88e02efa09406ddcd34b65a,reversal,7d6b0418453fc965b7c7060a3284ac2ffbbc1948602e1d9af0be1949d7ddb5e7,71cc56911101ec2ce0d612eb4cea558ba6679869949f30a2867d7d94f6bdef89,7d6b0418453fc965b7c7060a3284ac2ffbbc1948602e1d9af0be1949d7ddb5e7,71cc56911101ec2ce0d612eb4cea558ba6679869949f30a2867d7d94f6bdef89,1a89ba1946cd3ae59efab9a58b85f637eaa8a8d8c9485e79d343fbe3abdb8ed7,0.0,False
71,2,independent_expert,none,independent_expert,0.35,test,Target-Only,0.49649788391687816,0.953965995386866,0.95445545687603,0.9085875984251969,0.5384615384615384,0.0,-2.1338692656424154,1.0,128,target_only,none,[],9dd80a03b98c94f89abe330bd6c24eab635f33ac1fbd9a777994a424ddc61779,independent_expert,7d6b0418453fc965b7c7060a3284ac2ffbbc1948602e1d9af0be1949d7ddb5e7,c3c24a7a69878fc25e4ebd46c592e42b355e2b83a599bfe04a7864e0a40d1168,7d6b0418453fc965b7c7060a3284ac2ffbbc1948602e1d9af0be1949d7ddb5e7,c3c24a7a69878fc25e4ebd46c592e42b355e2b83a599bfe04a7864e0a40d1168,898276c6af8b49b8439261fddd68c77bec005b4ca4b8686fd16d71867723ea20,0.0,False
71,2,independent_expert,none,independent_expert,0.35,test,Geometry-Prior+Residual,0.4382123756837128,0.9683532686292204,0.9526300128181651,0.9048966535433071,0.7692307692307693,0.0,-2.3655592048339056,0.8828125,128,calibrated,geometry,[0.24486239825576972],9dd80a03b98c94f89abe330bd6c24eab635f33ac1fbd9a777994a424ddc61779,independent_expert,7d6b0418453fc965b7c7060a3284ac2ffbbc1948602e1d9af0be1949d7ddb5e7,c3c24a7a69878fc25e4ebd46c592e42b355e2b83a599bfe04a7864e0a40d1168,7d6b0418453fc965b7c7060a3284ac2ffbbc1948602e1d9af0be1949d7ddb5e7,c3c24a7a69878fc25e4ebd46c592e42b355e2b83a599bfe04a7864e0a40d1168,898276c6af8b49b8439261fddd68c77bec005b4ca4b8686fd16d71867723ea20,-0.05828550823316536,False
71,2,independent_expert,none,independent_expert,0.35,test,Oracle-Rank+Residual,2.776004581867341,0.6214588556623297,0.20580021973997437,0.5820620078740157,0.0,0.5614813149065697,5.2685483812815574,0.328125,128,calibrated,oracle_rank,[0.12920812010018648],9dd80a03b98c94f89abe330bd6c24eab635f33ac1fbd9a777994a424ddc61779,independent_expert,7d6b0418453fc965b7c7060a3284ac2ffbbc1948602e1d9af0be1949d7ddb5e7,c3c24a7a69878fc25e4ebd46c592e42b355e2b83a599bfe04a7864e0a40d1168,7d6b0418453fc965b7c7060a3284ac2ffbbc1948602e1d9af0be1949d7ddb5e7,c3c24a7a69878fc25e4ebd46c592e42b355e2b83a599bfe04a7864e0a40d1168,898276c6af8b49b8439261fddd68c77bec005b4ca4b8686fd16d71867723ea20,2.279506697950463,True
71,2,independent_expert,none,independent_expert,0.35,test,Oracle-Value+Residual,2.587419434662564,0.6233491724302357,0.2104639718000366,0.578986220472441,0.0,0.4389812418755674,4.4223612416972005,0.4375,128,calibrated,oracle_value,[0.12532733771633003],9dd80a03b98c94f89abe330bd6c24eab635f33ac1fbd9a777994a424ddc61779,independent_expert,7d6b0418453fc965b7c7060a3284ac2ffbbc1948602e1d9af0be1949d7ddb5e7,c3c24a7a69878fc25e4ebd46c592e42b355e2b83a599bfe04a7864e0a40d1168,7d6b0418453fc965b7c7060a3284ac2ffbbc1948602e1d9af0be1949d7ddb5e7,c3c24a7a69878fc25e4ebd46c592e42b355e2b83a599bfe04a7864e0a40d1168,898276c6af8b49b8439261fddd68c77bec005b4ca4b8686fd16d71867723ea20,2.0909215507456858,True
71,2,independent_expert,none,independent_expert,0.35,test,Oracle-Rank+Value+Residual,2.8088459137385495,0.6246789454793796,0.19901345907342974,0.577755905511811,0.0,0.5614813149065697,5.496395718357826,0.3359375,128,calibrated,oracle_rank|oracle_value,"[0.08967989908472807, 0.04312272407290396]",9dd80a03b98c94f89abe330bd6c24eab635f33ac1fbd9a777994a424ddc61779,independent_expert,7d6b0418453fc965b7c7060a3284ac2ffbbc1948602e1d9af0be1949d7ddb5e7,c3c24a7a69878fc25e4ebd46c592e42b355e2b83a599bfe04a7864e0a40d1168,7d6b0418453fc965b7c7060a3284ac2ffbbc1948602e1d9af0be1949d7ddb5e7,c3c24a7a69878fc25e4ebd46c592e42b355e2b83a599bfe04a7864e0a40d1168,898276c6af8b49b8439261fddd68c77bec005b4ca4b8686fd16d71867723ea20,2.3123480298216714,True
71,2,independent_expert,none,independent_expert,0.7,test,Target-Only,1.8231776377399664,0.9187060358643984,0.9274686412744918,0.8823818897637795,0.46153846153846156,0.08517808640220087,-0.4039970586291144,0.7421875,128,target_only,none,[],9dd80a03b98c94f89abe330bd6c24eab635f33ac1fbd9a777994a424ddc61779,independent_expert,7d6b0418453fc965b7c7060a3284ac2ffbbc1948602e1d9af0be1949d7ddb5e7,15fe1c42e2f68bd8222e523b9802e88253c7da54247562b8a7f321269fd70525,7d6b0418453fc965b7c7060a3284ac2ffbbc1948602e1d9af0be1949d7ddb5e7,15fe1c42e2f68bd8222e523b9802e88253c7da54247562b8a7f321269fd70525,09d6d69a1a6507956fd4523a2b056473fbd3b6c536aa67435ca7ef82d032b008,0.0,False
71,2,independent_expert,none,independent_expert,0.7,test,Geometry-Prior+Residual,1.427357709336381,0.8139459545643349,0.9215917414392968,0.8801673228346457,0.3076923076923077,0.29364440987307505,0.37247155761255263,0.421875,128,calibrated,geometry,[0.24486239825576972],9dd80a03b98c94f89abe330bd6c24eab635f33ac1fbd9a777994a424ddc61779,independent_expert,7d6b0418453fc965b7c7060a3284ac2ffbbc1948602e1d9af0be1949d7ddb5e7,15fe1c42e2f68bd8222e523b9802e88253c7da54247562b8a7f321269fd70525,7d6b0418453fc965b7c7060a3284ac2ffbbc1948602e1d9af0be1949d7ddb5e7,15fe1c42e2f68bd8222e523b9802e88253c7da54247562b8a7f321269fd70525,09d6d69a1a6507956fd4523a2b056473fbd3b6c536aa67435ca7ef82d032b008,-0.3958199284035855,False
71,2,independent_expert,none,independent_expert,0.7,test,Oracle-Rank+Residual,2.1189192146175917,0.611860670920973,0.3874404870902765,0.6131889763779528,0.0,0.6296459466671507,1.2779732906964711,0.515625,128,calibrated,oracle_rank,[0.12920812010018648],9dd80a03b98c94f89abe330bd6c24eab635f33ac1fbd9a777994a424ddc61779,independent_expert,7d6b0418453fc965b7c7060a3284ac2ffbbc1948602e1d9af0be1949d7ddb5e7,15fe1c42e2f68bd8222e523b9802e88253c7da54247562b8a7f321269fd70525,7d6b0418453fc965b7c7060a3284ac2ffbbc1948602e1d9af0be1949d7ddb5e7,15fe1c42e2f68bd8222e523b9802e88253c7da54247562b8a7f321269fd70525,09d6d69a1a6507956fd4523a2b056473fbd3b6c536aa67435ca7ef82d032b008,0.29574157687762526,True
71,2,independent_expert,none,independent_expert,0.7,test,Oracle-Value+Residual,2.2747146901539548,0.6240307155315438,0.4260151529023988,0.6208169291338582,0.0,0.6296459466671507,1.5380535389822008,0.5078125,128,calibrated,oracle_value,[0.12532733771633003],9dd80a03b98c94f89abe330bd6c24eab635f33ac1fbd9a777994a424ddc61779,independent_expert,7d6b0418453fc965b7c7060a3284ac2ffbbc1948602e1d9af0be1949d7ddb5e7,15fe1c42e2f68bd8222e523b9802e88253c7da54247562b8a7f321269fd70525,7d6b0418453fc965b7c7060a3284ac2ffbbc1948602e1d9af0be1949d7ddb5e7,15fe1c42e2f68bd8222e523b9802e88253c7da54247562b8a7f321269fd70525,09d6d69a1a6507956fd4523a2b056473fbd3b6c536aa67435ca7ef82d032b008,0.45153705241398834,True
71,2,independent_expert,none,independent_expert,0.7,test,Oracle-Rank+Value+Residual,2.2177961656654506,0.6182872262113372,0.3681274034059696,0.6055610236220472,0.0,0.6296459466671507,1.5157302630712706,0.5078125,128,calibrated,oracle_rank|oracle_value,"[0.08967989908472807, 0.04312272407290396]",9dd80a03b98c94f89abe330bd6c24eab635f33ac1fbd9a777994a424ddc61779,independent_expert,7d6b0418453fc965b7c7060a3284ac2ffbbc1948602e1d9af0be1949d7ddb5e7,15fe1c42e2f68bd8222e523b9802e88253c7da54247562b8a7f321269fd70525,7d6b0418453fc965b7c7060a3284ac2ffbbc1948602e1d9af0be1949d7ddb5e7,15fe1c42e2f68bd8222e523b9802e88253c7da54247562b8a7f321269fd70525,09d6d69a1a6507956fd4523a2b056473fbd3b6c536aa67435ca7ef82d032b008,0.39461852792548413,True
71,2,independent_expert,none,independent_expert,1.0,test,Target-Only,0.4995668499212354,0.8818090344379509,0.8920355704083499,0.8537155511811023,0.46153846153846156,0.11285904623488108,-0.9097381186752047,0.9453125,128,target_only,none,[],9dd80a03b98c94f89abe330bd6c24eab635f33ac1fbd9a777994a424ddc61779,independent_expert,7d6b0418453fc965b7c7060a3284ac2ffbbc1948602e1d9af0be1949d7ddb5e7,71cc56911101ec2ce0d612eb4cea558ba6679869949f30a2867d7d94f6bdef89,7d6b0418453fc965b7c7060a3284ac2ffbbc1948602e1d9af0be1949d7ddb5e7,71cc56911101ec2ce0d612eb4cea558ba6679869949f30a2867d7d94f6bdef89,1688b4a36acbf36e99b9b0f98b814693520fc15977338b8b6f82583f3cedd928,0.0,False
71,2,independent_expert,none,independent_expert,1.0,test,Geometry-Prior+Residual,0.43959352497811993,0.8078945092387584,0.9026506134407617,0.8623277559055118,0.3076923076923077,0.2067090870835566,-0.7936391116822428,0.765625,128,calibrated,geometry,[0.24486239825576972],9dd80a03b98c94f89abe330bd6c24eab635f33ac1fbd9a777994a424ddc61779,independent_expert,7d6b0418453fc965b7c7060a3284ac2ffbbc1948602e1d9af0be1949d7ddb5e7,71cc56911101ec2ce0d612eb4cea558ba6679869949f30a2867d7d94f6bdef89,7d6b0418453fc965b7c7060a3284ac2ffbbc1948602e1d9af0be1949d7ddb5e7,71cc56911101ec2ce0d612eb4cea558ba6679869949f30a2867d7d94f6bdef89,1688b4a36acbf36e99b9b0f98b814693520fc15977338b8b6f82583f3cedd928,-0.05997332494311547,False
71,2,independent_expert,none,independent_expert,1.0,test,Oracle-Rank+Residual,1.1128682429098915,0.6323844989414401,0.6298468687053652,0.7316683070866141,0.15384615384615385,0.3015622665978399,1.6725151711353794,0.5078125,128,calibrated,oracle_rank,[0.12920812010018648],9dd80a03b98c94f89abe330bd6c24eab635f33ac1fbd9a777994a424ddc61779,independent_expert,7d6b0418453fc965b7c7060a3284ac2ffbbc1948602e1d9af0be1949d7ddb5e7,71cc56911101ec2ce0d612eb4cea558ba6679869949f30a2867d7d94f6bdef89,7d6b0418453fc965b7c7060a3284ac2ffbbc1948602e1d9af0be1949d7ddb5e7,71cc56911101ec2ce0d612eb4cea558ba6679869949f30a2867d7d94f6bdef89,1688b4a36acbf36e99b9b0f98b814693520fc15977338b8b6f82583f3cedd928,0.6133013929886562,True
71,2,independent_expert,none,independent_expert,1.0,test,Oracle-Value+Residual,1.0747445884338287,0.6247449377686194,0.6373145943966306,0.7333907480314961,0.15384615384615385,0.3015622665978399,1.4401131107143674,0.5,128,calibrated,oracle_value,[0.12532733771633003],9dd80a03b98c94f89abe330bd6c24eab635f33ac1fbd9a777994a424ddc61779,independent_expert,7d6b0418453fc965b7c7060a3284ac2ffbbc1948602e1d9af0be1949d7ddb5e7,71cc56911101ec2ce0d612eb4cea558ba6679869949f30a2867d7d94f6bdef89,7d6b0418453fc965b7c7060a3284ac2ffbbc1948602e1d9af0be1949d7ddb5e7,71cc56911101ec2ce0d612eb4cea558ba6679869949f30a2867d7d94f6bdef89,1688b4a36acbf36e99b9b0f98b814693520fc15977338b8b6f82583f3cedd928,0.5751777385125934,True
71,2,independent_expert,none,independent_expert,1.0,test,Oracle-Rank+Value+Residual,1.1267982448733582,0.6323844989414401,0.6239241897088444,0.7293307086614174,0.15384615384615385,0.3015622665978399,1.7796084814398219,0.5,128,calibrated,oracle_rank|oracle_value,"[0.08967989908472807, 0.04312272407290396]",9dd80a03b98c94f89abe330bd6c24eab635f33ac1fbd9a777994a424ddc61779,independent_expert,7d6b0418453fc965b7c7060a3284ac2ffbbc1948602e1d9af0be1949d7ddb5e7,71cc56911101ec2ce0d612eb4cea558ba6679869949f30a2867d7d94f6bdef89,7d6b0418453fc965b7c7060a3284ac2ffbbc1948602e1d9af0be1949d7ddb5e7,71cc56911101ec2ce0d612eb4cea558ba6679869949f30a2867d7d94f6bdef89,1688b4a36acbf36e99b9b0f98b814693520fc15977338b8b6f82583f3cedd928,0.6272313949521229,True
89,2,identity,none,identity,0.35,test,Target-Only,0.8953425841018426,0.3377189101215422,0.4813907709210767,0.6824557086614174,0.0,0.9678114269108737,-1.9686455669480483,1.0,128,target_only,none,[],67aef5674e032eb88210e50e24df9873aaf4d394c3340290161c0f6386bf2fc6,identity,ff35c8455029c95fce643ee6d779a4c8f7896375bc7d46be81b486e839489bfc,f2efc17e99d046556ad978e47d5ece79082443e75b076bdd6426f03ff6a3ace6,ff35c8455029c95fce643ee6d779a4c8f7896375bc7d46be81b486e839489bfc,f2efc17e99d046556ad978e47d5ece79082443e75b076bdd6426f03ff6a3ace6,850e1933b76387a65c22100d1bf4a4e5392b63fef890b189b56f32b52e27f099,0.0,False
89,2,identity,none,identity,0.35,test,Geometry-Prior+Residual,0.9768769330117673,0.8243502714512093,0.3704392510529207,0.6430856299212598,0.23076923076923078,0.11262470211630542,-1.7025621196239142,0.7421875,128,calibrated,geometry,[0.21119526075779677],67aef5674e032eb88210e50e24df9873aaf4d394c3340290161c0f6386bf2fc6,identity,ff35c8455029c95fce643ee6d779a4c8f7896375bc7d46be81b486e839489bfc,f2efc17e99d046556ad978e47d5ece79082443e75b076bdd6426f03ff6a3ace6,ff35c8455029c95fce643ee6d779a4c8f7896375bc7d46be81b486e839489bfc,f2efc17e99d046556ad978e47d5ece79082443e75b076bdd6426f03ff6a3ace6,850e1933b76387a65c22100d1bf4a4e5392b63fef890b189b56f32b52e27f099,0.08153434890992461,True
89,2,identity,none,identity,0.35,test,Oracle-Rank+Residual,0.43872890711899903,0.9940324615468586,0.8538958066288225,0.8603592519685039,0.9230769230769231,0.0,-1.8181918705212463,0.625,128,calibrated,oracle_rank,[0.263940713119671],67aef5674e032eb88210e50e24df9873aaf4d394c3340290161c0f6386bf2fc6,identity,ff35c8455029c95fce643ee6d779a4c8f7896375bc7d46be81b486e839489bfc,f2efc17e99d046556ad978e47d5ece79082443e75b076bdd6426f03ff6a3ace6,ff35c8455029c95fce643ee6d779a4c8f7896375bc7d46be81b486e839489bfc,f2efc17e99d046556ad978e47d5ece79082443e75b076bdd6426f03ff6a3ace6,850e1933b76387a65c22100d1bf4a4e5392b63fef890b189b56f32b52e27f099,-0.4566136769828436,False
89,2,identity,none,identity,0.35,test,Oracle-Value+Residual,0.07816517048188876,0.997651725501726,0.9730875755356162,0.9512795275590551,0.9230769230769231,0.00027731899952206644,-4.373538294721142,1.0,128,calibrated,oracle_value,[0.27248809231698073],67aef5674e032eb88210e50e24df9873aaf4d394c3340290161c0f6386bf2fc6,identity,ff35c8455029c95fce643ee6d779a4c8f7896375bc7d46be81b486e839489bfc,f2efc17e99d046556ad978e47d5ece79082443e75b076bdd6426f03ff6a3ace6,ff35c8455029c95fce643ee6d779a4c8f7896375bc7d46be81b486e839489bfc,f2efc17e99d046556ad978e47d5ece79082443e75b076bdd6426f03ff6a3ace6,850e1933b76387a65c22100d1bf4a4e5392b63fef890b189b56f32b52e27f099,-0.8171774136199539,False
89,2,identity,none,identity,0.35,test,Oracle-Rank+Value+Residual,0.17358669635089308,0.9980081349176048,0.9267819538546054,0.9093257874015748,1.0,0.0,-2.667875627327839,0.59375,128,calibrated,oracle_rank|oracle_value,"[0.10081522958386938, 0.182253904232552]",67aef5674e032eb88210e50e24df9873aaf4d394c3340290161c0f6386bf2fc6,identity,ff35c8455029c95fce643ee6d779a4c8f7896375bc7d46be81b486e839489bfc,f2efc17e99d046556ad978e47d5ece79082443e75b076bdd6426f03ff6a3ace6,ff35c8455029c95fce643ee6d779a4c8f7896375bc7d46be81b486e839489bfc,f2efc17e99d046556ad978e47d5ece79082443e75b076bdd6426f03ff6a3ace6,850e1933b76387a65c22100d1bf4a4e5392b63fef890b189b56f32b52e27f099,-0.7217558877509496,False
89,2,identity,none,identity,0.7,test,Target-Only,1.605152088752698,0.9371325763088593,0.7383549258377586,0.781742125984252,0.6153846153846154,0.05012042666486162,-0.6620567182815106,0.8125,128,target_only,none,[],67aef5674e032eb88210e50e24df9873aaf4d394c3340290161c0f6386bf2fc6,identity,ff35c8455029c95fce643ee6d779a4c8f7896375bc7d46be81b486e839489bfc,2c63ab51c63f29a433541e506df23b8bd42c9bde748ce55ff39851eb2dd99071,ff35c8455029c95fce643ee6d779a4c8f7896375bc7d46be81b486e839489bfc,2c63ab51c63f29a433541e506df23b8bd42c9bde748ce55ff39851eb2dd99071,168a6cb56d8f17c2d7775c3c0a9f9f3d26d964d839d65f240d6b796e24e36c53,0.0,False
89,2,identity,none,identity,0.7,test,Geometry-Prior+Residual,1.3750466420965015,0.9469249791610979,0.7474649789415856,0.7930610236220472,0.5384615384615384,0.000741279518752292,-0.8097165511523678,0.7265625,128,calibrated,geometry,[0.21119526075779677],67aef5674e032eb88210e50e24df9873aaf4d394c3340290161c0f6386bf2fc6,identity,ff35c8455029c95fce643ee6d779a4c8f7896375bc7d46be81b486e839489bfc,2c63ab51c63f29a433541e506df23b8bd42c9bde748ce55ff39851eb2dd99071,ff35c8455029c95fce643ee6d779a4c8f7896375bc7d46be81b486e839489bfc,2c63ab51c63f29a433541e506df23b8bd42c9bde748ce55ff39851eb2dd99071,168a6cb56d8f17c2d7775c3c0a9f9f3d26d964d839d65f240d6b796e24e36c53,-0.23010544665619648,False
89,2,identity,none,identity,0.7,test,Oracle-Rank+Residual,1.0099518253870905,0.9698973480089692,0.8228346456692912,0.8343996062992126,0.7692307692307693,0.11042571403232117,2.7843385355148964,0.296875,128,calibrated,oracle_rank,[0.263940713119671],67aef5674e032eb88210e50e24df9873aaf4d394c3340290161c0f6386bf2fc6,identity,ff35c8455029c95fce643ee6d779a4c8f7896375bc7d46be81b486e839489bfc,2c63ab51c63f29a433541e506df23b8bd42c9bde748ce55ff39851eb2dd99071,ff35c8455029c95fce643ee6d779a4c8f7896375bc7d46be81b486e839489bfc,2c63ab51c63f29a433541e506df23b8bd42c9bde748ce55ff39851eb2dd99071,168a6cb56d8f17c2d7775c3c0a9f9f3d26d964d839d65f240d6b796e24e36c53,-0.5952002633656075,False
89,2,identity,none,identity,0.7,test,Oracle-Value+Residual,0.15154940940750966,0.998632835888067,0.9338491118842702,0.9128937007874016,1.0,0.000741279518752292,-2.778080203111264,0.71875,128,calibrated,oracle_value,[0.27248809231698073],67aef5674e032eb88210e50e24df9873aaf4d394c3340290161c0f6386bf2fc6,identity,ff35c8455029c95fce643ee6d779a4c8f7896375bc7d46be81b486e839489bfc,2c63ab51c63f29a433541e506df23b8bd42c9bde748ce55ff39851eb2dd99071,ff35c8455029c95fce643ee6d779a4c8f7896375bc7d46be81b486e839489bfc,2c63ab51c63f29a433541e506df23b8bd42c9bde748ce55ff39851eb2dd99071,168a6cb56d8f17c2d7775c3c0a9f9f3d26d964d839d65f240d6b796e24e36c53,-1.4536026793451884,False
89,2,identity,none,identity,0.7,test,Oracle-Rank+Value+Residual,0.40376449338000686,0.9968215937688075,0.8640587804431422,0.8647883858267716,0.9230769230769231,0.0,2.09917547240087,0.2578125,128,calibrated,oracle_rank|oracle_value,"[0.10081522958386938, 0.182253904232552]",67aef5674e032eb88210e50e24df9873aaf4d394c3340290161c0f6386bf2fc6,identity,ff35c8455029c95fce643ee6d779a4c8f7896375bc7d46be81b486e839489bfc,2c63ab51c63f29a433541e506df23b8bd42c9bde748ce55ff39851eb2dd99071,ff35c8455029c95fce643ee6d779a4c8f7896375bc7d46be81b486e839489bfc,2c63ab51c63f29a433541e506df23b8bd42c9bde748ce55ff39851eb2dd99071,168a6cb56d8f17c2d7775c3c0a9f9f3d26d964d839d65f240d6b796e24e36c53,-1.2013875953726911,False
89,2,identity,none,identity,1.0,test,Target-Only,0.7512296672826876,0.9395421761342663,0.7952984801318439,0.8000738188976378,0.5384615384615384,0.03340278193149676,-0.36414620452702345,0.875,128,target_only,none,[],67aef5674e032eb88210e50e24df9873aaf4d394c3340290161c0f6386bf2fc6,identity,ff35c8455029c95fce643ee6d779a4c8f7896375bc7d46be81b486e839489bfc,f511f9a63a219cbc7e0892c582ded8f0338468e6eb5f737174d6a348d6c9aecb,ff35c8455029c95fce643ee6d779a4c8f7896375bc7d46be81b486e839489bfc,f511f9a63a219cbc7e0892c582ded8f0338468e6eb5f737174d6a348d6c9aecb,f085e77dd0aafd80864691f74cf55b2bb7d0561b4c0dc5e5abf6076c37d1d8fa,0.0,False
89,2,identity,none,identity,1.0,test,Geometry-Prior+Residual,0.5780342438359741,0.9452156297987462,0.8174899285845083,0.81373031496063,0.5384615384615384,0.0005055271280570516,-0.4746438170175423,0.6953125,128,calibrated,geometry,[0.21119526075779677],67aef5674e032eb88210e50e24df9873aaf4d394c3340290161c0f6386bf2fc6,identity,ff35c8455029c95fce643ee6d779a4c8f7896375bc7d46be81b486e839489bfc,f511f9a63a219cbc7e0892c582ded8f0338468e6eb5f737174d6a348d6c9aecb,ff35c8455029c95fce643ee6d779a4c8f7896375bc7d46be81b486e839489bfc,f511f9a63a219cbc7e0892c582ded8f0338468e6eb5f737174d6a348d6c9aecb,f085e77dd0aafd80864691f74cf55b2bb7d0561b4c0dc5e5abf6076c37d1d8fa,-0.17319542344671346,False
89,2,identity,none,identity,1.0,test,Oracle-Rank+Residual,0.36726220304756096,0.9961174636319665,0.9161039644753706,0.8809055118110236,0.9230769230769231,0.0,1.1557429230925607,0.5625,128,calibrated,oracle_rank,[0.263940713119671],67aef5674e032eb88210e50e24df9873aaf4d394c3340290161c0f6386bf2fc6,identity,ff35c8455029c95fce643ee6d779a4c8f7896375bc7d46be81b486e839489bfc,f511f9a63a219cbc7e0892c582ded8f0338468e6eb5f737174d6a348d6c9aecb,ff35c8455029c95fce643ee6d779a4c8f7896375bc7d46be81b486e839489bfc,f511f9a63a219cbc7e0892c582ded8f0338468e6eb5f737174d6a348d6c9aecb,f085e77dd0aafd80864691f74cf55b2bb7d0561b4c0dc5e5abf6076c37d1d8fa,-0.3839674642351266,False
89,2,identity,none,identity,1.0,test,Oracle-Value+Residual,0.07701711034523066,0.9983934108568088,0.9908498901300127,0.9707185039370079,1.0,0.0005055271280570516,-1.9939778779983237,0.7421875,128,calibrated,oracle_value,[0.27248809231698073],67aef5674e032eb88210e50e24df9873aaf4d394c3340290161c0f6386bf2fc6,identity,ff35c8455029c95fce643ee6d779a4c8f7896375bc7d46be81b486e839489bfc,f511f9a63a219cbc7e0892c582ded8f0338468e6eb5f737174d6a348d6c9aecb,ff35c8455029c95fce643ee6d779a4c8f7896375bc7d46be81b486e839489bfc,f511f9a63a219cbc7e0892c582ded8f0338468e6eb5f737174d6a348d6c9aecb,f085e77dd0aafd80864691f74cf55b2bb7d0561b4c0dc5e5abf6076c37d1d8fa,-0.674212556937457,False
89,2,identity,none,identity,1.0,test,Oracle-Rank+Value+Residual,0.15164204140937698,0.9983820446703621,0.9769330250869803,0.9431594488188977,1.0,0.0,0.5720241024661338,0.5078125,128,calibrated,oracle_rank|oracle_value,"[0.10081522958386938, 0.182253904232552]",67aef5674e032eb88210e50e24df9873aaf4d394c3340290161c0f6386bf2fc6,identity,ff35c8455029c95fce643ee6d779a4c8f7896375bc7d46be81b486e839489bfc,f511f9a63a219cbc7e0892c582ded8f0338468e6eb5f737174d6a348d6c9aecb,ff35c8455029c95fce643ee6d779a4c8f7896375bc7d46be81b486e839489bfc,f511f9a63a219cbc7e0892c582ded8f0338468e6eb5f737174d6a348d6c9aecb,f085e77dd0aafd80864691f74cf55b2bb7d0561b4c0dc5e5abf6076c37d1d8fa,-0.5995876258733106,False
89,2,identity,identity_label_permutation,identity_label_permutation,0.35,test,Target-Only,0.8953425841018426,0.3377189101215422,0.4813907709210767,0.6824557086614174,0.0,0.9678114269108737,-1.9686455669480483,1.0,128,target_only,none,[],2d9c00b37edc7643038f9de053ca758bed73fc26c8d4125f8fe3f4b0d90a0fba,identity,ff35c8455029c95fce643ee6d779a4c8f7896375bc7d46be81b486e839489bfc,f2efc17e99d046556ad978e47d5ece79082443e75b076bdd6426f03ff6a3ace6,ff35c8455029c95fce643ee6d779a4c8f7896375bc7d46be81b486e839489bfc,f2efc17e99d046556ad978e47d5ece79082443e75b076bdd6426f03ff6a3ace6,850e1933b76387a65c22100d1bf4a4e5392b63fef890b189b56f32b52e27f099,0.0,False
89,2,identity,identity_label_permutation,identity_label_permutation,0.35,test,Geometry-Prior+Residual,0.9768769330117673,0.8243502714512093,0.3704392510529207,0.6430856299212598,0.23076923076923078,0.11262470211630542,-1.7025621196239142,0.7421875,128,calibrated,geometry,[0.21119526075779677],2d9c00b37edc7643038f9de053ca758bed73fc26c8d4125f8fe3f4b0d90a0fba,identity,ff35c8455029c95fce643ee6d779a4c8f7896375bc7d46be81b486e839489bfc,f2efc17e99d046556ad978e47d5ece79082443e75b076bdd6426f03ff6a3ace6,ff35c8455029c95fce643ee6d779a4c8f7896375bc7d46be81b486e839489bfc,f2efc17e99d046556ad978e47d5ece79082443e75b076bdd6426f03ff6a3ace6,850e1933b76387a65c22100d1bf4a4e5392b63fef890b189b56f32b52e27f099,0.08153434890992461,True
89,2,identity,identity_label_permutation,identity_label_permutation,0.35,test,Oracle-Rank+Residual,2.9752924226176667,0.7020489817822845,0.03818554294085332,0.5082431102362205,0.3076923076923077,0.23558001252580993,7.198615335953827,0.28125,128,calibrated,oracle_rank,[0.17519443918538743],2d9c00b37edc7643038f9de053ca758bed73fc26c8d4125f8fe3f4b0d90a0fba,identity,ff35c8455029c95fce643ee6d779a4c8f7896375bc7d46be81b486e839489bfc,f2efc17e99d046556ad978e47d5ece79082443e75b076bdd6426f03ff6a3ace6,ff35c8455029c95fce643ee6d779a4c8f7896375bc7d46be81b486e839489bfc,f2efc17e99d046556ad978e47d5ece79082443e75b076bdd6426f03ff6a3ace6,850e1933b76387a65c22100d1bf4a4e5392b63fef890b189b56f32b52e27f099,2.079949838515824,True
89,2,identity,identity_label_permutation,identity_label_permutation,0.35,test,Oracle-Value+Residual,2.6027833150344133,0.7471160199622797,0.0013562076542757734,0.5051673228346457,0.3076923076923077,0.23558001252580993,8.567138591857965,0.4296875,128,calibrated,oracle_value,[0.1650016779926145],2d9c00b37edc7643038f9de053ca758bed73fc26c8d4125f8fe3f4b0d90a0fba,identity,ff35c8455029c95fce643ee6d779a4c8f7896375bc7d46be81b486e839489bfc,f2efc17e99d046556ad978e47d5ece79082443e75b076bdd6426f03ff6a3ace6,ff35c8455029c95fce643ee6d779a4c8f7896375bc7d46be81b486e839489bfc,f2efc17e99d046556ad978e47d5ece79082443e75b076bdd6426f03ff6a3ace6,850e1933b76387a65c22100d1bf4a4e5392b63fef890b189b56f32b52e27f099,1.7074407309325705,True
89,2,identity,identity_label_permutation,identity_label_permutation,0.35,test,Oracle-Rank+Value+Residual,3.0212399846220426,0.7174370447477841,0.0021973997436366965,0.49864665354330706,0.3076923076923077,0.23558001252580993,9.292737656394522,0.3203125,128,calibrated,oracle_rank|oracle_value,"[0.12128448065681308, 0.06613174883447645]",2d9c00b37edc7643038f9de053ca758bed73fc26c8d4125f8fe3f4b0d90a0fba,identity,ff35c8455029c95fce643ee6d779a4c8f7896375bc7d46be81b486e839489bfc,f2efc17e99d046556ad978e47d5ece79082443e75b076bdd6426f03ff6a3ace6,ff35c8455029c95fce643ee6d779a4c8f7896375bc7d46be81b486e839489bfc,f2efc17e99d046556ad978e47d5ece79082443e75b076bdd6426f03ff6a3ace6,850e1933b76387a65c22100d1bf4a4e5392b63fef890b189b56f32b52e27f099,2.1258974005202,True
89,2,identity,identity_label_permutation,identity_label_permutation,0.7,test,Target-Only,1.605152088752698,0.9371325763088593,0.7383549258377586,0.781742125984252,0.6153846153846154,0.05012042666486162,-0.6620567182815106,0.8125,128,target_only,none,[],2d9c00b37edc7643038f9de053ca758bed73fc26c8d4125f8fe3f4b0d90a0fba,identity,ff35c8455029c95fce643ee6d779a4c8f7896375bc7d46be81b486e839489bfc,2c63ab51c63f29a433541e506df23b8bd42c9bde748ce55ff39851eb2dd99071,ff35c8455029c95fce643ee6d779a4c8f7896375bc7d46be81b486e839489bfc,2c63ab51c63f29a433541e506df23b8bd42c9bde748ce55ff39851eb2dd99071,168a6cb56d8f17c2d7775c3c0a9f9f3d26d964d839d65f240d6b796e24e36c53,0.0,False
89,2,identity,identity_label_permutation,identity_label_permutation,0.7,test,Geometry-Prior+Residual,1.3750466420965015,0.9469249791610979,0.7474649789415856,0.7930610236220472,0.5384615384615384,0.000741279518752292,-0.8097165511523678,0.7265625,128,calibrated,geometry,[0.21119526075779677],2d9c00b37edc7643038f9de053ca758bed73fc26c8d4125f8fe3f4b0d90a0fba,identity,ff35c8455029c95fce643ee6d779a4c8f7896375bc7d46be81b486e839489bfc,2c63ab51c63f29a433541e506df23b8bd42c9bde748ce55ff39851eb2dd99071,ff35c8455029c95fce643ee6d779a4c8f7896375bc7d46be81b486e839489bfc,2c63ab51c63f29a433541e506df23b8bd42c9bde748ce55ff39851eb2dd99071,168a6cb56d8f17c2d7775c3c0a9f9f3d26d964d839d65f240d6b796e24e36c53,-0.23010544665619648,False
89,2,identity,identity_label_permutation,identity_label_permutation,0.7,test,Oracle-Rank+Residual,3.8098452964196095,0.3990971513483062,-0.1518552005127266,0.45509350393700787,0.07692307692307693,0.27245473841037876,9.416050883924347,0.3125,128,calibrated,oracle_rank,[0.17519443918538743],2d9c00b37edc7643038f9de053ca758bed73fc26c8d4125f8fe3f4b0d90a0fba,identity,ff35c8455029c95fce643ee6d779a4c8f7896375bc7d46be81b486e839489bfc,2c63ab51c63f29a433541e506df23b8bd42c9bde748ce55ff39851eb2dd99071,ff35c8455029c95fce643ee6d779a4c8f7896375bc7d46be81b486e839489bfc,2c63ab51c63f29a433541e506df23b8bd42c9bde748ce55ff39851eb2dd99071,168a6cb56d8f17c2d7775c3c0a9f9f3d26d964d839d65f240d6b796e24e36c53,2.2046932076669115,True
89,2,identity,identity_label_permutation,identity_label_permutation,0.7,test,Oracle-Value+Residual,3.859707230219974,0.268761193557845,-0.17924830617103094,0.45410925196850394,0.07692307692307693,0.9879276928009916,8.008718178109756,0.3359375,128,calibrated,oracle_value,[0.1650016779926145],2d9c00b37edc7643038f9de053ca758bed73fc26c8d4125f8fe3f4b0d90a0fba,identity,ff35c8455029c95fce643ee6d779a4c8f7896375bc7d46be81b486e839489bfc,2c63ab51c63f29a433541e506df23b8bd42c9bde748ce55ff39851eb2dd99071,ff35c8455029c95fce643ee6d779a4c8f7896375bc7d46be81b486e839489bfc,2c63ab51c63f29a433541e506df23b8bd42c9bde748ce55ff39851eb2dd99071,168a6cb56d8f17c2d7775c3c0a9f9f3d26d964d839d65f240d6b796e24e36c53,2.254555141467276,True
89,2,identity,identity_label_permutation,identity_label_permutation,0.7,test,Oracle-Rank+Value+Residual,4.075916596913048,0.2677166742838072,-0.19556285478850025,0.4434055118110236,0.07692307692307693,0.9879276928009916,10.82008549354154,0.296875,128,calibrated,oracle_rank|oracle_value,"[0.12128448065681308, 0.06613174883447645]",2d9c00b37edc7643038f9de053ca758bed73fc26c8d4125f8fe3f4b0d90a0fba,identity,ff35c8455029c95fce643ee6d779a4c8f7896375bc7d46be81b486e839489bfc,2c63ab51c63f29a433541e506df23b8bd42c9bde748ce55ff39851eb2dd99071,ff35c8455029c95fce643ee6d779a4c8f7896375bc7d46be81b486e839489bfc,2c63ab51c63f29a433541e506df23b8bd42c9bde748ce55ff39851eb2dd99071,168a6cb56d8f17c2d7775c3c0a9f9f3d26d964d839d65f240d6b796e24e36c53,2.47076450816035,True
89,2,identity,identity_label_permutation,identity_label_permutation,1.0,test,Target-Only,0.7512296672826876,0.9395421761342663,0.7952984801318439,0.8000738188976378,0.5384615384615384,0.03340278193149676,-0.36414620452702345,0.875,128,target_only,none,[],2d9c00b37edc7643038f9de053ca758bed73fc26c8d4125f8fe3f4b0d90a0fba,identity,ff35c8455029c95fce643ee6d779a4c8f7896375bc7d46be81b486e839489bfc,f511f9a63a219cbc7e0892c582ded8f0338468e6eb5f737174d6a348d6c9aecb,ff35c8455029c95fce643ee6d779a4c8f7896375bc7d46be81b486e839489bfc,f511f9a63a219cbc7e0892c582ded8f0338468e6eb5f737174d6a348d6c9aecb,f085e77dd0aafd80864691f74cf55b2bb7d0561b4c0dc5e5abf6076c37d1d8fa,0.0,False
89,2,identity,identity_label_permutation,identity_label_permutation,1.0,test,Geometry-Prior+Residual,0.5780342438359741,0.9452156297987462,0.8174899285845083,0.81373031496063,0.5384615384615384,0.0005055271280570516,-0.4746438170175423,0.6953125,128,calibrated,geometry,[0.21119526075779677],2d9c00b37edc7643038f9de053ca758bed73fc26c8d4125f8fe3f4b0d90a0fba,identity,ff35c8455029c95fce643ee6d779a4c8f7896375bc7d46be81b486e839489bfc,f511f9a63a219cbc7e0892c582ded8f0338468e6eb5f737174d6a348d6c9aecb,ff35c8455029c95fce643ee6d779a4c8f7896375bc7d46be81b486e839489bfc,f511f9a63a219cbc7e0892c582ded8f0338468e6eb5f737174d6a348d6c9aecb,f085e77dd0aafd80864691f74cf55b2bb7d0561b4c0dc5e5abf6076c37d1d8fa,-0.17319542344671346,False
89,2,identity,identity_label_permutation,identity_label_permutation,1.0,test,Oracle-Rank+Residual,1.603196547108461,0.5583570792164133,0.11815601538179821,0.5408464566929134,0.3076923076923077,0.9868869441264715,13.58498720346542,0.375,128,calibrated,oracle_rank,[0.17519443918538743],2d9c00b37edc7643038f9de053ca758bed73fc26c8d4125f8fe3f4b0d90a0fba,identity,ff35c8455029c95fce643ee6d779a4c8f7896375bc7d46be81b486e839489bfc,f511f9a63a219cbc7e0892c582ded8f0338468e6eb5f737174d6a348d6c9aecb,ff35c8455029c95fce643ee6d779a4c8f7896375bc7d46be81b486e839489bfc,f511f9a63a219cbc7e0892c582ded8f0338468e6eb5f737174d6a348d6c9aecb,f085e77dd0aafd80864691f74cf55b2bb7d0561b4c0dc5e5abf6076c37d1d8fa,0.8519668798257735,True
89,2,identity,identity_label_permutation,identity_label_permutation,1.0,test,Oracle-Value+Residual,1.5211679369765734,0.5817606680862022,0.18264740889946893,0.5563484251968503,0.3076923076923077,0.9507821797880618,9.836753937080246,0.4296875,128,calibrated,oracle_value,[0.1650016779926145],2d9c00b37edc7643038f9de053ca758bed73fc26c8d4125f8fe3f4b0d90a0fba,identity,ff35c8455029c95fce643ee6d779a4c8f7896375bc7d46be81b486e839489bfc,f511f9a63a219cbc7e0892c582ded8f0338468e6eb5f737174d6a348d6c9aecb,ff35c8455029c95fce643ee6d779a4c8f7896375bc7d46be81b486e839489bfc,f511f9a63a219cbc7e0892c582ded8f0338468e6eb5f737174d6a348d6c9aecb,f085e77dd0aafd80864691f74cf55b2bb7d0561b4c0dc5e5abf6076c37d1d8fa,0.7699382696938858,True
89,2,identity,identity_label_permutation,identity_label_permutation,1.0,test,Oracle-Rank+Value+Residual,1.63962260299451,0.5725546458779058,0.09776712140633582,0.531126968503937,0.3076923076923077,0.9507821797880618,14.414340350188708,0.3671875,128,calibrated,oracle_rank|oracle_value,"[0.12128448065681308, 0.06613174883447645]",2d9c00b37edc7643038f9de053ca758bed73fc26c8d4125f8fe3f4b0d90a0fba,identity,ff35c8455029c95fce643ee6d779a4c8f7896375bc7d46be81b486e839489bfc,f511f9a63a219cbc7e0892c582ded8f0338468e6eb5f737174d6a348d6c9aecb,ff35c8455029c95fce643ee6d779a4c8f7896375bc7d46be81b486e839489bfc,f511f9a63a219cbc7e0892c582ded8f0338468e6eb5f737174d6a348d6c9aecb,f085e77dd0aafd80864691f74cf55b2bb7d0561b4c0dc5e5abf6076c37d1d8fa,0.8883929357118224,True
89,2,output_affine,none,output_affine,0.35,test,Target-Only,0.8953425841018428,0.3377189101215422,0.4813907709210767,0.6824557086614174,0.0,0.967811426910873,-1.0523548350738923,1.0,128,target_only,none,[],67aef5674e032eb88210e50e24df9873aaf4d394c3340290161c0f6386bf2fc6,output_affine,ff35c8455029c95fce643ee6d779a4c8f7896375bc7d46be81b486e839489bfc,f2efc17e99d046556ad978e47d5ece79082443e75b076bdd6426f03ff6a3ace6,ff35c8455029c95fce643ee6d779a4c8f7896375bc7d46be81b486e839489bfc,f2efc17e99d046556ad978e47d5ece79082443e75b076bdd6426f03ff6a3ace6,4c1fe7f7b558845a3e699d8c489f1162a7390ba9ee7f232806fecc386bc91229,0.0,False
89,2,output_affine,none,output_affine,0.35,test,Geometry-Prior+Residual,0.9768769330117671,0.8243502714512093,0.3704392510529207,0.6430856299212598,0.23076923076923078,0.11262470211630511,-0.7862713877497648,0.7421875,128,calibrated,geometry,[0.5279881518944917],67aef5674e032eb88210e50e24df9873aaf4d394c3340290161c0f6386bf2fc6,output_affine,ff35c8455029c95fce643ee6d779a4c8f7896375bc7d46be81b486e839489bfc,f2efc17e99d046556ad978e47d5ece79082443e75b076bdd6426f03ff6a3ace6,ff35c8455029c95fce643ee6d779a4c8f7896375bc7d46be81b486e839489bfc,f2efc17e99d046556ad978e47d5ece79082443e75b076bdd6426f03ff6a3ace6,4c1fe7f7b558845a3e699d8c489f1162a7390ba9ee7f232806fecc386bc91229,0.08153434890992439,True
89,2,output_affine,none,output_affine,0.35,test,Oracle-Rank+Residual,0.4387289071190006,0.9940324615468586,0.8538958066288225,0.8603592519685039,0.9230769230769231,0.0,-0.9019011386470996,0.625,128,calibrated,oracle_rank,[0.6598517827991771],67aef5674e032eb88210e50e24df9873aaf4d394c3340290161c0f6386bf2fc6,output_affine,ff35c8455029c95fce643ee6d779a4c8f7896375bc7d46be81b486e839489bfc,f2efc17e99d046556ad978e47d5ece79082443e75b076bdd6426f03ff6a3ace6,ff35c8455029c95fce643ee6d779a4c8f7896375bc7d46be81b486e839489bfc,f2efc17e99d046556ad978e47d5ece79082443e75b076bdd6426f03ff6a3ace6,4c1fe7f7b558845a3e699d8c489f1162a7390ba9ee7f232806fecc386bc91229,-0.45661367698284216,False
89,2,output_affine,none,output_affine,0.35,test,Oracle-Value+Residual,0.07816517048188916,0.997651725501726,0.9730875755356162,0.9512795275590551,0.9230769230769231,0.0002773189995217616,-3.457247562847009,1.0,128,calibrated,oracle_value,[0.6812202307924515],67aef5674e032eb88210e50e24df9873aaf4d394c3340290161c0f6386bf2fc6,output_affine,ff35c8455029c95fce643ee6d779a4c8f7896375bc7d46be81b486e839489bfc,f2efc17e99d046556ad978e47d5ece79082443e75b076bdd6426f03ff6a3ace6,ff35c8455029c95fce643ee6d779a4c8f7896375bc7d46be81b486e839489bfc,f2efc17e99d046556ad978e47d5ece79082443e75b076bdd6426f03ff6a3ace6,4c1fe7f7b558845a3e699d8c489f1162a7390ba9ee7f232806fecc386bc91229,-0.8171774136199536,False
89,2,output_affine,none,output_affine,0.35,test,Oracle-Rank+Value+Residual,0.1735866963508942,0.9980081349176048,0.9267819538546054,0.9093257874015748,1.0,0.0,-1.751584895453676,0.59375,128,calibrated,oracle_rank|oracle_value,"[0.25203807395967254, 0.4556347605813802]",67aef5674e032eb88210e50e24df9873aaf4d394c3340290161c0f6386bf2fc6,output_affine,ff35c8455029c95fce643ee6d779a4c8f7896375bc7d46be81b486e839489bfc,f2efc17e99d046556ad978e47d5ece79082443e75b076bdd6426f03ff6a3ace6,ff35c8455029c95fce643ee6d779a4c8f7896375bc7d46be81b486e839489bfc,f2efc17e99d046556ad978e47d5ece79082443e75b076bdd6426f03ff6a3ace6,4c1fe7f7b558845a3e699d8c489f1162a7390ba9ee7f232806fecc386bc91229,-0.7217558877509486,False
89,2,output_affine,none,output_affine,0.7,test,Target-Only,1.6051520887526984,0.9371325763088593,0.7383549258377586,0.781742125984252,0.6153846153846154,0.05012042666486184,0.25423401359264425,0.8125,128,target_only,none,[],67aef5674e032eb88210e50e24df9873aaf4d394c3340290161c0f6386bf2fc6,output_affine,ff35c8455029c95fce643ee6d779a4c8f7896375bc7d46be81b486e839489bfc,2c63ab51c63f29a433541e506df23b8bd42c9bde748ce55ff39851eb2dd99071,ff35c8455029c95fce643ee6d779a4c8f7896375bc7d46be81b486e839489bfc,2c63ab51c63f29a433541e506df23b8bd42c9bde748ce55ff39851eb2dd99071,248b5d350efdbac2e20a1dd3c706304b50a53e52d2cadff52dd1da513cee60d2,0.0,False
89,2,output_affine,none,output_affine,0.7,test,Geometry-Prior+Residual,1.3750466420965015,0.9469249791610979,0.7474649789415856,0.7930610236220472,0.5384615384615384,0.0007412795187516424,0.1065741807217867,0.7265625,128,calibrated,geometry,[0.5279881518944917],67aef5674e032eb88210e50e24df9873aaf4d394c3340290161c0f6386bf2fc6,output_affine,ff35c8455029c95fce643ee6d779a4c8f7896375bc7d46be81b486e839489bfc,2c63ab51c63f29a433541e506df23b8bd42c9bde748ce55ff39851eb2dd99071,ff35c8455029c95fce643ee6d779a4c8f7896375bc7d46be81b486e839489bfc,2c63ab51c63f29a433541e506df23b8bd42c9bde748ce55ff39851eb2dd99071,248b5d350efdbac2e20a1dd3c706304b50a53e52d2cadff52dd1da513cee60d2,-0.23010544665619692,False
89,2,output_affine,none,output_affine,0.7,test,Oracle-Rank+Residual,1.0099518253870912,0.9698973480089692,0.8228346456692912,0.8343996062992126,0.7692307692307693,0.11042571403232089,3.700629267389054,0.296875,128,calibrated,oracle_rank,[0.6598517827991771],67aef5674e032eb88210e50e24df9873aaf4d394c3340290161c0f6386bf2fc6,output_affine,ff35c8455029c95fce643ee6d779a4c8f7896375bc7d46be81b486e839489bfc,2c63ab51c63f29a433541e506df23b8bd42c9bde748ce55ff39851eb2dd99071,ff35c8455029c95fce643ee6d779a4c8f7896375bc7d46be81b486e839489bfc,2c63ab51c63f29a433541e506df23b8bd42c9bde748ce55ff39851eb2dd99071,248b5d350efdbac2e20a1dd3c706304b50a53e52d2cadff52dd1da513cee60d2,-0.5952002633656073,False
89,2,output_affine,none,output_affine,0.7,test,Oracle-Value+Residual,0.15154940940751077,0.998632835888067,0.9338491118842702,0.9128937007874016,1.0,0.0007412795187516424,-1.8617894712371075,0.71875,128,calibrated,oracle_value,[0.6812202307924515],67aef5674e032eb88210e50e24df9873aaf4d394c3340290161c0f6386bf2fc6,output_affine,ff35c8455029c95fce643ee6d779a4c8f7896375bc7d46be81b486e839489bfc,2c63ab51c63f29a433541e506df23b8bd42c9bde748ce55ff39851eb2dd99071,ff35c8455029c95fce643ee6d779a4c8f7896375bc7d46be81b486e839489bfc,2c63ab51c63f29a433541e506df23b8bd42c9bde748ce55ff39851eb2dd99071,248b5d350efdbac2e20a1dd3c706304b50a53e52d2cadff52dd1da513cee60d2,-1.4536026793451877,False
89,2,output_affine,none,output_affine,0.7,test,Oracle-Rank+Value+Residual,0.40376449338000586,0.9968215937688075,0.8640587804431422,0.8647883858267716,0.9230769230769231,0.0,3.0154662042750053,0.2578125,128,calibrated,oracle_rank|oracle_value,"[0.25203807395967254, 0.4556347605813802]",67aef5674e032eb88210e50e24df9873aaf4d394c3340290161c0f6386bf2fc6,output_affine,ff35c8455029c95fce643ee6d779a4c8f7896375bc7d46be81b486e839489bfc,2c63ab51c63f29a433541e506df23b8bd42c9bde748ce55ff39851eb2dd99071,ff35c8455029c95fce643ee6d779a4c8f7896375bc7d46be81b486e839489bfc,2c63ab51c63f29a433541e506df23b8bd42c9bde748ce55ff39851eb2dd99071,248b5d350efdbac2e20a1dd3c706304b50a53e52d2cadff52dd1da513cee60d2,-1.2013875953726925,False
89,2,output_affine,none,output_affine,1.0,test,Target-Only,0.7512296672826877,0.9395421761342663,0.7952984801318439,0.8000738188976378,0.5384615384615384,0.03340278193149684,0.5521445273471322,0.875,128,target_only,none,[],67aef5674e032eb88210e50e24df9873aaf4d394c3340290161c0f6386bf2fc6,output_affine,ff35c8455029c95fce643ee6d779a4c8f7896375bc7d46be81b486e839489bfc,f511f9a63a219cbc7e0892c582ded8f0338468e6eb5f737174d6a348d6c9aecb,ff35c8455029c95fce643ee6d779a4c8f7896375bc7d46be81b486e839489bfc,f511f9a63a219cbc7e0892c582ded8f0338468e6eb5f737174d6a348d6c9aecb,e486ca61769910d1c74c741d91ae07e8787b74f26a93dfd39fb80fa2ba02e273,0.0,False
89,2,output_affine,none,output_affine,1.0,test,Geometry-Prior+Residual,0.5780342438359742,0.9452156297987462,0.8174899285845083,0.81373031496063,0.5384615384615384,0.0005055271280571643,0.44164691485661345,0.6953125,128,calibrated,geometry,[0.5279881518944917],67aef5674e032eb88210e50e24df9873aaf4d394c3340290161c0f6386bf2fc6,output_affine,ff35c8455029c95fce643ee6d779a4c8f7896375bc7d46be81b486e839489bfc,f511f9a63a219cbc7e0892c582ded8f0338468e6eb5f737174d6a348d6c9aecb,ff35c8455029c95fce643ee6d779a4c8f7896375bc7d46be81b486e839489bfc,f511f9a63a219cbc7e0892c582ded8f0338468e6eb5f737174d6a348d6c9aecb,e486ca61769910d1c74c741d91ae07e8787b74f26a93dfd39fb80fa2ba02e273,-0.17319542344671346,False
89,2,output_affine,none,output_affine,1.0,test,Oracle-Rank+Residual,0.36726220304756113,0.9961174636319665,0.9161039644753706,0.8809055118110236,0.9230769230769231,0.0,2.0720336549667087,0.5625,128,calibrated,oracle_rank,[0.6598517827991771],67aef5674e032eb88210e50e24df9873aaf4d394c3340290161c0f6386bf2fc6,output_affine,ff35c8455029c95fce643ee6d779a4c8f7896375bc7d46be81b486e839489bfc,f511f9a63a219cbc7e0892c582ded8f0338468e6eb5f737174d6a348d6c9aecb,ff35c8455029c95fce643ee6d779a4c8f7896375bc7d46be81b486e839489bfc,f511f9a63a219cbc7e0892c582ded8f0338468e6eb5f737174d6a348d6c9aecb,e486ca61769910d1c74c741d91ae07e8787b74f26a93dfd39fb80fa2ba02e273,-0.38396746423512657,False
89,2,output_affine,none,output_affine,1.0,test,Oracle-Value+Residual,0.07701711034523111,0.9983934108568088,0.9908498901300127,0.9707185039370079,1.0,0.0005055271280571643,-1.0776871461241395,0.7421875,128,calibrated,oracle_value,[0.6812202307924515],67aef5674e032eb88210e50e24df9873aaf4d394c3340290161c0f6386bf2fc6,output_affine,ff35c8455029c95fce643ee6d779a4c8f7896375bc7d46be81b486e839489bfc,f511f9a63a219cbc7e0892c582ded8f0338468e6eb5f737174d6a348d6c9aecb,ff35c8455029c95fce643ee6d779a4c8f7896375bc7d46be81b486e839489bfc,f511f9a63a219cbc7e0892c582ded8f0338468e6eb5f737174d6a348d6c9aecb,e486ca61769910d1c74c741d91ae07e8787b74f26a93dfd39fb80fa2ba02e273,-0.6742125569374566,False
89,2,output_affine,none,output_affine,1.0,test,Oracle-Rank+Value+Residual,0.1516420414093771,0.9983820446703621,0.9769330250869803,0.9431594488188977,1.0,0.0,1.4883148343402703,0.5078125,128,calibrated,oracle_rank|oracle_value,"[0.25203807395967254, 0.4556347605813802]",67aef5674e032eb88210e50e24df9873aaf4d394c3340290161c0f6386bf2fc6,output_affine,ff35c8455029c95fce643ee6d779a4c8f7896375bc7d46be81b486e839489bfc,f511f9a63a219cbc7e0892c582ded8f0338468e6eb5f737174d6a348d6c9aecb,ff35c8455029c95fce643ee6d779a4c8f7896375bc7d46be81b486e839489bfc,f511f9a63a219cbc7e0892c582ded8f0338468e6eb5f737174d6a348d6c9aecb,e486ca61769910d1c74c741d91ae07e8787b74f26a93dfd39fb80fa2ba02e273,-0.5995876258733106,False
89,2,scale_0.7,none,scale_0.7,0.35,test,Target-Only,0.9494777479223669,0.555342624596937,0.3527456052005127,0.6332431102362205,0.0,0.4777550194873434,-2.005258489995882,0.7890625,128,target_only,none,[],67aef5674e032eb88210e50e24df9873aaf4d394c3340290161c0f6386bf2fc6,scale_0.7,0bd91e0681bc5b5068f61199a479a54dc3ecb819eafa60301b03b93a31c2243d,5a94498577b5f1f63afa617c45eca585ab6425ebfe41d7e55496ce8117e9952b,ff35c8455029c95fce643ee6d779a4c8f7896375bc7d46be81b486e839489bfc,f2efc17e99d046556ad978e47d5ece79082443e75b076bdd6426f03ff6a3ace6,6e622caec4147862863ae9033a09b01fdd0233b9fbbb7c4324815498530b3788,0.0,False
89,2,scale_0.7,none,scale_0.7,0.35,test,Geometry-Prior+Residual,1.0175649219564866,0.7013286871575116,0.2852613990111701,0.6000246062992126,0.0,0.2797267519462433,0.8180541410252076,0.2109375,128,calibrated,geometry,[0.1018312215817888],67aef5674e032eb88210e50e24df9873aaf4d394c3340290161c0f6386bf2fc6,scale_0.7,0bd91e0681bc5b5068f61199a479a54dc3ecb819eafa60301b03b93a31c2243d,5a94498577b5f1f63afa617c45eca585ab6425ebfe41d7e55496ce8117e9952b,ff35c8455029c95fce643ee6d779a4c8f7896375bc7d46be81b486e839489bfc,f2efc17e99d046556ad978e47d5ece79082443e75b076bdd6426f03ff6a3ace6,6e622caec4147862863ae9033a09b01fdd0233b9fbbb7c4324815498530b3788,0.06808717403411968,True
89,2,scale_0.7,none,scale_0.7,0.35,test,Oracle-Rank+Residual,0.45700674043687334,0.9485278261464434,0.936578694378319,0.8967765748031497,0.5384615384615384,0.00017568657405607894,2.1180250451525264,0.2734375,128,calibrated,oracle_rank,[0.11915679738397425],67aef5674e032eb88210e50e24df9873aaf4d394c3340290161c0f6386bf2fc6,scale_0.7,0bd91e0681bc5b5068f61199a479a54dc3ecb819eafa60301b03b93a31c2243d,5a94498577b5f1f63afa617c45eca585ab6425ebfe41d7e55496ce8117e9952b,ff35c8455029c95fce643ee6d779a4c8f7896375bc7d46be81b486e839489bfc,f2efc17e99d046556ad978e47d5ece79082443e75b076bdd6426f03ff6a3ace6,6e622caec4147862863ae9033a09b01fdd0233b9fbbb7c4324815498530b3788,-0.4924710074854936,False
89,2,scale_0.7,none,scale_0.7,0.35,test,Oracle-Value+Residual,0.08222027831628312,0.9964775701475408,0.9934936366965756,0.9745324803149606,0.9230769230769231,0.0018284951600959008,-4.239069947730314,0.609375,128,calibrated,oracle_value,[0.12145300944068269],67aef5674e032eb88210e50e24df9873aaf4d394c3340290161c0f6386bf2fc6,scale_0.7,0bd91e0681bc5b5068f61199a479a54dc3ecb819eafa60301b03b93a31c2243d,5a94498577b5f1f63afa617c45eca585ab6425ebfe41d7e55496ce8117e9952b,ff35c8455029c95fce643ee6d779a4c8f7896375bc7d46be81b486e839489bfc,f2efc17e99d046556ad978e47d5ece79082443e75b076bdd6426f03ff6a3ace6,6e622caec4147862863ae9033a09b01fdd0233b9fbbb7c4324815498530b3788,-0.8672574696060839,False
89,2,scale_0.7,none,scale_0.7,0.35,test,Oracle-Rank+Value+Residual,0.20068744845423178,0.9612024037288053,0.9858313495696757,0.9548474409448819,0.6153846153846154,0.00017568657405607894,1.7314936812714459,0.265625,128,calibrated,oracle_rank|oracle_value,"[0.050976903883051615, 0.07529044985194662]",67aef5674e032eb88210e50e24df9873aaf4d394c3340290161c0f6386bf2fc6,scale_0.7,0bd91e0681bc5b5068f61199a479a54dc3ecb819eafa60301b03b93a31c2243d,5a94498577b5f1f63afa617c45eca585ab6425ebfe41d7e55496ce8117e9952b,ff35c8455029c95fce643ee6d779a4c8f7896375bc7d46be81b486e839489bfc,f2efc17e99d046556ad978e47d5ece79082443e75b076bdd6426f03ff6a3ace6,6e622caec4147862863ae9033a09b01fdd0233b9fbbb7c4324815498530b3788,-0.7487902994681351,False
89,2,scale_0.7,none,scale_0.7,0.7,test,Target-Only,0.7072903359276663,0.9498880179105623,0.6140015564914851,0.7144438976377953,0.5384615384615384,0.00046957261043304696,-1.8443799939531889,0.90625,128,target_only,none,[],67aef5674e032eb88210e50e24df9873aaf4d394c3340290161c0f6386bf2fc6,scale_0.7,0bd91e0681bc5b5068f61199a479a54dc3ecb819eafa60301b03b93a31c2243d,b17965171bd433f71d9c5076478d024a79236989c94f1eb44734d3b453f50215,ff35c8455029c95fce643ee6d779a4c8f7896375bc7d46be81b486e839489bfc,2c63ab51c63f29a433541e506df23b8bd42c9bde748ce55ff39851eb2dd99071,5af810808e768dbc9030b9df802c12cbf4504ffe2c74dfa6757a74ef7d698f69,0.0,False
89,2,scale_0.7,none,scale_0.7,0.7,test,Geometry-Prior+Residual,0.73368697907901,0.948164943215977,0.5896527650613441,0.7097687007874016,0.5384615384615384,0.00046957261043304696,-1.5574440528921334,0.734375,128,calibrated,geometry,[0.1018312215817888],67aef5674e032eb88210e50e24df9873aaf4d394c3340290161c0f6386bf2fc6,scale_0.7,0bd91e0681bc5b5068f61199a479a54dc3ecb819eafa60301b03b93a31c2243d,b17965171bd433f71d9c5076478d024a79236989c94f1eb44734d3b453f50215,ff35c8455029c95fce643ee6d779a4c8f7896375bc7d46be81b486e839489bfc,2c63ab51c63f29a433541e506df23b8bd42c9bde748ce55ff39851eb2dd99071,5af810808e768dbc9030b9df802c12cbf4504ffe2c74dfa6757a74ef7d698f69,0.026396643151343713,True
89,2,scale_0.7,none,scale_0.7,0.7,test,Oracle-Rank+Residual,0.33002883417460316,0.965157205644892,0.9296717634132942,0.8932086614173228,0.6923076923076923,0.00046957261043304696,-1.1908417144840082,0.4296875,128,calibrated,oracle_rank,[0.11915679738397425],67aef5674e032eb88210e50e24df9873aaf4d394c3340290161c0f6386bf2fc6,scale_0.7,0bd91e0681bc5b5068f61199a479a54dc3ecb819eafa60301b03b93a31c2243d,b17965171bd433f71d9c5076478d024a79236989c94f1eb44734d3b453f50215,ff35c8455029c95fce643ee6d779a4c8f7896375bc7d46be81b486e839489bfc,2c63ab51c63f29a433541e506df23b8bd42c9bde748ce55ff39851eb2dd99071,5af810808e768dbc9030b9df802c12cbf4504ffe2c74dfa6757a74ef7d698f69,-0.37726150175306317,False
89,2,scale_0.7,none,scale_0.7,0.7,test,Oracle-Value+Residual,0.06022584151269388,0.9984574943176903,0.9933219648416041,0.9733021653543307,1.0,0.00046957261043304696,-4.291462353102389,0.8984375,128,calibrated,oracle_value,[0.12145300944068269],67aef5674e032eb88210e50e24df9873aaf4d394c3340290161c0f6386bf2fc6,scale_0.7,0bd91e0681bc5b5068f61199a479a54dc3ecb819eafa60301b03b93a31c2243d,b17965171bd433f71d9c5076478d024a79236989c94f1eb44734d3b453f50215,ff35c8455029c95fce643ee6d779a4c8f7896375bc7d46be81b486e839489bfc,2c63ab51c63f29a433541e506df23b8bd42c9bde748ce55ff39851eb2dd99071,5af810808e768dbc9030b9df802c12cbf4504ffe2c74dfa6757a74ef7d698f69,-0.6470644944149725,False
89,2,scale_0.7,none,scale_0.7,0.7,test,Oracle-Rank+Value+Residual,0.14098956287821549,0.9923004640600226,0.9899457516938289,0.9617372047244095,0.9230769230769231,0.00046957261043304696,-2.013320137271189,0.4375,128,calibrated,oracle_rank|oracle_value,"[0.050976903883051615, 0.07529044985194662]",67aef5674e032eb88210e50e24df9873aaf4d394c3340290161c0f6386bf2fc6,scale_0.7,0bd91e0681bc5b5068f61199a479a54dc3ecb819eafa60301b03b93a31c2243d,b17965171bd433f71d9c5076478d024a79236989c94f1eb44734d3b453f50215,ff35c8455029c95fce643ee6d779a4c8f7896375bc7d46be81b486e839489bfc,2c63ab51c63f29a433541e506df23b8bd42c9bde748ce55ff39851eb2dd99071,5af810808e768dbc9030b9df802c12cbf4504ffe2c74dfa6757a74ef7d698f69,-0.5663007730494508,False
89,2,scale_0.7,none,scale_0.7,1.0,test,Target-Only,0.8336100617437654,0.9368369680923592,0.6656976744186046,0.7427411417322834,0.5384615384615384,0.05012042666486162,-1.524288239768771,0.9609375,128,target_only,none,[],67aef5674e032eb88210e50e24df9873aaf4d394c3340290161c0f6386bf2fc6,scale_0.7,0bd91e0681bc5b5068f61199a479a54dc3ecb819eafa60301b03b93a31c2243d,2c63ab51c63f29a433541e506df23b8bd42c9bde748ce55ff39851eb2dd99071,ff35c8455029c95fce643ee6d779a4c8f7896375bc7d46be81b486e839489bfc,f511f9a63a219cbc7e0892c582ded8f0338468e6eb5f737174d6a348d6c9aecb,fcda17b6c9b93a4520fbf720d83ee1ec933f5dd2e62ebfdd641b9834a1f95220,0.0,False
89,2,scale_0.7,none,scale_0.7,1.0,test,Geometry-Prior+Residual,0.7223431338153812,0.9412789417459066,0.7981253433437099,0.8005659448818898,0.5384615384615384,0.05012042666486162,-1.6981493902331337,0.828125,128,calibrated,geometry,[0.1018312215817888],67aef5674e032eb88210e50e24df9873aaf4d394c3340290161c0f6386bf2fc6,scale_0.7,0bd91e0681bc5b5068f61199a479a54dc3ecb819eafa60301b03b93a31c2243d,2c63ab51c63f29a433541e506df23b8bd42c9bde748ce55ff39851eb2dd99071,ff35c8455029c95fce643ee6d779a4c8f7896375bc7d46be81b486e839489bfc,f511f9a63a219cbc7e0892c582ded8f0338468e6eb5f737174d6a348d6c9aecb,fcda17b6c9b93a4520fbf720d83ee1ec933f5dd2e62ebfdd641b9834a1f95220,-0.11126692792838422,False
89,2,scale_0.7,none,scale_0.7,1.0,test,Oracle-Rank+Residual,0.3340479599236693,0.9969229668826805,0.8505310382713788,0.8532234251968503,0.9230769230769231,0.0,-1.1026931378388027,0.5859375,128,calibrated,oracle_rank,[0.11915679738397425],67aef5674e032eb88210e50e24df9873aaf4d394c3340290161c0f6386bf2fc6,scale_0.7,0bd91e0681bc5b5068f61199a479a54dc3ecb819eafa60301b03b93a31c2243d,2c63ab51c63f29a433541e506df23b8bd42c9bde748ce55ff39851eb2dd99071,ff35c8455029c95fce643ee6d779a4c8f7896375bc7d46be81b486e839489bfc,f511f9a63a219cbc7e0892c582ded8f0338468e6eb5f737174d6a348d6c9aecb,fcda17b6c9b93a4520fbf720d83ee1ec933f5dd2e62ebfdd641b9834a1f95220,-0.4995621018200961,False
89,2,scale_0.7,none,scale_0.7,1.0,test,Oracle-Value+Residual,0.06098494572212393,0.9978356749992574,0.9735453671488737,0.9434055118110236,1.0,0.000741279518752089,-4.084404102282251,0.96875,128,calibrated,oracle_value,[0.12145300944068269],67aef5674e032eb88210e50e24df9873aaf4d394c3340290161c0f6386bf2fc6,scale_0.7,0bd91e0681bc5b5068f61199a479a54dc3ecb819eafa60301b03b93a31c2243d,2c63ab51c63f29a433541e506df23b8bd42c9bde748ce55ff39851eb2dd99071,ff35c8455029c95fce643ee6d779a4c8f7896375bc7d46be81b486e839489bfc,f511f9a63a219cbc7e0892c582ded8f0338468e6eb5f737174d6a348d6c9aecb,fcda17b6c9b93a4520fbf720d83ee1ec933f5dd2e62ebfdd641b9834a1f95220,-0.7726251160216415,False
89,2,scale_0.7,none,scale_0.7,1.0,test,Oracle-Rank+Value+Residual,0.1459995769471301,0.9999847303459002,0.9056491485075993,0.8987450787401575,1.0,0.0,-1.9046545455840003,0.6171875,128,calibrated,oracle_rank|oracle_value,"[0.050976903883051615, 0.07529044985194662]",67aef5674e032eb88210e50e24df9873aaf4d394c3340290161c0f6386bf2fc6,scale_0.7,0bd91e0681bc5b5068f61199a479a54dc3ecb819eafa60301b03b93a31c2243d,2c63ab51c63f29a433541e506df23b8bd42c9bde748ce55ff39851eb2dd99071,ff35c8455029c95fce643ee6d779a4c8f7896375bc7d46be81b486e839489bfc,f511f9a63a219cbc7e0892c582ded8f0338468e6eb5f737174d6a348d6c9aecb,fcda17b6c9b93a4520fbf720d83ee1ec933f5dd2e62ebfdd641b9834a1f95220,-0.6876104847966353,False
89,2,scale_1.5,none,scale_1.5,0.35,test,Target-Only,1.301677656826034,0.8965005524543264,0.42899652078373923,0.6347194881889764,0.46153846153846156,0.0788046631403629,-1.2336602684963527,1.0,128,target_only,none,[],67aef5674e032eb88210e50e24df9873aaf4d394c3340290161c0f6386bf2fc6,scale_1.5,3b5f2680513eb7afe695a11eeb0a5ea7941ca3dca9cf239a4671f705c4afba98,c7ad4be720c5da28ae3165aadf13fbaed9d35fa860614c5ac08c245801ac3087,ff35c8455029c95fce643ee6d779a4c8f7896375bc7d46be81b486e839489bfc,f2efc17e99d046556ad978e47d5ece79082443e75b076bdd6426f03ff6a3ace6,010b20dd26adadf4b3353db9df1be6d59e0c280edefe6462256d8f864b745410,0.0,False
89,2,scale_1.5,none,scale_1.5,0.35,test,Geometry-Prior+Residual,1.1771472097649052,0.6977678657028227,0.47246955685771835,0.6535433070866141,0.3076923076923077,0.4048645220313537,-1.3809774687514476,1.0,128,calibrated,geometry,[0.4899563809039658],67aef5674e032eb88210e50e24df9873aaf4d394c3340290161c0f6386bf2fc6,scale_1.5,3b5f2680513eb7afe695a11eeb0a5ea7941ca3dca9cf239a4671f705c4afba98,c7ad4be720c5da28ae3165aadf13fbaed9d35fa860614c5ac08c245801ac3087,ff35c8455029c95fce643ee6d779a4c8f7896375bc7d46be81b486e839489bfc,f2efc17e99d046556ad978e47d5ece79082443e75b076bdd6426f03ff6a3ace6,010b20dd26adadf4b3353db9df1be6d59e0c280edefe6462256d8f864b745410,-0.12453044706112881,False
89,2,scale_1.5,none,scale_1.5,0.35,test,Oracle-Rank+Residual,2.3712554534073016,0.951593651177173,0.7797850668375755,0.8058562992125984,0.5384615384615384,0.0,-0.27259077386067354,0.6015625,128,calibrated,oracle_rank,[0.4494642465524203],67aef5674e032eb88210e50e24df9873aaf4d394c3340290161c0f6386bf2fc6,scale_1.5,3b5f2680513eb7afe695a11eeb0a5ea7941ca3dca9cf239a4671f705c4afba98,c7ad4be720c5da28ae3165aadf13fbaed9d35fa860614c5ac08c245801ac3087,ff35c8455029c95fce643ee6d779a4c8f7896375bc7d46be81b486e839489bfc,f2efc17e99d046556ad978e47d5ece79082443e75b076bdd6426f03ff6a3ace6,010b20dd26adadf4b3353db9df1be6d59e0c280edefe6462256d8f864b745410,1.0695777965812676,True
89,2,scale_1.5,none,scale_1.5,0.35,test,Oracle-Value+Residual,0.9492546071863974,0.973162527555168,0.8564766068485624,0.8426427165354331,0.6923076923076923,0.0,-1.8386315145473104,1.0,128,calibrated,oracle_value,[0.52975857173302],67aef5674e032eb88210e50e24df9873aaf4d394c3340290161c0f6386bf2fc6,scale_1.5,3b5f2680513eb7afe695a11eeb0a5ea7941ca3dca9cf239a4671f705c4afba98,c7ad4be720c5da28ae3165aadf13fbaed9d35fa860614c5ac08c245801ac3087,ff35c8455029c95fce643ee6d779a4c8f7896375bc7d46be81b486e839489bfc,f2efc17e99d046556ad978e47d5ece79082443e75b076bdd6426f03ff6a3ace6,010b20dd26adadf4b3353db9df1be6d59e0c280edefe6462256d8f864b745410,-0.35242304963963655,False
89,2,scale_1.5,none,scale_1.5,0.35,test,Oracle-Rank+Value+Residual,1.14768781562921,0.9613398426899569,0.8514809558688885,0.8421505905511811,0.6153846153846154,0.0,-1.6039336339687582,0.8671875,128,calibrated,oracle_rank|oracle_value,"[0.053517165051167694, 0.4861733679584666]",67aef5674e032eb88210e50e24df9873aaf4d394c3340290161c0f6386bf2fc6,scale_1.5,3b5f2680513eb7afe695a11eeb0a5ea7941ca3dca9cf239a4671f705c4afba98,c7ad4be720c5da28ae3165aadf13fbaed9d35fa860614c5ac08c245801ac3087,ff35c8455029c95fce643ee6d779a4c8f7896375bc7d46be81b486e839489bfc,f2efc17e99d046556ad978e47d5ece79082443e75b076bdd6426f03ff6a3ace6,010b20dd26adadf4b3353db9df1be6d59e0c280edefe6462256d8f864b745410,-0.1539898411968239,False
89,2,scale_1.5,none,scale_1.5,0.7,test,Target-Only,0.5843775082324136,0.8895053617280295,0.8720415216993224,0.8412893700787402,0.46153846153846156,0.13207251192032526,-0.5450093833387248,1.0,128,target_only,none,[],67aef5674e032eb88210e50e24df9873aaf4d394c3340290161c0f6386bf2fc6,scale_1.5,3b5f2680513eb7afe695a11eeb0a5ea7941ca3dca9cf239a4671f705c4afba98,d8546967cff8d8b1251e8f6e4b9b9a61744de2e33e21f6292c7ffd55b4e16563,ff35c8455029c95fce643ee6d779a4c8f7896375bc7d46be81b486e839489bfc,2c63ab51c63f29a433541e506df23b8bd42c9bde748ce55ff39851eb2dd99071,de21056b7d82552299dc44339d923608bb47e1d197ba90db4c65d35516d11773,0.0,False
89,2,scale_1.5,none,scale_1.5,0.7,test,Geometry-Prior+Residual,0.37049225705310646,0.9484006467704549,0.9258606482329244,0.8900098425196851,0.5384615384615384,0.0005129523196713006,-1.1365022084892042,1.0,128,calibrated,geometry,[0.4899563809039658],67aef5674e032eb88210e50e24df9873aaf4d394c3340290161c0f6386bf2fc6,scale_1.5,3b5f2680513eb7afe695a11eeb0a5ea7941ca3dca9cf239a4671f705c4afba98,d8546967cff8d8b1251e8f6e4b9b9a61744de2e33e21f6292c7ffd55b4e16563,ff35c8455029c95fce643ee6d779a4c8f7896375bc7d46be81b486e839489bfc,2c63ab51c63f29a433541e506df23b8bd42c9bde748ce55ff39851eb2dd99071,de21056b7d82552299dc44339d923608bb47e1d197ba90db4c65d35516d11773,-0.21388525117930718,False
89,2,scale_1.5,none,scale_1.5,0.7,test,Oracle-Rank+Residual,1.2342955741930233,0.991021198425098,0.8864161783556126,0.8628198818897638,0.8461538461538461,0.0,2.007822436576976,0.578125,128,calibrated,oracle_rank,[0.4494642465524203],67aef5674e032eb88210e50e24df9873aaf4d394c3340290161c0f6386bf2fc6,scale_1.5,3b5f2680513eb7afe695a11eeb0a5ea7941ca3dca9cf239a4671f705c4afba98,d8546967cff8d8b1251e8f6e4b9b9a61744de2e33e21f6292c7ffd55b4e16563,ff35c8455029c95fce643ee6d779a4c8f7896375bc7d46be81b486e839489bfc,2c63ab51c63f29a433541e506df23b8bd42c9bde748ce55ff39851eb2dd99071,de21056b7d82552299dc44339d923608bb47e1d197ba90db4c65d35516d11773,0.6499180659606096,True
89,2,scale_1.5,none,scale_1.5,0.7,test,Oracle-Value+Residual,0.9164441926941667,0.9760564626561752,0.9285444515656474,0.8930856299212598,0.6923076923076923,0.0,1.8524739039869162,0.6171875,128,calibrated,oracle_value,[0.52975857173302],67aef5674e032eb88210e50e24df9873aaf4d394c3340290161c0f6386bf2fc6,scale_1.5,3b5f2680513eb7afe695a11eeb0a5ea7941ca3dca9cf239a4671f705c4afba98,d8546967cff8d8b1251e8f6e4b9b9a61744de2e33e21f6292c7ffd55b4e16563,ff35c8455029c95fce643ee6d779a4c8f7896375bc7d46be81b486e839489bfc,2c63ab51c63f29a433541e506df23b8bd42c9bde748ce55ff39851eb2dd99071,de21056b7d82552299dc44339d923608bb47e1d197ba90db4c65d35516d11773,0.332066684461753,True
89,2,scale_1.5,none,scale_1.5,0.7,test,Oracle-Rank+Value+Residual,0.9711255105934667,0.9804221525195299,0.9266446163706281,0.8919783464566929,0.7692307692307693,0.0,2.211093344077476,0.578125,128,calibrated,oracle_rank|oracle_value,"[0.053517165051167694, 0.4861733679584666]",67aef5674e032eb88210e50e24df9873aaf4d394c3340290161c0f6386bf2fc6,scale_1.5,3b5f2680513eb7afe695a11eeb0a5ea7941ca3dca9cf239a4671f705c4afba98,d8546967cff8d8b1251e8f6e4b9b9a61744de2e33e21f6292c7ffd55b4e16563,ff35c8455029c95fce643ee6d779a4c8f7896375bc7d46be81b486e839489bfc,2c63ab51c63f29a433541e506df23b8bd42c9bde748ce55ff39851eb2dd99071,de21056b7d82552299dc44339d923608bb47e1d197ba90db4c65d35516d11773,0.3867480023610531,True
89,2,scale_1.5,none,scale_1.5,1.0,test,Target-Only,0.9264899343591885,0.7222814760211177,0.7688839040468778,0.7835875984251969,0.3076923076923077,0.22263064102554106,0.37587315911469,0.859375,128,target_only,none,[],67aef5674e032eb88210e50e24df9873aaf4d394c3340290161c0f6386bf2fc6,scale_1.5,3b5f2680513eb7afe695a11eeb0a5ea7941ca3dca9cf239a4671f705c4afba98,ccae77c25293d90e599c15b1fc207ab4679512830b4103cc631aae981ea04a41,ff35c8455029c95fce643ee6d779a4c8f7896375bc7d46be81b486e839489bfc,f511f9a63a219cbc7e0892c582ded8f0338468e6eb5f737174d6a348d6c9aecb,60e68e2242cd7f2f32e0a10e9e8b2a45de6ca8b22db434fb5e9592d9b5ef61f8,0.0,False
89,2,scale_1.5,none,scale_1.5,1.0,test,Geometry-Prior+Residual,0.43674769873912267,0.9475978372661413,0.9005676616004396,0.8652805118110236,0.5384615384615384,0.0006239578188426168,-0.33408319995440733,0.96875,128,calibrated,geometry,[0.4899563809039658],67aef5674e032eb88210e50e24df9873aaf4d394c3340290161c0f6386bf2fc6,scale_1.5,3b5f2680513eb7afe695a11eeb0a5ea7941ca3dca9cf239a4671f705c4afba98,ccae77c25293d90e599c15b1fc207ab4679512830b4103cc631aae981ea04a41,ff35c8455029c95fce643ee6d779a4c8f7896375bc7d46be81b486e839489bfc,f511f9a63a219cbc7e0892c582ded8f0338468e6eb5f737174d6a348d6c9aecb,60e68e2242cd7f2f32e0a10e9e8b2a45de6ca8b22db434fb5e9592d9b5ef61f8,-0.4897422356200658,False
89,2,scale_1.5,none,scale_1.5,1.0,test,Oracle-Rank+Residual,1.0518907149711039,0.3589053803332152,0.5648175700421167,0.7053395669291339,0.0,0.7124981638469573,2.1342032840673664,0.65625,128,calibrated,oracle_rank,[0.4494642465524203],67aef5674e032eb88210e50e24df9873aaf4d394c3340290161c0f6386bf2fc6,scale_1.5,3b5f2680513eb7afe695a11eeb0a5ea7941ca3dca9cf239a4671f705c4afba98,ccae77c25293d90e599c15b1fc207ab4679512830b4103cc631aae981ea04a41,ff35c8455029c95fce643ee6d779a4c8f7896375bc7d46be81b486e839489bfc,f511f9a63a219cbc7e0892c582ded8f0338468e6eb5f737174d6a348d6c9aecb,60e68e2242cd7f2f32e0a10e9e8b2a45de6ca8b22db434fb5e9592d9b5ef61f8,0.1254007806119154,True
89,2,scale_1.5,none,scale_1.5,1.0,test,Oracle-Value+Residual,0.8610428979619974,0.8956336032943348,0.7339200695843252,0.7748523622047244,0.38461538461538464,0.060752400373171714,3.464489240247606,0.6328125,128,calibrated,oracle_value,[0.52975857173302],67aef5674e032eb88210e50e24df9873aaf4d394c3340290161c0f6386bf2fc6,scale_1.5,3b5f2680513eb7afe695a11eeb0a5ea7941ca3dca9cf239a4671f705c4afba98,ccae77c25293d90e599c15b1fc207ab4679512830b4103cc631aae981ea04a41,ff35c8455029c95fce643ee6d779a4c8f7896375bc7d46be81b486e839489bfc,f511f9a63a219cbc7e0892c582ded8f0338468e6eb5f737174d6a348d6c9aecb,60e68e2242cd7f2f32e0a10e9e8b2a45de6ca8b22db434fb5e9592d9b5ef61f8,-0.06544703639719107,False
89,2,scale_1.5,none,scale_1.5,1.0,test,Oracle-Rank+Value+Residual,0.8771682358570965,0.8975392503035406,0.7185668833546969,0.7707923228346457,0.38461538461538464,0.060752400373171714,3.529546530202961,0.6484375,128,calibrated,oracle_rank|oracle_value,"[0.053517165051167694, 0.4861733679584666]",67aef5674e032eb88210e50e24df9873aaf4d394c3340290161c0f6386bf2fc6,scale_1.5,3b5f2680513eb7afe695a11eeb0a5ea7941ca3dca9cf239a4671f705c4afba98,ccae77c25293d90e599c15b1fc207ab4679512830b4103cc631aae981ea04a41,ff35c8455029c95fce643ee6d779a4c8f7896375bc7d46be81b486e839489bfc,f511f9a63a219cbc7e0892c582ded8f0338468e6eb5f737174d6a348d6c9aecb,60e68e2242cd7f2f32e0a10e9e8b2a45de6ca8b22db434fb5e9592d9b5ef61f8,-0.049321698502092004,False
89,2,rotate_45,none,rotate_45,0.35,test,Target-Only,0.5585656782435706,0.8679000515449364,0.9092714246475004,0.8690944881889764,0.46153846153846156,0.0452954308002307,-2.315368648705517,1.0,128,target_only,none,[],67aef5674e032eb88210e50e24df9873aaf4d394c3340290161c0f6386bf2fc6,rotate_45,ef319a88eb8c15c9beed71c6f5abf7096f95b9eea4069a336f34e50cfbdbbeb7,45aec5d59262ba2f20aa3bc96909428d4ed17ef22bd8decc6870ab3de0e82b33,ff35c8455029c95fce643ee6d779a4c8f7896375bc7d46be81b486e839489bfc,f2efc17e99d046556ad978e47d5ece79082443e75b076bdd6426f03ff6a3ace6,b03bcd4826f2b7a135a22c9d999fa4472d91622389922f9f64c1ea5438fd3c9c,0.0,False
89,2,rotate_45,none,rotate_45,0.35,test,Geometry-Prior+Residual,0.46371870185498687,0.9444244134290939,0.9367103094671305,0.8967765748031497,0.6153846153846154,0.00037252263035544923,-2.5223734471067085,1.0,128,calibrated,geometry,[0.20855196569779422],67aef5674e032eb88210e50e24df9873aaf4d394c3340290161c0f6386bf2fc6,rotate_45,ef319a88eb8c15c9beed71c6f5abf7096f95b9eea4069a336f34e50cfbdbbeb7,45aec5d59262ba2f20aa3bc96909428d4ed17ef22bd8decc6870ab3de0e82b33,ff35c8455029c95fce643ee6d779a4c8f7896375bc7d46be81b486e839489bfc,f2efc17e99d046556ad978e47d5ece79082443e75b076bdd6426f03ff6a3ace6,b03bcd4826f2b7a135a22c9d999fa4472d91622389922f9f64c1ea5438fd3c9c,-0.09484697638858375,False
89,2,rotate_45,none,rotate_45,0.35,test,Oracle-Rank+Residual,0.3755820985180349,0.9695082815633521,0.9054202527009704,0.8699557086614174,0.7692307692307693,0.02048266451006934,-2.6876449559374764,0.828125,128,calibrated,oracle_rank,[0.243736650538866],67aef5674e032eb88210e50e24df9873aaf4d394c3340290161c0f6386bf2fc6,rotate_45,ef319a88eb8c15c9beed71c6f5abf7096f95b9eea4069a336f34e50cfbdbbeb7,45aec5d59262ba2f20aa3bc96909428d4ed17ef22bd8decc6870ab3de0e82b33,ff35c8455029c95fce643ee6d779a4c8f7896375bc7d46be81b486e839489bfc,f2efc17e99d046556ad978e47d5ece79082443e75b076bdd6426f03ff6a3ace6,b03bcd4826f2b7a135a22c9d999fa4472d91622389922f9f64c1ea5438fd3c9c,-0.1829835797255357,False
89,2,rotate_45,none,rotate_45,0.35,test,Oracle-Value+Residual,0.04999065013968021,0.9979457949594409,0.9713594121955687,0.9510334645669292,0.9230769230769231,0.0,-4.790716829645529,1.0,128,calibrated,oracle_value,[0.25251313949700604],67aef5674e032eb88210e50e24df9873aaf4d394c3340290161c0f6386bf2fc6,rotate_45,ef319a88eb8c15c9beed71c6f5abf7096f95b9eea4069a336f34e50cfbdbbeb7,45aec5d59262ba2f20aa3bc96909428d4ed17ef22bd8decc6870ab3de0e82b33,ff35c8455029c95fce643ee6d779a4c8f7896375bc7d46be81b486e839489bfc,f2efc17e99d046556ad978e47d5ece79082443e75b076bdd6426f03ff6a3ace6,b03bcd4826f2b7a135a22c9d999fa4472d91622389922f9f64c1ea5438fd3c9c,-0.5085750281038904,False
89,2,rotate_45,none,rotate_45,0.35,test,Oracle-Rank+Value+Residual,0.1418845688819957,0.9925452163275388,0.9487616736861378,0.9149852362204725,0.9230769230769231,0.0,-3.7833884702406846,0.859375,128,calibrated,oracle_rank|oracle_value,"[0.08904748105780158, 0.1727973101320258]",67aef5674e032eb88210e50e24df9873aaf4d394c3340290161c0f6386bf2fc6,rotate_45,ef319a88eb8c15c9beed71c6f5abf7096f95b9eea4069a336f34e50cfbdbbeb7,45aec5d59262ba2f20aa3bc96909428d4ed17ef22bd8decc6870ab3de0e82b33,ff35c8455029c95fce643ee6d779a4c8f7896375bc7d46be81b486e839489bfc,f2efc17e99d046556ad978e47d5ece79082443e75b076bdd6426f03ff6a3ace6,b03bcd4826f2b7a135a22c9d999fa4472d91622389922f9f64c1ea5438fd3c9c,-0.41668110936157493,False
89,2,rotate_45,none,rotate_45,0.7,test,Target-Only,1.2458127085955333,0.9010734855116138,0.8203682933528658,0.8053641732283464,0.38461538461538464,0.12314599414985065,-0.7513010116984603,0.8203125,128,target_only,none,[],67aef5674e032eb88210e50e24df9873aaf4d394c3340290161c0f6386bf2fc6,rotate_45,ef319a88eb8c15c9beed71c6f5abf7096f95b9eea4069a336f34e50cfbdbbeb7,a82433d18a90ea4ced676595dc64ee0e6ee6cf6bcefeeaf19aabf7aecef64e11,ff35c8455029c95fce643ee6d779a4c8f7896375bc7d46be81b486e839489bfc,2c63ab51c63f29a433541e506df23b8bd42c9bde748ce55ff39851eb2dd99071,5f2770ab44ded3108eb8c3ea85064080d8c8d7204f7e95a9b46f17602682ea33,0.0,False
89,2,rotate_45,none,rotate_45,0.7,test,Geometry-Prior+Residual,0.9622150854644711,0.9401724062781373,0.9223013184398462,0.8837352362204725,0.5384615384615384,0.0018364656333580268,-0.4673230427733,0.625,128,calibrated,geometry,[0.20855196569779422],67aef5674e032eb88210e50e24df9873aaf4d394c3340290161c0f6386bf2fc6,rotate_45,ef319a88eb8c15c9beed71c6f5abf7096f95b9eea4069a336f34e50cfbdbbeb7,a82433d18a90ea4ced676595dc64ee0e6ee6cf6bcefeeaf19aabf7aecef64e11,ff35c8455029c95fce643ee6d779a4c8f7896375bc7d46be81b486e839489bfc,2c63ab51c63f29a433541e506df23b8bd42c9bde748ce55ff39851eb2dd99071,5f2770ab44ded3108eb8c3ea85064080d8c8d7204f7e95a9b46f17602682ea33,-0.2835976231310622,False
89,2,rotate_45,none,rotate_45,0.7,test,Oracle-Rank+Residual,1.0839635915446382,0.9701211061154027,0.8059993590917414,0.8241879921259843,0.7692307692307693,0.05387576545160239,2.789195129302022,0.3828125,128,calibrated,oracle_rank,[0.243736650538866],67aef5674e032eb88210e50e24df9873aaf4d394c3340290161c0f6386bf2fc6,rotate_45,ef319a88eb8c15c9beed71c6f5abf7096f95b9eea4069a336f34e50cfbdbbeb7,a82433d18a90ea4ced676595dc64ee0e6ee6cf6bcefeeaf19aabf7aecef64e11,ff35c8455029c95fce643ee6d779a4c8f7896375bc7d46be81b486e839489bfc,2c63ab51c63f29a433541e506df23b8bd42c9bde748ce55ff39851eb2dd99071,5f2770ab44ded3108eb8c3ea85064080d8c8d7204f7e95a9b46f17602682ea33,-0.1618491170508951,False
89,2,rotate_45,none,rotate_45,0.7,test,Oracle-Value+Residual,0.145099550844059,0.99847429261406,0.9585412470243544,0.9323326771653543,0.9230769230769231,0.0,-2.404119585819144,0.78125,128,calibrated,oracle_value,[0.25251313949700604],67aef5674e032eb88210e50e24df9873aaf4d394c3340290161c0f6386bf2fc6,rotate_45,ef319a88eb8c15c9beed71c6f5abf7096f95b9eea4069a336f34e50cfbdbbeb7,a82433d18a90ea4ced676595dc64ee0e6ee6cf6bcefeeaf19aabf7aecef64e11,ff35c8455029c95fce643ee6d779a4c8f7896375bc7d46be81b486e839489bfc,2c63ab51c63f29a433541e506df23b8bd42c9bde748ce55ff39851eb2dd99071,5f2770ab44ded3108eb8c3ea85064080d8c8d7204f7e95a9b46f17602682ea33,-1.1007131577514744,False
89,2,rotate_45,none,rotate_45,0.7,test,Oracle-Rank+Value+Residual,0.4431651230871651,0.9942780456066383,0.8614722578282366,0.8609744094488189,0.9230769230769231,0.0,1.8823503007608635,0.4453125,128,calibrated,oracle_rank|oracle_value,"[0.08904748105780158, 0.1727973101320258]",67aef5674e032eb88210e50e24df9873aaf4d394c3340290161c0f6386bf2fc6,rotate_45,ef319a88eb8c15c9beed71c6f5abf7096f95b9eea4069a336f34e50cfbdbbeb7,a82433d18a90ea4ced676595dc64ee0e6ee6cf6bcefeeaf19aabf7aecef64e11,ff35c8455029c95fce643ee6d779a4c8f7896375bc7d46be81b486e839489bfc,2c63ab51c63f29a433541e506df23b8bd42c9bde748ce55ff39851eb2dd99071,5f2770ab44ded3108eb8c3ea85064080d8c8d7204f7e95a9b46f17602682ea33,-0.8026475855083681,False
89,2,rotate_45,none,rotate_45,1.0,test,Target-Only,0.9999873883706176,0.8817196904768204,0.6595747115912837,0.7294537401574803,0.46153846153846156,0.07923756852364258,0.19537635810166837,0.75,128,target_only,none,[],67aef5674e032eb88210e50e24df9873aaf4d394c3340290161c0f6386bf2fc6,rotate_45,ef319a88eb8c15c9beed71c6f5abf7096f95b9eea4069a336f34e50cfbdbbeb7,bad4df935ed085cb34ca2bb314a7fb7804b9ffcb17230b5275e4cfa15defed34,ff35c8455029c95fce643ee6d779a4c8f7896375bc7d46be81b486e839489bfc,f511f9a63a219cbc7e0892c582ded8f0338468e6eb5f737174d6a348d6c9aecb,af14021a7d1ad763b16da1f7130b5d2824362bd1002d3ddd9015f3d2e5781e41,0.0,False
89,2,rotate_45,none,rotate_45,1.0,test,Geometry-Prior+Residual,0.6679280802070799,0.9120435540434588,0.8331349569675882,0.8204970472440944,0.5384615384615384,0.07540493769459153,0.7120434261166223,0.5859375,128,calibrated,geometry,[0.20855196569779422],67aef5674e032eb88210e50e24df9873aaf4d394c3340290161c0f6386bf2fc6,rotate_45,ef319a88eb8c15c9beed71c6f5abf7096f95b9eea4069a336f34e50cfbdbbeb7,bad4df935ed085cb34ca2bb314a7fb7804b9ffcb17230b5275e4cfa15defed34,ff35c8455029c95fce643ee6d779a4c8f7896375bc7d46be81b486e839489bfc,f511f9a63a219cbc7e0892c582ded8f0338468e6eb5f737174d6a348d6c9aecb,af14021a7d1ad763b16da1f7130b5d2824362bd1002d3ddd9015f3d2e5781e41,-0.3320593081635377,False
89,2,rotate_45,none,rotate_45,1.0,test,Oracle-Rank+Residual,0.4562598783023409,0.9932194167125781,0.9060497161691998,0.8781988188976378,1.0,0.001252752398472622,3.531851431828266,0.5078125,128,calibrated,oracle_rank,[0.243736650538866],67aef5674e032eb88210e50e24df9873aaf4d394c3340290161c0f6386bf2fc6,rotate_45,ef319a88eb8c15c9beed71c6f5abf7096f95b9eea4069a336f34e50cfbdbbeb7,bad4df935ed085cb34ca2bb314a7fb7804b9ffcb17230b5275e4cfa15defed34,ff35c8455029c95fce643ee6d779a4c8f7896375bc7d46be81b486e839489bfc,f511f9a63a219cbc7e0892c582ded8f0338468e6eb5f737174d6a348d6c9aecb,af14021a7d1ad763b16da1f7130b5d2824362bd1002d3ddd9015f3d2e5781e41,-0.5437275100682768,False
89,2,rotate_45,none,rotate_45,1.0,test,Oracle-Value+Residual,0.07337598540825702,0.9984392303937766,0.9920458707196482,0.9745324803149606,0.9230769230769231,0.0,-1.0188560629650092,0.546875,128,calibrated,oracle_value,[0.25251313949700604],67aef5674e032eb88210e50e24df9873aaf4d394c3340290161c0f6386bf2fc6,rotate_45,ef319a88eb8c15c9beed71c6f5abf7096f95b9eea4069a336f34e50cfbdbbeb7,bad4df935ed085cb34ca2bb314a7fb7804b9ffcb17230b5275e4cfa15defed34,ff35c8455029c95fce643ee6d779a4c8f7896375bc7d46be81b486e839489bfc,f511f9a63a219cbc7e0892c582ded8f0338468e6eb5f737174d6a348d6c9aecb,af14021a7d1ad763b16da1f7130b5d2824362bd1002d3ddd9015f3d2e5781e41,-0.9266114029623607,False
89,2,rotate_45,none,rotate_45,1.0,test,Oracle-Rank+Value+Residual,0.16771290627662555,0.9967230254495185,0.9788328602819996,0.9498031496062992,1.0,0.0006792877359286919,1.8660113812741284,0.40625,128,calibrated,oracle_rank|oracle_value,"[0.08904748105780158, 0.1727973101320258]",67aef5674e032eb88210e50e24df9873aaf4d394c3340290161c0f6386bf2fc6,rotate_45,ef319a88eb8c15c9beed71c6f5abf7096f95b9eea4069a336f34e50cfbdbbeb7,bad4df935ed085cb34ca2bb314a7fb7804b9ffcb17230b5275e4cfa15defed34,ff35c8455029c95fce643ee6d779a4c8f7896375bc7d46be81b486e839489bfc,f511f9a63a219cbc7e0892c582ded8f0338468e6eb5f737174d6a348d6c9aecb,af14021a7d1ad763b16da1f7130b5d2824362bd1002d3ddd9015f3d2e5781e41,-0.832274482093992,False
89,2,roughness,none,roughness,0.35,test,Target-Only,1.389926082562863,0.5631692319191979,0.02121291887932613,0.5095964566929134,0.0,0.47726151506697656,2.8664972707682703,0.390625,128,target_only,none,[],67aef5674e032eb88210e50e24df9873aaf4d394c3340290161c0f6386bf2fc6,roughness,ff35c8455029c95fce643ee6d779a4c8f7896375bc7d46be81b486e839489bfc,f2efc17e99d046556ad978e47d5ece79082443e75b076bdd6426f03ff6a3ace6,ff35c8455029c95fce643ee6d779a4c8f7896375bc7d46be81b486e839489bfc,f2efc17e99d046556ad978e47d5ece79082443e75b076bdd6426f03ff6a3ace6,412c7c328174408ca88e764ce557eb31191bdeb4f9bd7ec2fff0a5daddf63534,0.0,False
89,2,roughness,none,roughness,0.35,test,Geometry-Prior+Residual,1.3765645221448088,0.5874328597947156,0.005911234206189342,0.5052903543307087,0.0,0.47726151506697656,5.566141469243034,0.3203125,128,calibrated,geometry,[0.21248657330890422],67aef5674e032eb88210e50e24df9873aaf4d394c3340290161c0f6386bf2fc6,roughness,ff35c8455029c95fce643ee6d779a4c8f7896375bc7d46be81b486e839489bfc,f2efc17e99d046556ad978e47d5ece79082443e75b076bdd6426f03ff6a3ace6,ff35c8455029c95fce643ee6d779a4c8f7896375bc7d46be81b486e839489bfc,f2efc17e99d046556ad978e47d5ece79082443e75b076bdd6426f03ff6a3ace6,412c7c328174408ca88e764ce557eb31191bdeb4f9bd7ec2fff0a5daddf63534,-0.013361560418054141,False
89,2,roughness,none,roughness,0.35,test,Oracle-Rank+Residual,1.3997914059682661,0.7566236854576078,0.0014248763962644204,0.499876968503937,0.46153846153846156,0.1603331521513844,10.49243604919379,0.2890625,128,calibrated,oracle_rank,[0.2655048687783253],67aef5674e032eb88210e50e24df9873aaf4d394c3340290161c0f6386bf2fc6,roughness,ff35c8455029c95fce643ee6d779a4c8f7896375bc7d46be81b486e839489bfc,f2efc17e99d046556ad978e47d5ece79082443e75b076bdd6426f03ff6a3ace6,ff35c8455029c95fce643ee6d779a4c8f7896375bc7d46be81b486e839489bfc,f2efc17e99d046556ad978e47d5ece79082443e75b076bdd6426f03ff6a3ace6,412c7c328174408ca88e764ce557eb31191bdeb4f9bd7ec2fff0a5daddf63534,0.009865323405403137,False
89,2,roughness,none,roughness,0.35,test,Oracle-Value+Residual,1.472916193198659,0.7585385285372058,-0.007072880424830618,0.4976624015748031,0.46153846153846156,0.1603331521513844,13.249242346802696,0.28125,128,calibrated,oracle_value,[0.27253327608942257],67aef5674e032eb88210e50e24df9873aaf4d394c3340290161c0f6386bf2fc6,roughness,ff35c8455029c95fce643ee6d779a4c8f7896375bc7d46be81b486e839489bfc,f2efc17e99d046556ad978e47d5ece79082443e75b076bdd6426f03ff6a3ace6,ff35c8455029c95fce643ee6d779a4c8f7896375bc7d46be81b486e839489bfc,f2efc17e99d046556ad978e47d5ece79082443e75b076bdd6426f03ff6a3ace6,412c7c328174408ca88e764ce557eb31191bdeb4f9bd7ec2fff0a5daddf63534,0.08299011063579598,True
89,2,roughness,none,roughness,0.35,test,Oracle-Rank+Value+Residual,1.4474166637429637,0.7585385285372058,-0.003582219373741073,0.4987696850393701,0.46153846153846156,0.1603331521513844,12.642957593704523,0.28125,128,calibrated,oracle_rank|oracle_value,"[0.10847616231031798, 0.17544220688302567]",67aef5674e032eb88210e50e24df9873aaf4d394c3340290161c0f6386bf2fc6,roughness,ff35c8455029c95fce643ee6d779a4c8f7896375bc7d46be81b486e839489bfc,f2efc17e99d046556ad978e47d5ece79082443e75b076bdd6426f03ff6a3ace6,ff35c8455029c95fce643ee6d779a4c8f7896375bc7d46be81b486e839489bfc,f2efc17e99d046556ad978e47d5ece79082443e75b076bdd6426f03ff6a3ace6,412c7c328174408ca88e764ce557eb31191bdeb4f9bd7ec2fff0a5daddf63534,0.05749058118010075,True
89,2,roughness,none,roughness,0.7,test,Target-Only,1.0103679378095538,0.4958319337187555,0.32536394433253985,0.6026082677165354,0.0,0.2100585128984558,4.395791203970981,0.515625,128,target_only,none,[],67aef5674e032eb88210e50e24df9873aaf4d394c3340290161c0f6386bf2fc6,roughness,ff35c8455029c95fce643ee6d779a4c8f7896375bc7d46be81b486e839489bfc,2c63ab51c63f29a433541e506df23b8bd42c9bde748ce55ff39851eb2dd99071,ff35c8455029c95fce643ee6d779a4c8f7896375bc7d46be81b486e839489bfc,2c63ab51c63f29a433541e506df23b8bd42c9bde748ce55ff39851eb2dd99071,e0b98f83a932100ddcb7deafa40bca52e7a522c13d2ae9fd7de134a5ca9236d2,0.0,False
89,2,roughness,none,roughness,0.7,test,Geometry-Prior+Residual,1.0105606491232442,0.6308298328202254,0.310451382530672,0.6023622047244095,0.15384615384615385,0.04281040973216121,7.321996633745993,0.40625,128,calibrated,geometry,[0.21248657330890422],67aef5674e032eb88210e50e24df9873aaf4d394c3340290161c0f6386bf2fc6,roughness,ff35c8455029c95fce643ee6d779a4c8f7896375bc7d46be81b486e839489bfc,2c63ab51c63f29a433541e506df23b8bd42c9bde748ce55ff39851eb2dd99071,ff35c8455029c95fce643ee6d779a4c8f7896375bc7d46be81b486e839489bfc,2c63ab51c63f29a433541e506df23b8bd42c9bde748ce55ff39851eb2dd99071,e0b98f83a932100ddcb7deafa40bca52e7a522c13d2ae9fd7de134a5ca9236d2,0.00019271131369036354,False
89,2,roughness,none,roughness,0.7,test,Oracle-Rank+Residual,0.9834455346946434,0.6895042899364386,0.36473974546786303,0.6183562992125984,0.38461538461538464,0.3809297652015853,10.901656238029808,0.3125,128,calibrated,oracle_rank,[0.2655048687783253],67aef5674e032eb88210e50e24df9873aaf4d394c3340290161c0f6386bf2fc6,roughness,ff35c8455029c95fce643ee6d779a4c8f7896375bc7d46be81b486e839489bfc,2c63ab51c63f29a433541e506df23b8bd42c9bde748ce55ff39851eb2dd99071,ff35c8455029c95fce643ee6d779a4c8f7896375bc7d46be81b486e839489bfc,2c63ab51c63f29a433541e506df23b8bd42c9bde748ce55ff39851eb2dd99071,e0b98f83a932100ddcb7deafa40bca52e7a522c13d2ae9fd7de134a5ca9236d2,-0.026922403114910454,False
89,2,roughness,none,roughness,0.7,test,Oracle-Value+Residual,0.9987019159891757,0.5497995185604361,0.3200478392235854,0.6150344488188977,0.23076923076923078,0.6962807582934619,13.186123661736453,0.3046875,128,calibrated,oracle_value,[0.27253327608942257],67aef5674e032eb88210e50e24df9873aaf4d394c3340290161c0f6386bf2fc6,roughness,ff35c8455029c95fce643ee6d779a4c8f7896375bc7d46be81b486e839489bfc,2c63ab51c63f29a433541e506df23b8bd42c9bde748ce55ff39851eb2dd99071,ff35c8455029c95fce643ee6d779a4c8f7896375bc7d46be81b486e839489bfc,2c63ab51c63f29a433541e506df23b8bd42c9bde748ce55ff39851eb2dd99071,e0b98f83a932100ddcb7deafa40bca52e7a522c13d2ae9fd7de134a5ca9236d2,-0.011666021820378125,False
89,2,roughness,none,roughness,0.7,test,Oracle-Rank+Value+Residual,0.9863936225401526,0.6775680370572839,0.33541247024354515,0.6174950787401575,0.38461538461538464,0.3809297652015853,12.55151497924362,0.28125,128,calibrated,oracle_rank|oracle_value,"[0.10847616231031798, 0.17544220688302567]",67aef5674e032eb88210e50e24df9873aaf4d394c3340290161c0f6386bf2fc6,roughness,ff35c8455029c95fce643ee6d779a4c8f7896375bc7d46be81b486e839489bfc,2c63ab51c63f29a433541e506df23b8bd42c9bde748ce55ff39851eb2dd99071,ff35c8455029c95fce643ee6d779a4c8f7896375bc7d46be81b486e839489bfc,2c63ab51c63f29a433541e506df23b8bd42c9bde748ce55ff39851eb2dd99071,e0b98f83a932100ddcb7deafa40bca52e7a522c13d2ae9fd7de134a5ca9236d2,-0.023974315269401192,False
89,2,roughness,none,roughness,1.0,test,Target-Only,1.1587285435320451,0.5965054981310988,0.5999587987548067,0.7089074803149606,0.23076923076923078,0.5560845974252997,3.43211924484976,0.5234375,128,target_only,none,[],67aef5674e032eb88210e50e24df9873aaf4d394c3340290161c0f6386bf2fc6,roughness,ff35c8455029c95fce643ee6d779a4c8f7896375bc7d46be81b486e839489bfc,f511f9a63a219cbc7e0892c582ded8f0338468e6eb5f737174d6a348d6c9aecb,ff35c8455029c95fce643ee6d779a4c8f7896375bc7d46be81b486e839489bfc,f511f9a63a219cbc7e0892c582ded8f0338468e6eb5f737174d6a348d6c9aecb,d7d275c2c93d856172308aafecbdcb5947f9d498b148a8ea9d2aa5205b8932b5,0.0,False
89,2,roughness,none,roughness,1.0,test,Geometry-Prior+Residual,0.937056444716106,0.6612980376012376,0.5633526368796924,0.6947588582677166,0.23076923076923078,0.5381310581959768,4.643378215279327,0.578125,128,calibrated,geometry,[0.21248657330890422],67aef5674e032eb88210e50e24df9873aaf4d394c3340290161c0f6386bf2fc6,roughness,ff35c8455029c95fce643ee6d779a4c8f7896375bc7d46be81b486e839489bfc,f511f9a63a219cbc7e0892c582ded8f0338468e6eb5f737174d6a348d6c9aecb,ff35c8455029c95fce643ee6d779a4c8f7896375bc7d46be81b486e839489bfc,f511f9a63a219cbc7e0892c582ded8f0338468e6eb5f737174d6a348d6c9aecb,d7d275c2c93d856172308aafecbdcb5947f9d498b148a8ea9d2aa5205b8932b5,-0.22167209881593908,False
89,2,roughness,none,roughness,1.0,test,Oracle-Rank+Residual,0.9786537194451713,0.7322798367871721,0.618957150704999,0.7205954724409449,0.15384615384615385,0.055892050776608825,6.8627252414167215,0.46875,128,calibrated,oracle_rank,[0.2655048687783253],67aef5674e032eb88210e50e24df9873aaf4d394c3340290161c0f6386bf2fc6,roughness,ff35c8455029c95fce643ee6d779a4c8f7896375bc7d46be81b486e839489bfc,f511f9a63a219cbc7e0892c582ded8f0338468e6eb5f737174d6a348d6c9aecb,ff35c8455029c95fce643ee6d779a4c8f7896375bc7d46be81b486e839489bfc,f511f9a63a219cbc7e0892c582ded8f0338468e6eb5f737174d6a348d6c9aecb,d7d275c2c93d856172308aafecbdcb5947f9d498b148a8ea9d2aa5205b8932b5,-0.1800748240868738,False
89,2,roughness,none,roughness,1.0,test,Oracle-Value+Residual,0.9889909888453444,0.7124322705414455,0.6318497070133675,0.7252706692913385,0.15384615384615385,0.055892050776608825,7.606644794910588,0.4375,128,calibrated,oracle_value,[0.27253327608942257],67aef5674e032eb88210e50e24df9873aaf4d394c3340290161c0f6386bf2fc6,roughness,ff35c8455029c95fce643ee6d779a4c8f7896375bc7d46be81b486e839489bfc,f511f9a63a219cbc7e0892c582ded8f0338468e6eb5f737174d6a348d6c9aecb,ff35c8455029c95fce643ee6d779a4c8f7896375bc7d46be81b486e839489bfc,f511f9a63a219cbc7e0892c582ded8f0338468e6eb5f737174d6a348d6c9aecb,d7d275c2c93d856172308aafecbdcb5947f9d498b148a8ea9d2aa5205b8932b5,-0.1697375546867007,False
89,2,roughness,none,roughness,1.0,test,Oracle-Rank+Value+Residual,0.9735807665354422,0.7354604211335228,0.6249942776048342,0.7221948818897638,0.15384615384615385,0.055892050776608825,7.3814368128020735,0.4375,128,calibrated,oracle_rank|oracle_value,"[0.10847616231031798, 0.17544220688302567]",67aef5674e032eb88210e50e24df9873aaf4d394c3340290161c0f6386bf2fc6,roughness,ff35c8455029c95fce643ee6d779a4c8f7896375bc7d46be81b486e839489bfc,f511f9a63a219cbc7e0892c582ded8f0338468e6eb5f737174d6a348d6c9aecb,ff35c8455029c95fce643ee6d779a4c8f7896375bc7d46be81b486e839489bfc,f511f9a63a219cbc7e0892c582ded8f0338468e6eb5f737174d6a348d6c9aecb,d7d275c2c93d856172308aafecbdcb5947f9d498b148a8ea9d2aa5205b8932b5,-0.1851477769966029,False
89,2,reversal,none,reversal,0.35,test,Target-Only,0.8953425841018426,0.7991013825766298,0.4813907709210767,0.6824557086614174,0.23076923076923078,0.0033026689057215224,-1.9686455669480483,1.0,128,target_only,none,[],67aef5674e032eb88210e50e24df9873aaf4d394c3340290161c0f6386bf2fc6,reversal,ff35c8455029c95fce643ee6d779a4c8f7896375bc7d46be81b486e839489bfc,f2efc17e99d046556ad978e47d5ece79082443e75b076bdd6426f03ff6a3ace6,ff35c8455029c95fce643ee6d779a4c8f7896375bc7d46be81b486e839489bfc,f2efc17e99d046556ad978e47d5ece79082443e75b076bdd6426f03ff6a3ace6,a2baf41f66d8c008119a8199238a1513b4bfa7de528e2992f7a12a6e09162115,0.0,False
89,2,reversal,none,reversal,0.35,test,Geometry-Prior+Residual,0.8953425841018426,0.7991013825766298,0.4813907709210767,0.6824557086614174,0.23076923076923078,0.0033026689057215224,-1.9686455669480483,1.0,128,target_only,geometry,[1.1448909923118422e-20],67aef5674e032eb88210e50e24df9873aaf4d394c3340290161c0f6386bf2fc6,reversal,ff35c8455029c95fce643ee6d779a4c8f7896375bc7d46be81b486e839489bfc,f2efc17e99d046556ad978e47d5ece79082443e75b076bdd6426f03ff6a3ace6,ff35c8455029c95fce643ee6d779a4c8f7896375bc7d46be81b486e839489bfc,f2efc17e99d046556ad978e47d5ece79082443e75b076bdd6426f03ff6a3ace6,a2baf41f66d8c008119a8199238a1513b4bfa7de528e2992f7a12a6e09162115,0.0,False
89,2,reversal,none,reversal,0.35,test,Oracle-Rank+Residual,0.8953425841018426,0.7991013825766298,0.4813907709210767,0.6824557086614174,0.23076923076923078,0.0033026689057215224,-1.9686455669480483,1.0,128,target_only,oracle_rank,[1.4308260043212565e-20],67aef5674e032eb88210e50e24df9873aaf4d394c3340290161c0f6386bf2fc6,reversal,ff35c8455029c95fce643ee6d779a4c8f7896375bc7d46be81b486e839489bfc,f2efc17e99d046556ad978e47d5ece79082443e75b076bdd6426f03ff6a3ace6,ff35c8455029c95fce643ee6d779a4c8f7896375bc7d46be81b486e839489bfc,f2efc17e99d046556ad978e47d5ece79082443e75b076bdd6426f03ff6a3ace6,a2baf41f66d8c008119a8199238a1513b4bfa7de528e2992f7a12a6e09162115,0.0,False
89,2,reversal,none,reversal,0.35,test,Oracle-Value+Residual,0.8953425841018426,0.7991013825766298,0.4813907709210767,0.6824557086614174,0.23076923076923078,0.0033026689057215224,-1.9686455669480483,1.0,128,target_only,oracle_value,[1.47715975085159e-20],67aef5674e032eb88210e50e24df9873aaf4d394c3340290161c0f6386bf2fc6,reversal,ff35c8455029c95fce643ee6d779a4c8f7896375bc7d46be81b486e839489bfc,f2efc17e99d046556ad978e47d5ece79082443e75b076bdd6426f03ff6a3ace6,ff35c8455029c95fce643ee6d779a4c8f7896375bc7d46be81b486e839489bfc,f2efc17e99d046556ad978e47d5ece79082443e75b076bdd6426f03ff6a3ace6,a2baf41f66d8c008119a8199238a1513b4bfa7de528e2992f7a12a6e09162115,0.0,False
89,2,reversal,none,reversal,0.35,test,Oracle-Rank+Value+Residual,0.8953425841018426,0.7991013825766298,0.4813907709210767,0.6824557086614174,0.23076923076923078,0.0033026689057215224,-1.9686455669480483,1.0,128,target_only,oracle_rank|oracle_value,"[5.465195231834925e-21, 9.880006795046752e-21]",67aef5674e032eb88210e50e24df9873aaf4d394c3340290161c0f6386bf2fc6,reversal,ff35c8455029c95fce643ee6d779a4c8f7896375bc7d46be81b486e839489bfc,f2efc17e99d046556ad978e47d5ece79082443e75b076bdd6426f03ff6a3ace6,ff35c8455029c95fce643ee6d779a4c8f7896375bc7d46be81b486e839489bfc,f2efc17e99d046556ad978e47d5ece79082443e75b076bdd6426f03ff6a3ace6,a2baf41f66d8c008119a8199238a1513b4bfa7de528e2992f7a12a6e09162115,0.0,False
89,2,reversal,none,reversal,0.7,test,Target-Only,1.605152088752698,0.8526457369519004,0.7383549258377586,0.781742125984252,0.46153846153846156,0.006370844501679897,-0.6620567182815106,0.8125,128,target_only,none,[],67aef5674e032eb88210e50e24df9873aaf4d394c3340290161c0f6386bf2fc6,reversal,ff35c8455029c95fce643ee6d779a4c8f7896375bc7d46be81b486e839489bfc,2c63ab51c63f29a433541e506df23b8bd42c9bde748ce55ff39851eb2dd99071,ff35c8455029c95fce643ee6d779a4c8f7896375bc7d46be81b486e839489bfc,2c63ab51c63f29a433541e506df23b8bd42c9bde748ce55ff39851eb2dd99071,55dbf11863d059cfbef2b7addcd8f4de36db18fb88a800fbf6a680642de45859,0.0,False
89,2,reversal,none,reversal,0.7,test,Geometry-Prior+Residual,1.605152088752698,0.8526457369519004,0.7383549258377586,0.781742125984252,0.46153846153846156,0.006370844501679897,-0.6620567182815106,0.8125,128,target_only,geometry,[1.1448909923118422e-20],67aef5674e032eb88210e50e24df9873aaf4d394c3340290161c0f6386bf2fc6,reversal,ff35c8455029c95fce643ee6d779a4c8f7896375bc7d46be81b486e839489bfc,2c63ab51c63f29a433541e506df23b8bd42c9bde748ce55ff39851eb2dd99071,ff35c8455029c95fce643ee6d779a4c8f7896375bc7d46be81b486e839489bfc,2c63ab51c63f29a433541e506df23b8bd42c9bde748ce55ff39851eb2dd99071,55dbf11863d059cfbef2b7addcd8f4de36db18fb88a800fbf6a680642de45859,0.0,False
89,2,reversal,none,reversal,0.7,test,Oracle-Rank+Residual,1.605152088752698,0.8526457369519004,0.7383549258377586,0.781742125984252,0.46153846153846156,0.006370844501679897,-0.6620567182815106,0.8125,128,target_only,oracle_rank,[1.4308260043212565e-20],67aef5674e032eb88210e50e24df9873aaf4d394c3340290161c0f6386bf2fc6,reversal,ff35c8455029c95fce643ee6d779a4c8f7896375bc7d46be81b486e839489bfc,2c63ab51c63f29a433541e506df23b8bd42c9bde748ce55ff39851eb2dd99071,ff35c8455029c95fce643ee6d779a4c8f7896375bc7d46be81b486e839489bfc,2c63ab51c63f29a433541e506df23b8bd42c9bde748ce55ff39851eb2dd99071,55dbf11863d059cfbef2b7addcd8f4de36db18fb88a800fbf6a680642de45859,0.0,False
89,2,reversal,none,reversal,0.7,test,Oracle-Value+Residual,1.605152088752698,0.8526457369519004,0.7383549258377586,0.781742125984252,0.46153846153846156,0.006370844501679897,-0.6620567182815106,0.8125,128,target_only,oracle_value,[1.47715975085159e-20],67aef5674e032eb88210e50e24df9873aaf4d394c3340290161c0f6386bf2fc6,reversal,ff35c8455029c95fce643ee6d779a4c8f7896375bc7d46be81b486e839489bfc,2c63ab51c63f29a433541e506df23b8bd42c9bde748ce55ff39851eb2dd99071,ff35c8455029c95fce643ee6d779a4c8f7896375bc7d46be81b486e839489bfc,2c63ab51c63f29a433541e506df23b8bd42c9bde748ce55ff39851eb2dd99071,55dbf11863d059cfbef2b7addcd8f4de36db18fb88a800fbf6a680642de45859,0.0,False
89,2,reversal,none,reversal,0.7,test,Oracle-Rank+Value+Residual,1.605152088752698,0.8526457369519004,0.7383549258377586,0.781742125984252,0.46153846153846156,0.006370844501679897,-0.6620567182815106,0.8125,128,target_only,oracle_rank|oracle_value,"[5.465195231834925e-21, 9.880006795046752e-21]",67aef5674e032eb88210e50e24df9873aaf4d394c3340290161c0f6386bf2fc6,reversal,ff35c8455029c95fce643ee6d779a4c8f7896375bc7d46be81b486e839489bfc,2c63ab51c63f29a433541e506df23b8bd42c9bde748ce55ff39851eb2dd99071,ff35c8455029c95fce643ee6d779a4c8f7896375bc7d46be81b486e839489bfc,2c63ab51c63f29a433541e506df23b8bd42c9bde748ce55ff39851eb2dd99071,55dbf11863d059cfbef2b7addcd8f4de36db18fb88a800fbf6a680642de45859,0.0,False
89,2,reversal,none,reversal,1.0,test,Target-Only,0.7512296672826876,0.7843602572514372,0.7952984801318439,0.8000738188976378,0.23076923076923078,0.0016890985295349985,-0.36414620452702345,0.875,128,target_only,none,[],67aef5674e032eb88210e50e24df9873aaf4d394c3340290161c0f6386bf2fc6,reversal,ff35c8455029c95fce643ee6d779a4c8f7896375bc7d46be81b486e839489bfc,f511f9a63a219cbc7e0892c582ded8f0338468e6eb5f737174d6a348d6c9aecb,ff35c8455029c95fce643ee6d779a4c8f7896375bc7d46be81b486e839489bfc,f511f9a63a219cbc7e0892c582ded8f0338468e6eb5f737174d6a348d6c9aecb,5e5ddfc4cf00ccb8717f75963c93468bfcd2c70381fe8bdf62f7348b371d07cf,0.0,False
89,2,reversal,none,reversal,1.0,test,Geometry-Prior+Residual,0.7512296672826876,0.7843602572514372,0.7952984801318439,0.8000738188976378,0.23076923076923078,0.0016890985295349985,-0.36414620452702345,0.875,128,target_only,geometry,[1.1448909923118422e-20],67aef5674e032eb88210e50e24df9873aaf4d394c3340290161c0f6386bf2fc6,reversal,ff35c8455029c95fce643ee6d779a4c8f7896375bc7d46be81b486e839489bfc,f511f9a63a219cbc7e0892c582ded8f0338468e6eb5f737174d6a348d6c9aecb,ff35c8455029c95fce643ee6d779a4c8f7896375bc7d46be81b486e839489bfc,f511f9a63a219cbc7e0892c582ded8f0338468e6eb5f737174d6a348d6c9aecb,5e5ddfc4cf00ccb8717f75963c93468bfcd2c70381fe8bdf62f7348b371d07cf,0.0,False
89,2,reversal,none,reversal,1.0,test,Oracle-Rank+Residual,0.7512296672826876,0.7843602572514372,0.7952984801318439,0.8000738188976378,0.23076923076923078,0.0016890985295349985,-0.36414620452702345,0.875,128,target_only,oracle_rank,[1.4308260043212565e-20],67aef5674e032eb88210e50e24df9873aaf4d394c3340290161c0f6386bf2fc6,reversal,ff35c8455029c95fce643ee6d779a4c8f7896375bc7d46be81b486e839489bfc,f511f9a63a219cbc7e0892c582ded8f0338468e6eb5f737174d6a348d6c9aecb,ff35c8455029c95fce643ee6d779a4c8f7896375bc7d46be81b486e839489bfc,f511f9a63a219cbc7e0892c582ded8f0338468e6eb5f737174d6a348d6c9aecb,5e5ddfc4cf00ccb8717f75963c93468bfcd2c70381fe8bdf62f7348b371d07cf,0.0,False
89,2,reversal,none,reversal,1.0,test,Oracle-Value+Residual,0.7512296672826876,0.7843602572514372,0.7952984801318439,0.8000738188976378,0.23076923076923078,0.0016890985295349985,-0.36414620452702345,0.875,128,target_only,oracle_value,[1.47715975085159e-20],67aef5674e032eb88210e50e24df9873aaf4d394c3340290161c0f6386bf2fc6,reversal,ff35c8455029c95fce643ee6d779a4c8f7896375bc7d46be81b486e839489bfc,f511f9a63a219cbc7e0892c582ded8f0338468e6eb5f737174d6a348d6c9aecb,ff35c8455029c95fce643ee6d779a4c8f7896375bc7d46be81b486e839489bfc,f511f9a63a219cbc7e0892c582ded8f0338468e6eb5f737174d6a348d6c9aecb,5e5ddfc4cf00ccb8717f75963c93468bfcd2c70381fe8bdf62f7348b371d07cf,0.0,False
89,2,reversal,none,reversal,1.0,test,Oracle-Rank+Value+Residual,0.7512296672826876,0.7843602572514372,0.7952984801318439,0.8000738188976378,0.23076923076923078,0.0016890985295349985,-0.36414620452702345,0.875,128,target_only,oracle_rank|oracle_value,"[5.465195231834925e-21, 9.880006795046752e-21]",67aef5674e032eb88210e50e24df9873aaf4d394c3340290161c0f6386bf2fc6,reversal,ff35c8455029c95fce643ee6d779a4c8f7896375bc7d46be81b486e839489bfc,f511f9a63a219cbc7e0892c582ded8f0338468e6eb5f737174d6a348d6c9aecb,ff35c8455029c95fce643ee6d779a4c8f7896375bc7d46be81b486e839489bfc,f511f9a63a219cbc7e0892c582ded8f0338468e6eb5f737174d6a348d6c9aecb,5e5ddfc4cf00ccb8717f75963c93468bfcd2c70381fe8bdf62f7348b371d07cf,0.0,False
89,2,independent_expert,none,independent_expert,0.35,test,Target-Only,0.8953425841018426,0.3377189101215422,0.4813907709210767,0.6824557086614174,0.0,0.9678114269108737,-1.9686455669480483,1.0,128,target_only,none,[],deada969b6242f1402bc318bbb6f5ff82d02fe5289eeca431eef740cafe7f2ab,independent_expert,ff35c8455029c95fce643ee6d779a4c8f7896375bc7d46be81b486e839489bfc,f2efc17e99d046556ad978e47d5ece79082443e75b076bdd6426f03ff6a3ace6,ff35c8455029c95fce643ee6d779a4c8f7896375bc7d46be81b486e839489bfc,f2efc17e99d046556ad978e47d5ece79082443e75b076bdd6426f03ff6a3ace6,850e1933b76387a65c22100d1bf4a4e5392b63fef890b189b56f32b52e27f099,0.0,False
89,2,independent_expert,none,independent_expert,0.35,test,Geometry-Prior+Residual,0.9768769330117673,0.8243502714512093,0.3704392510529207,0.6430856299212598,0.23076923076923078,0.11262470211630542,-1.7025621196239142,0.7421875,128,calibrated,geometry,[0.21119526075779677],deada969b6242f1402bc318bbb6f5ff82d02fe5289eeca431eef740cafe7f2ab,independent_expert,ff35c8455029c95fce643ee6d779a4c8f7896375bc7d46be81b486e839489bfc,f2efc17e99d046556ad978e47d5ece79082443e75b076bdd6426f03ff6a3ace6,ff35c8455029c95fce643ee6d779a4c8f7896375bc7d46be81b486e839489bfc,f2efc17e99d046556ad978e47d5ece79082443e75b076bdd6426f03ff6a3ace6,850e1933b76387a65c22100d1bf4a4e5392b63fef890b189b56f32b52e27f099,0.08153434890992461,True
89,2,independent_expert,none,independent_expert,0.35,test,Oracle-Rank+Residual,0.8953425841018426,0.3377189101215422,0.4813907709210767,0.6824557086614174,0.0,0.9678114269108737,-1.9686455669480483,1.0,128,target_only,oracle_rank,[3.68009306924903e-16],deada969b6242f1402bc318bbb6f5ff82d02fe5289eeca431eef740cafe7f2ab,independent_expert,ff35c8455029c95fce643ee6d779a4c8f7896375bc7d46be81b486e839489bfc,f2efc17e99d046556ad978e47d5ece79082443e75b076bdd6426f03ff6a3ace6,ff35c8455029c95fce643ee6d779a4c8f7896375bc7d46be81b486e839489bfc,f2efc17e99d046556ad978e47d5ece79082443e75b076bdd6426f03ff6a3ace6,850e1933b76387a65c22100d1bf4a4e5392b63fef890b189b56f32b52e27f099,0.0,False
89,2,independent_expert,none,independent_expert,0.35,test,Oracle-Value+Residual,0.8953425841018426,0.3377189101215422,0.4813907709210767,0.6824557086614174,0.0,0.9678114269108737,-1.9686455669480483,1.0,128,target_only,oracle_value,[1.4856572387315948e-15],deada969b6242f1402bc318bbb6f5ff82d02fe5289eeca431eef740cafe7f2ab,independent_expert,ff35c8455029c95fce643ee6d779a4c8f7896375bc7d46be81b486e839489bfc,f2efc17e99d046556ad978e47d5ece79082443e75b076bdd6426f03ff6a3ace6,ff35c8455029c95fce643ee6d779a4c8f7896375bc7d46be81b486e839489bfc,f2efc17e99d046556ad978e47d5ece79082443e75b076bdd6426f03ff6a3ace6,850e1933b76387a65c22100d1bf4a4e5392b63fef890b189b56f32b52e27f099,0.0,False
89,2,independent_expert,none,independent_expert,0.35,test,Oracle-Rank+Value+Residual,0.8953425841018426,0.3377189101215422,0.4813907709210767,0.6824557086614174,0.0,0.9678114269108737,-1.9686455669480483,1.0,128,target_only,oracle_rank|oracle_value,"[1.1932801482475206e-17, 1.6197556071920166e-17]",deada969b6242f1402bc318bbb6f5ff82d02fe5289eeca431eef740cafe7f2ab,independent_expert,ff35c8455029c95fce643ee6d779a4c8f7896375bc7d46be81b486e839489bfc,f2efc17e99d046556ad978e47d5ece79082443e75b076bdd6426f03ff6a3ace6,ff35c8455029c95fce643ee6d779a4c8f7896375bc7d46be81b486e839489bfc,f2efc17e99d046556ad978e47d5ece79082443e75b076bdd6426f03ff6a3ace6,850e1933b76387a65c22100d1bf4a4e5392b63fef890b189b56f32b52e27f099,0.0,False
89,2,independent_expert,none,independent_expert,0.7,test,Target-Only,1.605152088752698,0.9371325763088593,0.7383549258377586,0.781742125984252,0.6153846153846154,0.05012042666486162,-0.6620567182815106,0.8125,128,target_only,none,[],deada969b6242f1402bc318bbb6f5ff82d02fe5289eeca431eef740cafe7f2ab,independent_expert,ff35c8455029c95fce643ee6d779a4c8f7896375bc7d46be81b486e839489bfc,2c63ab51c63f29a433541e506df23b8bd42c9bde748ce55ff39851eb2dd99071,ff35c8455029c95fce643ee6d779a4c8f7896375bc7d46be81b486e839489bfc,2c63ab51c63f29a433541e506df23b8bd42c9bde748ce55ff39851eb2dd99071,168a6cb56d8f17c2d7775c3c0a9f9f3d26d964d839d65f240d6b796e24e36c53,0.0,False
89,2,independent_expert,none,independent_expert,0.7,test,Geometry-Prior+Residual,1.3750466420965015,0.9469249791610979,0.7474649789415856,0.7930610236220472,0.5384615384615384,0.000741279518752292,-0.8097165511523678,0.7265625,128,calibrated,geometry,[0.21119526075779677],deada969b6242f1402bc318bbb6f5ff82d02fe5289eeca431eef740cafe7f2ab,independent_expert,ff35c8455029c95fce643ee6d779a4c8f7896375bc7d46be81b486e839489bfc,2c63ab51c63f29a433541e506df23b8bd42c9bde748ce55ff39851eb2dd99071,ff35c8455029c95fce643ee6d779a4c8f7896375bc7d46be81b486e839489bfc,2c63ab51c63f29a433541e506df23b8bd42c9bde748ce55ff39851eb2dd99071,168a6cb56d8f17c2d7775c3c0a9f9f3d26d964d839d65f240d6b796e24e36c53,-0.23010544665619648,False
89,2,independent_expert,none,independent_expert,0.7,test,Oracle-Rank+Residual,1.605152088752698,0.9371325763088593,0.7383549258377586,0.781742125984252,0.6153846153846154,0.05012042666486162,-0.6620567182815106,0.8125,128,target_only,oracle_rank,[3.68009306924903e-16],deada969b6242f1402bc318bbb6f5ff82d02fe5289eeca431eef740cafe7f2ab,independent_expert,ff35c8455029c95fce643ee6d779a4c8f7896375bc7d46be81b486e839489bfc,2c63ab51c63f29a433541e506df23b8bd42c9bde748ce55ff39851eb2dd99071,ff35c8455029c95fce643ee6d779a4c8f7896375bc7d46be81b486e839489bfc,2c63ab51c63f29a433541e506df23b8bd42c9bde748ce55ff39851eb2dd99071,168a6cb56d8f17c2d7775c3c0a9f9f3d26d964d839d65f240d6b796e24e36c53,0.0,False
89,2,independent_expert,none,independent_expert,0.7,test,Oracle-Value+Residual,1.605152088752698,0.9371325763088593,0.7383549258377586,0.781742125984252,0.6153846153846154,0.05012042666486162,-0.6620567182815106,0.8125,128,target_only,oracle_value,[1.4856572387315948e-15],deada969b6242f1402bc318bbb6f5ff82d02fe5289eeca431eef740cafe7f2ab,independent_expert,ff35c8455029c95fce643ee6d779a4c8f7896375bc7d46be81b486e839489bfc,2c63ab51c63f29a433541e506df23b8bd42c9bde748ce55ff39851eb2dd99071,ff35c8455029c95fce643ee6d779a4c8f7896375bc7d46be81b486e839489bfc,2c63ab51c63f29a433541e506df23b8bd42c9bde748ce55ff39851eb2dd99071,168a6cb56d8f17c2d7775c3c0a9f9f3d26d964d839d65f240d6b796e24e36c53,0.0,False
89,2,independent_expert,none,independent_expert,0.7,test,Oracle-Rank+Value+Residual,1.605152088752698,0.9371325763088593,0.7383549258377586,0.781742125984252,0.6153846153846154,0.05012042666486162,-0.6620567182815106,0.8125,128,target_only,oracle_rank|oracle_value,"[1.1932801482475206e-17, 1.6197556071920166e-17]",deada969b6242f1402bc318bbb6f5ff82d02fe5289eeca431eef740cafe7f2ab,independent_expert,ff35c8455029c95fce643ee6d779a4c8f7896375bc7d46be81b486e839489bfc,2c63ab51c63f29a433541e506df23b8bd42c9bde748ce55ff39851eb2dd99071,ff35c8455029c95fce643ee6d779a4c8f7896375bc7d46be81b486e839489bfc,2c63ab51c63f29a433541e506df23b8bd42c9bde748ce55ff39851eb2dd99071,168a6cb56d8f17c2d7775c3c0a9f9f3d26d964d839d65f240d6b796e24e36c53,0.0,False
89,2,independent_expert,none,independent_expert,1.0,test,Target-Only,0.7512296672826876,0.9395421761342663,0.7952984801318439,0.8000738188976378,0.5384615384615384,0.03340278193149676,-0.36414620452702345,0.875,128,target_only,none,[],deada969b6242f1402bc318bbb6f5ff82d02fe5289eeca431eef740cafe7f2ab,independent_expert,ff35c8455029c95fce643ee6d779a4c8f7896375bc7d46be81b486e839489bfc,f511f9a63a219cbc7e0892c582ded8f0338468e6eb5f737174d6a348d6c9aecb,ff35c8455029c95fce643ee6d779a4c8f7896375bc7d46be81b486e839489bfc,f511f9a63a219cbc7e0892c582ded8f0338468e6eb5f737174d6a348d6c9aecb,f085e77dd0aafd80864691f74cf55b2bb7d0561b4c0dc5e5abf6076c37d1d8fa,0.0,False
89,2,independent_expert,none,independent_expert,1.0,test,Geometry-Prior+Residual,0.5780342438359741,0.9452156297987462,0.8174899285845083,0.81373031496063,0.5384615384615384,0.0005055271280570516,-0.4746438170175423,0.6953125,128,calibrated,geometry,[0.21119526075779677],deada969b6242f1402bc318bbb6f5ff82d02fe5289eeca431eef740cafe7f2ab,independent_expert,ff35c8455029c95fce643ee6d779a4c8f7896375bc7d46be81b486e839489bfc,f511f9a63a219cbc7e0892c582ded8f0338468e6eb5f737174d6a348d6c9aecb,ff35c8455029c95fce643ee6d779a4c8f7896375bc7d46be81b486e839489bfc,f511f9a63a219cbc7e0892c582ded8f0338468e6eb5f737174d6a348d6c9aecb,f085e77dd0aafd80864691f74cf55b2bb7d0561b4c0dc5e5abf6076c37d1d8fa,-0.17319542344671346,False
89,2,independent_expert,none,independent_expert,1.0,test,Oracle-Rank+Residual,0.7512296672826876,0.9395421761342663,0.7952984801318439,0.8000738188976378,0.5384615384615384,0.03340278193149676,-0.36414620452702345,0.875,128,target_only,oracle_rank,[3.68009306924903e-16],deada969b6242f1402bc318bbb6f5ff82d02fe5289eeca431eef740cafe7f2ab,independent_expert,ff35c8455029c95fce643ee6d779a4c8f7896375bc7d46be81b486e839489bfc,f511f9a63a219cbc7e0892c582ded8f0338468e6eb5f737174d6a348d6c9aecb,ff35c8455029c95fce643ee6d779a4c8f7896375bc7d46be81b486e839489bfc,f511f9a63a219cbc7e0892c582ded8f0338468e6eb5f737174d6a348d6c9aecb,f085e77dd0aafd80864691f74cf55b2bb7d0561b4c0dc5e5abf6076c37d1d8fa,0.0,False
89,2,independent_expert,none,independent_expert,1.0,test,Oracle-Value+Residual,0.7512296672826876,0.9395421761342663,0.7952984801318439,0.8000738188976378,0.5384615384615384,0.03340278193149676,-0.36414620452702345,0.875,128,target_only,oracle_value,[1.4856572387315948e-15],deada969b6242f1402bc318bbb6f5ff82d02fe5289eeca431eef740cafe7f2ab,independent_expert,ff35c8455029c95fce643ee6d779a4c8f7896375bc7d46be81b486e839489bfc,f511f9a63a219cbc7e0892c582ded8f0338468e6eb5f737174d6a348d6c9aecb,ff35c8455029c95fce643ee6d779a4c8f7896375bc7d46be81b486e839489bfc,f511f9a63a219cbc7e0892c582ded8f0338468e6eb5f737174d6a348d6c9aecb,f085e77dd0aafd80864691f74cf55b2bb7d0561b4c0dc5e5abf6076c37d1d8fa,0.0,False
89,2,independent_expert,none,independent_expert,1.0,test,Oracle-Rank+Value+Residual,0.7512296672826876,0.9395421761342663,0.7952984801318439,0.8000738188976378,0.5384615384615384,0.03340278193149676,-0.36414620452702345,0.875,128,target_only,oracle_rank|oracle_value,"[1.1932801482475206e-17, 1.6197556071920166e-17]",deada969b6242f1402bc318bbb6f5ff82d02fe5289eeca431eef740cafe7f2ab,independent_expert,ff35c8455029c95fce643ee6d779a4c8f7896375bc7d46be81b486e839489bfc,f511f9a63a219cbc7e0892c582ded8f0338468e6eb5f737174d6a348d6c9aecb,ff35c8455029c95fce643ee6d779a4c8f7896375bc7d46be81b486e839489bfc,f511f9a63a219cbc7e0892c582ded8f0338468e6eb5f737174d6a348d6c9aecb,f085e77dd0aafd80864691f74cf55b2bb7d0561b4c0dc5e5abf6076c37d1d8fa,0.0,False
107,2,identity,none,identity,0.35,test,Target-Only,0.5022104700772413,0.8908357391483998,0.9092370902765061,0.8735236220472441,0.6153846153846154,0.12182276255895381,-2.240166641854185,1.0,128,target_only,none,[],41bdf39167461d22a02514f304364e8e4f6eb3b2259f95aa5e4712b15e2f3baf,identity,890b9f29bd5066ad8e40f13e9e59cb0546b3e2497d8d7c1370e129655ca4f002,1080a7fa5c3cd76dbbe95bd708d17b51debfdf282ec27f2618f824e6a8e86d18,890b9f29bd5066ad8e40f13e9e59cb0546b3e2497d8d7c1370e129655ca4f002,1080a7fa5c3cd76dbbe95bd708d17b51debfdf282ec27f2618f824e6a8e86d18,edf8aca8a26a139d1124f162816fd76868ffbbe7d9636d6d44af45875106dcb3,0.0,False
107,2,identity,none,identity,0.35,test,Geometry-Prior+Residual,0.43033777624983327,0.9257884552927521,0.9274743636696574,0.8889025590551181,0.5384615384615384,0.06725633839959683,-2.503525794676352,1.0,128,calibrated,geometry,[0.20850032711594774],41bdf39167461d22a02514f304364e8e4f6eb3b2259f95aa5e4712b15e2f3baf,identity,890b9f29bd5066ad8e40f13e9e59cb0546b3e2497d8d7c1370e129655ca4f002,1080a7fa5c3cd76dbbe95bd708d17b51debfdf282ec27f2618f824e6a8e86d18,890b9f29bd5066ad8e40f13e9e59cb0546b3e2497d8d7c1370e129655ca4f002,1080a7fa5c3cd76dbbe95bd708d17b51debfdf282ec27f2618f824e6a8e86d18,edf8aca8a26a139d1124f162816fd76868ffbbe7d9636d6d44af45875106dcb3,-0.07187269382740802,False
107,2,identity,none,identity,0.35,test,Oracle-Rank+Residual,0.4743732341699736,0.9216286737530255,0.8463308002197398,0.8256643700787402,0.6923076923076923,0.07373868826653791,-1.3590663095542015,0.5625,128,calibrated,oracle_rank,[0.2873255845995341],41bdf39167461d22a02514f304364e8e4f6eb3b2259f95aa5e4712b15e2f3baf,identity,890b9f29bd5066ad8e40f13e9e59cb0546b3e2497d8d7c1370e129655ca4f002,1080a7fa5c3cd76dbbe95bd708d17b51debfdf282ec27f2618f824e6a8e86d18,890b9f29bd5066ad8e40f13e9e59cb0546b3e2497d8d7c1370e129655ca4f002,1080a7fa5c3cd76dbbe95bd708d17b51debfdf282ec27f2618f824e6a8e86d18,edf8aca8a26a139d1124f162816fd76868ffbbe7d9636d6d44af45875106dcb3,-0.027837235907267666,False
107,2,identity,none,identity,0.35,test,Oracle-Value+Residual,0.046340034075280576,0.9991032673409229,0.9705010529207104,0.9462352362204725,1.0,0.0,-4.724268508446,1.0,128,calibrated,oracle_value,[0.2949796045139959],41bdf39167461d22a02514f304364e8e4f6eb3b2259f95aa5e4712b15e2f3baf,identity,890b9f29bd5066ad8e40f13e9e59cb0546b3e2497d8d7c1370e129655ca4f002,1080a7fa5c3cd76dbbe95bd708d17b51debfdf282ec27f2618f824e6a8e86d18,890b9f29bd5066ad8e40f13e9e59cb0546b3e2497d8d7c1370e129655ca4f002,1080a7fa5c3cd76dbbe95bd708d17b51debfdf282ec27f2618f824e6a8e86d18,edf8aca8a26a139d1124f162816fd76868ffbbe7d9636d6d44af45875106dcb3,-0.4558704360019607,False
107,2,identity,none,identity,0.35,test,Oracle-Rank+Value+Residual,0.19217798589825005,0.9886137362583464,0.9093458157846547,0.8813976377952756,0.9230769230769231,0.0,-2.223608212426213,0.5390625,128,calibrated,oracle_rank|oracle_value,"[0.1154440486890464, 0.1911995422403235]",41bdf39167461d22a02514f304364e8e4f6eb3b2259f95aa5e4712b15e2f3baf,identity,890b9f29bd5066ad8e40f13e9e59cb0546b3e2497d8d7c1370e129655ca4f002,1080a7fa5c3cd76dbbe95bd708d17b51debfdf282ec27f2618f824e6a8e86d18,890b9f29bd5066ad8e40f13e9e59cb0546b3e2497d8d7c1370e129655ca4f002,1080a7fa5c3cd76dbbe95bd708d17b51debfdf282ec27f2618f824e6a8e86d18,edf8aca8a26a139d1124f162816fd76868ffbbe7d9636d6d44af45875106dcb3,-0.3100324841789912,False
107,2,identity,none,identity,0.7,test,Target-Only,1.4800952725573124,0.8955522138160585,0.8216901666361472,0.8298474409448819,0.6153846153846154,0.2936730669625908,-0.7166885017216815,0.8203125,128,target_only,none,[],41bdf39167461d22a02514f304364e8e4f6eb3b2259f95aa5e4712b15e2f3baf,identity,890b9f29bd5066ad8e40f13e9e59cb0546b3e2497d8d7c1370e129655ca4f002,b50c3084ebe4315a03dc428e7d9ddf32a370d5bde6a3c03dfad57c5e15336871,890b9f29bd5066ad8e40f13e9e59cb0546b3e2497d8d7c1370e129655ca4f002,b50c3084ebe4315a03dc428e7d9ddf32a370d5bde6a3c03dfad57c5e15336871,9d2cbab276ed8e5db807dae4957bcd90d27585afa986e064650b2d281b057d70,0.0,False
107,2,identity,none,identity,0.7,test,Geometry-Prior+Residual,1.336085055220617,0.9643660971506758,0.8507370444973449,0.8480561023622047,0.6153846153846154,0.03662603654070906,-0.658454157657087,0.765625,128,calibrated,geometry,[0.20850032711594774],41bdf39167461d22a02514f304364e8e4f6eb3b2259f95aa5e4712b15e2f3baf,identity,890b9f29bd5066ad8e40f13e9e59cb0546b3e2497d8d7c1370e129655ca4f002,b50c3084ebe4315a03dc428e7d9ddf32a370d5bde6a3c03dfad57c5e15336871,890b9f29bd5066ad8e40f13e9e59cb0546b3e2497d8d7c1370e129655ca4f002,b50c3084ebe4315a03dc428e7d9ddf32a370d5bde6a3c03dfad57c5e15336871,9d2cbab276ed8e5db807dae4957bcd90d27585afa986e064650b2d281b057d70,-0.1440102173366955,False
107,2,identity,none,identity,0.7,test,Oracle-Rank+Residual,0.9654786289147893,0.9886137362583464,0.7299201153634866,0.7861712598425197,0.9230769230769231,0.0,2.922430779697346,0.2265625,128,calibrated,oracle_rank,[0.2873255845995341],41bdf39167461d22a02514f304364e8e4f6eb3b2259f95aa5e4712b15e2f3baf,identity,890b9f29bd5066ad8e40f13e9e59cb0546b3e2497d8d7c1370e129655ca4f002,b50c3084ebe4315a03dc428e7d9ddf32a370d5bde6a3c03dfad57c5e15336871,890b9f29bd5066ad8e40f13e9e59cb0546b3e2497d8d7c1370e129655ca4f002,b50c3084ebe4315a03dc428e7d9ddf32a370d5bde6a3c03dfad57c5e15336871,9d2cbab276ed8e5db807dae4957bcd90d27585afa986e064650b2d281b057d70,-0.5146166436425231,False
107,2,identity,none,identity,0.7,test,Oracle-Value+Residual,0.1269515983059526,0.9991094987761313,0.9581921809192454,0.9325787401574803,0.9230769230769231,0.0,-3.079358758729463,0.7890625,128,calibrated,oracle_value,[0.2949796045139959],41bdf39167461d22a02514f304364e8e4f6eb3b2259f95aa5e4712b15e2f3baf,identity,890b9f29bd5066ad8e40f13e9e59cb0546b3e2497d8d7c1370e129655ca4f002,b50c3084ebe4315a03dc428e7d9ddf32a370d5bde6a3c03dfad57c5e15336871,890b9f29bd5066ad8e40f13e9e59cb0546b3e2497d8d7c1370e129655ca4f002,b50c3084ebe4315a03dc428e7d9ddf32a370d5bde6a3c03dfad57c5e15336871,9d2cbab276ed8e5db807dae4957bcd90d27585afa986e064650b2d281b057d70,-1.3531436742513598,False
107,2,identity,none,identity,0.7,test,Oracle-Rank+Value+Residual,0.3927254058329558,0.999164398284943,0.8287001007141549,0.8383366141732284,1.0,0.0,2.128909058524554,0.203125,128,calibrated,oracle_rank|oracle_value,"[0.1154440486890464, 0.1911995422403235]",41bdf39167461d22a02514f304364e8e4f6eb3b2259f95aa5e4712b15e2f3baf,identity,890b9f29bd5066ad8e40f13e9e59cb0546b3e2497d8d7c1370e129655ca4f002,b50c3084ebe4315a03dc428e7d9ddf32a370d5bde6a3c03dfad57c5e15336871,890b9f29bd5066ad8e40f13e9e59cb0546b3e2497d8d7c1370e129655ca4f002,b50c3084ebe4315a03dc428e7d9ddf32a370d5bde6a3c03dfad57c5e15336871,9d2cbab276ed8e5db807dae4957bcd90d27585afa986e064650b2d281b057d70,-1.0873698667243565,False
107,2,identity,none,identity,1.0,test,Target-Only,0.6449571673929967,0.9171709035952632,0.8749027192821827,0.8511318897637795,0.5384615384615384,0.10617250307765048,-0.5777949905098305,0.890625,128,target_only,none,[],41bdf39167461d22a02514f304364e8e4f6eb3b2259f95aa5e4712b15e2f3baf,identity,890b9f29bd5066ad8e40f13e9e59cb0546b3e2497d8d7c1370e129655ca4f002,a87334ea74e98ff3b93157123a11877ebbd9304a6a2bc6176fe85042e9a0213c,890b9f29bd5066ad8e40f13e9e59cb0546b3e2497d8d7c1370e129655ca4f002,a87334ea74e98ff3b93157123a11877ebbd9304a6a2bc6176fe85042e9a0213c,48439ff538060f57495746ab68d9ad952976586203917bd2c06910945e67155c,0.0,False
107,2,identity,none,identity,1.0,test,Geometry-Prior+Residual,0.40932073346319114,0.9798999544099604,0.9023129921259843,0.8809055118110236,0.6923076923076923,0.024511755097969403,-1.0239334964906872,0.8984375,128,calibrated,geometry,[0.20850032711594774],41bdf39167461d22a02514f304364e8e4f6eb3b2259f95aa5e4712b15e2f3baf,identity,890b9f29bd5066ad8e40f13e9e59cb0546b3e2497d8d7c1370e129655ca4f002,a87334ea74e98ff3b93157123a11877ebbd9304a6a2bc6176fe85042e9a0213c,890b9f29bd5066ad8e40f13e9e59cb0546b3e2497d8d7c1370e129655ca4f002,a87334ea74e98ff3b93157123a11877ebbd9304a6a2bc6176fe85042e9a0213c,48439ff538060f57495746ab68d9ad952976586203917bd2c06910945e67155c,-0.23563643392980554,False
107,2,identity,none,identity,1.0,test,Oracle-Rank+Residual,0.3716076452965872,0.9967977032514866,0.9183242537996705,0.8863188976377953,1.0,0.024511755097969403,0.9660148585320345,0.5234375,128,calibrated,oracle_rank,[0.2873255845995341],41bdf39167461d22a02514f304364e8e4f6eb3b2259f95aa5e4712b15e2f3baf,identity,890b9f29bd5066ad8e40f13e9e59cb0546b3e2497d8d7c1370e129655ca4f002,a87334ea74e98ff3b93157123a11877ebbd9304a6a2bc6176fe85042e9a0213c,890b9f29bd5066ad8e40f13e9e59cb0546b3e2497d8d7c1370e129655ca4f002,a87334ea74e98ff3b93157123a11877ebbd9304a6a2bc6176fe85042e9a0213c,48439ff538060f57495746ab68d9ad952976586203917bd2c06910945e67155c,-0.2733495220964095,False
107,2,identity,none,identity,1.0,test,Oracle-Value+Residual,0.07661046108782703,0.9996954251199166,0.9895680736128913,0.9703494094488189,1.0,0.0,-2.531937254363352,0.8359375,128,calibrated,oracle_value,[0.2949796045139959],41bdf39167461d22a02514f304364e8e4f6eb3b2259f95aa5e4712b15e2f3baf,identity,890b9f29bd5066ad8e40f13e9e59cb0546b3e2497d8d7c1370e129655ca4f002,a87334ea74e98ff3b93157123a11877ebbd9304a6a2bc6176fe85042e9a0213c,890b9f29bd5066ad8e40f13e9e59cb0546b3e2497d8d7c1370e129655ca4f002,a87334ea74e98ff3b93157123a11877ebbd9304a6a2bc6176fe85042e9a0213c,48439ff538060f57495746ab68d9ad952976586203917bd2c06910945e67155c,-0.5683467063051697,False
107,2,identity,none,identity,1.0,test,Oracle-Rank+Value+Residual,0.15915625398549182,0.9989550525992192,0.9698773118476467,0.9392224409448819,1.0,0.0,0.3690185595268566,0.46875,128,calibrated,oracle_rank|oracle_value,"[0.1154440486890464, 0.1911995422403235]",41bdf39167461d22a02514f304364e8e4f6eb3b2259f95aa5e4712b15e2f3baf,identity,890b9f29bd5066ad8e40f13e9e59cb0546b3e2497d8d7c1370e129655ca4f002,a87334ea74e98ff3b93157123a11877ebbd9304a6a2bc6176fe85042e9a0213c,890b9f29bd5066ad8e40f13e9e59cb0546b3e2497d8d7c1370e129655ca4f002,a87334ea74e98ff3b93157123a11877ebbd9304a6a2bc6176fe85042e9a0213c,48439ff538060f57495746ab68d9ad952976586203917bd2c06910945e67155c,-0.48580091340750486,False
107,2,identity,identity_label_permutation,identity_label_permutation,0.35,test,Target-Only,0.5022104700772413,0.8908357391483998,0.9092370902765061,0.8735236220472441,0.6153846153846154,0.12182276255895381,-2.240166641854185,1.0,128,target_only,none,[],6b2de4e54c065c3bcdb1f420444475089dd83e4a3625f1fd28baebe649acd1df,identity,890b9f29bd5066ad8e40f13e9e59cb0546b3e2497d8d7c1370e129655ca4f002,1080a7fa5c3cd76dbbe95bd708d17b51debfdf282ec27f2618f824e6a8e86d18,890b9f29bd5066ad8e40f13e9e59cb0546b3e2497d8d7c1370e129655ca4f002,1080a7fa5c3cd76dbbe95bd708d17b51debfdf282ec27f2618f824e6a8e86d18,edf8aca8a26a139d1124f162816fd76868ffbbe7d9636d6d44af45875106dcb3,0.0,False
107,2,identity,identity_label_permutation,identity_label_permutation,0.35,test,Geometry-Prior+Residual,0.43033777624983327,0.9257884552927521,0.9274743636696574,0.8889025590551181,0.5384615384615384,0.06725633839959683,-2.503525794676352,1.0,128,calibrated,geometry,[0.20850032711594774],6b2de4e54c065c3bcdb1f420444475089dd83e4a3625f1fd28baebe649acd1df,identity,890b9f29bd5066ad8e40f13e9e59cb0546b3e2497d8d7c1370e129655ca4f002,1080a7fa5c3cd76dbbe95bd708d17b51debfdf282ec27f2618f824e6a8e86d18,890b9f29bd5066ad8e40f13e9e59cb0546b3e2497d8d7c1370e129655ca4f002,1080a7fa5c3cd76dbbe95bd708d17b51debfdf282ec27f2618f824e6a8e86d18,edf8aca8a26a139d1124f162816fd76868ffbbe7d9636d6d44af45875106dcb3,-0.07187269382740802,False
107,2,identity,identity_label_permutation,identity_label_permutation,0.35,test,Oracle-Rank+Residual,0.5022104704740615,0.8908357391483998,0.9092370902765061,0.8735236220472441,0.6153846153846154,0.12182276255895381,-2.2401666415477495,1.0,128,calibrated,oracle_rank,[5.362751054681128e-11],6b2de4e54c065c3bcdb1f420444475089dd83e4a3625f1fd28baebe649acd1df,identity,890b9f29bd5066ad8e40f13e9e59cb0546b3e2497d8d7c1370e129655ca4f002,1080a7fa5c3cd76dbbe95bd708d17b51debfdf282ec27f2618f824e6a8e86d18,890b9f29bd5066ad8e40f13e9e59cb0546b3e2497d8d7c1370e129655ca4f002,1080a7fa5c3cd76dbbe95bd708d17b51debfdf282ec27f2618f824e6a8e86d18,edf8aca8a26a139d1124f162816fd76868ffbbe7d9636d6d44af45875106dcb3,3.968202433313195e-10,False
107,2,identity,identity_label_permutation,identity_label_permutation,0.35,test,Oracle-Value+Residual,0.5022104702043189,0.8908357391483998,0.9092370902765061,0.8735236220472441,0.6153846153846154,0.12182276255895381,-2.240166641765505,1.0,128,calibrated,oracle_value,[2.427007159350189e-11],6b2de4e54c065c3bcdb1f420444475089dd83e4a3625f1fd28baebe649acd1df,identity,890b9f29bd5066ad8e40f13e9e59cb0546b3e2497d8d7c1370e129655ca4f002,1080a7fa5c3cd76dbbe95bd708d17b51debfdf282ec27f2618f824e6a8e86d18,890b9f29bd5066ad8e40f13e9e59cb0546b3e2497d8d7c1370e129655ca4f002,1080a7fa5c3cd76dbbe95bd708d17b51debfdf282ec27f2618f824e6a8e86d18,edf8aca8a26a139d1124f162816fd76868ffbbe7d9636d6d44af45875106dcb3,1.2707757068852743e-10,False
107,2,identity,identity_label_permutation,identity_label_permutation,0.35,test,Oracle-Rank+Value+Residual,0.5022104700772413,0.8908357391483998,0.9092370902765061,0.8735236220472441,0.6153846153846154,0.12182276255895381,-2.240166641854185,1.0,128,target_only,oracle_rank|oracle_value,"[1.4148249890677596e-13, 8.535441902373555e-14]",6b2de4e54c065c3bcdb1f420444475089dd83e4a3625f1fd28baebe649acd1df,identity,890b9f29bd5066ad8e40f13e9e59cb0546b3e2497d8d7c1370e129655ca4f002,1080a7fa5c3cd76dbbe95bd708d17b51debfdf282ec27f2618f824e6a8e86d18,890b9f29bd5066ad8e40f13e9e59cb0546b3e2497d8d7c1370e129655ca4f002,1080a7fa5c3cd76dbbe95bd708d17b51debfdf282ec27f2618f824e6a8e86d18,edf8aca8a26a139d1124f162816fd76868ffbbe7d9636d6d44af45875106dcb3,0.0,False
107,2,identity,identity_label_permutation,identity_label_permutation,0.7,test,Target-Only,1.4800952725573124,0.8955522138160585,0.8216901666361472,0.8298474409448819,0.6153846153846154,0.2936730669625908,-0.7166885017216815,0.8203125,128,target_only,none,[],6b2de4e54c065c3bcdb1f420444475089dd83e4a3625f1fd28baebe649acd1df,identity,890b9f29bd5066ad8e40f13e9e59cb0546b3e2497d8d7c1370e129655ca4f002,b50c3084ebe4315a03dc428e7d9ddf32a370d5bde6a3c03dfad57c5e15336871,890b9f29bd5066ad8e40f13e9e59cb0546b3e2497d8d7c1370e129655ca4f002,b50c3084ebe4315a03dc428e7d9ddf32a370d5bde6a3c03dfad57c5e15336871,9d2cbab276ed8e5db807dae4957bcd90d27585afa986e064650b2d281b057d70,0.0,False
107,2,identity,identity_label_permutation,identity_label_permutation,0.7,test,Geometry-Prior+Residual,1.336085055220617,0.9643660971506758,0.8507370444973449,0.8480561023622047,0.6153846153846154,0.03662603654070906,-0.658454157657087,0.765625,128,calibrated,geometry,[0.20850032711594774],6b2de4e54c065c3bcdb1f420444475089dd83e4a3625f1fd28baebe649acd1df,identity,890b9f29bd5066ad8e40f13e9e59cb0546b3e2497d8d7c1370e129655ca4f002,b50c3084ebe4315a03dc428e7d9ddf32a370d5bde6a3c03dfad57c5e15336871,890b9f29bd5066ad8e40f13e9e59cb0546b3e2497d8d7c1370e129655ca4f002,b50c3084ebe4315a03dc428e7d9ddf32a370d5bde6a3c03dfad57c5e15336871,9d2cbab276ed8e5db807dae4957bcd90d27585afa986e064650b2d281b057d70,-0.1440102173366955,False
107,2,identity,identity_label_permutation,identity_label_permutation,0.7,test,Oracle-Rank+Residual,1.4800952724534433,0.8955522138160585,0.8216901666361472,0.8298474409448819,0.6153846153846154,0.2936730669625908,-0.7166885018290452,0.8203125,128,calibrated,oracle_rank,[5.362751054681128e-11],6b2de4e54c065c3bcdb1f420444475089dd83e4a3625f1fd28baebe649acd1df,identity,890b9f29bd5066ad8e40f13e9e59cb0546b3e2497d8d7c1370e129655ca4f002,b50c3084ebe4315a03dc428e7d9ddf32a370d5bde6a3c03dfad57c5e15336871,890b9f29bd5066ad8e40f13e9e59cb0546b3e2497d8d7c1370e129655ca4f002,b50c3084ebe4315a03dc428e7d9ddf32a370d5bde6a3c03dfad57c5e15336871,9d2cbab276ed8e5db807dae4957bcd90d27585afa986e064650b2d281b057d70,-1.0386913551485577e-10,False
107,2,identity,identity_label_permutation,identity_label_permutation,0.7,test,Oracle-Value+Residual,1.4800952724803764,0.8955522138160585,0.8216901666361472,0.8298474409448819,0.6153846153846154,0.2936730669625908,-0.7166885018092194,0.8203125,128,calibrated,oracle_value,[2.427007159350189e-11],6b2de4e54c065c3bcdb1f420444475089dd83e4a3625f1fd28baebe649acd1df,identity,890b9f29bd5066ad8e40f13e9e59cb0546b3e2497d8d7c1370e129655ca4f002,b50c3084ebe4315a03dc428e7d9ddf32a370d5bde6a3c03dfad57c5e15336871,890b9f29bd5066ad8e40f13e9e59cb0546b3e2497d8d7c1370e129655ca4f002,b50c3084ebe4315a03dc428e7d9ddf32a370d5bde6a3c03dfad57c5e15336871,9d2cbab276ed8e5db807dae4957bcd90d27585afa986e064650b2d281b057d70,-7.693601311586917e-11,False
107,2,identity,identity_label_permutation,identity_label_permutation,0.7,test,Oracle-Rank+Value+Residual,1.4800952725573124,0.8955522138160585,0.8216901666361472,0.8298474409448819,0.6153846153846154,0.2936730669625908,-0.7166885017216815,0.8203125,128,target_only,oracle_rank|oracle_value,"[1.4148249890677596e-13, 8.535441902373555e-14]",6b2de4e54c065c3bcdb1f420444475089dd83e4a3625f1fd28baebe649acd1df,identity,890b9f29bd5066ad8e40f13e9e59cb0546b3e2497d8d7c1370e129655ca4f002,b50c3084ebe4315a03dc428e7d9ddf32a370d5bde6a3c03dfad57c5e15336871,890b9f29bd5066ad8e40f13e9e59cb0546b3e2497d8d7c1370e129655ca4f002,b50c3084ebe4315a03dc428e7d9ddf32a370d5bde6a3c03dfad57c5e15336871,9d2cbab276ed8e5db807dae4957bcd90d27585afa986e064650b2d281b057d70,0.0,False
107,2,identity,identity_label_permutation,identity_label_permutation,1.0,test,Target-Only,0.6449571673929967,0.9171709035952632,0.8749027192821827,0.8511318897637795,0.5384615384615384,0.10617250307765048,-0.5777949905098305,0.890625,128,target_only,none,[],6b2de4e54c065c3bcdb1f420444475089dd83e4a3625f1fd28baebe649acd1df,identity,890b9f29bd5066ad8e40f13e9e59cb0546b3e2497d8d7c1370e129655ca4f002,a87334ea74e98ff3b93157123a11877ebbd9304a6a2bc6176fe85042e9a0213c,890b9f29bd5066ad8e40f13e9e59cb0546b3e2497d8d7c1370e129655ca4f002,a87334ea74e98ff3b93157123a11877ebbd9304a6a2bc6176fe85042e9a0213c,48439ff538060f57495746ab68d9ad952976586203917bd2c06910945e67155c,0.0,False
107,2,identity,identity_label_permutation,identity_label_permutation,1.0,test,Geometry-Prior+Residual,0.40932073346319114,0.9798999544099604,0.9023129921259843,0.8809055118110236,0.6923076923076923,0.024511755097969403,-1.0239334964906872,0.8984375,128,calibrated,geometry,[0.20850032711594774],6b2de4e54c065c3bcdb1f420444475089dd83e4a3625f1fd28baebe649acd1df,identity,890b9f29bd5066ad8e40f13e9e59cb0546b3e2497d8d7c1370e129655ca4f002,a87334ea74e98ff3b93157123a11877ebbd9304a6a2bc6176fe85042e9a0213c,890b9f29bd5066ad8e40f13e9e59cb0546b3e2497d8d7c1370e129655ca4f002,a87334ea74e98ff3b93157123a11877ebbd9304a6a2bc6176fe85042e9a0213c,48439ff538060f57495746ab68d9ad952976586203917bd2c06910945e67155c,-0.23563643392980554,False
107,2,identity,identity_label_permutation,identity_label_permutation,1.0,test,Oracle-Rank+Residual,0.6449571673639234,0.9171709035952632,0.8749027192821827,0.8511318897637795,0.5384615384615384,0.10617250307765048,-0.57779499060564,0.890625,128,calibrated,oracle_rank,[5.362751054681128e-11],6b2de4e54c065c3bcdb1f420444475089dd83e4a3625f1fd28baebe649acd1df,identity,890b9f29bd5066ad8e40f13e9e59cb0546b3e2497d8d7c1370e129655ca4f002,a87334ea74e98ff3b93157123a11877ebbd9304a6a2bc6176fe85042e9a0213c,890b9f29bd5066ad8e40f13e9e59cb0546b3e2497d8d7c1370e129655ca4f002,a87334ea74e98ff3b93157123a11877ebbd9304a6a2bc6176fe85042e9a0213c,48439ff538060f57495746ab68d9ad952976586203917bd2c06910945e67155c,-2.9073299323556512e-11,False
107,2,identity,identity_label_permutation,identity_label_permutation,1.0,test,Oracle-Value+Residual,0.6449571674017581,0.9171709035952632,0.8749027192821827,0.8511318897637795,0.5384615384615384,0.10617250307765048,-0.5777949905035262,0.890625,128,calibrated,oracle_value,[2.427007159350189e-11],6b2de4e54c065c3bcdb1f420444475089dd83e4a3625f1fd28baebe649acd1df,identity,890b9f29bd5066ad8e40f13e9e59cb0546b3e2497d8d7c1370e129655ca4f002,a87334ea74e98ff3b93157123a11877ebbd9304a6a2bc6176fe85042e9a0213c,890b9f29bd5066ad8e40f13e9e59cb0546b3e2497d8d7c1370e129655ca4f002,a87334ea74e98ff3b93157123a11877ebbd9304a6a2bc6176fe85042e9a0213c,48439ff538060f57495746ab68d9ad952976586203917bd2c06910945e67155c,8.761436021131885e-12,False
107,2,identity,identity_label_permutation,identity_label_permutation,1.0,test,Oracle-Rank+Value+Residual,0.6449571673929967,0.9171709035952632,0.8749027192821827,0.8511318897637795,0.5384615384615384,0.10617250307765048,-0.5777949905098305,0.890625,128,target_only,oracle_rank|oracle_value,"[1.4148249890677596e-13, 8.535441902373555e-14]",6b2de4e54c065c3bcdb1f420444475089dd83e4a3625f1fd28baebe649acd1df,identity,890b9f29bd5066ad8e40f13e9e59cb0546b3e2497d8d7c1370e129655ca4f002,a87334ea74e98ff3b93157123a11877ebbd9304a6a2bc6176fe85042e9a0213c,890b9f29bd5066ad8e40f13e9e59cb0546b3e2497d8d7c1370e129655ca4f002,a87334ea74e98ff3b93157123a11877ebbd9304a6a2bc6176fe85042e9a0213c,48439ff538060f57495746ab68d9ad952976586203917bd2c06910945e67155c,0.0,False
107,2,output_affine,none,output_affine,0.35,test,Target-Only,0.5022104700772415,0.8908357391483998,0.9092370902765061,0.8735236220472441,0.6153846153846154,0.12182276255895308,-1.3238759099800292,1.0,128,target_only,none,[],41bdf39167461d22a02514f304364e8e4f6eb3b2259f95aa5e4712b15e2f3baf,output_affine,890b9f29bd5066ad8e40f13e9e59cb0546b3e2497d8d7c1370e129655ca4f002,1080a7fa5c3cd76dbbe95bd708d17b51debfdf282ec27f2618f824e6a8e86d18,890b9f29bd5066ad8e40f13e9e59cb0546b3e2497d8d7c1370e129655ca4f002,1080a7fa5c3cd76dbbe95bd708d17b51debfdf282ec27f2618f824e6a8e86d18,02af9b2d8ba1b9a504bdaf4c571cbd5905a7e9823664f35ad56ea9dd5e12088c,0.0,False
107,2,output_affine,none,output_affine,0.35,test,Geometry-Prior+Residual,0.43033777624983444,0.9257884552927521,0.9274743636696574,0.8889025590551181,0.5384615384615384,0.0672563383995975,-1.5872350628021947,1.0,128,calibrated,geometry,[0.5212508177898694],41bdf39167461d22a02514f304364e8e4f6eb3b2259f95aa5e4712b15e2f3baf,output_affine,890b9f29bd5066ad8e40f13e9e59cb0546b3e2497d8d7c1370e129655ca4f002,1080a7fa5c3cd76dbbe95bd708d17b51debfdf282ec27f2618f824e6a8e86d18,890b9f29bd5066ad8e40f13e9e59cb0546b3e2497d8d7c1370e129655ca4f002,1080a7fa5c3cd76dbbe95bd708d17b51debfdf282ec27f2618f824e6a8e86d18,02af9b2d8ba1b9a504bdaf4c571cbd5905a7e9823664f35ad56ea9dd5e12088c,-0.07187269382740707,False
107,2,output_affine,none,output_affine,0.35,test,Oracle-Rank+Residual,0.4743732341699737,0.9216286737530255,0.8463308002197398,0.8256643700787402,0.6923076923076923,0.07373868826653748,-0.4427755776800591,0.5625,128,calibrated,oracle_rank,[0.7183139614988351],41bdf39167461d22a02514f304364e8e4f6eb3b2259f95aa5e4712b15e2f3baf,output_affine,890b9f29bd5066ad8e40f13e9e59cb0546b3e2497d8d7c1370e129655ca4f002,1080a7fa5c3cd76dbbe95bd708d17b51debfdf282ec27f2618f824e6a8e86d18,890b9f29bd5066ad8e40f13e9e59cb0546b3e2497d8d7c1370e129655ca4f002,1080a7fa5c3cd76dbbe95bd708d17b51debfdf282ec27f2618f824e6a8e86d18,02af9b2d8ba1b9a504bdaf4c571cbd5905a7e9823664f35ad56ea9dd5e12088c,-0.027837235907267832,False
107,2,output_affine,none,output_affine,0.35,test,Oracle-Value+Residual,0.04634003407528129,0.9991032673409229,0.9705010529207104,0.9462352362204725,1.0,0.0,-3.8079777765718377,1.0,128,calibrated,oracle_value,[0.7374490112849896],41bdf39167461d22a02514f304364e8e4f6eb3b2259f95aa5e4712b15e2f3baf,output_affine,890b9f29bd5066ad8e40f13e9e59cb0546b3e2497d8d7c1370e129655ca4f002,1080a7fa5c3cd76dbbe95bd708d17b51debfdf282ec27f2618f824e6a8e86d18,890b9f29bd5066ad8e40f13e9e59cb0546b3e2497d8d7c1370e129655ca4f002,1080a7fa5c3cd76dbbe95bd708d17b51debfdf282ec27f2618f824e6a8e86d18,02af9b2d8ba1b9a504bdaf4c571cbd5905a7e9823664f35ad56ea9dd5e12088c,-0.4558704360019602,False
107,2,output_affine,none,output_affine,0.35,test,Oracle-Rank+Value+Residual,0.19217798589825022,0.9886137362583464,0.9093458157846547,0.8813976377952756,0.9230769230769231,0.0,-1.307317480552081,0.5390625,128,calibrated,oracle_rank|oracle_value,"[0.28861012172261596, 0.47799885560080896]",41bdf39167461d22a02514f304364e8e4f6eb3b2259f95aa5e4712b15e2f3baf,output_affine,890b9f29bd5066ad8e40f13e9e59cb0546b3e2497d8d7c1370e129655ca4f002,1080a7fa5c3cd76dbbe95bd708d17b51debfdf282ec27f2618f824e6a8e86d18,890b9f29bd5066ad8e40f13e9e59cb0546b3e2497d8d7c1370e129655ca4f002,1080a7fa5c3cd76dbbe95bd708d17b51debfdf282ec27f2618f824e6a8e86d18,02af9b2d8ba1b9a504bdaf4c571cbd5905a7e9823664f35ad56ea9dd5e12088c,-0.3100324841789913,False
107,2,output_affine,none,output_affine,0.7,test,Target-Only,1.480095272557312,0.8955522138160585,0.8216901666361472,0.8298474409448819,0.6153846153846154,0.2936730669625909,0.1996022301524724,0.8203125,128,target_only,none,[],41bdf39167461d22a02514f304364e8e4f6eb3b2259f95aa5e4712b15e2f3baf,output_affine,890b9f29bd5066ad8e40f13e9e59cb0546b3e2497d8d7c1370e129655ca4f002,b50c3084ebe4315a03dc428e7d9ddf32a370d5bde6a3c03dfad57c5e15336871,890b9f29bd5066ad8e40f13e9e59cb0546b3e2497d8d7c1370e129655ca4f002,b50c3084ebe4315a03dc428e7d9ddf32a370d5bde6a3c03dfad57c5e15336871,be5a581892b2f1d15b305cc8dfa14b2a6f9617fd7c3fd3c5ba26538ceca67fc8,0.0,False
107,2,output_affine,none,output_affine,0.7,test,Geometry-Prior+Residual,1.336085055220617,0.9643660971506758,0.8507370444973449,0.8480561023622047,0.6153846153846154,0.03662603654070911,0.2578365742170663,0.765625,128,calibrated,geometry,[0.5212508177898694],41bdf39167461d22a02514f304364e8e4f6eb3b2259f95aa5e4712b15e2f3baf,output_affine,890b9f29bd5066ad8e40f13e9e59cb0546b3e2497d8d7c1370e129655ca4f002,b50c3084ebe4315a03dc428e7d9ddf32a370d5bde6a3c03dfad57c5e15336871,890b9f29bd5066ad8e40f13e9e59cb0546b3e2497d8d7c1370e129655ca4f002,b50c3084ebe4315a03dc428e7d9ddf32a370d5bde6a3c03dfad57c5e15336871,be5a581892b2f1d15b305cc8dfa14b2a6f9617fd7c3fd3c5ba26538ceca67fc8,-0.14401021733669506,False
107,2,output_affine,none,output_affine,0.7,test,Oracle-Rank+Residual,0.9654786289147893,0.9886137362583464,0.7299201153634866,0.7861712598425197,0.9230769230769231,0.0,3.8387215115714817,0.2265625,128,calibrated,oracle_rank,[0.7183139614988351],41bdf39167461d22a02514f304364e8e4f6eb3b2259f95aa5e4712b15e2f3baf,output_affine,890b9f29bd5066ad8e40f13e9e59cb0546b3e2497d8d7c1370e129655ca4f002,b50c3084ebe4315a03dc428e7d9ddf32a370d5bde6a3c03dfad57c5e15336871,890b9f29bd5066ad8e40f13e9e59cb0546b3e2497d8d7c1370e129655ca4f002,b50c3084ebe4315a03dc428e7d9ddf32a370d5bde6a3c03dfad57c5e15336871,be5a581892b2f1d15b305cc8dfa14b2a6f9617fd7c3fd3c5ba26538ceca67fc8,-0.5146166436425227,False
107,2,output_affine,none,output_affine,0.7,test,Oracle-Value+Residual,0.12695159830595243,0.9991094987761313,0.9581921809192454,0.9325787401574803,0.9230769230769231,0.0,-2.163068026855318,0.7890625,128,calibrated,oracle_value,[0.7374490112849896],41bdf39167461d22a02514f304364e8e4f6eb3b2259f95aa5e4712b15e2f3baf,output_affine,890b9f29bd5066ad8e40f13e9e59cb0546b3e2497d8d7c1370e129655ca4f002,b50c3084ebe4315a03dc428e7d9ddf32a370d5bde6a3c03dfad57c5e15336871,890b9f29bd5066ad8e40f13e9e59cb0546b3e2497d8d7c1370e129655ca4f002,b50c3084ebe4315a03dc428e7d9ddf32a370d5bde6a3c03dfad57c5e15336871,be5a581892b2f1d15b305cc8dfa14b2a6f9617fd7c3fd3c5ba26538ceca67fc8,-1.3531436742513596,False
107,2,output_affine,none,output_affine,0.7,test,Oracle-Rank+Value+Residual,0.39272540583295507,0.999164398284943,0.8287001007141549,0.8383366141732284,1.0,0.0,3.0451997903986685,0.203125,128,calibrated,oracle_rank|oracle_value,"[0.28861012172261596, 0.47799885560080896]",41bdf39167461d22a02514f304364e8e4f6eb3b2259f95aa5e4712b15e2f3baf,output_affine,890b9f29bd5066ad8e40f13e9e59cb0546b3e2497d8d7c1370e129655ca4f002,b50c3084ebe4315a03dc428e7d9ddf32a370d5bde6a3c03dfad57c5e15336871,890b9f29bd5066ad8e40f13e9e59cb0546b3e2497d8d7c1370e129655ca4f002,b50c3084ebe4315a03dc428e7d9ddf32a370d5bde6a3c03dfad57c5e15336871,be5a581892b2f1d15b305cc8dfa14b2a6f9617fd7c3fd3c5ba26538ceca67fc8,-1.087369866724357,False
107,2,output_affine,none,output_affine,1.0,test,Target-Only,0.6449571673929966,0.9171709035952632,0.8749027192821827,0.8511318897637795,0.5384615384615384,0.10617250307765055,0.33849574136432414,0.890625,128,target_only,none,[],41bdf39167461d22a02514f304364e8e4f6eb3b2259f95aa5e4712b15e2f3baf,output_affine,890b9f29bd5066ad8e40f13e9e59cb0546b3e2497d8d7c1370e129655ca4f002,a87334ea74e98ff3b93157123a11877ebbd9304a6a2bc6176fe85042e9a0213c,890b9f29bd5066ad8e40f13e9e59cb0546b3e2497d8d7c1370e129655ca4f002,a87334ea74e98ff3b93157123a11877ebbd9304a6a2bc6176fe85042e9a0213c,05a9eb01ad19364b88c813818a2142574347e767fd21008b20fdb0e64bc6755d,0.0,False
107,2,output_affine,none,output_affine,1.0,test,Geometry-Prior+Residual,0.4093207334631913,0.9798999544099604,0.9023129921259843,0.8809055118110236,0.6923076923076923,0.024511755097969313,-0.10764276461653151,0.8984375,128,calibrated,geometry,[0.5212508177898694],41bdf39167461d22a02514f304364e8e4f6eb3b2259f95aa5e4712b15e2f3baf,output_affine,890b9f29bd5066ad8e40f13e9e59cb0546b3e2497d8d7c1370e129655ca4f002,a87334ea74e98ff3b93157123a11877ebbd9304a6a2bc6176fe85042e9a0213c,890b9f29bd5066ad8e40f13e9e59cb0546b3e2497d8d7c1370e129655ca4f002,a87334ea74e98ff3b93157123a11877ebbd9304a6a2bc6176fe85042e9a0213c,05a9eb01ad19364b88c813818a2142574347e767fd21008b20fdb0e64bc6755d,-0.23563643392980527,False
107,2,output_affine,none,output_affine,1.0,test,Oracle-Rank+Residual,0.3716076452965871,0.9967977032514866,0.9183242537996705,0.8863188976377953,1.0,0.024511755097969313,1.8823055904061778,0.5234375,128,calibrated,oracle_rank,[0.7183139614988351],41bdf39167461d22a02514f304364e8e4f6eb3b2259f95aa5e4712b15e2f3baf,output_affine,890b9f29bd5066ad8e40f13e9e59cb0546b3e2497d8d7c1370e129655ca4f002,a87334ea74e98ff3b93157123a11877ebbd9304a6a2bc6176fe85042e9a0213c,890b9f29bd5066ad8e40f13e9e59cb0546b3e2497d8d7c1370e129655ca4f002,a87334ea74e98ff3b93157123a11877ebbd9304a6a2bc6176fe85042e9a0213c,05a9eb01ad19364b88c813818a2142574347e767fd21008b20fdb0e64bc6755d,-0.2733495220964095,False
107,2,output_affine,none,output_affine,1.0,test,Oracle-Value+Residual,0.07661046108782729,0.9996954251199166,0.9895680736128913,0.9703494094488189,1.0,0.0,-1.6156465224891985,0.8359375,128,calibrated,oracle_value,[0.7374490112849896],41bdf39167461d22a02514f304364e8e4f6eb3b2259f95aa5e4712b15e2f3baf,output_affine,890b9f29bd5066ad8e40f13e9e59cb0546b3e2497d8d7c1370e129655ca4f002,a87334ea74e98ff3b93157123a11877ebbd9304a6a2bc6176fe85042e9a0213c,890b9f29bd5066ad8e40f13e9e59cb0546b3e2497d8d7c1370e129655ca4f002,a87334ea74e98ff3b93157123a11877ebbd9304a6a2bc6176fe85042e9a0213c,05a9eb01ad19364b88c813818a2142574347e767fd21008b20fdb0e64bc6755d,-0.5683467063051693,False
107,2,output_affine,none,output_affine,1.0,test,Oracle-Rank+Value+Residual,0.15915625398549177,0.9989550525992192,0.9698773118476467,0.9392224409448819,1.0,0.0,1.2853092914009756,0.46875,128,calibrated,oracle_rank|oracle_value,"[0.28861012172261596, 0.47799885560080896]",41bdf39167461d22a02514f304364e8e4f6eb3b2259f95aa5e4712b15e2f3baf,output_affine,890b9f29bd5066ad8e40f13e9e59cb0546b3e2497d8d7c1370e129655ca4f002,a87334ea74e98ff3b93157123a11877ebbd9304a6a2bc6176fe85042e9a0213c,890b9f29bd5066ad8e40f13e9e59cb0546b3e2497d8d7c1370e129655ca4f002,a87334ea74e98ff3b93157123a11877ebbd9304a6a2bc6176fe85042e9a0213c,05a9eb01ad19364b88c813818a2142574347e767fd21008b20fdb0e64bc6755d,-0.4858009134075048,False
107,2,scale_0.7,none,scale_0.7,0.35,test,Target-Only,0.10832852058940104,0.970926160079686,0.9880859732649698,0.9570620078740157,0.6153846153846154,0.008751399812180934,-3.190917894224289,1.0,128,target_only,none,[],41bdf39167461d22a02514f304364e8e4f6eb3b2259f95aa5e4712b15e2f3baf,scale_0.7,09ff96a9e2e0aba71d346a1078d745675b27e616d8d21f3c0aba8c42acc5cd95,5b9a305c4d69de284ecab269284368dbeb287bc998011c6bbbd57c222a54e818,890b9f29bd5066ad8e40f13e9e59cb0546b3e2497d8d7c1370e129655ca4f002,1080a7fa5c3cd76dbbe95bd708d17b51debfdf282ec27f2618f824e6a8e86d18,66f4c3b2b1bf96e79a2f7005580fd8717fda945a70b19b63f12445453177994d,0.0,False
107,2,scale_0.7,none,scale_0.7,0.35,test,Geometry-Prior+Residual,0.13039368371930452,0.9659170077311193,0.9851675517304523,0.952878937007874,0.5384615384615384,0.005950581803106048,-3.4261377615594037,1.0,128,calibrated,geometry,[0.08636816229671979],41bdf39167461d22a02514f304364e8e4f6eb3b2259f95aa5e4712b15e2f3baf,scale_0.7,09ff96a9e2e0aba71d346a1078d745675b27e616d8d21f3c0aba8c42acc5cd95,5b9a305c4d69de284ecab269284368dbeb287bc998011c6bbbd57c222a54e818,890b9f29bd5066ad8e40f13e9e59cb0546b3e2497d8d7c1370e129655ca4f002,1080a7fa5c3cd76dbbe95bd708d17b51debfdf282ec27f2618f824e6a8e86d18,66f4c3b2b1bf96e79a2f7005580fd8717fda945a70b19b63f12445453177994d,0.022065163129903476,True
107,2,scale_0.7,none,scale_0.7,0.35,test,Oracle-Rank+Residual,0.20286611709571994,0.9758286965995743,0.9823750228895808,0.953125,0.7692307692307693,0.0,-3.653335309458374,0.8046875,128,calibrated,oracle_rank,[0.12443166516736719],41bdf39167461d22a02514f304364e8e4f6eb3b2259f95aa5e4712b15e2f3baf,scale_0.7,09ff96a9e2e0aba71d346a1078d745675b27e616d8d21f3c0aba8c42acc5cd95,5b9a305c4d69de284ecab269284368dbeb287bc998011c6bbbd57c222a54e818,890b9f29bd5066ad8e40f13e9e59cb0546b3e2497d8d7c1370e129655ca4f002,1080a7fa5c3cd76dbbe95bd708d17b51debfdf282ec27f2618f824e6a8e86d18,66f4c3b2b1bf96e79a2f7005580fd8717fda945a70b19b63f12445453177994d,0.0945375965063189,True
107,2,scale_0.7,none,scale_0.7,0.35,test,Oracle-Value+Residual,0.017759873617617144,0.9991032673409229,0.9989814136605019,0.9910187007874016,1.0,0.0,-5.674969489148884,1.0,128,calibrated,oracle_value,[0.12758029330474446],41bdf39167461d22a02514f304364e8e4f6eb3b2259f95aa5e4712b15e2f3baf,scale_0.7,09ff96a9e2e0aba71d346a1078d745675b27e616d8d21f3c0aba8c42acc5cd95,5b9a305c4d69de284ecab269284368dbeb287bc998011c6bbbd57c222a54e818,890b9f29bd5066ad8e40f13e9e59cb0546b3e2497d8d7c1370e129655ca4f002,1080a7fa5c3cd76dbbe95bd708d17b51debfdf282ec27f2618f824e6a8e86d18,66f4c3b2b1bf96e79a2f7005580fd8717fda945a70b19b63f12445453177994d,-0.09056864697178389,False
107,2,scale_0.7,none,scale_0.7,0.35,test,Oracle-Rank+Value+Residual,0.08075963704772955,0.9979562377129653,0.995616645303058,0.9800688976377953,0.9230769230769231,0.0,-4.616166085833137,0.8125,128,calibrated,oracle_rank|oracle_value,"[0.0504841635608823, 0.08212058701562505]",41bdf39167461d22a02514f304364e8e4f6eb3b2259f95aa5e4712b15e2f3baf,scale_0.7,09ff96a9e2e0aba71d346a1078d745675b27e616d8d21f3c0aba8c42acc5cd95,5b9a305c4d69de284ecab269284368dbeb287bc998011c6bbbd57c222a54e818,890b9f29bd5066ad8e40f13e9e59cb0546b3e2497d8d7c1370e129655ca4f002,1080a7fa5c3cd76dbbe95bd708d17b51debfdf282ec27f2618f824e6a8e86d18,66f4c3b2b1bf96e79a2f7005580fd8717fda945a70b19b63f12445453177994d,-0.027568883541671488,False
107,2,scale_0.7,none,scale_0.7,0.7,test,Target-Only,0.689567219827439,0.9190689859337094,0.6927073796008056,0.7522145669291339,0.5384615384615384,0.1433257714662851,-1.962811137903282,1.0,128,target_only,none,[],41bdf39167461d22a02514f304364e8e4f6eb3b2259f95aa5e4712b15e2f3baf,scale_0.7,09ff96a9e2e0aba71d346a1078d745675b27e616d8d21f3c0aba8c42acc5cd95,cfad25e2601112c0e0cabae32eedf96655a5332aa1b143c70f74a6fd02729e3c,890b9f29bd5066ad8e40f13e9e59cb0546b3e2497d8d7c1370e129655ca4f002,b50c3084ebe4315a03dc428e7d9ddf32a370d5bde6a3c03dfad57c5e15336871,20e07e96cd6ca0504a0df06e650e9cb7fcf2e135631289a93848c60e957a8ba7,0.0,False
107,2,scale_0.7,none,scale_0.7,0.7,test,Geometry-Prior+Residual,0.8172437212739403,0.9210620459740595,0.6793741988646768,0.7453248031496063,0.5384615384615384,0.1433257714662851,-1.75590874797589,0.9296875,128,calibrated,geometry,[0.08636816229671979],41bdf39167461d22a02514f304364e8e4f6eb3b2259f95aa5e4712b15e2f3baf,scale_0.7,09ff96a9e2e0aba71d346a1078d745675b27e616d8d21f3c0aba8c42acc5cd95,cfad25e2601112c0e0cabae32eedf96655a5332aa1b143c70f74a6fd02729e3c,890b9f29bd5066ad8e40f13e9e59cb0546b3e2497d8d7c1370e129655ca4f002,b50c3084ebe4315a03dc428e7d9ddf32a370d5bde6a3c03dfad57c5e15336871,20e07e96cd6ca0504a0df06e650e9cb7fcf2e135631289a93848c60e957a8ba7,0.12767650144650133,True
107,2,scale_0.7,none,scale_0.7,0.7,test,Oracle-Rank+Residual,0.4455198731053758,0.9826304674330453,0.8714807269730819,0.8651574803149606,0.6153846153846154,0.0,-0.36184093629244607,0.453125,128,calibrated,oracle_rank,[0.12443166516736719],41bdf39167461d22a02514f304364e8e4f6eb3b2259f95aa5e4712b15e2f3baf,scale_0.7,09ff96a9e2e0aba71d346a1078d745675b27e616d8d21f3c0aba8c42acc5cd95,cfad25e2601112c0e0cabae32eedf96655a5332aa1b143c70f74a6fd02729e3c,890b9f29bd5066ad8e40f13e9e59cb0546b3e2497d8d7c1370e129655ca4f002,b50c3084ebe4315a03dc428e7d9ddf32a370d5bde6a3c03dfad57c5e15336871,20e07e96cd6ca0504a0df06e650e9cb7fcf2e135631289a93848c60e957a8ba7,-0.24404734672206319,False
107,2,scale_0.7,none,scale_0.7,0.7,test,Oracle-Value+Residual,0.05799123808001905,0.99764226525896,0.9850187694561434,0.9570620078740157,0.8461538461538461,0.0,-4.423248078118826,0.921875,128,calibrated,oracle_value,[0.12758029330474446],41bdf39167461d22a02514f304364e8e4f6eb3b2259f95aa5e4712b15e2f3baf,scale_0.7,09ff96a9e2e0aba71d346a1078d745675b27e616d8d21f3c0aba8c42acc5cd95,cfad25e2601112c0e0cabae32eedf96655a5332aa1b143c70f74a6fd02729e3c,890b9f29bd5066ad8e40f13e9e59cb0546b3e2497d8d7c1370e129655ca4f002,b50c3084ebe4315a03dc428e7d9ddf32a370d5bde6a3c03dfad57c5e15336871,20e07e96cd6ca0504a0df06e650e9cb7fcf2e135631289a93848c60e957a8ba7,-0.6315759817474199,False
107,2,scale_0.7,none,scale_0.7,0.7,test,Oracle-Rank+Value+Residual,0.1850537648836174,0.9964387653296564,0.9643723676982237,0.9296259842519685,0.8461538461538461,0.0,-1.1292093449021814,0.4453125,128,calibrated,oracle_rank|oracle_value,"[0.0504841635608823, 0.08212058701562505]",41bdf39167461d22a02514f304364e8e4f6eb3b2259f95aa5e4712b15e2f3baf,scale_0.7,09ff96a9e2e0aba71d346a1078d745675b27e616d8d21f3c0aba8c42acc5cd95,cfad25e2601112c0e0cabae32eedf96655a5332aa1b143c70f74a6fd02729e3c,890b9f29bd5066ad8e40f13e9e59cb0546b3e2497d8d7c1370e129655ca4f002,b50c3084ebe4315a03dc428e7d9ddf32a370d5bde6a3c03dfad57c5e15336871,20e07e96cd6ca0504a0df06e650e9cb7fcf2e135631289a93848c60e957a8ba7,-0.5045134549438215,False
107,2,scale_0.7,none,scale_0.7,1.0,test,Target-Only,0.9145923100460185,0.919543040935236,0.8745650979674052,0.8507627952755905,0.5384615384615384,0.212889424996208,-1.5313802651156836,1.0,128,target_only,none,[],41bdf39167461d22a02514f304364e8e4f6eb3b2259f95aa5e4712b15e2f3baf,scale_0.7,09ff96a9e2e0aba71d346a1078d745675b27e616d8d21f3c0aba8c42acc5cd95,b50c3084ebe4315a03dc428e7d9ddf32a370d5bde6a3c03dfad57c5e15336871,890b9f29bd5066ad8e40f13e9e59cb0546b3e2497d8d7c1370e129655ca4f002,a87334ea74e98ff3b93157123a11877ebbd9304a6a2bc6176fe85042e9a0213c,b5ae90dc8ff353f332bc7451d4757a68d2a6964c4f49ec6d629bfe0674238794,0.0,False
107,2,scale_0.7,none,scale_0.7,1.0,test,Geometry-Prior+Residual,0.5767058391936274,0.9504397325422935,0.797387154367332,0.7859251968503937,0.5384615384615384,0.0,-1.9944206631359855,0.96875,128,calibrated,geometry,[0.08636816229671979],41bdf39167461d22a02514f304364e8e4f6eb3b2259f95aa5e4712b15e2f3baf,scale_0.7,09ff96a9e2e0aba71d346a1078d745675b27e616d8d21f3c0aba8c42acc5cd95,b50c3084ebe4315a03dc428e7d9ddf32a370d5bde6a3c03dfad57c5e15336871,890b9f29bd5066ad8e40f13e9e59cb0546b3e2497d8d7c1370e129655ca4f002,a87334ea74e98ff3b93157123a11877ebbd9304a6a2bc6176fe85042e9a0213c,b5ae90dc8ff353f332bc7451d4757a68d2a6964c4f49ec6d629bfe0674238794,-0.3378864708523911,False
107,2,scale_0.7,none,scale_0.7,1.0,test,Oracle-Rank+Residual,0.2724399592468352,0.9967862348603704,0.7562030763596409,0.8021653543307087,0.8461538461538461,0.0,-2.466286764113491,0.84375,128,calibrated,oracle_rank,[0.12443166516736719],41bdf39167461d22a02514f304364e8e4f6eb3b2259f95aa5e4712b15e2f3baf,scale_0.7,09ff96a9e2e0aba71d346a1078d745675b27e616d8d21f3c0aba8c42acc5cd95,b50c3084ebe4315a03dc428e7d9ddf32a370d5bde6a3c03dfad57c5e15336871,890b9f29bd5066ad8e40f13e9e59cb0546b3e2497d8d7c1370e129655ca4f002,a87334ea74e98ff3b93157123a11877ebbd9304a6a2bc6176fe85042e9a0213c,b5ae90dc8ff353f332bc7451d4757a68d2a6964c4f49ec6d629bfe0674238794,-0.6421523507991833,False
107,2,scale_0.7,none,scale_0.7,1.0,test,Oracle-Value+Residual,0.0768397970328913,0.9978300947470355,0.9828270921076725,0.9542322834645669,0.8461538461538461,0.0,-3.9352302011127964,0.9609375,128,calibrated,oracle_value,[0.12758029330474446],41bdf39167461d22a02514f304364e8e4f6eb3b2259f95aa5e4712b15e2f3baf,scale_0.7,09ff96a9e2e0aba71d346a1078d745675b27e616d8d21f3c0aba8c42acc5cd95,b50c3084ebe4315a03dc428e7d9ddf32a370d5bde6a3c03dfad57c5e15336871,890b9f29bd5066ad8e40f13e9e59cb0546b3e2497d8d7c1370e129655ca4f002,a87334ea74e98ff3b93157123a11877ebbd9304a6a2bc6176fe85042e9a0213c,b5ae90dc8ff353f332bc7451d4757a68d2a6964c4f49ec6d629bfe0674238794,-0.8377525130131271,False
107,2,scale_0.7,none,scale_0.7,1.0,test,Oracle-Rank+Value+Residual,0.11134326936076018,0.9977606903749232,0.9012600714154916,0.8795521653543307,0.8461538461538461,0.0,-3.3793671471639,0.8671875,128,calibrated,oracle_rank|oracle_value,"[0.0504841635608823, 0.08212058701562505]",41bdf39167461d22a02514f304364e8e4f6eb3b2259f95aa5e4712b15e2f3baf,scale_0.7,09ff96a9e2e0aba71d346a1078d745675b27e616d8d21f3c0aba8c42acc5cd95,b50c3084ebe4315a03dc428e7d9ddf32a370d5bde6a3c03dfad57c5e15336871,890b9f29bd5066ad8e40f13e9e59cb0546b3e2497d8d7c1370e129655ca4f002,a87334ea74e98ff3b93157123a11877ebbd9304a6a2bc6176fe85042e9a0213c,b5ae90dc8ff353f332bc7451d4757a68d2a6964c4f49ec6d629bfe0674238794,-0.8032490406852583,False
107,2,scale_1.5,none,scale_1.5,0.35,test,Target-Only,1.2396021678460232,0.815747543089931,0.4387646493316242,0.6280757874015748,0.5384615384615384,0.4233421615810758,-1.4077592486394743,1.0,128,target_only,none,[],41bdf39167461d22a02514f304364e8e4f6eb3b2259f95aa5e4712b15e2f3baf,scale_1.5,c9e1e183f04aae78e9b472e19632fa864caf0f21c807ced0d35631d43d0c4233,72db4b81c79a1b6cc951150f0078346e5434811f24fb54c8975dbe7ff4f3a308,890b9f29bd5066ad8e40f13e9e59cb0546b3e2497d8d7c1370e129655ca4f002,1080a7fa5c3cd76dbbe95bd708d17b51debfdf282ec27f2618f824e6a8e86d18,af49bbcb88a2bff55730f5f5b2c0204fe0432156f6f8e11b5bddccef0e0432aa,0.0,False
107,2,scale_1.5,none,scale_1.5,0.35,test,Geometry-Prior+Residual,1.114161549465059,0.9140499106436896,0.5003376213147775,0.6547736220472441,0.6923076923076923,0.12370746719435073,-1.551306006846065,1.0,128,calibrated,geometry,[0.47901940950658656],41bdf39167461d22a02514f304364e8e4f6eb3b2259f95aa5e4712b15e2f3baf,scale_1.5,c9e1e183f04aae78e9b472e19632fa864caf0f21c807ced0d35631d43d0c4233,72db4b81c79a1b6cc951150f0078346e5434811f24fb54c8975dbe7ff4f3a308,890b9f29bd5066ad8e40f13e9e59cb0546b3e2497d8d7c1370e129655ca4f002,1080a7fa5c3cd76dbbe95bd708d17b51debfdf282ec27f2618f824e6a8e86d18,af49bbcb88a2bff55730f5f5b2c0204fe0432156f6f8e11b5bddccef0e0432aa,-0.1254406183809642,False
107,2,scale_1.5,none,scale_1.5,0.35,test,Oracle-Rank+Residual,1.1263352903547317,0.9541102790289467,0.7866633858267715,0.796628937007874,0.8461538461538461,0.1072861032499303,-1.1827050620966162,0.7734375,128,calibrated,oracle_rank,[0.4910887412289017],41bdf39167461d22a02514f304364e8e4f6eb3b2259f95aa5e4712b15e2f3baf,scale_1.5,c9e1e183f04aae78e9b472e19632fa864caf0f21c807ced0d35631d43d0c4233,72db4b81c79a1b6cc951150f0078346e5434811f24fb54c8975dbe7ff4f3a308,890b9f29bd5066ad8e40f13e9e59cb0546b3e2497d8d7c1370e129655ca4f002,1080a7fa5c3cd76dbbe95bd708d17b51debfdf282ec27f2618f824e6a8e86d18,af49bbcb88a2bff55730f5f5b2c0204fe0432156f6f8e11b5bddccef0e0432aa,-0.1132668774912915,False
107,2,scale_1.5,none,scale_1.5,0.35,test,Oracle-Value+Residual,0.37776608151198166,0.9891226913946848,0.8939811847646951,0.8678641732283464,0.9230769230769231,0.026066755496234058,-2.0886438080440066,0.7421875,128,calibrated,oracle_value,[0.6042596332918113],41bdf39167461d22a02514f304364e8e4f6eb3b2259f95aa5e4712b15e2f3baf,scale_1.5,c9e1e183f04aae78e9b472e19632fa864caf0f21c807ced0d35631d43d0c4233,72db4b81c79a1b6cc951150f0078346e5434811f24fb54c8975dbe7ff4f3a308,890b9f29bd5066ad8e40f13e9e59cb0546b3e2497d8d7c1370e129655ca4f002,1080a7fa5c3cd76dbbe95bd708d17b51debfdf282ec27f2618f824e6a8e86d18,af49bbcb88a2bff55730f5f5b2c0204fe0432156f6f8e11b5bddccef0e0432aa,-0.8618360863340415,False
107,2,scale_1.5,none,scale_1.5,0.35,test,Oracle-Rank+Value+Residual,0.43947429941392907,0.9891226913946848,0.8897580571323932,0.8654035433070866,0.9230769230769231,0.026066755496234058,-1.775433322995141,0.7265625,128,calibrated,oracle_rank|oracle_value,"[0.03432639996765824, 0.5770905761920474]",41bdf39167461d22a02514f304364e8e4f6eb3b2259f95aa5e4712b15e2f3baf,scale_1.5,c9e1e183f04aae78e9b472e19632fa864caf0f21c807ced0d35631d43d0c4233,72db4b81c79a1b6cc951150f0078346e5434811f24fb54c8975dbe7ff4f3a308,890b9f29bd5066ad8e40f13e9e59cb0546b3e2497d8d7c1370e129655ca4f002,1080a7fa5c3cd76dbbe95bd708d17b51debfdf282ec27f2618f824e6a8e86d18,af49bbcb88a2bff55730f5f5b2c0204fe0432156f6f8e11b5bddccef0e0432aa,-0.800127868432094,False
107,2,scale_1.5,none,scale_1.5,0.7,test,Target-Only,0.47056466596843305,0.8366601270196883,0.8822445522798023,0.8467027559055118,0.38461538461538464,0.16817809669689104,-0.6532830474703486,1.0,128,target_only,none,[],41bdf39167461d22a02514f304364e8e4f6eb3b2259f95aa5e4712b15e2f3baf,scale_1.5,c9e1e183f04aae78e9b472e19632fa864caf0f21c807ced0d35631d43d0c4233,993151881cf1e1a1c1edac013618b868eb9b22a2b0b9212062ef0be4575b9547,890b9f29bd5066ad8e40f13e9e59cb0546b3e2497d8d7c1370e129655ca4f002,b50c3084ebe4315a03dc428e7d9ddf32a370d5bde6a3c03dfad57c5e15336871,a61b5a8175772d51cbd56b45a6b3ae4274ba12d9923fb4cc2e106383611cf637,0.0,False
107,2,scale_1.5,none,scale_1.5,0.7,test,Geometry-Prior+Residual,0.23822338305017346,0.9849610069430879,0.9688358359274858,0.9315944881889764,0.9230769230769231,0.024811209210910668,-1.1370494384261483,1.0,128,calibrated,geometry,[0.47901940950658656],41bdf39167461d22a02514f304364e8e4f6eb3b2259f95aa5e4712b15e2f3baf,scale_1.5,c9e1e183f04aae78e9b472e19632fa864caf0f21c807ced0d35631d43d0c4233,993151881cf1e1a1c1edac013618b868eb9b22a2b0b9212062ef0be4575b9547,890b9f29bd5066ad8e40f13e9e59cb0546b3e2497d8d7c1370e129655ca4f002,b50c3084ebe4315a03dc428e7d9ddf32a370d5bde6a3c03dfad57c5e15336871,a61b5a8175772d51cbd56b45a6b3ae4274ba12d9923fb4cc2e106383611cf637,-0.2323412829182596,False
107,2,scale_1.5,none,scale_1.5,0.7,test,Oracle-Rank+Residual,0.9115938342888504,0.9630769213406182,0.8208489745467862,0.8131151574803149,0.7692307692307693,0.0,0.531149658441929,0.53125,128,calibrated,oracle_rank,[0.4910887412289017],41bdf39167461d22a02514f304364e8e4f6eb3b2259f95aa5e4712b15e2f3baf,scale_1.5,c9e1e183f04aae78e9b472e19632fa864caf0f21c807ced0d35631d43d0c4233,993151881cf1e1a1c1edac013618b868eb9b22a2b0b9212062ef0be4575b9547,890b9f29bd5066ad8e40f13e9e59cb0546b3e2497d8d7c1370e129655ca4f002,b50c3084ebe4315a03dc428e7d9ddf32a370d5bde6a3c03dfad57c5e15336871,a61b5a8175772d51cbd56b45a6b3ae4274ba12d9923fb4cc2e106383611cf637,0.4410291683204174,True
107,2,scale_1.5,none,scale_1.5,0.7,test,Oracle-Value+Residual,0.41493064835461513,0.9897729349332031,0.9190853323567112,0.8828740157480315,0.9230769230769231,0.0,2.3771126949572228,0.3125,128,calibrated,oracle_value,[0.6042596332918113],41bdf39167461d22a02514f304364e8e4f6eb3b2259f95aa5e4712b15e2f3baf,scale_1.5,c9e1e183f04aae78e9b472e19632fa864caf0f21c807ced0d35631d43d0c4233,993151881cf1e1a1c1edac013618b868eb9b22a2b0b9212062ef0be4575b9547,890b9f29bd5066ad8e40f13e9e59cb0546b3e2497d8d7c1370e129655ca4f002,b50c3084ebe4315a03dc428e7d9ddf32a370d5bde6a3c03dfad57c5e15336871,a61b5a8175772d51cbd56b45a6b3ae4274ba12d9923fb4cc2e106383611cf637,-0.05563401761381792,False
107,2,scale_1.5,none,scale_1.5,0.7,test,Oracle-Rank+Value+Residual,0.4485908025384568,0.9889429097080878,0.9139122871268998,0.8769685039370079,0.9230769230769231,0.0,2.443289166900634,0.3203125,128,calibrated,oracle_rank|oracle_value,"[0.03432639996765824, 0.5770905761920474]",41bdf39167461d22a02514f304364e8e4f6eb3b2259f95aa5e4712b15e2f3baf,scale_1.5,c9e1e183f04aae78e9b472e19632fa864caf0f21c807ced0d35631d43d0c4233,993151881cf1e1a1c1edac013618b868eb9b22a2b0b9212062ef0be4575b9547,890b9f29bd5066ad8e40f13e9e59cb0546b3e2497d8d7c1370e129655ca4f002,b50c3084ebe4315a03dc428e7d9ddf32a370d5bde6a3c03dfad57c5e15336871,a61b5a8175772d51cbd56b45a6b3ae4274ba12d9923fb4cc2e106383611cf637,-0.02197386342997626,False
107,2,scale_1.5,none,scale_1.5,1.0,test,Target-Only,0.720857038515531,0.8235256731020429,0.8566482787035341,0.828617125984252,0.23076923076923078,0.1432029892059884,0.08037167907181691,0.9453125,128,target_only,none,[],41bdf39167461d22a02514f304364e8e4f6eb3b2259f95aa5e4712b15e2f3baf,scale_1.5,c9e1e183f04aae78e9b472e19632fa864caf0f21c807ced0d35631d43d0c4233,6b4a0c4a3fed3ffcf78d6b110c5494203197fa10d972eed9e96cb8604fd64643,890b9f29bd5066ad8e40f13e9e59cb0546b3e2497d8d7c1370e129655ca4f002,a87334ea74e98ff3b93157123a11877ebbd9304a6a2bc6176fe85042e9a0213c,f73752bfcb3b3ce4c84394da52c1a00a41c79e11b2d7eb8502daaac13a58a6c6,0.0,False
107,2,scale_1.5,none,scale_1.5,1.0,test,Geometry-Prior+Residual,0.28387468453974357,0.9879584514505778,0.9444984892876763,0.9124015748031497,0.9230769230769231,0.028657870071586183,-0.6487219400568188,1.0,128,calibrated,geometry,[0.47901940950658656],41bdf39167461d22a02514f304364e8e4f6eb3b2259f95aa5e4712b15e2f3baf,scale_1.5,c9e1e183f04aae78e9b472e19632fa864caf0f21c807ced0d35631d43d0c4233,6b4a0c4a3fed3ffcf78d6b110c5494203197fa10d972eed9e96cb8604fd64643,890b9f29bd5066ad8e40f13e9e59cb0546b3e2497d8d7c1370e129655ca4f002,a87334ea74e98ff3b93157123a11877ebbd9304a6a2bc6176fe85042e9a0213c,f73752bfcb3b3ce4c84394da52c1a00a41c79e11b2d7eb8502daaac13a58a6c6,-0.4369823539757874,False
107,2,scale_1.5,none,scale_1.5,1.0,test,Oracle-Rank+Residual,1.0935758908541537,0.6025496453749085,0.6246165995238967,0.6995570866141733,0.0,0.3217670734195265,2.746973874846243,0.4296875,128,calibrated,oracle_rank,[0.4910887412289017],41bdf39167461d22a02514f304364e8e4f6eb3b2259f95aa5e4712b15e2f3baf,scale_1.5,c9e1e183f04aae78e9b472e19632fa864caf0f21c807ced0d35631d43d0c4233,6b4a0c4a3fed3ffcf78d6b110c5494203197fa10d972eed9e96cb8604fd64643,890b9f29bd5066ad8e40f13e9e59cb0546b3e2497d8d7c1370e129655ca4f002,a87334ea74e98ff3b93157123a11877ebbd9304a6a2bc6176fe85042e9a0213c,f73752bfcb3b3ce4c84394da52c1a00a41c79e11b2d7eb8502daaac13a58a6c6,0.3727188523386228,True
107,2,scale_1.5,none,scale_1.5,1.0,test,Oracle-Value+Residual,0.9688817437242065,0.7768502469439016,0.751945614356345,0.764886811023622,0.23076923076923078,0.15867425575861768,27.257606335211868,0.2421875,128,calibrated,oracle_value,[0.6042596332918113],41bdf39167461d22a02514f304364e8e4f6eb3b2259f95aa5e4712b15e2f3baf,scale_1.5,c9e1e183f04aae78e9b472e19632fa864caf0f21c807ced0d35631d43d0c4233,6b4a0c4a3fed3ffcf78d6b110c5494203197fa10d972eed9e96cb8604fd64643,890b9f29bd5066ad8e40f13e9e59cb0546b3e2497d8d7c1370e129655ca4f002,a87334ea74e98ff3b93157123a11877ebbd9304a6a2bc6176fe85042e9a0213c,f73752bfcb3b3ce4c84394da52c1a00a41c79e11b2d7eb8502daaac13a58a6c6,0.2480247052086756,True
107,2,scale_1.5,none,scale_1.5,1.0,test,Oracle-Rank+Value+Residual,0.9805231809298304,0.7662889009207017,0.7461659952389673,0.7620570866141733,0.3076923076923077,0.15867425575861768,24.304630322258276,0.265625,128,calibrated,oracle_rank|oracle_value,"[0.03432639996765824, 0.5770905761920474]",41bdf39167461d22a02514f304364e8e4f6eb3b2259f95aa5e4712b15e2f3baf,scale_1.5,c9e1e183f04aae78e9b472e19632fa864caf0f21c807ced0d35631d43d0c4233,6b4a0c4a3fed3ffcf78d6b110c5494203197fa10d972eed9e96cb8604fd64643,890b9f29bd5066ad8e40f13e9e59cb0546b3e2497d8d7c1370e129655ca4f002,a87334ea74e98ff3b93157123a11877ebbd9304a6a2bc6176fe85042e9a0213c,f73752bfcb3b3ce4c84394da52c1a00a41c79e11b2d7eb8502daaac13a58a6c6,0.2596661424142994,True
107,2,rotate_45,none,rotate_45,0.35,test,Target-Only,0.529344826904373,0.8666843223888624,0.8929683208203627,0.8645423228346457,0.3076923076923077,0.09882415773785161,-2.2569383459127925,0.953125,128,target_only,none,[],41bdf39167461d22a02514f304364e8e4f6eb3b2259f95aa5e4712b15e2f3baf,rotate_45,b6a8ada548423bd40faea51f998c960970f6eab9bea967a2d48d025db88c0dd9,bc3d2bf2988e3bb57c3ebc9decbccab25113dc2293c5d8a2ae08d9553e725d2b,890b9f29bd5066ad8e40f13e9e59cb0546b3e2497d8d7c1370e129655ca4f002,1080a7fa5c3cd76dbbe95bd708d17b51debfdf282ec27f2618f824e6a8e86d18,77fc000bf1c865a074e6d1497418a695ee8cba3d760e4f6b5d179a8579124736,0.0,False
107,2,rotate_45,none,rotate_45,0.35,test,Geometry-Prior+Residual,0.55356977130782,0.8787260653270328,0.8797038088262222,0.8492864173228346,0.3076923076923077,0.09882415773785161,-0.32116344723764484,0.4921875,128,calibrated,geometry,[0.1735040794887726],41bdf39167461d22a02514f304364e8e4f6eb3b2259f95aa5e4712b15e2f3baf,rotate_45,b6a8ada548423bd40faea51f998c960970f6eab9bea967a2d48d025db88c0dd9,bc3d2bf2988e3bb57c3ebc9decbccab25113dc2293c5d8a2ae08d9553e725d2b,890b9f29bd5066ad8e40f13e9e59cb0546b3e2497d8d7c1370e129655ca4f002,1080a7fa5c3cd76dbbe95bd708d17b51debfdf282ec27f2618f824e6a8e86d18,77fc000bf1c865a074e6d1497418a695ee8cba3d760e4f6b5d179a8579124736,0.024224944403447024,True
107,2,rotate_45,none,rotate_45,0.35,test,Oracle-Rank+Residual,0.4225517517769606,0.9360538878493089,0.8193725965940303,0.8177903543307087,0.46153846153846156,0.025400257199612614,3.303571921268266,0.234375,128,calibrated,oracle_rank,[0.18692208424129964],41bdf39167461d22a02514f304364e8e4f6eb3b2259f95aa5e4712b15e2f3baf,rotate_45,b6a8ada548423bd40faea51f998c960970f6eab9bea967a2d48d025db88c0dd9,bc3d2bf2988e3bb57c3ebc9decbccab25113dc2293c5d8a2ae08d9553e725d2b,890b9f29bd5066ad8e40f13e9e59cb0546b3e2497d8d7c1370e129655ca4f002,1080a7fa5c3cd76dbbe95bd708d17b51debfdf282ec27f2618f824e6a8e86d18,77fc000bf1c865a074e6d1497418a695ee8cba3d760e4f6b5d179a8579124736,-0.10679307512741243,False
107,2,rotate_45,none,rotate_45,0.35,test,Oracle-Value+Residual,0.05350969123394376,0.9968059446905742,0.9884808185314043,0.968996062992126,1.0,0.003111738953828719,-4.638248840189621,0.96875,128,calibrated,oracle_value,[0.1895120157076931],41bdf39167461d22a02514f304364e8e4f6eb3b2259f95aa5e4712b15e2f3baf,rotate_45,b6a8ada548423bd40faea51f998c960970f6eab9bea967a2d48d025db88c0dd9,bc3d2bf2988e3bb57c3ebc9decbccab25113dc2293c5d8a2ae08d9553e725d2b,890b9f29bd5066ad8e40f13e9e59cb0546b3e2497d8d7c1370e129655ca4f002,1080a7fa5c3cd76dbbe95bd708d17b51debfdf282ec27f2618f824e6a8e86d18,77fc000bf1c865a074e6d1497418a695ee8cba3d760e4f6b5d179a8579124736,-0.47583513567042923,False
107,2,rotate_45,none,rotate_45,0.35,test,Oracle-Rank+Value+Residual,0.19795559654240225,0.9790176106632402,0.919005218824391,0.8973917322834646,0.7692307692307693,0.003111738953828719,1.095528584058684,0.28125,128,calibrated,oracle_rank|oracle_value,"[0.08347878132932901, 0.11328652756124513]",41bdf39167461d22a02514f304364e8e4f6eb3b2259f95aa5e4712b15e2f3baf,rotate_45,b6a8ada548423bd40faea51f998c960970f6eab9bea967a2d48d025db88c0dd9,bc3d2bf2988e3bb57c3ebc9decbccab25113dc2293c5d8a2ae08d9553e725d2b,890b9f29bd5066ad8e40f13e9e59cb0546b3e2497d8d7c1370e129655ca4f002,1080a7fa5c3cd76dbbe95bd708d17b51debfdf282ec27f2618f824e6a8e86d18,77fc000bf1c865a074e6d1497418a695ee8cba3d760e4f6b5d179a8579124736,-0.33138923036197077,False
107,2,rotate_45,none,rotate_45,0.7,test,Target-Only,0.7579830403829269,0.9507964720281616,0.6251087255081487,0.7133366141732284,0.5384615384615384,0.0,-1.6583934041354298,1.0,128,target_only,none,[],41bdf39167461d22a02514f304364e8e4f6eb3b2259f95aa5e4712b15e2f3baf,rotate_45,b6a8ada548423bd40faea51f998c960970f6eab9bea967a2d48d025db88c0dd9,8e638952fbcd2a1469241d3b1ffe125dab43e613bba79515227f7bdedb31376d,890b9f29bd5066ad8e40f13e9e59cb0546b3e2497d8d7c1370e129655ca4f002,b50c3084ebe4315a03dc428e7d9ddf32a370d5bde6a3c03dfad57c5e15336871,494a425ee2e15b1ad9467ec2ebb28a9ce18c53ca0ed83840de339a6c9238817b,0.0,False
107,2,rotate_45,none,rotate_45,0.7,test,Geometry-Prior+Residual,0.6778897549258655,0.9450824193340556,0.7606722669840689,0.7752214566929134,0.5384615384615384,0.0,-0.3791888998321421,0.6484375,128,calibrated,geometry,[0.1735040794887726],41bdf39167461d22a02514f304364e8e4f6eb3b2259f95aa5e4712b15e2f3baf,rotate_45,b6a8ada548423bd40faea51f998c960970f6eab9bea967a2d48d025db88c0dd9,8e638952fbcd2a1469241d3b1ffe125dab43e613bba79515227f7bdedb31376d,890b9f29bd5066ad8e40f13e9e59cb0546b3e2497d8d7c1370e129655ca4f002,b50c3084ebe4315a03dc428e7d9ddf32a370d5bde6a3c03dfad57c5e15336871,494a425ee2e15b1ad9467ec2ebb28a9ce18c53ca0ed83840de339a6c9238817b,-0.0800932854570614,False
107,2,rotate_45,none,rotate_45,0.7,test,Oracle-Rank+Residual,0.3266337282421472,0.997654113477604,0.6272660684856253,0.7241633858267716,1.0,0.008271019175479342,-0.6941401391034746,0.5546875,128,calibrated,oracle_rank,[0.18692208424129964],41bdf39167461d22a02514f304364e8e4f6eb3b2259f95aa5e4712b15e2f3baf,rotate_45,b6a8ada548423bd40faea51f998c960970f6eab9bea967a2d48d025db88c0dd9,8e638952fbcd2a1469241d3b1ffe125dab43e613bba79515227f7bdedb31376d,890b9f29bd5066ad8e40f13e9e59cb0546b3e2497d8d7c1370e129655ca4f002,b50c3084ebe4315a03dc428e7d9ddf32a370d5bde6a3c03dfad57c5e15336871,494a425ee2e15b1ad9467ec2ebb28a9ce18c53ca0ed83840de339a6c9238817b,-0.43134931214077965,False
107,2,rotate_45,none,rotate_45,0.7,test,Oracle-Value+Residual,0.09389809422713041,0.9996334003193094,0.9184730360739791,0.8916092519685039,1.0,0.0,-3.546960585025893,0.875,128,calibrated,oracle_value,[0.1895120157076931],41bdf39167461d22a02514f304364e8e4f6eb3b2259f95aa5e4712b15e2f3baf,rotate_45,b6a8ada548423bd40faea51f998c960970f6eab9bea967a2d48d025db88c0dd9,8e638952fbcd2a1469241d3b1ffe125dab43e613bba79515227f7bdedb31376d,890b9f29bd5066ad8e40f13e9e59cb0546b3e2497d8d7c1370e129655ca4f002,b50c3084ebe4315a03dc428e7d9ddf32a370d5bde6a3c03dfad57c5e15336871,494a425ee2e15b1ad9467ec2ebb28a9ce18c53ca0ed83840de339a6c9238817b,-0.6640849461557965,False
107,2,rotate_45,none,rotate_45,0.7,test,Oracle-Rank+Value+Residual,0.17124767261734777,0.9979241142900399,0.7400315876213147,0.7944143700787402,1.0,0.008271019175479342,-1.412936622203533,0.515625,128,calibrated,oracle_rank|oracle_value,"[0.08347878132932901, 0.11328652756124513]",41bdf39167461d22a02514f304364e8e4f6eb3b2259f95aa5e4712b15e2f3baf,rotate_45,b6a8ada548423bd40faea51f998c960970f6eab9bea967a2d48d025db88c0dd9,8e638952fbcd2a1469241d3b1ffe125dab43e613bba79515227f7bdedb31376d,890b9f29bd5066ad8e40f13e9e59cb0546b3e2497d8d7c1370e129655ca4f002,b50c3084ebe4315a03dc428e7d9ddf32a370d5bde6a3c03dfad57c5e15336871,494a425ee2e15b1ad9467ec2ebb28a9ce18c53ca0ed83840de339a6c9238817b,-0.5867353677655791,False
107,2,rotate_45,none,rotate_45,1.0,test,Target-Only,1.207227536089121,0.9478093426189507,0.3083569859000183,0.6022391732283464,0.5384615384615384,0.005706687753797894,2.534286700314552,0.5,128,target_only,none,[],41bdf39167461d22a02514f304364e8e4f6eb3b2259f95aa5e4712b15e2f3baf,rotate_45,b6a8ada548423bd40faea51f998c960970f6eab9bea967a2d48d025db88c0dd9,83e45f28f377199bf73a189edcd7a1a439f7fba98bf5f0806d79fec712b19a21,890b9f29bd5066ad8e40f13e9e59cb0546b3e2497d8d7c1370e129655ca4f002,a87334ea74e98ff3b93157123a11877ebbd9304a6a2bc6176fe85042e9a0213c,d12f240bfc1fe4ad1f84cc89afeaa7527eb642b60590c49a7854bd464bc1e57c,0.0,False
107,2,rotate_45,none,rotate_45,1.0,test,Geometry-Prior+Residual,0.9079435085668944,0.9550653883656725,0.727493819813221,0.7642716535433071,0.6153846153846154,0.0,12.410386006508148,0.3203125,128,calibrated,geometry,[0.1735040794887726],41bdf39167461d22a02514f304364e8e4f6eb3b2259f95aa5e4712b15e2f3baf,rotate_45,b6a8ada548423bd40faea51f998c960970f6eab9bea967a2d48d025db88c0dd9,83e45f28f377199bf73a189edcd7a1a439f7fba98bf5f0806d79fec712b19a21,890b9f29bd5066ad8e40f13e9e59cb0546b3e2497d8d7c1370e129655ca4f002,a87334ea74e98ff3b93157123a11877ebbd9304a6a2bc6176fe85042e9a0213c,d12f240bfc1fe4ad1f84cc89afeaa7527eb642b60590c49a7854bd464bc1e57c,-0.2992840275222265,False
107,2,rotate_45,none,rotate_45,1.0,test,Oracle-Rank+Residual,0.7484780342349979,0.9992503784200858,0.8959725782823659,0.8683562992125984,1.0,0.0,47.10902073211112,0.28125,128,calibrated,oracle_rank,[0.18692208424129964],41bdf39167461d22a02514f304364e8e4f6eb3b2259f95aa5e4712b15e2f3baf,rotate_45,b6a8ada548423bd40faea51f998c960970f6eab9bea967a2d48d025db88c0dd9,83e45f28f377199bf73a189edcd7a1a439f7fba98bf5f0806d79fec712b19a21,890b9f29bd5066ad8e40f13e9e59cb0546b3e2497d8d7c1370e129655ca4f002,a87334ea74e98ff3b93157123a11877ebbd9304a6a2bc6176fe85042e9a0213c,d12f240bfc1fe4ad1f84cc89afeaa7527eb642b60590c49a7854bd464bc1e57c,-0.458749501854123,False
107,2,rotate_45,none,rotate_45,1.0,test,Oracle-Value+Residual,0.1162079714974934,0.9995597030326936,0.996887017029848,0.9817913385826772,1.0,0.0,4.672807094121183,0.4375,128,calibrated,oracle_value,[0.1895120157076931],41bdf39167461d22a02514f304364e8e4f6eb3b2259f95aa5e4712b15e2f3baf,rotate_45,b6a8ada548423bd40faea51f998c960970f6eab9bea967a2d48d025db88c0dd9,83e45f28f377199bf73a189edcd7a1a439f7fba98bf5f0806d79fec712b19a21,890b9f29bd5066ad8e40f13e9e59cb0546b3e2497d8d7c1370e129655ca4f002,a87334ea74e98ff3b93157123a11877ebbd9304a6a2bc6176fe85042e9a0213c,d12f240bfc1fe4ad1f84cc89afeaa7527eb642b60590c49a7854bd464bc1e57c,-1.0910195645916274,False
107,2,rotate_45,none,rotate_45,1.0,test,Oracle-Rank+Value+Residual,0.34682747443780537,0.9993144443370331,0.9860888573521333,0.9582923228346457,1.0,0.0,40.13098298152072,0.265625,128,calibrated,oracle_rank|oracle_value,"[0.08347878132932901, 0.11328652756124513]",41bdf39167461d22a02514f304364e8e4f6eb3b2259f95aa5e4712b15e2f3baf,rotate_45,b6a8ada548423bd40faea51f998c960970f6eab9bea967a2d48d025db88c0dd9,83e45f28f377199bf73a189edcd7a1a439f7fba98bf5f0806d79fec712b19a21,890b9f29bd5066ad8e40f13e9e59cb0546b3e2497d8d7c1370e129655ca4f002,a87334ea74e98ff3b93157123a11877ebbd9304a6a2bc6176fe85042e9a0213c,d12f240bfc1fe4ad1f84cc89afeaa7527eb642b60590c49a7854bd464bc1e57c,-0.8604000616513156,False
107,2,roughness,none,roughness,0.35,test,Target-Only,1.9677595834351078,0.7612423732815083,-0.12158373008606482,0.4277805118110236,0.38461538461538464,0.0,7.430894236720134,0.46875,128,target_only,none,[],41bdf39167461d22a02514f304364e8e4f6eb3b2259f95aa5e4712b15e2f3baf,roughness,890b9f29bd5066ad8e40f13e9e59cb0546b3e2497d8d7c1370e129655ca4f002,1080a7fa5c3cd76dbbe95bd708d17b51debfdf282ec27f2618f824e6a8e86d18,890b9f29bd5066ad8e40f13e9e59cb0546b3e2497d8d7c1370e129655ca4f002,1080a7fa5c3cd76dbbe95bd708d17b51debfdf282ec27f2618f824e6a8e86d18,ea991991636510858bfd13c4409da3fdf53468b17c83f6d4b5c10294ad261748,0.0,False
107,2,roughness,none,roughness,0.35,test,Geometry-Prior+Residual,1.950762240793922,0.8906630796657056,-0.10866256180186777,0.4282726377952756,0.46153846153846156,0.0,22.233973336514048,0.359375,128,calibrated,geometry,[0.32415624770586965],41bdf39167461d22a02514f304364e8e4f6eb3b2259f95aa5e4712b15e2f3baf,roughness,890b9f29bd5066ad8e40f13e9e59cb0546b3e2497d8d7c1370e129655ca4f002,1080a7fa5c3cd76dbbe95bd708d17b51debfdf282ec27f2618f824e6a8e86d18,890b9f29bd5066ad8e40f13e9e59cb0546b3e2497d8d7c1370e129655ca4f002,1080a7fa5c3cd76dbbe95bd708d17b51debfdf282ec27f2618f824e6a8e86d18,ea991991636510858bfd13c4409da3fdf53468b17c83f6d4b5c10294ad261748,-0.016997342641185798,False
107,2,roughness,none,roughness,0.35,test,Oracle-Rank+Residual,1.9407526125377796,0.8008895838708988,-0.0973150521882439,0.44451279527559057,0.6923076923076923,0.3012920671468135,39.95143465891058,0.3203125,128,calibrated,oracle_rank,[0.3656257317587512],41bdf39167461d22a02514f304364e8e4f6eb3b2259f95aa5e4712b15e2f3baf,roughness,890b9f29bd5066ad8e40f13e9e59cb0546b3e2497d8d7c1370e129655ca4f002,1080a7fa5c3cd76dbbe95bd708d17b51debfdf282ec27f2618f824e6a8e86d18,890b9f29bd5066ad8e40f13e9e59cb0546b3e2497d8d7c1370e129655ca4f002,1080a7fa5c3cd76dbbe95bd708d17b51debfdf282ec27f2618f824e6a8e86d18,ea991991636510858bfd13c4409da3fdf53468b17c83f6d4b5c10294ad261748,-0.027006970897328175,False
107,2,roughness,none,roughness,0.35,test,Oracle-Value+Residual,1.8150323811360243,0.9404800333179291,-0.10408464566929133,0.42999507874015747,0.5384615384615384,0.0,43.412302498403896,0.328125,128,calibrated,oracle_value,[0.3729171666937513],41bdf39167461d22a02514f304364e8e4f6eb3b2259f95aa5e4712b15e2f3baf,roughness,890b9f29bd5066ad8e40f13e9e59cb0546b3e2497d8d7c1370e129655ca4f002,1080a7fa5c3cd76dbbe95bd708d17b51debfdf282ec27f2618f824e6a8e86d18,890b9f29bd5066ad8e40f13e9e59cb0546b3e2497d8d7c1370e129655ca4f002,1080a7fa5c3cd76dbbe95bd708d17b51debfdf282ec27f2618f824e6a8e86d18,ea991991636510858bfd13c4409da3fdf53468b17c83f6d4b5c10294ad261748,-0.15272720229908354,False
107,2,roughness,none,roughness,0.35,test,Oracle-Rank+Value+Residual,1.859162640454705,0.9752665241935888,-0.09443668741988646,0.43639271653543305,0.7692307692307693,0.0,44.856712533267476,0.328125,128,calibrated,oracle_rank|oracle_value,"[0.1583760011399351, 0.23054281784161207]",41bdf39167461d22a02514f304364e8e4f6eb3b2259f95aa5e4712b15e2f3baf,roughness,890b9f29bd5066ad8e40f13e9e59cb0546b3e2497d8d7c1370e129655ca4f002,1080a7fa5c3cd76dbbe95bd708d17b51debfdf282ec27f2618f824e6a8e86d18,890b9f29bd5066ad8e40f13e9e59cb0546b3e2497d8d7c1370e129655ca4f002,1080a7fa5c3cd76dbbe95bd708d17b51debfdf282ec27f2618f824e6a8e86d18,ea991991636510858bfd13c4409da3fdf53468b17c83f6d4b5c10294ad261748,-0.10859694298040279,False
107,2,roughness,none,roughness,0.7,test,Target-Only,1.3379116619952791,0.501162649928757,0.42285066837575536,0.640625,0.07692307692307693,0.3212609292281438,3.790004807679932,0.453125,128,target_only,none,[],41bdf39167461d22a02514f304364e8e4f6eb3b2259f95aa5e4712b15e2f3baf,roughness,890b9f29bd5066ad8e40f13e9e59cb0546b3e2497d8d7c1370e129655ca4f002,b50c3084ebe4315a03dc428e7d9ddf32a370d5bde6a3c03dfad57c5e15336871,890b9f29bd5066ad8e40f13e9e59cb0546b3e2497d8d7c1370e129655ca4f002,b50c3084ebe4315a03dc428e7d9ddf32a370d5bde6a3c03dfad57c5e15336871,2af1606ec1e7b96e78ae8a752ebacda280b357e90e827f6967f57747e9691b2f,0.0,False
107,2,roughness,none,roughness,0.7,test,Geometry-Prior+Residual,1.480076736789801,0.5914211340330889,0.4505413385826772,0.6529281496062992,0.0,0.21662041879183444,12.182958480307224,0.2265625,128,calibrated,geometry,[0.32415624770586965],41bdf39167461d22a02514f304364e8e4f6eb3b2259f95aa5e4712b15e2f3baf,roughness,890b9f29bd5066ad8e40f13e9e59cb0546b3e2497d8d7c1370e129655ca4f002,b50c3084ebe4315a03dc428e7d9ddf32a370d5bde6a3c03dfad57c5e15336871,890b9f29bd5066ad8e40f13e9e59cb0546b3e2497d8d7c1370e129655ca4f002,b50c3084ebe4315a03dc428e7d9ddf32a370d5bde6a3c03dfad57c5e15336871,2af1606ec1e7b96e78ae8a752ebacda280b357e90e827f6967f57747e9691b2f,0.14216507479452178,True
107,2,roughness,none,roughness,0.7,test,Oracle-Rank+Residual,1.318734997266616,0.7200836497930769,0.4500206006225965,0.656373031496063,0.07692307692307693,0.13471855009593173,20.5134123046589,0.1953125,128,calibrated,oracle_rank,[0.3656257317587512],41bdf39167461d22a02514f304364e8e4f6eb3b2259f95aa5e4712b15e2f3baf,roughness,890b9f29bd5066ad8e40f13e9e59cb0546b3e2497d8d7c1370e129655ca4f002,b50c3084ebe4315a03dc428e7d9ddf32a370d5bde6a3c03dfad57c5e15336871,890b9f29bd5066ad8e40f13e9e59cb0546b3e2497d8d7c1370e129655ca4f002,b50c3084ebe4315a03dc428e7d9ddf32a370d5bde6a3c03dfad57c5e15336871,2af1606ec1e7b96e78ae8a752ebacda280b357e90e827f6967f57747e9691b2f,-0.019176664728663084,False
107,2,roughness,none,roughness,0.7,test,Oracle-Value+Residual,1.3109311757380442,0.5873082534859175,0.4471937374107306,0.6526820866141733,0.15384615384615385,0.5172482928519447,22.93322357217246,0.125,128,calibrated,oracle_value,[0.3729171666937513],41bdf39167461d22a02514f304364e8e4f6eb3b2259f95aa5e4712b15e2f3baf,roughness,890b9f29bd5066ad8e40f13e9e59cb0546b3e2497d8d7c1370e129655ca4f002,b50c3084ebe4315a03dc428e7d9ddf32a370d5bde6a3c03dfad57c5e15336871,890b9f29bd5066ad8e40f13e9e59cb0546b3e2497d8d7c1370e129655ca4f002,b50c3084ebe4315a03dc428e7d9ddf32a370d5bde6a3c03dfad57c5e15336871,2af1606ec1e7b96e78ae8a752ebacda280b357e90e827f6967f57747e9691b2f,-0.026980486257234926,False
107,2,roughness,none,roughness,0.7,test,Oracle-Rank+Value+Residual,1.3042915520962506,0.7427766868320624,0.4547644662149789,0.6576033464566929,0.15384615384615385,0.13471855009593173,23.31433056133907,0.15625,128,calibrated,oracle_rank|oracle_value,"[0.1583760011399351, 0.23054281784161207]",41bdf39167461d22a02514f304364e8e4f6eb3b2259f95aa5e4712b15e2f3baf,roughness,890b9f29bd5066ad8e40f13e9e59cb0546b3e2497d8d7c1370e129655ca4f002,b50c3084ebe4315a03dc428e7d9ddf32a370d5bde6a3c03dfad57c5e15336871,890b9f29bd5066ad8e40f13e9e59cb0546b3e2497d8d7c1370e129655ca4f002,b50c3084ebe4315a03dc428e7d9ddf32a370d5bde6a3c03dfad57c5e15336871,2af1606ec1e7b96e78ae8a752ebacda280b357e90e827f6967f57747e9691b2f,-0.03362010989902853,False
107,2,roughness,none,roughness,1.0,test,Target-Only,1.0599898906588392,0.5663609776007489,0.5158739241897089,0.6790108267716536,0.38461538461538464,0.5022995574539534,2.0701954595396255,0.5625,128,target_only,none,[],41bdf39167461d22a02514f304364e8e4f6eb3b2259f95aa5e4712b15e2f3baf,roughness,890b9f29bd5066ad8e40f13e9e59cb0546b3e2497d8d7c1370e129655ca4f002,a87334ea74e98ff3b93157123a11877ebbd9304a6a2bc6176fe85042e9a0213c,890b9f29bd5066ad8e40f13e9e59cb0546b3e2497d8d7c1370e129655ca4f002,a87334ea74e98ff3b93157123a11877ebbd9304a6a2bc6176fe85042e9a0213c,0d212ac4db01e1de586876b004389def5c270bd887154c6062e56050b19ffefd,0.0,False
107,2,roughness,none,roughness,1.0,test,Geometry-Prior+Residual,0.8779706977432242,0.7117168306321662,0.583632805347006,0.702755905511811,0.38461538461538464,0.5299468453438164,5.036263954641933,0.4453125,128,calibrated,geometry,[0.32415624770586965],41bdf39167461d22a02514f304364e8e4f6eb3b2259f95aa5e4712b15e2f3baf,roughness,890b9f29bd5066ad8e40f13e9e59cb0546b3e2497d8d7c1370e129655ca4f002,a87334ea74e98ff3b93157123a11877ebbd9304a6a2bc6176fe85042e9a0213c,890b9f29bd5066ad8e40f13e9e59cb0546b3e2497d8d7c1370e129655ca4f002,a87334ea74e98ff3b93157123a11877ebbd9304a6a2bc6176fe85042e9a0213c,0d212ac4db01e1de586876b004389def5c270bd887154c6062e56050b19ffefd,-0.18201919291561497,False
107,2,roughness,none,roughness,1.0,test,Oracle-Rank+Residual,0.7953274688753754,0.6926023977691739,0.5886627906976745,0.7041092519685039,0.38461538461538464,0.5022995574539534,8.494885034609485,0.4140625,128,calibrated,oracle_rank,[0.3656257317587512],41bdf39167461d22a02514f304364e8e4f6eb3b2259f95aa5e4712b15e2f3baf,roughness,890b9f29bd5066ad8e40f13e9e59cb0546b3e2497d8d7c1370e129655ca4f002,a87334ea74e98ff3b93157123a11877ebbd9304a6a2bc6176fe85042e9a0213c,890b9f29bd5066ad8e40f13e9e59cb0546b3e2497d8d7c1370e129655ca4f002,a87334ea74e98ff3b93157123a11877ebbd9304a6a2bc6176fe85042e9a0213c,0d212ac4db01e1de586876b004389def5c270bd887154c6062e56050b19ffefd,-0.2646624217834638,False
107,2,roughness,none,roughness,1.0,test,Oracle-Value+Residual,0.7707469046295841,0.7362836246441912,0.6217382347555392,0.7201033464566929,0.38461538461538464,0.0010211439887911017,9.018411802263397,0.421875,128,calibrated,oracle_value,[0.3729171666937513],41bdf39167461d22a02514f304364e8e4f6eb3b2259f95aa5e4712b15e2f3baf,roughness,890b9f29bd5066ad8e40f13e9e59cb0546b3e2497d8d7c1370e129655ca4f002,a87334ea74e98ff3b93157123a11877ebbd9304a6a2bc6176fe85042e9a0213c,890b9f29bd5066ad8e40f13e9e59cb0546b3e2497d8d7c1370e129655ca4f002,a87334ea74e98ff3b93157123a11877ebbd9304a6a2bc6176fe85042e9a0213c,0d212ac4db01e1de586876b004389def5c270bd887154c6062e56050b19ffefd,-0.28924298602925513,False
107,2,roughness,none,roughness,1.0,test,Oracle-Rank+Value+Residual,0.7553560091470916,0.7217829915980926,0.6107741256180187,0.7164124015748031,0.38461538461538464,0.5022995574539534,9.190005599060665,0.4140625,128,calibrated,oracle_rank|oracle_value,"[0.1583760011399351, 0.23054281784161207]",41bdf39167461d22a02514f304364e8e4f6eb3b2259f95aa5e4712b15e2f3baf,roughness,890b9f29bd5066ad8e40f13e9e59cb0546b3e2497d8d7c1370e129655ca4f002,a87334ea74e98ff3b93157123a11877ebbd9304a6a2bc6176fe85042e9a0213c,890b9f29bd5066ad8e40f13e9e59cb0546b3e2497d8d7c1370e129655ca4f002,a87334ea74e98ff3b93157123a11877ebbd9304a6a2bc6176fe85042e9a0213c,0d212ac4db01e1de586876b004389def5c270bd887154c6062e56050b19ffefd,-0.30463388151174764,False
107,2,reversal,none,reversal,0.35,test,Target-Only,0.5022104700772413,0.8311978988066407,0.9092370902765061,0.8735236220472441,0.3076923076923077,0.004842639936439235,-2.240166641854185,1.0,128,target_only,none,[],41bdf39167461d22a02514f304364e8e4f6eb3b2259f95aa5e4712b15e2f3baf,reversal,890b9f29bd5066ad8e40f13e9e59cb0546b3e2497d8d7c1370e129655ca4f002,1080a7fa5c3cd76dbbe95bd708d17b51debfdf282ec27f2618f824e6a8e86d18,890b9f29bd5066ad8e40f13e9e59cb0546b3e2497d8d7c1370e129655ca4f002,1080a7fa5c3cd76dbbe95bd708d17b51debfdf282ec27f2618f824e6a8e86d18,00478f650f686e1d9b6c853aeb8ead67120104c592709a219600b9cb335547b0,0.0,False
107,2,reversal,none,reversal,0.35,test,Geometry-Prior+Residual,0.5022104700772413,0.8311978988066407,0.9092370902765061,0.8735236220472441,0.3076923076923077,0.004842639936439235,-2.240166641854185,1.0,128,target_only,geometry,[1.1302834996820386e-20],41bdf39167461d22a02514f304364e8e4f6eb3b2259f95aa5e4712b15e2f3baf,reversal,890b9f29bd5066ad8e40f13e9e59cb0546b3e2497d8d7c1370e129655ca4f002,1080a7fa5c3cd76dbbe95bd708d17b51debfdf282ec27f2618f824e6a8e86d18,890b9f29bd5066ad8e40f13e9e59cb0546b3e2497d8d7c1370e129655ca4f002,1080a7fa5c3cd76dbbe95bd708d17b51debfdf282ec27f2618f824e6a8e86d18,00478f650f686e1d9b6c853aeb8ead67120104c592709a219600b9cb335547b0,0.0,False
107,2,reversal,none,reversal,0.35,test,Oracle-Rank+Residual,0.5022104700772413,0.8311978988066407,0.9092370902765061,0.8735236220472441,0.3076923076923077,0.004842639936439235,-2.240166641854185,1.0,128,target_only,oracle_rank,[1.5575966030738365e-20],41bdf39167461d22a02514f304364e8e4f6eb3b2259f95aa5e4712b15e2f3baf,reversal,890b9f29bd5066ad8e40f13e9e59cb0546b3e2497d8d7c1370e129655ca4f002,1080a7fa5c3cd76dbbe95bd708d17b51debfdf282ec27f2618f824e6a8e86d18,890b9f29bd5066ad8e40f13e9e59cb0546b3e2497d8d7c1370e129655ca4f002,1080a7fa5c3cd76dbbe95bd708d17b51debfdf282ec27f2618f824e6a8e86d18,00478f650f686e1d9b6c853aeb8ead67120104c592709a219600b9cb335547b0,0.0,False
107,2,reversal,none,reversal,0.35,test,Oracle-Value+Residual,0.5022104700772413,0.8311978988066407,0.9092370902765061,0.8735236220472441,0.3076923076923077,0.004842639936439235,-2.240166641854185,1.0,128,target_only,oracle_value,[1.5990874656116135e-20],41bdf39167461d22a02514f304364e8e4f6eb3b2259f95aa5e4712b15e2f3baf,reversal,890b9f29bd5066ad8e40f13e9e59cb0546b3e2497d8d7c1370e129655ca4f002,1080a7fa5c3cd76dbbe95bd708d17b51debfdf282ec27f2618f824e6a8e86d18,890b9f29bd5066ad8e40f13e9e59cb0546b3e2497d8d7c1370e129655ca4f002,1080a7fa5c3cd76dbbe95bd708d17b51debfdf282ec27f2618f824e6a8e86d18,00478f650f686e1d9b6c853aeb8ead67120104c592709a219600b9cb335547b0,0.0,False
107,2,reversal,none,reversal,0.35,test,Oracle-Rank+Value+Residual,0.5022104700772413,0.8311978988066407,0.9092370902765061,0.8735236220472441,0.3076923076923077,0.004842639936439235,-2.240166641854185,1.0,128,target_only,oracle_rank|oracle_value,"[6.258228794725998e-21, 1.0364915579761822e-20]",41bdf39167461d22a02514f304364e8e4f6eb3b2259f95aa5e4712b15e2f3baf,reversal,890b9f29bd5066ad8e40f13e9e59cb0546b3e2497d8d7c1370e129655ca4f002,1080a7fa5c3cd76dbbe95bd708d17b51debfdf282ec27f2618f824e6a8e86d18,890b9f29bd5066ad8e40f13e9e59cb0546b3e2497d8d7c1370e129655ca4f002,1080a7fa5c3cd76dbbe95bd708d17b51debfdf282ec27f2618f824e6a8e86d18,00478f650f686e1d9b6c853aeb8ead67120104c592709a219600b9cb335547b0,0.0,False
107,2,reversal,none,reversal,0.7,test,Target-Only,1.4800952725573124,0.92407557641978,0.8216901666361472,0.8298474409448819,0.46153846153846156,0.0014344190066322947,-0.7166885017216815,0.8203125,128,target_only,none,[],41bdf39167461d22a02514f304364e8e4f6eb3b2259f95aa5e4712b15e2f3baf,reversal,890b9f29bd5066ad8e40f13e9e59cb0546b3e2497d8d7c1370e129655ca4f002,b50c3084ebe4315a03dc428e7d9ddf32a370d5bde6a3c03dfad57c5e15336871,890b9f29bd5066ad8e40f13e9e59cb0546b3e2497d8d7c1370e129655ca4f002,b50c3084ebe4315a03dc428e7d9ddf32a370d5bde6a3c03dfad57c5e15336871,2a834311511e21a416e8e48dcffb62d6a26a605912f522f6f6f6a9b69d9298ad,0.0,False
107,2,reversal,none,reversal,0.7,test,Geometry-Prior+Residual,1.4800952725573124,0.92407557641978,0.8216901666361472,0.8298474409448819,0.46153846153846156,0.0014344190066322947,-0.7166885017216815,0.8203125,128,target_only,geometry,[1.1302834996820386e-20],41bdf39167461d22a02514f304364e8e4f6eb3b2259f95aa5e4712b15e2f3baf,reversal,890b9f29bd5066ad8e40f13e9e59cb0546b3e2497d8d7c1370e129655ca4f002,b50c3084ebe4315a03dc428e7d9ddf32a370d5bde6a3c03dfad57c5e15336871,890b9f29bd5066ad8e40f13e9e59cb0546b3e2497d8d7c1370e129655ca4f002,b50c3084ebe4315a03dc428e7d9ddf32a370d5bde6a3c03dfad57c5e15336871,2a834311511e21a416e8e48dcffb62d6a26a605912f522f6f6f6a9b69d9298ad,0.0,False
107,2,reversal,none,reversal,0.7,test,Oracle-Rank+Residual,1.4800952725573124,0.92407557641978,0.8216901666361472,0.8298474409448819,0.46153846153846156,0.0014344190066322947,-0.7166885017216815,0.8203125,128,target_only,oracle_rank,[1.5575966030738365e-20],41bdf39167461d22a02514f304364e8e4f6eb3b2259f95aa5e4712b15e2f3baf,reversal,890b9f29bd5066ad8e40f13e9e59cb0546b3e2497d8d7c1370e129655ca4f002,b50c3084ebe4315a03dc428e7d9ddf32a370d5bde6a3c03dfad57c5e15336871,890b9f29bd5066ad8e40f13e9e59cb0546b3e2497d8d7c1370e129655ca4f002,b50c3084ebe4315a03dc428e7d9ddf32a370d5bde6a3c03dfad57c5e15336871,2a834311511e21a416e8e48dcffb62d6a26a605912f522f6f6f6a9b69d9298ad,0.0,False
107,2,reversal,none,reversal,0.7,test,Oracle-Value+Residual,1.4800952725573124,0.92407557641978,0.8216901666361472,0.8298474409448819,0.46153846153846156,0.0014344190066322947,-0.7166885017216815,0.8203125,128,target_only,oracle_value,[1.5990874656116135e-20],41bdf39167461d22a02514f304364e8e4f6eb3b2259f95aa5e4712b15e2f3baf,reversal,890b9f29bd5066ad8e40f13e9e59cb0546b3e2497d8d7c1370e129655ca4f002,b50c3084ebe4315a03dc428e7d9ddf32a370d5bde6a3c03dfad57c5e15336871,890b9f29bd5066ad8e40f13e9e59cb0546b3e2497d8d7c1370e129655ca4f002,b50c3084ebe4315a03dc428e7d9ddf32a370d5bde6a3c03dfad57c5e15336871,2a834311511e21a416e8e48dcffb62d6a26a605912f522f6f6f6a9b69d9298ad,0.0,False
107,2,reversal,none,reversal,0.7,test,Oracle-Rank+Value+Residual,1.4800952725573124,0.92407557641978,0.8216901666361472,0.8298474409448819,0.46153846153846156,0.0014344190066322947,-0.7166885017216815,0.8203125,128,target_only,oracle_rank|oracle_value,"[6.258228794725998e-21, 1.0364915579761822e-20]",41bdf39167461d22a02514f304364e8e4f6eb3b2259f95aa5e4712b15e2f3baf,reversal,890b9f29bd5066ad8e40f13e9e59cb0546b3e2497d8d7c1370e129655ca4f002,b50c3084ebe4315a03dc428e7d9ddf32a370d5bde6a3c03dfad57c5e15336871,890b9f29bd5066ad8e40f13e9e59cb0546b3e2497d8d7c1370e129655ca4f002,b50c3084ebe4315a03dc428e7d9ddf32a370d5bde6a3c03dfad57c5e15336871,2a834311511e21a416e8e48dcffb62d6a26a605912f522f6f6f6a9b69d9298ad,0.0,False
107,2,reversal,none,reversal,1.0,test,Target-Only,0.6449571673929967,0.7707070404300586,0.8749027192821827,0.8511318897637795,0.07692307692307693,0.0021947192556278495,-0.5777949905098305,0.890625,128,target_only,none,[],41bdf39167461d22a02514f304364e8e4f6eb3b2259f95aa5e4712b15e2f3baf,reversal,890b9f29bd5066ad8e40f13e9e59cb0546b3e2497d8d7c1370e129655ca4f002,a87334ea74e98ff3b93157123a11877ebbd9304a6a2bc6176fe85042e9a0213c,890b9f29bd5066ad8e40f13e9e59cb0546b3e2497d8d7c1370e129655ca4f002,a87334ea74e98ff3b93157123a11877ebbd9304a6a2bc6176fe85042e9a0213c,9704d21c4d381cf7815d8d9f37ef35f7ade3b12b38db3f0b30ec21568907178b,0.0,False
107,2,reversal,none,reversal,1.0,test,Geometry-Prior+Residual,0.6449571673929967,0.7707070404300586,0.8749027192821827,0.8511318897637795,0.07692307692307693,0.0021947192556278495,-0.5777949905098305,0.890625,128,target_only,geometry,[1.1302834996820386e-20],41bdf39167461d22a02514f304364e8e4f6eb3b2259f95aa5e4712b15e2f3baf,reversal,890b9f29bd5066ad8e40f13e9e59cb0546b3e2497d8d7c1370e129655ca4f002,a87334ea74e98ff3b93157123a11877ebbd9304a6a2bc6176fe85042e9a0213c,890b9f29bd5066ad8e40f13e9e59cb0546b3e2497d8d7c1370e129655ca4f002,a87334ea74e98ff3b93157123a11877ebbd9304a6a2bc6176fe85042e9a0213c,9704d21c4d381cf7815d8d9f37ef35f7ade3b12b38db3f0b30ec21568907178b,0.0,False
107,2,reversal,none,reversal,1.0,test,Oracle-Rank+Residual,0.6449571673929967,0.7707070404300586,0.8749027192821827,0.8511318897637795,0.07692307692307693,0.0021947192556278495,-0.5777949905098305,0.890625,128,target_only,oracle_rank,[1.5575966030738365e-20],41bdf39167461d22a02514f304364e8e4f6eb3b2259f95aa5e4712b15e2f3baf,reversal,890b9f29bd5066ad8e40f13e9e59cb0546b3e2497d8d7c1370e129655ca4f002,a87334ea74e98ff3b93157123a11877ebbd9304a6a2bc6176fe85042e9a0213c,890b9f29bd5066ad8e40f13e9e59cb0546b3e2497d8d7c1370e129655ca4f002,a87334ea74e98ff3b93157123a11877ebbd9304a6a2bc6176fe85042e9a0213c,9704d21c4d381cf7815d8d9f37ef35f7ade3b12b38db3f0b30ec21568907178b,0.0,False
107,2,reversal,none,reversal,1.0,test,Oracle-Value+Residual,0.6449571673929967,0.7707070404300586,0.8749027192821827,0.8511318897637795,0.07692307692307693,0.0021947192556278495,-0.5777949905098305,0.890625,128,target_only,oracle_value,[1.5990874656116135e-20],41bdf39167461d22a02514f304364e8e4f6eb3b2259f95aa5e4712b15e2f3baf,reversal,890b9f29bd5066ad8e40f13e9e59cb0546b3e2497d8d7c1370e129655ca4f002,a87334ea74e98ff3b93157123a11877ebbd9304a6a2bc6176fe85042e9a0213c,890b9f29bd5066ad8e40f13e9e59cb0546b3e2497d8d7c1370e129655ca4f002,a87334ea74e98ff3b93157123a11877ebbd9304a6a2bc6176fe85042e9a0213c,9704d21c4d381cf7815d8d9f37ef35f7ade3b12b38db3f0b30ec21568907178b,0.0,False
107,2,reversal,none,reversal,1.0,test,Oracle-Rank+Value+Residual,0.6449571673929967,0.7707070404300586,0.8749027192821827,0.8511318897637795,0.07692307692307693,0.0021947192556278495,-0.5777949905098305,0.890625,128,target_only,oracle_rank|oracle_value,"[6.258228794725998e-21, 1.0364915579761822e-20]",41bdf39167461d22a02514f304364e8e4f6eb3b2259f95aa5e4712b15e2f3baf,reversal,890b9f29bd5066ad8e40f13e9e59cb0546b3e2497d8d7c1370e129655ca4f002,a87334ea74e98ff3b93157123a11877ebbd9304a6a2bc6176fe85042e9a0213c,890b9f29bd5066ad8e40f13e9e59cb0546b3e2497d8d7c1370e129655ca4f002,a87334ea74e98ff3b93157123a11877ebbd9304a6a2bc6176fe85042e9a0213c,9704d21c4d381cf7815d8d9f37ef35f7ade3b12b38db3f0b30ec21568907178b,0.0,False
107,2,independent_expert,none,independent_expert,0.35,test,Target-Only,0.5022104700772413,0.8908357391483998,0.9092370902765061,0.8735236220472441,0.6153846153846154,0.12182276255895381,-2.240166641854185,1.0,128,target_only,none,[],af385c8b1a62554c4778186b2884603a86aca8b35c2743c4c6d3266c72488ccd,independent_expert,890b9f29bd5066ad8e40f13e9e59cb0546b3e2497d8d7c1370e129655ca4f002,1080a7fa5c3cd76dbbe95bd708d17b51debfdf282ec27f2618f824e6a8e86d18,890b9f29bd5066ad8e40f13e9e59cb0546b3e2497d8d7c1370e129655ca4f002,1080a7fa5c3cd76dbbe95bd708d17b51debfdf282ec27f2618f824e6a8e86d18,edf8aca8a26a139d1124f162816fd76868ffbbe7d9636d6d44af45875106dcb3,0.0,False
107,2,independent_expert,none,independent_expert,0.35,test,Geometry-Prior+Residual,0.43033777624983327,0.9257884552927521,0.9274743636696574,0.8889025590551181,0.5384615384615384,0.06725633839959683,-2.503525794676352,1.0,128,calibrated,geometry,[0.20850032711594774],af385c8b1a62554c4778186b2884603a86aca8b35c2743c4c6d3266c72488ccd,independent_expert,890b9f29bd5066ad8e40f13e9e59cb0546b3e2497d8d7c1370e129655ca4f002,1080a7fa5c3cd76dbbe95bd708d17b51debfdf282ec27f2618f824e6a8e86d18,890b9f29bd5066ad8e40f13e9e59cb0546b3e2497d8d7c1370e129655ca4f002,1080a7fa5c3cd76dbbe95bd708d17b51debfdf282ec27f2618f824e6a8e86d18,edf8aca8a26a139d1124f162816fd76868ffbbe7d9636d6d44af45875106dcb3,-0.07187269382740802,False
107,2,independent_expert,none,independent_expert,0.35,test,Oracle-Rank+Residual,0.5022104700772413,0.8908357391483998,0.9092370902765061,0.8735236220472441,0.6153846153846154,0.12182276255895381,-2.240166641854185,1.0,128,target_only,oracle_rank,[2.647414153186203e-17],af385c8b1a62554c4778186b2884603a86aca8b35c2743c4c6d3266c72488ccd,independent_expert,890b9f29bd5066ad8e40f13e9e59cb0546b3e2497d8d7c1370e129655ca4f002,1080a7fa5c3cd76dbbe95bd708d17b51debfdf282ec27f2618f824e6a8e86d18,890b9f29bd5066ad8e40f13e9e59cb0546b3e2497d8d7c1370e129655ca4f002,1080a7fa5c3cd76dbbe95bd708d17b51debfdf282ec27f2618f824e6a8e86d18,edf8aca8a26a139d1124f162816fd76868ffbbe7d9636d6d44af45875106dcb3,0.0,False
107,2,independent_expert,none,independent_expert,0.35,test,Oracle-Value+Residual,0.5022104700772413,0.8908357391483998,0.9092370902765061,0.8735236220472441,0.6153846153846154,0.12182276255895381,-2.240166641854185,1.0,128,target_only,oracle_value,[1.2906233862201476e-16],af385c8b1a62554c4778186b2884603a86aca8b35c2743c4c6d3266c72488ccd,independent_expert,890b9f29bd5066ad8e40f13e9e59cb0546b3e2497d8d7c1370e129655ca4f002,1080a7fa5c3cd76dbbe95bd708d17b51debfdf282ec27f2618f824e6a8e86d18,890b9f29bd5066ad8e40f13e9e59cb0546b3e2497d8d7c1370e129655ca4f002,1080a7fa5c3cd76dbbe95bd708d17b51debfdf282ec27f2618f824e6a8e86d18,edf8aca8a26a139d1124f162816fd76868ffbbe7d9636d6d44af45875106dcb3,0.0,False
107,2,independent_expert,none,independent_expert,0.35,test,Oracle-Rank+Value+Residual,0.5022104700739003,0.8908357391483998,0.9092370902765061,0.8735236220472441,0.6153846153846154,0.12182276255895381,-2.240166641970002,1.0,128,calibrated,oracle_rank|oracle_value,"[4.401871213639521e-11, 5.872687245642882e-11]",af385c8b1a62554c4778186b2884603a86aca8b35c2743c4c6d3266c72488ccd,independent_expert,890b9f29bd5066ad8e40f13e9e59cb0546b3e2497d8d7c1370e129655ca4f002,1080a7fa5c3cd76dbbe95bd708d17b51debfdf282ec27f2618f824e6a8e86d18,890b9f29bd5066ad8e40f13e9e59cb0546b3e2497d8d7c1370e129655ca4f002,1080a7fa5c3cd76dbbe95bd708d17b51debfdf282ec27f2618f824e6a8e86d18,edf8aca8a26a139d1124f162816fd76868ffbbe7d9636d6d44af45875106dcb3,-3.3409941480044836e-12,False
107,2,independent_expert,none,independent_expert,0.7,test,Target-Only,1.4800952725573124,0.8955522138160585,0.8216901666361472,0.8298474409448819,0.6153846153846154,0.2936730669625908,-0.7166885017216815,0.8203125,128,target_only,none,[],af385c8b1a62554c4778186b2884603a86aca8b35c2743c4c6d3266c72488ccd,independent_expert,890b9f29bd5066ad8e40f13e9e59cb0546b3e2497d8d7c1370e129655ca4f002,b50c3084ebe4315a03dc428e7d9ddf32a370d5bde6a3c03dfad57c5e15336871,890b9f29bd5066ad8e40f13e9e59cb0546b3e2497d8d7c1370e129655ca4f002,b50c3084ebe4315a03dc428e7d9ddf32a370d5bde6a3c03dfad57c5e15336871,9d2cbab276ed8e5db807dae4957bcd90d27585afa986e064650b2d281b057d70,0.0,False
107,2,independent_expert,none,independent_expert,0.7,test,Geometry-Prior+Residual,1.336085055220617,0.9643660971506758,0.8507370444973449,0.8480561023622047,0.6153846153846154,0.03662603654070906,-0.658454157657087,0.765625,128,calibrated,geometry,[0.20850032711594774],af385c8b1a62554c4778186b2884603a86aca8b35c2743c4c6d3266c72488ccd,independent_expert,890b9f29bd5066ad8e40f13e9e59cb0546b3e2497d8d7c1370e129655ca4f002,b50c3084ebe4315a03dc428e7d9ddf32a370d5bde6a3c03dfad57c5e15336871,890b9f29bd5066ad8e40f13e9e59cb0546b3e2497d8d7c1370e129655ca4f002,b50c3084ebe4315a03dc428e7d9ddf32a370d5bde6a3c03dfad57c5e15336871,9d2cbab276ed8e5db807dae4957bcd90d27585afa986e064650b2d281b057d70,-0.1440102173366955,False
107,2,independent_expert,none,independent_expert,0.7,test,Oracle-Rank+Residual,1.4800952725573124,0.8955522138160585,0.8216901666361472,0.8298474409448819,0.6153846153846154,0.2936730669625908,-0.7166885017216815,0.8203125,128,target_only,oracle_rank,[2.647414153186203e-17],af385c8b1a62554c4778186b2884603a86aca8b35c2743c4c6d3266c72488ccd,independent_expert,890b9f29bd5066ad8e40f13e9e59cb0546b3e2497d8d7c1370e129655ca4f002,b50c3084ebe4315a03dc428e7d9ddf32a370d5bde6a3c03dfad57c5e15336871,890b9f29bd5066ad8e40f13e9e59cb0546b3e2497d8d7c1370e129655ca4f002,b50c3084ebe4315a03dc428e7d9ddf32a370d5bde6a3c03dfad57c5e15336871,9d2cbab276ed8e5db807dae4957bcd90d27585afa986e064650b2d281b057d70,0.0,False
107,2,independent_expert,none,independent_expert,0.7,test,Oracle-Value+Residual,1.4800952725573124,0.8955522138160585,0.8216901666361472,0.8298474409448819,0.6153846153846154,0.2936730669625908,-0.7166885017216815,0.8203125,128,target_only,oracle_value,[1.2906233862201476e-16],af385c8b1a62554c4778186b2884603a86aca8b35c2743c4c6d3266c72488ccd,independent_expert,890b9f29bd5066ad8e40f13e9e59cb0546b3e2497d8d7c1370e129655ca4f002,b50c3084ebe4315a03dc428e7d9ddf32a370d5bde6a3c03dfad57c5e15336871,890b9f29bd5066ad8e40f13e9e59cb0546b3e2497d8d7c1370e129655ca4f002,b50c3084ebe4315a03dc428e7d9ddf32a370d5bde6a3c03dfad57c5e15336871,9d2cbab276ed8e5db807dae4957bcd90d27585afa986e064650b2d281b057d70,0.0,False
107,2,independent_expert,none,independent_expert,0.7,test,Oracle-Rank+Value+Residual,1.4800952726026269,0.8955522138160585,0.8216901666361472,0.8298474409448819,0.6153846153846154,0.2936730669625908,-0.7166885013247315,0.8203125,128,calibrated,oracle_rank|oracle_value,"[4.401871213639521e-11, 5.872687245642882e-11]",af385c8b1a62554c4778186b2884603a86aca8b35c2743c4c6d3266c72488ccd,independent_expert,890b9f29bd5066ad8e40f13e9e59cb0546b3e2497d8d7c1370e129655ca4f002,b50c3084ebe4315a03dc428e7d9ddf32a370d5bde6a3c03dfad57c5e15336871,890b9f29bd5066ad8e40f13e9e59cb0546b3e2497d8d7c1370e129655ca4f002,b50c3084ebe4315a03dc428e7d9ddf32a370d5bde6a3c03dfad57c5e15336871,9d2cbab276ed8e5db807dae4957bcd90d27585afa986e064650b2d281b057d70,4.531441888389054e-11,False
107,2,independent_expert,none,independent_expert,1.0,test,Target-Only,0.6449571673929967,0.9171709035952632,0.8749027192821827,0.8511318897637795,0.5384615384615384,0.10617250307765048,-0.5777949905098305,0.890625,128,target_only,none,[],af385c8b1a62554c4778186b2884603a86aca8b35c2743c4c6d3266c72488ccd,independent_expert,890b9f29bd5066ad8e40f13e9e59cb0546b3e2497d8d7c1370e129655ca4f002,a87334ea74e98ff3b93157123a11877ebbd9304a6a2bc6176fe85042e9a0213c,890b9f29bd5066ad8e40f13e9e59cb0546b3e2497d8d7c1370e129655ca4f002,a87334ea74e98ff3b93157123a11877ebbd9304a6a2bc6176fe85042e9a0213c,48439ff538060f57495746ab68d9ad952976586203917bd2c06910945e67155c,0.0,False
107,2,independent_expert,none,independent_expert,1.0,test,Geometry-Prior+Residual,0.40932073346319114,0.9798999544099604,0.9023129921259843,0.8809055118110236,0.6923076923076923,0.024511755097969403,-1.0239334964906872,0.8984375,128,calibrated,geometry,[0.20850032711594774],af385c8b1a62554c4778186b2884603a86aca8b35c2743c4c6d3266c72488ccd,independent_expert,890b9f29bd5066ad8e40f13e9e59cb0546b3e2497d8d7c1370e129655ca4f002,a87334ea74e98ff3b93157123a11877ebbd9304a6a2bc6176fe85042e9a0213c,890b9f29bd5066ad8e40f13e9e59cb0546b3e2497d8d7c1370e129655ca4f002,a87334ea74e98ff3b93157123a11877ebbd9304a6a2bc6176fe85042e9a0213c,48439ff538060f57495746ab68d9ad952976586203917bd2c06910945e67155c,-0.23563643392980554,False
107,2,independent_expert,none,independent_expert,1.0,test,Oracle-Rank+Residual,0.6449571673929967,0.9171709035952632,0.8749027192821827,0.8511318897637795,0.5384615384615384,0.10617250307765048,-0.5777949905098305,0.890625,128,target_only,oracle_rank,[2.647414153186203e-17],af385c8b1a62554c4778186b2884603a86aca8b35c2743c4c6d3266c72488ccd,independent_expert,890b9f29bd5066ad8e40f13e9e59cb0546b3e2497d8d7c1370e129655ca4f002,a87334ea74e98ff3b93157123a11877ebbd9304a6a2bc6176fe85042e9a0213c,890b9f29bd5066ad8e40f13e9e59cb0546b3e2497d8d7c1370e129655ca4f002,a87334ea74e98ff3b93157123a11877ebbd9304a6a2bc6176fe85042e9a0213c,48439ff538060f57495746ab68d9ad952976586203917bd2c06910945e67155c,0.0,False
107,2,independent_expert,none,independent_expert,1.0,test,Oracle-Value+Residual,0.6449571673929967,0.9171709035952632,0.8749027192821827,0.8511318897637795,0.5384615384615384,0.10617250307765048,-0.5777949905098305,0.890625,128,target_only,oracle_value,[1.2906233862201476e-16],af385c8b1a62554c4778186b2884603a86aca8b35c2743c4c6d3266c72488ccd,independent_expert,890b9f29bd5066ad8e40f13e9e59cb0546b3e2497d8d7c1370e129655ca4f002,a87334ea74e98ff3b93157123a11877ebbd9304a6a2bc6176fe85042e9a0213c,890b9f29bd5066ad8e40f13e9e59cb0546b3e2497d8d7c1370e129655ca4f002,a87334ea74e98ff3b93157123a11877ebbd9304a6a2bc6176fe85042e9a0213c,48439ff538060f57495746ab68d9ad952976586203917bd2c06910945e67155c,0.0,False
107,2,independent_expert,none,independent_expert,1.0,test,Oracle-Rank+Value+Residual,0.6449571674344868,0.9171709035952632,0.8749027192821827,0.8511318897637795,0.5384615384615384,0.10617250307765048,-0.5777949903926891,0.890625,128,calibrated,oracle_rank|oracle_value,"[4.401871213639521e-11, 5.872687245642882e-11]",af385c8b1a62554c4778186b2884603a86aca8b35c2743c4c6d3266c72488ccd,independent_expert,890b9f29bd5066ad8e40f13e9e59cb0546b3e2497d8d7c1370e129655ca4f002,a87334ea74e98ff3b93157123a11877ebbd9304a6a2bc6176fe85042e9a0213c,890b9f29bd5066ad8e40f13e9e59cb0546b3e2497d8d7c1370e129655ca4f002,a87334ea74e98ff3b93157123a11877ebbd9304a6a2bc6176fe85042e9a0213c,48439ff538060f57495746ab68d9ad952976586203917bd2c06910945e67155c,4.1490144653266725e-11,False
131,2,identity,none,identity,0.35,test,Target-Only,0.6900938443985635,0.8335763707341415,0.8515210126350485,0.8224655511811023,0.23076923076923078,0.07627424676549366,-1.9725986074660942,1.0,128,target_only,none,[],d60c5817b9278dea0a26ec93b96539a38f55b3ca8c4aeca843577f991d044fc5,identity,23b4e1f4f45babc0dbe617efa3dc60a381eae697537c717c9f86b8377fd7e3cc,81e3688c295186d2f578d7ca6f32b326d9ca4e8d9527e491801f79ec54f9d79a,23b4e1f4f45babc0dbe617efa3dc60a381eae697537c717c9f86b8377fd7e3cc,81e3688c295186d2f578d7ca6f32b326d9ca4e8d9527e491801f79ec54f9d79a,2fd62fa626c7afb41122cd4a5ec707113bdde43d9689ac7feb56ee137b72c77d,0.0,False
131,2,identity,none,identity,0.35,test,Geometry-Prior+Residual,0.554256862231198,0.9044039727318165,0.8814319721662699,0.84498031496063,0.46153846153846156,0.07627424676549366,-2.096741634473025,0.84375,128,calibrated,geometry,[0.20809795559737318],d60c5817b9278dea0a26ec93b96539a38f55b3ca8c4aeca843577f991d044fc5,identity,23b4e1f4f45babc0dbe617efa3dc60a381eae697537c717c9f86b8377fd7e3cc,81e3688c295186d2f578d7ca6f32b326d9ca4e8d9527e491801f79ec54f9d79a,23b4e1f4f45babc0dbe617efa3dc60a381eae697537c717c9f86b8377fd7e3cc,81e3688c295186d2f578d7ca6f32b326d9ca4e8d9527e491801f79ec54f9d79a,2fd62fa626c7afb41122cd4a5ec707113bdde43d9689ac7feb56ee137b72c77d,-0.1358369821673655,False
131,2,identity,none,identity,0.35,test,Oracle-Rank+Residual,0.21377056815333276,0.9794272255285077,0.9404756454861746,0.9076033464566929,0.7692307692307693,0.0,-3.082916933381558,0.8828125,128,calibrated,oracle_rank,[0.2525163580248518],d60c5817b9278dea0a26ec93b96539a38f55b3ca8c4aeca843577f991d044fc5,identity,23b4e1f4f45babc0dbe617efa3dc60a381eae697537c717c9f86b8377fd7e3cc,81e3688c295186d2f578d7ca6f32b326d9ca4e8d9527e491801f79ec54f9d79a,23b4e1f4f45babc0dbe617efa3dc60a381eae697537c717c9f86b8377fd7e3cc,81e3688c295186d2f578d7ca6f32b326d9ca4e8d9527e491801f79ec54f9d79a,2fd62fa626c7afb41122cd4a5ec707113bdde43d9689ac7feb56ee137b72c77d,-0.47632327624523074,False
131,2,identity,none,identity,0.35,test,Oracle-Value+Residual,0.04864712435510286,0.9998961427332715,0.973213468229262,0.9542322834645669,1.0,0.0,-4.570112848684362,1.0,128,calibrated,oracle_value,[0.26200602855088706],d60c5817b9278dea0a26ec93b96539a38f55b3ca8c4aeca843577f991d044fc5,identity,23b4e1f4f45babc0dbe617efa3dc60a381eae697537c717c9f86b8377fd7e3cc,81e3688c295186d2f578d7ca6f32b326d9ca4e8d9527e491801f79ec54f9d79a,23b4e1f4f45babc0dbe617efa3dc60a381eae697537c717c9f86b8377fd7e3cc,81e3688c295186d2f578d7ca6f32b326d9ca4e8d9527e491801f79ec54f9d79a,2fd62fa626c7afb41122cd4a5ec707113bdde43d9689ac7feb56ee137b72c77d,-0.6414467200434606,False
131,2,identity,none,identity,0.35,test,Oracle-Rank+Value+Residual,0.07561729909135967,0.9970568405434524,0.9582494048709026,0.9328248031496063,1.0,0.0,-4.132062011174433,1.0,128,calibrated,oracle_rank|oracle_value,"[0.09249767381171549, 0.17958730899220834]",d60c5817b9278dea0a26ec93b96539a38f55b3ca8c4aeca843577f991d044fc5,identity,23b4e1f4f45babc0dbe617efa3dc60a381eae697537c717c9f86b8377fd7e3cc,81e3688c295186d2f578d7ca6f32b326d9ca4e8d9527e491801f79ec54f9d79a,23b4e1f4f45babc0dbe617efa3dc60a381eae697537c717c9f86b8377fd7e3cc,81e3688c295186d2f578d7ca6f32b326d9ca4e8d9527e491801f79ec54f9d79a,2fd62fa626c7afb41122cd4a5ec707113bdde43d9689ac7feb56ee137b72c77d,-0.6144765453072039,False
131,2,identity,none,identity,0.7,test,Target-Only,1.7703246507416481,0.7975867495842054,0.7854502380516388,0.7892470472440944,0.15384615384615385,0.4731282179487303,-0.392585583289898,0.734375,128,target_only,none,[],d60c5817b9278dea0a26ec93b96539a38f55b3ca8c4aeca843577f991d044fc5,identity,23b4e1f4f45babc0dbe617efa3dc60a381eae697537c717c9f86b8377fd7e3cc,396ab259651567d692df87c69d29b7955beba97bbe4f4d30fd8c8b5d2922632b,23b4e1f4f45babc0dbe617efa3dc60a381eae697537c717c9f86b8377fd7e3cc,396ab259651567d692df87c69d29b7955beba97bbe4f4d30fd8c8b5d2922632b,0e4094ecb4b0595bbda27b2308447c4beb0c6c805007d6fd77bb2eaf0feb1b1a,0.0,False
131,2,identity,none,identity,0.7,test,Geometry-Prior+Residual,1.4861943323193125,0.9386954758998121,0.8099535341512543,0.8118848425196851,0.5384615384615384,0.0022592501709307856,0.15627692794471632,0.4765625,128,calibrated,geometry,[0.20809795559737318],d60c5817b9278dea0a26ec93b96539a38f55b3ca8c4aeca843577f991d044fc5,identity,23b4e1f4f45babc0dbe617efa3dc60a381eae697537c717c9f86b8377fd7e3cc,396ab259651567d692df87c69d29b7955beba97bbe4f4d30fd8c8b5d2922632b,23b4e1f4f45babc0dbe617efa3dc60a381eae697537c717c9f86b8377fd7e3cc,396ab259651567d692df87c69d29b7955beba97bbe4f4d30fd8c8b5d2922632b,0e4094ecb4b0595bbda27b2308447c4beb0c6c805007d6fd77bb2eaf0feb1b1a,-0.2841303184223356,False
131,2,identity,none,identity,0.7,test,Oracle-Rank+Residual,0.7218234666863803,0.990650309745315,0.8452778795092473,0.8398129921259843,0.8461538461538461,0.0,-0.22635095790759446,0.6640625,128,calibrated,oracle_rank,[0.2525163580248518],d60c5817b9278dea0a26ec93b96539a38f55b3ca8c4aeca843577f991d044fc5,identity,23b4e1f4f45babc0dbe617efa3dc60a381eae697537c717c9f86b8377fd7e3cc,396ab259651567d692df87c69d29b7955beba97bbe4f4d30fd8c8b5d2922632b,23b4e1f4f45babc0dbe617efa3dc60a381eae697537c717c9f86b8377fd7e3cc,396ab259651567d692df87c69d29b7955beba97bbe4f4d30fd8c8b5d2922632b,0e4094ecb4b0595bbda27b2308447c4beb0c6c805007d6fd77bb2eaf0feb1b1a,-1.0485011840552678,False
131,2,identity,none,identity,0.7,test,Oracle-Value+Residual,0.17586359551321828,0.999292262297564,0.9303985075993406,0.905511811023622,1.0,0.0,-2.464745526021832,0.6796875,128,calibrated,oracle_value,[0.26200602855088706],d60c5817b9278dea0a26ec93b96539a38f55b3ca8c4aeca843577f991d044fc5,identity,23b4e1f4f45babc0dbe617efa3dc60a381eae697537c717c9f86b8377fd7e3cc,396ab259651567d692df87c69d29b7955beba97bbe4f4d30fd8c8b5d2922632b,23b4e1f4f45babc0dbe617efa3dc60a381eae697537c717c9f86b8377fd7e3cc,396ab259651567d692df87c69d29b7955beba97bbe4f4d30fd8c8b5d2922632b,0e4094ecb4b0595bbda27b2308447c4beb0c6c805007d6fd77bb2eaf0feb1b1a,-1.5944610552284297,False
131,2,identity,none,identity,0.7,test,Oracle-Rank+Value+Residual,0.2971767336131875,0.9972291029264442,0.8872173136788134,0.87376968503937,1.0,0.0,-0.9700977663961228,0.609375,128,calibrated,oracle_rank|oracle_value,"[0.09249767381171549, 0.17958730899220834]",d60c5817b9278dea0a26ec93b96539a38f55b3ca8c4aeca843577f991d044fc5,identity,23b4e1f4f45babc0dbe617efa3dc60a381eae697537c717c9f86b8377fd7e3cc,396ab259651567d692df87c69d29b7955beba97bbe4f4d30fd8c8b5d2922632b,23b4e1f4f45babc0dbe617efa3dc60a381eae697537c717c9f86b8377fd7e3cc,396ab259651567d692df87c69d29b7955beba97bbe4f4d30fd8c8b5d2922632b,0e4094ecb4b0595bbda27b2308447c4beb0c6c805007d6fd77bb2eaf0feb1b1a,-1.4731479171284607,False
131,2,identity,none,identity,1.0,test,Target-Only,0.9758297570166106,0.7675970574102297,0.6699951931880608,0.7405265748031497,0.07692307692307693,0.2572205209644783,0.4087163440289376,0.7421875,128,target_only,none,[],d60c5817b9278dea0a26ec93b96539a38f55b3ca8c4aeca843577f991d044fc5,identity,23b4e1f4f45babc0dbe617efa3dc60a381eae697537c717c9f86b8377fd7e3cc,67fd0fe64eb401a1173567fcdc1c0e3d5de167668ed313f440d7be75dcaf1b00,23b4e1f4f45babc0dbe617efa3dc60a381eae697537c717c9f86b8377fd7e3cc,67fd0fe64eb401a1173567fcdc1c0e3d5de167668ed313f440d7be75dcaf1b00,ab6b13ac5e25618b082a0880d663c613ed2ce5e8a18bfc1a02ade1cb8a89301b,0.0,False
131,2,identity,none,identity,1.0,test,Geometry-Prior+Residual,0.7138616667571421,0.9491622785971383,0.7272763687969236,0.7775590551181102,0.5384615384615384,0.0,0.7401691995131882,0.609375,128,calibrated,geometry,[0.20809795559737318],d60c5817b9278dea0a26ec93b96539a38f55b3ca8c4aeca843577f991d044fc5,identity,23b4e1f4f45babc0dbe617efa3dc60a381eae697537c717c9f86b8377fd7e3cc,67fd0fe64eb401a1173567fcdc1c0e3d5de167668ed313f440d7be75dcaf1b00,23b4e1f4f45babc0dbe617efa3dc60a381eae697537c717c9f86b8377fd7e3cc,67fd0fe64eb401a1173567fcdc1c0e3d5de167668ed313f440d7be75dcaf1b00,ab6b13ac5e25618b082a0880d663c613ed2ce5e8a18bfc1a02ade1cb8a89301b,-0.26196809025946843,False
131,2,identity,none,identity,1.0,test,Oracle-Rank+Residual,0.5234006145535444,0.9943669205335868,0.8852831441127997,0.8587598425196851,0.9230769230769231,0.0,4.068072170832231,0.46875,128,calibrated,oracle_rank,[0.2525163580248518],d60c5817b9278dea0a26ec93b96539a38f55b3ca8c4aeca843577f991d044fc5,identity,23b4e1f4f45babc0dbe617efa3dc60a381eae697537c717c9f86b8377fd7e3cc,67fd0fe64eb401a1173567fcdc1c0e3d5de167668ed313f440d7be75dcaf1b00,23b4e1f4f45babc0dbe617efa3dc60a381eae697537c717c9f86b8377fd7e3cc,67fd0fe64eb401a1173567fcdc1c0e3d5de167668ed313f440d7be75dcaf1b00,ab6b13ac5e25618b082a0880d663c613ed2ce5e8a18bfc1a02ade1cb8a89301b,-0.4524291424630662,False
131,2,identity,none,identity,1.0,test,Oracle-Value+Residual,0.09176085073533381,0.999893849125673,0.9835881706647133,0.9544783464566929,1.0,0.0,0.3133995561637914,0.515625,128,calibrated,oracle_value,[0.26200602855088706],d60c5817b9278dea0a26ec93b96539a38f55b3ca8c4aeca843577f991d044fc5,identity,23b4e1f4f45babc0dbe617efa3dc60a381eae697537c717c9f86b8377fd7e3cc,67fd0fe64eb401a1173567fcdc1c0e3d5de167668ed313f440d7be75dcaf1b00,23b4e1f4f45babc0dbe617efa3dc60a381eae697537c717c9f86b8377fd7e3cc,67fd0fe64eb401a1173567fcdc1c0e3d5de167668ed313f440d7be75dcaf1b00,ab6b13ac5e25618b082a0880d663c613ed2ce5e8a18bfc1a02ade1cb8a89301b,-0.8840689062812768,False
131,2,identity,none,identity,1.0,test,Oracle-Rank+Value+Residual,0.19765696403514524,0.9993540346069127,0.9629818256729535,0.9272883858267716,1.0,0.0,3.706694569430231,0.4140625,128,calibrated,oracle_rank|oracle_value,"[0.09249767381171549, 0.17958730899220834]",d60c5817b9278dea0a26ec93b96539a38f55b3ca8c4aeca843577f991d044fc5,identity,23b4e1f4f45babc0dbe617efa3dc60a381eae697537c717c9f86b8377fd7e3cc,67fd0fe64eb401a1173567fcdc1c0e3d5de167668ed313f440d7be75dcaf1b00,23b4e1f4f45babc0dbe617efa3dc60a381eae697537c717c9f86b8377fd7e3cc,67fd0fe64eb401a1173567fcdc1c0e3d5de167668ed313f440d7be75dcaf1b00,ab6b13ac5e25618b082a0880d663c613ed2ce5e8a18bfc1a02ade1cb8a89301b,-0.7781727929814654,False
131,2,identity,identity_label_permutation,identity_label_permutation,0.35,test,Target-Only,0.6900938443985635,0.8335763707341415,0.8515210126350485,0.8224655511811023,0.23076923076923078,0.07627424676549366,-1.9725986074660942,1.0,128,target_only,none,[],872ea41715dc030651e00f4abf267702303fc5ea32b56aa0250d5dab2d553f4a,identity,23b4e1f4f45babc0dbe617efa3dc60a381eae697537c717c9f86b8377fd7e3cc,81e3688c295186d2f578d7ca6f32b326d9ca4e8d9527e491801f79ec54f9d79a,23b4e1f4f45babc0dbe617efa3dc60a381eae697537c717c9f86b8377fd7e3cc,81e3688c295186d2f578d7ca6f32b326d9ca4e8d9527e491801f79ec54f9d79a,2fd62fa626c7afb41122cd4a5ec707113bdde43d9689ac7feb56ee137b72c77d,0.0,False
131,2,identity,identity_label_permutation,identity_label_permutation,0.35,test,Geometry-Prior+Residual,0.554256862231198,0.9044039727318165,0.8814319721662699,0.84498031496063,0.46153846153846156,0.07627424676549366,-2.096741634473025,0.84375,128,calibrated,geometry,[0.20809795559737318],872ea41715dc030651e00f4abf267702303fc5ea32b56aa0250d5dab2d553f4a,identity,23b4e1f4f45babc0dbe617efa3dc60a381eae697537c717c9f86b8377fd7e3cc,81e3688c295186d2f578d7ca6f32b326d9ca4e8d9527e491801f79ec54f9d79a,23b4e1f4f45babc0dbe617efa3dc60a381eae697537c717c9f86b8377fd7e3cc,81e3688c295186d2f578d7ca6f32b326d9ca4e8d9527e491801f79ec54f9d79a,2fd62fa626c7afb41122cd4a5ec707113bdde43d9689ac7feb56ee137b72c77d,-0.1358369821673655,False
131,2,identity,identity_label_permutation,identity_label_permutation,0.35,test,Oracle-Rank+Residual,0.7708465021024866,0.83227964027272,0.8470632668009521,0.8259104330708661,0.23076923076923078,0.07627424676549366,-1.9078736406014634,1.0,128,calibrated,oracle_rank,[0.013829953062866997],872ea41715dc030651e00f4abf267702303fc5ea32b56aa0250d5dab2d553f4a,identity,23b4e1f4f45babc0dbe617efa3dc60a381eae697537c717c9f86b8377fd7e3cc,81e3688c295186d2f578d7ca6f32b326d9ca4e8d9527e491801f79ec54f9d79a,23b4e1f4f45babc0dbe617efa3dc60a381eae697537c717c9f86b8377fd7e3cc,81e3688c295186d2f578d7ca6f32b326d9ca4e8d9527e491801f79ec54f9d79a,2fd62fa626c7afb41122cd4a5ec707113bdde43d9689ac7feb56ee137b72c77d,0.08075265770392315,True
131,2,identity,identity_label_permutation,identity_label_permutation,0.35,test,Oracle-Value+Residual,1.118071857334739,0.7709135239116249,0.8140107123237502,0.8051181102362205,0.07692307692307693,0.2121238132747259,-1.5013540281464794,0.8671875,128,calibrated,oracle_value,[0.07894131459478221],872ea41715dc030651e00f4abf267702303fc5ea32b56aa0250d5dab2d553f4a,identity,23b4e1f4f45babc0dbe617efa3dc60a381eae697537c717c9f86b8377fd7e3cc,81e3688c295186d2f578d7ca6f32b326d9ca4e8d9527e491801f79ec54f9d79a,23b4e1f4f45babc0dbe617efa3dc60a381eae697537c717c9f86b8377fd7e3cc,81e3688c295186d2f578d7ca6f32b326d9ca4e8d9527e491801f79ec54f9d79a,2fd62fa626c7afb41122cd4a5ec707113bdde43d9689ac7feb56ee137b72c77d,0.42797801293617554,True
131,2,identity,identity_label_permutation,identity_label_permutation,0.35,test,Oracle-Rank+Value+Residual,1.1180718573855022,0.7709135239116249,0.8140107123237502,0.8051181102362205,0.07692307692307693,0.2121238132747259,-1.501354028091553,0.8671875,128,calibrated,oracle_rank|oracle_value,"[8.862157226109388e-12, 0.07894131458892455]",872ea41715dc030651e00f4abf267702303fc5ea32b56aa0250d5dab2d553f4a,identity,23b4e1f4f45babc0dbe617efa3dc60a381eae697537c717c9f86b8377fd7e3cc,81e3688c295186d2f578d7ca6f32b326d9ca4e8d9527e491801f79ec54f9d79a,23b4e1f4f45babc0dbe617efa3dc60a381eae697537c717c9f86b8377fd7e3cc,81e3688c295186d2f578d7ca6f32b326d9ca4e8d9527e491801f79ec54f9d79a,2fd62fa626c7afb41122cd4a5ec707113bdde43d9689ac7feb56ee137b72c77d,0.4279780129869387,True
131,2,identity,identity_label_permutation,identity_label_permutation,0.7,test,Target-Only,1.7703246507416481,0.7975867495842054,0.7854502380516388,0.7892470472440944,0.15384615384615385,0.4731282179487303,-0.392585583289898,0.734375,128,target_only,none,[],872ea41715dc030651e00f4abf267702303fc5ea32b56aa0250d5dab2d553f4a,identity,23b4e1f4f45babc0dbe617efa3dc60a381eae697537c717c9f86b8377fd7e3cc,396ab259651567d692df87c69d29b7955beba97bbe4f4d30fd8c8b5d2922632b,23b4e1f4f45babc0dbe617efa3dc60a381eae697537c717c9f86b8377fd7e3cc,396ab259651567d692df87c69d29b7955beba97bbe4f4d30fd8c8b5d2922632b,0e4094ecb4b0595bbda27b2308447c4beb0c6c805007d6fd77bb2eaf0feb1b1a,0.0,False
131,2,identity,identity_label_permutation,identity_label_permutation,0.7,test,Geometry-Prior+Residual,1.4861943323193125,0.9386954758998121,0.8099535341512543,0.8118848425196851,0.5384615384615384,0.0022592501709307856,0.15627692794471632,0.4765625,128,calibrated,geometry,[0.20809795559737318],872ea41715dc030651e00f4abf267702303fc5ea32b56aa0250d5dab2d553f4a,identity,23b4e1f4f45babc0dbe617efa3dc60a381eae697537c717c9f86b8377fd7e3cc,396ab259651567d692df87c69d29b7955beba97bbe4f4d30fd8c8b5d2922632b,23b4e1f4f45babc0dbe617efa3dc60a381eae697537c717c9f86b8377fd7e3cc,396ab259651567d692df87c69d29b7955beba97bbe4f4d30fd8c8b5d2922632b,0e4094ecb4b0595bbda27b2308447c4beb0c6c805007d6fd77bb2eaf0feb1b1a,-0.2841303184223356,False
131,2,identity,identity_label_permutation,identity_label_permutation,0.7,test,Oracle-Rank+Residual,1.8936276222956283,0.7709135239116249,0.7760426203991942,0.7860482283464567,0.07692307692307693,0.4731282179487303,-0.17771310092695486,0.65625,128,calibrated,oracle_rank,[0.013829953062866997],872ea41715dc030651e00f4abf267702303fc5ea32b56aa0250d5dab2d553f4a,identity,23b4e1f4f45babc0dbe617efa3dc60a381eae697537c717c9f86b8377fd7e3cc,396ab259651567d692df87c69d29b7955beba97bbe4f4d30fd8c8b5d2922632b,23b4e1f4f45babc0dbe617efa3dc60a381eae697537c717c9f86b8377fd7e3cc,396ab259651567d692df87c69d29b7955beba97bbe4f4d30fd8c8b5d2922632b,0e4094ecb4b0595bbda27b2308447c4beb0c6c805007d6fd77bb2eaf0feb1b1a,0.12330297155398018,True
131,2,identity,identity_label_permutation,identity_label_permutation,0.7,test,Oracle-Value+Residual,2.234019816267121,0.7161614716537664,0.8006260300311299,0.7988435039370079,0.0,0.6410124533147437,0.8449203566097335,0.609375,128,calibrated,oracle_value,[0.07894131459478221],872ea41715dc030651e00f4abf267702303fc5ea32b56aa0250d5dab2d553f4a,identity,23b4e1f4f45babc0dbe617efa3dc60a381eae697537c717c9f86b8377fd7e3cc,396ab259651567d692df87c69d29b7955beba97bbe4f4d30fd8c8b5d2922632b,23b4e1f4f45babc0dbe617efa3dc60a381eae697537c717c9f86b8377fd7e3cc,396ab259651567d692df87c69d29b7955beba97bbe4f4d30fd8c8b5d2922632b,0e4094ecb4b0595bbda27b2308447c4beb0c6c805007d6fd77bb2eaf0feb1b1a,0.46369516552547285,True
131,2,identity,identity_label_permutation,identity_label_permutation,0.7,test,Oracle-Rank+Value+Residual,2.2340198163448766,0.7161614716537664,0.8006260300311299,0.7988435039370079,0.0,0.6410124533147437,0.8449203567621715,0.609375,128,calibrated,oracle_rank|oracle_value,"[8.862157226109388e-12, 0.07894131458892455]",872ea41715dc030651e00f4abf267702303fc5ea32b56aa0250d5dab2d553f4a,identity,23b4e1f4f45babc0dbe617efa3dc60a381eae697537c717c9f86b8377fd7e3cc,396ab259651567d692df87c69d29b7955beba97bbe4f4d30fd8c8b5d2922632b,23b4e1f4f45babc0dbe617efa3dc60a381eae697537c717c9f86b8377fd7e3cc,396ab259651567d692df87c69d29b7955beba97bbe4f4d30fd8c8b5d2922632b,0e4094ecb4b0595bbda27b2308447c4beb0c6c805007d6fd77bb2eaf0feb1b1a,0.46369516560322843,True
131,2,identity,identity_label_permutation,identity_label_permutation,1.0,test,Target-Only,0.9758297570166106,0.7675970574102297,0.6699951931880608,0.7405265748031497,0.07692307692307693,0.2572205209644783,0.4087163440289376,0.7421875,128,target_only,none,[],872ea41715dc030651e00f4abf267702303fc5ea32b56aa0250d5dab2d553f4a,identity,23b4e1f4f45babc0dbe617efa3dc60a381eae697537c717c9f86b8377fd7e3cc,67fd0fe64eb401a1173567fcdc1c0e3d5de167668ed313f440d7be75dcaf1b00,23b4e1f4f45babc0dbe617efa3dc60a381eae697537c717c9f86b8377fd7e3cc,67fd0fe64eb401a1173567fcdc1c0e3d5de167668ed313f440d7be75dcaf1b00,ab6b13ac5e25618b082a0880d663c613ed2ce5e8a18bfc1a02ade1cb8a89301b,0.0,False
131,2,identity,identity_label_permutation,identity_label_permutation,1.0,test,Geometry-Prior+Residual,0.7138616667571421,0.9491622785971383,0.7272763687969236,0.7775590551181102,0.5384615384615384,0.0,0.7401691995131882,0.609375,128,calibrated,geometry,[0.20809795559737318],872ea41715dc030651e00f4abf267702303fc5ea32b56aa0250d5dab2d553f4a,identity,23b4e1f4f45babc0dbe617efa3dc60a381eae697537c717c9f86b8377fd7e3cc,67fd0fe64eb401a1173567fcdc1c0e3d5de167668ed313f440d7be75dcaf1b00,23b4e1f4f45babc0dbe617efa3dc60a381eae697537c717c9f86b8377fd7e3cc,67fd0fe64eb401a1173567fcdc1c0e3d5de167668ed313f440d7be75dcaf1b00,ab6b13ac5e25618b082a0880d663c613ed2ce5e8a18bfc1a02ade1cb8a89301b,-0.26196809025946843,False
131,2,identity,identity_label_permutation,identity_label_permutation,1.0,test,Oracle-Rank+Residual,1.0493467662592004,0.7051212343699689,0.6474260666544589,0.7287155511811023,0.0,0.3000749595804774,0.6654120830414725,0.7421875,128,calibrated,oracle_rank,[0.013829953062866997],872ea41715dc030651e00f4abf267702303fc5ea32b56aa0250d5dab2d553f4a,identity,23b4e1f4f45babc0dbe617efa3dc60a381eae697537c717c9f86b8377fd7e3cc,67fd0fe64eb401a1173567fcdc1c0e3d5de167668ed313f440d7be75dcaf1b00,23b4e1f4f45babc0dbe617efa3dc60a381eae697537c717c9f86b8377fd7e3cc,67fd0fe64eb401a1173567fcdc1c0e3d5de167668ed313f440d7be75dcaf1b00,ab6b13ac5e25618b082a0880d663c613ed2ce5e8a18bfc1a02ade1cb8a89301b,0.07351700924258986,True
131,2,identity,identity_label_permutation,identity_label_permutation,1.0,test,Oracle-Value+Residual,1.2035682506690788,0.7962414796883367,0.6754429133858267,0.7450787401574803,0.38461538461538464,0.07529975827220095,1.4326130221999023,0.71875,128,calibrated,oracle_value,[0.07894131459478221],872ea41715dc030651e00f4abf267702303fc5ea32b56aa0250d5dab2d553f4a,identity,23b4e1f4f45babc0dbe617efa3dc60a381eae697537c717c9f86b8377fd7e3cc,67fd0fe64eb401a1173567fcdc1c0e3d5de167668ed313f440d7be75dcaf1b00,23b4e1f4f45babc0dbe617efa3dc60a381eae697537c717c9f86b8377fd7e3cc,67fd0fe64eb401a1173567fcdc1c0e3d5de167668ed313f440d7be75dcaf1b00,ab6b13ac5e25618b082a0880d663c613ed2ce5e8a18bfc1a02ade1cb8a89301b,0.22773849365246823,True
131,2,identity,identity_label_permutation,identity_label_permutation,1.0,test,Oracle-Rank+Value+Residual,1.2035682507071113,0.7962414796883367,0.6754429133858267,0.7450787401574803,0.38461538461538464,0.07529975827220095,1.4326130223429017,0.71875,128,calibrated,oracle_rank|oracle_value,"[8.862157226109388e-12, 0.07894131458892455]",872ea41715dc030651e00f4abf267702303fc5ea32b56aa0250d5dab2d553f4a,identity,23b4e1f4f45babc0dbe617efa3dc60a381eae697537c717c9f86b8377fd7e3cc,67fd0fe64eb401a1173567fcdc1c0e3d5de167668ed313f440d7be75dcaf1b00,23b4e1f4f45babc0dbe617efa3dc60a381eae697537c717c9f86b8377fd7e3cc,67fd0fe64eb401a1173567fcdc1c0e3d5de167668ed313f440d7be75dcaf1b00,ab6b13ac5e25618b082a0880d663c613ed2ce5e8a18bfc1a02ade1cb8a89301b,0.2277384936905007,True
131,2,output_affine,none,output_affine,0.35,test,Target-Only,0.6900938443985628,0.8335763707341415,0.8515210126350485,0.8224655511811023,0.23076923076923078,0.07627424676549388,-1.0563078755919384,1.0,128,target_only,none,[],d60c5817b9278dea0a26ec93b96539a38f55b3ca8c4aeca843577f991d044fc5,output_affine,23b4e1f4f45babc0dbe617efa3dc60a381eae697537c717c9f86b8377fd7e3cc,81e3688c295186d2f578d7ca6f32b326d9ca4e8d9527e491801f79ec54f9d79a,23b4e1f4f45babc0dbe617efa3dc60a381eae697537c717c9f86b8377fd7e3cc,81e3688c295186d2f578d7ca6f32b326d9ca4e8d9527e491801f79ec54f9d79a,988cc0b6d50699aa78b9c5b0f7a0370fdd6ae825e1072013947eddddbcb82be6,0.0,False
131,2,output_affine,none,output_affine,0.35,test,Geometry-Prior+Residual,0.5542568622311973,0.9044039727318165,0.8814319721662699,0.84498031496063,0.46153846153846156,0.07627424676549388,-1.1804509025988708,0.84375,128,calibrated,geometry,[0.520244888993433],d60c5817b9278dea0a26ec93b96539a38f55b3ca8c4aeca843577f991d044fc5,output_affine,23b4e1f4f45babc0dbe617efa3dc60a381eae697537c717c9f86b8377fd7e3cc,81e3688c295186d2f578d7ca6f32b326d9ca4e8d9527e491801f79ec54f9d79a,23b4e1f4f45babc0dbe617efa3dc60a381eae697537c717c9f86b8377fd7e3cc,81e3688c295186d2f578d7ca6f32b326d9ca4e8d9527e491801f79ec54f9d79a,988cc0b6d50699aa78b9c5b0f7a0370fdd6ae825e1072013947eddddbcb82be6,-0.1358369821673655,False
131,2,output_affine,none,output_affine,0.35,test,Oracle-Rank+Residual,0.2137705681533321,0.9794272255285077,0.9404756454861746,0.9076033464566929,0.7692307692307693,0.0,-2.166626201507408,0.8828125,128,calibrated,oracle_rank,[0.6312908950621294],d60c5817b9278dea0a26ec93b96539a38f55b3ca8c4aeca843577f991d044fc5,output_affine,23b4e1f4f45babc0dbe617efa3dc60a381eae697537c717c9f86b8377fd7e3cc,81e3688c295186d2f578d7ca6f32b326d9ca4e8d9527e491801f79ec54f9d79a,23b4e1f4f45babc0dbe617efa3dc60a381eae697537c717c9f86b8377fd7e3cc,81e3688c295186d2f578d7ca6f32b326d9ca4e8d9527e491801f79ec54f9d79a,988cc0b6d50699aa78b9c5b0f7a0370fdd6ae825e1072013947eddddbcb82be6,-0.47632327624523074,False
131,2,output_affine,none,output_affine,0.35,test,Oracle-Value+Residual,0.048647124355102926,0.9998961427332715,0.973213468229262,0.9542322834645669,1.0,0.0,-3.6538221168101988,1.0,128,calibrated,oracle_value,[0.6550150713772176],d60c5817b9278dea0a26ec93b96539a38f55b3ca8c4aeca843577f991d044fc5,output_affine,23b4e1f4f45babc0dbe617efa3dc60a381eae697537c717c9f86b8377fd7e3cc,81e3688c295186d2f578d7ca6f32b326d9ca4e8d9527e491801f79ec54f9d79a,23b4e1f4f45babc0dbe617efa3dc60a381eae697537c717c9f86b8377fd7e3cc,81e3688c295186d2f578d7ca6f32b326d9ca4e8d9527e491801f79ec54f9d79a,988cc0b6d50699aa78b9c5b0f7a0370fdd6ae825e1072013947eddddbcb82be6,-0.6414467200434599,False
131,2,output_affine,none,output_affine,0.35,test,Oracle-Rank+Value+Residual,0.07561729909135946,0.9970568405434524,0.9582494048709026,0.9328248031496063,1.0,0.0,-3.2157712793002884,1.0,128,calibrated,oracle_rank|oracle_value,"[0.23124418452928866, 0.44896827248052096]",d60c5817b9278dea0a26ec93b96539a38f55b3ca8c4aeca843577f991d044fc5,output_affine,23b4e1f4f45babc0dbe617efa3dc60a381eae697537c717c9f86b8377fd7e3cc,81e3688c295186d2f578d7ca6f32b326d9ca4e8d9527e491801f79ec54f9d79a,23b4e1f4f45babc0dbe617efa3dc60a381eae697537c717c9f86b8377fd7e3cc,81e3688c295186d2f578d7ca6f32b326d9ca4e8d9527e491801f79ec54f9d79a,988cc0b6d50699aa78b9c5b0f7a0370fdd6ae825e1072013947eddddbcb82be6,-0.6144765453072033,False
131,2,output_affine,none,output_affine,0.7,test,Target-Only,1.7703246507416477,0.7975867495842054,0.7854502380516388,0.7892470472440944,0.15384615384615385,0.47312821794872983,0.5237051485842577,0.734375,128,target_only,none,[],d60c5817b9278dea0a26ec93b96539a38f55b3ca8c4aeca843577f991d044fc5,output_affine,23b4e1f4f45babc0dbe617efa3dc60a381eae697537c717c9f86b8377fd7e3cc,396ab259651567d692df87c69d29b7955beba97bbe4f4d30fd8c8b5d2922632b,23b4e1f4f45babc0dbe617efa3dc60a381eae697537c717c9f86b8377fd7e3cc,396ab259651567d692df87c69d29b7955beba97bbe4f4d30fd8c8b5d2922632b,8d0b593033ac75f91e42d3ef9c3e786bc4176b60ce6c037309726fc7f1361b1d,0.0,False
131,2,output_affine,none,output_affine,0.7,test,Geometry-Prior+Residual,1.4861943323193125,0.9386954758998121,0.8099535341512543,0.8118848425196851,0.5384615384615384,0.002259250170930483,1.072567659818872,0.4765625,128,calibrated,geometry,[0.520244888993433],d60c5817b9278dea0a26ec93b96539a38f55b3ca8c4aeca843577f991d044fc5,output_affine,23b4e1f4f45babc0dbe617efa3dc60a381eae697537c717c9f86b8377fd7e3cc,396ab259651567d692df87c69d29b7955beba97bbe4f4d30fd8c8b5d2922632b,23b4e1f4f45babc0dbe617efa3dc60a381eae697537c717c9f86b8377fd7e3cc,396ab259651567d692df87c69d29b7955beba97bbe4f4d30fd8c8b5d2922632b,8d0b593033ac75f91e42d3ef9c3e786bc4176b60ce6c037309726fc7f1361b1d,-0.28413031842233516,False
131,2,output_affine,none,output_affine,0.7,test,Oracle-Rank+Residual,0.7218234666863806,0.990650309745315,0.8452778795092473,0.8398129921259843,0.8461538461538461,0.0,0.6899397739665591,0.6640625,128,calibrated,oracle_rank,[0.6312908950621294],d60c5817b9278dea0a26ec93b96539a38f55b3ca8c4aeca843577f991d044fc5,output_affine,23b4e1f4f45babc0dbe617efa3dc60a381eae697537c717c9f86b8377fd7e3cc,396ab259651567d692df87c69d29b7955beba97bbe4f4d30fd8c8b5d2922632b,23b4e1f4f45babc0dbe617efa3dc60a381eae697537c717c9f86b8377fd7e3cc,396ab259651567d692df87c69d29b7955beba97bbe4f4d30fd8c8b5d2922632b,8d0b593033ac75f91e42d3ef9c3e786bc4176b60ce6c037309726fc7f1361b1d,-1.048501184055267,False
131,2,output_affine,none,output_affine,0.7,test,Oracle-Value+Residual,0.17586359551321895,0.999292262297564,0.9303985075993406,0.905511811023622,1.0,0.0,-1.5484547941476694,0.6796875,128,calibrated,oracle_value,[0.6550150713772176],d60c5817b9278dea0a26ec93b96539a38f55b3ca8c4aeca843577f991d044fc5,output_affine,23b4e1f4f45babc0dbe617efa3dc60a381eae697537c717c9f86b8377fd7e3cc,396ab259651567d692df87c69d29b7955beba97bbe4f4d30fd8c8b5d2922632b,23b4e1f4f45babc0dbe617efa3dc60a381eae697537c717c9f86b8377fd7e3cc,396ab259651567d692df87c69d29b7955beba97bbe4f4d30fd8c8b5d2922632b,8d0b593033ac75f91e42d3ef9c3e786bc4176b60ce6c037309726fc7f1361b1d,-1.5944610552284288,False
131,2,output_affine,none,output_affine,0.7,test,Oracle-Rank+Value+Residual,0.29717673361318736,0.9972291029264442,0.8872173136788134,0.87376968503937,1.0,0.0,-0.05380703452198593,0.609375,128,calibrated,oracle_rank|oracle_value,"[0.23124418452928866, 0.44896827248052096]",d60c5817b9278dea0a26ec93b96539a38f55b3ca8c4aeca843577f991d044fc5,output_affine,23b4e1f4f45babc0dbe617efa3dc60a381eae697537c717c9f86b8377fd7e3cc,396ab259651567d692df87c69d29b7955beba97bbe4f4d30fd8c8b5d2922632b,23b4e1f4f45babc0dbe617efa3dc60a381eae697537c717c9f86b8377fd7e3cc,396ab259651567d692df87c69d29b7955beba97bbe4f4d30fd8c8b5d2922632b,8d0b593033ac75f91e42d3ef9c3e786bc4176b60ce6c037309726fc7f1361b1d,-1.4731479171284603,False
131,2,output_affine,none,output_affine,1.0,test,Target-Only,0.9758297570166105,0.7675970574102297,0.6699951931880608,0.7405265748031497,0.07692307692307693,0.2572205209644783,1.325007075903093,0.7421875,128,target_only,none,[],d60c5817b9278dea0a26ec93b96539a38f55b3ca8c4aeca843577f991d044fc5,output_affine,23b4e1f4f45babc0dbe617efa3dc60a381eae697537c717c9f86b8377fd7e3cc,67fd0fe64eb401a1173567fcdc1c0e3d5de167668ed313f440d7be75dcaf1b00,23b4e1f4f45babc0dbe617efa3dc60a381eae697537c717c9f86b8377fd7e3cc,67fd0fe64eb401a1173567fcdc1c0e3d5de167668ed313f440d7be75dcaf1b00,d2432080a55b20e05f450117f2727a94b2e1b955432e445d843dacb844325763,0.0,False
131,2,output_affine,none,output_affine,1.0,test,Geometry-Prior+Residual,0.7138616667571424,0.9491622785971383,0.7272763687969236,0.7775590551181102,0.5384615384615384,0.0,1.656459931387345,0.609375,128,calibrated,geometry,[0.520244888993433],d60c5817b9278dea0a26ec93b96539a38f55b3ca8c4aeca843577f991d044fc5,output_affine,23b4e1f4f45babc0dbe617efa3dc60a381eae697537c717c9f86b8377fd7e3cc,67fd0fe64eb401a1173567fcdc1c0e3d5de167668ed313f440d7be75dcaf1b00,23b4e1f4f45babc0dbe617efa3dc60a381eae697537c717c9f86b8377fd7e3cc,67fd0fe64eb401a1173567fcdc1c0e3d5de167668ed313f440d7be75dcaf1b00,d2432080a55b20e05f450117f2727a94b2e1b955432e445d843dacb844325763,-0.2619680902594681,False
131,2,output_affine,none,output_affine,1.0,test,Oracle-Rank+Residual,0.5234006145535446,0.9943669205335868,0.8852831441127997,0.8587598425196851,0.9230769230769231,0.0,4.984362902706375,0.46875,128,calibrated,oracle_rank,[0.6312908950621294],d60c5817b9278dea0a26ec93b96539a38f55b3ca8c4aeca843577f991d044fc5,output_affine,23b4e1f4f45babc0dbe617efa3dc60a381eae697537c717c9f86b8377fd7e3cc,67fd0fe64eb401a1173567fcdc1c0e3d5de167668ed313f440d7be75dcaf1b00,23b4e1f4f45babc0dbe617efa3dc60a381eae697537c717c9f86b8377fd7e3cc,67fd0fe64eb401a1173567fcdc1c0e3d5de167668ed313f440d7be75dcaf1b00,d2432080a55b20e05f450117f2727a94b2e1b955432e445d843dacb844325763,-0.45242914246306587,False
131,2,output_affine,none,output_affine,1.0,test,Oracle-Value+Residual,0.09176085073533399,0.999893849125673,0.9835881706647133,0.9544783464566929,1.0,0.0,1.2296902880379181,0.515625,128,calibrated,oracle_value,[0.6550150713772176],d60c5817b9278dea0a26ec93b96539a38f55b3ca8c4aeca843577f991d044fc5,output_affine,23b4e1f4f45babc0dbe617efa3dc60a381eae697537c717c9f86b8377fd7e3cc,67fd0fe64eb401a1173567fcdc1c0e3d5de167668ed313f440d7be75dcaf1b00,23b4e1f4f45babc0dbe617efa3dc60a381eae697537c717c9f86b8377fd7e3cc,67fd0fe64eb401a1173567fcdc1c0e3d5de167668ed313f440d7be75dcaf1b00,d2432080a55b20e05f450117f2727a94b2e1b955432e445d843dacb844325763,-0.8840689062812764,False
131,2,output_affine,none,output_affine,1.0,test,Oracle-Rank+Value+Residual,0.1976569640351457,0.9993540346069127,0.9629818256729535,0.9272883858267716,1.0,0.0,4.6229853013044,0.4140625,128,calibrated,oracle_rank|oracle_value,"[0.23124418452928866, 0.44896827248052096]",d60c5817b9278dea0a26ec93b96539a38f55b3ca8c4aeca843577f991d044fc5,output_affine,23b4e1f4f45babc0dbe617efa3dc60a381eae697537c717c9f86b8377fd7e3cc,67fd0fe64eb401a1173567fcdc1c0e3d5de167668ed313f440d7be75dcaf1b00,23b4e1f4f45babc0dbe617efa3dc60a381eae697537c717c9f86b8377fd7e3cc,67fd0fe64eb401a1173567fcdc1c0e3d5de167668ed313f440d7be75dcaf1b00,d2432080a55b20e05f450117f2727a94b2e1b955432e445d843dacb844325763,-0.7781727929814648,False
131,2,scale_0.7,none,scale_0.7,0.35,test,Target-Only,0.6526525534030072,0.8659905393260569,0.8050208295184031,0.8024114173228346,0.3076923076923077,0.04849871594418894,-2.57515653011253,1.0,128,target_only,none,[],d60c5817b9278dea0a26ec93b96539a38f55b3ca8c4aeca843577f991d044fc5,scale_0.7,092a0337a0069bd91d03f8477c9d4b9ef3d57b94f9923f48fe1673ea0ce8636a,638c8c524587637165298a1b7408301c45d21d1a4c64b86dd6898f8bf36b4878,23b4e1f4f45babc0dbe617efa3dc60a381eae697537c717c9f86b8377fd7e3cc,81e3688c295186d2f578d7ca6f32b326d9ca4e8d9527e491801f79ec54f9d79a,3f3c249c3c929ebaa1e97bd75f47bf5f0544070b41e22a4ea335f9a71597dbc1,0.0,False
131,2,scale_0.7,none,scale_0.7,0.35,test,Geometry-Prior+Residual,0.5534974535797691,0.9313277682473406,0.8371406335835927,0.8227116141732284,0.5384615384615384,0.0005335228616727627,-2.500663834719261,0.7734375,128,calibrated,geometry,[0.1084846012112535],d60c5817b9278dea0a26ec93b96539a38f55b3ca8c4aeca843577f991d044fc5,scale_0.7,092a0337a0069bd91d03f8477c9d4b9ef3d57b94f9923f48fe1673ea0ce8636a,638c8c524587637165298a1b7408301c45d21d1a4c64b86dd6898f8bf36b4878,23b4e1f4f45babc0dbe617efa3dc60a381eae697537c717c9f86b8377fd7e3cc,81e3688c295186d2f578d7ca6f32b326d9ca4e8d9527e491801f79ec54f9d79a,3f3c249c3c929ebaa1e97bd75f47bf5f0544070b41e22a4ea335f9a71597dbc1,-0.09915509982323811,False
131,2,scale_0.7,none,scale_0.7,0.35,test,Oracle-Rank+Residual,0.40809794619048567,0.9510998611268482,0.897260117194653,0.8655265748031497,0.5384615384615384,0.0,1.2115629249894841,0.40625,128,calibrated,oracle_rank,[0.12840805783638234],d60c5817b9278dea0a26ec93b96539a38f55b3ca8c4aeca843577f991d044fc5,scale_0.7,092a0337a0069bd91d03f8477c9d4b9ef3d57b94f9923f48fe1673ea0ce8636a,638c8c524587637165298a1b7408301c45d21d1a4c64b86dd6898f8bf36b4878,23b4e1f4f45babc0dbe617efa3dc60a381eae697537c717c9f86b8377fd7e3cc,81e3688c295186d2f578d7ca6f32b326d9ca4e8d9527e491801f79ec54f9d79a,3f3c249c3c929ebaa1e97bd75f47bf5f0544070b41e22a4ea335f9a71597dbc1,-0.24455460721252154,False
131,2,scale_0.7,none,scale_0.7,0.35,test,Oracle-Value+Residual,0.06358412841732514,0.9984953751754255,0.9909528932429956,0.9707185039370079,0.9230769230769231,0.0,-4.962150403666017,1.0,128,calibrated,oracle_value,[0.13028915743003688],d60c5817b9278dea0a26ec93b96539a38f55b3ca8c4aeca843577f991d044fc5,scale_0.7,092a0337a0069bd91d03f8477c9d4b9ef3d57b94f9923f48fe1673ea0ce8636a,638c8c524587637165298a1b7408301c45d21d1a4c64b86dd6898f8bf36b4878,23b4e1f4f45babc0dbe617efa3dc60a381eae697537c717c9f86b8377fd7e3cc,81e3688c295186d2f578d7ca6f32b326d9ca4e8d9527e491801f79ec54f9d79a,3f3c249c3c929ebaa1e97bd75f47bf5f0544070b41e22a4ea335f9a71597dbc1,-0.5890684249856821,False
131,2,scale_0.7,none,scale_0.7,0.35,test,Oracle-Rank+Value+Residual,0.18563012293103326,0.9830256479957562,0.9668558872001463,0.9293799212598425,0.7692307692307693,0.0,0.1133343242789665,0.40625,128,calibrated,oracle_rank|oracle_value,"[0.05721578876356371, 0.07820192557753444]",d60c5817b9278dea0a26ec93b96539a38f55b3ca8c4aeca843577f991d044fc5,scale_0.7,092a0337a0069bd91d03f8477c9d4b9ef3d57b94f9923f48fe1673ea0ce8636a,638c8c524587637165298a1b7408301c45d21d1a4c64b86dd6898f8bf36b4878,23b4e1f4f45babc0dbe617efa3dc60a381eae697537c717c9f86b8377fd7e3cc,81e3688c295186d2f578d7ca6f32b326d9ca4e8d9527e491801f79ec54f9d79a,3f3c249c3c929ebaa1e97bd75f47bf5f0544070b41e22a4ea335f9a71597dbc1,-0.46702243047197395,False
131,2,scale_0.7,none,scale_0.7,0.7,test,Target-Only,0.9717554150370314,0.8390225791526631,0.6495547976561069,0.7362204724409449,0.23076923076923078,0.12772587823028933,-1.600223340907773,0.78125,128,target_only,none,[],d60c5817b9278dea0a26ec93b96539a38f55b3ca8c4aeca843577f991d044fc5,scale_0.7,092a0337a0069bd91d03f8477c9d4b9ef3d57b94f9923f48fe1673ea0ce8636a,2021184920a038fdfc94f69d17234098586f68f491213c3625b4e1f2a1cdd43d,23b4e1f4f45babc0dbe617efa3dc60a381eae697537c717c9f86b8377fd7e3cc,396ab259651567d692df87c69d29b7955beba97bbe4f4d30fd8c8b5d2922632b,67508520e32fa7c39494d181a4e7da2007cc188c044dd5a15c4faa4c216e2ede,0.0,False
131,2,scale_0.7,none,scale_0.7,0.7,test,Geometry-Prior+Residual,0.9648699051087897,0.9377200289478621,0.6523530488921442,0.734251968503937,0.5384615384615384,0.001450500399021788,-0.7977884537723907,0.5390625,128,calibrated,geometry,[0.1084846012112535],d60c5817b9278dea0a26ec93b96539a38f55b3ca8c4aeca843577f991d044fc5,scale_0.7,092a0337a0069bd91d03f8477c9d4b9ef3d57b94f9923f48fe1673ea0ce8636a,2021184920a038fdfc94f69d17234098586f68f491213c3625b4e1f2a1cdd43d,23b4e1f4f45babc0dbe617efa3dc60a381eae697537c717c9f86b8377fd7e3cc,396ab259651567d692df87c69d29b7955beba97bbe4f4d30fd8c8b5d2922632b,67508520e32fa7c39494d181a4e7da2007cc188c044dd5a15c4faa4c216e2ede,-0.006885509928241773,False
131,2,scale_0.7,none,scale_0.7,0.7,test,Oracle-Rank+Residual,0.5710575195668248,0.9859297932630979,0.8139878227430873,0.8314468503937008,0.7692307692307693,0.0,1.8548542328426136,0.453125,128,calibrated,oracle_rank,[0.12840805783638234],d60c5817b9278dea0a26ec93b96539a38f55b3ca8c4aeca843577f991d044fc5,scale_0.7,092a0337a0069bd91d03f8477c9d4b9ef3d57b94f9923f48fe1673ea0ce8636a,2021184920a038fdfc94f69d17234098586f68f491213c3625b4e1f2a1cdd43d,23b4e1f4f45babc0dbe617efa3dc60a381eae697537c717c9f86b8377fd7e3cc,396ab259651567d692df87c69d29b7955beba97bbe4f4d30fd8c8b5d2922632b,67508520e32fa7c39494d181a4e7da2007cc188c044dd5a15c4faa4c216e2ede,-0.4006978954702066,False
131,2,scale_0.7,none,scale_0.7,0.7,test,Oracle-Value+Residual,0.09181158345539293,0.9999579150426203,0.9800173960813037,0.9499261811023622,1.0,0.0,-3.9974981468265227,0.7578125,128,calibrated,oracle_value,[0.13028915743003688],d60c5817b9278dea0a26ec93b96539a38f55b3ca8c4aeca843577f991d044fc5,scale_0.7,092a0337a0069bd91d03f8477c9d4b9ef3d57b94f9923f48fe1673ea0ce8636a,2021184920a038fdfc94f69d17234098586f68f491213c3625b4e1f2a1cdd43d,23b4e1f4f45babc0dbe617efa3dc60a381eae697537c717c9f86b8377fd7e3cc,396ab259651567d692df87c69d29b7955beba97bbe4f4d30fd8c8b5d2922632b,67508520e32fa7c39494d181a4e7da2007cc188c044dd5a15c4faa4c216e2ede,-0.8799438315816385,False
131,2,scale_0.7,none,scale_0.7,0.7,test,Oracle-Rank+Value+Residual,0.26544875449412597,0.993781254228613,0.9331509796740522,0.9029281496062992,0.8461538461538461,0.0,1.2118983827066567,0.4453125,128,calibrated,oracle_rank|oracle_value,"[0.05721578876356371, 0.07820192557753444]",d60c5817b9278dea0a26ec93b96539a38f55b3ca8c4aeca843577f991d044fc5,scale_0.7,092a0337a0069bd91d03f8477c9d4b9ef3d57b94f9923f48fe1673ea0ce8636a,2021184920a038fdfc94f69d17234098586f68f491213c3625b4e1f2a1cdd43d,23b4e1f4f45babc0dbe617efa3dc60a381eae697537c717c9f86b8377fd7e3cc,396ab259651567d692df87c69d29b7955beba97bbe4f4d30fd8c8b5d2922632b,67508520e32fa7c39494d181a4e7da2007cc188c044dd5a15c4faa4c216e2ede,-0.7063066605429055,False
131,2,scale_0.7,none,scale_0.7,1.0,test,Target-Only,1.1167065408547343,0.8359616047398812,0.7363234755539279,0.765255905511811,0.23076923076923078,0.19108468738451462,-1.372093291677146,0.890625,128,target_only,none,[],d60c5817b9278dea0a26ec93b96539a38f55b3ca8c4aeca843577f991d044fc5,scale_0.7,092a0337a0069bd91d03f8477c9d4b9ef3d57b94f9923f48fe1673ea0ce8636a,396ab259651567d692df87c69d29b7955beba97bbe4f4d30fd8c8b5d2922632b,23b4e1f4f45babc0dbe617efa3dc60a381eae697537c717c9f86b8377fd7e3cc,67fd0fe64eb401a1173567fcdc1c0e3d5de167668ed313f440d7be75dcaf1b00,4e9aedc8a65fff3798682db840b373006acbb038f10a55963913c336dc62f628,0.0,False
131,2,scale_0.7,none,scale_0.7,1.0,test,Geometry-Prior+Residual,0.615112270517338,0.9399784856154974,0.7536165537447354,0.7646407480314961,0.5384615384615384,0.0022592501709308866,-1.8775085129178302,0.8828125,128,calibrated,geometry,[0.1084846012112535],d60c5817b9278dea0a26ec93b96539a38f55b3ca8c4aeca843577f991d044fc5,scale_0.7,092a0337a0069bd91d03f8477c9d4b9ef3d57b94f9923f48fe1673ea0ce8636a,396ab259651567d692df87c69d29b7955beba97bbe4f4d30fd8c8b5d2922632b,23b4e1f4f45babc0dbe617efa3dc60a381eae697537c717c9f86b8377fd7e3cc,67fd0fe64eb401a1173567fcdc1c0e3d5de167668ed313f440d7be75dcaf1b00,4e9aedc8a65fff3798682db840b373006acbb038f10a55963913c336dc62f628,-0.5015942703373963,False
131,2,scale_0.7,none,scale_0.7,1.0,test,Oracle-Rank+Residual,0.2336745906317641,0.9904397717483756,0.898221479582494,0.875492125984252,0.8461538461538461,0.011969548051595665,-2.7266571497996726,0.8359375,128,calibrated,oracle_rank,[0.12840805783638234],d60c5817b9278dea0a26ec93b96539a38f55b3ca8c4aeca843577f991d044fc5,scale_0.7,092a0337a0069bd91d03f8477c9d4b9ef3d57b94f9923f48fe1673ea0ce8636a,396ab259651567d692df87c69d29b7955beba97bbe4f4d30fd8c8b5d2922632b,23b4e1f4f45babc0dbe617efa3dc60a381eae697537c717c9f86b8377fd7e3cc,67fd0fe64eb401a1173567fcdc1c0e3d5de167668ed313f440d7be75dcaf1b00,4e9aedc8a65fff3798682db840b373006acbb038f10a55963913c336dc62f628,-0.8830319502229702,False
131,2,scale_0.7,none,scale_0.7,1.0,test,Oracle-Value+Residual,0.09373731837146385,0.9998966160834081,0.9786154092657021,0.9494340551181102,1.0,0.0,-3.7933094046065943,0.875,128,calibrated,oracle_value,[0.13028915743003688],d60c5817b9278dea0a26ec93b96539a38f55b3ca8c4aeca843577f991d044fc5,scale_0.7,092a0337a0069bd91d03f8477c9d4b9ef3d57b94f9923f48fe1673ea0ce8636a,396ab259651567d692df87c69d29b7955beba97bbe4f4d30fd8c8b5d2922632b,23b4e1f4f45babc0dbe617efa3dc60a381eae697537c717c9f86b8377fd7e3cc,67fd0fe64eb401a1173567fcdc1c0e3d5de167668ed313f440d7be75dcaf1b00,4e9aedc8a65fff3798682db840b373006acbb038f10a55963913c336dc62f628,-1.0229692224832705,False
131,2,scale_0.7,none,scale_0.7,1.0,test,Oracle-Rank+Value+Residual,0.1123241901618624,0.9948401457216218,0.9575798846365134,0.9258120078740157,0.9230769230769231,0.011969548051595665,-3.416096858467667,0.828125,128,calibrated,oracle_rank|oracle_value,"[0.05721578876356371, 0.07820192557753444]",d60c5817b9278dea0a26ec93b96539a38f55b3ca8c4aeca843577f991d044fc5,scale_0.7,092a0337a0069bd91d03f8477c9d4b9ef3d57b94f9923f48fe1673ea0ce8636a,396ab259651567d692df87c69d29b7955beba97bbe4f4d30fd8c8b5d2922632b,23b4e1f4f45babc0dbe617efa3dc60a381eae697537c717c9f86b8377fd7e3cc,67fd0fe64eb401a1173567fcdc1c0e3d5de167668ed313f440d7be75dcaf1b00,4e9aedc8a65fff3798682db840b373006acbb038f10a55963913c336dc62f628,-1.004382350692872,False
131,2,scale_1.5,none,scale_1.5,0.35,test,Target-Only,1.2315501853836963,0.8596469451176958,0.4488417872184582,0.6374261811023622,0.3076923076923077,0.14039663517683204,-1.2683229778493672,1.0,128,target_only,none,[],d60c5817b9278dea0a26ec93b96539a38f55b3ca8c4aeca843577f991d044fc5,scale_1.5,cfa0464ecaa301bdc9f229ddff4a1a11a5888efa48955be16579343344796eee,3815a0ae96af1efd04f45e87e5723e1055b2820a1df9dbebe6008c8bebd105de,23b4e1f4f45babc0dbe617efa3dc60a381eae697537c717c9f86b8377fd7e3cc,81e3688c295186d2f578d7ca6f32b326d9ca4e8d9527e491801f79ec54f9d79a,8e13016e62e5c29db900d08faf30c6a20300a33bbac619951441320d1ce80144,0.0,False
131,2,scale_1.5,none,scale_1.5,0.35,test,Geometry-Prior+Residual,1.2686248802935107,0.9234594957579736,0.45469579747299027,0.6505905511811023,0.5384615384615384,0.0,-1.1618742825330606,0.765625,128,calibrated,geometry,[0.4829745644786781],d60c5817b9278dea0a26ec93b96539a38f55b3ca8c4aeca843577f991d044fc5,scale_1.5,cfa0464ecaa301bdc9f229ddff4a1a11a5888efa48955be16579343344796eee,3815a0ae96af1efd04f45e87e5723e1055b2820a1df9dbebe6008c8bebd105de,23b4e1f4f45babc0dbe617efa3dc60a381eae697537c717c9f86b8377fd7e3cc,81e3688c295186d2f578d7ca6f32b326d9ca4e8d9527e491801f79ec54f9d79a,8e13016e62e5c29db900d08faf30c6a20300a33bbac619951441320d1ce80144,0.03707469490981441,True
131,2,scale_1.5,none,scale_1.5,0.35,test,Oracle-Rank+Residual,1.6533491942281195,0.9203504340922115,0.6869334828785936,0.7555364173228346,0.46153846153846156,0.019446639807035718,-0.6939828722317694,0.6875,128,calibrated,oracle_rank,[0.45681694836762404],d60c5817b9278dea0a26ec93b96539a38f55b3ca8c4aeca843577f991d044fc5,scale_1.5,cfa0464ecaa301bdc9f229ddff4a1a11a5888efa48955be16579343344796eee,3815a0ae96af1efd04f45e87e5723e1055b2820a1df9dbebe6008c8bebd105de,23b4e1f4f45babc0dbe617efa3dc60a381eae697537c717c9f86b8377fd7e3cc,81e3688c295186d2f578d7ca6f32b326d9ca4e8d9527e491801f79ec54f9d79a,8e13016e62e5c29db900d08faf30c6a20300a33bbac619951441320d1ce80144,0.42179900884442323,True
131,2,scale_1.5,none,scale_1.5,0.35,test,Oracle-Value+Residual,0.6555334385714859,0.9616469194451377,0.8540789232741256,0.8476870078740157,0.6153846153846154,0.019446639807035718,-1.8748124823209444,0.9296875,128,calibrated,oracle_value,[0.5221865468245818],d60c5817b9278dea0a26ec93b96539a38f55b3ca8c4aeca843577f991d044fc5,scale_1.5,cfa0464ecaa301bdc9f229ddff4a1a11a5888efa48955be16579343344796eee,3815a0ae96af1efd04f45e87e5723e1055b2820a1df9dbebe6008c8bebd105de,23b4e1f4f45babc0dbe617efa3dc60a381eae697537c717c9f86b8377fd7e3cc,81e3688c295186d2f578d7ca6f32b326d9ca4e8d9527e491801f79ec54f9d79a,8e13016e62e5c29db900d08faf30c6a20300a33bbac619951441320d1ce80144,-0.5760167468122104,False
131,2,scale_1.5,none,scale_1.5,0.35,test,Oracle-Rank+Value+Residual,0.8758768527723554,0.9446114195069414,0.8068348287859365,0.812130905511811,0.5384615384615384,0.019446639807035718,-1.4827327767061806,0.8203125,128,calibrated,oracle_rank|oracle_value,"[0.0921236006638469, 0.44703098635004035]",d60c5817b9278dea0a26ec93b96539a38f55b3ca8c4aeca843577f991d044fc5,scale_1.5,cfa0464ecaa301bdc9f229ddff4a1a11a5888efa48955be16579343344796eee,3815a0ae96af1efd04f45e87e5723e1055b2820a1df9dbebe6008c8bebd105de,23b4e1f4f45babc0dbe617efa3dc60a381eae697537c717c9f86b8377fd7e3cc,81e3688c295186d2f578d7ca6f32b326d9ca4e8d9527e491801f79ec54f9d79a,8e13016e62e5c29db900d08faf30c6a20300a33bbac619951441320d1ce80144,-0.35567333261134093,False
131,2,scale_1.5,none,scale_1.5,0.7,test,Target-Only,0.6476506709132281,0.8412761023465122,0.8686538637612158,0.8372293307086615,0.23076923076923078,0.11823093979309876,-0.547087603915957,1.0,128,target_only,none,[],d60c5817b9278dea0a26ec93b96539a38f55b3ca8c4aeca843577f991d044fc5,scale_1.5,cfa0464ecaa301bdc9f229ddff4a1a11a5888efa48955be16579343344796eee,65699bfe8099ff4c0205844c419c1a44d45f9847d4da510e80488955b640a649,23b4e1f4f45babc0dbe617efa3dc60a381eae697537c717c9f86b8377fd7e3cc,396ab259651567d692df87c69d29b7955beba97bbe4f4d30fd8c8b5d2922632b,674afb9f8cd8564327a644223e3c071bf0bf4e2e2ea5acda9d2cbb842ed44ab9,0.0,False
131,2,scale_1.5,none,scale_1.5,0.7,test,Geometry-Prior+Residual,0.4058590139531596,0.9421287752259031,0.9258205914667642,0.890255905511811,0.5384615384615384,0.0,-1.017707745193695,0.9375,128,calibrated,geometry,[0.4829745644786781],d60c5817b9278dea0a26ec93b96539a38f55b3ca8c4aeca843577f991d044fc5,scale_1.5,cfa0464ecaa301bdc9f229ddff4a1a11a5888efa48955be16579343344796eee,65699bfe8099ff4c0205844c419c1a44d45f9847d4da510e80488955b640a649,23b4e1f4f45babc0dbe617efa3dc60a381eae697537c717c9f86b8377fd7e3cc,396ab259651567d692df87c69d29b7955beba97bbe4f4d30fd8c8b5d2922632b,674afb9f8cd8564327a644223e3c071bf0bf4e2e2ea5acda9d2cbb842ed44ab9,-0.24179165696006855,False
131,2,scale_1.5,none,scale_1.5,0.7,test,Oracle-Rank+Residual,1.103880760407205,0.9070185447574893,0.7629955594213513,0.7741141732283464,0.6153846153846154,0.01867178849572417,1.503904590258999,0.4765625,128,calibrated,oracle_rank,[0.45681694836762404],d60c5817b9278dea0a26ec93b96539a38f55b3ca8c4aeca843577f991d044fc5,scale_1.5,cfa0464ecaa301bdc9f229ddff4a1a11a5888efa48955be16579343344796eee,65699bfe8099ff4c0205844c419c1a44d45f9847d4da510e80488955b640a649,23b4e1f4f45babc0dbe617efa3dc60a381eae697537c717c9f86b8377fd7e3cc,396ab259651567d692df87c69d29b7955beba97bbe4f4d30fd8c8b5d2922632b,674afb9f8cd8564327a644223e3c071bf0bf4e2e2ea5acda9d2cbb842ed44ab9,0.4562300894939768,True
131,2,scale_1.5,none,scale_1.5,0.7,test,Oracle-Value+Residual,0.7990273397167337,0.9072843525148676,0.8427657480314961,0.8179133858267716,0.6923076923076923,0.01867178849572417,1.580757854484001,0.4765625,128,calibrated,oracle_value,[0.5221865468245818],d60c5817b9278dea0a26ec93b96539a38f55b3ca8c4aeca843577f991d044fc5,scale_1.5,cfa0464ecaa301bdc9f229ddff4a1a11a5888efa48955be16579343344796eee,65699bfe8099ff4c0205844c419c1a44d45f9847d4da510e80488955b640a649,23b4e1f4f45babc0dbe617efa3dc60a381eae697537c717c9f86b8377fd7e3cc,396ab259651567d692df87c69d29b7955beba97bbe4f4d30fd8c8b5d2922632b,674afb9f8cd8564327a644223e3c071bf0bf4e2e2ea5acda9d2cbb842ed44ab9,0.15137666880350553,True
131,2,scale_1.5,none,scale_1.5,0.7,test,Oracle-Rank+Value+Residual,0.8651929559166351,0.928936431438252,0.8317730269181468,0.8095472440944882,0.6923076923076923,0.01867178849572417,1.9998779773930455,0.46875,128,calibrated,oracle_rank|oracle_value,"[0.0921236006638469, 0.44703098635004035]",d60c5817b9278dea0a26ec93b96539a38f55b3ca8c4aeca843577f991d044fc5,scale_1.5,cfa0464ecaa301bdc9f229ddff4a1a11a5888efa48955be16579343344796eee,65699bfe8099ff4c0205844c419c1a44d45f9847d4da510e80488955b640a649,23b4e1f4f45babc0dbe617efa3dc60a381eae697537c717c9f86b8377fd7e3cc,396ab259651567d692df87c69d29b7955beba97bbe4f4d30fd8c8b5d2922632b,674afb9f8cd8564327a644223e3c071bf0bf4e2e2ea5acda9d2cbb842ed44ab9,0.217542285003407,True
131,2,scale_1.5,none,scale_1.5,1.0,test,Target-Only,0.7519728170010007,0.8119679622750962,0.8411577549899285,0.8234498031496063,0.15384615384615385,0.15650293049467848,0.26085038323642684,0.8828125,128,target_only,none,[],d60c5817b9278dea0a26ec93b96539a38f55b3ca8c4aeca843577f991d044fc5,scale_1.5,cfa0464ecaa301bdc9f229ddff4a1a11a5888efa48955be16579343344796eee,9a1cf03878bcb4e1d446ddd7f5b118618c854175699ee87028ddaf685b5bb632,23b4e1f4f45babc0dbe617efa3dc60a381eae697537c717c9f86b8377fd7e3cc,67fd0fe64eb401a1173567fcdc1c0e3d5de167668ed313f440d7be75dcaf1b00,f72dd8de1480b89eb96310cd837f2657f45e18ee2336fdce10a804c77efd965c,0.0,False
131,2,scale_1.5,none,scale_1.5,1.0,test,Geometry-Prior+Residual,0.4660328765865978,0.9252155293067535,0.9059409906610509,0.8726624015748031,0.5384615384615384,0.0,-0.241415183206386,0.8515625,128,calibrated,geometry,[0.4829745644786781],d60c5817b9278dea0a26ec93b96539a38f55b3ca8c4aeca843577f991d044fc5,scale_1.5,cfa0464ecaa301bdc9f229ddff4a1a11a5888efa48955be16579343344796eee,9a1cf03878bcb4e1d446ddd7f5b118618c854175699ee87028ddaf685b5bb632,23b4e1f4f45babc0dbe617efa3dc60a381eae697537c717c9f86b8377fd7e3cc,67fd0fe64eb401a1173567fcdc1c0e3d5de167668ed313f440d7be75dcaf1b00,f72dd8de1480b89eb96310cd837f2657f45e18ee2336fdce10a804c77efd965c,-0.2859399404144029,False
131,2,scale_1.5,none,scale_1.5,1.0,test,Oracle-Rank+Residual,1.115154416192639,0.7041768973591361,0.4868041567478484,0.6536663385826772,0.23076923076923078,0.15670838732597264,3.509127230098421,0.4765625,128,calibrated,oracle_rank,[0.45681694836762404],d60c5817b9278dea0a26ec93b96539a38f55b3ca8c4aeca843577f991d044fc5,scale_1.5,cfa0464ecaa301bdc9f229ddff4a1a11a5888efa48955be16579343344796eee,9a1cf03878bcb4e1d446ddd7f5b118618c854175699ee87028ddaf685b5bb632,23b4e1f4f45babc0dbe617efa3dc60a381eae697537c717c9f86b8377fd7e3cc,67fd0fe64eb401a1173567fcdc1c0e3d5de167668ed313f440d7be75dcaf1b00,f72dd8de1480b89eb96310cd837f2657f45e18ee2336fdce10a804c77efd965c,0.3631815991916383,True
131,2,scale_1.5,none,scale_1.5,1.0,test,Oracle-Value+Residual,0.8804756134184384,0.7215248438584884,0.6574745925654641,0.7239173228346457,0.23076923076923078,0.15670838732597264,4.524947838758749,0.4609375,128,calibrated,oracle_value,[0.5221865468245818],d60c5817b9278dea0a26ec93b96539a38f55b3ca8c4aeca843577f991d044fc5,scale_1.5,cfa0464ecaa301bdc9f229ddff4a1a11a5888efa48955be16579343344796eee,9a1cf03878bcb4e1d446ddd7f5b118618c854175699ee87028ddaf685b5bb632,23b4e1f4f45babc0dbe617efa3dc60a381eae697537c717c9f86b8377fd7e3cc,67fd0fe64eb401a1173567fcdc1c0e3d5de167668ed313f440d7be75dcaf1b00,f72dd8de1480b89eb96310cd837f2657f45e18ee2336fdce10a804c77efd965c,0.12850279641743767,True
131,2,scale_1.5,none,scale_1.5,1.0,test,Oracle-Rank+Value+Residual,0.934213493288512,0.7199323952182386,0.6137955502655191,0.7052165354330708,0.23076923076923078,0.15670838732597264,5.062673794255853,0.4140625,128,calibrated,oracle_rank|oracle_value,"[0.0921236006638469, 0.44703098635004035]",d60c5817b9278dea0a26ec93b96539a38f55b3ca8c4aeca843577f991d044fc5,scale_1.5,cfa0464ecaa301bdc9f229ddff4a1a11a5888efa48955be16579343344796eee,9a1cf03878bcb4e1d446ddd7f5b118618c854175699ee87028ddaf685b5bb632,23b4e1f4f45babc0dbe617efa3dc60a381eae697537c717c9f86b8377fd7e3cc,67fd0fe64eb401a1173567fcdc1c0e3d5de167668ed313f440d7be75dcaf1b00,f72dd8de1480b89eb96310cd837f2657f45e18ee2336fdce10a804c77efd965c,0.18224067628751128,True
131,2,rotate_45,none,rotate_45,0.35,test,Target-Only,0.5604198553020796,0.954250694798031,0.8773232924372826,0.8491633858267716,0.5384615384615384,0.001316595207794662,-2.0811258956203353,1.0,128,target_only,none,[],d60c5817b9278dea0a26ec93b96539a38f55b3ca8c4aeca843577f991d044fc5,rotate_45,ebfa02ac689bf5e1901cd780baa619a627fce00c23c4ecbe21e0dfe86dc9f315,d8bd5d8e0882cf10e9e40f85ffdef8dd85978df39a5f2e8f147d9c8f3256d897,23b4e1f4f45babc0dbe617efa3dc60a381eae697537c717c9f86b8377fd7e3cc,81e3688c295186d2f578d7ca6f32b326d9ca4e8d9527e491801f79ec54f9d79a,8c0dbc4aa89d04e3578e195209ce1532e8a89d6e291574134c75265114bc4791,0.0,False
131,2,rotate_45,none,rotate_45,0.35,test,Geometry-Prior+Residual,0.7070619783060172,0.9579417951501926,0.7998592290789233,0.8022883858267716,0.5384615384615384,0.0,-1.7237405656486287,0.8046875,128,calibrated,geometry,[0.2386078960716861],d60c5817b9278dea0a26ec93b96539a38f55b3ca8c4aeca843577f991d044fc5,rotate_45,ebfa02ac689bf5e1901cd780baa619a627fce00c23c4ecbe21e0dfe86dc9f315,d8bd5d8e0882cf10e9e40f85ffdef8dd85978df39a5f2e8f147d9c8f3256d897,23b4e1f4f45babc0dbe617efa3dc60a381eae697537c717c9f86b8377fd7e3cc,81e3688c295186d2f578d7ca6f32b326d9ca4e8d9527e491801f79ec54f9d79a,8c0dbc4aa89d04e3578e195209ce1532e8a89d6e291574134c75265114bc4791,0.14664212300393764,True
131,2,rotate_45,none,rotate_45,0.35,test,Oracle-Rank+Residual,0.5084382652151497,0.9843224349701312,0.8530031129829702,0.8462106299212598,1.0,0.0005115691660966007,-0.9045469458059657,0.53125,128,calibrated,oracle_rank,[0.27229856257664126],d60c5817b9278dea0a26ec93b96539a38f55b3ca8c4aeca843577f991d044fc5,rotate_45,ebfa02ac689bf5e1901cd780baa619a627fce00c23c4ecbe21e0dfe86dc9f315,d8bd5d8e0882cf10e9e40f85ffdef8dd85978df39a5f2e8f147d9c8f3256d897,23b4e1f4f45babc0dbe617efa3dc60a381eae697537c717c9f86b8377fd7e3cc,81e3688c295186d2f578d7ca6f32b326d9ca4e8d9527e491801f79ec54f9d79a,8c0dbc4aa89d04e3578e195209ce1532e8a89d6e291574134c75265114bc4791,-0.05198159008692993,False
131,2,rotate_45,none,rotate_45,0.35,test,Oracle-Value+Residual,0.04912703344980317,0.9986142900892531,0.9766182933528658,0.9550935039370079,0.9230769230769231,0.0,-4.607484418114773,1.0,128,calibrated,oracle_value,[0.27776873518412204],d60c5817b9278dea0a26ec93b96539a38f55b3ca8c4aeca843577f991d044fc5,rotate_45,ebfa02ac689bf5e1901cd780baa619a627fce00c23c4ecbe21e0dfe86dc9f315,d8bd5d8e0882cf10e9e40f85ffdef8dd85978df39a5f2e8f147d9c8f3256d897,23b4e1f4f45babc0dbe617efa3dc60a381eae697537c717c9f86b8377fd7e3cc,81e3688c295186d2f578d7ca6f32b326d9ca4e8d9527e491801f79ec54f9d79a,8c0dbc4aa89d04e3578e195209ce1532e8a89d6e291574134c75265114bc4791,-0.5112928218522764,False
131,2,rotate_45,none,rotate_45,0.35,test,Oracle-Rank+Value+Residual,0.21824326361875765,0.9976066132292077,0.9198006317524263,0.8997293307086615,1.0,0.0005115691660966007,-1.7886640748840836,0.53125,128,calibrated,oracle_rank|oracle_value,"[0.11569388951646935, 0.17309933242706263]",d60c5817b9278dea0a26ec93b96539a38f55b3ca8c4aeca843577f991d044fc5,rotate_45,ebfa02ac689bf5e1901cd780baa619a627fce00c23c4ecbe21e0dfe86dc9f315,d8bd5d8e0882cf10e9e40f85ffdef8dd85978df39a5f2e8f147d9c8f3256d897,23b4e1f4f45babc0dbe617efa3dc60a381eae697537c717c9f86b8377fd7e3cc,81e3688c295186d2f578d7ca6f32b326d9ca4e8d9527e491801f79ec54f9d79a,8c0dbc4aa89d04e3578e195209ce1532e8a89d6e291574134c75265114bc4791,-0.34217659168332193,False
131,2,rotate_45,none,rotate_45,0.7,test,Target-Only,1.425011231433716,0.9943889875291865,0.8695465574070682,0.8544537401574803,0.9230769230769231,0.003529757152884779,-0.9761928542317619,0.90625,128,target_only,none,[],d60c5817b9278dea0a26ec93b96539a38f55b3ca8c4aeca843577f991d044fc5,rotate_45,ebfa02ac689bf5e1901cd780baa619a627fce00c23c4ecbe21e0dfe86dc9f315,6e66a67d1929777014b8a3668267b07ce09a7a63891b468816bf6d6ab12925dd,23b4e1f4f45babc0dbe617efa3dc60a381eae697537c717c9f86b8377fd7e3cc,396ab259651567d692df87c69d29b7955beba97bbe4f4d30fd8c8b5d2922632b,04c0b8fc83930fe5c0ce21f182cb377d4acf63ab152a0b6f2531ed5be4757aef,0.0,False
131,2,rotate_45,none,rotate_45,0.7,test,Geometry-Prior+Residual,1.0588694140268071,0.9438060632741561,0.8850313587255082,0.86060531496063,0.5384615384615384,0.07354907055795291,-0.7247170448117483,0.65625,128,calibrated,geometry,[0.2386078960716861],d60c5817b9278dea0a26ec93b96539a38f55b3ca8c4aeca843577f991d044fc5,rotate_45,ebfa02ac689bf5e1901cd780baa619a627fce00c23c4ecbe21e0dfe86dc9f315,6e66a67d1929777014b8a3668267b07ce09a7a63891b468816bf6d6ab12925dd,23b4e1f4f45babc0dbe617efa3dc60a381eae697537c717c9f86b8377fd7e3cc,396ab259651567d692df87c69d29b7955beba97bbe4f4d30fd8c8b5d2922632b,04c0b8fc83930fe5c0ce21f182cb377d4acf63ab152a0b6f2531ed5be4757aef,-0.3661418174069089,False
131,2,rotate_45,none,rotate_45,0.7,test,Oracle-Rank+Residual,0.7432022725296209,0.9940593158848894,0.8203454037722029,0.8379675196850394,1.0,0.009957851027917295,1.2565005907752562,0.4609375,128,calibrated,oracle_rank,[0.27229856257664126],d60c5817b9278dea0a26ec93b96539a38f55b3ca8c4aeca843577f991d044fc5,rotate_45,ebfa02ac689bf5e1901cd780baa619a627fce00c23c4ecbe21e0dfe86dc9f315,6e66a67d1929777014b8a3668267b07ce09a7a63891b468816bf6d6ab12925dd,23b4e1f4f45babc0dbe617efa3dc60a381eae697537c717c9f86b8377fd7e3cc,396ab259651567d692df87c69d29b7955beba97bbe4f4d30fd8c8b5d2922632b,04c0b8fc83930fe5c0ce21f182cb377d4acf63ab152a0b6f2531ed5be4757aef,-0.6818089589040951,False
131,2,rotate_45,none,rotate_45,0.7,test,Oracle-Value+Residual,0.1130532451892753,0.9998534859141408,0.9613280534700603,0.9336860236220472,1.0,0.0,-3.4800463713265635,0.875,128,calibrated,oracle_value,[0.27776873518412204],d60c5817b9278dea0a26ec93b96539a38f55b3ca8c4aeca843577f991d044fc5,rotate_45,ebfa02ac689bf5e1901cd780baa619a627fce00c23c4ecbe21e0dfe86dc9f315,6e66a67d1929777014b8a3668267b07ce09a7a63891b468816bf6d6ab12925dd,23b4e1f4f45babc0dbe617efa3dc60a381eae697537c717c9f86b8377fd7e3cc,396ab259651567d692df87c69d29b7955beba97bbe4f4d30fd8c8b5d2922632b,04c0b8fc83930fe5c0ce21f182cb377d4acf63ab152a0b6f2531ed5be4757aef,-1.3119579862444406,False
131,2,rotate_45,none,rotate_45,0.7,test,Oracle-Rank+Value+Residual,0.3165154078624205,0.9985316230975891,0.8674750503570776,0.8706938976377953,1.0,0.0012025559096415822,0.49687469370534265,0.4609375,128,calibrated,oracle_rank|oracle_value,"[0.11569388951646935, 0.17309933242706263]",d60c5817b9278dea0a26ec93b96539a38f55b3ca8c4aeca843577f991d044fc5,rotate_45,ebfa02ac689bf5e1901cd780baa619a627fce00c23c4ecbe21e0dfe86dc9f315,6e66a67d1929777014b8a3668267b07ce09a7a63891b468816bf6d6ab12925dd,23b4e1f4f45babc0dbe617efa3dc60a381eae697537c717c9f86b8377fd7e3cc,396ab259651567d692df87c69d29b7955beba97bbe4f4d30fd8c8b5d2922632b,04c0b8fc83930fe5c0ce21f182cb377d4acf63ab152a0b6f2531ed5be4757aef,-1.1084958235712956,False
131,2,rotate_45,none,rotate_45,1.0,test,Target-Only,0.8076795172736551,0.9846306359162996,0.8530832265152902,0.8415354330708661,1.0,0.0009377016966133464,-0.08252230541251103,0.8046875,128,target_only,none,[],d60c5817b9278dea0a26ec93b96539a38f55b3ca8c4aeca843577f991d044fc5,rotate_45,ebfa02ac689bf5e1901cd780baa619a627fce00c23c4ecbe21e0dfe86dc9f315,a1df282a895a2753a9e3dcc0163443bdba0103a9f31dbf93c4dd21bc182b087a,23b4e1f4f45babc0dbe617efa3dc60a381eae697537c717c9f86b8377fd7e3cc,67fd0fe64eb401a1173567fcdc1c0e3d5de167668ed313f440d7be75dcaf1b00,de8eb918024b1dbbc4f5cc97629425425c805a6f615f35854c508013dff43910,0.0,False
131,2,rotate_45,none,rotate_45,1.0,test,Geometry-Prior+Residual,0.5385160757559669,0.9424177328825596,0.8952401117011537,0.8628198818897638,0.5384615384615384,0.048583191725926296,0.3585536231933962,0.5546875,128,calibrated,geometry,[0.2386078960716861],d60c5817b9278dea0a26ec93b96539a38f55b3ca8c4aeca843577f991d044fc5,rotate_45,ebfa02ac689bf5e1901cd780baa619a627fce00c23c4ecbe21e0dfe86dc9f315,a1df282a895a2753a9e3dcc0163443bdba0103a9f31dbf93c4dd21bc182b087a,23b4e1f4f45babc0dbe617efa3dc60a381eae697537c717c9f86b8377fd7e3cc,67fd0fe64eb401a1173567fcdc1c0e3d5de167668ed313f440d7be75dcaf1b00,de8eb918024b1dbbc4f5cc97629425425c805a6f615f35854c508013dff43910,-0.2691634415176881,False
131,2,rotate_45,none,rotate_45,1.0,test,Oracle-Rank+Residual,0.3921567575081438,0.9967802166506275,0.9416945156564731,0.9093257874015748,1.0,0.0009377016966133464,3.602134975556232,0.4296875,128,calibrated,oracle_rank,[0.27229856257664126],d60c5817b9278dea0a26ec93b96539a38f55b3ca8c4aeca843577f991d044fc5,rotate_45,ebfa02ac689bf5e1901cd780baa619a627fce00c23c4ecbe21e0dfe86dc9f315,a1df282a895a2753a9e3dcc0163443bdba0103a9f31dbf93c4dd21bc182b087a,23b4e1f4f45babc0dbe617efa3dc60a381eae697537c717c9f86b8377fd7e3cc,67fd0fe64eb401a1173567fcdc1c0e3d5de167668ed313f440d7be75dcaf1b00,de8eb918024b1dbbc4f5cc97629425425c805a6f615f35854c508013dff43910,-0.41552275976551123,False
131,2,rotate_45,none,rotate_45,1.0,test,Oracle-Value+Residual,0.10625661307497362,0.9994385476039063,0.9959828785936642,0.9800688976377953,1.0,0.0,0.5966087018897884,0.6640625,128,calibrated,oracle_value,[0.27776873518412204],d60c5817b9278dea0a26ec93b96539a38f55b3ca8c4aeca843577f991d044fc5,rotate_45,ebfa02ac689bf5e1901cd780baa619a627fce00c23c4ecbe21e0dfe86dc9f315,a1df282a895a2753a9e3dcc0163443bdba0103a9f31dbf93c4dd21bc182b087a,23b4e1f4f45babc0dbe617efa3dc60a381eae697537c717c9f86b8377fd7e3cc,67fd0fe64eb401a1173567fcdc1c0e3d5de167668ed313f440d7be75dcaf1b00,de8eb918024b1dbbc4f5cc97629425425c805a6f615f35854c508013dff43910,-0.7014229041986815,False
131,2,rotate_45,none,rotate_45,1.0,test,Oracle-Rank+Value+Residual,0.18669486604003016,0.9987047593329407,0.98685565830434,0.9614911417322834,1.0,0.0008217397210874996,5.071494245559144,0.3984375,128,calibrated,oracle_rank|oracle_value,"[0.11569388951646935, 0.17309933242706263]",d60c5817b9278dea0a26ec93b96539a38f55b3ca8c4aeca843577f991d044fc5,rotate_45,ebfa02ac689bf5e1901cd780baa619a627fce00c23c4ecbe21e0dfe86dc9f315,a1df282a895a2753a9e3dcc0163443bdba0103a9f31dbf93c4dd21bc182b087a,23b4e1f4f45babc0dbe617efa3dc60a381eae697537c717c9f86b8377fd7e3cc,67fd0fe64eb401a1173567fcdc1c0e3d5de167668ed313f440d7be75dcaf1b00,de8eb918024b1dbbc4f5cc97629425425c805a6f615f35854c508013dff43910,-0.6209846512336249,False
131,2,roughness,none,roughness,0.35,test,Target-Only,2.016344086254102,0.7190624415109405,-0.09080868888481962,0.4596456692913386,0.5384615384615384,0.004648360237061066,8.654705636890828,0.1875,128,target_only,none,[],d60c5817b9278dea0a26ec93b96539a38f55b3ca8c4aeca843577f991d044fc5,roughness,23b4e1f4f45babc0dbe617efa3dc60a381eae697537c717c9f86b8377fd7e3cc,81e3688c295186d2f578d7ca6f32b326d9ca4e8d9527e491801f79ec54f9d79a,23b4e1f4f45babc0dbe617efa3dc60a381eae697537c717c9f86b8377fd7e3cc,81e3688c295186d2f578d7ca6f32b326d9ca4e8d9527e491801f79ec54f9d79a,6f7970cbf44090e981bb83c1ff94e5bdc69aabcdc76d85a637929533a23da776,0.0,False
131,2,roughness,none,roughness,0.35,test,Geometry-Prior+Residual,1.969423083684752,0.7459237262318517,-0.09194744552279802,0.45866141732283466,0.5384615384615384,0.0,17.1173257308337,0.171875,128,calibrated,geometry,[0.27790961351404153],d60c5817b9278dea0a26ec93b96539a38f55b3ca8c4aeca843577f991d044fc5,roughness,23b4e1f4f45babc0dbe617efa3dc60a381eae697537c717c9f86b8377fd7e3cc,81e3688c295186d2f578d7ca6f32b326d9ca4e8d9527e491801f79ec54f9d79a,23b4e1f4f45babc0dbe617efa3dc60a381eae697537c717c9f86b8377fd7e3cc,81e3688c295186d2f578d7ca6f32b326d9ca4e8d9527e491801f79ec54f9d79a,6f7970cbf44090e981bb83c1ff94e5bdc69aabcdc76d85a637929533a23da776,-0.04692100256935028,False
131,2,roughness,none,roughness,0.35,test,Oracle-Rank+Residual,1.8338185146642745,0.7055225455327887,-0.08829083501190257,0.4609990157480315,0.5384615384615384,0.19838699007571065,21.90473978800182,0.1796875,128,calibrated,oracle_rank,[0.32220918678259947],d60c5817b9278dea0a26ec93b96539a38f55b3ca8c4aeca843577f991d044fc5,roughness,23b4e1f4f45babc0dbe617efa3dc60a381eae697537c717c9f86b8377fd7e3cc,81e3688c295186d2f578d7ca6f32b326d9ca4e8d9527e491801f79ec54f9d79a,23b4e1f4f45babc0dbe617efa3dc60a381eae697537c717c9f86b8377fd7e3cc,81e3688c295186d2f578d7ca6f32b326d9ca4e8d9527e491801f79ec54f9d79a,6f7970cbf44090e981bb83c1ff94e5bdc69aabcdc76d85a637929533a23da776,-0.18252557158982774,False
131,2,roughness,none,roughness,0.35,test,Oracle-Value+Residual,1.8388965962031278,0.7153338709870369,-0.08708340963193553,0.46358267716535434,0.5384615384615384,0.19838699007571065,30.511934304041766,0.140625,128,calibrated,oracle_value,[0.34540538608760013],d60c5817b9278dea0a26ec93b96539a38f55b3ca8c4aeca843577f991d044fc5,roughness,23b4e1f4f45babc0dbe617efa3dc60a381eae697537c717c9f86b8377fd7e3cc,81e3688c295186d2f578d7ca6f32b326d9ca4e8d9527e491801f79ec54f9d79a,23b4e1f4f45babc0dbe617efa3dc60a381eae697537c717c9f86b8377fd7e3cc,81e3688c295186d2f578d7ca6f32b326d9ca4e8d9527e491801f79ec54f9d79a,6f7970cbf44090e981bb83c1ff94e5bdc69aabcdc76d85a637929533a23da776,-0.17744749005097438,False
131,2,roughness,none,roughness,0.35,test,Oracle-Rank+Value+Residual,1.831559537352675,0.7128044649729105,-0.0863509430507233,0.4638287401574803,0.5384615384615384,0.19838699007571065,29.194295618920407,0.1484375,128,calibrated,oracle_rank|oracle_value,"[0.07008155037097497, 0.28296023035297874]",d60c5817b9278dea0a26ec93b96539a38f55b3ca8c4aeca843577f991d044fc5,roughness,23b4e1f4f45babc0dbe617efa3dc60a381eae697537c717c9f86b8377fd7e3cc,81e3688c295186d2f578d7ca6f32b326d9ca4e8d9527e491801f79ec54f9d79a,23b4e1f4f45babc0dbe617efa3dc60a381eae697537c717c9f86b8377fd7e3cc,81e3688c295186d2f578d7ca6f32b326d9ca4e8d9527e491801f79ec54f9d79a,6f7970cbf44090e981bb83c1ff94e5bdc69aabcdc76d85a637929533a23da776,-0.18478454890142726,False
131,2,roughness,none,roughness,0.7,test,Target-Only,1.3514394703013666,0.6330560189535119,0.3880298937923457,0.6256151574803149,0.15384615384615385,0.5097435487354192,6.333473525867669,0.5078125,128,target_only,none,[],d60c5817b9278dea0a26ec93b96539a38f55b3ca8c4aeca843577f991d044fc5,roughness,23b4e1f4f45babc0dbe617efa3dc60a381eae697537c717c9f86b8377fd7e3cc,396ab259651567d692df87c69d29b7955beba97bbe4f4d30fd8c8b5d2922632b,23b4e1f4f45babc0dbe617efa3dc60a381eae697537c717c9f86b8377fd7e3cc,396ab259651567d692df87c69d29b7955beba97bbe4f4d30fd8c8b5d2922632b,9bae6d680e24ac04b2f52ab3b8b98baa92f74fce2dbfc9b8167fc4cdabecacc9,0.0,False
131,2,roughness,none,roughness,0.7,test,Geometry-Prior+Residual,1.3117025678474126,0.5907466027623929,0.43435840505401935,0.6384104330708661,0.23076923076923078,0.5097435487354192,12.192738720659815,0.4453125,128,calibrated,geometry,[0.27790961351404153],d60c5817b9278dea0a26ec93b96539a38f55b3ca8c4aeca843577f991d044fc5,roughness,23b4e1f4f45babc0dbe617efa3dc60a381eae697537c717c9f86b8377fd7e3cc,396ab259651567d692df87c69d29b7955beba97bbe4f4d30fd8c8b5d2922632b,23b4e1f4f45babc0dbe617efa3dc60a381eae697537c717c9f86b8377fd7e3cc,396ab259651567d692df87c69d29b7955beba97bbe4f4d30fd8c8b5d2922632b,9bae6d680e24ac04b2f52ab3b8b98baa92f74fce2dbfc9b8167fc4cdabecacc9,-0.039736902453954004,False
131,2,roughness,none,roughness,0.7,test,Oracle-Rank+Residual,1.2183298872135628,0.6489073018303688,0.4389477659769273,0.6428395669291339,0.15384615384615385,0.15031748595910818,17.681527185405564,0.3984375,128,calibrated,oracle_rank,[0.32220918678259947],d60c5817b9278dea0a26ec93b96539a38f55b3ca8c4aeca843577f991d044fc5,roughness,23b4e1f4f45babc0dbe617efa3dc60a381eae697537c717c9f86b8377fd7e3cc,396ab259651567d692df87c69d29b7955beba97bbe4f4d30fd8c8b5d2922632b,23b4e1f4f45babc0dbe617efa3dc60a381eae697537c717c9f86b8377fd7e3cc,396ab259651567d692df87c69d29b7955beba97bbe4f4d30fd8c8b5d2922632b,9bae6d680e24ac04b2f52ab3b8b98baa92f74fce2dbfc9b8167fc4cdabecacc9,-0.13310958308780374,False
131,2,roughness,none,roughness,0.7,test,Oracle-Value+Residual,1.170596058196797,0.636992796832676,0.4324986266251602,0.640501968503937,0.15384615384615385,0.15031748595910818,23.470111986975017,0.3515625,128,calibrated,oracle_value,[0.34540538608760013],d60c5817b9278dea0a26ec93b96539a38f55b3ca8c4aeca843577f991d044fc5,roughness,23b4e1f4f45babc0dbe617efa3dc60a381eae697537c717c9f86b8377fd7e3cc,396ab259651567d692df87c69d29b7955beba97bbe4f4d30fd8c8b5d2922632b,23b4e1f4f45babc0dbe617efa3dc60a381eae697537c717c9f86b8377fd7e3cc,396ab259651567d692df87c69d29b7955beba97bbe4f4d30fd8c8b5d2922632b,9bae6d680e24ac04b2f52ab3b8b98baa92f74fce2dbfc9b8167fc4cdabecacc9,-0.18084341210456967,False
131,2,roughness,none,roughness,0.7,test,Oracle-Rank+Value+Residual,1.175924495487927,0.636992796832676,0.43760872550814867,0.6434547244094488,0.15384615384615385,0.15031748595910818,22.766832520897097,0.359375,128,calibrated,oracle_rank|oracle_value,"[0.07008155037097497, 0.28296023035297874]",d60c5817b9278dea0a26ec93b96539a38f55b3ca8c4aeca843577f991d044fc5,roughness,23b4e1f4f45babc0dbe617efa3dc60a381eae697537c717c9f86b8377fd7e3cc,396ab259651567d692df87c69d29b7955beba97bbe4f4d30fd8c8b5d2922632b,23b4e1f4f45babc0dbe617efa3dc60a381eae697537c717c9f86b8377fd7e3cc,396ab259651567d692df87c69d29b7955beba97bbe4f4d30fd8c8b5d2922632b,9bae6d680e24ac04b2f52ab3b8b98baa92f74fce2dbfc9b8167fc4cdabecacc9,-0.17551497481343947,False
131,2,roughness,none,roughness,1.0,test,Target-Only,1.2181751294368317,0.6549897559635772,0.5670092473905878,0.6884842519685039,0.15384615384615385,0.24769093584219787,2.970855632439103,0.5546875,128,target_only,none,[],d60c5817b9278dea0a26ec93b96539a38f55b3ca8c4aeca843577f991d044fc5,roughness,23b4e1f4f45babc0dbe617efa3dc60a381eae697537c717c9f86b8377fd7e3cc,67fd0fe64eb401a1173567fcdc1c0e3d5de167668ed313f440d7be75dcaf1b00,23b4e1f4f45babc0dbe617efa3dc60a381eae697537c717c9f86b8377fd7e3cc,67fd0fe64eb401a1173567fcdc1c0e3d5de167668ed313f440d7be75dcaf1b00,ad2c5ddd08ee20ef3dbc4335e115bfc1d80ee7ddba833a6c97c1b9f84e256a23,0.0,False
131,2,roughness,none,roughness,1.0,test,Geometry-Prior+Residual,1.0670306290811813,0.5752790508075054,0.553630287493133,0.6769192913385826,0.0,0.24769093584219787,5.739849313517808,0.5078125,128,calibrated,geometry,[0.27790961351404153],d60c5817b9278dea0a26ec93b96539a38f55b3ca8c4aeca843577f991d044fc5,roughness,23b4e1f4f45babc0dbe617efa3dc60a381eae697537c717c9f86b8377fd7e3cc,67fd0fe64eb401a1173567fcdc1c0e3d5de167668ed313f440d7be75dcaf1b00,23b4e1f4f45babc0dbe617efa3dc60a381eae697537c717c9f86b8377fd7e3cc,67fd0fe64eb401a1173567fcdc1c0e3d5de167668ed313f440d7be75dcaf1b00,ad2c5ddd08ee20ef3dbc4335e115bfc1d80ee7ddba833a6c97c1b9f84e256a23,-0.1511445003556504,False
131,2,roughness,none,roughness,1.0,test,Oracle-Rank+Residual,1.1477395258456091,0.5970927544899376,0.5324917597509613,0.6679379921259843,0.0,0.24769093584219787,8.476643737888686,0.40625,128,calibrated,oracle_rank,[0.32220918678259947],d60c5817b9278dea0a26ec93b96539a38f55b3ca8c4aeca843577f991d044fc5,roughness,23b4e1f4f45babc0dbe617efa3dc60a381eae697537c717c9f86b8377fd7e3cc,67fd0fe64eb401a1173567fcdc1c0e3d5de167668ed313f440d7be75dcaf1b00,23b4e1f4f45babc0dbe617efa3dc60a381eae697537c717c9f86b8377fd7e3cc,67fd0fe64eb401a1173567fcdc1c0e3d5de167668ed313f440d7be75dcaf1b00,ad2c5ddd08ee20ef3dbc4335e115bfc1d80ee7ddba833a6c97c1b9f84e256a23,-0.07043560359122258,False
131,2,roughness,none,roughness,1.0,test,Oracle-Value+Residual,1.2266009740813033,0.6813433084063758,0.5854639718000365,0.6982037401574803,0.15384615384615385,0.24769093584219787,12.761634693655454,0.328125,128,calibrated,oracle_value,[0.34540538608760013],d60c5817b9278dea0a26ec93b96539a38f55b3ca8c4aeca843577f991d044fc5,roughness,23b4e1f4f45babc0dbe617efa3dc60a381eae697537c717c9f86b8377fd7e3cc,67fd0fe64eb401a1173567fcdc1c0e3d5de167668ed313f440d7be75dcaf1b00,23b4e1f4f45babc0dbe617efa3dc60a381eae697537c717c9f86b8377fd7e3cc,67fd0fe64eb401a1173567fcdc1c0e3d5de167668ed313f440d7be75dcaf1b00,ad2c5ddd08ee20ef3dbc4335e115bfc1d80ee7ddba833a6c97c1b9f84e256a23,0.008425844644471603,False
131,2,roughness,none,roughness,1.0,test,Oracle-Rank+Value+Residual,1.2045161672627622,0.6840836989601586,0.5785112616736862,0.6948818897637795,0.15384615384615385,0.24769093584219787,12.045884640417771,0.390625,128,calibrated,oracle_rank|oracle_value,"[0.07008155037097497, 0.28296023035297874]",d60c5817b9278dea0a26ec93b96539a38f55b3ca8c4aeca843577f991d044fc5,roughness,23b4e1f4f45babc0dbe617efa3dc60a381eae697537c717c9f86b8377fd7e3cc,67fd0fe64eb401a1173567fcdc1c0e3d5de167668ed313f440d7be75dcaf1b00,23b4e1f4f45babc0dbe617efa3dc60a381eae697537c717c9f86b8377fd7e3cc,67fd0fe64eb401a1173567fcdc1c0e3d5de167668ed313f440d7be75dcaf1b00,ad2c5ddd08ee20ef3dbc4335e115bfc1d80ee7ddba833a6c97c1b9f84e256a23,-0.013658962174069478,False
131,2,reversal,none,reversal,0.35,test,Target-Only,0.6900938443985635,0.8662866290981459,0.8515210126350485,0.8224655511811023,0.3076923076923077,0.0016238323868892916,-1.9725986074660942,1.0,128,target_only,none,[],d60c5817b9278dea0a26ec93b96539a38f55b3ca8c4aeca843577f991d044fc5,reversal,23b4e1f4f45babc0dbe617efa3dc60a381eae697537c717c9f86b8377fd7e3cc,81e3688c295186d2f578d7ca6f32b326d9ca4e8d9527e491801f79ec54f9d79a,23b4e1f4f45babc0dbe617efa3dc60a381eae697537c717c9f86b8377fd7e3cc,81e3688c295186d2f578d7ca6f32b326d9ca4e8d9527e491801f79ec54f9d79a,4d2c3eb467a652566c9133c2e4184ef7c6e35af772861bffe4329f10f354ca8f,0.0,False
131,2,reversal,none,reversal,0.35,test,Geometry-Prior+Residual,0.6900938443985635,0.8662866290981459,0.8515210126350485,0.8224655511811023,0.3076923076923077,0.0016238323868892916,-1.9725986074660942,1.0,128,target_only,geometry,[1.12810181081643e-20],d60c5817b9278dea0a26ec93b96539a38f55b3ca8c4aeca843577f991d044fc5,reversal,23b4e1f4f45babc0dbe617efa3dc60a381eae697537c717c9f86b8377fd7e3cc,81e3688c295186d2f578d7ca6f32b326d9ca4e8d9527e491801f79ec54f9d79a,23b4e1f4f45babc0dbe617efa3dc60a381eae697537c717c9f86b8377fd7e3cc,81e3688c295186d2f578d7ca6f32b326d9ca4e8d9527e491801f79ec54f9d79a,4d2c3eb467a652566c9133c2e4184ef7c6e35af772861bffe4329f10f354ca8f,0.0,False
131,2,reversal,none,reversal,0.35,test,Oracle-Rank+Residual,0.6900938443985635,0.8662866290981459,0.8515210126350485,0.8224655511811023,0.3076923076923077,0.0016238323868892916,-1.9725986074660942,1.0,128,target_only,oracle_rank,[1.3688921484260557e-20],d60c5817b9278dea0a26ec93b96539a38f55b3ca8c4aeca843577f991d044fc5,reversal,23b4e1f4f45babc0dbe617efa3dc60a381eae697537c717c9f86b8377fd7e3cc,81e3688c295186d2f578d7ca6f32b326d9ca4e8d9527e491801f79ec54f9d79a,23b4e1f4f45babc0dbe617efa3dc60a381eae697537c717c9f86b8377fd7e3cc,81e3688c295186d2f578d7ca6f32b326d9ca4e8d9527e491801f79ec54f9d79a,4d2c3eb467a652566c9133c2e4184ef7c6e35af772861bffe4329f10f354ca8f,0.0,False
131,2,reversal,none,reversal,0.35,test,Oracle-Value+Residual,0.6900938443985635,0.8662866290981459,0.8515210126350485,0.8224655511811023,0.3076923076923077,0.0016238323868892916,-1.9725986074660942,1.0,128,target_only,oracle_value,[1.4203401975874398e-20],d60c5817b9278dea0a26ec93b96539a38f55b3ca8c4aeca843577f991d044fc5,reversal,23b4e1f4f45babc0dbe617efa3dc60a381eae697537c717c9f86b8377fd7e3cc,81e3688c295186d2f578d7ca6f32b326d9ca4e8d9527e491801f79ec54f9d79a,23b4e1f4f45babc0dbe617efa3dc60a381eae697537c717c9f86b8377fd7e3cc,81e3688c295186d2f578d7ca6f32b326d9ca4e8d9527e491801f79ec54f9d79a,4d2c3eb467a652566c9133c2e4184ef7c6e35af772861bffe4329f10f354ca8f,0.0,False
131,2,reversal,none,reversal,0.35,test,Oracle-Rank+Value+Residual,0.6900938443985635,0.8662866290981459,0.8515210126350485,0.8224655511811023,0.3076923076923077,0.0016238323868892916,-1.9725986074660942,1.0,128,target_only,oracle_rank|oracle_value,"[1.2495067215799258e-20, 2.1918528473853558e-20]",d60c5817b9278dea0a26ec93b96539a38f55b3ca8c4aeca843577f991d044fc5,reversal,23b4e1f4f45babc0dbe617efa3dc60a381eae697537c717c9f86b8377fd7e3cc,81e3688c295186d2f578d7ca6f32b326d9ca4e8d9527e491801f79ec54f9d79a,23b4e1f4f45babc0dbe617efa3dc60a381eae697537c717c9f86b8377fd7e3cc,81e3688c295186d2f578d7ca6f32b326d9ca4e8d9527e491801f79ec54f9d79a,4d2c3eb467a652566c9133c2e4184ef7c6e35af772861bffe4329f10f354ca8f,0.0,False
131,2,reversal,none,reversal,0.7,test,Target-Only,1.7703246507416481,0.8557801064559432,0.7854502380516388,0.7892470472440944,0.3076923076923077,0.004747435411406313,-0.392585583289898,0.734375,128,target_only,none,[],d60c5817b9278dea0a26ec93b96539a38f55b3ca8c4aeca843577f991d044fc5,reversal,23b4e1f4f45babc0dbe617efa3dc60a381eae697537c717c9f86b8377fd7e3cc,396ab259651567d692df87c69d29b7955beba97bbe4f4d30fd8c8b5d2922632b,23b4e1f4f45babc0dbe617efa3dc60a381eae697537c717c9f86b8377fd7e3cc,396ab259651567d692df87c69d29b7955beba97bbe4f4d30fd8c8b5d2922632b,6f0cb5c298158142d4fdf16582735c8de8f457f0c6969673def9eaa67b8645f7,0.0,False
131,2,reversal,none,reversal,0.7,test,Geometry-Prior+Residual,1.7703246507416481,0.8557801064559432,0.7854502380516388,0.7892470472440944,0.3076923076923077,0.004747435411406313,-0.392585583289898,0.734375,128,target_only,geometry,[1.12810181081643e-20],d60c5817b9278dea0a26ec93b96539a38f55b3ca8c4aeca843577f991d044fc5,reversal,23b4e1f4f45babc0dbe617efa3dc60a381eae697537c717c9f86b8377fd7e3cc,396ab259651567d692df87c69d29b7955beba97bbe4f4d30fd8c8b5d2922632b,23b4e1f4f45babc0dbe617efa3dc60a381eae697537c717c9f86b8377fd7e3cc,396ab259651567d692df87c69d29b7955beba97bbe4f4d30fd8c8b5d2922632b,6f0cb5c298158142d4fdf16582735c8de8f457f0c6969673def9eaa67b8645f7,0.0,False
131,2,reversal,none,reversal,0.7,test,Oracle-Rank+Residual,1.7703246507416481,0.8557801064559432,0.7854502380516388,0.7892470472440944,0.3076923076923077,0.004747435411406313,-0.392585583289898,0.734375,128,target_only,oracle_rank,[1.3688921484260557e-20],d60c5817b9278dea0a26ec93b96539a38f55b3ca8c4aeca843577f991d044fc5,reversal,23b4e1f4f45babc0dbe617efa3dc60a381eae697537c717c9f86b8377fd7e3cc,396ab259651567d692df87c69d29b7955beba97bbe4f4d30fd8c8b5d2922632b,23b4e1f4f45babc0dbe617efa3dc60a381eae697537c717c9f86b8377fd7e3cc,396ab259651567d692df87c69d29b7955beba97bbe4f4d30fd8c8b5d2922632b,6f0cb5c298158142d4fdf16582735c8de8f457f0c6969673def9eaa67b8645f7,0.0,False
131,2,reversal,none,reversal,0.7,test,Oracle-Value+Residual,1.7703246507416481,0.8557801064559432,0.7854502380516388,0.7892470472440944,0.3076923076923077,0.004747435411406313,-0.392585583289898,0.734375,128,target_only,oracle_value,[1.4203401975874398e-20],d60c5817b9278dea0a26ec93b96539a38f55b3ca8c4aeca843577f991d044fc5,reversal,23b4e1f4f45babc0dbe617efa3dc60a381eae697537c717c9f86b8377fd7e3cc,396ab259651567d692df87c69d29b7955beba97bbe4f4d30fd8c8b5d2922632b,23b4e1f4f45babc0dbe617efa3dc60a381eae697537c717c9f86b8377fd7e3cc,396ab259651567d692df87c69d29b7955beba97bbe4f4d30fd8c8b5d2922632b,6f0cb5c298158142d4fdf16582735c8de8f457f0c6969673def9eaa67b8645f7,0.0,False
131,2,reversal,none,reversal,0.7,test,Oracle-Rank+Value+Residual,1.7703246507416481,0.8557801064559432,0.7854502380516388,0.7892470472440944,0.3076923076923077,0.004747435411406313,-0.392585583289898,0.734375,128,target_only,oracle_rank|oracle_value,"[1.2495067215799258e-20, 2.1918528473853558e-20]",d60c5817b9278dea0a26ec93b96539a38f55b3ca8c4aeca843577f991d044fc5,reversal,23b4e1f4f45babc0dbe617efa3dc60a381eae697537c717c9f86b8377fd7e3cc,396ab259651567d692df87c69d29b7955beba97bbe4f4d30fd8c8b5d2922632b,23b4e1f4f45babc0dbe617efa3dc60a381eae697537c717c9f86b8377fd7e3cc,396ab259651567d692df87c69d29b7955beba97bbe4f4d30fd8c8b5d2922632b,6f0cb5c298158142d4fdf16582735c8de8f457f0c6969673def9eaa67b8645f7,0.0,False
131,2,reversal,none,reversal,1.0,test,Target-Only,0.9758297570166106,0.8371092240414798,0.6699951931880608,0.7405265748031497,0.3076923076923077,0.0006064352340054619,0.4087163440289376,0.7421875,128,target_only,none,[],d60c5817b9278dea0a26ec93b96539a38f55b3ca8c4aeca843577f991d044fc5,reversal,23b4e1f4f45babc0dbe617efa3dc60a381eae697537c717c9f86b8377fd7e3cc,67fd0fe64eb401a1173567fcdc1c0e3d5de167668ed313f440d7be75dcaf1b00,23b4e1f4f45babc0dbe617efa3dc60a381eae697537c717c9f86b8377fd7e3cc,67fd0fe64eb401a1173567fcdc1c0e3d5de167668ed313f440d7be75dcaf1b00,e011ab0a5139306718203f2864395c90da83c193306a1dcef31020f39b7256b7,0.0,False
131,2,reversal,none,reversal,1.0,test,Geometry-Prior+Residual,0.9758297570166106,0.8371092240414798,0.6699951931880608,0.7405265748031497,0.3076923076923077,0.0006064352340054619,0.4087163440289376,0.7421875,128,target_only,geometry,[1.12810181081643e-20],d60c5817b9278dea0a26ec93b96539a38f55b3ca8c4aeca843577f991d044fc5,reversal,23b4e1f4f45babc0dbe617efa3dc60a381eae697537c717c9f86b8377fd7e3cc,67fd0fe64eb401a1173567fcdc1c0e3d5de167668ed313f440d7be75dcaf1b00,23b4e1f4f45babc0dbe617efa3dc60a381eae697537c717c9f86b8377fd7e3cc,67fd0fe64eb401a1173567fcdc1c0e3d5de167668ed313f440d7be75dcaf1b00,e011ab0a5139306718203f2864395c90da83c193306a1dcef31020f39b7256b7,0.0,False
131,2,reversal,none,reversal,1.0,test,Oracle-Rank+Residual,0.9758297570166106,0.8371092240414798,0.6699951931880608,0.7405265748031497,0.3076923076923077,0.0006064352340054619,0.4087163440289376,0.7421875,128,target_only,oracle_rank,[1.3688921484260557e-20],d60c5817b9278dea0a26ec93b96539a38f55b3ca8c4aeca843577f991d044fc5,reversal,23b4e1f4f45babc0dbe617efa3dc60a381eae697537c717c9f86b8377fd7e3cc,67fd0fe64eb401a1173567fcdc1c0e3d5de167668ed313f440d7be75dcaf1b00,23b4e1f4f45babc0dbe617efa3dc60a381eae697537c717c9f86b8377fd7e3cc,67fd0fe64eb401a1173567fcdc1c0e3d5de167668ed313f440d7be75dcaf1b00,e011ab0a5139306718203f2864395c90da83c193306a1dcef31020f39b7256b7,0.0,False
131,2,reversal,none,reversal,1.0,test,Oracle-Value+Residual,0.9758297570166106,0.8371092240414798,0.6699951931880608,0.7405265748031497,0.3076923076923077,0.0006064352340054619,0.4087163440289376,0.7421875,128,target_only,oracle_value,[1.4203401975874398e-20],d60c5817b9278dea0a26ec93b96539a38f55b3ca8c4aeca843577f991d044fc5,reversal,23b4e1f4f45babc0dbe617efa3dc60a381eae697537c717c9f86b8377fd7e3cc,67fd0fe64eb401a1173567fcdc1c0e3d5de167668ed313f440d7be75dcaf1b00,23b4e1f4f45babc0dbe617efa3dc60a381eae697537c717c9f86b8377fd7e3cc,67fd0fe64eb401a1173567fcdc1c0e3d5de167668ed313f440d7be75dcaf1b00,e011ab0a5139306718203f2864395c90da83c193306a1dcef31020f39b7256b7,0.0,False
131,2,reversal,none,reversal,1.0,test,Oracle-Rank+Value+Residual,0.9758297570166106,0.8371092240414798,0.6699951931880608,0.7405265748031497,0.3076923076923077,0.0006064352340054619,0.4087163440289376,0.7421875,128,target_only,oracle_rank|oracle_value,"[1.2495067215799258e-20, 2.1918528473853558e-20]",d60c5817b9278dea0a26ec93b96539a38f55b3ca8c4aeca843577f991d044fc5,reversal,23b4e1f4f45babc0dbe617efa3dc60a381eae697537c717c9f86b8377fd7e3cc,67fd0fe64eb401a1173567fcdc1c0e3d5de167668ed313f440d7be75dcaf1b00,23b4e1f4f45babc0dbe617efa3dc60a381eae697537c717c9f86b8377fd7e3cc,67fd0fe64eb401a1173567fcdc1c0e3d5de167668ed313f440d7be75dcaf1b00,e011ab0a5139306718203f2864395c90da83c193306a1dcef31020f39b7256b7,0.0,False
131,2,independent_expert,none,independent_expert,0.35,test,Target-Only,0.6900938443985635,0.8335763707341415,0.8515210126350485,0.8224655511811023,0.23076923076923078,0.07627424676549366,-1.9725986074660942,1.0,128,target_only,none,[],6b5878d55a724f183ba17ba04834473dc8759b6da346701d13f885e6837cc469,independent_expert,23b4e1f4f45babc0dbe617efa3dc60a381eae697537c717c9f86b8377fd7e3cc,81e3688c295186d2f578d7ca6f32b326d9ca4e8d9527e491801f79ec54f9d79a,23b4e1f4f45babc0dbe617efa3dc60a381eae697537c717c9f86b8377fd7e3cc,81e3688c295186d2f578d7ca6f32b326d9ca4e8d9527e491801f79ec54f9d79a,2fd62fa626c7afb41122cd4a5ec707113bdde43d9689ac7feb56ee137b72c77d,0.0,False
131,2,independent_expert,none,independent_expert,0.35,test,Geometry-Prior+Residual,0.554256862231198,0.9044039727318165,0.8814319721662699,0.84498031496063,0.46153846153846156,0.07627424676549366,-2.096741634473025,0.84375,128,calibrated,geometry,[0.20809795559737318],6b5878d55a724f183ba17ba04834473dc8759b6da346701d13f885e6837cc469,independent_expert,23b4e1f4f45babc0dbe617efa3dc60a381eae697537c717c9f86b8377fd7e3cc,81e3688c295186d2f578d7ca6f32b326d9ca4e8d9527e491801f79ec54f9d79a,23b4e1f4f45babc0dbe617efa3dc60a381eae697537c717c9f86b8377fd7e3cc,81e3688c295186d2f578d7ca6f32b326d9ca4e8d9527e491801f79ec54f9d79a,2fd62fa626c7afb41122cd4a5ec707113bdde43d9689ac7feb56ee137b72c77d,-0.1358369821673655,False
131,2,independent_expert,none,independent_expert,0.35,test,Oracle-Rank+Residual,1.6025838221942923,0.6836800632126031,0.48448086431056575,0.6654773622047244,0.0,0.37980026201247113,0.20946345070359068,0.5390625,128,calibrated,oracle_rank,[0.0695118466344925],6b5878d55a724f183ba17ba04834473dc8759b6da346701d13f885e6837cc469,independent_expert,23b4e1f4f45babc0dbe617efa3dc60a381eae697537c717c9f86b8377fd7e3cc,81e3688c295186d2f578d7ca6f32b326d9ca4e8d9527e491801f79ec54f9d79a,23b4e1f4f45babc0dbe617efa3dc60a381eae697537c717c9f86b8377fd7e3cc,81e3688c295186d2f578d7ca6f32b326d9ca4e8d9527e491801f79ec54f9d79a,2fd62fa626c7afb41122cd4a5ec707113bdde43d9689ac7feb56ee137b72c77d,0.9124899777957288,True
131,2,independent_expert,none,independent_expert,0.35,test,Oracle-Value+Residual,1.0788428187910428,0.731285031962423,0.7192135140084234,0.7573818897637795,0.07692307692307693,0.3576798932517821,-1.2983746107717782,0.8203125,128,calibrated,oracle_value,[0.0338483661897231],6b5878d55a724f183ba17ba04834473dc8759b6da346701d13f885e6837cc469,independent_expert,23b4e1f4f45babc0dbe617efa3dc60a381eae697537c717c9f86b8377fd7e3cc,81e3688c295186d2f578d7ca6f32b326d9ca4e8d9527e491801f79ec54f9d79a,23b4e1f4f45babc0dbe617efa3dc60a381eae697537c717c9f86b8377fd7e3cc,81e3688c295186d2f578d7ca6f32b326d9ca4e8d9527e491801f79ec54f9d79a,2fd62fa626c7afb41122cd4a5ec707113bdde43d9689ac7feb56ee137b72c77d,0.38874897439247935,True
131,2,independent_expert,none,independent_expert,0.35,test,Oracle-Rank+Value+Residual,1.602583822194306,0.6836800632126031,0.48448086431056575,0.6654773622047244,0.0,0.37980026201247113,0.20946345070361438,0.5390625,128,calibrated,oracle_rank|oracle_value,"[0.06951184663448337, 1.0113085790406303e-14]",6b5878d55a724f183ba17ba04834473dc8759b6da346701d13f885e6837cc469,independent_expert,23b4e1f4f45babc0dbe617efa3dc60a381eae697537c717c9f86b8377fd7e3cc,81e3688c295186d2f578d7ca6f32b326d9ca4e8d9527e491801f79ec54f9d79a,23b4e1f4f45babc0dbe617efa3dc60a381eae697537c717c9f86b8377fd7e3cc,81e3688c295186d2f578d7ca6f32b326d9ca4e8d9527e491801f79ec54f9d79a,2fd62fa626c7afb41122cd4a5ec707113bdde43d9689ac7feb56ee137b72c77d,0.9124899777957426,True
131,2,independent_expert,none,independent_expert,0.7,test,Target-Only,1.7703246507416481,0.7975867495842054,0.7854502380516388,0.7892470472440944,0.15384615384615385,0.4731282179487303,-0.392585583289898,0.734375,128,target_only,none,[],6b5878d55a724f183ba17ba04834473dc8759b6da346701d13f885e6837cc469,independent_expert,23b4e1f4f45babc0dbe617efa3dc60a381eae697537c717c9f86b8377fd7e3cc,396ab259651567d692df87c69d29b7955beba97bbe4f4d30fd8c8b5d2922632b,23b4e1f4f45babc0dbe617efa3dc60a381eae697537c717c9f86b8377fd7e3cc,396ab259651567d692df87c69d29b7955beba97bbe4f4d30fd8c8b5d2922632b,0e4094ecb4b0595bbda27b2308447c4beb0c6c805007d6fd77bb2eaf0feb1b1a,0.0,False
131,2,independent_expert,none,independent_expert,0.7,test,Geometry-Prior+Residual,1.4861943323193125,0.9386954758998121,0.8099535341512543,0.8118848425196851,0.5384615384615384,0.0022592501709307856,0.15627692794471632,0.4765625,128,calibrated,geometry,[0.20809795559737318],6b5878d55a724f183ba17ba04834473dc8759b6da346701d13f885e6837cc469,independent_expert,23b4e1f4f45babc0dbe617efa3dc60a381eae697537c717c9f86b8377fd7e3cc,396ab259651567d692df87c69d29b7955beba97bbe4f4d30fd8c8b5d2922632b,23b4e1f4f45babc0dbe617efa3dc60a381eae697537c717c9f86b8377fd7e3cc,396ab259651567d692df87c69d29b7955beba97bbe4f4d30fd8c8b5d2922632b,0e4094ecb4b0595bbda27b2308447c4beb0c6c805007d6fd77bb2eaf0feb1b1a,-0.2841303184223356,False
131,2,independent_expert,none,independent_expert,0.7,test,Oracle-Rank+Residual,2.021635933384763,0.8590809369385868,0.4668272752243179,0.6694143700787402,0.5384615384615384,0.09900204791790088,0.5266208764403967,0.59375,128,calibrated,oracle_rank,[0.0695118466344925],6b5878d55a724f183ba17ba04834473dc8759b6da346701d13f885e6837cc469,independent_expert,23b4e1f4f45babc0dbe617efa3dc60a381eae697537c717c9f86b8377fd7e3cc,396ab259651567d692df87c69d29b7955beba97bbe4f4d30fd8c8b5d2922632b,23b4e1f4f45babc0dbe617efa3dc60a381eae697537c717c9f86b8377fd7e3cc,396ab259651567d692df87c69d29b7955beba97bbe4f4d30fd8c8b5d2922632b,0e4094ecb4b0595bbda27b2308447c4beb0c6c805007d6fd77bb2eaf0feb1b1a,0.251311282643115,True
131,2,independent_expert,none,independent_expert,0.7,test,Oracle-Value+Residual,1.8038935180586002,0.908375093535472,0.6144479033144112,0.7293307086614174,0.5384615384615384,0.0,-0.2245667506718704,0.6953125,128,calibrated,oracle_value,[0.0338483661897231],6b5878d55a724f183ba17ba04834473dc8759b6da346701d13f885e6837cc469,independent_expert,23b4e1f4f45babc0dbe617efa3dc60a381eae697537c717c9f86b8377fd7e3cc,396ab259651567d692df87c69d29b7955beba97bbe4f4d30fd8c8b5d2922632b,23b4e1f4f45babc0dbe617efa3dc60a381eae697537c717c9f86b8377fd7e3cc,396ab259651567d692df87c69d29b7955beba97bbe4f4d30fd8c8b5d2922632b,0e4094ecb4b0595bbda27b2308447c4beb0c6c805007d6fd77bb2eaf0feb1b1a,0.03356886731695208,True
131,2,independent_expert,none,independent_expert,0.7,test,Oracle-Rank+Value+Residual,2.021635933384778,0.8590809369385868,0.4668272752243179,0.6694143700787402,0.5384615384615384,0.09900204791790088,0.5266208764404038,0.59375,128,calibrated,oracle_rank|oracle_value,"[0.06951184663448337, 1.0113085790406303e-14]",6b5878d55a724f183ba17ba04834473dc8759b6da346701d13f885e6837cc469,independent_expert,23b4e1f4f45babc0dbe617efa3dc60a381eae697537c717c9f86b8377fd7e3cc,396ab259651567d692df87c69d29b7955beba97bbe4f4d30fd8c8b5d2922632b,23b4e1f4f45babc0dbe617efa3dc60a381eae697537c717c9f86b8377fd7e3cc,396ab259651567d692df87c69d29b7955beba97bbe4f4d30fd8c8b5d2922632b,0e4094ecb4b0595bbda27b2308447c4beb0c6c805007d6fd77bb2eaf0feb1b1a,0.2513112826431301,True
131,2,independent_expert,none,independent_expert,1.0,test,Target-Only,0.9758297570166106,0.7675970574102297,0.6699951931880608,0.7405265748031497,0.07692307692307693,0.2572205209644783,0.4087163440289376,0.7421875,128,target_only,none,[],6b5878d55a724f183ba17ba04834473dc8759b6da346701d13f885e6837cc469,independent_expert,23b4e1f4f45babc0dbe617efa3dc60a381eae697537c717c9f86b8377fd7e3cc,67fd0fe64eb401a1173567fcdc1c0e3d5de167668ed313f440d7be75dcaf1b00,23b4e1f4f45babc0dbe617efa3dc60a381eae697537c717c9f86b8377fd7e3cc,67fd0fe64eb401a1173567fcdc1c0e3d5de167668ed313f440d7be75dcaf1b00,ab6b13ac5e25618b082a0880d663c613ed2ce5e8a18bfc1a02ade1cb8a89301b,0.0,False
131,2,independent_expert,none,independent_expert,1.0,test,Geometry-Prior+Residual,0.7138616667571421,0.9491622785971383,0.7272763687969236,0.7775590551181102,0.5384615384615384,0.0,0.7401691995131882,0.609375,128,calibrated,geometry,[0.20809795559737318],6b5878d55a724f183ba17ba04834473dc8759b6da346701d13f885e6837cc469,independent_expert,23b4e1f4f45babc0dbe617efa3dc60a381eae697537c717c9f86b8377fd7e3cc,67fd0fe64eb401a1173567fcdc1c0e3d5de167668ed313f440d7be75dcaf1b00,23b4e1f4f45babc0dbe617efa3dc60a381eae697537c717c9f86b8377fd7e3cc,67fd0fe64eb401a1173567fcdc1c0e3d5de167668ed313f440d7be75dcaf1b00,ab6b13ac5e25618b082a0880d663c613ed2ce5e8a18bfc1a02ade1cb8a89301b,-0.26196809025946843,False
131,2,independent_expert,none,independent_expert,1.0,test,Oracle-Rank+Residual,1.374495103705704,0.7193291132308596,0.40536875114447907,0.6354576771653543,0.0,0.2609664505542255,2.51704556467659,0.359375,128,calibrated,oracle_rank,[0.0695118466344925],6b5878d55a724f183ba17ba04834473dc8759b6da346701d13f885e6837cc469,independent_expert,23b4e1f4f45babc0dbe617efa3dc60a381eae697537c717c9f86b8377fd7e3cc,67fd0fe64eb401a1173567fcdc1c0e3d5de167668ed313f440d7be75dcaf1b00,23b4e1f4f45babc0dbe617efa3dc60a381eae697537c717c9f86b8377fd7e3cc,67fd0fe64eb401a1173567fcdc1c0e3d5de167668ed313f440d7be75dcaf1b00,ab6b13ac5e25618b082a0880d663c613ed2ce5e8a18bfc1a02ade1cb8a89301b,0.3986653466890935,True
131,2,independent_expert,none,independent_expert,1.0,test,Oracle-Value+Residual,1.141951928070467,0.7397962085197276,0.5421053836293719,0.6935285433070866,0.0,0.2609664505542255,1.1438589634014686,0.5234375,128,calibrated,oracle_value,[0.0338483661897231],6b5878d55a724f183ba17ba04834473dc8759b6da346701d13f885e6837cc469,independent_expert,23b4e1f4f45babc0dbe617efa3dc60a381eae697537c717c9f86b8377fd7e3cc,67fd0fe64eb401a1173567fcdc1c0e3d5de167668ed313f440d7be75dcaf1b00,23b4e1f4f45babc0dbe617efa3dc60a381eae697537c717c9f86b8377fd7e3cc,67fd0fe64eb401a1173567fcdc1c0e3d5de167668ed313f440d7be75dcaf1b00,ab6b13ac5e25618b082a0880d663c613ed2ce5e8a18bfc1a02ade1cb8a89301b,0.16612217105385652,True
131,2,independent_expert,none,independent_expert,1.0,test,Oracle-Rank+Value+Residual,1.3744951037057085,0.7193291132308596,0.40536875114447907,0.6354576771653543,0.0,0.2609664505542255,2.5170455646765846,0.359375,128,calibrated,oracle_rank|oracle_value,"[0.06951184663448337, 1.0113085790406303e-14]",6b5878d55a724f183ba17ba04834473dc8759b6da346701d13f885e6837cc469,independent_expert,23b4e1f4f45babc0dbe617efa3dc60a381eae697537c717c9f86b8377fd7e3cc,67fd0fe64eb401a1173567fcdc1c0e3d5de167668ed313f440d7be75dcaf1b00,23b4e1f4f45babc0dbe617efa3dc60a381eae697537c717c9f86b8377fd7e3cc,67fd0fe64eb401a1173567fcdc1c0e3d5de167668ed313f440d7be75dcaf1b00,ab6b13ac5e25618b082a0880d663c613ed2ce5e8a18bfc1a02ade1cb8a89301b,0.3986653466890979,True
