seed,dimension,relation,control,relation_or_control,shell,panel,source_data_hash,source_value_rmse,source_rank_pairwise_accuracy,source_rank_target_agreement,source_query_transform,source_context_query_hash,source_test_query_hash,target_context_design_hash,target_test_design_hash,target_test_truth_hash,source_permutation_hash,theta,independent_theta
11,2,identity,none,identity,0.35,test,a7b6a7b5e94873c180b1d57754fc716642e2171b727474b55825b5ac16430179,1.3095235711488207,0.9592765748031497,0.8965305118110236,identity,682cac9509a7b65baf715e5aea285ff723c19bb51ed7e8c219527cd44c615dd1,a6ce4f7ce317c872feacba9db9212f33068858423372698129528317559e2d1d,682cac9509a7b65baf715e5aea285ff723c19bb51ed7e8c219527cd44c615dd1,a6ce4f7ce317c872feacba9db9212f33068858423372698129528317559e2d1d,1946cd5a4b2aac227647192282144c67350fb74f45b3710b1a58e267f515bda0,f270d045fb254d95d99b00bc181cc51070d7aa57ba31f2ff7cedc73581f9462b,1.0345664599213817,2.7420943670728457
11,2,identity,none,identity,0.7,test,a7b6a7b5e94873c180b1d57754fc716642e2171b727474b55825b5ac16430179,0.7108087252173175,0.9763779527559056,0.9368848425196851,identity,682cac9509a7b65baf715e5aea285ff723c19bb51ed7e8c219527cd44c615dd1,a5562d7b09c8bbeeade4336821b21b69107285dc6cd70389b2ad4dbf9d8dd130,682cac9509a7b65baf715e5aea285ff723c19bb51ed7e8c219527cd44c615dd1,a5562d7b09c8bbeeade4336821b21b69107285dc6cd70389b2ad4dbf9d8dd130,859a3e95a7be59c235dab59079f8d71445a281e3ca57da5f4ad68691bec3b52b,f270d045fb254d95d99b00bc181cc51070d7aa57ba31f2ff7cedc73581f9462b,1.0345664599213817,2.7420943670728457
11,2,identity,none,identity,1.0,test,a7b6a7b5e94873c180b1d57754fc716642e2171b727474b55825b5ac16430179,0.8921182305150963,0.9824064960629921,0.9375,identity,682cac9509a7b65baf715e5aea285ff723c19bb51ed7e8c219527cd44c615dd1,1d0d02144ea2ea3555cd97b7c66a0c460830c1dbacb3d178a35391789764ca60,682cac9509a7b65baf715e5aea285ff723c19bb51ed7e8c219527cd44c615dd1,1d0d02144ea2ea3555cd97b7c66a0c460830c1dbacb3d178a35391789764ca60,6182861a06a1269d0929f66b7d805dea0db4437a1654df9c43ef7db207e39d07,f270d045fb254d95d99b00bc181cc51070d7aa57ba31f2ff7cedc73581f9462b,1.0345664599213817,2.7420943670728457
11,2,identity,identity_label_permutation,identity_label_permutation,0.35,test,b685a47e2b084314defbbb0fcd1a00aa4e2c47ee4d3343b2d6064f9d310e948b,0.9535631702380729,0.4203986220472441,0.4047736220472441,identity,682cac9509a7b65baf715e5aea285ff723c19bb51ed7e8c219527cd44c615dd1,a6ce4f7ce317c872feacba9db9212f33068858423372698129528317559e2d1d,682cac9509a7b65baf715e5aea285ff723c19bb51ed7e8c219527cd44c615dd1,a6ce4f7ce317c872feacba9db9212f33068858423372698129528317559e2d1d,1946cd5a4b2aac227647192282144c67350fb74f45b3710b1a58e267f515bda0,f270d045fb254d95d99b00bc181cc51070d7aa57ba31f2ff7cedc73581f9462b,1.0345664599213817,2.7420943670728457
11,2,identity,identity_label_permutation,identity_label_permutation,0.7,test,b685a47e2b084314defbbb0fcd1a00aa4e2c47ee4d3343b2d6064f9d310e948b,1.2492638691439935,0.515748031496063,0.48547155872937703,identity,682cac9509a7b65baf715e5aea285ff723c19bb51ed7e8c219527cd44c615dd1,a5562d7b09c8bbeeade4336821b21b69107285dc6cd70389b2ad4dbf9d8dd130,682cac9509a7b65baf715e5aea285ff723c19bb51ed7e8c219527cd44c615dd1,a5562d7b09c8bbeeade4336821b21b69107285dc6cd70389b2ad4dbf9d8dd130,859a3e95a7be59c235dab59079f8d71445a281e3ca57da5f4ad68691bec3b52b,f270d045fb254d95d99b00bc181cc51070d7aa57ba31f2ff7cedc73581f9462b,1.0345664599213817,2.7420943670728457
11,2,identity,identity_label_permutation,identity_label_permutation,1.0,test,b685a47e2b084314defbbb0fcd1a00aa4e2c47ee4d3343b2d6064f9d310e948b,1.4250805533225424,0.5019685039370079,0.5080207305034551,identity,682cac9509a7b65baf715e5aea285ff723c19bb51ed7e8c219527cd44c615dd1,1d0d02144ea2ea3555cd97b7c66a0c460830c1dbacb3d178a35391789764ca60,682cac9509a7b65baf715e5aea285ff723c19bb51ed7e8c219527cd44c615dd1,1d0d02144ea2ea3555cd97b7c66a0c460830c1dbacb3d178a35391789764ca60,6182861a06a1269d0929f66b7d805dea0db4437a1654df9c43ef7db207e39d07,f270d045fb254d95d99b00bc181cc51070d7aa57ba31f2ff7cedc73581f9462b,1.0345664599213817,2.7420943670728457
11,2,output_affine,none,output_affine,0.35,test,a7b6a7b5e94873c180b1d57754fc716642e2171b727474b55825b5ac16430179,5.608008527681323,0.9592765748031497,0.8965305118110236,output_affine,682cac9509a7b65baf715e5aea285ff723c19bb51ed7e8c219527cd44c615dd1,a6ce4f7ce317c872feacba9db9212f33068858423372698129528317559e2d1d,682cac9509a7b65baf715e5aea285ff723c19bb51ed7e8c219527cd44c615dd1,a6ce4f7ce317c872feacba9db9212f33068858423372698129528317559e2d1d,e60ac35d21bbad22518f13269f0133792b7594b2ff4a200a6d00e3a12a4aae94,f270d045fb254d95d99b00bc181cc51070d7aa57ba31f2ff7cedc73581f9462b,1.0345664599213817,2.7420943670728457
11,2,output_affine,none,output_affine,0.7,test,a7b6a7b5e94873c180b1d57754fc716642e2171b727474b55825b5ac16430179,5.301939388757959,0.9763779527559056,0.9368848425196851,output_affine,682cac9509a7b65baf715e5aea285ff723c19bb51ed7e8c219527cd44c615dd1,a5562d7b09c8bbeeade4336821b21b69107285dc6cd70389b2ad4dbf9d8dd130,682cac9509a7b65baf715e5aea285ff723c19bb51ed7e8c219527cd44c615dd1,a5562d7b09c8bbeeade4336821b21b69107285dc6cd70389b2ad4dbf9d8dd130,097fd7e0351a49995d22d7d35626c05f95ea410819c6fc01a677d7aa055856e1,f270d045fb254d95d99b00bc181cc51070d7aa57ba31f2ff7cedc73581f9462b,1.0345664599213817,2.7420943670728457
11,2,output_affine,none,output_affine,1.0,test,a7b6a7b5e94873c180b1d57754fc716642e2171b727474b55825b5ac16430179,4.814482068782546,0.9824064960629921,0.9375,output_affine,682cac9509a7b65baf715e5aea285ff723c19bb51ed7e8c219527cd44c615dd1,1d0d02144ea2ea3555cd97b7c66a0c460830c1dbacb3d178a35391789764ca60,682cac9509a7b65baf715e5aea285ff723c19bb51ed7e8c219527cd44c615dd1,1d0d02144ea2ea3555cd97b7c66a0c460830c1dbacb3d178a35391789764ca60,74f178ae87630cf89eb7f3b51c4390523ea380cf84390709949b349ec4958c95,f270d045fb254d95d99b00bc181cc51070d7aa57ba31f2ff7cedc73581f9462b,1.0345664599213817,2.7420943670728457
11,2,scale_0.7,none,scale_0.7,0.35,test,a7b6a7b5e94873c180b1d57754fc716642e2171b727474b55825b5ac16430179,1.537165049428001,0.9921259842519685,0.9167076771653543,scale_0.7,61ca04b638e5bf851a37c23d4c280e94b215154f074cbbad5fb7b0753345663d,a1953fb01fce8d17a3850ad03580106ce3eeb884f3dbbd45d74794f13845d79d,682cac9509a7b65baf715e5aea285ff723c19bb51ed7e8c219527cd44c615dd1,a6ce4f7ce317c872feacba9db9212f33068858423372698129528317559e2d1d,b9e07371a26a712a8e7ac37d4d46bea6a0f3acd689ec747ea2965f71c240c824,f270d045fb254d95d99b00bc181cc51070d7aa57ba31f2ff7cedc73581f9462b,1.0345664599213817,2.7420943670728457
11,2,scale_0.7,none,scale_0.7,0.7,test,a7b6a7b5e94873c180b1d57754fc716642e2171b727474b55825b5ac16430179,1.0635425813750685,0.9873277559055118,0.9450049212598425,scale_0.7,61ca04b638e5bf851a37c23d4c280e94b215154f074cbbad5fb7b0753345663d,a07b9bab25036b89a35ce06480a67a5002d685e14f094ef4f0c3d13318fb2faf,682cac9509a7b65baf715e5aea285ff723c19bb51ed7e8c219527cd44c615dd1,a5562d7b09c8bbeeade4336821b21b69107285dc6cd70389b2ad4dbf9d8dd130,6ca0aa72e4f79f26948ec326b7232ee799d682474ebc7e8dbcf237d7bf0a91d6,f270d045fb254d95d99b00bc181cc51070d7aa57ba31f2ff7cedc73581f9462b,1.0345664599213817,2.7420943670728457
11,2,scale_0.7,none,scale_0.7,1.0,test,a7b6a7b5e94873c180b1d57754fc716642e2171b727474b55825b5ac16430179,0.7108087252173175,0.9763779527559056,0.9368848425196851,scale_0.7,61ca04b638e5bf851a37c23d4c280e94b215154f074cbbad5fb7b0753345663d,a5562d7b09c8bbeeade4336821b21b69107285dc6cd70389b2ad4dbf9d8dd130,682cac9509a7b65baf715e5aea285ff723c19bb51ed7e8c219527cd44c615dd1,1d0d02144ea2ea3555cd97b7c66a0c460830c1dbacb3d178a35391789764ca60,c7d20c2e782ab1fa18ef288fb5732fa8f1c001b988aad97ecbe9ec276ebf3fb5,f270d045fb254d95d99b00bc181cc51070d7aa57ba31f2ff7cedc73581f9462b,1.0345664599213817,2.7420943670728457
11,2,scale_1.5,none,scale_1.5,0.35,test,a7b6a7b5e94873c180b1d57754fc716642e2171b727474b55825b5ac16430179,1.0100688767519785,0.9874507874015748,0.9422982283464567,scale_1.5,68f091acba7835400cf3fce81593d2d3c71bf4b2969503e439577d50e1431675,12beab969b38e34c98cab68243414c423b6d0b5555f102d7514b146395d9c2ba,682cac9509a7b65baf715e5aea285ff723c19bb51ed7e8c219527cd44c615dd1,a6ce4f7ce317c872feacba9db9212f33068858423372698129528317559e2d1d,d93d5ce815c300c37b5c33addf4e99a5797a6f12d8f98d8da7e9eda148fedc34,f270d045fb254d95d99b00bc181cc51070d7aa57ba31f2ff7cedc73581f9462b,1.0345664599213817,2.7420943670728457
11,2,scale_1.5,none,scale_1.5,0.7,test,a7b6a7b5e94873c180b1d57754fc716642e2171b727474b55825b5ac16430179,1.0412252159186528,0.9633366141732284,0.9277805118110236,scale_1.5,68f091acba7835400cf3fce81593d2d3c71bf4b2969503e439577d50e1431675,f9f60164225d69ea79058017629260be71d74eb3acb3b692bcd5495850ae10ed,682cac9509a7b65baf715e5aea285ff723c19bb51ed7e8c219527cd44c615dd1,a5562d7b09c8bbeeade4336821b21b69107285dc6cd70389b2ad4dbf9d8dd130,6db82dd9ddf54ba18901b47b32419736440d8babee028f4b85d5a3597de55d1a,f270d045fb254d95d99b00bc181cc51070d7aa57ba31f2ff7cedc73581f9462b,1.0345664599213817,2.7420943670728457
11,2,scale_1.5,none,scale_1.5,1.0,test,a7b6a7b5e94873c180b1d57754fc716642e2171b727474b55825b5ac16430179,1.2756853056006203,0.7936761811023622,0.6902066929133859,scale_1.5,68f091acba7835400cf3fce81593d2d3c71bf4b2969503e439577d50e1431675,982baae14278378995911a8cef49d64bfb9336140122b630e65637556080fb11,682cac9509a7b65baf715e5aea285ff723c19bb51ed7e8c219527cd44c615dd1,1d0d02144ea2ea3555cd97b7c66a0c460830c1dbacb3d178a35391789764ca60,00b3614dd1794871f71297cba4480b6cb888b1565057fc3061045f5e2a14418b,f270d045fb254d95d99b00bc181cc51070d7aa57ba31f2ff7cedc73581f9462b,1.0345664599213817,2.7420943670728457
11,2,rotate_45,none,rotate_45,0.35,test,a7b6a7b5e94873c180b1d57754fc716642e2171b727474b55825b5ac16430179,1.296237298841777,0.9728100393700787,0.9187992125984252,rotate_45,d786314cb5e8ac16017a5ea2d4c80ca7e33236f18b3f36df8f132f15fc2bb273,b618bd1c64f6fb10997a349f0c0d10e742895e275b6377bc21bfec63443f718e,682cac9509a7b65baf715e5aea285ff723c19bb51ed7e8c219527cd44c615dd1,a6ce4f7ce317c872feacba9db9212f33068858423372698129528317559e2d1d,90d0f8cd24a61c42e5596b26b6d104d63ededf093b4dae51c97f9552d11d30d2,f270d045fb254d95d99b00bc181cc51070d7aa57ba31f2ff7cedc73581f9462b,1.0345664599213817,2.7420943670728457
11,2,rotate_45,none,rotate_45,0.7,test,a7b6a7b5e94873c180b1d57754fc716642e2171b727474b55825b5ac16430179,0.6731859655240114,0.9645669291338582,0.9131397637795275,rotate_45,d786314cb5e8ac16017a5ea2d4c80ca7e33236f18b3f36df8f132f15fc2bb273,5d5e1688ff849cfe4bc9f55563d182aea5516ba67224092562d936006c71941f,682cac9509a7b65baf715e5aea285ff723c19bb51ed7e8c219527cd44c615dd1,a5562d7b09c8bbeeade4336821b21b69107285dc6cd70389b2ad4dbf9d8dd130,27a6ffa3fac8ef7235e534ac617fbf05ae5ed4fd941fd28653bd8af4cbcfb763,f270d045fb254d95d99b00bc181cc51070d7aa57ba31f2ff7cedc73581f9462b,1.0345664599213817,2.7420943670728457
11,2,rotate_45,none,rotate_45,1.0,test,a7b6a7b5e94873c180b1d57754fc716642e2171b727474b55825b5ac16430179,0.821837687397056,0.9858513779527559,0.9451279527559056,rotate_45,d786314cb5e8ac16017a5ea2d4c80ca7e33236f18b3f36df8f132f15fc2bb273,dc843db82e9c888701d2b8b1a97372a6cb649f21074d50bbe645c602fe3ea2c3,682cac9509a7b65baf715e5aea285ff723c19bb51ed7e8c219527cd44c615dd1,1d0d02144ea2ea3555cd97b7c66a0c460830c1dbacb3d178a35391789764ca60,d71a764985adeae273f8c074d7632d63d27432fcf3c4d4a0625ac363755d6fbd,f270d045fb254d95d99b00bc181cc51070d7aa57ba31f2ff7cedc73581f9462b,1.0345664599213817,2.7420943670728457
11,2,roughness,none,roughness,0.35,test,a7b6a7b5e94873c180b1d57754fc716642e2171b727474b55825b5ac16430179,1.5515673451250196,0.48154527559055116,0.44709645669291337,roughness,682cac9509a7b65baf715e5aea285ff723c19bb51ed7e8c219527cd44c615dd1,a6ce4f7ce317c872feacba9db9212f33068858423372698129528317559e2d1d,682cac9509a7b65baf715e5aea285ff723c19bb51ed7e8c219527cd44c615dd1,a6ce4f7ce317c872feacba9db9212f33068858423372698129528317559e2d1d,e2f962654d1904af56a5bc0fb7b6accbea74978d44c090332c652da3aa4e3b03,f270d045fb254d95d99b00bc181cc51070d7aa57ba31f2ff7cedc73581f9462b,1.0345664599213817,2.7420943670728457
11,2,roughness,none,roughness,0.7,test,a7b6a7b5e94873c180b1d57754fc716642e2171b727474b55825b5ac16430179,1.1090934184592147,0.7132135826771654,0.7236712598425197,roughness,682cac9509a7b65baf715e5aea285ff723c19bb51ed7e8c219527cd44c615dd1,a5562d7b09c8bbeeade4336821b21b69107285dc6cd70389b2ad4dbf9d8dd130,682cac9509a7b65baf715e5aea285ff723c19bb51ed7e8c219527cd44c615dd1,a5562d7b09c8bbeeade4336821b21b69107285dc6cd70389b2ad4dbf9d8dd130,dbd33e0ab20601fb220245d5f172c8385cf600cec6c82dedebddf167f2970430,f270d045fb254d95d99b00bc181cc51070d7aa57ba31f2ff7cedc73581f9462b,1.0345664599213817,2.7420943670728457
11,2,roughness,none,roughness,1.0,test,a7b6a7b5e94873c180b1d57754fc716642e2171b727474b55825b5ac16430179,0.8862015449784063,0.7474163385826772,0.7317913385826772,roughness,682cac9509a7b65baf715e5aea285ff723c19bb51ed7e8c219527cd44c615dd1,1d0d02144ea2ea3555cd97b7c66a0c460830c1dbacb3d178a35391789764ca60,682cac9509a7b65baf715e5aea285ff723c19bb51ed7e8c219527cd44c615dd1,1d0d02144ea2ea3555cd97b7c66a0c460830c1dbacb3d178a35391789764ca60,04a7a0bf7bed2fc1579561c8234eff2544f8364ec3161d791f67f9690d7fa089,f270d045fb254d95d99b00bc181cc51070d7aa57ba31f2ff7cedc73581f9462b,1.0345664599213817,2.7420943670728457
11,2,reversal,none,reversal,0.35,test,a7b6a7b5e94873c180b1d57754fc716642e2171b727474b55825b5ac16430179,0.9335714259360866,0.04072342519685039,0.10346948818897637,reversal,682cac9509a7b65baf715e5aea285ff723c19bb51ed7e8c219527cd44c615dd1,a6ce4f7ce317c872feacba9db9212f33068858423372698129528317559e2d1d,682cac9509a7b65baf715e5aea285ff723c19bb51ed7e8c219527cd44c615dd1,a6ce4f7ce317c872feacba9db9212f33068858423372698129528317559e2d1d,4f416fca1e6ffd201c9397409a44775b59d213685b8c2bdde5d0f85cde9734c5,f270d045fb254d95d99b00bc181cc51070d7aa57ba31f2ff7cedc73581f9462b,1.0345664599213817,2.7420943670728457
11,2,reversal,none,reversal,0.7,test,a7b6a7b5e94873c180b1d57754fc716642e2171b727474b55825b5ac16430179,0.47307663587201504,0.023622047244094488,0.06311515748031496,reversal,682cac9509a7b65baf715e5aea285ff723c19bb51ed7e8c219527cd44c615dd1,a5562d7b09c8bbeeade4336821b21b69107285dc6cd70389b2ad4dbf9d8dd130,682cac9509a7b65baf715e5aea285ff723c19bb51ed7e8c219527cd44c615dd1,a5562d7b09c8bbeeade4336821b21b69107285dc6cd70389b2ad4dbf9d8dd130,8f3e5394de2dbe460d3d269e35d671c82187b9a55fbe033c94820fbb5df7f76b,f270d045fb254d95d99b00bc181cc51070d7aa57ba31f2ff7cedc73581f9462b,1.0345664599213817,2.7420943670728457
11,2,reversal,none,reversal,1.0,test,a7b6a7b5e94873c180b1d57754fc716642e2171b727474b55825b5ac16430179,2.3982614548743033,0.017593503937007874,0.0625,reversal,682cac9509a7b65baf715e5aea285ff723c19bb51ed7e8c219527cd44c615dd1,1d0d02144ea2ea3555cd97b7c66a0c460830c1dbacb3d178a35391789764ca60,682cac9509a7b65baf715e5aea285ff723c19bb51ed7e8c219527cd44c615dd1,1d0d02144ea2ea3555cd97b7c66a0c460830c1dbacb3d178a35391789764ca60,26ff75fb0063412807336202c33bddd59af5691fb19a131cee29ba9d5774f580,f270d045fb254d95d99b00bc181cc51070d7aa57ba31f2ff7cedc73581f9462b,1.0345664599213817,2.7420943670728457
11,2,independent_expert,none,independent_expert,0.35,test,63269ca1ef7fbd2cb3b7439aa1225a482eb0677191083a9306f3c6d8f40b4f41,0.8496080836592256,0.750738188976378,0.7386209448624645,independent_expert,682cac9509a7b65baf715e5aea285ff723c19bb51ed7e8c219527cd44c615dd1,a6ce4f7ce317c872feacba9db9212f33068858423372698129528317559e2d1d,682cac9509a7b65baf715e5aea285ff723c19bb51ed7e8c219527cd44c615dd1,a6ce4f7ce317c872feacba9db9212f33068858423372698129528317559e2d1d,1946cd5a4b2aac227647192282144c67350fb74f45b3710b1a58e267f515bda0,f270d045fb254d95d99b00bc181cc51070d7aa57ba31f2ff7cedc73581f9462b,1.0345664599213817,2.7420943670728457
11,2,independent_expert,none,independent_expert,0.7,test,63269ca1ef7fbd2cb3b7439aa1225a482eb0677191083a9306f3c6d8f40b4f41,0.8552537036571188,0.4104330708661417,0.40372287968441817,independent_expert,682cac9509a7b65baf715e5aea285ff723c19bb51ed7e8c219527cd44c615dd1,a5562d7b09c8bbeeade4336821b21b69107285dc6cd70389b2ad4dbf9d8dd130,682cac9509a7b65baf715e5aea285ff723c19bb51ed7e8c219527cd44c615dd1,a5562d7b09c8bbeeade4336821b21b69107285dc6cd70389b2ad4dbf9d8dd130,859a3e95a7be59c235dab59079f8d71445a281e3ca57da5f4ad68691bec3b52b,f270d045fb254d95d99b00bc181cc51070d7aa57ba31f2ff7cedc73581f9462b,1.0345664599213817,2.7420943670728457
11,2,independent_expert,none,independent_expert,1.0,test,63269ca1ef7fbd2cb3b7439aa1225a482eb0677191083a9306f3c6d8f40b4f41,1.3383034745280833,0.5653297244094488,0.5623923209451145,independent_expert,682cac9509a7b65baf715e5aea285ff723c19bb51ed7e8c219527cd44c615dd1,1d0d02144ea2ea3555cd97b7c66a0c460830c1dbacb3d178a35391789764ca60,682cac9509a7b65baf715e5aea285ff723c19bb51ed7e8c219527cd44c615dd1,1d0d02144ea2ea3555cd97b7c66a0c460830c1dbacb3d178a35391789764ca60,6182861a06a1269d0929f66b7d805dea0db4437a1654df9c43ef7db207e39d07,f270d045fb254d95d99b00bc181cc51070d7aa57ba31f2ff7cedc73581f9462b,1.0345664599213817,2.7420943670728457
23,2,identity,none,identity,0.35,test,1e2b8f16112f04d802e85873321fc043a421338f64c6699d67dd2853d652031f,1.1905578240003056,0.9582923228346457,0.9271653543307087,identity,1d5ba15d346afd65dd2bc5d0b35beaa225f8f06e4b54fc12091f0e43ff707cd2,46300733987cce7b063624fecbb4d56c78b327d44d6e84691cb2ca75f853dd51,1d5ba15d346afd65dd2bc5d0b35beaa225f8f06e4b54fc12091f0e43ff707cd2,46300733987cce7b063624fecbb4d56c78b327d44d6e84691cb2ca75f853dd51,463ead8052fa1ebe4e30f42fe84fb7898c1ca3e70d100a0b6d26a65dd96cd5d0,eb61e9cb6a0db3872ac5a277e8d6231f6f39e2f5ecccb3837dc8df6b07a940f5,2.1729515639906904,4.2051784893131705
23,2,identity,none,identity,0.7,test,1e2b8f16112f04d802e85873321fc043a421338f64c6699d67dd2853d652031f,0.6507049288942752,0.9664124015748031,0.844242125984252,identity,1d5ba15d346afd65dd2bc5d0b35beaa225f8f06e4b54fc12091f0e43ff707cd2,be74c031c2231d61a535fa05b69d02be31fc2054cc92b7f310177e8836ac864e,1d5ba15d346afd65dd2bc5d0b35beaa225f8f06e4b54fc12091f0e43ff707cd2,be74c031c2231d61a535fa05b69d02be31fc2054cc92b7f310177e8836ac864e,0b3da6e179ac561715843f8d81ba35e316afd159a5a99089685505ef730e3a58,eb61e9cb6a0db3872ac5a277e8d6231f6f39e2f5ecccb3837dc8df6b07a940f5,2.1729515639906904,4.2051784893131705
23,2,identity,none,identity,1.0,test,1e2b8f16112f04d802e85873321fc043a421338f64c6699d67dd2853d652031f,0.8003985299427285,0.9837598425196851,0.9395915354330708,identity,1d5ba15d346afd65dd2bc5d0b35beaa225f8f06e4b54fc12091f0e43ff707cd2,4ebc936fe17b2e1eb9dcf5fdf42e89b13ded9a858bf19735516da343f6441796,1d5ba15d346afd65dd2bc5d0b35beaa225f8f06e4b54fc12091f0e43ff707cd2,4ebc936fe17b2e1eb9dcf5fdf42e89b13ded9a858bf19735516da343f6441796,b4a51fe3eba0853728fbb33684c100a86e588a30ec3d01759ec75bcfe218034e,eb61e9cb6a0db3872ac5a277e8d6231f6f39e2f5ecccb3837dc8df6b07a940f5,2.1729515639906904,4.2051784893131705
23,2,identity,identity_label_permutation,identity_label_permutation,0.35,test,ca959d4edaf6fee1965358edb023b632b4b18cdd45572acc546e11f0588081ed,1.5732211579433804,0.5301427165354331,0.5457142857142857,identity,1d5ba15d346afd65dd2bc5d0b35beaa225f8f06e4b54fc12091f0e43ff707cd2,46300733987cce7b063624fecbb4d56c78b327d44d6e84691cb2ca75f853dd51,1d5ba15d346afd65dd2bc5d0b35beaa225f8f06e4b54fc12091f0e43ff707cd2,46300733987cce7b063624fecbb4d56c78b327d44d6e84691cb2ca75f853dd51,463ead8052fa1ebe4e30f42fe84fb7898c1ca3e70d100a0b6d26a65dd96cd5d0,eb61e9cb6a0db3872ac5a277e8d6231f6f39e2f5ecccb3837dc8df6b07a940f5,2.1729515639906904,4.2051784893131705
23,2,identity,identity_label_permutation,identity_label_permutation,0.7,test,ca959d4edaf6fee1965358edb023b632b4b18cdd45572acc546e11f0588081ed,1.5161805754655304,0.38361220472440943,0.38337067463281055,identity,1d5ba15d346afd65dd2bc5d0b35beaa225f8f06e4b54fc12091f0e43ff707cd2,be74c031c2231d61a535fa05b69d02be31fc2054cc92b7f310177e8836ac864e,1d5ba15d346afd65dd2bc5d0b35beaa225f8f06e4b54fc12091f0e43ff707cd2,be74c031c2231d61a535fa05b69d02be31fc2054cc92b7f310177e8836ac864e,0b3da6e179ac561715843f8d81ba35e316afd159a5a99089685505ef730e3a58,eb61e9cb6a0db3872ac5a277e8d6231f6f39e2f5ecccb3837dc8df6b07a940f5,2.1729515639906904,4.2051784893131705
23,2,identity,identity_label_permutation,identity_label_permutation,1.0,test,ca959d4edaf6fee1965358edb023b632b4b18cdd45572acc546e11f0588081ed,2.0077740369290753,0.5399852362204725,0.5604628016919632,identity,1d5ba15d346afd65dd2bc5d0b35beaa225f8f06e4b54fc12091f0e43ff707cd2,4ebc936fe17b2e1eb9dcf5fdf42e89b13ded9a858bf19735516da343f6441796,1d5ba15d346afd65dd2bc5d0b35beaa225f8f06e4b54fc12091f0e43ff707cd2,4ebc936fe17b2e1eb9dcf5fdf42e89b13ded9a858bf19735516da343f6441796,b4a51fe3eba0853728fbb33684c100a86e588a30ec3d01759ec75bcfe218034e,eb61e9cb6a0db3872ac5a277e8d6231f6f39e2f5ecccb3837dc8df6b07a940f5,2.1729515639906904,4.2051784893131705
23,2,output_affine,none,output_affine,0.35,test,1e2b8f16112f04d802e85873321fc043a421338f64c6699d67dd2853d652031f,5.489255674906776,0.9582923228346457,0.9271653543307087,output_affine,1d5ba15d346afd65dd2bc5d0b35beaa225f8f06e4b54fc12091f0e43ff707cd2,46300733987cce7b063624fecbb4d56c78b327d44d6e84691cb2ca75f853dd51,1d5ba15d346afd65dd2bc5d0b35beaa225f8f06e4b54fc12091f0e43ff707cd2,46300733987cce7b063624fecbb4d56c78b327d44d6e84691cb2ca75f853dd51,97f3d9d885dd9631c644e39876543e006cd36ffcfe869d3964d57fc7f5cc8b3a,eb61e9cb6a0db3872ac5a277e8d6231f6f39e2f5ecccb3837dc8df6b07a940f5,2.1729515639906904,4.2051784893131705
23,2,output_affine,none,output_affine,0.7,test,1e2b8f16112f04d802e85873321fc043a421338f64c6699d67dd2853d652031f,5.2419519837048085,0.9664124015748031,0.844242125984252,output_affine,1d5ba15d346afd65dd2bc5d0b35beaa225f8f06e4b54fc12091f0e43ff707cd2,be74c031c2231d61a535fa05b69d02be31fc2054cc92b7f310177e8836ac864e,1d5ba15d346afd65dd2bc5d0b35beaa225f8f06e4b54fc12091f0e43ff707cd2,be74c031c2231d61a535fa05b69d02be31fc2054cc92b7f310177e8836ac864e,dd48073229d1f5c4cb625071a366b1bfb4b018148f6d5e69c38c518145b6ca2c,eb61e9cb6a0db3872ac5a277e8d6231f6f39e2f5ecccb3837dc8df6b07a940f5,2.1729515639906904,4.2051784893131705
23,2,output_affine,none,output_affine,1.0,test,1e2b8f16112f04d802e85873321fc043a421338f64c6699d67dd2853d652031f,4.870101743261536,0.9837598425196851,0.9395915354330708,output_affine,1d5ba15d346afd65dd2bc5d0b35beaa225f8f06e4b54fc12091f0e43ff707cd2,4ebc936fe17b2e1eb9dcf5fdf42e89b13ded9a858bf19735516da343f6441796,1d5ba15d346afd65dd2bc5d0b35beaa225f8f06e4b54fc12091f0e43ff707cd2,4ebc936fe17b2e1eb9dcf5fdf42e89b13ded9a858bf19735516da343f6441796,965ca0690b21ffc757848fb78b19a2de08337d7cdc8af48d55b9be87675ece4f,eb61e9cb6a0db3872ac5a277e8d6231f6f39e2f5ecccb3837dc8df6b07a940f5,2.1729515639906904,4.2051784893131705
23,2,scale_0.7,none,scale_0.7,0.35,test,1e2b8f16112f04d802e85873321fc043a421338f64c6699d67dd2853d652031f,1.3968728445026037,0.9864665354330708,0.9156003937007874,scale_0.7,621554be8d9877d985e8d9a268f2aa7a88afca6b481d97587567ae7167e13462,ecd89d2cb8d347cd2ae38df59aa22546af4822d25f248039a4af743863edf63f,1d5ba15d346afd65dd2bc5d0b35beaa225f8f06e4b54fc12091f0e43ff707cd2,46300733987cce7b063624fecbb4d56c78b327d44d6e84691cb2ca75f853dd51,f4a11b5dc88ac91f2d9518361cdd62e5f0d1d83b95499508d68ad25813e4ac61,eb61e9cb6a0db3872ac5a277e8d6231f6f39e2f5ecccb3837dc8df6b07a940f5,2.1729515639906904,4.2051784893131705
23,2,scale_0.7,none,scale_0.7,0.7,test,1e2b8f16112f04d802e85873321fc043a421338f64c6699d67dd2853d652031f,0.9683139763949006,0.9921259842519685,0.9469734251968503,scale_0.7,621554be8d9877d985e8d9a268f2aa7a88afca6b481d97587567ae7167e13462,68e3f5b2741e7e3c89e60f5a0957be0986aca6623d709d7696604bdd3c99fe2a,1d5ba15d346afd65dd2bc5d0b35beaa225f8f06e4b54fc12091f0e43ff707cd2,be74c031c2231d61a535fa05b69d02be31fc2054cc92b7f310177e8836ac864e,f74ebaafb76e56f024758ebe00426a1c47326d5cf6f97ddde0e32a0c125686a9,eb61e9cb6a0db3872ac5a277e8d6231f6f39e2f5ecccb3837dc8df6b07a940f5,2.1729515639906904,4.2051784893131705
23,2,scale_0.7,none,scale_0.7,1.0,test,1e2b8f16112f04d802e85873321fc043a421338f64c6699d67dd2853d652031f,0.6507049288942752,0.9664124015748031,0.844242125984252,scale_0.7,621554be8d9877d985e8d9a268f2aa7a88afca6b481d97587567ae7167e13462,be74c031c2231d61a535fa05b69d02be31fc2054cc92b7f310177e8836ac864e,1d5ba15d346afd65dd2bc5d0b35beaa225f8f06e4b54fc12091f0e43ff707cd2,4ebc936fe17b2e1eb9dcf5fdf42e89b13ded9a858bf19735516da343f6441796,9ecba48e3b15926c550b34a6da645d1cb9a567ef5bc16198542e4d2c54d94f0a,eb61e9cb6a0db3872ac5a277e8d6231f6f39e2f5ecccb3837dc8df6b07a940f5,2.1729515639906904,4.2051784893131705
23,2,scale_1.5,none,scale_1.5,0.35,test,1e2b8f16112f04d802e85873321fc043a421338f64c6699d67dd2853d652031f,0.9204272856375304,0.9915108267716536,0.9453740157480315,scale_1.5,9420c07c5e81a9aa33d4f6fb4883ecdd4a9de22013fdb31b463f74737ce1db50,410a8cec5b40f8d85d4270abf1f3c81b657b97fe8a517a876cfcaa5c7a744613,1d5ba15d346afd65dd2bc5d0b35beaa225f8f06e4b54fc12091f0e43ff707cd2,46300733987cce7b063624fecbb4d56c78b327d44d6e84691cb2ca75f853dd51,5032979765cda21e42b6761da14e85959bf17202c9637a85d59f56af2a7c0f92,eb61e9cb6a0db3872ac5a277e8d6231f6f39e2f5ecccb3837dc8df6b07a940f5,2.1729515639906904,4.2051784893131705
23,2,scale_1.5,none,scale_1.5,0.7,test,1e2b8f16112f04d802e85873321fc043a421338f64c6699d67dd2853d652031f,0.9320801658330438,0.9448818897637795,0.9127706692913385,scale_1.5,9420c07c5e81a9aa33d4f6fb4883ecdd4a9de22013fdb31b463f74737ce1db50,600a06ede15f74d6cd114a14fefda9dfa7512868c0c2956651174a9733da9e2a,1d5ba15d346afd65dd2bc5d0b35beaa225f8f06e4b54fc12091f0e43ff707cd2,be74c031c2231d61a535fa05b69d02be31fc2054cc92b7f310177e8836ac864e,1e7965a3113deabf8b686fc77a78a1eba1fb652838f346b3b814c8122f444a2b,eb61e9cb6a0db3872ac5a277e8d6231f6f39e2f5ecccb3837dc8df6b07a940f5,2.1729515639906904,4.2051784893131705
23,2,scale_1.5,none,scale_1.5,1.0,test,1e2b8f16112f04d802e85873321fc043a421338f64c6699d67dd2853d652031f,0.9612149108257076,0.827878937007874,0.6235236220472441,scale_1.5,9420c07c5e81a9aa33d4f6fb4883ecdd4a9de22013fdb31b463f74737ce1db50,34c37fe2c76ce921ae808818a43c18233c841fb37bc7148dce28d75fe4d00b87,1d5ba15d346afd65dd2bc5d0b35beaa225f8f06e4b54fc12091f0e43ff707cd2,4ebc936fe17b2e1eb9dcf5fdf42e89b13ded9a858bf19735516da343f6441796,583990bfe5c38f170d5abb7097513af9f7aaad6e5ab72599d51c8a6f52f070b8,eb61e9cb6a0db3872ac5a277e8d6231f6f39e2f5ecccb3837dc8df6b07a940f5,2.1729515639906904,4.2051784893131705
23,2,rotate_45,none,rotate_45,0.35,test,1e2b8f16112f04d802e85873321fc043a421338f64c6699d67dd2853d652031f,1.1773069652067771,0.968626968503937,0.9299950787401575,rotate_45,c0770cb8ac51782046bf340840436577ef870c38ad8058cb6f5db8997d9134c6,79da1fac652d505fe6f1c7cdf08a27f338dc2bf838c8f5b3bd5a3de8f6c74d45,1d5ba15d346afd65dd2bc5d0b35beaa225f8f06e4b54fc12091f0e43ff707cd2,46300733987cce7b063624fecbb4d56c78b327d44d6e84691cb2ca75f853dd51,6c5617cce9a7793a7c54ff3e2f206a90302d24c3fe341ceb5decc0174e0f2a78,eb61e9cb6a0db3872ac5a277e8d6231f6f39e2f5ecccb3837dc8df6b07a940f5,2.1729515639906904,4.2051784893131705
23,2,rotate_45,none,rotate_45,0.7,test,1e2b8f16112f04d802e85873321fc043a421338f64c6699d67dd2853d652031f,0.6208074112158077,0.9459891732283464,0.8251722440944882,rotate_45,c0770cb8ac51782046bf340840436577ef870c38ad8058cb6f5db8997d9134c6,3c0e46d593ab4e30bc99568a11ee0677340a72d71d2c522f94d1659dbfa54116,1d5ba15d346afd65dd2bc5d0b35beaa225f8f06e4b54fc12091f0e43ff707cd2,be74c031c2231d61a535fa05b69d02be31fc2054cc92b7f310177e8836ac864e,7a6eb91dd28a64f1a99fdb3c8bc374269e151c135f80cc08c77d55ad741c9cda,eb61e9cb6a0db3872ac5a277e8d6231f6f39e2f5ecccb3837dc8df6b07a940f5,2.1729515639906904,4.2051784893131705
23,2,rotate_45,none,rotate_45,1.0,test,1e2b8f16112f04d802e85873321fc043a421338f64c6699d67dd2853d652031f,0.7206869585370314,0.9782234251968503,0.9446358267716536,rotate_45,c0770cb8ac51782046bf340840436577ef870c38ad8058cb6f5db8997d9134c6,5c6f88d623cd8fd4ac4cb37dd8e7c5feaa9e6648dbff4e25a63a0eedec166ad1,1d5ba15d346afd65dd2bc5d0b35beaa225f8f06e4b54fc12091f0e43ff707cd2,4ebc936fe17b2e1eb9dcf5fdf42e89b13ded9a858bf19735516da343f6441796,eda8688180d8872910e5e970978ec60c623a914cb342796a2e6b2f3df3245a43,eb61e9cb6a0db3872ac5a277e8d6231f6f39e2f5ecccb3837dc8df6b07a940f5,2.1729515639906904,4.2051784893131705
23,2,roughness,none,roughness,0.35,test,1e2b8f16112f04d802e85873321fc043a421338f64c6699d67dd2853d652031f,1.424854229042901,0.4920029527559055,0.46653543307086615,roughness,1d5ba15d346afd65dd2bc5d0b35beaa225f8f06e4b54fc12091f0e43ff707cd2,46300733987cce7b063624fecbb4d56c78b327d44d6e84691cb2ca75f853dd51,1d5ba15d346afd65dd2bc5d0b35beaa225f8f06e4b54fc12091f0e43ff707cd2,46300733987cce7b063624fecbb4d56c78b327d44d6e84691cb2ca75f853dd51,f460c9257024ac67aeae35b73d097aa377a9d81907a91723e8a7a8eb0190f9e2,eb61e9cb6a0db3872ac5a277e8d6231f6f39e2f5ecccb3837dc8df6b07a940f5,2.1729515639906904,4.2051784893131705
23,2,roughness,none,roughness,0.7,test,1e2b8f16112f04d802e85873321fc043a421338f64c6699d67dd2853d652031f,1.0633283677773533,0.7148129921259843,0.6642470472440944,roughness,1d5ba15d346afd65dd2bc5d0b35beaa225f8f06e4b54fc12091f0e43ff707cd2,be74c031c2231d61a535fa05b69d02be31fc2054cc92b7f310177e8836ac864e,1d5ba15d346afd65dd2bc5d0b35beaa225f8f06e4b54fc12091f0e43ff707cd2,be74c031c2231d61a535fa05b69d02be31fc2054cc92b7f310177e8836ac864e,2266eea37b961a7a231f756aaedafbf616ab153f95ec1032a58b50c7a814a781,eb61e9cb6a0db3872ac5a277e8d6231f6f39e2f5ecccb3837dc8df6b07a940f5,2.1729515639906904,4.2051784893131705
23,2,roughness,none,roughness,1.0,test,1e2b8f16112f04d802e85873321fc043a421338f64c6699d67dd2853d652031f,0.7561191425933644,0.7707923228346457,0.7608267716535433,roughness,1d5ba15d346afd65dd2bc5d0b35beaa225f8f06e4b54fc12091f0e43ff707cd2,4ebc936fe17b2e1eb9dcf5fdf42e89b13ded9a858bf19735516da343f6441796,1d5ba15d346afd65dd2bc5d0b35beaa225f8f06e4b54fc12091f0e43ff707cd2,4ebc936fe17b2e1eb9dcf5fdf42e89b13ded9a858bf19735516da343f6441796,66f74273019407170a699b752c58eeaced370464f7c6b491932913803e7165b6,eb61e9cb6a0db3872ac5a277e8d6231f6f39e2f5ecccb3837dc8df6b07a940f5,2.1729515639906904,4.2051784893131705
23,2,reversal,none,reversal,0.35,test,1e2b8f16112f04d802e85873321fc043a421338f64c6699d67dd2853d652031f,0.8180084457614902,0.04170767716535433,0.07283464566929133,reversal,1d5ba15d346afd65dd2bc5d0b35beaa225f8f06e4b54fc12091f0e43ff707cd2,46300733987cce7b063624fecbb4d56c78b327d44d6e84691cb2ca75f853dd51,1d5ba15d346afd65dd2bc5d0b35beaa225f8f06e4b54fc12091f0e43ff707cd2,46300733987cce7b063624fecbb4d56c78b327d44d6e84691cb2ca75f853dd51,10db87a7abf698d1aab064cc923b0dc4a303ce25a0b2b4ce76dfed836728995a,eb61e9cb6a0db3872ac5a277e8d6231f6f39e2f5ecccb3837dc8df6b07a940f5,2.1729515639906904,4.2051784893131705
23,2,reversal,none,reversal,0.7,test,1e2b8f16112f04d802e85873321fc043a421338f64c6699d67dd2853d652031f,0.4882543395848451,0.03358759842519685,0.15575787401574803,reversal,1d5ba15d346afd65dd2bc5d0b35beaa225f8f06e4b54fc12091f0e43ff707cd2,be74c031c2231d61a535fa05b69d02be31fc2054cc92b7f310177e8836ac864e,1d5ba15d346afd65dd2bc5d0b35beaa225f8f06e4b54fc12091f0e43ff707cd2,be74c031c2231d61a535fa05b69d02be31fc2054cc92b7f310177e8836ac864e,63bacfec2396b7f84fc3fb309f35f229ff782a9ac05503980c8e72f3de15080f,eb61e9cb6a0db3872ac5a277e8d6231f6f39e2f5ecccb3837dc8df6b07a940f5,2.1729515639906904,4.2051784893131705
23,2,reversal,none,reversal,1.0,test,1e2b8f16112f04d802e85873321fc043a421338f64c6699d67dd2853d652031f,2.295618640167736,0.01624015748031496,0.06040846456692913,reversal,1d5ba15d346afd65dd2bc5d0b35beaa225f8f06e4b54fc12091f0e43ff707cd2,4ebc936fe17b2e1eb9dcf5fdf42e89b13ded9a858bf19735516da343f6441796,1d5ba15d346afd65dd2bc5d0b35beaa225f8f06e4b54fc12091f0e43ff707cd2,4ebc936fe17b2e1eb9dcf5fdf42e89b13ded9a858bf19735516da343f6441796,0a992408637ce20f4ecee01756ff04f7afe4efb83fd7160e4111c8ed58ae86cb,eb61e9cb6a0db3872ac5a277e8d6231f6f39e2f5ecccb3837dc8df6b07a940f5,2.1729515639906904,4.2051784893131705
23,2,independent_expert,none,independent_expert,0.35,test,85f7dfb4cad8e71bf9f4b92ce73f3c2dd70cb2fda9c41ca62482e667e9b1038d,0.7720381324558357,0.5409694881889764,0.5460712964105094,independent_expert,1d5ba15d346afd65dd2bc5d0b35beaa225f8f06e4b54fc12091f0e43ff707cd2,46300733987cce7b063624fecbb4d56c78b327d44d6e84691cb2ca75f853dd51,1d5ba15d346afd65dd2bc5d0b35beaa225f8f06e4b54fc12091f0e43ff707cd2,46300733987cce7b063624fecbb4d56c78b327d44d6e84691cb2ca75f853dd51,463ead8052fa1ebe4e30f42fe84fb7898c1ca3e70d100a0b6d26a65dd96cd5d0,eb61e9cb6a0db3872ac5a277e8d6231f6f39e2f5ecccb3837dc8df6b07a940f5,2.1729515639906904,4.2051784893131705
23,2,independent_expert,none,independent_expert,0.7,test,85f7dfb4cad8e71bf9f4b92ce73f3c2dd70cb2fda9c41ca62482e667e9b1038d,0.961164185994491,0.484621062992126,0.47937446127324224,independent_expert,1d5ba15d346afd65dd2bc5d0b35beaa225f8f06e4b54fc12091f0e43ff707cd2,be74c031c2231d61a535fa05b69d02be31fc2054cc92b7f310177e8836ac864e,1d5ba15d346afd65dd2bc5d0b35beaa225f8f06e4b54fc12091f0e43ff707cd2,be74c031c2231d61a535fa05b69d02be31fc2054cc92b7f310177e8836ac864e,0b3da6e179ac561715843f8d81ba35e316afd159a5a99089685505ef730e3a58,eb61e9cb6a0db3872ac5a277e8d6231f6f39e2f5ecccb3837dc8df6b07a940f5,2.1729515639906904,4.2051784893131705
23,2,independent_expert,none,independent_expert,1.0,test,85f7dfb4cad8e71bf9f4b92ce73f3c2dd70cb2fda9c41ca62482e667e9b1038d,1.2978231183834328,0.4809301181102362,0.4953213494213248,independent_expert,1d5ba15d346afd65dd2bc5d0b35beaa225f8f06e4b54fc12091f0e43ff707cd2,4ebc936fe17b2e1eb9dcf5fdf42e89b13ded9a858bf19735516da343f6441796,1d5ba15d346afd65dd2bc5d0b35beaa225f8f06e4b54fc12091f0e43ff707cd2,4ebc936fe17b2e1eb9dcf5fdf42e89b13ded9a858bf19735516da343f6441796,b4a51fe3eba0853728fbb33684c100a86e588a30ec3d01759ec75bcfe218034e,eb61e9cb6a0db3872ac5a277e8d6231f6f39e2f5ecccb3837dc8df6b07a940f5,2.1729515639906904,4.2051784893131705
37,2,identity,none,identity,0.35,test,feaa3068da57cdecf944f04725045052141bafe48d09136cafdd9e65a48d6f00,1.1492785519833546,0.983882874015748,0.9208907480314961,identity,5f9fc004d6613e899ffa596b5719ec74b49d2cb3d20f3fd59a92edf62ad9477d,dc92895687a57289f248888166aed714b9aa2080fd61f2921cd11c3667456444,5f9fc004d6613e899ffa596b5719ec74b49d2cb3d20f3fd59a92edf62ad9477d,dc92895687a57289f248888166aed714b9aa2080fd61f2921cd11c3667456444,ecbd46fc8df750eca4b8fef51cbb90351270129b64b739c769fa5c05ed05b3a5,463ae61e3678c0f06f7ccb977d8b851e8ac2c7b4ba61b7bfda317c8732694992,2.893097921781313,4.942953086365044
37,2,identity,none,identity,0.7,test,feaa3068da57cdecf944f04725045052141bafe48d09136cafdd9e65a48d6f00,0.5654020804212955,0.9809301181102362,0.8204970472440944,identity,5f9fc004d6613e899ffa596b5719ec74b49d2cb3d20f3fd59a92edf62ad9477d,044919b8a06df0708267dae8ca823a044c2a0a5e4ec9d2750122b8958e7fe222,5f9fc004d6613e899ffa596b5719ec74b49d2cb3d20f3fd59a92edf62ad9477d,044919b8a06df0708267dae8ca823a044c2a0a5e4ec9d2750122b8958e7fe222,9889fd4a8311bb8701f03d383da92a982bd0766952df25a5adcc8bf806cf728c,463ae61e3678c0f06f7ccb977d8b851e8ac2c7b4ba61b7bfda317c8732694992,2.893097921781313,4.942953086365044
37,2,identity,none,identity,1.0,test,feaa3068da57cdecf944f04725045052141bafe48d09136cafdd9e65a48d6f00,0.8497018982646742,0.9832677165354331,0.9517716535433071,identity,5f9fc004d6613e899ffa596b5719ec74b49d2cb3d20f3fd59a92edf62ad9477d,2be80a327cc8bc201486c697a0be96abee2d155e180c710728380919371f6f85,5f9fc004d6613e899ffa596b5719ec74b49d2cb3d20f3fd59a92edf62ad9477d,2be80a327cc8bc201486c697a0be96abee2d155e180c710728380919371f6f85,d0347be2a2120b95225555db68f3a43cd1b1f5b5039e73db5c010d53a596689b,463ae61e3678c0f06f7ccb977d8b851e8ac2c7b4ba61b7bfda317c8732694992,2.893097921781313,4.942953086365044
37,2,identity,identity_label_permutation,identity_label_permutation,0.35,test,78dd06916aeca830c8466301d32ccf825dd6632fd4b1f0d60d91b4e7d895342a,0.6471570627114639,0.7838336614173228,0.7688238188976378,identity,5f9fc004d6613e899ffa596b5719ec74b49d2cb3d20f3fd59a92edf62ad9477d,dc92895687a57289f248888166aed714b9aa2080fd61f2921cd11c3667456444,5f9fc004d6613e899ffa596b5719ec74b49d2cb3d20f3fd59a92edf62ad9477d,dc92895687a57289f248888166aed714b9aa2080fd61f2921cd11c3667456444,ecbd46fc8df750eca4b8fef51cbb90351270129b64b739c769fa5c05ed05b3a5,463ae61e3678c0f06f7ccb977d8b851e8ac2c7b4ba61b7bfda317c8732694992,2.893097921781313,4.942953086365044
37,2,identity,identity_label_permutation,identity_label_permutation,0.7,test,78dd06916aeca830c8466301d32ccf825dd6632fd4b1f0d60d91b4e7d895342a,1.4327941660194867,0.3688484251968504,0.38436482084690554,identity,5f9fc004d6613e899ffa596b5719ec74b49d2cb3d20f3fd59a92edf62ad9477d,044919b8a06df0708267dae8ca823a044c2a0a5e4ec9d2750122b8958e7fe222,5f9fc004d6613e899ffa596b5719ec74b49d2cb3d20f3fd59a92edf62ad9477d,044919b8a06df0708267dae8ca823a044c2a0a5e4ec9d2750122b8958e7fe222,9889fd4a8311bb8701f03d383da92a982bd0766952df25a5adcc8bf806cf728c,463ae61e3678c0f06f7ccb977d8b851e8ac2c7b4ba61b7bfda317c8732694992,2.893097921781313,4.942953086365044
37,2,identity,identity_label_permutation,identity_label_permutation,1.0,test,78dd06916aeca830c8466301d32ccf825dd6632fd4b1f0d60d91b4e7d895342a,1.8257237151750885,0.5366633858267716,0.5309194973248724,identity,5f9fc004d6613e899ffa596b5719ec74b49d2cb3d20f3fd59a92edf62ad9477d,2be80a327cc8bc201486c697a0be96abee2d155e180c710728380919371f6f85,5f9fc004d6613e899ffa596b5719ec74b49d2cb3d20f3fd59a92edf62ad9477d,2be80a327cc8bc201486c697a0be96abee2d155e180c710728380919371f6f85,d0347be2a2120b95225555db68f3a43cd1b1f5b5039e73db5c010d53a596689b,463ae61e3678c0f06f7ccb977d8b851e8ac2c7b4ba61b7bfda317c8732694992,2.893097921781313,4.942953086365044
37,2,output_affine,none,output_affine,0.35,test,feaa3068da57cdecf944f04725045052141bafe48d09136cafdd9e65a48d6f00,5.453887642660459,0.983882874015748,0.9208907480314961,output_affine,5f9fc004d6613e899ffa596b5719ec74b49d2cb3d20f3fd59a92edf62ad9477d,dc92895687a57289f248888166aed714b9aa2080fd61f2921cd11c3667456444,5f9fc004d6613e899ffa596b5719ec74b49d2cb3d20f3fd59a92edf62ad9477d,dc92895687a57289f248888166aed714b9aa2080fd61f2921cd11c3667456444,20e447f6588a6e04989f79fb1ca87f9b79dd50137ec0521c951a0aec7819e79f,463ae61e3678c0f06f7ccb977d8b851e8ac2c7b4ba61b7bfda317c8732694992,2.893097921781313,4.942953086365044
37,2,output_affine,none,output_affine,0.7,test,feaa3068da57cdecf944f04725045052141bafe48d09136cafdd9e65a48d6f00,5.169377746361632,0.9809301181102362,0.8204970472440944,output_affine,5f9fc004d6613e899ffa596b5719ec74b49d2cb3d20f3fd59a92edf62ad9477d,044919b8a06df0708267dae8ca823a044c2a0a5e4ec9d2750122b8958e7fe222,5f9fc004d6613e899ffa596b5719ec74b49d2cb3d20f3fd59a92edf62ad9477d,044919b8a06df0708267dae8ca823a044c2a0a5e4ec9d2750122b8958e7fe222,a8a325e24808e47435379126cbce47337feb1be52326323a19abb372bfe5e833,463ae61e3678c0f06f7ccb977d8b851e8ac2c7b4ba61b7bfda317c8732694992,2.893097921781313,4.942953086365044
37,2,output_affine,none,output_affine,1.0,test,feaa3068da57cdecf944f04725045052141bafe48d09136cafdd9e65a48d6f00,4.733271247895868,0.9832677165354331,0.9517716535433071,output_affine,5f9fc004d6613e899ffa596b5719ec74b49d2cb3d20f3fd59a92edf62ad9477d,2be80a327cc8bc201486c697a0be96abee2d155e180c710728380919371f6f85,5f9fc004d6613e899ffa596b5719ec74b49d2cb3d20f3fd59a92edf62ad9477d,2be80a327cc8bc201486c697a0be96abee2d155e180c710728380919371f6f85,59d4d2e0b6cfc806775497382ba842e2dbcdd4559df15713006782511ca4f2ac,463ae61e3678c0f06f7ccb977d8b851e8ac2c7b4ba61b7bfda317c8732694992,2.893097921781313,4.942953086365044
37,2,scale_0.7,none,scale_0.7,0.35,test,feaa3068da57cdecf944f04725045052141bafe48d09136cafdd9e65a48d6f00,1.376204853968701,0.9963090551181102,0.92064468503937,scale_0.7,716717b27028b5ca64eae8e25db372cf7a8cf8379ff4250d8e23397aa6d0713a,ea9e2b71f58ba9c23544697db842adca77c2c4fbfc949b8da9217ef2474a4faf,5f9fc004d6613e899ffa596b5719ec74b49d2cb3d20f3fd59a92edf62ad9477d,dc92895687a57289f248888166aed714b9aa2080fd61f2921cd11c3667456444,13742471d6485968870624dc61b1dc3e4746c612eb5c7654dd63d22ff685861c,463ae61e3678c0f06f7ccb977d8b851e8ac2c7b4ba61b7bfda317c8732694992,2.893097921781313,4.942953086365044
37,2,scale_0.7,none,scale_0.7,0.7,test,feaa3068da57cdecf944f04725045052141bafe48d09136cafdd9e65a48d6f00,0.9003491055910378,0.9937253937007874,0.9301181102362205,scale_0.7,716717b27028b5ca64eae8e25db372cf7a8cf8379ff4250d8e23397aa6d0713a,c90693fef33cafc949253118810392a1a7619674bbd98af68377ceffa73c02e9,5f9fc004d6613e899ffa596b5719ec74b49d2cb3d20f3fd59a92edf62ad9477d,044919b8a06df0708267dae8ca823a044c2a0a5e4ec9d2750122b8958e7fe222,925f8e68cda50ea6b3d3d2cc03f118ba27f26d94aab5fa00738e44d5b5a41ab8,463ae61e3678c0f06f7ccb977d8b851e8ac2c7b4ba61b7bfda317c8732694992,2.893097921781313,4.942953086365044
37,2,scale_0.7,none,scale_0.7,1.0,test,feaa3068da57cdecf944f04725045052141bafe48d09136cafdd9e65a48d6f00,0.5654020804212955,0.9809301181102362,0.8204970472440944,scale_0.7,716717b27028b5ca64eae8e25db372cf7a8cf8379ff4250d8e23397aa6d0713a,044919b8a06df0708267dae8ca823a044c2a0a5e4ec9d2750122b8958e7fe222,5f9fc004d6613e899ffa596b5719ec74b49d2cb3d20f3fd59a92edf62ad9477d,2be80a327cc8bc201486c697a0be96abee2d155e180c710728380919371f6f85,fc49767d45c2c922f1b2e811e34abc3914126e498d0652a15d60c99d2824cb2d,463ae61e3678c0f06f7ccb977d8b851e8ac2c7b4ba61b7bfda317c8732694992,2.893097921781313,4.942953086365044
37,2,scale_1.5,none,scale_1.5,0.35,test,feaa3068da57cdecf944f04725045052141bafe48d09136cafdd9e65a48d6f00,0.8474777303582668,0.9949557086614174,0.9360236220472441,scale_1.5,9a9279ef15eb3e21b8ea7c703f1d5c7bf188879d15430102525fff18ce480022,7bc083d252557a8e77cfd49b042324868fd7ccf2f44ccc07d123df79273b8bc0,5f9fc004d6613e899ffa596b5719ec74b49d2cb3d20f3fd59a92edf62ad9477d,dc92895687a57289f248888166aed714b9aa2080fd61f2921cd11c3667456444,005b66c93deb72449ceebecad21d3c01c68859a2bb1b61f4498185a7d224a9a9,463ae61e3678c0f06f7ccb977d8b851e8ac2c7b4ba61b7bfda317c8732694992,2.893097921781313,4.942953086365044
37,2,scale_1.5,none,scale_1.5,0.7,test,feaa3068da57cdecf944f04725045052141bafe48d09136cafdd9e65a48d6f00,1.0139059828805093,0.969119094488189,0.9346702755905512,scale_1.5,9a9279ef15eb3e21b8ea7c703f1d5c7bf188879d15430102525fff18ce480022,3b53338ecf12402f54170d3708ed029765b2e416fb89ed34083b85b284f7d54d,5f9fc004d6613e899ffa596b5719ec74b49d2cb3d20f3fd59a92edf62ad9477d,044919b8a06df0708267dae8ca823a044c2a0a5e4ec9d2750122b8958e7fe222,7d205dc867767c4c113d47ed4090e4a1a0b6ac5a0bb7ec10a4e9bb7bd5eff753,463ae61e3678c0f06f7ccb977d8b851e8ac2c7b4ba61b7bfda317c8732694992,2.893097921781313,4.942953086365044
37,2,scale_1.5,none,scale_1.5,1.0,test,feaa3068da57cdecf944f04725045052141bafe48d09136cafdd9e65a48d6f00,1.1229259023635803,0.8200049212598425,0.6829478346456693,scale_1.5,9a9279ef15eb3e21b8ea7c703f1d5c7bf188879d15430102525fff18ce480022,d2caf22c3e7bc5e97c1d57878265f50d4adb5b639c97d69f91056a70a2954839,5f9fc004d6613e899ffa596b5719ec74b49d2cb3d20f3fd59a92edf62ad9477d,2be80a327cc8bc201486c697a0be96abee2d155e180c710728380919371f6f85,87762f8a1d56eb992bcce13008917f6645973bb2b7937a8a64b0fdf3bc0b7079,463ae61e3678c0f06f7ccb977d8b851e8ac2c7b4ba61b7bfda317c8732694992,2.893097921781313,4.942953086365044
37,2,rotate_45,none,rotate_45,0.35,test,feaa3068da57cdecf944f04725045052141bafe48d09136cafdd9e65a48d6f00,1.1639989396736163,0.9787155511811023,0.8996062992125984,rotate_45,823dd871aa29814b642e93b3a05d996227dbb4aa7a33f09e18252721ba0207b1,0cfefadb5f5c72189557a5711ece172180d7478b9bb34856f338db4d5a16e284,5f9fc004d6613e899ffa596b5719ec74b49d2cb3d20f3fd59a92edf62ad9477d,dc92895687a57289f248888166aed714b9aa2080fd61f2921cd11c3667456444,7332b511c756ac1e2b8054a9049ab68eb002752198c28ccad13c76ed12f59fed,463ae61e3678c0f06f7ccb977d8b851e8ac2c7b4ba61b7bfda317c8732694992,2.893097921781313,4.942953086365044
37,2,rotate_45,none,rotate_45,0.7,test,feaa3068da57cdecf944f04725045052141bafe48d09136cafdd9e65a48d6f00,0.5937022983537983,0.9858513779527559,0.8495324803149606,rotate_45,823dd871aa29814b642e93b3a05d996227dbb4aa7a33f09e18252721ba0207b1,b0a085776118ec72cd6d6497fe63b9d0d9bd092b441c03408c1a7005fd1ff0a6,5f9fc004d6613e899ffa596b5719ec74b49d2cb3d20f3fd59a92edf62ad9477d,044919b8a06df0708267dae8ca823a044c2a0a5e4ec9d2750122b8958e7fe222,064ee905e35413ad404fe0a7a73917bdcaa42cc1f17e8a3772eddb51e7bd902f,463ae61e3678c0f06f7ccb977d8b851e8ac2c7b4ba61b7bfda317c8732694992,2.893097921781313,4.942953086365044
37,2,rotate_45,none,rotate_45,1.0,test,feaa3068da57cdecf944f04725045052141bafe48d09136cafdd9e65a48d6f00,0.8909621775208404,0.9751476377952756,0.9395915354330708,rotate_45,823dd871aa29814b642e93b3a05d996227dbb4aa7a33f09e18252721ba0207b1,99f9e3ce319c829f2792493cec1887cb588ed17fb248f9d094fb930b1245c353,5f9fc004d6613e899ffa596b5719ec74b49d2cb3d20f3fd59a92edf62ad9477d,2be80a327cc8bc201486c697a0be96abee2d155e180c710728380919371f6f85,d7f104db1a2c2671dc4e94709faef88a55fadb9f3357e97e980568751f5708c1,463ae61e3678c0f06f7ccb977d8b851e8ac2c7b4ba61b7bfda317c8732694992,2.893097921781313,4.942953086365044
37,2,roughness,none,roughness,0.35,test,feaa3068da57cdecf944f04725045052141bafe48d09136cafdd9e65a48d6f00,1.402771795310479,0.4393454724409449,0.4235974409448819,roughness,5f9fc004d6613e899ffa596b5719ec74b49d2cb3d20f3fd59a92edf62ad9477d,dc92895687a57289f248888166aed714b9aa2080fd61f2921cd11c3667456444,5f9fc004d6613e899ffa596b5719ec74b49d2cb3d20f3fd59a92edf62ad9477d,dc92895687a57289f248888166aed714b9aa2080fd61f2921cd11c3667456444,9b872ccc1a2d417c2eae37f3e9731c180213350a5b6966768c0a8e1e5455d1dc,463ae61e3678c0f06f7ccb977d8b851e8ac2c7b4ba61b7bfda317c8732694992,2.893097921781313,4.942953086365044
37,2,roughness,none,roughness,0.7,test,feaa3068da57cdecf944f04725045052141bafe48d09136cafdd9e65a48d6f00,0.9322675990660491,0.6665846456692913,0.5848917322834646,roughness,5f9fc004d6613e899ffa596b5719ec74b49d2cb3d20f3fd59a92edf62ad9477d,044919b8a06df0708267dae8ca823a044c2a0a5e4ec9d2750122b8958e7fe222,5f9fc004d6613e899ffa596b5719ec74b49d2cb3d20f3fd59a92edf62ad9477d,044919b8a06df0708267dae8ca823a044c2a0a5e4ec9d2750122b8958e7fe222,cf932703ae084e4c8316099251d596d56c24d7b1793cafe45572d12d1ccbff47,463ae61e3678c0f06f7ccb977d8b851e8ac2c7b4ba61b7bfda317c8732694992,2.893097921781313,4.942953086365044
37,2,roughness,none,roughness,1.0,test,feaa3068da57cdecf944f04725045052141bafe48d09136cafdd9e65a48d6f00,0.8031329468315143,0.7217027559055118,0.7103838582677166,roughness,5f9fc004d6613e899ffa596b5719ec74b49d2cb3d20f3fd59a92edf62ad9477d,2be80a327cc8bc201486c697a0be96abee2d155e180c710728380919371f6f85,5f9fc004d6613e899ffa596b5719ec74b49d2cb3d20f3fd59a92edf62ad9477d,2be80a327cc8bc201486c697a0be96abee2d155e180c710728380919371f6f85,48e2946f9691a04afab50e70a9ea4f9f88c3a7b2d2e07c139e1c7c45519e3edf,463ae61e3678c0f06f7ccb977d8b851e8ac2c7b4ba61b7bfda317c8732694992,2.893097921781313,4.942953086365044
37,2,reversal,none,reversal,0.35,test,feaa3068da57cdecf944f04725045052141bafe48d09136cafdd9e65a48d6f00,0.7684501875641775,0.016117125984251968,0.07910925196850394,reversal,5f9fc004d6613e899ffa596b5719ec74b49d2cb3d20f3fd59a92edf62ad9477d,dc92895687a57289f248888166aed714b9aa2080fd61f2921cd11c3667456444,5f9fc004d6613e899ffa596b5719ec74b49d2cb3d20f3fd59a92edf62ad9477d,dc92895687a57289f248888166aed714b9aa2080fd61f2921cd11c3667456444,aaa3acc9de8f6162d9d2754c8580b4a8b647391f80548ad627e550e51767d982,463ae61e3678c0f06f7ccb977d8b851e8ac2c7b4ba61b7bfda317c8732694992,2.893097921781313,4.942953086365044
37,2,reversal,none,reversal,0.7,test,feaa3068da57cdecf944f04725045052141bafe48d09136cafdd9e65a48d6f00,0.5172378002260506,0.01906988188976378,0.1795029527559055,reversal,5f9fc004d6613e899ffa596b5719ec74b49d2cb3d20f3fd59a92edf62ad9477d,044919b8a06df0708267dae8ca823a044c2a0a5e4ec9d2750122b8958e7fe222,5f9fc004d6613e899ffa596b5719ec74b49d2cb3d20f3fd59a92edf62ad9477d,044919b8a06df0708267dae8ca823a044c2a0a5e4ec9d2750122b8958e7fe222,b897978417a61d328a72599ac42163541cee6c34152f711661697e23c599b0ba,463ae61e3678c0f06f7ccb977d8b851e8ac2c7b4ba61b7bfda317c8732694992,2.893097921781313,4.942953086365044
37,2,reversal,none,reversal,1.0,test,feaa3068da57cdecf944f04725045052141bafe48d09136cafdd9e65a48d6f00,2.3811775505102304,0.01673228346456693,0.04822834645669291,reversal,5f9fc004d6613e899ffa596b5719ec74b49d2cb3d20f3fd59a92edf62ad9477d,2be80a327cc8bc201486c697a0be96abee2d155e180c710728380919371f6f85,5f9fc004d6613e899ffa596b5719ec74b49d2cb3d20f3fd59a92edf62ad9477d,2be80a327cc8bc201486c697a0be96abee2d155e180c710728380919371f6f85,9f17e2c1445bef74edc51474e7b2be6308a5fe6f61580130f9c893dbb57f7d37,463ae61e3678c0f06f7ccb977d8b851e8ac2c7b4ba61b7bfda317c8732694992,2.893097921781313,4.942953086365044
37,2,independent_expert,none,independent_expert,0.35,test,4763194266bdcdf9fe187152f0c0a3fc216eb7cf6aeaa6866bd7215ca2d06d2d,0.9370776103629244,0.5046751968503937,0.4973499322075681,independent_expert,5f9fc004d6613e899ffa596b5719ec74b49d2cb3d20f3fd59a92edf62ad9477d,dc92895687a57289f248888166aed714b9aa2080fd61f2921cd11c3667456444,5f9fc004d6613e899ffa596b5719ec74b49d2cb3d20f3fd59a92edf62ad9477d,dc92895687a57289f248888166aed714b9aa2080fd61f2921cd11c3667456444,ecbd46fc8df750eca4b8fef51cbb90351270129b64b739c769fa5c05ed05b3a5,463ae61e3678c0f06f7ccb977d8b851e8ac2c7b4ba61b7bfda317c8732694992,2.893097921781313,4.942953086365044
37,2,independent_expert,none,independent_expert,0.7,test,4763194266bdcdf9fe187152f0c0a3fc216eb7cf6aeaa6866bd7215ca2d06d2d,1.090007370153742,0.5444143700787402,0.5497524752475248,independent_expert,5f9fc004d6613e899ffa596b5719ec74b49d2cb3d20f3fd59a92edf62ad9477d,044919b8a06df0708267dae8ca823a044c2a0a5e4ec9d2750122b8958e7fe222,5f9fc004d6613e899ffa596b5719ec74b49d2cb3d20f3fd59a92edf62ad9477d,044919b8a06df0708267dae8ca823a044c2a0a5e4ec9d2750122b8958e7fe222,9889fd4a8311bb8701f03d383da92a982bd0766952df25a5adcc8bf806cf728c,463ae61e3678c0f06f7ccb977d8b851e8ac2c7b4ba61b7bfda317c8732694992,2.893097921781313,4.942953086365044
37,2,independent_expert,none,independent_expert,1.0,test,4763194266bdcdf9fe187152f0c0a3fc216eb7cf6aeaa6866bd7215ca2d06d2d,1.332948351784767,0.42384350393700787,0.42243289830091113,independent_expert,5f9fc004d6613e899ffa596b5719ec74b49d2cb3d20f3fd59a92edf62ad9477d,2be80a327cc8bc201486c697a0be96abee2d155e180c710728380919371f6f85,5f9fc004d6613e899ffa596b5719ec74b49d2cb3d20f3fd59a92edf62ad9477d,2be80a327cc8bc201486c697a0be96abee2d155e180c710728380919371f6f85,d0347be2a2120b95225555db68f3a43cd1b1f5b5039e73db5c010d53a596689b,463ae61e3678c0f06f7ccb977d8b851e8ac2c7b4ba61b7bfda317c8732694992,2.893097921781313,4.942953086365044
53,2,identity,none,identity,0.35,test,4438b9f7fed352282c518c08b02d801f9683f596f405c1e2b68b4d7d245a1fd5,1.1999073394645523,0.9718257874015748,0.8784448818897638,identity,08b183d452702ba4a30049da12326952e320f5b572f15e45053f3bdd2df41234,2d5478ee8c79561fcda0da32de0f27f64668f8437502e17d39ee47a890509b28,08b183d452702ba4a30049da12326952e320f5b572f15e45053f3bdd2df41234,2d5478ee8c79561fcda0da32de0f27f64668f8437502e17d39ee47a890509b28,73d9421e1146ecb9e7d09a98e248b07dafc2a700272453c657507148e01581f3,4b92935b55a202b23a7ac6687770398d93225578102177fde5b36dc3804b2bda,0.01900181259727188,1.2266654028789128
53,2,identity,none,identity,0.7,test,4438b9f7fed352282c518c08b02d801f9683f596f405c1e2b68b4d7d245a1fd5,0.6727690849502366,0.9704724409448819,0.8805364173228346,identity,08b183d452702ba4a30049da12326952e320f5b572f15e45053f3bdd2df41234,544b94f7d9b59f69c24c05e58a100dc4cce34d356fac36cce612bc91b04d0d3f,08b183d452702ba4a30049da12326952e320f5b572f15e45053f3bdd2df41234,544b94f7d9b59f69c24c05e58a100dc4cce34d356fac36cce612bc91b04d0d3f,d639f96512aa710ca9774728b37d414070a6795781241c57e72ef147b61990b6,4b92935b55a202b23a7ac6687770398d93225578102177fde5b36dc3804b2bda,0.01900181259727188,1.2266654028789128
53,2,identity,none,identity,1.0,test,4438b9f7fed352282c518c08b02d801f9683f596f405c1e2b68b4d7d245a1fd5,0.6529543955780688,0.9798228346456693,0.9704724409448819,identity,08b183d452702ba4a30049da12326952e320f5b572f15e45053f3bdd2df41234,ea6abe32cba291a48fe181541aca7a2b13adbf9c0522877861fe3fe16052d943,08b183d452702ba4a30049da12326952e320f5b572f15e45053f3bdd2df41234,ea6abe32cba291a48fe181541aca7a2b13adbf9c0522877861fe3fe16052d943,48228a3a48ffcbda20e13c4494e6e231b65300f42a483c020c8da47fbd359081,4b92935b55a202b23a7ac6687770398d93225578102177fde5b36dc3804b2bda,0.01900181259727188,1.2266654028789128
53,2,identity,identity_label_permutation,identity_label_permutation,0.35,test,d6a3722f6e3b9c149aacccb8d66e3bcadf1ded33eec6d165c60f539038a38d91,1.1361078595950715,0.47625492125984253,0.44274809160305345,identity,08b183d452702ba4a30049da12326952e320f5b572f15e45053f3bdd2df41234,2d5478ee8c79561fcda0da32de0f27f64668f8437502e17d39ee47a890509b28,08b183d452702ba4a30049da12326952e320f5b572f15e45053f3bdd2df41234,2d5478ee8c79561fcda0da32de0f27f64668f8437502e17d39ee47a890509b28,73d9421e1146ecb9e7d09a98e248b07dafc2a700272453c657507148e01581f3,4b92935b55a202b23a7ac6687770398d93225578102177fde5b36dc3804b2bda,0.01900181259727188,1.2266654028789128
53,2,identity,identity_label_permutation,identity_label_permutation,0.7,test,d6a3722f6e3b9c149aacccb8d66e3bcadf1ded33eec6d165c60f539038a38d91,1.2328804464678234,0.5238681102362205,0.5410628019323671,identity,08b183d452702ba4a30049da12326952e320f5b572f15e45053f3bdd2df41234,544b94f7d9b59f69c24c05e58a100dc4cce34d356fac36cce612bc91b04d0d3f,08b183d452702ba4a30049da12326952e320f5b572f15e45053f3bdd2df41234,544b94f7d9b59f69c24c05e58a100dc4cce34d356fac36cce612bc91b04d0d3f,d639f96512aa710ca9774728b37d414070a6795781241c57e72ef147b61990b6,4b92935b55a202b23a7ac6687770398d93225578102177fde5b36dc3804b2bda,0.01900181259727188,1.2266654028789128
53,2,identity,identity_label_permutation,identity_label_permutation,1.0,test,d6a3722f6e3b9c149aacccb8d66e3bcadf1ded33eec6d165c60f539038a38d91,1.6440457167219262,0.5280511811023622,0.513798804527534,identity,08b183d452702ba4a30049da12326952e320f5b572f15e45053f3bdd2df41234,ea6abe32cba291a48fe181541aca7a2b13adbf9c0522877861fe3fe16052d943,08b183d452702ba4a30049da12326952e320f5b572f15e45053f3bdd2df41234,ea6abe32cba291a48fe181541aca7a2b13adbf9c0522877861fe3fe16052d943,48228a3a48ffcbda20e13c4494e6e231b65300f42a483c020c8da47fbd359081,4b92935b55a202b23a7ac6687770398d93225578102177fde5b36dc3804b2bda,0.01900181259727188,1.2266654028789128
53,2,output_affine,none,output_affine,0.35,test,4438b9f7fed352282c518c08b02d801f9683f596f405c1e2b68b4d7d245a1fd5,5.5083292608136265,0.9718257874015748,0.8784448818897638,output_affine,08b183d452702ba4a30049da12326952e320f5b572f15e45053f3bdd2df41234,2d5478ee8c79561fcda0da32de0f27f64668f8437502e17d39ee47a890509b28,08b183d452702ba4a30049da12326952e320f5b572f15e45053f3bdd2df41234,2d5478ee8c79561fcda0da32de0f27f64668f8437502e17d39ee47a890509b28,25d72a940ee4fd0507c5ed51efec920e74b0dbc64ccaf1f66ab0158cc5f5955e,4b92935b55a202b23a7ac6687770398d93225578102177fde5b36dc3804b2bda,0.01900181259727188,1.2266654028789128
53,2,output_affine,none,output_affine,0.7,test,4438b9f7fed352282c518c08b02d801f9683f596f405c1e2b68b4d7d245a1fd5,5.295025961801398,0.9704724409448819,0.8805364173228346,output_affine,08b183d452702ba4a30049da12326952e320f5b572f15e45053f3bdd2df41234,544b94f7d9b59f69c24c05e58a100dc4cce34d356fac36cce612bc91b04d0d3f,08b183d452702ba4a30049da12326952e320f5b572f15e45053f3bdd2df41234,544b94f7d9b59f69c24c05e58a100dc4cce34d356fac36cce612bc91b04d0d3f,d4ee485e143e7888775cf0d16826ad200bd19c39185e53d8c92cf5a1450e10ae,4b92935b55a202b23a7ac6687770398d93225578102177fde5b36dc3804b2bda,0.01900181259727188,1.2266654028789128
53,2,output_affine,none,output_affine,1.0,test,4438b9f7fed352282c518c08b02d801f9683f596f405c1e2b68b4d7d245a1fd5,4.969101033330637,0.9798228346456693,0.9704724409448819,output_affine,08b183d452702ba4a30049da12326952e320f5b572f15e45053f3bdd2df41234,ea6abe32cba291a48fe181541aca7a2b13adbf9c0522877861fe3fe16052d943,08b183d452702ba4a30049da12326952e320f5b572f15e45053f3bdd2df41234,ea6abe32cba291a48fe181541aca7a2b13adbf9c0522877861fe3fe16052d943,7d43e26247921b026061b74cf4f4187391b840a80d319fef3c6570c81a7b9ad2,4b92935b55a202b23a7ac6687770398d93225578102177fde5b36dc3804b2bda,0.01900181259727188,1.2266654028789128
53,2,scale_0.7,none,scale_0.7,0.35,test,4438b9f7fed352282c518c08b02d801f9683f596f405c1e2b68b4d7d245a1fd5,1.4028428025696218,0.9880659448818898,0.9400836614173228,scale_0.7,77f5c37928cbd1d9e3f7157da357c7f5e1a45db6da269bb1bce8ca519a6f9f18,a633b9e14cac626832025c6bf70bc4083ec1c344c27dc763bf1bbbc7d25fe2cb,08b183d452702ba4a30049da12326952e320f5b572f15e45053f3bdd2df41234,2d5478ee8c79561fcda0da32de0f27f64668f8437502e17d39ee47a890509b28,af84cdb16c1c741f56d81e770dc9b7842f3aadd7c477473b06ec7c0015ade294,4b92935b55a202b23a7ac6687770398d93225578102177fde5b36dc3804b2bda,0.01900181259727188,1.2266654028789128
53,2,scale_0.7,none,scale_0.7,0.7,test,4438b9f7fed352282c518c08b02d801f9683f596f405c1e2b68b4d7d245a1fd5,0.978083465875376,0.9902805118110236,0.8925935039370079,scale_0.7,77f5c37928cbd1d9e3f7157da357c7f5e1a45db6da269bb1bce8ca519a6f9f18,6e84a73fda1306d427ccbd8e93cff4c01da362e89ddec84f0362a5494757d80e,08b183d452702ba4a30049da12326952e320f5b572f15e45053f3bdd2df41234,544b94f7d9b59f69c24c05e58a100dc4cce34d356fac36cce612bc91b04d0d3f,9e725170188335c77465f38ecd042384f447e4c6de2a03861e62112b7009faa0,4b92935b55a202b23a7ac6687770398d93225578102177fde5b36dc3804b2bda,0.01900181259727188,1.2266654028789128
53,2,scale_0.7,none,scale_0.7,1.0,test,4438b9f7fed352282c518c08b02d801f9683f596f405c1e2b68b4d7d245a1fd5,0.6727690849502366,0.9704724409448819,0.8805364173228346,scale_0.7,77f5c37928cbd1d9e3f7157da357c7f5e1a45db6da269bb1bce8ca519a6f9f18,544b94f7d9b59f69c24c05e58a100dc4cce34d356fac36cce612bc91b04d0d3f,08b183d452702ba4a30049da12326952e320f5b572f15e45053f3bdd2df41234,ea6abe32cba291a48fe181541aca7a2b13adbf9c0522877861fe3fe16052d943,9a65546abb803f58da375ef37059006194530a42ab4d5bbacb692a7016f33f7a,4b92935b55a202b23a7ac6687770398d93225578102177fde5b36dc3804b2bda,0.01900181259727188,1.2266654028789128
53,2,scale_1.5,none,scale_1.5,0.35,test,4438b9f7fed352282c518c08b02d801f9683f596f405c1e2b68b4d7d245a1fd5,0.9309157997631591,0.9874507874015748,0.9077263779527559,scale_1.5,39a33983de7b183d3bc60debce182ee5f20ddf996d097d739bf48fa7bfa03a36,12fb4e7250bc53e2f29fba2e120693898113a91758373b6f098ef6ea88c0ff21,08b183d452702ba4a30049da12326952e320f5b572f15e45053f3bdd2df41234,2d5478ee8c79561fcda0da32de0f27f64668f8437502e17d39ee47a890509b28,501a78780bfa111b7ff236c8cebeda961ab21fd3fa1ab6feb3c6e88e18b3bf47,4b92935b55a202b23a7ac6687770398d93225578102177fde5b36dc3804b2bda,0.01900181259727188,1.2266654028789128
53,2,scale_1.5,none,scale_1.5,0.7,test,4438b9f7fed352282c518c08b02d801f9683f596f405c1e2b68b4d7d245a1fd5,0.7703130719627088,0.9760088582677166,0.9559547244094488,scale_1.5,39a33983de7b183d3bc60debce182ee5f20ddf996d097d739bf48fa7bfa03a36,4dd1e89b36dd57b7e72f1688d376ef6e46e1b6b088d175bb58af278a7ed608b9,08b183d452702ba4a30049da12326952e320f5b572f15e45053f3bdd2df41234,544b94f7d9b59f69c24c05e58a100dc4cce34d356fac36cce612bc91b04d0d3f,32e0b0df77e03e8d3e01591afd2189646a40f5aeaa84c08b283ae1867125216d,4b92935b55a202b23a7ac6687770398d93225578102177fde5b36dc3804b2bda,0.01900181259727188,1.2266654028789128
53,2,scale_1.5,none,scale_1.5,1.0,test,4438b9f7fed352282c518c08b02d801f9683f596f405c1e2b68b4d7d245a1fd5,0.7992578917667034,0.7129675196850394,0.6542723467126323,scale_1.5,39a33983de7b183d3bc60debce182ee5f20ddf996d097d739bf48fa7bfa03a36,35d9d1d6ee0638f7223c32883af22cea07a55fa3597ee9d5bf1d7975fe6b118e,08b183d452702ba4a30049da12326952e320f5b572f15e45053f3bdd2df41234,ea6abe32cba291a48fe181541aca7a2b13adbf9c0522877861fe3fe16052d943,677ecd2c169487f70f1ae10bc56c1037d48f112aa81bb97255bc59fcd5982871,4b92935b55a202b23a7ac6687770398d93225578102177fde5b36dc3804b2bda,0.01900181259727188,1.2266654028789128
53,2,rotate_45,none,rotate_45,0.35,test,4438b9f7fed352282c518c08b02d801f9683f596f405c1e2b68b4d7d245a1fd5,1.214422798386609,0.9593996062992126,0.8714320866141733,rotate_45,98d8b6ccdf3d1c533cb3c08b1add8741dc55595191e59f5ca7b0ffac654f4492,c965f9251462d4b6e8cec596bc5df1a9783033eb132eb9d6b523929d3c3b753c,08b183d452702ba4a30049da12326952e320f5b572f15e45053f3bdd2df41234,2d5478ee8c79561fcda0da32de0f27f64668f8437502e17d39ee47a890509b28,fc180c1d491b42a01e9751c93af9d68974d99ff4be65937d295399fbb77fb402,4b92935b55a202b23a7ac6687770398d93225578102177fde5b36dc3804b2bda,0.01900181259727188,1.2266654028789128
53,2,rotate_45,none,rotate_45,0.7,test,4438b9f7fed352282c518c08b02d801f9683f596f405c1e2b68b4d7d245a1fd5,0.7040258719874303,0.9784694881889764,0.9052657480314961,rotate_45,98d8b6ccdf3d1c533cb3c08b1add8741dc55595191e59f5ca7b0ffac654f4492,433ee07720e41cf07a097d3277c3bcfe4914741d013d4720a6b5880a0e41125e,08b183d452702ba4a30049da12326952e320f5b572f15e45053f3bdd2df41234,544b94f7d9b59f69c24c05e58a100dc4cce34d356fac36cce612bc91b04d0d3f,0209b639fa9b62a47f83b4b3a5a21e40afb2c1f0ff4f9b10f26809e21504784c,4b92935b55a202b23a7ac6687770398d93225578102177fde5b36dc3804b2bda,0.01900181259727188,1.2266654028789128
53,2,rotate_45,none,rotate_45,1.0,test,4438b9f7fed352282c518c08b02d801f9683f596f405c1e2b68b4d7d245a1fd5,0.7093859283029607,0.9676427165354331,0.9602608267716536,rotate_45,98d8b6ccdf3d1c533cb3c08b1add8741dc55595191e59f5ca7b0ffac654f4492,6c1bf11fef537303a13477cde0ee680e6dacdac5977ffcf09659b711f674e276,08b183d452702ba4a30049da12326952e320f5b572f15e45053f3bdd2df41234,ea6abe32cba291a48fe181541aca7a2b13adbf9c0522877861fe3fe16052d943,bcb2601f735c2a4693c602b65f83bd01c47f9a8a38780f09ae03b7c907abe8ff,4b92935b55a202b23a7ac6687770398d93225578102177fde5b36dc3804b2bda,0.01900181259727188,1.2266654028789128
53,2,roughness,none,roughness,0.35,test,4438b9f7fed352282c518c08b02d801f9683f596f405c1e2b68b4d7d245a1fd5,1.4491508052439286,0.3859498031496063,0.4089566929133858,roughness,08b183d452702ba4a30049da12326952e320f5b572f15e45053f3bdd2df41234,2d5478ee8c79561fcda0da32de0f27f64668f8437502e17d39ee47a890509b28,08b183d452702ba4a30049da12326952e320f5b572f15e45053f3bdd2df41234,2d5478ee8c79561fcda0da32de0f27f64668f8437502e17d39ee47a890509b28,817542ef42aca367e982f430f479c9b538da75fbb3338bac56293994fda58c73,4b92935b55a202b23a7ac6687770398d93225578102177fde5b36dc3804b2bda,0.01900181259727188,1.2266654028789128
53,2,roughness,none,roughness,0.7,test,4438b9f7fed352282c518c08b02d801f9683f596f405c1e2b68b4d7d245a1fd5,1.048274987629409,0.6370570866141733,0.6039616141732284,roughness,08b183d452702ba4a30049da12326952e320f5b572f15e45053f3bdd2df41234,544b94f7d9b59f69c24c05e58a100dc4cce34d356fac36cce612bc91b04d0d3f,08b183d452702ba4a30049da12326952e320f5b572f15e45053f3bdd2df41234,544b94f7d9b59f69c24c05e58a100dc4cce34d356fac36cce612bc91b04d0d3f,00a53b6e0782d48fc6fbf56c0c1f0b65a578fcd063c4e08f9866303ed9ec362b,4b92935b55a202b23a7ac6687770398d93225578102177fde5b36dc3804b2bda,0.01900181259727188,1.2266654028789128
53,2,roughness,none,roughness,1.0,test,4438b9f7fed352282c518c08b02d801f9683f596f405c1e2b68b4d7d245a1fd5,0.682356551020524,0.7359744094488189,0.7332677165354331,roughness,08b183d452702ba4a30049da12326952e320f5b572f15e45053f3bdd2df41234,ea6abe32cba291a48fe181541aca7a2b13adbf9c0522877861fe3fe16052d943,08b183d452702ba4a30049da12326952e320f5b572f15e45053f3bdd2df41234,ea6abe32cba291a48fe181541aca7a2b13adbf9c0522877861fe3fe16052d943,f1ee7b44084ed4b88b1ba80ac156880c2b7b47f06e1019f8b3e629f331666334,4b92935b55a202b23a7ac6687770398d93225578102177fde5b36dc3804b2bda,0.01900181259727188,1.2266654028789128
53,2,reversal,none,reversal,0.35,test,4438b9f7fed352282c518c08b02d801f9683f596f405c1e2b68b4d7d245a1fd5,0.8106252846279366,0.028174212598425195,0.12155511811023623,reversal,08b183d452702ba4a30049da12326952e320f5b572f15e45053f3bdd2df41234,2d5478ee8c79561fcda0da32de0f27f64668f8437502e17d39ee47a890509b28,08b183d452702ba4a30049da12326952e320f5b572f15e45053f3bdd2df41234,2d5478ee8c79561fcda0da32de0f27f64668f8437502e17d39ee47a890509b28,c5b43e7cfcb46f55af548709b0fd763c72c268229201261937310e01f18f4fd9,4b92935b55a202b23a7ac6687770398d93225578102177fde5b36dc3804b2bda,0.01900181259727188,1.2266654028789128
53,2,reversal,none,reversal,0.7,test,4438b9f7fed352282c518c08b02d801f9683f596f405c1e2b68b4d7d245a1fd5,0.4151560465086157,0.02952755905511811,0.11946358267716535,reversal,08b183d452702ba4a30049da12326952e320f5b572f15e45053f3bdd2df41234,544b94f7d9b59f69c24c05e58a100dc4cce34d356fac36cce612bc91b04d0d3f,08b183d452702ba4a30049da12326952e320f5b572f15e45053f3bdd2df41234,544b94f7d9b59f69c24c05e58a100dc4cce34d356fac36cce612bc91b04d0d3f,a6f74ee1a815e72f284983a8247196ea7327cfe3889327b1e65d13d0defde18a,4b92935b55a202b23a7ac6687770398d93225578102177fde5b36dc3804b2bda,0.01900181259727188,1.2266654028789128
53,2,reversal,none,reversal,1.0,test,4438b9f7fed352282c518c08b02d801f9683f596f405c1e2b68b4d7d245a1fd5,2.11821666072353,0.020177165354330708,0.02952755905511811,reversal,08b183d452702ba4a30049da12326952e320f5b572f15e45053f3bdd2df41234,ea6abe32cba291a48fe181541aca7a2b13adbf9c0522877861fe3fe16052d943,08b183d452702ba4a30049da12326952e320f5b572f15e45053f3bdd2df41234,ea6abe32cba291a48fe181541aca7a2b13adbf9c0522877861fe3fe16052d943,1f22440fb2384c7ce7dadfe8f1f8597ca174220dc36ffeaeac02d41fc94bccb6,4b92935b55a202b23a7ac6687770398d93225578102177fde5b36dc3804b2bda,0.01900181259727188,1.2266654028789128
53,2,independent_expert,none,independent_expert,0.35,test,c778a2a6351e57fc657ef1bc39f9a0a831a298ed1b3d9333625e95840f86695b,0.9798863432930853,0.5921505905511811,0.5914814814814815,independent_expert,08b183d452702ba4a30049da12326952e320f5b572f15e45053f3bdd2df41234,2d5478ee8c79561fcda0da32de0f27f64668f8437502e17d39ee47a890509b28,08b183d452702ba4a30049da12326952e320f5b572f15e45053f3bdd2df41234,2d5478ee8c79561fcda0da32de0f27f64668f8437502e17d39ee47a890509b28,73d9421e1146ecb9e7d09a98e248b07dafc2a700272453c657507148e01581f3,4b92935b55a202b23a7ac6687770398d93225578102177fde5b36dc3804b2bda,0.01900181259727188,1.2266654028789128
53,2,independent_expert,none,independent_expert,0.7,test,c778a2a6351e57fc657ef1bc39f9a0a831a298ed1b3d9333625e95840f86695b,0.8316040022281906,0.38964074803149606,0.37253937007874016,independent_expert,08b183d452702ba4a30049da12326952e320f5b572f15e45053f3bdd2df41234,544b94f7d9b59f69c24c05e58a100dc4cce34d356fac36cce612bc91b04d0d3f,08b183d452702ba4a30049da12326952e320f5b572f15e45053f3bdd2df41234,544b94f7d9b59f69c24c05e58a100dc4cce34d356fac36cce612bc91b04d0d3f,d639f96512aa710ca9774728b37d414070a6795781241c57e72ef147b61990b6,4b92935b55a202b23a7ac6687770398d93225578102177fde5b36dc3804b2bda,0.01900181259727188,1.2266654028789128
53,2,independent_expert,none,independent_expert,1.0,test,c778a2a6351e57fc657ef1bc39f9a0a831a298ed1b3d9333625e95840f86695b,1.1865170393655307,0.6082677165354331,0.5855433575922042,independent_expert,08b183d452702ba4a30049da12326952e320f5b572f15e45053f3bdd2df41234,ea6abe32cba291a48fe181541aca7a2b13adbf9c0522877861fe3fe16052d943,08b183d452702ba4a30049da12326952e320f5b572f15e45053f3bdd2df41234,ea6abe32cba291a48fe181541aca7a2b13adbf9c0522877861fe3fe16052d943,48228a3a48ffcbda20e13c4494e6e231b65300f42a483c020c8da47fbd359081,4b92935b55a202b23a7ac6687770398d93225578102177fde5b36dc3804b2bda,0.01900181259727188,1.2266654028789128
71,2,identity,none,identity,0.35,test,67a4344b2ea80903492128774faad7ea0274b05dd88e02efa09406ddcd34b65a,1.078096673056035,0.9787155511811023,0.8988681102362205,identity,7d6b0418453fc965b7c7060a3284ac2ffbbc1948602e1d9af0be1949d7ddb5e7,c3c24a7a69878fc25e4ebd46c592e42b355e2b83a599bfe04a7864e0a40d1168,7d6b0418453fc965b7c7060a3284ac2ffbbc1948602e1d9af0be1949d7ddb5e7,c3c24a7a69878fc25e4ebd46c592e42b355e2b83a599bfe04a7864e0a40d1168,898276c6af8b49b8439261fddd68c77bec005b4ca4b8686fd16d71867723ea20,4bbe3fa5ce0323b9566b8d8fc106377a72e1f78f480864a6d801021b1d98efcf,1.1535085846583522,3.292173664021872
71,2,identity,none,identity,0.7,test,67a4344b2ea80903492128774faad7ea0274b05dd88e02efa09406ddcd34b65a,0.6069976407919632,0.9772391732283464,0.8458415354330708,identity,7d6b0418453fc965b7c7060a3284ac2ffbbc1948602e1d9af0be1949d7ddb5e7,15fe1c42e2f68bd8222e523b9802e88253c7da54247562b8a7f321269fd70525,7d6b0418453fc965b7c7060a3284ac2ffbbc1948602e1d9af0be1949d7ddb5e7,15fe1c42e2f68bd8222e523b9802e88253c7da54247562b8a7f321269fd70525,09d6d69a1a6507956fd4523a2b056473fbd3b6c536aa67435ca7ef82d032b008,4bbe3fa5ce0323b9566b8d8fc106377a72e1f78f480864a6d801021b1d98efcf,1.1535085846583522,3.292173664021872
71,2,identity,none,identity,1.0,test,67a4344b2ea80903492128774faad7ea0274b05dd88e02efa09406ddcd34b65a,0.6379614327668653,0.9793307086614174,0.95189468503937,identity,7d6b0418453fc965b7c7060a3284ac2ffbbc1948602e1d9af0be1949d7ddb5e7,71cc56911101ec2ce0d612eb4cea558ba6679869949f30a2867d7d94f6bdef89,7d6b0418453fc965b7c7060a3284ac2ffbbc1948602e1d9af0be1949d7ddb5e7,71cc56911101ec2ce0d612eb4cea558ba6679869949f30a2867d7d94f6bdef89,1688b4a36acbf36e99b9b0f98b814693520fc15977338b8b6f82583f3cedd928,4bbe3fa5ce0323b9566b8d8fc106377a72e1f78f480864a6d801021b1d98efcf,1.1535085846583522,3.292173664021872
71,2,identity,identity_label_permutation,identity_label_permutation,0.35,test,af16325f749322811d762c38aa6556561285093bb027d6c8dbacfa5213b0badf,1.2554713261106936,0.5351870078740157,0.5384331116038433,identity,7d6b0418453fc965b7c7060a3284ac2ffbbc1948602e1d9af0be1949d7ddb5e7,c3c24a7a69878fc25e4ebd46c592e42b355e2b83a599bfe04a7864e0a40d1168,7d6b0418453fc965b7c7060a3284ac2ffbbc1948602e1d9af0be1949d7ddb5e7,c3c24a7a69878fc25e4ebd46c592e42b355e2b83a599bfe04a7864e0a40d1168,898276c6af8b49b8439261fddd68c77bec005b4ca4b8686fd16d71867723ea20,4bbe3fa5ce0323b9566b8d8fc106377a72e1f78f480864a6d801021b1d98efcf,1.1535085846583522,3.292173664021872
71,2,identity,identity_label_permutation,identity_label_permutation,0.7,test,af16325f749322811d762c38aa6556561285093bb027d6c8dbacfa5213b0badf,1.2185877995225418,0.5108267716535433,0.5219970341077608,identity,7d6b0418453fc965b7c7060a3284ac2ffbbc1948602e1d9af0be1949d7ddb5e7,15fe1c42e2f68bd8222e523b9802e88253c7da54247562b8a7f321269fd70525,7d6b0418453fc965b7c7060a3284ac2ffbbc1948602e1d9af0be1949d7ddb5e7,15fe1c42e2f68bd8222e523b9802e88253c7da54247562b8a7f321269fd70525,09d6d69a1a6507956fd4523a2b056473fbd3b6c536aa67435ca7ef82d032b008,4bbe3fa5ce0323b9566b8d8fc106377a72e1f78f480864a6d801021b1d98efcf,1.1535085846583522,3.292173664021872
71,2,identity,identity_label_permutation,identity_label_permutation,1.0,test,af16325f749322811d762c38aa6556561285093bb027d6c8dbacfa5213b0badf,1.262228172103822,0.48179133858267714,0.4910681286189479,identity,7d6b0418453fc965b7c7060a3284ac2ffbbc1948602e1d9af0be1949d7ddb5e7,71cc56911101ec2ce0d612eb4cea558ba6679869949f30a2867d7d94f6bdef89,7d6b0418453fc965b7c7060a3284ac2ffbbc1948602e1d9af0be1949d7ddb5e7,71cc56911101ec2ce0d612eb4cea558ba6679869949f30a2867d7d94f6bdef89,1688b4a36acbf36e99b9b0f98b814693520fc15977338b8b6f82583f3cedd928,4bbe3fa5ce0323b9566b8d8fc106377a72e1f78f480864a6d801021b1d98efcf,1.1535085846583522,3.292173664021872
71,2,output_affine,none,output_affine,0.35,test,67a4344b2ea80903492128774faad7ea0274b05dd88e02efa09406ddcd34b65a,5.379822114511143,0.9787155511811023,0.8988681102362205,output_affine,7d6b0418453fc965b7c7060a3284ac2ffbbc1948602e1d9af0be1949d7ddb5e7,c3c24a7a69878fc25e4ebd46c592e42b355e2b83a599bfe04a7864e0a40d1168,7d6b0418453fc965b7c7060a3284ac2ffbbc1948602e1d9af0be1949d7ddb5e7,c3c24a7a69878fc25e4ebd46c592e42b355e2b83a599bfe04a7864e0a40d1168,b02cd8f0c18ab75452eef7b69f18557f11480384fd1f41ec4d2107a0a4f6537b,4bbe3fa5ce0323b9566b8d8fc106377a72e1f78f480864a6d801021b1d98efcf,1.1535085846583522,3.292173664021872
71,2,output_affine,none,output_affine,0.7,test,67a4344b2ea80903492128774faad7ea0274b05dd88e02efa09406ddcd34b65a,5.216205835288206,0.9772391732283464,0.8458415354330708,output_affine,7d6b0418453fc965b7c7060a3284ac2ffbbc1948602e1d9af0be1949d7ddb5e7,15fe1c42e2f68bd8222e523b9802e88253c7da54247562b8a7f321269fd70525,7d6b0418453fc965b7c7060a3284ac2ffbbc1948602e1d9af0be1949d7ddb5e7,15fe1c42e2f68bd8222e523b9802e88253c7da54247562b8a7f321269fd70525,dbad1a9203bcdc36177a94a22d2706535b924507d7f4a6320b8ba38529d8800e,4bbe3fa5ce0323b9566b8d8fc106377a72e1f78f480864a6d801021b1d98efcf,1.1535085846583522,3.292173664021872
71,2,output_affine,none,output_affine,1.0,test,67a4344b2ea80903492128774faad7ea0274b05dd88e02efa09406ddcd34b65a,4.967875147757675,0.9793307086614174,0.95189468503937,output_affine,7d6b0418453fc965b7c7060a3284ac2ffbbc1948602e1d9af0be1949d7ddb5e7,71cc56911101ec2ce0d612eb4cea558ba6679869949f30a2867d7d94f6bdef89,7d6b0418453fc965b7c7060a3284ac2ffbbc1948602e1d9af0be1949d7ddb5e7,71cc56911101ec2ce0d612eb4cea558ba6679869949f30a2867d7d94f6bdef89,2fac73489b609a31174a0a89130f57cd29e49cd8c1ea6f4d2b8704ccbc72ecae,4bbe3fa5ce0323b9566b8d8fc106377a72e1f78f480864a6d801021b1d98efcf,1.1535085846583522,3.292173664021872
71,2,scale_0.7,none,scale_0.7,0.35,test,67a4344b2ea80903492128774faad7ea0274b05dd88e02efa09406ddcd34b65a,1.2573944628885703,0.9933562992125984,0.9478346456692913,scale_0.7,c55a3ed452529b40cd6c0932644cce40c5326fdc2d68ee034b944c72fc21f706,ca5dc356f55c9a78805627c40daae637805456fb7eb453a4f08efc9723ae9f0a,7d6b0418453fc965b7c7060a3284ac2ffbbc1948602e1d9af0be1949d7ddb5e7,c3c24a7a69878fc25e4ebd46c592e42b355e2b83a599bfe04a7864e0a40d1168,9e2627b407e8d9a6c2d92afebf6126299f319d8b1453f7ee755febd1cc022a11,4bbe3fa5ce0323b9566b8d8fc106377a72e1f78f480864a6d801021b1d98efcf,1.1535085846583522,3.292173664021872
71,2,scale_0.7,none,scale_0.7,0.7,test,67a4344b2ea80903492128774faad7ea0274b05dd88e02efa09406ddcd34b65a,0.8837548150295651,0.9953248031496063,0.9461122047244095,scale_0.7,c55a3ed452529b40cd6c0932644cce40c5326fdc2d68ee034b944c72fc21f706,a3d4034625147996e1fa181eac8cbe4d1e8368debcbb0e4c3f3d797b1e278caa,7d6b0418453fc965b7c7060a3284ac2ffbbc1948602e1d9af0be1949d7ddb5e7,15fe1c42e2f68bd8222e523b9802e88253c7da54247562b8a7f321269fd70525,e7eb72f8d1f6d2b71af8a5ba98596e811a82b7a7f355e4245f9fa78dc50c0145,4bbe3fa5ce0323b9566b8d8fc106377a72e1f78f480864a6d801021b1d98efcf,1.1535085846583522,3.292173664021872
71,2,scale_0.7,none,scale_0.7,1.0,test,67a4344b2ea80903492128774faad7ea0274b05dd88e02efa09406ddcd34b65a,0.6069976407919632,0.9772391732283464,0.8458415354330708,scale_0.7,c55a3ed452529b40cd6c0932644cce40c5326fdc2d68ee034b944c72fc21f706,15fe1c42e2f68bd8222e523b9802e88253c7da54247562b8a7f321269fd70525,7d6b0418453fc965b7c7060a3284ac2ffbbc1948602e1d9af0be1949d7ddb5e7,71cc56911101ec2ce0d612eb4cea558ba6679869949f30a2867d7d94f6bdef89,bfe6a626567a80145adebf0bb350f4205e65843aae34b15ed367243515fb0778,4bbe3fa5ce0323b9566b8d8fc106377a72e1f78f480864a6d801021b1d98efcf,1.1535085846583522,3.292173664021872
71,2,scale_1.5,none,scale_1.5,0.35,test,67a4344b2ea80903492128774faad7ea0274b05dd88e02efa09406ddcd34b65a,0.8419482446729338,0.9943405511811023,0.9560777559055118,scale_1.5,cd9def7bcfef49f1b9046dfd670af285268a0818729f7d241c6921edb6e730c5,fb0749758da3a29972562e978ff82460cc270476464b57b15d13994ab64aa80f,7d6b0418453fc965b7c7060a3284ac2ffbbc1948602e1d9af0be1949d7ddb5e7,c3c24a7a69878fc25e4ebd46c592e42b355e2b83a599bfe04a7864e0a40d1168,85e087227410ed55c8c81a65e16fbe506632172f2c02bc33fb3ef541dc3ef609,4bbe3fa5ce0323b9566b8d8fc106377a72e1f78f480864a6d801021b1d98efcf,1.1535085846583522,3.292173664021872
71,2,scale_1.5,none,scale_1.5,0.7,test,67a4344b2ea80903492128774faad7ea0274b05dd88e02efa09406ddcd34b65a,0.7462629713968945,0.9560777559055118,0.9094488188976378,scale_1.5,cd9def7bcfef49f1b9046dfd670af285268a0818729f7d241c6921edb6e730c5,0563aa7b4ba511fe218ebdd79c7a4dc0c656d45e81790d96b82f4e2e5d584736,7d6b0418453fc965b7c7060a3284ac2ffbbc1948602e1d9af0be1949d7ddb5e7,15fe1c42e2f68bd8222e523b9802e88253c7da54247562b8a7f321269fd70525,ea413aadedfc388ef0936ad290ae655381c1a406d4f34ada670e93af57cebd92,4bbe3fa5ce0323b9566b8d8fc106377a72e1f78f480864a6d801021b1d98efcf,1.1535085846583522,3.292173664021872
71,2,scale_1.5,none,scale_1.5,1.0,test,67a4344b2ea80903492128774faad7ea0274b05dd88e02efa09406ddcd34b65a,0.755496266299471,0.8232037401574803,0.6216781496062992,scale_1.5,cd9def7bcfef49f1b9046dfd670af285268a0818729f7d241c6921edb6e730c5,0fa046587f44726e9ba1c1fbebc15c4f0b0430fcfccf7d855454fe5911fec5b5,7d6b0418453fc965b7c7060a3284ac2ffbbc1948602e1d9af0be1949d7ddb5e7,71cc56911101ec2ce0d612eb4cea558ba6679869949f30a2867d7d94f6bdef89,5b266cc36bab526c4ad060ff35a8123132ce8f967fcee5beb4bbe0cdb0ff5484,4bbe3fa5ce0323b9566b8d8fc106377a72e1f78f480864a6d801021b1d98efcf,1.1535085846583522,3.292173664021872
71,2,rotate_45,none,rotate_45,0.35,test,67a4344b2ea80903492128774faad7ea0274b05dd88e02efa09406ddcd34b65a,1.0711273289219572,0.9816683070866141,0.9163385826771654,rotate_45,a7abcdd5e0349e5e6dbf982fae36439544e7f71ccf7eb43f9cb748809ab6a0a5,d4b20084084005349dd14059f495aaff4c9f072b8ac3e1828a3b7157d12dbda1,7d6b0418453fc965b7c7060a3284ac2ffbbc1948602e1d9af0be1949d7ddb5e7,c3c24a7a69878fc25e4ebd46c592e42b355e2b83a599bfe04a7864e0a40d1168,0147b864059f712955a462bde35d82eb7587c1184234295f99190580a970edc0,4bbe3fa5ce0323b9566b8d8fc106377a72e1f78f480864a6d801021b1d98efcf,1.1535085846583522,3.292173664021872
71,2,rotate_45,none,rotate_45,0.7,test,67a4344b2ea80903492128774faad7ea0274b05dd88e02efa09406ddcd34b65a,0.5940945331031109,0.9795767716535433,0.843380905511811,rotate_45,a7abcdd5e0349e5e6dbf982fae36439544e7f71ccf7eb43f9cb748809ab6a0a5,bb333f85c412b5419e486c0215247f24f74c4438560f0c0c718eb37abf7eaf8e,7d6b0418453fc965b7c7060a3284ac2ffbbc1948602e1d9af0be1949d7ddb5e7,15fe1c42e2f68bd8222e523b9802e88253c7da54247562b8a7f321269fd70525,60c49f7d8d5cb5a6a876fc42f887292fa8034cd0063a90f1a56d0c31d2dcd3ec,4bbe3fa5ce0323b9566b8d8fc106377a72e1f78f480864a6d801021b1d98efcf,1.1535085846583522,3.292173664021872
71,2,rotate_45,none,rotate_45,1.0,test,67a4344b2ea80903492128774faad7ea0274b05dd88e02efa09406ddcd34b65a,0.6169867981937113,0.9784694881889764,0.95189468503937,rotate_45,a7abcdd5e0349e5e6dbf982fae36439544e7f71ccf7eb43f9cb748809ab6a0a5,d2e3acac2fd12a4a1e064de8a9f3c8fe50f2fd654b439894b6a3900d60adbd26,7d6b0418453fc965b7c7060a3284ac2ffbbc1948602e1d9af0be1949d7ddb5e7,71cc56911101ec2ce0d612eb4cea558ba6679869949f30a2867d7d94f6bdef89,a8f5b318fc5ff4a792d9d09220eaf278a15eec5aa225f579418ddbab85ba2977,4bbe3fa5ce0323b9566b8d8fc106377a72e1f78f480864a6d801021b1d98efcf,1.1535085846583522,3.292173664021872
71,2,roughness,none,roughness,0.35,test,67a4344b2ea80903492128774faad7ea0274b05dd88e02efa09406ddcd34b65a,1.3287484190736045,0.4409448818897638,0.4265501968503937,roughness,7d6b0418453fc965b7c7060a3284ac2ffbbc1948602e1d9af0be1949d7ddb5e7,c3c24a7a69878fc25e4ebd46c592e42b355e2b83a599bfe04a7864e0a40d1168,7d6b0418453fc965b7c7060a3284ac2ffbbc1948602e1d9af0be1949d7ddb5e7,c3c24a7a69878fc25e4ebd46c592e42b355e2b83a599bfe04a7864e0a40d1168,c50768f5665c948e7aedf5871c61ce9898096e0bf45707965ae9b4b23b44eaa9,4bbe3fa5ce0323b9566b8d8fc106377a72e1f78f480864a6d801021b1d98efcf,1.1535085846583522,3.292173664021872
71,2,roughness,none,roughness,0.7,test,67a4344b2ea80903492128774faad7ea0274b05dd88e02efa09406ddcd34b65a,0.9888553964928404,0.703863188976378,0.656619094488189,roughness,7d6b0418453fc965b7c7060a3284ac2ffbbc1948602e1d9af0be1949d7ddb5e7,15fe1c42e2f68bd8222e523b9802e88253c7da54247562b8a7f321269fd70525,7d6b0418453fc965b7c7060a3284ac2ffbbc1948602e1d9af0be1949d7ddb5e7,15fe1c42e2f68bd8222e523b9802e88253c7da54247562b8a7f321269fd70525,35a9454baabd5143ed4e5beffbf90214135bdf15a36bebf80287d3c7b3bc8005,4bbe3fa5ce0323b9566b8d8fc106377a72e1f78f480864a6d801021b1d98efcf,1.1535085846583522,3.292173664021872
71,2,roughness,none,roughness,1.0,test,67a4344b2ea80903492128774faad7ea0274b05dd88e02efa09406ddcd34b65a,0.7097107028472036,0.7373277559055118,0.7150590551181102,roughness,7d6b0418453fc965b7c7060a3284ac2ffbbc1948602e1d9af0be1949d7ddb5e7,71cc56911101ec2ce0d612eb4cea558ba6679869949f30a2867d7d94f6bdef89,7d6b0418453fc965b7c7060a3284ac2ffbbc1948602e1d9af0be1949d7ddb5e7,71cc56911101ec2ce0d612eb4cea558ba6679869949f30a2867d7d94f6bdef89,d767e87d3dc7daa6b8aab123a81c3c1c5b1d7abf1b7771dbd2d93d68f7f182d8,4bbe3fa5ce0323b9566b8d8fc106377a72e1f78f480864a6d801021b1d98efcf,1.1535085846583522,3.292173664021872
71,2,reversal,none,reversal,0.35,test,67a4344b2ea80903492128774faad7ea0274b05dd88e02efa09406ddcd34b65a,0.7037144666177598,0.021284448818897638,0.10113188976377953,reversal,7d6b0418453fc965b7c7060a3284ac2ffbbc1948602e1d9af0be1949d7ddb5e7,c3c24a7a69878fc25e4ebd46c592e42b355e2b83a599bfe04a7864e0a40d1168,7d6b0418453fc965b7c7060a3284ac2ffbbc1948602e1d9af0be1949d7ddb5e7,c3c24a7a69878fc25e4ebd46c592e42b355e2b83a599bfe04a7864e0a40d1168,10b63ecc06cbe4efa1436f39f198da327a352a7f63fffa76651204e34bc7591e,4bbe3fa5ce0323b9566b8d8fc106377a72e1f78f480864a6d801021b1d98efcf,1.1535085846583522,3.292173664021872
71,2,reversal,none,reversal,0.7,test,67a4344b2ea80903492128774faad7ea0274b05dd88e02efa09406ddcd34b65a,0.4609123419697575,0.022760826771653545,0.15415846456692914,reversal,7d6b0418453fc965b7c7060a3284ac2ffbbc1948602e1d9af0be1949d7ddb5e7,15fe1c42e2f68bd8222e523b9802e88253c7da54247562b8a7f321269fd70525,7d6b0418453fc965b7c7060a3284ac2ffbbc1948602e1d9af0be1949d7ddb5e7,15fe1c42e2f68bd8222e523b9802e88253c7da54247562b8a7f321269fd70525,6eb41e6efb383e44e76397cae28e380e0c8e3f68c22c8256a519ba8a0c304593,4bbe3fa5ce0323b9566b8d8fc106377a72e1f78f480864a6d801021b1d98efcf,1.1535085846583522,3.292173664021872
71,2,reversal,none,reversal,1.0,test,67a4344b2ea80903492128774faad7ea0274b05dd88e02efa09406ddcd34b65a,2.1191015695945286,0.02066929133858268,0.04810531496062992,reversal,7d6b0418453fc965b7c7060a3284ac2ffbbc1948602e1d9af0be1949d7ddb5e7,71cc56911101ec2ce0d612eb4cea558ba6679869949f30a2867d7d94f6bdef89,7d6b0418453fc965b7c7060a3284ac2ffbbc1948602e1d9af0be1949d7ddb5e7,71cc56911101ec2ce0d612eb4cea558ba6679869949f30a2867d7d94f6bdef89,1a89ba1946cd3ae59efab9a58b85f637eaa8a8d8c9485e79d343fbe3abdb8ed7,4bbe3fa5ce0323b9566b8d8fc106377a72e1f78f480864a6d801021b1d98efcf,1.1535085846583522,3.292173664021872
71,2,independent_expert,none,independent_expert,0.35,test,9dd80a03b98c94f89abe330bd6c24eab635f33ac1fbd9a777994a424ddc61779,0.8309678327928862,0.5893208661417323,0.5690675875678343,independent_expert,7d6b0418453fc965b7c7060a3284ac2ffbbc1948602e1d9af0be1949d7ddb5e7,c3c24a7a69878fc25e4ebd46c592e42b355e2b83a599bfe04a7864e0a40d1168,7d6b0418453fc965b7c7060a3284ac2ffbbc1948602e1d9af0be1949d7ddb5e7,c3c24a7a69878fc25e4ebd46c592e42b355e2b83a599bfe04a7864e0a40d1168,898276c6af8b49b8439261fddd68c77bec005b4ca4b8686fd16d71867723ea20,4bbe3fa5ce0323b9566b8d8fc106377a72e1f78f480864a6d801021b1d98efcf,1.1535085846583522,3.292173664021872
71,2,independent_expert,none,independent_expert,0.7,test,9dd80a03b98c94f89abe330bd6c24eab635f33ac1fbd9a777994a424ddc61779,0.9650666368882455,0.46272145669291337,0.4418403848525965,independent_expert,7d6b0418453fc965b7c7060a3284ac2ffbbc1948602e1d9af0be1949d7ddb5e7,15fe1c42e2f68bd8222e523b9802e88253c7da54247562b8a7f321269fd70525,7d6b0418453fc965b7c7060a3284ac2ffbbc1948602e1d9af0be1949d7ddb5e7,15fe1c42e2f68bd8222e523b9802e88253c7da54247562b8a7f321269fd70525,09d6d69a1a6507956fd4523a2b056473fbd3b6c536aa67435ca7ef82d032b008,4bbe3fa5ce0323b9566b8d8fc106377a72e1f78f480864a6d801021b1d98efcf,1.1535085846583522,3.292173664021872
71,2,independent_expert,none,independent_expert,1.0,test,9dd80a03b98c94f89abe330bd6c24eab635f33ac1fbd9a777994a424ddc61779,1.3201001253704205,0.5264517716535433,0.5446703635243376,independent_expert,7d6b0418453fc965b7c7060a3284ac2ffbbc1948602e1d9af0be1949d7ddb5e7,71cc56911101ec2ce0d612eb4cea558ba6679869949f30a2867d7d94f6bdef89,7d6b0418453fc965b7c7060a3284ac2ffbbc1948602e1d9af0be1949d7ddb5e7,71cc56911101ec2ce0d612eb4cea558ba6679869949f30a2867d7d94f6bdef89,1688b4a36acbf36e99b9b0f98b814693520fc15977338b8b6f82583f3cedd928,4bbe3fa5ce0323b9566b8d8fc106377a72e1f78f480864a6d801021b1d98efcf,1.1535085846583522,3.292173664021872
89,2,identity,none,identity,0.35,test,67aef5674e032eb88210e50e24df9873aaf4d394c3340290161c0f6386bf2fc6,1.2697684877512758,0.9419291338582677,0.8807824803149606,identity,ff35c8455029c95fce643ee6d779a4c8f7896375bc7d46be81b486e839489bfc,f2efc17e99d046556ad978e47d5ece79082443e75b076bdd6426f03ff6a3ace6,ff35c8455029c95fce643ee6d779a4c8f7896375bc7d46be81b486e839489bfc,f2efc17e99d046556ad978e47d5ece79082443e75b076bdd6426f03ff6a3ace6,850e1933b76387a65c22100d1bf4a4e5392b63fef890b189b56f32b52e27f099,5437d6bf9773aa31ecde09af7dc708a108dc907110dacf10593b3eb259f25c55,1.9118165409954881,3.849598626616304
89,2,identity,none,identity,0.7,test,67aef5674e032eb88210e50e24df9873aaf4d394c3340290161c0f6386bf2fc6,0.6720443200567248,0.9739173228346457,0.9314714566929134,identity,ff35c8455029c95fce643ee6d779a4c8f7896375bc7d46be81b486e839489bfc,2c63ab51c63f29a433541e506df23b8bd42c9bde748ce55ff39851eb2dd99071,ff35c8455029c95fce643ee6d779a4c8f7896375bc7d46be81b486e839489bfc,2c63ab51c63f29a433541e506df23b8bd42c9bde748ce55ff39851eb2dd99071,168a6cb56d8f17c2d7775c3c0a9f9f3d26d964d839d65f240d6b796e24e36c53,5437d6bf9773aa31ecde09af7dc708a108dc907110dacf10593b3eb259f25c55,1.9118165409954881,3.849598626616304
89,2,identity,none,identity,1.0,test,67aef5674e032eb88210e50e24df9873aaf4d394c3340290161c0f6386bf2fc6,0.8601673615156443,0.9828986220472441,0.9472194881889764,identity,ff35c8455029c95fce643ee6d779a4c8f7896375bc7d46be81b486e839489bfc,f511f9a63a219cbc7e0892c582ded8f0338468e6eb5f737174d6a348d6c9aecb,ff35c8455029c95fce643ee6d779a4c8f7896375bc7d46be81b486e839489bfc,f511f9a63a219cbc7e0892c582ded8f0338468e6eb5f737174d6a348d6c9aecb,f085e77dd0aafd80864691f74cf55b2bb7d0561b4c0dc5e5abf6076c37d1d8fa,5437d6bf9773aa31ecde09af7dc708a108dc907110dacf10593b3eb259f25c55,1.9118165409954881,3.849598626616304
89,2,identity,identity_label_permutation,identity_label_permutation,0.35,test,2d9c00b37edc7643038f9de053ca758bed73fc26c8d4125f8fe3f4b0d90a0fba,0.8903294876599283,0.640255905511811,0.6356464932823863,identity,ff35c8455029c95fce643ee6d779a4c8f7896375bc7d46be81b486e839489bfc,f2efc17e99d046556ad978e47d5ece79082443e75b076bdd6426f03ff6a3ace6,ff35c8455029c95fce643ee6d779a4c8f7896375bc7d46be81b486e839489bfc,f2efc17e99d046556ad978e47d5ece79082443e75b076bdd6426f03ff6a3ace6,850e1933b76387a65c22100d1bf4a4e5392b63fef890b189b56f32b52e27f099,5437d6bf9773aa31ecde09af7dc708a108dc907110dacf10593b3eb259f25c55,1.9118165409954881,3.849598626616304
89,2,identity,identity_label_permutation,identity_label_permutation,0.7,test,2d9c00b37edc7643038f9de053ca758bed73fc26c8d4125f8fe3f4b0d90a0fba,1.5729146604251172,0.5084891732283464,0.5221216691804927,identity,ff35c8455029c95fce643ee6d779a4c8f7896375bc7d46be81b486e839489bfc,2c63ab51c63f29a433541e506df23b8bd42c9bde748ce55ff39851eb2dd99071,ff35c8455029c95fce643ee6d779a4c8f7896375bc7d46be81b486e839489bfc,2c63ab51c63f29a433541e506df23b8bd42c9bde748ce55ff39851eb2dd99071,168a6cb56d8f17c2d7775c3c0a9f9f3d26d964d839d65f240d6b796e24e36c53,5437d6bf9773aa31ecde09af7dc708a108dc907110dacf10593b3eb259f25c55,1.9118165409954881,3.849598626616304
89,2,identity,identity_label_permutation,identity_label_permutation,1.0,test,2d9c00b37edc7643038f9de053ca758bed73fc26c8d4125f8fe3f4b0d90a0fba,1.6540796522556929,0.5362942913385826,0.5229369234604837,identity,ff35c8455029c95fce643ee6d779a4c8f7896375bc7d46be81b486e839489bfc,f511f9a63a219cbc7e0892c582ded8f0338468e6eb5f737174d6a348d6c9aecb,ff35c8455029c95fce643ee6d779a4c8f7896375bc7d46be81b486e839489bfc,f511f9a63a219cbc7e0892c582ded8f0338468e6eb5f737174d6a348d6c9aecb,f085e77dd0aafd80864691f74cf55b2bb7d0561b4c0dc5e5abf6076c37d1d8fa,5437d6bf9773aa31ecde09af7dc708a108dc907110dacf10593b3eb259f25c55,1.9118165409954881,3.849598626616304
89,2,output_affine,none,output_affine,0.35,test,67aef5674e032eb88210e50e24df9873aaf4d394c3340290161c0f6386bf2fc6,5.574113071804148,0.9419291338582677,0.8807824803149606,output_affine,ff35c8455029c95fce643ee6d779a4c8f7896375bc7d46be81b486e839489bfc,f2efc17e99d046556ad978e47d5ece79082443e75b076bdd6426f03ff6a3ace6,ff35c8455029c95fce643ee6d779a4c8f7896375bc7d46be81b486e839489bfc,f2efc17e99d046556ad978e47d5ece79082443e75b076bdd6426f03ff6a3ace6,4c1fe7f7b558845a3e699d8c489f1162a7390ba9ee7f232806fecc386bc91229,5437d6bf9773aa31ecde09af7dc708a108dc907110dacf10593b3eb259f25c55,1.9118165409954881,3.849598626616304
89,2,output_affine,none,output_affine,0.7,test,67aef5674e032eb88210e50e24df9873aaf4d394c3340290161c0f6386bf2fc6,5.271465742135664,0.9739173228346457,0.9314714566929134,output_affine,ff35c8455029c95fce643ee6d779a4c8f7896375bc7d46be81b486e839489bfc,2c63ab51c63f29a433541e506df23b8bd42c9bde748ce55ff39851eb2dd99071,ff35c8455029c95fce643ee6d779a4c8f7896375bc7d46be81b486e839489bfc,2c63ab51c63f29a433541e506df23b8bd42c9bde748ce55ff39851eb2dd99071,248b5d350efdbac2e20a1dd3c706304b50a53e52d2cadff52dd1da513cee60d2,5437d6bf9773aa31ecde09af7dc708a108dc907110dacf10593b3eb259f25c55,1.9118165409954881,3.849598626616304
89,2,output_affine,none,output_affine,1.0,test,67aef5674e032eb88210e50e24df9873aaf4d394c3340290161c0f6386bf2fc6,4.79851148646282,0.9828986220472441,0.9472194881889764,output_affine,ff35c8455029c95fce643ee6d779a4c8f7896375bc7d46be81b486e839489bfc,f511f9a63a219cbc7e0892c582ded8f0338468e6eb5f737174d6a348d6c9aecb,ff35c8455029c95fce643ee6d779a4c8f7896375bc7d46be81b486e839489bfc,f511f9a63a219cbc7e0892c582ded8f0338468e6eb5f737174d6a348d6c9aecb,e486ca61769910d1c74c741d91ae07e8787b74f26a93dfd39fb80fa2ba02e273,5437d6bf9773aa31ecde09af7dc708a108dc907110dacf10593b3eb259f25c55,1.9118165409954881,3.849598626616304
89,2,scale_0.7,none,scale_0.7,0.35,test,67aef5674e032eb88210e50e24df9873aaf4d394c3340290161c0f6386bf2fc6,1.4975932749037495,0.9883120078740157,0.9013287401574803,scale_0.7,0bd91e0681bc5b5068f61199a479a54dc3ecb819eafa60301b03b93a31c2243d,5a94498577b5f1f63afa617c45eca585ab6425ebfe41d7e55496ce8117e9952b,ff35c8455029c95fce643ee6d779a4c8f7896375bc7d46be81b486e839489bfc,f2efc17e99d046556ad978e47d5ece79082443e75b076bdd6426f03ff6a3ace6,6e622caec4147862863ae9033a09b01fdd0233b9fbbb7c4324815498530b3788,5437d6bf9773aa31ecde09af7dc708a108dc907110dacf10593b3eb259f25c55,1.9118165409954881,3.849598626616304
89,2,scale_0.7,none,scale_0.7,0.7,test,67aef5674e032eb88210e50e24df9873aaf4d394c3340290161c0f6386bf2fc6,1.0177449178295097,0.9918799212598425,0.9010826771653543,scale_0.7,0bd91e0681bc5b5068f61199a479a54dc3ecb819eafa60301b03b93a31c2243d,b17965171bd433f71d9c5076478d024a79236989c94f1eb44734d3b453f50215,ff35c8455029c95fce643ee6d779a4c8f7896375bc7d46be81b486e839489bfc,2c63ab51c63f29a433541e506df23b8bd42c9bde748ce55ff39851eb2dd99071,5af810808e768dbc9030b9df802c12cbf4504ffe2c74dfa6757a74ef7d698f69,5437d6bf9773aa31ecde09af7dc708a108dc907110dacf10593b3eb259f25c55,1.9118165409954881,3.849598626616304
89,2,scale_0.7,none,scale_0.7,1.0,test,67aef5674e032eb88210e50e24df9873aaf4d394c3340290161c0f6386bf2fc6,0.6720443200567248,0.9739173228346457,0.9314714566929134,scale_0.7,0bd91e0681bc5b5068f61199a479a54dc3ecb819eafa60301b03b93a31c2243d,2c63ab51c63f29a433541e506df23b8bd42c9bde748ce55ff39851eb2dd99071,ff35c8455029c95fce643ee6d779a4c8f7896375bc7d46be81b486e839489bfc,f511f9a63a219cbc7e0892c582ded8f0338468e6eb5f737174d6a348d6c9aecb,fcda17b6c9b93a4520fbf720d83ee1ec933f5dd2e62ebfdd641b9834a1f95220,5437d6bf9773aa31ecde09af7dc708a108dc907110dacf10593b3eb259f25c55,1.9118165409954881,3.849598626616304
89,2,scale_1.5,none,scale_1.5,0.35,test,67aef5674e032eb88210e50e24df9873aaf4d394c3340290161c0f6386bf2fc6,0.9637372929215356,0.9944635826771654,0.9143700787401575,scale_1.5,3b5f2680513eb7afe695a11eeb0a5ea7941ca3dca9cf239a4671f705c4afba98,c7ad4be720c5da28ae3165aadf13fbaed9d35fa860614c5ac08c245801ac3087,ff35c8455029c95fce643ee6d779a4c8f7896375bc7d46be81b486e839489bfc,f2efc17e99d046556ad978e47d5ece79082443e75b076bdd6426f03ff6a3ace6,010b20dd26adadf4b3353db9df1be6d59e0c280edefe6462256d8f864b745410,5437d6bf9773aa31ecde09af7dc708a108dc907110dacf10593b3eb259f25c55,1.9118165409954881,3.849598626616304
89,2,scale_1.5,none,scale_1.5,0.7,test,67aef5674e032eb88210e50e24df9873aaf4d394c3340290161c0f6386bf2fc6,1.0181318402286497,0.9660433070866141,0.9411909448818898,scale_1.5,3b5f2680513eb7afe695a11eeb0a5ea7941ca3dca9cf239a4671f705c4afba98,d8546967cff8d8b1251e8f6e4b9b9a61744de2e33e21f6292c7ffd55b4e16563,ff35c8455029c95fce643ee6d779a4c8f7896375bc7d46be81b486e839489bfc,2c63ab51c63f29a433541e506df23b8bd42c9bde748ce55ff39851eb2dd99071,de21056b7d82552299dc44339d923608bb47e1d197ba90db4c65d35516d11773,5437d6bf9773aa31ecde09af7dc708a108dc907110dacf10593b3eb259f25c55,1.9118165409954881,3.849598626616304
89,2,scale_1.5,none,scale_1.5,1.0,test,67aef5674e032eb88210e50e24df9873aaf4d394c3340290161c0f6386bf2fc6,1.0554022647392884,0.8315698818897638,0.6790108267716536,scale_1.5,3b5f2680513eb7afe695a11eeb0a5ea7941ca3dca9cf239a4671f705c4afba98,ccae77c25293d90e599c15b1fc207ab4679512830b4103cc631aae981ea04a41,ff35c8455029c95fce643ee6d779a4c8f7896375bc7d46be81b486e839489bfc,f511f9a63a219cbc7e0892c582ded8f0338468e6eb5f737174d6a348d6c9aecb,60e68e2242cd7f2f32e0a10e9e8b2a45de6ca8b22db434fb5e9592d9b5ef61f8,5437d6bf9773aa31ecde09af7dc708a108dc907110dacf10593b3eb259f25c55,1.9118165409954881,3.849598626616304
89,2,rotate_45,none,rotate_45,0.35,test,67aef5674e032eb88210e50e24df9873aaf4d394c3340290161c0f6386bf2fc6,1.2722163087160572,0.9421751968503937,0.8844734251968503,rotate_45,ef319a88eb8c15c9beed71c6f5abf7096f95b9eea4069a336f34e50cfbdbbeb7,45aec5d59262ba2f20aa3bc96909428d4ed17ef22bd8decc6870ab3de0e82b33,ff35c8455029c95fce643ee6d779a4c8f7896375bc7d46be81b486e839489bfc,f2efc17e99d046556ad978e47d5ece79082443e75b076bdd6426f03ff6a3ace6,b03bcd4826f2b7a135a22c9d999fa4472d91622389922f9f64c1ea5438fd3c9c,5437d6bf9773aa31ecde09af7dc708a108dc907110dacf10593b3eb259f25c55,1.9118165409954881,3.849598626616304
89,2,rotate_45,none,rotate_45,0.7,test,67aef5674e032eb88210e50e24df9873aaf4d394c3340290161c0f6386bf2fc6,0.6791495682075608,0.9719488188976378,0.9451279527559056,rotate_45,ef319a88eb8c15c9beed71c6f5abf7096f95b9eea4069a336f34e50cfbdbbeb7,a82433d18a90ea4ced676595dc64ee0e6ee6cf6bcefeeaf19aabf7aecef64e11,ff35c8455029c95fce643ee6d779a4c8f7896375bc7d46be81b486e839489bfc,2c63ab51c63f29a433541e506df23b8bd42c9bde748ce55ff39851eb2dd99071,5f2770ab44ded3108eb8c3ea85064080d8c8d7204f7e95a9b46f17602682ea33,5437d6bf9773aa31ecde09af7dc708a108dc907110dacf10593b3eb259f25c55,1.9118165409954881,3.849598626616304
89,2,rotate_45,none,rotate_45,1.0,test,67aef5674e032eb88210e50e24df9873aaf4d394c3340290161c0f6386bf2fc6,0.8493537050478266,0.9826525590551181,0.9479576771653543,rotate_45,ef319a88eb8c15c9beed71c6f5abf7096f95b9eea4069a336f34e50cfbdbbeb7,bad4df935ed085cb34ca2bb314a7fb7804b9ffcb17230b5275e4cfa15defed34,ff35c8455029c95fce643ee6d779a4c8f7896375bc7d46be81b486e839489bfc,f511f9a63a219cbc7e0892c582ded8f0338468e6eb5f737174d6a348d6c9aecb,af14021a7d1ad763b16da1f7130b5d2824362bd1002d3ddd9015f3d2e5781e41,5437d6bf9773aa31ecde09af7dc708a108dc907110dacf10593b3eb259f25c55,1.9118165409954881,3.849598626616304
89,2,roughness,none,roughness,0.35,test,67aef5674e032eb88210e50e24df9873aaf4d394c3340290161c0f6386bf2fc6,1.5074567065771238,0.468134842519685,0.4638287401574803,roughness,ff35c8455029c95fce643ee6d779a4c8f7896375bc7d46be81b486e839489bfc,f2efc17e99d046556ad978e47d5ece79082443e75b076bdd6426f03ff6a3ace6,ff35c8455029c95fce643ee6d779a4c8f7896375bc7d46be81b486e839489bfc,f2efc17e99d046556ad978e47d5ece79082443e75b076bdd6426f03ff6a3ace6,412c7c328174408ca88e764ce557eb31191bdeb4f9bd7ec2fff0a5daddf63534,5437d6bf9773aa31ecde09af7dc708a108dc907110dacf10593b3eb259f25c55,1.9118165409954881,3.849598626616304
89,2,roughness,none,roughness,0.7,test,67aef5674e032eb88210e50e24df9873aaf4d394c3340290161c0f6386bf2fc6,1.0456889104576237,0.6926673228346457,0.6959891732283464,roughness,ff35c8455029c95fce643ee6d779a4c8f7896375bc7d46be81b486e839489bfc,2c63ab51c63f29a433541e506df23b8bd42c9bde748ce55ff39851eb2dd99071,ff35c8455029c95fce643ee6d779a4c8f7896375bc7d46be81b486e839489bfc,2c63ab51c63f29a433541e506df23b8bd42c9bde748ce55ff39851eb2dd99071,e0b98f83a932100ddcb7deafa40bca52e7a522c13d2ae9fd7de134a5ca9236d2,5437d6bf9773aa31ecde09af7dc708a108dc907110dacf10593b3eb259f25c55,1.9118165409954881,3.849598626616304
89,2,roughness,none,roughness,1.0,test,67aef5674e032eb88210e50e24df9873aaf4d394c3340290161c0f6386bf2fc6,0.8417324349614206,0.7422490157480315,0.7235482283464567,roughness,ff35c8455029c95fce643ee6d779a4c8f7896375bc7d46be81b486e839489bfc,f511f9a63a219cbc7e0892c582ded8f0338468e6eb5f737174d6a348d6c9aecb,ff35c8455029c95fce643ee6d779a4c8f7896375bc7d46be81b486e839489bfc,f511f9a63a219cbc7e0892c582ded8f0338468e6eb5f737174d6a348d6c9aecb,d7d275c2c93d856172308aafecbdcb5947f9d498b148a8ea9d2aa5205b8932b5,5437d6bf9773aa31ecde09af7dc708a108dc907110dacf10593b3eb259f25c55,1.9118165409954881,3.849598626616304
89,2,reversal,none,reversal,0.35,test,67aef5674e032eb88210e50e24df9873aaf4d394c3340290161c0f6386bf2fc6,0.8861853643858509,0.058070866141732284,0.11921751968503937,reversal,ff35c8455029c95fce643ee6d779a4c8f7896375bc7d46be81b486e839489bfc,f2efc17e99d046556ad978e47d5ece79082443e75b076bdd6426f03ff6a3ace6,ff35c8455029c95fce643ee6d779a4c8f7896375bc7d46be81b486e839489bfc,f2efc17e99d046556ad978e47d5ece79082443e75b076bdd6426f03ff6a3ace6,a2baf41f66d8c008119a8199238a1513b4bfa7de528e2992f7a12a6e09162115,5437d6bf9773aa31ecde09af7dc708a108dc907110dacf10593b3eb259f25c55,1.9118165409954881,3.849598626616304
89,2,reversal,none,reversal,0.7,test,67aef5674e032eb88210e50e24df9873aaf4d394c3340290161c0f6386bf2fc6,0.4774048715111071,0.02608267716535433,0.06852854330708662,reversal,ff35c8455029c95fce643ee6d779a4c8f7896375bc7d46be81b486e839489bfc,2c63ab51c63f29a433541e506df23b8bd42c9bde748ce55ff39851eb2dd99071,ff35c8455029c95fce643ee6d779a4c8f7896375bc7d46be81b486e839489bfc,2c63ab51c63f29a433541e506df23b8bd42c9bde748ce55ff39851eb2dd99071,55dbf11863d059cfbef2b7addcd8f4de36db18fb88a800fbf6a680642de45859,5437d6bf9773aa31ecde09af7dc708a108dc907110dacf10593b3eb259f25c55,1.9118165409954881,3.849598626616304
89,2,reversal,none,reversal,1.0,test,67aef5674e032eb88210e50e24df9873aaf4d394c3340290161c0f6386bf2fc6,2.377346630902175,0.017101377952755906,0.052780511811023625,reversal,ff35c8455029c95fce643ee6d779a4c8f7896375bc7d46be81b486e839489bfc,f511f9a63a219cbc7e0892c582ded8f0338468e6eb5f737174d6a348d6c9aecb,ff35c8455029c95fce643ee6d779a4c8f7896375bc7d46be81b486e839489bfc,f511f9a63a219cbc7e0892c582ded8f0338468e6eb5f737174d6a348d6c9aecb,5e5ddfc4cf00ccb8717f75963c93468bfcd2c70381fe8bdf62f7348b371d07cf,5437d6bf9773aa31ecde09af7dc708a108dc907110dacf10593b3eb259f25c55,1.9118165409954881,3.849598626616304
89,2,independent_expert,none,independent_expert,0.35,test,deada969b6242f1402bc318bbb6f5ff82d02fe5289eeca431eef740cafe7f2ab,0.7629842288756604,0.6422244094488189,0.6311171527434504,independent_expert,ff35c8455029c95fce643ee6d779a4c8f7896375bc7d46be81b486e839489bfc,f2efc17e99d046556ad978e47d5ece79082443e75b076bdd6426f03ff6a3ace6,ff35c8455029c95fce643ee6d779a4c8f7896375bc7d46be81b486e839489bfc,f2efc17e99d046556ad978e47d5ece79082443e75b076bdd6426f03ff6a3ace6,850e1933b76387a65c22100d1bf4a4e5392b63fef890b189b56f32b52e27f099,5437d6bf9773aa31ecde09af7dc708a108dc907110dacf10593b3eb259f25c55,1.9118165409954881,3.849598626616304
89,2,independent_expert,none,independent_expert,0.7,test,deada969b6242f1402bc318bbb6f5ff82d02fe5289eeca431eef740cafe7f2ab,0.9033961831595632,0.49803149606299213,0.4966162175464501,independent_expert,ff35c8455029c95fce643ee6d779a4c8f7896375bc7d46be81b486e839489bfc,2c63ab51c63f29a433541e506df23b8bd42c9bde748ce55ff39851eb2dd99071,ff35c8455029c95fce643ee6d779a4c8f7896375bc7d46be81b486e839489bfc,2c63ab51c63f29a433541e506df23b8bd42c9bde748ce55ff39851eb2dd99071,168a6cb56d8f17c2d7775c3c0a9f9f3d26d964d839d65f240d6b796e24e36c53,5437d6bf9773aa31ecde09af7dc708a108dc907110dacf10593b3eb259f25c55,1.9118165409954881,3.849598626616304
89,2,independent_expert,none,independent_expert,1.0,test,deada969b6242f1402bc318bbb6f5ff82d02fe5289eeca431eef740cafe7f2ab,1.4163448960797633,0.4731791338582677,0.4801132865410664,independent_expert,ff35c8455029c95fce643ee6d779a4c8f7896375bc7d46be81b486e839489bfc,f511f9a63a219cbc7e0892c582ded8f0338468e6eb5f737174d6a348d6c9aecb,ff35c8455029c95fce643ee6d779a4c8f7896375bc7d46be81b486e839489bfc,f511f9a63a219cbc7e0892c582ded8f0338468e6eb5f737174d6a348d6c9aecb,f085e77dd0aafd80864691f74cf55b2bb7d0561b4c0dc5e5abf6076c37d1d8fa,5437d6bf9773aa31ecde09af7dc708a108dc907110dacf10593b3eb259f25c55,1.9118165409954881,3.849598626616304
107,2,identity,none,identity,0.35,test,41bdf39167461d22a02514f304364e8e4f6eb3b2259f95aa5e4712b15e2f3baf,1.2302396859197087,0.9812992125984252,0.8827509842519685,identity,890b9f29bd5066ad8e40f13e9e59cb0546b3e2497d8d7c1370e129655ca4f002,1080a7fa5c3cd76dbbe95bd708d17b51debfdf282ec27f2618f824e6a8e86d18,890b9f29bd5066ad8e40f13e9e59cb0546b3e2497d8d7c1370e129655ca4f002,1080a7fa5c3cd76dbbe95bd708d17b51debfdf282ec27f2618f824e6a8e86d18,edf8aca8a26a139d1124f162816fd76868ffbbe7d9636d6d44af45875106dcb3,6864bc8091b66ea697f7b6769c09e2aed9a97da5fcc97781009c54288ab79b2c,2.694775536519152,5.063018601578185
107,2,identity,none,identity,0.7,test,41bdf39167461d22a02514f304364e8e4f6eb3b2259f95aa5e4712b15e2f3baf,0.6938160031527063,0.969119094488189,0.8693405511811023,identity,890b9f29bd5066ad8e40f13e9e59cb0546b3e2497d8d7c1370e129655ca4f002,b50c3084ebe4315a03dc428e7d9ddf32a370d5bde6a3c03dfad57c5e15336871,890b9f29bd5066ad8e40f13e9e59cb0546b3e2497d8d7c1370e129655ca4f002,b50c3084ebe4315a03dc428e7d9ddf32a370d5bde6a3c03dfad57c5e15336871,9d2cbab276ed8e5db807dae4957bcd90d27585afa986e064650b2d281b057d70,6864bc8091b66ea697f7b6769c09e2aed9a97da5fcc97781009c54288ab79b2c,2.694775536519152,5.063018601578185
107,2,identity,none,identity,1.0,test,41bdf39167461d22a02514f304364e8e4f6eb3b2259f95aa5e4712b15e2f3baf,0.7238347884897964,0.9867125984251969,0.9340551181102362,identity,890b9f29bd5066ad8e40f13e9e59cb0546b3e2497d8d7c1370e129655ca4f002,a87334ea74e98ff3b93157123a11877ebbd9304a6a2bc6176fe85042e9a0213c,890b9f29bd5066ad8e40f13e9e59cb0546b3e2497d8d7c1370e129655ca4f002,a87334ea74e98ff3b93157123a11877ebbd9304a6a2bc6176fe85042e9a0213c,48439ff538060f57495746ab68d9ad952976586203917bd2c06910945e67155c,6864bc8091b66ea697f7b6769c09e2aed9a97da5fcc97781009c54288ab79b2c,2.694775536519152,5.063018601578185
107,2,identity,identity_label_permutation,identity_label_permutation,0.35,test,6b2de4e54c065c3bcdb1f420444475089dd83e4a3625f1fd28baebe649acd1df,1.3039601695489091,0.5271899606299213,0.5487204724409449,identity,890b9f29bd5066ad8e40f13e9e59cb0546b3e2497d8d7c1370e129655ca4f002,1080a7fa5c3cd76dbbe95bd708d17b51debfdf282ec27f2618f824e6a8e86d18,890b9f29bd5066ad8e40f13e9e59cb0546b3e2497d8d7c1370e129655ca4f002,1080a7fa5c3cd76dbbe95bd708d17b51debfdf282ec27f2618f824e6a8e86d18,edf8aca8a26a139d1124f162816fd76868ffbbe7d9636d6d44af45875106dcb3,6864bc8091b66ea697f7b6769c09e2aed9a97da5fcc97781009c54288ab79b2c,2.694775536519152,5.063018601578185
107,2,identity,identity_label_permutation,identity_label_permutation,0.7,test,6b2de4e54c065c3bcdb1f420444475089dd83e4a3625f1fd28baebe649acd1df,1.4255618784995991,0.5455216535433071,0.5658827920865995,identity,890b9f29bd5066ad8e40f13e9e59cb0546b3e2497d8d7c1370e129655ca4f002,b50c3084ebe4315a03dc428e7d9ddf32a370d5bde6a3c03dfad57c5e15336871,890b9f29bd5066ad8e40f13e9e59cb0546b3e2497d8d7c1370e129655ca4f002,b50c3084ebe4315a03dc428e7d9ddf32a370d5bde6a3c03dfad57c5e15336871,9d2cbab276ed8e5db807dae4957bcd90d27585afa986e064650b2d281b057d70,6864bc8091b66ea697f7b6769c09e2aed9a97da5fcc97781009c54288ab79b2c,2.694775536519152,5.063018601578185
107,2,identity,identity_label_permutation,identity_label_permutation,1.0,test,6b2de4e54c065c3bcdb1f420444475089dd83e4a3625f1fd28baebe649acd1df,1.4650615114063203,0.483759842519685,0.4944754810676598,identity,890b9f29bd5066ad8e40f13e9e59cb0546b3e2497d8d7c1370e129655ca4f002,a87334ea74e98ff3b93157123a11877ebbd9304a6a2bc6176fe85042e9a0213c,890b9f29bd5066ad8e40f13e9e59cb0546b3e2497d8d7c1370e129655ca4f002,a87334ea74e98ff3b93157123a11877ebbd9304a6a2bc6176fe85042e9a0213c,48439ff538060f57495746ab68d9ad952976586203917bd2c06910945e67155c,6864bc8091b66ea697f7b6769c09e2aed9a97da5fcc97781009c54288ab79b2c,2.694775536519152,5.063018601578185
107,2,output_affine,none,output_affine,0.35,test,41bdf39167461d22a02514f304364e8e4f6eb3b2259f95aa5e4712b15e2f3baf,5.533084012129563,0.9812992125984252,0.8827509842519685,output_affine,890b9f29bd5066ad8e40f13e9e59cb0546b3e2497d8d7c1370e129655ca4f002,1080a7fa5c3cd76dbbe95bd708d17b51debfdf282ec27f2618f824e6a8e86d18,890b9f29bd5066ad8e40f13e9e59cb0546b3e2497d8d7c1370e129655ca4f002,1080a7fa5c3cd76dbbe95bd708d17b51debfdf282ec27f2618f824e6a8e86d18,02af9b2d8ba1b9a504bdaf4c571cbd5905a7e9823664f35ad56ea9dd5e12088c,6864bc8091b66ea697f7b6769c09e2aed9a97da5fcc97781009c54288ab79b2c,2.694775536519152,5.063018601578185
107,2,output_affine,none,output_affine,0.7,test,41bdf39167461d22a02514f304364e8e4f6eb3b2259f95aa5e4712b15e2f3baf,5.304079968842886,0.969119094488189,0.8693405511811023,output_affine,890b9f29bd5066ad8e40f13e9e59cb0546b3e2497d8d7c1370e129655ca4f002,b50c3084ebe4315a03dc428e7d9ddf32a370d5bde6a3c03dfad57c5e15336871,890b9f29bd5066ad8e40f13e9e59cb0546b3e2497d8d7c1370e129655ca4f002,b50c3084ebe4315a03dc428e7d9ddf32a370d5bde6a3c03dfad57c5e15336871,be5a581892b2f1d15b305cc8dfa14b2a6f9617fd7c3fd3c5ba26538ceca67fc8,6864bc8091b66ea697f7b6769c09e2aed9a97da5fcc97781009c54288ab79b2c,2.694775536519152,5.063018601578185
107,2,output_affine,none,output_affine,1.0,test,41bdf39167461d22a02514f304364e8e4f6eb3b2259f95aa5e4712b15e2f3baf,4.946735363157199,0.9867125984251969,0.9340551181102362,output_affine,890b9f29bd5066ad8e40f13e9e59cb0546b3e2497d8d7c1370e129655ca4f002,a87334ea74e98ff3b93157123a11877ebbd9304a6a2bc6176fe85042e9a0213c,890b9f29bd5066ad8e40f13e9e59cb0546b3e2497d8d7c1370e129655ca4f002,a87334ea74e98ff3b93157123a11877ebbd9304a6a2bc6176fe85042e9a0213c,05a9eb01ad19364b88c813818a2142574347e767fd21008b20fdb0e64bc6755d,6864bc8091b66ea697f7b6769c09e2aed9a97da5fcc97781009c54288ab79b2c,2.694775536519152,5.063018601578185
107,2,scale_0.7,none,scale_0.7,0.35,test,41bdf39167461d22a02514f304364e8e4f6eb3b2259f95aa5e4712b15e2f3baf,1.432513048313661,0.9915108267716536,0.8827509842519685,scale_0.7,09ff96a9e2e0aba71d346a1078d745675b27e616d8d21f3c0aba8c42acc5cd95,5b9a305c4d69de284ecab269284368dbeb287bc998011c6bbbd57c222a54e818,890b9f29bd5066ad8e40f13e9e59cb0546b3e2497d8d7c1370e129655ca4f002,1080a7fa5c3cd76dbbe95bd708d17b51debfdf282ec27f2618f824e6a8e86d18,66f4c3b2b1bf96e79a2f7005580fd8717fda945a70b19b63f12445453177994d,6864bc8091b66ea697f7b6769c09e2aed9a97da5fcc97781009c54288ab79b2c,2.694775536519152,5.063018601578185
107,2,scale_0.7,none,scale_0.7,0.7,test,41bdf39167461d22a02514f304364e8e4f6eb3b2259f95aa5e4712b15e2f3baf,1.0084107504582598,0.9953248031496063,0.9562007874015748,scale_0.7,09ff96a9e2e0aba71d346a1078d745675b27e616d8d21f3c0aba8c42acc5cd95,cfad25e2601112c0e0cabae32eedf96655a5332aa1b143c70f74a6fd02729e3c,890b9f29bd5066ad8e40f13e9e59cb0546b3e2497d8d7c1370e129655ca4f002,b50c3084ebe4315a03dc428e7d9ddf32a370d5bde6a3c03dfad57c5e15336871,20e07e96cd6ca0504a0df06e650e9cb7fcf2e135631289a93848c60e957a8ba7,6864bc8091b66ea697f7b6769c09e2aed9a97da5fcc97781009c54288ab79b2c,2.694775536519152,5.063018601578185
107,2,scale_0.7,none,scale_0.7,1.0,test,41bdf39167461d22a02514f304364e8e4f6eb3b2259f95aa5e4712b15e2f3baf,0.6938160031527063,0.969119094488189,0.8693405511811023,scale_0.7,09ff96a9e2e0aba71d346a1078d745675b27e616d8d21f3c0aba8c42acc5cd95,b50c3084ebe4315a03dc428e7d9ddf32a370d5bde6a3c03dfad57c5e15336871,890b9f29bd5066ad8e40f13e9e59cb0546b3e2497d8d7c1370e129655ca4f002,a87334ea74e98ff3b93157123a11877ebbd9304a6a2bc6176fe85042e9a0213c,b5ae90dc8ff353f332bc7451d4757a68d2a6964c4f49ec6d629bfe0674238794,6864bc8091b66ea697f7b6769c09e2aed9a97da5fcc97781009c54288ab79b2c,2.694775536519152,5.063018601578185
107,2,scale_1.5,none,scale_1.5,0.35,test,41bdf39167461d22a02514f304364e8e4f6eb3b2259f95aa5e4712b15e2f3baf,0.9610141736995512,0.9955708661417323,0.9612450787401575,scale_1.5,c9e1e183f04aae78e9b472e19632fa864caf0f21c807ced0d35631d43d0c4233,72db4b81c79a1b6cc951150f0078346e5434811f24fb54c8975dbe7ff4f3a308,890b9f29bd5066ad8e40f13e9e59cb0546b3e2497d8d7c1370e129655ca4f002,1080a7fa5c3cd76dbbe95bd708d17b51debfdf282ec27f2618f824e6a8e86d18,af49bbcb88a2bff55730f5f5b2c0204fe0432156f6f8e11b5bddccef0e0432aa,6864bc8091b66ea697f7b6769c09e2aed9a97da5fcc97781009c54288ab79b2c,2.694775536519152,5.063018601578185
107,2,scale_1.5,none,scale_1.5,0.7,test,41bdf39167461d22a02514f304364e8e4f6eb3b2259f95aa5e4712b15e2f3baf,0.8456016156009262,0.9643208661417323,0.9247047244094488,scale_1.5,c9e1e183f04aae78e9b472e19632fa864caf0f21c807ced0d35631d43d0c4233,993151881cf1e1a1c1edac013618b868eb9b22a2b0b9212062ef0be4575b9547,890b9f29bd5066ad8e40f13e9e59cb0546b3e2497d8d7c1370e129655ca4f002,b50c3084ebe4315a03dc428e7d9ddf32a370d5bde6a3c03dfad57c5e15336871,a61b5a8175772d51cbd56b45a6b3ae4274ba12d9923fb4cc2e106383611cf637,6864bc8091b66ea697f7b6769c09e2aed9a97da5fcc97781009c54288ab79b2c,2.694775536519152,5.063018601578185
107,2,scale_1.5,none,scale_1.5,1.0,test,41bdf39167461d22a02514f304364e8e4f6eb3b2259f95aa5e4712b15e2f3baf,0.9124814728104571,0.8063484251968503,0.6188484251968503,scale_1.5,c9e1e183f04aae78e9b472e19632fa864caf0f21c807ced0d35631d43d0c4233,6b4a0c4a3fed3ffcf78d6b110c5494203197fa10d972eed9e96cb8604fd64643,890b9f29bd5066ad8e40f13e9e59cb0546b3e2497d8d7c1370e129655ca4f002,a87334ea74e98ff3b93157123a11877ebbd9304a6a2bc6176fe85042e9a0213c,f73752bfcb3b3ce4c84394da52c1a00a41c79e11b2d7eb8502daaac13a58a6c6,6864bc8091b66ea697f7b6769c09e2aed9a97da5fcc97781009c54288ab79b2c,2.694775536519152,5.063018601578185
107,2,rotate_45,none,rotate_45,0.35,test,41bdf39167461d22a02514f304364e8e4f6eb3b2259f95aa5e4712b15e2f3baf,1.2234995657598606,0.9833907480314961,0.8564222440944882,rotate_45,b6a8ada548423bd40faea51f998c960970f6eab9bea967a2d48d025db88c0dd9,bc3d2bf2988e3bb57c3ebc9decbccab25113dc2293c5d8a2ae08d9553e725d2b,890b9f29bd5066ad8e40f13e9e59cb0546b3e2497d8d7c1370e129655ca4f002,1080a7fa5c3cd76dbbe95bd708d17b51debfdf282ec27f2618f824e6a8e86d18,77fc000bf1c865a074e6d1497418a695ee8cba3d760e4f6b5d179a8579124736,6864bc8091b66ea697f7b6769c09e2aed9a97da5fcc97781009c54288ab79b2c,2.694775536519152,5.063018601578185
107,2,rotate_45,none,rotate_45,0.7,test,41bdf39167461d22a02514f304364e8e4f6eb3b2259f95aa5e4712b15e2f3baf,0.6768648569597221,0.9596456692913385,0.8700787401574803,rotate_45,b6a8ada548423bd40faea51f998c960970f6eab9bea967a2d48d025db88c0dd9,8e638952fbcd2a1469241d3b1ffe125dab43e613bba79515227f7bdedb31376d,890b9f29bd5066ad8e40f13e9e59cb0546b3e2497d8d7c1370e129655ca4f002,b50c3084ebe4315a03dc428e7d9ddf32a370d5bde6a3c03dfad57c5e15336871,494a425ee2e15b1ad9467ec2ebb28a9ce18c53ca0ed83840de339a6c9238817b,6864bc8091b66ea697f7b6769c09e2aed9a97da5fcc97781009c54288ab79b2c,2.694775536519152,5.063018601578185
107,2,rotate_45,none,rotate_45,1.0,test,41bdf39167461d22a02514f304364e8e4f6eb3b2259f95aa5e4712b15e2f3baf,0.6809879589108577,0.9853592519685039,0.9302411417322834,rotate_45,b6a8ada548423bd40faea51f998c960970f6eab9bea967a2d48d025db88c0dd9,83e45f28f377199bf73a189edcd7a1a439f7fba98bf5f0806d79fec712b19a21,890b9f29bd5066ad8e40f13e9e59cb0546b3e2497d8d7c1370e129655ca4f002,a87334ea74e98ff3b93157123a11877ebbd9304a6a2bc6176fe85042e9a0213c,d12f240bfc1fe4ad1f84cc89afeaa7527eb642b60590c49a7854bd464bc1e57c,6864bc8091b66ea697f7b6769c09e2aed9a97da5fcc97781009c54288ab79b2c,2.694775536519152,5.063018601578185
107,2,roughness,none,roughness,0.35,test,41bdf39167461d22a02514f304364e8e4f6eb3b2259f95aa5e4712b15e2f3baf,1.4777907101695589,0.46333661417322836,0.468626968503937,roughness,890b9f29bd5066ad8e40f13e9e59cb0546b3e2497d8d7c1370e129655ca4f002,1080a7fa5c3cd76dbbe95bd708d17b51debfdf282ec27f2618f824e6a8e86d18,890b9f29bd5066ad8e40f13e9e59cb0546b3e2497d8d7c1370e129655ca4f002,1080a7fa5c3cd76dbbe95bd708d17b51debfdf282ec27f2618f824e6a8e86d18,ea991991636510858bfd13c4409da3fdf53468b17c83f6d4b5c10294ad261748,6864bc8091b66ea697f7b6769c09e2aed9a97da5fcc97781009c54288ab79b2c,2.694775536519152,5.063018601578185
107,2,roughness,none,roughness,0.7,test,41bdf39167461d22a02514f304364e8e4f6eb3b2259f95aa5e4712b15e2f3baf,1.11748215062725,0.7069389763779528,0.6300442913385826,roughness,890b9f29bd5066ad8e40f13e9e59cb0546b3e2497d8d7c1370e129655ca4f002,b50c3084ebe4315a03dc428e7d9ddf32a370d5bde6a3c03dfad57c5e15336871,890b9f29bd5066ad8e40f13e9e59cb0546b3e2497d8d7c1370e129655ca4f002,b50c3084ebe4315a03dc428e7d9ddf32a370d5bde6a3c03dfad57c5e15336871,2af1606ec1e7b96e78ae8a752ebacda280b357e90e827f6967f57747e9691b2f,6864bc8091b66ea697f7b6769c09e2aed9a97da5fcc97781009c54288ab79b2c,2.694775536519152,5.063018601578185
107,2,roughness,none,roughness,1.0,test,41bdf39167461d22a02514f304364e8e4f6eb3b2259f95aa5e4712b15e2f3baf,0.7661804343627094,0.7078001968503937,0.7080462598425197,roughness,890b9f29bd5066ad8e40f13e9e59cb0546b3e2497d8d7c1370e129655ca4f002,a87334ea74e98ff3b93157123a11877ebbd9304a6a2bc6176fe85042e9a0213c,890b9f29bd5066ad8e40f13e9e59cb0546b3e2497d8d7c1370e129655ca4f002,a87334ea74e98ff3b93157123a11877ebbd9304a6a2bc6176fe85042e9a0213c,0d212ac4db01e1de586876b004389def5c270bd887154c6062e56050b19ffefd,6864bc8091b66ea697f7b6769c09e2aed9a97da5fcc97781009c54288ab79b2c,2.694775536519152,5.063018601578185
107,2,reversal,none,reversal,0.35,test,41bdf39167461d22a02514f304364e8e4f6eb3b2259f95aa5e4712b15e2f3baf,0.849174651856812,0.018700787401574805,0.1172490157480315,reversal,890b9f29bd5066ad8e40f13e9e59cb0546b3e2497d8d7c1370e129655ca4f002,1080a7fa5c3cd76dbbe95bd708d17b51debfdf282ec27f2618f824e6a8e86d18,890b9f29bd5066ad8e40f13e9e59cb0546b3e2497d8d7c1370e129655ca4f002,1080a7fa5c3cd76dbbe95bd708d17b51debfdf282ec27f2618f824e6a8e86d18,00478f650f686e1d9b6c853aeb8ead67120104c592709a219600b9cb335547b0,6864bc8091b66ea697f7b6769c09e2aed9a97da5fcc97781009c54288ab79b2c,2.694775536519152,5.063018601578185
107,2,reversal,none,reversal,0.7,test,41bdf39167461d22a02514f304364e8e4f6eb3b2259f95aa5e4712b15e2f3baf,0.43127756308783666,0.030880905511811024,0.13065944881889763,reversal,890b9f29bd5066ad8e40f13e9e59cb0546b3e2497d8d7c1370e129655ca4f002,b50c3084ebe4315a03dc428e7d9ddf32a370d5bde6a3c03dfad57c5e15336871,890b9f29bd5066ad8e40f13e9e59cb0546b3e2497d8d7c1370e129655ca4f002,b50c3084ebe4315a03dc428e7d9ddf32a370d5bde6a3c03dfad57c5e15336871,2a834311511e21a416e8e48dcffb62d6a26a605912f522f6f6f6a9b69d9298ad,6864bc8091b66ea697f7b6769c09e2aed9a97da5fcc97781009c54288ab79b2c,2.694775536519152,5.063018601578185
107,2,reversal,none,reversal,1.0,test,41bdf39167461d22a02514f304364e8e4f6eb3b2259f95aa5e4712b15e2f3baf,2.203523104330993,0.01328740157480315,0.06594488188976377,reversal,890b9f29bd5066ad8e40f13e9e59cb0546b3e2497d8d7c1370e129655ca4f002,a87334ea74e98ff3b93157123a11877ebbd9304a6a2bc6176fe85042e9a0213c,890b9f29bd5066ad8e40f13e9e59cb0546b3e2497d8d7c1370e129655ca4f002,a87334ea74e98ff3b93157123a11877ebbd9304a6a2bc6176fe85042e9a0213c,9704d21c4d381cf7815d8d9f37ef35f7ade3b12b38db3f0b30ec21568907178b,6864bc8091b66ea697f7b6769c09e2aed9a97da5fcc97781009c54288ab79b2c,2.694775536519152,5.063018601578185
107,2,independent_expert,none,independent_expert,0.35,test,af385c8b1a62554c4778186b2884603a86aca8b35c2743c4c6d3266c72488ccd,0.813576649336848,0.4879429133858268,0.48677706376668317,independent_expert,890b9f29bd5066ad8e40f13e9e59cb0546b3e2497d8d7c1370e129655ca4f002,1080a7fa5c3cd76dbbe95bd708d17b51debfdf282ec27f2618f824e6a8e86d18,890b9f29bd5066ad8e40f13e9e59cb0546b3e2497d8d7c1370e129655ca4f002,1080a7fa5c3cd76dbbe95bd708d17b51debfdf282ec27f2618f824e6a8e86d18,edf8aca8a26a139d1124f162816fd76868ffbbe7d9636d6d44af45875106dcb3,6864bc8091b66ea697f7b6769c09e2aed9a97da5fcc97781009c54288ab79b2c,2.694775536519152,5.063018601578185
107,2,independent_expert,none,independent_expert,0.7,test,af385c8b1a62554c4778186b2884603a86aca8b35c2743c4c6d3266c72488ccd,0.9126897018509719,0.4809301181102362,0.4870057888902574,independent_expert,890b9f29bd5066ad8e40f13e9e59cb0546b3e2497d8d7c1370e129655ca4f002,b50c3084ebe4315a03dc428e7d9ddf32a370d5bde6a3c03dfad57c5e15336871,890b9f29bd5066ad8e40f13e9e59cb0546b3e2497d8d7c1370e129655ca4f002,b50c3084ebe4315a03dc428e7d9ddf32a370d5bde6a3c03dfad57c5e15336871,9d2cbab276ed8e5db807dae4957bcd90d27585afa986e064650b2d281b057d70,6864bc8091b66ea697f7b6769c09e2aed9a97da5fcc97781009c54288ab79b2c,2.694775536519152,5.063018601578185
107,2,independent_expert,none,independent_expert,1.0,test,af385c8b1a62554c4778186b2884603a86aca8b35c2743c4c6d3266c72488ccd,1.1498196975778672,0.5669291338582677,0.5655121410082583,independent_expert,890b9f29bd5066ad8e40f13e9e59cb0546b3e2497d8d7c1370e129655ca4f002,a87334ea74e98ff3b93157123a11877ebbd9304a6a2bc6176fe85042e9a0213c,890b9f29bd5066ad8e40f13e9e59cb0546b3e2497d8d7c1370e129655ca4f002,a87334ea74e98ff3b93157123a11877ebbd9304a6a2bc6176fe85042e9a0213c,48439ff538060f57495746ab68d9ad952976586203917bd2c06910945e67155c,6864bc8091b66ea697f7b6769c09e2aed9a97da5fcc97781009c54288ab79b2c,2.694775536519152,5.063018601578185
131,2,identity,none,identity,0.35,test,d60c5817b9278dea0a26ec93b96539a38f55b3ca8c4aeca843577f991d044fc5,1.2322246506894607,0.9735482283464567,0.890871062992126,identity,23b4e1f4f45babc0dbe617efa3dc60a381eae697537c717c9f86b8377fd7e3cc,81e3688c295186d2f578d7ca6f32b326d9ca4e8d9527e491801f79ec54f9d79a,23b4e1f4f45babc0dbe617efa3dc60a381eae697537c717c9f86b8377fd7e3cc,81e3688c295186d2f578d7ca6f32b326d9ca4e8d9527e491801f79ec54f9d79a,2fd62fa626c7afb41122cd4a5ec707113bdde43d9689ac7feb56ee137b72c77d,281e45820868375d8b59ab809ed208a53e666e6cdf8d01f9f69801b21d642979,0.42556102889661207,2.861635429011238
131,2,identity,none,identity,0.7,test,d60c5817b9278dea0a26ec93b96539a38f55b3ca8c4aeca843577f991d044fc5,0.6483711198611944,0.9757627952755905,0.9165846456692913,identity,23b4e1f4f45babc0dbe617efa3dc60a381eae697537c717c9f86b8377fd7e3cc,396ab259651567d692df87c69d29b7955beba97bbe4f4d30fd8c8b5d2922632b,23b4e1f4f45babc0dbe617efa3dc60a381eae697537c717c9f86b8377fd7e3cc,396ab259651567d692df87c69d29b7955beba97bbe4f4d30fd8c8b5d2922632b,0e4094ecb4b0595bbda27b2308447c4beb0c6c805007d6fd77bb2eaf0feb1b1a,281e45820868375d8b59ab809ed208a53e666e6cdf8d01f9f69801b21d642979,0.42556102889661207,2.861635429011238
131,2,identity,none,identity,1.0,test,d60c5817b9278dea0a26ec93b96539a38f55b3ca8c4aeca843577f991d044fc5,0.8109684815437291,0.9830216535433071,0.9288877952755905,identity,23b4e1f4f45babc0dbe617efa3dc60a381eae697537c717c9f86b8377fd7e3cc,67fd0fe64eb401a1173567fcdc1c0e3d5de167668ed313f440d7be75dcaf1b00,23b4e1f4f45babc0dbe617efa3dc60a381eae697537c717c9f86b8377fd7e3cc,67fd0fe64eb401a1173567fcdc1c0e3d5de167668ed313f440d7be75dcaf1b00,ab6b13ac5e25618b082a0880d663c613ed2ce5e8a18bfc1a02ade1cb8a89301b,281e45820868375d8b59ab809ed208a53e666e6cdf8d01f9f69801b21d642979,0.42556102889661207,2.861635429011238
131,2,identity,identity_label_permutation,identity_label_permutation,0.35,test,872ea41715dc030651e00f4abf267702303fc5ea32b56aa0250d5dab2d553f4a,1.1071509601448704,0.3218503937007874,0.29584261321455085,identity,23b4e1f4f45babc0dbe617efa3dc60a381eae697537c717c9f86b8377fd7e3cc,81e3688c295186d2f578d7ca6f32b326d9ca4e8d9527e491801f79ec54f9d79a,23b4e1f4f45babc0dbe617efa3dc60a381eae697537c717c9f86b8377fd7e3cc,81e3688c295186d2f578d7ca6f32b326d9ca4e8d9527e491801f79ec54f9d79a,2fd62fa626c7afb41122cd4a5ec707113bdde43d9689ac7feb56ee137b72c77d,281e45820868375d8b59ab809ed208a53e666e6cdf8d01f9f69801b21d642979,0.42556102889661207,2.861635429011238
131,2,identity,identity_label_permutation,identity_label_permutation,0.7,test,872ea41715dc030651e00f4abf267702303fc5ea32b56aa0250d5dab2d553f4a,1.2699976613237383,0.5335875984251969,0.5947011706715958,identity,23b4e1f4f45babc0dbe617efa3dc60a381eae697537c717c9f86b8377fd7e3cc,396ab259651567d692df87c69d29b7955beba97bbe4f4d30fd8c8b5d2922632b,23b4e1f4f45babc0dbe617efa3dc60a381eae697537c717c9f86b8377fd7e3cc,396ab259651567d692df87c69d29b7955beba97bbe4f4d30fd8c8b5d2922632b,0e4094ecb4b0595bbda27b2308447c4beb0c6c805007d6fd77bb2eaf0feb1b1a,281e45820868375d8b59ab809ed208a53e666e6cdf8d01f9f69801b21d642979,0.42556102889661207,2.861635429011238
131,2,identity,identity_label_permutation,identity_label_permutation,1.0,test,872ea41715dc030651e00f4abf267702303fc5ea32b56aa0250d5dab2d553f4a,2.215078895384028,0.5863681102362205,0.5722717568755494,identity,23b4e1f4f45babc0dbe617efa3dc60a381eae697537c717c9f86b8377fd7e3cc,67fd0fe64eb401a1173567fcdc1c0e3d5de167668ed313f440d7be75dcaf1b00,23b4e1f4f45babc0dbe617efa3dc60a381eae697537c717c9f86b8377fd7e3cc,67fd0fe64eb401a1173567fcdc1c0e3d5de167668ed313f440d7be75dcaf1b00,ab6b13ac5e25618b082a0880d663c613ed2ce5e8a18bfc1a02ade1cb8a89301b,281e45820868375d8b59ab809ed208a53e666e6cdf8d01f9f69801b21d642979,0.42556102889661207,2.861635429011238
131,2,output_affine,none,output_affine,0.35,test,d60c5817b9278dea0a26ec93b96539a38f55b3ca8c4aeca843577f991d044fc5,5.53517618965411,0.9735482283464567,0.890871062992126,output_affine,23b4e1f4f45babc0dbe617efa3dc60a381eae697537c717c9f86b8377fd7e3cc,81e3688c295186d2f578d7ca6f32b326d9ca4e8d9527e491801f79ec54f9d79a,23b4e1f4f45babc0dbe617efa3dc60a381eae697537c717c9f86b8377fd7e3cc,81e3688c295186d2f578d7ca6f32b326d9ca4e8d9527e491801f79ec54f9d79a,988cc0b6d50699aa78b9c5b0f7a0370fdd6ae825e1072013947eddddbcb82be6,281e45820868375d8b59ab809ed208a53e666e6cdf8d01f9f69801b21d642979,0.42556102889661207,2.861635429011238
131,2,output_affine,none,output_affine,0.7,test,d60c5817b9278dea0a26ec93b96539a38f55b3ca8c4aeca843577f991d044fc5,5.258978071472339,0.9757627952755905,0.9165846456692913,output_affine,23b4e1f4f45babc0dbe617efa3dc60a381eae697537c717c9f86b8377fd7e3cc,396ab259651567d692df87c69d29b7955beba97bbe4f4d30fd8c8b5d2922632b,23b4e1f4f45babc0dbe617efa3dc60a381eae697537c717c9f86b8377fd7e3cc,396ab259651567d692df87c69d29b7955beba97bbe4f4d30fd8c8b5d2922632b,8d0b593033ac75f91e42d3ef9c3e786bc4176b60ce6c037309726fc7f1361b1d,281e45820868375d8b59ab809ed208a53e666e6cdf8d01f9f69801b21d642979,0.42556102889661207,2.861635429011238
131,2,output_affine,none,output_affine,1.0,test,d60c5817b9278dea0a26ec93b96539a38f55b3ca8c4aeca843577f991d044fc5,4.836493808507258,0.9830216535433071,0.9288877952755905,output_affine,23b4e1f4f45babc0dbe617efa3dc60a381eae697537c717c9f86b8377fd7e3cc,67fd0fe64eb401a1173567fcdc1c0e3d5de167668ed313f440d7be75dcaf1b00,23b4e1f4f45babc0dbe617efa3dc60a381eae697537c717c9f86b8377fd7e3cc,67fd0fe64eb401a1173567fcdc1c0e3d5de167668ed313f440d7be75dcaf1b00,d2432080a55b20e05f450117f2727a94b2e1b955432e445d843dacb844325763,281e45820868375d8b59ab809ed208a53e666e6cdf8d01f9f69801b21d642979,0.42556102889661207,2.861635429011238
131,2,scale_0.7,none,scale_0.7,0.35,test,d60c5817b9278dea0a26ec93b96539a38f55b3ca8c4aeca843577f991d044fc5,1.4521468241274984,0.9894192913385826,0.9093257874015748,scale_0.7,092a0337a0069bd91d03f8477c9d4b9ef3d57b94f9923f48fe1673ea0ce8636a,638c8c524587637165298a1b7408301c45d21d1a4c64b86dd6898f8bf36b4878,23b4e1f4f45babc0dbe617efa3dc60a381eae697537c717c9f86b8377fd7e3cc,81e3688c295186d2f578d7ca6f32b326d9ca4e8d9527e491801f79ec54f9d79a,3f3c249c3c929ebaa1e97bd75f47bf5f0544070b41e22a4ea335f9a71597dbc1,281e45820868375d8b59ab809ed208a53e666e6cdf8d01f9f69801b21d642979,0.42556102889661207,2.861635429011238
131,2,scale_0.7,none,scale_0.7,0.7,test,d60c5817b9278dea0a26ec93b96539a38f55b3ca8c4aeca843577f991d044fc5,0.9937077699224365,0.9858513779527559,0.9167076771653543,scale_0.7,092a0337a0069bd91d03f8477c9d4b9ef3d57b94f9923f48fe1673ea0ce8636a,2021184920a038fdfc94f69d17234098586f68f491213c3625b4e1f2a1cdd43d,23b4e1f4f45babc0dbe617efa3dc60a381eae697537c717c9f86b8377fd7e3cc,396ab259651567d692df87c69d29b7955beba97bbe4f4d30fd8c8b5d2922632b,67508520e32fa7c39494d181a4e7da2007cc188c044dd5a15c4faa4c216e2ede,281e45820868375d8b59ab809ed208a53e666e6cdf8d01f9f69801b21d642979,0.42556102889661207,2.861635429011238
131,2,scale_0.7,none,scale_0.7,1.0,test,d60c5817b9278dea0a26ec93b96539a38f55b3ca8c4aeca843577f991d044fc5,0.6483711198611944,0.9757627952755905,0.9165846456692913,scale_0.7,092a0337a0069bd91d03f8477c9d4b9ef3d57b94f9923f48fe1673ea0ce8636a,396ab259651567d692df87c69d29b7955beba97bbe4f4d30fd8c8b5d2922632b,23b4e1f4f45babc0dbe617efa3dc60a381eae697537c717c9f86b8377fd7e3cc,67fd0fe64eb401a1173567fcdc1c0e3d5de167668ed313f440d7be75dcaf1b00,4e9aedc8a65fff3798682db840b373006acbb038f10a55963913c336dc62f628,281e45820868375d8b59ab809ed208a53e666e6cdf8d01f9f69801b21d642979,0.42556102889661207,2.861635429011238
131,2,scale_1.5,none,scale_1.5,0.35,test,d60c5817b9278dea0a26ec93b96539a38f55b3ca8c4aeca843577f991d044fc5,0.9419953234484972,0.9858513779527559,0.9365157480314961,scale_1.5,cfa0464ecaa301bdc9f229ddff4a1a11a5888efa48955be16579343344796eee,3815a0ae96af1efd04f45e87e5723e1055b2820a1df9dbebe6008c8bebd105de,23b4e1f4f45babc0dbe617efa3dc60a381eae697537c717c9f86b8377fd7e3cc,81e3688c295186d2f578d7ca6f32b326d9ca4e8d9527e491801f79ec54f9d79a,8e13016e62e5c29db900d08faf30c6a20300a33bbac619951441320d1ce80144,281e45820868375d8b59ab809ed208a53e666e6cdf8d01f9f69801b21d642979,0.42556102889661207,2.861635429011238
131,2,scale_1.5,none,scale_1.5,0.7,test,d60c5817b9278dea0a26ec93b96539a38f55b3ca8c4aeca843577f991d044fc5,0.9671432208799582,0.9600147637795275,0.9159694881889764,scale_1.5,cfa0464ecaa301bdc9f229ddff4a1a11a5888efa48955be16579343344796eee,65699bfe8099ff4c0205844c419c1a44d45f9847d4da510e80488955b640a649,23b4e1f4f45babc0dbe617efa3dc60a381eae697537c717c9f86b8377fd7e3cc,396ab259651567d692df87c69d29b7955beba97bbe4f4d30fd8c8b5d2922632b,674afb9f8cd8564327a644223e3c071bf0bf4e2e2ea5acda9d2cbb842ed44ab9,281e45820868375d8b59ab809ed208a53e666e6cdf8d01f9f69801b21d642979,0.42556102889661207,2.861635429011238
131,2,scale_1.5,none,scale_1.5,1.0,test,d60c5817b9278dea0a26ec93b96539a38f55b3ca8c4aeca843577f991d044fc5,0.8741822240057816,0.828248031496063,0.687992125984252,scale_1.5,cfa0464ecaa301bdc9f229ddff4a1a11a5888efa48955be16579343344796eee,9a1cf03878bcb4e1d446ddd7f5b118618c854175699ee87028ddaf685b5bb632,23b4e1f4f45babc0dbe617efa3dc60a381eae697537c717c9f86b8377fd7e3cc,67fd0fe64eb401a1173567fcdc1c0e3d5de167668ed313f440d7be75dcaf1b00,f72dd8de1480b89eb96310cd837f2657f45e18ee2336fdce10a804c77efd965c,281e45820868375d8b59ab809ed208a53e666e6cdf8d01f9f69801b21d642979,0.42556102889661207,2.861635429011238
131,2,rotate_45,none,rotate_45,0.35,test,d60c5817b9278dea0a26ec93b96539a38f55b3ca8c4aeca843577f991d044fc5,1.2334968821412406,0.9719488188976378,0.8863188976377953,rotate_45,ebfa02ac689bf5e1901cd780baa619a627fce00c23c4ecbe21e0dfe86dc9f315,d8bd5d8e0882cf10e9e40f85ffdef8dd85978df39a5f2e8f147d9c8f3256d897,23b4e1f4f45babc0dbe617efa3dc60a381eae697537c717c9f86b8377fd7e3cc,81e3688c295186d2f578d7ca6f32b326d9ca4e8d9527e491801f79ec54f9d79a,8c0dbc4aa89d04e3578e195209ce1532e8a89d6e291574134c75265114bc4791,281e45820868375d8b59ab809ed208a53e666e6cdf8d01f9f69801b21d642979,0.42556102889661207,2.861635429011238
131,2,rotate_45,none,rotate_45,0.7,test,d60c5817b9278dea0a26ec93b96539a38f55b3ca8c4aeca843577f991d044fc5,0.6558131274431446,0.9772391732283464,0.9286417322834646,rotate_45,ebfa02ac689bf5e1901cd780baa619a627fce00c23c4ecbe21e0dfe86dc9f315,6e66a67d1929777014b8a3668267b07ce09a7a63891b468816bf6d6ab12925dd,23b4e1f4f45babc0dbe617efa3dc60a381eae697537c717c9f86b8377fd7e3cc,396ab259651567d692df87c69d29b7955beba97bbe4f4d30fd8c8b5d2922632b,04c0b8fc83930fe5c0ce21f182cb377d4acf63ab152a0b6f2531ed5be4757aef,281e45820868375d8b59ab809ed208a53e666e6cdf8d01f9f69801b21d642979,0.42556102889661207,2.861635429011238
131,2,rotate_45,none,rotate_45,1.0,test,d60c5817b9278dea0a26ec93b96539a38f55b3ca8c4aeca843577f991d044fc5,0.7675291002999871,0.9830216535433071,0.9051427165354331,rotate_45,ebfa02ac689bf5e1901cd780baa619a627fce00c23c4ecbe21e0dfe86dc9f315,a1df282a895a2753a9e3dcc0163443bdba0103a9f31dbf93c4dd21bc182b087a,23b4e1f4f45babc0dbe617efa3dc60a381eae697537c717c9f86b8377fd7e3cc,67fd0fe64eb401a1173567fcdc1c0e3d5de167668ed313f440d7be75dcaf1b00,de8eb918024b1dbbc4f5cc97629425425c805a6f615f35854c508013dff43910,281e45820868375d8b59ab809ed208a53e666e6cdf8d01f9f69801b21d642979,0.42556102889661207,2.861635429011238
131,2,roughness,none,roughness,0.35,test,d60c5817b9278dea0a26ec93b96539a38f55b3ca8c4aeca843577f991d044fc5,1.4952946979512527,0.4356545275590551,0.4130167322834646,roughness,23b4e1f4f45babc0dbe617efa3dc60a381eae697537c717c9f86b8377fd7e3cc,81e3688c295186d2f578d7ca6f32b326d9ca4e8d9527e491801f79ec54f9d79a,23b4e1f4f45babc0dbe617efa3dc60a381eae697537c717c9f86b8377fd7e3cc,81e3688c295186d2f578d7ca6f32b326d9ca4e8d9527e491801f79ec54f9d79a,6f7970cbf44090e981bb83c1ff94e5bdc69aabcdc76d85a637929533a23da776,281e45820868375d8b59ab809ed208a53e666e6cdf8d01f9f69801b21d642979,0.42556102889661207,2.861635429011238
131,2,roughness,none,roughness,0.7,test,d60c5817b9278dea0a26ec93b96539a38f55b3ca8c4aeca843577f991d044fc5,1.0404415380370344,0.7173966535433071,0.6929133858267716,roughness,23b4e1f4f45babc0dbe617efa3dc60a381eae697537c717c9f86b8377fd7e3cc,396ab259651567d692df87c69d29b7955beba97bbe4f4d30fd8c8b5d2922632b,23b4e1f4f45babc0dbe617efa3dc60a381eae697537c717c9f86b8377fd7e3cc,396ab259651567d692df87c69d29b7955beba97bbe4f4d30fd8c8b5d2922632b,9bae6d680e24ac04b2f52ab3b8b98baa92f74fce2dbfc9b8167fc4cdabecacc9,281e45820868375d8b59ab809ed208a53e666e6cdf8d01f9f69801b21d642979,0.42556102889661207,2.861635429011238
131,2,roughness,none,roughness,1.0,test,d60c5817b9278dea0a26ec93b96539a38f55b3ca8c4aeca843577f991d044fc5,0.7846248192853993,0.7744832677165354,0.7333907480314961,roughness,23b4e1f4f45babc0dbe617efa3dc60a381eae697537c717c9f86b8377fd7e3cc,67fd0fe64eb401a1173567fcdc1c0e3d5de167668ed313f440d7be75dcaf1b00,23b4e1f4f45babc0dbe617efa3dc60a381eae697537c717c9f86b8377fd7e3cc,67fd0fe64eb401a1173567fcdc1c0e3d5de167668ed313f440d7be75dcaf1b00,ad2c5ddd08ee20ef3dbc4335e115bfc1d80ee7ddba833a6c97c1b9f84e256a23,281e45820868375d8b59ab809ed208a53e666e6cdf8d01f9f69801b21d642979,0.42556102889661207,2.861635429011238
131,2,reversal,none,reversal,0.35,test,d60c5817b9278dea0a26ec93b96539a38f55b3ca8c4aeca843577f991d044fc5,0.8507534881576305,0.02645177165354331,0.10912893700787402,reversal,23b4e1f4f45babc0dbe617efa3dc60a381eae697537c717c9f86b8377fd7e3cc,81e3688c295186d2f578d7ca6f32b326d9ca4e8d9527e491801f79ec54f9d79a,23b4e1f4f45babc0dbe617efa3dc60a381eae697537c717c9f86b8377fd7e3cc,81e3688c295186d2f578d7ca6f32b326d9ca4e8d9527e491801f79ec54f9d79a,4d2c3eb467a652566c9133c2e4184ef7c6e35af772861bffe4329f10f354ca8f,281e45820868375d8b59ab809ed208a53e666e6cdf8d01f9f69801b21d642979,0.42556102889661207,2.861635429011238
131,2,reversal,none,reversal,0.7,test,d60c5817b9278dea0a26ec93b96539a38f55b3ca8c4aeca843577f991d044fc5,0.45506170729470385,0.024237204724409447,0.08341535433070867,reversal,23b4e1f4f45babc0dbe617efa3dc60a381eae697537c717c9f86b8377fd7e3cc,396ab259651567d692df87c69d29b7955beba97bbe4f4d30fd8c8b5d2922632b,23b4e1f4f45babc0dbe617efa3dc60a381eae697537c717c9f86b8377fd7e3cc,396ab259651567d692df87c69d29b7955beba97bbe4f4d30fd8c8b5d2922632b,6f0cb5c298158142d4fdf16582735c8de8f457f0c6969673def9eaa67b8645f7,281e45820868375d8b59ab809ed208a53e666e6cdf8d01f9f69801b21d642979,0.42556102889661207,2.861635429011238
131,2,reversal,none,reversal,1.0,test,d60c5817b9278dea0a26ec93b96539a38f55b3ca8c4aeca843577f991d044fc5,2.334824771434446,0.016978346456692914,0.07111220472440945,reversal,23b4e1f4f45babc0dbe617efa3dc60a381eae697537c717c9f86b8377fd7e3cc,67fd0fe64eb401a1173567fcdc1c0e3d5de167668ed313f440d7be75dcaf1b00,23b4e1f4f45babc0dbe617efa3dc60a381eae697537c717c9f86b8377fd7e3cc,67fd0fe64eb401a1173567fcdc1c0e3d5de167668ed313f440d7be75dcaf1b00,e011ab0a5139306718203f2864395c90da83c193306a1dcef31020f39b7256b7,281e45820868375d8b59ab809ed208a53e666e6cdf8d01f9f69801b21d642979,0.42556102889661207,2.861635429011238
131,2,independent_expert,none,independent_expert,0.35,test,6b5878d55a724f183ba17ba04834473dc8759b6da346701d13f885e6837cc469,0.9516199043460715,0.5061515748031497,0.5107116473774932,independent_expert,23b4e1f4f45babc0dbe617efa3dc60a381eae697537c717c9f86b8377fd7e3cc,81e3688c295186d2f578d7ca6f32b326d9ca4e8d9527e491801f79ec54f9d79a,23b4e1f4f45babc0dbe617efa3dc60a381eae697537c717c9f86b8377fd7e3cc,81e3688c295186d2f578d7ca6f32b326d9ca4e8d9527e491801f79ec54f9d79a,2fd62fa626c7afb41122cd4a5ec707113bdde43d9689ac7feb56ee137b72c77d,281e45820868375d8b59ab809ed208a53e666e6cdf8d01f9f69801b21d642979,0.42556102889661207,2.861635429011238
131,2,independent_expert,none,independent_expert,0.7,test,6b5878d55a724f183ba17ba04834473dc8759b6da346701d13f885e6837cc469,0.978240626729572,0.47330216535433073,0.4675618019826829,independent_expert,23b4e1f4f45babc0dbe617efa3dc60a381eae697537c717c9f86b8377fd7e3cc,396ab259651567d692df87c69d29b7955beba97bbe4f4d30fd8c8b5d2922632b,23b4e1f4f45babc0dbe617efa3dc60a381eae697537c717c9f86b8377fd7e3cc,396ab259651567d692df87c69d29b7955beba97bbe4f4d30fd8c8b5d2922632b,0e4094ecb4b0595bbda27b2308447c4beb0c6c805007d6fd77bb2eaf0feb1b1a,281e45820868375d8b59ab809ed208a53e666e6cdf8d01f9f69801b21d642979,0.42556102889661207,2.861635429011238
131,2,independent_expert,none,independent_expert,1.0,test,6b5878d55a724f183ba17ba04834473dc8759b6da346701d13f885e6837cc469,1.5314840243127712,0.5118110236220472,0.5068897637795275,independent_expert,23b4e1f4f45babc0dbe617efa3dc60a381eae697537c717c9f86b8377fd7e3cc,67fd0fe64eb401a1173567fcdc1c0e3d5de167668ed313f440d7be75dcaf1b00,23b4e1f4f45babc0dbe617efa3dc60a381eae697537c717c9f86b8377fd7e3cc,67fd0fe64eb401a1173567fcdc1c0e3d5de167668ed313f440d7be75dcaf1b00,ab6b13ac5e25618b082a0880d663c613ed2ce5e8a18bfc1a02ade1cb8a89301b,281e45820868375d8b59ab809ed208a53e666e6cdf8d01f9f69801b21d642979,0.42556102889661207,2.861635429011238
